NaN,NaN,NaN,NaN,NaN,NaN,NaN,NaN,NaN,NaN,NaN,NaN,NaN,NaN,NaN,NaN,NaN,NaN,NaN,0,0,0,0,0,0,0,0,0,0,0,0,0,NaN,NaN,NaN,NaN,NaN,NaN,NaN,NaN,NaN,NaN,NaN,NaN,NaN,NaN,NaN,NaN,NaN,NaN,NaN,NaN,NaN,NaN,NaN,NaN,NaN,NaN,NaN,NaN,NaN,NaN,NaN,NaN,NaN,NaN,NaN,NaN,NaN,NaN,NaN,NaN,NaN,NaN,NaN,NaN,NaN,NaN,NaN,NaN,NaN,NaN,NaN,NaN,NaN,NaN,NaN,NaN,NaN,NaN,NaN,NaN,NaN,NaN,NaN,NaN,NaN,NaN,NaN,NaN
NaN,NaN,NaN,NaN,NaN,NaN,NaN,NaN,NaN,NaN,NaN,NaN,NaN,NaN,NaN,NaN,NaN,NaN,NaN,-8.060102e-08,-9.335723e-08,-9.560151e-08,-1.199458e-07,-1.074323e-07,-1.290335e-07,-1.338359e-07,-1.776929e-07,-2.044858e-07,-2.619948e-07,-2.90493e-07,-3.428254e-07,-3.863989e-07,NaN,NaN,NaN,NaN,NaN,NaN,NaN,NaN,NaN,NaN,NaN,NaN,NaN,NaN,NaN,NaN,NaN,NaN,NaN,NaN,NaN,NaN,NaN,NaN,NaN,NaN,NaN,NaN,NaN,NaN,NaN,NaN,NaN,NaN,NaN,NaN,NaN,NaN,NaN,NaN,NaN,NaN,NaN,NaN,NaN,NaN,NaN,NaN,NaN,NaN,NaN,NaN,NaN,NaN,NaN,NaN,NaN,NaN,NaN,NaN,NaN,NaN,NaN,NaN,NaN,NaN,NaN,NaN
NaN,NaN,NaN,NaN,NaN,NaN,NaN,NaN,NaN,NaN,NaN,NaN,NaN,NaN,NaN,NaN,NaN,NaN,NaN,-2.970109e-07,-3.354526e-07,-3.588352e-07,-3.797064e-07,-3.969325e-07,-4.323576e-07,-4.974879e-07,-6.090692e-07,-7.449279e-07,-9.009185e-07,-1.056193e-06,-1.22503e-06,-1.393633e-06,NaN,NaN,NaN,NaN,NaN,NaN,NaN,NaN,NaN,NaN,NaN,NaN,NaN,NaN,NaN,NaN,NaN,NaN,NaN,NaN,NaN,NaN,NaN,NaN,NaN,NaN,NaN,NaN,NaN,NaN,NaN,NaN,NaN,NaN,NaN,NaN,NaN,NaN,NaN,NaN,NaN,NaN,NaN,NaN,NaN,NaN,NaN,NaN,NaN,NaN,NaN,NaN,NaN,NaN,NaN,NaN,NaN,NaN,NaN,NaN,NaN,NaN,NaN,NaN,NaN,NaN,NaN,NaN
NaN,NaN,NaN,NaN,NaN,NaN,NaN,NaN,NaN,NaN,NaN,NaN,NaN,NaN,NaN,NaN,NaN,NaN,NaN,-5.734869e-07,-6.133043e-07,-6.700803e-07,-6.923108e-07,-7.031555e-07,-7.457633e-07,-8.692961e-07,-1.089083e-06,-1.372565e-06,-1.688391e-06,-1.993306e-06,-2.308949e-06,-2.643379e-06,NaN,NaN,NaN,NaN,NaN,NaN,NaN,NaN,NaN,NaN,NaN,NaN,NaN,NaN,NaN,NaN,NaN,NaN,NaN,NaN,NaN,NaN,NaN,NaN,NaN,NaN,NaN,NaN,NaN,NaN,NaN,NaN,NaN,NaN,NaN,NaN,NaN,NaN,NaN,NaN,NaN,NaN,NaN,NaN,NaN,NaN,NaN,NaN,NaN,NaN,NaN,NaN,NaN,NaN,NaN,NaN,NaN,NaN,NaN,NaN,NaN,NaN,NaN,NaN,NaN,NaN,NaN,NaN
NaN,NaN,NaN,NaN,NaN,NaN,NaN,NaN,NaN,NaN,NaN,NaN,NaN,NaN,NaN,NaN,NaN,NaN,-7.400569e-07,-7.85217e-07,-8.806374e-07,-8.919583e-07,-8.836217e-07,-8.346233e-07,-8.644395e-07,-1.018185e-06,-1.376134e-06,-1.82471e-06,-2.332961e-06,-2.801745e-06,-3.289985e-06,-3.749266e-06,-4.252216e-06,NaN,NaN,NaN,NaN,NaN,NaN,NaN,NaN,NaN,NaN,NaN,NaN,NaN,NaN,NaN,NaN,NaN,NaN,NaN,NaN,NaN,NaN,NaN,NaN,NaN,NaN,NaN,NaN,NaN,NaN,NaN,NaN,NaN,NaN,NaN,NaN,NaN,NaN,NaN,NaN,NaN,NaN,NaN,NaN,NaN,NaN,NaN,NaN,NaN,NaN,NaN,NaN,NaN,NaN,NaN,NaN,NaN,NaN,NaN,NaN,NaN,NaN,NaN,NaN,NaN,NaN,NaN
NaN,NaN,NaN,NaN,NaN,NaN,NaN,NaN,NaN,NaN,NaN,NaN,NaN,NaN,NaN,NaN,NaN,NaN,-8.597611e-07,-9.750341e-07,-9.674832e-07,-9.72325e-07,-7.841755e-07,-5.722922e-07,-4.197106e-07,-6.092094e-07,-1.113581e-06,-1.870019e-06,-2.631975e-06,-3.329617e-06,-3.935243e-06,-4.554885e-06,-5.138334e-06,NaN,NaN,NaN,NaN,NaN,NaN,NaN,NaN,NaN,NaN,NaN,NaN,NaN,NaN,NaN,NaN,NaN,NaN,NaN,NaN,NaN,NaN,NaN,NaN,NaN,NaN,NaN,NaN,NaN,NaN,NaN,NaN,NaN,NaN,NaN,NaN,NaN,NaN,NaN,NaN,NaN,NaN,NaN,NaN,NaN,NaN,NaN,NaN,NaN,NaN,NaN,NaN,NaN,NaN,NaN,NaN,NaN,NaN,NaN,NaN,NaN,NaN,NaN,NaN,NaN,NaN,NaN
NaN,NaN,NaN,NaN,NaN,NaN,NaN,NaN,NaN,NaN,NaN,NaN,NaN,NaN,NaN,NaN,NaN,-8.792527e-07,-9.790991e-07,-9.618318e-07,-9.723742e-07,-6.357444e-07,-8.11475e-08,7.05773e-07,1.227364e-06,1.163388e-06,2.623363e-07,-1.022304e-06,-2.368904e-06,-3.41041e-06,-4.291616e-06,-4.969443e-06,-5.680585e-06,-6.323428e-06,NaN,NaN,NaN,NaN,NaN,NaN,NaN,NaN,NaN,NaN,NaN,NaN,NaN,NaN,NaN,NaN,NaN,NaN,NaN,NaN,NaN,NaN,NaN,NaN,NaN,NaN,NaN,NaN,NaN,NaN,NaN,NaN,NaN,NaN,NaN,NaN,NaN,NaN,NaN,NaN,NaN,NaN,NaN,NaN,NaN,NaN,NaN,NaN,NaN,NaN,NaN,NaN,NaN,NaN,NaN,NaN,NaN,NaN,NaN,NaN,NaN,NaN,NaN,NaN,NaN,NaN
NaN,NaN,NaN,NaN,NaN,NaN,NaN,NaN,NaN,NaN,NaN,NaN,NaN,NaN,NaN,NaN,NaN,-9.582102e-07,-9.143879e-07,-9.337116e-07,-4.543169e-07,4.552267e-07,2.371859e-06,4.719913e-06,6.642366e-06,6.77535e-06,5.002395e-06,2.021314e-06,-8.096542e-07,-2.904336e-06,-4.202244e-06,-5.171083e-06,-5.903665e-06,-6.634684e-06,NaN,NaN,NaN,NaN,NaN,NaN,NaN,NaN,NaN,NaN,NaN,NaN,NaN,NaN,NaN,NaN,NaN,NaN,NaN,NaN,NaN,NaN,NaN,NaN,NaN,NaN,NaN,NaN,NaN,NaN,NaN,NaN,NaN,NaN,NaN,NaN,NaN,NaN,NaN,NaN,NaN,NaN,NaN,NaN,NaN,NaN,NaN,NaN,NaN,NaN,NaN,NaN,NaN,NaN,NaN,NaN,NaN,NaN,NaN,NaN,NaN,NaN,NaN,NaN,NaN,NaN
NaN,NaN,NaN,NaN,NaN,NaN,NaN,NaN,NaN,NaN,NaN,NaN,NaN,NaN,NaN,NaN,-9.234158e-07,-8.790479e-07,-8.720953e-07,-3.333265e-07,9.947877e-07,4.542787e-06,1.052708e-05,1.814044e-05,2.400842e-05,2.505517e-05,2.033884e-05,1.243898e-05,4.692961e-06,-5.515598e-07,-3.55358e-06,-5.000983e-06,-6.011278e-06,-6.741922e-06,-7.457465e-06,NaN,NaN,NaN,NaN,NaN,NaN,NaN,NaN,NaN,NaN,NaN,NaN,NaN,NaN,NaN,NaN,NaN,NaN,NaN,NaN,NaN,NaN,NaN,NaN,NaN,NaN,NaN,NaN,NaN,NaN,NaN,NaN,NaN,NaN,NaN,NaN,NaN,NaN,NaN,NaN,NaN,NaN,NaN,NaN,NaN,NaN,NaN,NaN,NaN,NaN,NaN,NaN,NaN,NaN,NaN,NaN,NaN,NaN,NaN,NaN,NaN,NaN,NaN,NaN,NaN
NaN,NaN,NaN,NaN,NaN,NaN,NaN,NaN,NaN,NaN,NaN,NaN,NaN,NaN,NaN,-9.255411e-07,-8.500442e-07,-8.459023e-07,-2.687853e-07,1.438317e-06,7.043793e-06,1.918341e-05,3.961178e-05,6.240617e-05,7.843598e-05,8.063151e-05,6.869563e-05,4.718928e-05,2.467386e-05,8.092939e-06,-5.326095e-07,-4.300001e-06,-5.856627e-06,-6.811174e-06,-7.532841e-06,-8.166478e-06,NaN,NaN,NaN,NaN,NaN,NaN,NaN,NaN,NaN,NaN,NaN,NaN,NaN,NaN,NaN,NaN,NaN,NaN,NaN,NaN,NaN,NaN,NaN,NaN,NaN,NaN,NaN,NaN,NaN,NaN,NaN,NaN,NaN,NaN,NaN,NaN,NaN,NaN,NaN,NaN,NaN,NaN,NaN,NaN,NaN,NaN,NaN,NaN,NaN,NaN,NaN,NaN,NaN,NaN,NaN,NaN,NaN,NaN,NaN,NaN,NaN,NaN,NaN,NaN
NaN,NaN,NaN,NaN,NaN,NaN,NaN,NaN,NaN,NaN,NaN,NaN,NaN,NaN,NaN,-8.668213e-07,-8.129044e-07,-2.960474e-07,1.770049e-06,9.555066e-06,3.104051e-05,7.384692e-05,0.0001290133,0.000177366,0.0002039961,0.0002047981,0.0001810608,0.0001387329,8.731196e-05,4.116909e-05,1.173151e-05,-8.722072e-07,-5.210899e-06,-6.714467e-06,-7.611447e-06,-8.252695e-06,NaN,NaN,NaN,NaN,NaN,NaN,NaN,NaN,NaN,NaN,NaN,NaN,NaN,NaN,NaN,NaN,NaN,NaN,NaN,NaN,NaN,NaN,NaN,NaN,NaN,NaN,NaN,NaN,NaN,NaN,NaN,NaN,NaN,NaN,NaN,NaN,NaN,NaN,NaN,NaN,NaN,NaN,NaN,NaN,NaN,NaN,NaN,NaN,NaN,NaN,NaN,NaN,NaN,NaN,NaN,NaN,NaN,NaN,NaN,NaN,NaN,NaN,NaN,NaN
NaN,NaN,NaN,NaN,NaN,NaN,NaN,NaN,NaN,NaN,NaN,NaN,NaN,NaN,-9.064557e-07,-8.380055e-07,-3.472038e-07,1.88389e-06,1.18715e-05,4.558446e-05,0.0001203321,0.0002203116,0.0003095328,0.0003682147,0.0003936878,0.0003871125,0.000352333,0.0002933969,0.0002170387,0.0001328666,5.919905e-05,1.480288e-05,-1.754753e-06,-6.201053e-06,-7.618845e-06,-8.359253e-06,-8.941316e-06,NaN,NaN,NaN,NaN,NaN,NaN,NaN,NaN,NaN,NaN,NaN,NaN,NaN,NaN,NaN,NaN,NaN,NaN,NaN,NaN,NaN,NaN,NaN,NaN,NaN,NaN,NaN,NaN,NaN,NaN,NaN,NaN,NaN,NaN,NaN,NaN,NaN,NaN,NaN,NaN,NaN,NaN,NaN,NaN,NaN,NaN,NaN,NaN,NaN,NaN,NaN,NaN,NaN,NaN,NaN,NaN,NaN,NaN,NaN,NaN,NaN,NaN,NaN
NaN,NaN,NaN,NaN,NaN,NaN,NaN,NaN,NaN,NaN,NaN,NaN,NaN,-1.000138e-06,-8.435002e-07,-4.887925e-07,1.898405e-06,1.366971e-05,6.168585e-05,0.0001759732,0.0003251174,0.0004548772,0.0005469424,0.0006013244,0.0006190717,0.0006038824,0.0005581588,0.0004866361,0.0003935394,0.0002861843,0.0001737734,7.501099e-05,1.629543e-05,-3.091528e-06,-7.303254e-06,-8.471226e-06,-9.093375e-06,-9.546025e-06,NaN,NaN,NaN,NaN,NaN,NaN,NaN,NaN,NaN,NaN,NaN,NaN,NaN,NaN,NaN,NaN,NaN,NaN,NaN,NaN,NaN,NaN,NaN,NaN,NaN,NaN,NaN,NaN,NaN,NaN,NaN,NaN,NaN,NaN,NaN,NaN,NaN,NaN,NaN,NaN,NaN,NaN,NaN,NaN,NaN,NaN,NaN,NaN,NaN,NaN,NaN,NaN,NaN,NaN,NaN,NaN,NaN,NaN,NaN,NaN,NaN,NaN
NaN,NaN,NaN,NaN,NaN,NaN,NaN,NaN,NaN,NaN,NaN,NaN,NaN,-8.956639e-07,-6.53736e-07,1.726453e-06,1.487325e-05,7.785211e-05,0.0002364716,0.0004339779,0.0006040941,0.000731453,0.0008183093,0.0008654349,0.0008761127,0.0008516,0.0007958072,0.00071125,0.0006033836,0.0004771427,0.0003408216,0.0002039738,8.556718e-05,1.560507e-05,-4.91741e-06,-8.373919e-06,-9.331708e-06,-9.761738e-06,NaN,NaN,NaN,NaN,NaN,NaN,NaN,NaN,NaN,NaN,NaN,NaN,NaN,NaN,NaN,NaN,NaN,NaN,NaN,NaN,NaN,NaN,NaN,NaN,NaN,NaN,NaN,NaN,NaN,NaN,NaN,NaN,NaN,NaN,NaN,NaN,NaN,NaN,NaN,NaN,NaN,NaN,NaN,NaN,NaN,NaN,NaN,NaN,NaN,NaN,NaN,NaN,NaN,NaN,NaN,NaN,NaN,NaN,NaN,NaN,NaN,NaN
NaN,NaN,NaN,NaN,NaN,NaN,NaN,NaN,NaN,NaN,NaN,NaN,-9.120692e-07,-8.715106e-07,1.515027e-06,1.533859e-05,9.287798e-05,0.0002980768,0.000542607,0.000754019,0.0009191437,0.001042162,0.001122826,0.00116442,0.001167362,0.001135019,0.001068599,0.0009722316,0.0008488087,0.0007044245,0.0005451061,0.000380676,0.0002220637,8.895687e-05,1.23654e-05,-6.969726e-06,-9.473147e-06,-1.010591e-05,-1.039581e-05,NaN,NaN,NaN,NaN,NaN,NaN,NaN,NaN,NaN,NaN,NaN,NaN,NaN,NaN,NaN,NaN,NaN,NaN,NaN,NaN,NaN,NaN,NaN,NaN,NaN,NaN,NaN,NaN,NaN,NaN,NaN,NaN,NaN,NaN,NaN,NaN,NaN,NaN,NaN,NaN,NaN,NaN,NaN,NaN,NaN,NaN,NaN,NaN,NaN,NaN,NaN,NaN,NaN,NaN,NaN,NaN,NaN,NaN,NaN,NaN,NaN
NaN,NaN,NaN,NaN,NaN,NaN,NaN,NaN,NaN,NaN,NaN,-9.964705e-07,-1.083298e-06,1.203743e-06,1.522047e-05,0.0001059193,0.0003581034,0.0006496288,0.0009034629,0.001109203,0.001271161,0.001388752,0.001465344,0.001500873,0.001498258,0.001457748,0.001382567,0.001273995,0.001136463,0.0009734542,0.0007919415,0.0005991744,0.000406917,0.0002282307,8.452821e-05,6.779174e-06,-9.199876e-06,-1.049213e-05,-1.084958e-05,-1.09446e-05,NaN,NaN,NaN,NaN,NaN,NaN,NaN,NaN,NaN,NaN,NaN,NaN,NaN,NaN,NaN,NaN,NaN,NaN,NaN,NaN,NaN,NaN,NaN,NaN,NaN,NaN,NaN,NaN,NaN,NaN,NaN,NaN,NaN,NaN,NaN,NaN,NaN,NaN,NaN,NaN,NaN,NaN,NaN,NaN,NaN,NaN,NaN,NaN,NaN,NaN,NaN,NaN,NaN,NaN,NaN,NaN,NaN,NaN,NaN,NaN
NaN,NaN,NaN,NaN,NaN,NaN,NaN,NaN,NaN,NaN,-1.029695e-06,-1.35677e-06,9.584904e-07,1.449429e-05,0.0001166596,0.0004154377,0.0007545846,0.001052461,0.001301111,0.00150448,0.00166175,0.001776817,0.001848956,0.001881091,0.001872753,0.001826616,0.001742713,0.001624191,0.001472529,0.001292487,0.001088409,0.000868378,0.0006413428,0.0004208616,0.0002234072,7.258472e-05,-7.752004e-07,-1.137233e-05,-1.14815e-05,-1.146818e-05,-1.145973e-05,NaN,NaN,NaN,NaN,NaN,NaN,NaN,NaN,NaN,NaN,NaN,NaN,NaN,NaN,NaN,NaN,NaN,NaN,NaN,NaN,NaN,NaN,NaN,NaN,NaN,NaN,NaN,NaN,NaN,NaN,NaN,NaN,NaN,NaN,NaN,NaN,NaN,NaN,NaN,NaN,NaN,NaN,NaN,NaN,NaN,NaN,NaN,NaN,NaN,NaN,NaN,NaN,NaN,NaN,NaN,NaN,NaN,NaN,NaN
NaN,NaN,NaN,NaN,NaN,NaN,NaN,NaN,NaN,-1.123268e-06,-1.640493e-06,6.333372e-07,1.338972e-05,0.0001245881,0.0004694892,0.0008577625,0.001201296,0.001495064,0.001741823,0.00194141,0.002097572,0.00220954,0.002280379,0.002309227,0.002298375,0.002247001,0.002157358,0.002029373,0.001866154,0.001669554,0.001444863,0.001197407,0.0009366728,0.0006736162,0.0004242462,0.0002086166,5.373878e-05,-9.828165e-06,-1.345182e-05,-1.2342e-05,-1.2049e-05,-1.184519e-05,NaN,NaN,NaN,NaN,NaN,NaN,NaN,NaN,NaN,NaN,NaN,NaN,NaN,NaN,NaN,NaN,NaN,NaN,NaN,NaN,NaN,NaN,NaN,NaN,NaN,NaN,NaN,NaN,NaN,NaN,NaN,NaN,NaN,NaN,NaN,NaN,NaN,NaN,NaN,NaN,NaN,NaN,NaN,NaN,NaN,NaN,NaN,NaN,NaN,NaN,NaN,NaN,NaN,NaN,NaN,NaN,NaN,NaN
NaN,NaN,NaN,NaN,NaN,NaN,NaN,NaN,NaN,-1.962684e-06,4.26232e-07,1.197604e-05,0.0001303737,0.000520883,0.0009596299,0.001350949,0.001691739,0.001983882,0.002227955,0.002427464,0.002581858,0.002694559,0.002764401,0.002793644,0.002780962,0.002728032,0.002633684,0.002499731,0.002326119,0.002115894,0.001871526,0.001598952,0.001304894,0.001000206,0.0006987082,0.0004188492,0.0001851723,2.880444e-05,-1.978428e-05,-1.520711e-05,-1.328271e-05,-1.241383e-05,NaN,NaN,NaN,NaN,NaN,NaN,NaN,NaN,NaN,NaN,NaN,NaN,NaN,NaN,NaN,NaN,NaN,NaN,NaN,NaN,NaN,NaN,NaN,NaN,NaN,NaN,NaN,NaN,NaN,NaN,NaN,NaN,NaN,NaN,NaN,NaN,NaN,NaN,NaN,NaN,NaN,NaN,NaN,NaN,NaN,NaN,NaN,NaN,NaN,NaN,NaN,NaN,NaN,NaN,NaN,NaN,NaN,NaN
NaN,NaN,NaN,NaN,NaN,NaN,NaN,NaN,-2.295241e-06,1.656331e-07,1.053188e-05,0.0001345032,0.0005705342,0.001061717,0.001502547,0.001892542,0.002231922,0.002522537,0.002767273,0.002966382,0.003123299,0.003236995,0.003309967,0.003340659,0.003330446,0.003277443,0.003182634,0.003044508,0.002864506,0.002642652,0.002382133,0.002086035,0.001761241,0.001416085,0.001063309,0.0007196697,0.0004070289,0.0001544386,-9.355942e-07,-3.007499e-05,-1.688299e-05,-1.386314e-05,-1.270085e-05,NaN,NaN,NaN,NaN,NaN,NaN,NaN,NaN,NaN,NaN,NaN,NaN,NaN,NaN,NaN,NaN,NaN,NaN,NaN,NaN,NaN,NaN,NaN,NaN,NaN,NaN,NaN,NaN,NaN,NaN,NaN,NaN,NaN,NaN,NaN,NaN,NaN,NaN,NaN,NaN,NaN,NaN,NaN,NaN,NaN,NaN,NaN,NaN,NaN,NaN,NaN,NaN,NaN,NaN,NaN,NaN,NaN
NaN,NaN,NaN,NaN,NaN,NaN,NaN,-2.689179e-06,8.216998e-08,9.044232e-06,0.0001380515,0.0006202563,0.001165571,0.001658352,0.002099541,0.002488219,0.002827266,0.003119036,0.003364757,0.003567748,0.003727505,0.003846878,0.003924269,0.00396109,0.003955164,0.00390698,0.003814096,0.003676751,0.003493161,0.003264348,0.002990549,0.002675191,0.002322245,0.001939569,0.001537628,0.001131229,0.0007406636,0.000391667,0.0001187975,-3.447611e-05,-4.041333e-05,-1.794389e-05,-1.469008e-05,-1.281496e-05,NaN,NaN,NaN,NaN,NaN,NaN,NaN,NaN,NaN,NaN,NaN,NaN,NaN,NaN,NaN,NaN,NaN,NaN,NaN,NaN,NaN,NaN,NaN,NaN,NaN,NaN,NaN,NaN,NaN,NaN,NaN,NaN,NaN,NaN,NaN,NaN,NaN,NaN,NaN,NaN,NaN,NaN,NaN,NaN,NaN,NaN,NaN,NaN,NaN,NaN,NaN,NaN,NaN,NaN,NaN,NaN
NaN,NaN,NaN,NaN,NaN,NaN,-3.091066e-06,-1.382086e-07,7.766327e-06,0.0001413778,0.0006714883,0.001273657,0.001820532,0.002315629,0.002755715,0.003145283,0.003485847,0.003779938,0.004030535,0.004238121,0.004405721,0.004532026,0.004618857,0.00466396,0.004667724,0.00462713,0.004541813,0.00440863,0.004227224,0.003995414,0.003714063,0.003383413,0.003007482,0.002591125,0.002143661,0.001677639,0.001210801,0.0007669135,0.0003769441,8.011825e-05,-7.095622e-05,-5.168511e-05,-1.945938e-05,-1.507073e-05,-1.268872e-05,NaN,NaN,NaN,NaN,NaN,NaN,NaN,NaN,NaN,NaN,NaN,NaN,NaN,NaN,NaN,NaN,NaN,NaN,NaN,NaN,NaN,NaN,NaN,NaN,NaN,NaN,NaN,NaN,NaN,NaN,NaN,NaN,NaN,NaN,NaN,NaN,NaN,NaN,NaN,NaN,NaN,NaN,NaN,NaN,NaN,NaN,NaN,NaN,NaN,NaN,NaN,NaN,NaN,NaN,NaN
NaN,NaN,NaN,NaN,NaN,-3.526459e-06,-1.053632e-07,6.675562e-06,0.0001464823,0.0007271356,0.001388606,0.001992532,0.002544352,0.003038458,0.00348093,0.003872193,0.004216439,0.004516013,0.004772921,0.004989905,0.005166698,0.0053053,0.005403912,0.005462853,0.005479316,0.005452385,0.005378481,0.005256017,0.005081465,0.004853474,0.004569822,0.004230925,0.003837522,0.003393816,0.002906271,0.002385392,0.001846664,0.00131064,0.0008056785,0.0003675467,4.304535e-05,-0.0001079341,-6.180081e-05,-1.967442e-05,-1.572636e-05,-1.230431e-05,NaN,NaN,NaN,NaN,NaN,NaN,NaN,NaN,NaN,NaN,NaN,NaN,NaN,NaN,NaN,NaN,NaN,NaN,NaN,NaN,NaN,NaN,NaN,NaN,NaN,NaN,NaN,NaN,NaN,NaN,NaN,NaN,NaN,NaN,NaN,NaN,NaN,NaN,NaN,NaN,NaN,NaN,NaN,NaN,NaN,NaN,NaN,NaN,NaN,NaN,NaN,NaN,NaN,NaN
NaN,NaN,NaN,NaN,-3.980104e-06,-2.364582e-07,6.056773e-06,0.0001540235,0.0007894877,0.001514157,0.002178005,0.002790042,0.003341213,0.003839463,0.004283792,0.004680144,0.005030278,0.005337767,0.005605149,0.00583337,0.006024738,0.00617793,0.006293881,0.006369906,0.006405286,0.006396066,0.006340443,0.006233716,0.0060736,0.005855578,0.005577934,0.005237645,0.004835421,0.004371862,0.00385224,0.003283881,0.002679803,0.002057528,0.001442238,0.0008657011,0.0003717359,1.022331e-05,-0.0001455144,-7.277195e-05,-2.085132e-05,-1.60554e-05,-1.147286e-05,NaN,NaN,NaN,NaN,NaN,NaN,NaN,NaN,NaN,NaN,NaN,NaN,NaN,NaN,NaN,NaN,NaN,NaN,NaN,NaN,NaN,NaN,NaN,NaN,NaN,NaN,NaN,NaN,NaN,NaN,NaN,NaN,NaN,NaN,NaN,NaN,NaN,NaN,NaN,NaN,NaN,NaN,NaN,NaN,NaN,NaN,NaN,NaN,NaN,NaN,NaN,NaN,NaN
NaN,NaN,NaN,-4.437443e-06,1.191981e-07,5.838617e-06,0.0001661488,0.0008621669,0.001654085,0.002382017,0.003058311,0.003670088,0.004227647,0.004727811,0.005178838,0.005581261,0.005940896,0.006259474,0.00653999,0.006784304,0.006992606,0.007165929,0.007302499,0.00740155,0.007459844,0.007475167,0.007442906,0.007359793,0.007220488,0.00702136,0.006757394,0.006425944,0.006023774,0.005551145,0.005009307,0.004403958,0.003744179,0.003044964,0.00232703,0.001619661,0.000959629,0.0003965505,-1.055781e-05,-0.0001774989,-8.204237e-05,-2.042648e-05,-1.59926e-05,-1.012864e-05,NaN,NaN,NaN,NaN,NaN,NaN,NaN,NaN,NaN,NaN,NaN,NaN,NaN,NaN,NaN,NaN,NaN,NaN,NaN,NaN,NaN,NaN,NaN,NaN,NaN,NaN,NaN,NaN,NaN,NaN,NaN,NaN,NaN,NaN,NaN,NaN,NaN,NaN,NaN,NaN,NaN,NaN,NaN,NaN,NaN,NaN,NaN,NaN,NaN,NaN,NaN,NaN
NaN,NaN,-5.108642e-06,3.66273e-07,6.503592e-06,0.0001840219,0.0009481478,0.001813387,0.002609684,0.003355438,0.004032182,0.004653268,0.00521283,0.005721645,0.006178817,0.006592411,0.006963469,0.007296946,0.007594458,0.007857717,0.008088128,0.008284636,0.008447317,0.008573303,0.008660969,0.008705592,0.008704279,0.008650787,0.008541325,0.008368819,0.008129367,0.007816083,0.007426603,0.006956121,0.006405823,0.005776006,0.005074668,0.004310742,0.003503656,0.002675043,0.001861422,0.001101287,0.0004566567,-1.307052e-05,-0.0002041029,-9.361821e-05,-2.122598e-05,-1.529909e-05,-8.584942e-06,NaN,NaN,NaN,NaN,NaN,NaN,NaN,NaN,NaN,NaN,NaN,NaN,NaN,NaN,NaN,NaN,NaN,NaN,NaN,NaN,NaN,NaN,NaN,NaN,NaN,NaN,NaN,NaN,NaN,NaN,NaN,NaN,NaN,NaN,NaN,NaN,NaN,NaN,NaN,NaN,NaN,NaN,NaN,NaN,NaN,NaN,NaN,NaN,NaN,NaN,NaN
NaN,-5.973838e-06,9.925325e-07,8.268289e-06,0.0002112111,0.001052315,0.00199807,0.002868443,0.003689555,0.004436268,0.005126158,0.005749228,0.006319956,0.006834794,0.007305095,0.00773015,0.008117896,0.00846872,0.008787001,0.009073406,0.009328931,0.009553632,0.00974605,0.009904585,0.01002578,0.01010659,0.01014149,0.01012617,0.01005341,0.009918056,0.009711942,0.009430083,0.009064443,0.008611853,0.008066842,0.007430441,0.006702985,0.005893677,0.005012585,0.004082338,0.003127152,0.00218934,0.001312067,0.0005652119,1.71167e-05,-0.0002152997,-0.0001061392,-2.115025e-05,-1.396647e-05,-6.175469e-06,NaN,NaN,NaN,NaN,NaN,NaN,NaN,NaN,NaN,NaN,NaN,NaN,NaN,NaN,NaN,NaN,NaN,NaN,NaN,NaN,NaN,NaN,NaN,NaN,NaN,NaN,NaN,NaN,NaN,NaN,NaN,NaN,NaN,NaN,NaN,NaN,NaN,NaN,NaN,NaN,NaN,NaN,NaN,NaN,NaN,NaN,NaN,NaN,NaN,NaN
-6.674361e-06,1.250208e-06,1.250306e-05,0.0002556379,0.001182788,0.002217156,0.003166773,0.0040703,0.004892509,0.005657413,0.006348961,0.006986675,0.007563026,0.008093636,0.008575086,0.009019006,0.009423923,0.009797454,0.01013901,0.01045227,0.01073684,0.0109931,0.01121964,0.01141452,0.01157487,0.01169625,0.01177455,0.01180298,0.01177629,0.0116857,0.01152523,0.01128477,0.01095883,0.0105374,0.01001713,0.009390817,0.008660289,0.007824589,0.00689545,0.005882511,0.004813403,0.003713138,0.002632307,0.001615972,0.0007475307,9.651793e-05,-0.0002037144,-0.0001180197,-2.141601e-05,-1.113027e-05,-3.853889e-06,NaN,NaN,NaN,NaN,NaN,NaN,NaN,NaN,NaN,NaN,NaN,NaN,NaN,NaN,NaN,NaN,NaN,NaN,NaN,NaN,NaN,NaN,NaN,NaN,NaN,NaN,NaN,NaN,NaN,NaN,NaN,NaN,NaN,NaN,NaN,NaN,NaN,NaN,NaN,NaN,NaN,NaN,NaN,NaN,NaN,NaN,NaN,NaN,NaN
-1.814922e-06,2.08294e-05,0.0003325222,0.001353938,0.002484389,0.003518715,0.004511045,0.00541428,0.006261029,0.007026517,0.007737344,0.008379773,0.008975483,0.009516467,0.01001963,0.01048002,0.01090993,0.01130607,0.01167629,0.01201823,0.01233566,0.01262623,0.01289066,0.01312543,0.01332865,0.0134957,0.01362183,0.01370125,0.01372648,0.01369064,0.01358391,0.01339887,0.01312392,0.01275221,0.01227231,0.01167983,0.01096628,0.01013346,0.009179629,0.00811823,0.006959134,0.005734234,0.004470277,0.003225317,0.002048072,0.001031302,0.0002490865,-0.0001527127,-0.0001260138,-2.099791e-05,-6.575868e-06,-1.214467e-06,NaN,NaN,NaN,NaN,NaN,NaN,NaN,NaN,NaN,NaN,NaN,NaN,NaN,NaN,NaN,NaN,NaN,NaN,NaN,NaN,NaN,NaN,NaN,NaN,NaN,NaN,NaN,NaN,NaN,NaN,NaN,NaN,NaN,NaN,NaN,NaN,NaN,NaN,NaN,NaN,NaN,NaN,NaN,NaN,NaN,NaN,NaN,-6.714206e-06
3.587365e-05,0.0004704215,0.00158998,0.002818106,0.003941057,0.005027981,0.006017743,0.006952906,0.007798579,0.008589111,0.009303403,0.00996981,0.01057485,0.01114125,0.01165986,0.01214813,0.01259947,0.0130264,0.01342396,0.01380005,0.01415062,0.0144797,0.01478287,0.01506134,0.0153097,0.01552606,0.01570408,0.01583874,0.01592255,0.01594746,0.0159048,0.01578369,0.01557498,0.01526576,0.01484737,0.01430698,0.01363875,0.01283286,0.01189064,0.01080959,0.00960442,0.008285454,0.006888384,0.005442224,0.004011665,0.002648955,0.001455122,0.0005100754,-3.582935e-05,-0.0001185999,-2.021202e-05,-5.563306e-07,1.484146e-06,NaN,NaN,NaN,NaN,NaN,NaN,NaN,NaN,NaN,NaN,NaN,NaN,NaN,NaN,NaN,NaN,NaN,NaN,NaN,NaN,NaN,NaN,NaN,NaN,NaN,NaN,NaN,NaN,NaN,NaN,NaN,NaN,NaN,NaN,NaN,NaN,NaN,NaN,NaN,NaN,NaN,NaN,NaN,NaN,NaN,-2.991876e-06,-4.037071e-06
0.0007034147,0.00193196,0.003238873,0.004458888,0.005639679,0.006724907,0.007751803,0.008686393,0.009561515,0.01035586,0.01109797,0.01177392,0.01240764,0.01298937,0.01353846,0.01404752,0.0145315,0.01498447,0.01541716,0.01582456,0.01621356,0.01657918,0.01692551,0.01724637,0.01754341,0.01780924,0.01804263,0.01823476,0.01838143,0.01847212,0.01849969,0.01845203,0.01831905,0.01808749,0.01774555,0.01727984,0.01667885,0.01593191,0.01503101,0.01397313,0.01275865,0.01139915,0.009909767,0.008324894,0.006680919,0.005042668,0.00347282,0.002071718,0.0009327618,0.0001894269,-6.792901e-05,-1.717529e-05,7.037438e-06,6.008233e-06,NaN,NaN,NaN,NaN,NaN,NaN,NaN,NaN,NaN,NaN,NaN,NaN,NaN,NaN,NaN,NaN,NaN,NaN,NaN,NaN,NaN,NaN,NaN,NaN,NaN,NaN,NaN,NaN,NaN,NaN,NaN,NaN,NaN,NaN,NaN,NaN,NaN,NaN,NaN,NaN,NaN,NaN,NaN,-5.062689e-07,-4.857928e-06,6.705019e-05
0.002319753,0.003740299,0.005083051,0.006365622,0.007555336,0.008679648,0.009711266,0.01067711,0.01155968,0.01238371,0.01313818,0.01384459,0.01449572,0.01510933,0.01568038,0.01622287,0.01673295,0.017221,0.01768391,0.01812857,0.01855211,0.01895853,0.01934404,0.01971071,0.0200532,0.02037118,0.02065778,0.0209101,0.02111932,0.02127975,0.02138031,0.02141225,0.0213624,0.02121915,0.02096737,0.02059381,0.0200827,0.01942113,0.01859593,0.01759812,0.01642257,0.0150698,0.01355042,0.01188169,0.0100987,0.008242752,0.006380471,0.004582759,0.002947936,0.001577601,0.0005806663,6.61256e-05,-7.765148e-06,1.574968e-05,1.564403e-05,NaN,NaN,NaN,NaN,NaN,NaN,NaN,NaN,NaN,NaN,NaN,NaN,NaN,NaN,NaN,NaN,NaN,NaN,NaN,NaN,NaN,NaN,NaN,NaN,NaN,NaN,NaN,NaN,NaN,NaN,NaN,NaN,NaN,NaN,NaN,NaN,NaN,NaN,NaN,NaN,NaN,4.101419e-06,-6.635399e-06,0.000104333,0.0009562927
0.004338192,0.005812321,0.007217959,0.008528306,0.009759694,0.01089741,0.01196145,0.01294016,0.01385355,0.01469402,0.01548021,0.01620716,0.01689127,0.01752895,0.01813401,0.01870345,0.0192484,0.01976604,0.02026487,0.02074201,0.02120347,0.02164563,0.02207289,0.02247976,0.02286923,0.02323395,0.02357494,0.02388273,0.02415604,0.02438283,0.02455925,0.02467047,0.02470956,0.02465875,0.02450848,0.02423814,0.02383654,0.02328184,0.0225632,0.02166116,0.02056916,0.01927609,0.01778594,0.01610438,0.01425412,0.01226689,0.01019219,0.008093475,0.006051794,0.004154614,0.002509122,0.001192142,0.0003356252,2.669708e-05,2.707946e-05,3.066083e-05,2.931229e-05,NaN,NaN,NaN,NaN,NaN,NaN,NaN,NaN,NaN,NaN,NaN,NaN,NaN,NaN,NaN,NaN,NaN,NaN,NaN,NaN,NaN,NaN,NaN,NaN,NaN,NaN,NaN,NaN,NaN,NaN,NaN,NaN,NaN,NaN,NaN,NaN,NaN,-1.261182e-05,4.640993e-06,-2.527667e-06,0.000186339,0.001310882,0.002834402
0.006699466,0.008214938,0.009663239,0.01101099,0.01226976,0.01343835,0.01452458,0.01553289,0.01646962,0.01734108,0.01815327,0.01891272,0.01962505,0.02029612,0.02093085,0.02153395,0.02210953,0.02266092,0.02319146,0.02370289,0.0241976,0.02467612,0.02513889,0.02558598,0.02601543,0.02642616,0.02681394,0.02717618,0.02750597,0.02779875,0.02804447,0.02823591,0.02835983,0.028406,0.0283574,0.02820111,0.02791668,0.0274892,0.02689669,0.02612424,0.02515223,0.02396983,0.0225665,0.02094233,0.0191051,0.01707472,0.014887,0.0125898,0.0102501,0.007945185,0.005757422,0.003781493,0.002095827,0.0008271578,0.0001614081,4.426106e-05,4.447326e-05,4.410816e-05,NaN,NaN,NaN,NaN,NaN,NaN,NaN,NaN,NaN,NaN,NaN,NaN,NaN,NaN,NaN,NaN,NaN,NaN,NaN,NaN,NaN,NaN,NaN,NaN,NaN,NaN,NaN,NaN,NaN,NaN,NaN,NaN,NaN,NaN,NaN,-4.335349e-06,-3.518317e-06,1.378433e-05,0.0003758823,0.001770447,0.003470551,0.005085926
0.009413664,0.01099626,0.01246778,0.01385441,0.01513873,0.01633972,0.0174522,0.01849211,0.01945702,0.02036146,0.02120364,0.02199732,0.02274042,0.02344606,0.02411135,0.02474862,0.02535393,0.02593892,0.02649832,0.02704314,0.02756676,0.02807901,0.02857267,0.02905536,0.02951928,0.02997006,0.03039861,0.03080827,0.03118828,0.03153928,0.03184827,0.03211286,0.03231697,0.03245475,0.03250686,0.03246334,0.03230161,0.03200815,0.03155762,0.03093494,0.030114,0.0290823,0.02781729,0.02631623,0.02456752,0.02258807,0.02038664,0.01800909,0.01549231,0.01291066,0.01032774,0.007830125,0.005499003,0.003451198,0.001760881,0.0005930796,9.535023e-05,6.150184e-05,7.43232e-05,NaN,NaN,NaN,NaN,NaN,NaN,NaN,NaN,NaN,NaN,NaN,NaN,NaN,NaN,NaN,NaN,NaN,NaN,NaN,NaN,NaN,NaN,NaN,NaN,NaN,NaN,NaN,NaN,NaN,NaN,NaN,NaN,NaN,8.621354e-06,-1.013065e-05,6.977234e-05,0.0008046396,0.002450616,0.00429804,0.006024215,0.007776238
0.01257845,0.01417741,0.01568733,0.01709709,0.01841472,0.01964193,0.02078838,0.02185638,0.02285714,0.02379097,0.02467052,0.02549376,0.02627457,0.02700873,0.02771089,0.02837472,0.02901543,0.02962465,0.03021797,0.03078503,0.03134147,0.03187546,0.03240154,0.0329073,0.03340559,0.03388284,0.03435028,0.03479286,0.03521967,0.03561386,0.03598177,0.03630403,0.03658386,0.03679895,0.03694829,0.03700646,0.03696771,0.03680335,0.03650328,0.03603613,0.03538917,0.03453057,0.03344899,0.03211704,0.03053176,0.02867847,0.02657207,0.02422116,0.02166566,0.01894657,0.01612525,0.01327781,0.0104803,0.007839723,0.005454248,0.003350097,0.001508653,0.0002934923,8.47024e-05,9.009388e-05,8.587487e-05,NaN,NaN,NaN,NaN,NaN,NaN,NaN,NaN,NaN,NaN,NaN,NaN,NaN,NaN,NaN,NaN,NaN,NaN,NaN,NaN,NaN,NaN,NaN,NaN,NaN,NaN,NaN,NaN,NaN,-7.281864e-06,-4.160204e-07,-4.398502e-06,0.000234457,0.001511309,0.003423081,0.005377902,0.007248993,0.00910867,0.01087285
0.01619989,0.01782549,0.01935988,0.02079058,0.02213733,0.02339007,0.02456808,0.02566613,0.02669939,0.02766639,0.02857804,0.02943583,0.030247,0.03101536,0.03174498,0.03244146,0.0331061,0.03374588,0.03435952,0.03495508,0.03552905,0.03608971,0.03663238,0.03716421,0.03767962,0.03818475,0.03867256,0.03914768,0.03960147,0.0400365,0.04044219,0.04081848,0.04115209,0.04143959,0.04166487,0.04181985,0.04188528,0.04184797,0.04168524,0.04137902,0.04090373,0.04023803,0.03935576,0.03823607,0.03685736,0.03520604,0.03327382,0.03106312,0.02859087,0.02588126,0.02298859,0.0199577,0.01688708,0.01384247,0.01093376,0.008190152,0.005617886,0.003124952,0.00107529,0.0001899639,0.000100777,0.0001373926,8.83537e-05,NaN,NaN,NaN,NaN,NaN,NaN,NaN,NaN,NaN,NaN,NaN,NaN,NaN,NaN,NaN,NaN,NaN,NaN,NaN,NaN,NaN,NaN,NaN,NaN,NaN,-1.977281e-05,1.058619e-05,-1.32536e-05,5.736841e-05,0.0007476181,0.002531957,0.004671038,0.006738129,0.008798853,0.01077411,0.01266292,0.01447792
0.02033414,0.02198404,0.02351554,0.0249811,0.02633073,0.0276235,0.02881137,0.02995203,0.03100009,0.03201016,0.03293926,0.03383882,0.03466802,0.03547534,0.03622189,0.03695348,0.03763291,0.03830339,0.03892932,0.03955129,0.040135,0.04071897,0.04126903,0.0418225,0.04234487,0.04287167,0.04336815,0.04386772,0.04433502,0.04480096,0.04522911,0.04564717,0.04601739,0.04636353,0.04664555,0.04688296,0.04703266,0.04710898,0.04706563,0.04691096,0.04659611,0.04612337,0.04544334,0.04455381,0.04340903,0.04200651,0.04031171,0.03832966,0.03604662,0.03348674,0.03066592,0.0276399,0.02446244,0.02121417,0.01798464,0.01480282,0.01174661,0.008822974,0.005987208,0.003046516,0.000791349,0.0001540195,0.0001318296,0.0001634977,0.0001112016,NaN,NaN,NaN,NaN,NaN,NaN,NaN,NaN,NaN,NaN,NaN,NaN,NaN,NaN,NaN,NaN,NaN,NaN,NaN,NaN,NaN,-1.848549e-05,7.381061e-06,-1.10185e-05,3.910767e-06,0.0003846397,0.001890585,0.004107953,0.006363653,0.008521372,0.01072515,0.01283143,0.01485004,0.01677261,0.0186066
0.02502224,0.0266719,0.02820796,0.02967456,0.03103914,0.03234123,0.03355058,0.03470728,0.03578023,0.03681042,0.03776528,0.03868672,0.03954057,0.04036947,0.04113797,0.04188941,0.04258705,0.04327478,0.0439146,0.04455087,0.04514443,0.04573947,0.04629654,0.04685855,0.04738592,0.0479205,0.04842199,0.04893088,0.04940586,0.04988572,0.05032779,0.05076893,0.05116421,0.05154783,0.05187247,0.05216872,0.05238621,0.05255128,0.05260952,0.05258278,0.05241183,0.05211455,0.05162678,0.050964,0.05005861,0.04892738,0.04750359,0.04581202,0.04379557,0.04149572,0.03887907,0.03601389,0.0329026,0.02965108,0.02627629,0.02291565,0.01955798,0.01631581,0.01316289,0.009983302,0.006605435,0.00310723,0.000779781,0.0001655688,0.0001608165,0.0001810644,0.0001485107,NaN,NaN,NaN,NaN,NaN,NaN,NaN,NaN,NaN,NaN,NaN,NaN,NaN,NaN,NaN,NaN,NaN,-4.37222e-06,3.643172e-06,-5.278747e-06,-7.240503e-06,0.0002917341,0.001577131,0.003815626,0.00625508,0.008604257,0.01093743,0.01320116,0.01541337,0.01751263,0.0195617,0.02146195,0.02330738
0.03028979,0.03191525,0.03343242,0.0348924,0.03624783,0.03755348,0.03876333,0.03993025,0.04101069,0.04205478,0.04302134,0.04395788,0.04482525,0.04566856,0.04645045,0.04721407,0.04792358,0.0486202,0.04926951,0.04991087,0.05051092,0.05110774,0.05166785,0.05222898,0.05275709,0.05328895,0.05379014,0.05429627,0.05477214,0.05525195,0.05569932,0.05614654,0.05655584,0.056957,0.05730991,0.0576418,0.05790935,0.05813634,0.05827581,0.05834702,0.05829915,0.05814619,0.05783376,0.05737033,0.05669929,0.05582482,0.05469143,0.05330338,0.05161186,0.04963096,0.04732659,0.04473802,0.04185767,0.03875686,0.03546725,0.03207136,0.02862842,0.02524346,0.02185589,0.01858258,0.0153096,0.01185273,0.007980607,0.003814081,0.001100346,0.0002439313,0.0001680926,0.0001818212,0.0001358696,0.0001752053,NaN,NaN,NaN,NaN,NaN,NaN,NaN,NaN,NaN,NaN,NaN,3.121801e-05,-1.567995e-05,5.597365e-06,-1.181836e-05,1.490613e-05,0.0004035737,0.001760745,0.004121822,0.006720503,0.0092112,0.01164385,0.01404299,0.01641651,0.01864394,0.02083392,0.02291423,0.02490244,0.02679249,0.02859305
0.03612532,0.0377051,0.03918491,0.0406085,0.04194107,0.04322382,0.04442101,0.0455761,0.04665084,0.04769117,0.04865623,0.04959425,0.05046204,0.05130976,0.05209216,0.05286118,0.05356975,0.05427135,0.05491713,0.05556201,0.05615554,0.05675338,0.05730444,0.05786394,0.05838035,0.05890873,0.05939655,0.05989852,0.06036092,0.06083778,0.06127397,0.06172269,0.06212669,0.06253782,0.06289663,0.06325273,0.06354401,0.06381731,0.06400687,0.06415649,0.06419567,0.06416501,0.06398837,0.06370344,0.06322799,0.062598,0.06172615,0.06064958,0.05928019,0.05766108,0.05571344,0.05349408,0.0509465,0.04815654,0.04509076,0.04188213,0.03851433,0.03512133,0.03174306,0.02842683,0.02510735,0.02194989,0.01859176,0.01499479,0.01092524,0.006235642,0.002313007,0.0007500218,0.0002753733,0.0001885781,0.0001482886,7.691253e-05,4.439535e-05,6.005413e-05,6.339495e-05,6.488124e-05,3.066067e-05,6.755955e-06,-2.267757e-05,-7.832376e-06,1.381097e-05,1.910066e-05,2.352004e-05,0.0002689791,0.001005251,0.002942957,0.005589023,0.008265774,0.01080357,0.01331044,0.01573886,0.01817708,0.02049715,0.02274963,0.02492917,0.02702532,0.02900649,0.03093961,0.03273967,0.03449071
0.04250284,0.0439918,0.04541118,0.04676729,0.04805597,0.04928602,0.05045432,0.05156786,0.05262569,0.0536327,0.05458989,0.05550024,0.05636649,0.05719009,0.0579751,0.05872169,0.05943507,0.06011431,0.06076566,0.06138709,0.06198556,0.06255861,0.06311267,0.06364577,0.06416347,0.06466366,0.06515124,0.06562387,0.06608549,0.06653335,0.0669701,0.06739211,0.06780069,0.06819117,0.06856253,0.06890895,0.0692265,0.06950761,0.06974509,0.06992873,0.07004774,0.07008829,0.07003583,0.06987212,0.06957892,0.06913326,0.06851412,0.06769492,0.0666535,0.06536478,0.06380855,0.06197149,0.05984294,0.05743043,0.05475116,0.05183336,0.04873126,0.04552351,0.04222296,0.03897183,0.0358099,0.03266487,0.02957651,0.02667722,0.02346756,0.01990181,0.01621953,0.01195391,0.00731248,0.003301078,0.001387471,0.0007991488,0.0006205504,0.000514591,0.0004467292,0.0003780393,0.0003438227,0.0003323529,0.0003924766,0.0005173174,0.0008517452,0.001786683,0.003848678,0.006502935,0.009178185,0.01162224,0.01406967,0.01650513,0.01883822,0.02119141,0.02350021,0.0257014,0.0278697,0.02998257,0.03199095,0.03393727,0.03581277,0.03758953,0.03931,0.04093857
0.04931249,0.05068815,0.0520132,0.05327293,0.05448742,0.05564019,0.05674994,0.05780241,0.05881415,0.05977324,0.06069411,0.06156681,0.06240412,0.06319783,0.06395926,0.06468153,0.06537481,0.06603344,0.06666649,0.06726942,0.06785041,0.06840521,0.06894222,0.06945638,0.06995638,0.07043675,0.07090593,0.07135788,0.07180081,0.0722278,0.07264659,0.07304926,0.07344262,0.0738175,0.07417981,0.07451814,0.07483728,0.07512341,0.07537944,0.07558893,0.07575207,0.07584957,0.07587786,0.07581481,0.07565235,0.0753657,0.07494178,0.07435379,0.07358512,0.07260775,0.0714068,0.06995506,0.06824724,0.06626675,0.06402174,0.06152682,0.05881125,0.05590126,0.05290848,0.04983241,0.04675293,0.04380891,0.04099069,0.03816533,0.03542519,0.03292733,0.03041173,0.02719653,0.02392503,0.02095293,0.01798467,0.01544864,0.01319111,0.01104094,0.009243178,0.008213159,0.008105427,0.008826375,0.0100499,0.01143831,0.01285999,0.01441301,0.01603782,0.01791723,0.02005298,0.02206046,0.02403484,0.02611628,0.02820485,0.03021169,0.03219637,0.03418269,0.0361012,0.03794718,0.0397689,0.04151231,0.04319048,0.04482126,0.04637452,0.0478752
0.05640322,0.05764052,0.05882805,0.05997748,0.06107669,0.06213854,0.06315295,0.06413057,0.06506392,0.06596147,0.06681808,0.06764022,0.06842475,0.0691767,0.0698945,0.07058185,0.07123859,0.07186732,0.07246914,0.0730456,0.07359876,0.07412975,0.07464036,0.0751323,0.07560682,0.07606556,0.07650945,0.07693999,0.07735769,0.07776381,0.07815804,0.07854097,0.07891163,0.0792699,0.07961335,0.07994111,0.08024887,0.08053458,0.08079198,0.08101712,0.08120175,0.08133908,0.0814188,0.08143047,0.08136182,0.08119801,0.08092505,0.08052342,0.0799775,0.0792651,0.07836869,0.07726864,0.07594762,0.07439242,0.07259838,0.07055837,0.06829274,0.06583475,0.06318268,0.06044288,0.05767725,0.05486923,0.05213756,0.04962609,0.04725221,0.04492306,0.04262171,0.04047394,0.03868221,0.03706041,0.03497529,0.03254564,0.03034916,0.02857404,0.027192,0.02614789,0.02550859,0.02530997,0.02558162,0.02630286,0.02737863,0.02851221,0.02951224,0.0305846,0.03194809,0.03351704,0.03511792,0.03670526,0.03831997,0.03999371,0.04166428,0.04327989,0.04489194,0.0464914,0.04802619,0.0495334,0.05100567,0.05241515,0.05379641,0.05512042
0.06355157,0.0646208,0.06566229,0.06666417,0.06763937,0.06857595,0.06948478,0.07035679,0.07120045,0.07200935,0.07278991,0.07353791,0.07425807,0.07494803,0.07561119,0.07624668,0.07685674,0.07744187,0.07800324,0.07854256,0.07906023,0.07955839,0.08003771,0.08049972,0.08094547,0.08137636,0.08179332,0.08219743,0.08258951,0.08297015,0.08333994,0.083699,0.08404715,0.08438377,0.08470829,0.08501857,0.08531343,0.08558922,0.08584352,0.08607114,0.08626781,0.08642691,0.0865414,0.0866033,0.08660217,0.08652887,0.08636879,0.08611182,0.08573959,0.08524037,0.08459469,0.08378796,0.08280358,0.0816281,0.08024707,0.0786622,0.07686553,0.07485904,0.07270065,0.07037351,0.0679225,0.06548088,0.0630541,0.06061538,0.05831568,0.0562778,0.05444557,0.05268247,0.0510459,0.04953346,0.04802116,0.04646408,0.04503574,0.04395515,0.0431602,0.04248051,0.04181512,0.04122795,0.04085972,0.04086366,0.04123842,0.04187579,0.04263127,0.0434428,0.04433088,0.0452993,0.04637811,0.04757672,0.04883335,0.05008098,0.05134505,0.05265615,0.05394962,0.05521449,0.05649075,0.05773657,0.058949,0.06015287,0.0613112,0.06244915
0.07047366,0.07137143,0.07224239,0.07309806,0.07392456,0.0747334,0.07551368,0.07627439,0.07700753,0.07771982,0.07840579,0.07907029,0.07970984,0.08032782,0.08092246,0.08149594,0.08204786,0.0825794,0.08309143,0.08358416,0.08405942,0.08451717,0.08495899,0.08538549,0.08579791,0.08619686,0.08658348,0.08695839,0.08732242,0.08767615,0.08801994,0.08835401,0.08867839,0.08899279,0.08929629,0.0895884,0.08986691,0.09013069,0.09037633,0.09060145,0.09080156,0.09097241,0.09110865,0.09120343,0.09125071,0.09124041,0.09116616,0.09101424,0.09077769,0.09044036,0.08999309,0.08942045,0.08871062,0.08784985,0.08683004,0.08563469,0.08426652,0.08273314,0.08100636,0.07914898,0.07718782,0.07508433,0.07293661,0.07087434,0.06885919,0.06686094,0.06497778,0.06336784,0.06202952,0.06086005,0.05969429,0.05851063,0.05743251,0.05654161,0.05587101,0.05535303,0.05491864,0.05453602,0.05425441,0.05413566,0.05422698,0.0544746,0.05481002,0.05523717,0.0557931,0.05648938,0.0572618,0.05805903,0.05890403,0.05983352,0.06080289,0.06175813,0.06273998,0.06374878,0.06473276,0.06571984,0.06670846,0.06766646,0.06862503,0.06955732
0.07686948,0.07759248,0.07830889,0.07900506,0.07969309,0.08036063,0.08101717,0.08165355,0.08227673,0.08288021,0.08346893,0.08403873,0.08459283,0.08512877,0.08564856,0.08615128,0.08663784,0.08710861,0.08756352,0.08800408,0.08842955,0.08884184,0.0892406,0.08962716,0.09000161,0.09036525,0.09071819,0.09106155,0.09139539,0.09172049,0.0920369,0.09234525,0.09264511,0.09293649,0.0932189,0.09349142,0.09375333,0.09400269,0.09423809,0.09445669,0.09465576,0.09483196,0.0949807,0.09509828,0.09517761,0.09521498,0.09520024,0.09512994,0.0949912,0.09477992,0.09448251,0.09409189,0.09359642,0.0929877,0.09225321,0.09139218,0.09039083,0.08923893,0.08797085,0.08654838,0.08498263,0.08336543,0.08167278,0.07986616,0.07807133,0.07640364,0.07484645,0.0733228,0.07187454,0.07056194,0.06943651,0.06847201,0.06764031,0.06698111,0.06647678,0.06608348,0.06574176,0.06543762,0.06518561,0.06503464,0.06500503,0.06511732,0.06536104,0.06568598,0.06605069,0.06644268,0.06690639,0.06747326,0.06810397,0.06874167,0.06940453,0.07012987,0.07086631,0.07159641,0.07235917,0.07312106,0.07387224,0.07463904,0.07538589,0.07613345
0.08245588,0.08302887,0.08358992,0.08415083,0.08469759,0.08524083,0.08576997,0.08629286,0.08680189,0.08730255,0.08778967,0.08826692,0.08873111,0.0891844,0.0896251,0.0900543,0.09047168,0.0908773,0.09127201,0.09165499,0.09202794,0.09238992,0.09274231,0.09308489,0.0934187,0.09374356,0.09406055,0.09436955,0.09467141,0.09496606,0.09525407,0.09553517,0.09580984,0.09607754,0.09633798,0.09659076,0.09683473,0.09706914,0.09729216,0.09750227,0.09769706,0.09787372,0.09802976,0.09816051,0.09826361,0.09833194,0.09836383,0.09834947,0.09828755,0.0981667,0.09798434,0.09773032,0.09739903,0.09698192,0.09647489,0.09586472,0.09515277,0.09434206,0.09339838,0.09236468,0.09124744,0.08998652,0.08864596,0.08731502,0.08593643,0.08446979,0.08300249,0.08166961,0.0804776,0.0793872,0.07834333,0.07737117,0.07652398,0.0758032,0.07522694,0.07478742,0.07446933,0.07423996,0.07408514,0.07399151,0.07396796,0.07399857,0.0740698,0.07420332,0.07442509,0.07474215,0.07510719,0.07547705,0.07587323,0.07633841,0.07684618,0.07734609,0.07787339,0.07843828,0.07899383,0.07956186,0.08014774,0.08071885,0.08130414,0.08188093
0.0870339,0.0874691,0.08790837,0.08833774,0.0887692,0.089191,0.08961195,0.09002354,0.09043197,0.09083135,0.09122576,0.09161141,0.09199079,0.09236178,0.0927255,0.09308123,0.09342909,0.09376951,0.0941017,0.09442707,0.09474425,0.09505495,0.09535826,0.09565527,0.09594548,0.09622999,0.09650836,0.09678156,0.09704918,0.09731196,0.09756953,0.09782257,0.0980704,0.09831338,0.09855092,0.09878258,0.09900782,0.09922554,0.09943481,0.09963412,0.09982163,0.09999572,0.1001532,0.1002926,0.1004091,0.1005017,0.1005631,0.1005936,0.1005838,0.1005339,0.1004346,0.100284,0.100075,0.09980385,0.09946294,0.09905419,0.09856732,0.09799224,0.09735838,0.09662543,0.09579197,0.09492962,0.09399725,0.0929379,0.09184326,0.09079647,0.08976117,0.08865831,0.08752538,0.08643308,0.08545775,0.08459803,0.08383113,0.08317818,0.08262733,0.08216724,0.08177902,0.08146203,0.08121295,0.08104204,0.08094373,0.08092926,0.08100239,0.08113161,0.08128127,0.08143479,0.08162776,0.0818959,0.08221293,0.08252837,0.08285515,0.08323492,0.08362836,0.08401524,0.08443396,0.08485988,0.08527985,0.08572195,0.08615433,0.08659442
0.09048509,0.09081357,0.09113587,0.0914644,0.09178589,0.09211057,0.09242876,0.09274773,0.09306071,0.09337264,0.09367897,0.09398279,0.09428136,0.09457639,0.09486649,0.09515221,0.09543339,0.0957096,0.09598176,0.09624859,0.09651173,0.09676982,0.09702411,0.09727396,0.09752029,0.09776249,0.09800144,0.09823667,0.09846892,0.09869783,0.09892394,0.09914667,0.09936655,0.099583,0.09979597,0.100005,0.1002095,0.1004089,0.100602,0.1007879,0.1009653,0.1011323,0.1012877,0.1014283,0.1015535,0.1016581,0.1017428,0.1018001,0.1018316,0.1018288,0.1017926,0.1017163,0.101598,0.101433,0.1012201,0.1009505,0.1006273,0.1002553,0.09980283,0.09930769,0.09877349,0.09813621,0.09744496,0.09676977,0.0960416,0.09520389,0.09432015,0.09349669,0.09272852,0.09197764,0.09119925,0.0904239,0.08969996,0.08902992,0.08843657,0.08793049,0.08751934,0.08719108,0.08693758,0.08674182,0.08660231,0.08650181,0.08642662,0.08639601,0.08643526,0.08655344,0.08671035,0.08686286,0.08702645,0.08724333,0.08749729,0.0877404,0.08800201,0.08829845,0.08858758,0.08888654,0.08920589,0.08951431,0.08983879,0.09016097
0.09278642,0.09301472,0.09325091,0.09348143,0.09371807,0.09395005,0.0941857,0.09441742,0.09465089,0.09488109,0.09511156,0.09533916,0.09556588,0.09579016,0.09601276,0.09623322,0.09645131,0.09666766,0.09688113,0.09709326,0.09730237,0.09751012,0.09771536,0.09791911,0.09812057,0.09832078,0.09851896,0.09871601,0.09891129,0.09910552,0.0992981,0.09948968,0.09967943,0.09986784,0.1000543,0.1002386,0.1004203,0.1005987,0.1007731,0.1009427,0.1011062,0.1012629,0.1014104,0.1015486,0.1016735,0.1017861,0.1018804,0.1019586,0.1020131,0.1020467,0.102052,0.10203,0.101976,0.1018888,0.1017639,0.1016048,0.1014045,0.1011545,0.1008834,0.1005546,0.1001644,0.09977798,0.09935285,0.09882785,0.09827912,0.0977748,0.097268,0.09667265,0.09601139,0.09534069,0.09472501,0.09415708,0.09361294,0.09311003,0.09264137,0.09220505,0.09179638,0.09142587,0.09109881,0.09082851,0.09061315,0.09046345,0.09038641,0.09035668,0.09034175,0.09032449,0.09033497,0.09040944,0.09052832,0.09064398,0.0907635,0.09092881,0.0911082,0.09127916,0.09147775,0.09168576,0.09188774,0.09211192,0.09232999,0.09255652
0.09394055,0.09409411,0.09424374,0.09440208,0.09455662,0.09471717,0.09487492,0.09503665,0.09519637,0.09535854,0.09551935,0.09568145,0.09584263,0.0960042,0.09616532,0.09632617,0.09648691,0.09664684,0.09680705,0.0969661,0.09712566,0.09728421,0.09744299,0.09760118,0.09775969,0.09791774,0.09807614,0.09823424,0.09839277,0.09855118,0.09871005,0.09886865,0.09902757,0.09918612,0.09934443,0.09950209,0.09965867,0.09981377,0.09996675,0.1001168,0.1002634,0.1004049,0.1005413,0.1006696,0.1007908,0.1009003,0.1010003,0.1010845,0.101156,0.101208,0.1012427,0.1012552,0.1012456,0.101211,0.1011518,0.1010616,0.1009438,0.1008052,0.1006164,0.1004125,0.1001989,0.09991336,0.0995993,0.09932096,0.09901004,0.09860591,0.09816146,0.09776934,0.09741805,0.09706405,0.09665684,0.09621742,0.09578335,0.09535224,0.09494288,0.09456702,0.09423603,0.09394483,0.09369121,0.09346417,0.0932653,0.09308345,0.09290844,0.09276014,0.09266545,0.09263708,0.09264173,0.09263781,0.09263704,0.09268069,0.09275915,0.09282659,0.09290721,0.09302068,0.09312865,0.09324408,0.09338053,0.09350783,0.09365075,0.09379419
0.09397499,0.09405721,0.09414882,0.09423661,0.09433205,0.09442514,0.09452379,0.09462114,0.09472245,0.09482323,0.09492677,0.09503043,0.09513592,0.09524198,0.09534921,0.09545749,0.09556638,0.09567673,0.09578726,0.09589963,0.09601206,0.09612623,0.09624091,0.09635711,0.09647398,0.09659252,0.09671186,0.0968329,0.09695487,0.09707848,0.09720304,0.09732927,0.09745633,0.09758467,0.09771372,0.09784345,0.09797345,0.09810339,0.09823268,0.09836093,0.09848703,0.09861103,0.09873082,0.09884709,0.09895647,0.0990608,0.09915493,0.09924214,0.09931596,0.09938008,0.09942862,0.09946313,0.09948073,0.09948111,0.09946145,0.09942559,0.09936838,0.09928209,0.09919439,0.09907153,0.0989087,0.09876804,0.09860992,0.09837367,0.09812846,0.0979382,0.097756,0.09749598,0.09717362,0.09683732,0.09654365,0.09628022,0.0960189,0.09577024,0.09552404,0.09527583,0.09502059,0.09476819,0.09452514,0.0943056,0.09411082,0.09395271,0.09384164,0.0937581,0.09367357,0.09357249,0.09348313,0.0934436,0.09344068,0.09343062,0.09341697,0.09344147,0.09347893,0.09350586,0.09355624,0.09361654,0.09367008,0.09374444,0.09381437,0.09389213
0.09289257,0.0929317,0.09296717,0.09301151,0.09305304,0.09310104,0.09314758,0.09319895,0.09324988,0.09330441,0.09335931,0.09341692,0.09347554,0.09353615,0.09359828,0.09366196,0.09372762,0.09379441,0.09386363,0.09393372,0.09400645,0.09408026,0.09415645,0.09423412,0.09431423,0.0943959,0.09448005,0.09456591,0.09465425,0.09474443,0.09483706,0.0949314,0.09502814,0.09512652,0.09522678,0.09532854,0.09543163,0.09553568,0.0956404,0.09574506,0.0958496,0.0959526,0.09605458,0.09615306,0.09624947,0.09633987,0.09642711,0.09650566,0.09657939,0.0966423,0.09669752,0.09674095,0.09677327,0.09679285,0.09680033,0.09679073,0.0967675,0.09673779,0.09667417,0.09660913,0.09654904,0.09643415,0.09630401,0.0962205,0.09611899,0.09593865,0.09572743,0.09557261,0.09546306,0.095355,0.09519636,0.09500288,0.09480623,0.09460089,0.09440105,0.09421562,0.09405345,0.09390882,0.09377872,0.09365236,0.09353045,0.09340359,0.09326248,0.09312613,0.09302236,0.0929665,0.09293093,0.09287621,0.09281196,0.09277907,0.09277363,0.09275254,0.09273664,0.09274815,0.09275252,0.09275982,0.09278579,0.0928019,0.092831,0.09286087
0.090726,0.09072805,0.09073841,0.09074435,0.09075703,0.09076725,0.09078252,0.09079672,0.09081477,0.09083275,0.0908537,0.09087542,0.09089948,0.09092496,0.09095227,0.09098157,0.09101239,0.09104571,0.09108026,0.09111774,0.09115643,0.09119803,0.09124136,0.09128744,0.09133539,0.09138624,0.09143918,0.09149508,0.09155319,0.09161419,0.09167741,0.09174363,0.09181201,0.09188309,0.09195633,0.09203181,0.09210921,0.09218837,0.09226885,0.09235055,0.09243251,0.0925151,0.0925965,0.09267789,0.09275624,0.09283388,0.09290618,0.09297687,0.09304023,0.09310032,0.09315219,0.09319782,0.09323495,0.09326357,0.09328184,0.09329343,0.09329432,0.09327688,0.0932678,0.09323575,0.0931744,0.09314334,0.09310598,0.09300262,0.09289753,0.09285296,0.09282455,0.09272841,0.09257649,0.09241369,0.09229381,0.09220427,0.09211645,0.0920378,0.09195676,0.09186669,0.09176089,0.09164672,0.09152915,0.09142052,0.09132192,0.09124369,0.09119628,0.09116231,0.09111471,0.0910377,0.09095705,0.09091141,0.09089209,0.09085833,0.09081124,0.09079193,0.0907805,0.09075319,0.0907422,0.09073789,0.0907231,0.09072493,0.09072085,0.09072151
0.08752022,0.08751265,0.08749954,0.08749328,0.08748298,0.08747754,0.08746975,0.08746553,0.08746027,0.08745774,0.08745519,0.08745474,0.08745512,0.08745722,0.08746079,0.08746576,0.08747282,0.08748107,0.08749196,0.0875039,0.08751878,0.08753507,0.08755411,0.08757503,0.08759882,0.08762462,0.08765339,0.08768437,0.08771839,0.08775479,0.08779427,0.08783605,0.08788089,0.08792812,0.08797808,0.0880304,0.08808506,0.08814175,0.08820041,0.08826047,0.0883221,0.08838403,0.08844712,0.08850915,0.08857192,0.08863182,0.08869211,0.08874765,0.08880269,0.08885173,0.0888983,0.08893913,0.08897481,0.08900441,0.08902857,0.08904308,0.08905113,0.08905998,0.0890436,0.08903246,0.08903344,0.08898894,0.08893512,0.08893232,0.08891944,0.08883602,0.0887263,0.08867449,0.08867136,0.08867455,0.08863217,0.08855738,0.08847956,0.08839294,0.08830994,0.08823848,0.08818623,0.08814715,0.0881172,0.08808514,0.08805016,0.08800291,0.08793338,0.08785839,0.08780492,0.08778902,0.08778622,0.08775793,0.08771104,0.08768492,0.0876795,0.08765379,0.08762554,0.08761823,0.08760035,0.08757973,0.08757342,0.08755457,0.08754437,0.08753292
0.08338803,0.08337048,0.08335893,0.08334124,0.08332816,0.08331119,0.08329745,0.08328139,0.08326765,0.08325283,0.08323968,0.08322642,0.08321443,0.08320317,0.0831929,0.083184,0.08317592,0.08316984,0.08316447,0.08316159,0.08315954,0.08316005,0.08316199,0.08316643,0.08317251,0.08318129,0.083192,0.08320553,0.08322116,0.08323966,0.08326036,0.08328407,0.08331,0.08333877,0.08336992,0.0834036,0.08343956,0.08347777,0.08351787,0.08356,0.08360333,0.08364844,0.08369369,0.08374052,0.08378616,0.08383322,0.08387741,0.08392268,0.08396374,0.0840048,0.08404143,0.08407596,0.08410652,0.08413312,0.08415447,0.08417393,0.08418817,0.0841896,0.08420377,0.08420153,0.08417555,0.08418308,0.08419007,0.08413772,0.08408628,0.08409696,0.0841281,0.08409771,0.08401503,0.08392265,0.08387308,0.08385503,0.08384058,0.08383601,0.08382987,0.08381481,0.08378365,0.08374252,0.08369567,0.08365442,0.08362004,0.08360168,0.08360945,0.08362721,0.0836283,0.08359619,0.08355378,0.08353913,0.08354626,0.0835363,0.08350782,0.08350065,0.08349828,0.08347664,0.08346582,0.08345896,0.08343846,0.08343058,0.08341491,0.08340061
0.07846176,0.07845226,0.07843556,0.07842385,0.07840679,0.07839286,0.07837535,0.07835985,0.07834214,0.07832573,0.07830822,0.07829153,0.07827462,0.07825828,0.07824248,0.07822705,0.07821282,0.07819884,0.07818667,0.07817475,0.07816497,0.07815586,0.07814878,0.07814287,0.0781392,0.07813691,0.07813698,0.07813866,0.07814281,0.07814886,0.07815751,0.07816802,0.07818118,0.07819641,0.07821409,0.07823391,0.07825595,0.07827998,0.07830606,0.0783337,0.07836328,0.07839369,0.07842594,0.07845797,0.07849181,0.07852411,0.07855828,0.07858957,0.0786223,0.07865141,0.07868043,0.07870654,0.07873055,0.07875186,0.07877099,0.07878429,0.07879453,0.07880907,0.07880284,0.0788045,0.07882183,0.07879898,0.07876923,0.0787916,0.07880817,0.07875894,0.07868505,0.07866843,0.07870178,0.07874421,0.07874433,0.07871339,0.07867949,0.07863732,0.0785986,0.07857106,0.07856212,0.07856611,0.07857882,0.07858911,0.07859546,0.07858885,0.07855895,0.07852095,0.07850093,0.0785154,0.07854222,0.07854332,0.07852308,0.07851914,0.07853375,0.07852755,0.07851535,0.07852104,0.07851533,0.078504,0.07850468,0.07849165,0.07848448,0.07847479
0.07291841,0.0729074,0.07290129,0.07288831,0.0728787,0.07286447,0.07285231,0.07283703,0.07282293,0.0728069,0.07279146,0.07277505,0.07275884,0.07274242,0.07272603,0.07271011,0.07269406,0.0726791,0.07266392,0.07265036,0.07263675,0.0726248,0.07261341,0.07260367,0.07259473,0.07258768,0.0725817,0.07257775,0.07257511,0.07257456,0.07257548,0.07257869,0.07258346,0.07259041,0.07259913,0.07260986,0.07262239,0.07263681,0.07265278,0.07267056,0.07268943,0.07271015,0.07273118,0.07275411,0.07277632,0.0728006,0.07282291,0.0728473,0.07286879,0.07289171,0.07291187,0.07293146,0.07294928,0.0729652,0.07297835,0.07299181,0.0730027,0.07300352,0.07301876,0.07302076,0.07300182,0.07301717,0.07303494,0.07299714,0.07296076,0.07298621,0.07303427,0.07302461,0.07296422,0.07289387,0.07286525,0.07286848,0.07287645,0.07289469,0.07291207,0.072921,0.07291421,0.07289717,0.07287402,0.07285564,0.0728437,0.07284682,0.07287508,0.07291362,0.0729362,0.07292585,0.07290323,0.07290572,0.07292947,0.07293729,0.07292558,0.0729327,0.07294463,0.07293721,0.0729385,0.07294349,0.07293431,0.07293605,0.07292989,0.07292359
0.06691333,0.06691227,0.06690387,0.0668999,0.06689044,0.0668835,0.06687274,0.06686335,0.06685138,0.06684002,0.06682708,0.06681429,0.06680071,0.06678692,0.06677306,0.06675884,0.06674512,0.0667309,0.06671774,0.06670406,0.06669176,0.06667932,0.0666681,0.06665724,0.0666478,0.06663892,0.06663155,0.06662498,0.06662005,0.06661616,0.06661405,0.06661303,0.06661388,0.06661601,0.06661983,0.06662512,0.06663199,0.06664026,0.06665008,0.06666097,0.06667345,0.06668647,0.0667012,0.06671566,0.06673202,0.06674708,0.06676434,0.06677931,0.06679635,0.06681075,0.06682597,0.06683933,0.06685174,0.06686293,0.06687331,0.06687967,0.06688444,0.06689506,0.06688729,0.06688811,0.06690593,0.06688652,0.06686094,0.06688716,0.06690995,0.06686974,0.06680512,0.06679623,0.06683747,0.06688932,0.06690091,0.06688191,0.06685945,0.06682863,0.06680071,0.06678353,0.06678449,0.06679839,0.06682114,0.06684192,0.06685869,0.06686287,0.06684407,0.06681637,0.06680529,0.06682769,0.06686345,0.06687512,0.06686527,0.06687004,0.06689341,0.06689738,0.06689456,0.06690895,0.06691306,0.066911,0.06692061,0.06691711,0.06691861,0.06691785
0.06060905,0.06060508,0.06060609,0.06060057,0.06059831,0.0605916,0.06058676,0.06057888,0.06057192,0.06056297,0.0605543,0.06054448,0.06053451,0.06052403,0.06051315,0.06050237,0.06049097,0.06048021,0.06046871,0.06045828,0.06044723,0.06043725,0.06042719,0.06041813,0.0604092,0.06040146,0.06039409,0.06038802,0.06038253,0.06037836,0.06037491,0.06037298,0.06037186,0.06037218,0.06037354,0.0603762,0.06037997,0.060385,0.060391,0.06039827,0.06040612,0.06041541,0.0604247,0.06043563,0.06044574,0.06045786,0.06046811,0.06048059,0.06049057,0.06050235,0.06051205,0.06052176,0.06053045,0.06053798,0.06054378,0.06055072,0.0605563,0.06055309,0.06056485,0.06056509,0.06054552,0.06055982,0.06057807,0.06054302,0.06050904,0.06053586,0.06058635,0.06058156,0.06052669,0.06046107,0.06043576,0.06044213,0.06045378,0.06047564,0.06049686,0.06050979,0.06050711,0.06049389,0.06047422,0.06045876,0.06044953,0.06045482,0.06048479,0.06052561,0.06055166,0.06054561,0.06052647,0.06053102,0.06055713,0.06056904,0.06056168,0.06057211,0.06058832,0.06058616,0.06059212,0.06060252,0.06059936,0.0606068,0.06060724,0.06060738
0.05412065,0.05412422,0.054121,0.05412233,0.05411867,0.05411759,0.05411303,0.05410987,0.05410436,0.05409944,0.05409307,0.05408674,0.05407965,0.05407223,0.05406463,0.05405644,0.05404858,0.05403996,0.05403211,0.05402341,0.05401571,0.0540075,0.05400008,0.05399257,0.05398597,0.05397941,0.05397384,0.0539685,0.05396422,0.05396036,0.05395765,0.05395538,0.05395434,0.05395395,0.05395462,0.0539561,0.05395857,0.05396181,0.05396606,0.05397086,0.05397676,0.05398274,0.05399005,0.05399681,0.05400523,0.05401221,0.05402128,0.05402812,0.05403708,0.05404364,0.05405132,0.05405766,0.05406334,0.05406838,0.05407305,0.05407449,0.05407493,0.05408174,0.05407151,0.05407004,0.05408588,0.05406623,0.05404044,0.05406564,0.05408882,0.05405083,0.05398817,0.05397953,0.05402077,0.05407356,0.05408743,0.05407077,0.05404995,0.0540204,0.05399308,0.0539759,0.05397634,0.05398959,0.05401168,0.05403201,0.05404825,0.05405211,0.05403326,0.05400491,0.05399223,0.05401235,0.05404674,0.05405858,0.0540491,0.05405316,0.0540761,0.05408116,0.05407933,0.05409452,0.05410073,0.05410086,0.05411281,0.05411271,0.05411751,0.05412085
0.04755975,0.04755843,0.04756241,0.04756039,0.04756183,0.04755928,0.04755875,0.04755554,0.04755338,0.04754951,0.047546,0.0475415,0.0475369,0.04753193,0.04752649,0.04752116,0.04751515,0.04750969,0.04750336,0.04749791,0.04749166,0.04748624,0.0474805,0.04747545,0.04747021,0.04746578,0.04746135,0.04745781,0.04745441,0.04745188,0.04744959,0.04744832,0.04744734,0.04744729,0.04744777,0.04744903,0.04745087,0.04745347,0.04745653,0.04746045,0.04746452,0.04746962,0.04747435,0.04748045,0.04748549,0.04749233,0.04749722,0.04750423,0.0475088,0.04751514,0.04751962,0.04752441,0.04752849,0.04753167,0.04753358,0.04753688,0.04753938,0.04753365,0.04754288,0.04754174,0.04752138,0.04753425,0.04755191,0.04751778,0.04748417,0.04751025,0.04756061,0.0475574,0.04750447,0.04743996,0.04741438,0.04742015,0.04743145,0.04745285,0.04747371,0.04748626,0.04748317,0.04746917,0.04744823,0.04743085,0.0474194,0.04742194,0.04744871,0.04748667,0.04751071,0.04750335,0.04748227,0.04748379,0.04750703,0.04751737,0.04750881,0.04751731,0.04753241,0.04753003,0.0475354,0.04754592,0.04754353,0.04755168,0.04755375,0.04755572
0.04098875,0.0409936,0.04099205,0.04099525,0.0409939,0.04099534,0.04099368,0.04099358,0.04099147,0.04099009,0.0409875,0.04098506,0.04098203,0.04097878,0.04097544,0.04097154,0.040968,0.04096367,0.04096009,0.0409556,0.04095199,0.04094776,0.04094416,0.04094029,0.04093711,0.04093374,0.04093108,0.04092836,0.04092638,0.0409245,0.04092342,0.04092241,0.04092222,0.04092229,0.04092302,0.04092415,0.04092586,0.04092794,0.04093063,0.04093349,0.04093714,0.04094054,0.04094498,0.04094861,0.04095368,0.04095716,0.04096261,0.04096578,0.04097101,0.0409739,0.04097789,0.0409808,0.04098327,0.0409854,0.04098738,0.04098652,0.04098488,0.04098979,0.04097835,0.04097564,0.04099048,0.04097107,0.0409454,0.04096992,0.04099333,0.04095687,0.04089546,0.04088667,0.04092747,0.04098044,0.04099546,0.04097992,0.04095958,0.04093023,0.04090256,0.04088452,0.04088357,0.0408952,0.04091548,0.040934,0.04094828,0.04095023,0.04092957,0.04089888,0.04088297,0.04089927,0.04093039,0.04094012,0.04092862,0.04092984,0.04095004,0.04095351,0.04094999,0.0409633,0.04096855,0.04096785,0.04097908,0.04097906,0.04098393,0.04098796
0.03447052,0.03446975,0.03447439,0.03447344,0.03447607,0.03447509,0.03447628,0.03447511,0.03447514,0.03447371,0.03447276,0.03447103,0.03446929,0.03446732,0.03446497,0.03446281,0.03446,0.03445778,0.03445468,0.03445245,0.03444938,0.03444706,0.03444432,0.03444216,0.03443966,0.03443781,0.03443578,0.0344344,0.03443294,0.03443212,0.03443126,0.03443115,0.03443104,0.03443156,0.03443228,0.03443347,0.03443493,0.03443684,0.03443891,0.03444154,0.03444406,0.03444738,0.03445011,0.03445399,0.03445666,0.03446099,0.03446332,0.03446769,0.03446964,0.03447336,0.03447529,0.03447757,0.03447944,0.03448056,0.03448074,0.03448246,0.03448369,0.03447707,0.03448524,0.03448368,0.03446345,0.03447596,0.03449384,0.03446101,0.03442824,0.03445425,0.03450496,0.03450341,0.03445239,0.03438911,0.03436371,0.03436938,0.03438074,0.03440213,0.03442306,0.03443566,0.03443251,0.03441808,0.03439626,0.03437743,0.03436419,0.03436448,0.03438856,0.03442402,0.03444605,0.03443711,0.03441394,0.03441244,0.03443266,0.03444091,0.03443045,0.03443647,0.03444955,0.03444576,0.03444942,0.03445866,0.03445549,0.03446274,0.03446453,0.0344663
0.02802382,0.02802866,0.02802736,0.02803092,0.02803024,0.02803247,0.02803189,0.02803301,0.02803234,0.02803252,0.02803168,0.0280311,0.02803008,0.02802889,0.02802773,0.02802608,0.02802485,0.02802285,0.02802161,0.02801947,0.02801818,0.02801623,0.02801484,0.02801308,0.02801193,0.02801046,0.02800956,0.02800843,0.02800787,0.02800722,0.02800716,0.02800697,0.02800738,0.0280078,0.02800865,0.02800965,0.028011,0.02801248,0.02801435,0.02801617,0.02801856,0.02802054,0.02802339,0.02802529,0.0280285,0.02803006,0.02803351,0.02803471,0.02803794,0.02803896,0.02804109,0.02804222,0.02804307,0.02804382,0.02804458,0.02804281,0.02804044,0.02804479,0.02803332,0.02803042,0.02804524,0.02802672,0.02800186,0.02802661,0.0280509,0.02801629,0.02795652,0.02794836,0.02798956,0.02804338,0.02805997,0.028046,0.02802679,0.02799829,0.02797105,0.02795301,0.02795167,0.0279627,0.02798222,0.02799998,0.02801332,0.02801432,0.02799271,0.02796061,0.02794259,0.02795621,0.02798496,0.02799302,0.0279799,0.02797884,0.02799673,0.0279986,0.02799333,0.02800469,0.02800858,0.02800657,0.02801653,0.02801574,0.02801977,0.02802333
0.02167322,0.02167209,0.02167652,0.02167563,0.02167842,0.02167783,0.02167953,0.02167908,0.02167992,0.02167948,0.02167962,0.02167914,0.02167873,0.02167816,0.0216773,0.02167671,0.0216755,0.02167492,0.02167348,0.0216729,0.02167148,0.02167075,0.02166957,0.0216689,0.02166781,0.02166728,0.02166645,0.02166615,0.02166563,0.02166559,0.02166536,0.02166569,0.02166587,0.02166648,0.02166711,0.02166803,0.02166904,0.02167033,0.0216716,0.02167327,0.02167466,0.02167672,0.02167809,0.02168051,0.02168165,0.0216844,0.02168513,0.0216879,0.02168834,0.0216906,0.02169124,0.02169226,0.02169301,0.02169317,0.02169259,0.02169374,0.02169468,0.0216881,0.02169635,0.02169529,0.02167584,0.02168881,0.02170755,0.02167637,0.02164496,0.02167176,0.02172355,0.02172397,0.02167509,0.02161352,0.02158909,0.02159553,0.0216078,0.02162996,0.02165163,0.02166492,0.02166238,0.02164829,0.02162654,0.02160737,0.0215935,0.0215928,0.02161551,0.02164963,0.02167062,0.02166084,0.02163642,0.02163296,0.0216511,0.02165781,0.02164587,0.02164992,0.02166124,0.02165607,0.02165811,0.02166595,0.02166166,0.02166769,0.02166865,0.0216696
0.01540418,0.01540832,0.01540658,0.0154098,0.01540899,0.01541118,0.01541076,0.01541211,0.01541184,0.01541252,0.01541233,0.01541247,0.01541229,0.015412,0.01541182,0.0154112,0.01541104,0.01541017,0.01541006,0.01540905,0.01540888,0.01540804,0.0154077,0.01540696,0.01540675,0.01540615,0.01540603,0.01540558,0.01540559,0.01540538,0.01540563,0.01540561,0.01540604,0.01540635,0.01540694,0.01540755,0.01540836,0.01540917,0.01541024,0.01541114,0.01541249,0.01541333,0.01541496,0.0154156,0.0154175,0.01541775,0.01541987,0.0154198,0.0154218,0.01542171,0.01542287,0.01542319,0.01542329,0.01542346,0.01542379,0.01542185,0.0154195,0.01542406,0.01541327,0.01541107,0.01542662,0.0154094,0.01538585,0.01541159,0.01543732,0.0154048,0.01534702,0.01534021,0.0153826,0.01543789,0.01545643,0.01544439,0.01542679,0.01539967,0.01537345,0.01535612,0.01535517,0.01536644,0.01538609,0.01540394,0.0154172,0.01541804,0.01539618,0.01536347,0.01534434,0.01535641,0.0153837,0.01539067,0.01537642,0.01537372,0.01538986,0.01539033,0.01538355,0.0153932,0.01539573,0.01539233,0.01540087,0.01539898,0.01540188,0.01540452
0.00921322,0.009211194,0.009214872,0.009213414,0.009215734,0.00921484,0.009216313,0.009215788,0.009216646,0.009216359,0.00921675,0.009216617,0.009216633,0.009216594,0.009216309,0.009216353,0.009215838,0.009215973,0.009215279,0.009215446,0.009214769,0.009214773,0.009214297,0.009214286,0.009213816,0.009213828,0.009213477,0.009213578,0.00921337,0.009213527,0.009213389,0.009213707,0.009213749,0.009214108,0.009214378,0.009214824,0.009215245,0.009215839,0.009216321,0.009217105,0.009217529,0.009218555,0.009218836,0.009220141,0.00922016,0.00922178,0.009221431,0.009223144,0.009222627,0.009224007,0.009223953,0.009224419,0.009224723,0.009224578,0.009223897,0.009225103,0.009226347,0.009220336,0.009229282,0.009229281,0.009211074,0.009225149,0.009245279,0.009215988,0.009186376,0.009214685,0.009268169,0.009270796,0.009224219,0.009164706,0.009141906,0.009149849,0.009163621,0.009187161,0.009210129,0.00922461,0.009223144,0.00920991,0.009188772,0.009169913,0.009156084,0.009155121,0.00917726,0.00921072,0.009231133,0.009220796,0.009195505,0.009190693,0.009207345,0.009212763,0.009199507,0.00920191,0.009211673,0.009205097,0.009205577,0.009211946,0.009206316,0.009210977,0.009210766,0.009210607
0.003063623,0.003066726,0.003064079,0.003066467,0.003064981,0.003066585,0.003065712,0.003066716,0.003066225,0.003066775,0.00306656,0.00306677,0.003066746,0.003066695,0.003066821,0.003066562,0.003066817,0.003066384,0.003066747,0.003066228,0.003066545,0.003066184,0.003066315,0.003066008,0.003066191,0.003065936,0.003066097,0.00306587,0.003066016,0.003065868,0.003066091,0.003065943,0.003066155,0.003066145,0.003066317,0.003066405,0.003066607,0.003066714,0.003067005,0.003067052,0.003067501,0.003067381,0.003068029,0.003067665,0.003068572,0.003067847,0.003069038,0.003068099,0.003069309,0.003068532,0.003069107,0.003069016,0.003068862,0.003068966,0.003069401,0.003067769,0.003065918,0.003071142,0.003061292,0.003060164,0.003076954,0.003061322,0.003039448,0.003066798,0.003094398,0.003064073,0.003008483,0.003003612,0.003047893,0.003105187,0.003125896,0.003115963,0.003100285,0.003074932,0.003050258,0.003034233,0.003034348,0.003046479,0.003066792,0.003085121,0.003098655,0.003099581,0.003077648,0.003044588,0.003024749,0.003035813,0.003062027,0.003067981,0.003052612,0.003048513,0.003063149,0.003062228,0.003053973,0.003062043,0.003063098,0.003058228,0.003065292,0.003062066,0.003063626,0.003065071
-0.003063615,-0.003066718,-0.003064072,-0.003066459,-0.003064974,-0.003066578,-0.003065704,-0.003066708,-0.003066218,-0.003066768,-0.003066552,-0.003066762,-0.003066738,-0.003066687,-0.003066813,-0.003066554,-0.003066809,-0.003066376,-0.00306674,-0.00306622,-0.003066538,-0.003066176,-0.003066307,-0.003066,-0.003066183,-0.003065928,-0.00306609,-0.003065863,-0.003066008,-0.00306586,-0.003066083,-0.003065935,-0.003066148,-0.003066138,-0.00306631,-0.003066398,-0.003066599,-0.003066707,-0.003066998,-0.003067044,-0.003067493,-0.003067373,-0.003068021,-0.003067657,-0.003068564,-0.00306784,-0.003069031,-0.003068091,-0.003069302,-0.003068525,-0.003069099,-0.003069009,-0.003068854,-0.003068958,-0.003069394,-0.003067761,-0.003065911,-0.003071134,-0.003061285,-0.003060157,-0.003076947,-0.003061315,-0.00303944,-0.003066791,-0.003094391,-0.003064066,-0.003008475,-0.003003605,-0.003047885,-0.00310518,-0.003125888,-0.003115956,-0.003100278,-0.003074925,-0.003050251,-0.003034225,-0.003034341,-0.003046471,-0.003066785,-0.003085114,-0.003098647,-0.003099573,-0.00307764,-0.003044581,-0.003024742,-0.003035805,-0.00306202,-0.003067974,-0.003052605,-0.003048505,-0.003063142,-0.003062221,-0.003053966,-0.003062035,-0.00306309,-0.003058221,-0.003065285,-0.003062059,-0.003063618,-0.003065063
-0.009213213,-0.009211186,-0.009214865,-0.009213407,-0.009215727,-0.009214832,-0.009216306,-0.00921578,-0.009216638,-0.009216351,-0.009216743,-0.009216608,-0.009216625,-0.009216586,-0.009216301,-0.009216346,-0.00921583,-0.009215965,-0.00921527,-0.009215438,-0.009214762,-0.009214765,-0.009214289,-0.009214277,-0.009213809,-0.00921382,-0.009213469,-0.009213571,-0.009213362,-0.009213519,-0.009213381,-0.0092137,-0.009213741,-0.0092141,-0.009214371,-0.009214817,-0.009215237,-0.009215832,-0.009216312,-0.009217096,-0.009217521,-0.009218547,-0.009218829,-0.009220133,-0.009220152,-0.009221773,-0.009221423,-0.009223136,-0.009222619,-0.009223999,-0.009223945,-0.009224412,-0.009224716,-0.00922457,-0.00922389,-0.009225096,-0.00922634,-0.009220328,-0.009229274,-0.009229274,-0.009211066,-0.009225141,-0.009245272,-0.009215981,-0.009186368,-0.009214677,-0.009268162,-0.009270788,-0.009224212,-0.009164698,-0.009141899,-0.009149842,-0.009163613,-0.009187154,-0.009210122,-0.009224603,-0.009223136,-0.009209903,-0.009188765,-0.009169905,-0.009156076,-0.009155113,-0.009177252,-0.009210712,-0.009231126,-0.009220788,-0.009195497,-0.009190684,-0.009207337,-0.009212755,-0.009199499,-0.009201903,-0.009211666,-0.00920509,-0.00920557,-0.009211938,-0.009206309,-0.009210969,-0.009210758,-0.0092106
-0.01540417,-0.01540831,-0.01540658,-0.01540979,-0.01540899,-0.01541117,-0.01541075,-0.0154121,-0.01541184,-0.01541251,-0.01541232,-0.01541246,-0.01541228,-0.01541199,-0.01541181,-0.01541119,-0.01541104,-0.01541016,-0.01541005,-0.01540904,-0.01540887,-0.01540803,-0.01540769,-0.01540695,-0.01540674,-0.01540614,-0.01540602,-0.01540557,-0.01540558,-0.01540537,-0.01540562,-0.0154056,-0.01540603,-0.01540634,-0.01540693,-0.01540754,-0.01540835,-0.01540916,-0.01541024,-0.01541113,-0.01541249,-0.01541332,-0.01541496,-0.01541559,-0.01541749,-0.01541774,-0.01541986,-0.01541979,-0.01542179,-0.01542171,-0.01542287,-0.01542318,-0.01542328,-0.01542345,-0.01542378,-0.01542184,-0.01541949,-0.01542405,-0.01541327,-0.01541106,-0.01542662,-0.0154094,-0.01538584,-0.01541158,-0.01543731,-0.01540479,-0.01534701,-0.0153402,-0.01538259,-0.01543788,-0.01545642,-0.01544438,-0.01542678,-0.01539967,-0.01537345,-0.01535611,-0.01535516,-0.01536643,-0.01538609,-0.01540394,-0.0154172,-0.01541803,-0.01539617,-0.01536347,-0.01534433,-0.0153564,-0.01538369,-0.01539066,-0.01537641,-0.01537371,-0.01538985,-0.01539032,-0.01538354,-0.0153932,-0.01539572,-0.01539232,-0.01540086,-0.01539897,-0.01540187,-0.01540451
-0.02167322,-0.02167208,-0.02167651,-0.02167562,-0.02167841,-0.02167783,-0.02167952,-0.02167907,-0.02167991,-0.02167947,-0.02167962,-0.02167913,-0.02167872,-0.02167816,-0.02167729,-0.0216767,-0.0216755,-0.02167491,-0.02167347,-0.02167289,-0.02167147,-0.02167074,-0.02166956,-0.02166889,-0.0216678,-0.02166727,-0.02166644,-0.02166614,-0.02166563,-0.02166558,-0.02166535,-0.02166568,-0.02166586,-0.02166647,-0.0216671,-0.02166802,-0.02166903,-0.02167032,-0.0216716,-0.02167326,-0.02167465,-0.02167672,-0.02167808,-0.0216805,-0.02168164,-0.02168439,-0.02168512,-0.02168789,-0.02168833,-0.02169059,-0.02169123,-0.02169226,-0.021693,-0.02169316,-0.02169259,-0.02169373,-0.02169467,-0.02168809,-0.02169634,-0.02169528,-0.02167583,-0.0216888,-0.02170754,-0.02167636,-0.02164495,-0.02167175,-0.02172354,-0.02172396,-0.02167508,-0.02161351,-0.02158908,-0.02159553,-0.02160779,-0.02162995,-0.02165162,-0.02166491,-0.02166237,-0.02164828,-0.02162653,-0.02160736,-0.02159349,-0.02159279,-0.0216155,-0.02164962,-0.02167062,-0.02166083,-0.02163641,-0.02163295,-0.02165109,-0.0216578,-0.02164586,-0.02164991,-0.02166124,-0.02165606,-0.0216581,-0.02166594,-0.02166165,-0.02166769,-0.02166864,-0.0216696
-0.02802381,-0.02802865,-0.02802736,-0.02803092,-0.02803024,-0.02803246,-0.02803189,-0.028033,-0.02803233,-0.02803251,-0.02803167,-0.02803109,-0.02803007,-0.02802888,-0.02802772,-0.02802608,-0.02802484,-0.02802284,-0.0280216,-0.02801946,-0.02801817,-0.02801622,-0.02801483,-0.02801307,-0.02801192,-0.02801045,-0.02800955,-0.02800842,-0.02800786,-0.02800721,-0.02800716,-0.02800696,-0.02800737,-0.02800779,-0.02800864,-0.02800964,-0.02801099,-0.02801247,-0.02801435,-0.02801616,-0.02801855,-0.02802053,-0.02802338,-0.02802528,-0.02802849,-0.02803005,-0.0280335,-0.0280347,-0.02803793,-0.02803895,-0.02804108,-0.02804221,-0.02804306,-0.02804381,-0.02804457,-0.0280428,-0.02804043,-0.02804478,-0.02803331,-0.02803041,-0.02804523,-0.02802671,-0.02800186,-0.0280266,-0.02805089,-0.02801629,-0.02795651,-0.02794835,-0.02798955,-0.02804337,-0.02805997,-0.02804599,-0.02802678,-0.02799828,-0.02797104,-0.027953,-0.02795166,-0.02796269,-0.02798222,-0.02799997,-0.02801331,-0.02801431,-0.0279927,-0.02796061,-0.02794258,-0.0279562,-0.02798495,-0.02799301,-0.0279799,-0.02797883,-0.02799673,-0.02799859,-0.02799332,-0.02800468,-0.02800857,-0.02800656,-0.02801652,-0.02801573,-0.02801976,-0.02802332
-0.03447052,-0.03446974,-0.03447438,-0.03447343,-0.03447606,-0.03447508,-0.03447627,-0.0344751,-0.03447513,-0.0344737,-0.03447275,-0.03447102,-0.03446928,-0.03446731,-0.03446496,-0.0344628,-0.03445999,-0.03445777,-0.03445467,-0.03445244,-0.03444938,-0.03444705,-0.03444431,-0.03444215,-0.03443965,-0.0344378,-0.03443576,-0.03443439,-0.03443294,-0.03443211,-0.03443125,-0.03443114,-0.03443103,-0.03443155,-0.03443227,-0.03443346,-0.03443492,-0.03443683,-0.0344389,-0.03444153,-0.03444405,-0.03444737,-0.0344501,-0.03445398,-0.03445665,-0.03446098,-0.03446331,-0.03446768,-0.03446963,-0.03447335,-0.03447528,-0.03447757,-0.03447942,-0.03448056,-0.03448073,-0.03448245,-0.03448369,-0.03447706,-0.03448524,-0.03448367,-0.03446344,-0.03447596,-0.03449383,-0.034461,-0.03442823,-0.03445424,-0.03450495,-0.0345034,-0.03445238,-0.0343891,-0.0343637,-0.03436937,-0.03438073,-0.03440212,-0.03442305,-0.03443564,-0.0344325,-0.03441807,-0.03439626,-0.03437741,-0.03436418,-0.03436448,-0.03438856,-0.03442401,-0.03444605,-0.03443709,-0.03441393,-0.03441244,-0.03443265,-0.0344409,-0.03443044,-0.03443646,-0.03444954,-0.03444574,-0.03444941,-0.03445865,-0.03445548,-0.03446273,-0.03446452,-0.03446629
-0.04098874,-0.04099359,-0.04099204,-0.04099524,-0.0409939,-0.04099533,-0.04099367,-0.04099358,-0.04099146,-0.04099008,-0.04098749,-0.04098505,-0.04098203,-0.04097877,-0.04097543,-0.04097153,-0.04096799,-0.04096366,-0.04096008,-0.04095559,-0.04095198,-0.04094775,-0.04094416,-0.04094028,-0.0409371,-0.04093373,-0.04093107,-0.04092835,-0.04092637,-0.04092449,-0.04092341,-0.0409224,-0.04092221,-0.04092228,-0.04092301,-0.04092414,-0.04092585,-0.04092792,-0.04093061,-0.04093349,-0.04093713,-0.04094053,-0.04094497,-0.0409486,-0.04095367,-0.04095716,-0.0409626,-0.04096578,-0.040971,-0.04097389,-0.04097788,-0.04098079,-0.04098326,-0.04098539,-0.04098738,-0.04098651,-0.04098487,-0.04098978,-0.04097835,-0.04097563,-0.04099047,-0.04097106,-0.04094539,-0.04096991,-0.04099331,-0.04095686,-0.04089545,-0.04088666,-0.04092747,-0.04098043,-0.04099545,-0.04097991,-0.04095957,-0.04093022,-0.04090255,-0.04088451,-0.04088356,-0.04089519,-0.04091547,-0.04093399,-0.04094827,-0.04095022,-0.04092957,-0.04089887,-0.04088296,-0.04089926,-0.04093038,-0.04094011,-0.04092861,-0.04092983,-0.04095003,-0.0409535,-0.04094998,-0.04096329,-0.04096854,-0.04096784,-0.04097907,-0.04097905,-0.04098392,-0.04098795
-0.04755974,-0.04755842,-0.0475624,-0.04756038,-0.04756182,-0.04755927,-0.04755874,-0.04755553,-0.04755337,-0.0475495,-0.04754598,-0.04754149,-0.04753689,-0.04753191,-0.04752648,-0.04752115,-0.04751514,-0.04750967,-0.04750335,-0.0474979,-0.04749165,-0.04748623,-0.04748049,-0.04747544,-0.0474702,-0.04746577,-0.04746134,-0.0474578,-0.0474544,-0.04745187,-0.04744958,-0.04744831,-0.04744733,-0.04744728,-0.04744776,-0.04744902,-0.04745086,-0.04745346,-0.04745652,-0.04746044,-0.0474645,-0.04746961,-0.04747435,-0.04748044,-0.04748548,-0.04749232,-0.04749721,-0.04750422,-0.04750879,-0.04751512,-0.04751961,-0.0475244,-0.04752849,-0.04753166,-0.04753356,-0.04753687,-0.04753937,-0.04753364,-0.04754287,-0.04754173,-0.04752137,-0.04753424,-0.0475519,-0.04751777,-0.04748416,-0.04751024,-0.0475606,-0.04755739,-0.04750446,-0.04743994,-0.04741437,-0.04742014,-0.04743144,-0.04745284,-0.0474737,-0.04748626,-0.04748316,-0.04746915,-0.04744822,-0.04743084,-0.04741938,-0.04742193,-0.0474487,-0.04748666,-0.0475107,-0.04750334,-0.04748226,-0.04748378,-0.04750702,-0.04751737,-0.04750879,-0.0475173,-0.0475324,-0.04753001,-0.04753539,-0.04754591,-0.04754352,-0.04755167,-0.04755374,-0.04755571
-0.05412064,-0.05412421,-0.05412098,-0.05412232,-0.05411865,-0.05411758,-0.05411302,-0.05410986,-0.05410435,-0.05409943,-0.05409306,-0.05408673,-0.05407964,-0.05407222,-0.05406462,-0.05405643,-0.05404857,-0.05403994,-0.0540321,-0.0540234,-0.0540157,-0.05400749,-0.05400007,-0.05399255,-0.05398596,-0.0539794,-0.05397383,-0.05396849,-0.05396421,-0.05396035,-0.05395764,-0.05395537,-0.05395433,-0.05395393,-0.05395461,-0.05395609,-0.05395856,-0.0539618,-0.05396605,-0.05397085,-0.05397675,-0.05398273,-0.05399004,-0.0539968,-0.05400522,-0.05401219,-0.05402127,-0.0540281,-0.05403707,-0.05404363,-0.05405131,-0.05405765,-0.05406332,-0.05406836,-0.05407304,-0.05407448,-0.05407492,-0.05408173,-0.0540715,-0.05407003,-0.05408587,-0.05406622,-0.05404043,-0.05406563,-0.0540888,-0.05405081,-0.05398815,-0.05397952,-0.05402076,-0.05407355,-0.05408742,-0.05407076,-0.05404994,-0.05402039,-0.05399306,-0.05397589,-0.05397633,-0.05398958,-0.05401167,-0.054032,-0.05404824,-0.0540521,-0.05403325,-0.0540049,-0.05399222,-0.05401234,-0.05404672,-0.05405857,-0.05404909,-0.05405315,-0.05407609,-0.05408115,-0.05407932,-0.05409451,-0.05410071,-0.05410085,-0.0541128,-0.0541127,-0.0541175,-0.05412084
-0.06060904,-0.06060507,-0.06060608,-0.06060056,-0.0605983,-0.06059159,-0.06058675,-0.06057887,-0.06057191,-0.06056296,-0.06055429,-0.06054447,-0.0605345,-0.06052402,-0.06051314,-0.06050235,-0.06049096,-0.0604802,-0.0604687,-0.06045827,-0.06044722,-0.06043724,-0.06042718,-0.06041812,-0.06040919,-0.06040145,-0.06039408,-0.06038801,-0.06038252,-0.06037835,-0.06037489,-0.06037297,-0.06037185,-0.06037217,-0.06037353,-0.06037619,-0.06037996,-0.06038499,-0.06039099,-0.06039826,-0.06040611,-0.0604154,-0.06042469,-0.06043562,-0.06044573,-0.06045784,-0.0604681,-0.06048058,-0.06049056,-0.06050234,-0.06051204,-0.06052175,-0.06053044,-0.06053796,-0.06054376,-0.0605507,-0.06055629,-0.06055308,-0.06056483,-0.06056508,-0.06054551,-0.06055981,-0.06057806,-0.06054301,-0.06050903,-0.06053584,-0.06058634,-0.06058155,-0.06052668,-0.06046106,-0.06043575,-0.06044212,-0.06045377,-0.06047562,-0.06049685,-0.06050977,-0.0605071,-0.06049388,-0.06047421,-0.06045875,-0.06044951,-0.06045481,-0.06048478,-0.0605256,-0.06055165,-0.0605456,-0.06052646,-0.06053101,-0.06055712,-0.06056903,-0.06056167,-0.0605721,-0.06058831,-0.06058614,-0.0605921,-0.06060251,-0.06059935,-0.06060679,-0.06060722,-0.06060737
-0.06691332,-0.06691226,-0.06690386,-0.06689989,-0.06689043,-0.0668835,-0.06687273,-0.06686334,-0.06685136,-0.06684001,-0.06682707,-0.06681427,-0.06680069,-0.06678691,-0.06677305,-0.06675883,-0.06674511,-0.06673089,-0.06671773,-0.06670406,-0.06669174,-0.06667931,-0.06666809,-0.06665723,-0.06664778,-0.0666389,-0.06663154,-0.06662496,-0.06662004,-0.06661615,-0.06661405,-0.06661302,-0.06661386,-0.06661599,-0.06661982,-0.0666251,-0.06663198,-0.06664024,-0.06665007,-0.06666096,-0.06667344,-0.06668645,-0.06670118,-0.06671565,-0.066732,-0.06674706,-0.06676432,-0.06677929,-0.06679634,-0.06681073,-0.06682596,-0.06683931,-0.06685172,-0.06686293,-0.0668733,-0.06687966,-0.06688444,-0.06689505,-0.06688727,-0.0668881,-0.06690592,-0.06688651,-0.06686094,-0.06688715,-0.06690994,-0.06686973,-0.06680511,-0.06679621,-0.06683745,-0.06688931,-0.06690089,-0.0668819,-0.06685944,-0.06682862,-0.0668007,-0.06678351,-0.06678447,-0.06679837,-0.06682113,-0.06684191,-0.06685868,-0.06686286,-0.06684405,-0.06681635,-0.06680527,-0.06682768,-0.06686344,-0.06687511,-0.06686526,-0.06687003,-0.06689339,-0.06689736,-0.06689455,-0.06690894,-0.06691305,-0.06691098,-0.06692059,-0.06691709,-0.0669186,-0.06691784
-0.07291839,-0.07290739,-0.07290127,-0.07288829,-0.07287869,-0.07286447,-0.07285229,-0.07283702,-0.07282292,-0.07280689,-0.07279145,-0.07277504,-0.07275882,-0.07274241,-0.07272601,-0.0727101,-0.07269405,-0.07267909,-0.0726639,-0.07265034,-0.07263673,-0.0726248,-0.0726134,-0.07260366,-0.07259472,-0.07258767,-0.07258169,-0.07257774,-0.07257509,-0.07257454,-0.07257546,-0.07257868,-0.07258344,-0.0725904,-0.07259912,-0.07260986,-0.07262237,-0.07263679,-0.07265276,-0.07267055,-0.07268941,-0.07271013,-0.07273117,-0.07275409,-0.0727763,-0.07280059,-0.07282289,-0.07284728,-0.07286878,-0.0728917,-0.07291186,-0.07293145,-0.07294927,-0.07296519,-0.07297834,-0.0729918,-0.07300268,-0.0730035,-0.07301874,-0.07302075,-0.07300181,-0.07301715,-0.07303493,-0.07299713,-0.07296075,-0.07298619,-0.07303426,-0.07302459,-0.07296421,-0.07289385,-0.07286523,-0.07286847,-0.07287643,-0.07289468,-0.07291205,-0.07292099,-0.07291419,-0.07289716,-0.072874,-0.07285562,-0.07284369,-0.07284681,-0.07287508,-0.0729136,-0.07293618,-0.07292584,-0.07290322,-0.0729057,-0.07292946,-0.07293728,-0.07292557,-0.07293268,-0.07294462,-0.07293719,-0.07293849,-0.07294348,-0.07293429,-0.07293604,-0.07292988,-0.07292358
-0.07846174,-0.07845224,-0.07843556,-0.07842384,-0.07840677,-0.07839285,-0.07837534,-0.07835983,-0.07834212,-0.07832572,-0.07830821,-0.07829151,-0.07827461,-0.07825827,-0.07824247,-0.07822704,-0.07821281,-0.07819883,-0.07818665,-0.07817473,-0.07816496,-0.07815585,-0.07814877,-0.07814286,-0.07813919,-0.0781369,-0.07813697,-0.07813864,-0.0781428,-0.07814884,-0.07815749,-0.078168,-0.07818117,-0.0781964,-0.07821407,-0.07823389,-0.07825594,-0.07827996,-0.07830604,-0.07833368,-0.07836328,-0.07839368,-0.07842592,-0.07845795,-0.07849179,-0.07852409,-0.07855827,-0.07858956,-0.07862228,-0.0786514,-0.07868042,-0.07870653,-0.07873053,-0.07875185,-0.07877097,-0.07878427,-0.07879452,-0.07880906,-0.07880282,-0.07880449,-0.07882182,-0.07879896,-0.07876921,-0.07879158,-0.07880816,-0.07875893,-0.07868504,-0.07866842,-0.07870176,-0.0787442,-0.07874431,-0.07871338,-0.07867947,-0.07863731,-0.07859858,-0.07857104,-0.07856211,-0.0785661,-0.07857881,-0.0785891,-0.07859544,-0.07858884,-0.07855894,-0.07852093,-0.07850091,-0.07851538,-0.0785422,-0.07854331,-0.07852307,-0.07851914,-0.07853373,-0.07852753,-0.07851534,-0.07852103,-0.07851532,-0.07850399,-0.07850467,-0.07849164,-0.07848447,-0.07847477
-0.08338802,-0.08337046,-0.08335891,-0.08334123,-0.08332814,-0.08331117,-0.08329743,-0.08328138,-0.08326764,-0.08325282,-0.08323967,-0.08322641,-0.08321442,-0.08320316,-0.08319288,-0.08318398,-0.08317591,-0.08316983,-0.08316445,-0.08316158,-0.08315952,-0.08316004,-0.08316197,-0.08316641,-0.08317249,-0.08318128,-0.08319198,-0.08320551,-0.08322114,-0.08323964,-0.08326035,-0.08328406,-0.08330999,-0.08333876,-0.0833699,-0.08340359,-0.08343954,-0.08347776,-0.08351786,-0.08355999,-0.08360332,-0.08364842,-0.08369368,-0.08374051,-0.08378614,-0.0838332,-0.08387739,-0.08392266,-0.08396371,-0.08400478,-0.08404142,-0.08407594,-0.0841065,-0.0841331,-0.08415446,-0.08417391,-0.08418816,-0.08418959,-0.08420375,-0.08420151,-0.08417553,-0.08418307,-0.08419006,-0.08413771,-0.08408626,-0.08409695,-0.08412808,-0.0840977,-0.08401501,-0.08392263,-0.08387306,-0.08385501,-0.08384056,-0.083836,-0.08382986,-0.0838148,-0.08378363,-0.08374251,-0.08369566,-0.0836544,-0.08362003,-0.08360167,-0.08360943,-0.08362719,-0.08362828,-0.08359618,-0.08355377,-0.08353911,-0.08354624,-0.08353629,-0.08350781,-0.08350064,-0.08349826,-0.08347663,-0.08346581,-0.08345895,-0.08343844,-0.08343057,-0.0834149,-0.08340059
-0.0875202,-0.08751263,-0.08749952,-0.08749326,-0.08748297,-0.08747753,-0.08746973,-0.08746552,-0.08746026,-0.08745772,-0.08745518,-0.08745472,-0.0874551,-0.08745721,-0.08746077,-0.08746574,-0.0874728,-0.08748105,-0.08749194,-0.08750389,-0.08751877,-0.08753505,-0.0875541,-0.08757501,-0.08759881,-0.0876246,-0.08765338,-0.08768436,-0.08771838,-0.08775478,-0.08779425,-0.08783603,-0.08788087,-0.08792811,-0.08797807,-0.08803038,-0.08808505,-0.08814174,-0.0882004,-0.08826046,-0.08832208,-0.08838402,-0.0884471,-0.08850913,-0.08857191,-0.08863181,-0.08869209,-0.08874763,-0.08880267,-0.08885171,-0.08889829,-0.08893912,-0.0889748,-0.08900439,-0.08902854,-0.08904307,-0.08905111,-0.08905996,-0.08904358,-0.08903244,-0.08903342,-0.08898892,-0.08893511,-0.0889323,-0.08891942,-0.08883601,-0.08872629,-0.08867447,-0.08867134,-0.08867454,-0.08863215,-0.08855737,-0.08847954,-0.08839292,-0.08830993,-0.08823846,-0.08818621,-0.08814713,-0.08811719,-0.08808512,-0.08805013,-0.08800289,-0.08793336,-0.08785837,-0.08780491,-0.08778901,-0.08778621,-0.08775792,-0.08771102,-0.08768491,-0.08767948,-0.08765377,-0.08762553,-0.08761822,-0.08760034,-0.08757971,-0.0875734,-0.08755456,-0.08754436,-0.0875329
-0.09072599,-0.09072804,-0.09073839,-0.09074434,-0.09075702,-0.09076723,-0.09078251,-0.0907967,-0.09081475,-0.09083274,-0.09085368,-0.0908754,-0.09089947,-0.09092494,-0.09095225,-0.09098156,-0.09101237,-0.09104569,-0.09108025,-0.09111772,-0.09115642,-0.09119802,-0.09124134,-0.09128743,-0.09133538,-0.09138623,-0.09143917,-0.09149507,-0.09155317,-0.09161417,-0.0916774,-0.09174361,-0.091812,-0.09188307,-0.09195632,-0.09203179,-0.0921092,-0.09218835,-0.09226884,-0.09235054,-0.0924325,-0.09251507,-0.09259649,-0.09267788,-0.09275623,-0.09283386,-0.09290617,-0.09297685,-0.09304021,-0.0931003,-0.09315217,-0.09319781,-0.09323493,-0.09326354,-0.09328182,-0.09329341,-0.0932943,-0.09327687,-0.09326778,-0.09323573,-0.09317438,-0.09314333,-0.09310596,-0.09300261,-0.09289752,-0.09285295,-0.09282453,-0.09272839,-0.09257647,-0.09241367,-0.09229379,-0.09220425,-0.09211644,-0.09203778,-0.09195674,-0.09186667,-0.09176087,-0.09164671,-0.09152914,-0.0914205,-0.0913219,-0.09124368,-0.09119625,-0.09116229,-0.09111469,-0.09103768,-0.09095703,-0.0909114,-0.09089208,-0.09085831,-0.09081122,-0.09079192,-0.09078049,-0.09075318,-0.09074219,-0.09073788,-0.09072308,-0.09072492,-0.09072084,-0.0907215
-0.09289256,-0.09293169,-0.09296716,-0.09301149,-0.09305302,-0.09310102,-0.09314756,-0.09319893,-0.09324986,-0.0933044,-0.09335929,-0.09341691,-0.09347551,-0.09353613,-0.09359827,-0.09366194,-0.0937276,-0.09379439,-0.09386361,-0.0939337,-0.09400643,-0.09408025,-0.09415644,-0.0942341,-0.09431421,-0.09439588,-0.09448004,-0.09456589,-0.09465424,-0.09474441,-0.09483705,-0.09493139,-0.09502812,-0.0951265,-0.09522676,-0.09532852,-0.09543161,-0.09553567,-0.09564038,-0.09574505,-0.09584958,-0.09595259,-0.09605457,-0.09615304,-0.09624945,-0.09633985,-0.0964271,-0.09650564,-0.09657937,-0.09664229,-0.09669751,-0.09674094,-0.09677326,-0.09679283,-0.09680032,-0.09679072,-0.09676748,-0.09673777,-0.09667416,-0.09660912,-0.09654902,-0.09643414,-0.09630399,-0.09622049,-0.09611897,-0.09593863,-0.09572741,-0.09557259,-0.09546304,-0.09535499,-0.09519634,-0.09500287,-0.09480622,-0.09460087,-0.09440104,-0.09421559,-0.09405342,-0.09390881,-0.09377871,-0.09365235,-0.09353043,-0.09340358,-0.09326246,-0.09312612,-0.09302235,-0.09296649,-0.09293091,-0.0928762,-0.09281195,-0.09277906,-0.09277362,-0.09275252,-0.09273662,-0.09274814,-0.09275251,-0.0927598,-0.09278578,-0.09280188,-0.09283099,-0.09286086
-0.09397498,-0.09405719,-0.09414881,-0.0942366,-0.09433203,-0.09442513,-0.09452377,-0.09462113,-0.09472243,-0.09482322,-0.09492676,-0.09503042,-0.0951359,-0.09524196,-0.0953492,-0.09545747,-0.09556637,-0.09567671,-0.09578725,-0.0958996,-0.09601204,-0.09612621,-0.09624089,-0.0963571,-0.09647396,-0.09659249,-0.09671184,-0.09683289,-0.09695486,-0.09707846,-0.09720302,-0.09732926,-0.09745631,-0.09758466,-0.09771371,-0.09784343,-0.09797344,-0.09810337,-0.09823266,-0.0983609,-0.09848702,-0.098611,-0.0987308,-0.09884708,-0.09895645,-0.09906078,-0.09915492,-0.09924211,-0.09931594,-0.09938007,-0.0994286,-0.09946311,-0.09948072,-0.0994811,-0.09946144,-0.09942557,-0.09936836,-0.09928206,-0.09919437,-0.09907152,-0.09890868,-0.09876803,-0.09860991,-0.09837365,-0.09812845,-0.09793819,-0.09775598,-0.09749597,-0.09717361,-0.0968373,-0.09654364,-0.0962802,-0.09601889,-0.09577022,-0.09552403,-0.09527582,-0.09502058,-0.09476817,-0.09452512,-0.09430558,-0.0941108,-0.09395269,-0.09384163,-0.09375808,-0.09367355,-0.09357248,-0.09348311,-0.09344359,-0.09344067,-0.0934306,-0.09341696,-0.09344146,-0.09347892,-0.09350584,-0.09355623,-0.09361652,-0.09367006,-0.09374443,-0.09381436,-0.09389211
-0.09394053,-0.0940941,-0.09424373,-0.09440207,-0.09455661,-0.09471715,-0.0948749,-0.09503663,-0.09519635,-0.09535853,-0.09551933,-0.09568144,-0.09584261,-0.09600418,-0.09616531,-0.09632616,-0.0964869,-0.09664682,-0.09680703,-0.09696608,-0.09712564,-0.09728419,-0.09744297,-0.09760116,-0.09775968,-0.09791772,-0.09807613,-0.09823422,-0.09839275,-0.09855117,-0.09871003,-0.09886863,-0.09902755,-0.09918611,-0.09934441,-0.09950207,-0.09965865,-0.09981375,-0.09996673,-0.1001168,-0.1002633,-0.1004049,-0.1005412,-0.1006696,-0.1007908,-0.1009003,-0.1010003,-0.1010845,-0.101156,-0.101208,-0.1012427,-0.1012552,-0.1012456,-0.101211,-0.1011518,-0.1010615,-0.1009438,-0.1008052,-0.1006164,-0.1004125,-0.1001989,-0.09991334,-0.09959929,-0.09932094,-0.09901002,-0.09860589,-0.09816144,-0.09776932,-0.09741804,-0.09706403,-0.09665682,-0.09621741,-0.09578334,-0.09535223,-0.09494286,-0.094567,-0.09423602,-0.09394482,-0.0936912,-0.09346415,-0.09326528,-0.09308343,-0.09290843,-0.09276012,-0.09266543,-0.09263707,-0.09264172,-0.09263779,-0.09263702,-0.09268068,-0.09275913,-0.09282658,-0.0929072,-0.09302066,-0.09312864,-0.09324407,-0.09338052,-0.09350782,-0.09365074,-0.09379417
-0.0927864,-0.09301471,-0.09325089,-0.09348141,-0.09371805,-0.09395003,-0.09418568,-0.0944174,-0.09465088,-0.09488107,-0.09511155,-0.09533914,-0.09556586,-0.09579015,-0.09601275,-0.0962332,-0.0964513,-0.09666765,-0.09688111,-0.09709325,-0.09730235,-0.09751011,-0.09771534,-0.09791908,-0.09812055,-0.09832077,-0.09851895,-0.098716,-0.09891127,-0.09910551,-0.09929808,-0.09948966,-0.09967941,-0.09986783,-0.1000543,-0.1002386,-0.1004203,-0.1005987,-0.1007731,-0.1009427,-0.1011062,-0.1012629,-0.1014104,-0.1015486,-0.1016735,-0.1017861,-0.1018804,-0.1019586,-0.1020131,-0.1020466,-0.102052,-0.10203,-0.101976,-0.1018888,-0.1017639,-0.1016048,-0.1014044,-0.1011544,-0.1008834,-0.1005546,-0.1001644,-0.09977797,-0.09935284,-0.09882784,-0.0982791,-0.09777479,-0.09726799,-0.09667264,-0.09601138,-0.09534068,-0.094725,-0.09415706,-0.09361292,-0.09311002,-0.09264135,-0.09220503,-0.09179637,-0.09142585,-0.09109879,-0.09082849,-0.09061313,-0.09046344,-0.0903864,-0.09035666,-0.09034173,-0.09032448,-0.09033495,-0.09040944,-0.0905283,-0.09064396,-0.09076349,-0.0909288,-0.09110819,-0.09127914,-0.09147774,-0.09168575,-0.09188773,-0.0921119,-0.09232997,-0.09255651
-0.09048507,-0.09081355,-0.09113585,-0.09146439,-0.09178588,-0.09211055,-0.09242874,-0.09274771,-0.09306069,-0.09337262,-0.09367896,-0.09398277,-0.09428135,-0.09457637,-0.09486648,-0.09515219,-0.09543338,-0.09570958,-0.09598175,-0.09624857,-0.09651171,-0.09676979,-0.09702409,-0.09727395,-0.09752028,-0.09776247,-0.09800143,-0.09823665,-0.09846891,-0.09869782,-0.09892393,-0.09914666,-0.09936653,-0.09958299,-0.09979596,-0.100005,-0.1002095,-0.1004088,-0.100602,-0.1007878,-0.1009653,-0.1011322,-0.1012877,-0.1014282,-0.1015535,-0.1016581,-0.1017428,-0.1018001,-0.1018316,-0.1018288,-0.1017926,-0.1017163,-0.101598,-0.101433,-0.1012201,-0.1009505,-0.1006273,-0.1002553,-0.09980281,-0.09930767,-0.09877347,-0.09813619,-0.09744494,-0.09676975,-0.09604158,-0.09520388,-0.09432013,-0.09349668,-0.0927285,-0.09197763,-0.09119923,-0.09042389,-0.08969995,-0.0890299,-0.08843655,-0.08793047,-0.08751933,-0.08719107,-0.08693757,-0.08674181,-0.08660229,-0.0865018,-0.08642661,-0.08639599,-0.08643525,-0.08655343,-0.08671033,-0.08686285,-0.08702645,-0.08724332,-0.08749728,-0.08774038,-0.088002,-0.08829844,-0.08858757,-0.08888653,-0.08920588,-0.08951429,-0.08983877,-0.09016095
-0.08703388,-0.08746909,-0.08790836,-0.08833773,-0.08876919,-0.08919098,-0.08961193,-0.09002353,-0.09043196,-0.09083134,-0.09122574,-0.09161139,-0.09199078,-0.09236176,-0.09272549,-0.09308121,-0.09342907,-0.0937695,-0.09410168,-0.09442706,-0.09474424,-0.09505494,-0.09535825,-0.09565526,-0.09594546,-0.09622998,-0.09650835,-0.09678154,-0.09704916,-0.09731194,-0.09756952,-0.09782255,-0.09807038,-0.09831336,-0.0985509,-0.09878256,-0.09900781,-0.09922553,-0.09943479,-0.0996341,-0.09982161,-0.0999957,-0.1001531,-0.1002926,-0.100409,-0.1005017,-0.1005631,-0.1005936,-0.1005838,-0.1005338,-0.1004345,-0.100284,-0.100075,-0.09980384,-0.09946293,-0.09905417,-0.09856731,-0.09799223,-0.09735836,-0.09662542,-0.09579195,-0.09492961,-0.09399724,-0.09293789,-0.09184325,-0.09079646,-0.08976116,-0.0886583,-0.08752538,-0.08643307,-0.08545773,-0.08459802,-0.08383112,-0.08317817,-0.08262733,-0.08216723,-0.08177901,-0.08146202,-0.08121294,-0.08104203,-0.08094373,-0.08092924,-0.08100238,-0.08113161,-0.08128126,-0.08143477,-0.08162775,-0.0818959,-0.08221292,-0.08252836,-0.08285514,-0.08323491,-0.08362835,-0.08401523,-0.08443394,-0.08485986,-0.08527984,-0.08572195,-0.08615431,-0.08659441
-0.08245587,-0.08302885,-0.0835899,-0.08415081,-0.08469757,-0.08524081,-0.08576995,-0.08629284,-0.08680187,-0.08730254,-0.08778965,-0.08826692,-0.0887311,-0.08918439,-0.08962508,-0.09005429,-0.09047166,-0.09087729,-0.091272,-0.09165498,-0.09202792,-0.0923899,-0.09274229,-0.09308487,-0.09341868,-0.09374355,-0.09406054,-0.09436954,-0.0946714,-0.09496605,-0.09525406,-0.09553516,-0.09580982,-0.09607752,-0.09633797,-0.09659075,-0.09683471,-0.09706913,-0.09729215,-0.09750225,-0.09769705,-0.09787371,-0.09802975,-0.0981605,-0.09826359,-0.09833193,-0.09836382,-0.09834945,-0.09828753,-0.09816668,-0.09798432,-0.0977303,-0.09739902,-0.09698191,-0.09647488,-0.09586471,-0.09515275,-0.09434205,-0.09339837,-0.09236466,-0.09124742,-0.0899865,-0.08864594,-0.08731501,-0.08593642,-0.08446977,-0.08300248,-0.08166959,-0.08047759,-0.07938719,-0.07834332,-0.07737117,-0.07652397,-0.07580319,-0.07522693,-0.07478741,-0.07446932,-0.07423995,-0.07408513,-0.07399149,-0.07396795,-0.07399856,-0.07406979,-0.0742033,-0.07442508,-0.07474215,-0.07510717,-0.07547703,-0.07587321,-0.0763384,-0.07684617,-0.07734608,-0.07787337,-0.07843827,-0.07899382,-0.07956185,-0.08014774,-0.08071883,-0.08130413,-0.08188092
-0.07686947,-0.07759246,-0.07830888,-0.07900505,-0.07969308,-0.08036061,-0.08101716,-0.08165354,-0.08227672,-0.0828802,-0.08346892,-0.08403871,-0.08459282,-0.08512875,-0.08564854,-0.08615126,-0.08663782,-0.0871086,-0.08756351,-0.08800407,-0.08842954,-0.08884183,-0.08924059,-0.08962715,-0.09000159,-0.09036523,-0.09071818,-0.09106154,-0.09139538,-0.09172048,-0.0920369,-0.09234524,-0.09264509,-0.09293648,-0.09321889,-0.09349141,-0.09375332,-0.09400268,-0.09423807,-0.09445667,-0.09465574,-0.09483194,-0.09498069,-0.09509826,-0.09517761,-0.09521497,-0.09520023,-0.09512992,-0.09499118,-0.09477991,-0.0944825,-0.09409188,-0.09359641,-0.09298769,-0.09225319,-0.09139217,-0.09039082,-0.08923892,-0.08797083,-0.08654837,-0.08498262,-0.08336542,-0.08167277,-0.07986614,-0.07807132,-0.07640363,-0.07484643,-0.07332279,-0.07187454,-0.07056193,-0.0694365,-0.068472,-0.0676403,-0.0669811,-0.06647677,-0.06608348,-0.06574175,-0.06543761,-0.06518561,-0.06503463,-0.06500503,-0.06511731,-0.06536103,-0.06568597,-0.06605068,-0.06644268,-0.06690639,-0.06747325,-0.06810396,-0.06874166,-0.06940453,-0.07012986,-0.0708663,-0.0715964,-0.07235917,-0.07312105,-0.07387223,-0.07463903,-0.07538588,-0.07613344
-0.07047365,-0.07137142,-0.07224239,-0.07309805,-0.07392455,-0.07473339,-0.07551367,-0.07627438,-0.07700752,-0.07771982,-0.07840578,-0.07907028,-0.07970984,-0.08032782,-0.08092245,-0.08149593,-0.08204786,-0.08257939,-0.08309142,-0.08358415,-0.08405942,-0.08451716,-0.08495897,-0.08538548,-0.08579789,-0.08619685,-0.08658347,-0.08695838,-0.08732241,-0.08767613,-0.08801993,-0.08835399,-0.08867837,-0.08899277,-0.08929627,-0.08958838,-0.08986689,-0.09013067,-0.09037632,-0.09060144,-0.09080154,-0.0909724,-0.09110864,-0.09120341,-0.0912507,-0.09124039,-0.09116615,-0.09101422,-0.09077768,-0.09044034,-0.08999307,-0.08942045,-0.08871061,-0.08784984,-0.08683003,-0.08563469,-0.08426651,-0.08273313,-0.08100634,-0.07914896,-0.07718781,-0.07508432,-0.0729366,-0.07087433,-0.06885918,-0.06686093,-0.06497777,-0.06336784,-0.06202951,-0.06086005,-0.05969428,-0.05851062,-0.0574325,-0.0565416,-0.055871,-0.05535303,-0.05491863,-0.05453602,-0.0542544,-0.05413565,-0.05422698,-0.05447459,-0.05481002,-0.05523717,-0.05579309,-0.05648937,-0.05726179,-0.05805902,-0.05890401,-0.05983351,-0.06080288,-0.06175812,-0.06273996,-0.06374877,-0.06473275,-0.06571983,-0.06670845,-0.06766646,-0.06862503,-0.0695573
-0.06355156,-0.06462079,-0.06566227,-0.06666416,-0.06763936,-0.06857594,-0.06948477,-0.07035678,-0.07120044,-0.07200933,-0.07278989,-0.0735379,-0.07425806,-0.07494802,-0.07561117,-0.07624667,-0.07685673,-0.07744186,-0.07800323,-0.07854255,-0.07906022,-0.07955837,-0.08003769,-0.0804997,-0.08094546,-0.08137635,-0.08179331,-0.08219742,-0.08258949,-0.08297014,-0.08333993,-0.08369898,-0.08404715,-0.08438376,-0.08470827,-0.08501856,-0.08531342,-0.08558921,-0.08584351,-0.08607113,-0.08626781,-0.08642689,-0.08654139,-0.08660328,-0.08660216,-0.08652886,-0.08636878,-0.08611181,-0.08573958,-0.08524036,-0.08459468,-0.08378796,-0.08280357,-0.08162809,-0.08024706,-0.07866219,-0.07686552,-0.07485903,-0.07270064,-0.0703735,-0.06792249,-0.06548087,-0.06305409,-0.06061537,-0.05831567,-0.05627779,-0.05444556,-0.05268246,-0.05104589,-0.04953346,-0.04802116,-0.04646407,-0.04503574,-0.04395515,-0.0431602,-0.04248051,-0.04181512,-0.04122794,-0.04085972,-0.04086366,-0.04123842,-0.04187578,-0.04263126,-0.04344279,-0.04433088,-0.04529929,-0.0463781,-0.04757671,-0.04883334,-0.05008098,-0.05134504,-0.05265614,-0.05394961,-0.05521448,-0.05649075,-0.05773656,-0.058949,-0.06015286,-0.06131119,-0.06244913
-0.05640321,-0.0576405,-0.05882804,-0.05997748,-0.06107668,-0.06213853,-0.06315295,-0.06413056,-0.06506391,-0.06596147,-0.06681807,-0.06764022,-0.06842474,-0.06917668,-0.06989449,-0.07058184,-0.07123858,-0.07186731,-0.07246912,-0.0730456,-0.07359874,-0.07412973,-0.07464034,-0.07513229,-0.07560682,-0.07606555,-0.07650944,-0.07693999,-0.07735768,-0.0777638,-0.07815803,-0.07854096,-0.07891162,-0.07926989,-0.07961334,-0.0799411,-0.08024886,-0.08053457,-0.08079197,-0.08101711,-0.08120174,-0.08133907,-0.08141878,-0.08143046,-0.08136181,-0.08119799,-0.08092504,-0.0805234,-0.07997749,-0.07926509,-0.07836869,-0.07726863,-0.07594761,-0.07439241,-0.07259837,-0.07055836,-0.06829273,-0.06583474,-0.06318267,-0.06044287,-0.05767724,-0.05486922,-0.05213756,-0.04962608,-0.0472522,-0.04492305,-0.04262171,-0.04047393,-0.03868221,-0.03706041,-0.03497528,-0.03254564,-0.03034916,-0.02857404,-0.02719199,-0.02614789,-0.02550858,-0.02530997,-0.02558161,-0.02630286,-0.02737863,-0.02851221,-0.02951224,-0.0305846,-0.03194809,-0.03351704,-0.03511791,-0.03670526,-0.03831996,-0.03999371,-0.04166428,-0.04327988,-0.04489193,-0.04649139,-0.04802618,-0.0495334,-0.05100567,-0.05241515,-0.05379641,-0.05512041
-0.04931248,-0.05068814,-0.05201319,-0.05327293,-0.05448741,-0.05564018,-0.05674993,-0.05780241,-0.05881414,-0.05977323,-0.0606941,-0.06156681,-0.06240411,-0.06319782,-0.06395925,-0.06468152,-0.06537479,-0.06603342,-0.06666648,-0.06726941,-0.0678504,-0.0684052,-0.0689422,-0.06945637,-0.06995638,-0.07043674,-0.07090592,-0.07135788,-0.07180081,-0.07222779,-0.07264657,-0.07304925,-0.07344262,-0.07381748,-0.0741798,-0.07451812,-0.07483727,-0.07512341,-0.07537943,-0.07558892,-0.07575206,-0.07584956,-0.07587785,-0.07581479,-0.07565234,-0.07536569,-0.07494177,-0.07435378,-0.07358511,-0.07260774,-0.0714068,-0.06995505,-0.06824723,-0.06626674,-0.06402173,-0.06152681,-0.05881125,-0.05590125,-0.05290848,-0.04983241,-0.04675292,-0.04380891,-0.04099069,-0.03816533,-0.03542519,-0.03292732,-0.03041173,-0.02719653,-0.02392502,-0.02095293,-0.01798467,-0.01544864,-0.01319111,-0.01104094,-0.009243177,-0.008213158,-0.008105426,-0.008826374,-0.0100499,-0.01143831,-0.01285999,-0.01441301,-0.01603782,-0.01791722,-0.02005298,-0.02206045,-0.02403483,-0.02611628,-0.02820485,-0.03021169,-0.03219637,-0.03418269,-0.0361012,-0.03794717,-0.03976889,-0.04151231,-0.04319048,-0.04482125,-0.04637451,-0.0478752
-0.04250283,-0.04399179,-0.04541117,-0.04676728,-0.04805596,-0.04928601,-0.05045431,-0.05156785,-0.05262569,-0.05363269,-0.05458988,-0.05550023,-0.05636648,-0.05719008,-0.05797509,-0.05872168,-0.05943507,-0.0601143,-0.06076565,-0.06138708,-0.06198555,-0.06255859,-0.06311266,-0.06364576,-0.06416346,-0.06466366,-0.06515124,-0.06562386,-0.06608548,-0.06653334,-0.06697008,-0.0673921,-0.06780069,-0.06819116,-0.06856252,-0.06890894,-0.0692265,-0.06950761,-0.06974509,-0.06992872,-0.07004773,-0.07008828,-0.07003582,-0.0698721,-0.06957891,-0.06913325,-0.06851411,-0.06769491,-0.06665349,-0.06536477,-0.06380854,-0.06197148,-0.05984294,-0.05743043,-0.05475115,-0.05183335,-0.04873126,-0.0455235,-0.04222295,-0.03897182,-0.0358099,-0.03266486,-0.02957651,-0.02667721,-0.02346756,-0.01990181,-0.01621953,-0.01195391,-0.007312479,-0.003301078,-0.001387471,-0.0007991487,-0.0006205503,-0.0005145909,-0.0004467292,-0.0003780393,-0.0003438226,-0.0003323529,-0.0003924766,-0.0005173173,-0.0008517451,-0.001786683,-0.003848678,-0.006502935,-0.009178184,-0.01162223,-0.01406967,-0.01650513,-0.01883822,-0.02119141,-0.0235002,-0.02570139,-0.0278697,-0.02998257,-0.03199094,-0.03393726,-0.03581276,-0.03758952,-0.03931,-0.04093856
-0.03612532,-0.03770509,-0.03918491,-0.04060849,-0.04194106,-0.04322381,-0.044421,-0.04557609,-0.04665083,-0.04769116,-0.04865622,-0.04959424,-0.05046203,-0.05130975,-0.05209215,-0.05286118,-0.05356974,-0.05427134,-0.05491712,-0.055562,-0.05615553,-0.05675337,-0.05730443,-0.05786393,-0.05838034,-0.05890872,-0.05939654,-0.05989851,-0.06036091,-0.06083777,-0.06127396,-0.06172268,-0.06212668,-0.06253781,-0.06289662,-0.06325272,-0.063544,-0.06381729,-0.06400687,-0.06415648,-0.06419566,-0.064165,-0.06398837,-0.06370343,-0.06322798,-0.062598,-0.06172614,-0.06064957,-0.05928018,-0.05766107,-0.05571343,-0.05349407,-0.0509465,-0.04815653,-0.04509075,-0.04188213,-0.03851432,-0.03512133,-0.03174305,-0.02842683,-0.02510734,-0.02194988,-0.01859175,-0.01499479,-0.01092523,-0.006235642,-0.002313007,-0.0007500217,-0.0002753733,-0.0001885781,-0.0001482886,-7.691253e-05,-4.439535e-05,-6.005412e-05,-6.339494e-05,-6.488123e-05,-3.066067e-05,-6.755954e-06,2.267757e-05,7.832376e-06,-1.381096e-05,-1.910066e-05,-2.352004e-05,-0.0002689791,-0.001005251,-0.002942957,-0.005589023,-0.008265772,-0.01080357,-0.01331044,-0.01573886,-0.01817708,-0.02049715,-0.02274962,-0.02492916,-0.02702531,-0.02900649,-0.0309396,-0.03273966,-0.03449071
-0.03028978,-0.03191525,-0.03343242,-0.03489239,-0.03624782,-0.03755347,-0.03876333,-0.03993024,-0.04101069,-0.04205477,-0.04302133,-0.04395787,-0.04482524,-0.04566855,-0.04645045,-0.04721406,-0.04792358,-0.04862019,-0.04926951,-0.04991086,-0.05051092,-0.05110773,-0.05166785,-0.05222897,-0.05275708,-0.05328894,-0.05379013,-0.05429627,-0.05477213,-0.05525194,-0.05569931,-0.05614653,-0.05655583,-0.056957,-0.0573099,-0.05764179,-0.05790935,-0.05813633,-0.0582758,-0.05834701,-0.05829914,-0.05814618,-0.05783375,-0.05737033,-0.05669928,-0.05582482,-0.05469142,-0.05330338,-0.05161186,-0.04963096,-0.04732659,-0.04473802,-0.04185767,-0.03875686,-0.03546725,-0.03207136,-0.02862842,-0.02524346,-0.02185589,-0.01858258,-0.0153096,-0.01185273,-0.007980606,-0.00381408,-0.001100345,-0.0002439313,-0.0001680926,-0.0001818212,-0.0001358696,-0.0001752053,NaN,NaN,NaN,NaN,NaN,NaN,NaN,NaN,NaN,NaN,NaN,-3.121801e-05,1.567995e-05,-5.597362e-06,1.181836e-05,-1.490612e-05,-0.0004035737,-0.001760745,-0.004121821,-0.006720502,-0.009211198,-0.01164385,-0.01404299,-0.01641651,-0.01864394,-0.02083392,-0.02291423,-0.02490243,-0.02679249,-0.02859304
-0.02502224,-0.02667189,-0.02820795,-0.02967455,-0.03103914,-0.03234123,-0.03355058,-0.03470727,-0.03578022,-0.03681042,-0.03776528,-0.03868672,-0.03954057,-0.04036947,-0.04113797,-0.0418894,-0.04258704,-0.04327478,-0.04391459,-0.04455087,-0.04514442,-0.04573946,-0.04629654,-0.04685854,-0.04738591,-0.04792049,-0.04842198,-0.04893088,-0.04940585,-0.04988571,-0.05032778,-0.05076892,-0.05116421,-0.05154782,-0.05187246,-0.05216872,-0.05238621,-0.05255128,-0.05260951,-0.05258277,-0.05241182,-0.05211454,-0.05162678,-0.05096399,-0.0500586,-0.04892737,-0.04750359,-0.04581202,-0.04379557,-0.04149571,-0.03887907,-0.03601389,-0.0329026,-0.02965108,-0.02627629,-0.02291565,-0.01955797,-0.01631581,-0.01316289,-0.009983301,-0.006605435,-0.00310723,-0.0007797809,-0.0001655687,-0.0001608165,-0.0001810644,-0.0001485107,NaN,NaN,NaN,NaN,NaN,NaN,NaN,NaN,NaN,NaN,NaN,NaN,NaN,NaN,NaN,NaN,NaN,4.37222e-06,-3.64317e-06,5.278748e-06,7.240503e-06,-0.0002917341,-0.001577131,-0.003815625,-0.006255079,-0.008604256,-0.01093742,-0.01320116,-0.01541337,-0.01751263,-0.01956169,-0.02146195,-0.02330738
-0.02033414,-0.02198404,-0.02351554,-0.02498109,-0.02633072,-0.02762349,-0.02881136,-0.02995203,-0.03100009,-0.03201015,-0.03293926,-0.03383882,-0.03466801,-0.03547534,-0.03622188,-0.03695347,-0.0376329,-0.03830339,-0.03892931,-0.03955128,-0.040135,-0.04071897,-0.04126902,-0.04182249,-0.04234486,-0.04287166,-0.04336815,-0.04386771,-0.04433502,-0.04480095,-0.04522911,-0.04564716,-0.04601738,-0.04636352,-0.04664554,-0.04688295,-0.04703265,-0.04710897,-0.04706563,-0.04691096,-0.0465961,-0.04612337,-0.04544333,-0.04455381,-0.04340903,-0.0420065,-0.04031171,-0.03832966,-0.03604661,-0.03348674,-0.03066591,-0.02763989,-0.02446244,-0.02121416,-0.01798464,-0.01480282,-0.01174661,-0.008822973,-0.005987207,-0.003046516,-0.000791349,-0.0001540195,-0.0001318296,-0.0001634977,-0.0001112016,NaN,NaN,NaN,NaN,NaN,NaN,NaN,NaN,NaN,NaN,NaN,NaN,NaN,NaN,NaN,NaN,NaN,NaN,NaN,NaN,NaN,1.848548e-05,-7.381059e-06,1.10185e-05,-3.910765e-06,-0.0003846396,-0.001890585,-0.004107953,-0.006363652,-0.008521371,-0.01072515,-0.01283143,-0.01485004,-0.01677261,-0.0186066
-0.01619989,-0.01782549,-0.01935988,-0.02079058,-0.02213733,-0.02339007,-0.02456808,-0.02566612,-0.02669939,-0.02766638,-0.02857804,-0.02943583,-0.03024699,-0.03101535,-0.03174498,-0.03244146,-0.0331061,-0.03374587,-0.03435951,-0.03495507,-0.03552905,-0.03608971,-0.03663237,-0.03716421,-0.03767962,-0.03818474,-0.03867255,-0.03914768,-0.03960146,-0.0400365,-0.04044218,-0.04081847,-0.04115208,-0.04143959,-0.04166486,-0.04181984,-0.04188528,-0.04184797,-0.04168524,-0.04137902,-0.04090372,-0.04023803,-0.03935575,-0.03823607,-0.03685736,-0.03520603,-0.03327382,-0.03106311,-0.02859087,-0.02588126,-0.02298858,-0.0199577,-0.01688708,-0.01384246,-0.01093376,-0.008190151,-0.005617886,-0.003124951,-0.001075289,-0.0001899639,-0.000100777,-0.0001373926,-8.835369e-05,NaN,NaN,NaN,NaN,NaN,NaN,NaN,NaN,NaN,NaN,NaN,NaN,NaN,NaN,NaN,NaN,NaN,NaN,NaN,NaN,NaN,NaN,NaN,NaN,NaN,1.977281e-05,-1.058619e-05,1.32536e-05,-5.73684e-05,-0.000747618,-0.002531956,-0.004671037,-0.006738128,-0.008798853,-0.01077411,-0.01266292,-0.01447791
-0.01257845,-0.01417741,-0.01568732,-0.01709709,-0.01841472,-0.01964192,-0.02078837,-0.02185637,-0.02285714,-0.02379096,-0.02467051,-0.02549376,-0.02627457,-0.02700872,-0.02771088,-0.02837472,-0.02901542,-0.02962465,-0.03021796,-0.03078502,-0.03134146,-0.03187545,-0.03240154,-0.03290729,-0.03340558,-0.03388283,-0.03435027,-0.03479285,-0.03521966,-0.03561386,-0.03598176,-0.03630403,-0.03658386,-0.03679894,-0.03694829,-0.03700646,-0.0369677,-0.03680335,-0.03650327,-0.03603613,-0.03538917,-0.03453057,-0.03344898,-0.03211703,-0.03053176,-0.02867847,-0.02657207,-0.02422116,-0.02166566,-0.01894657,-0.01612525,-0.01327781,-0.0104803,-0.007839723,-0.005454248,-0.003350097,-0.001508653,-0.0002934923,-8.470239e-05,-9.009387e-05,-8.587485e-05,NaN,NaN,NaN,NaN,NaN,NaN,NaN,NaN,NaN,NaN,NaN,NaN,NaN,NaN,NaN,NaN,NaN,NaN,NaN,NaN,NaN,NaN,NaN,NaN,NaN,NaN,NaN,NaN,NaN,7.281863e-06,4.160209e-07,4.398502e-06,-0.000234457,-0.001511309,-0.003423081,-0.005377901,-0.007248992,-0.009108668,-0.01087285
-0.009413663,-0.01099626,-0.01246778,-0.01385441,-0.01513873,-0.01633972,-0.0174522,-0.01849211,-0.01945702,-0.02036146,-0.02120364,-0.02199731,-0.02274042,-0.02344606,-0.02411134,-0.02474861,-0.02535393,-0.02593892,-0.02649832,-0.02704314,-0.02756676,-0.028079,-0.02857266,-0.02905535,-0.02951928,-0.02997005,-0.0303986,-0.03080826,-0.03118827,-0.03153928,-0.03184827,-0.03211286,-0.03231696,-0.03245475,-0.03250686,-0.03246334,-0.0323016,-0.03200814,-0.03155761,-0.03093494,-0.030114,-0.0290823,-0.02781728,-0.02631622,-0.02456751,-0.02258807,-0.02038663,-0.01800909,-0.01549231,-0.01291066,-0.01032774,-0.007830124,-0.005499002,-0.003451198,-0.001760881,-0.0005930795,-9.535022e-05,-6.150184e-05,-7.432319e-05,NaN,NaN,NaN,NaN,NaN,NaN,NaN,NaN,NaN,NaN,NaN,NaN,NaN,NaN,NaN,NaN,NaN,NaN,NaN,NaN,NaN,NaN,NaN,NaN,NaN,NaN,NaN,NaN,NaN,NaN,NaN,NaN,NaN,-8.621353e-06,1.013065e-05,-6.977234e-05,-0.0008046395,-0.002450615,-0.004298039,-0.006024214,-0.007776237
-0.006699465,-0.008214938,-0.009663238,-0.01101098,-0.01226975,-0.01343835,-0.01452458,-0.01553289,-0.01646962,-0.01734108,-0.01815327,-0.01891272,-0.01962505,-0.02029612,-0.02093085,-0.02153394,-0.02210953,-0.02266092,-0.02319146,-0.02370289,-0.0241976,-0.02467611,-0.02513888,-0.02558598,-0.02601542,-0.02642615,-0.02681393,-0.02717617,-0.02750597,-0.02779875,-0.02804446,-0.02823591,-0.02835982,-0.028406,-0.02835739,-0.0282011,-0.02791667,-0.0274892,-0.02689669,-0.02612423,-0.02515222,-0.02396983,-0.0225665,-0.02094233,-0.0191051,-0.01707472,-0.014887,-0.0125898,-0.0102501,-0.007945184,-0.005757422,-0.003781493,-0.002095827,-0.0008271576,-0.0001614081,-4.426105e-05,-4.447326e-05,-4.410816e-05,NaN,NaN,NaN,NaN,NaN,NaN,NaN,NaN,NaN,NaN,NaN,NaN,NaN,NaN,NaN,NaN,NaN,NaN,NaN,NaN,NaN,NaN,NaN,NaN,NaN,NaN,NaN,NaN,NaN,NaN,NaN,NaN,NaN,NaN,NaN,4.335348e-06,3.518317e-06,-1.378433e-05,-0.0003758823,-0.001770447,-0.003470551,-0.005085926
-0.004338192,-0.00581232,-0.007217958,-0.008528305,-0.009759692,-0.01089741,-0.01196145,-0.01294016,-0.01385355,-0.01469402,-0.0154802,-0.01620716,-0.01689126,-0.01752895,-0.01813401,-0.01870344,-0.0192484,-0.01976604,-0.02026487,-0.02074201,-0.02120346,-0.02164562,-0.02207289,-0.02247976,-0.02286922,-0.02323395,-0.02357494,-0.02388272,-0.02415604,-0.02438283,-0.02455925,-0.02467047,-0.02470955,-0.02465874,-0.02450848,-0.02423814,-0.02383654,-0.02328183,-0.0225632,-0.02166115,-0.02056915,-0.01927609,-0.01778593,-0.01610438,-0.01425412,-0.01226689,-0.01019218,-0.008093474,-0.006051794,-0.004154613,-0.002509122,-0.001192142,-0.0003356251,-2.669707e-05,-2.707945e-05,-3.066083e-05,-2.931229e-05,NaN,NaN,NaN,NaN,NaN,NaN,NaN,NaN,NaN,NaN,NaN,NaN,NaN,NaN,NaN,NaN,NaN,NaN,NaN,NaN,NaN,NaN,NaN,NaN,NaN,NaN,NaN,NaN,NaN,NaN,NaN,NaN,NaN,NaN,NaN,NaN,NaN,1.261181e-05,-4.640992e-06,2.527667e-06,-0.000186339,-0.001310881,-0.002834402
-0.002319753,-0.003740298,-0.00508305,-0.006365621,-0.007555335,-0.008679647,-0.009711265,-0.01067711,-0.01155968,-0.0123837,-0.01313818,-0.01384458,-0.01449572,-0.01510933,-0.01568038,-0.01622287,-0.01673295,-0.017221,-0.01768391,-0.01812857,-0.0185521,-0.01895853,-0.01934404,-0.01971071,-0.02005319,-0.02037117,-0.02065778,-0.02091009,-0.02111932,-0.02127975,-0.02138031,-0.02141224,-0.0213624,-0.02121915,-0.02096736,-0.02059381,-0.02008269,-0.01942113,-0.01859593,-0.01759812,-0.01642257,-0.0150698,-0.01355041,-0.01188169,-0.0100987,-0.008242752,-0.00638047,-0.004582758,-0.002947936,-0.0015776,-0.0005806662,-6.612559e-05,7.765148e-06,-1.574967e-05,-1.564403e-05,NaN,NaN,NaN,NaN,NaN,NaN,NaN,NaN,NaN,NaN,NaN,NaN,NaN,NaN,NaN,NaN,NaN,NaN,NaN,NaN,NaN,NaN,NaN,NaN,NaN,NaN,NaN,NaN,NaN,NaN,NaN,NaN,NaN,NaN,NaN,NaN,NaN,NaN,NaN,NaN,NaN,-4.101419e-06,6.635399e-06,-0.000104333,-0.0009562926
-0.0007034147,-0.00193196,-0.003238872,-0.004458887,-0.005639678,-0.006724906,-0.007751802,-0.008686392,-0.009561514,-0.01035585,-0.01109796,-0.01177392,-0.01240764,-0.01298937,-0.01353845,-0.01404752,-0.0145315,-0.01498447,-0.01541716,-0.01582455,-0.01621355,-0.01657917,-0.01692551,-0.01724637,-0.01754341,-0.01780924,-0.01804263,-0.01823475,-0.01838143,-0.01847212,-0.01849969,-0.01845203,-0.01831905,-0.01808749,-0.01774555,-0.01727984,-0.01667885,-0.01593191,-0.01503101,-0.01397313,-0.01275865,-0.01139915,-0.009909765,-0.008324893,-0.006680918,-0.005042667,-0.00347282,-0.002071718,-0.0009327617,-0.0001894269,6.7929e-05,1.717529e-05,-7.037437e-06,-6.008232e-06,NaN,NaN,NaN,NaN,NaN,NaN,NaN,NaN,NaN,NaN,NaN,NaN,NaN,NaN,NaN,NaN,NaN,NaN,NaN,NaN,NaN,NaN,NaN,NaN,NaN,NaN,NaN,NaN,NaN,NaN,NaN,NaN,NaN,NaN,NaN,NaN,NaN,NaN,NaN,NaN,NaN,NaN,NaN,5.062687e-07,4.857928e-06,-6.705018e-05
-3.587365e-05,-0.0004704214,-0.001589979,-0.002818106,-0.003941057,-0.00502798,-0.006017742,-0.006952906,-0.007798578,-0.00858911,-0.009303401,-0.009969808,-0.01057485,-0.01114125,-0.01165986,-0.01214813,-0.01259947,-0.0130264,-0.01342396,-0.01380005,-0.01415062,-0.0144797,-0.01478287,-0.01506134,-0.0153097,-0.01552606,-0.01570408,-0.01583874,-0.01592255,-0.01594745,-0.0159048,-0.01578369,-0.01557498,-0.01526576,-0.01484737,-0.01430698,-0.01363875,-0.01283286,-0.01189064,-0.01080959,-0.009604419,-0.008285453,-0.006888383,-0.005442223,-0.004011665,-0.002648955,-0.001455122,-0.0005100753,3.582935e-05,0.0001185999,2.021202e-05,5.563315e-07,-1.484145e-06,NaN,NaN,NaN,NaN,NaN,NaN,NaN,NaN,NaN,NaN,NaN,NaN,NaN,NaN,NaN,NaN,NaN,NaN,NaN,NaN,NaN,NaN,NaN,NaN,NaN,NaN,NaN,NaN,NaN,NaN,NaN,NaN,NaN,NaN,NaN,NaN,NaN,NaN,NaN,NaN,NaN,NaN,NaN,NaN,NaN,2.991875e-06,4.03707e-06
1.814922e-06,-2.08294e-05,-0.0003325222,-0.001353937,-0.002484389,-0.003518714,-0.004511044,-0.005414279,-0.006261028,-0.007026516,-0.007737343,-0.008379772,-0.008975482,-0.009516466,-0.01001963,-0.01048002,-0.01090993,-0.01130607,-0.01167629,-0.01201823,-0.01233566,-0.01262623,-0.01289066,-0.01312543,-0.01332865,-0.0134957,-0.01362182,-0.01370124,-0.01372648,-0.01369064,-0.01358391,-0.01339887,-0.01312392,-0.01275221,-0.01227231,-0.01167983,-0.01096628,-0.01013346,-0.009179628,-0.008118229,-0.006959133,-0.005734234,-0.004470276,-0.003225317,-0.002048072,-0.001031302,-0.0002490865,0.0001527126,0.0001260138,2.099791e-05,6.575868e-06,1.214467e-06,NaN,NaN,NaN,NaN,NaN,NaN,NaN,NaN,NaN,NaN,NaN,NaN,NaN,NaN,NaN,NaN,NaN,NaN,NaN,NaN,NaN,NaN,NaN,NaN,NaN,NaN,NaN,NaN,NaN,NaN,NaN,NaN,NaN,NaN,NaN,NaN,NaN,NaN,NaN,NaN,NaN,NaN,NaN,NaN,NaN,NaN,NaN,6.714205e-06
6.67436e-06,-1.250208e-06,-1.250306e-05,-0.0002556379,-0.001182788,-0.002217156,-0.003166772,-0.0040703,-0.004892509,-0.005657412,-0.00634896,-0.006986674,-0.007563025,-0.008093636,-0.008575085,-0.009019004,-0.009423922,-0.009797452,-0.01013901,-0.01045227,-0.01073684,-0.01099309,-0.01121964,-0.01141452,-0.01157487,-0.01169625,-0.01177455,-0.01180298,-0.01177629,-0.0116857,-0.01152523,-0.01128477,-0.01095883,-0.0105374,-0.01001713,-0.009390816,-0.008660288,-0.007824589,-0.006895449,-0.00588251,-0.004813403,-0.003713137,-0.002632306,-0.001615972,-0.0007475307,-9.651793e-05,0.0002037143,0.0001180197,2.141601e-05,1.113027e-05,3.853889e-06,NaN,NaN,NaN,NaN,NaN,NaN,NaN,NaN,NaN,NaN,NaN,NaN,NaN,NaN,NaN,NaN,NaN,NaN,NaN,NaN,NaN,NaN,NaN,NaN,NaN,NaN,NaN,NaN,NaN,NaN,NaN,NaN,NaN,NaN,NaN,NaN,NaN,NaN,NaN,NaN,NaN,NaN,NaN,NaN,NaN,NaN,NaN,NaN,NaN
NaN,5.973838e-06,-9.925324e-07,-8.268288e-06,-0.000211211,-0.001052315,-0.001998069,-0.002868443,-0.003689555,-0.004436267,-0.005126157,-0.005749228,-0.006319955,-0.006834793,-0.007305095,-0.007730148,-0.008117895,-0.008468718,-0.008787001,-0.009073405,-0.00932893,-0.00955363,-0.00974605,-0.009904583,-0.01002578,-0.01010659,-0.01014149,-0.01012617,-0.01005341,-0.009918055,-0.009711941,-0.009430083,-0.009064442,-0.008611851,-0.008066841,-0.00743044,-0.006702984,-0.005893677,-0.005012585,-0.004082337,-0.003127151,-0.00218934,-0.001312067,-0.0005652119,-1.71167e-05,0.0002152996,0.0001061392,2.115025e-05,1.396646e-05,6.175469e-06,NaN,NaN,NaN,NaN,NaN,NaN,NaN,NaN,NaN,NaN,NaN,NaN,NaN,NaN,NaN,NaN,NaN,NaN,NaN,NaN,NaN,NaN,NaN,NaN,NaN,NaN,NaN,NaN,NaN,NaN,NaN,NaN,NaN,NaN,NaN,NaN,NaN,NaN,NaN,NaN,NaN,NaN,NaN,NaN,NaN,NaN,NaN,NaN,NaN,NaN
NaN,NaN,5.108641e-06,-3.66273e-07,-6.503591e-06,-0.0001840219,-0.0009481477,-0.001813387,-0.002609683,-0.003355437,-0.004032181,-0.004653268,-0.005212829,-0.005721644,-0.006178816,-0.00659241,-0.006963468,-0.007296945,-0.007594457,-0.007857716,-0.008088126,-0.008284634,-0.008447316,-0.008573302,-0.008660968,-0.008705591,-0.008704278,-0.008650786,-0.008541324,-0.008368818,-0.008129366,-0.007816082,-0.007426602,-0.00695612,-0.006405822,-0.005776005,-0.005074667,-0.004310742,-0.003503656,-0.002675043,-0.001861422,-0.001101287,-0.0004566566,1.307051e-05,0.0002041029,9.36182e-05,2.122598e-05,1.529909e-05,8.584941e-06,NaN,NaN,NaN,NaN,NaN,NaN,NaN,NaN,NaN,NaN,NaN,NaN,NaN,NaN,NaN,NaN,NaN,NaN,NaN,NaN,NaN,NaN,NaN,NaN,NaN,NaN,NaN,NaN,NaN,NaN,NaN,NaN,NaN,NaN,NaN,NaN,NaN,NaN,NaN,NaN,NaN,NaN,NaN,NaN,NaN,NaN,NaN,NaN,NaN,NaN,NaN
NaN,NaN,NaN,4.437442e-06,-1.191982e-07,-5.838617e-06,-0.0001661487,-0.0008621668,-0.001654085,-0.002382016,-0.00305831,-0.003670088,-0.004227647,-0.004727811,-0.005178838,-0.005581261,-0.005940895,-0.006259474,-0.006539989,-0.006784303,-0.006992605,-0.007165928,-0.007302498,-0.007401549,-0.007459844,-0.007475166,-0.007442906,-0.007359792,-0.007220487,-0.007021359,-0.006757393,-0.006425943,-0.006023773,-0.005551145,-0.005009306,-0.004403958,-0.003744178,-0.003044964,-0.00232703,-0.001619661,-0.000959629,-0.0003965504,1.05578e-05,0.0001774988,8.204235e-05,2.042647e-05,1.59926e-05,1.012864e-05,NaN,NaN,NaN,NaN,NaN,NaN,NaN,NaN,NaN,NaN,NaN,NaN,NaN,NaN,NaN,NaN,NaN,NaN,NaN,NaN,NaN,NaN,NaN,NaN,NaN,NaN,NaN,NaN,NaN,NaN,NaN,NaN,NaN,NaN,NaN,NaN,NaN,NaN,NaN,NaN,NaN,NaN,NaN,NaN,NaN,NaN,NaN,NaN,NaN,NaN,NaN,NaN
NaN,NaN,NaN,NaN,3.980104e-06,2.364581e-07,-6.056772e-06,-0.0001540235,-0.0007894876,-0.001514157,-0.002178005,-0.002790042,-0.003341213,-0.003839463,-0.004283792,-0.004680143,-0.005030278,-0.005337766,-0.005605149,-0.005833369,-0.006024738,-0.006177929,-0.00629388,-0.006369906,-0.006405285,-0.006396065,-0.006340442,-0.006233715,-0.006073599,-0.005855578,-0.005577933,-0.005237645,-0.004835421,-0.004371862,-0.003852239,-0.003283881,-0.002679802,-0.002057527,-0.001442238,-0.0008657009,-0.0003717359,-1.022332e-05,0.0001455144,7.277195e-05,2.085132e-05,1.60554e-05,1.147286e-05,NaN,NaN,NaN,NaN,NaN,NaN,NaN,NaN,NaN,NaN,NaN,NaN,NaN,NaN,NaN,NaN,NaN,NaN,NaN,NaN,NaN,NaN,NaN,NaN,NaN,NaN,NaN,NaN,NaN,NaN,NaN,NaN,NaN,NaN,NaN,NaN,NaN,NaN,NaN,NaN,NaN,NaN,NaN,NaN,NaN,NaN,NaN,NaN,NaN,NaN,NaN,NaN,NaN
NaN,NaN,NaN,NaN,NaN,3.526459e-06,1.053631e-07,-6.675561e-06,-0.0001464823,-0.0007271355,-0.001388605,-0.001992532,-0.002544351,-0.003038458,-0.003480929,-0.003872192,-0.004216438,-0.004516013,-0.004772921,-0.004989904,-0.005166697,-0.0053053,-0.005403912,-0.005462852,-0.005479315,-0.005452385,-0.00537848,-0.005256017,-0.005081465,-0.004853473,-0.004569822,-0.004230924,-0.003837522,-0.003393816,-0.002906271,-0.002385392,-0.001846664,-0.00131064,-0.0008056784,-0.0003675466,-4.304536e-05,0.0001079341,6.180081e-05,1.967442e-05,1.572635e-05,1.230431e-05,NaN,NaN,NaN,NaN,NaN,NaN,NaN,NaN,NaN,NaN,NaN,NaN,NaN,NaN,NaN,NaN,NaN,NaN,NaN,NaN,NaN,NaN,NaN,NaN,NaN,NaN,NaN,NaN,NaN,NaN,NaN,NaN,NaN,NaN,NaN,NaN,NaN,NaN,NaN,NaN,NaN,NaN,NaN,NaN,NaN,NaN,NaN,NaN,NaN,NaN,NaN,NaN,NaN,NaN
NaN,NaN,NaN,NaN,NaN,NaN,3.091065e-06,1.382085e-07,-7.766326e-06,-0.0001413778,-0.0006714882,-0.001273657,-0.001820532,-0.002315629,-0.002755714,-0.003145283,-0.003485847,-0.003779938,-0.004030535,-0.00423812,-0.00440572,-0.004532026,-0.004618857,-0.004663959,-0.004667724,-0.00462713,-0.004541812,-0.004408629,-0.004227223,-0.003995413,-0.003714063,-0.003383412,-0.003007482,-0.002591125,-0.002143661,-0.001677639,-0.001210801,-0.0007669134,-0.0003769441,-8.011825e-05,7.095621e-05,5.168511e-05,1.945937e-05,1.507073e-05,1.268872e-05,NaN,NaN,NaN,NaN,NaN,NaN,NaN,NaN,NaN,NaN,NaN,NaN,NaN,NaN,NaN,NaN,NaN,NaN,NaN,NaN,NaN,NaN,NaN,NaN,NaN,NaN,NaN,NaN,NaN,NaN,NaN,NaN,NaN,NaN,NaN,NaN,NaN,NaN,NaN,NaN,NaN,NaN,NaN,NaN,NaN,NaN,NaN,NaN,NaN,NaN,NaN,NaN,NaN,NaN,NaN
NaN,NaN,NaN,NaN,NaN,NaN,NaN,2.689178e-06,-8.217011e-08,-9.044231e-06,-0.0001380515,-0.0006202562,-0.001165571,-0.001658352,-0.002099541,-0.002488219,-0.002827265,-0.003119036,-0.003364757,-0.003567748,-0.003727504,-0.003846877,-0.003924269,-0.003961089,-0.003955164,-0.003906979,-0.003814095,-0.00367675,-0.003493161,-0.003264347,-0.002990549,-0.002675191,-0.002322244,-0.001939569,-0.001537627,-0.001131229,-0.0007406636,-0.000391667,-0.0001187975,3.44761e-05,4.041332e-05,1.794389e-05,1.469008e-05,1.281496e-05,NaN,NaN,NaN,NaN,NaN,NaN,NaN,NaN,NaN,NaN,NaN,NaN,NaN,NaN,NaN,NaN,NaN,NaN,NaN,NaN,NaN,NaN,NaN,NaN,NaN,NaN,NaN,NaN,NaN,NaN,NaN,NaN,NaN,NaN,NaN,NaN,NaN,NaN,NaN,NaN,NaN,NaN,NaN,NaN,NaN,NaN,NaN,NaN,NaN,NaN,NaN,NaN,NaN,NaN,NaN,NaN
NaN,NaN,NaN,NaN,NaN,NaN,NaN,NaN,2.295241e-06,-1.656332e-07,-1.053188e-05,-0.0001345031,-0.0005705341,-0.001061717,-0.001502547,-0.001892542,-0.002231922,-0.002522537,-0.002767272,-0.002966381,-0.003123298,-0.003236995,-0.003309967,-0.003340658,-0.003330445,-0.003277442,-0.003182633,-0.003044508,-0.002864506,-0.002642652,-0.002382133,-0.002086035,-0.001761241,-0.001416085,-0.001063309,-0.0007196696,-0.0004070289,-0.0001544386,9.355857e-07,3.007499e-05,1.688299e-05,1.386314e-05,1.270085e-05,NaN,NaN,NaN,NaN,NaN,NaN,NaN,NaN,NaN,NaN,NaN,NaN,NaN,NaN,NaN,NaN,NaN,NaN,NaN,NaN,NaN,NaN,NaN,NaN,NaN,NaN,NaN,NaN,NaN,NaN,NaN,NaN,NaN,NaN,NaN,NaN,NaN,NaN,NaN,NaN,NaN,NaN,NaN,NaN,NaN,NaN,NaN,NaN,NaN,NaN,NaN,NaN,NaN,NaN,NaN,NaN,NaN
NaN,NaN,NaN,NaN,NaN,NaN,NaN,NaN,NaN,1.962683e-06,-4.262321e-07,-1.197604e-05,-0.0001303737,-0.0005208829,-0.0009596298,-0.001350949,-0.001691739,-0.001983882,-0.002227955,-0.002427464,-0.002581858,-0.002694559,-0.0027644,-0.002793644,-0.002780962,-0.002728032,-0.002633683,-0.002499731,-0.002326119,-0.002115894,-0.001871526,-0.001598951,-0.001304894,-0.001000206,-0.0006987081,-0.0004188491,-0.0001851723,-2.880444e-05,1.978428e-05,1.520711e-05,1.328271e-05,1.241383e-05,NaN,NaN,NaN,NaN,NaN,NaN,NaN,NaN,NaN,NaN,NaN,NaN,NaN,NaN,NaN,NaN,NaN,NaN,NaN,NaN,NaN,NaN,NaN,NaN,NaN,NaN,NaN,NaN,NaN,NaN,NaN,NaN,NaN,NaN,NaN,NaN,NaN,NaN,NaN,NaN,NaN,NaN,NaN,NaN,NaN,NaN,NaN,NaN,NaN,NaN,NaN,NaN,NaN,NaN,NaN,NaN,NaN,NaN
NaN,NaN,NaN,NaN,NaN,NaN,NaN,NaN,NaN,1.123268e-06,1.640493e-06,-6.333373e-07,-1.338972e-05,-0.0001245881,-0.0004694892,-0.0008577624,-0.001201296,-0.001495064,-0.001741823,-0.001941409,-0.002097572,-0.00220954,-0.002280379,-0.002309226,-0.002298375,-0.002247,-0.002157358,-0.002029372,-0.001866154,-0.001669553,-0.001444863,-0.001197407,-0.0009366727,-0.0006736162,-0.0004242462,-0.0002086166,-5.373878e-05,9.828162e-06,1.345182e-05,1.2342e-05,1.2049e-05,1.184518e-05,NaN,NaN,NaN,NaN,NaN,NaN,NaN,NaN,NaN,NaN,NaN,NaN,NaN,NaN,NaN,NaN,NaN,NaN,NaN,NaN,NaN,NaN,NaN,NaN,NaN,NaN,NaN,NaN,NaN,NaN,NaN,NaN,NaN,NaN,NaN,NaN,NaN,NaN,NaN,NaN,NaN,NaN,NaN,NaN,NaN,NaN,NaN,NaN,NaN,NaN,NaN,NaN,NaN,NaN,NaN,NaN,NaN,NaN
NaN,NaN,NaN,NaN,NaN,NaN,NaN,NaN,NaN,NaN,1.029695e-06,1.35677e-06,-9.584904e-07,-1.449429e-05,-0.0001166596,-0.0004154376,-0.0007545845,-0.001052461,-0.00130111,-0.00150448,-0.00166175,-0.001776817,-0.001848956,-0.00188109,-0.001872752,-0.001826616,-0.001742712,-0.001624191,-0.001472528,-0.001292487,-0.001088409,-0.0008683779,-0.0006413427,-0.0004208616,-0.0002234071,-7.258472e-05,7.751979e-07,1.137232e-05,1.14815e-05,1.146818e-05,1.145973e-05,NaN,NaN,NaN,NaN,NaN,NaN,NaN,NaN,NaN,NaN,NaN,NaN,NaN,NaN,NaN,NaN,NaN,NaN,NaN,NaN,NaN,NaN,NaN,NaN,NaN,NaN,NaN,NaN,NaN,NaN,NaN,NaN,NaN,NaN,NaN,NaN,NaN,NaN,NaN,NaN,NaN,NaN,NaN,NaN,NaN,NaN,NaN,NaN,NaN,NaN,NaN,NaN,NaN,NaN,NaN,NaN,NaN,NaN,NaN
NaN,NaN,NaN,NaN,NaN,NaN,NaN,NaN,NaN,NaN,NaN,9.964702e-07,1.083298e-06,-1.203743e-06,-1.522047e-05,-0.0001059193,-0.0003581034,-0.0006496286,-0.0009034628,-0.001109203,-0.001271161,-0.001388751,-0.001465344,-0.001500873,-0.001498258,-0.001457748,-0.001382567,-0.001273995,-0.001136463,-0.0009734541,-0.0007919414,-0.0005991744,-0.000406917,-0.0002282307,-8.452821e-05,-6.779175e-06,9.199875e-06,1.049213e-05,1.084958e-05,1.09446e-05,NaN,NaN,NaN,NaN,NaN,NaN,NaN,NaN,NaN,NaN,NaN,NaN,NaN,NaN,NaN,NaN,NaN,NaN,NaN,NaN,NaN,NaN,NaN,NaN,NaN,NaN,NaN,NaN,NaN,NaN,NaN,NaN,NaN,NaN,NaN,NaN,NaN,NaN,NaN,NaN,NaN,NaN,NaN,NaN,NaN,NaN,NaN,NaN,NaN,NaN,NaN,NaN,NaN,NaN,NaN,NaN,NaN,NaN,NaN,NaN
NaN,NaN,NaN,NaN,NaN,NaN,NaN,NaN,NaN,NaN,NaN,NaN,9.120689e-07,8.715103e-07,-1.515027e-06,-1.533859e-05,-9.287797e-05,-0.0002980768,-0.000542607,-0.0007540189,-0.0009191436,-0.001042162,-0.001122826,-0.00116442,-0.001167362,-0.001135019,-0.001068599,-0.0009722316,-0.0008488086,-0.0007044245,-0.0005451061,-0.0003806759,-0.0002220637,-8.895687e-05,-1.23654e-05,6.969725e-06,9.473146e-06,1.010591e-05,1.039581e-05,NaN,NaN,NaN,NaN,NaN,NaN,NaN,NaN,NaN,NaN,NaN,NaN,NaN,NaN,NaN,NaN,NaN,NaN,NaN,NaN,NaN,NaN,NaN,NaN,NaN,NaN,NaN,NaN,NaN,NaN,NaN,NaN,NaN,NaN,NaN,NaN,NaN,NaN,NaN,NaN,NaN,NaN,NaN,NaN,NaN,NaN,NaN,NaN,NaN,NaN,NaN,NaN,NaN,NaN,NaN,NaN,NaN,NaN,NaN,NaN,NaN
NaN,NaN,NaN,NaN,NaN,NaN,NaN,NaN,NaN,NaN,NaN,NaN,NaN,8.956636e-07,6.537357e-07,-1.726453e-06,-1.487325e-05,-7.785209e-05,-0.0002364716,-0.0004339778,-0.0006040941,-0.000731453,-0.0008183092,-0.0008654348,-0.0008761126,-0.0008515999,-0.000795807,-0.0007112499,-0.0006033836,-0.0004771426,-0.0003408216,-0.0002039738,-8.556718e-05,-1.560507e-05,4.91741e-06,8.373917e-06,9.331708e-06,9.761737e-06,NaN,NaN,NaN,NaN,NaN,NaN,NaN,NaN,NaN,NaN,NaN,NaN,NaN,NaN,NaN,NaN,NaN,NaN,NaN,NaN,NaN,NaN,NaN,NaN,NaN,NaN,NaN,NaN,NaN,NaN,NaN,NaN,NaN,NaN,NaN,NaN,NaN,NaN,NaN,NaN,NaN,NaN,NaN,NaN,NaN,NaN,NaN,NaN,NaN,NaN,NaN,NaN,NaN,NaN,NaN,NaN,NaN,NaN,NaN,NaN,NaN,NaN
NaN,NaN,NaN,NaN,NaN,NaN,NaN,NaN,NaN,NaN,NaN,NaN,NaN,1.000137e-06,8.434999e-07,4.887922e-07,-1.898405e-06,-1.366971e-05,-6.168585e-05,-0.0001759732,-0.0003251173,-0.0004548772,-0.0005469423,-0.0006013244,-0.0006190716,-0.0006038824,-0.0005581587,-0.0004866361,-0.0003935393,-0.0002861843,-0.0001737734,-7.501099e-05,-1.629543e-05,3.091528e-06,7.303253e-06,8.471225e-06,9.093375e-06,9.546024e-06,NaN,NaN,NaN,NaN,NaN,NaN,NaN,NaN,NaN,NaN,NaN,NaN,NaN,NaN,NaN,NaN,NaN,NaN,NaN,NaN,NaN,NaN,NaN,NaN,NaN,NaN,NaN,NaN,NaN,NaN,NaN,NaN,NaN,NaN,NaN,NaN,NaN,NaN,NaN,NaN,NaN,NaN,NaN,NaN,NaN,NaN,NaN,NaN,NaN,NaN,NaN,NaN,NaN,NaN,NaN,NaN,NaN,NaN,NaN,NaN,NaN,NaN
NaN,NaN,NaN,NaN,NaN,NaN,NaN,NaN,NaN,NaN,NaN,NaN,NaN,NaN,9.064554e-07,8.380052e-07,3.472036e-07,-1.88389e-06,-1.18715e-05,-4.558445e-05,-0.0001203321,-0.0002203116,-0.0003095328,-0.0003682147,-0.0003936878,-0.0003871124,-0.000352333,-0.0002933969,-0.0002170387,-0.0001328666,-5.919905e-05,-1.480288e-05,1.754752e-06,6.201052e-06,7.618844e-06,8.359251e-06,8.941315e-06,NaN,NaN,NaN,NaN,NaN,NaN,NaN,NaN,NaN,NaN,NaN,NaN,NaN,NaN,NaN,NaN,NaN,NaN,NaN,NaN,NaN,NaN,NaN,NaN,NaN,NaN,NaN,NaN,NaN,NaN,NaN,NaN,NaN,NaN,NaN,NaN,NaN,NaN,NaN,NaN,NaN,NaN,NaN,NaN,NaN,NaN,NaN,NaN,NaN,NaN,NaN,NaN,NaN,NaN,NaN,NaN,NaN,NaN,NaN,NaN,NaN,NaN,NaN
NaN,NaN,NaN,NaN,NaN,NaN,NaN,NaN,NaN,NaN,NaN,NaN,NaN,NaN,NaN,8.66821e-07,8.129041e-07,2.960471e-07,-1.770049e-06,-9.555065e-06,-3.10405e-05,-7.384692e-05,-0.0001290133,-0.000177366,-0.000203996,-0.0002047981,-0.0001810608,-0.0001387329,-8.731195e-05,-4.116909e-05,-1.173151e-05,8.722067e-07,5.210898e-06,6.714466e-06,7.611446e-06,8.252694e-06,NaN,NaN,NaN,NaN,NaN,NaN,NaN,NaN,NaN,NaN,NaN,NaN,NaN,NaN,NaN,NaN,NaN,NaN,NaN,NaN,NaN,NaN,NaN,NaN,NaN,NaN,NaN,NaN,NaN,NaN,NaN,NaN,NaN,NaN,NaN,NaN,NaN,NaN,NaN,NaN,NaN,NaN,NaN,NaN,NaN,NaN,NaN,NaN,NaN,NaN,NaN,NaN,NaN,NaN,NaN,NaN,NaN,NaN,NaN,NaN,NaN,NaN,NaN,NaN
NaN,NaN,NaN,NaN,NaN,NaN,NaN,NaN,NaN,NaN,NaN,NaN,NaN,NaN,NaN,9.255409e-07,8.500439e-07,8.45902e-07,2.687851e-07,-1.438317e-06,-7.043792e-06,-1.91834e-05,-3.961177e-05,-6.240616e-05,-7.843597e-05,-8.063151e-05,-6.869563e-05,-4.718928e-05,-2.467386e-05,-8.092938e-06,5.326091e-07,4.300001e-06,5.856627e-06,6.811173e-06,7.53284e-06,8.166478e-06,NaN,NaN,NaN,NaN,NaN,NaN,NaN,NaN,NaN,NaN,NaN,NaN,NaN,NaN,NaN,NaN,NaN,NaN,NaN,NaN,NaN,NaN,NaN,NaN,NaN,NaN,NaN,NaN,NaN,NaN,NaN,NaN,NaN,NaN,NaN,NaN,NaN,NaN,NaN,NaN,NaN,NaN,NaN,NaN,NaN,NaN,NaN,NaN,NaN,NaN,NaN,NaN,NaN,NaN,NaN,NaN,NaN,NaN,NaN,NaN,NaN,NaN,NaN,NaN
NaN,NaN,NaN,NaN,NaN,NaN,NaN,NaN,NaN,NaN,NaN,NaN,NaN,NaN,NaN,NaN,9.234155e-07,8.790477e-07,8.72095e-07,3.333263e-07,-9.947878e-07,-4.542787e-06,-1.052708e-05,-1.814044e-05,-2.400842e-05,-2.505517e-05,-2.033884e-05,-1.243898e-05,-4.692961e-06,5.515594e-07,3.553579e-06,5.000983e-06,6.011277e-06,6.741921e-06,7.457465e-06,NaN,NaN,NaN,NaN,NaN,NaN,NaN,NaN,NaN,NaN,NaN,NaN,NaN,NaN,NaN,NaN,NaN,NaN,NaN,NaN,NaN,NaN,NaN,NaN,NaN,NaN,NaN,NaN,NaN,NaN,NaN,NaN,NaN,NaN,NaN,NaN,NaN,NaN,NaN,NaN,NaN,NaN,NaN,NaN,NaN,NaN,NaN,NaN,NaN,NaN,NaN,NaN,NaN,NaN,NaN,NaN,NaN,NaN,NaN,NaN,NaN,NaN,NaN,NaN,NaN
NaN,NaN,NaN,NaN,NaN,NaN,NaN,NaN,NaN,NaN,NaN,NaN,NaN,NaN,NaN,NaN,NaN,9.5821e-07,9.143876e-07,9.337113e-07,4.543166e-07,-4.552268e-07,-2.371859e-06,-4.719913e-06,-6.642365e-06,-6.775349e-06,-5.002395e-06,-2.021314e-06,8.096539e-07,2.904335e-06,4.202244e-06,5.171082e-06,5.903664e-06,6.634683e-06,NaN,NaN,NaN,NaN,NaN,NaN,NaN,NaN,NaN,NaN,NaN,NaN,NaN,NaN,NaN,NaN,NaN,NaN,NaN,NaN,NaN,NaN,NaN,NaN,NaN,NaN,NaN,NaN,NaN,NaN,NaN,NaN,NaN,NaN,NaN,NaN,NaN,NaN,NaN,NaN,NaN,NaN,NaN,NaN,NaN,NaN,NaN,NaN,NaN,NaN,NaN,NaN,NaN,NaN,NaN,NaN,NaN,NaN,NaN,NaN,NaN,NaN,NaN,NaN,NaN,NaN
NaN,NaN,NaN,NaN,NaN,NaN,NaN,NaN,NaN,NaN,NaN,NaN,NaN,NaN,NaN,NaN,NaN,8.792524e-07,9.790989e-07,9.618315e-07,9.72374e-07,6.357441e-07,8.114731e-08,-7.057731e-07,-1.227364e-06,-1.163388e-06,-2.623365e-07,1.022304e-06,2.368904e-06,3.410409e-06,4.291615e-06,4.969442e-06,5.680584e-06,6.323427e-06,NaN,NaN,NaN,NaN,NaN,NaN,NaN,NaN,NaN,NaN,NaN,NaN,NaN,NaN,NaN,NaN,NaN,NaN,NaN,NaN,NaN,NaN,NaN,NaN,NaN,NaN,NaN,NaN,NaN,NaN,NaN,NaN,NaN,NaN,NaN,NaN,NaN,NaN,NaN,NaN,NaN,NaN,NaN,NaN,NaN,NaN,NaN,NaN,NaN,NaN,NaN,NaN,NaN,NaN,NaN,NaN,NaN,NaN,NaN,NaN,NaN,NaN,NaN,NaN,NaN,NaN
NaN,NaN,NaN,NaN,NaN,NaN,NaN,NaN,NaN,NaN,NaN,NaN,NaN,NaN,NaN,NaN,NaN,NaN,8.597609e-07,9.750339e-07,9.674829e-07,9.723246e-07,7.841753e-07,5.722919e-07,4.197103e-07,6.092091e-07,1.113581e-06,1.870018e-06,2.631974e-06,3.329616e-06,3.935242e-06,4.554884e-06,5.138334e-06,NaN,NaN,NaN,NaN,NaN,NaN,NaN,NaN,NaN,NaN,NaN,NaN,NaN,NaN,NaN,NaN,NaN,NaN,NaN,NaN,NaN,NaN,NaN,NaN,NaN,NaN,NaN,NaN,NaN,NaN,NaN,NaN,NaN,NaN,NaN,NaN,NaN,NaN,NaN,NaN,NaN,NaN,NaN,NaN,NaN,NaN,NaN,NaN,NaN,NaN,NaN,NaN,NaN,NaN,NaN,NaN,NaN,NaN,NaN,NaN,NaN,NaN,NaN,NaN,NaN,NaN,NaN
NaN,NaN,NaN,NaN,NaN,NaN,NaN,NaN,NaN,NaN,NaN,NaN,NaN,NaN,NaN,NaN,NaN,NaN,7.400566e-07,7.852167e-07,8.806372e-07,8.919581e-07,8.836215e-07,8.346231e-07,8.644392e-07,1.018185e-06,1.376134e-06,1.824709e-06,2.332961e-06,2.801744e-06,3.289985e-06,3.749266e-06,4.252216e-06,NaN,NaN,NaN,NaN,NaN,NaN,NaN,NaN,NaN,NaN,NaN,NaN,NaN,NaN,NaN,NaN,NaN,NaN,NaN,NaN,NaN,NaN,NaN,NaN,NaN,NaN,NaN,NaN,NaN,NaN,NaN,NaN,NaN,NaN,NaN,NaN,NaN,NaN,NaN,NaN,NaN,NaN,NaN,NaN,NaN,NaN,NaN,NaN,NaN,NaN,NaN,NaN,NaN,NaN,NaN,NaN,NaN,NaN,NaN,NaN,NaN,NaN,NaN,NaN,NaN,NaN,NaN
NaN,NaN,NaN,NaN,NaN,NaN,NaN,NaN,NaN,NaN,NaN,NaN,NaN,NaN,NaN,NaN,NaN,NaN,NaN,5.734868e-07,6.133041e-07,6.700802e-07,6.923106e-07,7.031554e-07,7.45763e-07,8.692958e-07,1.089083e-06,1.372565e-06,1.688391e-06,1.993305e-06,2.308949e-06,2.643379e-06,NaN,NaN,NaN,NaN,NaN,NaN,NaN,NaN,NaN,NaN,NaN,NaN,NaN,NaN,NaN,NaN,NaN,NaN,NaN,NaN,NaN,NaN,NaN,NaN,NaN,NaN,NaN,NaN,NaN,NaN,NaN,NaN,NaN,NaN,NaN,NaN,NaN,NaN,NaN,NaN,NaN,NaN,NaN,NaN,NaN,NaN,NaN,NaN,NaN,NaN,NaN,NaN,NaN,NaN,NaN,NaN,NaN,NaN,NaN,NaN,NaN,NaN,NaN,NaN,NaN,NaN,NaN,NaN
NaN,NaN,NaN,NaN,NaN,NaN,NaN,NaN,NaN,NaN,NaN,NaN,NaN,NaN,NaN,NaN,NaN,NaN,NaN,2.970108e-07,3.354525e-07,3.588351e-07,3.797064e-07,3.969324e-07,4.323575e-07,4.974878e-07,6.090691e-07,7.449278e-07,9.009183e-07,1.056193e-06,1.22503e-06,1.393633e-06,NaN,NaN,NaN,NaN,NaN,NaN,NaN,NaN,NaN,NaN,NaN,NaN,NaN,NaN,NaN,NaN,NaN,NaN,NaN,NaN,NaN,NaN,NaN,NaN,NaN,NaN,NaN,NaN,NaN,NaN,NaN,NaN,NaN,NaN,NaN,NaN,NaN,NaN,NaN,NaN,NaN,NaN,NaN,NaN,NaN,NaN,NaN,NaN,NaN,NaN,NaN,NaN,NaN,NaN,NaN,NaN,NaN,NaN,NaN,NaN,NaN,NaN,NaN,NaN,NaN,NaN,NaN,NaN
NaN,NaN,NaN,NaN,NaN,NaN,NaN,NaN,NaN,NaN,NaN,NaN,NaN,NaN,NaN,NaN,NaN,NaN,NaN,8.060099e-08,9.335721e-08,9.560148e-08,1.199458e-07,1.074323e-07,1.290335e-07,1.338359e-07,1.776929e-07,2.044857e-07,2.619948e-07,2.90493e-07,3.428253e-07,3.863989e-07,NaN,NaN,NaN,NaN,NaN,NaN,NaN,NaN,NaN,NaN,NaN,NaN,NaN,NaN,NaN,NaN,NaN,NaN,NaN,NaN,NaN,NaN,NaN,NaN,NaN,NaN,NaN,NaN,NaN,NaN,NaN,NaN,NaN,NaN,NaN,NaN,NaN,NaN,NaN,NaN,NaN,NaN,NaN,NaN,NaN,NaN,NaN,NaN,NaN,NaN,NaN,NaN,NaN,NaN,NaN,NaN,NaN,NaN,NaN,NaN,NaN,NaN,NaN,NaN,NaN,NaN,NaN,NaN
NaN,NaN,NaN,NaN,NaN,NaN,NaN,NaN,NaN,NaN,NaN,NaN,NaN,NaN,NaN,NaN,NaN,NaN,NaN,0,0,0,0,0,0,0,0,0,0,0,0,0,NaN,NaN,NaN,NaN,NaN,NaN,NaN,NaN,NaN,NaN,NaN,NaN,NaN,NaN,NaN,NaN,NaN,NaN,NaN,NaN,NaN,NaN,NaN,NaN,NaN,NaN,NaN,NaN,NaN,NaN,NaN,NaN,NaN,NaN,NaN,NaN,NaN,NaN,NaN,NaN,NaN,NaN,NaN,NaN,NaN,NaN,NaN,NaN,NaN,NaN,NaN,NaN,NaN,NaN,NaN,NaN,NaN,NaN,NaN,NaN,NaN,NaN,NaN,NaN,NaN,NaN,NaN,NaN
