NaN,NaN,NaN,NaN,NaN,NaN,NaN,NaN,NaN,NaN,NaN,NaN,NaN,NaN,NaN,NaN,NaN,NaN,NaN,0,0,0,0,0,0,0,0,0,0,0,0,0,NaN,NaN,NaN,NaN,NaN,NaN,NaN,NaN,NaN,NaN,NaN,NaN,NaN,NaN,NaN,NaN,NaN,NaN,NaN,NaN,NaN,NaN,NaN,NaN,NaN,NaN,NaN,NaN,NaN,NaN,NaN,NaN,NaN,NaN,NaN,NaN,NaN,NaN,NaN,NaN,NaN,NaN,NaN,NaN,NaN,NaN,NaN,NaN,NaN,NaN,NaN,NaN,NaN,NaN,NaN,NaN,NaN,NaN,NaN,NaN,NaN,NaN,NaN,NaN,NaN,NaN,NaN,NaN
NaN,NaN,NaN,NaN,NaN,NaN,NaN,NaN,NaN,NaN,NaN,NaN,NaN,NaN,NaN,NaN,NaN,NaN,NaN,1.004011e-10,2.921681e-11,-7.289682e-12,-2.555295e-10,-2.793312e-10,-3.427221e-10,-1.11578e-10,-8.359962e-11,6.323801e-11,-2.1982e-10,-4.210165e-10,-7.944651e-10,-8.686934e-10,NaN,NaN,NaN,NaN,NaN,NaN,NaN,NaN,NaN,NaN,NaN,NaN,NaN,NaN,NaN,NaN,NaN,NaN,NaN,NaN,NaN,NaN,NaN,NaN,NaN,NaN,NaN,NaN,NaN,NaN,NaN,NaN,NaN,NaN,NaN,NaN,NaN,NaN,NaN,NaN,NaN,NaN,NaN,NaN,NaN,NaN,NaN,NaN,NaN,NaN,NaN,NaN,NaN,NaN,NaN,NaN,NaN,NaN,NaN,NaN,NaN,NaN,NaN,NaN,NaN,NaN,NaN,NaN
NaN,NaN,NaN,NaN,NaN,NaN,NaN,NaN,NaN,NaN,NaN,NaN,NaN,NaN,NaN,NaN,NaN,NaN,NaN,4.214003e-10,-6.628903e-10,2.522232e-09,-5.923815e-09,-3.81163e-09,-7.133512e-09,-1.08314e-10,-2.472019e-09,3.948168e-09,-4.08962e-09,-6.01976e-09,-1.44305e-08,-6.914332e-09,NaN,NaN,NaN,NaN,NaN,NaN,NaN,NaN,NaN,NaN,NaN,NaN,NaN,NaN,NaN,NaN,NaN,NaN,NaN,NaN,NaN,NaN,NaN,NaN,NaN,NaN,NaN,NaN,NaN,NaN,NaN,NaN,NaN,NaN,NaN,NaN,NaN,NaN,NaN,NaN,NaN,NaN,NaN,NaN,NaN,NaN,NaN,NaN,NaN,NaN,NaN,NaN,NaN,NaN,NaN,NaN,NaN,NaN,NaN,NaN,NaN,NaN,NaN,NaN,NaN,NaN,NaN,NaN
NaN,NaN,NaN,NaN,NaN,NaN,NaN,NaN,NaN,NaN,NaN,NaN,NaN,NaN,NaN,NaN,NaN,NaN,NaN,1.001983e-08,3.489635e-09,-1.06247e-08,-1.531998e-08,-2.547671e-08,-2.05973e-08,-1.320712e-08,2.688928e-09,-2.467753e-10,-5.47888e-09,-2.768144e-08,-4.181343e-08,-7.771543e-08,NaN,NaN,NaN,NaN,NaN,NaN,NaN,NaN,NaN,NaN,NaN,NaN,NaN,NaN,NaN,NaN,NaN,NaN,NaN,NaN,NaN,NaN,NaN,NaN,NaN,NaN,NaN,NaN,NaN,NaN,NaN,NaN,NaN,NaN,NaN,NaN,NaN,NaN,NaN,NaN,NaN,NaN,NaN,NaN,NaN,NaN,NaN,NaN,NaN,NaN,NaN,NaN,NaN,NaN,NaN,NaN,NaN,NaN,NaN,NaN,NaN,NaN,NaN,NaN,NaN,NaN,NaN,NaN
NaN,NaN,NaN,NaN,NaN,NaN,NaN,NaN,NaN,NaN,NaN,NaN,NaN,NaN,NaN,NaN,NaN,NaN,4.224213e-08,1.531896e-08,-2.157714e-09,-1.219854e-08,-7.150564e-08,-7.87526e-08,-8.432985e-08,-2.200681e-08,3.455274e-09,4.13274e-08,-1.201835e-08,-6.240527e-08,-1.364953e-07,-1.523658e-07,-2.707376e-07,NaN,NaN,NaN,NaN,NaN,NaN,NaN,NaN,NaN,NaN,NaN,NaN,NaN,NaN,NaN,NaN,NaN,NaN,NaN,NaN,NaN,NaN,NaN,NaN,NaN,NaN,NaN,NaN,NaN,NaN,NaN,NaN,NaN,NaN,NaN,NaN,NaN,NaN,NaN,NaN,NaN,NaN,NaN,NaN,NaN,NaN,NaN,NaN,NaN,NaN,NaN,NaN,NaN,NaN,NaN,NaN,NaN,NaN,NaN,NaN,NaN,NaN,NaN,NaN,NaN,NaN,NaN
NaN,NaN,NaN,NaN,NaN,NaN,NaN,NaN,NaN,NaN,NaN,NaN,NaN,NaN,NaN,NaN,NaN,NaN,5.204513e-08,4.678823e-08,-4.980443e-09,-1.0122e-07,-1.676726e-07,-2.358945e-07,-1.904613e-07,-7.735691e-08,7.613959e-08,1.03324e-07,5.746302e-08,-9.476707e-08,-2.083511e-07,-4.115097e-07,-4.227756e-07,NaN,NaN,NaN,NaN,NaN,NaN,NaN,NaN,NaN,NaN,NaN,NaN,NaN,NaN,NaN,NaN,NaN,NaN,NaN,NaN,NaN,NaN,NaN,NaN,NaN,NaN,NaN,NaN,NaN,NaN,NaN,NaN,NaN,NaN,NaN,NaN,NaN,NaN,NaN,NaN,NaN,NaN,NaN,NaN,NaN,NaN,NaN,NaN,NaN,NaN,NaN,NaN,NaN,NaN,NaN,NaN,NaN,NaN,NaN,NaN,NaN,NaN,NaN,NaN,NaN,NaN,NaN
NaN,NaN,NaN,NaN,NaN,NaN,NaN,NaN,NaN,NaN,NaN,NaN,NaN,NaN,NaN,NaN,NaN,1.267041e-07,1.304544e-07,3.094175e-08,-7.705142e-08,-2.261378e-07,-5.233181e-07,-6.23109e-07,-5.439463e-07,-1.11639e-07,2.498277e-07,4.868508e-07,2.903172e-07,-1.145086e-08,-3.612575e-07,-5.30606e-07,-8.976219e-07,-8.880203e-07,NaN,NaN,NaN,NaN,NaN,NaN,NaN,NaN,NaN,NaN,NaN,NaN,NaN,NaN,NaN,NaN,NaN,NaN,NaN,NaN,NaN,NaN,NaN,NaN,NaN,NaN,NaN,NaN,NaN,NaN,NaN,NaN,NaN,NaN,NaN,NaN,NaN,NaN,NaN,NaN,NaN,NaN,NaN,NaN,NaN,NaN,NaN,NaN,NaN,NaN,NaN,NaN,NaN,NaN,NaN,NaN,NaN,NaN,NaN,NaN,NaN,NaN,NaN,NaN,NaN,NaN
NaN,NaN,NaN,NaN,NaN,NaN,NaN,NaN,NaN,NaN,NaN,NaN,NaN,NaN,NaN,NaN,NaN,2.457742e-07,1.053226e-07,3.22544e-08,-2.810834e-07,-8.449853e-07,-1.414698e-06,-1.804986e-06,-1.397676e-06,-2.885688e-07,9.948208e-07,1.513442e-06,1.272454e-06,4.818151e-07,-1.826274e-07,-9.466702e-07,-1.06123e-06,-1.606528e-06,NaN,NaN,NaN,NaN,NaN,NaN,NaN,NaN,NaN,NaN,NaN,NaN,NaN,NaN,NaN,NaN,NaN,NaN,NaN,NaN,NaN,NaN,NaN,NaN,NaN,NaN,NaN,NaN,NaN,NaN,NaN,NaN,NaN,NaN,NaN,NaN,NaN,NaN,NaN,NaN,NaN,NaN,NaN,NaN,NaN,NaN,NaN,NaN,NaN,NaN,NaN,NaN,NaN,NaN,NaN,NaN,NaN,NaN,NaN,NaN,NaN,NaN,NaN,NaN,NaN,NaN
NaN,NaN,NaN,NaN,NaN,NaN,NaN,NaN,NaN,NaN,NaN,NaN,NaN,NaN,NaN,NaN,3.824495e-07,2.480787e-07,1.863438e-07,-2.798638e-07,-1.100406e-06,-2.571106e-06,-4.638296e-06,-5.559528e-06,-4.301905e-06,-5.556933e-07,3.303933e-06,5.447894e-06,4.678663e-06,2.597752e-06,4.996799e-07,-6.402835e-07,-1.779704e-06,-1.875956e-06,-2.498681e-06,NaN,NaN,NaN,NaN,NaN,NaN,NaN,NaN,NaN,NaN,NaN,NaN,NaN,NaN,NaN,NaN,NaN,NaN,NaN,NaN,NaN,NaN,NaN,NaN,NaN,NaN,NaN,NaN,NaN,NaN,NaN,NaN,NaN,NaN,NaN,NaN,NaN,NaN,NaN,NaN,NaN,NaN,NaN,NaN,NaN,NaN,NaN,NaN,NaN,NaN,NaN,NaN,NaN,NaN,NaN,NaN,NaN,NaN,NaN,NaN,NaN,NaN,NaN,NaN,NaN
NaN,NaN,NaN,NaN,NaN,NaN,NaN,NaN,NaN,NaN,NaN,NaN,NaN,NaN,NaN,5.479116e-07,4.514625e-07,3.780367e-07,-1.90589e-07,-1.21853e-06,-4.184532e-06,-9.572503e-06,-1.542099e-05,-1.786875e-05,-1.283163e-05,-1.685434e-06,1.070156e-05,1.780932e-05,1.710708e-05,1.095815e-05,4.654072e-06,8.619536e-08,-1.359701e-06,-2.903824e-06,-2.913005e-06,-3.489739e-06,NaN,NaN,NaN,NaN,NaN,NaN,NaN,NaN,NaN,NaN,NaN,NaN,NaN,NaN,NaN,NaN,NaN,NaN,NaN,NaN,NaN,NaN,NaN,NaN,NaN,NaN,NaN,NaN,NaN,NaN,NaN,NaN,NaN,NaN,NaN,NaN,NaN,NaN,NaN,NaN,NaN,NaN,NaN,NaN,NaN,NaN,NaN,NaN,NaN,NaN,NaN,NaN,NaN,NaN,NaN,NaN,NaN,NaN,NaN,NaN,NaN,NaN,NaN,NaN
NaN,NaN,NaN,NaN,NaN,NaN,NaN,NaN,NaN,NaN,NaN,NaN,NaN,NaN,NaN,7.202153e-07,5.896383e-07,2.792389e-08,-1.213788e-06,-6.06195e-06,-1.68692e-05,-3.412216e-05,-4.884688e-05,-4.916509e-05,-3.289576e-05,-4.565017e-06,2.617749e-05,4.923695e-05,5.474664e-05,4.185093e-05,2.123874e-05,7.207365e-06,-6.364365e-07,-2.502409e-06,-4.205875e-06,-4.095685e-06,NaN,NaN,NaN,NaN,NaN,NaN,NaN,NaN,NaN,NaN,NaN,NaN,NaN,NaN,NaN,NaN,NaN,NaN,NaN,NaN,NaN,NaN,NaN,NaN,NaN,NaN,NaN,NaN,NaN,NaN,NaN,NaN,NaN,NaN,NaN,NaN,NaN,NaN,NaN,NaN,NaN,NaN,NaN,NaN,NaN,NaN,NaN,NaN,NaN,NaN,NaN,NaN,NaN,NaN,NaN,NaN,NaN,NaN,NaN,NaN,NaN,NaN,NaN,NaN
NaN,NaN,NaN,NaN,NaN,NaN,NaN,NaN,NaN,NaN,NaN,NaN,NaN,NaN,1.074731e-06,7.862433e-07,3.949266e-07,-1.131006e-06,-7.803174e-06,-2.659429e-05,-6.321697e-05,-9.959193e-05,-0.0001137753,-0.0001008821,-6.367442e-05,-1.157162e-05,4.618558e-05,9.630592e-05,0.0001260483,0.0001220828,8.440876e-05,3.667982e-05,9.843091e-06,-1.681135e-06,-4.042337e-06,-5.481278e-06,-5.267331e-06,NaN,NaN,NaN,NaN,NaN,NaN,NaN,NaN,NaN,NaN,NaN,NaN,NaN,NaN,NaN,NaN,NaN,NaN,NaN,NaN,NaN,NaN,NaN,NaN,NaN,NaN,NaN,NaN,NaN,NaN,NaN,NaN,NaN,NaN,NaN,NaN,NaN,NaN,NaN,NaN,NaN,NaN,NaN,NaN,NaN,NaN,NaN,NaN,NaN,NaN,NaN,NaN,NaN,NaN,NaN,NaN,NaN,NaN,NaN,NaN,NaN,NaN,NaN
NaN,NaN,NaN,NaN,NaN,NaN,NaN,NaN,NaN,NaN,NaN,NaN,NaN,1.592543e-06,9.012062e-07,9.942908e-07,-1.112663e-06,-8.892478e-06,-3.847791e-05,-0.0001007978,-0.0001659731,-0.0002010842,-0.0001986146,-0.0001631359,-0.0001024032,-2.341524e-05,6.2681e-05,0.0001457043,0.0002103834,0.0002422409,0.0002205652,0.0001464484,5.764842e-05,1.186916e-05,-2.88282e-06,-5.902431e-06,-6.412877e-06,-6.59052e-06,NaN,NaN,NaN,NaN,NaN,NaN,NaN,NaN,NaN,NaN,NaN,NaN,NaN,NaN,NaN,NaN,NaN,NaN,NaN,NaN,NaN,NaN,NaN,NaN,NaN,NaN,NaN,NaN,NaN,NaN,NaN,NaN,NaN,NaN,NaN,NaN,NaN,NaN,NaN,NaN,NaN,NaN,NaN,NaN,NaN,NaN,NaN,NaN,NaN,NaN,NaN,NaN,NaN,NaN,NaN,NaN,NaN,NaN,NaN,NaN,NaN,NaN
NaN,NaN,NaN,NaN,NaN,NaN,NaN,NaN,NaN,NaN,NaN,NaN,NaN,9.847143e-07,1.75059e-06,-1.098591e-06,-9.29931e-06,-5.127027e-05,-0.0001438091,-0.0002418376,-0.0003018946,-0.0003166177,-0.0002924463,-0.0002343551,-0.000148054,-4.272582e-05,7.450647e-05,0.0001898895,0.0002938205,0.0003660118,0.0003941493,0.0003481469,0.0002264881,8.362821e-05,1.283651e-05,-3.921594e-06,-7.722409e-06,-7.26291e-06,NaN,NaN,NaN,NaN,NaN,NaN,NaN,NaN,NaN,NaN,NaN,NaN,NaN,NaN,NaN,NaN,NaN,NaN,NaN,NaN,NaN,NaN,NaN,NaN,NaN,NaN,NaN,NaN,NaN,NaN,NaN,NaN,NaN,NaN,NaN,NaN,NaN,NaN,NaN,NaN,NaN,NaN,NaN,NaN,NaN,NaN,NaN,NaN,NaN,NaN,NaN,NaN,NaN,NaN,NaN,NaN,NaN,NaN,NaN,NaN,NaN,NaN
NaN,NaN,NaN,NaN,NaN,NaN,NaN,NaN,NaN,NaN,NaN,NaN,1.168248e-06,2.466146e-06,-8.21981e-07,-9.251096e-06,-6.327526e-05,-0.000189357,-0.0003214776,-0.0004093969,-0.0004477447,-0.0004418801,-0.0003955404,-0.000313387,-0.0002029238,-6.888159e-05,7.727426e-05,0.0002288582,0.000369345,0.0004890264,0.0005631776,0.0005791531,0.0005010868,0.0003237665,0.0001119003,1.333116e-05,-4.722579e-06,-9.782933e-06,-7.434127e-06,NaN,NaN,NaN,NaN,NaN,NaN,NaN,NaN,NaN,NaN,NaN,NaN,NaN,NaN,NaN,NaN,NaN,NaN,NaN,NaN,NaN,NaN,NaN,NaN,NaN,NaN,NaN,NaN,NaN,NaN,NaN,NaN,NaN,NaN,NaN,NaN,NaN,NaN,NaN,NaN,NaN,NaN,NaN,NaN,NaN,NaN,NaN,NaN,NaN,NaN,NaN,NaN,NaN,NaN,NaN,NaN,NaN,NaN,NaN,NaN,NaN
NaN,NaN,NaN,NaN,NaN,NaN,NaN,NaN,NaN,NaN,NaN,1.459549e-06,3.028822e-06,-2.774888e-07,-8.850797e-06,-7.359443e-05,-0.000234487,-0.0004012631,-0.0005187429,-0.0005853435,-0.0006029158,-0.0005755263,-0.0005069606,-0.0004025949,-0.0002659574,-0.000105914,7.262656e-05,0.0002566809,0.0004388172,0.0006001422,0.0007301199,0.0008009502,0.0007953816,0.0006786151,0.0004350468,0.0001414984,1.354771e-05,-6.318406e-06,-1.07297e-05,-7.312999e-06,NaN,NaN,NaN,NaN,NaN,NaN,NaN,NaN,NaN,NaN,NaN,NaN,NaN,NaN,NaN,NaN,NaN,NaN,NaN,NaN,NaN,NaN,NaN,NaN,NaN,NaN,NaN,NaN,NaN,NaN,NaN,NaN,NaN,NaN,NaN,NaN,NaN,NaN,NaN,NaN,NaN,NaN,NaN,NaN,NaN,NaN,NaN,NaN,NaN,NaN,NaN,NaN,NaN,NaN,NaN,NaN,NaN,NaN,NaN,NaN
NaN,NaN,NaN,NaN,NaN,NaN,NaN,NaN,NaN,NaN,1.743011e-06,3.601844e-06,2.556416e-07,-7.911212e-06,-8.177164e-05,-0.0002770777,-0.0004787359,-0.0006268196,-0.0007237515,-0.0007683571,-0.0007657355,-0.0007174491,-0.000628146,-0.0005000902,-0.0003404134,-0.0001519746,5.48695e-05,0.000275133,0.000494099,0.0007034799,0.0008817809,0.001016197,0.001077607,0.001043361,0.0008796534,0.0005567433,0.0001712429,1.311112e-05,-6.671029e-06,-1.130066e-05,-6.191727e-06,NaN,NaN,NaN,NaN,NaN,NaN,NaN,NaN,NaN,NaN,NaN,NaN,NaN,NaN,NaN,NaN,NaN,NaN,NaN,NaN,NaN,NaN,NaN,NaN,NaN,NaN,NaN,NaN,NaN,NaN,NaN,NaN,NaN,NaN,NaN,NaN,NaN,NaN,NaN,NaN,NaN,NaN,NaN,NaN,NaN,NaN,NaN,NaN,NaN,NaN,NaN,NaN,NaN,NaN,NaN,NaN,NaN,NaN,NaN
NaN,NaN,NaN,NaN,NaN,NaN,NaN,NaN,NaN,2.02429e-06,4.099434e-06,7.969198e-07,-6.711277e-06,-8.773296e-05,-0.0003161299,-0.0005519419,-0.0007312635,-0.0008590356,-0.00093257,-0.0009582957,-0.0009350437,-0.0008675313,-0.0007570017,-0.0006087266,-0.0004242283,-0.0002115385,2.632176e-05,0.0002778588,0.0005373938,0.0007883666,0.001021619,0.001213128,0.001346623,0.0013928,0.001323287,0.001099603,0.0006902866,0.0002007616,1.234398e-05,-6.429232e-06,-1.120141e-05,-3.783612e-06,NaN,NaN,NaN,NaN,NaN,NaN,NaN,NaN,NaN,NaN,NaN,NaN,NaN,NaN,NaN,NaN,NaN,NaN,NaN,NaN,NaN,NaN,NaN,NaN,NaN,NaN,NaN,NaN,NaN,NaN,NaN,NaN,NaN,NaN,NaN,NaN,NaN,NaN,NaN,NaN,NaN,NaN,NaN,NaN,NaN,NaN,NaN,NaN,NaN,NaN,NaN,NaN,NaN,NaN,NaN,NaN,NaN,NaN
NaN,NaN,NaN,NaN,NaN,NaN,NaN,NaN,NaN,4.566505e-06,1.337659e-06,-5.290987e-06,-9.134364e-05,-0.0003513412,-0.0006204495,-0.0008301694,-0.0009884486,-0.001091415,-0.001146828,-0.001151489,-0.001110662,-0.001023905,-0.0008952627,-0.0007255874,-0.0005206381,-0.0002821382,-1.835404e-05,0.000266723,0.0005612506,0.0008577596,0.001138734,0.001391721,0.001593418,0.001720839,0.001746639,0.001631669,0.001343971,0.0008320244,0.0002284425,1.140297e-05,-4.991365e-06,-9.374441e-06,NaN,NaN,NaN,NaN,NaN,NaN,NaN,NaN,NaN,NaN,NaN,NaN,NaN,NaN,NaN,NaN,NaN,NaN,NaN,NaN,NaN,NaN,NaN,NaN,NaN,NaN,NaN,NaN,NaN,NaN,NaN,NaN,NaN,NaN,NaN,NaN,NaN,NaN,NaN,NaN,NaN,NaN,NaN,NaN,NaN,NaN,NaN,NaN,NaN,NaN,NaN,NaN,NaN,NaN,NaN,NaN,NaN,NaN
NaN,NaN,NaN,NaN,NaN,NaN,NaN,NaN,4.90285e-06,1.807343e-06,-3.893854e-06,-9.358266e-05,-0.0003825432,-0.0006836517,-0.0009227144,-0.001110106,-0.001241762,-0.001326692,-0.001360239,-0.001348813,-0.001289548,-0.001186662,-0.001039753,-0.000853089,-0.0006268665,-0.0003674395,-7.660312e-05,0.000236548,0.0005674754,0.0009029076,0.001234634,0.001543242,0.001813299,0.00202118,0.002138779,0.002136687,0.001972815,0.001606805,0.0009824341,0.0002541856,1.136313e-05,-8.896338e-07,-8.302126e-06,NaN,NaN,NaN,NaN,NaN,NaN,NaN,NaN,NaN,NaN,NaN,NaN,NaN,NaN,NaN,NaN,NaN,NaN,NaN,NaN,NaN,NaN,NaN,NaN,NaN,NaN,NaN,NaN,NaN,NaN,NaN,NaN,NaN,NaN,NaN,NaN,NaN,NaN,NaN,NaN,NaN,NaN,NaN,NaN,NaN,NaN,NaN,NaN,NaN,NaN,NaN,NaN,NaN,NaN,NaN,NaN,NaN
NaN,NaN,NaN,NaN,NaN,NaN,NaN,5.164888e-06,2.178137e-06,-2.550478e-06,-9.449185e-05,-0.0004114108,-0.0007416906,-0.001008479,-0.001222732,-0.001381784,-0.001494252,-0.001556705,-0.001574588,-0.001545144,-0.00147128,-0.001352916,-0.001191227,-0.0009877506,-0.0007447174,-0.000464767,-0.0001518649,0.0001889291,0.0005509843,0.000925602,0.001301658,0.001665252,0.002000968,0.002284089,0.002496254,0.00259791,0.002565583,0.00234038,0.001890821,0.001141228,0.0002809647,1.341495e-05,3.082554e-07,-3.697712e-06,NaN,NaN,NaN,NaN,NaN,NaN,NaN,NaN,NaN,NaN,NaN,NaN,NaN,NaN,NaN,NaN,NaN,NaN,NaN,NaN,NaN,NaN,NaN,NaN,NaN,NaN,NaN,NaN,NaN,NaN,NaN,NaN,NaN,NaN,NaN,NaN,NaN,NaN,NaN,NaN,NaN,NaN,NaN,NaN,NaN,NaN,NaN,NaN,NaN,NaN,NaN,NaN,NaN,NaN,NaN,NaN
NaN,NaN,NaN,NaN,NaN,NaN,5.408701e-06,2.298346e-06,-1.376076e-06,-9.557449e-05,-0.0004381939,-0.0007960993,-0.001087085,-0.001326374,-0.001509449,-0.001647972,-0.001736566,-0.001783436,-0.001782825,-0.001740372,-0.001652139,-0.001521223,-0.00134625,-0.001129816,-0.0008714412,-0.0005750674,-0.0002419994,0.0001219727,0.0005126296,0.0009211171,0.001339323,0.001753745,0.0021488,0.002508224,0.002803657,0.003015025,0.003098845,0.003027048,0.002736781,0.002193509,0.001304262,0.0003114038,1.543022e-05,8.02546e-06,-2.350514e-07,NaN,NaN,NaN,NaN,NaN,NaN,NaN,NaN,NaN,NaN,NaN,NaN,NaN,NaN,NaN,NaN,NaN,NaN,NaN,NaN,NaN,NaN,NaN,NaN,NaN,NaN,NaN,NaN,NaN,NaN,NaN,NaN,NaN,NaN,NaN,NaN,NaN,NaN,NaN,NaN,NaN,NaN,NaN,NaN,NaN,NaN,NaN,NaN,NaN,NaN,NaN,NaN,NaN,NaN,NaN
NaN,NaN,NaN,NaN,NaN,5.376158e-06,2.529295e-06,-6.395244e-07,-9.656602e-05,-0.0004652967,-0.0008476133,-0.001160557,-0.001420184,-0.001625294,-0.001785315,-0.00189858,-0.001970432,-0.001998462,-0.001985192,-0.001929034,-0.001829776,-0.001688544,-0.00150295,-0.001275939,-0.001005583,-0.0006960762,-0.0003465052,3.647944e-05,0.0004519879,0.0008897766,0.001345536,0.001803942,0.002257593,0.002680641,0.003063775,0.003367102,0.003576417,0.003634995,0.003520977,0.003155199,0.002506303,0.00149295,0.0003451211,1.960849e-05,1.246561e-05,6.268761e-06,NaN,NaN,NaN,NaN,NaN,NaN,NaN,NaN,NaN,NaN,NaN,NaN,NaN,NaN,NaN,NaN,NaN,NaN,NaN,NaN,NaN,NaN,NaN,NaN,NaN,NaN,NaN,NaN,NaN,NaN,NaN,NaN,NaN,NaN,NaN,NaN,NaN,NaN,NaN,NaN,NaN,NaN,NaN,NaN,NaN,NaN,NaN,NaN,NaN,NaN,NaN,NaN,NaN,NaN
NaN,NaN,NaN,NaN,5.391986e-06,2.349072e-06,-1.66332e-07,-9.97499e-05,-0.0004928498,-0.0008982042,-0.001228827,-0.00150655,-0.001727974,-0.001907228,-0.002039703,-0.002134683,-0.002186668,-0.002201818,-0.002174677,-0.002108723,-0.002000499,-0.001850538,-0.001658139,-0.001422737,-0.001144812,-0.0008243782,-0.0004638954,-6.429316e-05,0.0003689229,0.0008329159,0.001318204,0.00181874,0.002317548,0.002807304,0.003258447,0.003661287,0.003971338,0.004172941,0.004203413,0.004039072,0.003594871,0.002854666,0.001681108,0.0003816827,2.402509e-05,2.497256e-05,1.312954e-05,NaN,NaN,NaN,NaN,NaN,NaN,NaN,NaN,NaN,NaN,NaN,NaN,NaN,NaN,NaN,NaN,NaN,NaN,NaN,NaN,NaN,NaN,NaN,NaN,NaN,NaN,NaN,NaN,NaN,NaN,NaN,NaN,NaN,NaN,NaN,NaN,NaN,NaN,NaN,NaN,NaN,NaN,NaN,NaN,NaN,NaN,NaN,NaN,NaN,NaN,NaN,NaN,NaN
NaN,NaN,NaN,4.933201e-06,2.30681e-06,-2.62377e-07,-0.0001045472,-0.000524157,-0.0009487019,-0.001294637,-0.001584869,-0.001820166,-0.002012084,-0.002161248,-0.002272943,-0.002346894,-0.002384631,-0.002385693,-0.002348727,-0.002274528,-0.002158631,-0.002004802,-0.001805845,-0.00156766,-0.001282775,-0.0009586346,-0.0005878916,-0.0001806401,0.0002697378,0.0007494525,0.001263036,0.001791586,0.002338069,0.002873204,0.003399589,0.003874197,0.004296368,0.00460709,0.004799572,0.00479487,0.004582057,0.004059599,0.003205139,0.001899213,0.0004214617,3.28398e-05,3.472588e-05,2.162771e-05,NaN,NaN,NaN,NaN,NaN,NaN,NaN,NaN,NaN,NaN,NaN,NaN,NaN,NaN,NaN,NaN,NaN,NaN,NaN,NaN,NaN,NaN,NaN,NaN,NaN,NaN,NaN,NaN,NaN,NaN,NaN,NaN,NaN,NaN,NaN,NaN,NaN,NaN,NaN,NaN,NaN,NaN,NaN,NaN,NaN,NaN,NaN,NaN,NaN,NaN,NaN,NaN
NaN,NaN,4.451577e-06,1.395549e-06,-8.700765e-07,-0.0001132786,-0.0005588075,-0.001001639,-0.001357932,-0.001658188,-0.001900822,-0.002102575,-0.002261376,-0.00238677,-0.002475799,-0.002533436,-0.002556519,-0.002546743,-0.002501734,-0.002420078,-0.002301927,-0.002142271,-0.001944505,-0.001701678,-0.001418912,-0.00108879,-0.0007189229,-0.0003015516,0.0001522095,0.0006497492,0.00117556,0.001735701,0.002306797,0.002895729,0.003466287,0.004025315,0.004521464,0.004958559,0.005266997,0.005446706,0.00540634,0.00514303,0.004533377,0.003589434,0.002106835,0.0004748554,4.670143e-05,4.612693e-05,3.290038e-05,NaN,NaN,NaN,NaN,NaN,NaN,NaN,NaN,NaN,NaN,NaN,NaN,NaN,NaN,NaN,NaN,NaN,NaN,NaN,NaN,NaN,NaN,NaN,NaN,NaN,NaN,NaN,NaN,NaN,NaN,NaN,NaN,NaN,NaN,NaN,NaN,NaN,NaN,NaN,NaN,NaN,NaN,NaN,NaN,NaN,NaN,NaN,NaN,NaN,NaN,NaN
NaN,3.613315e-06,4.666855e-07,-2.46156e-06,-0.0001258123,-0.000599493,-0.0010581,-0.001421164,-0.001726409,-0.001972537,-0.002178045,-0.002342281,-0.002474851,-0.002574643,-0.002645656,-0.002686798,-0.0026981,-0.002679211,-0.002626845,-0.002542665,-0.002419623,-0.002262952,-0.002062055,-0.001824917,-0.001539647,-0.001216406,-0.0008422068,-0.0004304388,3.261287e-05,0.0005293435,0.001073178,0.001640913,0.002246537,0.002856104,0.003485615,0.004087113,0.00467623,0.005188832,0.005638027,0.005939885,0.006105368,0.006025352,0.005710205,0.005016245,0.003956297,0.002339993,0.0005514811,6.412787e-05,6.031566e-05,4.545743e-05,NaN,NaN,NaN,NaN,NaN,NaN,NaN,NaN,NaN,NaN,NaN,NaN,NaN,NaN,NaN,NaN,NaN,NaN,NaN,NaN,NaN,NaN,NaN,NaN,NaN,NaN,NaN,NaN,NaN,NaN,NaN,NaN,NaN,NaN,NaN,NaN,NaN,NaN,NaN,NaN,NaN,NaN,NaN,NaN,NaN,NaN,NaN,NaN,NaN,NaN
1.644968e-06,-1.440626e-06,-6.242439e-06,-0.0001464355,-0.0006442005,-0.001118765,-0.001484422,-0.001791238,-0.002034967,-0.002240222,-0.002403527,-0.002538752,-0.002642656,-0.002722229,-0.002774778,-0.002802389,-0.002803431,-0.002776102,-0.002720643,-0.002631393,-0.002511972,-0.002352237,-0.002159812,-0.001921581,-0.001647667,-0.001323278,-0.0009617442,-0.0005465393,-9.514414e-05,0.0004102572,0.0009472284,0.001534255,0.0021406,0.002787826,0.003432173,0.004097742,0.004725673,0.005340174,0.005864344,0.006321734,0.006612885,0.006760745,0.00663717,0.006267001,0.00547966,0.004332172,0.00258357,0.0006535008,9.07262e-05,7.440271e-05,6.143533e-05,NaN,NaN,NaN,NaN,NaN,NaN,NaN,NaN,NaN,NaN,NaN,NaN,NaN,NaN,NaN,NaN,NaN,NaN,NaN,NaN,NaN,NaN,NaN,NaN,NaN,NaN,NaN,NaN,NaN,NaN,NaN,NaN,NaN,NaN,NaN,NaN,NaN,NaN,NaN,NaN,NaN,NaN,NaN,NaN,NaN,NaN,NaN,NaN,NaN
-1.656722e-06,-1.335644e-05,-0.000179458,-0.0006961557,-0.001181738,-0.001546678,-0.001851844,-0.002088457,-0.002288826,-0.0024458,-0.002578544,-0.00268067,-0.002763239,-0.002820982,-0.002859114,-0.00287387,-0.002865879,-0.002833387,-0.002772907,-0.002685773,-0.002563813,-0.002412841,-0.002220089,-0.001995029,-0.001722362,-0.001414658,-0.001054097,-0.0006573536,-0.0002042198,0.0002835887,0.0008279869,0.001400913,0.00202721,0.002667513,0.003351357,0.004025053,0.004721034,0.005369219,0.006003339,0.006532992,0.006993113,0.0072675,0.007392853,0.007219148,0.006792744,0.005924479,0.004694828,0.002830412,0.0007993141,0.0001290404,8.530847e-05,8.176739e-05,NaN,NaN,NaN,NaN,NaN,NaN,NaN,NaN,NaN,NaN,NaN,NaN,NaN,NaN,NaN,NaN,NaN,NaN,NaN,NaN,NaN,NaN,NaN,NaN,NaN,NaN,NaN,NaN,NaN,NaN,NaN,NaN,NaN,NaN,NaN,NaN,NaN,NaN,NaN,NaN,NaN,NaN,NaN,NaN,NaN,NaN,NaN,-9.947328e-07
-2.769079e-05,-0.0002404861,-0.0007523407,-0.001245394,-0.001603239,-0.001905698,-0.002130007,-0.00232307,-0.002467718,-0.0025944,-0.002688283,-0.002769484,-0.002825532,-0.002869212,-0.0028905,-0.002896518,-0.002879864,-0.00284287,-0.002781302,-0.002692646,-0.002577133,-0.002426727,-0.002246615,-0.002024654,-0.001769477,-0.001465967,-0.00112688,-0.0007339025,-0.000304775,0.0001817966,0.0007023764,0.001280966,0.001885269,0.002544672,0.003213616,0.003926756,0.004623501,0.005341875,0.006003414,0.006648867,0.007177073,0.007631327,0.007881855,0.007976645,0.007750429,0.007268106,0.006322335,0.005017078,0.003078318,0.001015089,0.0001837661,8.91975e-05,0.0001073107,NaN,NaN,NaN,NaN,NaN,NaN,NaN,NaN,NaN,NaN,NaN,NaN,NaN,NaN,NaN,NaN,NaN,NaN,NaN,NaN,NaN,NaN,NaN,NaN,NaN,NaN,NaN,NaN,NaN,NaN,NaN,NaN,NaN,NaN,NaN,NaN,NaN,NaN,NaN,NaN,NaN,NaN,NaN,NaN,NaN,-6.023752e-06,4.472143e-06
-0.0003384288,-0.0008218656,-0.001298215,-0.001651228,-0.001943826,-0.002156786,-0.002337219,-0.002468259,-0.002583241,-0.002665834,-0.002739672,-0.002789716,-0.002832567,-0.002855082,-0.002868403,-0.002861602,-0.002841237,-0.002798988,-0.002737083,-0.002650756,-0.00253723,-0.002396566,-0.002220979,-0.00201452,-0.001766306,-0.001483824,-0.001152969,-0.0007856032,-0.0003643805,9.365025e-05,0.000608617,0.001157154,0.001763645,0.002393825,0.00307826,0.003769303,0.004502264,0.005214483,0.005944647,0.006611472,0.007256555,0.007775087,0.008211234,0.008430867,0.008484885,0.008205321,0.007658214,0.006643494,0.005273822,0.003337301,0.001319382,0.0002531719,8.889064e-05,0.0001357461,NaN,NaN,NaN,NaN,NaN,NaN,NaN,NaN,NaN,NaN,NaN,NaN,NaN,NaN,NaN,NaN,NaN,NaN,NaN,NaN,NaN,NaN,NaN,NaN,NaN,NaN,NaN,NaN,NaN,NaN,NaN,NaN,NaN,NaN,NaN,NaN,NaN,NaN,NaN,NaN,NaN,NaN,NaN,-1.12303e-05,3.182708e-06,-4.36598e-05
-0.0009414902,-0.001342645,-0.001681795,-0.001958955,-0.002159663,-0.002325533,-0.002440981,-0.002542082,-0.00260967,-0.002673151,-0.002712006,-0.002750303,-0.002767651,-0.002783879,-0.002779517,-0.002770846,-0.002739815,-0.002699455,-0.002633831,-0.002552327,-0.002442453,-0.002309111,-0.002143742,-0.001948014,-0.001715862,-0.00144669,-0.001137569,-0.000785339,-0.0003909294,5.126622e-05,0.0005359703,0.001071087,0.001644224,0.002268244,0.002919968,0.003617085,0.004324673,0.005063338,0.005784523,0.006510615,0.007175799,0.007802918,0.008304954,0.008704508,0.008889169,0.008883539,0.008551735,0.007924667,0.006867094,0.005447883,0.003624784,0.001688018,0.0003337602,9.986948e-05,0.0001609476,NaN,NaN,NaN,NaN,NaN,NaN,NaN,NaN,NaN,NaN,NaN,NaN,NaN,NaN,NaN,NaN,NaN,NaN,NaN,NaN,NaN,NaN,NaN,NaN,NaN,NaN,NaN,NaN,NaN,NaN,NaN,NaN,NaN,NaN,NaN,NaN,NaN,NaN,NaN,NaN,NaN,-1.730217e-05,2.446275e-06,-6.419375e-05,-0.0004556705
-0.001419068,-0.001711357,-0.001947333,-0.002132601,-0.002278016,-0.002379933,-0.0024627,-0.002516814,-0.002564495,-0.002592374,-0.002619464,-0.002630591,-0.002641963,-0.00263784,-0.002632112,-0.002609144,-0.002580774,-0.002532026,-0.002472588,-0.002389122,-0.002288329,-0.002159741,-0.002007008,-0.001821648,-0.001606096,-0.001353258,-0.001064232,-0.0007340568,-0.0003625269,5.267994e-05,0.0005125443,0.001016053,0.001566296,0.00215513,0.002789348,0.003452287,0.004152648,0.004864904,0.005597744,0.006314828,0.007023114,0.00767298,0.008266806,0.008739171,0.009085802,0.009225452,0.009143969,0.008759458,0.008048957,0.006987334,0.005556477,0.003927266,0.002024644,0.00042808,0.0001352974,0.0001697825,0.0001356056,NaN,NaN,NaN,NaN,NaN,NaN,NaN,NaN,NaN,NaN,NaN,NaN,NaN,NaN,NaN,NaN,NaN,NaN,NaN,NaN,NaN,NaN,NaN,NaN,NaN,NaN,NaN,NaN,NaN,NaN,NaN,NaN,NaN,NaN,NaN,NaN,NaN,-1.1831e-05,-2.157276e-05,-3.457393e-06,-9.712873e-05,-0.0005714873,-0.001054317
-0.001736554,-0.001914936,-0.002075142,-0.002187494,-0.002276996,-0.002336778,-0.002380081,-0.002408141,-0.002426505,-0.002437746,-0.002442476,-0.002443244,-0.002437672,-0.002428013,-0.002410061,-0.002385742,-0.002349749,-0.002303544,-0.002241521,-0.002164058,-0.002066557,-0.001947428,-0.001803495,-0.001632407,-0.001430954,-0.001196956,-0.0009276918,-0.0006209329,-0.0002748982,0.0001124519,0.0005418414,0.001014839,0.001528939,0.002087561,0.002682311,0.003317897,0.003980254,0.004673041,0.005376179,0.00609032,0.006787882,0.007463688,0.008081509,0.008626331,0.00905257,0.00933059,0.009412804,0.009247026,0.008815003,0.0080379,0.007013538,0.005608499,0.004128549,0.002203902,0.0005716347,0.0001916504,0.0001574227,0.0001629097,NaN,NaN,NaN,NaN,NaN,NaN,NaN,NaN,NaN,NaN,NaN,NaN,NaN,NaN,NaN,NaN,NaN,NaN,NaN,NaN,NaN,NaN,NaN,NaN,NaN,NaN,NaN,NaN,NaN,NaN,NaN,NaN,NaN,NaN,NaN,-2.648773e-05,-1.560122e-05,-2.25421e-05,-0.0001619916,-0.0006738526,-0.001163361,-0.001463862
-0.001849174,-0.001980523,-0.002052682,-0.002122936,-0.002158281,-0.002189294,-0.002198555,-0.002206836,-0.002202273,-0.002199266,-0.002187872,-0.002178336,-0.002161485,-0.002144863,-0.002119684,-0.002091701,-0.00205228,-0.002006102,-0.001944279,-0.001871467,-0.00177754,-0.00166834,-0.001532405,-0.001375874,-0.001187671,-0.0009736816,-0.0007230463,-0.0004420315,-0.0001200518,0.0002359198,0.0006356697,0.001071075,0.001552405,0.00206717,0.002627488,0.003215891,0.00384445,0.004491275,0.005166417,0.005842848,0.006526622,0.007184749,0.00781568,0.008379822,0.008863776,0.009223085,0.009425014,0.009435554,0.009193541,0.008719494,0.007908424,0.006915442,0.00553443,0.004057871,0.002200671,0.0007599145,0.0002420049,0.0001580374,0.0001683243,NaN,NaN,NaN,NaN,NaN,NaN,NaN,NaN,NaN,NaN,NaN,NaN,NaN,NaN,NaN,NaN,NaN,NaN,NaN,NaN,NaN,NaN,NaN,NaN,NaN,NaN,NaN,NaN,NaN,NaN,NaN,NaN,NaN,-4.138472e-05,-8.433371e-06,-5.371451e-05,-0.0002868403,-0.0007442314,-0.001219524,-0.001477966,-0.001717166
-0.00181985,-0.001865079,-0.001905191,-0.00192277,-0.001932403,-0.001931091,-0.001922818,-0.001910408,-0.001893519,-0.001876335,-0.001855955,-0.001836306,-0.001813089,-0.001789464,-0.001760468,-0.001728351,-0.001688007,-0.001640608,-0.001581564,-0.001510342,-0.001424041,-0.001319603,-0.001196107,-0.001049188,-0.0008784673,-0.0006791078,-0.0004517942,-0.0001909645,0.0001012383,0.0004309251,0.0007944425,0.001198321,0.001635384,0.002114924,0.002623978,0.003174135,0.003747254,0.004355286,0.004974976,0.005617277,0.006252954,0.006889814,0.007492153,0.00806135,0.00855477,0.008962783,0.009241314,0.009360786,0.009296329,0.008987013,0.008473611,0.007634712,0.006612378,0.005218311,0.003675727,0.002082503,0.0008363263,0.0002581961,0.0001901597,0.0001588535,0.00014783,NaN,NaN,NaN,NaN,NaN,NaN,NaN,NaN,NaN,NaN,NaN,NaN,NaN,NaN,NaN,NaN,NaN,NaN,NaN,NaN,NaN,NaN,NaN,NaN,NaN,NaN,NaN,NaN,NaN,-4.749592e-05,-3.866285e-05,-2.33484e-05,-0.0001041552,-0.0004417302,-0.0008225932,-0.001170328,-0.001423269,-0.001620747,-0.001726515
-0.001597228,-0.001614605,-0.001613558,-0.001605805,-0.001592423,-0.001572069,-0.001551041,-0.001524858,-0.001500651,-0.001473033,-0.001448157,-0.001420429,-0.001394452,-0.001364846,-0.001334635,-0.001298868,-0.001259042,-0.001210942,-0.001154348,-0.001086497,-0.001004699,-0.0009085378,-0.0007929932,-0.0006589167,-0.0005007173,-0.0003199199,-0.0001102335,0.0001256411,0.0003945814,0.0006925106,0.001026377,0.001390412,0.001792956,0.002223665,0.002693477,0.003187307,0.003716997,0.004263613,0.00483831,0.005418151,0.006012202,0.006593366,0.007165917,0.007698687,0.00818782,0.00859974,0.0089154,0.009109616,0.009136479,0.009004286,0.008618236,0.008058662,0.007157196,0.006062463,0.004649085,0.003132657,0.001734735,0.0006179282,0.0001383988,0.0001755669,0.0002006578,9.492388e-05,0.0001456296,NaN,NaN,NaN,NaN,NaN,NaN,NaN,NaN,NaN,NaN,NaN,NaN,NaN,NaN,NaN,NaN,NaN,NaN,NaN,NaN,NaN,NaN,NaN,NaN,NaN,-6.672644e-05,-5.991165e-05,-3.286064e-05,-5.92207e-05,-0.0001945166,-0.0005192845,-0.0008746677,-0.001055409,-0.001266337,-0.001414498,-0.001507024,-0.001572139
-0.001232364,-0.001212631,-0.001200213,-0.001172422,-0.001148925,-0.001117264,-0.001089544,-0.001056615,-0.001028288,-0.0009959515,-0.0009686353,-0.0009369719,-0.0009099109,-0.0008768539,-0.0008470823,-0.0008085411,-0.0007711896,-0.0007213712,-0.0006702443,-0.0006019383,-0.0005298551,-0.0004351897,-0.0003337449,-0.0002050168,-6.581295e-05,0.0001053411,0.0002900867,0.0005111452,0.0007482509,0.001025244,0.001319903,0.001657201,0.002011045,0.002409842,0.002821665,0.003277918,0.003741725,0.004245863,0.0047488,0.005283877,0.005804506,0.006343178,0.006848454,0.007349796,0.007791061,0.008195153,0.008505675,0.008729916,0.008824232,0.008765065,0.008546481,0.008087674,0.007436943,0.006482666,0.005293902,0.003925174,0.002424733,0.001069008,4.216015e-05,-0.0003373624,-6.498989e-05,0.0001975454,0.0001688257,2.708596e-05,0.0001022643,NaN,NaN,NaN,NaN,NaN,NaN,NaN,NaN,NaN,NaN,NaN,NaN,NaN,NaN,NaN,NaN,NaN,NaN,NaN,NaN,NaN,-9.774208e-05,-7.481196e-05,-5.818708e-05,-6.182992e-05,-0.0001077885,-0.0002684812,-0.0004996983,-0.0007289409,-0.0008684987,-0.001002859,-0.001093985,-0.001159934,-0.001214199,-0.001221066
-0.0007175776,-0.0006949777,-0.0006732555,-0.0006383054,-0.0006147062,-0.0005756232,-0.0005518058,-0.000512166,-0.0004893384,-0.0004507882,-0.000429217,-0.0003917182,-0.0003701485,-0.0003318365,-0.0003073709,-0.0002646539,-0.0002327937,-0.0001807117,-0.0001356033,-6.82251e-05,-2.986796e-06,8.659135e-05,0.0001788143,0.000298391,0.0004247953,0.000581347,0.0007489974,0.0009490685,0.001164024,0.00141292,0.001679405,0.001979809,0.00230045,0.002652192,0.003025231,0.003424945,0.003843968,0.00428308,0.004736286,0.005199727,0.005668095,0.006132999,0.006588224,0.007021275,0.007423145,0.007778833,0.008070962,0.008289663,0.008397975,0.008405631,0.008235349,0.007936947,0.007382022,0.006645663,0.005640286,0.004402418,0.003039129,0.001552229,0.0002001483,-0.0009585356,-0.001223971,-0.0008545339,-0.0001750696,0.0002166464,0.0001369832,-6.39991e-05,-1.584907e-06,NaN,NaN,NaN,NaN,NaN,NaN,NaN,NaN,NaN,NaN,NaN,NaN,NaN,NaN,NaN,NaN,NaN,-0.0001250813,-8.296604e-05,-8.975103e-05,-9.565882e-05,-8.582192e-05,-9.560825e-05,-0.0001790649,-0.0003196445,-0.0003952913,-0.0004983618,-0.0005998843,-0.0006379603,-0.0006927297,-0.0007186242,-0.0007308914,-0.0007306755
-0.0001037824,-7.207593e-05,-5.832521e-05,-2.395964e-05,-4.011185e-06,3.128374e-05,5.27694e-05,8.781911e-05,0.0001089397,0.0001432525,0.0001636026,0.0001977573,0.0002183385,0.0002541644,0.0002774693,0.0003182376,0.0003480668,0.0003982666,0.0004394112,0.000504664,0.0005626983,0.0006490797,0.0007306268,0.0008440081,0.0009555576,0.001102392,0.001249844,0.001435668,0.001623955,0.001852982,0.00208563,0.002360678,0.002637995,0.002958996,0.003279119,0.003641732,0.003998909,0.00439446,0.00477771,0.005192218,0.005584719,0.005997402,0.00637529,0.006757538,0.007088537,0.007401482,0.007644807,0.007837083,0.007940993,0.007945459,0.007844708,0.007576274,0.007173669,0.006546976,0.005720824,0.004692564,0.003424479,0.002041104,0.0005563839,-0.0008287398,-0.002003669,-0.002657953,-0.002222038,-0.001395842,-0.0004096751,0.0001536712,0.0002022279,-0.0001014246,-0.0001655808,-0.0001245939,NaN,NaN,NaN,NaN,NaN,NaN,NaN,NaN,NaN,NaN,NaN,-0.000156582,-0.0001186106,-0.000102196,-0.0001631284,-0.0001515829,-6.196684e-05,5.810003e-05,0.0001563671,0.000160922,0.0001626485,0.0001204836,4.845521e-05,2.182205e-07,-3.973801e-05,-7.904167e-05,-0.000103772,-0.0001074903,-0.0001245691,-0.0001042333
0.000592289,0.0006123223,0.0006169396,0.0006468751,0.0006540086,0.0006878799,0.0006965685,0.0007316498,0.0007411399,0.0007763808,0.0007867654,0.0008224152,0.0008347142,0.0008721878,0.0008886324,0.0009306482,0.0009545616,0.00100477,0.001040534,0.001103317,0.001156098,0.001236637,0.001311433,0.001415625,0.001517745,0.001650614,0.001785152,0.001951274,0.002122317,0.002325124,0.002535181,0.002775737,0.003025842,0.003302732,0.003590119,0.003899456,0.004217555,0.004551127,0.004889242,0.005233988,0.005576269,0.005914059,0.006238841,0.006545368,0.006824419,0.007069616,0.007266341,0.007413948,0.007482524,0.007488456,0.007369391,0.007173116,0.006798987,0.006304515,0.005615596,0.004726176,0.003676602,0.002407958,0.001022947,-0.0004742827,-0.001863064,-0.003030354,-0.003972814,-0.004271768,-0.00310751,-0.002296869,-0.001077894,-0.0002227344,0.0001341872,0.0001497741,-0.0001317258,-0.0002086224,-0.0002348561,-0.0002221228,-0.0002321627,-0.0002182757,-0.0002141569,-0.0001848029,-0.0001668989,-0.0001565088,-0.000199999,-0.0002908743,-0.0002705218,-0.0001206399,6.29625e-05,0.000393151,0.0005650418,0.0007638246,0.0008627893,0.000875857,0.0008303348,0.0007987912,0.0007493261,0.0007180875,0.0006547353,0.0006469713,0.00060656,0.0006015365,0.0005871041,0.0005933074
0.001316151,0.001324211,0.001322636,0.001334231,0.001341277,0.001355792,0.001367465,0.001383878,0.001398361,0.001416207,0.001433039,0.001452756,0.001472497,0.001495335,0.001519716,0.001548046,0.001579699,0.001616749,0.001659044,0.001708901,0.00176581,0.001832824,0.001909168,0.0019974,0.002097727,0.002211719,0.002339994,0.002483328,0.002642571,0.00281761,0.003009583,0.003217504,0.003441081,0.003680383,0.003932742,0.004198378,0.004473441,0.004756846,0.005044385,0.005332956,0.005618518,0.005894932,0.006159567,0.006401745,0.006621901,0.006802206,0.006951121,0.007035964,0.00708246,0.007030583,0.00693771,0.006700319,0.006410674,0.005942646,0.005372452,0.00462881,0.003720856,0.002639754,0.001418735,5.302231e-05,-0.001366329,-0.002818116,-0.003991317,-0.004883309,-0.005449629,-0.005932693,-0.004532699,-0.002846799,-0.002586404,-0.00153477,-0.0006325394,-0.000266228,-0.0001219729,-7.844309e-05,-0.0001401796,-0.0002359727,-0.0003128309,-0.0003179726,-0.0002575227,-0.0001569352,-2.691399e-05,0.0002498848,0.0006949694,0.0008744731,0.001172054,0.001609688,0.001707766,0.001731103,0.00172912,0.001715913,0.001665842,0.001624486,0.001551017,0.00150427,0.001457821,0.001414428,0.001377862,0.001361044,0.001331402,0.00133126
0.002035027,0.002018674,0.002017048,0.002012778,0.002015906,0.002018801,0.002025936,0.002033523,0.002043843,0.002055008,0.002068368,0.002083065,0.002100054,0.002119144,0.002141241,0.002166523,0.002196007,0.002229978,0.002269928,0.00231558,0.002369605,0.002430577,0.00250198,0.002582381,0.0026747,0.002777718,0.002894158,0.003022541,0.00316538,0.003320824,0.003490867,0.003672874,0.003869663,0.004075754,0.004295445,0.004521036,0.004756687,0.00499367,0.005235132,0.005471703,0.005704941,0.005925742,0.006132795,0.006318591,0.00647761,0.006606546,0.006691242,0.006739439,0.006719778,0.006661497,0.006502421,0.006305125,0.005974411,0.005584239,0.005057097,0.004413154,0.003646433,0.002733188,0.001677286,0.0004948554,-0.0007824135,-0.002084743,-0.003460678,-0.004673641,-0.005621979,-0.006232082,-0.006324766,-0.006356061,-0.006662928,-0.005141042,-0.002713059,-0.001609515,-0.001346077,-0.001314485,-0.001060538,-0.0006512117,-0.0001871738,0.0001782222,0.0003818371,0.0004681097,0.0007234857,0.001458112,0.002243473,0.002422751,0.00242894,0.002522127,0.002609992,0.002615006,0.002596223,0.002541754,0.002481559,0.00240561,0.002351677,0.002284731,0.002223667,0.002176783,0.002135446,0.00209288,0.00207362,0.002042881
0.002685966,0.002674429,0.002660574,0.002654329,0.002649801,0.002648948,0.002650581,0.002654282,0.002660569,0.002668348,0.002678718,0.002690673,0.002705456,0.002722451,0.002742727,0.002766264,0.002793815,0.002826128,0.002863223,0.002907135,0.002956423,0.003014795,0.003079608,0.003154944,0.003238125,0.003333259,0.00343706,0.003553916,0.003679758,0.003819099,0.003967101,0.004128613,0.0042965,0.004477623,0.004661721,0.004856721,0.005050648,0.005251164,0.005445267,0.005639894,0.005821418,0.005995174,0.006148209,0.00628315,0.006389186,0.006464103,0.006503646,0.006494591,0.006447117,0.006327637,0.006172384,0.005916885,0.005623136,0.005217673,0.004741069,0.004171744,0.00348589,0.002707534,0.00181724,0.0008269348,-0.0002698807,-0.001454467,-0.002604445,-0.003755297,-0.004899937,-0.005866687,-0.006412631,-0.006772132,-0.006950149,-0.006339958,-0.005007071,-0.003945171,-0.003629776,-0.003454338,-0.002810468,-0.001677461,-0.0004371744,0.000559398,0.001091626,0.001279614,0.001499894,0.00197043,0.002525798,0.002900978,0.003083259,0.003202233,0.003252454,0.003258565,0.003231589,0.003193695,0.003141741,0.003088304,0.003017741,0.002958648,0.002907507,0.002851545,0.002805927,0.002772279,0.002732398,0.002712837
0.003267478,0.003249101,0.003239492,0.003231348,0.003226568,0.003225162,0.003225161,0.00322886,0.003233246,0.003241353,0.003249997,0.003262383,0.003275775,0.00329319,0.003312323,0.003335902,0.003362365,0.003393839,0.003429772,0.003471142,0.003518934,0.003572606,0.003634256,0.003702897,0.00378052,0.003865803,0.003961039,0.004064254,0.00417798,0.004299404,0.004431018,0.004568846,0.004716761,0.004867819,0.005027458,0.0051866,0.005350928,0.005510322,0.005669892,0.005818943,0.005961448,0.006086917,0.006197214,0.006283383,0.006344031,0.006374087,0.006365037,0.006321816,0.006222005,0.006089258,0.005877274,0.005637239,0.005300513,0.004924502,0.00446279,0.003924645,0.003323842,0.002632763,0.001865673,0.001018486,0.0001114029,-0.000837484,-0.00188,-0.002910157,-0.003841642,-0.004674215,-0.005465608,-0.006108368,-0.006454793,-0.006244373,-0.005565139,-0.004894357,-0.004431354,-0.004057147,-0.003450471,-0.002496213,-0.001338747,-0.000250647,0.0005814292,0.001145932,0.001596144,0.00209072,0.002604183,0.002997204,0.003250225,0.003407304,0.003524725,0.003593988,0.003624875,0.003621169,0.003599142,0.003561405,0.003529558,0.003487767,0.003440698,0.003405734,0.00336975,0.003332897,0.003311282,0.003281798
0.00375322,0.003748618,0.003741785,0.003739432,0.003738843,0.003740184,0.00374416,0.003749235,0.003757143,0.003766025,0.003777701,0.00379061,0.003806493,0.003824296,0.003845272,0.003869031,0.003896382,0.003927728,0.003963023,0.004003925,0.004048881,0.004101085,0.004157919,0.004222797,0.004293066,0.004372153,0.004456798,0.004550748,0.004649974,0.004758341,0.00487107,0.00499245,0.005115618,0.005246712,0.005376196,0.005511004,0.005640452,0.005771079,0.005891621,0.006007903,0.006108529,0.006197689,0.006265118,0.006312506,0.006332111,0.006321149,0.00627833,0.006191264,0.006071822,0.005890726,0.00568226,0.00539355,0.005079015,0.004683504,0.004240903,0.003743537,0.003172987,0.002556741,0.001882042,0.001160737,0.0003851495,-0.000438843,-0.001236641,-0.002051157,-0.002898736,-0.003696629,-0.004320006,-0.00479676,-0.005110236,-0.005217981,-0.005078901,-0.004748653,-0.004408457,-0.004020312,-0.003469839,-0.00268554,-0.001739581,-0.0007687607,8.64321e-05,0.0007825131,0.001360723,0.001873719,0.002344372,0.002774718,0.003126844,0.003396967,0.003577309,0.003701414,0.003781512,0.003835118,0.003863624,0.003878411,0.003869155,0.003858433,0.003847997,0.003827007,0.003808427,0.003796543,0.003775277,0.003768155
0.004174469,0.004175783,0.004181273,0.004187191,0.004193679,0.004202627,0.004211254,0.004222882,0.004234069,0.004248439,0.004262623,0.00428006,0.004297876,0.004319178,0.004341625,0.004367775,0.004396066,0.004428347,0.004464044,0.004503819,0.004548484,0.004597304,0.004652014,0.004711507,0.004777381,0.004848164,0.004925739,0.005008019,0.005097083,0.005190106,0.005289191,0.005390408,0.005497138,0.005602885,0.005712392,0.005817542,0.005923092,0.006020356,0.006113411,0.006193443,0.006263464,0.006315258,0.006349794,0.006360712,0.006345992,0.006303235,0.006224058,0.006115321,0.005956787,0.005771639,0.005520216,0.005248404,0.00490119,0.004526619,0.004093164,0.003607497,0.003088982,0.002517438,0.001909605,0.001266135,0.0006050752,-5.978925e-05,-0.0007718073,-0.001462999,-0.00207937,-0.002643101,-0.003208018,-0.003687894,-0.004008848,-0.00411598,-0.004046348,-0.003890788,-0.003639715,-0.003312181,-0.002878935,-0.002317148,-0.001633258,-0.0008894429,-0.0001503855,0.0005337692,0.00114805,0.001707423,0.002212861,0.002638472,0.002989425,0.003272037,0.003510135,0.003697766,0.003841312,0.003943658,0.004017203,0.004065608,0.004107067,0.004132025,0.004142707,0.004155945,0.004162602,0.004162114,0.004170146,0.004167801
0.004547025,0.004565754,0.004580665,0.004596536,0.004612593,0.00462833,0.004645371,0.004661983,0.004680261,0.004698401,0.004718444,0.004738895,0.004761345,0.004784901,0.004810743,0.004838512,0.004868778,0.004901991,0.004937801,0.004977819,0.005020306,0.005068155,0.005118707,0.005174987,0.005234269,0.005299635,0.005367766,0.005441951,0.005518175,0.005599894,0.005682499,0.005769833,0.005855326,0.005944423,0.006028609,0.006113831,0.006190767,0.006264912,0.006326744,0.006380936,0.006418355,0.00644215,0.006444528,0.00642631,0.006382356,0.006309457,0.006208642,0.006068325,0.005901158,0.005681534,0.00544073,0.005135036,0.004810934,0.004426317,0.004007827,0.003555554,0.003053766,0.002530061,0.001976678,0.001406945,0.0008178423,0.00021547,-0.0003420284,-0.0008873884,-0.00144238,-0.00195324,-0.002336778,-0.002622552,-0.002831095,-0.002971073,-0.00301379,-0.002921121,-0.002747358,-0.002481418,-0.002116913,-0.001648948,-0.001103818,-0.000510504,8.716578e-05,0.000663711,0.001204504,0.001699989,0.002148877,0.002566784,0.002939215,0.003261479,0.003518347,0.00372779,0.003896494,0.004036565,0.004148021,0.004240118,0.00430452,0.004358708,0.004406354,0.004438723,0.004466087,0.004494502,0.004510039,0.004533356
0.004916673,0.004942667,0.004969073,0.004994362,0.005017775,0.005042132,0.005064488,0.005088507,0.005110818,0.005135089,0.005158262,0.005183633,0.005208503,0.005235696,0.005263216,0.005293291,0.005324518,0.005358417,0.005394465,0.005433057,0.005474947,0.005519244,0.005567379,0.005618236,0.005673037,0.005730379,0.005791709,0.00585499,0.005921835,0.005989638,0.0060601,0.006129601,0.006200911,0.006268248,0.006335597,0.006396047,0.006453336,0.006500367,0.006540199,0.006565852,0.006579379,0.006574811,0.006552273,0.006507753,0.006438598,0.006344733,0.006217937,0.006066445,0.00587201,0.005656764,0.005386843,0.005102336,0.004758955,0.00439619,0.003992251,0.003550888,0.003092414,0.002601118,0.002092906,0.001570549,0.001050384,0.0005464568,2.523886e-05,-0.000462187,-0.0008728416,-0.001227397,-0.001574545,-0.001861627,-0.002046573,-0.002105552,-0.002064442,-0.001971121,-0.001797178,-0.001555908,-0.001249974,-0.000884057,-0.0004588171,7.960778e-06,0.0004998155,0.0009945297,0.001474552,0.001933764,0.002362861,0.00274121,0.003073131,0.003362264,0.003623735,0.003850094,0.004042517,0.004200675,0.004331931,0.004438411,0.004534161,0.004612083,0.004672528,0.004729877,0.004777851,0.004814849,0.004855447,0.004884105
0.00529626,0.005334425,0.005367902,0.005399917,0.005430826,0.00545979,0.005488796,0.005516178,0.005544074,0.005570849,0.005598464,0.005625663,0.00565385,0.005682222,0.005711782,0.005742369,0.005774233,0.005807939,0.005842838,0.005880519,0.005919173,0.005961381,0.006004543,0.006051307,0.006098996,0.00615035,0.00620216,0.006257245,0.006311838,0.006368913,0.006424221,0.0064811,0.006533601,0.006586405,0.006632086,0.006675648,0.006709211,0.006737242,0.006752035,0.006757174,0.006745546,0.006719421,0.006673231,0.006607082,0.006517976,0.00640251,0.006263382,0.006089982,0.005895083,0.005656491,0.005402548,0.005096781,0.004778323,0.004415195,0.004027565,0.00361977,0.003177562,0.002725844,0.002259648,0.001790421,0.001317192,0.0008455168,0.0004224356,2.444914e-05,-0.0003691881,-0.0007183157,-0.0009606317,-0.001121894,-0.00122815,-0.001291836,-0.00129405,-0.001198481,-0.001040269,-0.0008143425,-0.0005255411,-0.0001778681,0.0002090174,0.0006238816,0.001047035,0.001469229,0.001880596,0.002271958,0.002637789,0.002989291,0.003315313,0.003611743,0.003864239,0.004083827,0.004273366,0.004441118,0.004585288,0.004712475,0.004814792,0.004905222,0.00498749,0.005054125,0.005112726,0.00516976,0.005212869,0.005259815
0.005701804,0.005743825,0.005784119,0.005822295,0.005857175,0.005891836,0.005923445,0.005955604,0.00598527,0.006015848,0.006044562,0.006074438,0.006103172,0.006133156,0.00616261,0.006193532,0.006224623,0.006257158,0.006290619,0.006325252,0.006361684,0.006399003,0.00643833,0.006478613,0.006520747,0.006563433,0.006607747,0.006651834,0.00669695,0.006740751,0.006784511,0.006825034,0.006864632,0.006898363,0.006929337,0.006951896,0.006968897,0.006974714,0.006971608,0.006954295,0.006923966,0.006876536,0.006811564,0.006726895,0.006619585,0.006491219,0.006334015,0.006156836,0.005943581,0.005714711,0.005441953,0.005159505,0.004831753,0.00449102,0.004122212,0.003726895,0.003324331,0.002901562,0.00247249,0.002039727,0.001616596,0.001215876,0.0008100626,0.0004382101,0.0001359416,-0.000113433,-0.0003517398,-0.0005423487,-0.0006531642,-0.0006674153,-0.0006035542,-0.0004986451,-0.0003314975,-0.0001133644,0.0001489688,0.0004479704,0.0007827531,0.001143728,0.001523796,0.001910901,0.002293719,0.002667249,0.003024128,0.003347852,0.003640937,0.003905402,0.00415249,0.004375751,0.004574213,0.004746309,0.00489665,0.005025938,0.005144777,0.005247532,0.005333426,0.005414214,0.005485371,0.005544708,0.005604811,0.005652991
0.006115962,0.006166533,0.006211905,0.00625428,0.006294555,0.006331787,0.006367996,0.006401718,0.006434988,0.00646644,0.006497673,0.006527741,0.006557869,0.006587489,0.006617175,0.006647021,0.006676993,0.006707754,0.006738472,0.006770685,0.006802502,0.00683629,0.006869546,0.006904568,0.006938851,0.006974704,0.007009166,0.007044683,0.007077856,0.007111184,0.007140789,0.007169554,0.007192302,0.00721307,0.007225373,0.007233419,0.007230683,0.007220797,0.00719759,0.007163967,0.007114396,0.007050517,0.006968449,0.006867955,0.006747637,0.006604181,0.006441219,0.006249374,0.006040871,0.005796863,0.005542361,0.005247485,0.004944596,0.004609514,0.0042573,0.003894517,0.003508285,0.003120092,0.002726364,0.0023365,0.001949864,0.001570202,0.001235237,0.000927322,0.0006268733,0.000364395,0.0001890821,8.137671e-05,1.760539e-05,-1.262862e-05,4.186886e-06,9.915332e-05,0.0002456172,0.0004461433,0.0006948081,0.0009873263,0.001307837,0.001649146,0.00199769,0.002348532,0.002694703,0.003029745,0.003348447,0.003659743,0.003954995,0.004230669,0.004474082,0.004692856,0.004888199,0.005066236,0.00522501,0.005369127,0.005491311,0.005601581,0.005703278,0.005790229,0.005867797,0.005942452,0.006003078,0.006064772
0.006528782,0.006583825,0.006635261,0.006683694,0.006727603,0.006770174,0.006808714,0.006846686,0.006881339,0.006915879,0.006947744,0.006979703,0.007009689,0.007039988,0.007068876,0.007098083,0.007126473,0.007155108,0.007183534,0.007211898,0.007240591,0.007268868,0.007297515,0.007325646,0.007353865,0.007380996,0.007407788,0.007432723,0.007456671,0.00747767,0.007496573,0.007510724,0.00752193,0.007526166,0.007525784,0.007516286,0.007499786,0.007472017,0.007434459,0.00738342,0.007319466,0.007239992,0.007144104,0.007031117,0.006898081,0.006747609,0.006572591,0.006381953,0.006161691,0.0059304,0.005664121,0.005392483,0.005086808,0.004773089,0.004441148,0.004091002,0.003740059,0.003377712,0.003014924,0.002654693,0.002307262,0.001983019,0.001659032,0.001364829,0.001129924,0.0009406154,0.0007612837,0.0006184096,0.0005384519,0.0005351789,0.0005955498,0.0006896175,0.0008335343,0.001019126,0.001240498,0.001491226,0.001770846,0.002072795,0.002392727,0.002722174,0.003052919,0.003380622,0.003699576,0.003995916,0.004270747,0.004525052,0.004767247,0.004991978,0.005197534,0.005381631,0.005547375,0.005694639,0.00583157,0.005953883,0.006059931,0.006159543,0.006249227,0.006326647,0.006402516,0.006466399
0.006918272,0.006982427,0.007040426,0.007094128,0.007144494,0.007190769,0.007234757,0.007275326,0.007314187,0.007350378,0.00738519,0.007417975,0.007449574,0.00747985,0.007509083,0.007537429,0.007564732,0.00759168,0.007617404,0.007643329,0.007667556,0.007692264,0.007715101,0.007738099,0.007758934,0.007779587,0.007797352,0.007814403,0.007827629,0.007839231,0.007845741,0.00784971,0.007846562,0.007839792,0.007823944,0.007802551,0.007770233,0.007730045,0.00767696,0.007613442,0.007535305,0.007443803,0.007336205,0.007212239,0.007071546,0.006911148,0.006735052,0.00653528,0.006322984,0.006082581,0.005835111,0.005556969,0.005274732,0.00496981,0.004653576,0.004333321,0.003997583,0.003664768,0.003331524,0.003006081,0.002687722,0.002378328,0.002108257,0.001863762,0.001626862,0.001420638,0.00128467,0.001204243,0.001158532,0.001138919,0.001155128,0.001233482,0.001353846,0.001518185,0.001721983,0.001962414,0.002227265,0.002511554,0.002805154,0.003104755,0.003405068,0.003701339,0.003988768,0.004274324,0.004550717,0.004814875,0.005055379,0.005277326,0.005481042,0.005670888,0.005844618,0.006005621,0.006147321,0.006277476,0.006398666,0.006505925,0.00660284,0.0066954,0.006774048,0.006851311
0.007280907,0.007351199,0.007416246,0.007477329,0.007532726,0.007585591,0.007633411,0.007679427,0.007721114,0.007761452,0.007798207,0.00783388,0.007866527,0.007898309,0.007927724,0.007956222,0.007982818,0.00800842,0.008032606,0.00805549,0.008077288,0.008097426,0.00811641,0.00813357,0.00814923,0.008162469,0.008173733,0.008181838,0.008187278,0.008188538,0.008186178,0.008178104,0.008165594,0.008145443,0.008119512,0.008084317,0.008041371,0.007987562,0.007923786,0.00784754,0.007759056,0.007656867,0.007539859,0.00740835,0.007259536,0.007096586,0.006913234,0.00671802,0.006498975,0.006272627,0.006018732,0.005762698,0.005481653,0.005196319,0.004899939,0.004591567,0.004286382,0.003975873,0.003668319,0.003366781,0.003079069,0.002813561,0.002551091,0.002313977,0.002126572,0.001977711,0.001837276,0.001724635,0.001661564,0.001659494,0.001708944,0.001785302,0.001901124,0.00205067,0.002229587,0.002433183,0.002661711,0.002910787,0.003177792,0.003456565,0.003740961,0.004027498,0.004311716,0.004582105,0.0048386,0.005081576,0.005317278,0.005541142,0.00575106,0.005944372,0.00612265,0.006285402,0.006438821,0.006579451,0.006704992,0.006823463,0.006932089,0.007028393,0.00712149,0.007202792
0.007610318,0.007689135,0.007761251,0.007828023,0.007890436,0.007947853,0.00800184,0.008051517,0.008098278,0.008141422,0.008182039,0.008219712,0.008255009,0.008287906,0.008318615,0.008347385,0.008373922,0.008398949,0.00842153,0.008443001,0.008461619,0.008479279,0.008493857,0.008507136,0.008516978,0.008525181,0.008529303,0.008531207,0.008528127,0.008521998,0.00850984,0.008493877,0.008470151,0.008441637,0.008403857,0.008359795,0.008305072,0.008242249,0.008167382,0.008082456,0.007984364,0.007874162,0.007750054,0.007611779,0.007459577,0.007290959,0.007109934,0.006909871,0.006700675,0.006469553,0.006234355,0.005976022,0.005716307,0.0054412,0.005159082,0.004877273,0.004585725,0.004299882,0.004017041,0.003743625,0.003478869,0.003223979,0.003003045,0.002805435,0.002614917,0.002449239,0.002340276,0.00227717,0.002241816,0.00222691,0.002239248,0.00230092,0.00239651,0.0025277,0.002691171,0.002885461,0.003101128,0.00333488,0.003578958,0.003831326,0.004087779,0.004345174,0.004599197,0.004855704,0.005108489,0.005354994,0.005585231,0.005802594,0.006006669,0.00620077,0.006382198,0.006553578,0.006708969,0.00685408,0.006990897,0.007115171,0.007229244,0.007338336,0.007434269,0.00752741
0.007913517,0.007997547,0.008075669,0.008149086,0.008216191,0.008279802,0.008337701,0.00839274,0.008442733,0.008490248,0.008533383,0.008574327,0.008611456,0.008646479,0.008678158,0.00870784,0.008734567,0.008759176,0.00878117,0.008800711,0.008817948,0.008832386,0.008844339,0.008853305,0.008859403,0.008861989,0.008861293,0.008856351,0.008847467,0.008833469,0.008814725,0.008789586,0.008759036,0.008720558,0.008675558,0.008621429,0.008559271,0.008486824,0.008404771,0.008311373,0.008206644,0.008089941,0.007960248,0.007818411,0.007661888,0.007494065,0.007309572,0.007116203,0.00690401,0.006687151,0.006449504,0.006211681,0.005955528,0.005697984,0.005434297,0.005163261,0.004897736,0.004630737,0.004369166,0.004115035,0.003874277,0.003654287,0.003438762,0.003244879,0.003092343,0.002972468,0.002859859,0.002768971,0.002717542,0.002715053,0.002754377,0.002815501,0.002907993,0.00302792,0.003171916,0.003336758,0.003522906,0.003727609,0.003949095,0.004183154,0.004424939,0.004671965,0.004920634,0.005161783,0.005394762,0.005619576,0.005840971,0.006055268,0.006260014,0.006452818,0.006634152,0.006803351,0.006964941,0.007115947,0.007253993,0.007385287,0.007507649,0.007618681,0.007725707,0.007821921
0.008190895,0.008281008,0.008364532,0.008442175,0.008514923,0.008582158,0.008645203,0.008703357,0.008757767,0.008807885,0.008854531,0.008897466,0.008937169,0.00897356,0.00900671,0.009037059,0.009064133,0.009088709,0.009109772,0.009128592,0.009143609,0.009156439,0.009165194,0.009171412,0.00917319,0.009172119,0.009166058,0.009156574,0.009141325,0.009121959,0.009095929,0.009065138,0.009026328,0.008982039,0.008928528,0.008868352,0.008797997,0.008719606,0.008630205,0.00853141,0.008420873,0.00829954,0.008166339,0.008021072,0.007864303,0.007694085,0.00751414,0.007319088,0.007117521,0.006899013,0.006678918,0.00644158,0.006204453,0.005957406,0.005706367,0.005458352,0.005204752,0.004958152,0.004716854,0.004485405,0.004262967,0.004050684,0.003867336,0.003704962,0.003549236,0.003414019,0.003324707,0.003273486,0.003244932,0.003232936,0.003242085,0.00329084,0.003367192,0.003472737,0.003604852,0.00376301,0.003939718,0.004132894,0.004336303,0.004548925,0.0047673,0.004989448,0.005211576,0.005438668,0.005665671,0.00589044,0.006104446,0.006310076,0.006506337,0.006695931,0.006876211,0.007049102,0.007209234,0.007360771,0.007505298,0.007639168,0.007763769,0.007883646,0.007991598,0.008096211
0.008448488,0.008541959,0.008629336,0.00871175,0.00878766,0.008859519,0.008925336,0.008987595,0.009044397,0.009097953,0.00914655,0.0091921,0.009233229,0.009271394,0.009305415,0.009336554,0.009363881,0.009388182,0.009408916,0.009426309,0.009440355,0.009450732,0.009457551,0.00946049,0.009459517,0.009454181,0.009444532,0.00942989,0.009410396,0.0093852,0.009354444,0.009316916,0.009273351,0.009221903,0.009163517,0.009096338,0.009021131,0.00893637,0.008842496,0.008738499,0.008624203,0.008499547,0.008363586,0.008217527,0.00805917,0.007891854,0.007711068,0.007523726,0.007321685,0.007116904,0.006896571,0.00667749,0.006445237,0.006213477,0.005978913,0.00574036,0.005508465,0.005277635,0.00505338,0.004837335,0.004633897,0.004449245,0.004269883,0.004109072,0.003982659,0.003883997,0.003792053,0.003717607,0.00367494,0.003671913,0.003703149,0.003752593,0.003827408,0.003924965,0.004042568,0.004177977,0.004331661,0.00450191,0.004687417,0.004885307,0.0050918,0.005305024,0.005522137,0.00573583,0.005945296,0.006150361,0.006354528,0.006554942,0.006749128,0.006934967,0.007112475,0.00728081,0.00744313,0.007597086,0.007740281,0.007877596,0.008007122,0.00812677,0.008242148,0.008347878
0.008684838,0.008782235,0.008873115,0.00895815,0.00903797,0.009112169,0.00918166,0.009246005,0.009305976,0.0093613,0.009412444,0.009459375,0.009502278,0.00954136,0.009576426,0.009607956,0.009635422,0.009659587,0.009679485,0.009696274,0.00970846,0.009717536,0.009721784,0.009722577,0.009718223,0.009710092,0.009696289,0.009678258,0.009653941,0.009624811,0.009588643,0.009547148,0.009497569,0.009442133,0.009377746,0.009306605,0.009225876,0.009137455,0.009038928,0.008931835,0.008814383,0.008687478,0.008550366,0.008403095,0.008246361,0.008078744,0.007903483,0.007716456,0.00752476,0.007320369,0.007115432,0.006898209,0.006682414,0.006460473,0.006236785,0.006017593,0.005795737,0.005581554,0.005373381,0.005175293,0.004986437,0.004807329,0.004652807,0.004516892,0.004387622,0.004275604,0.00420097,0.004158072,0.004134161,0.00412428,0.004131529,0.004170914,0.004233172,0.004319711,0.004428477,0.00455936,0.004706503,0.004868498,0.005040428,0.005221692,0.005409578,0.005602708,0.005797936,0.005999266,0.006202632,0.0064064,0.006603354,0.006795142,0.00698066,0.007161871,0.007336421,0.007505667,0.007664897,0.007817327,0.007963863,0.008101698,0.008231346,0.008356622,0.008471432,0.008582531
0.008902254,0.009001709,0.00909489,0.009183176,0.009264929,0.009342365,0.009413619,0.009480876,0.00954238,0.009600119,0.009652523,0.009701284,0.00974504,0.009785272,0.009820833,0.00985277,0.009880257,0.009904006,0.009923499,0.009939003,0.009950297,0.009957312,0.009959941,0.009958083,0.009951537,0.009940051,0.009923477,0.009901486,0.009873975,0.009840452,0.009800849,0.009754413,0.009701521,0.009640937,0.009573282,0.009497335,0.00941353,0.009321007,0.009219859,0.009109735,0.008990375,0.008862128,0.008724025,0.008577536,0.008420817,0.008256988,0.008082354,0.00790294,0.00771215,0.007520056,0.007316055,0.007114262,0.006903524,0.006694329,0.00648464,0.006273366,0.006069053,0.005867648,0.005672861,0.005486737,0.005312558,0.005154948,0.005003329,0.004867735,0.004760832,0.004677541,0.004601048,0.004539269,0.004503462,0.004500053,0.004525073,0.004565812,0.004627584,0.00470858,0.004806687,0.004920281,0.005049786,0.005194077,0.005352235,0.005522124,0.005700836,0.005886898,0.006078077,0.006268589,0.006457458,0.006644582,0.006832396,0.007018679,0.007201255,0.007378171,0.007549073,0.007713168,0.007872588,0.008025634,0.008169795,0.008308994,0.008441451,0.008565347,0.008684992,0.008796061
0.009098124,0.009200064,0.009295594,0.009385468,0.009469934,0.009548836,0.009622684,0.00969129,0.00975504,0.00981392,0.009868109,0.009917755,0.009962725,0.01000348,0.01003966,0.01007175,0.01009917,0.01012268,0.01014135,0.01015625,0.01016597,0.01017186,0.01017239,0.01016879,0.01015955,0.01014588,0.01012611,0.01010155,0.01007039,0.01003395,0.009990338,0.00994109,0.009883852,0.009820547,0.009748697,0.009670184,0.009582718,0.009487996,0.00938403,0.009272275,0.009151381,0.009022255,0.008884318,0.008737861,0.008583544,0.008420473,0.008251311,0.008073128,0.007891526,0.007700665,0.007509682,0.007310215,0.007112884,0.006912142,0.00671126,0.006515566,0.006319311,0.006130923,0.005948732,0.005776423,0.005613304,0.005459569,0.005326708,0.005210374,0.005100986,0.005006561,0.004942684,0.004905423,0.004884583,0.004876327,0.004882664,0.004915421,0.004967544,0.005040207,0.005131784,0.005242386,0.005367431,0.005505965,0.00565412,0.005811474,0.00597581,0.006146205,0.006319996,0.006500342,0.006683849,0.006869374,0.007050949,0.00722969,0.007404477,0.007576698,0.007744155,0.007907885,0.008063902,0.008214644,0.008360409,0.008499107,0.008630691,0.008758184,0.008876637,0.008991217
0.009273467,0.009376603,0.009473597,0.009565685,0.009651378,0.009732538,0.009807536,0.009878199,0.009942984,0.01000358,0.01005861,0.01010952,0.0101551,0.01019661,0.01023305,0.01026535,0.0102927,0.0103158,0.01033408,0.01034787,0.01035685,0.01036109,0.01036035,0.01035468,0.01034373,0.01032749,0.01030566,0.01027812,0.01024462,0.01020494,0.01015889,0.01010605,0.01004656,0.009979649,0.009905666,0.009823911,0.009734562,0.009637233,0.009531866,0.009418478,0.009296765,0.009167351,0.009029398,0.008884401,0.008730853,0.008571565,0.008403642,0.008232128,0.008051942,0.007871181,0.00768179,0.007494749,0.007301812,0.007111145,0.006921407,0.006731914,0.00654924,0.006370618,0.00619878,0.006035463,0.00588311,0.005745595,0.00561471,0.005498055,0.00540523,0.005332713,0.005267475,0.005215385,0.005184911,0.005181199,0.005201244,0.005235489,0.005287622,0.005356486,0.005440332,0.005538095,0.005649914,0.005775134,0.005912894,0.006061708,0.00621913,0.006384164,0.006554824,0.006726821,0.006898965,0.007071185,0.007245016,0.007418828,0.007590583,0.007758771,0.00792264,0.008081608,0.008236948,0.008387368,0.008530579,0.008669501,0.00880261,0.008928438,0.009050038,0.009164232
0.009426369,0.009530974,0.009629557,0.009722586,0.009810165,0.009892245,0.009969068,0.01004061,0.01010701,0.01016837,0.01022468,0.01027618,0.01032267,0.01036453,0.01040136,0.01043374,0.010461,0.0104839,0.01050152,0.01051481,0.0105226,0.01052599,0.01052367,0.0105167,0.01050375,0.01048591,0.01046175,0.01043237,0.01039624,0.01035452,0.01030563,0.01025087,0.01018836,0.0101197,0.0100429,0.009959552,0.009867869,0.009769281,0.009662319,0.00954821,0.009425912,0.009296351,0.009159155,0.00901476,0.008863671,0.008705523,0.008542359,0.008372287,0.008199583,0.008020157,0.007841147,0.007656388,0.007473714,0.007289774,0.007106702,0.006929045,0.006752455,0.006583438,0.006421065,0.006267975,0.006123612,0.005988692,0.005871411,0.00576905,0.005674152,0.005592854,0.005536485,0.005502661,0.005483551,0.005476454,0.005482438,0.005510555,0.005555463,0.005618198,0.005697308,0.005793107,0.005901909,0.006023182,0.006153712,0.006293353,0.006440065,0.006593351,0.006750796,0.00691486,0.007082687,0.007253415,0.007422256,0.007590001,0.007755319,0.007919346,0.008080019,0.008238134,0.008390361,0.008538371,0.00868219,0.008820211,0.008952094,0.009080213,0.009200517,0.009317024
0.009557786,0.009663017,0.009762428,0.00985691,0.009945231,0.01002885,0.01010641,0.01017937,0.01024646,0.01030903,0.0103659,0.0104183,0.01046522,0.01050763,0.01054463,0.01057716,0.01060437,0.01062697,0.0106443,0.0106568,0.01066407,0.01066628,0.01066306,0.01065462,0.01064048,0.01062083,0.01059525,0.01056378,0.01052607,0.01048214,0.01043163,0.01037444,0.01031049,0.01023945,0.01016135,0.01007594,0.009983188,0.009883058,0.009775426,0.00966055,0.009538058,0.009408744,0.009271953,0.009129099,0.008978999,0.00882409,0.008662244,0.008497473,0.008326167,0.008154449,0.007976923,0.007801501,0.007622342,0.007445839,0.007271054,0.007097914,0.00693118,0.006769203,0.006614207,0.006467524,0.006330789,0.006207446,0.006091426,0.005988451,0.005905226,0.005839724,0.005782395,0.005737576,0.005711137,0.005707033,0.005722971,0.005752361,0.005797457,0.005857655,0.005931375,0.006018026,0.006117345,0.006229019,0.006352036,0.006485505,0.006627254,0.006776635,0.006931804,0.007089746,0.007249174,0.007409958,0.007572782,0.007736539,0.007899253,0.008059924,0.00821757,0.008371767,0.008523002,0.008670339,0.00881186,0.008949609,0.009082238,0.00920879,0.009331061,0.009447018
0.009666656,0.009772717,0.009873045,0.009968046,0.01005757,0.01014174,0.0102205,0.01029402,0.01036219,0.01042526,0.010483,0.0105358,0.01058331,0.01062597,0.01066327,0.01069585,0.01072301,0.01074548,0.01076238,0.01077457,0.01078102,0.01078268,0.0107784,0.0107691,0.01075364,0.01073294,0.01070579,0.01067313,0.0106337,0.01058846,0.01053611,0.01047773,0.01041185,0.01033977,0.01025992,0.01017362,0.01007949,0.009978751,0.009870278,0.009755176,0.009632608,0.009503514,0.009367581,0.009225449,0.009077411,0.008923604,0.008765408,0.008601937,0.00843613,0.008265637,0.008095434,0.007921822,0.007749991,0.007578341,0.00740825,0.007243401,0.007080877,0.006925539,0.006776916,0.006637231,0.006506022,0.006384285,0.006277482,0.006184301,0.006099533,0.006027658,0.005976194,0.005943983,0.005925492,0.005919118,0.005925262,0.005950279,0.005990341,0.006046297,0.006116787,0.006202158,0.006299517,0.006408572,0.00652669,0.006653851,0.006788189,0.006929363,0.007075262,0.007227506,0.007383733,0.007543313,0.007702507,0.007861797,0.008019772,0.008177227,0.00833232,0.008485586,0.008634317,0.008779656,0.00892126,0.009058134,0.009189609,0.009317475,0.009438609,0.00955589
0.00975382,0.009860218,0.009960923,0.01005679,0.0101467,0.01023183,0.01031101,0.01038543,0.010454,0.01051784,0.01057593,0.01062932,0.01067706,0.01072009,0.01075752,0.0107902,0.01081734,0.01083962,0.01085636,0.01086807,0.0108742,0.01087512,0.01087028,0.01086007,0.01084388,0.01082206,0.01079403,0.01076009,0.01071969,0.0106731,0.01061979,0.01055996,0.01049325,0.01041975,0.01033919,0.01025173,0.01015706,0.01005553,0.009946783,0.009831384,0.009708896,0.009580214,0.00944475,0.009303853,0.009156672,0.009005216,0.008848077,0.0086883,0.008523587,0.008358362,0.008189175,0.008021722,0.007852374,0.007685612,0.007521037,0.007359148,0.007203032,0.007052309,0.006908326,0.0067727,0.006646429,0.006532119,0.006426065,0.006332277,0.006254958,0.006193295,0.006141221,0.006101722,0.006078289,0.006073701,0.006086336,0.006112258,0.006152519,0.006206888,0.006273952,0.006353407,0.006444627,0.00654743,0.006660683,0.006783816,0.006914939,0.007053548,0.00719796,0.007346186,0.007496838,0.007649789,0.007804867,0.007961342,0.008117456,0.008272531,0.008425431,0.008575894,0.008723718,0.008868434,0.009008322,0.009144812,0.009276603,0.009403232,0.009525469,0.009642183
0.009818765,0.009925609,0.0100268,0.01012292,0.01021348,0.01029889,0.01037874,0.01045347,0.01052265,0.01058677,0.01064536,0.01069898,0.01074705,0.01079022,0.01082784,0.01086056,0.01088768,0.01090989,0.01092638,0.01093794,0.0109436,0.01094421,0.01093877,0.01092808,0.01091114,0.01088874,0.01085982,0.01082523,0.01078386,0.01073656,0.01068223,0.01062177,0.01055401,0.01047998,0.01039848,0.0103106,0.01021524,0.01011346,0.01000434,0.009888927,0.00976653,0.009638113,0.009503301,0.00936296,0.00921714,0.00906646,0.008911611,0.008752727,0.008591386,0.008427014,0.00826222,0.008095883,0.007930897,0.007767061,0.007605271,0.007448304,0.007294676,0.007147863,0.007007592,0.006876006,0.006752934,0.00663949,0.006538773,0.006450708,0.006372434,0.006306909,0.006258165,0.006226051,0.006207312,0.006201424,0.006208273,0.006231575,0.006268848,0.006320696,0.00638586,0.006464583,0.006554696,0.006656012,0.006766444,0.006885895,0.00701265,0.007146412,0.007285314,0.007430116,0.007578799,0.007730962,0.007883824,0.008037567,0.008190773,0.00834382,0.008495064,0.00864483,0.008791042,0.008934442,0.009074246,0.009210096,0.009341083,0.009468368,0.009589825,0.009707198
0.009862093,0.009969096,0.01007046,0.01016699,0.01025772,0.01034357,0.01042361,0.01049876,0.01056812,0.01063262,0.01069138,0.01074527,0.01079347,0.01083681,0.0108745,0.01090727,0.01093438,0.01095651,0.01097293,0.01098425,0.01098976,0.01099002,0.01098432,0.01097319,0.0109559,0.01093296,0.01090364,0.01086844,0.01082662,0.01077868,0.01072391,0.01066277,0.01059465,0.01051996,0.01043817,0.01034976,0.0102542,0.01015209,0.01004291,0.009927409,0.009805113,0.009676966,0.009542459,0.009402805,0.009257474,0.009108025,0.008953759,0.008796765,0.008636029,0.008474315,0.008310117,0.008146825,0.007983069,0.007821654,0.007662602,0.007507106,0.007356651,0.007212117,0.007074165,0.006944524,0.006823807,0.006713995,0.006613621,0.006525212,0.00645056,0.006390058,0.006341006,0.006305256,0.006284026,0.00627898,0.006289017,0.006312795,0.00635017,0.00640124,0.006464723,0.006540548,0.006627643,0.006725898,0.006833948,0.006951421,0.007076584,0.007209085,0.007347236,0.007490057,0.007635972,0.007784817,0.007935583,0.008087882,0.008240099,0.0083919,0.008541986,0.008690294,0.008835988,0.008979005,0.0091179,0.009253472,0.00938456,0.009511187,0.00963313,0.009750183
0.009883638,0.009990786,0.01009233,0.01018893,0.01027987,0.0103658,0.01044605,0.01052129,0.01059086,0.01065544,0.01071437,0.01076833,0.01081665,0.01086003,0.01089777,0.01093056,0.01095767,0.01097977,0.01099611,0.01100738,0.01101274,0.0110129,0.011007,0.01099572,0.01097819,0.01095507,0.01092547,0.01089005,0.01084793,0.01079976,0.01074466,0.01068332,0.01061487,0.01054002,0.01045795,0.01036942,0.01027365,0.01017147,0.01006219,0.009946712,0.009824468,0.009696426,0.009562165,0.009422719,0.009277862,0.009128691,0.008975205,0.008818524,0.008658928,0.008497504,0.008334819,0.008171899,0.008009563,0.007849123,0.007690985,0.007537123,0.007387499,0.00724425,0.007107564,0.006979234,0.006859524,0.00674999,0.006651361,0.006564844,0.006489865,0.006428077,0.006380099,0.006346779,0.0063271,0.006321635,0.006329751,0.006352659,0.006389035,0.006439263,0.006502112,0.006577703,0.006664441,0.006762226,0.006869358,0.006985627,0.00710934,0.007240245,0.007376559,0.007518242,0.0076635,0.007812073,0.007962091,0.008113476,0.008264703,0.008415804,0.008565313,0.008713367,0.008858512,0.009001059,0.009139908,0.009275232,0.009406033,0.009532869,0.009654536,0.009771802
0.009883638,0.009990786,0.01009233,0.01018893,0.01027987,0.0103658,0.01044605,0.01052129,0.01059086,0.01065544,0.01071437,0.01076833,0.01081665,0.01086003,0.01089777,0.01093056,0.01095767,0.01097977,0.01099611,0.01100738,0.01101274,0.0110129,0.011007,0.01099572,0.01097819,0.01095507,0.01092547,0.01089005,0.01084793,0.01079976,0.01074466,0.01068332,0.01061487,0.01054002,0.01045795,0.01036942,0.01027365,0.01017147,0.01006219,0.009946712,0.009824468,0.009696426,0.009562165,0.009422719,0.009277862,0.009128691,0.008975205,0.008818524,0.008658928,0.008497504,0.008334819,0.008171899,0.008009563,0.007849123,0.007690985,0.007537123,0.007387499,0.00724425,0.007107564,0.006979234,0.006859524,0.00674999,0.006651361,0.006564844,0.006489865,0.006428077,0.006380099,0.006346779,0.0063271,0.006321635,0.006329751,0.006352659,0.006389035,0.006439263,0.006502112,0.006577703,0.006664441,0.006762226,0.006869358,0.006985627,0.00710934,0.007240245,0.007376559,0.007518242,0.0076635,0.007812073,0.007962091,0.008113476,0.008264703,0.008415804,0.008565313,0.008713367,0.008858512,0.009001059,0.009139908,0.009275232,0.009406033,0.009532869,0.009654536,0.009771802
0.009862093,0.009969096,0.01007046,0.01016699,0.01025772,0.01034357,0.01042361,0.01049876,0.01056812,0.01063262,0.01069138,0.01074527,0.01079347,0.01083681,0.0108745,0.01090727,0.01093438,0.01095651,0.01097293,0.01098425,0.01098976,0.01099002,0.01098432,0.01097319,0.0109559,0.01093296,0.01090364,0.01086844,0.01082662,0.01077868,0.01072391,0.01066277,0.01059464,0.01051996,0.01043817,0.01034976,0.0102542,0.01015209,0.01004291,0.009927409,0.009805113,0.009676966,0.009542459,0.009402805,0.009257474,0.009108025,0.008953759,0.008796765,0.008636029,0.008474315,0.008310117,0.008146825,0.007983069,0.007821654,0.007662602,0.007507106,0.007356651,0.007212117,0.007074165,0.006944524,0.006823807,0.006713995,0.006613621,0.006525212,0.00645056,0.006390058,0.006341006,0.006305256,0.006284026,0.00627898,0.006289017,0.006312795,0.00635017,0.00640124,0.006464723,0.006540548,0.006627643,0.006725898,0.006833948,0.006951421,0.007076584,0.007209085,0.007347236,0.007490057,0.007635972,0.007784817,0.007935583,0.008087882,0.008240099,0.0083919,0.008541986,0.008690294,0.008835988,0.008979005,0.0091179,0.009253472,0.00938456,0.009511187,0.00963313,0.009750183
0.009818765,0.009925608,0.0100268,0.01012292,0.01021348,0.01029889,0.01037874,0.01045347,0.01052265,0.01058677,0.01064536,0.01069898,0.01074705,0.01079022,0.01082784,0.01086056,0.01088768,0.01090989,0.01092638,0.01093794,0.0109436,0.01094421,0.01093877,0.01092808,0.01091114,0.01088874,0.01085982,0.01082523,0.01078386,0.01073656,0.01068223,0.01062177,0.01055401,0.01047998,0.01039848,0.0103106,0.01021524,0.01011346,0.01000434,0.009888927,0.00976653,0.009638113,0.009503301,0.00936296,0.00921714,0.00906646,0.008911611,0.008752727,0.008591386,0.008427014,0.00826222,0.008095883,0.007930897,0.007767061,0.007605271,0.007448304,0.007294675,0.007147863,0.007007592,0.006876006,0.006752934,0.006639489,0.006538772,0.006450708,0.006372434,0.006306909,0.006258164,0.006226051,0.006207312,0.006201424,0.006208272,0.006231575,0.006268848,0.006320696,0.00638586,0.006464583,0.006554696,0.006656012,0.006766444,0.006885895,0.00701265,0.007146412,0.007285314,0.007430116,0.007578799,0.007730962,0.007883824,0.008037566,0.008190773,0.00834382,0.008495064,0.00864483,0.008791042,0.008934442,0.009074246,0.009210096,0.009341083,0.009468368,0.009589825,0.009707198
0.00975382,0.009860218,0.009960923,0.01005679,0.0101467,0.01023183,0.01031101,0.01038543,0.010454,0.01051784,0.01057593,0.01062932,0.01067706,0.01072009,0.01075752,0.0107902,0.01081734,0.01083962,0.01085636,0.01086807,0.0108742,0.01087512,0.01087028,0.01086007,0.01084388,0.01082206,0.01079403,0.01076009,0.01071969,0.0106731,0.01061979,0.01055996,0.01049325,0.01041975,0.01033919,0.01025173,0.01015706,0.01005553,0.009946783,0.009831384,0.009708896,0.009580214,0.00944475,0.009303853,0.009156672,0.009005215,0.008848077,0.0086883,0.008523587,0.008358362,0.008189174,0.008021722,0.007852374,0.007685612,0.007521037,0.007359148,0.007203032,0.007052309,0.006908326,0.0067727,0.006646429,0.006532118,0.006426065,0.006332277,0.006254958,0.006193295,0.00614122,0.006101722,0.006078289,0.006073701,0.006086336,0.006112258,0.006152519,0.006206888,0.006273952,0.006353407,0.006444626,0.00654743,0.006660683,0.006783816,0.006914939,0.007053548,0.00719796,0.007346186,0.007496838,0.007649789,0.007804867,0.007961342,0.008117456,0.008272531,0.008425431,0.008575894,0.008723718,0.008868434,0.009008322,0.009144812,0.009276603,0.009403232,0.009525469,0.009642183
0.009666656,0.009772717,0.009873045,0.009968046,0.01005757,0.01014174,0.0102205,0.01029402,0.01036219,0.01042526,0.010483,0.0105358,0.01058331,0.01062597,0.01066327,0.01069585,0.01072301,0.01074548,0.01076238,0.01077457,0.01078102,0.01078268,0.0107784,0.0107691,0.01075364,0.01073294,0.01070579,0.01067313,0.0106337,0.01058846,0.01053611,0.01047773,0.01041185,0.01033977,0.01025992,0.01017362,0.01007949,0.009978751,0.009870278,0.009755176,0.009632608,0.009503514,0.009367581,0.009225449,0.009077411,0.008923604,0.008765407,0.008601937,0.00843613,0.008265637,0.008095434,0.007921822,0.007749991,0.007578341,0.00740825,0.0072434,0.007080877,0.006925539,0.006776916,0.006637231,0.006506022,0.006384285,0.006277482,0.006184301,0.006099533,0.006027658,0.005976194,0.005943983,0.005925492,0.005919118,0.005925262,0.005950279,0.005990341,0.006046297,0.006116787,0.006202158,0.006299517,0.006408572,0.00652669,0.006653851,0.006788189,0.006929363,0.007075262,0.007227506,0.007383733,0.007543313,0.007702507,0.007861796,0.008019772,0.008177227,0.00833232,0.008485586,0.008634317,0.008779656,0.00892126,0.009058134,0.009189609,0.009317475,0.009438609,0.009555889
0.009557786,0.009663017,0.009762428,0.00985691,0.009945231,0.01002885,0.01010641,0.01017937,0.01024646,0.01030903,0.0103659,0.0104183,0.01046522,0.01050763,0.01054463,0.01057715,0.01060437,0.01062697,0.0106443,0.0106568,0.01066407,0.01066628,0.01066306,0.01065462,0.01064048,0.01062083,0.01059525,0.01056378,0.01052607,0.01048214,0.01043163,0.01037444,0.01031049,0.01023945,0.01016135,0.01007594,0.009983188,0.009883058,0.009775425,0.00966055,0.009538058,0.009408743,0.009271953,0.009129099,0.008978999,0.00882409,0.008662244,0.008497473,0.008326167,0.008154449,0.007976923,0.007801501,0.007622342,0.007445839,0.007271054,0.007097914,0.00693118,0.006769202,0.006614207,0.006467524,0.006330788,0.006207446,0.006091426,0.00598845,0.005905226,0.005839723,0.005782395,0.005737576,0.005711137,0.005707033,0.005722971,0.00575236,0.005797457,0.005857655,0.005931375,0.006018026,0.006117345,0.006229019,0.006352036,0.006485505,0.006627254,0.006776635,0.006931804,0.007089746,0.007249174,0.007409958,0.007572782,0.007736539,0.007899253,0.008059924,0.00821757,0.008371767,0.008523002,0.008670339,0.00881186,0.008949609,0.009082238,0.00920879,0.009331061,0.009447018
0.009426369,0.009530974,0.009629557,0.009722586,0.009810165,0.009892244,0.009969067,0.01004061,0.01010701,0.01016837,0.01022468,0.01027618,0.01032267,0.01036453,0.01040136,0.01043374,0.010461,0.0104839,0.01050152,0.01051481,0.0105226,0.01052599,0.01052367,0.0105167,0.01050375,0.01048591,0.01046175,0.01043237,0.01039624,0.01035452,0.01030563,0.01025087,0.01018836,0.0101197,0.0100429,0.009959552,0.009867869,0.00976928,0.009662318,0.00954821,0.009425912,0.009296351,0.009159155,0.00901476,0.00886367,0.008705523,0.008542359,0.008372287,0.008199583,0.008020157,0.007841147,0.007656388,0.007473713,0.007289774,0.007106702,0.006929045,0.006752455,0.006583438,0.006421065,0.006267975,0.006123612,0.005988692,0.005871411,0.00576905,0.005674152,0.005592853,0.005536485,0.005502661,0.00548355,0.005476454,0.005482438,0.005510555,0.005555463,0.005618198,0.005697308,0.005793107,0.005901909,0.006023182,0.006153712,0.006293353,0.006440065,0.006593351,0.006750796,0.00691486,0.007082687,0.007253415,0.007422256,0.007590001,0.007755319,0.007919346,0.008080019,0.008238134,0.008390361,0.00853837,0.00868219,0.008820211,0.008952094,0.009080213,0.009200517,0.009317023
0.009273467,0.009376603,0.009473597,0.009565685,0.009651378,0.009732538,0.009807536,0.009878199,0.009942984,0.01000358,0.01005861,0.01010952,0.0101551,0.01019661,0.01023305,0.01026535,0.0102927,0.0103158,0.01033408,0.01034787,0.01035685,0.01036109,0.01036035,0.01035467,0.01034373,0.01032749,0.01030566,0.01027812,0.01024462,0.01020494,0.01015889,0.01010605,0.01004656,0.009979649,0.009905666,0.009823911,0.009734562,0.009637233,0.009531866,0.009418478,0.009296765,0.009167351,0.009029397,0.008884401,0.008730853,0.008571565,0.008403642,0.008232128,0.008051942,0.007871181,0.00768179,0.007494749,0.007301812,0.007111145,0.006921407,0.006731914,0.00654924,0.006370618,0.00619878,0.006035462,0.00588311,0.005745595,0.00561471,0.005498055,0.005405229,0.005332713,0.005267475,0.005215385,0.005184911,0.005181198,0.005201243,0.005235489,0.005287622,0.005356486,0.005440332,0.005538094,0.005649914,0.005775134,0.005912894,0.006061708,0.00621913,0.006384164,0.006554824,0.006726821,0.006898965,0.007071185,0.007245016,0.007418828,0.007590583,0.007758771,0.00792264,0.008081608,0.008236948,0.008387368,0.008530579,0.0086695,0.00880261,0.008928437,0.009050037,0.009164231
0.009098123,0.009200064,0.009295594,0.009385468,0.009469934,0.009548836,0.009622684,0.00969129,0.00975504,0.009813919,0.009868109,0.009917755,0.009962725,0.01000348,0.01003966,0.01007174,0.01009917,0.01012268,0.01014135,0.01015625,0.01016596,0.01017186,0.01017239,0.01016879,0.01015955,0.01014588,0.01012611,0.01010155,0.01007039,0.01003395,0.009990337,0.00994109,0.009883852,0.009820547,0.009748696,0.009670183,0.009582718,0.009487996,0.00938403,0.009272275,0.009151381,0.009022255,0.008884318,0.008737861,0.008583544,0.008420473,0.008251311,0.008073128,0.007891525,0.007700665,0.007509682,0.007310215,0.007112884,0.006912142,0.00671126,0.006515566,0.006319311,0.006130923,0.005948732,0.005776423,0.005613304,0.005459569,0.005326708,0.005210374,0.005100986,0.00500656,0.004942683,0.004905423,0.004884583,0.004876327,0.004882664,0.004915421,0.004967543,0.005040207,0.005131784,0.005242386,0.005367431,0.005505965,0.005654119,0.005811474,0.005975809,0.006146205,0.006319996,0.006500342,0.006683849,0.006869374,0.007050949,0.00722969,0.007404477,0.007576698,0.007744155,0.007907885,0.008063902,0.008214644,0.008360409,0.008499107,0.008630691,0.008758184,0.008876637,0.008991217
0.008902254,0.009001709,0.00909489,0.009183175,0.009264929,0.009342365,0.009413619,0.009480876,0.00954238,0.009600118,0.009652522,0.009701284,0.00974504,0.009785271,0.009820833,0.00985277,0.009880256,0.009904006,0.009923499,0.009939003,0.009950297,0.009957312,0.00995994,0.009958083,0.009951537,0.009940051,0.009923477,0.009901486,0.009873975,0.009840452,0.009800849,0.009754413,0.009701521,0.009640936,0.009573282,0.009497334,0.00941353,0.009321007,0.009219858,0.009109735,0.008990375,0.008862128,0.008724025,0.008577536,0.008420817,0.008256988,0.008082354,0.00790294,0.00771215,0.007520056,0.007316055,0.007114262,0.006903524,0.006694329,0.00648464,0.006273365,0.006069053,0.005867648,0.005672861,0.005486737,0.005312557,0.005154948,0.005003329,0.004867735,0.004760831,0.00467754,0.004601048,0.004539269,0.004503462,0.004500053,0.004525073,0.004565812,0.004627584,0.00470858,0.004806687,0.004920281,0.005049786,0.005194077,0.005352235,0.005522123,0.005700836,0.005886898,0.006078076,0.006268589,0.006457458,0.006644582,0.006832396,0.007018679,0.007201254,0.007378171,0.007549073,0.007713168,0.007872587,0.008025634,0.008169795,0.008308994,0.008441451,0.008565347,0.008684991,0.00879606
0.008684838,0.008782235,0.008873115,0.00895815,0.00903797,0.009112169,0.00918166,0.009246005,0.009305976,0.0093613,0.009412444,0.009459374,0.009502278,0.00954136,0.009576426,0.009607956,0.009635422,0.009659586,0.009679484,0.009696274,0.00970846,0.009717536,0.009721783,0.009722576,0.009718223,0.009710091,0.009696288,0.009678257,0.009653941,0.00962481,0.009588643,0.009547148,0.009497568,0.009442133,0.009377745,0.009306605,0.009225876,0.009137454,0.009038928,0.008931834,0.008814383,0.008687478,0.008550366,0.008403095,0.008246361,0.008078744,0.007903482,0.007716456,0.00752476,0.007320369,0.007115432,0.006898209,0.006682413,0.006460472,0.006236785,0.006017592,0.005795737,0.005581554,0.005373381,0.005175293,0.004986437,0.004807329,0.004652807,0.004516892,0.004387622,0.004275604,0.00420097,0.004158072,0.004134161,0.00412428,0.004131529,0.004170914,0.004233172,0.004319711,0.004428477,0.00455936,0.004706502,0.004868498,0.005040428,0.005221692,0.005409578,0.005602708,0.005797936,0.005999266,0.006202632,0.0064064,0.006603354,0.006795142,0.00698066,0.00716187,0.007336421,0.007505666,0.007664897,0.007817327,0.007963863,0.008101698,0.008231346,0.008356622,0.008471432,0.008582531
0.008448488,0.008541958,0.008629336,0.00871175,0.00878766,0.008859519,0.008925336,0.008987594,0.009044397,0.009097952,0.009146549,0.009192099,0.009233229,0.009271394,0.009305415,0.009336554,0.00936388,0.009388182,0.009408916,0.009426309,0.009440354,0.009450731,0.009457551,0.00946049,0.009459516,0.009454181,0.009444531,0.00942989,0.009410396,0.009385199,0.009354443,0.009316915,0.00927335,0.009221903,0.009163516,0.009096338,0.009021131,0.00893637,0.008842496,0.008738498,0.008624203,0.008499546,0.008363586,0.008217527,0.00805917,0.007891854,0.007711068,0.007523726,0.007321685,0.007116904,0.006896571,0.006677489,0.006445237,0.006213477,0.005978913,0.00574036,0.005508465,0.005277635,0.00505338,0.004837335,0.004633897,0.004449245,0.004269883,0.004109072,0.003982658,0.003883997,0.003792053,0.003717607,0.00367494,0.003671913,0.003703149,0.003752593,0.003827408,0.003924965,0.004042568,0.004177977,0.004331661,0.00450191,0.004687417,0.004885307,0.0050918,0.005305024,0.005522137,0.00573583,0.005945296,0.006150361,0.006354528,0.006554942,0.006749128,0.006934966,0.007112475,0.00728081,0.00744313,0.007597085,0.00774028,0.007877596,0.008007122,0.00812677,0.008242148,0.008347878
0.008190894,0.008281007,0.008364532,0.008442175,0.008514923,0.008582157,0.008645203,0.008703357,0.008757767,0.008807885,0.008854531,0.008897465,0.008937168,0.008973559,0.009006709,0.009037059,0.009064133,0.009088709,0.009109772,0.009128591,0.009143608,0.009156438,0.009165193,0.009171412,0.009173189,0.009172119,0.009166057,0.009156574,0.009141325,0.009121959,0.009095929,0.009065138,0.009026327,0.008982039,0.008928528,0.008868352,0.008797997,0.008719606,0.008630204,0.008531409,0.008420873,0.00829954,0.008166339,0.008021072,0.007864303,0.007694085,0.00751414,0.007319088,0.00711752,0.006899013,0.006678918,0.00644158,0.006204453,0.005957406,0.005706367,0.005458352,0.005204752,0.004958152,0.004716854,0.004485405,0.004262967,0.004050684,0.003867336,0.003704962,0.003549236,0.003414019,0.003324707,0.003273486,0.003244932,0.003232936,0.003242085,0.00329084,0.003367192,0.003472737,0.003604852,0.00376301,0.003939718,0.004132894,0.004336303,0.004548925,0.0047673,0.004989448,0.005211575,0.005438668,0.005665671,0.00589044,0.006104446,0.006310076,0.006506337,0.006695931,0.006876211,0.007049101,0.007209234,0.00736077,0.007505298,0.007639168,0.007763769,0.007883646,0.007991598,0.008096211
0.007913517,0.007997547,0.008075669,0.008149086,0.008216191,0.008279802,0.0083377,0.008392739,0.008442733,0.008490248,0.008533383,0.008574327,0.008611456,0.008646479,0.008678157,0.00870784,0.008734567,0.008759176,0.00878117,0.00880071,0.008817948,0.008832386,0.008844338,0.008853304,0.008859402,0.008861988,0.008861293,0.008856351,0.008847467,0.008833468,0.008814725,0.008789586,0.008759035,0.008720558,0.008675558,0.008621429,0.00855927,0.008486824,0.00840477,0.008311373,0.008206643,0.008089941,0.007960248,0.007818411,0.007661888,0.007494065,0.007309572,0.007116203,0.00690401,0.006687151,0.006449504,0.00621168,0.005955528,0.005697984,0.005434297,0.00516326,0.004897735,0.004630737,0.004369166,0.004115035,0.003874277,0.003654287,0.003438762,0.003244878,0.003092343,0.002972468,0.002859859,0.002768971,0.002717542,0.002715053,0.002754377,0.002815501,0.002907993,0.00302792,0.003171916,0.003336758,0.003522906,0.003727609,0.003949095,0.004183154,0.004424939,0.004671965,0.004920634,0.005161783,0.005394762,0.005619576,0.005840971,0.006055267,0.006260014,0.006452817,0.006634152,0.00680335,0.006964941,0.007115947,0.007253993,0.007385286,0.007507649,0.007618681,0.007725707,0.00782192
0.007610318,0.007689135,0.007761251,0.007828023,0.007890436,0.007947852,0.008001839,0.008051517,0.008098277,0.008141421,0.008182039,0.008219712,0.008255009,0.008287906,0.008318615,0.008347385,0.008373922,0.008398948,0.00842153,0.008443,0.008461618,0.008479279,0.008493857,0.008507136,0.008516978,0.008525181,0.008529302,0.008531207,0.008528127,0.008521998,0.00850984,0.008493876,0.008470151,0.008441637,0.008403856,0.008359795,0.008305071,0.008242249,0.008167381,0.008082455,0.007984364,0.007874162,0.007750054,0.007611779,0.007459576,0.007290958,0.007109934,0.006909871,0.006700675,0.006469553,0.006234355,0.005976022,0.005716307,0.0054412,0.005159082,0.004877273,0.004585725,0.004299882,0.004017041,0.003743625,0.003478869,0.003223979,0.003003045,0.002805435,0.002614917,0.002449239,0.002340276,0.00227717,0.002241816,0.00222691,0.002239248,0.00230092,0.00239651,0.0025277,0.002691171,0.002885461,0.003101128,0.00333488,0.003578958,0.003831326,0.004087779,0.004345174,0.004599197,0.004855704,0.005108489,0.005354994,0.005585231,0.005802594,0.006006669,0.006200769,0.006382197,0.006553577,0.006708969,0.00685408,0.006990896,0.00711517,0.007229243,0.007338335,0.007434269,0.00752741
0.007280906,0.007351199,0.007416245,0.007477329,0.007532725,0.007585591,0.007633411,0.007679427,0.007721114,0.007761452,0.007798207,0.00783388,0.007866526,0.007898309,0.007927724,0.007956221,0.007982818,0.00800842,0.008032606,0.00805549,0.008077288,0.008097425,0.00811641,0.008133569,0.008149229,0.008162468,0.008173733,0.008181837,0.008187277,0.008188537,0.008186178,0.008178103,0.008165593,0.008145442,0.008119512,0.008084316,0.008041371,0.007987561,0.007923786,0.007847539,0.007759056,0.007656866,0.007539859,0.00740835,0.007259535,0.007096586,0.006913234,0.00671802,0.006498975,0.006272627,0.006018731,0.005762698,0.005481653,0.005196319,0.004899939,0.004591567,0.004286382,0.003975873,0.003668319,0.003366781,0.003079069,0.002813561,0.002551091,0.002313977,0.002126572,0.001977711,0.001837276,0.001724635,0.001661564,0.001659494,0.001708944,0.001785302,0.001901124,0.00205067,0.002229587,0.002433183,0.002661711,0.002910786,0.003177792,0.003456565,0.003740961,0.004027498,0.004311716,0.004582105,0.0048386,0.005081575,0.005317278,0.005541141,0.00575106,0.005944372,0.00612265,0.006285402,0.006438821,0.006579451,0.006704992,0.006823463,0.006932089,0.007028392,0.00712149,0.007202792
0.006918272,0.006982427,0.007040426,0.007094127,0.007144494,0.007190769,0.007234757,0.007275326,0.007314187,0.007350378,0.00738519,0.007417975,0.007449574,0.00747985,0.007509083,0.007537428,0.007564731,0.00759168,0.007617404,0.007643329,0.007667555,0.007692264,0.0077151,0.007738099,0.007758934,0.007779587,0.007797351,0.007814403,0.007827629,0.00783923,0.007845741,0.007849709,0.007846562,0.007839791,0.007823944,0.00780255,0.007770233,0.007730045,0.00767696,0.007613442,0.007535305,0.007443803,0.007336205,0.007212239,0.007071546,0.006911147,0.006735052,0.00653528,0.006322984,0.00608258,0.005835111,0.005556969,0.005274732,0.00496981,0.004653576,0.004333321,0.003997583,0.003664768,0.003331524,0.003006081,0.002687722,0.002378328,0.002108257,0.001863762,0.001626862,0.001420638,0.00128467,0.001204243,0.001158532,0.001138919,0.001155128,0.001233482,0.001353846,0.001518185,0.001721982,0.001962414,0.002227265,0.002511554,0.002805154,0.003104754,0.003405068,0.003701339,0.003988768,0.004274323,0.004550717,0.004814875,0.005055379,0.005277326,0.005481041,0.005670888,0.005844618,0.006005621,0.006147321,0.006277476,0.006398666,0.006505925,0.00660284,0.0066954,0.006774048,0.006851311
0.006528781,0.006583824,0.006635261,0.006683694,0.006727603,0.006770174,0.006808714,0.006846686,0.006881338,0.006915879,0.006947744,0.006979703,0.007009689,0.007039988,0.007068875,0.007098083,0.007126473,0.007155108,0.007183534,0.007211898,0.00724059,0.007268867,0.007297515,0.007325646,0.007353865,0.007380996,0.007407788,0.007432723,0.007456671,0.00747767,0.007496572,0.007510724,0.00752193,0.007526165,0.007525784,0.007516286,0.007499786,0.007472017,0.007434459,0.00738342,0.007319466,0.007239992,0.007144104,0.007031117,0.006898081,0.006747609,0.006572591,0.006381952,0.006161691,0.005930399,0.005664121,0.005392483,0.005086808,0.004773089,0.004441147,0.004091002,0.003740059,0.003377712,0.003014924,0.002654693,0.002307262,0.001983019,0.001659032,0.001364829,0.001129924,0.0009406153,0.0007612836,0.0006184095,0.0005384518,0.0005351788,0.0005955496,0.0006896174,0.0008335342,0.001019126,0.001240498,0.001491226,0.001770846,0.002072795,0.002392727,0.002722174,0.003052919,0.003380622,0.003699576,0.003995915,0.004270747,0.004525051,0.004767246,0.004991977,0.005197534,0.005381631,0.005547375,0.005694639,0.005831569,0.005953882,0.00605993,0.006159543,0.006249227,0.006326647,0.006402516,0.006466399
0.006115962,0.006166533,0.006211905,0.00625428,0.006294555,0.006331787,0.006367996,0.006401717,0.006434988,0.006466439,0.006497673,0.006527741,0.006557869,0.006587488,0.006617174,0.00664702,0.006676992,0.006707753,0.006738471,0.006770685,0.006802502,0.00683629,0.006869545,0.006904568,0.006938851,0.006974703,0.007009166,0.007044683,0.007077856,0.007111184,0.007140789,0.007169554,0.007192302,0.00721307,0.007225372,0.007233418,0.007230682,0.007220797,0.00719759,0.007163967,0.007114395,0.007050517,0.006968448,0.006867955,0.006747637,0.006604181,0.006441219,0.006249374,0.006040871,0.005796862,0.00554236,0.005247485,0.004944596,0.004609514,0.0042573,0.003894517,0.003508285,0.003120092,0.002726364,0.0023365,0.001949863,0.001570202,0.001235237,0.0009273218,0.0006268732,0.0003643949,0.000189082,8.13766e-05,1.760528e-05,-1.262873e-05,4.186782e-06,9.915321e-05,0.0002456171,0.0004461432,0.000694808,0.0009873261,0.001307837,0.001649146,0.00199769,0.002348532,0.002694703,0.003029745,0.003348447,0.003659743,0.003954994,0.004230669,0.004474081,0.004692855,0.004888198,0.005066236,0.00522501,0.005369127,0.005491311,0.005601581,0.005703278,0.005790229,0.005867797,0.005942452,0.006003078,0.006064772
0.005701804,0.005743825,0.005784119,0.005822295,0.005857175,0.005891836,0.005923445,0.005955603,0.005985269,0.006015848,0.006044562,0.006074438,0.006103172,0.006133156,0.00616261,0.006193531,0.006224622,0.006257157,0.006290619,0.006325251,0.006361683,0.006399003,0.00643833,0.006478613,0.006520747,0.006563433,0.006607746,0.006651834,0.00669695,0.00674075,0.006784511,0.006825034,0.006864632,0.006898363,0.006929337,0.006951896,0.006968897,0.006974714,0.006971607,0.006954295,0.006923965,0.006876536,0.006811563,0.006726895,0.006619585,0.006491219,0.006334014,0.006156836,0.00594358,0.005714711,0.005441953,0.005159505,0.004831753,0.00449102,0.004122212,0.003726895,0.003324331,0.002901562,0.00247249,0.002039727,0.001616596,0.001215876,0.0008100625,0.00043821,0.0001359415,-0.0001134332,-0.0003517399,-0.0005423487,-0.0006531642,-0.0006674154,-0.0006035542,-0.0004986451,-0.0003314976,-0.0001133645,0.0001489687,0.0004479703,0.000782753,0.001143728,0.001523796,0.001910901,0.002293719,0.002667249,0.003024128,0.003347852,0.003640937,0.003905402,0.00415249,0.004375751,0.004574212,0.004746309,0.00489665,0.005025938,0.005144777,0.005247532,0.005333426,0.005414214,0.00548537,0.005544708,0.005604811,0.005652991
0.00529626,0.005334425,0.005367901,0.005399916,0.005430826,0.00545979,0.005488796,0.005516178,0.005544074,0.005570849,0.005598464,0.005625663,0.005653849,0.005682222,0.005711782,0.005742369,0.005774233,0.005807939,0.005842838,0.005880519,0.005919172,0.005961381,0.006004543,0.006051307,0.006098996,0.00615035,0.00620216,0.006257244,0.006311837,0.006368913,0.006424221,0.0064811,0.0065336,0.006586404,0.006632086,0.006675648,0.006709211,0.006737242,0.006752035,0.006757174,0.006745546,0.006719421,0.00667323,0.006607082,0.006517976,0.00640251,0.006263382,0.006089982,0.005895083,0.005656491,0.005402548,0.005096781,0.004778322,0.004415195,0.004027565,0.00361977,0.003177561,0.002725844,0.002259648,0.001790421,0.001317191,0.0008455167,0.0004224355,2.444902e-05,-0.0003691883,-0.0007183158,-0.0009606318,-0.001121894,-0.00122815,-0.001291836,-0.00129405,-0.001198481,-0.001040269,-0.0008143426,-0.0005255413,-0.0001778682,0.0002090173,0.0006238816,0.001047034,0.001469229,0.001880596,0.002271958,0.002637789,0.002989291,0.003315313,0.003611743,0.003864239,0.004083827,0.004273366,0.004441118,0.004585287,0.004712475,0.004814792,0.004905222,0.00498749,0.005054124,0.005112726,0.00516976,0.005212869,0.005259815
0.004916673,0.004942666,0.004969073,0.004994362,0.005017775,0.005042132,0.005064487,0.005088507,0.005110818,0.005135089,0.005158262,0.005183633,0.005208503,0.005235696,0.005263216,0.005293291,0.005324518,0.005358417,0.005394465,0.005433057,0.005474947,0.005519244,0.005567379,0.005618236,0.005673037,0.005730379,0.005791709,0.00585499,0.005921834,0.005989638,0.0060601,0.0061296,0.006200911,0.006268248,0.006335596,0.006396046,0.006453336,0.006500367,0.006540198,0.006565852,0.006579379,0.006574811,0.006552273,0.006507753,0.006438598,0.006344732,0.006217937,0.006066444,0.00587201,0.005656764,0.005386843,0.005102336,0.004758954,0.004396189,0.003992251,0.003550888,0.003092414,0.002601117,0.002092906,0.001570549,0.001050384,0.0005464567,2.523873e-05,-0.0004621871,-0.0008728417,-0.001227397,-0.001574545,-0.001861627,-0.002046574,-0.002105552,-0.002064442,-0.001971121,-0.001797178,-0.001555908,-0.001249974,-0.000884057,-0.0004588171,7.960722e-06,0.0004998154,0.0009945296,0.001474552,0.001933764,0.002362861,0.00274121,0.003073131,0.003362264,0.003623735,0.003850094,0.004042517,0.004200675,0.004331931,0.004438411,0.00453416,0.004612082,0.004672527,0.004729877,0.004777851,0.004814849,0.004855447,0.004884105
0.004547025,0.004565754,0.004580664,0.004596536,0.004612592,0.00462833,0.004645371,0.004661983,0.004680261,0.004698401,0.004718444,0.004738895,0.004761345,0.0047849,0.004810743,0.004838511,0.004868778,0.00490199,0.004937801,0.004977819,0.005020306,0.005068155,0.005118707,0.005174987,0.005234269,0.005299635,0.005367766,0.005441951,0.005518175,0.005599893,0.005682498,0.005769833,0.005855326,0.005944423,0.006028609,0.006113831,0.006190767,0.006264912,0.006326744,0.006380936,0.006418355,0.006442149,0.006444527,0.00642631,0.006382356,0.006309457,0.006208641,0.006068325,0.005901157,0.005681533,0.00544073,0.005135036,0.004810934,0.004426317,0.004007827,0.003555554,0.003053766,0.002530061,0.001976678,0.001406944,0.0008178421,0.0002154699,-0.0003420285,-0.0008873885,-0.00144238,-0.00195324,-0.002336778,-0.002622552,-0.002831095,-0.002971073,-0.00301379,-0.002921121,-0.002747358,-0.002481418,-0.002116913,-0.001648948,-0.001103818,-0.000510504,8.716572e-05,0.0006637109,0.001204504,0.001699989,0.002148877,0.002566783,0.002939215,0.003261479,0.003518347,0.00372779,0.003896494,0.004036564,0.004148021,0.004240118,0.00430452,0.004358708,0.004406354,0.004438723,0.004466087,0.004494501,0.004510039,0.004533356
0.004174469,0.004175783,0.004181272,0.004187191,0.004193679,0.004202627,0.004211253,0.004222882,0.004234069,0.004248439,0.004262623,0.00428006,0.004297876,0.004319178,0.004341624,0.004367775,0.004396066,0.004428347,0.004464044,0.004503819,0.004548484,0.004597304,0.004652014,0.004711507,0.004777381,0.004848164,0.004925739,0.005008019,0.005097082,0.005190106,0.00528919,0.005390408,0.005497138,0.005602885,0.005712392,0.005817542,0.005923092,0.006020355,0.006113411,0.006193443,0.006263464,0.006315258,0.006349794,0.006360712,0.006345992,0.006303235,0.006224058,0.00611532,0.005956787,0.005771638,0.005520216,0.005248404,0.00490119,0.004526619,0.004093164,0.003607497,0.003088982,0.002517438,0.001909605,0.001266135,0.000605075,-5.978937e-05,-0.0007718074,-0.001462999,-0.00207937,-0.002643101,-0.003208018,-0.003687894,-0.004008848,-0.00411598,-0.004046348,-0.003890788,-0.003639715,-0.003312181,-0.002878935,-0.002317148,-0.001633258,-0.0008894429,-0.0001503856,0.0005337691,0.00114805,0.001707423,0.002212861,0.002638472,0.002989425,0.003272037,0.003510134,0.003697766,0.003841312,0.003943658,0.004017203,0.004065608,0.004107067,0.004132025,0.004142706,0.004155945,0.004162602,0.004162114,0.004170146,0.004167801
0.00375322,0.003748618,0.003741785,0.003739432,0.003738843,0.003740184,0.00374416,0.003749235,0.003757143,0.003766025,0.003777701,0.00379061,0.003806492,0.003824296,0.003845271,0.00386903,0.003896382,0.003927728,0.003963023,0.004003925,0.004048881,0.004101085,0.004157919,0.004222797,0.004293066,0.004372153,0.004456798,0.004550748,0.004649974,0.004758341,0.00487107,0.00499245,0.005115618,0.005246712,0.005376196,0.005511004,0.005640451,0.005771079,0.005891621,0.006007903,0.006108529,0.006197689,0.006265118,0.006312506,0.006332111,0.006321148,0.00627833,0.006191264,0.006071822,0.005890726,0.00568226,0.00539355,0.005079015,0.004683504,0.004240903,0.003743537,0.003172987,0.002556741,0.001882042,0.001160737,0.0003851494,-0.0004388431,-0.001236641,-0.002051157,-0.002898736,-0.003696629,-0.004320006,-0.004796759,-0.005110236,-0.005217981,-0.005078901,-0.004748653,-0.004408457,-0.004020312,-0.003469839,-0.00268554,-0.001739581,-0.0007687607,8.643204e-05,0.0007825131,0.001360723,0.001873719,0.002344372,0.002774718,0.003126844,0.003396967,0.003577309,0.003701414,0.003781512,0.003835118,0.003863624,0.003878411,0.003869155,0.003858433,0.003847997,0.003827007,0.003808426,0.003796543,0.003775277,0.003768155
0.003267478,0.003249101,0.003239492,0.003231348,0.003226568,0.003225162,0.003225161,0.00322886,0.003233245,0.003241353,0.003249997,0.003262383,0.003275775,0.00329319,0.003312323,0.003335902,0.003362365,0.003393839,0.003429772,0.003471142,0.003518934,0.003572606,0.003634256,0.003702897,0.00378052,0.003865802,0.003961038,0.004064254,0.00417798,0.004299404,0.004431018,0.004568845,0.004716761,0.004867818,0.005027457,0.005186599,0.005350928,0.005510322,0.005669892,0.005818943,0.005961448,0.006086917,0.006197214,0.006283383,0.00634403,0.006374086,0.006365037,0.006321816,0.006222005,0.006089258,0.005877273,0.005637238,0.005300513,0.004924502,0.00446279,0.003924645,0.003323842,0.002632763,0.001865673,0.001018486,0.0001114028,-0.000837484,-0.00188,-0.002910157,-0.003841642,-0.004674215,-0.005465608,-0.006108368,-0.006454792,-0.006244373,-0.005565139,-0.004894357,-0.004431353,-0.004057146,-0.003450471,-0.002496213,-0.001338747,-0.000250647,0.000581429,0.001145931,0.001596144,0.00209072,0.002604183,0.002997203,0.003250225,0.003407304,0.003524725,0.003593988,0.003624875,0.003621169,0.003599142,0.003561405,0.003529558,0.003487767,0.003440698,0.003405734,0.00336975,0.003332897,0.003311282,0.003281798
0.002685966,0.002674428,0.002660574,0.002654329,0.002649801,0.002648947,0.002650581,0.002654281,0.002660569,0.002668348,0.002678717,0.002690673,0.002705456,0.002722451,0.002742727,0.002766264,0.002793814,0.002826128,0.002863222,0.002907135,0.002956423,0.003014795,0.003079607,0.003154944,0.003238125,0.003333259,0.003437059,0.003553916,0.003679757,0.003819099,0.003967101,0.004128613,0.0042965,0.004477623,0.00466172,0.004856721,0.005050648,0.005251164,0.005445266,0.005639894,0.005821418,0.005995173,0.006148209,0.00628315,0.006389186,0.006464102,0.006503645,0.006494591,0.006447116,0.006327637,0.006172384,0.005916885,0.005623136,0.005217673,0.004741069,0.004171744,0.00348589,0.002707534,0.00181724,0.0008269346,-0.0002698807,-0.001454467,-0.002604445,-0.003755297,-0.004899937,-0.005866687,-0.006412631,-0.006772132,-0.006950149,-0.006339958,-0.005007071,-0.003945171,-0.003629776,-0.003454338,-0.002810468,-0.001677461,-0.0004371744,0.000559398,0.001091626,0.001279614,0.001499894,0.00197043,0.002525798,0.002900978,0.003083259,0.003202233,0.003252453,0.003258565,0.003231588,0.003193695,0.003141741,0.003088304,0.003017741,0.002958648,0.002907507,0.002851545,0.002805927,0.002772279,0.002732398,0.002712836
0.002035027,0.002018674,0.002017048,0.002012778,0.002015905,0.002018801,0.002025936,0.002033523,0.002043843,0.002055008,0.002068368,0.002083065,0.002100054,0.002119144,0.002141241,0.002166523,0.002196007,0.002229978,0.002269928,0.00231558,0.002369605,0.002430577,0.00250198,0.002582381,0.0026747,0.002777718,0.002894158,0.003022541,0.00316538,0.003320824,0.003490867,0.003672874,0.003869663,0.004075753,0.004295445,0.004521036,0.004756687,0.00499367,0.005235132,0.005471702,0.00570494,0.005925742,0.006132795,0.00631859,0.00647761,0.006606545,0.006691241,0.006739439,0.006719778,0.006661497,0.00650242,0.006305125,0.005974411,0.005584239,0.005057097,0.004413154,0.003646433,0.002733187,0.001677286,0.0004948554,-0.0007824135,-0.002084743,-0.003460678,-0.00467364,-0.005621979,-0.006232082,-0.006324766,-0.006356061,-0.006662928,-0.005141041,-0.002713059,-0.001609515,-0.001346077,-0.001314485,-0.001060538,-0.0006512117,-0.0001871738,0.0001782222,0.0003818371,0.0004681097,0.0007234856,0.001458112,0.002243473,0.002422751,0.00242894,0.002522127,0.002609992,0.002615006,0.002596223,0.002541754,0.002481559,0.00240561,0.002351677,0.00228473,0.002223667,0.002176783,0.002135445,0.00209288,0.00207362,0.002042881
0.001316151,0.001324211,0.001322636,0.001334231,0.001341277,0.001355792,0.001367465,0.001383878,0.001398361,0.001416206,0.001433039,0.001452756,0.001472497,0.001495335,0.001519716,0.001548046,0.001579699,0.001616749,0.001659043,0.001708901,0.00176581,0.001832824,0.001909168,0.001997399,0.002097727,0.002211719,0.002339994,0.002483328,0.002642571,0.00281761,0.003009583,0.003217504,0.00344108,0.003680383,0.003932742,0.004198378,0.004473441,0.004756846,0.005044384,0.005332956,0.005618518,0.005894931,0.006159567,0.006401745,0.0066219,0.006802206,0.00695112,0.007035964,0.00708246,0.007030583,0.00693771,0.006700318,0.006410674,0.005942646,0.005372452,0.00462881,0.003720856,0.002639754,0.001418735,5.302234e-05,-0.001366329,-0.002818116,-0.003991316,-0.004883309,-0.005449629,-0.005932693,-0.004532699,-0.002846799,-0.002586404,-0.00153477,-0.0006325394,-0.000266228,-0.0001219729,-7.84431e-05,-0.0001401796,-0.0002359727,-0.0003128309,-0.0003179726,-0.0002575227,-0.0001569352,-2.6914e-05,0.0002498848,0.0006949693,0.000874473,0.001172054,0.001609688,0.001707766,0.001731103,0.001729119,0.001715913,0.001665842,0.001624486,0.001551017,0.00150427,0.001457821,0.001414428,0.001377862,0.001361044,0.001331402,0.00133126
0.000592289,0.0006123223,0.0006169396,0.0006468751,0.0006540086,0.0006878799,0.0006965685,0.0007316497,0.0007411399,0.0007763808,0.0007867654,0.0008224151,0.0008347142,0.0008721877,0.0008886323,0.0009306481,0.0009545615,0.00100477,0.001040534,0.001103317,0.001156098,0.001236637,0.001311433,0.001415625,0.001517745,0.001650614,0.001785152,0.001951273,0.002122317,0.002325124,0.00253518,0.002775737,0.003025841,0.003302732,0.003590119,0.003899456,0.004217555,0.004551127,0.004889242,0.005233988,0.005576269,0.005914059,0.006238841,0.006545368,0.006824418,0.007069616,0.007266341,0.007413947,0.007482524,0.007488456,0.007369391,0.007173116,0.006798987,0.006304515,0.005615596,0.004726176,0.003676602,0.002407958,0.001022947,-0.0004742827,-0.001863064,-0.003030354,-0.003972814,-0.004271768,-0.00310751,-0.002296869,-0.001077894,-0.0002227344,0.0001341872,0.0001497741,-0.0001317258,-0.0002086224,-0.0002348561,-0.0002221228,-0.0002321627,-0.0002182757,-0.0002141569,-0.0001848029,-0.0001668989,-0.0001565088,-0.000199999,-0.0002908743,-0.0002705218,-0.0001206399,6.296249e-05,0.000393151,0.0005650418,0.0007638246,0.0008627893,0.0008758568,0.0008303347,0.0007987911,0.000749326,0.0007180875,0.0006547352,0.0006469713,0.00060656,0.0006015364,0.0005871041,0.0005933074
-0.0001037824,-7.207591e-05,-5.832519e-05,-2.395962e-05,-4.011169e-06,3.128375e-05,5.276941e-05,8.781911e-05,0.0001089397,0.0001432525,0.0001636025,0.0001977573,0.0002183385,0.0002541643,0.0002774692,0.0003182375,0.0003480667,0.0003982665,0.0004394111,0.0005046639,0.0005626982,0.0006490796,0.0007306266,0.0008440079,0.0009555574,0.001102392,0.001249843,0.001435668,0.001623955,0.001852981,0.00208563,0.002360678,0.002637995,0.002958996,0.003279119,0.003641732,0.003998908,0.00439446,0.00477771,0.005192218,0.005584719,0.005997402,0.00637529,0.006757538,0.007088537,0.007401482,0.007644806,0.007837082,0.007940992,0.007945458,0.007844708,0.007576274,0.007173669,0.006546976,0.005720824,0.004692564,0.003424479,0.002041104,0.000556384,-0.0008287397,-0.002003669,-0.002657953,-0.002222038,-0.001395842,-0.0004096751,0.0001536712,0.0002022279,-0.0001014246,-0.0001655808,-0.0001245939,NaN,NaN,NaN,NaN,NaN,NaN,NaN,NaN,NaN,NaN,NaN,-0.000156582,-0.0001186106,-0.000102196,-0.0001631284,-0.0001515829,-6.196684e-05,5.810002e-05,0.0001563671,0.000160922,0.0001626484,0.0001204836,4.845519e-05,2.181997e-07,-3.973802e-05,-7.904167e-05,-0.000103772,-0.0001074903,-0.0001245691,-0.0001042333
-0.0007175776,-0.0006949776,-0.0006732555,-0.0006383054,-0.0006147061,-0.0005756232,-0.0005518058,-0.000512166,-0.0004893384,-0.0004507882,-0.000429217,-0.0003917182,-0.0003701485,-0.0003318365,-0.0003073709,-0.000264654,-0.0002327938,-0.0001807118,-0.0001356034,-6.822519e-05,-2.986893e-06,8.659124e-05,0.0001788142,0.0002983909,0.0004247952,0.0005813468,0.0007489972,0.0009490683,0.001164024,0.00141292,0.001679405,0.001979809,0.00230045,0.002652191,0.003025231,0.003424945,0.003843967,0.00428308,0.004736286,0.005199726,0.005668095,0.006132999,0.006588224,0.007021275,0.007423144,0.007778833,0.008070962,0.008289663,0.008397974,0.00840563,0.008235348,0.007936947,0.007382022,0.006645663,0.005640286,0.004402418,0.003039129,0.001552229,0.0002001484,-0.0009585355,-0.001223971,-0.0008545339,-0.0001750696,0.0002166464,0.0001369832,-6.39991e-05,-1.584906e-06,NaN,NaN,NaN,NaN,NaN,NaN,NaN,NaN,NaN,NaN,NaN,NaN,NaN,NaN,NaN,NaN,NaN,-0.0001250813,-8.296604e-05,-8.975103e-05,-9.565881e-05,-8.582192e-05,-9.560826e-05,-0.0001790649,-0.0003196445,-0.0003952913,-0.0004983618,-0.0005998843,-0.0006379603,-0.0006927297,-0.0007186241,-0.0007308914,-0.0007306754
-0.001232363,-0.001212631,-0.001200213,-0.001172422,-0.001148925,-0.001117264,-0.001089544,-0.001056615,-0.001028288,-0.0009959515,-0.0009686353,-0.0009369719,-0.0009099109,-0.0008768539,-0.0008470823,-0.0008085411,-0.0007711897,-0.0007213712,-0.0006702443,-0.0006019383,-0.0005298552,-0.0004351898,-0.000333745,-0.0002050169,-6.581309e-05,0.0001053409,0.0002900865,0.000511145,0.0007482507,0.001025244,0.001319903,0.001657201,0.002011045,0.002409842,0.002821665,0.003277918,0.003741725,0.004245862,0.0047488,0.005283876,0.005804506,0.006343178,0.006848454,0.007349795,0.00779106,0.008195153,0.008505675,0.008729916,0.008824232,0.008765065,0.008546481,0.008087674,0.007436943,0.006482666,0.005293902,0.003925174,0.002424733,0.001069008,4.21602e-05,-0.0003373623,-6.498988e-05,0.0001975454,0.0001688258,2.708596e-05,0.0001022643,NaN,NaN,NaN,NaN,NaN,NaN,NaN,NaN,NaN,NaN,NaN,NaN,NaN,NaN,NaN,NaN,NaN,NaN,NaN,NaN,NaN,-9.774208e-05,-7.481196e-05,-5.818708e-05,-6.182992e-05,-0.0001077885,-0.0002684812,-0.0004996983,-0.0007289409,-0.0008684987,-0.001002859,-0.001093985,-0.001159934,-0.001214199,-0.001221066
-0.001597228,-0.001614605,-0.001613558,-0.001605805,-0.001592423,-0.001572069,-0.001551041,-0.001524858,-0.001500651,-0.001473033,-0.001448157,-0.001420429,-0.001394452,-0.001364846,-0.001334635,-0.001298868,-0.001259042,-0.001210942,-0.001154348,-0.001086497,-0.001004699,-0.0009085378,-0.0007929933,-0.0006589168,-0.0005007174,-0.00031992,-0.0001102337,0.000125641,0.0003945812,0.0006925104,0.001026377,0.001390412,0.001792956,0.002223665,0.002693476,0.003187307,0.003716996,0.004263613,0.00483831,0.00541815,0.006012202,0.006593365,0.007165917,0.007698687,0.00818782,0.00859974,0.0089154,0.009109616,0.009136479,0.009004286,0.008618236,0.008058662,0.007157196,0.006062463,0.004649085,0.003132657,0.001734735,0.0006179283,0.0001383988,0.0001755669,0.0002006578,9.492388e-05,0.0001456296,NaN,NaN,NaN,NaN,NaN,NaN,NaN,NaN,NaN,NaN,NaN,NaN,NaN,NaN,NaN,NaN,NaN,NaN,NaN,NaN,NaN,NaN,NaN,NaN,NaN,-6.672643e-05,-5.991165e-05,-3.286064e-05,-5.92207e-05,-0.0001945166,-0.0005192845,-0.0008746677,-0.001055409,-0.001266337,-0.001414498,-0.001507024,-0.001572139
-0.00181985,-0.001865079,-0.001905191,-0.00192277,-0.001932403,-0.001931091,-0.001922818,-0.001910408,-0.001893519,-0.001876335,-0.001855955,-0.001836306,-0.001813089,-0.001789464,-0.001760468,-0.001728351,-0.001688007,-0.001640608,-0.001581564,-0.001510342,-0.001424041,-0.001319603,-0.001196107,-0.001049188,-0.0008784674,-0.0006791079,-0.0004517944,-0.0001909646,0.0001012381,0.0004309249,0.0007944423,0.001198321,0.001635384,0.002114924,0.002623978,0.003174135,0.003747253,0.004355285,0.004974976,0.005617277,0.006252954,0.006889814,0.007492153,0.00806135,0.008554769,0.008962783,0.009241314,0.009360786,0.009296329,0.008987013,0.008473611,0.007634712,0.006612378,0.005218311,0.003675727,0.002082504,0.0008363264,0.0002581961,0.0001901597,0.0001588535,0.00014783,NaN,NaN,NaN,NaN,NaN,NaN,NaN,NaN,NaN,NaN,NaN,NaN,NaN,NaN,NaN,NaN,NaN,NaN,NaN,NaN,NaN,NaN,NaN,NaN,NaN,NaN,NaN,NaN,NaN,-4.749592e-05,-3.866285e-05,-2.33484e-05,-0.0001041552,-0.0004417302,-0.0008225932,-0.001170328,-0.001423269,-0.001620747,-0.001726515
-0.001849174,-0.001980523,-0.002052682,-0.002122936,-0.002158281,-0.002189294,-0.002198555,-0.002206836,-0.002202273,-0.002199266,-0.002187872,-0.002178336,-0.002161485,-0.002144863,-0.002119684,-0.002091701,-0.00205228,-0.002006102,-0.001944279,-0.001871467,-0.00177754,-0.00166834,-0.001532405,-0.001375874,-0.001187672,-0.0009736817,-0.0007230464,-0.0004420317,-0.000120052,0.0002359196,0.0006356696,0.001071075,0.001552405,0.00206717,0.002627488,0.00321589,0.00384445,0.004491275,0.005166417,0.005842847,0.006526622,0.007184749,0.00781568,0.008379822,0.008863775,0.009223084,0.009425014,0.009435554,0.00919354,0.008719494,0.007908424,0.006915442,0.00553443,0.004057871,0.002200671,0.0007599145,0.0002420049,0.0001580374,0.0001683243,NaN,NaN,NaN,NaN,NaN,NaN,NaN,NaN,NaN,NaN,NaN,NaN,NaN,NaN,NaN,NaN,NaN,NaN,NaN,NaN,NaN,NaN,NaN,NaN,NaN,NaN,NaN,NaN,NaN,NaN,NaN,NaN,NaN,-4.138472e-05,-8.433371e-06,-5.37145e-05,-0.0002868403,-0.0007442313,-0.001219524,-0.001477966,-0.001717166
-0.001736554,-0.001914936,-0.002075142,-0.002187494,-0.002276996,-0.002336778,-0.002380081,-0.002408141,-0.002426504,-0.002437746,-0.002442476,-0.002443244,-0.002437671,-0.002428013,-0.002410061,-0.002385742,-0.002349749,-0.002303544,-0.002241521,-0.002164058,-0.002066557,-0.001947428,-0.001803495,-0.001632407,-0.001430955,-0.001196956,-0.0009276919,-0.000620933,-0.0002748984,0.0001124517,0.0005418413,0.001014839,0.001528938,0.002087561,0.002682311,0.003317896,0.003980254,0.00467304,0.005376178,0.00609032,0.006787882,0.007463687,0.008081509,0.008626331,0.009052569,0.009330589,0.009412804,0.009247026,0.008815003,0.0080379,0.007013538,0.005608499,0.004128549,0.002203902,0.0005716347,0.0001916504,0.0001574227,0.0001629097,NaN,NaN,NaN,NaN,NaN,NaN,NaN,NaN,NaN,NaN,NaN,NaN,NaN,NaN,NaN,NaN,NaN,NaN,NaN,NaN,NaN,NaN,NaN,NaN,NaN,NaN,NaN,NaN,NaN,NaN,NaN,NaN,NaN,NaN,NaN,-2.648773e-05,-1.560122e-05,-2.25421e-05,-0.0001619916,-0.0006738525,-0.001163361,-0.001463862
-0.001419068,-0.001711357,-0.001947333,-0.002132601,-0.002278016,-0.002379932,-0.0024627,-0.002516814,-0.002564495,-0.002592374,-0.002619464,-0.002630591,-0.002641963,-0.002637839,-0.002632112,-0.002609144,-0.002580774,-0.002532026,-0.002472588,-0.002389122,-0.002288329,-0.002159741,-0.002007008,-0.001821648,-0.001606096,-0.001353259,-0.001064232,-0.000734057,-0.0003625271,5.267975e-05,0.0005125441,0.001016053,0.001566296,0.00215513,0.002789348,0.003452287,0.004152648,0.004864903,0.005597744,0.006314828,0.007023114,0.00767298,0.008266806,0.008739171,0.009085802,0.009225452,0.009143969,0.008759458,0.008048957,0.006987334,0.005556477,0.003927266,0.002024644,0.00042808,0.0001352974,0.0001697825,0.0001356056,NaN,NaN,NaN,NaN,NaN,NaN,NaN,NaN,NaN,NaN,NaN,NaN,NaN,NaN,NaN,NaN,NaN,NaN,NaN,NaN,NaN,NaN,NaN,NaN,NaN,NaN,NaN,NaN,NaN,NaN,NaN,NaN,NaN,NaN,NaN,NaN,NaN,-1.183099e-05,-2.157276e-05,-3.457392e-06,-9.712873e-05,-0.0005714873,-0.001054317
-0.0009414901,-0.001342645,-0.001681795,-0.001958955,-0.002159663,-0.002325533,-0.002440981,-0.002542082,-0.00260967,-0.002673151,-0.002712006,-0.002750303,-0.002767651,-0.002783879,-0.002779517,-0.002770846,-0.002739815,-0.002699455,-0.002633831,-0.002552327,-0.002442453,-0.002309111,-0.002143742,-0.001948014,-0.001715863,-0.00144669,-0.001137569,-0.0007853392,-0.0003909295,5.126603e-05,0.0005359701,0.001071086,0.001644224,0.002268244,0.002919968,0.003617085,0.004324673,0.005063338,0.005784523,0.006510615,0.007175799,0.007802917,0.008304953,0.008704507,0.008889169,0.008883539,0.008551735,0.007924667,0.006867093,0.005447883,0.003624784,0.001688018,0.0003337602,9.986948e-05,0.0001609476,NaN,NaN,NaN,NaN,NaN,NaN,NaN,NaN,NaN,NaN,NaN,NaN,NaN,NaN,NaN,NaN,NaN,NaN,NaN,NaN,NaN,NaN,NaN,NaN,NaN,NaN,NaN,NaN,NaN,NaN,NaN,NaN,NaN,NaN,NaN,NaN,NaN,NaN,NaN,NaN,NaN,-1.730217e-05,2.446275e-06,-6.419375e-05,-0.0004556705
-0.0003384288,-0.0008218656,-0.001298215,-0.001651228,-0.001943826,-0.002156786,-0.002337218,-0.002468259,-0.002583241,-0.002665833,-0.002739671,-0.002789716,-0.002832567,-0.002855082,-0.002868403,-0.002861602,-0.002841237,-0.002798988,-0.002737083,-0.002650756,-0.00253723,-0.002396566,-0.002220979,-0.00201452,-0.001766306,-0.001483824,-0.001152969,-0.0007856034,-0.0003643806,9.365007e-05,0.0006086169,0.001157154,0.001763645,0.002393824,0.00307826,0.003769302,0.004502263,0.005214483,0.005944647,0.006611472,0.007256554,0.007775087,0.008211234,0.008430867,0.008484885,0.008205321,0.007658214,0.006643494,0.005273822,0.003337301,0.001319382,0.0002531719,8.889064e-05,0.0001357461,NaN,NaN,NaN,NaN,NaN,NaN,NaN,NaN,NaN,NaN,NaN,NaN,NaN,NaN,NaN,NaN,NaN,NaN,NaN,NaN,NaN,NaN,NaN,NaN,NaN,NaN,NaN,NaN,NaN,NaN,NaN,NaN,NaN,NaN,NaN,NaN,NaN,NaN,NaN,NaN,NaN,NaN,NaN,-1.12303e-05,3.182709e-06,-4.36598e-05
-2.769079e-05,-0.000240486,-0.0007523406,-0.001245394,-0.001603239,-0.001905698,-0.002130007,-0.00232307,-0.002467718,-0.0025944,-0.002688283,-0.002769484,-0.002825532,-0.002869212,-0.002890499,-0.002896518,-0.002879864,-0.00284287,-0.002781302,-0.002692646,-0.002577133,-0.002426727,-0.002246615,-0.002024654,-0.001769477,-0.001465967,-0.00112688,-0.0007339027,-0.0003047751,0.0001817964,0.0007023762,0.001280965,0.001885269,0.002544672,0.003213616,0.003926755,0.004623501,0.005341875,0.006003414,0.006648867,0.007177073,0.007631327,0.007881855,0.007976645,0.007750429,0.007268106,0.006322335,0.005017078,0.003078318,0.001015089,0.0001837661,8.91975e-05,0.0001073107,NaN,NaN,NaN,NaN,NaN,NaN,NaN,NaN,NaN,NaN,NaN,NaN,NaN,NaN,NaN,NaN,NaN,NaN,NaN,NaN,NaN,NaN,NaN,NaN,NaN,NaN,NaN,NaN,NaN,NaN,NaN,NaN,NaN,NaN,NaN,NaN,NaN,NaN,NaN,NaN,NaN,NaN,NaN,NaN,NaN,-6.023751e-06,4.472143e-06
-1.656722e-06,-1.335644e-05,-0.000179458,-0.0006961556,-0.001181738,-0.001546678,-0.001851844,-0.002088457,-0.002288826,-0.0024458,-0.002578544,-0.00268067,-0.002763239,-0.002820982,-0.002859114,-0.00287387,-0.002865879,-0.002833387,-0.002772907,-0.002685773,-0.002563813,-0.002412841,-0.002220089,-0.001995029,-0.001722362,-0.001414658,-0.001054097,-0.0006573537,-0.00020422,0.0002835886,0.0008279867,0.001400913,0.00202721,0.002667513,0.003351357,0.004025053,0.004721034,0.005369219,0.006003338,0.006532992,0.006993113,0.0072675,0.007392853,0.007219148,0.006792744,0.005924479,0.004694828,0.002830412,0.0007993141,0.0001290404,8.530847e-05,8.176739e-05,NaN,NaN,NaN,NaN,NaN,NaN,NaN,NaN,NaN,NaN,NaN,NaN,NaN,NaN,NaN,NaN,NaN,NaN,NaN,NaN,NaN,NaN,NaN,NaN,NaN,NaN,NaN,NaN,NaN,NaN,NaN,NaN,NaN,NaN,NaN,NaN,NaN,NaN,NaN,NaN,NaN,NaN,NaN,NaN,NaN,NaN,NaN,-9.947324e-07
1.644968e-06,-1.440626e-06,-6.242439e-06,-0.0001464355,-0.0006442005,-0.001118765,-0.001484422,-0.001791238,-0.002034967,-0.002240222,-0.002403527,-0.002538751,-0.002642656,-0.002722228,-0.002774778,-0.002802389,-0.002803431,-0.002776102,-0.002720643,-0.002631393,-0.002511972,-0.002352237,-0.002159812,-0.001921581,-0.001647667,-0.001323278,-0.0009617443,-0.0005465394,-9.514426e-05,0.000410257,0.0009472282,0.001534255,0.0021406,0.002787826,0.003432172,0.004097742,0.004725672,0.005340174,0.005864344,0.006321734,0.006612885,0.006760745,0.00663717,0.006267001,0.00547966,0.004332172,0.00258357,0.0006535008,9.07262e-05,7.44027e-05,6.143533e-05,NaN,NaN,NaN,NaN,NaN,NaN,NaN,NaN,NaN,NaN,NaN,NaN,NaN,NaN,NaN,NaN,NaN,NaN,NaN,NaN,NaN,NaN,NaN,NaN,NaN,NaN,NaN,NaN,NaN,NaN,NaN,NaN,NaN,NaN,NaN,NaN,NaN,NaN,NaN,NaN,NaN,NaN,NaN,NaN,NaN,NaN,NaN,NaN,NaN
NaN,3.613316e-06,4.666858e-07,-2.46156e-06,-0.0001258123,-0.000599493,-0.0010581,-0.001421164,-0.001726409,-0.001972537,-0.002178045,-0.002342281,-0.002474851,-0.002574642,-0.002645656,-0.002686798,-0.0026981,-0.002679211,-0.002626845,-0.002542665,-0.002419623,-0.002262952,-0.002062055,-0.001824917,-0.001539647,-0.001216406,-0.0008422068,-0.0004304389,3.261276e-05,0.0005293434,0.001073178,0.001640913,0.002246536,0.002856104,0.003485614,0.004087113,0.00467623,0.005188832,0.005638027,0.005939884,0.006105367,0.006025351,0.005710205,0.005016245,0.003956297,0.002339993,0.0005514811,6.412787e-05,6.031566e-05,4.545743e-05,NaN,NaN,NaN,NaN,NaN,NaN,NaN,NaN,NaN,NaN,NaN,NaN,NaN,NaN,NaN,NaN,NaN,NaN,NaN,NaN,NaN,NaN,NaN,NaN,NaN,NaN,NaN,NaN,NaN,NaN,NaN,NaN,NaN,NaN,NaN,NaN,NaN,NaN,NaN,NaN,NaN,NaN,NaN,NaN,NaN,NaN,NaN,NaN,NaN,NaN
NaN,NaN,4.451577e-06,1.395549e-06,-8.700761e-07,-0.0001132786,-0.0005588074,-0.001001639,-0.001357932,-0.001658188,-0.001900822,-0.002102575,-0.002261376,-0.00238677,-0.002475799,-0.002533436,-0.002556519,-0.002546743,-0.002501734,-0.002420078,-0.002301927,-0.002142271,-0.001944505,-0.001701678,-0.001418912,-0.00108879,-0.0007189229,-0.0003015517,0.0001522094,0.0006497491,0.00117556,0.001735701,0.002306797,0.002895729,0.003466287,0.004025315,0.004521463,0.004958559,0.005266997,0.005446706,0.00540634,0.00514303,0.004533377,0.003589434,0.002106835,0.0004748554,4.670143e-05,4.612693e-05,3.290038e-05,NaN,NaN,NaN,NaN,NaN,NaN,NaN,NaN,NaN,NaN,NaN,NaN,NaN,NaN,NaN,NaN,NaN,NaN,NaN,NaN,NaN,NaN,NaN,NaN,NaN,NaN,NaN,NaN,NaN,NaN,NaN,NaN,NaN,NaN,NaN,NaN,NaN,NaN,NaN,NaN,NaN,NaN,NaN,NaN,NaN,NaN,NaN,NaN,NaN,NaN,NaN
NaN,NaN,NaN,4.933201e-06,2.30681e-06,-2.623767e-07,-0.0001045472,-0.000524157,-0.0009487019,-0.001294637,-0.001584869,-0.001820166,-0.002012084,-0.002161248,-0.002272943,-0.002346894,-0.002384631,-0.002385693,-0.002348727,-0.002274528,-0.002158631,-0.002004802,-0.001805845,-0.00156766,-0.001282775,-0.0009586347,-0.0005878916,-0.0001806401,0.0002697377,0.0007494524,0.001263036,0.001791585,0.002338069,0.002873204,0.003399589,0.003874197,0.004296368,0.00460709,0.004799572,0.00479487,0.004582057,0.004059599,0.003205139,0.001899213,0.0004214617,3.28398e-05,3.472588e-05,2.162771e-05,NaN,NaN,NaN,NaN,NaN,NaN,NaN,NaN,NaN,NaN,NaN,NaN,NaN,NaN,NaN,NaN,NaN,NaN,NaN,NaN,NaN,NaN,NaN,NaN,NaN,NaN,NaN,NaN,NaN,NaN,NaN,NaN,NaN,NaN,NaN,NaN,NaN,NaN,NaN,NaN,NaN,NaN,NaN,NaN,NaN,NaN,NaN,NaN,NaN,NaN,NaN,NaN
NaN,NaN,NaN,NaN,5.391986e-06,2.349072e-06,-1.663317e-07,-9.974989e-05,-0.0004928498,-0.0008982041,-0.001228827,-0.00150655,-0.001727973,-0.001907228,-0.002039703,-0.002134683,-0.002186668,-0.002201818,-0.002174677,-0.002108722,-0.002000499,-0.001850538,-0.001658139,-0.001422737,-0.001144812,-0.0008243782,-0.0004638954,-6.429322e-05,0.0003689228,0.0008329158,0.001318204,0.00181874,0.002317548,0.002807304,0.003258447,0.003661287,0.003971338,0.004172941,0.004203412,0.004039072,0.003594871,0.002854666,0.001681108,0.0003816827,2.402509e-05,2.497256e-05,1.312954e-05,NaN,NaN,NaN,NaN,NaN,NaN,NaN,NaN,NaN,NaN,NaN,NaN,NaN,NaN,NaN,NaN,NaN,NaN,NaN,NaN,NaN,NaN,NaN,NaN,NaN,NaN,NaN,NaN,NaN,NaN,NaN,NaN,NaN,NaN,NaN,NaN,NaN,NaN,NaN,NaN,NaN,NaN,NaN,NaN,NaN,NaN,NaN,NaN,NaN,NaN,NaN,NaN,NaN
NaN,NaN,NaN,NaN,NaN,5.376158e-06,2.529295e-06,-6.395242e-07,-9.656601e-05,-0.0004652967,-0.0008476133,-0.001160557,-0.001420184,-0.001625294,-0.001785315,-0.00189858,-0.001970432,-0.001998462,-0.001985192,-0.001929034,-0.001829776,-0.001688544,-0.00150295,-0.001275939,-0.001005583,-0.0006960762,-0.0003465053,3.647938e-05,0.0004519878,0.0008897765,0.001345536,0.001803942,0.002257593,0.002680641,0.003063775,0.003367102,0.003576417,0.003634995,0.003520976,0.003155199,0.002506303,0.00149295,0.0003451211,1.960848e-05,1.246561e-05,6.26876e-06,NaN,NaN,NaN,NaN,NaN,NaN,NaN,NaN,NaN,NaN,NaN,NaN,NaN,NaN,NaN,NaN,NaN,NaN,NaN,NaN,NaN,NaN,NaN,NaN,NaN,NaN,NaN,NaN,NaN,NaN,NaN,NaN,NaN,NaN,NaN,NaN,NaN,NaN,NaN,NaN,NaN,NaN,NaN,NaN,NaN,NaN,NaN,NaN,NaN,NaN,NaN,NaN,NaN,NaN
NaN,NaN,NaN,NaN,NaN,NaN,5.408701e-06,2.298347e-06,-1.376076e-06,-9.557449e-05,-0.0004381938,-0.0007960993,-0.001087085,-0.001326374,-0.001509448,-0.001647972,-0.001736566,-0.001783436,-0.001782825,-0.001740372,-0.001652139,-0.001521223,-0.00134625,-0.001129816,-0.0008714412,-0.0005750674,-0.0002419995,0.0001219727,0.0005126295,0.000921117,0.001339323,0.001753745,0.0021488,0.002508224,0.002803657,0.003015025,0.003098845,0.003027047,0.002736781,0.002193509,0.001304262,0.0003114038,1.543022e-05,8.025459e-06,-2.350525e-07,NaN,NaN,NaN,NaN,NaN,NaN,NaN,NaN,NaN,NaN,NaN,NaN,NaN,NaN,NaN,NaN,NaN,NaN,NaN,NaN,NaN,NaN,NaN,NaN,NaN,NaN,NaN,NaN,NaN,NaN,NaN,NaN,NaN,NaN,NaN,NaN,NaN,NaN,NaN,NaN,NaN,NaN,NaN,NaN,NaN,NaN,NaN,NaN,NaN,NaN,NaN,NaN,NaN,NaN,NaN
NaN,NaN,NaN,NaN,NaN,NaN,NaN,5.164888e-06,2.178137e-06,-2.550477e-06,-9.449184e-05,-0.0004114108,-0.0007416905,-0.001008479,-0.001222732,-0.001381784,-0.001494252,-0.001556705,-0.001574588,-0.001545144,-0.00147128,-0.001352916,-0.001191227,-0.0009877506,-0.0007447174,-0.000464767,-0.0001518649,0.0001889291,0.0005509842,0.0009256019,0.001301658,0.001665252,0.002000968,0.002284089,0.002496253,0.00259791,0.002565583,0.00234038,0.001890821,0.001141228,0.0002809647,1.341495e-05,3.082543e-07,-3.697713e-06,NaN,NaN,NaN,NaN,NaN,NaN,NaN,NaN,NaN,NaN,NaN,NaN,NaN,NaN,NaN,NaN,NaN,NaN,NaN,NaN,NaN,NaN,NaN,NaN,NaN,NaN,NaN,NaN,NaN,NaN,NaN,NaN,NaN,NaN,NaN,NaN,NaN,NaN,NaN,NaN,NaN,NaN,NaN,NaN,NaN,NaN,NaN,NaN,NaN,NaN,NaN,NaN,NaN,NaN,NaN,NaN
NaN,NaN,NaN,NaN,NaN,NaN,NaN,NaN,4.90285e-06,1.807343e-06,-3.893854e-06,-9.358266e-05,-0.0003825432,-0.0006836516,-0.0009227144,-0.001110106,-0.001241762,-0.001326692,-0.001360239,-0.001348813,-0.001289548,-0.001186662,-0.001039753,-0.000853089,-0.0006268665,-0.0003674395,-7.660314e-05,0.000236548,0.0005674753,0.0009029076,0.001234633,0.001543242,0.001813298,0.00202118,0.002138779,0.002136686,0.001972815,0.001606805,0.0009824341,0.0002541856,1.136313e-05,-8.896348e-07,-8.302127e-06,NaN,NaN,NaN,NaN,NaN,NaN,NaN,NaN,NaN,NaN,NaN,NaN,NaN,NaN,NaN,NaN,NaN,NaN,NaN,NaN,NaN,NaN,NaN,NaN,NaN,NaN,NaN,NaN,NaN,NaN,NaN,NaN,NaN,NaN,NaN,NaN,NaN,NaN,NaN,NaN,NaN,NaN,NaN,NaN,NaN,NaN,NaN,NaN,NaN,NaN,NaN,NaN,NaN,NaN,NaN,NaN,NaN
NaN,NaN,NaN,NaN,NaN,NaN,NaN,NaN,NaN,4.566505e-06,1.337659e-06,-5.290986e-06,-9.134363e-05,-0.0003513411,-0.0006204495,-0.0008301693,-0.0009884486,-0.001091415,-0.001146828,-0.001151489,-0.001110662,-0.001023905,-0.0008952626,-0.0007255874,-0.0005206381,-0.0002821382,-1.835406e-05,0.000266723,0.0005612506,0.0008577595,0.001138734,0.001391721,0.001593418,0.001720839,0.001746638,0.001631669,0.001343971,0.0008320243,0.0002284425,1.140297e-05,-4.991366e-06,-9.374441e-06,NaN,NaN,NaN,NaN,NaN,NaN,NaN,NaN,NaN,NaN,NaN,NaN,NaN,NaN,NaN,NaN,NaN,NaN,NaN,NaN,NaN,NaN,NaN,NaN,NaN,NaN,NaN,NaN,NaN,NaN,NaN,NaN,NaN,NaN,NaN,NaN,NaN,NaN,NaN,NaN,NaN,NaN,NaN,NaN,NaN,NaN,NaN,NaN,NaN,NaN,NaN,NaN,NaN,NaN,NaN,NaN,NaN,NaN
NaN,NaN,NaN,NaN,NaN,NaN,NaN,NaN,NaN,2.02429e-06,4.099434e-06,7.969199e-07,-6.711276e-06,-8.773295e-05,-0.0003161299,-0.0005519418,-0.0007312634,-0.0008590355,-0.00093257,-0.0009582957,-0.0009350437,-0.0008675313,-0.0007570017,-0.0006087265,-0.0004242283,-0.0002115385,2.632174e-05,0.0002778587,0.0005373938,0.0007883665,0.001021619,0.001213128,0.001346623,0.0013928,0.001323287,0.001099603,0.0006902866,0.0002007616,1.234398e-05,-6.429233e-06,-1.120142e-05,-3.783612e-06,NaN,NaN,NaN,NaN,NaN,NaN,NaN,NaN,NaN,NaN,NaN,NaN,NaN,NaN,NaN,NaN,NaN,NaN,NaN,NaN,NaN,NaN,NaN,NaN,NaN,NaN,NaN,NaN,NaN,NaN,NaN,NaN,NaN,NaN,NaN,NaN,NaN,NaN,NaN,NaN,NaN,NaN,NaN,NaN,NaN,NaN,NaN,NaN,NaN,NaN,NaN,NaN,NaN,NaN,NaN,NaN,NaN,NaN
NaN,NaN,NaN,NaN,NaN,NaN,NaN,NaN,NaN,NaN,1.743011e-06,3.601844e-06,2.556416e-07,-7.911211e-06,-8.177163e-05,-0.0002770777,-0.0004787359,-0.0006268196,-0.0007237515,-0.0007683571,-0.0007657354,-0.0007174491,-0.0006281459,-0.0005000901,-0.0003404134,-0.0001519746,5.486948e-05,0.0002751329,0.000494099,0.0007034798,0.0008817809,0.001016197,0.001077607,0.001043361,0.0008796533,0.0005567432,0.0001712429,1.311112e-05,-6.671029e-06,-1.130066e-05,-6.191727e-06,NaN,NaN,NaN,NaN,NaN,NaN,NaN,NaN,NaN,NaN,NaN,NaN,NaN,NaN,NaN,NaN,NaN,NaN,NaN,NaN,NaN,NaN,NaN,NaN,NaN,NaN,NaN,NaN,NaN,NaN,NaN,NaN,NaN,NaN,NaN,NaN,NaN,NaN,NaN,NaN,NaN,NaN,NaN,NaN,NaN,NaN,NaN,NaN,NaN,NaN,NaN,NaN,NaN,NaN,NaN,NaN,NaN,NaN,NaN
NaN,NaN,NaN,NaN,NaN,NaN,NaN,NaN,NaN,NaN,NaN,1.459549e-06,3.028822e-06,-2.774887e-07,-8.850797e-06,-7.359442e-05,-0.000234487,-0.0004012631,-0.0005187429,-0.0005853435,-0.0006029158,-0.0005755263,-0.0005069606,-0.0004025949,-0.0002659574,-0.000105914,7.262656e-05,0.0002566809,0.0004388172,0.0006001421,0.0007301198,0.0008009502,0.0007953816,0.0006786151,0.0004350468,0.0001414984,1.354771e-05,-6.318407e-06,-1.07297e-05,-7.312999e-06,NaN,NaN,NaN,NaN,NaN,NaN,NaN,NaN,NaN,NaN,NaN,NaN,NaN,NaN,NaN,NaN,NaN,NaN,NaN,NaN,NaN,NaN,NaN,NaN,NaN,NaN,NaN,NaN,NaN,NaN,NaN,NaN,NaN,NaN,NaN,NaN,NaN,NaN,NaN,NaN,NaN,NaN,NaN,NaN,NaN,NaN,NaN,NaN,NaN,NaN,NaN,NaN,NaN,NaN,NaN,NaN,NaN,NaN,NaN,NaN
NaN,NaN,NaN,NaN,NaN,NaN,NaN,NaN,NaN,NaN,NaN,NaN,1.168248e-06,2.466145e-06,-8.219809e-07,-9.251096e-06,-6.327526e-05,-0.000189357,-0.0003214776,-0.0004093969,-0.0004477447,-0.0004418801,-0.0003955404,-0.000313387,-0.0002029238,-6.888159e-05,7.727425e-05,0.0002288582,0.000369345,0.0004890264,0.0005631775,0.0005791531,0.0005010868,0.0003237665,0.0001119003,1.333116e-05,-4.722579e-06,-9.782933e-06,-7.434127e-06,NaN,NaN,NaN,NaN,NaN,NaN,NaN,NaN,NaN,NaN,NaN,NaN,NaN,NaN,NaN,NaN,NaN,NaN,NaN,NaN,NaN,NaN,NaN,NaN,NaN,NaN,NaN,NaN,NaN,NaN,NaN,NaN,NaN,NaN,NaN,NaN,NaN,NaN,NaN,NaN,NaN,NaN,NaN,NaN,NaN,NaN,NaN,NaN,NaN,NaN,NaN,NaN,NaN,NaN,NaN,NaN,NaN,NaN,NaN,NaN,NaN
NaN,NaN,NaN,NaN,NaN,NaN,NaN,NaN,NaN,NaN,NaN,NaN,NaN,9.847143e-07,1.75059e-06,-1.098591e-06,-9.29931e-06,-5.127027e-05,-0.000143809,-0.0002418376,-0.0003018946,-0.0003166177,-0.0002924463,-0.0002343551,-0.000148054,-4.272582e-05,7.450646e-05,0.0001898895,0.0002938205,0.0003660118,0.0003941493,0.0003481469,0.0002264881,8.362821e-05,1.283651e-05,-3.921594e-06,-7.72241e-06,-7.26291e-06,NaN,NaN,NaN,NaN,NaN,NaN,NaN,NaN,NaN,NaN,NaN,NaN,NaN,NaN,NaN,NaN,NaN,NaN,NaN,NaN,NaN,NaN,NaN,NaN,NaN,NaN,NaN,NaN,NaN,NaN,NaN,NaN,NaN,NaN,NaN,NaN,NaN,NaN,NaN,NaN,NaN,NaN,NaN,NaN,NaN,NaN,NaN,NaN,NaN,NaN,NaN,NaN,NaN,NaN,NaN,NaN,NaN,NaN,NaN,NaN,NaN,NaN
NaN,NaN,NaN,NaN,NaN,NaN,NaN,NaN,NaN,NaN,NaN,NaN,NaN,1.592543e-06,9.012062e-07,9.942908e-07,-1.112663e-06,-8.892477e-06,-3.84779e-05,-0.0001007978,-0.0001659731,-0.0002010842,-0.0001986146,-0.0001631359,-0.0001024032,-2.341524e-05,6.2681e-05,0.0001457043,0.0002103834,0.0002422409,0.0002205652,0.0001464484,5.764841e-05,1.186916e-05,-2.88282e-06,-5.902431e-06,-6.412877e-06,-6.59052e-06,NaN,NaN,NaN,NaN,NaN,NaN,NaN,NaN,NaN,NaN,NaN,NaN,NaN,NaN,NaN,NaN,NaN,NaN,NaN,NaN,NaN,NaN,NaN,NaN,NaN,NaN,NaN,NaN,NaN,NaN,NaN,NaN,NaN,NaN,NaN,NaN,NaN,NaN,NaN,NaN,NaN,NaN,NaN,NaN,NaN,NaN,NaN,NaN,NaN,NaN,NaN,NaN,NaN,NaN,NaN,NaN,NaN,NaN,NaN,NaN,NaN,NaN
NaN,NaN,NaN,NaN,NaN,NaN,NaN,NaN,NaN,NaN,NaN,NaN,NaN,NaN,1.074731e-06,7.862432e-07,3.949266e-07,-1.131006e-06,-7.803174e-06,-2.659428e-05,-6.321697e-05,-9.959193e-05,-0.0001137753,-0.0001008821,-6.367442e-05,-1.157162e-05,4.618558e-05,9.630591e-05,0.0001260483,0.0001220828,8.440876e-05,3.667982e-05,9.843091e-06,-1.681135e-06,-4.042337e-06,-5.481278e-06,-5.267331e-06,NaN,NaN,NaN,NaN,NaN,NaN,NaN,NaN,NaN,NaN,NaN,NaN,NaN,NaN,NaN,NaN,NaN,NaN,NaN,NaN,NaN,NaN,NaN,NaN,NaN,NaN,NaN,NaN,NaN,NaN,NaN,NaN,NaN,NaN,NaN,NaN,NaN,NaN,NaN,NaN,NaN,NaN,NaN,NaN,NaN,NaN,NaN,NaN,NaN,NaN,NaN,NaN,NaN,NaN,NaN,NaN,NaN,NaN,NaN,NaN,NaN,NaN,NaN
NaN,NaN,NaN,NaN,NaN,NaN,NaN,NaN,NaN,NaN,NaN,NaN,NaN,NaN,NaN,7.202153e-07,5.896383e-07,2.79239e-08,-1.213788e-06,-6.06195e-06,-1.686919e-05,-3.412216e-05,-4.884688e-05,-4.916509e-05,-3.289576e-05,-4.565017e-06,2.617749e-05,4.923694e-05,5.474663e-05,4.185093e-05,2.123874e-05,7.207364e-06,-6.364365e-07,-2.502409e-06,-4.205875e-06,-4.095685e-06,NaN,NaN,NaN,NaN,NaN,NaN,NaN,NaN,NaN,NaN,NaN,NaN,NaN,NaN,NaN,NaN,NaN,NaN,NaN,NaN,NaN,NaN,NaN,NaN,NaN,NaN,NaN,NaN,NaN,NaN,NaN,NaN,NaN,NaN,NaN,NaN,NaN,NaN,NaN,NaN,NaN,NaN,NaN,NaN,NaN,NaN,NaN,NaN,NaN,NaN,NaN,NaN,NaN,NaN,NaN,NaN,NaN,NaN,NaN,NaN,NaN,NaN,NaN,NaN
NaN,NaN,NaN,NaN,NaN,NaN,NaN,NaN,NaN,NaN,NaN,NaN,NaN,NaN,NaN,5.479116e-07,4.514625e-07,3.780367e-07,-1.90589e-07,-1.21853e-06,-4.184531e-06,-9.572502e-06,-1.542099e-05,-1.786875e-05,-1.283163e-05,-1.685434e-06,1.070156e-05,1.780932e-05,1.710708e-05,1.095815e-05,4.654072e-06,8.619531e-08,-1.359701e-06,-2.903824e-06,-2.913005e-06,-3.48974e-06,NaN,NaN,NaN,NaN,NaN,NaN,NaN,NaN,NaN,NaN,NaN,NaN,NaN,NaN,NaN,NaN,NaN,NaN,NaN,NaN,NaN,NaN,NaN,NaN,NaN,NaN,NaN,NaN,NaN,NaN,NaN,NaN,NaN,NaN,NaN,NaN,NaN,NaN,NaN,NaN,NaN,NaN,NaN,NaN,NaN,NaN,NaN,NaN,NaN,NaN,NaN,NaN,NaN,NaN,NaN,NaN,NaN,NaN,NaN,NaN,NaN,NaN,NaN,NaN
NaN,NaN,NaN,NaN,NaN,NaN,NaN,NaN,NaN,NaN,NaN,NaN,NaN,NaN,NaN,NaN,3.824495e-07,2.480787e-07,1.863438e-07,-2.798638e-07,-1.100406e-06,-2.571106e-06,-4.638296e-06,-5.559528e-06,-4.301905e-06,-5.556933e-07,3.303933e-06,5.447894e-06,4.678663e-06,2.597752e-06,4.996799e-07,-6.402835e-07,-1.779704e-06,-1.875956e-06,-2.498681e-06,NaN,NaN,NaN,NaN,NaN,NaN,NaN,NaN,NaN,NaN,NaN,NaN,NaN,NaN,NaN,NaN,NaN,NaN,NaN,NaN,NaN,NaN,NaN,NaN,NaN,NaN,NaN,NaN,NaN,NaN,NaN,NaN,NaN,NaN,NaN,NaN,NaN,NaN,NaN,NaN,NaN,NaN,NaN,NaN,NaN,NaN,NaN,NaN,NaN,NaN,NaN,NaN,NaN,NaN,NaN,NaN,NaN,NaN,NaN,NaN,NaN,NaN,NaN,NaN,NaN
NaN,NaN,NaN,NaN,NaN,NaN,NaN,NaN,NaN,NaN,NaN,NaN,NaN,NaN,NaN,NaN,NaN,2.457742e-07,1.053226e-07,3.225439e-08,-2.810834e-07,-8.449853e-07,-1.414698e-06,-1.804986e-06,-1.397675e-06,-2.885688e-07,9.948207e-07,1.513442e-06,1.272454e-06,4.818151e-07,-1.826274e-07,-9.466702e-07,-1.06123e-06,-1.606528e-06,NaN,NaN,NaN,NaN,NaN,NaN,NaN,NaN,NaN,NaN,NaN,NaN,NaN,NaN,NaN,NaN,NaN,NaN,NaN,NaN,NaN,NaN,NaN,NaN,NaN,NaN,NaN,NaN,NaN,NaN,NaN,NaN,NaN,NaN,NaN,NaN,NaN,NaN,NaN,NaN,NaN,NaN,NaN,NaN,NaN,NaN,NaN,NaN,NaN,NaN,NaN,NaN,NaN,NaN,NaN,NaN,NaN,NaN,NaN,NaN,NaN,NaN,NaN,NaN,NaN,NaN
NaN,NaN,NaN,NaN,NaN,NaN,NaN,NaN,NaN,NaN,NaN,NaN,NaN,NaN,NaN,NaN,NaN,1.267041e-07,1.304544e-07,3.094175e-08,-7.705142e-08,-2.261377e-07,-5.233181e-07,-6.23109e-07,-5.439463e-07,-1.11639e-07,2.498277e-07,4.868508e-07,2.903172e-07,-1.145087e-08,-3.612575e-07,-5.30606e-07,-8.976219e-07,-8.880203e-07,NaN,NaN,NaN,NaN,NaN,NaN,NaN,NaN,NaN,NaN,NaN,NaN,NaN,NaN,NaN,NaN,NaN,NaN,NaN,NaN,NaN,NaN,NaN,NaN,NaN,NaN,NaN,NaN,NaN,NaN,NaN,NaN,NaN,NaN,NaN,NaN,NaN,NaN,NaN,NaN,NaN,NaN,NaN,NaN,NaN,NaN,NaN,NaN,NaN,NaN,NaN,NaN,NaN,NaN,NaN,NaN,NaN,NaN,NaN,NaN,NaN,NaN,NaN,NaN,NaN,NaN
NaN,NaN,NaN,NaN,NaN,NaN,NaN,NaN,NaN,NaN,NaN,NaN,NaN,NaN,NaN,NaN,NaN,NaN,5.204513e-08,4.678823e-08,-4.980443e-09,-1.0122e-07,-1.676725e-07,-2.358945e-07,-1.904613e-07,-7.735691e-08,7.613959e-08,1.03324e-07,5.746301e-08,-9.476707e-08,-2.083511e-07,-4.115097e-07,-4.227756e-07,NaN,NaN,NaN,NaN,NaN,NaN,NaN,NaN,NaN,NaN,NaN,NaN,NaN,NaN,NaN,NaN,NaN,NaN,NaN,NaN,NaN,NaN,NaN,NaN,NaN,NaN,NaN,NaN,NaN,NaN,NaN,NaN,NaN,NaN,NaN,NaN,NaN,NaN,NaN,NaN,NaN,NaN,NaN,NaN,NaN,NaN,NaN,NaN,NaN,NaN,NaN,NaN,NaN,NaN,NaN,NaN,NaN,NaN,NaN,NaN,NaN,NaN,NaN,NaN,NaN,NaN,NaN
NaN,NaN,NaN,NaN,NaN,NaN,NaN,NaN,NaN,NaN,NaN,NaN,NaN,NaN,NaN,NaN,NaN,NaN,4.224213e-08,1.531896e-08,-2.157715e-09,-1.219853e-08,-7.150563e-08,-7.87526e-08,-8.432985e-08,-2.200681e-08,3.455273e-09,4.132739e-08,-1.201835e-08,-6.240527e-08,-1.364953e-07,-1.523658e-07,-2.707376e-07,NaN,NaN,NaN,NaN,NaN,NaN,NaN,NaN,NaN,NaN,NaN,NaN,NaN,NaN,NaN,NaN,NaN,NaN,NaN,NaN,NaN,NaN,NaN,NaN,NaN,NaN,NaN,NaN,NaN,NaN,NaN,NaN,NaN,NaN,NaN,NaN,NaN,NaN,NaN,NaN,NaN,NaN,NaN,NaN,NaN,NaN,NaN,NaN,NaN,NaN,NaN,NaN,NaN,NaN,NaN,NaN,NaN,NaN,NaN,NaN,NaN,NaN,NaN,NaN,NaN,NaN,NaN
NaN,NaN,NaN,NaN,NaN,NaN,NaN,NaN,NaN,NaN,NaN,NaN,NaN,NaN,NaN,NaN,NaN,NaN,NaN,1.001983e-08,3.489634e-09,-1.06247e-08,-1.531998e-08,-2.547671e-08,-2.05973e-08,-1.320712e-08,2.688928e-09,-2.467755e-10,-5.47888e-09,-2.768144e-08,-4.181343e-08,-7.771543e-08,NaN,NaN,NaN,NaN,NaN,NaN,NaN,NaN,NaN,NaN,NaN,NaN,NaN,NaN,NaN,NaN,NaN,NaN,NaN,NaN,NaN,NaN,NaN,NaN,NaN,NaN,NaN,NaN,NaN,NaN,NaN,NaN,NaN,NaN,NaN,NaN,NaN,NaN,NaN,NaN,NaN,NaN,NaN,NaN,NaN,NaN,NaN,NaN,NaN,NaN,NaN,NaN,NaN,NaN,NaN,NaN,NaN,NaN,NaN,NaN,NaN,NaN,NaN,NaN,NaN,NaN,NaN,NaN
NaN,NaN,NaN,NaN,NaN,NaN,NaN,NaN,NaN,NaN,NaN,NaN,NaN,NaN,NaN,NaN,NaN,NaN,NaN,4.214005e-10,-6.628904e-10,2.522232e-09,-5.923814e-09,-3.81163e-09,-7.133512e-09,-1.083139e-10,-2.472019e-09,3.948168e-09,-4.08962e-09,-6.01976e-09,-1.44305e-08,-6.914332e-09,NaN,NaN,NaN,NaN,NaN,NaN,NaN,NaN,NaN,NaN,NaN,NaN,NaN,NaN,NaN,NaN,NaN,NaN,NaN,NaN,NaN,NaN,NaN,NaN,NaN,NaN,NaN,NaN,NaN,NaN,NaN,NaN,NaN,NaN,NaN,NaN,NaN,NaN,NaN,NaN,NaN,NaN,NaN,NaN,NaN,NaN,NaN,NaN,NaN,NaN,NaN,NaN,NaN,NaN,NaN,NaN,NaN,NaN,NaN,NaN,NaN,NaN,NaN,NaN,NaN,NaN,NaN,NaN
NaN,NaN,NaN,NaN,NaN,NaN,NaN,NaN,NaN,NaN,NaN,NaN,NaN,NaN,NaN,NaN,NaN,NaN,NaN,1.004011e-10,2.92168e-11,-7.289681e-12,-2.555295e-10,-2.793312e-10,-3.427221e-10,-1.11578e-10,-8.359962e-11,6.3238e-11,-2.1982e-10,-4.210165e-10,-7.944651e-10,-8.686934e-10,NaN,NaN,NaN,NaN,NaN,NaN,NaN,NaN,NaN,NaN,NaN,NaN,NaN,NaN,NaN,NaN,NaN,NaN,NaN,NaN,NaN,NaN,NaN,NaN,NaN,NaN,NaN,NaN,NaN,NaN,NaN,NaN,NaN,NaN,NaN,NaN,NaN,NaN,NaN,NaN,NaN,NaN,NaN,NaN,NaN,NaN,NaN,NaN,NaN,NaN,NaN,NaN,NaN,NaN,NaN,NaN,NaN,NaN,NaN,NaN,NaN,NaN,NaN,NaN,NaN,NaN,NaN,NaN
NaN,NaN,NaN,NaN,NaN,NaN,NaN,NaN,NaN,NaN,NaN,NaN,NaN,NaN,NaN,NaN,NaN,NaN,NaN,0,0,0,0,0,0,0,0,0,0,0,0,0,NaN,NaN,NaN,NaN,NaN,NaN,NaN,NaN,NaN,NaN,NaN,NaN,NaN,NaN,NaN,NaN,NaN,NaN,NaN,NaN,NaN,NaN,NaN,NaN,NaN,NaN,NaN,NaN,NaN,NaN,NaN,NaN,NaN,NaN,NaN,NaN,NaN,NaN,NaN,NaN,NaN,NaN,NaN,NaN,NaN,NaN,NaN,NaN,NaN,NaN,NaN,NaN,NaN,NaN,NaN,NaN,NaN,NaN,NaN,NaN,NaN,NaN,NaN,NaN,NaN,NaN,NaN,NaN
