NaN,NaN,NaN,NaN,NaN,NaN,NaN,NaN,NaN,NaN,NaN,NaN,NaN,NaN,NaN,NaN,NaN,NaN,NaN,0,0,0,0,0,0,0,0,0,0,0,0,0,NaN,NaN,NaN,NaN,NaN,NaN,NaN,NaN,NaN,NaN,NaN,NaN,NaN,NaN,NaN,NaN,NaN,NaN,NaN,NaN,NaN,NaN,NaN,NaN,NaN,NaN,NaN,NaN,NaN,NaN,NaN,NaN,NaN,NaN,NaN,NaN,NaN,NaN,NaN,NaN,NaN,NaN,NaN,NaN,NaN,NaN,NaN,NaN,NaN,NaN,NaN,NaN,NaN,NaN,NaN,NaN,NaN,NaN,NaN,NaN,NaN,NaN,NaN,NaN,NaN,NaN,NaN,NaN
NaN,NaN,NaN,NaN,NaN,NaN,NaN,NaN,NaN,NaN,NaN,NaN,NaN,NaN,NaN,NaN,NaN,NaN,NaN,3.625813e-11,3.233918e-11,1.035281e-11,-1.814526e-11,-3.504825e-11,-3.495397e-11,-1.71723e-11,-6.272892e-12,-7.212735e-13,-2.686305e-11,-5.79412e-11,-8.45814e-11,-8.834258e-11,NaN,NaN,NaN,NaN,NaN,NaN,NaN,NaN,NaN,NaN,NaN,NaN,NaN,NaN,NaN,NaN,NaN,NaN,NaN,NaN,NaN,NaN,NaN,NaN,NaN,NaN,NaN,NaN,NaN,NaN,NaN,NaN,NaN,NaN,NaN,NaN,NaN,NaN,NaN,NaN,NaN,NaN,NaN,NaN,NaN,NaN,NaN,NaN,NaN,NaN,NaN,NaN,NaN,NaN,NaN,NaN,NaN,NaN,NaN,NaN,NaN,NaN,NaN,NaN,NaN,NaN,NaN,NaN
NaN,NaN,NaN,NaN,NaN,NaN,NaN,NaN,NaN,NaN,NaN,NaN,NaN,NaN,NaN,NaN,NaN,NaN,NaN,-5.492327e-11,6.623977e-10,2.559765e-10,-3.089121e-10,-7.277061e-10,-5.681069e-10,-2.431254e-10,-7.623461e-11,2.283607e-10,-3.82653e-10,-9.323443e-10,-1.504008e-09,-6.169999e-10,NaN,NaN,NaN,NaN,NaN,NaN,NaN,NaN,NaN,NaN,NaN,NaN,NaN,NaN,NaN,NaN,NaN,NaN,NaN,NaN,NaN,NaN,NaN,NaN,NaN,NaN,NaN,NaN,NaN,NaN,NaN,NaN,NaN,NaN,NaN,NaN,NaN,NaN,NaN,NaN,NaN,NaN,NaN,NaN,NaN,NaN,NaN,NaN,NaN,NaN,NaN,NaN,NaN,NaN,NaN,NaN,NaN,NaN,NaN,NaN,NaN,NaN,NaN,NaN,NaN,NaN,NaN,NaN
NaN,NaN,NaN,NaN,NaN,NaN,NaN,NaN,NaN,NaN,NaN,NaN,NaN,NaN,NaN,NaN,NaN,NaN,NaN,3.94345e-09,1.524151e-09,8.250897e-12,-1.677611e-09,-2.519969e-09,-2.6829e-09,-1.228578e-09,5.162357e-11,-3.009031e-11,-1.205959e-09,-3.326455e-09,-4.792349e-09,-7.760523e-09,NaN,NaN,NaN,NaN,NaN,NaN,NaN,NaN,NaN,NaN,NaN,NaN,NaN,NaN,NaN,NaN,NaN,NaN,NaN,NaN,NaN,NaN,NaN,NaN,NaN,NaN,NaN,NaN,NaN,NaN,NaN,NaN,NaN,NaN,NaN,NaN,NaN,NaN,NaN,NaN,NaN,NaN,NaN,NaN,NaN,NaN,NaN,NaN,NaN,NaN,NaN,NaN,NaN,NaN,NaN,NaN,NaN,NaN,NaN,NaN,NaN,NaN,NaN,NaN,NaN,NaN,NaN,NaN
NaN,NaN,NaN,NaN,NaN,NaN,NaN,NaN,NaN,NaN,NaN,NaN,NaN,NaN,NaN,NaN,NaN,NaN,1.471404e-08,5.51742e-09,5.261457e-09,6.966596e-11,-6.477133e-09,-1.029918e-08,-8.96902e-09,-3.220717e-09,1.416723e-09,3.739602e-09,-1.606849e-09,-8.707683e-09,-1.47566e-08,-1.494151e-08,-2.416776e-08,NaN,NaN,NaN,NaN,NaN,NaN,NaN,NaN,NaN,NaN,NaN,NaN,NaN,NaN,NaN,NaN,NaN,NaN,NaN,NaN,NaN,NaN,NaN,NaN,NaN,NaN,NaN,NaN,NaN,NaN,NaN,NaN,NaN,NaN,NaN,NaN,NaN,NaN,NaN,NaN,NaN,NaN,NaN,NaN,NaN,NaN,NaN,NaN,NaN,NaN,NaN,NaN,NaN,NaN,NaN,NaN,NaN,NaN,NaN,NaN,NaN,NaN,NaN,NaN,NaN,NaN,NaN
NaN,NaN,NaN,NaN,NaN,NaN,NaN,NaN,NaN,NaN,NaN,NaN,NaN,NaN,NaN,NaN,NaN,NaN,1.807524e-08,1.964346e-08,5.731395e-09,-6.455352e-09,-2.008765e-08,-2.70269e-08,-2.399546e-08,-7.038087e-09,8.976351e-09,1.29137e-08,4.208447e-09,-1.172086e-08,-2.390629e-08,-4.068182e-08,-3.542409e-08,NaN,NaN,NaN,NaN,NaN,NaN,NaN,NaN,NaN,NaN,NaN,NaN,NaN,NaN,NaN,NaN,NaN,NaN,NaN,NaN,NaN,NaN,NaN,NaN,NaN,NaN,NaN,NaN,NaN,NaN,NaN,NaN,NaN,NaN,NaN,NaN,NaN,NaN,NaN,NaN,NaN,NaN,NaN,NaN,NaN,NaN,NaN,NaN,NaN,NaN,NaN,NaN,NaN,NaN,NaN,NaN,NaN,NaN,NaN,NaN,NaN,NaN,NaN,NaN,NaN,NaN,NaN
NaN,NaN,NaN,NaN,NaN,NaN,NaN,NaN,NaN,NaN,NaN,NaN,NaN,NaN,NaN,NaN,NaN,4.018867e-08,4.593702e-08,1.866628e-08,6.450908e-09,-2.401768e-08,-6.159821e-08,-8.056417e-08,-6.373769e-08,-1.216433e-08,3.621485e-08,5.748262e-08,3.415765e-08,-5.61002e-09,-3.885483e-08,-5.231145e-08,-7.844736e-08,-6.257844e-08,NaN,NaN,NaN,NaN,NaN,NaN,NaN,NaN,NaN,NaN,NaN,NaN,NaN,NaN,NaN,NaN,NaN,NaN,NaN,NaN,NaN,NaN,NaN,NaN,NaN,NaN,NaN,NaN,NaN,NaN,NaN,NaN,NaN,NaN,NaN,NaN,NaN,NaN,NaN,NaN,NaN,NaN,NaN,NaN,NaN,NaN,NaN,NaN,NaN,NaN,NaN,NaN,NaN,NaN,NaN,NaN,NaN,NaN,NaN,NaN,NaN,NaN,NaN,NaN,NaN,NaN
NaN,NaN,NaN,NaN,NaN,NaN,NaN,NaN,NaN,NaN,NaN,NaN,NaN,NaN,NaN,NaN,NaN,8.259033e-08,4.367315e-08,3.739114e-08,-2.329198e-08,-9.90508e-08,-1.862248e-07,-2.281862e-07,-1.748727e-07,-2.111666e-08,1.316223e-07,1.918055e-07,1.476007e-07,5.484642e-08,-2.206551e-08,-9.195445e-08,-8.899849e-08,-1.208418e-07,NaN,NaN,NaN,NaN,NaN,NaN,NaN,NaN,NaN,NaN,NaN,NaN,NaN,NaN,NaN,NaN,NaN,NaN,NaN,NaN,NaN,NaN,NaN,NaN,NaN,NaN,NaN,NaN,NaN,NaN,NaN,NaN,NaN,NaN,NaN,NaN,NaN,NaN,NaN,NaN,NaN,NaN,NaN,NaN,NaN,NaN,NaN,NaN,NaN,NaN,NaN,NaN,NaN,NaN,NaN,NaN,NaN,NaN,NaN,NaN,NaN,NaN,NaN,NaN,NaN,NaN
NaN,NaN,NaN,NaN,NaN,NaN,NaN,NaN,NaN,NaN,NaN,NaN,NaN,NaN,NaN,NaN,1.300323e-07,8.454187e-08,8.303054e-08,-9.9369e-09,-1.221389e-07,-3.456198e-07,-6.135982e-07,-7.27937e-07,-5.24433e-07,-3.593334e-08,4.516571e-07,6.79623e-07,5.654554e-07,2.946305e-07,6.038054e-08,-5.962249e-08,-1.520557e-07,-1.332942e-07,-1.552323e-07,NaN,NaN,NaN,NaN,NaN,NaN,NaN,NaN,NaN,NaN,NaN,NaN,NaN,NaN,NaN,NaN,NaN,NaN,NaN,NaN,NaN,NaN,NaN,NaN,NaN,NaN,NaN,NaN,NaN,NaN,NaN,NaN,NaN,NaN,NaN,NaN,NaN,NaN,NaN,NaN,NaN,NaN,NaN,NaN,NaN,NaN,NaN,NaN,NaN,NaN,NaN,NaN,NaN,NaN,NaN,NaN,NaN,NaN,NaN,NaN,NaN,NaN,NaN,NaN,NaN
NaN,NaN,NaN,NaN,NaN,NaN,NaN,NaN,NaN,NaN,NaN,NaN,NaN,NaN,NaN,1.877078e-07,1.420403e-07,1.419381e-07,2.351293e-08,-1.190519e-07,-5.734566e-07,-1.306643e-06,-2.079434e-06,-2.303615e-06,-1.56292e-06,-7.491601e-08,1.435316e-06,2.23284e-06,2.045181e-06,1.271998e-06,5.188688e-07,2.970434e-08,-1.042054e-07,-2.143036e-07,-1.699168e-07,-1.678971e-07,NaN,NaN,NaN,NaN,NaN,NaN,NaN,NaN,NaN,NaN,NaN,NaN,NaN,NaN,NaN,NaN,NaN,NaN,NaN,NaN,NaN,NaN,NaN,NaN,NaN,NaN,NaN,NaN,NaN,NaN,NaN,NaN,NaN,NaN,NaN,NaN,NaN,NaN,NaN,NaN,NaN,NaN,NaN,NaN,NaN,NaN,NaN,NaN,NaN,NaN,NaN,NaN,NaN,NaN,NaN,NaN,NaN,NaN,NaN,NaN,NaN,NaN,NaN,NaN
NaN,NaN,NaN,NaN,NaN,NaN,NaN,NaN,NaN,NaN,NaN,NaN,NaN,NaN,NaN,2.152822e-07,2.115935e-07,8.381713e-08,-9.026139e-08,-8.434756e-07,-2.360973e-06,-4.709659e-06,-6.478981e-06,-6.242352e-06,-3.853086e-06,-1.706786e-07,3.573763e-06,6.116334e-06,6.507332e-06,4.792782e-06,2.373037e-06,7.909529e-07,-9.915323e-09,-1.617586e-07,-2.579267e-07,-1.853648e-07,NaN,NaN,NaN,NaN,NaN,NaN,NaN,NaN,NaN,NaN,NaN,NaN,NaN,NaN,NaN,NaN,NaN,NaN,NaN,NaN,NaN,NaN,NaN,NaN,NaN,NaN,NaN,NaN,NaN,NaN,NaN,NaN,NaN,NaN,NaN,NaN,NaN,NaN,NaN,NaN,NaN,NaN,NaN,NaN,NaN,NaN,NaN,NaN,NaN,NaN,NaN,NaN,NaN,NaN,NaN,NaN,NaN,NaN,NaN,NaN,NaN,NaN,NaN,NaN
NaN,NaN,NaN,NaN,NaN,NaN,NaN,NaN,NaN,NaN,NaN,NaN,NaN,NaN,3.07482e-07,2.855728e-07,1.753197e-07,-4.093387e-08,-1.095641e-06,-3.802384e-06,-8.898484e-06,-1.348437e-05,-1.477719e-05,-1.237788e-05,-7.121455e-06,-3.722622e-07,6.50861e-06,1.205001e-05,1.486001e-05,1.383159e-05,9.245177e-06,3.942898e-06,1.068171e-06,-4.683466e-08,-2.203367e-07,-2.571579e-07,-1.627428e-07,NaN,NaN,NaN,NaN,NaN,NaN,NaN,NaN,NaN,NaN,NaN,NaN,NaN,NaN,NaN,NaN,NaN,NaN,NaN,NaN,NaN,NaN,NaN,NaN,NaN,NaN,NaN,NaN,NaN,NaN,NaN,NaN,NaN,NaN,NaN,NaN,NaN,NaN,NaN,NaN,NaN,NaN,NaN,NaN,NaN,NaN,NaN,NaN,NaN,NaN,NaN,NaN,NaN,NaN,NaN,NaN,NaN,NaN,NaN,NaN,NaN,NaN,NaN
NaN,NaN,NaN,NaN,NaN,NaN,NaN,NaN,NaN,NaN,NaN,NaN,NaN,4.264765e-07,3.543825e-07,3.061197e-07,9.973459e-09,-1.253304e-06,-5.607491e-06,-1.444763e-05,-2.287571e-05,-2.660979e-05,-2.496632e-05,-1.925446e-05,-1.071988e-05,-6.871653e-07,9.502128e-06,1.850262e-05,2.487611e-05,2.719912e-05,2.384247e-05,1.532835e-05,5.956349e-06,1.29061e-06,-5.431587e-08,-2.646451e-07,-1.802708e-07,-1.153204e-07,NaN,NaN,NaN,NaN,NaN,NaN,NaN,NaN,NaN,NaN,NaN,NaN,NaN,NaN,NaN,NaN,NaN,NaN,NaN,NaN,NaN,NaN,NaN,NaN,NaN,NaN,NaN,NaN,NaN,NaN,NaN,NaN,NaN,NaN,NaN,NaN,NaN,NaN,NaN,NaN,NaN,NaN,NaN,NaN,NaN,NaN,NaN,NaN,NaN,NaN,NaN,NaN,NaN,NaN,NaN,NaN,NaN,NaN,NaN,NaN,NaN,NaN
NaN,NaN,NaN,NaN,NaN,NaN,NaN,NaN,NaN,NaN,NaN,NaN,NaN,4.239027e-07,4.666805e-07,6.923418e-08,-1.303905e-06,-7.59008e-06,-2.096735e-05,-3.389255e-05,-4.064606e-05,-4.058788e-05,-3.550965e-05,-2.633737e-05,-1.448854e-05,-1.14611e-06,1.242583e-05,2.485642e-05,3.497353e-05,4.109215e-05,4.215011e-05,3.588686e-05,2.262464e-05,8.288959e-06,1.431364e-06,1.789261e-10,-2.560038e-07,-5.480479e-08,NaN,NaN,NaN,NaN,NaN,NaN,NaN,NaN,NaN,NaN,NaN,NaN,NaN,NaN,NaN,NaN,NaN,NaN,NaN,NaN,NaN,NaN,NaN,NaN,NaN,NaN,NaN,NaN,NaN,NaN,NaN,NaN,NaN,NaN,NaN,NaN,NaN,NaN,NaN,NaN,NaN,NaN,NaN,NaN,NaN,NaN,NaN,NaN,NaN,NaN,NaN,NaN,NaN,NaN,NaN,NaN,NaN,NaN,NaN,NaN,NaN,NaN
NaN,NaN,NaN,NaN,NaN,NaN,NaN,NaN,NaN,NaN,NaN,NaN,5.064655e-07,6.269472e-07,1.719902e-07,-1.278136e-06,-9.510472e-06,-2.80436e-05,-4.577463e-05,-5.602435e-05,-5.844428e-05,-5.483711e-05,-4.603168e-05,-3.350828e-05,-1.833121e-05,-1.711951e-06,1.512119e-05,3.106039e-05,4.469195e-05,5.495863e-05,6.00236e-05,5.892298e-05,4.917101e-05,3.082355e-05,1.063604e-05,1.567015e-06,1.204334e-07,-2.129581e-07,1.633479e-07,NaN,NaN,NaN,NaN,NaN,NaN,NaN,NaN,NaN,NaN,NaN,NaN,NaN,NaN,NaN,NaN,NaN,NaN,NaN,NaN,NaN,NaN,NaN,NaN,NaN,NaN,NaN,NaN,NaN,NaN,NaN,NaN,NaN,NaN,NaN,NaN,NaN,NaN,NaN,NaN,NaN,NaN,NaN,NaN,NaN,NaN,NaN,NaN,NaN,NaN,NaN,NaN,NaN,NaN,NaN,NaN,NaN,NaN,NaN,NaN,NaN
NaN,NaN,NaN,NaN,NaN,NaN,NaN,NaN,NaN,NaN,NaN,6.028651e-07,7.711313e-07,3.158689e-07,-1.178723e-06,-1.12036e-05,-3.523399e-05,-5.801667e-05,-7.209162e-05,-7.771137e-05,-7.626363e-05,-6.869716e-05,-5.65076e-05,-4.060158e-05,-2.221578e-05,-2.417794e-06,1.76778e-05,3.687532e-05,5.412852e-05,6.802037e-05,7.757048e-05,8.0929e-05,7.684664e-05,6.328328e-05,3.941596e-05,1.287923e-05,1.717916e-06,2.156932e-07,-2.47072e-08,4.35611e-07,NaN,NaN,NaN,NaN,NaN,NaN,NaN,NaN,NaN,NaN,NaN,NaN,NaN,NaN,NaN,NaN,NaN,NaN,NaN,NaN,NaN,NaN,NaN,NaN,NaN,NaN,NaN,NaN,NaN,NaN,NaN,NaN,NaN,NaN,NaN,NaN,NaN,NaN,NaN,NaN,NaN,NaN,NaN,NaN,NaN,NaN,NaN,NaN,NaN,NaN,NaN,NaN,NaN,NaN,NaN,NaN,NaN,NaN,NaN,NaN
NaN,NaN,NaN,NaN,NaN,NaN,NaN,NaN,NaN,NaN,6.937289e-07,9.171768e-07,4.5684e-07,-9.929785e-07,-1.259884e-05,-4.21697e-05,-7.019737e-05,-8.839834e-05,-9.762206e-05,-9.889907e-05,-9.336224e-05,-8.229494e-05,-6.661397e-05,-4.752917e-05,-2.603725e-05,-3.187226e-06,1.994252e-05,4.236354e-05,6.289424e-05,8.056232e-05,9.393491e-05,0.0001019898,0.0001030349,9.553097e-05,7.77957e-05,4.790738e-05,1.492605e-05,1.866006e-06,4.613138e-07,2.393329e-07,8.142964e-07,NaN,NaN,NaN,NaN,NaN,NaN,NaN,NaN,NaN,NaN,NaN,NaN,NaN,NaN,NaN,NaN,NaN,NaN,NaN,NaN,NaN,NaN,NaN,NaN,NaN,NaN,NaN,NaN,NaN,NaN,NaN,NaN,NaN,NaN,NaN,NaN,NaN,NaN,NaN,NaN,NaN,NaN,NaN,NaN,NaN,NaN,NaN,NaN,NaN,NaN,NaN,NaN,NaN,NaN,NaN,NaN,NaN,NaN,NaN
NaN,NaN,NaN,NaN,NaN,NaN,NaN,NaN,NaN,7.796586e-07,1.05559e-06,5.966253e-07,-7.449173e-07,-1.363562e-05,-4.86764e-05,-8.197037e-05,-0.000104521,-0.0001175922,-0.0001219775,-0.0001190522,-0.0001097604,-9.5113e-05,-7.627178e-05,-5.413357e-05,-2.97251e-05,-4.024e-06,2.201474e-05,4.735634e-05,7.107924e-05,9.202814e-05,0.0001093086,0.0001215076,0.0001274628,0.0001257613,0.0001145554,9.203039e-05,5.631816e-05,1.675092e-05,2.027583e-06,7.971888e-07,5.897048e-07,1.313802e-06,NaN,NaN,NaN,NaN,NaN,NaN,NaN,NaN,NaN,NaN,NaN,NaN,NaN,NaN,NaN,NaN,NaN,NaN,NaN,NaN,NaN,NaN,NaN,NaN,NaN,NaN,NaN,NaN,NaN,NaN,NaN,NaN,NaN,NaN,NaN,NaN,NaN,NaN,NaN,NaN,NaN,NaN,NaN,NaN,NaN,NaN,NaN,NaN,NaN,NaN,NaN,NaN,NaN,NaN,NaN,NaN,NaN,NaN
NaN,NaN,NaN,NaN,NaN,NaN,NaN,NaN,NaN,1.185994e-06,7.292625e-07,-4.648332e-07,-1.431014e-05,-5.459622e-05,-9.316589e-05,-0.0001200799,-0.0001371246,-0.0001448571,-0.0001448985,-0.0001378772,-0.0001249708,-0.0001071214,-8.522171e-05,-6.027003e-05,-3.316955e-05,-4.833056e-06,2.382025e-05,5.189687e-05,7.845126e-05,0.0001025806,0.0001232091,0.0001393563,0.0001498893,0.0001533072,0.0001485811,0.0001332324,0.0001062059,6.423783e-05,1.823798e-05,2.244879e-06,1.248206e-06,1.106147e-06,NaN,NaN,NaN,NaN,NaN,NaN,NaN,NaN,NaN,NaN,NaN,NaN,NaN,NaN,NaN,NaN,NaN,NaN,NaN,NaN,NaN,NaN,NaN,NaN,NaN,NaN,NaN,NaN,NaN,NaN,NaN,NaN,NaN,NaN,NaN,NaN,NaN,NaN,NaN,NaN,NaN,NaN,NaN,NaN,NaN,NaN,NaN,NaN,NaN,NaN,NaN,NaN,NaN,NaN,NaN,NaN,NaN,NaN
NaN,NaN,NaN,NaN,NaN,NaN,NaN,NaN,1.296819e-06,8.487086e-07,-1.70601e-07,-1.470993e-05,-5.989541e-05,-0.0001035795,-0.0001348094,-0.0001557951,-0.0001669674,-0.0001701637,-0.0001657475,-0.0001550994,-0.0001388276,-0.0001179372,-9.330818e-05,-6.580425e-05,-3.626249e-05,-5.570715e-06,2.545676e-05,5.593855e-05,8.506119e-05,0.0001119115,0.0001356794,0.0001553389,0.0001698317,0.0001782579,0.0001789013,0.0001708219,0.0001515592,0.0001196345,7.161879e-05,1.941708e-05,2.557416e-06,1.92288e-06,1.602544e-06,NaN,NaN,NaN,NaN,NaN,NaN,NaN,NaN,NaN,NaN,NaN,NaN,NaN,NaN,NaN,NaN,NaN,NaN,NaN,NaN,NaN,NaN,NaN,NaN,NaN,NaN,NaN,NaN,NaN,NaN,NaN,NaN,NaN,NaN,NaN,NaN,NaN,NaN,NaN,NaN,NaN,NaN,NaN,NaN,NaN,NaN,NaN,NaN,NaN,NaN,NaN,NaN,NaN,NaN,NaN,NaN,NaN
NaN,NaN,NaN,NaN,NaN,NaN,NaN,1.393484e-06,9.348263e-07,1.079988e-07,-1.490688e-05,-6.467655e-05,-0.0001131089,-0.0001484577,-0.0001732364,-0.0001878259,-0.0001941861,-0.0001925962,-0.0001844901,-0.0001702773,-0.0001510062,-0.0001274377,-0.0001003203,-7.055779e-05,-3.886852e-05,-6.137892e-06,2.695454e-05,5.950018e-05,9.086478e-05,0.0001201037,0.0001465592,0.0001692016,0.0001874614,0.000199817,0.0002059272,0.0002035193,0.0001922467,0.0001687407,0.0001322682,7.837605e-05,2.04954e-05,3.096652e-06,2.414604e-06,2.356489e-06,NaN,NaN,NaN,NaN,NaN,NaN,NaN,NaN,NaN,NaN,NaN,NaN,NaN,NaN,NaN,NaN,NaN,NaN,NaN,NaN,NaN,NaN,NaN,NaN,NaN,NaN,NaN,NaN,NaN,NaN,NaN,NaN,NaN,NaN,NaN,NaN,NaN,NaN,NaN,NaN,NaN,NaN,NaN,NaN,NaN,NaN,NaN,NaN,NaN,NaN,NaN,NaN,NaN,NaN,NaN,NaN
NaN,NaN,NaN,NaN,NaN,NaN,1.47564e-06,9.930558e-07,3.62558e-07,-1.503244e-05,-6.904796e-05,-0.0001218262,-0.0001608204,-0.0001891716,-0.0002069392,-0.0002164456,-0.0002176591,-0.0002123168,-0.0002004061,-0.0001832929,-0.0001612621,-0.00013532,-0.0001060786,-7.438349e-05,-4.088347e-05,-6.403229e-06,2.837837e-05,6.270299e-05,9.585414e-05,0.0001271267,0.0001557819,0.0001811313,0.0002021921,0.0002185341,0.00022858,0.0002320686,0.0002267112,0.0002120165,0.0001846252,0.0001437963,8.412578e-05,2.169377e-05,3.628945e-06,3.346753e-06,3.072481e-06,NaN,NaN,NaN,NaN,NaN,NaN,NaN,NaN,NaN,NaN,NaN,NaN,NaN,NaN,NaN,NaN,NaN,NaN,NaN,NaN,NaN,NaN,NaN,NaN,NaN,NaN,NaN,NaN,NaN,NaN,NaN,NaN,NaN,NaN,NaN,NaN,NaN,NaN,NaN,NaN,NaN,NaN,NaN,NaN,NaN,NaN,NaN,NaN,NaN,NaN,NaN,NaN,NaN,NaN,NaN
NaN,NaN,NaN,NaN,NaN,1.518195e-06,1.036449e-06,5.423374e-07,-1.517781e-05,-7.315621e-05,-0.0001297766,-0.0001719223,-0.000203301,-0.0002239908,-0.0002363515,-0.0002403659,-0.0002377181,-0.0002283729,-0.0002136245,-0.0001936465,-0.0001693875,-0.0001414226,-0.0001103983,-7.710203e-05,-4.212342e-05,-6.289742e-06,2.988765e-05,6.552185e-05,0.0001002012,0.0001329852,0.0001635188,0.0001907838,0.0002146128,0.0002335525,0.0002477691,0.0002552006,0.0002560891,0.0002476037,0.0002297593,0.000198531,0.0001533856,9.020735e-05,2.286049e-05,4.384869e-06,4.09133e-06,3.978878e-06,NaN,NaN,NaN,NaN,NaN,NaN,NaN,NaN,NaN,NaN,NaN,NaN,NaN,NaN,NaN,NaN,NaN,NaN,NaN,NaN,NaN,NaN,NaN,NaN,NaN,NaN,NaN,NaN,NaN,NaN,NaN,NaN,NaN,NaN,NaN,NaN,NaN,NaN,NaN,NaN,NaN,NaN,NaN,NaN,NaN,NaN,NaN,NaN,NaN,NaN,NaN,NaN,NaN,NaN
NaN,NaN,NaN,NaN,1.543817e-06,1.036306e-06,6.738549e-07,-1.555216e-05,-7.716511e-05,-0.000137056,-0.0001816693,-0.0002155945,-0.0002385871,-0.0002535532,-0.0002600287,-0.0002600881,-0.0002532342,-0.000241119,-0.0002233842,-0.0002013714,-0.0001750878,-0.0001455262,-0.0001130816,-7.856728e-05,-4.248643e-05,-5.594105e-06,3.152361e-05,6.822813e-05,0.000103858,0.0001378976,0.0001696417,0.00019869,0.0002241023,0.0002458445,0.0002624464,0.000274177,0.000278967,0.000277078,0.0002656401,0.0002446578,0.000210113,0.0001625683,9.470955e-05,2.403528e-05,5.134451e-06,5.275384e-06,4.956695e-06,NaN,NaN,NaN,NaN,NaN,NaN,NaN,NaN,NaN,NaN,NaN,NaN,NaN,NaN,NaN,NaN,NaN,NaN,NaN,NaN,NaN,NaN,NaN,NaN,NaN,NaN,NaN,NaN,NaN,NaN,NaN,NaN,NaN,NaN,NaN,NaN,NaN,NaN,NaN,NaN,NaN,NaN,NaN,NaN,NaN,NaN,NaN,NaN,NaN,NaN,NaN,NaN,NaN
NaN,NaN,NaN,1.502267e-06,1.011423e-06,7.009863e-07,-1.624331e-05,-8.131597e-05,-0.0001437542,-0.0001901393,-0.0002258445,-0.0002506256,-0.0002675776,-0.0002762507,-0.000278676,-0.000274339,-0.0002647714,-0.000249581,-0.0002299942,-0.0002059264,-0.0001782809,-0.0001474377,-0.0001139889,-7.859603e-05,-4.176304e-05,-4.254343e-06,3.354559e-05,7.076566e-05,0.0001071756,0.0001418189,0.000174598,0.0002044658,0.0002316063,0.0002545653,0.0002739694,0.0002878326,0.0002970078,0.0002989148,0.0002943761,0.0002799701,0.0002564848,0.0002194506,0.0001688858,9.928427e-05,2.50383e-05,6.217307e-06,6.32915e-06,6.038126e-06,NaN,NaN,NaN,NaN,NaN,NaN,NaN,NaN,NaN,NaN,NaN,NaN,NaN,NaN,NaN,NaN,NaN,NaN,NaN,NaN,NaN,NaN,NaN,NaN,NaN,NaN,NaN,NaN,NaN,NaN,NaN,NaN,NaN,NaN,NaN,NaN,NaN,NaN,NaN,NaN,NaN,NaN,NaN,NaN,NaN,NaN,NaN,NaN,NaN,NaN,NaN,NaN
NaN,NaN,1.421563e-06,8.763716e-07,6.401893e-07,-1.742257e-05,-8.572164e-05,-0.0001500686,-0.000197294,-0.0002340839,-0.0002598067,-0.0002782525,-0.0002884924,-0.0002930468,-0.0002908821,-0.0002839019,-0.0002711921,-0.0002543271,-0.0002326646,-0.0002074999,-0.0001786397,-0.0001470238,-0.0001129176,-7.705003e-05,-3.987026e-05,-2.004224e-06,3.595182e-05,7.354324e-05,0.0001100445,0.0001451948,0.0001781833,0.0002089578,0.000236454,0.0002610934,0.0002813028,0.0002979464,0.000308922,0.000315302,0.0003143385,0.0003071752,0.0002902258,0.0002646116,0.000225238,0.0001739036,0.0001013419,2.645265e-05,7.537552e-06,7.434362e-06,7.287696e-06,NaN,NaN,NaN,NaN,NaN,NaN,NaN,NaN,NaN,NaN,NaN,NaN,NaN,NaN,NaN,NaN,NaN,NaN,NaN,NaN,NaN,NaN,NaN,NaN,NaN,NaN,NaN,NaN,NaN,NaN,NaN,NaN,NaN,NaN,NaN,NaN,NaN,NaN,NaN,NaN,NaN,NaN,NaN,NaN,NaN,NaN,NaN,NaN,NaN,NaN,NaN
NaN,1.281795e-06,7.074832e-07,3.760672e-07,-1.923621e-05,-9.051588e-05,-0.0001560613,-0.0002032252,-0.0002401971,-0.0002660602,-0.0002852473,-0.0002964833,-0.0003026494,-0.0003023565,-0.0002977183,-0.0002874743,-0.000273342,-0.0002543374,-0.0002319133,-0.0002054997,-0.0001762255,-0.0001440583,-0.0001097917,-7.374778e-05,-3.659028e-05,1.185884e-06,3.908432e-05,7.644299e-05,0.0001129772,0.000147889,0.0001811002,0.0002116852,0.0002399363,0.0002645146,0.0002862619,0.0003033385,0.0003169716,0.0003248189,0.0003283121,0.0003244651,0.0003148422,0.0002955315,0.0002681053,0.0002272443,0.0001744051,0.0001025057,2.841182e-05,9.0146e-06,8.646338e-06,8.616948e-06,NaN,NaN,NaN,NaN,NaN,NaN,NaN,NaN,NaN,NaN,NaN,NaN,NaN,NaN,NaN,NaN,NaN,NaN,NaN,NaN,NaN,NaN,NaN,NaN,NaN,NaN,NaN,NaN,NaN,NaN,NaN,NaN,NaN,NaN,NaN,NaN,NaN,NaN,NaN,NaN,NaN,NaN,NaN,NaN,NaN,NaN,NaN,NaN,NaN,NaN
9.31551e-07,4.11571e-07,-2.042902e-07,-2.215534e-05,-9.549268e-05,-0.0001617554,-0.0002078411,-0.0002441564,-0.0002691829,-0.0002883953,-0.0002998604,-0.0003071419,-0.0003082098,-0.000305667,-0.0002976517,-0.0002862605,-0.000269948,-0.0002505108,-0.0002268157,-0.000200372,-0.0001705891,-0.0001385919,-0.0001043242,-6.865696e-05,-3.179313e-05,5.547474e-06,4.294875e-05,7.991205e-05,0.0001158351,0.0001504695,0.0001830828,0.0002137024,0.0002413202,0.0002665108,0.0002877718,0.0003062182,0.000319882,0.0003302347,0.0003348012,0.0003353051,0.0003285951,0.0003165215,0.0002949898,0.0002658883,0.0002236192,0.0001713875,0.0001014536,3.052299e-05,1.077733e-05,9.79691e-06,1.009418e-05,NaN,NaN,NaN,NaN,NaN,NaN,NaN,NaN,NaN,NaN,NaN,NaN,NaN,NaN,NaN,NaN,NaN,NaN,NaN,NaN,NaN,NaN,NaN,NaN,NaN,NaN,NaN,NaN,NaN,NaN,NaN,NaN,NaN,NaN,NaN,NaN,NaN,NaN,NaN,NaN,NaN,NaN,NaN,NaN,NaN,NaN,NaN,NaN,NaN
3.763823e-07,-1.357667e-06,-2.691759e-05,-0.0001008596,-0.0001665786,-0.0002108617,-0.0002456697,-0.0002689896,-0.0002874154,-0.0002983683,-0.0003061498,-0.0003080465,-0.0003072169,-0.0003011372,-0.0002923531,-0.0002786909,-0.0002623451,-0.0002415698,-0.0002182923,-0.0001912835,-0.0001621221,-0.0001301893,-9.669104e-05,-6.143222e-05,-2.544359e-05,1.123095e-05,4.777231e-05,8.391065e-05,0.0001190838,0.0001528356,0.0001848616,0.0002145406,0.0002419951,0.0002661815,0.0002878362,0.0003054435,0.0003202235,0.0003302375,0.0003370483,0.0003382089,0.0003355356,0.0003258965,0.0003112206,0.0002874252,0.0002567005,0.0002141343,0.0001630793,9.713295e-05,3.274602e-05,1.272425e-05,1.083449e-05,1.165352e-05,NaN,NaN,NaN,NaN,NaN,NaN,NaN,NaN,NaN,NaN,NaN,NaN,NaN,NaN,NaN,NaN,NaN,NaN,NaN,NaN,NaN,NaN,NaN,NaN,NaN,NaN,NaN,NaN,NaN,NaN,NaN,NaN,NaN,NaN,NaN,NaN,NaN,NaN,NaN,NaN,NaN,NaN,NaN,NaN,NaN,NaN,NaN,4.273216e-07
-3.496624e-06,-3.555712e-05,-0.0001062846,-0.00017024,-0.0002114435,-0.0002442107,-0.000264965,-0.0002819895,-0.0002916441,-0.0002993614,-0.0003014819,-0.0003019562,-0.0002974291,-0.0002910381,-0.0002798814,-0.0002666246,-0.0002488701,-0.0002289663,-0.0002050531,-0.0001791554,-0.0001500389,-0.0001193036,-8.631378e-05,-5.237274e-05,-1.71645e-05,1.819719e-05,5.376312e-05,8.86716e-05,0.0001227448,0.0001553982,0.0001862932,0.0002151468,0.0002413375,0.0002651495,0.0002854961,0.0003032307,0.0003168753,0.0003276904,0.0003338253,0.0003368442,0.0003344211,0.0003282898,0.0003155226,0.0002979125,0.0002718701,0.0002395541,0.0001970856,0.0001477232,8.85448e-05,3.429169e-05,1.456993e-05,1.185043e-05,1.312262e-05,NaN,NaN,NaN,NaN,NaN,NaN,NaN,NaN,NaN,NaN,NaN,NaN,NaN,NaN,NaN,NaN,NaN,NaN,NaN,NaN,NaN,NaN,NaN,NaN,NaN,NaN,NaN,NaN,NaN,NaN,NaN,NaN,NaN,NaN,NaN,NaN,NaN,NaN,NaN,NaN,NaN,NaN,NaN,NaN,NaN,-4.838673e-07,1.334105e-06
-4.897541e-05,-0.0001126709,-0.0001707591,-0.0002091586,-0.0002383432,-0.000256669,-0.0002711998,-0.0002794836,-0.0002861607,-0.0002883647,-0.0002893414,-0.0002862924,-0.0002817064,-0.0002731164,-0.0002625915,-0.0002480948,-0.0002314391,-0.00021105,-0.0001885224,-0.0001628046,-0.0001351739,-0.00010518,-7.375044e-05,-4.08505e-05,-7.252916e-06,2.684587e-05,6.085768e-05,9.437275e-05,0.0001270262,0.0001582429,0.0001878767,0.0002152225,0.0002405136,0.0002626882,0.0002825377,0.0002986352,0.0003122025,0.0003215513,0.0003281922,0.0003301601,0.0003291394,0.0003228254,0.0003128918,0.0002966592,0.000275739,0.0002473026,0.0002129814,0.0001709048,0.0001237805,7.428692e-05,3.273112e-05,1.563444e-05,1.330377e-05,1.417928e-05,NaN,NaN,NaN,NaN,NaN,NaN,NaN,NaN,NaN,NaN,NaN,NaN,NaN,NaN,NaN,NaN,NaN,NaN,NaN,NaN,NaN,NaN,NaN,NaN,NaN,NaN,NaN,NaN,NaN,NaN,NaN,NaN,NaN,NaN,NaN,NaN,NaN,NaN,NaN,NaN,NaN,NaN,NaN,-1.431845e-06,1.027004e-06,-6.013084e-06
-0.0001254001,-0.0001684481,-0.0002026121,-0.0002270878,-0.0002428533,-0.0002543426,-0.0002610437,-0.0002661952,-0.0002681439,-0.0002691785,-0.0002672578,-0.00026415,-0.0002578634,-0.0002499115,-0.0002385524,-0.0002251799,-0.0002083772,-0.0001894586,-0.000167383,-0.0001433179,-0.0001167008,-8.84191e-05,-5.837872e-05,-2.729473e-05,4.716379e-06,3.701425e-05,6.931613e-05,0.0001011192,0.0001320072,0.0001616387,0.0001895347,0.0002155356,0.0002389924,0.0002601821,0.0002781358,0.0002935628,0.0003052875,0.0003142864,0.000319256,0.0003213169,0.0003190218,0.0003134673,0.0003030752,0.0002887165,0.0002687777,0.0002437816,0.0002126998,0.0001756829,0.0001344436,8.993143e-05,5.178216e-05,2.306612e-05,1.511285e-05,1.54556e-05,1.437284e-05,NaN,NaN,NaN,NaN,NaN,NaN,NaN,NaN,NaN,NaN,NaN,NaN,NaN,NaN,NaN,NaN,NaN,NaN,NaN,NaN,NaN,NaN,NaN,NaN,NaN,NaN,NaN,NaN,NaN,NaN,NaN,NaN,NaN,NaN,NaN,NaN,NaN,NaN,NaN,NaN,NaN,-2.460116e-06,7.97544e-07,-8.944034e-06,-6.413083e-05
-0.0001692603,-0.0001939878,-0.0002101492,-0.0002226672,-0.0002303903,-0.0002355944,-0.0002387041,-0.0002404627,-0.0002409687,-0.0002401894,-0.0002379577,-0.0002340226,-0.0002281106,-0.0002200489,-0.0002095537,-0.0001966611,-0.0001811051,-0.0001631881,-0.0001426258,-0.0001200693,-9.507635e-05,-6.87459e-05,-4.042246e-05,-1.149192e-05,1.873527e-05,4.875076e-05,7.931316e-05,0.0001087976,0.0001380715,0.0001654358,0.0001918629,0.0002156151,0.0002379253,0.0002568054,0.0002739231,0.0002870548,0.0002981738,0.0003049581,0.000309547,0.0003095535,0.0003071611,0.0002999317,0.0002898873,0.0002745955,0.0002557295,0.0002311048,0.0002018237,0.0001670334,0.0001274045,8.626254e-05,4.500562e-05,1.515809e-05,-5.755204e-07,1.166156e-05,1.769839e-05,1.378664e-05,1.743001e-05,NaN,NaN,NaN,NaN,NaN,NaN,NaN,NaN,NaN,NaN,NaN,NaN,NaN,NaN,NaN,NaN,NaN,NaN,NaN,NaN,NaN,NaN,NaN,NaN,NaN,NaN,NaN,NaN,NaN,NaN,NaN,NaN,NaN,NaN,NaN,NaN,NaN,-1.869105e-06,-3.091853e-06,-3.297001e-07,-1.373599e-05,-7.721662e-05,-0.0001349521
-0.000182577,-0.0001887121,-0.0001962235,-0.0001988748,-0.0002023276,-0.0002031561,-0.0002046436,-0.0002044939,-0.0002046433,-0.0002031371,-0.000201249,-0.0001972527,-0.0001921937,-0.0001845455,-0.0001753556,-0.0001632718,-0.0001494553,-0.0001326725,-0.0001142865,-9.305868e-05,-7.068984e-05,-4.576911e-05,-2.035855e-05,7.04336e-06,3.423573e-05,6.273222e-05,9.021114e-05,0.0001182741,0.0001444872,0.000170577,0.0001940496,0.0002167902,0.0002361243,0.0002543613,0.0002684908,0.0002812621,0.000289434,0.0002960643,0.0002977548,0.0002977915,0.000292603,0.0002855937,0.0002730232,0.0002582694,0.0002374395,0.0002137563,0.0001835271,0.0001497103,0.000110036,6.777373e-05,2.438408e-05,-1.445138e-05,-4.29129e-05,-4.096162e-05,-5.125799e-07,1.740073e-05,1.551013e-05,1.592488e-05,NaN,NaN,NaN,NaN,NaN,NaN,NaN,NaN,NaN,NaN,NaN,NaN,NaN,NaN,NaN,NaN,NaN,NaN,NaN,NaN,NaN,NaN,NaN,NaN,NaN,NaN,NaN,NaN,NaN,NaN,NaN,NaN,NaN,NaN,NaN,-4.386238e-06,-2.200397e-06,-3.308306e-06,-2.269948e-05,-8.66504e-05,-0.0001411313,-0.0001634562
-0.000161189,-0.0001627388,-0.0001602762,-0.0001604279,-0.0001595359,-0.0001598316,-0.0001598025,-0.0001600335,-0.0001599245,-0.0001591805,-0.0001576693,-0.0001546981,-0.0001504446,-0.00014411,-0.0001360995,-0.0001256682,-0.0001133709,-9.861573e-05,-8.20059e-05,-6.322462e-05,-4.274309e-05,-2.065663e-05,2.780836e-06,2.718032e-05,5.235472e-05,7.774589e-05,0.0001032928,0.000128239,0.0001527101,0.0001757589,0.0001977211,0.0002174619,0.0002357099,0.0002509003,0.0002643597,0.0002740757,0.0002818978,0.0002854591,0.0002870635,0.0002839742,0.0002789256,0.0002687555,0.0002565644,0.0002386967,0.000218592,0.0001920576,0.0001628277,0.0001265299,8.739188e-05,4.173875e-05,-4.493461e-06,-5.371113e-05,-9.264345e-05,-0.0001228795,-9.806787e-05,-3.903824e-05,1.033032e-05,2.123713e-05,9.91009e-06,NaN,NaN,NaN,NaN,NaN,NaN,NaN,NaN,NaN,NaN,NaN,NaN,NaN,NaN,NaN,NaN,NaN,NaN,NaN,NaN,NaN,NaN,NaN,NaN,NaN,NaN,NaN,NaN,NaN,NaN,NaN,NaN,NaN,-6.68723e-06,-1.518059e-06,-8.021164e-06,-3.8702e-05,-9.005969e-05,-0.0001362468,-0.0001509408,-0.0001621221
-0.0001191238,-0.0001135577,-0.0001094637,-0.0001076015,-0.0001058105,-0.0001066774,-0.0001063163,-0.0001082644,-0.0001079954,-0.0001094567,-0.0001078725,-0.0001073925,-0.0001032317,-9.965571e-05,-9.200819e-05,-8.461728e-05,-7.302623e-05,-6.157047e-05,-4.606415e-05,-3.073225e-05,-1.178984e-05,6.805288e-06,2.841021e-05,4.924487e-05,7.245193e-05,9.434498e-05,0.0001178626,0.0001394822,0.0001619383,0.0001819034,0.0002019532,0.0002189899,0.0002353083,0.0002482983,0.0002598152,0.0002677574,0.0002736507,0.0002757819,0.0002754199,0.0002711858,0.000264077,0.0002529792,0.0002386258,0.0002200694,0.000197753,0.0001707895,0.000139478,0.0001027818,6.137794e-05,1.417985e-05,-3.699964e-05,-9.155826e-05,-0.0001463203,-0.0001895435,-0.0002147205,-0.0001887349,-0.0001219526,-1.173106e-05,2.267117e-05,9.687841e-06,1.335176e-05,NaN,NaN,NaN,NaN,NaN,NaN,NaN,NaN,NaN,NaN,NaN,NaN,NaN,NaN,NaN,NaN,NaN,NaN,NaN,NaN,NaN,NaN,NaN,NaN,NaN,NaN,NaN,NaN,NaN,-8.115186e-06,-6.109932e-06,-4.058551e-06,-1.509523e-05,-5.50869e-05,-9.231173e-05,-0.0001146219,-0.0001262183,-0.000128813,-0.0001239917
-5.502291e-05,-4.984465e-05,-4.537258e-05,-4.391322e-05,-4.369994e-05,-4.500516e-05,-4.69916e-05,-4.935079e-05,-5.167228e-05,-5.34875e-05,-5.459165e-05,-5.45133e-05,-5.317015e-05,-5.017586e-05,-4.555361e-05,-3.902534e-05,-3.070917e-05,-2.04545e-05,-8.437623e-06,5.306078e-06,2.065897e-05,3.731308e-05,5.523357e-05,7.399938e-05,9.345626e-05,0.0001132321,0.0001330565,0.0001526201,0.0001715416,0.0001896259,0.0002063423,0.0002216698,0.0002350466,0.0002464498,0.0002554019,0.0002619493,0.0002655423,0.0002664901,0.0002639934,0.0002587505,0.0002495536,0.0002376246,0.0002211072,0.0002019342,0.0001772979,0.000150117,0.0001161106,7.984412e-05,3.481447e-05,-1.168535e-05,-6.893047e-05,-0.0001254867,-0.0001913138,-0.0002486975,-0.000302305,-0.0003234544,-0.0003346358,-0.0002357196,-8.430496e-05,7.088838e-06,2.513855e-05,-2.006247e-06,1.497678e-05,NaN,NaN,NaN,NaN,NaN,NaN,NaN,NaN,NaN,NaN,NaN,NaN,NaN,NaN,NaN,NaN,NaN,NaN,NaN,NaN,NaN,NaN,NaN,NaN,NaN,-1.151587e-05,-9.800405e-06,-5.789578e-06,-9.632251e-06,-2.587606e-05,-5.688119e-05,-8.428111e-05,-8.264912e-05,-8.477324e-05,-7.999669e-05,-7.163377e-05,-6.401241e-05
2.086197e-05,2.720332e-05,2.693957e-05,2.808652e-05,2.445717e-05,2.245306e-05,1.711026e-05,1.403439e-05,8.657815e-06,6.181021e-06,2.14553e-06,1.550361e-06,-9.364172e-08,2.102272e-06,3.541451e-06,9.061156e-06,1.391566e-05,2.292679e-05,3.11492e-05,4.348791e-05,5.468104e-05,6.984702e-05,8.338992e-05,0.0001005319,0.0001155616,0.0001337014,0.0001491376,0.0001671439,0.000181815,0.0001984848,0.0002112087,0.0002253959,0.0002349587,0.0002456108,0.0002509807,0.0002570815,0.0002574009,0.0002581014,0.0002526373,0.0002472388,0.0002353675,0.0002232158,0.0002043422,0.0001847455,0.0001581592,0.0001301735,9.493341e-05,5.715018e-05,1.188424e-05,-3.752695e-05,-9.444934e-05,-0.0001564682,-0.0002250758,-0.0002948024,-0.0003649852,-0.000427979,-0.0004695543,-0.0004861945,-0.0003927808,-0.0002424429,-5.938256e-05,2.120851e-05,1.527014e-05,-9.149258e-06,7.032706e-06,NaN,NaN,NaN,NaN,NaN,NaN,NaN,NaN,NaN,NaN,NaN,NaN,NaN,NaN,NaN,NaN,NaN,NaN,NaN,NaN,NaN,-1.667745e-05,-1.240129e-05,-9.607828e-06,-1.053945e-05,-1.595223e-05,-2.852135e-05,-4.221781e-05,-4.443619e-05,-3.700132e-05,-2.6878e-05,-1.504617e-05,-2.40199e-06,5.513823e-06,1.675817e-05
0.0001078528,0.0001091984,0.0001058691,0.0001037757,9.682809e-05,9.27154e-05,8.423959e-05,7.969495e-05,7.139178e-05,6.776161e-05,6.091965e-05,5.922786e-05,5.477726e-05,5.573625e-05,5.426784e-05,5.828351e-05,6.007587e-05,6.723739e-05,7.22711e-05,8.234903e-05,9.033253e-05,0.0001028431,0.0001131534,0.0001274532,0.0001392547,0.0001544313,0.0001667692,0.0001817919,0.0001936014,0.0002073784,0.0002175398,0.0002289284,0.0002364357,0.0002443416,0.0002481802,0.0002516767,0.0002509136,0.0002491787,0.0002430195,0.0002353164,0.0002230499,0.0002087073,0.0001896319,0.0001679332,0.0001412551,0.0001113487,7.596907e-05,3.669609e-05,-8.911552e-06,-5.923062e-05,-0.0001168765,-0.0001803673,-0.0002504295,-0.0003273797,-0.0004060659,-0.0004884163,-0.0005661517,-0.0006206587,-0.0006315923,-0.0006259567,-0.0004502909,-0.000241958,-5.464687e-05,2.604819e-05,1.044478e-05,-2.165876e-05,-9.257861e-06,NaN,NaN,NaN,NaN,NaN,NaN,NaN,NaN,NaN,NaN,NaN,NaN,NaN,NaN,NaN,NaN,NaN,-2.095039e-05,-1.371462e-05,-1.456206e-05,-1.612113e-05,-1.415092e-05,-8.139244e-06,-3.279036e-06,3.642145e-06,2.12517e-05,3.706117e-05,4.994351e-05,6.951296e-05,8.036009e-05,9.280892e-05,9.983122e-05,0.0001059966
0.0001964174,0.0001941641,0.0001860359,0.0001802485,0.000170271,0.0001628272,0.0001523197,0.0001448062,0.0001349945,0.0001286227,0.000120474,0.0001161304,0.0001103351,0.0001086056,0.0001056027,0.0001068165,0.0001067866,0.0001110111,0.0001138662,0.000120942,0.0001263394,0.0001358523,0.0001432944,0.0001545442,0.0001633396,0.0001755345,0.0001847992,0.0001970005,0.000205752,0.0002169418,0.0002241763,0.0002333647,0.0002379942,0.0002442217,0.0002452953,0.0002475971,0.0002442651,0.0002417632,0.0002332328,0.0002251393,0.0002106791,0.0001962298,0.0001751267,0.0001535281,0.0001249918,9.528665e-05,5.840671e-05,1.931725e-05,-2.716548e-05,-7.732617e-05,-0.0001351952,-0.0001981129,-0.0002696093,-0.0003458284,-0.0004312672,-0.0005204965,-0.0006105484,-0.0006999025,-0.0007715282,-0.0008076685,-0.0008163417,-0.0007423398,-0.0005130648,-0.0002889381,-8.250547e-05,1.645728e-05,2.303271e-05,-2.546248e-05,-3.408485e-05,-2.57464e-05,NaN,NaN,NaN,NaN,NaN,NaN,NaN,NaN,NaN,NaN,NaN,-2.563238e-05,-1.95356e-05,-1.649266e-05,-2.603327e-05,-2.504688e-05,-1.126238e-05,1.249294e-05,4.059521e-05,6.388612e-05,9.319001e-05,0.0001159115,0.0001338711,0.0001538682,0.0001695711,0.0001818791,0.0001907719,0.0001981908,0.000198792,0.0002011915
0.0002833786,0.0002755328,0.0002633639,0.0002541344,0.0002404499,0.0002308599,0.0002171192,0.0002081534,0.0001954474,0.0001879281,0.0001770716,0.0001716188,0.0001631675,0.000160185,0.0001544838,0.0001541907,0.0001513677,0.0001537603,0.0001537481,0.0001585988,0.0001611425,0.0001680457,0.0001726252,0.0001810726,0.0001870059,0.0001962559,0.0002027676,0.0002119733,0.0002181762,0.0002264269,0.0002313769,0.0002376925,0.0002405115,0.0002439071,0.000243671,0.0002432974,0.0002391038,0.0002341413,0.0002251657,0.0002148269,0.0002002828,0.0001838235,0.000162917,0.0001395443,0.0001114111,8.026315e-05,4.384651e-05,3.909187e-06,-4.210313e-05,-9.218722e-05,-0.0001493416,-0.0002115515,-0.0002810775,-0.0003577797,-0.0004408434,-0.000531512,-0.000629239,-0.0007256362,-0.0008213597,-0.0009166432,-0.0009712974,-0.0009887146,-0.0009853479,-0.0008904685,-0.000593774,-0.0004099781,-0.0001830604,-3.956036e-05,1.494514e-05,1.639299e-05,-2.668113e-05,-3.720732e-05,-4.077388e-05,-3.829664e-05,-3.925492e-05,-3.63154e-05,-3.517703e-05,-3.029635e-05,-2.750192e-05,-2.568761e-05,-3.19282e-05,-4.551004e-05,-4.336294e-05,-2.125158e-05,6.895677e-06,6.229808e-05,9.771604e-05,0.000146031,0.0001864448,0.00021478,0.0002353498,0.0002577334,0.0002732381,0.0002878651,0.0002934145,0.0003025527,0.0003015632,0.0003025986,0.0002973097,0.0002926016
0.0003612996,0.0003490078,0.0003338361,0.0003201991,0.0003052404,0.0002915385,0.0002774726,0.0002646554,0.0002521175,0.0002408803,0.0002303837,0.000221235,0.0002131293,0.0002063807,0.0002008804,0.000196694,0.0001938437,0.0001922055,0.0001918701,0.0001926174,0.0001944839,0.0001972673,0.0002009256,0.0002051615,0.0002100524,0.0002151023,0.0002205025,0.0002255955,0.0002306927,0.0002349821,0.0002389391,0.0002415902,0.0002434585,0.0002436259,0.0002425619,0.0002393619,0.0002345728,0.0002271527,0.0002178553,0.000205406,0.0001908413,0.0001725536,0.0001519658,0.0001269932,9.956743e-05,6.695328e-05,3.184531e-05,-9.546078e-06,-5.335213e-05,-0.0001048384,-0.0001586595,-0.0002214919,-0.0002872666,-0.0003624778,-0.0004418278,-0.0005317323,-0.0006221975,-0.0007269103,-0.0008270915,-0.0009270082,-0.001025295,-0.001111687,-0.001147198,-0.001146789,-0.00110971,-0.001078795,-0.0007793754,-0.0004796939,-0.0004179438,-0.0002396365,-9.777722e-05,-4.277411e-05,-2.168798e-05,-1.545136e-05,-2.480567e-05,-3.891174e-05,-5.021559e-05,-5.091024e-05,-4.200215e-05,-2.70752e-05,-7.985145e-06,3.334738e-05,0.0001027109,0.0001339207,0.00018491,0.0002660406,0.0003018532,0.0003282701,0.0003526365,0.0003753811,0.0003906965,0.0004037472,0.000408683,0.0004137324,0.0004137336,0.0004104635,0.000404373,0.0003972854,0.0003856507,0.000375643
0.000426682,0.000408818,0.0003927089,0.0003754556,0.0003594181,0.0003432364,0.0003281348,0.0003134744,0.0002998993,0.0002871496,0.0002755303,0.0002649861,0.0002556058,0.0002474473,0.0002404627,0.0002347587,0.0002301897,0.000226868,0.0002246102,0.0002234396,0.0002232601,0.0002238918,0.0002253458,0.0002273692,0.0002298905,0.0002326957,0.0002356496,0.0002385448,0.0002412028,0.0002434388,0.0002450055,0.00024575,0.0002454823,0.0002438865,0.0002409618,0.0002362671,0.0002298476,0.0002212937,0.0002105849,0.0001974134,0.0001816271,0.0001630967,0.0001414198,0.000116747,8.831632e-05,5.6695e-05,2.052525e-05,-1.889465e-05,-6.389001e-05,-0.0001120858,-0.0001669932,-0.00022529,-0.0002908219,-0.0003608981,-0.0004380292,-0.0005198211,-0.0006113554,-0.0007028094,-0.0008037251,-0.0009096041,-0.00100717,-0.001098788,-0.001194074,-0.001255118,-0.001277465,-0.001260891,-0.00117825,-0.001104635,-0.001088248,-0.000813731,-0.0004316901,-0.0002605981,-0.0002167555,-0.0002075636,-0.0001652192,-0.0001015579,-3.131936e-05,2.343056e-05,5.399482e-05,6.697003e-05,0.0001049448,0.0002161409,0.0003417351,0.0003823887,0.000399189,0.0004320666,0.0004655816,0.0004873971,0.0005052155,0.0005153146,0.0005217244,0.0005229555,0.0005232372,0.0005174517,0.0005094986,0.0004998202,0.0004876543,0.0004730685,0.0004592178,0.0004419638
0.0004714969,0.0004537173,0.000434883,0.0004171998,0.000399595,0.000382818,0.000366712,0.0003513768,0.000337062,0.0003235412,0.0003112469,0.0002997913,0.0002896787,0.0002804425,0.0002725804,0.0002655997,0.0002599568,0.0002551682,0.0002515871,0.0002488271,0.0002470179,0.0002459801,0.0002456047,0.0002457906,0.0002463877,0.0002472723,0.0002482421,0.0002491968,0.0002498773,0.0002502015,0.0002498869,0.0002488776,0.0002467586,0.000243707,0.0002390477,0.0002331532,0.0002252407,0.0002157295,0.0002038367,0.0001899613,0.0001733668,0.000154347,0.000132315,0.0001073562,7.912357e-05,4.736625e-05,1.218331e-05,-2.732056e-05,-7.025417e-05,-0.0001184507,-0.0001700216,-0.000227559,-0.0002890071,-0.0003561228,-0.0004281999,-0.0005062358,-0.0005869105,-0.0006769336,-0.0007678608,-0.0008593596,-0.0009599877,-0.001058322,-0.00113844,-0.001215145,-0.001286875,-0.001329151,-0.00131348,-0.00128299,-0.001236796,-0.001085457,-0.0008429519,-0.0006578538,-0.0005916657,-0.0005486148,-0.0004400517,-0.0002644748,-7.685433e-05,7.365567e-05,0.0001562327,0.0001891709,0.0002286704,0.0003080856,0.0004031823,0.0004730962,0.0005155458,0.0005498174,0.0005744944,0.0005913178,0.0006012166,0.0006072816,0.0006082947,0.0006052364,0.0005967846,0.0005870864,0.0005749984,0.0005596869,0.0005438525,0.0005271717,0.0005083617,0.0004909916
0.0004975902,0.0004781915,0.0004602189,0.000442006,0.000424666,0.0004078381,0.0003917197,0.0003765044,0.0003619789,0.0003485855,0.0003358931,0.0003244532,0.0003137545,0.0003043619,0.0002957151,0.0002883539,0.0002817287,0.0002763024,0.0002715846,0.0002678748,0.0002648517,0.0002625534,0.0002608432,0.0002596216,0.0002587488,0.000258092,0.0002575306,0.0002568751,0.0002560348,0.0002547625,0.0002529688,0.0002503659,0.0002470058,0.0002423601,0.0002367168,0.0002293549,0.0002206825,0.0002099319,0.0001975158,0.0001826958,0.0001658221,0.0001462442,0.0001241631,9.912134e-05,7.107689e-05,3.988278e-05,5.043377e-06,-3.297537e-05,-7.543051e-05,-0.0001209418,-0.0001716687,-0.0002254733,-0.0002845737,-0.0003475239,-0.0004150439,-0.0004861887,-0.0005636813,-0.0006408192,-0.0007242255,-0.0008123601,-0.0008946634,-0.0009772065,-0.001067264,-0.001143945,-0.001200214,-0.001241749,-0.001277186,-0.00129087,-0.001266301,-0.001168668,-0.001015389,-0.0008749456,-0.0007732465,-0.0006902879,-0.0005768769,-0.0004167963,-0.0002311798,-5.926083e-05,7.335807e-05,0.000166317,0.0002434209,0.0003282146,0.0004170104,0.0004889126,0.0005403252,0.0005768001,0.0006059388,0.0006262372,0.0006388818,0.0006434919,0.0006427295,0.0006373036,0.0006297772,0.0006178081,0.0006033778,0.0005884158,0.0005712461,0.0005529103,0.0005352787,0.0005155739
0.0005018533,0.0004849924,0.0004673295,0.0004505991,0.00043407,0.0004181676,0.0004029579,0.0003883111,0.0003746321,0.0003615255,0.000349528,0.0003381274,0.0003279137,0.0003183302,0.0003099285,0.0003021547,0.0002955115,0.0002894775,0.0002844433,0.0002800052,0.0002763208,0.0002732102,0.0002705989,0.00026839,0.0002664707,0.0002647304,0.0002630012,0.0002612133,0.0002591327,0.0002567146,0.0002536897,0.0002500524,0.0002453947,0.000239946,0.0002330291,0.0002250639,0.0002152718,0.0002041137,0.0001908072,0.0001757984,0.0001583485,0.0001387983,0.0001165587,9.178268e-05,6.412175e-05,3.34178e-05,-2.438478e-07,-3.760047e-05,-7.780884e-05,-0.0001224334,-0.0001697081,-0.0002217991,-0.0002767883,-0.0003359667,-0.000398629,-0.0004652355,-0.0005328614,-0.0006068486,-0.0006800474,-0.0007522067,-0.0008308305,-0.0009070981,-0.0009707485,-0.001034973,-0.001099068,-0.001149209,-0.001171105,-0.001174182,-0.00115524,-0.001109661,-0.001032136,-0.0009343214,-0.0008424446,-0.0007485842,-0.0006356474,-0.0004931581,-0.0003315172,-0.0001699978,-2.803928e-05,8.912904e-05,0.0001884063,0.0002777598,0.0003603344,0.0004355914,0.0004978743,0.0005465861,0.0005806514,0.0006043346,0.0006192001,0.0006280486,0.0006308745,0.0006288578,0.0006214068,0.0006120737,0.0006004729,0.0005858031,0.0005705548,0.0005546052,0.00053675,0.0005201951
0.0004906392,0.0004747317,0.0004598045,0.0004445809,0.0004298739,0.0004155613,0.0004016539,0.0003884907,0.0003757331,0.0003639191,0.0003525399,0.0003422014,0.0003323371,0.0003235511,0.0003152593,0.0003080128,0.0003012604,0.0002954658,0.0002901555,0.0002856237,0.0002815749,0.0002780467,0.000274933,0.0002721397,0.0002695645,0.0002670781,0.0002646075,0.0002619624,0.0002591049,0.0002557854,0.0002519791,0.0002473857,0.0002421213,0.0002356423,0.0002283055,0.0002193802,0.0002093292,0.0001973813,0.0001839968,0.0001684361,0.0001511073,0.0001313606,0.0001094581,8.494686e-05,5.786716e-05,2.807149e-05,-4.812327e-06,-4.033603e-05,-7.956233e-05,-0.0001211791,-0.000167056,-0.0002151653,-0.0002673212,-0.0003221928,-0.0003801088,-0.0004402084,-0.0005044946,-0.0005670548,-0.0006333038,-0.0007017911,-0.0007634854,-0.0008241105,-0.0008895583,-0.0009439827,-0.0009834751,-0.001015076,-0.00104518,-0.001058911,-0.001049178,-0.001010063,-0.0009496604,-0.0008803449,-0.000800372,-0.0007135427,-0.0006146998,-0.0005006847,-0.0003724268,-0.0002393036,-0.0001101874,7.985752e-06,0.0001137728,0.0002095333,0.0002956532,0.00036847,0.0004287253,0.0004768651,0.0005162148,0.0005459174,0.0005671795,0.0005799534,0.0005865181,0.0005878254,0.0005862103,0.0005800687,0.0005709619,0.0005608694,0.0005484105,0.0005344601,0.0005208556,0.0005051172
0.0004665624,0.000454328,0.0004411197,0.0004283871,0.0004156472,0.0004031659,0.0003911482,0.0003793736,0.0003683177,0.0003575402,0.0003476324,0.0003380535,0.0003293986,0.0003211111,0.0003137602,0.0003067914,0.0003007041,0.0002949973,0.0002900483,0.0002854848,0.0002814577,0.0002778148,0.0002744829,0.0002713979,0.0002684483,0.0002655686,0.0002625891,0.0002594815,0.000256008,0.0002521791,0.0002477286,0.0002427041,0.0002366834,0.0002299444,0.0002218308,0.0002127962,0.0002020774,0.0001901664,0.0001763024,0.0001609494,0.0001434128,0.0001240615,0.0001023461,7.845698e-05,5.20853e-05,2.313569e-05,-8.263992e-06,-4.274687e-05,-7.945915e-05,-0.0001197809,-0.000162015,-0.000208027,-0.000255988,-0.000306907,-0.0003600978,-0.0004157441,-0.0004711909,-0.0005309018,-0.0005885285,-0.0006436558,-0.0007027786,-0.0007580839,-0.0008014675,-0.0008443225,-0.0008864774,-0.0009174126,-0.0009273176,-0.0009248298,-0.0009110748,-0.0008876022,-0.0008493795,-0.0007933974,-0.0007286735,-0.000652833,-0.0005655403,-0.0004663151,-0.0003590737,-0.0002479008,-0.0001390468,-3.601755e-05,5.929453e-05,0.00014559,0.0002228622,0.0002930864,0.000354219,0.000405737,0.000445734,0.0004767276,0.000499697,0.0005167635,0.0005278907,0.0005340834,0.0005348679,0.0005331927,0.0005289479,0.0005213769,0.0005126715,0.0005028978,0.0004909313,0.0004797218
0.0004384356,0.0004276288,0.0004173274,0.0004065258,0.0003958564,0.0003853472,0.0003749203,0.0003649912,0.0003551751,0.0003460459,0.0003370964,0.0003289392,0.0003210061,0.0003138889,0.0003070407,0.0003009916,0.0002952202,0.0002901681,0.0002853957,0.0002811765,0.0002772612,0.0002736674,0.0002703258,0.00026714,0.0002640396,0.0002609043,0.0002576938,0.0002542163,0.0002504703,0.0002462147,0.0002414717,0.0002359429,0.000229779,0.0002224433,0.0002143363,0.0002047477,0.0001941599,0.0001818355,0.0001682519,0.0001527007,0.0001356117,0.000116389,9.53178e-05,7.199891e-05,4.64991e-05,1.873592e-05,-1.160314e-05,-4.402453e-05,-7.947785e-05,-0.000116656,-0.0001572201,-0.0001992311,-0.0002442428,-0.0002909829,-0.0003395999,-0.0003892961,-0.0004417152,-0.0004915281,-0.0005434208,-0.0005961212,-0.0006415875,-0.0006850139,-0.0007313691,-0.0007672978,-0.0007901072,-0.0008065076,-0.0008221056,-0.0008258512,-0.0008142047,-0.0007848069,-0.0007433439,-0.0006956909,-0.0006369421,-0.0005705376,-0.0004964735,-0.0004157979,-0.0003286223,-0.0002380997,-0.0001465176,-5.733486e-05,2.71653e-05,0.000106065,0.0001782098,0.0002407485,0.0002946186,0.0003401189,0.0003795272,0.0004117213,0.0004372768,0.0004558161,0.0004689069,0.0004772277,0.0004826737,0.0004838339,0.0004818958,0.0004786238,0.0004728667,0.0004652618,0.000457615,0.0004476614
0.0004089708,0.0004011939,0.0003923361,0.0003836015,0.0003746814,0.0003657298,0.0003570347,0.0003483276,0.0003401205,0.000331954,0.0003244355,0.0003170288,0.0003103252,0.0003037699,0.0002979274,0.0002922735,0.0002872819,0.0002824871,0.0002782378,0.000274201,0.0002705179,0.0002670606,0.0002637545,0.0002605607,0.0002573687,0.000254148,0.0002507305,0.000247114,0.0002430704,0.0002386415,0.0002335725,0.0002279418,0.0002213403,0.0002140706,0.0002055039,0.0001961074,0.0001851575,0.0001731492,0.0001593805,0.0001443057,0.000127292,0.0001087118,8.809268e-05,6.56268e-05,4.107592e-05,1.437263e-05,-1.428693e-05,-4.547969e-05,-7.831032e-05,-0.0001140472,-0.0001509765,-0.0001908259,-0.0002318325,-0.0002748053,-0.0003191082,-0.0003647946,-0.0004094446,-0.0004570427,-0.0005018415,-0.0005435189,-0.0005879761,-0.0006281838,-0.0006573457,-0.0006856628,-0.0007131683,-0.0007310251,-0.0007318282,-0.0007237836,-0.0007087381,-0.0006882955,-0.0006581437,-0.0006147104,-0.0005643454,-0.0005054119,-0.0004391377,-0.0003663095,-0.0002899269,-0.0002115219,-0.0001340008,-5.868806e-05,1.299825e-05,7.96506e-05,0.0001406316,0.0001973911,0.0002482992,0.000292901,0.0003293781,0.0003594231,0.0003834745,0.000403063,0.0004178888,0.0004286176,0.0004346494,0.0004383593,0.0004396714,0.000437797,0.0004345987,0.0004302228,0.0004235501,0.0004172902
0.0003834936,0.0003764643,0.0003696785,0.0003622845,0.0003547944,0.0003473079,0.0003397003,0.0003324133,0.000325058,0.0003182027,0.0003113446,0.0003050833,0.000298886,0.0002933059,0.0002878225,0.0002829499,0.0002781939,0.0002739732,0.0002698796,0.0002661679,0.0002626248,0.0002592525,0.0002560106,0.0002527978,0.0002495715,0.000246212,0.0002427068,0.0002388667,0.000234726,0.0002300457,0.0002248759,0.000218924,0.0002123789,0.0002047235,0.0001963644,0.0001866273,0.0001760024,0.0001637949,0.0001504933,0.0001354407,0.0001190611,0.0001008222,8.101927e-05,5.931624e-05,3.579357e-05,1.04388e-05,-1.703103e-05,-4.607308e-05,-7.755931e-05,-0.0001101884,-0.0001454327,-0.000181479,-0.0002197067,-0.0002588842,-0.0002990853,-0.0003395701,-0.0003817977,-0.0004209507,-0.0004612313,-0.0005016748,-0.0005350317,-0.0005661856,-0.0005996983,-0.0006238804,-0.000636761,-0.000644738,-0.0006528863,-0.0006520236,-0.0006395693,-0.0006140011,-0.0005798698,-0.0005416385,-0.0004948879,-0.0004426478,-0.0003854199,-0.0003245252,-0.0002598932,-0.0001933984,-0.0001259049,-5.945108e-05,4.533702e-06,6.524157e-05,0.0001217291,0.0001716131,0.0002156587,0.0002539736,0.0002883439,0.0003176412,0.0003421066,0.0003611812,0.0003760026,0.0003869506,0.0003955282,0.0004003989,0.0004024759,0.0004032648,0.0004017482,0.0003983686,0.0003947954,0.000388939
0.000360557,0.0003556968,0.0003497399,0.0003437077,0.000337397,0.0003308821,0.0003244919,0.0003179321,0.0003117317,0.0003054301,0.0002996075,0.0002937481,0.0002884372,0.0002831449,0.0002783899,0.0002736901,0.0002694885,0.0002653562,0.0002616179,0.0002579764,0.0002545489,0.0002512414,0.0002479726,0.0002447233,0.0002413901,0.0002379534,0.0002342563,0.0002303207,0.0002259366,0.0002211593,0.0002157413,0.000209782,0.0002029029,0.0001954257,0.0001867346,0.0001773051,0.0001664607,0.0001546918,0.0001413519,0.0001269012,0.0001107574,9.328697e-05,7.408362e-05,5.334125e-05,3.089674e-05,6.69021e-06,-1.902551e-05,-4.67884e-05,-7.567642e-05,-0.0001068709,-0.0001386812,-0.0001727089,-0.0002072807,-0.0002430839,-0.0002795441,-0.0003166558,-0.000352213,-0.0003899102,-0.0004245381,-0.0004558516,-0.0004894105,-0.0005189241,-0.0005385007,-0.0005576044,-0.0005764845,-0.0005874179,-0.0005843618,-0.0005749369,-0.0005609684,-0.0005436825,-0.0005193035,-0.0004845106,-0.0004446781,-0.0003983864,-0.00034686,-0.0002907975,-0.0002325998,-0.0001730847,-0.000114206,-5.656921e-05,-1.134424e-06,5.110555e-05,9.958624e-05,0.0001455443,0.0001876166,0.0002253755,0.0002571375,0.0002842041,0.000306752,0.0003259601,0.000341466,0.0003536671,0.0003618781,0.0003680992,0.0003722314,0.0003734923,0.0003734521,0.0003723075,0.0003689064,0.0003657379
0.0003413144,0.0003368309,0.0003323952,0.0003273067,0.0003219659,0.0003165261,0.0003108241,0.0003053154,0.0002996081,0.000294269,0.0002887943,0.0002837685,0.0002786786,0.0002740766,0.0002694495,0.0002652842,0.0002611219,0.0002573557,0.0002536168,0.0002501394,0.0002467262,0.0002433841,0.0002400876,0.00023674,0.0002333183,0.0002296992,0.0002258918,0.0002217242,0.0002172478,0.0002122359,0.0002067512,0.0002005203,0.0001937494,0.0001859521,0.0001775331,0.0001678585,0.0001574154,0.0001455634,0.0001327713,0.0001184592,0.0001030359,8.603201e-05,6.772355e-05,4.785012e-05,2.649607e-05,3.706126e-06,-2.079072e-05,-4.640612e-05,-7.397227e-05,-0.000102178,-0.0001324527,-0.0001629885,-0.0001950613,-0.000227546,-0.0002604575,-0.0002931424,-0.000326965,-0.0003575026,-0.0003887369,-0.0004198503,-0.0004442389,-0.0004666641,-0.0004914337,-0.0005080883,-0.0005150868,-0.0005186254,-0.0005233733,-0.0005212759,-0.0005101298,-0.0004888108,-0.0004611958,-0.0004310928,-0.000394456,-0.0003538414,-0.0003096031,-0.0002628336,-0.0002132385,-0.0001621728,-0.0001099959,-5.819799e-05,-7.70809e-06,4.08015e-05,8.663702e-05,0.0001277124,0.0001646822,0.0001975537,0.0002277932,0.0002543157,0.000277229,0.0002958569,0.0003111114,0.0003231725,0.0003332892,0.000340213,0.0003446333,0.0003478822,0.0003490152,0.0003483365,0.000347392,0.000344215
0.0003224073,0.0003197639,0.0003159773,0.0003119805,0.0003076138,0.0003029171,0.0002982249,0.000293241,0.0002884781,0.0002834982,0.0002788584,0.0002740669,0.0002696701,0.0002651934,0.0002611227,0.0002569933,0.0002532343,0.0002494428,0.000245934,0.0002424341,0.0002390401,0.0002356904,0.0002322988,0.0002288679,0.0002252974,0.0002215813,0.0002175708,0.0002133134,0.0002086024,0.0002035151,0.0001978156,0.0001916261,0.0001845788,0.0001770073,0.0001683335,0.0001590322,0.000148468,0.0001371321,0.000124412,0.0001107745,9.569575e-05,7.953379e-05,6.192587e-05,4.307281e-05,2.28689e-05,1.254645e-06,-2.147395e-05,-4.582551e-05,-7.087678e-05,-9.7729e-05,-0.0001248163,-0.0001535528,-0.0001823558,-0.0002118921,-0.000241627,-0.0002715656,-0.0002996925,-0.0003294726,-0.0003562367,-0.0003797008,-0.0004052122,-0.0004271253,-0.00044014,-0.0004532181,-0.0004667627,-0.0004738281,-0.0004691874,-0.0004599865,-0.0004480161,-0.0004342241,-0.0004152305,-0.0003879679,-0.0003571466,-0.0003214012,-0.0002816899,-0.0002384586,-0.0001936207,-0.0001476253,-0.0001019128,-5.677881e-05,-1.289997e-05,2.90181e-05,6.85109e-05,0.0001066672,0.0001422649,0.0001749146,0.0002030306,0.0002276514,0.0002488371,0.0002675081,0.0002832375,0.0002962769,0.0003059113,0.0003138691,0.0003199894,0.0003235189,0.0003257928,0.0003270089,0.0003260476,0.0003251802
0.0003045117,0.0003021738,0.0002997245,0.0002965831,0.0002930596,0.000289345,0.0002852472,0.0002812248,0.0002768779,0.0002727665,0.0002684095,0.0002643719,0.0002601455,0.0002562773,0.0002522869,0.0002486269,0.0002448755,0.000241402,0.0002378722,0.0002345014,0.0002311149,0.0002277203,0.000224306,0.000220785,0.0002171457,0.0002132762,0.0002091988,0.0002047576,0.0002000081,0.0001947456,0.0001890497,0.00018267,0.0001758109,0.0001680118,0.0001596928,0.0001502579,0.0001401857,0.0001288873,0.0001168116,0.0001034337,8.915789e-05,7.357099e-05,5.693097e-05,3.903765e-05,1.996743e-05,-1.902531e-07,-2.169853e-05,-4.394251e-05,-6.773017e-05,-9.175765e-05,-0.0001174452,-0.0001429957,-0.000169606,-0.0001962718,-0.0002229751,-0.0002491639,-0.0002761542,-0.000299833,-0.0003240447,-0.0003480968,-0.0003658925,-0.0003820745,-0.0004007775,-0.0004124461,-0.000415796,-0.0004168408,-0.0004199327,-0.0004177704,-0.0004083649,-0.00039087,-0.0003687271,-0.000345374,-0.0003169976,-0.0002857967,-0.0002519286,-0.0002162333,-0.00017822,-0.0001389147,-9.837629e-05,-5.777116e-05,-1.77137e-05,2.12593e-05,5.864761e-05,9.261016e-05,0.0001237141,0.000151933,0.0001785267,0.000202443,0.000223723,0.0002416279,0.0002568597,0.0002694957,0.000280611,0.0002890012,0.0002951801,0.0003003254,0.0003035478,0.0003050252,0.0003062252,0.0003052742
0.0002852998,0.0002845479,0.0002826623,0.0002804608,0.000277828,0.0002747655,0.0002716112,0.0002680624,0.0002646144,0.0002608366,0.0002572827,0.0002534763,0.0002499381,0.000246205,0.0002427629,0.0002391683,0.0002358325,0.0002323786,0.000229104,0.0002257575,0.0002224409,0.0002190999,0.0002156564,0.0002121259,0.000208413,0.0002045354,0.0002003525,0.0001959203,0.0001910426,0.0001858138,0.0001800211,0.0001737987,0.000166794,0.0001593413,0.000150909,0.0001419668,0.0001319202,0.0001212513,0.0001094007,9.680908e-05,8.301035e-05,6.835251e-05,5.25285e-05,3.572567e-05,1.787642e-05,-1.079537e-06,-2.081331e-05,-4.182618e-05,-6.319274e-05,-8.598532e-05,-0.0001086708,-0.0001326198,-0.0001563338,-0.0001804333,-0.0002044596,-0.0002284372,-0.0002505134,-0.0002740088,-0.0002946042,-0.0003120978,-0.0003316831,-0.0003481208,-0.0003565728,-0.0003655858,-0.0003757077,-0.0003804993,-0.0003752767,-0.0003667744,-0.0003567795,-0.0003460552,-0.0003315217,-0.0003102895,-0.0002866081,-0.0002591519,-0.0002286691,-0.0001953888,-0.0001608934,-0.000125383,-8.998166e-05,-5.476107e-05,-2.023486e-05,1.313772e-05,4.497725e-05,7.632697e-05,0.0001060737,0.0001338758,0.0001582642,0.0001801129,0.0001994012,0.0002169151,0.0002321416,0.0002452662,0.0002555572,0.0002645008,0.0002719115,0.0002770248,0.0002810094,0.0002840398,0.0002850318,0.0002860871
0.0002663785,0.0002657329,0.0002649413,0.0002634324,0.0002614816,0.0002592731,0.0002566098,0.0002539302,0.0002508473,0.0002478873,0.0002445986,0.0002415177,0.0002381739,0.0002350567,0.0002317285,0.0002286329,0.0002253644,0.0002222802,0.0002190595,0.0002159111,0.0002126955,0.0002094033,0.0002060447,0.000202533,0.0001988711,0.0001949636,0.0001908472,0.000186365,0.0001815936,0.000176339,0.0001707009,0.000164439,0.0001577751,0.0001502681,0.0001423424,0.0001334356,0.0001240258,0.0001135551,0.0001024871,9.031525e-05,7.743775e-05,6.348355e-05,4.87217e-05,3.297648e-05,1.631443e-05,-1.142386e-06,-1.965239e-05,-3.860268e-05,-5.876761e-05,-7.890483e-05,-0.0001002958,-0.0001213226,-0.0001431304,-0.0001647445,-0.0001861858,-0.0002069667,-0.0002283765,-0.0002466025,-0.0002652479,-0.0002838907,-0.0002968196,-0.0003084526,-0.0003228675,-0.0003311369,-0.0003321714,-0.000331775,-0.0003340931,-0.0003323254,-0.0003246122,-0.000310304,-0.0002925546,-0.0002745244,-0.0002525932,-0.000228681,-0.0002028282,-0.0001756709,-0.0001466155,-0.0001164484,-8.507679e-05,-5.340567e-05,-2.186903e-05,9.132807e-06,3.922566e-05,6.680076e-05,9.239438e-05,0.0001159661,0.0001386625,0.0001594945,0.000178435,0.0001947748,0.0002090666,0.0002213326,0.0002325029,0.0002413841,0.000248412,0.0002546013,0.0002591231,0.0002620691,0.0002647979,0.0002655455
0.0002463155,0.0002468929,0.0002464292,0.0002455986,0.0002443363,0.0002425926,0.0002407124,0.0002383775,0.0002360806,0.0002333848,0.000230827,0.000227941,0.000225252,0.0002222809,0.0002195019,0.0002165093,0.0002136864,0.000210684,0.0002077769,0.0002047389,0.0002016794,0.0001985442,0.0001952672,0.0001918675,0.0001882623,0.0001844827,0.0001804022,0.0001760756,0.0001713348,0.0001662768,0.0001607086,0.0001547651,0.0001481303,0.0001411398,0.0001332837,0.0001250282,0.0001158208,0.000106126,9.544657e-05,8.419529e-05,7.194397e-05,5.902746e-05,4.5196e-05,3.061195e-05,1.523868e-05,-9.888694e-07,-1.772427e-05,-3.547431e-05,-5.331152e-05,-7.231412e-05,-9.090235e-05,-0.0001105133,-0.000129738,-0.0001491143,-0.0001682896,-0.0001872897,-0.0002043971,-0.0002228634,-0.000238562,-0.0002514499,-0.0002665884,-0.0002789964,-0.0002842116,-0.0002904153,-0.0002982824,-0.0003017081,-0.0002964041,-0.000288762,-0.0002805656,-0.0002724399,-0.000261536,-0.0002450597,-0.0002269561,-0.0002059102,-0.0001825373,-0.0001569104,-0.0001304026,-0.0001030398,-7.576451e-05,-4.84741e-05,-2.157679e-05,4.648611e-06,2.989011e-05,5.517804e-05,7.952067e-05,0.0001026043,0.000123072,0.0001417178,0.0001584536,0.0001740057,0.0001878513,0.0002001175,0.0002100525,0.000218965,0.0002266833,0.0002324255,0.0002372364,0.0002412859,0.000243475,0.0002457833
0.00022688,0.000227303,0.000227597,0.0002272103,0.0002263793,0.0002252779,0.0002237006,0.0002220656,0.0002199981,0.0002179993,0.0002156201,0.0002133752,0.0002108245,0.0002084303,0.0002057635,0.00020326,0.0002005289,0.0001979164,0.0001951185,0.0001923398,0.0001894538,0.000186452,0.0001833567,0.0001800838,0.000176652,0.0001729681,0.000169083,0.0001648487,0.0001603617,0.0001554357,0.0001501779,0.0001443603,0.0001382237,0.0001313526,0.0001241589,0.0001161117,0.0001076871,9.835781e-05,8.858474e-05,7.78988e-05,6.668254e-05,5.459662e-05,4.190416e-05,2.845395e-05,1.430791e-05,-3.94368e-07,-1.591686e-05,-3.164969e-05,-4.835368e-05,-6.482867e-05,-8.229398e-05,-9.923999e-05,-0.0001167823,-0.0001340019,-0.0001509469,-0.0001671877,-0.0001839995,-0.0001978068,-0.0002120645,-0.0002265106,-0.0002357152,-0.0002439685,-0.0002552776,-0.0002611881,-0.0002607108,-0.0002594863,-0.0002614982,-0.000260329,-0.0002541786,-0.0002425278,-0.0002283161,-0.000214503,-0.0001976271,-0.0001793903,-0.0001597531,-0.0001392211,-0.0001171318,-9.411442e-05,-6.997998e-05,-4.546725e-05,-2.086019e-05,3.520075e-06,2.740662e-05,4.935462e-05,6.991547e-05,8.904986e-05,0.0001078257,0.0001253231,0.0001414873,0.0001556263,0.0001682511,0.0001793223,0.00018966,0.0001981168,0.0002050634,0.0002114099,0.0002163587,0.0002199502,0.0002234283,0.0002251033
0.0002067164,0.00020804,0.000208394,0.0002084193,0.0002080405,0.0002071937,0.0002062024,0.0002047505,0.0002033057,0.0002014488,0.0001996803,0.0001975522,0.0001955578,0.0001932634,0.0001911061,0.0001886901,0.0001863908,0.000183873,0.0001814103,0.0001787906,0.0001761051,0.0001733258,0.0001703843,0.0001673128,0.0001640363,0.0001605872,0.0001568481,0.0001528942,0.0001485654,0.0001439695,0.0001389205,0.000133567,0.0001276072,0.000121386,0.0001144126,0.0001071512,9.907559e-05,9.065143e-05,8.139329e-05,7.172738e-05,6.125127e-05,5.028984e-05,3.86035e-05,2.635569e-05,1.353378e-05,6.16045e-08,-1.371247e-05,-2.828672e-05,-4.276544e-05,-5.818459e-05,-7.309187e-05,-8.881652e-05,-0.0001040249,-0.0001192903,-0.0001342929,-0.0001490951,-0.0001620915,-0.0001764363,-0.0001883021,-0.0001975964,-0.0002092607,-0.0002186534,-0.000221504,-0.0002257403,-0.0002320752,-0.0002346944,-0.0002295494,-0.000222797,-0.0002162004,-0.0002102799,-0.0002023316,-0.0001896556,-0.0001759603,-0.0001599559,-0.0001421419,-0.0001225124,-0.0001022674,-8.134088e-05,-6.051807e-05,-3.962402e-05,-1.894943e-05,1.321244e-06,2.09626e-05,4.096972e-05,6.045856e-05,7.9162e-05,9.58101e-05,0.0001111418,0.0001250759,0.000138252,0.0001501869,0.0001609514,0.0001698025,0.0001779603,0.0001852132,0.0001908143,0.00019569,0.0001999928,0.0002026377,0.0002054588
0.0001873348,0.0001882957,0.0001891342,0.0001893895,0.0001892249,0.0001888291,0.0001879686,0.0001870558,0.0001857021,0.0001844056,0.0001827141,0.0001811299,0.0001791977,0.0001774056,0.0001753243,0.0001733558,0.0001711377,0.0001689979,0.000166661,0.0001643203,0.0001618436,0.0001592424,0.0001565379,0.0001536606,0.000150634,0.0001473671,0.0001439156,0.0001401585,0.0001361869,0.0001318342,0.0001272087,0.0001221074,0.0001167615,0.0001107802,0.0001045785,9.765088e-05,9.046217e-05,8.252409e-05,7.426091e-05,6.525635e-05,5.58835e-05,4.582903e-05,3.532085e-05,2.424392e-05,1.265303e-05,6.944985e-07,-1.190567e-05,-2.453284e-05,-3.796271e-05,-5.099224e-05,-6.49405e-05,-7.82381e-05,-9.196832e-05,-0.0001053563,-0.0001184216,-0.0001308177,-0.000143815,-0.0001539751,-0.0001647748,-0.0001759218,-0.0001821948,-0.0001878938,-0.0001968944,-0.0002011387,-0.0001996514,-0.0001979813,-0.0001999486,-0.0001994471,-0.000194698,-0.0001852737,-0.0001739299,-0.000163514,-0.0001506616,-0.0001369366,-0.0001222221,-0.0001069536,-9.03984e-05,-7.3099e-05,-5.476633e-05,-3.60641e-05,-1.714472e-05,1.710524e-06,2.033482e-05,3.739213e-05,5.344128e-05,6.848243e-05,8.353027e-05,9.77107e-05,0.0001110027,0.0001226997,0.0001332833,0.0001426824,0.0001516613,0.0001591363,0.0001653858,0.0001712734,0.0001760107,0.0001795796,0.0001831752,0.0001851274
0.0001673245,0.0001689351,0.0001696554,0.0001701223,0.0001702359,0.0001699303,0.0001695021,0.0001686404,0.0001677795,0.0001665168,0.0001653312,0.0001637888,0.0001623396,0.0001605925,0.0001589647,0.0001570572,0.0001552444,0.0001531985,0.0001511945,0.0001490267,0.0001467749,0.0001444315,0.000141925,0.0001393022,0.0001364895,0.0001335269,0.0001303017,0.0001269079,0.0001231823,0.0001192475,0.0001149271,0.0001103848,0.0001053183,0.0001000755,9.419519e-05,8.813816e-05,8.139598e-05,7.443701e-05,6.677835e-05,5.885278e-05,5.028222e-05,4.138351e-05,3.191787e-05,2.205091e-05,1.178085e-05,1.019816e-06,-9.885422e-06,-2.142826e-05,-3.274871e-05,-4.484499e-05,-5.640672e-05,-6.864566e-05,-8.028741e-05,-9.196288e-05,-0.0001033672,-0.0001146087,-0.0001241735,-0.0001351238,-0.0001438985,-0.0001503311,-0.0001592755,-0.0001663647,-0.0001674474,-0.0001702654,-0.0001755516,-0.0001777154,-0.0001728607,-0.0001669613,-0.0001617663,-0.000157722,-0.0001522191,-0.0001426405,-0.0001325013,-0.0001205501,-0.0001071951,-9.237872e-05,-7.717015e-05,-6.144746e-05,-4.586894e-05,-3.022005e-05,-1.470973e-05,5.480912e-07,1.539825e-05,3.081451e-05,4.598239e-05,6.068957e-05,7.374553e-05,8.584973e-05,9.695143e-05,0.0001076307,0.0001174124,0.0001263502,0.000133731,0.0001407081,0.0001470291,0.0001519808,0.0001564038,0.0001604214,0.0001629919,0.0001658268
0.0001480288,0.000149111,0.0001501507,0.0001506923,0.0001508749,0.0001508768,0.0001504571,0.0001500096,0.0001491452,0.0001483387,0.0001471552,0.0001460752,0.0001446526,0.0001433478,0.0001417557,0.0001402639,0.0001385212,0.0001368458,0.000134971,0.0001330834,0.0001310685,0.0001289313,0.0001267025,0.0001243166,0.0001218017,0.0001190796,0.0001162125,0.0001130831,0.0001097878,0.000106171,0.0001023527,9.813965e-05,9.376459e-05,8.884734e-05,8.381061e-05,7.816622e-05,7.2375e-05,6.596579e-05,5.936328e-05,5.215834e-05,4.471962e-05,3.675032e-05,2.847432e-05,1.978424e-05,1.072057e-05,1.433837e-06,-8.355174e-06,-1.804771e-05,-2.841476e-05,-3.829767e-05,-4.898256e-05,-5.897766e-05,-6.935561e-05,-7.938625e-05,-8.911332e-05,-9.823952e-05,-0.0001080344,-0.0001151966,-0.0001231175,-0.0001315998,-0.0001356038,-0.0001393191,-0.0001465798,-0.0001495981,-0.0001474423,-0.0001455516,-0.0001476468,-0.0001478218,-0.000144322,-0.0001367794,-0.0001278284,-0.0001202179,-0.0001106569,-0.0001006058,-8.990613e-05,-7.89214e-05,-6.688947e-05,-5.427344e-05,-4.073316e-05,-2.684642e-05,-1.270594e-05,1.466738e-06,1.555594e-05,2.833345e-05,4.035671e-05,5.165634e-05,6.322448e-05,7.423396e-05,8.467009e-05,9.386501e-05,0.0001022477,0.0001097564,0.0001171174,0.0001232637,0.0001284486,0.000133471,0.0001375708,0.0001406945,0.0001439917,0.000145844
0.0001280762,0.0001296215,0.000130435,0.0001310453,0.0001313886,0.0001313608,0.0001312632,0.0001307679,0.0001303076,0.0001294628,0.0001287109,0.0001276139,0.0001266344,0.000125342,0.0001241602,0.0001227161,0.0001213617,0.0001197845,0.0001182402,0.0001165351,0.000114768,0.000112916,0.000110922,0.0001088287,0.0001065718,0.0001042034,0.0001016228,9.89113e-05,9.592771e-05,9.279258e-05,8.934829e-05,8.575185e-05,8.172698e-05,7.761525e-05,7.297071e-05,6.82495e-05,6.296751e-05,5.757362e-05,5.163303e-05,4.55406e-05,3.893533e-05,3.212236e-05,2.490021e-05,1.740582e-05,9.638712e-06,1.50313e-06,-6.654245e-06,-1.534778e-05,-2.371799e-05,-3.280392e-05,-4.121588e-05,-5.028184e-05,-5.879442e-05,-6.730965e-05,-7.561274e-05,-8.381167e-05,-9.046289e-05,-9.862331e-05,-0.0001047574,-0.0001088411,-0.0001156841,-0.0001209571,-0.0001206946,-0.0001224458,-0.0001270226,-0.0001289391,-0.0001244521,-0.0001193533,-0.0001154032,-0.0001129843,-0.0001095839,-0.000102603,-9.543384e-05,-8.683374e-05,-7.717128e-05,-6.63203e-05,-5.528793e-05,-4.388258e-05,-3.271155e-05,-2.147796e-05,-1.03725e-05,5.78044e-07,1.124144e-05,2.2609e-05,3.392284e-05,4.499103e-05,5.469605e-05,6.373321e-05,7.203019e-05,8.018732e-05,8.772275e-05,9.469684e-05,0.0001004081,0.0001059233,0.0001110289,0.0001149926,0.0001186202,0.0001220353,0.0001241903,0.0001267619
0.0001087604,0.0001096723,0.0001106765,0.0001112536,0.0001115593,0.0001117378,0.0001115593,0.0001113893,0.0001108561,0.0001103997,0.0001095981,0.0001089075,0.0001079205,0.0001070374,0.000105873,0.0001048257,0.0001035376,0.0001023266,0.0001009205,9.950747e-05,9.799796e-05,9.637759e-05,9.469321e-05,9.287279e-05,9.09558e-05,8.887264e-05,8.669697e-05,8.430021e-05,8.180075e-05,7.904207e-05,7.61558e-05,7.294528e-05,6.966516e-05,6.594216e-05,6.219144e-05,5.793827e-05,5.36474e-05,4.884807e-05,4.399051e-05,3.865183e-05,3.319174e-05,2.732113e-05,2.128047e-05,1.494953e-05,8.356147e-06,1.651807e-06,-5.448638e-06,-1.237408e-05,-1.987815e-05,-2.687664e-05,-3.452205e-05,-4.150439e-05,-4.890722e-05,-5.596242e-05,-6.278205e-05,-6.908221e-05,-7.613426e-05,-8.078163e-05,-8.625148e-05,-9.253233e-05,-9.472631e-05,-9.685238e-05,-0.000102774,-0.0001048665,-0.0001022612,-0.0001002821,-0.0001026104,-0.0001034615,-0.0001011028,-9.519752e-05,-8.831239e-05,-8.309554e-05,-7.63271e-05,-6.93712e-05,-6.205618e-05,-5.467592e-05,-4.646468e-05,-3.780875e-05,-2.835766e-05,-1.859434e-05,-8.58289e-06,1.515919e-06,1.161062e-05,2.056674e-05,2.8958e-05,3.682185e-05,4.514091e-05,5.314134e-05,6.078505e-05,6.746592e-05,7.35927e-05,7.910874e-05,8.470027e-05,8.929964e-05,9.318462e-05,9.708545e-05,0.0001002746,0.0001026952,0.0001054248,0.0001069151
8.877333e-05,9.00439e-05,9.071585e-05,9.126531e-05,9.163753e-05,9.170704e-05,9.176923e-05,9.148745e-05,9.128779e-05,9.074587e-05,9.032324e-05,8.958286e-05,8.898744e-05,8.809941e-05,8.733073e-05,8.632235e-05,8.541376e-05,8.430159e-05,8.323352e-05,8.202474e-05,8.077597e-05,7.946515e-05,7.804123e-05,7.654757e-05,7.492835e-05,7.323842e-05,7.138584e-05,6.945212e-05,6.731089e-05,6.508308e-05,6.261939e-05,6.007656e-05,5.719643e-05,5.432184e-05,5.10122e-05,4.77217e-05,4.398162e-05,4.023235e-05,3.605892e-05,3.184523e-05,2.723776e-05,2.253171e-05,1.753834e-05,1.237912e-05,7.055593e-06,1.461348e-06,-4.064631e-06,-1.00488e-05,-1.564638e-05,-2.191084e-05,-2.745138e-05,-3.363414e-05,-3.930069e-05,-4.499059e-05,-5.054022e-05,-5.606926e-05,-6.018851e-05,-6.594506e-05,-6.986917e-05,-7.19915e-05,-7.707826e-05,-8.088326e-05,-7.954716e-05,-8.049413e-05,-8.457337e-05,-8.638744e-05,-8.228856e-05,-7.795401e-05,-7.51418e-05,-7.419106e-05,-7.264603e-05,-6.792148e-05,-6.332341e-05,-5.760979e-05,-5.11124e-05,-4.366482e-05,-3.621869e-05,-2.853768e-05,-2.118207e-05,-1.380713e-05,-6.565856e-06,5.653619e-07,7.487958e-06,1.51995e-05,2.299721e-05,3.070855e-05,3.726677e-05,4.336902e-05,4.894342e-05,5.458911e-05,5.98504e-05,6.477958e-05,6.868252e-05,7.258818e-05,7.629489e-05,7.907386e-05,8.169779e-05,8.428959e-05,8.579465e-05,8.784645e-05
6.938491e-05,6.997127e-05,7.072162e-05,7.116717e-05,7.141977e-05,7.163022e-05,7.154867e-05,7.153687e-05,7.121039e-05,7.100959e-05,7.050105e-05,7.013638e-05,6.949111e-05,6.898998e-05,6.823715e-05,6.761085e-05,6.676805e-05,6.601659e-05,6.509983e-05,6.420127e-05,6.322135e-05,6.216292e-05,6.106941e-05,5.987885e-05,5.863372e-05,5.726397e-05,5.584511e-05,5.4268e-05,5.264742e-05,5.083855e-05,4.897116e-05,4.686403e-05,4.47657e-05,4.231741e-05,3.993413e-05,3.71522e-05,3.442943e-05,3.131455e-05,2.823082e-05,2.478554e-05,2.133032e-05,1.758231e-05,1.375521e-05,9.742144e-06,5.564658e-06,1.366981e-06,-3.149624e-06,-7.41764e-06,-1.221362e-05,-1.644811e-05,-2.136424e-05,-2.560108e-05,-3.023672e-05,-3.459819e-05,-3.878153e-05,-4.255351e-05,-4.719373e-05,-4.959589e-05,-5.303924e-05,-5.746908e-05,-5.805914e-05,-5.887537e-05,-6.371361e-05,-6.510624e-05,-6.216777e-05,-6.019873e-05,-6.281315e-05,-6.434648e-05,-6.305621e-05,-5.863344e-05,-5.356847e-05,-5.047355e-05,-4.615651e-05,-4.192728e-05,-3.757603e-05,-3.337435e-05,-2.851807e-05,-2.336285e-05,-1.75086e-05,-1.141559e-05,-5.080285e-06,1.351254e-06,7.840913e-06,1.329648e-05,1.831217e-05,2.295614e-05,2.820346e-05,3.330602e-05,3.826003e-05,4.245192e-05,4.63053e-05,4.975375e-05,5.346948e-05,5.642746e-05,5.886357e-05,6.150584e-05,6.362378e-05,6.513868e-05,6.711078e-05,6.798191e-05
4.932862e-05,5.020717e-05,5.055796e-05,5.091311e-05,5.117103e-05,5.122121e-05,5.132843e-05,5.116435e-05,5.112545e-05,5.080485e-05,5.06408e-05,5.020612e-05,4.99204e-05,4.93989e-05,4.903096e-05,4.843767e-05,4.796911e-05,4.731828e-05,4.674526e-05,4.606443e-05,4.53559e-05,4.462366e-05,4.380867e-05,4.296858e-05,4.204725e-05,4.109873e-05,4.003045e-05,3.894889e-05,3.771797e-05,3.64719e-05,3.506031e-05,3.365679e-05,3.19925e-05,3.041798e-05,2.850664e-05,2.671257e-05,2.456782e-05,2.252476e-05,2.01414e-05,1.782694e-05,1.523388e-05,1.265212e-05,9.866372e-06,7.00796e-06,4.079883e-06,9.619425e-07,-2.020146e-06,-5.387767e-06,-8.337698e-06,-1.188419e-05,-1.480383e-05,-1.83279e-05,-2.131358e-05,-2.440604e-05,-2.741777e-05,-3.051828e-05,-3.236117e-05,-3.59439e-05,-3.798937e-05,-3.841128e-05,-4.193049e-05,-4.449925e-05,-4.224582e-05,-4.256431e-05,-4.62773e-05,-4.809214e-05,-4.437923e-05,-4.077917e-05,-3.90298e-05,-3.945221e-05,-3.959372e-05,-3.690715e-05,-3.462126e-05,-3.150601e-05,-2.783988e-05,-2.344954e-05,-1.921676e-05,-1.489332e-05,-1.096613e-05,-7.094086e-06,-3.36483e-06,2.596469e-07,3.736509e-06,8.055065e-06,1.255002e-05,1.709058e-05,2.064409e-05,2.389927e-05,2.683328e-05,3.00044e-05,3.298427e-05,3.581705e-05,3.78293e-05,4.006098e-05,4.226318e-05,4.374577e-05,4.524098e-05,4.684603e-05,4.753968e-05,4.887668e-05
2.986393e-05,3.000963e-05,3.039455e-05,3.060187e-05,3.069976e-05,3.084909e-05,3.077778e-05,3.084712e-05,3.065457e-05,3.064423e-05,3.037297e-05,3.029076e-05,2.994744e-05,2.979645e-05,2.943301e-05,2.921412e-05,2.881068e-05,2.852148e-05,2.810365e-05,2.773576e-05,2.730795e-05,2.684031e-05,2.637148e-05,2.585074e-05,2.532068e-05,2.471307e-05,2.410356e-05,2.340237e-05,2.271649e-05,2.191371e-05,2.112335e-05,2.017957e-05,1.932041e-05,1.819739e-05,1.72321e-05,1.596779e-05,1.485616e-05,1.346218e-05,1.218255e-05,1.064901e-05,9.209113e-06,7.582875e-06,5.957702e-06,4.237946e-06,2.43825e-06,6.935073e-07,-1.307856e-06,-3.001087e-06,-5.189736e-06,-6.771955e-06,-9.09852e-06,-1.073675e-05,-1.276438e-05,-1.460391e-05,-1.633141e-05,-1.77635e-05,-2.019464e-05,-2.053828e-05,-2.215696e-05,-2.493268e-05,-2.408249e-05,-2.374649e-05,-2.766389e-05,-2.847365e-05,-2.526957e-05,-2.33581e-05,-2.63048e-05,-2.852067e-05,-2.82511e-05,-2.520359e-05,-2.181334e-05,-2.068007e-05,-1.861102e-05,-1.688599e-05,-1.525691e-05,-1.397984e-05,-1.220945e-05,-1.028049e-05,-7.741136e-06,-5.039804e-06,-2.115724e-06,8.989271e-07,4.014378e-06,6.167155e-06,7.969295e-06,9.523841e-06,1.181081e-05,1.409751e-05,1.641977e-05,1.815272e-05,1.972874e-05,2.10805e-05,2.28815e-05,2.413796e-05,2.504575e-05,2.634117e-05,2.72853e-05,2.777631e-05,2.887863e-05,2.901026e-05
9.750372e-06,1.013173e-05,1.011309e-05,1.019546e-05,1.027899e-05,1.023789e-05,1.033219e-05,1.022341e-05,1.030256e-05,1.015303e-05,1.020994e-05,1.004002e-05,1.006327e-05,9.881372e-06,9.884743e-06,9.698035e-06,9.66575e-06,9.48324e-06,9.406624e-06,9.25267e-06,9.108346e-06,8.974288e-06,8.797302e-06,8.635866e-06,8.438486e-06,8.264995e-06,8.028877e-06,7.835985e-06,7.558479e-06,7.333108e-06,7.017619e-06,6.786548e-06,6.379725e-06,6.148064e-06,5.671337e-06,5.403951e-06,4.88453e-06,4.561155e-06,4.003144e-06,3.608885e-06,3.032909e-06,2.559628e-06,1.978507e-06,1.409198e-06,8.480653e-07,1.658584e-07,-3.200842e-07,-1.146506e-06,-1.520274e-06,-2.47905e-06,-2.791634e-06,-3.73253e-06,-4.188623e-06,-4.803609e-06,-5.426536e-06,-6.243888e-06,-5.94008e-06,-7.530961e-06,-7.755662e-06,-6.576764e-06,-8.725153e-06,-1.016703e-05,-7.080142e-06,-6.832225e-06,-1.027163e-05,-1.212887e-05,-8.80543e-06,-5.907485e-06,-5.174572e-06,-6.91139e-06,-8.675355e-06,-7.911087e-06,-7.811387e-06,-7.133321e-06,-6.131075e-06,-4.598714e-06,-3.387303e-06,-2.213895e-06,-1.534343e-06,-9.684487e-07,-5.798046e-07,-2.907531e-07,-1.192821e-07,9.489756e-07,2.277245e-06,3.755799e-06,4.381833e-06,4.85752e-06,5.167187e-06,5.884867e-06,6.585542e-06,7.321975e-06,7.427574e-06,7.925164e-06,8.575457e-06,8.680875e-06,8.966233e-06,9.524048e-06,9.327605e-06,9.92164e-06
-9.750307e-06,-1.013166e-05,-1.011302e-05,-1.01954e-05,-1.027893e-05,-1.023783e-05,-1.033214e-05,-1.022336e-05,-1.030251e-05,-1.015298e-05,-1.020989e-05,-1.003997e-05,-1.006323e-05,-9.881332e-06,-9.884705e-06,-9.697998e-06,-9.665715e-06,-9.483208e-06,-9.406595e-06,-9.252642e-06,-9.108318e-06,-8.974263e-06,-8.797277e-06,-8.63584e-06,-8.438461e-06,-8.26497e-06,-8.028854e-06,-7.835963e-06,-7.558457e-06,-7.333086e-06,-7.017597e-06,-6.786524e-06,-6.379701e-06,-6.148039e-06,-5.671311e-06,-5.403926e-06,-4.884504e-06,-4.56113e-06,-4.003118e-06,-3.608858e-06,-3.032881e-06,-2.559599e-06,-1.978477e-06,-1.409167e-06,-8.480337e-07,-1.658261e-07,3.201172e-07,1.14654e-06,1.520308e-06,2.479085e-06,2.791669e-06,3.732567e-06,4.18866e-06,4.803647e-06,5.426572e-06,6.243923e-06,5.940112e-06,7.530991e-06,7.755691e-06,6.57679e-06,8.725178e-06,1.016705e-05,7.080166e-06,6.832249e-06,1.027166e-05,1.212889e-05,8.805455e-06,5.907511e-06,5.174598e-06,6.911417e-06,8.675383e-06,7.911116e-06,7.811417e-06,7.133352e-06,6.131108e-06,4.598748e-06,3.387339e-06,2.213932e-06,1.534382e-06,9.684891e-07,5.798467e-07,2.907969e-07,1.193275e-07,-9.489285e-07,-2.277196e-06,-3.755749e-06,-4.381781e-06,-4.857466e-06,-5.167131e-06,-5.88481e-06,-6.585482e-06,-7.321913e-06,-7.427509e-06,-7.925098e-06,-8.575388e-06,-8.680804e-06,-8.966161e-06,-9.523978e-06,-9.327537e-06,-9.921573e-06
-2.986387e-05,-3.000957e-05,-3.039449e-05,-3.060181e-05,-3.069971e-05,-3.084903e-05,-3.077772e-05,-3.084707e-05,-3.065453e-05,-3.064418e-05,-3.037292e-05,-3.029072e-05,-2.99474e-05,-2.979641e-05,-2.943297e-05,-2.921408e-05,-2.881064e-05,-2.852145e-05,-2.810362e-05,-2.773573e-05,-2.730791e-05,-2.684028e-05,-2.637146e-05,-2.585072e-05,-2.532065e-05,-2.471305e-05,-2.410353e-05,-2.340235e-05,-2.271646e-05,-2.191369e-05,-2.112333e-05,-2.017955e-05,-1.932039e-05,-1.819737e-05,-1.723208e-05,-1.596776e-05,-1.485613e-05,-1.346215e-05,-1.218252e-05,-1.064898e-05,-9.209085e-06,-7.582846e-06,-5.957673e-06,-4.237916e-06,-2.43822e-06,-6.934758e-07,1.307887e-06,3.00112e-06,5.18977e-06,6.771988e-06,9.098555e-06,1.073679e-05,1.276441e-05,1.460395e-05,1.633144e-05,1.776354e-05,2.019467e-05,2.053831e-05,2.215698e-05,2.49327e-05,2.408252e-05,2.374651e-05,2.766392e-05,2.847368e-05,2.526959e-05,2.335812e-05,2.630483e-05,2.85207e-05,2.825112e-05,2.520362e-05,2.181337e-05,2.06801e-05,1.861105e-05,1.688602e-05,1.525694e-05,1.397988e-05,1.220948e-05,1.028053e-05,7.741174e-06,5.039844e-06,2.115765e-06,-8.98884e-07,-4.014333e-06,-6.167108e-06,-7.969247e-06,-9.523791e-06,-1.181075e-05,-1.409745e-05,-1.641972e-05,-1.815266e-05,-1.972868e-05,-2.108044e-05,-2.288144e-05,-2.41379e-05,-2.504569e-05,-2.63411e-05,-2.728524e-05,-2.777624e-05,-2.887856e-05,-2.90102e-05
-4.932856e-05,-5.020711e-05,-5.05579e-05,-5.091305e-05,-5.117097e-05,-5.122115e-05,-5.132838e-05,-5.11643e-05,-5.11254e-05,-5.08048e-05,-5.064076e-05,-5.020608e-05,-4.992035e-05,-4.939886e-05,-4.903092e-05,-4.843763e-05,-4.796907e-05,-4.731824e-05,-4.674522e-05,-4.606439e-05,-4.535586e-05,-4.462362e-05,-4.380864e-05,-4.296855e-05,-4.204722e-05,-4.10987e-05,-4.003042e-05,-3.894886e-05,-3.771794e-05,-3.647187e-05,-3.506029e-05,-3.365677e-05,-3.199248e-05,-3.041795e-05,-2.850662e-05,-2.671255e-05,-2.456779e-05,-2.252474e-05,-2.014137e-05,-1.782691e-05,-1.523386e-05,-1.265209e-05,-9.866343e-06,-7.00793e-06,-4.079853e-06,-9.619124e-07,2.020176e-06,5.387798e-06,8.337728e-06,1.188422e-05,1.480386e-05,1.832793e-05,2.131362e-05,2.440607e-05,2.741779e-05,3.051831e-05,3.23612e-05,3.594393e-05,3.798939e-05,3.84113e-05,4.193051e-05,4.449927e-05,4.224584e-05,4.256433e-05,4.627732e-05,4.809216e-05,4.437925e-05,4.07792e-05,3.902983e-05,3.945223e-05,3.959375e-05,3.690718e-05,3.462128e-05,3.150604e-05,2.783991e-05,2.344958e-05,1.92168e-05,1.489336e-05,1.096617e-05,7.094125e-06,3.364871e-06,-2.59605e-07,-3.736466e-06,-8.05502e-06,-1.254997e-05,-1.709054e-05,-2.064404e-05,-2.389921e-05,-2.683323e-05,-3.000434e-05,-3.298421e-05,-3.581699e-05,-3.782924e-05,-4.006091e-05,-4.226312e-05,-4.374571e-05,-4.524091e-05,-4.684597e-05,-4.753961e-05,-4.887662e-05
-6.938484e-05,-6.997121e-05,-7.072156e-05,-7.116712e-05,-7.141972e-05,-7.163016e-05,-7.154862e-05,-7.153682e-05,-7.121034e-05,-7.100954e-05,-7.0501e-05,-7.013632e-05,-6.949106e-05,-6.898994e-05,-6.823711e-05,-6.761082e-05,-6.676801e-05,-6.601655e-05,-6.509979e-05,-6.420124e-05,-6.322131e-05,-6.216289e-05,-6.106938e-05,-5.987881e-05,-5.863368e-05,-5.726394e-05,-5.584508e-05,-5.426797e-05,-5.264739e-05,-5.083852e-05,-4.897113e-05,-4.686401e-05,-4.476567e-05,-4.231738e-05,-3.993411e-05,-3.715217e-05,-3.442941e-05,-3.131453e-05,-2.823079e-05,-2.478551e-05,-2.133029e-05,-1.758228e-05,-1.375518e-05,-9.742116e-06,-5.56463e-06,-1.366952e-06,3.149652e-06,7.417668e-06,1.221365e-05,1.644814e-05,2.136427e-05,2.560111e-05,3.023675e-05,3.459821e-05,3.878155e-05,4.255353e-05,4.719376e-05,4.959591e-05,5.303926e-05,5.74691e-05,5.805916e-05,5.887539e-05,6.371363e-05,6.510625e-05,6.216779e-05,6.019875e-05,6.281316e-05,6.43465e-05,6.305623e-05,5.863347e-05,5.35685e-05,5.047357e-05,4.615654e-05,4.192731e-05,3.757606e-05,3.337438e-05,2.85181e-05,2.336288e-05,1.750864e-05,1.141563e-05,5.080324e-06,-1.351214e-06,-7.840872e-06,-1.329643e-05,-1.831212e-05,-2.29561e-05,-2.820341e-05,-3.330597e-05,-3.825998e-05,-4.245187e-05,-4.630524e-05,-4.975369e-05,-5.346943e-05,-5.64274e-05,-5.886351e-05,-6.150578e-05,-6.362372e-05,-6.513862e-05,-6.711071e-05,-6.798185e-05
-8.877327e-05,-9.004384e-05,-9.071579e-05,-9.126525e-05,-9.163746e-05,-9.170698e-05,-9.176917e-05,-9.148739e-05,-9.128774e-05,-9.074581e-05,-9.032318e-05,-8.958281e-05,-8.898739e-05,-8.809936e-05,-8.733068e-05,-8.632231e-05,-8.541372e-05,-8.430154e-05,-8.323348e-05,-8.20247e-05,-8.077593e-05,-7.946511e-05,-7.804119e-05,-7.654753e-05,-7.492831e-05,-7.323839e-05,-7.13858e-05,-6.945209e-05,-6.731086e-05,-6.508305e-05,-6.261936e-05,-6.007653e-05,-5.71964e-05,-5.432181e-05,-5.101218e-05,-4.772167e-05,-4.39816e-05,-4.023232e-05,-3.605889e-05,-3.184521e-05,-2.723773e-05,-2.253168e-05,-1.753831e-05,-1.237909e-05,-7.055567e-06,-1.461322e-06,4.064657e-06,1.004882e-05,1.56464e-05,2.191086e-05,2.745141e-05,3.363415e-05,3.930071e-05,4.499061e-05,5.054024e-05,5.606928e-05,6.018853e-05,6.594507e-05,6.986919e-05,7.199153e-05,7.707829e-05,8.088328e-05,7.954718e-05,8.049414e-05,8.457339e-05,8.638746e-05,8.228857e-05,7.795404e-05,7.514183e-05,7.419108e-05,7.264605e-05,6.79215e-05,6.332343e-05,5.760982e-05,5.111243e-05,4.366485e-05,3.621872e-05,2.853771e-05,2.118211e-05,1.380717e-05,6.565892e-06,-5.65324e-07,-7.487919e-06,-1.519946e-05,-2.299717e-05,-3.070851e-05,-3.726673e-05,-4.336897e-05,-4.894337e-05,-5.458906e-05,-5.985035e-05,-6.477952e-05,-6.868247e-05,-7.258813e-05,-7.629483e-05,-7.90738e-05,-8.169773e-05,-8.428953e-05,-8.579459e-05,-8.784639e-05
-0.0001087603,-0.0001096723,-0.0001106764,-0.0001112535,-0.0001115593,-0.0001117377,-0.0001115592,-0.0001113893,-0.000110856,-0.0001103997,-0.0001095981,-0.0001089075,-0.0001079204,-0.0001070373,-0.000105873,-0.0001048256,-0.0001035376,-0.0001023265,-0.0001009205,-9.950742e-05,-9.799792e-05,-9.637755e-05,-9.469316e-05,-9.287275e-05,-9.095576e-05,-8.887259e-05,-8.669693e-05,-8.430017e-05,-8.180072e-05,-7.904203e-05,-7.615577e-05,-7.294524e-05,-6.966513e-05,-6.594213e-05,-6.219141e-05,-5.793824e-05,-5.364737e-05,-4.884804e-05,-4.399048e-05,-3.86518e-05,-3.319171e-05,-2.73211e-05,-2.128045e-05,-1.49495e-05,-8.356124e-06,-1.651784e-06,5.448661e-06,1.23741e-05,1.987817e-05,2.687666e-05,3.452207e-05,4.150441e-05,4.890724e-05,5.596244e-05,6.278206e-05,6.908222e-05,7.613427e-05,8.078164e-05,8.625149e-05,9.253234e-05,9.472633e-05,9.68524e-05,0.000102774,0.0001048665,0.0001022612,0.0001002821,0.0001026104,0.0001034615,0.0001011028,9.519755e-05,8.831242e-05,8.309555e-05,7.632712e-05,6.937122e-05,6.20562e-05,5.467595e-05,4.64647e-05,3.780878e-05,2.835768e-05,1.859438e-05,8.582923e-06,-1.515884e-06,-1.161059e-05,-2.056671e-05,-2.895796e-05,-3.682181e-05,-4.514087e-05,-5.314129e-05,-6.0785e-05,-6.746587e-05,-7.359264e-05,-7.910869e-05,-8.470022e-05,-8.929959e-05,-9.318457e-05,-9.70854e-05,-0.0001002745,-0.0001026952,-0.0001054248,-0.000106915
-0.0001280762,-0.0001296214,-0.000130435,-0.0001310452,-0.0001313885,-0.0001313608,-0.0001312632,-0.0001307678,-0.0001303075,-0.0001294627,-0.0001287108,-0.0001276138,-0.0001266343,-0.0001253419,-0.0001241601,-0.000122716,-0.0001213616,-0.0001197844,-0.0001182401,-0.000116535,-0.0001147679,-0.000112916,-0.0001109219,-0.0001088287,-0.0001065718,-0.0001042034,-0.0001016227,-9.891125e-05,-9.592767e-05,-9.279254e-05,-8.934826e-05,-8.575182e-05,-8.172694e-05,-7.761522e-05,-7.297067e-05,-6.824946e-05,-6.296748e-05,-5.757359e-05,-5.1633e-05,-4.554057e-05,-3.89353e-05,-3.212234e-05,-2.490019e-05,-1.740579e-05,-9.63869e-06,-1.503109e-06,6.654265e-06,1.53478e-05,2.371801e-05,3.280394e-05,4.12159e-05,5.028185e-05,5.879443e-05,6.730966e-05,7.561275e-05,8.381168e-05,9.04629e-05,9.862331e-05,0.0001047574,0.0001088411,0.0001156841,0.0001209571,0.0001206946,0.0001224458,0.0001270226,0.0001289391,0.0001244521,0.0001193534,0.0001154032,0.0001129844,0.0001095839,0.000102603,9.543386e-05,8.683376e-05,7.71713e-05,6.632032e-05,5.528795e-05,4.388261e-05,3.271158e-05,2.147799e-05,1.037253e-05,-5.78012e-07,-1.124141e-05,-2.260897e-05,-3.39228e-05,-4.499099e-05,-5.469601e-05,-6.373318e-05,-7.203015e-05,-8.018728e-05,-8.77227e-05,-9.469679e-05,-0.000100408,-0.0001059232,-0.0001110289,-0.0001149925,-0.0001186202,-0.0001220353,-0.0001241902,-0.0001267618
-0.0001480288,-0.0001491109,-0.0001501506,-0.0001506922,-0.0001508749,-0.0001508767,-0.000150457,-0.0001500095,-0.0001491452,-0.0001483387,-0.0001471552,-0.0001460752,-0.0001446525,-0.0001433477,-0.0001417556,-0.0001402638,-0.0001385211,-0.0001368458,-0.000134971,-0.0001330833,-0.0001310685,-0.0001289312,-0.0001267025,-0.0001243165,-0.0001218017,-0.0001190796,-0.0001162124,-0.0001130831,-0.0001097877,-0.000106171,-0.0001023527,-9.813961e-05,-9.376455e-05,-8.88473e-05,-8.381056e-05,-7.816618e-05,-7.237497e-05,-6.596576e-05,-5.936325e-05,-5.215831e-05,-4.47196e-05,-3.67503e-05,-2.84743e-05,-1.978422e-05,-1.072055e-05,-1.433818e-06,8.35519e-06,1.804772e-05,2.841478e-05,3.829768e-05,4.898257e-05,5.897767e-05,6.935561e-05,7.938626e-05,8.911332e-05,9.823952e-05,0.0001080344,0.0001151966,0.0001231175,0.0001315998,0.0001356038,0.0001393191,0.0001465798,0.0001495981,0.0001474423,0.0001455517,0.0001476468,0.0001478218,0.000144322,0.0001367794,0.0001278284,0.0001202179,0.000110657,0.0001006058,8.990614e-05,7.892142e-05,6.688949e-05,5.427346e-05,4.073319e-05,2.684645e-05,1.270597e-05,-1.466709e-06,-1.555591e-05,-2.833342e-05,-4.035668e-05,-5.165631e-05,-6.322444e-05,-7.423393e-05,-8.467005e-05,-9.386497e-05,-0.0001022476,-0.0001097563,-0.0001171173,-0.0001232637,-0.0001284485,-0.0001334709,-0.0001375708,-0.0001406944,-0.0001439917,-0.000145844
-0.0001673244,-0.000168935,-0.0001696553,-0.0001701223,-0.0001702358,-0.0001699302,-0.000169502,-0.0001686403,-0.0001677795,-0.0001665168,-0.0001653311,-0.0001637887,-0.0001623395,-0.0001605924,-0.0001589647,-0.0001570571,-0.0001552443,-0.0001531984,-0.0001511945,-0.0001490267,-0.0001467749,-0.0001444315,-0.000141925,-0.0001393021,-0.0001364895,-0.0001335269,-0.0001303016,-0.0001269078,-0.0001231823,-0.0001192475,-0.000114927,-0.0001103847,-0.0001053182,-0.0001000754,-9.419516e-05,-8.813813e-05,-8.139594e-05,-7.443698e-05,-6.677832e-05,-5.885276e-05,-5.028219e-05,-4.138349e-05,-3.191784e-05,-2.205089e-05,-1.178083e-05,-1.0198e-06,9.885435e-06,2.142827e-05,3.274872e-05,4.4845e-05,5.640673e-05,6.864566e-05,8.028741e-05,9.196288e-05,0.0001033672,0.0001146087,0.0001241735,0.0001351238,0.0001438985,0.0001503311,0.0001592755,0.0001663647,0.0001674474,0.0001702654,0.0001755516,0.0001777154,0.0001728607,0.0001669613,0.0001617663,0.000157722,0.0001522191,0.0001426405,0.0001325013,0.0001205501,0.0001071951,9.237873e-05,7.717017e-05,6.144748e-05,4.586895e-05,3.022007e-05,1.470976e-05,-5.480661e-07,-1.539823e-05,-3.081447e-05,-4.598235e-05,-6.068953e-05,-7.37455e-05,-8.584969e-05,-9.695139e-05,-0.0001076307,-0.0001174124,-0.0001263501,-0.000133731,-0.000140708,-0.0001470291,-0.0001519808,-0.0001564037,-0.0001604213,-0.0001629919,-0.0001658268
-0.0001873348,-0.0001882956,-0.0001891341,-0.0001893895,-0.0001892248,-0.0001888291,-0.0001879686,-0.0001870557,-0.0001857021,-0.0001844055,-0.000182714,-0.0001811299,-0.0001791976,-0.0001774056,-0.0001753243,-0.0001733558,-0.0001711376,-0.0001689979,-0.000166661,-0.0001643203,-0.0001618435,-0.0001592423,-0.0001565379,-0.0001536605,-0.0001506339,-0.0001473671,-0.0001439156,-0.0001401585,-0.0001361868,-0.0001318341,-0.0001272087,-0.0001221073,-0.0001167615,-0.0001107802,-0.0001045785,-9.765085e-05,-9.046213e-05,-8.252406e-05,-7.426088e-05,-6.525632e-05,-5.588348e-05,-4.582901e-05,-3.532082e-05,-2.42439e-05,-1.265302e-05,-6.944854e-07,1.190568e-05,2.453285e-05,3.796271e-05,5.099225e-05,6.49405e-05,7.82381e-05,9.196832e-05,0.0001053563,0.0001184216,0.0001308177,0.0001438149,0.0001539751,0.0001647748,0.0001759218,0.0001821948,0.0001878938,0.0001968944,0.0002011387,0.0001996513,0.0001979813,0.0001999485,0.0001994471,0.000194698,0.0001852736,0.0001739299,0.000163514,0.0001506616,0.0001369366,0.0001222221,0.0001069536,9.03984e-05,7.309901e-05,5.476635e-05,3.606412e-05,1.714474e-05,-1.710503e-06,-2.033479e-05,-3.73921e-05,-5.344125e-05,-6.848239e-05,-8.353024e-05,-9.771066e-05,-0.0001110027,-0.0001226997,-0.0001332832,-0.0001426824,-0.0001516612,-0.0001591363,-0.0001653858,-0.0001712734,-0.0001760106,-0.0001795796,-0.0001831751,-0.0001851273
-0.0002067164,-0.00020804,-0.0002083939,-0.0002084192,-0.0002080405,-0.0002071937,-0.0002062023,-0.0002047504,-0.0002033057,-0.0002014487,-0.0001996803,-0.0001975521,-0.0001955577,-0.0001932633,-0.0001911061,-0.00018869,-0.0001863907,-0.0001838729,-0.0001814102,-0.0001787905,-0.000176105,-0.0001733258,-0.0001703843,-0.0001673127,-0.0001640362,-0.0001605872,-0.000156848,-0.0001528941,-0.0001485653,-0.0001439694,-0.0001389204,-0.0001335669,-0.0001276072,-0.000121386,-0.0001144126,-0.0001071511,-9.907556e-05,-9.065139e-05,-8.139326e-05,-7.172735e-05,-6.125125e-05,-5.028982e-05,-3.860348e-05,-2.635567e-05,-1.353376e-05,-6.159368e-08,1.371248e-05,2.828673e-05,4.276544e-05,5.818459e-05,7.309187e-05,8.881652e-05,0.0001040249,0.0001192903,0.0001342929,0.0001490951,0.0001620915,0.0001764363,0.0001883021,0.0001975963,0.0002092607,0.0002186534,0.000221504,0.0002257403,0.0002320752,0.0002346944,0.0002295494,0.000222797,0.0002162004,0.0002102799,0.0002023315,0.0001896556,0.0001759603,0.0001599559,0.0001421419,0.0001225124,0.0001022674,8.134088e-05,6.051808e-05,3.962404e-05,1.894945e-05,-1.321228e-06,-2.096258e-05,-4.09697e-05,-6.045853e-05,-7.916198e-05,-9.581007e-05,-0.0001111418,-0.0001250758,-0.000138252,-0.0001501869,-0.0001609514,-0.0001698024,-0.0001779603,-0.0001852132,-0.0001908142,-0.0001956899,-0.0001999928,-0.0002026377,-0.0002054587
-0.0002268799,-0.000227303,-0.0002275969,-0.0002272103,-0.0002263793,-0.0002252779,-0.0002237005,-0.0002220655,-0.000219998,-0.0002179992,-0.00021562,-0.0002133751,-0.0002108245,-0.0002084302,-0.0002057634,-0.00020326,-0.0002005289,-0.0001979163,-0.0001951184,-0.0001923397,-0.0001894537,-0.000186452,-0.0001833567,-0.0001800837,-0.0001766519,-0.0001729681,-0.0001690829,-0.0001648486,-0.0001603616,-0.0001554356,-0.0001501778,-0.0001443602,-0.0001382236,-0.0001313526,-0.0001241589,-0.0001161117,-0.000107687,-9.835778e-05,-8.858471e-05,-7.789877e-05,-6.668251e-05,-5.45966e-05,-4.190414e-05,-2.845393e-05,-1.430789e-05,3.943772e-07,1.591687e-05,3.16497e-05,4.835368e-05,6.482866e-05,8.229398e-05,9.923998e-05,0.0001167823,0.0001340019,0.0001509469,0.0001671877,0.0001839995,0.0001978068,0.0002120645,0.0002265106,0.0002357152,0.0002439685,0.0002552776,0.0002611881,0.0002607108,0.0002594863,0.0002614982,0.000260329,0.0002541786,0.0002425277,0.0002283161,0.000214503,0.0001976271,0.0001793903,0.0001597531,0.0001392211,0.0001171318,9.411442e-05,6.997999e-05,4.546726e-05,2.08602e-05,-3.520062e-06,-2.74066e-05,-4.93546e-05,-6.991545e-05,-8.904983e-05,-0.0001078257,-0.0001253231,-0.0001414872,-0.0001556262,-0.000168251,-0.0001793222,-0.00018966,-0.0001981167,-0.0002050633,-0.0002114098,-0.0002163586,-0.0002199502,-0.0002234282,-0.0002251032
-0.0002463154,-0.0002468928,-0.0002464292,-0.0002455986,-0.0002443363,-0.0002425925,-0.0002407123,-0.0002383775,-0.0002360806,-0.0002333847,-0.000230827,-0.0002279409,-0.000225252,-0.0002222808,-0.0002195018,-0.0002165092,-0.0002136863,-0.0002106839,-0.0002077768,-0.0002047389,-0.0002016793,-0.0001985441,-0.0001952672,-0.0001918674,-0.0001882623,-0.0001844827,-0.0001804022,-0.0001760756,-0.0001713348,-0.0001662767,-0.0001607086,-0.0001547651,-0.0001481303,-0.0001411397,-0.0001332837,-0.0001250282,-0.0001158208,-0.0001061259,-9.544654e-05,-8.419526e-05,-7.194394e-05,-5.902743e-05,-4.519598e-05,-3.061194e-05,-1.523867e-05,9.888771e-07,1.772428e-05,3.547431e-05,5.331152e-05,7.231411e-05,9.090234e-05,0.0001105133,0.000129738,0.0001491143,0.0001682895,0.0001872897,0.0002043971,0.0002228633,0.0002385619,0.0002514498,0.0002665883,0.0002789964,0.0002842116,0.0002904152,0.0002982824,0.0003017081,0.0002964041,0.000288762,0.0002805656,0.0002724399,0.000261536,0.0002450597,0.0002269561,0.0002059102,0.0001825373,0.0001569104,0.0001304026,0.0001030398,7.576451e-05,4.847411e-05,2.15768e-05,-4.648602e-06,-2.98901e-05,-5.517802e-05,-7.952065e-05,-0.0001026043,-0.000123072,-0.0001417178,-0.0001584536,-0.0001740056,-0.0001878513,-0.0002001174,-0.0002100524,-0.000218965,-0.0002266833,-0.0002324255,-0.0002372363,-0.0002412858,-0.0002434749,-0.0002457832
-0.0002663784,-0.0002657329,-0.0002649412,-0.0002634324,-0.0002614816,-0.000259273,-0.0002566097,-0.0002539302,-0.0002508472,-0.0002478872,-0.0002445985,-0.0002415176,-0.0002381738,-0.0002350566,-0.0002317284,-0.0002286328,-0.0002253643,-0.0002222801,-0.0002190594,-0.000215911,-0.0002126954,-0.0002094033,-0.0002060446,-0.0002025329,-0.000198871,-0.0001949635,-0.0001908471,-0.000186365,-0.0001815935,-0.0001763389,-0.0001707008,-0.0001644389,-0.0001577751,-0.000150268,-0.0001423424,-0.0001334355,-0.0001240257,-0.0001135551,-0.0001024871,-9.031522e-05,-7.743772e-05,-6.348352e-05,-4.872168e-05,-3.297646e-05,-1.631442e-05,1.142392e-06,1.965239e-05,3.860268e-05,5.876761e-05,7.890482e-05,0.0001002958,0.0001213226,0.0001431304,0.0001647445,0.0001861858,0.0002069667,0.0002283765,0.0002466024,0.0002652479,0.0002838907,0.0002968196,0.0003084526,0.0003228675,0.0003311368,0.0003321714,0.000331775,0.000334093,0.0003323253,0.0003246122,0.000310304,0.0002925545,0.0002745244,0.0002525932,0.000228681,0.0002028282,0.0001756709,0.0001466155,0.0001164484,8.507679e-05,5.340568e-05,2.186903e-05,-9.1328e-06,-3.922564e-05,-6.680075e-05,-9.239437e-05,-0.0001159661,-0.0001386625,-0.0001594945,-0.000178435,-0.0001947747,-0.0002090666,-0.0002213325,-0.0002325029,-0.000241384,-0.0002484119,-0.0002546013,-0.000259123,-0.000262069,-0.0002647979,-0.0002655455
-0.0002852998,-0.0002845479,-0.0002826622,-0.0002804608,-0.000277828,-0.0002747654,-0.0002716112,-0.0002680623,-0.0002646144,-0.0002608365,-0.0002572826,-0.0002534762,-0.000249938,-0.000246205,-0.0002427628,-0.0002391682,-0.0002358324,-0.0002323785,-0.0002291039,-0.0002257574,-0.0002224408,-0.0002190998,-0.0002156563,-0.0002121259,-0.000208413,-0.0002045354,-0.0002003524,-0.0001959202,-0.0001910426,-0.0001858137,-0.000180021,-0.0001737986,-0.000166794,-0.0001593413,-0.0001509089,-0.0001419667,-0.0001319202,-0.0001212513,-0.0001094006,-9.680905e-05,-8.301032e-05,-6.835249e-05,-5.252848e-05,-3.572566e-05,-1.787641e-05,1.079542e-06,2.081331e-05,4.182618e-05,6.319273e-05,8.598532e-05,0.0001086708,0.0001326198,0.0001563338,0.0001804333,0.0002044596,0.0002284372,0.0002505134,0.0002740088,0.0002946042,0.0003120978,0.0003316831,0.0003481208,0.0003565727,0.0003655858,0.0003757076,0.0003804993,0.0003752767,0.0003667744,0.0003567795,0.0003460552,0.0003315217,0.0003102895,0.0002866081,0.0002591519,0.0002286691,0.0001953888,0.0001608933,0.000125383,8.998166e-05,5.476107e-05,2.023486e-05,-1.313772e-05,-4.497725e-05,-7.632696e-05,-0.0001060737,-0.0001338758,-0.0001582642,-0.0001801129,-0.0001994011,-0.000216915,-0.0002321416,-0.0002452662,-0.0002555572,-0.0002645008,-0.0002719114,-0.0002770248,-0.0002810094,-0.0002840397,-0.0002850318,-0.0002860871
-0.0003045117,-0.0003021737,-0.0002997245,-0.0002965831,-0.0002930596,-0.000289345,-0.0002852471,-0.0002812248,-0.0002768779,-0.0002727664,-0.0002684094,-0.0002643719,-0.0002601454,-0.0002562773,-0.0002522869,-0.0002486268,-0.0002448755,-0.000241402,-0.0002378721,-0.0002345013,-0.0002311149,-0.0002277203,-0.0002243059,-0.0002207849,-0.0002171456,-0.0002132761,-0.0002091988,-0.0002047575,-0.000200008,-0.0001947456,-0.0001890497,-0.0001826699,-0.0001758109,-0.0001680118,-0.0001596928,-0.0001502579,-0.0001401856,-0.0001288872,-0.0001168115,-0.0001034337,-8.915787e-05,-7.357097e-05,-5.693096e-05,-3.903764e-05,-1.996743e-05,1.902577e-07,2.169854e-05,4.394251e-05,6.773016e-05,9.175765e-05,0.0001174452,0.0001429957,0.000169606,0.0001962718,0.0002229751,0.0002491639,0.0002761541,0.000299833,0.0003240446,0.0003480968,0.0003658924,0.0003820745,0.0004007774,0.0004124461,0.000415796,0.0004168408,0.0004199327,0.0004177704,0.0004083649,0.00039087,0.0003687271,0.0003453739,0.0003169976,0.0002857967,0.0002519286,0.0002162333,0.00017822,0.0001389147,9.837629e-05,5.777116e-05,1.77137e-05,-2.12593e-05,-5.86476e-05,-9.261016e-05,-0.0001237141,-0.000151933,-0.0001785267,-0.000202443,-0.0002237229,-0.0002416279,-0.0002568597,-0.0002694956,-0.000280611,-0.0002890011,-0.0002951801,-0.0003003253,-0.0003035477,-0.0003050252,-0.0003062251,-0.0003052742
-0.0003224072,-0.0003197638,-0.0003159773,-0.0003119804,-0.0003076138,-0.000302917,-0.0002982248,-0.0002932409,-0.000288478,-0.0002834981,-0.0002788583,-0.0002740669,-0.00026967,-0.0002651933,-0.0002611227,-0.0002569933,-0.0002532342,-0.0002494428,-0.0002459339,-0.000242434,-0.0002390401,-0.0002356903,-0.0002322988,-0.0002288678,-0.0002252973,-0.0002215812,-0.0002175708,-0.0002133133,-0.0002086023,-0.000203515,-0.0001978155,-0.000191626,-0.0001845787,-0.0001770072,-0.0001683335,-0.0001590322,-0.000148468,-0.0001371321,-0.000124412,-0.0001107745,-9.569573e-05,-7.953378e-05,-6.192586e-05,-4.30728e-05,-2.286889e-05,-1.25464e-06,2.147395e-05,4.582551e-05,7.087678e-05,9.772899e-05,0.0001248163,0.0001535528,0.0001823558,0.0002118921,0.000241627,0.0002715656,0.0002996925,0.0003294726,0.0003562366,0.0003797007,0.0004052122,0.0004271253,0.0004401399,0.0004532181,0.0004667626,0.000473828,0.0004691874,0.0004599865,0.0004480161,0.000434224,0.0004152305,0.0003879679,0.0003571466,0.0003214012,0.0002816898,0.0002384586,0.0001936207,0.0001476253,0.0001019128,5.67788e-05,1.289997e-05,-2.901809e-05,-6.85109e-05,-0.0001066672,-0.0001422649,-0.0001749145,-0.0002030306,-0.0002276514,-0.0002488371,-0.0002675081,-0.0002832375,-0.0002962769,-0.0003059113,-0.0003138691,-0.0003199894,-0.0003235189,-0.0003257928,-0.0003270088,-0.0003260476,-0.0003251802
-0.0003413144,-0.0003368309,-0.0003323951,-0.0003273066,-0.0003219659,-0.000316526,-0.000310824,-0.0003053153,-0.000299608,-0.0002942689,-0.0002887943,-0.0002837685,-0.0002786785,-0.0002740765,-0.0002694495,-0.0002652841,-0.0002611218,-0.0002573556,-0.0002536168,-0.0002501393,-0.0002467261,-0.000243384,-0.0002400875,-0.0002367399,-0.0002333183,-0.0002296992,-0.0002258918,-0.0002217241,-0.0002172478,-0.0002122359,-0.0002067512,-0.0002005203,-0.0001937493,-0.0001859521,-0.000177533,-0.0001678585,-0.0001574154,-0.0001455634,-0.0001327712,-0.0001184592,-0.0001030359,-8.6032e-05,-6.772354e-05,-4.785011e-05,-2.649606e-05,-3.706121e-06,2.079072e-05,4.640612e-05,7.397226e-05,0.000102178,0.0001324527,0.0001629885,0.0001950613,0.0002275459,0.0002604574,0.0002931424,0.0003269649,0.0003575025,0.0003887369,0.0004198502,0.0004442389,0.000466664,0.0004914337,0.0005080883,0.0005150868,0.0005186254,0.0005233733,0.0005212759,0.0005101298,0.0004888108,0.0004611958,0.0004310928,0.000394456,0.0003538414,0.000309603,0.0002628336,0.0002132385,0.0001621728,0.0001099959,5.819799e-05,7.708089e-06,-4.080149e-05,-8.663701e-05,-0.0001277124,-0.0001646822,-0.0001975537,-0.0002277931,-0.0002543157,-0.000277229,-0.0002958569,-0.0003111113,-0.0003231724,-0.0003332891,-0.0003402129,-0.0003446332,-0.0003478822,-0.0003490151,-0.0003483364,-0.0003473919,-0.0003442149
-0.000360557,-0.0003556968,-0.0003497399,-0.0003437077,-0.0003373969,-0.0003308821,-0.0003244918,-0.0003179321,-0.0003117316,-0.0003054301,-0.0002996075,-0.000293748,-0.0002884371,-0.0002831448,-0.0002783898,-0.00027369,-0.0002694884,-0.0002653561,-0.0002616179,-0.0002579764,-0.0002545488,-0.0002512413,-0.0002479726,-0.0002447233,-0.00024139,-0.0002379533,-0.0002342563,-0.0002303207,-0.0002259365,-0.0002211593,-0.0002157413,-0.0002097819,-0.0002029029,-0.0001954256,-0.0001867346,-0.0001773051,-0.0001664607,-0.0001546918,-0.0001413519,-0.0001269011,-0.0001107574,-9.328695e-05,-7.40836e-05,-5.334124e-05,-3.089673e-05,-6.690204e-06,1.902552e-05,4.67884e-05,7.567641e-05,0.0001068709,0.0001386811,0.0001727088,0.0002072807,0.0002430839,0.0002795441,0.0003166558,0.000352213,0.0003899102,0.000424538,0.0004558516,0.0004894105,0.0005189241,0.0005385007,0.0005576044,0.0005764845,0.0005874179,0.0005843618,0.0005749369,0.0005609683,0.0005436824,0.0005193035,0.0004845106,0.0004446781,0.0003983864,0.00034686,0.0002907975,0.0002325997,0.0001730847,0.000114206,5.656921e-05,1.134422e-06,-5.110555e-05,-9.958624e-05,-0.0001455443,-0.0001876166,-0.0002253755,-0.0002571374,-0.0002842041,-0.0003067519,-0.0003259601,-0.0003414659,-0.0003536671,-0.0003618781,-0.0003680991,-0.0003722314,-0.0003734922,-0.0003734521,-0.0003723075,-0.0003689063,-0.0003657379
-0.0003834935,-0.0003764643,-0.0003696785,-0.0003622844,-0.0003547944,-0.0003473079,-0.0003397003,-0.0003324132,-0.0003250579,-0.0003182027,-0.0003113446,-0.0003050832,-0.0002988859,-0.0002933058,-0.0002878225,-0.0002829499,-0.0002781939,-0.0002739731,-0.0002698795,-0.0002661678,-0.0002626248,-0.0002592524,-0.0002560105,-0.0002527978,-0.0002495715,-0.000246212,-0.0002427067,-0.0002388666,-0.0002347259,-0.0002300456,-0.0002248758,-0.000218924,-0.0002123788,-0.0002047234,-0.0001963644,-0.0001866272,-0.0001760023,-0.0001637949,-0.0001504932,-0.0001354407,-0.0001190611,-0.0001008222,-8.101925e-05,-5.931623e-05,-3.579356e-05,-1.043879e-05,1.703103e-05,4.607308e-05,7.755931e-05,0.0001101884,0.0001454327,0.000181479,0.0002197067,0.0002588842,0.0002990853,0.0003395701,0.0003817976,0.0004209506,0.0004612312,0.0005016748,0.0005350317,0.0005661856,0.0005996983,0.0006238804,0.000636761,0.0006447379,0.0006528862,0.0006520236,0.0006395692,0.0006140011,0.0005798698,0.0005416385,0.0004948878,0.0004426477,0.0003854198,0.0003245252,0.0002598932,0.0001933984,0.0001259049,5.945107e-05,-4.533704e-06,-6.524156e-05,-0.0001217291,-0.0001716131,-0.0002156587,-0.0002539736,-0.0002883439,-0.0003176412,-0.0003421066,-0.0003611812,-0.0003760026,-0.0003869505,-0.0003955282,-0.0004003988,-0.0004024759,-0.0004032648,-0.0004017481,-0.0003983686,-0.0003947953,-0.000388939
-0.0004089708,-0.0004011939,-0.000392336,-0.0003836014,-0.0003746814,-0.0003657297,-0.0003570347,-0.0003483275,-0.0003401205,-0.000331954,-0.0003244355,-0.0003170287,-0.0003103251,-0.0003037698,-0.0002979274,-0.0002922735,-0.0002872819,-0.0002824871,-0.0002782378,-0.0002742009,-0.0002705178,-0.0002670606,-0.0002637545,-0.0002605606,-0.0002573687,-0.000254148,-0.0002507305,-0.0002471139,-0.0002430703,-0.0002386414,-0.0002335725,-0.0002279418,-0.0002213403,-0.0002140706,-0.0002055039,-0.0001961074,-0.0001851575,-0.0001731491,-0.0001593805,-0.0001443056,-0.0001272919,-0.0001087118,-8.809267e-05,-6.562679e-05,-4.107591e-05,-1.437263e-05,1.428693e-05,4.547969e-05,7.831032e-05,0.0001140472,0.0001509765,0.0001908259,0.0002318325,0.0002748052,0.0003191081,0.0003647946,0.0004094446,0.0004570427,0.0005018415,0.0005435188,0.0005879761,0.0006281838,0.0006573457,0.0006856628,0.0007131682,0.000731025,0.0007318281,0.0007237835,0.0007087381,0.0006882954,0.0006581437,0.0006147103,0.0005643454,0.0005054119,0.0004391376,0.0003663095,0.0002899268,0.0002115219,0.0001340007,5.868805e-05,-1.299825e-05,-7.96506e-05,-0.0001406316,-0.0001973911,-0.0002482992,-0.0002929009,-0.0003293781,-0.0003594231,-0.0003834745,-0.000403063,-0.0004178888,-0.0004286176,-0.0004346493,-0.0004383592,-0.0004396714,-0.0004377969,-0.0004345987,-0.0004302228,-0.0004235501,-0.0004172902
-0.0004384356,-0.0004276288,-0.0004173273,-0.0004065257,-0.0003958564,-0.0003853471,-0.0003749203,-0.0003649912,-0.0003551751,-0.0003460458,-0.0003370963,-0.0003289392,-0.0003210061,-0.0003138889,-0.0003070407,-0.0003009916,-0.0002952202,-0.000290168,-0.0002853956,-0.0002811765,-0.0002772612,-0.0002736674,-0.0002703257,-0.0002671399,-0.0002640395,-0.0002609042,-0.0002576937,-0.0002542162,-0.0002504703,-0.0002462146,-0.0002414717,-0.0002359429,-0.000229779,-0.0002224433,-0.0002143362,-0.0002047477,-0.0001941599,-0.0001818355,-0.0001682519,-0.0001527007,-0.0001356116,-0.000116389,-9.531778e-05,-7.19989e-05,-4.64991e-05,-1.873592e-05,1.160314e-05,4.402453e-05,7.947784e-05,0.0001166559,0.00015722,0.0001992311,0.0002442428,0.0002909828,0.0003395999,0.0003892961,0.0004417152,0.0004915281,0.0005434207,0.0005961211,0.0006415874,0.0006850139,0.0007313691,0.0007672977,0.0007901072,0.0008065076,0.0008221056,0.0008258512,0.0008142047,0.0007848069,0.0007433438,0.0006956908,0.000636942,0.0005705376,0.0004964735,0.0004157978,0.0003286222,0.0002380997,0.0001465176,5.733485e-05,-2.716531e-05,-0.000106065,-0.0001782098,-0.0002407485,-0.0002946185,-0.0003401188,-0.0003795272,-0.0004117213,-0.0004372768,-0.0004558161,-0.0004689069,-0.0004772277,-0.0004826736,-0.0004838339,-0.0004818958,-0.0004786238,-0.0004728667,-0.0004652618,-0.000457615,-0.0004476614
-0.0004665624,-0.000454328,-0.0004411197,-0.000428387,-0.0004156472,-0.0004031658,-0.0003911481,-0.0003793736,-0.0003683177,-0.0003575402,-0.0003476324,-0.0003380535,-0.0003293986,-0.000321111,-0.0003137601,-0.0003067913,-0.0003007041,-0.0002949972,-0.0002900483,-0.0002854848,-0.0002814576,-0.0002778148,-0.0002744828,-0.0002713979,-0.0002684483,-0.0002655686,-0.0002625891,-0.0002594814,-0.0002560079,-0.000252179,-0.0002477285,-0.0002427041,-0.0002366834,-0.0002299444,-0.0002218308,-0.0002127961,-0.0002020774,-0.0001901663,-0.0001763023,-0.0001609494,-0.0001434128,-0.0001240615,-0.0001023461,-7.845697e-05,-5.20853e-05,-2.313569e-05,8.26399e-06,4.274686e-05,7.945915e-05,0.0001197809,0.000162015,0.000208027,0.000255988,0.000306907,0.0003600978,0.000415744,0.0004711909,0.0005309017,0.0005885284,0.0006436558,0.0007027786,0.0007580838,0.0008014675,0.0008443224,0.0008864774,0.0009174125,0.0009273175,0.0009248297,0.0009110747,0.0008876021,0.0008493795,0.0007933974,0.0007286734,0.000652833,0.0005655402,0.0004663151,0.0003590737,0.0002479008,0.0001390468,3.601755e-05,-5.929453e-05,-0.00014559,-0.0002228622,-0.0002930864,-0.0003542189,-0.0004057369,-0.000445734,-0.0004767276,-0.000499697,-0.0005167635,-0.0005278907,-0.0005340833,-0.0005348679,-0.0005331927,-0.0005289479,-0.0005213769,-0.0005126715,-0.0005028978,-0.0004909313,-0.0004797218
-0.0004906392,-0.0004747316,-0.0004598044,-0.0004445808,-0.0004298739,-0.0004155612,-0.0004016538,-0.0003884907,-0.000375733,-0.000363919,-0.0003525399,-0.0003422014,-0.0003323371,-0.000323551,-0.0003152593,-0.0003080127,-0.0003012604,-0.0002954657,-0.0002901555,-0.0002856237,-0.0002815749,-0.0002780466,-0.000274933,-0.0002721396,-0.0002695645,-0.000267078,-0.0002646074,-0.0002619624,-0.0002591049,-0.0002557853,-0.000251979,-0.0002473857,-0.0002421212,-0.0002356423,-0.0002283055,-0.0002193801,-0.0002093291,-0.0001973812,-0.0001839967,-0.0001684361,-0.0001511072,-0.0001313606,-0.0001094581,-8.494686e-05,-5.786716e-05,-2.807149e-05,4.812323e-06,4.033602e-05,7.956231e-05,0.0001211791,0.000167056,0.0002151653,0.0002673211,0.0003221928,0.0003801088,0.0004402083,0.0005044945,0.0005670547,0.0006333038,0.0007017911,0.0007634853,0.0008241105,0.0008895583,0.0009439827,0.000983475,0.001015076,0.00104518,0.00105891,0.001049178,0.001010063,0.0009496603,0.0008803448,0.000800372,0.0007135427,0.0006146998,0.0005006847,0.0003724268,0.0002393036,0.0001101873,-7.98575e-06,-0.0001137728,-0.0002095332,-0.0002956532,-0.00036847,-0.0004287253,-0.0004768651,-0.0005162148,-0.0005459174,-0.0005671795,-0.0005799533,-0.0005865181,-0.0005878254,-0.0005862103,-0.0005800687,-0.0005709619,-0.0005608694,-0.0005484105,-0.0005344601,-0.0005208556,-0.0005051172
-0.0005018533,-0.0004849924,-0.0004673294,-0.000450599,-0.00043407,-0.0004181676,-0.0004029578,-0.000388311,-0.0003746321,-0.0003615255,-0.0003495279,-0.0003381274,-0.0003279137,-0.0003183302,-0.0003099285,-0.0003021546,-0.0002955114,-0.0002894775,-0.0002844433,-0.0002800051,-0.0002763208,-0.0002732102,-0.0002705989,-0.0002683899,-0.0002664707,-0.0002647303,-0.0002630011,-0.0002612133,-0.0002591326,-0.0002567146,-0.0002536897,-0.0002500524,-0.0002453947,-0.0002399459,-0.0002330291,-0.0002250639,-0.0002152718,-0.0002041136,-0.0001908072,-0.0001757984,-0.0001583485,-0.0001387983,-0.0001165586,-9.178268e-05,-6.412175e-05,-3.34178e-05,2.438416e-07,3.760046e-05,7.780883e-05,0.0001224334,0.0001697081,0.0002217991,0.0002767883,0.0003359666,0.000398629,0.0004652354,0.0005328613,0.0006068486,0.0006800473,0.0007522067,0.0008308305,0.000907098,0.0009707485,0.001034972,0.001099068,0.001149209,0.001171105,0.001174182,0.00115524,0.001109661,0.001032136,0.0009343214,0.0008424446,0.0007485842,0.0006356474,0.0004931581,0.0003315172,0.0001699978,2.803929e-05,-8.912903e-05,-0.0001884063,-0.0002777598,-0.0003603344,-0.0004355914,-0.0004978742,-0.000546586,-0.0005806514,-0.0006043346,-0.0006192001,-0.0006280486,-0.0006308744,-0.0006288578,-0.0006214068,-0.0006120737,-0.0006004728,-0.0005858031,-0.0005705547,-0.0005546052,-0.00053675,-0.0005201951
-0.0004975901,-0.0004781915,-0.0004602189,-0.0004420059,-0.0004246659,-0.000407838,-0.0003917197,-0.0003765044,-0.0003619788,-0.0003485854,-0.0003358931,-0.0003244531,-0.0003137545,-0.0003043619,-0.0002957151,-0.0002883538,-0.0002817287,-0.0002763024,-0.0002715845,-0.0002678748,-0.0002648517,-0.0002625533,-0.0002608431,-0.0002596215,-0.0002587487,-0.000258092,-0.0002575305,-0.000256875,-0.0002560348,-0.0002547625,-0.0002529688,-0.0002503658,-0.0002470057,-0.0002423601,-0.0002367167,-0.0002293549,-0.0002206825,-0.0002099319,-0.0001975158,-0.0001826958,-0.0001658221,-0.0001462442,-0.0001241631,-9.912133e-05,-7.107688e-05,-3.988278e-05,-5.043384e-06,3.297536e-05,7.54305e-05,0.0001209418,0.0001716687,0.0002254733,0.0002845737,0.0003475238,0.0004150439,0.0004861887,0.0005636813,0.0006408191,0.0007242254,0.00081236,0.0008946634,0.0009772064,0.001067264,0.001143945,0.001200214,0.001241749,0.001277186,0.00129087,0.001266301,0.001168668,0.001015389,0.0008749456,0.0007732465,0.0006902879,0.0005768769,0.0004167963,0.0002311798,5.926084e-05,-7.335806e-05,-0.000166317,-0.0002434209,-0.0003282146,-0.0004170104,-0.0004889126,-0.0005403252,-0.0005768,-0.0006059388,-0.0006262372,-0.0006388818,-0.0006434918,-0.0006427295,-0.0006373035,-0.0006297771,-0.0006178081,-0.0006033778,-0.0005884158,-0.0005712461,-0.0005529103,-0.0005352786,-0.0005155739
-0.0004714969,-0.0004537173,-0.0004348829,-0.0004171998,-0.000399595,-0.000382818,-0.000366712,-0.0003513768,-0.000337062,-0.0003235412,-0.0003112469,-0.0002997913,-0.0002896787,-0.0002804424,-0.0002725804,-0.0002655996,-0.0002599568,-0.0002551681,-0.0002515871,-0.000248827,-0.0002470179,-0.0002459801,-0.0002456046,-0.0002457906,-0.0002463877,-0.0002472723,-0.000248242,-0.0002491968,-0.0002498773,-0.0002502014,-0.0002498869,-0.0002488775,-0.0002467586,-0.000243707,-0.0002390476,-0.0002331532,-0.0002252406,-0.0002157295,-0.0002038366,-0.0001899612,-0.0001733668,-0.000154347,-0.000132315,-0.0001073562,-7.912356e-05,-4.736625e-05,-1.218331e-05,2.732055e-05,7.025415e-05,0.0001184507,0.0001700215,0.000227559,0.0002890071,0.0003561228,0.0004281999,0.0005062358,0.0005869104,0.0006769335,0.0007678607,0.0008593595,0.0009599876,0.001058322,0.00113844,0.001215145,0.001286875,0.001329151,0.00131348,0.00128299,0.001236795,0.001085457,0.0008429519,0.0006578537,0.0005916656,0.0005486148,0.0004400517,0.0002644748,7.685433e-05,-7.365566e-05,-0.0001562327,-0.0001891709,-0.0002286703,-0.0003080856,-0.0004031823,-0.0004730962,-0.0005155458,-0.0005498174,-0.0005744944,-0.0005913178,-0.0006012166,-0.0006072816,-0.0006082947,-0.0006052364,-0.0005967846,-0.0005870864,-0.0005749984,-0.0005596869,-0.0005438525,-0.0005271717,-0.0005083617,-0.0004909916
-0.000426682,-0.000408818,-0.0003927089,-0.0003754556,-0.0003594181,-0.0003432364,-0.0003281348,-0.0003134743,-0.0002998993,-0.0002871496,-0.0002755303,-0.0002649861,-0.0002556058,-0.0002474473,-0.0002404627,-0.0002347586,-0.0002301896,-0.0002268679,-0.0002246102,-0.0002234395,-0.00022326,-0.0002238918,-0.0002253457,-0.0002273692,-0.0002298905,-0.0002326957,-0.0002356496,-0.0002385447,-0.0002412027,-0.0002434387,-0.0002450055,-0.0002457499,-0.0002454823,-0.0002438864,-0.0002409617,-0.000236267,-0.0002298475,-0.0002212937,-0.0002105849,-0.0001974134,-0.0001816271,-0.0001630967,-0.0001414198,-0.000116747,-8.831632e-05,-5.6695e-05,-2.052525e-05,1.889463e-05,6.388999e-05,0.0001120857,0.0001669932,0.00022529,0.0002908218,0.0003608981,0.0004380292,0.0005198211,0.0006113554,0.0007028094,0.0008037251,0.000909604,0.00100717,0.001098788,0.001194074,0.001255118,0.001277465,0.001260891,0.00117825,0.001104635,0.001088248,0.000813731,0.0004316901,0.0002605981,0.0002167555,0.0002075636,0.0001652192,0.0001015579,3.131936e-05,-2.343056e-05,-5.399481e-05,-6.697003e-05,-0.0001049448,-0.0002161409,-0.0003417351,-0.0003823887,-0.000399189,-0.0004320666,-0.0004655816,-0.0004873971,-0.0005052155,-0.0005153146,-0.0005217244,-0.0005229554,-0.0005232372,-0.0005174516,-0.0005094986,-0.0004998202,-0.0004876542,-0.0004730685,-0.0004592178,-0.0004419638
-0.0003612996,-0.0003490078,-0.0003338361,-0.0003201991,-0.0003052404,-0.0002915385,-0.0002774726,-0.0002646554,-0.0002521175,-0.0002408803,-0.0002303836,-0.000221235,-0.0002131292,-0.0002063806,-0.0002008804,-0.000196694,-0.0001938437,-0.0001922054,-0.0001918701,-0.0001926174,-0.0001944838,-0.0001972672,-0.0002009255,-0.0002051615,-0.0002100524,-0.0002151023,-0.0002205025,-0.0002255955,-0.0002306926,-0.000234982,-0.0002389391,-0.0002415902,-0.0002434584,-0.0002436259,-0.0002425618,-0.0002393618,-0.0002345728,-0.0002271527,-0.0002178553,-0.000205406,-0.0001908413,-0.0001725536,-0.0001519658,-0.0001269932,-9.956743e-05,-6.695329e-05,-3.184531e-05,9.546066e-06,5.335212e-05,0.0001048384,0.0001586595,0.0002214918,0.0002872666,0.0003624778,0.0004418277,0.0005317323,0.0006221975,0.0007269102,0.0008270915,0.0009270081,0.001025295,0.001111687,0.001147198,0.001146789,0.00110971,0.001078795,0.0007793754,0.0004796939,0.0004179438,0.0002396365,9.777722e-05,4.277411e-05,2.168798e-05,1.545136e-05,2.480567e-05,3.891174e-05,5.021559e-05,5.091024e-05,4.200215e-05,2.70752e-05,7.985146e-06,-3.334738e-05,-0.0001027109,-0.0001339207,-0.00018491,-0.0002660406,-0.0003018532,-0.0003282701,-0.0003526364,-0.000375381,-0.0003906964,-0.0004037472,-0.000408683,-0.0004137324,-0.0004137336,-0.0004104635,-0.000404373,-0.0003972854,-0.0003856507,-0.000375643
-0.0002833786,-0.0002755328,-0.0002633639,-0.0002541344,-0.0002404499,-0.0002308599,-0.0002171192,-0.0002081534,-0.0001954474,-0.000187928,-0.0001770716,-0.0001716188,-0.0001631675,-0.000160185,-0.0001544838,-0.0001541907,-0.0001513677,-0.0001537602,-0.000153748,-0.0001585987,-0.0001611424,-0.0001680457,-0.0001726252,-0.0001810726,-0.0001870058,-0.0001962559,-0.0002027675,-0.0002119732,-0.0002181761,-0.0002264269,-0.0002313769,-0.0002376925,-0.0002405114,-0.000243907,-0.0002436709,-0.0002432973,-0.0002391038,-0.0002341412,-0.0002251657,-0.0002148269,-0.0002002828,-0.0001838235,-0.000162917,-0.0001395443,-0.0001114111,-8.026315e-05,-4.384652e-05,-3.909201e-06,4.210311e-05,9.21872e-05,0.0001493416,0.0002115515,0.0002810775,0.0003577796,0.0004408433,0.0005315119,0.000629239,0.0007256361,0.0008213597,0.0009166432,0.0009712973,0.0009887145,0.0009853478,0.0008904685,0.0005937739,0.0004099781,0.0001830604,3.956036e-05,-1.494514e-05,-1.639299e-05,2.668113e-05,3.720732e-05,4.077388e-05,3.829664e-05,3.925492e-05,3.63154e-05,3.517703e-05,3.029635e-05,2.750192e-05,2.568761e-05,3.19282e-05,4.551004e-05,4.336294e-05,2.125158e-05,-6.895676e-06,-6.229808e-05,-9.771603e-05,-0.000146031,-0.0001864448,-0.00021478,-0.0002353498,-0.0002577334,-0.0002732381,-0.0002878651,-0.0002934145,-0.0003025527,-0.0003015632,-0.0003025986,-0.0002973097,-0.0002926016
-0.0001964174,-0.0001941641,-0.0001860359,-0.0001802485,-0.000170271,-0.0001628272,-0.0001523197,-0.0001448062,-0.0001349945,-0.0001286227,-0.000120474,-0.0001161304,-0.0001103351,-0.0001086055,-0.0001056027,-0.0001068165,-0.0001067866,-0.0001110111,-0.0001138662,-0.0001209419,-0.0001263394,-0.0001358523,-0.0001432944,-0.0001545442,-0.0001633396,-0.0001755344,-0.0001847992,-0.0001970005,-0.000205752,-0.0002169418,-0.0002241762,-0.0002333647,-0.0002379942,-0.0002442217,-0.0002452952,-0.000247597,-0.0002442651,-0.0002417632,-0.0002332327,-0.0002251393,-0.000210679,-0.0001962298,-0.0001751267,-0.0001535281,-0.0001249918,-9.528666e-05,-5.840672e-05,-1.931726e-05,2.716546e-05,7.732614e-05,0.0001351951,0.0001981128,0.0002696093,0.0003458284,0.0004312671,0.0005204965,0.0006105484,0.0006999025,0.0007715282,0.0008076684,0.0008163417,0.0007423398,0.0005130648,0.0002889381,8.250546e-05,-1.645728e-05,-2.303271e-05,2.546248e-05,3.408485e-05,2.57464e-05,NaN,NaN,NaN,NaN,NaN,NaN,NaN,NaN,NaN,NaN,NaN,2.563238e-05,1.95356e-05,1.649266e-05,2.603327e-05,2.504688e-05,1.126238e-05,-1.249294e-05,-4.059521e-05,-6.388612e-05,-9.319001e-05,-0.0001159115,-0.0001338711,-0.0001538681,-0.0001695711,-0.0001818791,-0.0001907719,-0.0001981908,-0.000198792,-0.0002011915
-0.0001078528,-0.0001091984,-0.0001058692,-0.0001037757,-9.682809e-05,-9.27154e-05,-8.423959e-05,-7.969494e-05,-7.139178e-05,-6.77616e-05,-6.091965e-05,-5.922786e-05,-5.477725e-05,-5.573625e-05,-5.426784e-05,-5.828351e-05,-6.007586e-05,-6.723739e-05,-7.22711e-05,-8.234902e-05,-9.033251e-05,-0.0001028431,-0.0001131534,-0.0001274531,-0.0001392547,-0.0001544313,-0.0001667692,-0.0001817918,-0.0001936013,-0.0002073783,-0.0002175397,-0.0002289284,-0.0002364356,-0.0002443416,-0.0002481801,-0.0002516767,-0.0002509135,-0.0002491786,-0.0002430195,-0.0002353164,-0.0002230499,-0.0002087073,-0.0001896319,-0.0001679332,-0.0001412551,-0.0001113487,-7.596909e-05,-3.669611e-05,8.911532e-06,5.92306e-05,0.0001168765,0.0001803672,0.0002504294,0.0003273797,0.0004060658,0.0004884162,0.0005661516,0.0006206586,0.0006315923,0.0006259567,0.0004502909,0.000241958,5.464687e-05,-2.604819e-05,-1.044478e-05,2.165876e-05,9.25786e-06,NaN,NaN,NaN,NaN,NaN,NaN,NaN,NaN,NaN,NaN,NaN,NaN,NaN,NaN,NaN,NaN,NaN,2.095039e-05,1.371462e-05,1.456206e-05,1.612113e-05,1.415091e-05,8.139245e-06,3.279036e-06,-3.642145e-06,-2.12517e-05,-3.706117e-05,-4.994352e-05,-6.951296e-05,-8.03601e-05,-9.280893e-05,-9.983122e-05,-0.0001059966
-2.086198e-05,-2.720333e-05,-2.693958e-05,-2.808653e-05,-2.445718e-05,-2.245306e-05,-1.711026e-05,-1.403439e-05,-8.657817e-06,-6.181024e-06,-2.145533e-06,-1.550365e-06,9.363556e-08,-2.102279e-06,-3.54146e-06,-9.061164e-06,-1.391566e-05,-2.292679e-05,-3.114919e-05,-4.34879e-05,-5.468102e-05,-6.984699e-05,-8.33899e-05,-0.0001005319,-0.0001155615,-0.0001337014,-0.0001491375,-0.0001671438,-0.000181815,-0.0001984848,-0.0002112087,-0.0002253959,-0.0002349586,-0.0002456108,-0.0002509806,-0.0002570814,-0.0002574008,-0.0002581014,-0.0002526373,-0.0002472388,-0.0002353675,-0.0002232158,-0.0002043422,-0.0001847455,-0.0001581592,-0.0001301736,-9.493342e-05,-5.71502e-05,-1.188426e-05,3.752693e-05,9.444931e-05,0.0001564682,0.0002250758,0.0002948023,0.0003649851,0.0004279789,0.0004695543,0.0004861945,0.0003927808,0.0002424429,5.938256e-05,-2.120851e-05,-1.527014e-05,9.149257e-06,-7.032706e-06,NaN,NaN,NaN,NaN,NaN,NaN,NaN,NaN,NaN,NaN,NaN,NaN,NaN,NaN,NaN,NaN,NaN,NaN,NaN,NaN,NaN,1.667745e-05,1.240129e-05,9.607828e-06,1.053944e-05,1.595223e-05,2.852135e-05,4.221781e-05,4.443618e-05,3.700131e-05,2.687799e-05,1.504617e-05,2.401982e-06,-5.513833e-06,-1.675819e-05
5.502289e-05,4.984464e-05,4.537256e-05,4.391321e-05,4.369993e-05,4.500514e-05,4.699159e-05,4.935078e-05,5.167227e-05,5.348749e-05,5.459164e-05,5.451329e-05,5.317013e-05,5.017584e-05,4.555359e-05,3.902532e-05,3.070915e-05,2.045449e-05,8.43762e-06,-5.306074e-06,-2.065896e-05,-3.731306e-05,-5.523355e-05,-7.399936e-05,-9.345623e-05,-0.000113232,-0.0001330564,-0.0001526201,-0.0001715416,-0.0001896258,-0.0002063422,-0.0002216697,-0.0002350466,-0.0002464497,-0.0002554018,-0.0002619493,-0.0002655422,-0.00026649,-0.0002639933,-0.0002587505,-0.0002495536,-0.0002376246,-0.0002211072,-0.0002019342,-0.0001772979,-0.000150117,-0.0001161106,-7.984414e-05,-3.481449e-05,1.168532e-05,6.893044e-05,0.0001254866,0.0001913137,0.0002486974,0.0003023049,0.0003234544,0.0003346358,0.0002357196,8.430496e-05,-7.088838e-06,-2.513855e-05,2.006246e-06,-1.497678e-05,NaN,NaN,NaN,NaN,NaN,NaN,NaN,NaN,NaN,NaN,NaN,NaN,NaN,NaN,NaN,NaN,NaN,NaN,NaN,NaN,NaN,NaN,NaN,NaN,NaN,1.151587e-05,9.800405e-06,5.789578e-06,9.632251e-06,2.587606e-05,5.688119e-05,8.428111e-05,8.264911e-05,8.477323e-05,7.999668e-05,7.163375e-05,6.401239e-05
0.0001191238,0.0001135577,0.0001094637,0.0001076015,0.0001058105,0.0001066774,0.0001063163,0.0001082644,0.0001079954,0.0001094567,0.0001078725,0.0001073925,0.0001032317,9.965568e-05,9.200817e-05,8.461726e-05,7.302621e-05,6.157046e-05,4.606414e-05,3.073225e-05,1.178985e-05,-6.805272e-06,-2.841019e-05,-4.924484e-05,-7.24519e-05,-9.434494e-05,-0.0001178625,-0.0001394821,-0.0001619382,-0.0001819033,-0.0002019532,-0.0002189898,-0.0002353083,-0.0002482983,-0.0002598151,-0.0002677573,-0.0002736506,-0.0002757819,-0.0002754198,-0.0002711858,-0.000264077,-0.0002529792,-0.0002386258,-0.0002200695,-0.000197753,-0.0001707895,-0.000139478,-0.0001027818,-6.137796e-05,-1.417988e-05,3.699961e-05,9.155822e-05,0.0001463203,0.0001895435,0.0002147205,0.0001887348,0.0001219526,1.173106e-05,-2.267117e-05,-9.687841e-06,-1.335176e-05,NaN,NaN,NaN,NaN,NaN,NaN,NaN,NaN,NaN,NaN,NaN,NaN,NaN,NaN,NaN,NaN,NaN,NaN,NaN,NaN,NaN,NaN,NaN,NaN,NaN,NaN,NaN,NaN,NaN,8.115185e-06,6.109932e-06,4.058551e-06,1.509523e-05,5.508689e-05,9.231173e-05,0.0001146219,0.0001262182,0.000128813,0.0001239917
0.0001611889,0.0001627388,0.0001602762,0.0001604279,0.0001595359,0.0001598315,0.0001598025,0.0001600335,0.0001599244,0.0001591804,0.0001576693,0.000154698,0.0001504446,0.00014411,0.0001360994,0.0001256682,0.0001133708,9.86157e-05,8.200588e-05,6.322461e-05,4.274309e-05,2.065665e-05,-2.780815e-06,-2.718029e-05,-5.235468e-05,-7.774585e-05,-0.0001032927,-0.0001282389,-0.00015271,-0.0001757588,-0.000197721,-0.0002174619,-0.0002357099,-0.0002509003,-0.0002643596,-0.0002740757,-0.0002818977,-0.000285459,-0.0002870634,-0.0002839741,-0.0002789256,-0.0002687555,-0.0002565644,-0.0002386968,-0.000218592,-0.0001920576,-0.0001628277,-0.0001265299,-8.73919e-05,-4.173878e-05,4.493434e-06,5.37111e-05,9.264342e-05,0.0001228795,9.806785e-05,3.903824e-05,-1.033032e-05,-2.123713e-05,-9.91009e-06,NaN,NaN,NaN,NaN,NaN,NaN,NaN,NaN,NaN,NaN,NaN,NaN,NaN,NaN,NaN,NaN,NaN,NaN,NaN,NaN,NaN,NaN,NaN,NaN,NaN,NaN,NaN,NaN,NaN,NaN,NaN,NaN,NaN,6.68723e-06,1.518059e-06,8.021164e-06,3.8702e-05,9.005969e-05,0.0001362468,0.0001509408,0.0001621221
0.000182577,0.0001887121,0.0001962235,0.0001988748,0.0002023276,0.0002031561,0.0002046436,0.0002044939,0.0002046433,0.000203137,0.0002012489,0.0001972527,0.0001921936,0.0001845454,0.0001753556,0.0001632717,0.0001494553,0.0001326724,0.0001142865,9.305867e-05,7.068984e-05,4.576912e-05,2.035857e-05,-7.043333e-06,-3.42357e-05,-6.273218e-05,-9.021109e-05,-0.000118274,-0.0001444871,-0.0001705769,-0.0001940495,-0.0002167901,-0.0002361242,-0.0002543612,-0.0002684907,-0.0002812621,-0.0002894339,-0.0002960642,-0.0002977547,-0.0002977915,-0.000292603,-0.0002855937,-0.0002730232,-0.0002582695,-0.0002374395,-0.0002137563,-0.0001835271,-0.0001497103,-0.000110036,-6.777375e-05,-2.438411e-05,1.445136e-05,4.291288e-05,4.09616e-05,5.125771e-07,-1.740073e-05,-1.551013e-05,-1.592489e-05,NaN,NaN,NaN,NaN,NaN,NaN,NaN,NaN,NaN,NaN,NaN,NaN,NaN,NaN,NaN,NaN,NaN,NaN,NaN,NaN,NaN,NaN,NaN,NaN,NaN,NaN,NaN,NaN,NaN,NaN,NaN,NaN,NaN,NaN,NaN,4.386238e-06,2.200396e-06,3.308305e-06,2.269948e-05,8.665039e-05,0.0001411313,0.0001634562
0.0001692603,0.0001939877,0.0002101492,0.0002226672,0.0002303903,0.0002355944,0.000238704,0.0002404627,0.0002409687,0.0002401893,0.0002379576,0.0002340226,0.0002281105,0.0002200489,0.0002095537,0.000196661,0.000181105,0.000163188,0.0001426258,0.0001200693,9.507634e-05,6.87459e-05,4.042247e-05,1.149194e-05,-1.873524e-05,-4.875072e-05,-7.931311e-05,-0.0001087975,-0.0001380715,-0.0001654357,-0.0001918629,-0.000215615,-0.0002379252,-0.0002568053,-0.000273923,-0.0002870547,-0.0002981737,-0.0003049581,-0.000309547,-0.0003095535,-0.0003071611,-0.0002999317,-0.0002898873,-0.0002745955,-0.0002557295,-0.0002311048,-0.0002018237,-0.0001670334,-0.0001274045,-8.626255e-05,-4.500564e-05,-1.51581e-05,5.755119e-07,-1.166156e-05,-1.769839e-05,-1.378664e-05,-1.743001e-05,NaN,NaN,NaN,NaN,NaN,NaN,NaN,NaN,NaN,NaN,NaN,NaN,NaN,NaN,NaN,NaN,NaN,NaN,NaN,NaN,NaN,NaN,NaN,NaN,NaN,NaN,NaN,NaN,NaN,NaN,NaN,NaN,NaN,NaN,NaN,NaN,NaN,1.869105e-06,3.091853e-06,3.297e-07,1.373599e-05,7.721662e-05,0.0001349521
0.0001254001,0.0001684481,0.0002026121,0.0002270878,0.0002428533,0.0002543426,0.0002610437,0.0002661952,0.0002681438,0.0002691785,0.0002672577,0.00026415,0.0002578634,0.0002499114,0.0002385523,0.0002251798,0.0002083771,0.0001894585,0.0001673829,0.0001433179,0.0001167008,8.84191e-05,5.837873e-05,2.729475e-05,-4.716351e-06,-3.701422e-05,-6.931608e-05,-0.0001011191,-0.0001320071,-0.0001616386,-0.0001895346,-0.0002155356,-0.0002389923,-0.000260182,-0.0002781358,-0.0002935627,-0.0003052875,-0.0003142864,-0.000319256,-0.0003213169,-0.0003190218,-0.0003134673,-0.0003030752,-0.0002887165,-0.0002687778,-0.0002437816,-0.0002126998,-0.000175683,-0.0001344437,-8.993145e-05,-5.178217e-05,-2.306613e-05,-1.511285e-05,-1.54556e-05,-1.437284e-05,NaN,NaN,NaN,NaN,NaN,NaN,NaN,NaN,NaN,NaN,NaN,NaN,NaN,NaN,NaN,NaN,NaN,NaN,NaN,NaN,NaN,NaN,NaN,NaN,NaN,NaN,NaN,NaN,NaN,NaN,NaN,NaN,NaN,NaN,NaN,NaN,NaN,NaN,NaN,NaN,NaN,2.460115e-06,-7.97544e-07,8.944033e-06,6.413082e-05
4.897541e-05,0.0001126709,0.0001707591,0.0002091586,0.0002383432,0.000256669,0.0002711997,0.0002794836,0.0002861607,0.0002883646,0.0002893414,0.0002862924,0.0002817064,0.0002731163,0.0002625915,0.0002480947,0.000231439,0.0002110499,0.0001885223,0.0001628046,0.0001351739,0.00010518,7.375045e-05,4.085051e-05,7.252941e-06,-2.684583e-05,-6.085764e-05,-9.43727e-05,-0.0001270262,-0.0001582428,-0.0001878766,-0.0002152224,-0.0002405136,-0.0002626881,-0.0002825376,-0.0002986351,-0.0003122025,-0.0003215512,-0.0003281922,-0.0003301601,-0.0003291394,-0.0003228254,-0.0003128918,-0.0002966592,-0.000275739,-0.0002473027,-0.0002129814,-0.0001709048,-0.0001237806,-7.428692e-05,-3.273112e-05,-1.563444e-05,-1.330377e-05,-1.417928e-05,NaN,NaN,NaN,NaN,NaN,NaN,NaN,NaN,NaN,NaN,NaN,NaN,NaN,NaN,NaN,NaN,NaN,NaN,NaN,NaN,NaN,NaN,NaN,NaN,NaN,NaN,NaN,NaN,NaN,NaN,NaN,NaN,NaN,NaN,NaN,NaN,NaN,NaN,NaN,NaN,NaN,NaN,NaN,1.431845e-06,-1.027004e-06,6.013083e-06
3.496624e-06,3.555712e-05,0.0001062846,0.00017024,0.0002114435,0.0002442107,0.000264965,0.0002819894,0.0002916441,0.0002993614,0.0003014819,0.0003019561,0.000297429,0.0002910381,0.0002798813,0.0002666245,0.00024887,0.0002289663,0.000205053,0.0001791553,0.0001500389,0.0001193036,8.631378e-05,5.237275e-05,1.716452e-05,-1.819716e-05,-5.376308e-05,-8.867155e-05,-0.0001227448,-0.0001553981,-0.0001862931,-0.0002151467,-0.0002413374,-0.0002651495,-0.000285496,-0.0003032306,-0.0003168752,-0.0003276904,-0.0003338253,-0.0003368442,-0.0003344211,-0.0003282898,-0.0003155226,-0.0002979126,-0.0002718701,-0.0002395541,-0.0001970857,-0.0001477232,-8.854481e-05,-3.429169e-05,-1.456993e-05,-1.185043e-05,-1.312262e-05,NaN,NaN,NaN,NaN,NaN,NaN,NaN,NaN,NaN,NaN,NaN,NaN,NaN,NaN,NaN,NaN,NaN,NaN,NaN,NaN,NaN,NaN,NaN,NaN,NaN,NaN,NaN,NaN,NaN,NaN,NaN,NaN,NaN,NaN,NaN,NaN,NaN,NaN,NaN,NaN,NaN,NaN,NaN,NaN,NaN,4.838672e-07,-1.334105e-06
-3.763824e-07,1.357666e-06,2.691759e-05,0.0001008596,0.0001665786,0.0002108617,0.0002456697,0.0002689896,0.0002874154,0.0002983683,0.0003061498,0.0003080464,0.0003072169,0.0003011372,0.000292353,0.0002786909,0.000262345,0.0002415697,0.0002182922,0.0001912835,0.0001621221,0.0001301893,9.669104e-05,6.143223e-05,2.544361e-05,-1.123093e-05,-4.777228e-05,-8.391061e-05,-0.0001190838,-0.0001528355,-0.0001848616,-0.0002145405,-0.0002419951,-0.0002661814,-0.0002878362,-0.0003054434,-0.0003202235,-0.0003302374,-0.0003370483,-0.0003382089,-0.0003355356,-0.0003258965,-0.0003112206,-0.0002874252,-0.0002567005,-0.0002141344,-0.0001630793,-9.713296e-05,-3.274603e-05,-1.272425e-05,-1.083449e-05,-1.165352e-05,NaN,NaN,NaN,NaN,NaN,NaN,NaN,NaN,NaN,NaN,NaN,NaN,NaN,NaN,NaN,NaN,NaN,NaN,NaN,NaN,NaN,NaN,NaN,NaN,NaN,NaN,NaN,NaN,NaN,NaN,NaN,NaN,NaN,NaN,NaN,NaN,NaN,NaN,NaN,NaN,NaN,NaN,NaN,NaN,NaN,NaN,NaN,-4.273217e-07
-9.315511e-07,-4.115711e-07,2.042901e-07,2.215534e-05,9.549268e-05,0.0001617554,0.0002078411,0.0002441564,0.0002691829,0.0002883953,0.0002998604,0.0003071419,0.0003082097,0.000305667,0.0002976517,0.0002862604,0.0002699479,0.0002505107,0.0002268156,0.000200372,0.0001705891,0.0001385919,0.0001043242,6.865696e-05,3.179314e-05,-5.547454e-06,-4.294872e-05,-7.9912e-05,-0.000115835,-0.0001504695,-0.0001830827,-0.0002137024,-0.0002413201,-0.0002665108,-0.0002877718,-0.0003062181,-0.000319882,-0.0003302346,-0.0003348012,-0.000335305,-0.0003285951,-0.0003165215,-0.0002949898,-0.0002658883,-0.0002236192,-0.0001713875,-0.0001014536,-3.052299e-05,-1.077733e-05,-9.79691e-06,-1.009418e-05,NaN,NaN,NaN,NaN,NaN,NaN,NaN,NaN,NaN,NaN,NaN,NaN,NaN,NaN,NaN,NaN,NaN,NaN,NaN,NaN,NaN,NaN,NaN,NaN,NaN,NaN,NaN,NaN,NaN,NaN,NaN,NaN,NaN,NaN,NaN,NaN,NaN,NaN,NaN,NaN,NaN,NaN,NaN,NaN,NaN,NaN,NaN,NaN,NaN
NaN,-1.281795e-06,-7.074833e-07,-3.760672e-07,1.923621e-05,9.051587e-05,0.0001560613,0.0002032252,0.0002401971,0.0002660602,0.0002852473,0.0002964833,0.0003026494,0.0003023564,0.0002977183,0.0002874742,0.000273342,0.0002543374,0.0002319133,0.0002054996,0.0001762255,0.0001440583,0.0001097917,7.374777e-05,3.659029e-05,-1.185868e-06,-3.908429e-05,-7.644296e-05,-0.0001129772,-0.000147889,-0.0001811002,-0.0002116851,-0.0002399363,-0.0002645146,-0.0002862618,-0.0003033384,-0.0003169715,-0.0003248189,-0.0003283121,-0.0003244651,-0.0003148422,-0.0002955315,-0.0002681053,-0.0002272443,-0.0001744051,-0.0001025057,-2.841182e-05,-9.0146e-06,-8.646337e-06,-8.616947e-06,NaN,NaN,NaN,NaN,NaN,NaN,NaN,NaN,NaN,NaN,NaN,NaN,NaN,NaN,NaN,NaN,NaN,NaN,NaN,NaN,NaN,NaN,NaN,NaN,NaN,NaN,NaN,NaN,NaN,NaN,NaN,NaN,NaN,NaN,NaN,NaN,NaN,NaN,NaN,NaN,NaN,NaN,NaN,NaN,NaN,NaN,NaN,NaN,NaN,NaN
NaN,NaN,-1.421563e-06,-8.763716e-07,-6.401893e-07,1.742257e-05,8.572164e-05,0.0001500686,0.000197294,0.0002340839,0.0002598067,0.0002782525,0.0002884924,0.0002930468,0.0002908821,0.0002839019,0.0002711921,0.000254327,0.0002326646,0.0002074999,0.0001786397,0.0001470237,0.0001129176,7.705002e-05,3.987027e-05,2.004235e-06,-3.595179e-05,-7.354321e-05,-0.0001100444,-0.0001451948,-0.0001781833,-0.0002089578,-0.000236454,-0.0002610933,-0.0002813028,-0.0002979464,-0.000308922,-0.000315302,-0.0003143385,-0.0003071752,-0.0002902258,-0.0002646116,-0.000225238,-0.0001739037,-0.0001013419,-2.645265e-05,-7.537552e-06,-7.434362e-06,-7.287696e-06,NaN,NaN,NaN,NaN,NaN,NaN,NaN,NaN,NaN,NaN,NaN,NaN,NaN,NaN,NaN,NaN,NaN,NaN,NaN,NaN,NaN,NaN,NaN,NaN,NaN,NaN,NaN,NaN,NaN,NaN,NaN,NaN,NaN,NaN,NaN,NaN,NaN,NaN,NaN,NaN,NaN,NaN,NaN,NaN,NaN,NaN,NaN,NaN,NaN,NaN,NaN
NaN,NaN,NaN,-1.502267e-06,-1.011423e-06,-7.009863e-07,1.624331e-05,8.131596e-05,0.0001437542,0.0001901393,0.0002258445,0.0002506256,0.0002675776,0.0002762507,0.000278676,0.000274339,0.0002647713,0.0002495809,0.0002299941,0.0002059264,0.0001782809,0.0001474377,0.0001139889,7.859602e-05,4.176304e-05,4.25435e-06,-3.354557e-05,-7.076564e-05,-0.0001071756,-0.0001418189,-0.000174598,-0.0002044657,-0.0002316062,-0.0002545653,-0.0002739694,-0.0002878326,-0.0002970078,-0.0002989147,-0.0002943761,-0.0002799701,-0.0002564848,-0.0002194506,-0.0001688858,-9.928428e-05,-2.50383e-05,-6.217307e-06,-6.329149e-06,-6.038126e-06,NaN,NaN,NaN,NaN,NaN,NaN,NaN,NaN,NaN,NaN,NaN,NaN,NaN,NaN,NaN,NaN,NaN,NaN,NaN,NaN,NaN,NaN,NaN,NaN,NaN,NaN,NaN,NaN,NaN,NaN,NaN,NaN,NaN,NaN,NaN,NaN,NaN,NaN,NaN,NaN,NaN,NaN,NaN,NaN,NaN,NaN,NaN,NaN,NaN,NaN,NaN,NaN
NaN,NaN,NaN,NaN,-1.543817e-06,-1.036306e-06,-6.738549e-07,1.555216e-05,7.71651e-05,0.000137056,0.0001816693,0.0002155945,0.000238587,0.0002535532,0.0002600286,0.000260088,0.0002532341,0.000241119,0.0002233842,0.0002013714,0.0001750878,0.0001455262,0.0001130816,7.856727e-05,4.248643e-05,5.59411e-06,-3.15236e-05,-6.822812e-05,-0.000103858,-0.0001378975,-0.0001696416,-0.0001986899,-0.0002241023,-0.0002458444,-0.0002624464,-0.0002741769,-0.000278967,-0.0002770779,-0.0002656401,-0.0002446578,-0.000210113,-0.0001625683,-9.470956e-05,-2.403528e-05,-5.134451e-06,-5.275384e-06,-4.956695e-06,NaN,NaN,NaN,NaN,NaN,NaN,NaN,NaN,NaN,NaN,NaN,NaN,NaN,NaN,NaN,NaN,NaN,NaN,NaN,NaN,NaN,NaN,NaN,NaN,NaN,NaN,NaN,NaN,NaN,NaN,NaN,NaN,NaN,NaN,NaN,NaN,NaN,NaN,NaN,NaN,NaN,NaN,NaN,NaN,NaN,NaN,NaN,NaN,NaN,NaN,NaN,NaN,NaN
NaN,NaN,NaN,NaN,NaN,-1.518195e-06,-1.036449e-06,-5.423374e-07,1.517781e-05,7.31562e-05,0.0001297766,0.0001719222,0.000203301,0.0002239908,0.0002363515,0.0002403658,0.0002377181,0.0002283728,0.0002136245,0.0001936464,0.0001693875,0.0001414226,0.0001103983,7.710203e-05,4.212341e-05,6.289745e-06,-2.988764e-05,-6.552183e-05,-0.0001002012,-0.0001329852,-0.0001635188,-0.0001907837,-0.0002146128,-0.0002335524,-0.0002477691,-0.0002552006,-0.000256089,-0.0002476037,-0.0002297593,-0.000198531,-0.0001533856,-9.020735e-05,-2.286049e-05,-4.384868e-06,-4.09133e-06,-3.978877e-06,NaN,NaN,NaN,NaN,NaN,NaN,NaN,NaN,NaN,NaN,NaN,NaN,NaN,NaN,NaN,NaN,NaN,NaN,NaN,NaN,NaN,NaN,NaN,NaN,NaN,NaN,NaN,NaN,NaN,NaN,NaN,NaN,NaN,NaN,NaN,NaN,NaN,NaN,NaN,NaN,NaN,NaN,NaN,NaN,NaN,NaN,NaN,NaN,NaN,NaN,NaN,NaN,NaN,NaN
NaN,NaN,NaN,NaN,NaN,NaN,-1.47564e-06,-9.930557e-07,-3.625581e-07,1.503244e-05,6.904795e-05,0.0001218262,0.0001608204,0.0001891716,0.0002069391,0.0002164456,0.000217659,0.0002123168,0.0002004061,0.0001832928,0.000161262,0.00013532,0.0001060785,7.438348e-05,4.088346e-05,6.40323e-06,-2.837836e-05,-6.270298e-05,-9.585413e-05,-0.0001271267,-0.0001557819,-0.0001811312,-0.0002021921,-0.000218534,-0.00022858,-0.0002320686,-0.0002267111,-0.0002120165,-0.0001846252,-0.0001437963,-8.412578e-05,-2.169377e-05,-3.628944e-06,-3.346753e-06,-3.072481e-06,NaN,NaN,NaN,NaN,NaN,NaN,NaN,NaN,NaN,NaN,NaN,NaN,NaN,NaN,NaN,NaN,NaN,NaN,NaN,NaN,NaN,NaN,NaN,NaN,NaN,NaN,NaN,NaN,NaN,NaN,NaN,NaN,NaN,NaN,NaN,NaN,NaN,NaN,NaN,NaN,NaN,NaN,NaN,NaN,NaN,NaN,NaN,NaN,NaN,NaN,NaN,NaN,NaN,NaN,NaN
NaN,NaN,NaN,NaN,NaN,NaN,NaN,-1.393484e-06,-9.348262e-07,-1.079989e-07,1.490688e-05,6.467655e-05,0.0001131088,0.0001484577,0.0001732364,0.0001878259,0.000194186,0.0001925962,0.0001844901,0.0001702772,0.0001510062,0.0001274377,0.0001003203,7.055778e-05,3.886851e-05,6.137892e-06,-2.695454e-05,-5.950017e-05,-9.086476e-05,-0.0001201036,-0.0001465591,-0.0001692016,-0.0001874613,-0.000199817,-0.0002059272,-0.0002035193,-0.0001922466,-0.0001687406,-0.0001322682,-7.837605e-05,-2.04954e-05,-3.096652e-06,-2.414604e-06,-2.356488e-06,NaN,NaN,NaN,NaN,NaN,NaN,NaN,NaN,NaN,NaN,NaN,NaN,NaN,NaN,NaN,NaN,NaN,NaN,NaN,NaN,NaN,NaN,NaN,NaN,NaN,NaN,NaN,NaN,NaN,NaN,NaN,NaN,NaN,NaN,NaN,NaN,NaN,NaN,NaN,NaN,NaN,NaN,NaN,NaN,NaN,NaN,NaN,NaN,NaN,NaN,NaN,NaN,NaN,NaN,NaN,NaN
NaN,NaN,NaN,NaN,NaN,NaN,NaN,NaN,-1.296819e-06,-8.487086e-07,1.706009e-07,1.470993e-05,5.98954e-05,0.0001035794,0.0001348094,0.0001557951,0.0001669674,0.0001701636,0.0001657474,0.0001550993,0.0001388275,0.0001179372,9.330816e-05,6.580424e-05,3.626249e-05,5.570714e-06,-2.545676e-05,-5.593854e-05,-8.506118e-05,-0.0001119115,-0.0001356794,-0.0001553389,-0.0001698317,-0.0001782579,-0.0001789012,-0.0001708219,-0.0001515592,-0.0001196345,-7.161879e-05,-1.941708e-05,-2.557416e-06,-1.92288e-06,-1.602543e-06,NaN,NaN,NaN,NaN,NaN,NaN,NaN,NaN,NaN,NaN,NaN,NaN,NaN,NaN,NaN,NaN,NaN,NaN,NaN,NaN,NaN,NaN,NaN,NaN,NaN,NaN,NaN,NaN,NaN,NaN,NaN,NaN,NaN,NaN,NaN,NaN,NaN,NaN,NaN,NaN,NaN,NaN,NaN,NaN,NaN,NaN,NaN,NaN,NaN,NaN,NaN,NaN,NaN,NaN,NaN,NaN,NaN
NaN,NaN,NaN,NaN,NaN,NaN,NaN,NaN,NaN,-1.185994e-06,-7.292626e-07,4.648331e-07,1.431014e-05,5.459621e-05,9.316589e-05,0.0001200799,0.0001371246,0.000144857,0.0001448985,0.0001378772,0.0001249708,0.0001071214,8.522169e-05,6.027002e-05,3.316954e-05,4.833054e-06,-2.382025e-05,-5.189686e-05,-7.845125e-05,-0.0001025806,-0.0001232091,-0.0001393563,-0.0001498892,-0.0001533072,-0.0001485811,-0.0001332324,-0.0001062059,-6.423782e-05,-1.823798e-05,-2.244879e-06,-1.248206e-06,-1.106147e-06,NaN,NaN,NaN,NaN,NaN,NaN,NaN,NaN,NaN,NaN,NaN,NaN,NaN,NaN,NaN,NaN,NaN,NaN,NaN,NaN,NaN,NaN,NaN,NaN,NaN,NaN,NaN,NaN,NaN,NaN,NaN,NaN,NaN,NaN,NaN,NaN,NaN,NaN,NaN,NaN,NaN,NaN,NaN,NaN,NaN,NaN,NaN,NaN,NaN,NaN,NaN,NaN,NaN,NaN,NaN,NaN,NaN,NaN
NaN,NaN,NaN,NaN,NaN,NaN,NaN,NaN,NaN,-7.796586e-07,-1.05559e-06,-5.966253e-07,7.449172e-07,1.363562e-05,4.86764e-05,8.197036e-05,0.000104521,0.0001175922,0.0001219775,0.0001190522,0.0001097604,9.511299e-05,7.627177e-05,5.413356e-05,2.972509e-05,4.023998e-06,-2.201474e-05,-4.735633e-05,-7.107923e-05,-9.202812e-05,-0.0001093086,-0.0001215076,-0.0001274628,-0.0001257613,-0.0001145554,-9.203038e-05,-5.631816e-05,-1.675092e-05,-2.027583e-06,-7.971886e-07,-5.897047e-07,-1.313802e-06,NaN,NaN,NaN,NaN,NaN,NaN,NaN,NaN,NaN,NaN,NaN,NaN,NaN,NaN,NaN,NaN,NaN,NaN,NaN,NaN,NaN,NaN,NaN,NaN,NaN,NaN,NaN,NaN,NaN,NaN,NaN,NaN,NaN,NaN,NaN,NaN,NaN,NaN,NaN,NaN,NaN,NaN,NaN,NaN,NaN,NaN,NaN,NaN,NaN,NaN,NaN,NaN,NaN,NaN,NaN,NaN,NaN,NaN
NaN,NaN,NaN,NaN,NaN,NaN,NaN,NaN,NaN,NaN,-6.937289e-07,-9.171768e-07,-4.568401e-07,9.929782e-07,1.259884e-05,4.21697e-05,7.019736e-05,8.839833e-05,9.762205e-05,9.889905e-05,9.336223e-05,8.229493e-05,6.661396e-05,4.752917e-05,2.603725e-05,3.187225e-06,-1.994252e-05,-4.236353e-05,-6.289424e-05,-8.056231e-05,-9.39349e-05,-0.0001019898,-0.0001030349,-9.553095e-05,-7.77957e-05,-4.790738e-05,-1.492605e-05,-1.866006e-06,-4.613136e-07,-2.393327e-07,-8.142962e-07,NaN,NaN,NaN,NaN,NaN,NaN,NaN,NaN,NaN,NaN,NaN,NaN,NaN,NaN,NaN,NaN,NaN,NaN,NaN,NaN,NaN,NaN,NaN,NaN,NaN,NaN,NaN,NaN,NaN,NaN,NaN,NaN,NaN,NaN,NaN,NaN,NaN,NaN,NaN,NaN,NaN,NaN,NaN,NaN,NaN,NaN,NaN,NaN,NaN,NaN,NaN,NaN,NaN,NaN,NaN,NaN,NaN,NaN,NaN
NaN,NaN,NaN,NaN,NaN,NaN,NaN,NaN,NaN,NaN,NaN,-6.028651e-07,-7.711313e-07,-3.158689e-07,1.178723e-06,1.12036e-05,3.523398e-05,5.801666e-05,7.209161e-05,7.771136e-05,7.626363e-05,6.869715e-05,5.650759e-05,4.060157e-05,2.221578e-05,2.417793e-06,-1.76778e-05,-3.687532e-05,-5.412851e-05,-6.802035e-05,-7.757048e-05,-8.092899e-05,-7.684663e-05,-6.328327e-05,-3.941596e-05,-1.287923e-05,-1.717916e-06,-2.156931e-07,2.470732e-08,-4.356109e-07,NaN,NaN,NaN,NaN,NaN,NaN,NaN,NaN,NaN,NaN,NaN,NaN,NaN,NaN,NaN,NaN,NaN,NaN,NaN,NaN,NaN,NaN,NaN,NaN,NaN,NaN,NaN,NaN,NaN,NaN,NaN,NaN,NaN,NaN,NaN,NaN,NaN,NaN,NaN,NaN,NaN,NaN,NaN,NaN,NaN,NaN,NaN,NaN,NaN,NaN,NaN,NaN,NaN,NaN,NaN,NaN,NaN,NaN,NaN,NaN
NaN,NaN,NaN,NaN,NaN,NaN,NaN,NaN,NaN,NaN,NaN,NaN,-5.064655e-07,-6.269472e-07,-1.719903e-07,1.278136e-06,9.510472e-06,2.80436e-05,4.577463e-05,5.602435e-05,5.844428e-05,5.48371e-05,4.603167e-05,3.350827e-05,1.83312e-05,1.711951e-06,-1.512119e-05,-3.106038e-05,-4.469194e-05,-5.495863e-05,-6.002359e-05,-5.892297e-05,-4.9171e-05,-3.082355e-05,-1.063604e-05,-1.567015e-06,-1.204333e-07,2.129582e-07,-1.633478e-07,NaN,NaN,NaN,NaN,NaN,NaN,NaN,NaN,NaN,NaN,NaN,NaN,NaN,NaN,NaN,NaN,NaN,NaN,NaN,NaN,NaN,NaN,NaN,NaN,NaN,NaN,NaN,NaN,NaN,NaN,NaN,NaN,NaN,NaN,NaN,NaN,NaN,NaN,NaN,NaN,NaN,NaN,NaN,NaN,NaN,NaN,NaN,NaN,NaN,NaN,NaN,NaN,NaN,NaN,NaN,NaN,NaN,NaN,NaN,NaN,NaN
NaN,NaN,NaN,NaN,NaN,NaN,NaN,NaN,NaN,NaN,NaN,NaN,NaN,-4.239027e-07,-4.666805e-07,-6.923423e-08,1.303905e-06,7.590079e-06,2.096734e-05,3.389254e-05,4.064606e-05,4.058787e-05,3.550965e-05,2.633737e-05,1.448853e-05,1.146109e-06,-1.242583e-05,-2.485641e-05,-3.497352e-05,-4.109215e-05,-4.215011e-05,-3.588686e-05,-2.262464e-05,-8.288958e-06,-1.431364e-06,-1.788204e-10,2.560039e-07,5.48049e-08,NaN,NaN,NaN,NaN,NaN,NaN,NaN,NaN,NaN,NaN,NaN,NaN,NaN,NaN,NaN,NaN,NaN,NaN,NaN,NaN,NaN,NaN,NaN,NaN,NaN,NaN,NaN,NaN,NaN,NaN,NaN,NaN,NaN,NaN,NaN,NaN,NaN,NaN,NaN,NaN,NaN,NaN,NaN,NaN,NaN,NaN,NaN,NaN,NaN,NaN,NaN,NaN,NaN,NaN,NaN,NaN,NaN,NaN,NaN,NaN,NaN,NaN
NaN,NaN,NaN,NaN,NaN,NaN,NaN,NaN,NaN,NaN,NaN,NaN,NaN,-4.264765e-07,-3.543825e-07,-3.061197e-07,-9.973504e-09,1.253304e-06,5.60749e-06,1.444763e-05,2.287571e-05,2.660979e-05,2.496631e-05,1.925445e-05,1.071988e-05,6.87165e-07,-9.502127e-06,-1.850262e-05,-2.487611e-05,-2.719912e-05,-2.384246e-05,-1.532835e-05,-5.956348e-06,-1.29061e-06,5.431596e-08,2.646452e-07,1.802709e-07,1.153204e-07,NaN,NaN,NaN,NaN,NaN,NaN,NaN,NaN,NaN,NaN,NaN,NaN,NaN,NaN,NaN,NaN,NaN,NaN,NaN,NaN,NaN,NaN,NaN,NaN,NaN,NaN,NaN,NaN,NaN,NaN,NaN,NaN,NaN,NaN,NaN,NaN,NaN,NaN,NaN,NaN,NaN,NaN,NaN,NaN,NaN,NaN,NaN,NaN,NaN,NaN,NaN,NaN,NaN,NaN,NaN,NaN,NaN,NaN,NaN,NaN,NaN,NaN
NaN,NaN,NaN,NaN,NaN,NaN,NaN,NaN,NaN,NaN,NaN,NaN,NaN,NaN,-3.07482e-07,-2.855728e-07,-1.753197e-07,4.093383e-08,1.095641e-06,3.802383e-06,8.898483e-06,1.348437e-05,1.477719e-05,1.237788e-05,7.121454e-06,3.722621e-07,-6.508609e-06,-1.205001e-05,-1.486001e-05,-1.383158e-05,-9.245176e-06,-3.942898e-06,-1.068171e-06,4.683472e-08,2.203367e-07,2.571579e-07,1.627428e-07,NaN,NaN,NaN,NaN,NaN,NaN,NaN,NaN,NaN,NaN,NaN,NaN,NaN,NaN,NaN,NaN,NaN,NaN,NaN,NaN,NaN,NaN,NaN,NaN,NaN,NaN,NaN,NaN,NaN,NaN,NaN,NaN,NaN,NaN,NaN,NaN,NaN,NaN,NaN,NaN,NaN,NaN,NaN,NaN,NaN,NaN,NaN,NaN,NaN,NaN,NaN,NaN,NaN,NaN,NaN,NaN,NaN,NaN,NaN,NaN,NaN,NaN,NaN
NaN,NaN,NaN,NaN,NaN,NaN,NaN,NaN,NaN,NaN,NaN,NaN,NaN,NaN,NaN,-2.152823e-07,-2.115936e-07,-8.381715e-08,9.026137e-08,8.434755e-07,2.360972e-06,4.709659e-06,6.478981e-06,6.242351e-06,3.853086e-06,1.706785e-07,-3.573762e-06,-6.116334e-06,-6.507331e-06,-4.792782e-06,-2.373037e-06,-7.909528e-07,9.915365e-09,1.617586e-07,2.579268e-07,1.853649e-07,NaN,NaN,NaN,NaN,NaN,NaN,NaN,NaN,NaN,NaN,NaN,NaN,NaN,NaN,NaN,NaN,NaN,NaN,NaN,NaN,NaN,NaN,NaN,NaN,NaN,NaN,NaN,NaN,NaN,NaN,NaN,NaN,NaN,NaN,NaN,NaN,NaN,NaN,NaN,NaN,NaN,NaN,NaN,NaN,NaN,NaN,NaN,NaN,NaN,NaN,NaN,NaN,NaN,NaN,NaN,NaN,NaN,NaN,NaN,NaN,NaN,NaN,NaN,NaN
NaN,NaN,NaN,NaN,NaN,NaN,NaN,NaN,NaN,NaN,NaN,NaN,NaN,NaN,NaN,-1.877078e-07,-1.420403e-07,-1.419381e-07,-2.351294e-08,1.190519e-07,5.734566e-07,1.306643e-06,2.079434e-06,2.303614e-06,1.56292e-06,7.491598e-08,-1.435316e-06,-2.23284e-06,-2.045181e-06,-1.271998e-06,-5.188687e-07,-2.970431e-08,1.042054e-07,2.143036e-07,1.699168e-07,1.678972e-07,NaN,NaN,NaN,NaN,NaN,NaN,NaN,NaN,NaN,NaN,NaN,NaN,NaN,NaN,NaN,NaN,NaN,NaN,NaN,NaN,NaN,NaN,NaN,NaN,NaN,NaN,NaN,NaN,NaN,NaN,NaN,NaN,NaN,NaN,NaN,NaN,NaN,NaN,NaN,NaN,NaN,NaN,NaN,NaN,NaN,NaN,NaN,NaN,NaN,NaN,NaN,NaN,NaN,NaN,NaN,NaN,NaN,NaN,NaN,NaN,NaN,NaN,NaN,NaN
NaN,NaN,NaN,NaN,NaN,NaN,NaN,NaN,NaN,NaN,NaN,NaN,NaN,NaN,NaN,NaN,-1.300323e-07,-8.454187e-08,-8.303054e-08,9.936897e-09,1.221388e-07,3.456197e-07,6.135981e-07,7.279369e-07,5.244329e-07,3.593333e-08,-4.516571e-07,-6.79623e-07,-5.654553e-07,-2.946305e-07,-6.038053e-08,5.96225e-08,1.520557e-07,1.332943e-07,1.552323e-07,NaN,NaN,NaN,NaN,NaN,NaN,NaN,NaN,NaN,NaN,NaN,NaN,NaN,NaN,NaN,NaN,NaN,NaN,NaN,NaN,NaN,NaN,NaN,NaN,NaN,NaN,NaN,NaN,NaN,NaN,NaN,NaN,NaN,NaN,NaN,NaN,NaN,NaN,NaN,NaN,NaN,NaN,NaN,NaN,NaN,NaN,NaN,NaN,NaN,NaN,NaN,NaN,NaN,NaN,NaN,NaN,NaN,NaN,NaN,NaN,NaN,NaN,NaN,NaN,NaN
NaN,NaN,NaN,NaN,NaN,NaN,NaN,NaN,NaN,NaN,NaN,NaN,NaN,NaN,NaN,NaN,NaN,-8.259032e-08,-4.367315e-08,-3.739114e-08,2.329197e-08,9.90508e-08,1.862248e-07,2.281862e-07,1.748727e-07,2.111666e-08,-1.316223e-07,-1.918055e-07,-1.476007e-07,-5.484642e-08,2.206552e-08,9.195445e-08,8.89985e-08,1.208418e-07,NaN,NaN,NaN,NaN,NaN,NaN,NaN,NaN,NaN,NaN,NaN,NaN,NaN,NaN,NaN,NaN,NaN,NaN,NaN,NaN,NaN,NaN,NaN,NaN,NaN,NaN,NaN,NaN,NaN,NaN,NaN,NaN,NaN,NaN,NaN,NaN,NaN,NaN,NaN,NaN,NaN,NaN,NaN,NaN,NaN,NaN,NaN,NaN,NaN,NaN,NaN,NaN,NaN,NaN,NaN,NaN,NaN,NaN,NaN,NaN,NaN,NaN,NaN,NaN,NaN,NaN
NaN,NaN,NaN,NaN,NaN,NaN,NaN,NaN,NaN,NaN,NaN,NaN,NaN,NaN,NaN,NaN,NaN,-4.018867e-08,-4.593702e-08,-1.866628e-08,-6.450912e-09,2.401768e-08,6.159819e-08,8.056416e-08,6.373767e-08,1.216433e-08,-3.621485e-08,-5.748261e-08,-3.415765e-08,5.610014e-09,3.885483e-08,5.231145e-08,7.844736e-08,6.257844e-08,NaN,NaN,NaN,NaN,NaN,NaN,NaN,NaN,NaN,NaN,NaN,NaN,NaN,NaN,NaN,NaN,NaN,NaN,NaN,NaN,NaN,NaN,NaN,NaN,NaN,NaN,NaN,NaN,NaN,NaN,NaN,NaN,NaN,NaN,NaN,NaN,NaN,NaN,NaN,NaN,NaN,NaN,NaN,NaN,NaN,NaN,NaN,NaN,NaN,NaN,NaN,NaN,NaN,NaN,NaN,NaN,NaN,NaN,NaN,NaN,NaN,NaN,NaN,NaN,NaN,NaN
NaN,NaN,NaN,NaN,NaN,NaN,NaN,NaN,NaN,NaN,NaN,NaN,NaN,NaN,NaN,NaN,NaN,NaN,-1.807524e-08,-1.964346e-08,-5.731398e-09,6.455355e-09,2.008765e-08,2.702689e-08,2.399545e-08,7.038086e-09,-8.976353e-09,-1.29137e-08,-4.208449e-09,1.172085e-08,2.390629e-08,4.068182e-08,3.542409e-08,NaN,NaN,NaN,NaN,NaN,NaN,NaN,NaN,NaN,NaN,NaN,NaN,NaN,NaN,NaN,NaN,NaN,NaN,NaN,NaN,NaN,NaN,NaN,NaN,NaN,NaN,NaN,NaN,NaN,NaN,NaN,NaN,NaN,NaN,NaN,NaN,NaN,NaN,NaN,NaN,NaN,NaN,NaN,NaN,NaN,NaN,NaN,NaN,NaN,NaN,NaN,NaN,NaN,NaN,NaN,NaN,NaN,NaN,NaN,NaN,NaN,NaN,NaN,NaN,NaN,NaN,NaN
NaN,NaN,NaN,NaN,NaN,NaN,NaN,NaN,NaN,NaN,NaN,NaN,NaN,NaN,NaN,NaN,NaN,NaN,-1.471404e-08,-5.517421e-09,-5.261458e-09,-6.966361e-11,6.477131e-09,1.029917e-08,8.969017e-09,3.220717e-09,-1.416724e-09,-3.739602e-09,1.606847e-09,8.70768e-09,1.475659e-08,1.494151e-08,2.416776e-08,NaN,NaN,NaN,NaN,NaN,NaN,NaN,NaN,NaN,NaN,NaN,NaN,NaN,NaN,NaN,NaN,NaN,NaN,NaN,NaN,NaN,NaN,NaN,NaN,NaN,NaN,NaN,NaN,NaN,NaN,NaN,NaN,NaN,NaN,NaN,NaN,NaN,NaN,NaN,NaN,NaN,NaN,NaN,NaN,NaN,NaN,NaN,NaN,NaN,NaN,NaN,NaN,NaN,NaN,NaN,NaN,NaN,NaN,NaN,NaN,NaN,NaN,NaN,NaN,NaN,NaN,NaN
NaN,NaN,NaN,NaN,NaN,NaN,NaN,NaN,NaN,NaN,NaN,NaN,NaN,NaN,NaN,NaN,NaN,NaN,NaN,-3.94345e-09,-1.524152e-09,-8.249925e-12,1.67761e-09,2.519969e-09,2.682899e-09,1.228578e-09,-5.162405e-11,3.009045e-11,1.205958e-09,3.326454e-09,4.792349e-09,7.760524e-09,NaN,NaN,NaN,NaN,NaN,NaN,NaN,NaN,NaN,NaN,NaN,NaN,NaN,NaN,NaN,NaN,NaN,NaN,NaN,NaN,NaN,NaN,NaN,NaN,NaN,NaN,NaN,NaN,NaN,NaN,NaN,NaN,NaN,NaN,NaN,NaN,NaN,NaN,NaN,NaN,NaN,NaN,NaN,NaN,NaN,NaN,NaN,NaN,NaN,NaN,NaN,NaN,NaN,NaN,NaN,NaN,NaN,NaN,NaN,NaN,NaN,NaN,NaN,NaN,NaN,NaN,NaN,NaN
NaN,NaN,NaN,NaN,NaN,NaN,NaN,NaN,NaN,NaN,NaN,NaN,NaN,NaN,NaN,NaN,NaN,NaN,NaN,5.492313e-11,-6.623979e-10,-2.559763e-10,3.08912e-10,7.27706e-10,5.681067e-10,2.431253e-10,7.623451e-11,-2.283606e-10,3.826528e-10,9.32344e-10,1.504008e-09,6.170001e-10,NaN,NaN,NaN,NaN,NaN,NaN,NaN,NaN,NaN,NaN,NaN,NaN,NaN,NaN,NaN,NaN,NaN,NaN,NaN,NaN,NaN,NaN,NaN,NaN,NaN,NaN,NaN,NaN,NaN,NaN,NaN,NaN,NaN,NaN,NaN,NaN,NaN,NaN,NaN,NaN,NaN,NaN,NaN,NaN,NaN,NaN,NaN,NaN,NaN,NaN,NaN,NaN,NaN,NaN,NaN,NaN,NaN,NaN,NaN,NaN,NaN,NaN,NaN,NaN,NaN,NaN,NaN,NaN
NaN,NaN,NaN,NaN,NaN,NaN,NaN,NaN,NaN,NaN,NaN,NaN,NaN,NaN,NaN,NaN,NaN,NaN,NaN,-3.625814e-11,-3.233919e-11,-1.035279e-11,1.814526e-11,3.504823e-11,3.495396e-11,1.717229e-11,6.272882e-12,7.212812e-13,2.686303e-11,5.794119e-11,8.45814e-11,8.83426e-11,NaN,NaN,NaN,NaN,NaN,NaN,NaN,NaN,NaN,NaN,NaN,NaN,NaN,NaN,NaN,NaN,NaN,NaN,NaN,NaN,NaN,NaN,NaN,NaN,NaN,NaN,NaN,NaN,NaN,NaN,NaN,NaN,NaN,NaN,NaN,NaN,NaN,NaN,NaN,NaN,NaN,NaN,NaN,NaN,NaN,NaN,NaN,NaN,NaN,NaN,NaN,NaN,NaN,NaN,NaN,NaN,NaN,NaN,NaN,NaN,NaN,NaN,NaN,NaN,NaN,NaN,NaN,NaN
NaN,NaN,NaN,NaN,NaN,NaN,NaN,NaN,NaN,NaN,NaN,NaN,NaN,NaN,NaN,NaN,NaN,NaN,NaN,0,0,0,0,0,0,0,0,0,0,0,0,0,NaN,NaN,NaN,NaN,NaN,NaN,NaN,NaN,NaN,NaN,NaN,NaN,NaN,NaN,NaN,NaN,NaN,NaN,NaN,NaN,NaN,NaN,NaN,NaN,NaN,NaN,NaN,NaN,NaN,NaN,NaN,NaN,NaN,NaN,NaN,NaN,NaN,NaN,NaN,NaN,NaN,NaN,NaN,NaN,NaN,NaN,NaN,NaN,NaN,NaN,NaN,NaN,NaN,NaN,NaN,NaN,NaN,NaN,NaN,NaN,NaN,NaN,NaN,NaN,NaN,NaN,NaN,NaN
