NaN,NaN,NaN,NaN,NaN,NaN,NaN,NaN,NaN,NaN,NaN,NaN,NaN,NaN,NaN,NaN,NaN,NaN,NaN,0,0,0,0,0,0,0,0,0,0,0,0,0,NaN,NaN,NaN,NaN,NaN,NaN,NaN,NaN,NaN,NaN,NaN,NaN,NaN,NaN,NaN,NaN,NaN,NaN,NaN,NaN,NaN,NaN,NaN,NaN,NaN,NaN,NaN,NaN,NaN,NaN,NaN,NaN,NaN,NaN,NaN,NaN,NaN,NaN,NaN,NaN,NaN,NaN,NaN,NaN,NaN,NaN,NaN,NaN,NaN,NaN,NaN,NaN,NaN,NaN,NaN,NaN,NaN,NaN,NaN,NaN,NaN,NaN,NaN,NaN,NaN,NaN,NaN,NaN
NaN,NaN,NaN,NaN,NaN,NaN,NaN,NaN,NaN,NaN,NaN,NaN,NaN,NaN,NaN,NaN,NaN,NaN,NaN,3.350223e-11,3.174924e-11,1.051047e-11,-9.739582e-12,-2.650057e-11,-2.394807e-11,-1.456765e-11,-3.800554e-12,-4.467136e-12,-2.047244e-11,-4.688886e-11,-5.98877e-11,-6.302932e-11,NaN,NaN,NaN,NaN,NaN,NaN,NaN,NaN,NaN,NaN,NaN,NaN,NaN,NaN,NaN,NaN,NaN,NaN,NaN,NaN,NaN,NaN,NaN,NaN,NaN,NaN,NaN,NaN,NaN,NaN,NaN,NaN,NaN,NaN,NaN,NaN,NaN,NaN,NaN,NaN,NaN,NaN,NaN,NaN,NaN,NaN,NaN,NaN,NaN,NaN,NaN,NaN,NaN,NaN,NaN,NaN,NaN,NaN,NaN,NaN,NaN,NaN,NaN,NaN,NaN,NaN,NaN,NaN
NaN,NaN,NaN,NaN,NaN,NaN,NaN,NaN,NaN,NaN,NaN,NaN,NaN,NaN,NaN,NaN,NaN,NaN,NaN,-4.696358e-11,7.038992e-10,1.420619e-10,-8.396125e-11,-6.471077e-10,-2.897579e-10,-3.113195e-10,6.669817e-11,-5.259086e-12,-1.70683e-10,-8.678731e-10,-9.408782e-10,-5.870878e-10,NaN,NaN,NaN,NaN,NaN,NaN,NaN,NaN,NaN,NaN,NaN,NaN,NaN,NaN,NaN,NaN,NaN,NaN,NaN,NaN,NaN,NaN,NaN,NaN,NaN,NaN,NaN,NaN,NaN,NaN,NaN,NaN,NaN,NaN,NaN,NaN,NaN,NaN,NaN,NaN,NaN,NaN,NaN,NaN,NaN,NaN,NaN,NaN,NaN,NaN,NaN,NaN,NaN,NaN,NaN,NaN,NaN,NaN,NaN,NaN,NaN,NaN,NaN,NaN,NaN,NaN,NaN,NaN
NaN,NaN,NaN,NaN,NaN,NaN,NaN,NaN,NaN,NaN,NaN,NaN,NaN,NaN,NaN,NaN,NaN,NaN,NaN,3.61701e-09,1.413877e-09,3.981234e-10,-1.219645e-09,-1.671995e-09,-2.100397e-09,-7.675756e-10,-1.545934e-10,1.217968e-11,-1.226395e-09,-2.440792e-09,-3.696017e-09,-5.167206e-09,NaN,NaN,NaN,NaN,NaN,NaN,NaN,NaN,NaN,NaN,NaN,NaN,NaN,NaN,NaN,NaN,NaN,NaN,NaN,NaN,NaN,NaN,NaN,NaN,NaN,NaN,NaN,NaN,NaN,NaN,NaN,NaN,NaN,NaN,NaN,NaN,NaN,NaN,NaN,NaN,NaN,NaN,NaN,NaN,NaN,NaN,NaN,NaN,NaN,NaN,NaN,NaN,NaN,NaN,NaN,NaN,NaN,NaN,NaN,NaN,NaN,NaN,NaN,NaN,NaN,NaN,NaN,NaN
NaN,NaN,NaN,NaN,NaN,NaN,NaN,NaN,NaN,NaN,NaN,NaN,NaN,NaN,NaN,NaN,NaN,NaN,1.320427e-08,5.132303e-09,5.434721e-09,3.81126e-10,-4.059338e-09,-7.919543e-09,-6.129321e-09,-2.788005e-09,1.45888e-09,1.964864e-09,-1.111655e-09,-7.338912e-09,-1.026711e-08,-1.084926e-08,-1.476796e-08,NaN,NaN,NaN,NaN,NaN,NaN,NaN,NaN,NaN,NaN,NaN,NaN,NaN,NaN,NaN,NaN,NaN,NaN,NaN,NaN,NaN,NaN,NaN,NaN,NaN,NaN,NaN,NaN,NaN,NaN,NaN,NaN,NaN,NaN,NaN,NaN,NaN,NaN,NaN,NaN,NaN,NaN,NaN,NaN,NaN,NaN,NaN,NaN,NaN,NaN,NaN,NaN,NaN,NaN,NaN,NaN,NaN,NaN,NaN,NaN,NaN,NaN,NaN,NaN,NaN,NaN,NaN
NaN,NaN,NaN,NaN,NaN,NaN,NaN,NaN,NaN,NaN,NaN,NaN,NaN,NaN,NaN,NaN,NaN,NaN,1.662908e-08,1.815224e-08,5.952703e-09,-2.992592e-09,-1.478074e-08,-1.933659e-08,-1.812264e-08,-4.381198e-09,6.183425e-09,9.730829e-09,1.612656e-09,-8.865953e-09,-1.827271e-08,-2.730362e-08,-2.277313e-08,NaN,NaN,NaN,NaN,NaN,NaN,NaN,NaN,NaN,NaN,NaN,NaN,NaN,NaN,NaN,NaN,NaN,NaN,NaN,NaN,NaN,NaN,NaN,NaN,NaN,NaN,NaN,NaN,NaN,NaN,NaN,NaN,NaN,NaN,NaN,NaN,NaN,NaN,NaN,NaN,NaN,NaN,NaN,NaN,NaN,NaN,NaN,NaN,NaN,NaN,NaN,NaN,NaN,NaN,NaN,NaN,NaN,NaN,NaN,NaN,NaN,NaN,NaN,NaN,NaN,NaN,NaN
NaN,NaN,NaN,NaN,NaN,NaN,NaN,NaN,NaN,NaN,NaN,NaN,NaN,NaN,NaN,NaN,NaN,3.643994e-08,4.146471e-08,1.798509e-08,9.242844e-09,-1.67678e-08,-4.445496e-08,-6.071166e-08,-4.585304e-08,-8.785316e-09,2.886341e-08,4.13113e-08,2.508039e-08,-6.682376e-09,-2.745567e-08,-3.712075e-08,-4.836766e-08,-3.49863e-08,NaN,NaN,NaN,NaN,NaN,NaN,NaN,NaN,NaN,NaN,NaN,NaN,NaN,NaN,NaN,NaN,NaN,NaN,NaN,NaN,NaN,NaN,NaN,NaN,NaN,NaN,NaN,NaN,NaN,NaN,NaN,NaN,NaN,NaN,NaN,NaN,NaN,NaN,NaN,NaN,NaN,NaN,NaN,NaN,NaN,NaN,NaN,NaN,NaN,NaN,NaN,NaN,NaN,NaN,NaN,NaN,NaN,NaN,NaN,NaN,NaN,NaN,NaN,NaN,NaN,NaN
NaN,NaN,NaN,NaN,NaN,NaN,NaN,NaN,NaN,NaN,NaN,NaN,NaN,NaN,NaN,NaN,NaN,7.386329e-08,4.084461e-08,3.6476e-08,-1.390271e-08,-7.118339e-08,-1.405421e-07,-1.694861e-07,-1.295975e-07,-1.014146e-08,1.007733e-07,1.451971e-07,1.064216e-07,3.945878e-08,-1.831482e-08,-6.141094e-08,-5.681697e-08,-6.597075e-08,NaN,NaN,NaN,NaN,NaN,NaN,NaN,NaN,NaN,NaN,NaN,NaN,NaN,NaN,NaN,NaN,NaN,NaN,NaN,NaN,NaN,NaN,NaN,NaN,NaN,NaN,NaN,NaN,NaN,NaN,NaN,NaN,NaN,NaN,NaN,NaN,NaN,NaN,NaN,NaN,NaN,NaN,NaN,NaN,NaN,NaN,NaN,NaN,NaN,NaN,NaN,NaN,NaN,NaN,NaN,NaN,NaN,NaN,NaN,NaN,NaN,NaN,NaN,NaN,NaN,NaN
NaN,NaN,NaN,NaN,NaN,NaN,NaN,NaN,NaN,NaN,NaN,NaN,NaN,NaN,NaN,NaN,1.158477e-07,7.712029e-08,7.667004e-08,-2.079937e-11,-8.563142e-08,-2.619874e-07,-4.626154e-07,-5.473257e-07,-3.821053e-07,-1.325556e-08,3.529715e-07,5.101573e-07,4.203244e-07,2.11427e-07,4.473655e-08,-4.198599e-08,-9.295221e-08,-7.404793e-08,-6.738173e-08,NaN,NaN,NaN,NaN,NaN,NaN,NaN,NaN,NaN,NaN,NaN,NaN,NaN,NaN,NaN,NaN,NaN,NaN,NaN,NaN,NaN,NaN,NaN,NaN,NaN,NaN,NaN,NaN,NaN,NaN,NaN,NaN,NaN,NaN,NaN,NaN,NaN,NaN,NaN,NaN,NaN,NaN,NaN,NaN,NaN,NaN,NaN,NaN,NaN,NaN,NaN,NaN,NaN,NaN,NaN,NaN,NaN,NaN,NaN,NaN,NaN,NaN,NaN,NaN,NaN
NaN,NaN,NaN,NaN,NaN,NaN,NaN,NaN,NaN,NaN,NaN,NaN,NaN,NaN,NaN,1.664639e-07,1.27421e-07,1.284082e-07,3.11035e-08,-7.870693e-08,-4.360279e-07,-9.937505e-07,-1.576464e-06,-1.717909e-06,-1.135429e-06,2.374673e-10,1.114397e-06,1.684912e-06,1.512312e-06,9.307661e-07,3.707519e-07,2.851242e-08,-6.320484e-08,-1.154892e-07,-7.407308e-08,-4.158354e-08,NaN,NaN,NaN,NaN,NaN,NaN,NaN,NaN,NaN,NaN,NaN,NaN,NaN,NaN,NaN,NaN,NaN,NaN,NaN,NaN,NaN,NaN,NaN,NaN,NaN,NaN,NaN,NaN,NaN,NaN,NaN,NaN,NaN,NaN,NaN,NaN,NaN,NaN,NaN,NaN,NaN,NaN,NaN,NaN,NaN,NaN,NaN,NaN,NaN,NaN,NaN,NaN,NaN,NaN,NaN,NaN,NaN,NaN,NaN,NaN,NaN,NaN,NaN,NaN
NaN,NaN,NaN,NaN,NaN,NaN,NaN,NaN,NaN,NaN,NaN,NaN,NaN,NaN,NaN,1.905239e-07,1.896343e-07,8.440169e-08,-5.026677e-08,-6.424233e-07,-1.806259e-06,-3.589791e-06,-4.872052e-06,-4.614112e-06,-2.736637e-06,4.150413e-08,2.804228e-06,4.601669e-06,4.807714e-06,3.48551e-06,1.710577e-06,5.622744e-07,1.511604e-08,-8.209808e-08,-1.10779e-07,-4.564136e-08,NaN,NaN,NaN,NaN,NaN,NaN,NaN,NaN,NaN,NaN,NaN,NaN,NaN,NaN,NaN,NaN,NaN,NaN,NaN,NaN,NaN,NaN,NaN,NaN,NaN,NaN,NaN,NaN,NaN,NaN,NaN,NaN,NaN,NaN,NaN,NaN,NaN,NaN,NaN,NaN,NaN,NaN,NaN,NaN,NaN,NaN,NaN,NaN,NaN,NaN,NaN,NaN,NaN,NaN,NaN,NaN,NaN,NaN,NaN,NaN,NaN,NaN,NaN,NaN
NaN,NaN,NaN,NaN,NaN,NaN,NaN,NaN,NaN,NaN,NaN,NaN,NaN,NaN,2.686535e-07,2.547248e-07,1.631149e-07,-4.517368e-09,-8.341177e-07,-2.922093e-06,-6.806314e-06,-1.018321e-05,-1.098964e-05,-8.982614e-06,-4.909711e-06,1.733436e-07,5.196773e-06,9.121376e-06,1.095362e-05,1.002237e-05,6.60048e-06,2.797161e-06,7.57373e-07,1.724519e-08,-8.608576e-08,-5.930489e-08,2.397672e-08,NaN,NaN,NaN,NaN,NaN,NaN,NaN,NaN,NaN,NaN,NaN,NaN,NaN,NaN,NaN,NaN,NaN,NaN,NaN,NaN,NaN,NaN,NaN,NaN,NaN,NaN,NaN,NaN,NaN,NaN,NaN,NaN,NaN,NaN,NaN,NaN,NaN,NaN,NaN,NaN,NaN,NaN,NaN,NaN,NaN,NaN,NaN,NaN,NaN,NaN,NaN,NaN,NaN,NaN,NaN,NaN,NaN,NaN,NaN,NaN,NaN,NaN,NaN
NaN,NaN,NaN,NaN,NaN,NaN,NaN,NaN,NaN,NaN,NaN,NaN,NaN,3.668961e-07,3.164149e-07,2.723305e-07,4.434616e-08,-9.522628e-07,-4.322366e-06,-1.107867e-05,-1.732299e-05,-1.986025e-05,-1.825118e-05,-1.365594e-05,-7.061147e-06,4.310157e-07,7.84488e-06,1.415223e-05,1.84143e-05,1.965918e-05,1.693563e-05,1.072381e-05,4.150949e-06,9.18712e-07,5.729281e-08,-6.197742e-08,6.098537e-08,1.263825e-07,NaN,NaN,NaN,NaN,NaN,NaN,NaN,NaN,NaN,NaN,NaN,NaN,NaN,NaN,NaN,NaN,NaN,NaN,NaN,NaN,NaN,NaN,NaN,NaN,NaN,NaN,NaN,NaN,NaN,NaN,NaN,NaN,NaN,NaN,NaN,NaN,NaN,NaN,NaN,NaN,NaN,NaN,NaN,NaN,NaN,NaN,NaN,NaN,NaN,NaN,NaN,NaN,NaN,NaN,NaN,NaN,NaN,NaN,NaN,NaN,NaN,NaN
NaN,NaN,NaN,NaN,NaN,NaN,NaN,NaN,NaN,NaN,NaN,NaN,NaN,3.786021e-07,4.042481e-07,1.008732e-07,-9.866826e-07,-5.861681e-06,-1.610838e-05,-2.571635e-05,-3.040948e-05,-2.979735e-05,-2.544787e-05,-1.812119e-05,-9.044745e-06,8.990934e-07,1.067242e-05,1.935178e-05,2.606377e-05,2.978429e-05,2.983614e-05,2.494547e-05,1.547746e-05,5.6624e-06,1.035673e-06,1.576909e-07,1.853303e-08,2.306486e-07,NaN,NaN,NaN,NaN,NaN,NaN,NaN,NaN,NaN,NaN,NaN,NaN,NaN,NaN,NaN,NaN,NaN,NaN,NaN,NaN,NaN,NaN,NaN,NaN,NaN,NaN,NaN,NaN,NaN,NaN,NaN,NaN,NaN,NaN,NaN,NaN,NaN,NaN,NaN,NaN,NaN,NaN,NaN,NaN,NaN,NaN,NaN,NaN,NaN,NaN,NaN,NaN,NaN,NaN,NaN,NaN,NaN,NaN,NaN,NaN,NaN,NaN
NaN,NaN,NaN,NaN,NaN,NaN,NaN,NaN,NaN,NaN,NaN,NaN,4.496557e-07,5.35459e-07,1.91225e-07,-9.604831e-07,-7.352769e-06,-2.157187e-05,-3.478089e-05,-4.19862e-05,-4.303376e-05,-3.952663e-05,-3.216593e-05,-2.227197e-05,-1.065889e-05,1.61398e-06,1.369541e-05,2.468229e-05,3.370336e-05,3.999711e-05,4.25393e-05,4.075827e-05,3.336403e-05,2.056424e-05,7.10842e-06,1.165299e-06,3.206231e-07,1.449649e-07,4.74312e-07,NaN,NaN,NaN,NaN,NaN,NaN,NaN,NaN,NaN,NaN,NaN,NaN,NaN,NaN,NaN,NaN,NaN,NaN,NaN,NaN,NaN,NaN,NaN,NaN,NaN,NaN,NaN,NaN,NaN,NaN,NaN,NaN,NaN,NaN,NaN,NaN,NaN,NaN,NaN,NaN,NaN,NaN,NaN,NaN,NaN,NaN,NaN,NaN,NaN,NaN,NaN,NaN,NaN,NaN,NaN,NaN,NaN,NaN,NaN,NaN,NaN
NaN,NaN,NaN,NaN,NaN,NaN,NaN,NaN,NaN,NaN,NaN,5.293613e-07,6.535084e-07,3.121203e-07,-8.751166e-07,-8.665893e-06,-2.711815e-05,-4.412164e-05,-5.408574e-05,-5.733807e-05,-5.517176e-05,-4.840202e-05,-3.838155e-05,-2.583606e-05,-1.188121e-05,2.70782e-06,1.697001e-05,3.013574e-05,4.138356e-05,4.991801e-05,5.508041e-05,5.594319e-05,5.179437e-05,4.178097e-05,2.556385e-05,8.401888e-06,1.324309e-06,4.878804e-07,3.855323e-07,7.652492e-07,NaN,NaN,NaN,NaN,NaN,NaN,NaN,NaN,NaN,NaN,NaN,NaN,NaN,NaN,NaN,NaN,NaN,NaN,NaN,NaN,NaN,NaN,NaN,NaN,NaN,NaN,NaN,NaN,NaN,NaN,NaN,NaN,NaN,NaN,NaN,NaN,NaN,NaN,NaN,NaN,NaN,NaN,NaN,NaN,NaN,NaN,NaN,NaN,NaN,NaN,NaN,NaN,NaN,NaN,NaN,NaN,NaN,NaN,NaN,NaN
NaN,NaN,NaN,NaN,NaN,NaN,NaN,NaN,NaN,NaN,6.028349e-07,7.714169e-07,4.291076e-07,-7.22293e-07,-9.742202e-06,-3.245309e-05,-5.339615e-05,-6.635179e-05,-7.211399e-05,-7.171199e-05,-6.611196e-05,-5.652108e-05,-4.369313e-05,-2.875647e-05,-1.246506e-05,4.220396e-06,2.056789e-05,3.573321e-05,4.902507e-05,5.971317e-05,6.708146e-05,7.049463e-05,6.925054e-05,6.250891e-05,4.978399e-05,3.008533e-05,9.482067e-06,1.503524e-06,7.693145e-07,6.925469e-07,1.131134e-06,NaN,NaN,NaN,NaN,NaN,NaN,NaN,NaN,NaN,NaN,NaN,NaN,NaN,NaN,NaN,NaN,NaN,NaN,NaN,NaN,NaN,NaN,NaN,NaN,NaN,NaN,NaN,NaN,NaN,NaN,NaN,NaN,NaN,NaN,NaN,NaN,NaN,NaN,NaN,NaN,NaN,NaN,NaN,NaN,NaN,NaN,NaN,NaN,NaN,NaN,NaN,NaN,NaN,NaN,NaN,NaN,NaN,NaN,NaN
NaN,NaN,NaN,NaN,NaN,NaN,NaN,NaN,NaN,6.696351e-07,8.818801e-07,5.426248e-07,-5.206551e-07,-1.053319e-05,-3.742873e-05,-6.231821e-05,-7.843251e-05,-8.689637e-05,-8.854961e-05,-8.45597e-05,-7.587246e-05,-6.333752e-05,-4.805809e-05,-3.074784e-05,-1.238062e-05,6.336086e-06,2.453451e-05,4.156312e-05,5.666091e-05,6.92254e-05,7.86299e-05,8.426974e-05,8.547559e-05,8.185684e-05,7.244736e-05,5.681161e-05,3.408425e-05,1.033823e-05,1.713067e-06,1.124893e-06,1.068083e-06,1.576916e-06,NaN,NaN,NaN,NaN,NaN,NaN,NaN,NaN,NaN,NaN,NaN,NaN,NaN,NaN,NaN,NaN,NaN,NaN,NaN,NaN,NaN,NaN,NaN,NaN,NaN,NaN,NaN,NaN,NaN,NaN,NaN,NaN,NaN,NaN,NaN,NaN,NaN,NaN,NaN,NaN,NaN,NaN,NaN,NaN,NaN,NaN,NaN,NaN,NaN,NaN,NaN,NaN,NaN,NaN,NaN,NaN,NaN,NaN
NaN,NaN,NaN,NaN,NaN,NaN,NaN,NaN,NaN,9.837387e-07,6.478951e-07,-2.948917e-07,-1.103309e-05,-4.190932e-05,-7.073242e-05,-9.000544e-05,-0.0001012697,-0.0001051687,-0.0001030673,-9.566064e-05,-8.39435e-05,-6.885064e-05,-5.112364e-05,-3.173035e-05,-1.13688e-05,9.092581e-06,2.902019e-05,4.762336e-05,6.43613e-05,7.853545e-05,8.966649e-05,9.713601e-05,0.0001006225,9.931907e-05,9.319504e-05,8.099381e-05,6.288328e-05,3.725717e-05,1.089619e-05,1.984931e-06,1.557055e-06,1.554337e-06,NaN,NaN,NaN,NaN,NaN,NaN,NaN,NaN,NaN,NaN,NaN,NaN,NaN,NaN,NaN,NaN,NaN,NaN,NaN,NaN,NaN,NaN,NaN,NaN,NaN,NaN,NaN,NaN,NaN,NaN,NaN,NaN,NaN,NaN,NaN,NaN,NaN,NaN,NaN,NaN,NaN,NaN,NaN,NaN,NaN,NaN,NaN,NaN,NaN,NaN,NaN,NaN,NaN,NaN,NaN,NaN,NaN,NaN
NaN,NaN,NaN,NaN,NaN,NaN,NaN,NaN,1.067997e-06,7.401141e-07,-6.037747e-08,-1.130832e-05,-4.585411e-05,-7.845167e-05,-0.0001008286,-0.000114866,-0.0001210906,-0.0001210392,-0.0001151844,-0.0001046897,-9.022285e-05,-7.263576e-05,-5.280893e-05,-3.144833e-05,-9.388193e-06,1.270601e-05,3.405847e-05,5.410016e-05,7.213016e-05,8.768911e-05,0.0001001907,0.000109276,0.0001143362,0.0001153195,0.0001113619,0.0001026233,8.797162e-05,6.746435e-05,3.951223e-05,1.119825e-05,2.329355e-06,2.126699e-06,2.048601e-06,NaN,NaN,NaN,NaN,NaN,NaN,NaN,NaN,NaN,NaN,NaN,NaN,NaN,NaN,NaN,NaN,NaN,NaN,NaN,NaN,NaN,NaN,NaN,NaN,NaN,NaN,NaN,NaN,NaN,NaN,NaN,NaN,NaN,NaN,NaN,NaN,NaN,NaN,NaN,NaN,NaN,NaN,NaN,NaN,NaN,NaN,NaN,NaN,NaN,NaN,NaN,NaN,NaN,NaN,NaN,NaN,NaN
NaN,NaN,NaN,NaN,NaN,NaN,NaN,1.139053e-06,8.021979e-07,1.610237e-07,-1.141676e-05,-4.932394e-05,-8.536901e-05,-0.0001106604,-0.000127355,-0.0001358879,-0.0001379222,-0.0001338106,-0.0001247924,-0.0001113332,-9.436597e-05,-7.463892e-05,-5.283437e-05,-2.981152e-05,-6.19113e-06,1.720652e-05,3.985446e-05,6.097101e-05,8.016417e-05,9.6721e-05,0.0001103793,0.0001205036,0.0001270865,0.0001293382,0.0001276308,0.0001209078,0.0001097725,9.274016e-05,7.038759e-05,4.076779e-05,1.133479e-05,2.830893e-06,2.607841e-06,2.681871e-06,NaN,NaN,NaN,NaN,NaN,NaN,NaN,NaN,NaN,NaN,NaN,NaN,NaN,NaN,NaN,NaN,NaN,NaN,NaN,NaN,NaN,NaN,NaN,NaN,NaN,NaN,NaN,NaN,NaN,NaN,NaN,NaN,NaN,NaN,NaN,NaN,NaN,NaN,NaN,NaN,NaN,NaN,NaN,NaN,NaN,NaN,NaN,NaN,NaN,NaN,NaN,NaN,NaN,NaN,NaN,NaN
NaN,NaN,NaN,NaN,NaN,NaN,1.193515e-06,8.425314e-07,3.571964e-07,-1.14534e-05,-5.23947e-05,-9.14964e-05,-0.0001193047,-0.0001384538,-0.0001491266,-0.0001532429,-0.0001509061,-0.000143567,-0.0001313607,-0.0001154506,-9.622306e-05,-7.455892e-05,-5.111117e-05,-2.661458e-05,-1.746319e-06,2.281943e-05,4.641582e-05,6.849592e-05,8.843324e-05,0.0001058391,0.0001201814,0.0001312518,0.0001385049,0.0001421242,0.0001413721,0.0001367872,0.0001274305,0.0001139487,9.502403e-05,7.137749e-05,4.073677e-05,1.14599e-05,3.331541e-06,3.309921e-06,3.318124e-06,NaN,NaN,NaN,NaN,NaN,NaN,NaN,NaN,NaN,NaN,NaN,NaN,NaN,NaN,NaN,NaN,NaN,NaN,NaN,NaN,NaN,NaN,NaN,NaN,NaN,NaN,NaN,NaN,NaN,NaN,NaN,NaN,NaN,NaN,NaN,NaN,NaN,NaN,NaN,NaN,NaN,NaN,NaN,NaN,NaN,NaN,NaN,NaN,NaN,NaN,NaN,NaN,NaN,NaN,NaN
NaN,NaN,NaN,NaN,NaN,1.216277e-06,8.648119e-07,4.96602e-07,-1.149665e-05,-5.514743e-05,-9.685027e-05,-0.0001267104,-0.0001478848,-0.0001604709,-0.0001664879,-0.0001659404,-0.0001603072,-0.0001495961,-0.0001349922,-0.0001166926,-9.562458e-05,-7.231887e-05,-4.746599e-05,-2.177089e-05,4.143646e-06,2.955766e-05,5.395766e-05,7.662607e-05,9.721017e-05,0.0001150406,0.0001299384,0.0001413131,0.0001492997,0.0001531963,0.000153587,0.000149617,0.0001421699,0.0001302076,0.0001147256,9.43057e-05,6.984999e-05,4.004527e-05,1.139557e-05,3.98058e-06,3.930212e-06,4.039976e-06,NaN,NaN,NaN,NaN,NaN,NaN,NaN,NaN,NaN,NaN,NaN,NaN,NaN,NaN,NaN,NaN,NaN,NaN,NaN,NaN,NaN,NaN,NaN,NaN,NaN,NaN,NaN,NaN,NaN,NaN,NaN,NaN,NaN,NaN,NaN,NaN,NaN,NaN,NaN,NaN,NaN,NaN,NaN,NaN,NaN,NaN,NaN,NaN,NaN,NaN,NaN,NaN,NaN,NaN
NaN,NaN,NaN,NaN,1.217288e-06,8.550666e-07,5.889249e-07,-1.169287e-05,-5.770285e-05,-0.0001014407,-0.0001327763,-0.0001555289,-0.0001695628,-0.0001772742,-0.0001783215,-0.0001744375,-0.00016527,-0.0001522377,-0.0001351288,-0.0001151429,-9.238299e-05,-6.779216e-05,-4.179494e-05,-1.519051e-05,1.151089e-05,3.75817e-05,6.247559e-05,8.561094e-05,0.0001064478,0.0001245933,0.0001395822,0.0001512518,0.0001591303,0.0001635034,0.0001637627,0.0001606296,0.0001533978,0.0001430449,0.0001287136,0.0001114912,9.021503e-05,6.642844e-05,3.758622e-05,1.122433e-05,4.620568e-06,4.704099e-06,4.823428e-06,NaN,NaN,NaN,NaN,NaN,NaN,NaN,NaN,NaN,NaN,NaN,NaN,NaN,NaN,NaN,NaN,NaN,NaN,NaN,NaN,NaN,NaN,NaN,NaN,NaN,NaN,NaN,NaN,NaN,NaN,NaN,NaN,NaN,NaN,NaN,NaN,NaN,NaN,NaN,NaN,NaN,NaN,NaN,NaN,NaN,NaN,NaN,NaN,NaN,NaN,NaN,NaN,NaN
NaN,NaN,NaN,1.166203e-06,8.17799e-07,6.027549e-07,-1.211744e-05,-6.020049e-05,-0.0001053204,-0.0001374702,-0.0001611878,-0.0001762057,-0.0001851772,-0.0001876113,-0.0001853157,-0.0001777552,-0.0001663707,-0.0001507545,-0.0001321445,-0.0001104078,-8.656235e-05,-6.086328e-05,-3.41033e-05,-6.7691e-06,2.041938e-05,4.690824e-05,7.209754e-05,9.539558e-05,0.0001163809,0.0001344815,0.0001494796,0.0001608691,0.0001687871,0.0001726372,0.0001730576,0.0001693638,0.0001625814,0.000151986,0.0001388487,0.0001223327,0.000103928,8.263144e-05,5.972625e-05,3.397828e-05,1.070205e-05,5.438108e-06,5.434061e-06,5.649545e-06,NaN,NaN,NaN,NaN,NaN,NaN,NaN,NaN,NaN,NaN,NaN,NaN,NaN,NaN,NaN,NaN,NaN,NaN,NaN,NaN,NaN,NaN,NaN,NaN,NaN,NaN,NaN,NaN,NaN,NaN,NaN,NaN,NaN,NaN,NaN,NaN,NaN,NaN,NaN,NaN,NaN,NaN,NaN,NaN,NaN,NaN,NaN,NaN,NaN,NaN,NaN,NaN
NaN,NaN,1.073693e-06,7.002832e-07,5.376975e-07,-1.287706e-05,-6.271238e-05,-0.0001085609,-0.0001407379,-0.000164773,-0.0001801213,-0.0001899296,-0.000193329,-0.0001924599,-0.0001863636,-0.0001767293,-0.0001627196,-0.0001458141,-0.000125424,-0.0001028593,-7.79109e-05,-5.165038e-05,-2.424239e-05,3.385412e-06,3.092829e-05,5.753793e-05,8.282825e-05,0.0001061077,0.0001269597,0.0001448985,0.0001595556,0.000170702,0.0001779575,0.0001815725,0.0001810601,0.0001771578,0.0001693582,0.0001587567,0.0001448512,0.000129016,0.0001107288,9.155807e-05,7.072362e-05,5.014481e-05,2.792485e-05,1.007537e-05,6.321304e-06,6.144518e-06,6.546234e-06,NaN,NaN,NaN,NaN,NaN,NaN,NaN,NaN,NaN,NaN,NaN,NaN,NaN,NaN,NaN,NaN,NaN,NaN,NaN,NaN,NaN,NaN,NaN,NaN,NaN,NaN,NaN,NaN,NaN,NaN,NaN,NaN,NaN,NaN,NaN,NaN,NaN,NaN,NaN,NaN,NaN,NaN,NaN,NaN,NaN,NaN,NaN,NaN,NaN,NaN,NaN
NaN,9.293224e-07,5.551905e-07,3.182957e-07,-1.407596e-05,-6.528627e-05,-0.0001111709,-0.0001425555,-0.0001661512,-0.0001811408,-0.0001912136,-0.0001951325,-0.0001953664,-0.0001905591,-0.0001826206,-0.0001703126,-0.0001552974,-0.0001365858,-0.0001156979,-9.199784e-05,-6.68115e-05,-3.994031e-05,-1.249246e-05,1.545158e-05,4.286001e-05,6.954021e-05,9.458437e-05,0.0001177246,0.0001382366,0.0001558424,0.0001700301,0.0001805698,0.000187316,0.0001899564,0.0001888631,0.0001836792,0.0001752099,0.0001631585,0.000148667,0.0001315193,0.0001131433,9.336731e-05,7.377527e-05,5.41779e-05,3.618034e-05,1.980815e-05,9.073055e-06,7.212153e-06,6.843024e-06,7.469197e-06,NaN,NaN,NaN,NaN,NaN,NaN,NaN,NaN,NaN,NaN,NaN,NaN,NaN,NaN,NaN,NaN,NaN,NaN,NaN,NaN,NaN,NaN,NaN,NaN,NaN,NaN,NaN,NaN,NaN,NaN,NaN,NaN,NaN,NaN,NaN,NaN,NaN,NaN,NaN,NaN,NaN,NaN,NaN,NaN,NaN,NaN,NaN,NaN,NaN,NaN
6.21649e-07,3.248672e-07,-1.389443e-07,-1.602668e-05,-6.77221e-05,-0.0001130887,-0.0001428016,-0.0001652052,-0.0001790511,-0.000188793,-0.0001926689,-0.0001936464,-0.0001898253,-0.000183479,-0.0001728379,-0.0001598586,-0.0001430422,-0.0001241948,-0.0001021646,-7.861267e-05,-5.282532e-05,-2.623293e-05,1.461399e-06,2.89732e-05,5.641693e-05,8.258943e-05,0.0001074883,0.0001300643,0.0001502558,0.0001672137,0.0001809041,0.0001907271,0.0001966346,0.0001984932,0.0001961755,0.0001900288,0.0001799743,0.000166737,0.0001503788,0.0001319424,0.0001116609,9.079993e-05,6.978623e-05,4.998887e-05,3.207266e-05,1.781604e-05,8.714164e-06,7.192472e-06,8.051164e-06,7.466299e-06,8.405582e-06,NaN,NaN,NaN,NaN,NaN,NaN,NaN,NaN,NaN,NaN,NaN,NaN,NaN,NaN,NaN,NaN,NaN,NaN,NaN,NaN,NaN,NaN,NaN,NaN,NaN,NaN,NaN,NaN,NaN,NaN,NaN,NaN,NaN,NaN,NaN,NaN,NaN,NaN,NaN,NaN,NaN,NaN,NaN,NaN,NaN,NaN,NaN,NaN,NaN
2.814735e-07,-1.004034e-06,-1.921121e-05,-7.010949e-05,-0.0001138049,-0.0001411941,-0.0001616465,-0.0001736391,-0.0001823829,-0.0001856602,-0.0001869262,-0.0001837561,-0.0001787888,-0.0001697222,-0.0001588153,-0.0001440469,-0.000127507,-0.0001075233,-8.607885e-05,-6.191213e-05,-3.682757e-05,-1.003326e-05,1.687688e-05,4.43875e-05,7.097634e-05,9.699028e-05,0.0001210191,0.0001433147,0.0001626307,0.0001791957,0.0001919501,0.0002011671,0.0002061179,0.0002070138,0.0002035999,0.0001960939,0.0001846367,0.0001696048,0.0001514514,0.0001307958,0.0001083367,8.500626e-05,6.161912e-05,3.95301e-05,1.960256e-05,4.086577e-06,-5.982532e-06,-6.182146e-06,3.592975e-06,8.581764e-06,8.077983e-06,9.229418e-06,NaN,NaN,NaN,NaN,NaN,NaN,NaN,NaN,NaN,NaN,NaN,NaN,NaN,NaN,NaN,NaN,NaN,NaN,NaN,NaN,NaN,NaN,NaN,NaN,NaN,NaN,NaN,NaN,NaN,NaN,NaN,NaN,NaN,NaN,NaN,NaN,NaN,NaN,NaN,NaN,NaN,NaN,NaN,NaN,NaN,NaN,NaN,1.909546e-07
-2.535095e-06,-2.493331e-05,-7.214209e-05,-0.0001130113,-0.0001370542,-0.000155008,-0.0001644808,-0.0001716783,-0.0001737899,-0.0001748925,-0.000171995,-0.0001681341,-0.0001604892,-0.0001515929,-0.0001389582,-0.0001248821,-0.0001072674,-8.829126e-05,-6.627007e-05,-4.324751e-05,-1.801066e-05,7.619655e-06,3.442265e-05,6.071461e-05,8.707787e-05,0.0001118929,0.0001356173,0.0001567551,0.0001757036,0.0001911237,0.0002034486,0.000211531,0.0002158148,0.0002155432,0.0002111345,0.0002022233,0.0001893661,0.0001724819,0.000152413,0.0001292876,0.0001043386,7.778996e-05,5.141934e-05,2.539024e-05,2.325641e-06,-1.774041e-05,-3.050709e-05,-3.609009e-05,-2.592765e-05,-3.644369e-06,8.324293e-06,8.968203e-06,9.706012e-06,NaN,NaN,NaN,NaN,NaN,NaN,NaN,NaN,NaN,NaN,NaN,NaN,NaN,NaN,NaN,NaN,NaN,NaN,NaN,NaN,NaN,NaN,NaN,NaN,NaN,NaN,NaN,NaN,NaN,NaN,NaN,NaN,NaN,NaN,NaN,NaN,NaN,NaN,NaN,NaN,NaN,NaN,NaN,NaN,NaN,-5.348482e-07,9.152282e-07
-3.354508e-05,-7.431791e-05,-0.0001092196,-0.0001300116,-0.000144202,-0.0001512194,-0.000155981,-0.0001568835,-0.0001570591,-0.0001543901,-0.0001510499,-0.0001448892,-0.0001376329,-0.0001273586,-0.0001156076,-0.0001007822,-8.436307e-05,-6.5105e-05,-4.44492e-05,-2.154014e-05,2.307151e-06,2.751181e-05,5.292103e-05,7.867932e-05,0.0001036553,0.000127887,0.0001502943,0.0001708542,0.0001885767,0.0002034541,0.0002145954,0.0002220846,0.0002252538,0.0002241926,0.0002185795,0.0002086038,0.0001941955,0.0001758353,0.000153604,0.0001284147,0.0001004045,7.107948e-05,4.04687e-05,1.092796e-05,-1.779052e-05,-4.194293e-05,-6.223719e-05,-7.22141e-05,-7.308708e-05,-5.235036e-05,-1.79977e-05,6.544527e-06,1.051551e-05,9.570464e-06,NaN,NaN,NaN,NaN,NaN,NaN,NaN,NaN,NaN,NaN,NaN,NaN,NaN,NaN,NaN,NaN,NaN,NaN,NaN,NaN,NaN,NaN,NaN,NaN,NaN,NaN,NaN,NaN,NaN,NaN,NaN,NaN,NaN,NaN,NaN,NaN,NaN,NaN,NaN,NaN,NaN,NaN,NaN,-1.27469e-06,6.182006e-07,-4.300585e-06
-8.007614e-05,-0.0001025151,-0.0001190073,-0.0001285063,-0.0001329516,-0.0001347957,-0.0001343482,-0.0001331879,-0.0001305489,-0.0001273863,-0.0001225501,-0.0001167249,-0.0001087739,-9.931929e-05,-8.741787e-05,-7.37301e-05,-5.757059e-05,-3.966085e-05,-1.960639e-05,1.871673e-06,2.480995e-05,4.860053e-05,7.294463e-05,9.72759e-05,0.0001211784,0.0001440585,0.0001654441,0.0001847705,0.000201566,0.0002153223,0.0002256603,0.0002321536,0.0002344919,0.0002325157,0.0002259587,0.0002149167,0.0001993431,0.0001794745,0.0001556561,0.0001281797,9.792671e-05,6.512234e-05,3.139835e-05,-3.253659e-06,-3.61088e-05,-6.75845e-05,-9.312491e-05,-0.0001137103,-0.0001213681,-0.000117627,-8.902779e-05,-4.39036e-05,2.539771e-06,1.238812e-05,8.584848e-06,NaN,NaN,NaN,NaN,NaN,NaN,NaN,NaN,NaN,NaN,NaN,NaN,NaN,NaN,NaN,NaN,NaN,NaN,NaN,NaN,NaN,NaN,NaN,NaN,NaN,NaN,NaN,NaN,NaN,NaN,NaN,NaN,NaN,NaN,NaN,NaN,NaN,NaN,NaN,NaN,NaN,-2.026257e-06,3.165339e-07,-6.25958e-06,-4.266178e-05
-9.690237e-05,-0.0001053608,-0.00010772,-0.0001090396,-0.0001074864,-0.0001056846,-0.0001028541,-0.0001002427,-9.688601e-05,-9.336726e-05,-8.86227e-05,-8.306264e-05,-7.565307e-05,-6.688848e-05,-5.583245e-05,-4.317514e-05,-2.809024e-05,-1.150567e-05,7.333645e-06,2.72064e-05,4.891572e-05,7.088137e-05,9.400921e-05,0.0001164972,0.0001392262,0.000160318,0.0001806647,0.0001983385,0.0002142839,0.0002265837,0.0002362471,0.0002414276,0.0002433228,0.0002400598,0.0002331513,0.0002207788,0.0002046837,0.0001832783,0.0001584526,0.0001289732,9.681802e-05,6.124544e-05,2.421702e-05,-1.430885e-05,-5.248044e-05,-8.929069e-05,-0.0001230759,-0.000151052,-0.0001715924,-0.0001791804,-0.0001715325,-0.0001416687,-8.376391e-05,-5.326715e-06,1.329159e-05,7.426303e-06,1.284399e-05,NaN,NaN,NaN,NaN,NaN,NaN,NaN,NaN,NaN,NaN,NaN,NaN,NaN,NaN,NaN,NaN,NaN,NaN,NaN,NaN,NaN,NaN,NaN,NaN,NaN,NaN,NaN,NaN,NaN,NaN,NaN,NaN,NaN,NaN,NaN,NaN,NaN,-1.900317e-06,-2.434326e-06,-6.311873e-07,-9.385274e-06,-4.923009e-05,-8.241394e-05
-8.833603e-05,-8.26493e-05,-7.949796e-05,-7.385448e-05,-7.037447e-05,-6.587397e-05,-6.307354e-05,-5.958475e-05,-5.708318e-05,-5.34761e-05,-4.997562e-05,-4.472206e-05,-3.88241e-05,-3.063249e-05,-2.133906e-05,-9.477496e-06,3.591688e-06,1.920538e-05,3.577209e-05,5.460556e-05,7.378688e-05,9.474862e-05,0.000115234,0.0001367455,0.0001568707,0.0001771324,0.0001949922,0.0002120654,0.0002257102,0.0002376796,0.0002452872,0.0002504704,0.0002504381,0.0002475175,0.0002387494,0.000226874,0.0002088861,0.0001878767,0.000160898,0.0001313814,9.649085e-05,5.999108e-05,1.923761e-05,-2.166048e-05,-6.506202e-05,-0.0001064393,-0.0001476743,-0.0001835961,-0.0002153946,-0.0002364214,-0.0002480653,-0.0002388055,-0.0002135502,-0.0001353088,-2.47631e-05,1.05171e-05,9.732475e-06,9.916968e-06,NaN,NaN,NaN,NaN,NaN,NaN,NaN,NaN,NaN,NaN,NaN,NaN,NaN,NaN,NaN,NaN,NaN,NaN,NaN,NaN,NaN,NaN,NaN,NaN,NaN,NaN,NaN,NaN,NaN,NaN,NaN,NaN,NaN,NaN,NaN,-3.760474e-06,-1.886065e-06,-2.783484e-06,-1.498024e-05,-5.21428e-05,-8.055895e-05,-8.537262e-05
-5.215116e-05,-4.374517e-05,-3.43547e-05,-2.795511e-05,-2.24581e-05,-1.861022e-05,-1.576398e-05,-1.344699e-05,-1.166787e-05,-9.360981e-06,-6.90576e-06,-3.032706e-06,1.617937e-06,8.287671e-06,1.614308e-05,2.627503e-05,3.772646e-05,5.136595e-05,6.620078e-05,8.278898e-05,0.0001002529,0.0001187411,0.0001375704,0.0001565764,0.0001751681,0.0001929742,0.0002095551,0.0002243207,0.0002370454,0.0002469386,0.0002540298,0.000257344,0.0002573212,0.0002526537,0.0002443544,0.0002308051,0.0002135651,0.0001907995,0.0001646125,0.000132972,9.857856e-05,5.919494e-05,1.818786e-05,-2.69009e-05,-7.188942e-05,-0.0001195161,-0.0001645234,-0.0002100452,-0.000249137,-0.0002860398,-0.0003101381,-0.000329421,-0.0003210553,-0.0002977762,-0.0001971719,-7.465561e-05,5.573747e-07,1.58255e-05,3.088617e-06,NaN,NaN,NaN,NaN,NaN,NaN,NaN,NaN,NaN,NaN,NaN,NaN,NaN,NaN,NaN,NaN,NaN,NaN,NaN,NaN,NaN,NaN,NaN,NaN,NaN,NaN,NaN,NaN,NaN,NaN,NaN,NaN,NaN,-5.244213e-06,-1.763459e-06,-5.899934e-06,-2.3937e-05,-4.992866e-05,-6.912353e-05,-6.753148e-05,-6.330632e-05
1.020852e-07,1.179004e-05,2.149847e-05,2.75103e-05,3.285227e-05,3.462354e-05,3.711822e-05,3.674464e-05,3.82489e-05,3.769087e-05,3.994894e-05,4.087522e-05,4.528768e-05,4.889699e-05,5.635219e-05,6.327242e-05,7.408757e-05,8.437628e-05,9.829942e-05,0.0001114948,0.00012776,0.0001429238,0.0001604059,0.0001761673,0.0001934227,0.0002082099,0.0002235596,0.0002356511,0.0002473434,0.0002549944,0.000261341,0.0002629622,0.0002624069,0.000256669,0.0002480324,0.0002339264,0.0002164864,0.0001935106,0.0001670713,0.0001353298,0.0001003252,6.058637e-05,1.817137e-05,-2.800058e-05,-7.582852e-05,-0.0001259344,-0.0001761633,-0.0002265461,-0.0002750458,-0.0003204915,-0.0003619617,-0.000393917,-0.0004179227,-0.0004132437,-0.0003815058,-0.0002901973,-0.0001673705,-2.412964e-05,1.584715e-05,3.239257e-06,7.522989e-06,NaN,NaN,NaN,NaN,NaN,NaN,NaN,NaN,NaN,NaN,NaN,NaN,NaN,NaN,NaN,NaN,NaN,NaN,NaN,NaN,NaN,NaN,NaN,NaN,NaN,NaN,NaN,NaN,NaN,-6.699301e-06,-4.787601e-06,-3.802669e-06,-1.016052e-05,-3.034655e-05,-4.486757e-05,-4.492476e-05,-3.958358e-05,-2.787171e-05,-1.351816e-05
6.717815e-05,7.712957e-05,8.538512e-05,8.977309e-05,9.249849e-05,9.292856e-05,9.250548e-05,9.109596e-05,8.970228e-05,8.835272e-05,8.77612e-05,8.798085e-05,8.950579e-05,9.233659e-05,9.67684e-05,0.0001027317,0.0001103416,0.0001194463,0.0001300161,0.0001417781,0.0001546542,0.0001681909,0.0001822877,0.0001964414,0.0002103786,0.0002236859,0.0002359228,0.0002467927,0.0002556967,0.000262514,0.0002664643,0.0002676725,0.0002652637,0.0002595219,0.0002495454,0.0002358817,0.0002174806,0.000195341,0.0001681332,0.0001374558,0.0001015826,6.287947e-05,1.906724e-05,-2.650066e-05,-7.684901e-05,-0.000127368,-0.0001821168,-0.0002348815,-0.0002910751,-0.0003426759,-0.0003960698,-0.0004415149,-0.000482832,-0.0005064388,-0.0005115083,-0.0004759179,-0.0004323375,-0.0002802191,-9.72441e-05,-5.691201e-07,1.786239e-05,-6.534883e-06,9.206605e-06,NaN,NaN,NaN,NaN,NaN,NaN,NaN,NaN,NaN,NaN,NaN,NaN,NaN,NaN,NaN,NaN,NaN,NaN,NaN,NaN,NaN,NaN,NaN,NaN,NaN,-9.440093e-06,-7.497382e-06,-5.237896e-06,-7.46471e-06,-1.479276e-05,-2.449518e-05,-2.837817e-05,-1.233351e-05,1.642206e-06,1.897121e-05,3.704463e-05,5.242382e-05
0.0001407193,0.0001502648,0.0001529848,0.0001562306,0.0001544301,0.0001537361,0.000149485,0.0001471604,0.0001424052,0.0001403091,0.0001365932,0.0001361068,0.0001345366,0.0001365663,0.0001377849,0.000142764,0.0001469663,0.0001548847,0.0001618206,0.0001722696,0.0001812873,0.0001934777,0.000203644,0.0002164197,0.0002265332,0.0002385716,0.0002472125,0.00025704,0.0002627052,0.0002688011,0.0002700083,0.0002709471,0.0002662792,0.0002608121,0.0002491273,0.0002362061,0.0002166931,0.0001956342,0.0001678509,0.0001383963,0.0001023411,6.468055e-05,2.084565e-05,-2.431332e-05,-7.490026e-05,-0.0001263106,-0.0001820554,-0.0002379323,-0.0002967934,-0.0003547153,-0.0004141938,-0.0004698583,-0.0005243898,-0.0005673409,-0.0006002447,-0.0006165698,-0.0006026793,-0.0005663183,-0.0004235713,-0.0002459089,-6.142302e-05,1.337448e-05,8.635533e-06,-1.101334e-05,2.611132e-06,NaN,NaN,NaN,NaN,NaN,NaN,NaN,NaN,NaN,NaN,NaN,NaN,NaN,NaN,NaN,NaN,NaN,NaN,NaN,NaN,NaN,-1.324928e-05,-9.532667e-06,-7.869989e-06,-8.792177e-06,-1.008909e-05,-9.210235e-06,-4.898065e-06,1.215472e-05,3.271989e-05,5.580714e-05,7.802768e-05,9.961238e-05,0.0001152726,0.0001317817
0.0002196974,0.0002239894,0.0002230455,0.0002226587,0.0002173856,0.0002142275,0.0002069083,0.0002028344,0.0001953261,0.0001918503,0.0001855438,0.0001837711,0.000179621,0.0001802566,0.0001787983,0.0001821572,0.0001835379,0.0001895522,0.0001935565,0.000201788,0.0002078749,0.000217582,0.0002248578,0.00023509,0.0002424216,0.000251961,0.0002580767,0.0002655822,0.000269112,0.0002732021,0.0002727615,0.0002720655,0.0002664215,0.0002597082,0.0002477455,0.0002340539,0.0002148997,0.0001935518,0.000166672,0.0001373206,0.0001025442,6.522385e-05,2.277033e-05,-2.209291e-05,-7.158932e-05,-0.0001231619,-0.0001786687,-0.0002357807,-0.0002958584,-0.0003571527,-0.0004195685,-0.0004830775,-0.0005431483,-0.0006029717,-0.0006526913,-0.0006959475,-0.0007274168,-0.0007270263,-0.0006835873,-0.0006288576,-0.0004289384,-0.0002213853,-5.135471e-05,1.73686e-05,4.802952e-06,-1.98927e-05,-9.731371e-06,NaN,NaN,NaN,NaN,NaN,NaN,NaN,NaN,NaN,NaN,NaN,NaN,NaN,NaN,NaN,NaN,NaN,-1.624128e-05,-1.047035e-05,-1.155405e-05,-1.314944e-05,-9.743583e-06,2.14666e-06,1.890165e-05,4.210071e-05,7.075099e-05,9.924737e-05,0.0001239313,0.0001519464,0.0001712727,0.0001907182,0.000203327,0.0002143026
0.0002965679,0.0002966619,0.0002911517,0.0002869404,0.0002787259,0.0002722963,0.0002630163,0.0002561085,0.0002471665,0.0002411003,0.0002335614,0.0002292728,0.0002238513,0.0002219106,0.0002189975,0.0002196487,0.0002193108,0.0002224763,0.0002244604,0.0002297794,0.0002335346,0.0002403562,0.0002451256,0.0002525011,0.000257314,0.0002641686,0.000267863,0.0002729807,0.0002743073,0.0002764172,0.0002741334,0.0002720264,0.0002648961,0.0002574677,0.0002444672,0.0002307468,0.0002110802,0.0001903431,0.0001634623,0.0001352782,0.000100933,6.517266e-05,2.343048e-05,-1.972169e-05,-6.849109e-05,-0.0001185573,-0.0001736889,-0.0002299231,-0.00029058,-0.0003518697,-0.0004170811,-0.0004812948,-0.0005490622,-0.0006124634,-0.0006771698,-0.000736593,-0.0007857887,-0.0008279585,-0.0008448137,-0.0008259043,-0.0007847723,-0.0006768265,-0.0004491131,-0.0002454154,-7.010288e-05,9.663385e-06,1.48491e-05,-2.204777e-05,-2.794819e-05,-2.112093e-05,NaN,NaN,NaN,NaN,NaN,NaN,NaN,NaN,NaN,NaN,NaN,-1.957641e-05,-1.495334e-05,-1.256491e-05,-2.031501e-05,-1.960296e-05,-7.614942e-06,1.618259e-05,4.79472e-05,8.131509e-05,0.0001197024,0.0001524502,0.0001816588,0.0002114755,0.0002357468,0.0002563474,0.0002721214,0.0002851829,0.0002913715,0.0002974178
0.0003686662,0.0003635387,0.0003542358,0.000346689,0.000335226,0.0003266568,0.0003146395,0.0003062491,0.0002948867,0.0002876213,0.0002777973,0.0002723321,0.0002646176,0.0002613492,0.0002560449,0.0002551223,0.000252256,0.0002535548,0.0002529063,0.0002560369,0.0002571531,0.0002615062,0.0002636542,0.0002684742,0.0002707368,0.000275041,0.0002763922,0.0002790919,0.0002784086,0.0002783712,0.0002745101,0.000270592,0.000262511,0.0002536475,0.0002403698,0.000225713,0.0002064208,0.0001853018,0.0001594134,0.0001313867,9.856634e-05,6.344927e-05,2.361041e-05,-1.854943e-05,-6.525763e-05,-0.0001141851,-0.0001674022,-0.0002226502,-0.0002817837,-0.0003428444,-0.0004068073,-0.0004730524,-0.0005398181,-0.0006093149,-0.0006769249,-0.0007439809,-0.0008108442,-0.0008657302,-0.0009134865,-0.0009540867,-0.0009538907,-0.0009212192,-0.0008748804,-0.0007588171,-0.0004920157,-0.0003303129,-0.0001453912,-3.253645e-05,8.85284e-06,1.003173e-05,-2.192495e-05,-2.92479e-05,-3.159957e-05,-2.944537e-05,-2.998891e-05,-2.763351e-05,-2.671981e-05,-2.300344e-05,-2.087275e-05,-1.941997e-05,-2.401394e-05,-3.431958e-05,-3.292378e-05,-1.612229e-05,6.652144e-06,5.363492e-05,8.821388e-05,0.0001385518,0.0001840471,0.0002199633,0.0002510881,0.0002833128,0.0003083643,0.0003315493,0.0003464855,0.0003620992,0.0003683827,0.0003748487,0.0003747415,0.0003741047
0.0004308688,0.0004216406,0.0004095687,0.0003982716,0.0003855292,0.0003735836,0.0003611246,0.0003496094,0.0003382272,0.0003279281,0.000318221,0.0003096881,0.0003020344,0.0002955731,0.0002901568,0.0002858688,0.0002826556,0.0002804195,0.0002791537,0.0002786535,0.0002788656,0.0002795701,0.0002806499,0.0002817879,0.0002829609,0.0002836758,0.0002840086,0.0002833218,0.0002818052,0.0002786861,0.0002743116,0.0002677729,0.0002595074,0.0002486198,0.0002355966,0.0002195134,0.0002010244,0.0001790649,0.0001545674,0.0001262552,9.541117e-05,6.047399e-05,2.315505e-05,-1.848751e-05,-6.223263e-05,-0.0001104924,-0.0001604384,-0.0002150685,-0.0002709076,-0.0003313991,-0.0003928155,-0.0004580638,-0.0005244554,-0.0005931032,-0.0006620556,-0.0007341299,-0.0007994185,-0.000871546,-0.0009315978,-0.0009834218,-0.001029525,-0.001059611,-0.001045367,-0.00100334,-0.0009358705,-0.0008786264,-0.0006215951,-0.0003764267,-0.0003210183,-0.0001817206,-7.414352e-05,-3.290446e-05,-1.733789e-05,-1.265176e-05,-1.941655e-05,-2.951989e-05,-3.767461e-05,-3.80966e-05,-3.158491e-05,-2.058115e-05,-6.348505e-06,2.51433e-05,7.947552e-05,0.0001065635,0.0001522845,0.0002254645,0.0002644557,0.0002978591,0.0003310335,0.0003632977,0.0003887909,0.0004113146,0.0004267193,0.000440725,0.0004488716,0.0004534372,0.0004541551,0.0004527508,0.0004467961,0.0004409067
0.0004809926,0.0004671439,0.000454101,0.0004397991,0.0004261414,0.0004121544,0.0003988627,0.0003858322,0.0003736039,0.0003620338,0.0003513636,0.0003416054,0.0003328001,0.0003250399,0.0003182313,0.0003124951,0.000307636,0.0003037681,0.0003006431,0.0002982961,0.0002965246,0.0002951988,0.0002941806,0.0002932778,0.0002922738,0.0002910074,0.0002891995,0.0002867031,0.000283195,0.0002785646,0.0002724299,0.0002647352,0.0002551305,0.0002434978,0.0002296008,0.0002133155,0.0001944089,0.00017288,0.0001484175,0.0001212086,9.081318e-05,5.76691e-05,2.112764e-05,-1.805556e-05,-6.080319e-05,-0.000105979,-0.0001548606,-0.0002058727,-0.0002606456,-0.0003173082,-0.0003773562,-0.0004395105,-0.0005037445,-0.000570533,-0.0006384725,-0.0007064163,-0.0007787985,-0.0008440218,-0.0009122655,-0.000979143,-0.001031425,-0.001074325,-0.001116289,-0.001127372,-0.001106786,-0.001058628,-0.0009633924,-0.0008800068,-0.0008453686,-0.0006235973,-0.0003298488,-0.0001988748,-0.00016376,-0.0001549944,-0.0001224471,-7.505038e-05,-2.30735e-05,1.76036e-05,4.089865e-05,5.171502e-05,8.187126e-05,0.0001688419,0.0002697226,0.0003086718,0.0003314872,0.0003686257,0.0004072553,0.0004376567,0.0004648647,0.0004852753,0.0005022337,0.0005143572,0.0005239286,0.0005275312,0.0005283798,0.0005262421,0.0005210576,0.0005130092,0.0005043087,0.0004923404
0.000513736,0.0004997073,0.0004844697,0.0004697887,0.0004548863,0.0004404507,0.0004263791,0.0004128307,0.0004000183,0.0003878105,0.000376567,0.0003659963,0.0003565149,0.0003477384,0.0003400758,0.0003330955,0.0003271692,0.0003218471,0.0003174156,0.0003134766,0.0003101396,0.0003071459,0.000304417,0.0003017382,0.0002990003,0.000295955,0.0002924619,0.0002882768,0.0002832323,0.0002770867,0.0002696804,0.0002607829,0.0002501781,0.0002377876,0.000223274,0.0002066718,0.0001876532,0.000166255,0.0001422491,0.0001156238,8.629496e-05,5.414143e-05,1.929466e-05,-1.85411e-05,-5.896929e-05,-0.0001025175,-0.000148467,-0.0001976342,-0.0002489837,-0.0003034385,-0.0003600811,-0.0004190236,-0.0004807335,-0.0005433451,-0.0006084705,-0.0006752812,-0.0007396033,-0.0008092984,-0.000874214,-0.0009342824,-0.0009982697,-0.001054721,-0.001091501,-0.001122586,-0.001147466,-0.001147814,-0.001103976,-0.001051245,-0.0009905272,-0.0008557065,-0.0006586509,-0.0005094199,-0.0004514612,-0.000412446,-0.0003272939,-0.0001947613,-5.444082e-05,5.869591e-05,0.000122593,0.0001509917,0.0001856885,0.0002519274,0.0003316241,0.0003938195,0.0004368202,0.0004749927,0.0005061762,0.0005310976,0.0005504997,0.0005665854,0.0005775561,0.0005840179,0.0005855271,0.0005848152,0.0005807678,0.0005734339,0.00056455,0.00055398,0.0005411359,0.0005284959
0.0005310215,0.0005157224,0.0005011273,0.000486037,0.0004713998,0.0004569518,0.0004429319,0.0004295016,0.0004165494,0.0004044369,0.0003928499,0.0003822402,0.0003722004,0.0003631935,0.000354748,0.0003473054,0.0003403785,0.0003343454,0.0003287429,0.0003238195,0.0003192226,0.0003149966,0.0003109147,0.0003069146,0.0003027527,0.0002983469,0.0002934542,0.0002879617,0.0002816372,0.0002743446,0.0002658443,0.0002559994,0.0002446625,0.0002315729,0.0002167287,0.0001998049,0.0001808552,0.000159608,0.0001360874,0.0001101412,8.171227e-05,5.081326e-05,1.724996e-05,-1.873433e-05,-5.752383e-05,-9.860033e-05,-0.000142603,-0.0001886867,-0.00023772,-0.0002886886,-0.0003422271,-0.0003979935,-0.000455148,-0.000515031,-0.0005754939,-0.0006365912,-0.0007011832,-0.0007608178,-0.0008232048,-0.0008862925,-0.0009394811,-0.0009896723,-0.001042578,-0.001080742,-0.001099755,-0.001105791,-0.001106132,-0.001089602,-0.001045234,-0.0009487518,-0.0008143659,-0.0006932556,-0.0006037241,-0.0005303674,-0.0004365961,-0.0003104843,-0.0001670753,-3.449184e-05,6.927152e-05,0.0001445396,0.0002092793,0.000281076,0.0003570589,0.0004212182,0.0004705344,0.0005089261,0.000542032,0.0005683632,0.0005882157,0.0006009029,0.0006088013,0.000612371,0.0006129422,0.0006090901,0.0006026351,0.0005945448,0.0005839818,0.0005718434,0.0005593632,0.0005448548
0.0005310189,0.0005176394,0.0005033255,0.0004894607,0.0004755008,0.0004618633,0.0004486002,0.0004356769,0.0004234153,0.0004115423,0.0004004923,0.0003898704,0.0003801563,0.0003708948,0.0003625373,0.0003546072,0.0003475163,0.0003407926,0.0003347586,0.0003290145,0.0003237018,0.0003185763,0.0003135999,0.0003085793,0.0003034498,0.0002979945,0.000292116,0.0002856167,0.0002783654,0.0002701732,0.0002609061,0.0002503958,0.0002384431,0.0002250325,0.000209831,0.00019293,0.000174001,0.000153132,0.0001300786,0.0001048826,7.742488e-05,4.763797e-05,1.559866e-05,-1.891923e-05,-5.559596e-05,-9.486879e-05,-0.0001361276,-0.000180056,-0.0002257658,-0.0002740081,-0.0003240392,-0.0003758282,-0.0004299133,-0.0004844784,-0.0005410651,-0.0005988051,-0.0006541931,-0.0007139129,-0.0007694985,-0.0008210774,-0.0008762836,-0.0009260149,-0.000962276,-0.0009967595,-0.001028753,-0.001047239,-0.001042274,-0.001022288,-0.0009857601,-0.0009298692,-0.0008514859,-0.0007597845,-0.0006744483,-0.0005893941,-0.0004920629,-0.0003746422,-0.0002446279,-0.0001157036,-1.654879e-06,9.420023e-05,0.0001772676,0.0002535126,0.0003250951,0.0003915052,0.0004484307,0.0004952766,0.0005307596,0.0005578306,0.0005777412,0.0005926345,0.0006019532,0.0006064969,0.0006063195,0.0006038318,0.0005985015,0.00059029,0.0005808321,0.0005700659,0.0005574196,0.0005450801
0.0005186106,0.000506072,0.000493958,0.0004813374,0.000468912,0.0004565856,0.0004444375,0.0004327325,0.0004212502,0.0004104215,0.0003998638,0.0003900686,0.0003805817,0.0003718972,0.0003635251,0.0003559184,0.0003485927,0.0003419324,0.0003354948,0.0003295331,0.000323726,0.0003181283,0.0003125514,0.0003069504,0.0003011277,0.000295019,0.0002884371,0.0002812837,0.0002733882,0.0002646274,0.0002548322,0.000243869,0.0002316591,0.0002179392,0.0002027789,0.0001858465,0.0001672555,0.0001467225,0.0001243249,9.988681e-05,7.34118e-05,4.487411e-05,1.414393e-05,-1.859007e-05,-5.362893e-05,-9.0533e-05,-0.0001298258,-0.000170769,-0.0002140768,-0.0002588712,-0.00030563,-0.0003541029,-0.0004033778,-0.0004547641,-0.0005061791,-0.0005577416,-0.0006118581,-0.0006611859,-0.000712355,-0.000763648,-0.0008061187,-0.0008461379,-0.0008882528,-0.00091897,-0.0009357865,-0.0009450642,-0.0009516841,-0.0009443775,-0.0009183849,-0.000870148,-0.0008062771,-0.0007364192,-0.0006594274,-0.0005783677,-0.0004894622,-0.0003905252,-0.0002822027,-0.000171306,-6.407787e-05,3.464073e-05,0.0001240249,0.0002059307,0.0002806659,0.0003453422,0.0004003299,0.0004458206,0.0004844056,0.0005153533,0.0005392354,0.0005557699,0.0005670161,0.0005737189,0.0005771574,0.0005763829,0.0005728736,0.000567695,0.0005601258,0.0005509393,0.0005413181,0.0005297425
0.0004957899,0.0004861862,0.0004755422,0.0004650138,0.0004542326,0.0004434794,0.0004329062,0.0004223963,0.000412323,0.00040237,0.000393011,0.0003838244,0.0003752946,0.0003669647,0.0003593013,0.0003518295,0.0003449626,0.0003382495,0.0003320094,0.000325875,0.0003199912,0.0003141469,0.0003083158,0.0003023438,0.0002961798,0.0002896576,0.0002826918,0.0002751345,0.0002668654,0.0002577564,0.0002476873,0.0002365489,0.000224141,0.0002105024,0.000195319,0.0001787253,0.0001603993,0.0001404695,0.0001186918,9.513905e-05,6.969513e-05,4.233158e-05,1.310961e-05,-1.814861e-05,-5.115657e-05,-8.628016e-05,-0.0001229575,-0.000161772,-0.0002019115,-0.0002439961,-0.0002873771,-0.0003319083,-0.0003781231,-0.0004242607,-0.0004717383,-0.0005197074,-0.0005650275,-0.0006135738,-0.0006579262,-0.0006981571,-0.0007410184,-0.0007785658,-0.0008045488,-0.0008290145,-0.0008515578,-0.0008635595,-0.0008580256,-0.0008421232,-0.0008169461,-0.0007837098,-0.0007389826,-0.000680831,-0.0006163379,-0.0005438892,-0.0004635037,-0.0003749147,-0.0002811246,-0.0001851057,-9.144263e-05,-2.615122e-06,8.00393e-05,0.000155594,0.0002239963,0.0002867439,0.0003423175,0.0003902919,0.0004289764,0.0004601632,0.0004847315,0.0005043867,0.0005187199,0.0005284145,0.0005335513,0.0005361592,0.0005359214,0.0005327418,0.0005280764,0.0005219554,0.0005138339,0.000505708
0.0004690064,0.0004607409,0.0004525513,0.0004436981,0.0004347347,0.0004256736,0.0004165156,0.0004075812,0.0003986067,0.0003900491,0.000381521,0.0003735194,0.0003655872,0.0003582105,0.0003509278,0.0003441795,0.0003375074,0.0003312842,0.0003251001,0.0003191992,0.0003133042,0.0003074639,0.0003015295,0.0002954644,0.0002891096,0.0002824181,0.0002752437,0.0002674986,0.0002590567,0.0002498115,0.0002396464,0.0002284375,0.0002161499,0.0002025296,0.0001876951,0.0001713281,0.0001535732,0.000134161,0.0001131983,9.051068e-05,6.613493e-05,4.004943e-05,1.216073e-05,-1.735345e-05,-4.875094e-05,-8.161131e-05,-0.0001163879,-0.0001523866,-0.0001902215,-0.0002290827,-0.0002693301,-0.0003107638,-0.0003524452,-0.0003955921,-0.0004382405,-0.0004804856,-0.000524489,-0.0005636466,-0.0006038501,-0.0006436722,-0.0006752105,-0.0007042842,-0.0007347764,-0.0007553103,-0.0007642419,-0.0007674611,-0.0007690941,-0.000760569,-0.0007394327,-0.0007043412,-0.0006597277,-0.0006101565,-0.0005520605,-0.0004882351,-0.0004187701,-0.0003446366,-0.0002660104,-0.000185343,-0.0001043383,-2.558122e-05,4.92538e-05,0.0001194833,0.0001842636,0.0002413819,0.0002914415,0.000334596,0.0003726803,0.0004048474,0.0004313148,0.0004516333,0.0004672877,0.0004788549,0.0004873651,0.0004919611,0.000493814,0.000493882,0.0004915462,0.0004874045,0.0004826098,0.0004757646
0.0004403157,0.0004346202,0.0004277972,0.0004208118,0.000413421,0.0004058106,0.0003981943,0.0003904097,0.0003828582,0.0003752024,0.0003679286,0.0003606159,0.0003537471,0.0003468673,0.0003404409,0.0003340189,0.0003279986,0.0003219617,0.0003162107,0.0003104161,0.0003047214,0.0002989451,0.000293067,0.000286965,0.0002805975,0.0002738382,0.0002666127,0.0002588081,0.0002503205,0.0002410604,0.000230924,0.0002198406,0.000207625,0.0001943495,0.0001797203,0.0001638973,0.0001465806,0.0001279167,0.000107688,8.59769e-05,6.268522e-05,3.780476e-05,1.141201e-05,-1.664813e-05,-4.609229e-05,-7.724125e-05,-0.0001095509,-0.00014354,-0.0001784344,-0.000214772,-0.000251923,-0.0002897189,-0.0003286645,-0.0003670585,-0.0004062075,-0.0004453291,-0.0004815287,-0.0005201719,-0.0005545747,-0.0005848524,-0.0006171922,-0.0006444924,-0.0006615462,-0.0006773673,-0.000691745,-0.0006974059,-0.0006890801,-0.0006734252,-0.0006519121,-0.0006256399,-0.0005915186,-0.0005470091,-0.0004970536,-0.0004404959,-0.0003784332,-0.0003115117,-0.0002420729,-0.0001712928,-0.0001014149,-3.34608e-05,3.145134e-05,9.222687e-05,0.0001483112,0.0002007887,0.0002484468,0.0002909281,0.0003266754,0.0003568929,0.0003820462,0.0004033993,0.0004204295,0.0004335631,0.0004427309,0.0004495719,0.0004538081,0.0004552514,0.000455146,0.0004535557,0.0004499138,0.0004460475
0.0004138282,0.0004090095,0.0004040654,0.0003983655,0.000392362,0.0003861201,0.0003795955,0.0003731283,0.0003664448,0.0003599978,0.0003534,0.0003471393,0.0003407838,0.0003347927,0.0003287262,0.0003230147,0.0003172253,0.0003117169,0.0003061104,0.0003006402,0.0002950651,0.0002894287,0.0002836142,0.0002775892,0.0002712272,0.0002644897,0.0002572645,0.0002494739,0.0002410318,0.0002318406,0.0002218182,0.0002108507,0.0001989444,0.0001858613,0.0001717386,0.0001562801,0.0001396503,0.0001215996,0.0001022567,8.14643e-05,5.927095e-05,3.566944e-05,1.059146e-05,-1.578327e-05,-4.368103e-05,-7.268762e-05,-0.000103211,-0.0001345848,-0.0001673521,-0.0002007561,-0.0002350512,-0.0002701059,-0.0003049885,-0.0003408213,-0.0003757853,-0.0004099368,-0.0004453067,-0.000475873,-0.0005069874,-0.0005375427,-0.0005603957,-0.0005809828,-0.0006028892,-0.0006161393,-0.0006196031,-0.0006188449,-0.0006175794,-0.0006086453,-0.0005902377,-0.0005615227,-0.0005259857,-0.0004870442,-0.0004414107,-0.0003914791,-0.0003376449,-0.0002810124,-0.0002215876,-0.0001608668,-9.953081e-05,-3.916024e-05,1.915008e-05,7.475074e-05,0.0001269203,0.000173786,0.0002158254,0.0002530514,0.0002869011,0.0003165259,0.0003419273,0.0003625407,0.000379473,0.0003930774,0.0004041365,0.0004118056,0.0004170178,0.0004205771,0.0004219131,0.0004214745,0.0004203147,0.000417135
0.000388831,0.0003859068,0.0003818459,0.0003774681,0.0003726049,0.0003673728,0.000362014,0.0003563396,0.0003507619,0.0003449381,0.000339335,0.0003335448,0.0003280455,0.0003224011,0.0003170446,0.000311561,0.0003063273,0.0003009577,0.0002957405,0.0002903798,0.0002850067,0.0002794734,0.0002737609,0.0002677721,0.000261477,0.0002547696,0.0002475903,0.0002398563,0.0002314822,0.0002224022,0.0002125224,0.0002018004,0.0001900748,0.0001774441,0.0001636229,0.0001487894,0.0001326699,0.0001154207,9.68485e-05,7.705337e-05,5.594945e-05,3.35398e-05,9.913665e-06,-1.506463e-05,-4.110454e-05,-6.84997e-05,-9.672124e-05,-0.0001262399,-0.0001563168,-0.0001874278,-0.0002189799,-0.0002507839,-0.0002833341,-0.0003150119,-0.0003470366,-0.0003787115,-0.0004073429,-0.0004379471,-0.0004644517,-0.0004869821,-0.0005113593,-0.000531196,-0.0005419705,-0.0005520305,-0.0005613485,-0.0005635432,-0.0005543329,-0.0005398665,-0.0005215686,-0.0005002422,-0.0004731597,-0.0004379223,-0.000398686,-0.0003544108,-0.0003061289,-0.0002543774,-0.0002010124,-0.0001466586,-9.283752e-05,-4.003654e-05,1.096352e-05,5.937352e-05,0.0001046941,0.0001478404,0.0001877881,0.0002241965,0.0002556341,0.0002830103,0.0003065693,0.0003272907,0.0003446394,0.0003588327,0.0003696847,0.0003785685,0.0003851962,0.0003893269,0.0003920048,0.0003933117,0.0003926335,0.0003916397
0.0003665483,0.0003641148,0.0003614269,0.0003579576,0.0003540659,0.000349854,0.0003452394,0.0003405712,0.0003355664,0.0003306755,0.0003255081,0.0003205398,0.0003153529,0.0003104045,0.0003052637,0.0003003415,0.0002952357,0.000290288,0.0002851544,0.0002800569,0.0002747751,0.0002693594,0.0002637135,0.0002578131,0.0002515564,0.0002449082,0.000237783,0.0002301203,0.0002218581,0.0002129119,0.0002032209,0.000192687,0.0001813404,0.0001689642,0.0001557059,0.0001412932,0.0001258998,0.0001093031,9.163087e-05,7.276067e-05,5.2744e-05,3.159068e-05,9.234886e-06,-1.412787e-05,-3.870302e-05,-6.408279e-05,-9.064681e-05,-0.0001177481,-0.0001458897,-0.0001743454,-0.0002033642,-0.0002327995,-0.0002617573,-0.0002913239,-0.0003198037,-0.0003472417,-0.0003756017,-0.0003993083,-0.0004233898,-0.0004469256,-0.0004633619,-0.000477905,-0.0004939507,-0.0005025336,-0.0005028095,-0.0005001181,-0.0004978644,-0.0004897448,-0.0004742122,-0.0004506878,-0.0004221299,-0.0003914461,-0.000355612,-0.0003166384,-0.0002747909,-0.0002309712,-0.0001849947,-0.0001379447,-9.011219e-05,-4.265458e-05,3.712984e-06,4.845369e-05,9.103645e-05,0.000129828,0.0001652365,0.0001972105,0.0002269314,0.0002535852,0.0002770921,0.0002968131,0.0003136407,0.0003277748,0.0003398353,0.0003490088,0.0003560314,0.0003616028,0.0003651673,0.000367062,0.0003682493,0.0003674937
0.000344812,0.000343882,0.0003418096,0.0003393356,0.0003363218,0.0003328472,0.000329157,0.0003250525,0.0003209323,0.0003164652,0.0003120998,0.0003074438,0.0003029462,0.0002982108,0.0002936471,0.0002888562,0.0002842052,0.0002793326,0.0002745206,0.0002694975,0.0002643833,0.0002590603,0.0002535109,0.0002476615,0.0002414894,0.0002349082,0.0002278685,0.0002203153,0.0002121702,0.000203393,0.0001939011,0.000183678,0.0001725708,0.0001606961,0.0001477921,0.0001340464,0.0001192066,0.0001034393,8.656219e-05,6.869027e-05,4.975736e-05,2.977331e-05,8.829085e-06,-1.319196e-05,-3.599743e-05,-5.986349e-05,-8.427606e-05,-0.0001096707,-0.0001353495,-0.000161736,-0.0001883326,-0.000214884,-0.000241882,-0.000267833,-0.0002938747,-0.00031942,-0.0003419469,-0.000366193,-0.000386644,-0.0004033572,-0.0004219078,-0.0004365034,-0.0004430586,-0.0004494505,-0.0004557798,-0.0004562757,-0.0004472373,-0.0004344062,-0.000419163,-0.0004021,-0.0003807689,-0.0003529423,-0.0003222606,-0.0002877145,-0.000250119,-0.0002098134,-0.0001682784,-0.0001258558,-8.367303e-05,-4.197519e-05,-1.320298e-06,3.773135e-05,7.477036e-05,0.0001106112,0.0001443417,0.0001756572,0.0002032274,0.000227773,0.0002494376,0.0002689981,0.0002859012,0.0003002536,0.0003118076,0.0003217433,0.0003297369,0.0003355239,0.000339987,0.000343196,0.0003445375,0.0003455243
0.0003242533,0.0003236161,0.000322641,0.0003208816,0.0003186217,0.0003159873,0.0003128671,0.0003096095,0.000305921,0.0003022443,0.0002982024,0.0002942545,0.0002899873,0.0002858521,0.0002814432,0.0002771471,0.0002725917,0.0002681021,0.0002633643,0.000258589,0.0002535787,0.0002483864,0.0002429338,0.0002372065,0.0002311197,0.0002246494,0.0002177289,0.0002103117,0.0002023489,0.0001937733,0.0001845454,0.0001745836,0.0001639264,0.0001523735,0.0001400914,0.0001268284,0.0001127615,9.769353e-05,8.174807e-05,6.482419e-05,4.698078e-05,2.824294e-05,8.54497e-06,-1.190743e-05,-3.331069e-05,-5.526452e-05,-7.812815e-05,-0.0001012774,-0.0001251907,-0.0001491758,-0.000173497,-0.0001979954,-0.0002218186,-0.0002460414,-0.0002690808,-0.0002909934,-0.0003137054,-0.0003319963,-0.0003506565,-0.0003689195,-0.0003806908,-0.0003909755,-0.0004030417,-0.0004086609,-0.000407147,-0.0004036453,-0.000401318,-0.0003944301,-0.0003815737,-0.0003623463,-0.0003393646,-0.000315245,-0.0002871316,-0.0002567537,-0.0002242281,-0.0001902565,-0.0001545037,-0.000117798,-8.020386e-05,-4.262891e-05,-5.548849e-06,3.060959e-05,6.546525e-05,9.758409e-05,0.0001273253,0.0001546244,0.0001805035,0.0002041813,0.0002255465,0.0002439301,0.0002600442,0.0002740104,0.0002863432,0.0002962419,0.0003042924,0.0003111008,0.0003161264,0.0003196058,0.0003224432,0.0003234504
0.0003031477,0.0003037115,0.0003031754,0.000302188,0.0003006406,0.0002985754,0.0002962383,0.0002934191,0.0002905024,0.0002871588,0.0002838308,0.0002801364,0.0002765048,0.0002725498,0.0002686782,0.0002645097,0.0002603982,0.0002560051,0.0002516007,0.0002469353,0.0002421332,0.0002370891,0.0002317933,0.0002261886,0.0002202588,0.0002139414,0.0002071959,0.0001999815,0.0001922298,0.0001839203,0.0001749875,0.000165431,0.0001551082,0.0001441439,0.0001323044,0.0001197813,0.000106343,9.215748e-05,7.706642e-05,6.11759e-05,4.444089e-05,2.687379e-05,8.578864e-06,-1.055847e-05,-3.025086e-05,-5.076235e-05,-7.159267e-05,-9.316203e-05,-0.0001148038,-0.0001369273,-0.0001590632,-0.0001809778,-0.000203166,-0.000224219,-0.0002452365,-0.0002657264,-0.0002833118,-0.0003025321,-0.0003182631,-0.0003305783,-0.00034487,-0.000355746,-0.0003594523,-0.0003634836,-0.0003680564,-0.0003678006,-0.0003593948,-0.000348236,-0.0003356868,-0.0003221969,-0.0003055262,-0.0002835663,-0.0002595978,-0.0002326344,-0.0002033221,-0.0001718368,-0.0001394061,-0.0001061854,-7.306146e-05,-4.010953e-05,-7.758053e-06,2.362057e-05,5.369152e-05,8.323795e-05,0.0001114359,0.0001380215,0.0001617717,0.0001832933,0.0002026638,0.0002205525,0.0002363728,0.0002501816,0.0002616929,0.0002719192,0.0002805291,0.0002872195,0.0002927606,0.0002971989,0.0002999282,0.0003023404
0.0002825647,0.0002831959,0.000283496,0.0002830263,0.0002820354,0.0002806436,0.000278729,0.0002766235,0.0002740386,0.0002713912,0.0002683226,0.0002652699,0.0002618463,0.000258462,0.000254743,0.0002510677,0.0002470796,0.0002430949,0.0002388146,0.0002344451,0.0002298186,0.0002249788,0.0002198683,0.0002144757,0.0002087329,0.0002026294,0.0001961158,0.0001891472,0.0001816967,0.0001737053,0.0001651546,0.0001559698,0.0001462081,0.0001356801,0.0001245619,0.0001126193,0.0001000357,8.662546e-05,7.252864e-05,5.764334e-05,4.203194e-05,2.572838e-05,8.682705e-06,-8.907979e-06,-2.723604e-05,-4.591042e-05,-6.527657e-05,-8.474386e-05,-0.0001047647,-0.0001247083,-0.0001447708,-0.0001648899,-0.000184259,-0.0002038979,-0.0002223578,-0.0002396948,-0.0002578101,-0.0002718025,-0.0002861859,-0.0003004265,-0.0003087803,-0.0003160056,-0.0003253248,-0.0003290281,-0.0003265432,-0.0003228188,-0.0003208565,-0.0003153024,-0.0003048268,-0.0002891501,-0.0002706595,-0.0002517538,-0.0002297132,-0.0002060475,-0.0001807819,-0.0001544582,-0.0001266591,-9.802878e-05,-6.851445e-05,-3.882699e-05,-9.302082e-06,1.973671e-05,4.800696e-05,7.42544e-05,9.88254e-05,0.0001216539,0.0001436721,0.0001641497,0.0001829415,0.0001994105,0.0002141429,0.0002272165,0.0002390607,0.000248873,0.0002571635,0.0002644394,0.0002701849,0.0002745672,0.0002784151,0.0002806026
0.0002613221,0.0002628368,0.000263352,0.0002634092,0.0002629329,0.0002619229,0.0002606274,0.0002588213,0.0002568844,0.0002544809,0.0002520393,0.0002491848,0.0002463461,0.0002431292,0.0002399306,0.0002363987,0.0002328676,0.0002290217,0.0002251164,0.0002209239,0.0002165738,0.0002119673,0.0002071042,0.0002019362,0.0001964575,0.000190621,0.0001843973,0.0001777522,0.0001706368,0.0001630392,0.0001549073,0.0001462478,0.0001369408,0.0001271177,0.0001165563,0.0001054511,9.359179e-05,8.114059e-05,6.796935e-05,5.417193e-05,3.971343e-05,2.460433e-05,8.966068e-06,-7.324028e-06,-2.398359e-05,-4.127082e-05,-5.87029e-05,-7.669673e-05,-9.461043e-05,-0.0001128626,-0.0001309597,-0.0001487538,-0.0001667526,-0.0001835901,-0.0002003634,-0.0002166467,-0.0002301841,-0.0002453839,-0.0002573791,-0.0002663152,-0.0002774297,-0.0002856067,-0.0002873557,-0.000289846,-0.0002933941,-0.0002928988,-0.0002853118,-0.0002757477,-0.0002655556,-0.000255078,-0.0002422332,-0.0002249752,-0.0002063419,-0.0001853501,-0.000162534,-0.000137951,-0.0001126639,-8.669761e-05,-6.079555e-05,-3.490277e-05,-9.361366e-06,1.559241e-05,3.968318e-05,6.368393e-05,8.686399e-05,0.0001089844,0.00012892,0.0001472216,0.0001639152,0.0001796174,0.0001937542,0.0002063409,0.0002170601,0.000226802,0.0002352529,0.000242076,0.0002479574,0.000252936,0.0002563843,0.0002596075
0.0002406152,0.0002419714,0.0002430417,0.0002434013,0.0002432633,0.0002427403,0.0002416988,0.0002404547,0.0002387249,0.0002369061,0.0002346415,0.0002323505,0.0002296678,0.0002269827,0.0002239302,0.0002208813,0.0002174935,0.0002140743,0.0002103412,0.0002064973,0.0002023888,0.0001980609,0.0001934697,0.000188607,0.0001834211,0.0001779044,0.0001720227,0.0001657388,0.0001590442,0.0001518858,0.0001442557,0.0001360867,0.0001274536,0.0001181813,0.0001084427,9.801974e-05,8.709871e-05,7.550656e-05,6.338599e-05,5.064787e-05,3.73497e-05,2.353001e-05,9.141055e-06,-5.624779e-06,-2.095565e-05,-3.647417e-05,-5.252223e-05,-6.853687e-05,-8.496043e-05,-0.0001012055,-0.000117449,-0.0001336821,-0.000149144,-0.0001648301,-0.0001793968,-0.0001929047,-0.0002072385,-0.0002177506,-0.000228763,-0.0002398922,-0.0002456527,-0.0002506387,-0.0002580203,-0.0002604801,-0.0002574968,-0.0002538668,-0.0002524674,-0.0002482343,-0.0002398693,-0.0002271722,-0.0002123598,-0.0001976721,-0.0001805006,-0.000162183,-0.0001426794,-0.0001224262,-0.0001009485,-7.876727e-05,-5.575297e-05,-3.248854e-05,-9.195077e-06,1.386725e-05,3.649838e-05,5.757287e-05,7.745314e-05,9.608147e-05,0.0001143274,0.0001315141,0.0001474876,0.0001616335,0.0001744905,0.0001860913,0.0001968019,0.0002058455,0.00021367,0.0002207217,0.0002264947,0.000231113,0.0002353279,0.0002380556
0.0002193878,0.0002213629,0.000222428,0.0002230919,0.0002232721,0.0002229524,0.0002223648,0.000221282,0.0002200644,0.0002183864,0.0002166497,0.0002144919,0.0002123181,0.0002097656,0.0002072046,0.0002042931,0.0002013586,0.0001980988,0.0001947672,0.00019115,0.0001873656,0.0001833366,0.0001790626,0.0001745085,0.0001696752,0.0001645216,0.0001590255,0.0001531709,0.000146915,0.0001402578,0.0001331516,0.0001256166,0.0001175409,0.0001090656,9.997781e-05,9.04745e-05,8.035684e-05,6.979104e-05,5.864808e-05,4.703397e-05,3.491795e-05,2.230848e-05,9.317194e-06,-4.17274e-06,-1.788434e-05,-3.207692e-05,-4.628982e-05,-6.093048e-05,-7.539787e-05,-9.009029e-05,-0.0001045983,-0.0001187441,-0.0001330461,-0.0001462378,-0.000159382,-0.0001721263,-0.0001823168,-0.0001942284,-0.0002032915,-0.0002095979,-0.0002182515,-0.0002244395,-0.0002248099,-0.0002262981,-0.0002292597,-0.0002288211,-0.000222099,-0.0002140097,-0.0002058807,-0.0001979728,-0.0001883044,-0.0001748896,-0.000160579,-0.0001444023,-0.0001267982,-0.0001077591,-8.82134e-05,-6.811291e-05,-4.807895e-05,-2.799693e-05,-8.118869e-06,1.139603e-05,3.034087e-05,4.946634e-05,6.812301e-05,8.610835e-05,0.0001023736,0.0001174329,0.0001313124,0.0001445627,0.0001566503,0.0001675544,0.0001769494,0.0001856637,0.0001933651,0.0001997235,0.0002053455,0.0002102563,0.0002138286,0.0002172674
0.000198726,0.0002003649,0.0002017612,0.0002025487,0.0002028858,0.0002028933,0.000202415,0.0002017605,0.0002006357,0.0001994319,0.0001977907,0.0001961197,0.0001940456,0.0001919712,0.0001895342,0.0001870815,0.0001842925,0.0001814616,0.0001783285,0.0001750885,0.0001715889,0.0001678878,0.0001639454,0.0001597632,0.0001552974,0.0001505428,0.0001454731,0.0001400684,0.0001343216,0.0001281922,0.0001216774,0.0001147248,0.0001074067,9.956166e-05,9.136768e-05,8.26186e-05,7.349655e-05,6.384627e-05,5.379055e-05,4.326355e-05,3.232017e-05,2.100198e-05,9.24313e-06,-2.758406e-06,-1.519063e-05,-2.769231e-05,-4.060723e-05,-5.33903e-05,-6.649351e-05,-7.934095e-05,-9.218961e-05,-0.0001049814,-0.0001169878,-0.0001292476,-0.0001404688,-0.0001507407,-0.0001619372,-0.0001695803,-0.0001779277,-0.0001866151,-0.0001903524,-0.0001936726,-0.0001996573,-0.000201311,-0.00019811,-0.0001947538,-0.0001940003,-0.0001910175,-0.0001845145,-0.0001743452,-0.0001625838,-0.000151376,-0.0001381819,-0.0001242259,-0.0001094075,-9.410054e-05,-7.777529e-05,-6.087866e-05,-4.320545e-05,-2.527408e-05,-7.207344e-06,1.077168e-05,2.853727e-05,4.505349e-05,6.0693e-05,7.543092e-05,9.009503e-05,0.000104046,0.0001171594,0.0001288216,0.0001395383,0.0001493194,0.0001585013,0.0001663461,0.0001732282,0.0001795687,0.0001848613,0.0001891851,0.0001932575,0.0001960026
0.0001775907,0.000179642,0.0001808803,0.0001818023,0.0001823103,0.0001823809,0.0001822272,0.0001816219,0.0001809016,0.0001797502,0.0001785524,0.0001769552,0.0001753336,0.0001733534,0.0001713701,0.0001690421,0.0001666946,0.0001640331,0.0001613113,0.000158323,0.0001551795,0.0001518196,0.0001482421,0.0001444245,0.0001403696,0.0001360448,0.0001314319,0.0001265302,0.0001212954,0.0001157403,0.000109823,0.0001035761,9.688609e-05,8.989859e-05,8.241649e-05,7.463645e-05,6.636605e-05,5.777507e-05,4.872879e-05,3.933927e-05,2.958063e-05,1.94587e-05,9.072131e-06,-1.691716e-06,-1.256593e-05,-2.381374e-05,-3.499436e-05,-4.651062e-05,-5.780028e-05,-6.924517e-05,-8.052662e-05,-9.14251e-05,-0.0001024677,-0.0001124854,-0.000122508,-0.0001322514,-0.0001396445,-0.0001488479,-0.0001555435,-0.0001597588,-0.000166498,-0.0001711902,-0.0001705705,-0.0001713995,-0.0001740573,-0.0001738442,-0.0001679819,-0.000161232,-0.0001549072,-0.00014921,-0.0001422233,-0.0001320135,-0.0001212795,-0.0001090731,-9.575789e-05,-8.128161e-05,-6.647092e-05,-5.123002e-05,-3.608257e-05,-2.087768e-05,-5.80311e-06,9.040499e-06,2.350207e-05,3.83203e-05,5.290071e-05,6.708175e-05,7.988246e-05,9.17923e-05,0.0001028549,0.0001135761,0.0001234403,0.0001324169,0.0001401908,0.0001475435,0.000154124,0.0001596116,0.0001645568,0.0001689643,0.0001722281,0.0001754695
0.0001569764,0.0001585507,0.0001599752,0.0001608879,0.0001614258,0.0001617013,0.0001615505,0.0001612681,0.0001605585,0.0001597952,0.0001586303,0.0001574548,0.0001559023,0.0001543556,0.0001524698,0.0001505803,0.0001483766,0.0001461453,0.0001436348,0.0001410355,0.0001382093,0.0001352101,0.0001320072,0.0001286054,0.000124967,0.0001210952,0.0001169712,0.0001125777,0.0001079139,0.0001029461,9.768143e-05,9.207234e-05,8.619467e-05,7.989132e-05,7.334687e-05,6.63621e-05,5.91182e-05,5.146463e-05,4.352591e-05,3.523221e-05,2.663736e-05,1.778194e-05,8.599625e-06,-7.210311e-07,-1.037437e-05,-2.001325e-05,-2.998249e-05,-3.976397e-05,-4.980834e-05,-5.957837e-05,-6.932538e-05,-7.902948e-05,-8.799908e-05,-9.726454e-05,-0.0001056034,-0.000113119,-0.0001216779,-0.0001269535,-0.0001330894,-0.0001398083,-0.0001419851,-0.000144032,-0.0001489997,-0.0001501173,-0.0001468784,-0.0001438833,-0.0001438155,-0.000141995,-0.0001371407,-0.0001291409,-0.0001199723,-0.0001117008,-0.0001018371,-9.152013e-05,-8.061425e-05,-6.943342e-05,-5.742041e-05,-4.495717e-05,-3.179607e-05,-1.838704e-05,-4.802963e-06,8.780381e-06,2.227916e-05,3.47418e-05,4.654585e-05,5.769291e-05,6.899204e-05,7.984109e-05,9.012666e-05,9.926879e-05,0.0001077308,0.0001155265,0.0001229744,0.0001293466,0.0001349915,0.0001402927,0.0001447586,0.0001484395,0.0001520222,0.0001544606
0.00013588,0.0001377124,0.0001388799,0.000139804,0.0001404093,0.0001406442,0.0001407225,0.0001404042,0.0001400218,0.0001392482,0.0001384641,0.0001373144,0.0001361793,0.0001347014,0.0001332377,0.0001314653,0.0001296935,0.0001276401,0.0001255455,0.0001232139,0.000120768,0.00011814,0.0001153377,0.000112339,0.0001091527,0.0001057565,0.0001021401,9.829723e-05,9.419744e-05,8.985447e-05,8.523742e-05,8.037654e-05,7.517288e-05,6.976943e-05,6.397587e-05,5.798682e-05,5.162061e-05,4.50355e-05,3.812016e-05,3.096371e-05,2.354215e-05,1.585474e-05,8.011851e-06,-1.157992e-07,-8.274192e-06,-1.673026e-05,-2.505844e-05,-3.367497e-05,-4.203121e-05,-5.054125e-05,-5.883987e-05,-6.680371e-05,-7.498122e-05,-8.220506e-05,-8.952976e-05,-9.670129e-05,-0.0001017127,-0.0001086785,-0.0001133613,-0.0001158627,-0.0001211258,-0.0001246569,-0.0001233162,-0.0001236992,-0.0001262446,-0.0001263428,-0.0001213166,-0.0001157837,-0.000111059,-0.0001072964,-0.0001026416,-9.517169e-05,-8.74848e-05,-7.863613e-05,-6.895074e-05,-5.832376e-05,-4.752706e-05,-3.641144e-05,-2.545414e-05,-1.44425e-05,-3.54182e-06,7.212527e-06,1.769471e-05,2.865604e-05,3.954768e-05,5.02268e-05,5.977278e-05,6.86738e-05,7.696031e-05,8.514678e-05,9.27238e-05,9.966677e-05,0.0001056623,0.0001114352,0.0001166644,0.00012101,0.0001249985,0.0001286337,0.000131302,0.0001340983
0.0001152557,0.0001165193,0.0001177624,0.0001185837,0.0001191258,0.0001194782,0.0001194812,0.0001194093,0.0001189767,0.000118532,0.0001177357,0.0001169608,0.000115866,0.000114794,0.0001134139,0.000112066,0.0001104376,0.0001088137,0.000106942,0.0001050128,0.0001029059,0.0001006631,9.826603e-05,9.571565e-05,9.298367e-05,9.007873e-05,8.699136e-05,8.369713e-05,8.021122e-05,7.64983e-05,7.25747e-05,6.838935e-05,6.403286e-05,5.935003e-05,5.452156e-05,4.935304e-05,4.402839e-05,3.839217e-05,3.258472e-05,2.652059e-05,2.02482e-05,1.380351e-05,7.130617e-06,3.986397e-07,-6.594001e-06,-1.351311e-05,-2.070699e-05,-2.768829e-05,-3.489976e-05,-4.185907e-05,-4.874824e-05,-5.565246e-05,-6.192022e-05,-6.853336e-05,-7.435225e-05,-7.947791e-05,-8.577292e-05,-8.905024e-05,-9.330771e-05,-9.840349e-05,-9.93388e-05,-0.0001003817,-0.0001045977,-0.0001053582,-0.0001021882,-9.959327e-05,-0.0001002228,-9.949203e-05,-9.612823e-05,-9.003615e-05,-8.313388e-05,-7.74104e-05,-7.042302e-05,-6.323429e-05,-5.569278e-05,-4.805717e-05,-3.976004e-05,-3.112318e-05,-2.188353e-05,-1.241962e-05,-2.775683e-06,6.918458e-06,1.660318e-05,2.539845e-05,3.3698e-05,4.15145e-05,4.964923e-05,5.753995e-05,6.506521e-05,7.169181e-05,7.78648e-05,8.360065e-05,8.919725e-05,9.392756e-05,9.814824e-05,0.0001022032,0.0001056183,0.0001084379,0.0001113022,0.0001132075
9.414095e-05,9.557244e-05,9.647109e-05,9.722063e-05,9.775056e-05,9.799247e-05,9.815496e-05,9.799044e-05,9.782516e-05,9.732779e-05,9.686734e-05,9.608913e-05,9.537132e-05,9.435269e-05,9.338157e-05,9.21446e-05,9.094227e-05,8.949957e-05,8.805138e-05,8.640889e-05,8.469605e-05,8.284705e-05,8.087394e-05,7.87565e-05,7.650925e-05,7.411323e-05,7.156353e-05,6.88558e-05,6.596831e-05,6.291635e-05,5.967324e-05,5.627001e-05,5.261726e-05,4.885895e-05,4.480561e-05,4.065043e-05,3.621737e-05,3.165892e-05,2.687042e-05,2.193354e-05,1.682151e-05,1.152671e-05,6.158067e-06,5.761302e-07,-4.974955e-06,-1.076938e-05,-1.639852e-05,-2.228787e-05,-2.79087e-05,-3.369043e-05,-3.927054e-05,-4.456864e-05,-5.014945e-05,-5.487116e-05,-5.979897e-05,-6.470823e-05,-6.764192e-05,-7.267803e-05,-7.56672e-05,-7.673639e-05,-8.077664e-05,-8.33846e-05,-8.149249e-05,-8.158653e-05,-8.413491e-05,-8.46004e-05,-8.03683e-05,-7.596284e-05,-7.26932e-05,-7.0679e-05,-6.810226e-05,-6.30468e-05,-5.803905e-05,-5.213168e-05,-4.561538e-05,-3.83519e-05,-3.106575e-05,-2.357127e-05,-1.630451e-05,-9.014375e-06,-1.833095e-06,5.244694e-06,1.212347e-05,1.956127e-05,2.705246e-05,3.447187e-05,4.094229e-05,4.695536e-05,5.254356e-05,5.821886e-05,6.349643e-05,6.834875e-05,7.246435e-05,7.654296e-05,8.02756e-05,8.331994e-05,8.61802e-05,8.885944e-05,9.073733e-05,9.287796e-05
7.346868e-05,7.428328e-05,7.516862e-05,7.575443e-05,7.615258e-05,7.645528e-05,7.648821e-05,7.652149e-05,7.626021e-05,7.605102e-05,7.554705e-05,7.511611e-05,7.440685e-05,7.37751e-05,7.288426e-05,7.206074e-05,7.100234e-05,6.998669e-05,6.877269e-05,6.754721e-05,6.618536e-05,6.473962e-05,6.319095e-05,6.154655e-05,5.978155e-05,5.790424e-05,5.590788e-05,5.377954e-05,5.153345e-05,4.914068e-05,4.661737e-05,4.392045e-05,4.113719e-05,3.811918e-05,3.504677e-05,3.172909e-05,2.834524e-05,2.474709e-05,2.105754e-05,1.720355e-05,1.322737e-05,9.161081e-06,4.931129e-06,7.054071e-07,-3.722846e-06,-8.034641e-06,-1.258834e-05,-1.69096e-05,-2.145903e-05,-2.575875e-05,-3.005689e-05,-3.440569e-05,-3.817365e-05,-4.238533e-05,-4.592031e-05,-4.890493e-05,-5.320464e-05,-5.469825e-05,-5.738668e-05,-6.111763e-05,-6.096203e-05,-6.119059e-05,-6.48252e-05,-6.536219e-05,-6.231047e-05,-6.014532e-05,-6.146754e-05,-6.177931e-05,-5.979686e-05,-5.543844e-05,-5.056301e-05,-4.71258e-05,-4.270195e-05,-3.83075e-05,-3.375975e-05,-2.92935e-05,-2.431034e-05,-1.910253e-05,-1.336817e-05,-7.461886e-06,-1.376876e-06,4.77453e-06,1.097318e-05,1.637667e-05,2.139697e-05,2.607213e-05,3.119914e-05,3.62379e-05,4.109388e-05,4.523573e-05,4.911534e-05,5.274373e-05,5.641398e-05,5.942676e-05,6.210859e-05,6.480393e-05,6.703591e-05,6.883247e-05,7.082199e-05,7.199369e-05
5.230631e-05,5.323245e-05,5.371879e-05,5.417958e-05,5.451475e-05,5.466239e-05,5.481077e-05,5.471563e-05,5.468312e-05,5.439192e-05,5.419461e-05,5.374218e-05,5.338478e-05,5.279382e-05,5.230248e-05,5.158574e-05,5.094968e-05,5.011798e-05,4.933261e-05,4.840539e-05,4.744756e-05,4.641029e-05,4.530107e-05,4.410935e-05,4.28497e-05,4.150364e-05,4.006607e-05,3.854852e-05,3.692312e-05,3.521372e-05,3.339229e-05,3.150011e-05,2.943985e-05,2.735973e-05,2.507651e-05,2.27822e-05,2.02979e-05,1.778185e-05,1.510831e-05,1.237248e-05,9.545283e-06,6.613654e-06,3.66297e-06,5.57344e-07,-2.46699e-06,-5.695165e-06,-8.736315e-06,-1.201614e-05,-1.504007e-05,-1.822002e-05,-2.129954e-05,-2.413133e-05,-2.728257e-05,-2.969986e-05,-3.242305e-05,-3.527328e-05,-3.633185e-05,-3.962876e-05,-4.116342e-05,-4.098795e-05,-4.395026e-05,-4.579295e-05,-4.344546e-05,-4.33553e-05,-4.597834e-05,-4.68523e-05,-4.337524e-05,-4.003357e-05,-3.81202e-05,-3.773719e-05,-3.706773e-05,-3.421575e-05,-3.1647e-05,-2.841749e-05,-2.477498e-05,-2.056909e-05,-1.647062e-05,-1.227847e-05,-8.373145e-06,-4.498322e-06,-7.373501e-07,2.933139e-06,6.459772e-06,1.060021e-05,1.487943e-05,1.920359e-05,2.272581e-05,2.593591e-05,2.889927e-05,3.21025e-05,3.508415e-05,3.781421e-05,3.999329e-05,4.232719e-05,4.448119e-05,4.613384e-05,4.776413e-05,4.935889e-05,5.031639e-05,5.164953e-05
3.157951e-05,3.18494e-05,3.228409e-05,3.254437e-05,3.271287e-05,3.28863e-05,3.287509e-05,3.294705e-05,3.279511e-05,3.276638e-05,3.250734e-05,3.238298e-05,3.202621e-05,3.180899e-05,3.138966e-05,3.108043e-05,3.058834e-05,3.018473e-05,2.963782e-05,2.913116e-05,2.853456e-05,2.791093e-05,2.723943e-05,2.653405e-05,2.577102e-05,2.495964e-05,2.409426e-05,2.317326e-05,2.220682e-05,2.117294e-05,2.008776e-05,1.891628e-05,1.773908e-05,1.641209e-05,1.511878e-05,1.366966e-05,1.223864e-05,1.068358e-05,9.109295e-06,7.45254e-06,5.750746e-06,4.031447e-06,2.202383e-06,4.30761e-07,-1.497425e-06,-3.2773e-06,-5.278548e-06,-7.037138e-06,-9.034868e-06,-1.079333e-05,-1.263462e-05,-1.456922e-05,-1.598085e-05,-1.794623e-05,-1.935111e-05,-2.035151e-05,-2.282269e-05,-2.267686e-05,-2.395138e-05,-2.646559e-05,-2.533232e-05,-2.485386e-05,-2.801677e-05,-2.839846e-05,-2.549172e-05,-2.376608e-05,-2.578785e-05,-2.711144e-05,-2.644133e-05,-2.370184e-05,-2.070933e-05,-1.940249e-05,-1.735381e-05,-1.555076e-05,-1.377968e-05,-1.225706e-05,-1.035179e-05,-8.33408e-06,-5.862226e-06,-3.274988e-06,-5.219356e-07,2.301139e-06,5.21188e-06,7.394946e-06,9.278988e-06,1.092952e-05,1.314921e-05,1.541293e-05,1.765542e-05,1.934334e-05,2.093418e-05,2.243979e-05,2.415702e-05,2.540706e-05,2.648995e-05,2.775617e-05,2.872361e-05,2.940416e-05,3.042769e-05,3.07678e-05
1.037627e-05,1.071522e-05,1.074197e-05,1.084901e-05,1.093614e-05,1.092991e-05,1.101418e-05,1.093679e-05,1.099903e-05,1.087235e-05,1.090608e-05,1.07467e-05,1.074349e-05,1.055917e-05,1.052682e-05,1.032358e-05,1.02517e-05,1.003655e-05,9.917574e-06,9.708515e-06,9.524976e-06,9.316588e-06,9.09476e-06,8.849971e-06,8.599956e-06,8.330207e-06,8.039462e-06,7.739102e-06,7.406146e-06,7.065878e-06,6.694593e-06,6.333571e-06,5.889583e-06,5.509881e-06,5.013222e-06,4.590017e-06,4.062615e-06,3.584227e-06,3.032271e-06,2.492342e-06,1.931859e-06,1.330868e-06,7.718533e-07,1.078255e-07,-4.357167e-07,-1.153839e-06,-1.668084e-06,-2.418574e-06,-2.924026e-06,-3.617107e-06,-4.24174e-06,-4.686558e-06,-5.537713e-06,-5.754679e-06,-6.398136e-06,-7.309313e-06,-6.596138e-06,-8.295093e-06,-8.430646e-06,-7.084679e-06,-9.106725e-06,-1.025977e-05,-7.505998e-06,-7.268491e-06,-1.002022e-05,-1.131698e-05,-8.575156e-06,-6.251968e-06,-5.637618e-06,-6.819163e-06,-7.982315e-06,-7.221592e-06,-6.970948e-06,-6.272985e-06,-5.352273e-06,-4.030889e-06,-2.951582e-06,-1.884084e-06,-1.180805e-06,-5.534753e-07,-6.245791e-08,3.476438e-07,6.465253e-07,1.612705e-06,2.79571e-06,4.120215e-06,4.764726e-06,5.231183e-06,5.592898e-06,6.348155e-06,7.041865e-06,7.651498e-06,7.882603e-06,8.430763e-06,8.969073e-06,9.170431e-06,9.508937e-06,9.967927e-06,9.941296e-06,1.043386e-05
-1.037621e-05,-1.071516e-05,-1.074191e-05,-1.084895e-05,-1.093608e-05,-1.092986e-05,-1.101412e-05,-1.093674e-05,-1.099898e-05,-1.08723e-05,-1.090603e-05,-1.074665e-05,-1.074345e-05,-1.055913e-05,-1.052678e-05,-1.032354e-05,-1.025166e-05,-1.003651e-05,-9.917539e-06,-9.70848e-06,-9.524942e-06,-9.316555e-06,-9.094728e-06,-8.849939e-06,-8.599925e-06,-8.330177e-06,-8.039432e-06,-7.739072e-06,-7.406117e-06,-7.06585e-06,-6.694564e-06,-6.333542e-06,-5.889554e-06,-5.509852e-06,-5.013193e-06,-4.589987e-06,-4.062586e-06,-3.584198e-06,-3.032243e-06,-2.492314e-06,-1.931829e-06,-1.330839e-06,-7.718234e-07,-1.077952e-07,4.357473e-07,1.15387e-06,1.668114e-06,2.418605e-06,2.924057e-06,3.617139e-06,4.241772e-06,4.686591e-06,5.537745e-06,5.754712e-06,6.398167e-06,7.309343e-06,6.596167e-06,8.295121e-06,8.430672e-06,7.084704e-06,9.10675e-06,1.025979e-05,7.506023e-06,7.268516e-06,1.002025e-05,1.1317e-05,8.575182e-06,6.251994e-06,5.637644e-06,6.81919e-06,7.982343e-06,7.221622e-06,6.970978e-06,6.273017e-06,5.352306e-06,4.030923e-06,2.951618e-06,1.884121e-06,1.180843e-06,5.535151e-07,6.249918e-08,-3.476011e-07,-6.464813e-07,-1.61266e-06,-2.795664e-06,-4.120167e-06,-4.764677e-06,-5.231132e-06,-5.592845e-06,-6.348101e-06,-7.04181e-06,-7.651441e-06,-7.882545e-06,-8.430703e-06,-8.969011e-06,-9.170369e-06,-9.508874e-06,-9.967865e-06,-9.941234e-06,-1.04338e-05
-3.157945e-05,-3.184934e-05,-3.228403e-05,-3.254431e-05,-3.271281e-05,-3.288625e-05,-3.287504e-05,-3.294699e-05,-3.279506e-05,-3.276633e-05,-3.250729e-05,-3.238293e-05,-3.202616e-05,-3.180894e-05,-3.138962e-05,-3.108039e-05,-3.05883e-05,-3.018469e-05,-2.963778e-05,-2.913112e-05,-2.853453e-05,-2.79109e-05,-2.72394e-05,-2.653401e-05,-2.577099e-05,-2.495961e-05,-2.409422e-05,-2.317323e-05,-2.220679e-05,-2.117291e-05,-2.008773e-05,-1.891625e-05,-1.773905e-05,-1.641206e-05,-1.511876e-05,-1.366963e-05,-1.223861e-05,-1.068356e-05,-9.109266e-06,-7.452511e-06,-5.750717e-06,-4.031418e-06,-2.202354e-06,-4.307311e-07,1.497455e-06,3.27733e-06,5.278578e-06,7.037168e-06,9.034898e-06,1.079336e-05,1.263465e-05,1.456925e-05,1.598088e-05,1.794626e-05,1.935114e-05,2.035154e-05,2.282272e-05,2.267689e-05,2.395141e-05,2.646561e-05,2.533235e-05,2.485388e-05,2.80168e-05,2.839848e-05,2.549175e-05,2.37661e-05,2.578788e-05,2.711147e-05,2.644136e-05,2.370186e-05,2.070935e-05,1.940252e-05,1.735384e-05,1.555079e-05,1.377972e-05,1.22571e-05,1.035182e-05,8.334117e-06,5.862265e-06,3.275027e-06,5.219765e-07,-2.301097e-06,-5.211837e-06,-7.394901e-06,-9.278941e-06,-1.092947e-05,-1.314916e-05,-1.541288e-05,-1.765536e-05,-1.934329e-05,-2.093412e-05,-2.243973e-05,-2.415697e-05,-2.5407e-05,-2.648989e-05,-2.775611e-05,-2.872355e-05,-2.94041e-05,-3.042763e-05,-3.076774e-05
-5.230625e-05,-5.32324e-05,-5.371874e-05,-5.417952e-05,-5.451469e-05,-5.466233e-05,-5.481071e-05,-5.471558e-05,-5.468307e-05,-5.439186e-05,-5.419456e-05,-5.374214e-05,-5.338473e-05,-5.279378e-05,-5.230244e-05,-5.158569e-05,-5.094964e-05,-5.011794e-05,-4.933257e-05,-4.840535e-05,-4.744752e-05,-4.641025e-05,-4.530104e-05,-4.410932e-05,-4.284967e-05,-4.150361e-05,-4.006604e-05,-3.854849e-05,-3.692308e-05,-3.521369e-05,-3.339226e-05,-3.150008e-05,-2.943983e-05,-2.73597e-05,-2.507648e-05,-2.278217e-05,-2.029787e-05,-1.778182e-05,-1.510829e-05,-1.237245e-05,-9.545254e-06,-6.613625e-06,-3.662941e-06,-5.57315e-07,2.467019e-06,5.695194e-06,8.736343e-06,1.201617e-05,1.50401e-05,1.822005e-05,2.129957e-05,2.413136e-05,2.72826e-05,2.969988e-05,3.242307e-05,3.527331e-05,3.633188e-05,3.962878e-05,4.116345e-05,4.098798e-05,4.395029e-05,4.579298e-05,4.344548e-05,4.335532e-05,4.597836e-05,4.685232e-05,4.337526e-05,4.00336e-05,3.812023e-05,3.773721e-05,3.706775e-05,3.421578e-05,3.164703e-05,2.841752e-05,2.477501e-05,2.056913e-05,1.647066e-05,1.22785e-05,8.373182e-06,4.498361e-06,7.373902e-07,-2.933098e-06,-6.459729e-06,-1.060017e-05,-1.487938e-05,-1.920354e-05,-2.272577e-05,-2.593586e-05,-2.889922e-05,-3.210245e-05,-3.50841e-05,-3.781415e-05,-3.999323e-05,-4.232713e-05,-4.448113e-05,-4.613378e-05,-4.776408e-05,-4.935883e-05,-5.031633e-05,-5.164947e-05
-7.346863e-05,-7.428322e-05,-7.516857e-05,-7.575437e-05,-7.615252e-05,-7.645522e-05,-7.648816e-05,-7.652144e-05,-7.626016e-05,-7.605096e-05,-7.5547e-05,-7.511606e-05,-7.440681e-05,-7.377505e-05,-7.288421e-05,-7.20607e-05,-7.100229e-05,-6.998665e-05,-6.877264e-05,-6.754717e-05,-6.618533e-05,-6.473958e-05,-6.319091e-05,-6.154651e-05,-5.978151e-05,-5.79042e-05,-5.590785e-05,-5.377951e-05,-5.153342e-05,-4.914065e-05,-4.661733e-05,-4.392042e-05,-4.113717e-05,-3.811915e-05,-3.504674e-05,-3.172907e-05,-2.834521e-05,-2.474706e-05,-2.105751e-05,-1.720352e-05,-1.322734e-05,-9.161053e-06,-4.931102e-06,-7.053793e-07,3.722874e-06,8.034668e-06,1.258837e-05,1.690963e-05,2.145906e-05,2.575878e-05,3.005692e-05,3.440572e-05,3.817367e-05,4.238535e-05,4.592033e-05,4.890496e-05,5.320467e-05,5.469827e-05,5.738671e-05,6.111765e-05,6.096205e-05,6.119061e-05,6.482522e-05,6.536221e-05,6.231049e-05,6.014534e-05,6.146756e-05,6.177934e-05,5.979689e-05,5.543846e-05,5.056303e-05,4.712583e-05,4.270198e-05,3.830753e-05,3.375978e-05,2.929353e-05,2.431038e-05,1.910257e-05,1.33682e-05,7.461923e-06,1.376914e-06,-4.77449e-06,-1.097314e-05,-1.637663e-05,-2.139693e-05,-2.607208e-05,-3.119909e-05,-3.623785e-05,-4.109383e-05,-4.523568e-05,-4.911529e-05,-5.274368e-05,-5.641392e-05,-5.942671e-05,-6.210854e-05,-6.480388e-05,-6.703585e-05,-6.883241e-05,-7.082194e-05,-7.199364e-05
-9.414089e-05,-9.557238e-05,-9.647103e-05,-9.722057e-05,-9.77505e-05,-9.799242e-05,-9.81549e-05,-9.799039e-05,-9.78251e-05,-9.732773e-05,-9.686728e-05,-9.608908e-05,-9.537127e-05,-9.435265e-05,-9.338152e-05,-9.214456e-05,-9.094223e-05,-8.949952e-05,-8.805133e-05,-8.640885e-05,-8.4696e-05,-8.284701e-05,-8.087391e-05,-7.875646e-05,-7.650921e-05,-7.41132e-05,-7.15635e-05,-6.885576e-05,-6.596828e-05,-6.291631e-05,-5.967321e-05,-5.626998e-05,-5.261722e-05,-4.885892e-05,-4.480558e-05,-4.065041e-05,-3.621735e-05,-3.165889e-05,-2.687039e-05,-2.193351e-05,-1.682148e-05,-1.152668e-05,-6.15804e-06,-5.761038e-07,4.974981e-06,1.07694e-05,1.639855e-05,2.22879e-05,2.790872e-05,3.369046e-05,3.927056e-05,4.456866e-05,5.014947e-05,5.487118e-05,5.979899e-05,6.470826e-05,6.764194e-05,7.267806e-05,7.566722e-05,7.673641e-05,8.077666e-05,8.338462e-05,8.149251e-05,8.158655e-05,8.413493e-05,8.460042e-05,8.036832e-05,7.596286e-05,7.269322e-05,7.067903e-05,6.810229e-05,6.304683e-05,5.803908e-05,5.213171e-05,4.56154e-05,3.835193e-05,3.106578e-05,2.357131e-05,1.630455e-05,9.01441e-06,1.833132e-06,-5.244656e-06,-1.212343e-05,-1.956123e-05,-2.705241e-05,-3.447182e-05,-4.094225e-05,-4.695531e-05,-5.254352e-05,-5.821881e-05,-6.349638e-05,-6.83487e-05,-7.24643e-05,-7.65429e-05,-8.027554e-05,-8.331988e-05,-8.618014e-05,-8.885939e-05,-9.073727e-05,-9.28779e-05
-0.0001152556,-0.0001165192,-0.0001177623,-0.0001185836,-0.0001191257,-0.0001194782,-0.0001194811,-0.0001194093,-0.0001189766,-0.0001185319,-0.0001177357,-0.0001169608,-0.0001158659,-0.0001147939,-0.0001134138,-0.0001120659,-0.0001104375,-0.0001088136,-0.0001069419,-0.0001050128,-0.0001029058,-0.0001006631,-9.826598e-05,-9.571561e-05,-9.298363e-05,-9.007869e-05,-8.699133e-05,-8.369709e-05,-8.021118e-05,-7.649826e-05,-7.257466e-05,-6.838932e-05,-6.403282e-05,-5.935e-05,-5.452153e-05,-4.935301e-05,-4.402837e-05,-3.839214e-05,-3.258469e-05,-2.652056e-05,-2.024817e-05,-1.380348e-05,-7.130591e-06,-3.986149e-07,6.594025e-06,1.351313e-05,2.070701e-05,2.768831e-05,3.489978e-05,4.185909e-05,4.874826e-05,5.565248e-05,6.192023e-05,6.853338e-05,7.435227e-05,7.947793e-05,8.577294e-05,8.905026e-05,9.330772e-05,9.840351e-05,9.933882e-05,0.0001003817,0.0001045977,0.0001053582,0.0001021882,9.959329e-05,0.0001002228,9.949204e-05,9.612826e-05,9.003617e-05,8.313391e-05,7.741043e-05,7.042304e-05,6.323432e-05,5.569281e-05,4.80572e-05,3.976007e-05,3.112321e-05,2.188357e-05,1.241965e-05,2.775718e-06,-6.918422e-06,-1.660314e-05,-2.539841e-05,-3.369796e-05,-4.151446e-05,-4.964919e-05,-5.75399e-05,-6.506517e-05,-7.169176e-05,-7.786476e-05,-8.36006e-05,-8.91972e-05,-9.392751e-05,-9.814819e-05,-0.0001022032,-0.0001056183,-0.0001084378,-0.0001113021,-0.0001132075
-0.0001358799,-0.0001377124,-0.0001388798,-0.0001398039,-0.0001404093,-0.0001406441,-0.0001407225,-0.0001404041,-0.0001400218,-0.0001392481,-0.0001384641,-0.0001373144,-0.0001361793,-0.0001347013,-0.0001332377,-0.0001314653,-0.0001296935,-0.00012764,-0.0001255455,-0.0001232138,-0.000120768,-0.0001181399,-0.0001153377,-0.0001123389,-0.0001091527,-0.0001057565,-0.00010214,-9.829718e-05,-9.41974e-05,-8.985443e-05,-8.523739e-05,-8.03765e-05,-7.517284e-05,-6.97694e-05,-6.397584e-05,-5.798678e-05,-5.162058e-05,-4.503547e-05,-3.812014e-05,-3.096369e-05,-2.354213e-05,-1.585471e-05,-8.011827e-06,1.158222e-07,8.274214e-06,1.673028e-05,2.505846e-05,3.367499e-05,4.203122e-05,5.054126e-05,5.883989e-05,6.680372e-05,7.498122e-05,8.220507e-05,8.952978e-05,9.67013e-05,0.0001017127,0.0001086786,0.0001133613,0.0001158627,0.0001211258,0.0001246569,0.0001233162,0.0001236992,0.0001262446,0.0001263428,0.0001213167,0.0001157838,0.000111059,0.0001072964,0.0001026416,9.517171e-05,8.748483e-05,7.863616e-05,6.895077e-05,5.832378e-05,4.752709e-05,3.641147e-05,2.545417e-05,1.444254e-05,3.541852e-06,-7.212492e-06,-1.769468e-05,-2.8656e-05,-3.954764e-05,-5.022676e-05,-5.977274e-05,-6.867376e-05,-7.696026e-05,-8.514673e-05,-9.272375e-05,-9.966672e-05,-0.0001056623,-0.0001114351,-0.0001166644,-0.00012101,-0.0001249985,-0.0001286337,-0.000131302,-0.0001340982
-0.0001569763,-0.0001585507,-0.0001599752,-0.0001608878,-0.0001614257,-0.0001617012,-0.0001615504,-0.000161268,-0.0001605584,-0.0001597951,-0.0001586303,-0.0001574547,-0.0001559023,-0.0001543556,-0.0001524697,-0.0001505803,-0.0001483766,-0.0001461452,-0.0001436347,-0.0001410355,-0.0001382093,-0.00013521,-0.0001320072,-0.0001286054,-0.0001249669,-0.0001210952,-0.0001169712,-0.0001125776,-0.0001079139,-0.000102946,-9.768139e-05,-9.20723e-05,-8.619463e-05,-7.989129e-05,-7.334684e-05,-6.636207e-05,-5.911817e-05,-5.14646e-05,-4.352588e-05,-3.523218e-05,-2.663733e-05,-1.778192e-05,-8.599603e-06,7.210522e-07,1.037439e-05,2.001327e-05,2.998251e-05,3.976399e-05,4.980836e-05,5.957839e-05,6.932539e-05,7.902949e-05,8.799909e-05,9.726454e-05,0.0001056034,0.0001131191,0.0001216779,0.0001269535,0.0001330894,0.0001398083,0.0001419851,0.000144032,0.0001489997,0.0001501173,0.0001468784,0.0001438833,0.0001438155,0.000141995,0.0001371407,0.0001291409,0.0001199723,0.0001117008,0.0001018372,9.152015e-05,8.061427e-05,6.943344e-05,5.742043e-05,4.49572e-05,3.179609e-05,1.838707e-05,4.802993e-06,-8.780348e-06,-2.227913e-05,-3.474176e-05,-4.654582e-05,-5.769287e-05,-6.899201e-05,-7.984105e-05,-9.012662e-05,-9.926874e-05,-0.0001077307,-0.0001155265,-0.0001229744,-0.0001293465,-0.0001349914,-0.0001402927,-0.0001447586,-0.0001484395,-0.0001520221,-0.0001544605
-0.0001775906,-0.0001796419,-0.0001808803,-0.0001818023,-0.0001823103,-0.0001823808,-0.0001822271,-0.0001816219,-0.0001809015,-0.0001797501,-0.0001785524,-0.0001769552,-0.0001753336,-0.0001733534,-0.00017137,-0.000169042,-0.0001666945,-0.000164033,-0.0001613113,-0.0001583229,-0.0001551794,-0.0001518195,-0.000148242,-0.0001444245,-0.0001403695,-0.0001360447,-0.0001314319,-0.0001265301,-0.0001212953,-0.0001157402,-0.000109823,-0.0001035761,-9.688605e-05,-8.989856e-05,-8.241645e-05,-7.463641e-05,-6.636602e-05,-5.777504e-05,-4.872877e-05,-3.933924e-05,-2.95806e-05,-1.945868e-05,-9.072111e-06,1.691736e-06,1.256595e-05,2.381376e-05,3.499437e-05,4.651063e-05,5.780029e-05,6.924519e-05,8.052662e-05,9.142511e-05,0.0001024677,0.0001124854,0.000122508,0.0001322514,0.0001396445,0.0001488479,0.0001555435,0.0001597588,0.000166498,0.0001711902,0.0001705705,0.0001713995,0.0001740573,0.0001738442,0.0001679819,0.000161232,0.0001549072,0.00014921,0.0001422233,0.0001320135,0.0001212795,0.0001090731,9.57579e-05,8.128164e-05,6.647094e-05,5.123005e-05,3.608259e-05,2.08777e-05,5.803137e-06,-9.04047e-06,-2.350204e-05,-3.832027e-05,-5.290068e-05,-6.708171e-05,-7.988243e-05,-9.179226e-05,-0.0001028549,-0.0001135761,-0.0001234402,-0.0001324169,-0.0001401908,-0.0001475435,-0.0001541239,-0.0001596116,-0.0001645568,-0.0001689643,-0.0001722281,-0.0001754695
-0.0001987259,-0.0002003649,-0.0002017612,-0.0002025486,-0.0002028857,-0.0002028932,-0.000202415,-0.0002017604,-0.0002006356,-0.0001994319,-0.0001977907,-0.0001961196,-0.0001940456,-0.0001919712,-0.0001895341,-0.0001870814,-0.0001842924,-0.0001814615,-0.0001783284,-0.0001750885,-0.0001715889,-0.0001678878,-0.0001639454,-0.0001597631,-0.0001552973,-0.0001505427,-0.000145473,-0.0001400683,-0.0001343215,-0.0001281922,-0.0001216774,-0.0001147247,-0.0001074067,-9.956162e-05,-9.136765e-05,-8.261857e-05,-7.349652e-05,-6.384624e-05,-5.379052e-05,-4.326352e-05,-3.232015e-05,-2.100196e-05,-9.243111e-06,2.758424e-06,1.519064e-05,2.769232e-05,4.060724e-05,5.339031e-05,6.649352e-05,7.934096e-05,9.218961e-05,0.0001049814,0.0001169878,0.0001292476,0.0001404688,0.0001507407,0.0001619372,0.0001695803,0.0001779277,0.0001866151,0.0001903524,0.0001936726,0.0001996573,0.000201311,0.00019811,0.0001947538,0.0001940003,0.0001910175,0.0001845145,0.0001743452,0.0001625838,0.000151376,0.0001381819,0.0001242259,0.0001094075,9.410056e-05,7.77753e-05,6.087868e-05,4.320548e-05,2.52741e-05,7.207369e-06,-1.077166e-05,-2.853724e-05,-4.505346e-05,-6.069297e-05,-7.543089e-05,-9.009499e-05,-0.000104046,-0.0001171594,-0.0001288216,-0.0001395383,-0.0001493193,-0.0001585013,-0.000166346,-0.0001732281,-0.0001795686,-0.0001848612,-0.0001891851,-0.0001932574,-0.0001960025
-0.0002193878,-0.0002213628,-0.000222428,-0.0002230918,-0.0002232721,-0.0002229523,-0.0002223648,-0.000221282,-0.0002200644,-0.0002183863,-0.0002166497,-0.0002144919,-0.0002123181,-0.0002097656,-0.0002072046,-0.0002042931,-0.0002013586,-0.0001980987,-0.0001947672,-0.0001911499,-0.0001873656,-0.0001833365,-0.0001790625,-0.0001745084,-0.0001696752,-0.0001645215,-0.0001590255,-0.0001531709,-0.000146915,-0.0001402577,-0.0001331516,-0.0001256166,-0.0001175408,-0.0001090655,-9.997778e-05,-9.047447e-05,-8.035681e-05,-6.979101e-05,-5.864805e-05,-4.703395e-05,-3.491792e-05,-2.230845e-05,-9.317176e-06,4.172756e-06,1.788435e-05,3.207694e-05,4.628983e-05,6.093049e-05,7.539787e-05,9.009029e-05,0.0001045983,0.0001187441,0.0001330461,0.0001462378,0.000159382,0.0001721263,0.0001823168,0.0001942283,0.0002032915,0.0002095979,0.0002182515,0.0002244395,0.0002248099,0.0002262981,0.0002292597,0.0002288211,0.000222099,0.0002140097,0.0002058807,0.0001979728,0.0001883044,0.0001748896,0.000160579,0.0001444023,0.0001267982,0.0001077591,8.821341e-05,6.811292e-05,4.807896e-05,2.799694e-05,8.11889e-06,-1.1396e-05,-3.034085e-05,-4.946631e-05,-6.812298e-05,-8.610832e-05,-0.0001023736,-0.0001174329,-0.0001313124,-0.0001445627,-0.0001566503,-0.0001675544,-0.0001769493,-0.0001856637,-0.000193365,-0.0001997234,-0.0002053455,-0.0002102563,-0.0002138286,-0.0002172674
-0.0002406152,-0.0002419714,-0.0002430416,-0.0002434013,-0.0002432632,-0.0002427403,-0.0002416987,-0.0002404547,-0.0002387249,-0.000236906,-0.0002346414,-0.0002323504,-0.0002296677,-0.0002269826,-0.0002239301,-0.0002208812,-0.0002174934,-0.0002140743,-0.0002103412,-0.0002064973,-0.0002023887,-0.0001980608,-0.0001934697,-0.000188607,-0.000183421,-0.0001779044,-0.0001720227,-0.0001657388,-0.0001590441,-0.0001518857,-0.0001442556,-0.0001360867,-0.0001274536,-0.0001181813,-0.0001084427,-9.801971e-05,-8.709868e-05,-7.550653e-05,-6.338596e-05,-5.064784e-05,-3.734968e-05,-2.352999e-05,-9.141037e-06,5.624794e-06,2.095566e-05,3.647418e-05,5.252224e-05,6.853687e-05,8.496044e-05,0.0001012055,0.000117449,0.0001336821,0.0001491439,0.0001648301,0.0001793967,0.0001929047,0.0002072385,0.0002177505,0.0002287629,0.0002398922,0.0002456527,0.0002506387,0.0002580203,0.00026048,0.0002574968,0.0002538668,0.0002524674,0.0002482343,0.0002398693,0.0002271722,0.0002123598,0.0001976721,0.0001805006,0.000162183,0.0001426794,0.0001224262,0.0001009485,7.876728e-05,5.575299e-05,3.248856e-05,9.195096e-06,-1.386723e-05,-3.649836e-05,-5.757284e-05,-7.745311e-05,-9.608144e-05,-0.0001143274,-0.0001315141,-0.0001474875,-0.0001616334,-0.0001744904,-0.0001860912,-0.0001968019,-0.0002058454,-0.0002136699,-0.0002207217,-0.0002264946,-0.0002311129,-0.0002353279,-0.0002380555
-0.0002613221,-0.0002628368,-0.000263352,-0.0002634092,-0.0002629328,-0.0002619228,-0.0002606273,-0.0002588213,-0.0002568843,-0.0002544808,-0.0002520393,-0.0002491847,-0.000246346,-0.0002431291,-0.0002399306,-0.0002363987,-0.0002328675,-0.0002290217,-0.0002251163,-0.0002209238,-0.0002165737,-0.0002119672,-0.0002071042,-0.0002019362,-0.0001964575,-0.000190621,-0.0001843973,-0.0001777522,-0.0001706368,-0.0001630391,-0.0001549073,-0.0001462478,-0.0001369408,-0.0001271177,-0.0001165562,-0.000105451,-9.359176e-05,-8.114056e-05,-6.796933e-05,-5.417191e-05,-3.971341e-05,-2.460431e-05,-8.966052e-06,7.324042e-06,2.39836e-05,4.127083e-05,5.870291e-05,7.669673e-05,9.461043e-05,0.0001128626,0.0001309597,0.0001487538,0.0001667525,0.0001835901,0.0002003634,0.0002166466,0.0002301841,0.0002453839,0.0002573791,0.0002663152,0.0002774296,0.0002856067,0.0002873557,0.000289846,0.0002933941,0.0002928988,0.0002853118,0.0002757477,0.0002655556,0.000255078,0.0002422332,0.0002249752,0.0002063419,0.0001853501,0.000162534,0.000137951,0.0001126639,8.669763e-05,6.079556e-05,3.490278e-05,9.361383e-06,-1.559239e-05,-3.968316e-05,-6.368391e-05,-8.686397e-05,-0.0001089844,-0.0001289199,-0.0001472215,-0.0001639152,-0.0001796174,-0.0001937542,-0.0002063409,-0.00021706,-0.000226802,-0.0002352528,-0.000242076,-0.0002479574,-0.000252936,-0.0002563843,-0.0002596075
-0.0002825646,-0.0002831959,-0.000283496,-0.0002830263,-0.0002820353,-0.0002806436,-0.000278729,-0.0002766234,-0.0002740386,-0.0002713911,-0.0002683226,-0.0002652699,-0.0002618463,-0.0002584619,-0.0002547429,-0.0002510677,-0.0002470796,-0.0002430948,-0.0002388145,-0.000234445,-0.0002298185,-0.0002249787,-0.0002198683,-0.0002144756,-0.0002087329,-0.0002026294,-0.0001961158,-0.0001891472,-0.0001816966,-0.0001737053,-0.0001651546,-0.0001559698,-0.0001462081,-0.00013568,-0.0001245618,-0.0001126193,-0.0001000356,-8.662543e-05,-7.252861e-05,-5.764332e-05,-4.203192e-05,-2.572836e-05,-8.68269e-06,8.90799e-06,2.723605e-05,4.591042e-05,6.527657e-05,8.474386e-05,0.0001047647,0.0001247083,0.0001447708,0.0001648899,0.000184259,0.0002038979,0.0002223578,0.0002396948,0.0002578101,0.0002718025,0.0002861859,0.0003004265,0.0003087803,0.0003160056,0.0003253248,0.0003290281,0.0003265432,0.0003228188,0.0003208565,0.0003153024,0.0003048267,0.0002891501,0.0002706595,0.0002517538,0.0002297132,0.0002060475,0.0001807819,0.0001544582,0.0001266591,9.802878e-05,6.851446e-05,3.8827e-05,9.302095e-06,-1.973669e-05,-4.800695e-05,-7.425438e-05,-9.882537e-05,-0.0001216539,-0.000143672,-0.0001641497,-0.0001829415,-0.0001994105,-0.0002141428,-0.0002272164,-0.0002390606,-0.000248873,-0.0002571635,-0.0002644394,-0.0002701848,-0.0002745671,-0.000278415,-0.0002806025
-0.0003031476,-0.0003037115,-0.0003031754,-0.0003021879,-0.0003006405,-0.0002985754,-0.0002962383,-0.0002934191,-0.0002905024,-0.0002871587,-0.0002838308,-0.0002801364,-0.0002765047,-0.0002725497,-0.0002686782,-0.0002645096,-0.0002603982,-0.000256005,-0.0002516006,-0.0002469353,-0.0002421332,-0.0002370891,-0.0002317932,-0.0002261885,-0.0002202587,-0.0002139414,-0.0002071958,-0.0001999815,-0.0001922298,-0.0001839203,-0.0001749875,-0.000165431,-0.0001551082,-0.0001441439,-0.0001323044,-0.0001197812,-0.000106343,-9.215746e-05,-7.70664e-05,-6.117587e-05,-4.444087e-05,-2.687377e-05,-8.578851e-06,1.055848e-05,3.025086e-05,5.076235e-05,7.159267e-05,9.316203e-05,0.0001148038,0.0001369273,0.0001590632,0.0001809778,0.000203166,0.000224219,0.0002452365,0.0002657264,0.0002833118,0.0003025321,0.0003182631,0.0003305783,0.00034487,0.000355746,0.0003594523,0.0003634836,0.0003680564,0.0003678005,0.0003593948,0.000348236,0.0003356868,0.0003221968,0.0003055262,0.0002835662,0.0002595978,0.0002326344,0.0002033221,0.0001718368,0.0001394061,0.0001061854,7.306146e-05,4.010954e-05,7.758063e-06,-2.362056e-05,-5.369151e-05,-8.323793e-05,-0.0001114359,-0.0001380215,-0.0001617717,-0.0001832932,-0.0002026638,-0.0002205525,-0.0002363728,-0.0002501815,-0.0002616929,-0.0002719192,-0.0002805291,-0.0002872194,-0.0002927606,-0.0002971989,-0.0002999282,-0.0003023404
-0.0003242533,-0.0003236161,-0.000322641,-0.0003208816,-0.0003186216,-0.0003159872,-0.0003128671,-0.0003096095,-0.000305921,-0.0003022442,-0.0002982024,-0.0002942544,-0.0002899873,-0.000285852,-0.0002814432,-0.0002771471,-0.0002725917,-0.0002681021,-0.0002633643,-0.000258589,-0.0002535786,-0.0002483863,-0.0002429338,-0.0002372065,-0.0002311196,-0.0002246493,-0.0002177289,-0.0002103116,-0.0002023488,-0.0001937732,-0.0001845453,-0.0001745835,-0.0001639264,-0.0001523734,-0.0001400913,-0.0001268283,-0.0001127615,-9.76935e-05,-8.174805e-05,-6.482417e-05,-4.698076e-05,-2.824292e-05,-8.544958e-06,1.190744e-05,3.331069e-05,5.526452e-05,7.812816e-05,0.0001012774,0.0001251907,0.0001491758,0.000173497,0.0001979954,0.0002218186,0.0002460414,0.0002690808,0.0002909934,0.0003137054,0.0003319963,0.0003506565,0.0003689195,0.0003806908,0.0003909755,0.0004030416,0.0004086609,0.000407147,0.0004036452,0.000401318,0.0003944301,0.0003815737,0.0003623463,0.0003393646,0.000315245,0.0002871316,0.0002567537,0.0002242281,0.0001902565,0.0001545037,0.000117798,8.020386e-05,4.262892e-05,5.548859e-06,-3.060958e-05,-6.546524e-05,-9.758407e-05,-0.0001273253,-0.0001546243,-0.0001805035,-0.0002041813,-0.0002255464,-0.0002439301,-0.0002600441,-0.0002740104,-0.0002863432,-0.0002962418,-0.0003042924,-0.0003111008,-0.0003161264,-0.0003196058,-0.0003224432,-0.0003234504
-0.0003448119,-0.000343882,-0.0003418096,-0.0003393355,-0.0003363217,-0.0003328472,-0.000329157,-0.0003250524,-0.0003209323,-0.0003164652,-0.0003120998,-0.0003074438,-0.0003029461,-0.0002982108,-0.000293647,-0.0002888561,-0.0002842052,-0.0002793326,-0.0002745205,-0.0002694975,-0.0002643833,-0.0002590603,-0.0002535108,-0.0002476614,-0.0002414894,-0.0002349081,-0.0002278684,-0.0002203152,-0.0002121702,-0.0002033929,-0.0001939011,-0.000183678,-0.0001725707,-0.000160696,-0.0001477921,-0.0001340464,-0.0001192066,-0.0001034393,-8.656217e-05,-6.869025e-05,-4.975734e-05,-2.977329e-05,-8.829074e-06,1.319197e-05,3.599744e-05,5.986349e-05,8.427606e-05,0.0001096707,0.0001353495,0.000161736,0.0001883326,0.000214884,0.000241882,0.000267833,0.0002938747,0.00031942,0.0003419469,0.000366193,0.000386644,0.0004033572,0.0004219078,0.0004365034,0.0004430586,0.0004494505,0.0004557797,0.0004562756,0.0004472373,0.0004344062,0.000419163,0.0004021,0.0003807689,0.0003529423,0.0003222606,0.0002877145,0.000250119,0.0002098134,0.0001682784,0.0001258558,8.367304e-05,4.197519e-05,1.320307e-06,-3.773134e-05,-7.477035e-05,-0.0001106111,-0.0001443417,-0.0001756572,-0.0002032274,-0.0002277729,-0.0002494376,-0.000268998,-0.0002859012,-0.0003002535,-0.0003118076,-0.0003217433,-0.0003297369,-0.0003355238,-0.0003399869,-0.000343196,-0.0003445375,-0.0003455243
-0.0003665482,-0.0003641147,-0.0003614268,-0.0003579575,-0.0003540659,-0.0003498539,-0.0003452394,-0.0003405712,-0.0003355664,-0.0003306754,-0.000325508,-0.0003205397,-0.0003153529,-0.0003104044,-0.0003052636,-0.0003003415,-0.0002952357,-0.000290288,-0.0002851543,-0.0002800568,-0.0002747751,-0.0002693594,-0.0002637135,-0.000257813,-0.0002515564,-0.0002449082,-0.000237783,-0.0002301202,-0.0002218581,-0.0002129119,-0.0002032209,-0.000192687,-0.0001813404,-0.0001689642,-0.0001557059,-0.0001412932,-0.0001258998,-0.0001093031,-9.163085e-05,-7.276065e-05,-5.274398e-05,-3.159067e-05,-9.234876e-06,1.412788e-05,3.870303e-05,6.408279e-05,9.064681e-05,0.0001177481,0.0001458897,0.0001743454,0.0002033642,0.0002327994,0.0002617573,0.0002913239,0.0003198037,0.0003472417,0.0003756017,0.0003993083,0.0004233898,0.0004469255,0.0004633618,0.0004779049,0.0004939506,0.0005025336,0.0005028094,0.0005001181,0.0004978644,0.0004897447,0.0004742122,0.0004506877,0.0004221299,0.0003914461,0.000355612,0.0003166384,0.0002747909,0.0002309712,0.0001849947,0.0001379447,9.01122e-05,4.265458e-05,-3.712976e-06,-4.845368e-05,-9.103644e-05,-0.0001298279,-0.0001652365,-0.0001972104,-0.0002269314,-0.0002535852,-0.000277092,-0.0002968131,-0.0003136406,-0.0003277748,-0.0003398353,-0.0003490087,-0.0003560313,-0.0003616028,-0.0003651672,-0.0003670619,-0.0003682493,-0.0003674937
-0.0003888309,-0.0003859068,-0.0003818459,-0.000377468,-0.0003726048,-0.0003673727,-0.000362014,-0.0003563396,-0.0003507619,-0.000344938,-0.0003393349,-0.0003335448,-0.0003280455,-0.0003224011,-0.0003170446,-0.0003115609,-0.0003063272,-0.0003009577,-0.0002957404,-0.0002903798,-0.0002850067,-0.0002794733,-0.0002737609,-0.000267772,-0.0002614769,-0.0002547695,-0.0002475903,-0.0002398563,-0.0002314822,-0.0002224021,-0.0002125223,-0.0002018003,-0.0001900748,-0.0001774441,-0.0001636229,-0.0001487894,-0.0001326699,-0.0001154207,-9.684847e-05,-7.705336e-05,-5.594944e-05,-3.353979e-05,-9.913654e-06,1.506464e-05,4.110454e-05,6.849971e-05,9.672124e-05,0.0001262399,0.0001563168,0.0001874278,0.0002189799,0.0002507839,0.0002833341,0.0003150119,0.0003470365,0.0003787115,0.0004073429,0.0004379471,0.0004644516,0.0004869821,0.0005113593,0.000531196,0.0005419705,0.0005520304,0.0005613485,0.0005635432,0.0005543329,0.0005398665,0.0005215686,0.0005002422,0.0004731597,0.0004379222,0.000398686,0.0003544108,0.0003061289,0.0002543774,0.0002010124,0.0001466586,9.283752e-05,4.003655e-05,-1.096351e-05,-5.937351e-05,-0.0001046941,-0.0001478404,-0.0001877881,-0.0002241965,-0.0002556341,-0.0002830102,-0.0003065692,-0.0003272906,-0.0003446393,-0.0003588326,-0.0003696847,-0.0003785685,-0.0003851962,-0.0003893268,-0.0003920047,-0.0003933117,-0.0003926335,-0.0003916397
-0.0004138282,-0.0004090095,-0.0004040654,-0.0003983654,-0.000392362,-0.0003861201,-0.0003795954,-0.0003731282,-0.0003664447,-0.0003599977,-0.0003533999,-0.0003471392,-0.0003407838,-0.0003347926,-0.0003287262,-0.0003230146,-0.0003172253,-0.0003117168,-0.0003061103,-0.0003006401,-0.000295065,-0.0002894286,-0.0002836142,-0.0002775892,-0.0002712272,-0.0002644897,-0.0002572644,-0.0002494738,-0.0002410318,-0.0002318405,-0.0002218181,-0.0002108506,-0.0001989444,-0.0001858612,-0.0001717385,-0.00015628,-0.0001396503,-0.0001215996,-0.0001022566,-8.146428e-05,-5.927093e-05,-3.566943e-05,-1.059145e-05,1.578328e-05,4.368104e-05,7.268762e-05,0.000103211,0.0001345848,0.0001673521,0.0002007561,0.0002350512,0.0002701058,0.0003049884,0.0003408213,0.0003757853,0.0004099368,0.0004453067,0.000475873,0.0005069874,0.0005375427,0.0005603956,0.0005809828,0.0006028892,0.0006161393,0.000619603,0.0006188449,0.0006175794,0.0006086453,0.0005902377,0.0005615227,0.0005259857,0.0004870442,0.0004414106,0.0003914791,0.0003376449,0.0002810124,0.0002215876,0.0001608668,9.953081e-05,3.916024e-05,-1.915008e-05,-7.475072e-05,-0.0001269203,-0.000173786,-0.0002158254,-0.0002530514,-0.0002869011,-0.0003165259,-0.0003419273,-0.0003625407,-0.000379473,-0.0003930774,-0.0004041364,-0.0004118055,-0.0004170177,-0.0004205771,-0.000421913,-0.0004214745,-0.0004203146,-0.000417135
-0.0004403156,-0.0004346202,-0.0004277972,-0.0004208117,-0.000413421,-0.0004058106,-0.0003981942,-0.0003904097,-0.0003828582,-0.0003752024,-0.0003679286,-0.0003606158,-0.000353747,-0.0003468673,-0.0003404408,-0.0003340188,-0.0003279986,-0.0003219616,-0.0003162106,-0.000310416,-0.0003047214,-0.0002989451,-0.000293067,-0.0002869649,-0.0002805975,-0.0002738381,-0.0002666127,-0.0002588081,-0.0002503204,-0.0002410604,-0.000230924,-0.0002198406,-0.000207625,-0.0001943495,-0.0001797203,-0.0001638972,-0.0001465806,-0.0001279167,-0.000107688,-8.597688e-05,-6.268521e-05,-3.780475e-05,-1.1412e-05,1.664813e-05,4.60923e-05,7.724125e-05,0.0001095509,0.00014354,0.0001784344,0.000214772,0.000251923,0.0002897189,0.0003286645,0.0003670585,0.0004062075,0.0004453291,0.0004815287,0.0005201719,0.0005545747,0.0005848524,0.0006171922,0.0006444923,0.0006615461,0.0006773673,0.000691745,0.0006974058,0.00068908,0.0006734251,0.0006519121,0.0006256399,0.0005915186,0.0005470091,0.0004970536,0.0004404959,0.0003784331,0.0003115117,0.0002420729,0.0001712927,0.0001014149,3.34608e-05,-3.145133e-05,-9.222687e-05,-0.0001483112,-0.0002007887,-0.0002484468,-0.000290928,-0.0003266754,-0.0003568929,-0.0003820462,-0.0004033993,-0.0004204295,-0.0004335631,-0.0004427309,-0.0004495718,-0.0004538081,-0.0004552514,-0.000455146,-0.0004535556,-0.0004499137,-0.0004460475
-0.0004690064,-0.0004607408,-0.0004525513,-0.0004436981,-0.0004347347,-0.0004256736,-0.0004165156,-0.0004075811,-0.0003986066,-0.0003900491,-0.000381521,-0.0003735193,-0.0003655871,-0.0003582105,-0.0003509278,-0.0003441794,-0.0003375074,-0.0003312842,-0.0003251001,-0.0003191992,-0.0003133042,-0.0003074639,-0.0003015295,-0.0002954644,-0.0002891096,-0.0002824181,-0.0002752437,-0.0002674985,-0.0002590566,-0.0002498115,-0.0002396463,-0.0002284375,-0.0002161498,-0.0002025295,-0.000187695,-0.0001713281,-0.0001535732,-0.000134161,-0.0001131983,-9.051066e-05,-6.613491e-05,-4.004941e-05,-1.216072e-05,1.735346e-05,4.875095e-05,8.161132e-05,0.0001163879,0.0001523866,0.0001902215,0.0002290827,0.0002693301,0.0003107638,0.0003524452,0.000395592,0.0004382404,0.0004804856,0.0005244889,0.0005636466,0.0006038501,0.0006436722,0.0006752105,0.0007042842,0.0007347764,0.0007553102,0.0007642419,0.0007674611,0.000769094,0.0007605689,0.0007394326,0.0007043412,0.0006597276,0.0006101565,0.0005520604,0.0004882351,0.0004187701,0.0003446366,0.0002660104,0.0001853429,0.0001043383,2.558122e-05,-4.925379e-05,-0.0001194833,-0.0001842635,-0.0002413819,-0.0002914415,-0.000334596,-0.0003726802,-0.0004048473,-0.0004313148,-0.0004516333,-0.0004672876,-0.0004788549,-0.0004873651,-0.0004919611,-0.0004938139,-0.000493882,-0.0004915461,-0.0004874044,-0.0004826098,-0.0004757645
-0.0004957899,-0.0004861862,-0.0004755421,-0.0004650137,-0.0004542326,-0.0004434793,-0.0004329062,-0.0004223962,-0.000412323,-0.0004023699,-0.000393011,-0.0003838243,-0.0003752945,-0.0003669647,-0.0003593012,-0.0003518295,-0.0003449625,-0.0003382495,-0.0003320094,-0.000325875,-0.0003199911,-0.0003141469,-0.0003083157,-0.0003023438,-0.0002961798,-0.0002896576,-0.0002826918,-0.0002751344,-0.0002668654,-0.0002577564,-0.0002476873,-0.0002365489,-0.0002241409,-0.0002105024,-0.000195319,-0.0001787253,-0.0001603993,-0.0001404695,-0.0001186918,-9.513903e-05,-6.969512e-05,-4.233157e-05,-1.31096e-05,1.814862e-05,5.115657e-05,8.628016e-05,0.0001229575,0.000161772,0.0002019115,0.0002439961,0.0002873771,0.0003319083,0.0003781231,0.0004242607,0.0004717382,0.0005197073,0.0005650274,0.0006135738,0.0006579261,0.0006981571,0.0007410183,0.0007785658,0.0008045487,0.0008290145,0.0008515577,0.0008635594,0.0008580256,0.0008421232,0.000816946,0.0007837098,0.0007389826,0.0006808309,0.0006163379,0.0005438891,0.0004635037,0.0003749147,0.0002811246,0.0001851057,9.144262e-05,2.615124e-06,-8.00393e-05,-0.0001555939,-0.0002239963,-0.0002867439,-0.0003423175,-0.0003902918,-0.0004289763,-0.0004601632,-0.0004847315,-0.0005043867,-0.0005187199,-0.0005284145,-0.0005335513,-0.0005361592,-0.0005359213,-0.0005327418,-0.0005280764,-0.0005219554,-0.0005138339,-0.000505708
-0.0005186106,-0.000506072,-0.0004939579,-0.0004813373,-0.000468912,-0.0004565855,-0.0004444375,-0.0004327325,-0.0004212502,-0.0004104214,-0.0003998638,-0.0003900685,-0.0003805817,-0.0003718971,-0.0003635251,-0.0003559184,-0.0003485926,-0.0003419323,-0.0003354948,-0.0003295331,-0.000323726,-0.0003181282,-0.0003125514,-0.0003069503,-0.0003011277,-0.000295019,-0.000288437,-0.0002812837,-0.0002733881,-0.0002646274,-0.0002548321,-0.0002438689,-0.0002316591,-0.0002179391,-0.0002027789,-0.0001858464,-0.0001672555,-0.0001467225,-0.0001243249,-9.98868e-05,-7.341179e-05,-4.48741e-05,-1.414392e-05,1.859007e-05,5.362893e-05,9.0533e-05,0.0001298258,0.000170769,0.0002140768,0.0002588712,0.00030563,0.0003541029,0.0004033778,0.0004547641,0.000506179,0.0005577415,0.0006118581,0.0006611859,0.000712355,0.000763648,0.0008061187,0.0008461379,0.0008882527,0.00091897,0.0009357865,0.0009450641,0.000951684,0.0009443774,0.0009183849,0.000870148,0.000806277,0.0007364192,0.0006594273,0.0005783677,0.0004894621,0.0003905252,0.0002822026,0.000171306,6.407787e-05,-3.464072e-05,-0.0001240248,-0.0002059307,-0.0002806659,-0.0003453421,-0.0004003299,-0.0004458205,-0.0004844056,-0.0005153533,-0.0005392354,-0.0005557699,-0.0005670161,-0.0005737189,-0.0005771574,-0.0005763828,-0.0005728736,-0.000567695,-0.0005601257,-0.0005509392,-0.0005413181,-0.0005297425
-0.0005310189,-0.0005176394,-0.0005033254,-0.0004894606,-0.0004755007,-0.0004618632,-0.0004486002,-0.0004356768,-0.0004234152,-0.0004115423,-0.0004004923,-0.0003898704,-0.0003801563,-0.0003708948,-0.0003625372,-0.0003546072,-0.0003475163,-0.0003407926,-0.0003347586,-0.0003290144,-0.0003237018,-0.0003185763,-0.0003135999,-0.0003085793,-0.0003034498,-0.0002979945,-0.000292116,-0.0002856167,-0.0002783653,-0.0002701732,-0.000260906,-0.0002503958,-0.0002384431,-0.0002250325,-0.000209831,-0.00019293,-0.000174001,-0.000153132,-0.0001300786,-0.0001048825,-7.742487e-05,-4.763796e-05,-1.559866e-05,1.891924e-05,5.559596e-05,9.486879e-05,0.0001361276,0.000180056,0.0002257658,0.0002740081,0.0003240392,0.0003758282,0.0004299133,0.0004844784,0.0005410651,0.0005988051,0.0006541931,0.0007139129,0.0007694985,0.0008210774,0.0008762835,0.0009260149,0.000962276,0.0009967594,0.001028753,0.001047239,0.001042274,0.001022288,0.0009857601,0.0009298692,0.0008514859,0.0007597845,0.0006744483,0.0005893941,0.0004920629,0.0003746422,0.0002446279,0.0001157036,1.654882e-06,-9.420022e-05,-0.0001772676,-0.0002535126,-0.0003250951,-0.0003915051,-0.0004484307,-0.0004952766,-0.0005307595,-0.0005578306,-0.0005777411,-0.0005926345,-0.0006019531,-0.0006064969,-0.0006063195,-0.0006038318,-0.0005985015,-0.00059029,-0.0005808321,-0.0005700658,-0.0005574196,-0.0005450801
-0.0005310215,-0.0005157224,-0.0005011272,-0.000486037,-0.0004713997,-0.0004569518,-0.0004429318,-0.0004295016,-0.0004165493,-0.0004044369,-0.0003928499,-0.0003822402,-0.0003722003,-0.0003631934,-0.0003547479,-0.0003473053,-0.0003403784,-0.0003343454,-0.0003287428,-0.0003238194,-0.0003192226,-0.0003149965,-0.0003109147,-0.0003069146,-0.0003027527,-0.0002983468,-0.0002934542,-0.0002879617,-0.0002816372,-0.0002743445,-0.0002658442,-0.0002559993,-0.0002446625,-0.0002315728,-0.0002167287,-0.0001998049,-0.0001808552,-0.000159608,-0.0001360874,-0.0001101412,-8.171226e-05,-5.081325e-05,-1.724995e-05,1.873433e-05,5.752383e-05,9.860033e-05,0.000142603,0.0001886867,0.00023772,0.0002886885,0.0003422271,0.0003979935,0.000455148,0.000515031,0.0005754938,0.0006365911,0.0007011832,0.0007608178,0.0008232048,0.0008862925,0.0009394811,0.0009896721,0.001042578,0.001080741,0.001099755,0.001105791,0.001106131,0.001089602,0.001045234,0.0009487518,0.0008143658,0.0006932556,0.0006037241,0.0005303674,0.0004365961,0.0003104843,0.0001670753,3.449184e-05,-6.927151e-05,-0.0001445395,-0.0002092792,-0.000281076,-0.0003570589,-0.0004212181,-0.0004705344,-0.0005089261,-0.000542032,-0.0005683631,-0.0005882156,-0.0006009029,-0.0006088013,-0.000612371,-0.0006129422,-0.0006090901,-0.000602635,-0.0005945448,-0.0005839818,-0.0005718434,-0.0005593631,-0.0005448548
-0.000513736,-0.0004997072,-0.0004844697,-0.0004697887,-0.0004548863,-0.0004404507,-0.0004263791,-0.0004128306,-0.0004000182,-0.0003878104,-0.000376567,-0.0003659963,-0.0003565149,-0.0003477383,-0.0003400758,-0.0003330955,-0.0003271692,-0.000321847,-0.0003174155,-0.0003134766,-0.0003101396,-0.0003071459,-0.000304417,-0.0003017382,-0.0002990003,-0.000295955,-0.0002924619,-0.0002882767,-0.0002832323,-0.0002770867,-0.0002696803,-0.0002607829,-0.0002501781,-0.0002377876,-0.0002232739,-0.0002066718,-0.0001876531,-0.0001662549,-0.0001422491,-0.0001156238,-8.629495e-05,-5.414142e-05,-1.929465e-05,1.85411e-05,5.896929e-05,0.0001025175,0.000148467,0.0001976342,0.0002489837,0.0003034385,0.0003600811,0.0004190236,0.0004807335,0.0005433451,0.0006084705,0.0006752812,0.0007396033,0.0008092984,0.0008742139,0.0009342824,0.0009982697,0.001054721,0.001091501,0.001122586,0.001147466,0.001147814,0.001103976,0.001051245,0.0009905272,0.0008557065,0.0006586509,0.0005094199,0.0004514612,0.000412446,0.0003272939,0.0001947613,5.444083e-05,-5.869591e-05,-0.000122593,-0.0001509917,-0.0001856885,-0.0002519274,-0.0003316241,-0.0003938195,-0.0004368201,-0.0004749927,-0.0005061761,-0.0005310975,-0.0005504997,-0.0005665853,-0.0005775561,-0.0005840178,-0.0005855271,-0.0005848151,-0.0005807678,-0.0005734338,-0.00056455,-0.0005539799,-0.0005411359,-0.0005284959
-0.0004809926,-0.0004671439,-0.000454101,-0.0004397991,-0.0004261414,-0.0004121544,-0.0003988627,-0.0003858322,-0.0003736038,-0.0003620338,-0.0003513635,-0.0003416054,-0.0003328,-0.0003250398,-0.0003182312,-0.0003124951,-0.000307636,-0.0003037681,-0.000300643,-0.000298296,-0.0002965246,-0.0002951988,-0.0002941805,-0.0002932777,-0.0002922738,-0.0002910073,-0.0002891995,-0.0002867031,-0.000283195,-0.0002785645,-0.0002724299,-0.0002647352,-0.0002551305,-0.0002434977,-0.0002296008,-0.0002133155,-0.0001944089,-0.00017288,-0.0001484175,-0.0001212086,-9.081317e-05,-5.766909e-05,-2.112763e-05,1.805556e-05,6.080318e-05,0.000105979,0.0001548606,0.0002058727,0.0002606456,0.0003173082,0.0003773561,0.0004395105,0.0005037445,0.000570533,0.0006384725,0.0007064163,0.0007787984,0.0008440217,0.0009122655,0.000979143,0.001031425,0.001074325,0.001116289,0.001127372,0.001106786,0.001058628,0.0009633924,0.0008800068,0.0008453685,0.0006235973,0.0003298488,0.0001988748,0.00016376,0.0001549944,0.0001224471,7.505038e-05,2.30735e-05,-1.76036e-05,-4.089865e-05,-5.171502e-05,-8.187125e-05,-0.0001688419,-0.0002697226,-0.0003086718,-0.0003314872,-0.0003686257,-0.0004072553,-0.0004376567,-0.0004648647,-0.0004852753,-0.0005022337,-0.0005143572,-0.0005239286,-0.0005275311,-0.0005283798,-0.0005262421,-0.0005210576,-0.0005130091,-0.0005043087,-0.0004923404
-0.0004308688,-0.0004216406,-0.0004095686,-0.0003982716,-0.0003855292,-0.0003735836,-0.0003611246,-0.0003496093,-0.0003382272,-0.0003279281,-0.0003182209,-0.0003096881,-0.0003020344,-0.0002955731,-0.0002901568,-0.0002858687,-0.0002826555,-0.0002804195,-0.0002791536,-0.0002786535,-0.0002788656,-0.0002795701,-0.0002806499,-0.0002817879,-0.0002829609,-0.0002836757,-0.0002840086,-0.0002833218,-0.0002818051,-0.000278686,-0.0002743115,-0.0002677729,-0.0002595074,-0.0002486198,-0.0002355966,-0.0002195134,-0.0002010244,-0.0001790648,-0.0001545674,-0.0001262552,-9.541117e-05,-6.047398e-05,-2.315505e-05,1.848751e-05,6.223263e-05,0.0001104924,0.0001604384,0.0002150685,0.0002709076,0.0003313991,0.0003928155,0.0004580637,0.0005244554,0.0005931032,0.0006620555,0.0007341299,0.0007994185,0.000871546,0.0009315978,0.0009834217,0.001029525,0.001059611,0.001045367,0.00100334,0.0009358705,0.0008786264,0.0006215951,0.0003764267,0.0003210182,0.0001817206,7.414352e-05,3.290446e-05,1.733789e-05,1.265176e-05,1.941655e-05,2.951989e-05,3.767461e-05,3.80966e-05,3.158491e-05,2.058115e-05,6.348505e-06,-2.514329e-05,-7.947551e-05,-0.0001065635,-0.0001522845,-0.0002254645,-0.0002644557,-0.0002978591,-0.0003310335,-0.0003632977,-0.0003887908,-0.0004113145,-0.0004267193,-0.000440725,-0.0004488716,-0.0004534372,-0.000454155,-0.0004527508,-0.0004467961,-0.0004409067
-0.0003686662,-0.0003635387,-0.0003542358,-0.000346689,-0.0003352259,-0.0003266568,-0.0003146395,-0.0003062491,-0.0002948867,-0.0002876213,-0.0002777973,-0.0002723321,-0.0002646176,-0.0002613492,-0.0002560449,-0.0002551222,-0.000252256,-0.0002535548,-0.0002529062,-0.0002560369,-0.0002571531,-0.0002615062,-0.0002636542,-0.0002684741,-0.0002707368,-0.000275041,-0.0002763922,-0.0002790918,-0.0002784086,-0.0002783711,-0.00027451,-0.000270592,-0.0002625109,-0.0002536475,-0.0002403698,-0.000225713,-0.0002064207,-0.0001853018,-0.0001594134,-0.0001313867,-9.856634e-05,-6.344926e-05,-2.361041e-05,1.854942e-05,6.525763e-05,0.000114185,0.0001674022,0.0002226502,0.0002817837,0.0003428444,0.0004068072,0.0004730524,0.0005398181,0.0006093149,0.0006769248,0.0007439809,0.0008108441,0.0008657302,0.0009134864,0.0009540867,0.0009538906,0.0009212191,0.0008748804,0.0007588171,0.0004920157,0.0003303129,0.0001453912,3.253644e-05,-8.85284e-06,-1.003173e-05,2.192495e-05,2.92479e-05,3.159957e-05,2.944537e-05,2.998891e-05,2.763351e-05,2.671981e-05,2.300344e-05,2.087275e-05,1.941997e-05,2.401394e-05,3.431958e-05,3.292378e-05,1.612229e-05,-6.652143e-06,-5.363491e-05,-8.821388e-05,-0.0001385518,-0.0001840471,-0.0002199633,-0.0002510881,-0.0002833128,-0.0003083643,-0.0003315493,-0.0003464854,-0.0003620992,-0.0003683827,-0.0003748486,-0.0003747415,-0.0003741047
-0.0002965679,-0.0002966618,-0.0002911517,-0.0002869404,-0.0002787259,-0.0002722963,-0.0002630163,-0.0002561084,-0.0002471665,-0.0002411003,-0.0002335613,-0.0002292728,-0.0002238513,-0.0002219106,-0.0002189975,-0.0002196487,-0.0002193108,-0.0002224763,-0.0002244603,-0.0002297794,-0.0002335345,-0.0002403561,-0.0002451256,-0.0002525011,-0.000257314,-0.0002641686,-0.000267863,-0.0002729807,-0.0002743073,-0.0002764172,-0.0002741333,-0.0002720264,-0.0002648961,-0.0002574677,-0.0002444672,-0.0002307468,-0.0002110802,-0.0001903431,-0.0001634623,-0.0001352782,-0.000100933,-6.517266e-05,-2.343048e-05,1.972168e-05,6.849108e-05,0.0001185573,0.0001736889,0.0002299231,0.00029058,0.0003518697,0.0004170811,0.0004812948,0.0005490622,0.0006124634,0.0006771698,0.0007365929,0.0007857886,0.0008279585,0.0008448137,0.0008259043,0.0007847723,0.0006768265,0.0004491131,0.0002454154,7.010287e-05,-9.663385e-06,-1.48491e-05,2.204777e-05,2.794819e-05,2.112092e-05,NaN,NaN,NaN,NaN,NaN,NaN,NaN,NaN,NaN,NaN,NaN,1.957641e-05,1.495334e-05,1.256491e-05,2.031501e-05,1.960296e-05,7.614942e-06,-1.618259e-05,-4.794719e-05,-8.131508e-05,-0.0001197024,-0.0001524502,-0.0001816588,-0.0002114755,-0.0002357468,-0.0002563474,-0.0002721214,-0.0002851829,-0.0002913715,-0.0002974178
-0.0002196974,-0.0002239894,-0.0002230455,-0.0002226587,-0.0002173856,-0.0002142275,-0.0002069083,-0.0002028343,-0.0001953261,-0.0001918503,-0.0001855438,-0.0001837711,-0.000179621,-0.0001802566,-0.0001787983,-0.0001821572,-0.0001835379,-0.0001895521,-0.0001935565,-0.000201788,-0.0002078749,-0.000217582,-0.0002248578,-0.00023509,-0.0002424216,-0.000251961,-0.0002580766,-0.0002655822,-0.000269112,-0.0002732021,-0.0002727614,-0.0002720655,-0.0002664214,-0.0002597082,-0.0002477455,-0.0002340539,-0.0002148997,-0.0001935517,-0.000166672,-0.0001373206,-0.0001025442,-6.522385e-05,-2.277033e-05,2.209291e-05,7.158931e-05,0.0001231619,0.0001786686,0.0002357807,0.0002958583,0.0003571526,0.0004195685,0.0004830775,0.0005431483,0.0006029716,0.0006526913,0.0006959475,0.0007274167,0.0007270262,0.0006835873,0.0006288576,0.0004289383,0.0002213853,5.135471e-05,-1.736859e-05,-4.802952e-06,1.98927e-05,9.731371e-06,NaN,NaN,NaN,NaN,NaN,NaN,NaN,NaN,NaN,NaN,NaN,NaN,NaN,NaN,NaN,NaN,NaN,1.624128e-05,1.047035e-05,1.155405e-05,1.314944e-05,9.743583e-06,-2.146659e-06,-1.890165e-05,-4.210071e-05,-7.075099e-05,-9.924737e-05,-0.0001239313,-0.0001519464,-0.0001712727,-0.0001907181,-0.000203327,-0.0002143026
-0.0001407193,-0.0001502648,-0.0001529848,-0.0001562306,-0.0001544301,-0.0001537361,-0.0001494849,-0.0001471604,-0.0001424052,-0.0001403091,-0.0001365932,-0.0001361068,-0.0001345366,-0.0001365663,-0.0001377848,-0.000142764,-0.0001469663,-0.0001548846,-0.0001618206,-0.0001722695,-0.0001812873,-0.0001934777,-0.000203644,-0.0002164196,-0.0002265332,-0.0002385716,-0.0002472125,-0.0002570399,-0.0002627052,-0.0002688011,-0.0002700083,-0.0002709471,-0.0002662791,-0.0002608121,-0.0002491273,-0.000236206,-0.0002166931,-0.0001956342,-0.0001678509,-0.0001383962,-0.0001023411,-6.468055e-05,-2.084565e-05,2.431331e-05,7.490026e-05,0.0001263106,0.0001820554,0.0002379322,0.0002967934,0.0003547153,0.0004141938,0.0004698583,0.0005243898,0.0005673409,0.0006002447,0.0006165698,0.0006026792,0.0005663183,0.0004235713,0.0002459089,6.142302e-05,-1.337448e-05,-8.635533e-06,1.101334e-05,-2.611131e-06,NaN,NaN,NaN,NaN,NaN,NaN,NaN,NaN,NaN,NaN,NaN,NaN,NaN,NaN,NaN,NaN,NaN,NaN,NaN,NaN,NaN,1.324928e-05,9.532666e-06,7.869989e-06,8.792177e-06,1.008909e-05,9.210235e-06,4.898065e-06,-1.215472e-05,-3.271989e-05,-5.580714e-05,-7.802768e-05,-9.961238e-05,-0.0001152726,-0.0001317817
-6.717815e-05,-7.712957e-05,-8.538512e-05,-8.977309e-05,-9.249849e-05,-9.292856e-05,-9.250548e-05,-9.109595e-05,-8.970228e-05,-8.835272e-05,-8.77612e-05,-8.798085e-05,-8.950578e-05,-9.233659e-05,-9.67684e-05,-0.0001027317,-0.0001103416,-0.0001194463,-0.0001300161,-0.0001417781,-0.0001546542,-0.0001681909,-0.0001822877,-0.0001964414,-0.0002103786,-0.0002236858,-0.0002359228,-0.0002467927,-0.0002556967,-0.0002625139,-0.0002664643,-0.0002676724,-0.0002652636,-0.0002595219,-0.0002495453,-0.0002358816,-0.0002174806,-0.000195341,-0.0001681331,-0.0001374558,-0.0001015826,-6.287946e-05,-1.906725e-05,2.650065e-05,7.684899e-05,0.000127368,0.0001821168,0.0002348815,0.0002910751,0.0003426758,0.0003960698,0.0004415149,0.000482832,0.0005064387,0.0005115083,0.0004759179,0.0004323375,0.0002802191,9.72441e-05,5.691198e-07,-1.786239e-05,6.534883e-06,-9.206605e-06,NaN,NaN,NaN,NaN,NaN,NaN,NaN,NaN,NaN,NaN,NaN,NaN,NaN,NaN,NaN,NaN,NaN,NaN,NaN,NaN,NaN,NaN,NaN,NaN,NaN,9.440093e-06,7.497382e-06,5.237895e-06,7.46471e-06,1.479276e-05,2.449518e-05,2.837817e-05,1.233351e-05,-1.642209e-06,-1.897121e-05,-3.704463e-05,-5.242382e-05
-1.020913e-07,-1.179005e-05,-2.149847e-05,-2.751031e-05,-3.285227e-05,-3.462354e-05,-3.711823e-05,-3.674464e-05,-3.82489e-05,-3.769087e-05,-3.994894e-05,-4.087522e-05,-4.528768e-05,-4.889699e-05,-5.635218e-05,-6.327242e-05,-7.408757e-05,-8.437627e-05,-9.829941e-05,-0.0001114948,-0.00012776,-0.0001429238,-0.0001604059,-0.0001761672,-0.0001934227,-0.0002082099,-0.0002235596,-0.0002356511,-0.0002473434,-0.0002549944,-0.0002613409,-0.0002629621,-0.0002624069,-0.0002566689,-0.0002480323,-0.0002339263,-0.0002164863,-0.0001935106,-0.0001670712,-0.0001353298,-0.0001003252,-6.058637e-05,-1.817137e-05,2.800057e-05,7.58285e-05,0.0001259344,0.0001761633,0.0002265461,0.0002750458,0.0003204915,0.0003619617,0.000393917,0.0004179226,0.0004132437,0.0003815058,0.0002901973,0.0001673705,2.412964e-05,-1.584715e-05,-3.239257e-06,-7.522989e-06,NaN,NaN,NaN,NaN,NaN,NaN,NaN,NaN,NaN,NaN,NaN,NaN,NaN,NaN,NaN,NaN,NaN,NaN,NaN,NaN,NaN,NaN,NaN,NaN,NaN,NaN,NaN,NaN,NaN,6.699301e-06,4.787601e-06,3.802669e-06,1.016052e-05,3.034655e-05,4.486756e-05,4.492476e-05,3.958357e-05,2.787171e-05,1.351815e-05
5.215115e-05,4.374517e-05,3.435469e-05,2.79551e-05,2.24581e-05,1.861021e-05,1.576397e-05,1.344698e-05,1.166786e-05,9.360978e-06,6.905757e-06,3.032703e-06,-1.61794e-06,-8.287675e-06,-1.614308e-05,-2.627503e-05,-3.772646e-05,-5.136595e-05,-6.620077e-05,-8.278897e-05,-0.0001002528,-0.0001187411,-0.0001375703,-0.0001565764,-0.0001751681,-0.0001929742,-0.0002095551,-0.0002243207,-0.0002370454,-0.0002469385,-0.0002540298,-0.000257344,-0.0002573212,-0.0002526536,-0.0002443543,-0.0002308051,-0.0002135651,-0.0001907995,-0.0001646125,-0.000132972,-9.857856e-05,-5.919494e-05,-1.818787e-05,2.690089e-05,7.188942e-05,0.0001195161,0.0001645234,0.0002100451,0.000249137,0.0002860398,0.0003101381,0.000329421,0.0003210553,0.0002977762,0.0001971719,7.465561e-05,-5.573751e-07,-1.58255e-05,-3.088617e-06,NaN,NaN,NaN,NaN,NaN,NaN,NaN,NaN,NaN,NaN,NaN,NaN,NaN,NaN,NaN,NaN,NaN,NaN,NaN,NaN,NaN,NaN,NaN,NaN,NaN,NaN,NaN,NaN,NaN,NaN,NaN,NaN,NaN,5.244213e-06,1.763459e-06,5.899933e-06,2.3937e-05,4.992865e-05,6.912352e-05,6.753147e-05,6.330631e-05
8.833602e-05,8.264928e-05,7.949795e-05,7.385448e-05,7.037446e-05,6.587397e-05,6.307353e-05,5.958475e-05,5.708318e-05,5.34761e-05,4.997561e-05,4.472205e-05,3.88241e-05,3.063248e-05,2.133905e-05,9.47749e-06,-3.591692e-06,-1.920538e-05,-3.577209e-05,-5.460555e-05,-7.378686e-05,-9.47486e-05,-0.000115234,-0.0001367455,-0.0001568707,-0.0001771323,-0.0001949922,-0.0002120654,-0.0002257102,-0.0002376796,-0.0002452872,-0.0002504703,-0.0002504381,-0.0002475174,-0.0002387493,-0.000226874,-0.0002088861,-0.0001878766,-0.000160898,-0.0001313814,-9.649085e-05,-5.999108e-05,-1.923762e-05,2.166047e-05,6.506201e-05,0.0001064392,0.0001476743,0.0001835961,0.0002153946,0.0002364214,0.0002480653,0.0002388055,0.0002135502,0.0001353088,2.47631e-05,-1.05171e-05,-9.732475e-06,-9.916968e-06,NaN,NaN,NaN,NaN,NaN,NaN,NaN,NaN,NaN,NaN,NaN,NaN,NaN,NaN,NaN,NaN,NaN,NaN,NaN,NaN,NaN,NaN,NaN,NaN,NaN,NaN,NaN,NaN,NaN,NaN,NaN,NaN,NaN,NaN,NaN,3.760473e-06,1.886065e-06,2.783484e-06,1.498024e-05,5.21428e-05,8.055894e-05,8.537262e-05
9.690236e-05,0.0001053608,0.0001077199,0.0001090395,0.0001074864,0.0001056845,0.0001028541,0.0001002427,9.6886e-05,9.336726e-05,8.862269e-05,8.306264e-05,7.565306e-05,6.688847e-05,5.583244e-05,4.317513e-05,2.809023e-05,1.150567e-05,-7.333647e-06,-2.72064e-05,-4.891571e-05,-7.088136e-05,-9.400919e-05,-0.0001164971,-0.0001392261,-0.000160318,-0.0001806647,-0.0001983385,-0.0002142839,-0.0002265837,-0.0002362471,-0.0002414276,-0.0002433228,-0.0002400598,-0.0002331513,-0.0002207788,-0.0002046837,-0.0001832783,-0.0001584526,-0.0001289732,-9.681801e-05,-6.124544e-05,-2.421702e-05,1.430884e-05,5.248043e-05,8.929068e-05,0.0001230759,0.000151052,0.0001715924,0.0001791804,0.0001715325,0.0001416687,8.376391e-05,5.326714e-06,-1.329159e-05,-7.426303e-06,-1.284399e-05,NaN,NaN,NaN,NaN,NaN,NaN,NaN,NaN,NaN,NaN,NaN,NaN,NaN,NaN,NaN,NaN,NaN,NaN,NaN,NaN,NaN,NaN,NaN,NaN,NaN,NaN,NaN,NaN,NaN,NaN,NaN,NaN,NaN,NaN,NaN,NaN,NaN,1.900317e-06,2.434326e-06,6.311872e-07,9.385273e-06,4.923009e-05,8.241393e-05
8.007613e-05,0.0001025151,0.0001190073,0.0001285063,0.0001329516,0.0001347957,0.0001343482,0.0001331879,0.0001305489,0.0001273863,0.0001225501,0.0001167248,0.0001087738,9.931927e-05,8.741785e-05,7.373009e-05,5.757057e-05,3.966084e-05,1.960639e-05,-1.871673e-06,-2.480994e-05,-4.860052e-05,-7.294463e-05,-9.727589e-05,-0.0001211784,-0.0001440585,-0.0001654441,-0.0001847705,-0.000201566,-0.0002153223,-0.0002256602,-0.0002321536,-0.0002344919,-0.0002325157,-0.0002259587,-0.0002149167,-0.000199343,-0.0001794745,-0.0001556561,-0.0001281797,-9.792671e-05,-6.512235e-05,-3.139836e-05,3.253651e-06,3.610879e-05,6.758449e-05,9.31249e-05,0.0001137103,0.0001213681,0.000117627,8.902778e-05,4.390359e-05,-2.539771e-06,-1.238812e-05,-8.584848e-06,NaN,NaN,NaN,NaN,NaN,NaN,NaN,NaN,NaN,NaN,NaN,NaN,NaN,NaN,NaN,NaN,NaN,NaN,NaN,NaN,NaN,NaN,NaN,NaN,NaN,NaN,NaN,NaN,NaN,NaN,NaN,NaN,NaN,NaN,NaN,NaN,NaN,NaN,NaN,NaN,NaN,2.026256e-06,-3.165339e-07,6.25958e-06,4.266178e-05
3.354507e-05,7.431791e-05,0.0001092196,0.0001300116,0.000144202,0.0001512194,0.000155981,0.0001568835,0.000157059,0.0001543901,0.0001510499,0.0001448892,0.0001376329,0.0001273586,0.0001156075,0.0001007821,8.436306e-05,6.510499e-05,4.44492e-05,2.154014e-05,-2.30715e-06,-2.751181e-05,-5.292102e-05,-7.86793e-05,-0.0001036552,-0.000127887,-0.0001502943,-0.0001708542,-0.0001885767,-0.0002034541,-0.0002145954,-0.0002220846,-0.0002252538,-0.0002241925,-0.0002185794,-0.0002086038,-0.0001941955,-0.0001758353,-0.000153604,-0.0001284147,-0.0001004045,-7.107948e-05,-4.04687e-05,-1.092797e-05,1.779051e-05,4.194292e-05,6.223718e-05,7.221409e-05,7.308707e-05,5.235035e-05,1.79977e-05,-6.544527e-06,-1.051551e-05,-9.570464e-06,NaN,NaN,NaN,NaN,NaN,NaN,NaN,NaN,NaN,NaN,NaN,NaN,NaN,NaN,NaN,NaN,NaN,NaN,NaN,NaN,NaN,NaN,NaN,NaN,NaN,NaN,NaN,NaN,NaN,NaN,NaN,NaN,NaN,NaN,NaN,NaN,NaN,NaN,NaN,NaN,NaN,NaN,NaN,1.274689e-06,-6.182007e-07,4.300585e-06
2.535095e-06,2.493331e-05,7.214208e-05,0.0001130113,0.0001370542,0.000155008,0.0001644808,0.0001716783,0.0001737899,0.0001748925,0.000171995,0.0001681341,0.0001604891,0.0001515929,0.0001389582,0.0001248821,0.0001072674,8.829124e-05,6.627006e-05,4.324751e-05,1.801065e-05,-7.619652e-06,-3.442264e-05,-6.07146e-05,-8.707785e-05,-0.0001118929,-0.0001356172,-0.0001567551,-0.0001757035,-0.0001911237,-0.0002034486,-0.000211531,-0.0002158148,-0.0002155432,-0.0002111345,-0.0002022233,-0.0001893661,-0.0001724819,-0.000152413,-0.0001292876,-0.0001043386,-7.778996e-05,-5.141934e-05,-2.539025e-05,-2.32565e-06,1.77404e-05,3.050708e-05,3.609008e-05,2.592765e-05,3.644368e-06,-8.324293e-06,-8.968203e-06,-9.706012e-06,NaN,NaN,NaN,NaN,NaN,NaN,NaN,NaN,NaN,NaN,NaN,NaN,NaN,NaN,NaN,NaN,NaN,NaN,NaN,NaN,NaN,NaN,NaN,NaN,NaN,NaN,NaN,NaN,NaN,NaN,NaN,NaN,NaN,NaN,NaN,NaN,NaN,NaN,NaN,NaN,NaN,NaN,NaN,NaN,NaN,5.348481e-07,-9.152283e-07
-2.814736e-07,1.004034e-06,1.921121e-05,7.010948e-05,0.0001138049,0.0001411941,0.0001616465,0.0001736391,0.0001823829,0.0001856602,0.0001869261,0.0001837561,0.0001787888,0.0001697222,0.0001588153,0.0001440469,0.000127507,0.0001075233,8.607884e-05,6.191212e-05,3.682757e-05,1.003326e-05,-1.687688e-05,-4.43875e-05,-7.097633e-05,-9.699026e-05,-0.0001210191,-0.0001433146,-0.0001626306,-0.0001791957,-0.00019195,-0.0002011671,-0.0002061179,-0.0002070138,-0.0002035999,-0.0001960939,-0.0001846367,-0.0001696048,-0.0001514514,-0.0001307958,-0.0001083367,-8.500626e-05,-6.161912e-05,-3.953011e-05,-1.960256e-05,-4.086583e-06,5.982526e-06,6.182142e-06,-3.592976e-06,-8.581764e-06,-8.077983e-06,-9.229417e-06,NaN,NaN,NaN,NaN,NaN,NaN,NaN,NaN,NaN,NaN,NaN,NaN,NaN,NaN,NaN,NaN,NaN,NaN,NaN,NaN,NaN,NaN,NaN,NaN,NaN,NaN,NaN,NaN,NaN,NaN,NaN,NaN,NaN,NaN,NaN,NaN,NaN,NaN,NaN,NaN,NaN,NaN,NaN,NaN,NaN,NaN,NaN,-1.909547e-07
-6.21649e-07,-3.248672e-07,1.389442e-07,1.602667e-05,6.77221e-05,0.0001130887,0.0001428016,0.0001652051,0.0001790511,0.000188793,0.0001926688,0.0001936464,0.0001898253,0.0001834789,0.0001728379,0.0001598586,0.0001430422,0.0001241948,0.0001021646,7.861266e-05,5.282532e-05,2.623293e-05,-1.461396e-06,-2.897319e-05,-5.641692e-05,-8.258942e-05,-0.0001074883,-0.0001300643,-0.0001502558,-0.0001672137,-0.0001809041,-0.0001907271,-0.0001966346,-0.0001984932,-0.0001961755,-0.0001900287,-0.0001799743,-0.000166737,-0.0001503788,-0.0001319424,-0.0001116609,-9.079993e-05,-6.978624e-05,-4.998887e-05,-3.207267e-05,-1.781604e-05,-8.714167e-06,-7.192473e-06,-8.051164e-06,-7.466299e-06,-8.405582e-06,NaN,NaN,NaN,NaN,NaN,NaN,NaN,NaN,NaN,NaN,NaN,NaN,NaN,NaN,NaN,NaN,NaN,NaN,NaN,NaN,NaN,NaN,NaN,NaN,NaN,NaN,NaN,NaN,NaN,NaN,NaN,NaN,NaN,NaN,NaN,NaN,NaN,NaN,NaN,NaN,NaN,NaN,NaN,NaN,NaN,NaN,NaN,NaN,NaN
NaN,-9.293224e-07,-5.551906e-07,-3.182957e-07,1.407595e-05,6.528627e-05,0.0001111709,0.0001425555,0.0001661512,0.0001811408,0.0001912136,0.0001951325,0.0001953664,0.0001905591,0.0001826206,0.0001703126,0.0001552974,0.0001365858,0.0001156979,9.199783e-05,6.68115e-05,3.994031e-05,1.249246e-05,-1.545158e-05,-4.286e-05,-6.954021e-05,-9.458436e-05,-0.0001177246,-0.0001382366,-0.0001558423,-0.0001700301,-0.0001805698,-0.000187316,-0.0001899564,-0.000188863,-0.0001836792,-0.0001752099,-0.0001631585,-0.000148667,-0.0001315193,-0.0001131433,-9.336731e-05,-7.377528e-05,-5.41779e-05,-3.618034e-05,-1.980815e-05,-9.073055e-06,-7.212153e-06,-6.843024e-06,-7.469197e-06,NaN,NaN,NaN,NaN,NaN,NaN,NaN,NaN,NaN,NaN,NaN,NaN,NaN,NaN,NaN,NaN,NaN,NaN,NaN,NaN,NaN,NaN,NaN,NaN,NaN,NaN,NaN,NaN,NaN,NaN,NaN,NaN,NaN,NaN,NaN,NaN,NaN,NaN,NaN,NaN,NaN,NaN,NaN,NaN,NaN,NaN,NaN,NaN,NaN,NaN
NaN,NaN,-1.073693e-06,-7.002832e-07,-5.376976e-07,1.287706e-05,6.271237e-05,0.0001085609,0.0001407379,0.000164773,0.0001801213,0.0001899296,0.000193329,0.0001924599,0.0001863636,0.0001767293,0.0001627196,0.0001458141,0.000125424,0.0001028593,7.791089e-05,5.165038e-05,2.424239e-05,-3.38541e-06,-3.092828e-05,-5.753793e-05,-8.282824e-05,-0.0001061077,-0.0001269596,-0.0001448984,-0.0001595556,-0.000170702,-0.0001779575,-0.0001815725,-0.0001810601,-0.0001771578,-0.0001693581,-0.0001587567,-0.0001448512,-0.000129016,-0.0001107288,-9.155807e-05,-7.072363e-05,-5.014481e-05,-2.792485e-05,-1.007537e-05,-6.321304e-06,-6.144518e-06,-6.546234e-06,NaN,NaN,NaN,NaN,NaN,NaN,NaN,NaN,NaN,NaN,NaN,NaN,NaN,NaN,NaN,NaN,NaN,NaN,NaN,NaN,NaN,NaN,NaN,NaN,NaN,NaN,NaN,NaN,NaN,NaN,NaN,NaN,NaN,NaN,NaN,NaN,NaN,NaN,NaN,NaN,NaN,NaN,NaN,NaN,NaN,NaN,NaN,NaN,NaN,NaN,NaN
NaN,NaN,NaN,-1.166203e-06,-8.17799e-07,-6.02755e-07,1.211744e-05,6.020049e-05,0.0001053204,0.0001374702,0.0001611878,0.0001762057,0.0001851772,0.0001876113,0.0001853157,0.0001777552,0.0001663707,0.0001507545,0.0001321445,0.0001104078,8.656234e-05,6.086328e-05,3.41033e-05,6.769102e-06,-2.041937e-05,-4.690823e-05,-7.209754e-05,-9.539557e-05,-0.0001163809,-0.0001344815,-0.0001494796,-0.0001608691,-0.0001687871,-0.0001726372,-0.0001730575,-0.0001693638,-0.0001625814,-0.000151986,-0.0001388487,-0.0001223327,-0.000103928,-8.263144e-05,-5.972626e-05,-3.397828e-05,-1.070205e-05,-5.438108e-06,-5.434061e-06,-5.649545e-06,NaN,NaN,NaN,NaN,NaN,NaN,NaN,NaN,NaN,NaN,NaN,NaN,NaN,NaN,NaN,NaN,NaN,NaN,NaN,NaN,NaN,NaN,NaN,NaN,NaN,NaN,NaN,NaN,NaN,NaN,NaN,NaN,NaN,NaN,NaN,NaN,NaN,NaN,NaN,NaN,NaN,NaN,NaN,NaN,NaN,NaN,NaN,NaN,NaN,NaN,NaN,NaN
NaN,NaN,NaN,NaN,-1.217288e-06,-8.550666e-07,-5.889249e-07,1.169286e-05,5.770285e-05,0.0001014407,0.0001327763,0.0001555289,0.0001695628,0.0001772742,0.0001783215,0.0001744375,0.00016527,0.0001522377,0.0001351287,0.0001151429,9.238299e-05,6.779215e-05,4.179494e-05,1.519051e-05,-1.151089e-05,-3.758169e-05,-6.247558e-05,-8.561093e-05,-0.0001064477,-0.0001245933,-0.0001395822,-0.0001512518,-0.0001591303,-0.0001635033,-0.0001637627,-0.0001606296,-0.0001533978,-0.0001430449,-0.0001287136,-0.0001114912,-9.021503e-05,-6.642844e-05,-3.758623e-05,-1.122433e-05,-4.620568e-06,-4.704098e-06,-4.823428e-06,NaN,NaN,NaN,NaN,NaN,NaN,NaN,NaN,NaN,NaN,NaN,NaN,NaN,NaN,NaN,NaN,NaN,NaN,NaN,NaN,NaN,NaN,NaN,NaN,NaN,NaN,NaN,NaN,NaN,NaN,NaN,NaN,NaN,NaN,NaN,NaN,NaN,NaN,NaN,NaN,NaN,NaN,NaN,NaN,NaN,NaN,NaN,NaN,NaN,NaN,NaN,NaN,NaN
NaN,NaN,NaN,NaN,NaN,-1.216277e-06,-8.648119e-07,-4.96602e-07,1.149665e-05,5.514742e-05,9.685026e-05,0.0001267104,0.0001478847,0.0001604708,0.0001664879,0.0001659404,0.0001603072,0.0001495961,0.0001349922,0.0001166926,9.562457e-05,7.231887e-05,4.746599e-05,2.177089e-05,-4.143645e-06,-2.955766e-05,-5.395766e-05,-7.662606e-05,-9.721016e-05,-0.0001150406,-0.0001299384,-0.0001413131,-0.0001492997,-0.0001531963,-0.000153587,-0.000149617,-0.0001421699,-0.0001302076,-0.0001147256,-9.43057e-05,-6.984999e-05,-4.004527e-05,-1.139557e-05,-3.98058e-06,-3.930212e-06,-4.039976e-06,NaN,NaN,NaN,NaN,NaN,NaN,NaN,NaN,NaN,NaN,NaN,NaN,NaN,NaN,NaN,NaN,NaN,NaN,NaN,NaN,NaN,NaN,NaN,NaN,NaN,NaN,NaN,NaN,NaN,NaN,NaN,NaN,NaN,NaN,NaN,NaN,NaN,NaN,NaN,NaN,NaN,NaN,NaN,NaN,NaN,NaN,NaN,NaN,NaN,NaN,NaN,NaN,NaN,NaN
NaN,NaN,NaN,NaN,NaN,NaN,-1.193515e-06,-8.425314e-07,-3.571965e-07,1.14534e-05,5.239469e-05,9.14964e-05,0.0001193047,0.0001384538,0.0001491266,0.0001532429,0.0001509061,0.000143567,0.0001313607,0.0001154506,9.622305e-05,7.455892e-05,5.111117e-05,2.661458e-05,1.746319e-06,-2.281943e-05,-4.641582e-05,-6.849592e-05,-8.843323e-05,-0.0001058391,-0.0001201813,-0.0001312518,-0.0001385049,-0.0001421242,-0.0001413721,-0.0001367872,-0.0001274305,-0.0001139487,-9.502403e-05,-7.137749e-05,-4.073677e-05,-1.14599e-05,-3.33154e-06,-3.30992e-06,-3.318124e-06,NaN,NaN,NaN,NaN,NaN,NaN,NaN,NaN,NaN,NaN,NaN,NaN,NaN,NaN,NaN,NaN,NaN,NaN,NaN,NaN,NaN,NaN,NaN,NaN,NaN,NaN,NaN,NaN,NaN,NaN,NaN,NaN,NaN,NaN,NaN,NaN,NaN,NaN,NaN,NaN,NaN,NaN,NaN,NaN,NaN,NaN,NaN,NaN,NaN,NaN,NaN,NaN,NaN,NaN,NaN
NaN,NaN,NaN,NaN,NaN,NaN,NaN,-1.139053e-06,-8.021979e-07,-1.610237e-07,1.141676e-05,4.932393e-05,8.5369e-05,0.0001106604,0.0001273549,0.0001358879,0.0001379222,0.0001338106,0.0001247924,0.0001113332,9.436596e-05,7.463892e-05,5.283437e-05,2.981152e-05,6.19113e-06,-1.720652e-05,-3.985445e-05,-6.0971e-05,-8.016416e-05,-9.672099e-05,-0.0001103793,-0.0001205036,-0.0001270865,-0.0001293382,-0.0001276308,-0.0001209078,-0.0001097725,-9.274016e-05,-7.038759e-05,-4.076779e-05,-1.133479e-05,-2.830893e-06,-2.607841e-06,-2.681871e-06,NaN,NaN,NaN,NaN,NaN,NaN,NaN,NaN,NaN,NaN,NaN,NaN,NaN,NaN,NaN,NaN,NaN,NaN,NaN,NaN,NaN,NaN,NaN,NaN,NaN,NaN,NaN,NaN,NaN,NaN,NaN,NaN,NaN,NaN,NaN,NaN,NaN,NaN,NaN,NaN,NaN,NaN,NaN,NaN,NaN,NaN,NaN,NaN,NaN,NaN,NaN,NaN,NaN,NaN,NaN,NaN
NaN,NaN,NaN,NaN,NaN,NaN,NaN,NaN,-1.067997e-06,-7.401141e-07,6.037742e-08,1.130832e-05,4.585411e-05,7.845166e-05,0.0001008286,0.000114866,0.0001210906,0.0001210392,0.0001151844,0.0001046897,9.022284e-05,7.263576e-05,5.280893e-05,3.144832e-05,9.388192e-06,-1.270601e-05,-3.405846e-05,-5.410015e-05,-7.213015e-05,-8.76891e-05,-0.0001001907,-0.000109276,-0.0001143361,-0.0001153195,-0.0001113619,-0.0001026233,-8.797161e-05,-6.746435e-05,-3.951223e-05,-1.119825e-05,-2.329355e-06,-2.126699e-06,-2.048601e-06,NaN,NaN,NaN,NaN,NaN,NaN,NaN,NaN,NaN,NaN,NaN,NaN,NaN,NaN,NaN,NaN,NaN,NaN,NaN,NaN,NaN,NaN,NaN,NaN,NaN,NaN,NaN,NaN,NaN,NaN,NaN,NaN,NaN,NaN,NaN,NaN,NaN,NaN,NaN,NaN,NaN,NaN,NaN,NaN,NaN,NaN,NaN,NaN,NaN,NaN,NaN,NaN,NaN,NaN,NaN,NaN,NaN
NaN,NaN,NaN,NaN,NaN,NaN,NaN,NaN,NaN,-9.837387e-07,-6.478951e-07,2.948917e-07,1.103308e-05,4.190932e-05,7.073241e-05,9.000544e-05,0.0001012697,0.0001051687,0.0001030673,9.566063e-05,8.394349e-05,6.885063e-05,5.112364e-05,3.173035e-05,1.13688e-05,-9.092581e-06,-2.902019e-05,-4.762335e-05,-6.436129e-05,-7.853545e-05,-8.966648e-05,-9.7136e-05,-0.0001006225,-9.931906e-05,-9.319503e-05,-8.099381e-05,-6.288327e-05,-3.725717e-05,-1.089619e-05,-1.984931e-06,-1.557055e-06,-1.554337e-06,NaN,NaN,NaN,NaN,NaN,NaN,NaN,NaN,NaN,NaN,NaN,NaN,NaN,NaN,NaN,NaN,NaN,NaN,NaN,NaN,NaN,NaN,NaN,NaN,NaN,NaN,NaN,NaN,NaN,NaN,NaN,NaN,NaN,NaN,NaN,NaN,NaN,NaN,NaN,NaN,NaN,NaN,NaN,NaN,NaN,NaN,NaN,NaN,NaN,NaN,NaN,NaN,NaN,NaN,NaN,NaN,NaN,NaN
NaN,NaN,NaN,NaN,NaN,NaN,NaN,NaN,NaN,-6.696351e-07,-8.818801e-07,-5.426248e-07,5.20655e-07,1.053319e-05,3.742873e-05,6.231821e-05,7.843251e-05,8.689636e-05,8.85496e-05,8.45597e-05,7.587246e-05,6.333751e-05,4.805809e-05,3.074784e-05,1.238062e-05,-6.336085e-06,-2.45345e-05,-4.156312e-05,-5.66609e-05,-6.92254e-05,-7.862989e-05,-8.426974e-05,-8.547559e-05,-8.185684e-05,-7.244735e-05,-5.681161e-05,-3.408425e-05,-1.033823e-05,-1.713067e-06,-1.124893e-06,-1.068083e-06,-1.576915e-06,NaN,NaN,NaN,NaN,NaN,NaN,NaN,NaN,NaN,NaN,NaN,NaN,NaN,NaN,NaN,NaN,NaN,NaN,NaN,NaN,NaN,NaN,NaN,NaN,NaN,NaN,NaN,NaN,NaN,NaN,NaN,NaN,NaN,NaN,NaN,NaN,NaN,NaN,NaN,NaN,NaN,NaN,NaN,NaN,NaN,NaN,NaN,NaN,NaN,NaN,NaN,NaN,NaN,NaN,NaN,NaN,NaN,NaN
NaN,NaN,NaN,NaN,NaN,NaN,NaN,NaN,NaN,NaN,-6.028349e-07,-7.714169e-07,-4.291076e-07,7.22293e-07,9.742202e-06,3.245309e-05,5.339614e-05,6.635179e-05,7.211399e-05,7.171198e-05,6.611196e-05,5.652107e-05,4.369313e-05,2.875646e-05,1.246506e-05,-4.220396e-06,-2.056789e-05,-3.573321e-05,-4.902507e-05,-5.971316e-05,-6.708145e-05,-7.049462e-05,-6.925053e-05,-6.250891e-05,-4.978399e-05,-3.008533e-05,-9.482067e-06,-1.503524e-06,-7.693145e-07,-6.925468e-07,-1.131134e-06,NaN,NaN,NaN,NaN,NaN,NaN,NaN,NaN,NaN,NaN,NaN,NaN,NaN,NaN,NaN,NaN,NaN,NaN,NaN,NaN,NaN,NaN,NaN,NaN,NaN,NaN,NaN,NaN,NaN,NaN,NaN,NaN,NaN,NaN,NaN,NaN,NaN,NaN,NaN,NaN,NaN,NaN,NaN,NaN,NaN,NaN,NaN,NaN,NaN,NaN,NaN,NaN,NaN,NaN,NaN,NaN,NaN,NaN,NaN
NaN,NaN,NaN,NaN,NaN,NaN,NaN,NaN,NaN,NaN,NaN,-5.293613e-07,-6.535084e-07,-3.121203e-07,8.751165e-07,8.665892e-06,2.711814e-05,4.412164e-05,5.408574e-05,5.733806e-05,5.517176e-05,4.840201e-05,3.838154e-05,2.583606e-05,1.188121e-05,-2.70782e-06,-1.697001e-05,-3.013574e-05,-4.138356e-05,-4.991801e-05,-5.50804e-05,-5.594318e-05,-5.179437e-05,-4.178097e-05,-2.556385e-05,-8.401888e-06,-1.324309e-06,-4.878803e-07,-3.855323e-07,-7.652491e-07,NaN,NaN,NaN,NaN,NaN,NaN,NaN,NaN,NaN,NaN,NaN,NaN,NaN,NaN,NaN,NaN,NaN,NaN,NaN,NaN,NaN,NaN,NaN,NaN,NaN,NaN,NaN,NaN,NaN,NaN,NaN,NaN,NaN,NaN,NaN,NaN,NaN,NaN,NaN,NaN,NaN,NaN,NaN,NaN,NaN,NaN,NaN,NaN,NaN,NaN,NaN,NaN,NaN,NaN,NaN,NaN,NaN,NaN,NaN,NaN
NaN,NaN,NaN,NaN,NaN,NaN,NaN,NaN,NaN,NaN,NaN,NaN,-4.496557e-07,-5.35459e-07,-1.91225e-07,9.604831e-07,7.352769e-06,2.157187e-05,3.478089e-05,4.19862e-05,4.303376e-05,3.952663e-05,3.216593e-05,2.227197e-05,1.065888e-05,-1.61398e-06,-1.369541e-05,-2.468229e-05,-3.370335e-05,-3.999711e-05,-4.25393e-05,-4.075827e-05,-3.336402e-05,-2.056424e-05,-7.108419e-06,-1.165299e-06,-3.206231e-07,-1.449649e-07,-4.74312e-07,NaN,NaN,NaN,NaN,NaN,NaN,NaN,NaN,NaN,NaN,NaN,NaN,NaN,NaN,NaN,NaN,NaN,NaN,NaN,NaN,NaN,NaN,NaN,NaN,NaN,NaN,NaN,NaN,NaN,NaN,NaN,NaN,NaN,NaN,NaN,NaN,NaN,NaN,NaN,NaN,NaN,NaN,NaN,NaN,NaN,NaN,NaN,NaN,NaN,NaN,NaN,NaN,NaN,NaN,NaN,NaN,NaN,NaN,NaN,NaN,NaN
NaN,NaN,NaN,NaN,NaN,NaN,NaN,NaN,NaN,NaN,NaN,NaN,NaN,-3.786021e-07,-4.042481e-07,-1.008732e-07,9.866825e-07,5.86168e-06,1.610838e-05,2.571634e-05,3.040947e-05,2.979735e-05,2.544787e-05,1.812119e-05,9.044745e-06,-8.990934e-07,-1.067242e-05,-1.935178e-05,-2.606376e-05,-2.978429e-05,-2.983614e-05,-2.494546e-05,-1.547746e-05,-5.6624e-06,-1.035673e-06,-1.576909e-07,-1.8533e-08,-2.306486e-07,NaN,NaN,NaN,NaN,NaN,NaN,NaN,NaN,NaN,NaN,NaN,NaN,NaN,NaN,NaN,NaN,NaN,NaN,NaN,NaN,NaN,NaN,NaN,NaN,NaN,NaN,NaN,NaN,NaN,NaN,NaN,NaN,NaN,NaN,NaN,NaN,NaN,NaN,NaN,NaN,NaN,NaN,NaN,NaN,NaN,NaN,NaN,NaN,NaN,NaN,NaN,NaN,NaN,NaN,NaN,NaN,NaN,NaN,NaN,NaN,NaN,NaN
NaN,NaN,NaN,NaN,NaN,NaN,NaN,NaN,NaN,NaN,NaN,NaN,NaN,-3.668961e-07,-3.164149e-07,-2.723305e-07,-4.434617e-08,9.522628e-07,4.322366e-06,1.107867e-05,1.732299e-05,1.986025e-05,1.825117e-05,1.365594e-05,7.061147e-06,-4.310157e-07,-7.844879e-06,-1.415223e-05,-1.841429e-05,-1.965918e-05,-1.693563e-05,-1.072381e-05,-4.150949e-06,-9.187119e-07,-5.729277e-08,6.197745e-08,-6.098534e-08,-1.263825e-07,NaN,NaN,NaN,NaN,NaN,NaN,NaN,NaN,NaN,NaN,NaN,NaN,NaN,NaN,NaN,NaN,NaN,NaN,NaN,NaN,NaN,NaN,NaN,NaN,NaN,NaN,NaN,NaN,NaN,NaN,NaN,NaN,NaN,NaN,NaN,NaN,NaN,NaN,NaN,NaN,NaN,NaN,NaN,NaN,NaN,NaN,NaN,NaN,NaN,NaN,NaN,NaN,NaN,NaN,NaN,NaN,NaN,NaN,NaN,NaN,NaN,NaN
NaN,NaN,NaN,NaN,NaN,NaN,NaN,NaN,NaN,NaN,NaN,NaN,NaN,NaN,-2.686535e-07,-2.547248e-07,-1.631149e-07,4.51736e-09,8.341176e-07,2.922092e-06,6.806314e-06,1.018321e-05,1.098964e-05,8.982614e-06,4.909711e-06,-1.733436e-07,-5.196773e-06,-9.121376e-06,-1.095362e-05,-1.002237e-05,-6.60048e-06,-2.79716e-06,-7.57373e-07,-1.724517e-08,8.608578e-08,5.930491e-08,-2.39767e-08,NaN,NaN,NaN,NaN,NaN,NaN,NaN,NaN,NaN,NaN,NaN,NaN,NaN,NaN,NaN,NaN,NaN,NaN,NaN,NaN,NaN,NaN,NaN,NaN,NaN,NaN,NaN,NaN,NaN,NaN,NaN,NaN,NaN,NaN,NaN,NaN,NaN,NaN,NaN,NaN,NaN,NaN,NaN,NaN,NaN,NaN,NaN,NaN,NaN,NaN,NaN,NaN,NaN,NaN,NaN,NaN,NaN,NaN,NaN,NaN,NaN,NaN,NaN
NaN,NaN,NaN,NaN,NaN,NaN,NaN,NaN,NaN,NaN,NaN,NaN,NaN,NaN,NaN,-1.905239e-07,-1.896343e-07,-8.440169e-08,5.026676e-08,6.424233e-07,1.806259e-06,3.58979e-06,4.872052e-06,4.614112e-06,2.736637e-06,-4.150414e-08,-2.804228e-06,-4.601668e-06,-4.807714e-06,-3.48551e-06,-1.710577e-06,-5.622744e-07,-1.511602e-08,8.209809e-08,1.10779e-07,4.564138e-08,NaN,NaN,NaN,NaN,NaN,NaN,NaN,NaN,NaN,NaN,NaN,NaN,NaN,NaN,NaN,NaN,NaN,NaN,NaN,NaN,NaN,NaN,NaN,NaN,NaN,NaN,NaN,NaN,NaN,NaN,NaN,NaN,NaN,NaN,NaN,NaN,NaN,NaN,NaN,NaN,NaN,NaN,NaN,NaN,NaN,NaN,NaN,NaN,NaN,NaN,NaN,NaN,NaN,NaN,NaN,NaN,NaN,NaN,NaN,NaN,NaN,NaN,NaN,NaN
NaN,NaN,NaN,NaN,NaN,NaN,NaN,NaN,NaN,NaN,NaN,NaN,NaN,NaN,NaN,-1.664639e-07,-1.27421e-07,-1.284082e-07,-3.11035e-08,7.870693e-08,4.360279e-07,9.937505e-07,1.576464e-06,1.717909e-06,1.135428e-06,-2.374706e-10,-1.114397e-06,-1.684912e-06,-1.512312e-06,-9.30766e-07,-3.707518e-07,-2.851241e-08,6.320484e-08,1.154892e-07,7.407309e-08,4.158355e-08,NaN,NaN,NaN,NaN,NaN,NaN,NaN,NaN,NaN,NaN,NaN,NaN,NaN,NaN,NaN,NaN,NaN,NaN,NaN,NaN,NaN,NaN,NaN,NaN,NaN,NaN,NaN,NaN,NaN,NaN,NaN,NaN,NaN,NaN,NaN,NaN,NaN,NaN,NaN,NaN,NaN,NaN,NaN,NaN,NaN,NaN,NaN,NaN,NaN,NaN,NaN,NaN,NaN,NaN,NaN,NaN,NaN,NaN,NaN,NaN,NaN,NaN,NaN,NaN
NaN,NaN,NaN,NaN,NaN,NaN,NaN,NaN,NaN,NaN,NaN,NaN,NaN,NaN,NaN,NaN,-1.158477e-07,-7.712029e-08,-7.667004e-08,2.079997e-11,8.563142e-08,2.619874e-07,4.626154e-07,5.473257e-07,3.821052e-07,1.325556e-08,-3.529714e-07,-5.101572e-07,-4.203244e-07,-2.11427e-07,-4.473654e-08,4.198599e-08,9.295221e-08,7.404793e-08,6.738173e-08,NaN,NaN,NaN,NaN,NaN,NaN,NaN,NaN,NaN,NaN,NaN,NaN,NaN,NaN,NaN,NaN,NaN,NaN,NaN,NaN,NaN,NaN,NaN,NaN,NaN,NaN,NaN,NaN,NaN,NaN,NaN,NaN,NaN,NaN,NaN,NaN,NaN,NaN,NaN,NaN,NaN,NaN,NaN,NaN,NaN,NaN,NaN,NaN,NaN,NaN,NaN,NaN,NaN,NaN,NaN,NaN,NaN,NaN,NaN,NaN,NaN,NaN,NaN,NaN,NaN
NaN,NaN,NaN,NaN,NaN,NaN,NaN,NaN,NaN,NaN,NaN,NaN,NaN,NaN,NaN,NaN,NaN,-7.386329e-08,-4.084461e-08,-3.647599e-08,1.39027e-08,7.118339e-08,1.405421e-07,1.694861e-07,1.295975e-07,1.014146e-08,-1.007733e-07,-1.451971e-07,-1.064216e-07,-3.945878e-08,1.831482e-08,6.141094e-08,5.681698e-08,6.597076e-08,NaN,NaN,NaN,NaN,NaN,NaN,NaN,NaN,NaN,NaN,NaN,NaN,NaN,NaN,NaN,NaN,NaN,NaN,NaN,NaN,NaN,NaN,NaN,NaN,NaN,NaN,NaN,NaN,NaN,NaN,NaN,NaN,NaN,NaN,NaN,NaN,NaN,NaN,NaN,NaN,NaN,NaN,NaN,NaN,NaN,NaN,NaN,NaN,NaN,NaN,NaN,NaN,NaN,NaN,NaN,NaN,NaN,NaN,NaN,NaN,NaN,NaN,NaN,NaN,NaN,NaN
NaN,NaN,NaN,NaN,NaN,NaN,NaN,NaN,NaN,NaN,NaN,NaN,NaN,NaN,NaN,NaN,NaN,-3.643994e-08,-4.146471e-08,-1.798509e-08,-9.242844e-09,1.67678e-08,4.445496e-08,6.071166e-08,4.585303e-08,8.785316e-09,-2.88634e-08,-4.13113e-08,-2.508038e-08,6.682375e-09,2.745567e-08,3.712075e-08,4.836766e-08,3.49863e-08,NaN,NaN,NaN,NaN,NaN,NaN,NaN,NaN,NaN,NaN,NaN,NaN,NaN,NaN,NaN,NaN,NaN,NaN,NaN,NaN,NaN,NaN,NaN,NaN,NaN,NaN,NaN,NaN,NaN,NaN,NaN,NaN,NaN,NaN,NaN,NaN,NaN,NaN,NaN,NaN,NaN,NaN,NaN,NaN,NaN,NaN,NaN,NaN,NaN,NaN,NaN,NaN,NaN,NaN,NaN,NaN,NaN,NaN,NaN,NaN,NaN,NaN,NaN,NaN,NaN,NaN
NaN,NaN,NaN,NaN,NaN,NaN,NaN,NaN,NaN,NaN,NaN,NaN,NaN,NaN,NaN,NaN,NaN,NaN,-1.662908e-08,-1.815224e-08,-5.952704e-09,2.992594e-09,1.478074e-08,1.933659e-08,1.812264e-08,4.381198e-09,-6.183425e-09,-9.730828e-09,-1.612657e-09,8.865952e-09,1.827271e-08,2.730362e-08,2.277313e-08,NaN,NaN,NaN,NaN,NaN,NaN,NaN,NaN,NaN,NaN,NaN,NaN,NaN,NaN,NaN,NaN,NaN,NaN,NaN,NaN,NaN,NaN,NaN,NaN,NaN,NaN,NaN,NaN,NaN,NaN,NaN,NaN,NaN,NaN,NaN,NaN,NaN,NaN,NaN,NaN,NaN,NaN,NaN,NaN,NaN,NaN,NaN,NaN,NaN,NaN,NaN,NaN,NaN,NaN,NaN,NaN,NaN,NaN,NaN,NaN,NaN,NaN,NaN,NaN,NaN,NaN,NaN
NaN,NaN,NaN,NaN,NaN,NaN,NaN,NaN,NaN,NaN,NaN,NaN,NaN,NaN,NaN,NaN,NaN,NaN,-1.320427e-08,-5.132303e-09,-5.434722e-09,-3.811251e-10,4.059338e-09,7.919543e-09,6.12932e-09,2.788005e-09,-1.458881e-09,-1.964864e-09,1.111655e-09,7.338911e-09,1.026711e-08,1.084926e-08,1.476796e-08,NaN,NaN,NaN,NaN,NaN,NaN,NaN,NaN,NaN,NaN,NaN,NaN,NaN,NaN,NaN,NaN,NaN,NaN,NaN,NaN,NaN,NaN,NaN,NaN,NaN,NaN,NaN,NaN,NaN,NaN,NaN,NaN,NaN,NaN,NaN,NaN,NaN,NaN,NaN,NaN,NaN,NaN,NaN,NaN,NaN,NaN,NaN,NaN,NaN,NaN,NaN,NaN,NaN,NaN,NaN,NaN,NaN,NaN,NaN,NaN,NaN,NaN,NaN,NaN,NaN,NaN,NaN
NaN,NaN,NaN,NaN,NaN,NaN,NaN,NaN,NaN,NaN,NaN,NaN,NaN,NaN,NaN,NaN,NaN,NaN,NaN,-3.61701e-09,-1.413878e-09,-3.98123e-10,1.219645e-09,1.671994e-09,2.100397e-09,7.675756e-10,1.545933e-10,-1.217958e-11,1.226395e-09,2.440792e-09,3.696017e-09,5.167206e-09,NaN,NaN,NaN,NaN,NaN,NaN,NaN,NaN,NaN,NaN,NaN,NaN,NaN,NaN,NaN,NaN,NaN,NaN,NaN,NaN,NaN,NaN,NaN,NaN,NaN,NaN,NaN,NaN,NaN,NaN,NaN,NaN,NaN,NaN,NaN,NaN,NaN,NaN,NaN,NaN,NaN,NaN,NaN,NaN,NaN,NaN,NaN,NaN,NaN,NaN,NaN,NaN,NaN,NaN,NaN,NaN,NaN,NaN,NaN,NaN,NaN,NaN,NaN,NaN,NaN,NaN,NaN,NaN
NaN,NaN,NaN,NaN,NaN,NaN,NaN,NaN,NaN,NaN,NaN,NaN,NaN,NaN,NaN,NaN,NaN,NaN,NaN,4.696355e-11,-7.038992e-10,-1.420618e-10,8.396123e-11,6.471076e-10,2.897578e-10,3.113195e-10,-6.66982e-11,5.259113e-12,1.706829e-10,8.678729e-10,9.408782e-10,5.870879e-10,NaN,NaN,NaN,NaN,NaN,NaN,NaN,NaN,NaN,NaN,NaN,NaN,NaN,NaN,NaN,NaN,NaN,NaN,NaN,NaN,NaN,NaN,NaN,NaN,NaN,NaN,NaN,NaN,NaN,NaN,NaN,NaN,NaN,NaN,NaN,NaN,NaN,NaN,NaN,NaN,NaN,NaN,NaN,NaN,NaN,NaN,NaN,NaN,NaN,NaN,NaN,NaN,NaN,NaN,NaN,NaN,NaN,NaN,NaN,NaN,NaN,NaN,NaN,NaN,NaN,NaN,NaN,NaN
NaN,NaN,NaN,NaN,NaN,NaN,NaN,NaN,NaN,NaN,NaN,NaN,NaN,NaN,NaN,NaN,NaN,NaN,NaN,-3.350223e-11,-3.174924e-11,-1.051047e-11,9.739582e-12,2.650057e-11,2.394806e-11,1.456765e-11,3.800551e-12,4.467139e-12,2.047243e-11,4.688886e-11,5.98877e-11,6.302932e-11,NaN,NaN,NaN,NaN,NaN,NaN,NaN,NaN,NaN,NaN,NaN,NaN,NaN,NaN,NaN,NaN,NaN,NaN,NaN,NaN,NaN,NaN,NaN,NaN,NaN,NaN,NaN,NaN,NaN,NaN,NaN,NaN,NaN,NaN,NaN,NaN,NaN,NaN,NaN,NaN,NaN,NaN,NaN,NaN,NaN,NaN,NaN,NaN,NaN,NaN,NaN,NaN,NaN,NaN,NaN,NaN,NaN,NaN,NaN,NaN,NaN,NaN,NaN,NaN,NaN,NaN,NaN,NaN
NaN,NaN,NaN,NaN,NaN,NaN,NaN,NaN,NaN,NaN,NaN,NaN,NaN,NaN,NaN,NaN,NaN,NaN,NaN,0,0,0,0,0,0,0,0,0,0,0,0,0,NaN,NaN,NaN,NaN,NaN,NaN,NaN,NaN,NaN,NaN,NaN,NaN,NaN,NaN,NaN,NaN,NaN,NaN,NaN,NaN,NaN,NaN,NaN,NaN,NaN,NaN,NaN,NaN,NaN,NaN,NaN,NaN,NaN,NaN,NaN,NaN,NaN,NaN,NaN,NaN,NaN,NaN,NaN,NaN,NaN,NaN,NaN,NaN,NaN,NaN,NaN,NaN,NaN,NaN,NaN,NaN,NaN,NaN,NaN,NaN,NaN,NaN,NaN,NaN,NaN,NaN,NaN,NaN
