NaN,NaN,NaN,NaN,NaN,NaN,NaN,NaN,NaN,NaN,NaN,NaN,NaN,NaN,NaN,NaN,NaN,NaN,NaN,0,0,0,0,0,0,0,0,0,0,0,0,0,NaN,NaN,NaN,NaN,NaN,NaN,NaN,NaN,NaN,NaN,NaN,NaN,NaN,NaN,NaN,NaN,NaN,NaN,NaN,NaN,NaN,NaN,NaN,NaN,NaN,NaN,NaN,NaN,NaN,NaN,NaN,NaN,NaN,NaN,NaN,NaN,NaN,NaN,NaN,NaN,NaN,NaN,NaN,NaN,NaN,NaN,NaN,NaN,NaN,NaN,NaN,NaN,NaN,NaN,NaN,NaN,NaN,NaN,NaN,NaN,NaN,NaN,NaN,NaN,NaN,NaN,NaN,NaN
NaN,NaN,NaN,NaN,NaN,NaN,NaN,NaN,NaN,NaN,NaN,NaN,NaN,NaN,NaN,NaN,NaN,NaN,NaN,1.809441e-09,1.705916e-09,1.722241e-09,2.083277e-09,1.878188e-09,2.449225e-09,2.575686e-09,3.208225e-09,3.013906e-09,3.154692e-09,2.883234e-09,3.633784e-09,2.75528e-09,NaN,NaN,NaN,NaN,NaN,NaN,NaN,NaN,NaN,NaN,NaN,NaN,NaN,NaN,NaN,NaN,NaN,NaN,NaN,NaN,NaN,NaN,NaN,NaN,NaN,NaN,NaN,NaN,NaN,NaN,NaN,NaN,NaN,NaN,NaN,NaN,NaN,NaN,NaN,NaN,NaN,NaN,NaN,NaN,NaN,NaN,NaN,NaN,NaN,NaN,NaN,NaN,NaN,NaN,NaN,NaN,NaN,NaN,NaN,NaN,NaN,NaN,NaN,NaN,NaN,NaN,NaN,NaN
NaN,NaN,NaN,NaN,NaN,NaN,NaN,NaN,NaN,NaN,NaN,NaN,NaN,NaN,NaN,NaN,NaN,NaN,NaN,5.705039e-09,6.85999e-09,6.028629e-09,7.036462e-09,6.707621e-09,8.714363e-09,9.371644e-09,1.152119e-08,1.1205e-08,1.20106e-08,1.088205e-08,1.163144e-08,1.124627e-08,NaN,NaN,NaN,NaN,NaN,NaN,NaN,NaN,NaN,NaN,NaN,NaN,NaN,NaN,NaN,NaN,NaN,NaN,NaN,NaN,NaN,NaN,NaN,NaN,NaN,NaN,NaN,NaN,NaN,NaN,NaN,NaN,NaN,NaN,NaN,NaN,NaN,NaN,NaN,NaN,NaN,NaN,NaN,NaN,NaN,NaN,NaN,NaN,NaN,NaN,NaN,NaN,NaN,NaN,NaN,NaN,NaN,NaN,NaN,NaN,NaN,NaN,NaN,NaN,NaN,NaN,NaN,NaN
NaN,NaN,NaN,NaN,NaN,NaN,NaN,NaN,NaN,NaN,NaN,NaN,NaN,NaN,NaN,NaN,NaN,NaN,NaN,1.101401e-08,1.254172e-08,1.119927e-08,1.303281e-08,1.239434e-08,1.658401e-08,1.843372e-08,2.298822e-08,2.237901e-08,2.343993e-08,2.0984e-08,2.275848e-08,2.097526e-08,NaN,NaN,NaN,NaN,NaN,NaN,NaN,NaN,NaN,NaN,NaN,NaN,NaN,NaN,NaN,NaN,NaN,NaN,NaN,NaN,NaN,NaN,NaN,NaN,NaN,NaN,NaN,NaN,NaN,NaN,NaN,NaN,NaN,NaN,NaN,NaN,NaN,NaN,NaN,NaN,NaN,NaN,NaN,NaN,NaN,NaN,NaN,NaN,NaN,NaN,NaN,NaN,NaN,NaN,NaN,NaN,NaN,NaN,NaN,NaN,NaN,NaN,NaN,NaN,NaN,NaN,NaN,NaN
NaN,NaN,NaN,NaN,NaN,NaN,NaN,NaN,NaN,NaN,NaN,NaN,NaN,NaN,NaN,NaN,NaN,NaN,1.680348e-08,1.514618e-08,1.77916e-08,1.499557e-08,1.711723e-08,1.67134e-08,2.378006e-08,2.828739e-08,3.602057e-08,3.556999e-08,3.644157e-08,3.18248e-08,3.236321e-08,3.080326e-08,3.434081e-08,NaN,NaN,NaN,NaN,NaN,NaN,NaN,NaN,NaN,NaN,NaN,NaN,NaN,NaN,NaN,NaN,NaN,NaN,NaN,NaN,NaN,NaN,NaN,NaN,NaN,NaN,NaN,NaN,NaN,NaN,NaN,NaN,NaN,NaN,NaN,NaN,NaN,NaN,NaN,NaN,NaN,NaN,NaN,NaN,NaN,NaN,NaN,NaN,NaN,NaN,NaN,NaN,NaN,NaN,NaN,NaN,NaN,NaN,NaN,NaN,NaN,NaN,NaN,NaN,NaN,NaN,NaN
NaN,NaN,NaN,NaN,NaN,NaN,NaN,NaN,NaN,NaN,NaN,NaN,NaN,NaN,NaN,NaN,NaN,NaN,2.02329e-08,1.818741e-08,1.977377e-08,1.578773e-08,1.736211e-08,1.742738e-08,2.947728e-08,4.023145e-08,5.371767e-08,5.366169e-08,5.19077e-08,4.298693e-08,4.211299e-08,3.761143e-08,4.17356e-08,NaN,NaN,NaN,NaN,NaN,NaN,NaN,NaN,NaN,NaN,NaN,NaN,NaN,NaN,NaN,NaN,NaN,NaN,NaN,NaN,NaN,NaN,NaN,NaN,NaN,NaN,NaN,NaN,NaN,NaN,NaN,NaN,NaN,NaN,NaN,NaN,NaN,NaN,NaN,NaN,NaN,NaN,NaN,NaN,NaN,NaN,NaN,NaN,NaN,NaN,NaN,NaN,NaN,NaN,NaN,NaN,NaN,NaN,NaN,NaN,NaN,NaN,NaN,NaN,NaN,NaN,NaN
NaN,NaN,NaN,NaN,NaN,NaN,NaN,NaN,NaN,NaN,NaN,NaN,NaN,NaN,NaN,NaN,NaN,1.845112e-08,2.164774e-08,1.817803e-08,1.860888e-08,9.924332e-09,8.73862e-09,1.108491e-08,3.428037e-08,6.115819e-08,8.75788e-08,8.929867e-08,8.076855e-08,6.142814e-08,5.157532e-08,4.441536e-08,4.680234e-08,4.567567e-08,NaN,NaN,NaN,NaN,NaN,NaN,NaN,NaN,NaN,NaN,NaN,NaN,NaN,NaN,NaN,NaN,NaN,NaN,NaN,NaN,NaN,NaN,NaN,NaN,NaN,NaN,NaN,NaN,NaN,NaN,NaN,NaN,NaN,NaN,NaN,NaN,NaN,NaN,NaN,NaN,NaN,NaN,NaN,NaN,NaN,NaN,NaN,NaN,NaN,NaN,NaN,NaN,NaN,NaN,NaN,NaN,NaN,NaN,NaN,NaN,NaN,NaN,NaN,NaN,NaN,NaN
NaN,NaN,NaN,NaN,NaN,NaN,NaN,NaN,NaN,NaN,NaN,NaN,NaN,NaN,NaN,NaN,NaN,1.793584e-08,2.14727e-08,1.49638e-08,7.246756e-09,-1.15076e-08,-2.17958e-08,-1.390489e-08,4.117161e-08,1.1537e-07,1.79428e-07,1.862687e-07,1.550477e-07,1.046631e-07,7.411543e-08,5.26598e-08,5.055866e-08,4.957426e-08,NaN,NaN,NaN,NaN,NaN,NaN,NaN,NaN,NaN,NaN,NaN,NaN,NaN,NaN,NaN,NaN,NaN,NaN,NaN,NaN,NaN,NaN,NaN,NaN,NaN,NaN,NaN,NaN,NaN,NaN,NaN,NaN,NaN,NaN,NaN,NaN,NaN,NaN,NaN,NaN,NaN,NaN,NaN,NaN,NaN,NaN,NaN,NaN,NaN,NaN,NaN,NaN,NaN,NaN,NaN,NaN,NaN,NaN,NaN,NaN,NaN,NaN,NaN,NaN,NaN,NaN
NaN,NaN,NaN,NaN,NaN,NaN,NaN,NaN,NaN,NaN,NaN,NaN,NaN,NaN,NaN,NaN,1.915547e-08,1.852863e-08,1.661732e-08,-1.534676e-10,-2.972108e-08,-8.770307e-08,-1.279433e-07,-9.985812e-08,5.6637e-08,2.806053e-07,4.654194e-07,4.947831e-07,3.965818e-07,2.468666e-07,1.369307e-07,7.739528e-08,5.904144e-08,5.011875e-08,5.816459e-08,NaN,NaN,NaN,NaN,NaN,NaN,NaN,NaN,NaN,NaN,NaN,NaN,NaN,NaN,NaN,NaN,NaN,NaN,NaN,NaN,NaN,NaN,NaN,NaN,NaN,NaN,NaN,NaN,NaN,NaN,NaN,NaN,NaN,NaN,NaN,NaN,NaN,NaN,NaN,NaN,NaN,NaN,NaN,NaN,NaN,NaN,NaN,NaN,NaN,NaN,NaN,NaN,NaN,NaN,NaN,NaN,NaN,NaN,NaN,NaN,NaN,NaN,NaN,NaN,NaN
NaN,NaN,NaN,NaN,NaN,NaN,NaN,NaN,NaN,NaN,NaN,NaN,NaN,NaN,NaN,1.389897e-08,2.126669e-08,1.204612e-08,5.481305e-10,-5.583597e-08,-1.754128e-07,-3.682626e-07,-5.081035e-07,-3.942737e-07,8.967301e-08,7.636983e-07,1.3361e-06,1.502097e-06,1.240796e-06,7.598127e-07,3.781983e-07,1.637392e-07,8.315734e-08,5.963501e-08,5.574065e-08,6.141519e-08,NaN,NaN,NaN,NaN,NaN,NaN,NaN,NaN,NaN,NaN,NaN,NaN,NaN,NaN,NaN,NaN,NaN,NaN,NaN,NaN,NaN,NaN,NaN,NaN,NaN,NaN,NaN,NaN,NaN,NaN,NaN,NaN,NaN,NaN,NaN,NaN,NaN,NaN,NaN,NaN,NaN,NaN,NaN,NaN,NaN,NaN,NaN,NaN,NaN,NaN,NaN,NaN,NaN,NaN,NaN,NaN,NaN,NaN,NaN,NaN,NaN,NaN,NaN,NaN
NaN,NaN,NaN,NaN,NaN,NaN,NaN,NaN,NaN,NaN,NaN,NaN,NaN,NaN,NaN,1.786784e-08,1.318474e-08,-2.455859e-09,-7.485751e-08,-2.9227e-07,-7.695282e-07,-1.418956e-06,-1.699962e-06,-1.185062e-06,1.246e-07,1.787233e-06,3.291527e-06,4.065627e-06,3.809946e-06,2.649758e-06,1.352247e-06,5.271448e-07,1.940644e-07,8.050048e-08,6.671844e-08,5.595841e-08,NaN,NaN,NaN,NaN,NaN,NaN,NaN,NaN,NaN,NaN,NaN,NaN,NaN,NaN,NaN,NaN,NaN,NaN,NaN,NaN,NaN,NaN,NaN,NaN,NaN,NaN,NaN,NaN,NaN,NaN,NaN,NaN,NaN,NaN,NaN,NaN,NaN,NaN,NaN,NaN,NaN,NaN,NaN,NaN,NaN,NaN,NaN,NaN,NaN,NaN,NaN,NaN,NaN,NaN,NaN,NaN,NaN,NaN,NaN,NaN,NaN,NaN,NaN,NaN
NaN,NaN,NaN,NaN,NaN,NaN,NaN,NaN,NaN,NaN,NaN,NaN,NaN,NaN,2.018831e-08,8.172734e-09,2.122231e-09,-9.573024e-08,-4.159328e-07,-1.375229e-06,-2.986309e-06,-4.27408e-06,-4.152122e-06,-2.560015e-06,9.943169e-08,3.192176e-06,6.132068e-06,8.227562e-06,8.906057e-06,7.682234e-06,4.92966e-06,2.175991e-06,6.944534e-07,2.1278e-07,8.215061e-08,6.90159e-08,6.324518e-08,NaN,NaN,NaN,NaN,NaN,NaN,NaN,NaN,NaN,NaN,NaN,NaN,NaN,NaN,NaN,NaN,NaN,NaN,NaN,NaN,NaN,NaN,NaN,NaN,NaN,NaN,NaN,NaN,NaN,NaN,NaN,NaN,NaN,NaN,NaN,NaN,NaN,NaN,NaN,NaN,NaN,NaN,NaN,NaN,NaN,NaN,NaN,NaN,NaN,NaN,NaN,NaN,NaN,NaN,NaN,NaN,NaN,NaN,NaN,NaN,NaN,NaN,NaN
NaN,NaN,NaN,NaN,NaN,NaN,NaN,NaN,NaN,NaN,NaN,NaN,NaN,1.651636e-08,8.694078e-09,1.934844e-09,-1.047764e-07,-5.466307e-07,-2.158009e-06,-5.296034e-06,-8.145091e-06,-8.909121e-06,-7.46228e-06,-4.325122e-06,-4.013832e-08,4.717947e-06,9.351419e-06,1.314672e-05,1.547421e-05,1.561447e-05,1.308231e-05,8.063035e-06,3.22883e-06,8.520001e-07,2.297579e-07,7.697638e-08,7.792425e-08,6.526086e-08,NaN,NaN,NaN,NaN,NaN,NaN,NaN,NaN,NaN,NaN,NaN,NaN,NaN,NaN,NaN,NaN,NaN,NaN,NaN,NaN,NaN,NaN,NaN,NaN,NaN,NaN,NaN,NaN,NaN,NaN,NaN,NaN,NaN,NaN,NaN,NaN,NaN,NaN,NaN,NaN,NaN,NaN,NaN,NaN,NaN,NaN,NaN,NaN,NaN,NaN,NaN,NaN,NaN,NaN,NaN,NaN,NaN,NaN,NaN,NaN,NaN,NaN
NaN,NaN,NaN,NaN,NaN,NaN,NaN,NaN,NaN,NaN,NaN,NaN,NaN,2.809492e-09,8.044446e-09,-1.137283e-07,-6.570465e-07,-3.092382e-06,-8.271253e-06,-1.31754e-05,-1.524896e-05,-1.448326e-05,-1.133516e-05,-6.43316e-06,-3.309842e-07,6.285167e-06,1.280986e-05,1.851455e-05,2.276343e-05,2.481063e-05,2.401269e-05,1.96826e-05,1.200586e-05,4.429457e-06,9.95317e-07,2.337174e-07,7.873901e-08,8.292074e-08,NaN,NaN,NaN,NaN,NaN,NaN,NaN,NaN,NaN,NaN,NaN,NaN,NaN,NaN,NaN,NaN,NaN,NaN,NaN,NaN,NaN,NaN,NaN,NaN,NaN,NaN,NaN,NaN,NaN,NaN,NaN,NaN,NaN,NaN,NaN,NaN,NaN,NaN,NaN,NaN,NaN,NaN,NaN,NaN,NaN,NaN,NaN,NaN,NaN,NaN,NaN,NaN,NaN,NaN,NaN,NaN,NaN,NaN,NaN,NaN,NaN,NaN
NaN,NaN,NaN,NaN,NaN,NaN,NaN,NaN,NaN,NaN,NaN,NaN,2.130434e-09,8.931482e-09,-1.125157e-07,-7.50627e-07,-4.089476e-06,-1.183088e-05,-1.914538e-05,-2.303817e-05,-2.340857e-05,-2.082568e-05,-1.578884e-05,-8.931211e-06,-8.182749e-07,7.85488e-06,1.647308e-05,2.429773e-05,3.067981e-05,3.485596e-05,3.617489e-05,3.388196e-05,2.733725e-05,1.65641e-05,5.71324e-06,1.088229e-06,2.388841e-07,7.458952e-08,9.507216e-08,NaN,NaN,NaN,NaN,NaN,NaN,NaN,NaN,NaN,NaN,NaN,NaN,NaN,NaN,NaN,NaN,NaN,NaN,NaN,NaN,NaN,NaN,NaN,NaN,NaN,NaN,NaN,NaN,NaN,NaN,NaN,NaN,NaN,NaN,NaN,NaN,NaN,NaN,NaN,NaN,NaN,NaN,NaN,NaN,NaN,NaN,NaN,NaN,NaN,NaN,NaN,NaN,NaN,NaN,NaN,NaN,NaN,NaN,NaN,NaN,NaN
NaN,NaN,NaN,NaN,NaN,NaN,NaN,NaN,NaN,NaN,NaN,-4.973785e-09,1.570208e-08,-1.14089e-07,-8.101685e-07,-5.112711e-06,-1.578746e-05,-2.596952e-05,-3.207817e-05,-3.41388e-05,-3.259492e-05,-2.800852e-05,-2.088901e-05,-1.188318e-05,-1.562898e-06,9.369533e-06,2.02883e-05,3.044726e-05,3.918263e-05,4.572459e-05,4.939252e-05,4.941693e-05,4.515946e-05,3.587847e-05,2.159783e-05,6.932822e-06,1.177396e-06,2.377992e-07,7.633645e-08,1.031742e-07,NaN,NaN,NaN,NaN,NaN,NaN,NaN,NaN,NaN,NaN,NaN,NaN,NaN,NaN,NaN,NaN,NaN,NaN,NaN,NaN,NaN,NaN,NaN,NaN,NaN,NaN,NaN,NaN,NaN,NaN,NaN,NaN,NaN,NaN,NaN,NaN,NaN,NaN,NaN,NaN,NaN,NaN,NaN,NaN,NaN,NaN,NaN,NaN,NaN,NaN,NaN,NaN,NaN,NaN,NaN,NaN,NaN,NaN,NaN,NaN
NaN,NaN,NaN,NaN,NaN,NaN,NaN,NaN,NaN,NaN,-6.762409e-09,1.664831e-08,-1.087617e-07,-8.403857e-07,-6.090395e-06,-2.005909e-05,-3.347684e-05,-4.23002e-05,-4.648888e-05,-4.654639e-05,-4.289205e-05,-3.611197e-05,-2.672235e-05,-1.537487e-05,-2.648506e-06,1.074534e-05,2.417716e-05,3.688726e-05,4.820753e-05,5.734477e-05,6.361573e-05,6.622417e-05,6.449865e-05,5.770955e-05,4.52366e-05,2.692051e-05,8.233682e-06,1.200117e-06,2.394362e-07,7.46904e-08,1.193685e-07,NaN,NaN,NaN,NaN,NaN,NaN,NaN,NaN,NaN,NaN,NaN,NaN,NaN,NaN,NaN,NaN,NaN,NaN,NaN,NaN,NaN,NaN,NaN,NaN,NaN,NaN,NaN,NaN,NaN,NaN,NaN,NaN,NaN,NaN,NaN,NaN,NaN,NaN,NaN,NaN,NaN,NaN,NaN,NaN,NaN,NaN,NaN,NaN,NaN,NaN,NaN,NaN,NaN,NaN,NaN,NaN,NaN,NaN,NaN
NaN,NaN,NaN,NaN,NaN,NaN,NaN,NaN,NaN,-1.50052e-08,2.312534e-08,-1.097922e-07,-8.34783e-07,-6.973935e-06,-2.450203e-05,-4.161293e-05,-5.353992e-05,-6.038855e-05,-6.249195e-05,-6.034717e-05,-5.440235e-05,-4.52439e-05,-3.33965e-05,-1.951703e-05,-4.19218e-06,1.186674e-05,2.801747e-05,4.350167e-05,5.763176e-05,6.961667e-05,7.874057e-05,8.420362e-05,8.530447e-05,8.127905e-05,7.148775e-05,5.528728e-05,3.254352e-05,9.288531e-06,1.195034e-06,2.390473e-07,7.712989e-08,1.286384e-07,NaN,NaN,NaN,NaN,NaN,NaN,NaN,NaN,NaN,NaN,NaN,NaN,NaN,NaN,NaN,NaN,NaN,NaN,NaN,NaN,NaN,NaN,NaN,NaN,NaN,NaN,NaN,NaN,NaN,NaN,NaN,NaN,NaN,NaN,NaN,NaN,NaN,NaN,NaN,NaN,NaN,NaN,NaN,NaN,NaN,NaN,NaN,NaN,NaN,NaN,NaN,NaN,NaN,NaN,NaN,NaN,NaN,NaN
NaN,NaN,NaN,NaN,NaN,NaN,NaN,NaN,NaN,2.389307e-08,-1.067487e-07,-8.124019e-07,-7.740698e-06,-2.907759e-05,-5.022882e-05,-6.574486e-05,-7.566533e-05,-8.035404e-05,-8.018252e-05,-7.566286e-05,-6.724653e-05,-5.5534e-05,-4.105025e-05,-2.446003e-05,-6.346361e-06,1.256691e-05,3.164574e-05,5.011295e-05,6.729028e-05,8.235632e-05,9.460579e-05,0.000103197,0.0001074263,0.0001064768,9.97081e-05,8.63699e-05,6.600052e-05,3.824005e-05,1.025844e-05,1.166162e-06,2.50277e-07,8.097129e-08,NaN,NaN,NaN,NaN,NaN,NaN,NaN,NaN,NaN,NaN,NaN,NaN,NaN,NaN,NaN,NaN,NaN,NaN,NaN,NaN,NaN,NaN,NaN,NaN,NaN,NaN,NaN,NaN,NaN,NaN,NaN,NaN,NaN,NaN,NaN,NaN,NaN,NaN,NaN,NaN,NaN,NaN,NaN,NaN,NaN,NaN,NaN,NaN,NaN,NaN,NaN,NaN,NaN,NaN,NaN,NaN,NaN,NaN
NaN,NaN,NaN,NaN,NaN,NaN,NaN,NaN,2.989944e-08,-1.118572e-07,-7.7149e-07,-8.419122e-06,-3.372375e-05,-5.930318e-05,-7.875967e-05,-9.225325e-05,-9.994952e-05,-0.000102308,-9.969049e-05,-9.262464e-05,-8.157711e-05,-6.714506e-05,-4.986375e-05,-3.039124e-05,-9.321765e-06,1.263376e-05,3.482444e-05,5.648891e-05,7.69238e-05,9.532499e-05,0.0001109477,0.0001229635,0.0001306173,0.0001330952,0.0001296736,0.0001196345,0.0001023194,7.723871e-05,4.413168e-05,1.113165e-05,1.088714e-06,2.497007e-07,8.531956e-08,NaN,NaN,NaN,NaN,NaN,NaN,NaN,NaN,NaN,NaN,NaN,NaN,NaN,NaN,NaN,NaN,NaN,NaN,NaN,NaN,NaN,NaN,NaN,NaN,NaN,NaN,NaN,NaN,NaN,NaN,NaN,NaN,NaN,NaN,NaN,NaN,NaN,NaN,NaN,NaN,NaN,NaN,NaN,NaN,NaN,NaN,NaN,NaN,NaN,NaN,NaN,NaN,NaN,NaN,NaN,NaN,NaN
NaN,NaN,NaN,NaN,NaN,NaN,NaN,2.963625e-08,-1.128686e-07,-7.257237e-07,-9.025357e-06,-3.849141e-05,-6.87423e-05,-9.254993e-05,-0.0001099797,-0.0001211931,-0.00012652,-0.0001263752,-0.0001211564,-0.0001114013,-9.757259e-05,-8.028341e-05,-6.005578e-05,-3.756159e-05,-1.337513e-05,1.177393e-05,3.726084e-05,6.229814e-05,8.621183e-05,0.000108159,0.0001274261,0.0001431297,0.000154539,0.0001607617,0.0001611036,0.0001547032,0.000141002,0.0001191982,8.908266e-05,5.013886e-05,1.171502e-05,1.111605e-06,2.804757e-07,9.025566e-08,NaN,NaN,NaN,NaN,NaN,NaN,NaN,NaN,NaN,NaN,NaN,NaN,NaN,NaN,NaN,NaN,NaN,NaN,NaN,NaN,NaN,NaN,NaN,NaN,NaN,NaN,NaN,NaN,NaN,NaN,NaN,NaN,NaN,NaN,NaN,NaN,NaN,NaN,NaN,NaN,NaN,NaN,NaN,NaN,NaN,NaN,NaN,NaN,NaN,NaN,NaN,NaN,NaN,NaN,NaN,NaN
NaN,NaN,NaN,NaN,NaN,NaN,3.446387e-08,-1.220839e-07,-6.801328e-07,-9.579674e-06,-4.33632e-05,-7.857851e-05,-0.0001069873,-0.0001287812,-0.0001438841,-0.0001527027,-0.0001554826,-0.0001527012,-0.0001447531,-0.0001321798,-0.0001154598,-9.519065e-05,-7.190921e-05,-4.626498e-05,-1.884862e-05,9.640353e-06,3.855513e-05,6.714339e-05,9.470023e-05,0.000120421,0.0001435461,0.0001632281,0.000178672,0.0001890157,0.0001934626,0.000191199,0.000181476,0.0001636416,0.0001370515,0.0001014219,5.648728e-05,1.305907e-05,1.031159e-06,2.791437e-07,9.873605e-08,NaN,NaN,NaN,NaN,NaN,NaN,NaN,NaN,NaN,NaN,NaN,NaN,NaN,NaN,NaN,NaN,NaN,NaN,NaN,NaN,NaN,NaN,NaN,NaN,NaN,NaN,NaN,NaN,NaN,NaN,NaN,NaN,NaN,NaN,NaN,NaN,NaN,NaN,NaN,NaN,NaN,NaN,NaN,NaN,NaN,NaN,NaN,NaN,NaN,NaN,NaN,NaN,NaN,NaN,NaN
NaN,NaN,NaN,NaN,NaN,3.213016e-08,-1.26316e-07,-6.538525e-07,-1.018551e-05,-4.842677e-05,-8.873687e-05,-0.0001220546,-0.0001484817,-0.0001679131,-0.0001806101,-0.0001868517,-0.0001869776,-0.0001814464,-0.0001706668,-0.0001551941,-0.0001354895,-0.00011217,-8.57441e-05,-5.688011e-05,-2.61318e-05,5.778176e-06,3.824775e-05,7.049466e-05,0.000101864,0.000131509,0.0001587234,0.0001826002,0.0002023932,0.000217154,0.0002261358,0.0002283825,0.0002232262,0.0002097593,0.0001875433,0.0001557554,0.0001145674,6.334642e-05,1.347397e-05,1.054813e-06,3.239934e-07,1.051433e-07,NaN,NaN,NaN,NaN,NaN,NaN,NaN,NaN,NaN,NaN,NaN,NaN,NaN,NaN,NaN,NaN,NaN,NaN,NaN,NaN,NaN,NaN,NaN,NaN,NaN,NaN,NaN,NaN,NaN,NaN,NaN,NaN,NaN,NaN,NaN,NaN,NaN,NaN,NaN,NaN,NaN,NaN,NaN,NaN,NaN,NaN,NaN,NaN,NaN,NaN,NaN,NaN,NaN,NaN
NaN,NaN,NaN,NaN,3.448442e-08,-1.363666e-07,-6.459039e-07,-1.09099e-05,-5.37382e-05,-9.927279e-05,-0.0001376131,-0.0001689956,-0.0001930377,-0.0002100671,-0.0002201712,-0.0002237589,-0.0002211331,-0.0002127811,-0.0001991188,-0.0001806875,-0.0001579694,-0.0001315495,-0.0001019575,-6.982075e-05,-3.571613e-05,-3.155493e-07,3.575066e-05,7.175881e-05,0.0001070172,0.0001407439,0.0001721806,0.000200487,0.0002248436,0.0002443664,0.0002581952,0.0002654476,0.0002652669,0.0002568634,0.0002394606,0.0002125314,0.0001754597,0.0001282627,7.044747e-05,1.503676e-05,9.920167e-07,3.285846e-07,1.259406e-07,NaN,NaN,NaN,NaN,NaN,NaN,NaN,NaN,NaN,NaN,NaN,NaN,NaN,NaN,NaN,NaN,NaN,NaN,NaN,NaN,NaN,NaN,NaN,NaN,NaN,NaN,NaN,NaN,NaN,NaN,NaN,NaN,NaN,NaN,NaN,NaN,NaN,NaN,NaN,NaN,NaN,NaN,NaN,NaN,NaN,NaN,NaN,NaN,NaN,NaN,NaN,NaN,NaN
NaN,NaN,NaN,2.736264e-08,-1.405274e-07,-6.775273e-07,-1.18349e-05,-5.94094e-05,-0.0001101273,-0.0001536261,-0.0001900971,-0.0002190796,-0.0002407392,-0.0002551734,-0.0002626408,-0.0002634937,-0.0002580803,-0.0002468874,-0.0002303223,-0.0002089469,-0.0001832094,-0.0001537198,-0.0001209621,-8.55887e-05,-4.812071e-05,-9.258364e-06,3.043387e-05,7.019812e-05,0.0001094171,0.000147264,0.0001830616,0.0002159075,0.0002450641,0.0002695574,0.0002886106,0.0003011977,0.0003065593,0.0003036694,0.0002918995,0.000270306,0.0002386031,0.0001959341,0.0001428159,7.831201e-05,1.555777e-05,1.042346e-06,3.674431e-07,1.384798e-07,NaN,NaN,NaN,NaN,NaN,NaN,NaN,NaN,NaN,NaN,NaN,NaN,NaN,NaN,NaN,NaN,NaN,NaN,NaN,NaN,NaN,NaN,NaN,NaN,NaN,NaN,NaN,NaN,NaN,NaN,NaN,NaN,NaN,NaN,NaN,NaN,NaN,NaN,NaN,NaN,NaN,NaN,NaN,NaN,NaN,NaN,NaN,NaN,NaN,NaN,NaN,NaN
NaN,NaN,2.096419e-08,-1.445541e-07,-7.388285e-07,-1.306316e-05,-6.544798e-05,-0.0001213221,-0.0001699141,-0.0002116286,-0.0002456945,-0.000272325,-0.000291399,-0.0003032298,-0.0003079963,-0.0003061164,-0.0002979277,-0.000283917,-0.0002645085,-0.0002402314,-0.0002115609,-0.0001790579,-0.0001432344,-0.0001046833,-6.395506e-05,-2.167866e-05,2.154747e-05,6.504828e-05,0.0001081649,0.0001501642,0.0001903136,0.0002278119,0.0002618452,0.0002915442,0.0003160164,0.0003343488,0.0003455959,0.000348865,0.0003432217,0.0003279226,0.0003021382,0.0002654915,0.0002173106,0.0001580063,8.66326e-05,1.764146e-05,1.192812e-06,3.828223e-07,1.711617e-07,NaN,NaN,NaN,NaN,NaN,NaN,NaN,NaN,NaN,NaN,NaN,NaN,NaN,NaN,NaN,NaN,NaN,NaN,NaN,NaN,NaN,NaN,NaN,NaN,NaN,NaN,NaN,NaN,NaN,NaN,NaN,NaN,NaN,NaN,NaN,NaN,NaN,NaN,NaN,NaN,NaN,NaN,NaN,NaN,NaN,NaN,NaN,NaN,NaN,NaN,NaN
NaN,3.009709e-09,-1.372501e-07,-8.84651e-07,-1.460194e-05,-7.18883e-05,-0.0001327212,-0.0001863545,-0.0002332617,-0.0002725685,-0.0003043226,-0.0003283838,-0.0003449004,-0.0003540778,-0.0003561863,-0.0003516179,-0.0003407242,-0.0003239996,-0.0003018434,-0.000274807,-0.0002433197,-0.0002079685,-0.000169208,-0.0001276568,-8.3797e-05,-3.82854e-05,8.360135e-06,5.543272e-05,0.000102366,0.000148387,0.0001928668,0.0002349507,0.0002739351,0.0003088727,0.0003389867,0.0003632385,0.0003808065,0.0003905909,0.000391799,0.0003833418,0.0003646024,0.0003346022,0.000293159,0.0002394219,0.0001742506,9.63852e-05,2.018087e-05,1.432916e-06,3.998001e-07,2.094132e-07,NaN,NaN,NaN,NaN,NaN,NaN,NaN,NaN,NaN,NaN,NaN,NaN,NaN,NaN,NaN,NaN,NaN,NaN,NaN,NaN,NaN,NaN,NaN,NaN,NaN,NaN,NaN,NaN,NaN,NaN,NaN,NaN,NaN,NaN,NaN,NaN,NaN,NaN,NaN,NaN,NaN,NaN,NaN,NaN,NaN,NaN,NaN,NaN,NaN,NaN
-5.112483e-08,-1.245313e-07,-1.158412e-06,-1.69564e-05,-7.871148e-05,-0.0001442441,-0.0002026608,-0.0002546985,-0.0002991885,-0.0003362215,-0.0003654229,-0.0003869773,-0.0004008966,-0.0004075046,-0.0004070294,-0.000399892,-0.0003864411,-0.0003671552,-0.0003424491,-0.0003128334,-0.0002787601,-0.0002407617,-0.000199316,-0.0001549765,-0.000108249,-5.971315e-05,-9.912302e-06,4.053673e-05,9.103799e-05,0.0001409223,0.0001895225,0.0002360995,0.0002798965,0.0003200912,0.0003558224,0.0003861861,0.0004102185,0.0004269637,0.0004353901,0.0004345722,0.0004234909,0.0004014156,0.0003674555,0.0003213679,0.0002624459,0.0001916105,0.0001072742,2.386747e-05,1.88186e-06,3.922777e-07,2.764923e-07,NaN,NaN,NaN,NaN,NaN,NaN,NaN,NaN,NaN,NaN,NaN,NaN,NaN,NaN,NaN,NaN,NaN,NaN,NaN,NaN,NaN,NaN,NaN,NaN,NaN,NaN,NaN,NaN,NaN,NaN,NaN,NaN,NaN,NaN,NaN,NaN,NaN,NaN,NaN,NaN,NaN,NaN,NaN,NaN,NaN,NaN,NaN,NaN,NaN
-2.544597e-08,-1.668566e-06,-2.06039e-05,-8.624746e-05,-0.0001557898,-0.0002186272,-0.0002754662,-0.0003250456,-0.0003672767,-0.00040176,-0.000428498,-0.0004475092,-0.0004589527,-0.0004630913,-0.0004602004,-0.0004506835,-0.0004348863,-0.0004132907,-0.0003862811,-0.0003543813,-0.0003179972,-0.0002776766,-0.0002338417,-0.0001870602,-0.0001377719,-8.657032e-05,-3.392089e-05,1.954485e-05,7.332249e-05,0.0001267248,0.0001791906,0.0002299557,0.0002783811,0.0003236036,0.0003648918,0.0004012655,0.0004319003,0.0004557013,0.0004717819,0.0004789701,0.0004764083,0.0004629372,0.0004379119,0.0004003227,0.0003500747,0.0002863309,0.0002102218,0.0001198343,2.968625e-05,2.6875e-06,3.552021e-07,3.672832e-07,NaN,NaN,NaN,NaN,NaN,NaN,NaN,NaN,NaN,NaN,NaN,NaN,NaN,NaN,NaN,NaN,NaN,NaN,NaN,NaN,NaN,NaN,NaN,NaN,NaN,NaN,NaN,NaN,NaN,NaN,NaN,NaN,NaN,NaN,NaN,NaN,NaN,NaN,NaN,NaN,NaN,NaN,NaN,NaN,NaN,NaN,NaN,-7.542981e-08
-2.972261e-06,-2.68662e-05,-9.500766e-05,-0.0001675369,-0.000234009,-0.000295175,-0.0003494409,-0.0003967225,-0.0004363697,-0.0004684064,-0.0004926362,-0.000509256,-0.000518341,-0.0005202235,-0.0005151415,-0.0005035136,-0.0004856705,-0.0004620795,-0.0004331215,-0.000399289,-0.0003609886,-0.0003187274,-0.0002729266,-0.000224106,-0.0001727022,-0.0001192508,-6.421255e-05,-8.149332e-06,4.84404e-05,0.0001049526,0.000160831,0.0002154083,0.0002680464,0.0003179915,0.0003644978,0.0004067069,0.0004437453,0.0004746461,0.0004984094,0.0005139898,0.0005203029,0.0005163212,0.0005009787,0.0004734678,0.0004328979,0.0003790362,0.0003111988,0.0002304787,0.0001351568,3.929732e-05,4.143532e-06,2.728656e-07,4.767928e-07,NaN,NaN,NaN,NaN,NaN,NaN,NaN,NaN,NaN,NaN,NaN,NaN,NaN,NaN,NaN,NaN,NaN,NaN,NaN,NaN,NaN,NaN,NaN,NaN,NaN,NaN,NaN,NaN,NaN,NaN,NaN,NaN,NaN,NaN,NaN,NaN,NaN,NaN,NaN,NaN,NaN,NaN,NaN,NaN,NaN,-1.205223e-07,-4.703885e-08
-4.10057e-05,-0.0001072004,-0.0001798125,-0.0002488698,-0.0003133413,-0.0003717618,-0.0004235741,-0.0004681892,-0.0005053393,-0.0005348709,-0.0005567549,-0.0005711108,-0.0005780824,-0.0005779623,-0.0005710068,-0.0005576117,-0.0005380995,-0.0005129237,-0.0004824419,-0.0004471368,-0.000407384,-0.0003636788,-0.0003164076,-0.0002660737,-0.0002130736,-0.0001579222,-0.000101032,-4.293915e-05,1.591538e-05,7.495895e-05,0.0001337039,0.0001915192,0.0002478463,0.0003019693,0.0003532325,0.0004008063,0.0004439153,0.0004815944,0.0005129386,0.0005368477,0.0005523149,0.0005581498,0.0005533423,0.0005367303,0.000507513,0.0004647403,0.0004082062,0.0003373052,0.0002532575,0.0001549295,5.535437e-05,6.592769e-06,2.172603e-07,5.575427e-07,NaN,NaN,NaN,NaN,NaN,NaN,NaN,NaN,NaN,NaN,NaN,NaN,NaN,NaN,NaN,NaN,NaN,NaN,NaN,NaN,NaN,NaN,NaN,NaN,NaN,NaN,NaN,NaN,NaN,NaN,NaN,NaN,NaN,NaN,NaN,NaN,NaN,NaN,NaN,NaN,NaN,NaN,NaN,-1.80431e-07,7.311152e-08,-4.257141e-06
-0.0001214321,-0.0001937143,-0.0002631198,-0.0003297613,-0.0003912285,-0.0004469396,-0.0004959091,-0.000537896,-0.0005724722,-0.0005996464,-0.0006193119,-0.0006316617,-0.0006367915,-0.0006350204,-0.000626569,-0.000611835,-0.0005911114,-0.0005648404,-0.0005333534,-0.0004971151,-0.0004564739,-0.0004119052,-0.0003637635,-0.0003125303,-0.0002585646,-0.0002023556,-0.0001442714,-8.481705e-05,-2.438005e-05,3.650511e-05,9.741473e-05,0.0001577637,0.0002170701,0.000274671,0.0003299974,0.0003822795,0.0004308308,0.0004747446,0.0005131941,0.0005451184,0.0005695495,0.0005852926,0.0005912893,0.0005863052,0.0005693267,0.0005393027,0.000495506,0.0004374972,0.0003651484,0.0002795421,0.0001810273,7.956275e-05,1.029171e-05,3.241989e-07,6.053904e-07,NaN,NaN,NaN,NaN,NaN,NaN,NaN,NaN,NaN,NaN,NaN,NaN,NaN,NaN,NaN,NaN,NaN,NaN,NaN,NaN,NaN,NaN,NaN,NaN,NaN,NaN,NaN,NaN,NaN,NaN,NaN,NaN,NaN,NaN,NaN,NaN,NaN,NaN,NaN,NaN,NaN,-1.711984e-07,-2.474097e-08,-6.003392e-06,-5.031456e-05
-0.0002063004,-0.0002764526,-0.0003438396,-0.0004072562,-0.0004657299,-0.0005183169,-0.0005644332,-0.0006036793,-0.0006357985,-0.0006607233,-0.0006784203,-0.0006890362,-0.000692689,-0.0006896638,-0.0006801763,-0.0006645963,-0.000643198,-0.0006163993,-0.0005845056,-0.0005479587,-0.0005070785,-0.0004623153,-0.0004139948,-0.0003625685,-0.0003083654,-0.0002518389,-0.0001933238,-0.0001332811,-7.206069e-05,-1.014162e-05,5.209599e-05,0.000114138,0.0001755511,0.0002357626,0.0002942578,0.0003503759,0.0004034871,0.0004528107,0.0004975657,0.0005368249,0.0005696312,0.000594907,0.0006115305,0.0006183246,0.0006140942,0.0005977138,0.0005681587,0.0005246636,0.0004668677,0.0003948468,0.0003097949,0.0002128673,0.0001086071,1.583208e-05,8.931813e-07,5.338235e-07,5.370334e-07,NaN,NaN,NaN,NaN,NaN,NaN,NaN,NaN,NaN,NaN,NaN,NaN,NaN,NaN,NaN,NaN,NaN,NaN,NaN,NaN,NaN,NaN,NaN,NaN,NaN,NaN,NaN,NaN,NaN,NaN,NaN,NaN,NaN,NaN,NaN,NaN,NaN,-1.307348e-07,-1.368214e-07,-3.093346e-07,-8.849973e-06,-6.487031e-05,-0.0001343376
-0.0002872045,-0.0003546875,-0.0004188463,-0.0004789832,-0.0005340335,-0.0005834312,-0.0006265471,-0.0006631141,-0.0006928566,-0.000715742,-0.0007317312,-0.0007409567,-0.0007435362,-0.0007397133,-0.0007297068,-0.0007138305,-0.0006923647,-0.0006656636,-0.0006340418,-0.0005978733,-0.0005574885,-0.0005132689,-0.0004655492,-0.0004147115,-0.0003610914,-0.0003050694,-0.0002469837,-0.0001872174,-0.0001261169,-6.407662e-05,-1.462683e-06,6.130295e-05,0.0001238176,0.0001856095,0.0002462145,0.0003050825,0.0003616578,0.0004152749,0.0004652519,0.000510768,0.0005509816,0.0005848852,0.0006114658,0.0006295337,0.0006379462,0.0006354262,0.0006208575,0.0005931517,0.0005515569,0.0004957211,0.0004257034,0.000342364,0.0002463435,0.0001361947,2.687108e-05,2.803664e-06,3.059274e-07,6.22809e-07,NaN,NaN,NaN,NaN,NaN,NaN,NaN,NaN,NaN,NaN,NaN,NaN,NaN,NaN,NaN,NaN,NaN,NaN,NaN,NaN,NaN,NaN,NaN,NaN,NaN,NaN,NaN,NaN,NaN,NaN,NaN,NaN,NaN,NaN,NaN,-1.725631e-07,-2.265101e-08,-1.251615e-06,-1.423643e-05,-7.711782e-05,-0.0001477815,-0.0002178063
-0.0003610301,-0.0004249092,-0.0004854937,-0.000541831,-0.0005933201,-0.0006393341,-0.0006794492,-0.0007133721,-0.0007408899,-0.000761961,-0.000776539,-0.0007847564,-0.0007866859,-0.000782577,-0.0007725828,-0.0007570282,-0.0007361163,-0.0007102175,-0.0006795625,-0.0006445468,-0.0006054135,-0.0005625683,-0.0005162571,-0.0004668877,-0.0004147034,-0.0003601123,-0.0003033543,-0.0002448394,-0.000184808,-0.0001236782,-6.169919e-05,6.911731e-07,6.321992e-05,0.000125412,0.0001869503,0.0002472976,0.0003060652,0.0003626214,0.000416469,0.0004668424,0.0005130933,0.0005542801,0.0005895683,0.0006178132,0.0006379939,0.0006487852,0.0006490817,0.0006375157,0.0006131976,0.0005750076,0.0005227704,0.0004558125,0.0003744724,0.0002784708,0.0001658304,5.442512e-05,7.328351e-06,3.562634e-07,5.796563e-07,NaN,NaN,NaN,NaN,NaN,NaN,NaN,NaN,NaN,NaN,NaN,NaN,NaN,NaN,NaN,NaN,NaN,NaN,NaN,NaN,NaN,NaN,NaN,NaN,NaN,NaN,NaN,NaN,NaN,NaN,NaN,NaN,NaN,-1.597913e-07,-5.32071e-08,-3.322754e-06,-2.714382e-05,-8.841637e-05,-0.0001582518,-0.00022678,-0.0002946456
-0.0004244212,-0.0004842305,-0.0005404752,-0.0005928334,-0.0006404361,-0.0006830471,-0.000720097,-0.0007514951,-0.0007769233,-0.0007964378,-0.0008099065,-0.0008175034,-0.000819226,-0.0008153355,-0.000805916,-0.0007912893,-0.0007715937,-0.00074719,-0.0007182477,-0.0006851511,-0.0006480832,-0.0006074414,-0.0005634101,-0.0005163923,-0.000466568,-0.0004143421,-0.000359888,-0.0003036128,-0.0002456846,-0.0001865164,-0.0001262765,-6.539155e-05,-4.040981e-06,5.732194e-05,0.0001184899,0.0001789653,0.0002384887,0.0002964919,0.0003526304,0.0004062291,0.0004568141,0.0005035603,0.0005458128,0.0005825562,0.0006129093,0.0006356604,0.0006496973,0.0006537088,0.0006464479,0.0006267865,0.0005935262,0.0005460651,0.0004834155,0.0004053329,0.0003127241,0.0002075103,0.0001047322,1.559853e-05,1.463937e-06,2.750258e-07,6.543303e-07,NaN,NaN,NaN,NaN,NaN,NaN,NaN,NaN,NaN,NaN,NaN,NaN,NaN,NaN,NaN,NaN,NaN,NaN,NaN,NaN,NaN,NaN,NaN,NaN,NaN,NaN,NaN,NaN,NaN,-2.22388e-07,-6.541645e-08,-5.038173e-07,-6.758686e-06,-4.902336e-05,-0.0001039418,-0.0001673954,-0.0002325929,-0.0002978639,-0.0003621675
-0.0004743376,-0.0005292105,-0.0005809506,-0.0006288384,-0.000672538,-0.0007115515,-0.0007456433,-0.0007745275,-0.0007980932,-0.0008162272,-0.0008289334,-0.0008362274,-0.0008382056,-0.0008349745,-0.0008267001,-0.0008135492,-0.0007957378,-0.0007734693,-0.0007469942,-0.0007165342,-0.0006823632,-0.0006447076,-0.0006038562,-0.0005600304,-0.0005135285,-0.0004645622,-0.0004134365,-0.0003603511,-0.0003056185,-0.0002494265,-0.0001920981,-0.0001338137,-7.491434e-05,-1.558131e-05,4.381549e-05,0.0001030798,0.0001617964,0.0002197329,0.0002764033,0.000331508,0.0003844528,0.0004348262,0.0004818786,0.0005250298,0.000563324,0.0005959533,0.0006217291,0.0006395893,0.0006481734,0.0006462191,0.000632383,0.000605371,0.0005640239,0.0005077873,0.0004360857,0.0003523479,0.0002569185,0.0001509072,4.026705e-05,6.198272e-06,4.705422e-07,3.01385e-07,7.069683e-07,NaN,NaN,NaN,NaN,NaN,NaN,NaN,NaN,NaN,NaN,NaN,NaN,NaN,NaN,NaN,NaN,NaN,NaN,NaN,NaN,NaN,NaN,NaN,NaN,NaN,-2.977355e-07,-1.317168e-07,-1.55713e-07,-2.341977e-06,-1.637902e-05,-6.577293e-05,-0.0001202685,-0.0001770167,-0.0002360026,-0.0002967881,-0.0003573506,-0.0004167733
-0.0005077482,-0.0005574016,-0.0006041009,-0.0006474485,-0.000686999,-0.0007224617,-0.0007535423,-0.0007800566,-0.0008018519,-0.0008188465,-0.0008310079,-0.0008383399,-0.0008409061,-0.0008387745,-0.0008320833,-0.0008209446,-0.0008055522,-0.0007860454,-0.0007626594,-0.0007355462,-0.0007049714,-0.0006710888,-0.0006341855,-0.0005944088,-0.000552062,-0.0005072792,-0.0004603777,-0.0004114747,-0.0003609001,-0.0003087524,-0.0002553758,-0.0002008514,-0.0001455408,-8.951234e-05,-3.315254e-05,2.347597e-05,7.994998e-05,0.0001361987,0.000191744,0.0002464839,0.0002998552,0.0003516895,0.0004012932,0.0004483817,0.0004920682,0.0005318921,0.0005666967,0.0005957988,0.000617714,0.000631552,0.0006355096,0.0006285811,0.0006089356,0.000575581,0.0005280192,0.000465776,0.0003909213,0.0003024241,0.0002004009,0.0001054888,1.791068e-05,3.017327e-06,2.112889e-07,2.740954e-07,6.416319e-07,NaN,NaN,NaN,NaN,NaN,NaN,NaN,NaN,NaN,NaN,NaN,NaN,NaN,NaN,NaN,NaN,NaN,NaN,NaN,NaN,NaN,-3.465988e-07,-2.047912e-07,-1.427466e-07,-1.048338e-06,-6.385167e-06,-4.006638e-05,-8.158212e-05,-0.0001314694,-0.0001835153,-0.000236583,-0.0002915481,-0.0003467221,-0.0004018298,-0.0004556879
-0.0005226606,-0.0005667235,-0.0006082561,-0.000646867,-0.0006822407,-0.0007141051,-0.0007422168,-0.0007664196,-0.0007865501,-0.0008025533,-0.0008143432,-0.0008219484,-0.0008253501,-0.0008246423,-0.0008198606,-0.0008111478,-0.0007985816,-0.0007823391,-0.000762529,-0.000739351,-0.000712936,-0.0006834965,-0.0006511781,-0.0006161989,-0.000578713,-0.0005389388,-0.0004970349,-0.0004532165,-0.0004076436,-0.000360526,-0.0003120237,-0.0002623404,-0.0002116368,-0.0001601124,-0.0001079304,-5.529075e-05,-2.364623e-06,5.063988e-05,0.0001035323,0.0001560811,0.0002080563,0.0002591752,0.0003091356,0.000357559,0.0004040202,0.000447976,0.0004888101,0.0005257232,0.0005578409,0.0005840198,0.0006030913,0.0006135695,0.0006139911,0.0006029893,0.0005789706,0.0005418225,0.0004903603,0.0004247613,0.0003481723,0.0002602205,0.0001651114,6.937727e-05,1.143268e-05,2.409733e-06,2.457928e-08,4.852422e-08,4.584718e-07,NaN,NaN,NaN,NaN,NaN,NaN,NaN,NaN,NaN,NaN,NaN,NaN,NaN,NaN,NaN,NaN,NaN,-3.771847e-07,-2.413298e-07,-1.870561e-07,-8.474423e-07,-3.690666e-06,-2.294985e-05,-5.805305e-05,-9.773947e-05,-0.0001405055,-0.0001853737,-0.0002327207,-0.0002812919,-0.0003303654,-0.000379806,-0.0004286546,-0.0004764833
-0.0005181467,-0.0005565489,-0.000592782,-0.0006266693,-0.0006578268,-0.0006861306,-0.0007112887,-0.0007332316,-0.0007517502,-0.0007668335,-0.0007783441,-0.0007863272,-0.0007907054,-0.0007915738,-0.0007889025,-0.0007828282,-0.0007733576,-0.0007606607,-0.0007447707,-0.0007258834,-0.0007040501,-0.000679486,-0.0006522532,-0.0006225809,-0.0005905356,-0.000556356,-0.000520109,-0.0004820389,-0.0004422089,-0.0004008663,-0.0003580678,-0.0003140617,-0.0002688963,-0.0002228204,-0.0001758734,-0.0001283052,-8.01475e-05,-3.165496e-05,1.714366e-05,6.598068e-05,0.0001148181,0.0001633577,0.0002115288,0.0002589723,0.0003055417,0.0003507664,0.0003943523,0.0004356428,0.0004740966,0.0005087843,0.0005388137,0.0005628904,0.0005798168,0.0005878317,0.0005859434,0.0005720964,0.0005459707,0.0005065541,0.0004532881,0.0003889887,0.0003142386,0.0002277202,0.0001463654,5.947005e-05,1.07947e-05,3.283545e-06,2.182587e-07,-3.208798e-07,-4.095366e-08,1.569834e-07,NaN,NaN,NaN,NaN,NaN,NaN,NaN,NaN,NaN,NaN,NaN,-4.1679e-07,-3.606276e-07,-2.800598e-07,-3.663563e-07,-1.100107e-06,-3.195506e-06,-1.708871e-05,-4.451585e-05,-7.354157e-05,-0.0001079817,-0.0001445723,-0.0001829271,-0.0002235802,-0.0002653072,-0.0003079619,-0.0003510458,-0.0003940187,-0.0004364987,-0.000478038
-0.0004947842,-0.0005275569,-0.0005586455,-0.0005878411,-0.0006148985,-0.0006396656,-0.0006619391,-0.0006816219,-0.0006985572,-0.0007126977,-0.0007239342,-0.0007322636,-0.0007376225,-0.0007400452,-0.0007395096,-0.0007360806,-0.0007297721,-0.0007206727,-0.0007088262,-0.0006943389,-0.0006772798,-0.0006577669,-0.0006358891,-0.0006117712,-0.0005855178,-0.0005572561,-0.0005271021,-0.0004951818,-0.0004616191,-0.000426535,-0.0003900582,-0.0003523016,-0.0003133959,-0.0002734433,-0.0002325744,-0.0001908788,-0.0001484857,-0.0001054716,-6.196526e-05,-1.803314e-05,2.619134e-05,7.064196e-05,0.0001151676,0.0001596813,0.000203988,0.0002479384,0.000291247,0.0003336285,0.0003746344,0.0004137395,0.000450231,0.0004832478,0.0005116554,0.0005343532,0.0005496324,0.0005564924,0.0005530323,0.0005381403,0.0005116203,0.0004722754,0.000420597,0.0003602332,0.0002915524,0.0002131645,0.0001441404,7.692604e-05,1.749433e-05,5.139909e-06,2.21384e-06,1.772262e-08,-4.593718e-07,-5.344744e-07,-4.809849e-07,-4.33337e-07,-3.867663e-07,-4.022685e-07,-4.234896e-07,-4.566411e-07,-4.659791e-07,-4.67447e-07,-4.660502e-07,-5.217792e-07,-8.393923e-07,-1.453013e-06,-4.265082e-06,-1.855483e-05,-3.729969e-05,-5.786653e-05,-8.407863e-05,-0.0001122024,-0.0001421293,-0.0001745405,-0.0002084297,-0.0002434403,-0.0002794223,-0.0003159926,-0.0003526476,-0.0003892651,-0.0004253235,-0.0004606274
-0.0004546259,-0.0004820816,-0.0005082466,-0.0005329846,-0.0005560903,-0.0005774493,-0.0005968977,-0.0006143455,-0.0006296676,-0.0006428017,-0.0006536594,-0.0006622067,-0.0006683899,-0.000672202,-0.0006736206,-0.0006726636,-0.0006693362,-0.0006636778,-0.0006557175,-0.0006455126,-0.0006331126,-0.0006185889,-0.0006020077,-0.000583451,-0.0005629982,-0.0005407383,-0.0005167607,-0.0004911578,-0.0004640256,-0.0004354567,-0.0004055503,-0.0003743955,-0.0003420913,-0.0003087203,-0.0002743783,-0.0002391374,-0.0002030879,-0.000166289,-0.0001288234,-9.073656e-05,-5.210511e-05,-1.296353e-05,2.661016e-05,6.658351e-05,0.0001068582,0.0001473835,0.0001880009,0.0002286003,0.0002688948,0.0003086466,0.0003473437,0.0003845013,0.0004193245,0.0004508629,0.0004781309,0.0004996114,0.0005141259,0.0005203562,0.0005164123,0.0005022158,0.0004770261,0.0004400629,0.0003933273,0.0003398691,0.0002813285,0.0002166316,0.0001540969,0.0001085948,5.795273e-05,1.654718e-05,5.498761e-06,3.274986e-06,2.155078e-06,1.224352e-06,4.949154e-07,8.752113e-08,-9.150163e-08,-1.563947e-07,-2.139009e-07,-3.58845e-07,-7.302161e-07,-2.360383e-06,-8.952459e-06,-1.928074e-05,-2.99922e-05,-4.530216e-05,-6.438049e-05,-8.489183e-05,-0.0001074187,-0.0001321831,-0.0001586605,-0.000186376,-0.0002151718,-0.0002448933,-0.0002751068,-0.0003056459,-0.0003362784,-0.0003667046,-0.0003967303,-0.0004261177
-0.0004011021,-0.0004237012,-0.0004453657,-0.0004659772,-0.0004854013,-0.0005035418,-0.000520277,-0.0005355328,-0.0005492039,-0.0005612382,-0.0005715491,-0.0005801062,-0.0005868428,-0.0005917497,-0.0005947801,-0.0005959451,-0.0005952165,-0.0005926242,-0.0005881572,-0.0005818622,-0.0005737436,-0.0005638626,-0.0005522367,-0.0005389396,-0.0005239992,-0.0005074991,-0.0004894753,-0.0004700184,-0.0004491695,-0.0004270233,-0.000403623,-0.0003790639,-0.0003533882,-0.0003266886,-0.0002990022,-0.0002704157,-0.0002409579,-0.0002107058,-0.0001796767,-0.0001479357,-0.0001154867,-8.238309e-05,-4.86161e-05,-1.423305e-05,2.078142e-05,5.637059e-05,9.25401e-05,0.0001291895,0.0001662806,0.0002036111,0.0002410321,0.0002781706,0.0003146172,0.0003498209,0.0003828845,0.0004130775,0.0004390939,0.0004596299,0.0004738253,0.0004798255,0.0004766597,0.0004644386,0.0004423411,0.0004102448,0.0003707318,0.0003261173,0.000278527,0.0002304612,0.0001796668,0.0001322476,0.0001001436,7.898002e-05,6.026194e-05,4.178069e-05,2.723007e-05,1.861964e-05,1.427307e-05,1.188847e-05,9.539189e-06,6.054485e-06,1.220356e-06,-5.424428e-06,-1.511599e-05,-2.747947e-05,-4.106712e-05,-5.619892e-05,-7.331669e-05,-9.219718e-05,-0.0001125751,-0.0001341438,-0.0001567141,-0.000180237,-0.0002044302,-0.0002290698,-0.0002540444,-0.0002791697,-0.0003042325,-0.0003291374,-0.0003536705,-0.0003777154
-0.0003386064,-0.000356973,-0.0003746559,-0.0003916012,-0.0004076968,-0.0004228928,-0.0004370865,-0.000450235,-0.0004622457,-0.0004730854,-0.0004826725,-0.0004909853,-0.0004979544,-0.0005035705,-0.0005077773,-0.0005105783,-0.0005119303,-0.0005118502,-0.0005103074,-0.0005073312,-0.0005029034,-0.0004970648,-0.0004898083,-0.0004811853,-0.0004711983,-0.0004599073,-0.000447323,-0.000433512,-0.0004184909,-0.0004023307,-0.0003850514,-0.0003667255,-0.0003473735,-0.0003270666,-0.0003058223,-0.000283707,-0.0002607323,-0.000236956,-0.0002123802,-0.0001870513,-0.0001609593,-0.0001341367,-0.0001065613,-7.825076e-05,-4.917517e-05,-1.934023e-05,1.127831e-05,4.267526e-05,7.48418e-05,0.0001077458,0.0001413027,0.0001753823,0.000209799,0.0002441515,0.0002781586,0.0003110037,0.0003421184,0.0003705969,0.0003950551,0.0004147615,0.000428562,0.0004348024,0.0004332124,0.0004239021,0.0004063422,0.0003807699,0.0003491174,0.0003140684,0.0002767232,0.0002381801,0.0002020738,0.0001711577,0.0001440979,0.0001190368,9.65934e-05,7.79182e-05,6.296054e-05,5.07152e-05,4.002775e-05,2.980789e-05,1.933527e-05,8.04827e-06,-4.362021e-06,-1.795992e-05,-3.25564e-05,-4.816471e-05,-6.474147e-05,-8.216724e-05,-0.0001003127,-0.0001191848,-0.0001386283,-0.0001584804,-0.000178631,-0.0001990253,-0.0002194823,-0.0002399388,-0.0002602816,-0.0002804176,-0.0003002394,-0.000319676
-0.0002720448,-0.0002868521,-0.0003011632,-0.0003149578,-0.0003281562,-0.0003407391,-0.000352628,-0.0003638046,-0.0003741934,-0.0003837792,-0.000392491,-0.0004003178,-0.000407195,-0.0004131172,-0.0004180269,-0.0004219261,-0.0004247651,-0.0004265539,-0.0004272512,-0.0004268754,-0.0004253936,-0.0004228328,-0.0004191683,-0.0004144353,-0.0004086164,-0.0004017544,-0.0003938384,-0.0003849174,-0.0003749856,-0.0003640965,-0.0003522478,-0.0003394952,-0.0003258378,-0.0003113313,-0.0002959732,-0.0002798166,-0.0002628546,-0.0002451345,-0.0002266423,-0.0002074167,-0.000187433,-0.0001667197,-0.0001452387,-0.0001230081,-9.997458e-05,-7.614942e-05,-5.146471e-05,-2.593549e-05,5.135938e-07,2.784431e-05,5.611404e-05,8.524343e-05,0.000115186,0.0001458379,0.0001768973,0.0002081873,0.0002391722,0.0002692039,0.0002978807,0.000323976,0.0003465686,0.0003650971,0.0003782985,0.0003849767,0.000385151,0.0003789591,0.0003663939,0.0003476782,0.0003238695,0.0002965289,0.0002678667,0.0002396369,0.0002127907,0.0001872829,0.0001629421,0.0001400196,0.0001189503,9.98438e-05,8.251413e-05,6.648134e-05,5.12107e-05,3.617899e-05,2.105354e-05,5.669426e-06,-9.932191e-06,-2.575066e-05,-4.180122e-05,-5.814602e-05,-7.472054e-05,-9.145855e-05,-0.0001082877,-0.00012522,-0.0001421578,-0.0001590571,-0.0001758596,-0.0001925369,-0.0002090052,-0.000225251,-0.000241196,-0.0002568185
-0.0002063257,-0.0002182356,-0.0002297755,-0.0002409442,-0.0002516953,-0.0002620254,-0.0002718842,-0.0002812675,-0.0002901221,-0.0002984445,-0.0003061802,-0.0003133271,-0.0003198311,-0.0003256927,-0.0003308596,-0.0003353358,-0.0003390721,-0.0003420768,-0.0003443053,-0.0003457703,-0.0003464324,-0.0003463096,-0.0003453678,-0.0003436302,-0.0003410684,-0.0003377106,-0.0003335333,-0.0003285693,-0.0003227995,-0.0003162602,-0.0003089355,-0.0003008639,-0.0002920313,-0.0002824768,-0.000272186,-0.0002611967,-0.0002494922,-0.0002371067,-0.0002240188,-0.0002102567,-0.0001957926,-0.0001806457,-0.0001647803,-0.0001482042,-0.000130874,-0.0001127833,-9.388456e-05,-7.4156e-05,-5.355342e-05,-3.204504e-05,-9.598697e-06,1.379626e-05,3.81741e-05,6.342677e-05,8.961464e-05,0.0001164409,0.0001438276,0.0001714946,0.0001988153,0.0002255086,0.000250967,0.0002740531,0.0002942457,0.0003110121,0.0003232813,0.0003302219,0.0003317708,0.0003282293,0.0003198343,0.0003068397,0.0002899416,0.0002704045,0.0002494063,0.0002276545,0.0002056801,0.0001838395,0.0001625206,0.0001419887,0.000122436,0.0001038292,8.606847e-05,6.89418e-05,5.232485e-05,3.606306e-05,2.008917e-05,4.316068e-06,-1.123506e-05,-2.658259e-05,-4.171059e-05,-5.667786e-05,-7.145043e-05,-8.602676e-05,-0.0001003783,-0.0001145308,-0.0001284367,-0.0001421122,-0.0001555188,-0.0001686712,-0.0001815234,-0.0001940905
-0.0001459286,-0.0001555054,-0.0001647859,-0.0001738006,-0.0001825073,-0.0001909306,-0.0001990265,-0.000206814,-0.0002142478,-0.0002213425,-0.000228052,-0.0002343877,-0.0002403032,-0.0002458083,-0.000250857,-0.0002554587,-0.0002595682,-0.000263196,-0.0002662986,-0.000268888,-0.0002709232,-0.0002724187,-0.000273336,-0.0002736929,-0.0002734536,-0.0002726392,-0.000271217,-0.0002692111,-0.0002665913,-0.0002633847,-0.0002595632,-0.0002551558,-0.0002501359,-0.0002445334,-0.0002383219,-0.0002315311,-0.0002241337,-0.0002161574,-0.0002075724,-0.0001984032,-0.0001886154,-0.0001782294,-0.0001672036,-0.0001555538,-0.0001432289,-0.0001302407,-0.0001165256,-0.0001020943,-8.686913e-05,-7.086349e-05,-5.399322e-05,-3.626742e-05,-1.764115e-05,1.920453e-06,2.234646e-05,4.369308e-05,6.583179e-05,8.855705e-05,0.0001119067,0.0001353528,0.0001585345,0.0001812617,0.0002028239,0.0002223438,0.0002394955,0.00025383,0.0002646795,0.0002713678,0.0002737604,0.0002720209,0.000266559,0.0002577074,0.0002460476,0.0002321811,0.0002166541,0.0001999143,0.0001824428,0.0001646346,0.0001468596,0.0001293354,0.0001122256,9.556163e-05,7.937118e-05,6.362424e-05,4.835086e-05,3.352249e-05,1.913731e-05,5.132737e-06,-8.477652e-06,-2.171561e-05,-3.456984e-05,-4.709636e-05,-5.92761e-05,-7.114459e-05,-8.268849e-05,-9.394606e-05,-0.0001048996,-0.0001155785,-0.0001259673,-0.0001360925
-9.447581e-05,-0.0001021193,-0.0001095346,-0.000116745,-0.0001237339,-0.0001305227,-0.0001370884,-0.0001434513,-0.0001495827,-0.0001555014,-0.0001611744,-0.0001666191,-0.0001717989,-0.0001767301,-0.0001813739,-0.0001857456,-0.0001898051,-0.0001935671,-0.0001969912,-0.0002000921,-0.0002028296,-0.0002052189,-0.0002072207,-0.0002088511,-0.000210072,-0.0002109009,-0.0002113013,-0.0002112917,-0.0002108372,-0.000209958,-0.0002086205,-0.0002068458,-0.0002046016,-0.0002019096,-0.000198738,-0.0001951087,-0.0001909896,-0.0001864021,-0.0001813129,-0.0001757417,-0.0001696539,-0.0001630656,-0.0001559404,-0.0001482894,-0.0001400744,-0.0001312988,-0.0001219245,-0.0001119442,-0.0001013214,-9.003826e-05,-7.805767e-05,-6.536743e-05,-5.190277e-05,-3.771281e-05,-2.267133e-05,-6.902867e-06,9.669861e-06,2.702658e-05,4.493916e-05,6.343776e-05,8.239549e-05,0.0001012942,0.000119997,0.0001382989,0.0001555787,0.0001711931,0.0001848305,0.0001962373,0.0002050589,0.0002108873,0.0002135296,0.0002130657,0.0002097437,0.0002038234,0.0001957143,0.0001857777,0.0001744165,0.0001619585,0.0001487683,0.0001351153,0.0001212783,0.0001074258,9.373909e-05,8.028946e-05,6.716092e-05,5.435889e-05,4.194771e-05,2.992871e-05,1.833083e-05,7.105361e-06,-3.729439e-06,-1.420367e-05,-2.430947e-05,-3.409371e-05,-4.354564e-05,-5.270887e-05,-6.157004e-05,-7.017822e-05,-7.851278e-05,-8.66175e-05
-5.430009e-05,-6.027218e-05,-6.606153e-05,-7.171263e-05,-7.719641e-05,-8.255217e-05,-8.77506e-05,-9.282563e-05,-9.774731e-05,-0.0001025449,-0.0001071875,-0.0001117005,-0.0001160516,-0.0001202632,-0.0001243016,-0.000128187,-0.0001318842,-0.0001354117,-0.0001387334,-0.0001418667,-0.0001447746,-0.0001474739,-0.0001499271,-0.000152151,-0.0001541078,-0.0001558145,-0.0001572332,-0.0001583817,-0.0001592222,-0.000159773,-0.0001599967,-0.0001599122,-0.0001594827,-0.0001587273,-0.0001576097,-0.0001561492,-0.0001543096,-0.0001521102,-0.0001495146,-0.0001465419,-0.0001431546,-0.0001393719,-0.0001351539,-0.0001305202,-0.0001254273,-0.0001198959,-0.0001138764,-0.0001073924,-0.0001003863,-9.288455e-05,-8.482559e-05,-7.622625e-05,-6.705107e-05,-5.726714e-05,-4.690466e-05,-3.589281e-05,-2.42515e-05,-1.206252e-05,8.323914e-07,1.42111e-05,2.799757e-05,4.226013e-05,5.675913e-05,7.110064e-05,8.523869e-05,9.898638e-05,0.0001119597,0.0001236432,0.0001337674,0.0001421286,0.000148619,0.0001530187,0.0001552689,0.0001553796,0.0001534743,0.0001497002,0.0001443158,0.0001375582,0.000129721,0.0001210345,0.0001117588,0.0001020723,9.217015e-05,8.21716e-05,7.222899e-05,6.241241e-05,5.28057e-05,4.341281e-05,3.429119e-05,2.544412e-05,1.690616e-05,8.640168e-06,6.714067e-07,-7.034974e-06,-1.446339e-05,-2.165525e-05,-2.85994e-05,-3.533098e-05,-4.184262e-05,-4.817121e-05
-2.610981e-05,-3.056004e-05,-3.489128e-05,-3.912938e-05,-4.326093e-05,-4.731241e-05,-5.126604e-05,-5.514881e-05,-5.893891e-05,-6.266318e-05,-6.629637e-05,-6.986463e-05,-7.333988e-05,-7.674721e-05,-8.005614e-05,-8.329048e-05,-8.641787e-05,-8.946081e-05,-9.238537e-05,-9.521275e-05,-9.79079e-05,-0.0001004907,-0.0001029254,-0.0001052309,-0.0001073707,-0.0001093629,-0.0001111709,-0.0001128121,-0.0001142497,-0.0001155009,-0.0001165287,-0.0001173503,-0.0001179288,-0.0001182815,-0.0001183717,-0.0001182167,-0.0001177801,-0.0001170795,-0.0001160787,-0.0001147953,-0.0001131939,-0.0001112916,-0.0001090542,-0.0001064973,-0.0001035889,-0.0001003417,-9.672759e-05,-9.275457e-05,-8.839891e-05,-8.36644e-05,-7.852754e-05,-7.300024e-05,-6.703375e-05,-6.068549e-05,-5.385384e-05,-4.663399e-05,-3.895304e-05,-3.0793e-05,-2.226689e-05,-1.329476e-05,-3.847479e-06,5.827789e-06,1.578179e-05,2.60388e-05,3.637118e-05,4.649927e-05,5.635323e-05,6.584333e-05,7.477961e-05,8.284859e-05,8.981817e-05,9.553504e-05,9.993111e-05,0.0001029048,0.0001044799,0.0001046674,0.0001035709,0.0001012709,9.793379e-05,9.368663e-05,8.872039e-05,8.316656e-05,7.720653e-05,7.094311e-05,6.450911e-05,5.796358e-05,5.141701e-05,4.49139e-05,3.852679e-05,3.224913e-05,2.61302e-05,2.016509e-05,1.438542e-05,8.763966e-06,3.326566e-06,-1.958369e-06,-7.067732e-06,-1.204237e-05,-1.685772e-05,-2.155264e-05
-8.846016e-06,-1.192698e-05,-1.493145e-05,-1.789945e-05,-2.080058e-05,-2.367202e-05,-2.648495e-05,-2.927341e-05,-3.200949e-05,-3.472441e-05,-3.739042e-05,-4.003637e-05,-4.26342e-05,-4.521076e-05,-4.773715e-05,-5.023856e-05,-5.268511e-05,-5.51005e-05,-5.745374e-05,-5.976729e-05,-6.200886e-05,-6.420001e-05,-6.630711e-05,-6.835092e-05,-7.029674e-05,-7.216452e-05,-7.391868e-05,-7.557859e-05,-7.710795e-05,-7.852565e-05,-7.979485e-05,-8.093425e-05,-8.190668e-05,-8.273079e-05,-8.336936e-05,-8.384105e-05,-8.410889e-05,-8.419192e-05,-8.405341e-05,-8.371325e-05,-8.313486e-05,-8.233955e-05,-8.129051e-05,-8.001147e-05,-7.846463e-05,-7.66775e-05,-7.460998e-05,-7.229464e-05,-6.968848e-05,-6.68284e-05,-6.367279e-05,-6.025108e-05,-5.654619e-05,-5.254806e-05,-4.828736e-05,-4.372724e-05,-3.887426e-05,-3.380161e-05,-2.836971e-05,-2.271655e-05,-1.685781e-05,-1.069145e-05,-4.287871e-06,2.165106e-06,8.754356e-06,1.547684e-05,2.221991e-05,2.875283e-05,3.500323e-05,4.089314e-05,4.63883e-05,5.132014e-05,5.559259e-05,5.909607e-05,6.178796e-05,6.360723e-05,6.45845e-05,6.472813e-05,6.412152e-05,6.281036e-05,6.090355e-05,5.846133e-05,5.559527e-05,5.23657e-05,4.888787e-05,4.521446e-05,4.143151e-05,3.755467e-05,3.365521e-05,2.975068e-05,2.589587e-05,2.207531e-05,1.833302e-05,1.46522e-05,1.1065e-05,7.545667e-06,4.119525e-06,7.618126e-07,-2.507732e-06,-5.718588e-06
4.556628e-08,-1.858804e-06,-3.733464e-06,-5.600623e-06,-7.441725e-06,-9.280957e-06,-1.109722e-05,-1.291632e-05,-1.471481e-05,-1.651943e-05,-1.830473e-05,-2.009775e-05,-2.187144e-05,-2.365264e-05,-2.54129e-05,-2.717854e-05,-2.891995e-05,-3.066264e-05,-3.237595e-05,-3.408446e-05,-3.575662e-05,-3.741585e-05,-3.902992e-05,-4.062108e-05,-4.215635e-05,-4.365704e-05,-4.508944e-05,-4.647402e-05,-4.777648e-05,-4.901658e-05,-5.015958e-05,-5.122465e-05,-5.217689e-05,-5.303521e-05,-5.376455e-05,-5.438388e-05,-5.485834e-05,-5.520713e-05,-5.539605e-05,-5.544467e-05,-5.532004e-05,-5.504195e-05,-5.457965e-05,-5.39528e-05,-5.3134e-05,-5.214203e-05,-5.095431e-05,-4.958801e-05,-4.802589e-05,-4.628469e-05,-4.434832e-05,-4.224398e-05,-3.993554e-05,-3.748853e-05,-3.482823e-05,-3.204387e-05,-2.908847e-05,-2.595617e-05,-2.272988e-05,-1.936011e-05,-1.579932e-05,-1.221345e-05,-8.533001e-06,-4.696693e-06,-7.876995e-07,3.063797e-06,6.901025e-06,1.07488e-05,1.458576e-05,1.828147e-05,2.176213e-05,2.4965e-05,2.788078e-05,3.043084e-05,3.260931e-05,3.436004e-05,3.568897e-05,3.655725e-05,3.699752e-05,3.700065e-05,3.66255e-05,3.588363e-05,3.485017e-05,3.354225e-05,3.202621e-05,3.031101e-05,2.846707e-05,2.651091e-05,2.450055e-05,2.242541e-05,2.033285e-05,1.821924e-05,1.612254e-05,1.402339e-05,1.195642e-05,9.898911e-06,7.882511e-06,5.876776e-06,3.912949e-06,1.961222e-06
3.983761e-06,2.972032e-06,1.977371e-06,9.639758e-07,-3.608376e-08,-1.05656e-06,-2.067306e-06,-3.099924e-06,-4.125608e-06,-5.174138e-06,-6.217434e-06,-7.28382e-06,-8.345423e-06,-9.429387e-06,-1.050767e-05,-1.160646e-05,-1.269727e-05,-1.380543e-05,-1.490181e-05,-1.6011e-05,-1.710303e-05,-1.820194e-05,-1.92767e-05,-2.035083e-05,-2.139242e-05,-2.242433e-05,-2.341389e-05,-2.438335e-05,-2.529933e-05,-2.618362e-05,-2.700224e-05,-2.77767e-05,-2.847258e-05,-2.911124e-05,-2.965816e-05,-3.013471e-05,-3.050654e-05,-3.079545e-05,-3.096737e-05,-3.104513e-05,-3.099499e-05,-3.084155e-05,-3.055131e-05,-3.015163e-05,-2.960887e-05,-2.895446e-05,-2.815399e-05,-2.724399e-05,-2.618941e-05,-2.503094e-05,-2.373725e-05,-2.234297e-05,-2.08394e-05,-1.923073e-05,-1.754519e-05,-1.577136e-05,-1.391286e-05,-1.204572e-05,-1.00637e-05,-8.07727e-06,-6.098899e-06,-4.05774e-06,-1.981278e-06,1.240439e-09,1.980721e-06,3.985582e-06,5.99413e-06,7.890754e-06,9.691489e-06,1.139736e-05,1.305867e-05,1.461375e-05,1.605571e-05,1.733852e-05,1.846447e-05,1.938848e-05,2.012888e-05,2.065701e-05,2.100198e-05,2.114224e-05,2.111331e-05,2.089949e-05,2.053961e-05,2.002377e-05,1.940281e-05,1.867336e-05,1.787804e-05,1.699843e-05,1.607676e-05,1.510618e-05,1.41263e-05,1.311255e-05,1.210165e-05,1.107291e-05,1.005729e-05,9.029734e-06,8.017694e-06,6.997847e-06,5.994339e-06,4.980144e-06
6.369246e-06,5.936693e-06,5.513041e-06,5.075458e-06,4.644122e-06,4.194544e-06,3.749143e-06,3.282023e-06,2.817542e-06,2.328908e-06,1.841957e-06,1.329476e-06,8.185078e-07,2.818133e-07,-2.526937e-07,-8.120206e-07,-1.367474e-06,-1.945628e-06,-2.51714e-06,-3.107973e-06,-3.68831e-06,-4.283278e-06,-4.862682e-06,-5.450839e-06,-6.017046e-06,-6.584964e-06,-7.123394e-06,-7.655331e-06,-8.149139e-06,-8.627296e-06,-9.057857e-06,-9.462834e-06,-9.810133e-06,-1.012153e-05,-1.036493e-05,-1.056217e-05,-1.068138e-05,-1.074463e-05,-1.072079e-05,-1.063224e-05,-1.044921e-05,-1.019445e-05,-9.840362e-06,-9.409847e-06,-8.878536e-06,-8.269055e-06,-7.561514e-06,-6.778028e-06,-5.90336e-06,-4.960691e-06,-3.935493e-06,-2.861558e-06,-1.708031e-06,-5.403351e-07,7.004544e-07,1.933485e-06,3.190696e-06,4.467303e-06,5.69924e-06,6.907193e-06,8.133958e-06,9.24649e-06,1.029727e-05,1.132928e-05,1.230145e-05,1.312277e-05,1.384707e-05,1.450877e-05,1.513381e-05,1.56588e-05,1.607876e-05,1.638068e-05,1.660753e-05,1.673467e-05,1.679889e-05,1.677847e-05,1.670304e-05,1.654518e-05,1.633478e-05,1.604837e-05,1.572012e-05,1.533023e-05,1.491701e-05,1.446074e-05,1.399226e-05,1.348662e-05,1.298005e-05,1.245774e-05,1.195246e-05,1.14345e-05,1.093337e-05,1.042929e-05,9.949239e-06,9.465412e-06,9.005528e-06,8.54179e-06,8.101997e-06,7.654314e-06,7.227293e-06,6.791086e-06
9.835142e-06,9.674131e-06,9.540002e-06,9.396702e-06,9.274369e-06,9.139158e-06,9.019826e-06,8.884606e-06,8.761294e-06,8.619799e-06,8.487353e-06,8.335156e-06,8.190349e-06,8.025102e-06,7.866636e-06,7.687906e-06,7.516487e-06,7.325942e-06,7.144326e-06,6.945704e-06,6.758759e-06,6.557885e-06,6.372543e-06,6.177439e-06,6.002671e-06,5.823363e-06,5.670164e-06,5.518582e-06,5.399776e-06,5.289543e-06,5.219415e-06,5.165344e-06,5.159193e-06,5.176951e-06,5.250448e-06,5.355542e-06,5.523927e-06,5.730958e-06,6.008042e-06,6.329541e-06,6.726507e-06,7.171607e-06,7.695645e-06,8.268758e-06,8.921746e-06,9.621122e-06,1.039802e-05,1.121468e-05,1.21021e-05,1.301938e-05,1.39933e-05,1.498844e-05,1.601198e-05,1.705255e-05,1.808914e-05,1.911899e-05,2.014393e-05,2.109103e-05,2.204381e-05,2.29103e-05,2.367941e-05,2.439302e-05,2.503934e-05,2.551228e-05,2.588248e-05,2.616719e-05,2.636598e-05,2.639578e-05,2.628523e-05,2.604131e-05,2.572669e-05,2.531244e-05,2.482459e-05,2.424643e-05,2.361181e-05,2.290326e-05,2.216167e-05,2.137516e-05,2.058486e-05,1.977556e-05,1.898447e-05,1.81924e-05,1.743163e-05,1.668098e-05,1.597688e-05,1.530011e-05,1.467958e-05,1.408396e-05,1.354144e-05,1.303012e-05,1.257813e-05,1.215184e-05,1.177846e-05,1.142907e-05,1.112826e-05,1.084547e-05,1.060377e-05,1.037522e-05,1.018167e-05,9.992822e-06
1.5822e-05,1.571168e-05,1.563808e-05,1.557598e-05,1.554515e-05,1.551912e-05,1.551981e-05,1.551974e-05,1.554263e-05,1.556039e-05,1.559813e-05,1.562753e-05,1.567478e-05,1.571158e-05,1.576494e-05,1.580685e-05,1.586493e-05,1.591156e-05,1.597491e-05,1.602785e-05,1.609892e-05,1.616167e-05,1.624486e-05,1.632268e-05,1.642424e-05,1.652423e-05,1.665208e-05,1.678293e-05,1.694649e-05,1.711827e-05,1.732815e-05,1.755193e-05,1.781951e-05,1.81068e-05,1.844363e-05,1.880577e-05,1.922274e-05,1.967011e-05,2.017662e-05,2.071756e-05,2.13204e-05,2.196011e-05,2.266226e-05,2.340166e-05,2.420107e-05,2.503545e-05,2.59239e-05,2.684151e-05,2.780381e-05,2.878446e-05,2.979899e-05,3.081145e-05,3.185101e-05,3.285644e-05,3.387772e-05,3.484398e-05,3.578078e-05,3.667773e-05,3.748861e-05,3.821669e-05,3.890106e-05,3.943217e-05,3.984968e-05,4.017737e-05,4.039288e-05,4.041957e-05,4.030187e-05,4.005869e-05,3.972084e-05,3.923999e-05,3.862597e-05,3.786857e-05,3.70165e-05,3.605612e-05,3.503417e-05,3.394076e-05,3.281847e-05,3.165293e-05,3.048528e-05,2.930161e-05,2.814311e-05,2.699511e-05,2.589833e-05,2.483478e-05,2.383633e-05,2.287782e-05,2.199225e-05,2.116015e-05,2.041084e-05,1.97125e-05,1.90907e-05,1.852067e-05,1.802609e-05,1.757599e-05,1.719473e-05,1.685143e-05,1.657101e-05,1.631978e-05,1.612331e-05,1.595016e-05
2.462224e-05,2.442878e-05,2.429064e-05,2.417209e-05,2.410183e-05,2.404605e-05,2.403228e-05,2.40285e-05,2.406144e-05,2.41005e-05,2.417204e-05,2.42466e-05,2.435041e-05,2.445485e-05,2.458634e-05,2.471691e-05,2.487331e-05,2.502806e-05,2.520832e-05,2.538704e-05,2.55919e-05,2.57961e-05,2.602794e-05,2.626084e-05,2.65236e-05,2.678995e-05,2.708909e-05,2.739498e-05,2.773717e-05,2.808981e-05,2.848273e-05,2.889009e-05,2.934189e-05,2.981224e-05,3.03311e-05,3.087236e-05,3.146578e-05,3.208474e-05,3.275876e-05,3.346025e-05,3.421844e-05,3.500427e-05,3.584678e-05,3.671475e-05,3.763719e-05,3.857992e-05,3.957217e-05,4.057645e-05,4.162159e-05,4.266802e-05,4.374059e-05,4.480482e-05,4.586936e-05,4.691884e-05,4.794078e-05,4.892438e-05,4.987747e-05,5.073365e-05,5.156178e-05,5.228537e-05,5.289811e-05,5.34225e-05,5.385743e-05,5.411362e-05,5.424646e-05,5.426082e-05,5.416395e-05,5.388639e-05,5.345448e-05,5.286536e-05,5.217345e-05,5.135303e-05,5.043327e-05,4.939803e-05,4.828428e-05,4.707729e-05,4.582062e-05,4.450494e-05,4.317504e-05,4.181971e-05,4.048082e-05,3.914385e-05,3.784622e-05,3.657068e-05,3.535646e-05,3.418665e-05,3.309372e-05,3.205007e-05,3.108588e-05,3.017948e-05,2.936018e-05,2.859644e-05,2.791588e-05,2.728975e-05,2.674308e-05,2.624544e-05,2.582015e-05,2.54385e-05,2.512281e-05,2.484208e-05
3.570999e-05,3.539774e-05,3.514287e-05,3.491977e-05,3.474935e-05,3.460475e-05,3.450853e-05,3.443282e-05,3.440158e-05,3.438635e-05,3.441222e-05,3.44505e-05,3.452703e-05,3.461315e-05,3.473541e-05,3.486531e-05,3.502988e-05,3.520094e-05,3.540592e-05,3.561706e-05,3.586206e-05,3.611367e-05,3.639975e-05,3.669358e-05,3.702323e-05,3.736235e-05,3.773924e-05,3.812786e-05,3.855665e-05,3.899982e-05,3.948592e-05,3.998933e-05,4.05385e-05,4.110782e-05,4.172563e-05,4.236619e-05,4.305745e-05,4.377345e-05,4.454145e-05,4.533519e-05,4.618081e-05,4.705186e-05,4.797284e-05,4.891715e-05,4.990698e-05,5.09159e-05,5.19632e-05,5.302246e-05,5.411038e-05,5.51991e-05,5.630585e-05,5.739469e-05,5.849426e-05,5.954874e-05,6.060231e-05,6.159342e-05,6.254539e-05,6.344447e-05,6.426036e-05,6.498619e-05,6.5659e-05,6.618852e-05,6.66078e-05,6.692718e-05,6.713738e-05,6.717232e-05,6.70692e-05,6.683348e-05,6.649492e-05,6.601019e-05,6.539263e-05,6.462601e-05,6.375324e-05,6.275745e-05,6.168098e-05,6.05108e-05,5.928747e-05,5.799579e-05,5.667621e-05,5.531481e-05,5.395291e-05,5.257675e-05,5.12279e-05,4.989054e-05,4.859971e-05,4.733394e-05,4.612868e-05,4.496644e-05,4.387971e-05,4.284101e-05,4.187884e-05,4.097051e-05,4.014274e-05,3.936721e-05,3.867042e-05,3.802354e-05,3.745298e-05,3.692722e-05,3.647267e-05,3.605934e-05
4.820088e-05,4.778056e-05,4.742357e-05,4.709634e-05,4.682775e-05,4.658558e-05,4.639757e-05,4.623277e-05,4.611806e-05,4.602354e-05,4.597571e-05,4.594545e-05,4.595906e-05,4.598804e-05,4.605879e-05,4.614325e-05,4.626801e-05,4.640539e-05,4.658227e-05,4.677121e-05,4.699953e-05,4.723992e-05,4.752017e-05,4.781312e-05,4.814686e-05,4.849447e-05,4.888431e-05,4.928958e-05,4.973886e-05,5.020543e-05,5.071805e-05,5.124992e-05,5.182988e-05,5.243096e-05,5.308195e-05,5.375563e-05,5.448056e-05,5.522902e-05,5.60293e-05,5.685284e-05,5.77277e-05,5.862406e-05,5.956978e-05,6.053328e-05,6.154243e-05,6.256328e-05,6.362387e-05,6.468772e-05,6.578245e-05,6.687025e-05,6.797527e-05,6.906438e-05,7.014881e-05,7.121038e-05,7.224462e-05,7.323566e-05,7.419644e-05,7.506774e-05,7.590808e-05,7.665357e-05,7.730391e-05,7.786835e-05,7.835392e-05,7.868562e-05,7.890947e-05,7.902172e-05,7.903499e-05,7.888976e-05,7.861065e-05,7.818681e-05,7.766465e-05,7.701755e-05,7.62733e-05,7.541176e-05,7.446681e-05,7.341993e-05,7.231037e-05,7.112428e-05,6.990272e-05,6.863129e-05,6.734967e-05,6.604186e-05,6.474488e-05,6.344125e-05,6.216987e-05,6.091411e-05,5.97083e-05,5.852774e-05,5.740477e-05,5.631919e-05,5.530273e-05,5.432736e-05,5.342313e-05,5.256386e-05,5.177715e-05,5.103509e-05,5.036357e-05,4.973553e-05,4.917581e-05,4.865513e-05
6.120058e-05,6.071447e-05,6.028519e-05,5.988767e-05,5.954479e-05,5.923023e-05,5.896802e-05,5.873088e-05,5.854382e-05,5.837893e-05,5.826201e-05,5.816484e-05,5.811377e-05,5.808053e-05,5.80919e-05,5.811969e-05,5.819098e-05,5.82778e-05,5.84075e-05,5.855236e-05,5.873988e-05,5.894273e-05,5.918848e-05,5.945016e-05,5.975547e-05,6.007765e-05,6.044452e-05,6.082953e-05,6.126056e-05,6.171119e-05,6.220927e-05,6.272846e-05,6.329647e-05,6.38869e-05,6.452727e-05,6.519102e-05,6.590525e-05,6.664319e-05,6.743129e-05,6.824251e-05,6.910236e-05,6.998358e-05,7.091028e-05,7.185511e-05,7.284036e-05,7.383876e-05,7.487038e-05,7.590788e-05,7.696948e-05,7.802655e-05,7.909811e-05,8.014901e-05,8.12076e-05,8.222336e-05,8.323619e-05,8.419244e-05,8.511486e-05,8.598701e-05,8.679197e-05,8.751648e-05,8.819601e-05,8.875579e-05,8.922561e-05,8.960629e-05,8.989857e-05,9.004544e-05,9.008007e-05,8.999866e-05,8.983034e-05,8.953553e-05,8.913023e-05,8.859389e-05,8.796432e-05,8.722114e-05,8.640185e-05,8.548898e-05,8.451904e-05,8.347327e-05,8.238845e-05,8.12472e-05,8.008747e-05,7.889258e-05,7.770125e-05,7.649598e-05,7.531117e-05,7.412542e-05,7.29737e-05,7.183808e-05,7.075175e-05,6.968935e-05,6.868096e-05,6.770485e-05,6.678983e-05,6.590973e-05,6.509302e-05,6.43129e-05,6.359752e-05,6.291786e-05,6.23017e-05,6.172103e-05
7.401231e-05,7.349365e-05,7.303165e-05,7.259473e-05,7.22122e-05,7.185342e-05,7.154664e-05,7.126213e-05,7.102738e-05,7.08134e-05,7.064719e-05,7.050033e-05,7.039966e-05,7.031718e-05,7.027966e-05,7.02594e-05,7.028331e-05,7.032391e-05,7.040831e-05,7.05092e-05,7.065393e-05,7.081524e-05,7.102086e-05,7.124355e-05,7.151128e-05,7.179687e-05,7.212847e-05,7.247899e-05,7.287665e-05,7.329436e-05,7.37604e-05,7.424754e-05,7.478407e-05,7.534258e-05,7.59512e-05,7.658222e-05,7.726355e-05,7.7967e-05,7.872021e-05,7.949425e-05,8.031653e-05,8.115703e-05,8.204298e-05,8.294292e-05,8.388409e-05,8.483315e-05,8.581743e-05,8.680173e-05,8.781291e-05,8.881501e-05,8.983201e-05,9.083191e-05,9.182863e-05,9.280168e-05,9.375357e-05,9.466484e-05,9.55523e-05,9.636337e-05,9.71486e-05,9.785377e-05,9.848444e-05,9.903999e-05,9.953355e-05,9.990185e-05,0.000100185,0.000100373,0.0001004827,0.0001004629,0.0001003377,0.0001000913,9.976464e-05,9.93306e-05,9.881628e-05,9.819889e-05,9.750995e-05,9.67279e-05,9.588825e-05,9.497305e-05,9.401942e-05,9.300932e-05,9.197926e-05,9.09103e-05,8.983734e-05,8.874069e-05,8.765705e-05,8.656784e-05,8.550676e-05,8.444943e-05,8.342813e-05,8.242207e-05,8.146351e-05,8.052575e-05,7.963958e-05,7.877993e-05,7.797567e-05,7.720026e-05,7.648124e-05,7.579251e-05,7.516069e-05,7.455779e-05
8.61689e-05,8.56465e-05,8.517359e-05,8.472512e-05,8.432553e-05,8.39487e-05,8.36199e-05,8.331218e-05,8.305151e-05,8.281041e-05,8.261533e-05,8.243852e-05,8.230687e-05,8.219248e-05,8.212254e-05,8.206918e-05,8.205981e-05,8.206669e-05,8.211738e-05,8.218436e-05,8.229524e-05,8.242275e-05,8.259455e-05,8.278358e-05,8.301758e-05,8.326963e-05,8.356747e-05,8.388433e-05,8.424793e-05,8.463154e-05,8.506279e-05,8.551495e-05,8.601549e-05,8.653758e-05,8.710842e-05,8.770096e-05,8.834206e-05,8.900442e-05,8.971427e-05,9.044411e-05,9.121931e-05,9.201211e-05,9.284679e-05,9.369545e-05,9.458094e-05,9.547537e-05,9.639985e-05,9.732643e-05,9.82749e-05,9.921617e-05,0.0001001709,0.0001011049,0.0001020459,0.0001029484,0.0001038486,0.0001046993,0.0001055235,0.000106302,0.0001070288,0.0001076862,0.0001083078,0.0001088311,0.0001092844,0.000109661,0.0001099692,0.0001101594,0.0001102627,0.0001102686,0.0001102058,0.0001100381,0.0001097843,0.0001094213,0.0001089836,0.0001084488,0.0001078513,0.0001071705,0.0001064403,0.0001056393,0.0001048016,0.0001039069,0.0001029905,0.0001020327,0.0001010697,0.0001000817,9.91016e-05,9.810706e-05,9.713165e-05,9.615577e-05,9.521202e-05,9.42754e-05,9.337623e-05,9.249231e-05,9.165306e-05,9.08329e-05,9.006106e-05,8.931154e-05,8.861313e-05,8.793816e-05,8.731498e-05,8.671657e-05
9.739595e-05,9.687942e-05,9.641204e-05,9.596355e-05,9.556321e-05,9.518146e-05,9.48467e-05,9.453e-05,9.425914e-05,9.400568e-05,9.379701e-05,9.360511e-05,9.345717e-05,9.332543e-05,9.323706e-05,9.316452e-05,9.313505e-05,9.312126e-05,9.315051e-05,9.319553e-05,9.328387e-05,9.338828e-05,9.353653e-05,9.370137e-05,9.391074e-05,9.413742e-05,9.440946e-05,9.469961e-05,9.503596e-05,9.539122e-05,9.579347e-05,9.621526e-05,9.668463e-05,9.717393e-05,9.771097e-05,9.826782e-05,9.887206e-05,9.949529e-05,0.0001001648,0.0001008517,0.0001015828,0.0001023283,0.0001031151,0.0001039121,0.000104746,0.0001055843,0.0001064539,0.0001073207,0.0001082112,0.0001090909,0.0001099841,0.0001108592,0.0001117329,0.0001125824,0.0001134161,0.0001142117,0.0001149888,0.0001157006,0.000116391,0.000117013,0.0001175772,0.0001180753,0.0001185246,0.0001188715,0.0001191516,0.0001193503,0.0001194875,0.0001195184,0.0001194679,0.0001193164,0.0001191011,0.0001187947,0.0001184246,0.0001179664,0.0001174504,0.0001168533,0.0001162084,0.0001154949,0.0001147475,0.0001139456,0.0001131234,0.0001122599,0.0001113883,0.0001104872,0.0001095912,0.0001086799,0.000107786,0.000106885,0.0001060085,0.0001051346,0.0001042954,0.0001034645,0.0001026727,0.000101895,0.0001011607,0.0001004437,9.977232e-05,9.912068e-05,9.851631e-05,9.793178e-05
0.0001075292,0.0001070246,0.0001065642,0.0001061226,0.0001057253,0.0001053461,0.0001050111,0.0001046933,0.0001044194,0.0001041619,0.0001039478,0.0001037494,0.000103594,0.0001034538,0.0001033562,0.0001032736,0.0001032334,0.0001032081,0.0001032253,0.0001032576,0.0001033325,0.000103423,0.0001035565,0.0001037061,0.0001038994,0.0001041094,0.0001043638,0.0001046356,0.0001049524,0.0001052874,0.0001056681,0.0001060673,0.0001065126,0.0001069767,0.0001074867,0.0001080153,0.0001085892,0.0001091808,0.0001098163,0.0001104678,0.0001111608,0.0001118672,0.0001126116,0.0001133657,0.0001141529,0.0001149449,0.0001157639,0.0001165813,0.0001174183,0.0001182456,0.000119085,0.0001199032,0.0001207274,0.0001215162,0.0001223027,0.0001230447,0.0001237653,0.0001244429,0.0001250804,0.0001256563,0.0001262022,0.0001266655,0.0001270735,0.000127413,0.0001276981,0.0001278854,0.0001280042,0.0001280391,0.0001280185,0.0001279087,0.0001277311,0.0001274611,0.0001271313,0.0001267178,0.0001262531,0.0001257148,0.0001251353,0.0001244914,0.0001238159,0.0001230866,0.0001223369,0.0001215455,0.0001207464,0.0001199184,0.0001190934,0.0001182483,0.0001174155,0.0001165741,0.0001157559,0.000114936,0.0001141447,0.0001133591,0.0001126087,0.0001118683,0.0001111672,0.0001104796,0.0001098347,0.0001092053,0.0001086201,0.0001080525
0.0001164601,0.0001159638,0.0001155119,0.0001150753,0.000114683,0.0001143063,0.0001139733,0.0001136558,0.0001133816,0.0001131226,0.0001129063,0.000112705,0.000112546,0.0001124016,0.0001122993,0.0001122114,0.0001121654,0.000112134,0.0001121444,0.0001121695,0.0001122368,0.0001123191,0.000112444,0.0001125843,0.0001127678,0.0001129673,0.0001132106,0.0001134703,0.0001137745,0.0001140957,0.0001144617,0.000114845,0.0001152733,0.000115719,0.0001162095,0.0001167168,0.0001172682,0.0001178353,0.0001184451,0.0001190685,0.0001197325,0.0001204071,0.000121119,0.0001218374,0.0001225889,0.0001233415,0.0001241217,0.0001248966,0.0001256921,0.0001264751,0.0001272698,0.0001280453,0.0001288203,0.0001295699,0.0001303075,0.0001310081,0.0001316932,0.0001323209,0.0001329291,0.0001334766,0.0001339783,0.0001344191,0.0001348193,0.0001351329,0.0001353924,0.0001355788,0.0001357143,0.0001357595,0.0001357397,0.0001356329,0.000135473,0.0001352331,0.0001349408,0.0001345708,0.0001341531,0.0001336631,0.000133133,0.0001325403,0.0001319179,0.0001312438,0.0001305507,0.0001298164,0.0001290731,0.0001282981,0.0001275249,0.0001267316,0.0001259503,0.0001251564,0.0001243811,0.0001236018,0.0001228498,0.0001220993,0.000121381,0.0001206697,0.0001199951,0.0001193312,0.0001187066,0.0001180956,0.0001175262,0.0001169714
0.0001240935,0.0001236044,0.0001231566,0.0001227244,0.0001223341,0.0001219595,0.000121627,0.0001213098,0.0001210347,0.0001207747,0.0001205566,0.0001203532,0.0001201916,0.0001200444,0.0001199388,0.0001198475,0.0001197978,0.0001197623,0.0001197686,0.0001197892,0.0001198518,0.000119929,0.0001200485,0.000120183,0.0001203603,0.0001205532,0.0001207892,0.0001210413,0.000121337,0.0001216491,0.0001220051,0.0001223777,0.0001227942,0.0001232272,0.0001237036,0.0001241959,0.0001247308,0.0001252804,0.0001258708,0.000126474,0.0001271155,0.000127767,0.0001284533,0.0001291458,0.0001298685,0.0001305926,0.0001313411,0.0001320851,0.0001328468,0.0001335965,0.0001343569,0.0001350957,0.0001358392,0.0001365495,0.0001372567,0.0001379227,0.0001385707,0.0001391763,0.0001397497,0.0001402664,0.0001407559,0.0001411734,0.0001415453,0.0001418529,0.0001421145,0.0001422918,0.0001424129,0.000142458,0.0001424551,0.0001423727,0.0001422344,0.0001420147,0.0001417447,0.0001413997,0.0001410108,0.0001405546,0.0001400623,0.0001395102,0.0001389297,0.0001382981,0.0001376474,0.0001369552,0.0001362543,0.0001355224,0.000134791,0.0001340365,0.0001332908,0.0001325317,0.0001317907,0.000131043,0.0001303188,0.0001295948,0.0001289006,0.000128211,0.0001275555,0.0001269085,0.0001262992,0.000125701,0.0001251426,0.0001245976
0.0001303403,0.000129854,0.0001294094,0.0001289783,0.0001285894,0.0001282145,0.0001278818,0.0001275634,0.0001272871,0.0001270252,0.0001268051,0.0001265993,0.0001264351,0.0001262851,0.0001261767,0.0001260824,0.0001260296,0.000125991,0.0001259939,0.0001260111,0.0001260702,0.0001261437,0.0001262594,0.0001263899,0.0001265629,0.0001267512,0.0001269824,0.0001272291,0.0001275191,0.0001278249,0.0001281742,0.0001285393,0.0001289477,0.0001293716,0.0001298384,0.00013032,0.0001308434,0.0001313801,0.000131957,0.0001325451,0.0001331709,0.000133805,0.0001344734,0.000135146,0.0001358487,0.0001365505,0.0001372771,0.0001379967,0.0001387347,0.000139459,0.0001401936,0.0001409079,0.0001416226,0.0001423106,0.0001429893,0.0001436313,0.0001442592,0.0001448353,0.0001453922,0.000145893,0.0001463563,0.000146761,0.0001471294,0.0001474219,0.0001476683,0.0001478455,0.0001479775,0.0001480293,0.0001480267,0.0001479456,0.0001478175,0.0001476156,0.0001473677,0.0001470484,0.000146687,0.000146259,0.0001457953,0.0001452727,0.0001447229,0.000144123,0.0001435048,0.0001428453,0.0001421762,0.0001414744,0.0001407722,0.0001400469,0.0001393303,0.0001385978,0.0001378804,0.0001371549,0.0001364522,0.0001357471,0.0001350699,0.0001343956,0.0001337537,0.0001331187,0.0001325193,0.0001319299,0.0001313787,0.0001308393
0.0001351139,0.0001346297,0.0001341855,0.0001337551,0.0001333655,0.00013299,0.0001326559,0.0001323361,0.0001320578,0.0001317938,0.0001315714,0.0001313632,0.0001311964,0.0001310438,0.0001309327,0.0001308357,0.0001307801,0.0001307387,0.0001307388,0.0001307532,0.0001308094,0.00013088,0.0001309927,0.0001311202,0.00013129,0.000131475,0.0001317026,0.0001319456,0.0001322315,0.000132533,0.0001328775,0.0001332374,0.0001336401,0.000134058,0.000134518,0.0001349923,0.0001355075,0.0001360356,0.0001366028,0.0001371808,0.0001377953,0.0001384176,0.000139073,0.0001397323,0.0001404202,0.0001411074,0.0001418176,0.0001425213,0.0001432417,0.0001439487,0.0001446656,0.0001453608,0.0001460595,0.0001467267,0.0001473899,0.0001480139,0.0001486224,0.0001491878,0.0001497267,0.0001502116,0.0001506696,0.0001510628,0.0001514165,0.000151707,0.000151956,0.0001521293,0.0001522541,0.0001523067,0.0001523145,0.0001522481,0.0001521328,0.0001519426,0.0001517076,0.0001514023,0.0001510572,0.000150648,0.0001502053,0.0001497051,0.0001491784,0.0001486017,0.0001480066,0.00014737,0.0001467238,0.0001460453,0.0001453655,0.000144661,0.000143963,0.0001432488,0.0001425493,0.0001418401,0.0001411516,0.0001404597,0.0001397944,0.0001391305,0.0001384976,0.0001378703,0.0001372776,0.0001366935,0.0001361467,0.0001356108
0.0001383416,0.0001378577,0.000137414,0.0001369829,0.0001365928,0.0001362162,0.000135881,0.0001355595,0.0001352796,0.0001350138,0.0001347894,0.0001345791,0.0001344103,0.0001342556,0.0001341423,0.0001340431,0.0001339853,0.0001339417,0.0001339397,0.0001339519,0.000134006,0.0001340744,0.000134185,0.0001343102,0.0001344778,0.0001346604,0.0001348856,0.0001351261,0.0001354093,0.0001357079,0.0001360493,0.0001364059,0.000136805,0.0001372188,0.0001376745,0.000138144,0.0001386542,0.0001391766,0.0001397379,0.0001403092,0.0001409168,0.0001415313,0.0001421788,0.0001428293,0.0001435083,0.0001441855,0.000144886,0.0001455788,0.0001462887,0.0001469844,0.00014769,0.0001483745,0.0001490603,0.0001497179,0.0001503683,0.0001509819,0.0001515818,0.0001521341,0.0001526662,0.0001531446,0.0001535911,0.0001539791,0.0001543323,0.0001546165,0.0001548591,0.0001550332,0.0001551642,0.0001552208,0.0001552296,0.0001551643,0.0001550544,0.0001548733,0.0001546492,0.0001543566,0.0001540251,0.0001536296,0.0001532008,0.0001527147,0.0001522027,0.0001516411,0.0001510615,0.0001504403,0.0001498092,0.0001491447,0.0001484786,0.0001477877,0.0001471032,0.0001464012,0.0001457125,0.0001450133,0.0001443344,0.0001436508,0.0001429929,0.0001423355,0.0001417082,0.0001410857,0.0001404968,0.0001399159,0.0001393715,0.0001388372
0.0001399695,0.0001394858,0.0001390418,0.0001386106,0.0001382199,0.0001378427,0.0001375066,0.0001371844,0.0001369035,0.0001366365,0.0001364111,0.0001361996,0.0001360297,0.0001358737,0.0001357592,0.0001356588,0.0001355998,0.000135555,0.0001355518,0.0001355628,0.0001356157,0.000135683,0.0001357924,0.0001359164,0.0001360828,0.0001362642,0.0001364882,0.0001367273,0.0001370092,0.0001373063,0.0001376461,0.000138001,0.0001383983,0.0001388102,0.0001392637,0.0001397309,0.0001402385,0.0001407582,0.0001413165,0.0001418847,0.0001424888,0.0001430997,0.0001437431,0.0001443895,0.000145064,0.0001457366,0.000146432,0.00014712,0.0001478245,0.0001485149,0.0001492151,0.0001498937,0.0001505747,0.0001512259,0.0001518717,0.0001524798,0.0001530738,0.000153623,0.0001541497,0.0001546234,0.0001550686,0.0001554532,0.0001558019,0.000156086,0.0001563297,0.000156503,0.000156632,0.0001566891,0.0001567016,0.0001566414,0.000156536,0.0001563589,0.0001561392,0.0001558514,0.0001555252,0.000155136,0.0001547141,0.0001542354,0.000153731,0.000153177,0.0001526048,0.0001519911,0.0001513675,0.0001507105,0.0001500516,0.0001493673,0.0001486888,0.0001479926,0.0001473096,0.0001466155,0.000145941,0.0001452616,0.0001446073,0.000143953,0.0001433284,0.0001427081,0.0001421211,0.0001415415,0.0001409982,0.0001404648
0.0001399695,0.0001394858,0.0001390418,0.0001386106,0.0001382199,0.0001378427,0.0001375066,0.0001371844,0.0001369035,0.0001366365,0.0001364111,0.0001361996,0.0001360297,0.0001358737,0.0001357592,0.0001356587,0.0001355998,0.000135555,0.0001355518,0.0001355628,0.0001356157,0.000135683,0.0001357924,0.0001359164,0.0001360828,0.0001362642,0.0001364882,0.0001367273,0.0001370092,0.0001373063,0.0001376461,0.000138001,0.0001383983,0.0001388102,0.0001392637,0.0001397309,0.0001402385,0.0001407582,0.0001413165,0.0001418847,0.0001424888,0.0001430997,0.0001437431,0.0001443895,0.000145064,0.0001457366,0.000146432,0.00014712,0.0001478245,0.0001485149,0.0001492151,0.0001498937,0.0001505747,0.0001512259,0.0001518717,0.0001524798,0.0001530738,0.000153623,0.0001541497,0.0001546234,0.0001550686,0.0001554532,0.0001558019,0.000156086,0.0001563297,0.000156503,0.000156632,0.0001566891,0.0001567016,0.0001566414,0.000156536,0.0001563589,0.0001561392,0.0001558514,0.0001555252,0.000155136,0.0001547141,0.0001542354,0.000153731,0.000153177,0.0001526048,0.0001519911,0.0001513675,0.0001507105,0.0001500516,0.0001493673,0.0001486888,0.0001479926,0.0001473096,0.0001466155,0.000145941,0.0001452616,0.0001446073,0.000143953,0.0001433284,0.0001427081,0.0001421211,0.0001415415,0.0001409982,0.0001404648
0.0001383416,0.0001378577,0.0001374139,0.0001369829,0.0001365928,0.0001362162,0.000135881,0.0001355595,0.0001352796,0.0001350138,0.0001347894,0.0001345791,0.0001344103,0.0001342556,0.0001341423,0.0001340431,0.0001339853,0.0001339417,0.0001339397,0.0001339519,0.000134006,0.0001340744,0.000134185,0.0001343102,0.0001344778,0.0001346604,0.0001348856,0.0001351261,0.0001354093,0.0001357079,0.0001360493,0.0001364059,0.000136805,0.0001372188,0.0001376745,0.000138144,0.0001386541,0.0001391766,0.0001397379,0.0001403092,0.0001409168,0.0001415313,0.0001421788,0.0001428293,0.0001435083,0.0001441855,0.000144886,0.0001455788,0.0001462887,0.0001469844,0.00014769,0.0001483745,0.0001490603,0.0001497179,0.0001503683,0.0001509819,0.0001515818,0.0001521341,0.0001526662,0.0001531446,0.0001535911,0.0001539791,0.0001543323,0.0001546165,0.0001548591,0.0001550332,0.0001551642,0.0001552208,0.0001552296,0.0001551643,0.0001550544,0.0001548733,0.0001546492,0.0001543566,0.0001540251,0.0001536296,0.0001532008,0.0001527147,0.0001522027,0.0001516411,0.0001510615,0.0001504403,0.0001498092,0.0001491447,0.0001484786,0.0001477877,0.0001471032,0.0001464012,0.0001457125,0.0001450133,0.0001443344,0.0001436508,0.0001429929,0.0001423355,0.0001417082,0.0001410857,0.0001404968,0.0001399159,0.0001393715,0.0001388372
0.0001351139,0.0001346297,0.0001341855,0.0001337551,0.0001333655,0.00013299,0.0001326559,0.0001323361,0.0001320578,0.0001317938,0.0001315714,0.0001313632,0.0001311964,0.0001310438,0.0001309327,0.0001308357,0.0001307801,0.0001307387,0.0001307388,0.0001307532,0.0001308094,0.00013088,0.0001309927,0.0001311202,0.00013129,0.000131475,0.0001317026,0.0001319456,0.0001322315,0.000132533,0.0001328774,0.0001332374,0.0001336401,0.000134058,0.000134518,0.0001349923,0.0001355075,0.0001360356,0.0001366028,0.0001371808,0.0001377953,0.0001384176,0.000139073,0.0001397323,0.0001404202,0.0001411074,0.0001418176,0.0001425212,0.0001432417,0.0001439487,0.0001446656,0.0001453608,0.0001460595,0.0001467267,0.0001473899,0.0001480139,0.0001486224,0.0001491878,0.0001497267,0.0001502116,0.0001506696,0.0001510628,0.0001514165,0.000151707,0.000151956,0.0001521293,0.0001522541,0.0001523067,0.0001523145,0.0001522481,0.0001521328,0.0001519426,0.0001517076,0.0001514023,0.0001510572,0.000150648,0.0001502053,0.0001497051,0.0001491784,0.0001486017,0.0001480066,0.00014737,0.0001467238,0.0001460452,0.0001453655,0.000144661,0.000143963,0.0001432488,0.0001425493,0.0001418401,0.0001411516,0.0001404597,0.0001397944,0.0001391305,0.0001384976,0.0001378703,0.0001372776,0.0001366935,0.0001361467,0.0001356108
0.0001303403,0.000129854,0.0001294094,0.0001289783,0.0001285894,0.0001282145,0.0001278818,0.0001275634,0.0001272871,0.0001270252,0.0001268051,0.0001265992,0.0001264351,0.0001262851,0.0001261767,0.0001260824,0.0001260296,0.000125991,0.0001259939,0.0001260111,0.0001260702,0.0001261437,0.0001262594,0.0001263899,0.0001265629,0.0001267512,0.0001269824,0.0001272291,0.0001275191,0.0001278249,0.0001281742,0.0001285393,0.0001289477,0.0001293716,0.0001298384,0.00013032,0.0001308434,0.0001313801,0.000131957,0.0001325451,0.0001331709,0.000133805,0.0001344734,0.000135146,0.0001358486,0.0001365504,0.000137277,0.0001379967,0.0001387347,0.000139459,0.0001401936,0.0001409079,0.0001416226,0.0001423106,0.0001429893,0.0001436313,0.0001442592,0.0001448353,0.0001453922,0.000145893,0.0001463562,0.000146761,0.0001471294,0.0001474219,0.0001476683,0.0001478455,0.0001479775,0.0001480293,0.0001480267,0.0001479456,0.0001478175,0.0001476156,0.0001473677,0.0001470484,0.000146687,0.000146259,0.0001457953,0.0001452727,0.0001447229,0.000144123,0.0001435048,0.0001428453,0.0001421762,0.0001414744,0.0001407722,0.0001400469,0.0001393303,0.0001385978,0.0001378804,0.0001371549,0.0001364522,0.0001357471,0.0001350698,0.0001343956,0.0001337537,0.0001331187,0.0001325193,0.0001319299,0.0001313787,0.0001308393
0.0001240935,0.0001236044,0.0001231566,0.0001227244,0.0001223341,0.0001219595,0.000121627,0.0001213098,0.0001210347,0.0001207747,0.0001205566,0.0001203532,0.0001201916,0.0001200444,0.0001199388,0.0001198475,0.0001197978,0.0001197623,0.0001197686,0.0001197892,0.0001198517,0.000119929,0.0001200485,0.000120183,0.0001203603,0.0001205532,0.0001207892,0.0001210413,0.000121337,0.0001216491,0.0001220051,0.0001223777,0.0001227942,0.0001232272,0.0001237036,0.0001241959,0.0001247308,0.0001252804,0.0001258708,0.000126474,0.0001271155,0.000127767,0.0001284533,0.0001291458,0.0001298685,0.0001305926,0.0001313411,0.0001320851,0.0001328468,0.0001335965,0.0001343569,0.0001350957,0.0001358392,0.0001365495,0.0001372567,0.0001379227,0.0001385707,0.0001391763,0.0001397497,0.0001402664,0.0001407559,0.0001411734,0.0001415453,0.0001418529,0.0001421145,0.0001422918,0.0001424129,0.000142458,0.0001424551,0.0001423727,0.0001422344,0.0001420147,0.0001417447,0.0001413997,0.0001410108,0.0001405546,0.0001400623,0.0001395102,0.0001389297,0.0001382981,0.0001376474,0.0001369552,0.0001362543,0.0001355224,0.000134791,0.0001340365,0.0001332908,0.0001325317,0.0001317907,0.000131043,0.0001303188,0.0001295948,0.0001289005,0.000128211,0.0001275555,0.0001269085,0.0001262992,0.000125701,0.0001251426,0.0001245976
0.0001164601,0.0001159638,0.0001155119,0.0001150753,0.000114683,0.0001143063,0.0001139733,0.0001136558,0.0001133816,0.0001131226,0.0001129063,0.000112705,0.000112546,0.0001124016,0.0001122993,0.0001122114,0.0001121654,0.000112134,0.0001121444,0.0001121695,0.0001122368,0.0001123191,0.000112444,0.0001125843,0.0001127678,0.0001129673,0.0001132106,0.0001134703,0.0001137745,0.0001140957,0.0001144617,0.000114845,0.0001152733,0.000115719,0.0001162095,0.0001167168,0.0001172682,0.0001178353,0.0001184451,0.0001190685,0.0001197325,0.0001204071,0.000121119,0.0001218374,0.0001225889,0.0001233415,0.0001241217,0.0001248966,0.0001256921,0.0001264751,0.0001272698,0.0001280453,0.0001288203,0.0001295699,0.0001303075,0.0001310081,0.0001316932,0.0001323209,0.0001329291,0.0001334766,0.0001339783,0.0001344191,0.0001348193,0.0001351329,0.0001353924,0.0001355788,0.0001357143,0.0001357595,0.0001357397,0.0001356329,0.000135473,0.0001352331,0.0001349408,0.0001345708,0.000134153,0.0001336631,0.000133133,0.0001325403,0.0001319179,0.0001312438,0.0001305507,0.0001298164,0.0001290731,0.0001282981,0.0001275249,0.0001267316,0.0001259503,0.0001251564,0.0001243811,0.0001236018,0.0001228497,0.0001220993,0.000121381,0.0001206697,0.0001199951,0.0001193312,0.0001187066,0.0001180956,0.0001175262,0.0001169714
0.0001075292,0.0001070246,0.0001065642,0.0001061226,0.0001057253,0.0001053461,0.0001050111,0.0001046933,0.0001044194,0.0001041619,0.0001039478,0.0001037494,0.000103594,0.0001034538,0.0001033562,0.0001032736,0.0001032334,0.0001032081,0.0001032253,0.0001032576,0.0001033325,0.000103423,0.0001035565,0.0001037061,0.0001038994,0.0001041094,0.0001043638,0.0001046356,0.0001049525,0.0001052874,0.0001056681,0.0001060673,0.0001065126,0.0001069767,0.0001074867,0.0001080153,0.0001085892,0.0001091808,0.0001098163,0.0001104678,0.0001111608,0.0001118672,0.0001126116,0.0001133657,0.0001141529,0.0001149449,0.0001157639,0.0001165813,0.0001174183,0.0001182456,0.000119085,0.0001199032,0.0001207274,0.0001215162,0.0001223027,0.0001230447,0.0001237653,0.0001244429,0.0001250804,0.0001256563,0.0001262022,0.0001266655,0.0001270735,0.000127413,0.0001276981,0.0001278854,0.0001280042,0.0001280391,0.0001280185,0.0001279087,0.0001277311,0.0001274611,0.0001271313,0.0001267178,0.0001262531,0.0001257148,0.0001251353,0.0001244914,0.0001238159,0.0001230866,0.0001223369,0.0001215455,0.0001207464,0.0001199184,0.0001190934,0.0001182483,0.0001174155,0.0001165741,0.0001157559,0.000114936,0.0001141447,0.0001133591,0.0001126087,0.0001118683,0.0001111672,0.0001104796,0.0001098347,0.0001092053,0.0001086201,0.0001080525
9.739595e-05,9.687943e-05,9.641204e-05,9.596355e-05,9.556321e-05,9.518147e-05,9.484671e-05,9.453001e-05,9.425914e-05,9.400569e-05,9.379702e-05,9.360511e-05,9.345717e-05,9.332543e-05,9.323706e-05,9.316453e-05,9.313506e-05,9.312126e-05,9.315052e-05,9.319554e-05,9.328388e-05,9.338828e-05,9.353654e-05,9.370138e-05,9.391075e-05,9.413743e-05,9.440947e-05,9.469962e-05,9.503597e-05,9.539122e-05,9.579348e-05,9.621527e-05,9.668464e-05,9.717394e-05,9.771099e-05,9.826782e-05,9.887206e-05,9.949529e-05,0.0001001649,0.0001008517,0.0001015828,0.0001023283,0.0001031151,0.0001039121,0.000104746,0.0001055843,0.0001064539,0.0001073207,0.0001082112,0.0001090909,0.0001099841,0.0001108592,0.0001117329,0.0001125824,0.0001134161,0.0001142117,0.0001149889,0.0001157006,0.000116391,0.000117013,0.0001175772,0.0001180753,0.0001185247,0.0001188715,0.0001191516,0.0001193503,0.0001194875,0.0001195184,0.0001194679,0.0001193164,0.0001191011,0.0001187947,0.0001184246,0.0001179664,0.0001174504,0.0001168533,0.0001162084,0.0001154949,0.0001147475,0.0001139456,0.0001131234,0.0001122599,0.0001113883,0.0001104872,0.0001095912,0.0001086799,0.000107786,0.000106885,0.0001060085,0.0001051346,0.0001042954,0.0001034645,0.0001026727,0.000101895,0.0001011607,0.0001004437,9.977232e-05,9.912068e-05,9.851631e-05,9.793178e-05
8.61689e-05,8.56465e-05,8.51736e-05,8.472513e-05,8.432554e-05,8.394871e-05,8.361991e-05,8.331219e-05,8.305152e-05,8.281042e-05,8.261535e-05,8.243853e-05,8.230688e-05,8.21925e-05,8.212255e-05,8.206919e-05,8.205982e-05,8.20667e-05,8.21174e-05,8.218437e-05,8.229524e-05,8.242276e-05,8.259455e-05,8.27836e-05,8.301759e-05,8.326964e-05,8.356748e-05,8.388434e-05,8.424794e-05,8.463155e-05,8.506281e-05,8.551496e-05,8.60155e-05,8.653759e-05,8.710843e-05,8.770097e-05,8.834207e-05,8.900442e-05,8.971429e-05,9.044412e-05,9.121932e-05,9.201212e-05,9.28468e-05,9.369547e-05,9.458095e-05,9.547539e-05,9.639987e-05,9.732645e-05,9.82749e-05,9.921619e-05,0.0001001709,0.0001011049,0.0001020459,0.0001029484,0.0001038486,0.0001046993,0.0001055235,0.000106302,0.0001070289,0.0001076862,0.0001083078,0.0001088311,0.0001092844,0.000109661,0.0001099692,0.0001101594,0.0001102627,0.0001102686,0.0001102058,0.0001100382,0.0001097843,0.0001094213,0.0001089836,0.0001084488,0.0001078513,0.0001071705,0.0001064403,0.0001056393,0.0001048016,0.0001039069,0.0001029905,0.0001020327,0.0001010697,0.0001000817,9.910161e-05,9.810707e-05,9.713165e-05,9.615577e-05,9.521203e-05,9.42754e-05,9.337623e-05,9.249232e-05,9.165306e-05,9.083291e-05,9.006107e-05,8.931154e-05,8.861314e-05,8.793816e-05,8.731499e-05,8.671657e-05
7.401232e-05,7.349366e-05,7.303166e-05,7.259475e-05,7.221221e-05,7.185344e-05,7.154665e-05,7.126215e-05,7.102739e-05,7.081341e-05,7.064721e-05,7.050035e-05,7.039968e-05,7.031719e-05,7.027968e-05,7.025941e-05,7.028333e-05,7.032393e-05,7.040833e-05,7.050921e-05,7.065394e-05,7.081525e-05,7.102087e-05,7.124356e-05,7.151129e-05,7.179689e-05,7.212849e-05,7.2479e-05,7.287667e-05,7.329437e-05,7.376041e-05,7.424755e-05,7.478408e-05,7.534259e-05,7.595121e-05,7.658223e-05,7.726357e-05,7.796702e-05,7.872022e-05,7.949426e-05,8.031655e-05,8.115704e-05,8.204299e-05,8.294293e-05,8.388409e-05,8.483317e-05,8.581745e-05,8.680174e-05,8.781293e-05,8.881502e-05,8.983203e-05,9.083191e-05,9.182864e-05,9.280169e-05,9.375358e-05,9.466485e-05,9.555231e-05,9.636339e-05,9.714862e-05,9.785378e-05,9.848444e-05,9.903999e-05,9.953356e-05,9.990186e-05,0.000100185,0.000100373,0.0001004827,0.0001004629,0.0001003377,0.0001000914,9.976465e-05,9.933061e-05,9.881629e-05,9.819889e-05,9.750996e-05,9.672791e-05,9.588826e-05,9.497307e-05,9.401944e-05,9.300934e-05,9.197927e-05,9.091031e-05,8.983735e-05,8.87407e-05,8.765706e-05,8.656785e-05,8.550677e-05,8.444944e-05,8.342814e-05,8.242208e-05,8.146351e-05,8.052577e-05,7.963959e-05,7.877994e-05,7.797567e-05,7.720027e-05,7.648124e-05,7.579252e-05,7.51607e-05,7.455779e-05
6.120059e-05,6.071448e-05,6.02852e-05,5.988768e-05,5.95448e-05,5.923025e-05,5.896804e-05,5.87309e-05,5.854383e-05,5.837895e-05,5.826203e-05,5.816486e-05,5.811378e-05,5.808054e-05,5.809192e-05,5.81197e-05,5.8191e-05,5.827781e-05,5.840751e-05,5.855237e-05,5.873989e-05,5.894274e-05,5.91885e-05,5.945018e-05,5.975548e-05,6.007767e-05,6.044453e-05,6.082954e-05,6.126057e-05,6.171121e-05,6.220928e-05,6.272848e-05,6.329649e-05,6.388692e-05,6.452729e-05,6.519103e-05,6.590527e-05,6.66432e-05,6.743131e-05,6.824252e-05,6.910237e-05,6.998359e-05,7.09103e-05,7.185512e-05,7.284038e-05,7.383878e-05,7.487039e-05,7.59079e-05,7.69695e-05,7.802657e-05,7.909812e-05,8.014902e-05,8.120761e-05,8.222338e-05,8.323621e-05,8.419246e-05,8.511487e-05,8.598702e-05,8.679197e-05,8.751649e-05,8.819602e-05,8.87558e-05,8.922563e-05,8.96063e-05,8.989858e-05,9.004545e-05,9.008007e-05,8.999868e-05,8.983036e-05,8.953554e-05,8.913024e-05,8.85939e-05,8.796433e-05,8.722115e-05,8.640186e-05,8.548899e-05,8.451905e-05,8.347329e-05,8.238846e-05,8.124721e-05,8.008748e-05,7.889259e-05,7.770127e-05,7.6496e-05,7.531119e-05,7.412543e-05,7.297371e-05,7.183809e-05,7.075177e-05,6.968935e-05,6.868097e-05,6.770487e-05,6.678985e-05,6.590975e-05,6.509302e-05,6.431292e-05,6.359754e-05,6.291788e-05,6.230171e-05,6.172104e-05
4.820089e-05,4.778057e-05,4.742359e-05,4.709635e-05,4.682776e-05,4.65856e-05,4.639759e-05,4.623278e-05,4.611807e-05,4.602356e-05,4.597573e-05,4.594546e-05,4.595907e-05,4.598805e-05,4.605881e-05,4.614327e-05,4.626803e-05,4.640541e-05,4.658228e-05,4.677123e-05,4.699954e-05,4.723994e-05,4.752018e-05,4.781313e-05,4.814688e-05,4.849448e-05,4.888433e-05,4.92896e-05,4.973888e-05,5.020545e-05,5.071807e-05,5.124994e-05,5.182989e-05,5.243098e-05,5.308196e-05,5.375565e-05,5.448058e-05,5.522904e-05,5.602932e-05,5.685286e-05,5.772772e-05,5.862407e-05,5.956979e-05,6.05333e-05,6.154244e-05,6.25633e-05,6.362388e-05,6.468774e-05,6.578246e-05,6.687026e-05,6.797528e-05,6.906439e-05,7.014882e-05,7.121039e-05,7.224463e-05,7.323568e-05,7.419645e-05,7.506776e-05,7.590809e-05,7.665358e-05,7.730393e-05,7.786836e-05,7.835394e-05,7.868564e-05,7.890948e-05,7.902174e-05,7.9035e-05,7.888977e-05,7.861067e-05,7.818683e-05,7.766466e-05,7.701757e-05,7.627332e-05,7.541178e-05,7.446682e-05,7.341995e-05,7.231038e-05,7.11243e-05,6.990273e-05,6.86313e-05,6.734969e-05,6.604187e-05,6.474491e-05,6.344126e-05,6.216989e-05,6.091413e-05,5.970832e-05,5.852775e-05,5.740479e-05,5.63192e-05,5.530275e-05,5.432738e-05,5.342315e-05,5.256388e-05,5.177716e-05,5.103511e-05,5.036359e-05,4.973554e-05,4.917583e-05,4.865514e-05
3.571001e-05,3.539776e-05,3.514288e-05,3.491979e-05,3.474937e-05,3.460477e-05,3.450854e-05,3.443284e-05,3.440159e-05,3.438636e-05,3.441224e-05,3.445051e-05,3.452705e-05,3.461317e-05,3.473543e-05,3.486532e-05,3.502989e-05,3.520096e-05,3.540594e-05,3.561707e-05,3.586207e-05,3.611368e-05,3.639977e-05,3.66936e-05,3.702324e-05,3.736237e-05,3.773926e-05,3.812787e-05,3.855666e-05,3.899984e-05,3.948593e-05,3.998935e-05,4.053851e-05,4.110783e-05,4.172564e-05,4.236621e-05,4.305747e-05,4.377347e-05,4.454146e-05,4.53352e-05,4.618083e-05,4.705188e-05,4.797285e-05,4.891716e-05,4.9907e-05,5.091591e-05,5.196322e-05,5.302248e-05,5.41104e-05,5.519911e-05,5.630587e-05,5.73947e-05,5.849428e-05,5.954875e-05,6.060232e-05,6.159344e-05,6.254541e-05,6.344449e-05,6.426037e-05,6.49862e-05,6.565901e-05,6.618854e-05,6.660782e-05,6.69272e-05,6.71374e-05,6.717233e-05,6.706921e-05,6.683349e-05,6.649494e-05,6.601022e-05,6.539265e-05,6.462603e-05,6.375326e-05,6.275746e-05,6.1681e-05,6.051082e-05,5.92875e-05,5.79958e-05,5.667623e-05,5.531483e-05,5.395293e-05,5.257677e-05,5.122791e-05,4.989056e-05,4.859973e-05,4.733396e-05,4.612869e-05,4.496646e-05,4.387973e-05,4.284102e-05,4.187886e-05,4.097053e-05,4.014276e-05,3.936722e-05,3.867044e-05,3.802355e-05,3.7453e-05,3.692723e-05,3.647268e-05,3.605936e-05
2.462225e-05,2.442879e-05,2.429066e-05,2.417211e-05,2.410184e-05,2.404607e-05,2.40323e-05,2.402852e-05,2.406145e-05,2.410052e-05,2.417206e-05,2.424661e-05,2.435042e-05,2.445486e-05,2.458635e-05,2.471693e-05,2.487332e-05,2.502808e-05,2.520834e-05,2.538705e-05,2.559191e-05,2.579611e-05,2.602795e-05,2.626085e-05,2.652361e-05,2.678996e-05,2.70891e-05,2.739499e-05,2.773719e-05,2.808983e-05,2.848274e-05,2.88901e-05,2.934191e-05,2.981226e-05,3.033112e-05,3.087237e-05,3.146579e-05,3.208476e-05,3.275878e-05,3.346027e-05,3.421845e-05,3.500429e-05,3.58468e-05,3.671477e-05,3.76372e-05,3.857994e-05,3.957219e-05,4.057647e-05,4.162161e-05,4.266804e-05,4.374061e-05,4.480483e-05,4.586938e-05,4.691886e-05,4.79408e-05,4.89244e-05,4.987749e-05,5.073367e-05,5.15618e-05,5.228539e-05,5.289813e-05,5.342253e-05,5.385745e-05,5.411364e-05,5.424648e-05,5.426084e-05,5.416397e-05,5.388641e-05,5.34545e-05,5.286538e-05,5.217348e-05,5.135305e-05,5.04333e-05,4.939806e-05,4.82843e-05,4.707731e-05,4.582064e-05,4.450496e-05,4.317506e-05,4.181973e-05,4.048084e-05,3.914387e-05,3.784624e-05,3.65707e-05,3.535648e-05,3.418667e-05,3.309374e-05,3.205009e-05,3.10859e-05,3.01795e-05,2.93602e-05,2.859646e-05,2.79159e-05,2.728977e-05,2.674309e-05,2.624545e-05,2.582017e-05,2.543852e-05,2.512283e-05,2.484209e-05
1.582202e-05,1.571169e-05,1.563809e-05,1.5576e-05,1.554517e-05,1.551914e-05,1.551982e-05,1.551975e-05,1.554264e-05,1.55604e-05,1.559814e-05,1.562754e-05,1.567478e-05,1.571159e-05,1.576496e-05,1.580685e-05,1.586494e-05,1.591157e-05,1.597492e-05,1.602786e-05,1.609893e-05,1.616168e-05,1.624487e-05,1.632269e-05,1.642425e-05,1.652424e-05,1.665209e-05,1.678294e-05,1.69465e-05,1.711829e-05,1.732816e-05,1.755194e-05,1.781952e-05,1.810682e-05,1.844364e-05,1.880579e-05,1.922276e-05,1.967012e-05,2.017664e-05,2.071758e-05,2.132041e-05,2.196013e-05,2.266228e-05,2.340168e-05,2.420108e-05,2.503547e-05,2.592391e-05,2.684153e-05,2.780383e-05,2.878448e-05,2.979901e-05,3.081146e-05,3.185103e-05,3.285646e-05,3.387774e-05,3.4844e-05,3.578081e-05,3.667775e-05,3.748864e-05,3.821672e-05,3.890108e-05,3.943219e-05,3.98497e-05,4.017739e-05,4.03929e-05,4.041959e-05,4.030189e-05,4.005871e-05,3.972086e-05,3.924001e-05,3.862599e-05,3.786859e-05,3.701653e-05,3.605615e-05,3.503419e-05,3.394078e-05,3.281849e-05,3.165296e-05,3.048531e-05,2.930163e-05,2.814313e-05,2.699513e-05,2.589835e-05,2.48348e-05,2.383636e-05,2.287784e-05,2.199227e-05,2.116017e-05,2.041086e-05,1.971252e-05,1.909072e-05,1.852068e-05,1.80261e-05,1.757601e-05,1.719475e-05,1.685145e-05,1.657103e-05,1.631979e-05,1.612333e-05,1.595018e-05
9.835153e-06,9.674141e-06,9.540012e-06,9.396711e-06,9.274378e-06,9.139167e-06,9.019835e-06,8.884614e-06,8.761302e-06,8.619806e-06,8.48736e-06,8.335163e-06,8.190355e-06,8.025108e-06,7.866643e-06,7.687912e-06,7.516493e-06,7.325948e-06,7.144333e-06,6.945711e-06,6.758766e-06,6.557891e-06,6.37255e-06,6.177446e-06,6.002678e-06,5.82337e-06,5.670171e-06,5.51859e-06,5.399783e-06,5.289551e-06,5.219424e-06,5.165353e-06,5.159203e-06,5.176961e-06,5.250459e-06,5.355553e-06,5.523938e-06,5.73097e-06,6.008055e-06,6.329554e-06,6.72652e-06,7.171621e-06,7.695659e-06,8.268774e-06,8.921761e-06,9.621139e-06,1.039804e-05,1.12147e-05,1.210211e-05,1.30194e-05,1.399332e-05,1.498846e-05,1.6012e-05,1.705257e-05,1.808916e-05,1.911901e-05,2.014396e-05,2.109105e-05,2.204383e-05,2.291032e-05,2.367943e-05,2.439304e-05,2.503937e-05,2.551231e-05,2.58825e-05,2.616721e-05,2.636601e-05,2.639581e-05,2.628526e-05,2.604133e-05,2.572672e-05,2.531247e-05,2.482462e-05,2.424645e-05,2.361183e-05,2.290328e-05,2.21617e-05,2.137518e-05,2.058488e-05,1.977558e-05,1.898449e-05,1.819242e-05,1.743165e-05,1.668099e-05,1.597689e-05,1.530013e-05,1.467959e-05,1.408398e-05,1.354145e-05,1.303013e-05,1.257814e-05,1.215185e-05,1.177847e-05,1.142908e-05,1.112827e-05,1.084548e-05,1.060378e-05,1.037524e-05,1.018168e-05,9.992833e-06
6.369251e-06,5.936698e-06,5.513046e-06,5.075463e-06,4.644126e-06,4.194548e-06,3.749146e-06,3.282026e-06,2.817545e-06,2.328911e-06,1.84196e-06,1.329479e-06,8.185108e-07,2.818162e-07,-2.526908e-07,-8.120177e-07,-1.367471e-06,-1.945626e-06,-2.517137e-06,-3.107971e-06,-3.688307e-06,-4.283275e-06,-4.862679e-06,-5.450835e-06,-6.017042e-06,-6.584961e-06,-7.123389e-06,-7.655326e-06,-8.149134e-06,-8.62729e-06,-9.057851e-06,-9.462829e-06,-9.810125e-06,-1.012152e-05,-1.036492e-05,-1.056216e-05,-1.068137e-05,-1.074462e-05,-1.072077e-05,-1.063223e-05,-1.044919e-05,-1.019444e-05,-9.840348e-06,-9.409833e-06,-8.878522e-06,-8.269039e-06,-7.561498e-06,-6.778012e-06,-5.903344e-06,-4.960673e-06,-3.935475e-06,-2.861539e-06,-1.708013e-06,-5.403159e-07,7.004739e-07,1.933505e-06,3.190716e-06,4.467323e-06,5.699261e-06,6.907214e-06,8.133979e-06,9.246511e-06,1.029729e-05,1.132931e-05,1.230147e-05,1.312279e-05,1.384709e-05,1.450879e-05,1.513383e-05,1.565882e-05,1.607878e-05,1.63807e-05,1.660755e-05,1.673469e-05,1.679891e-05,1.677848e-05,1.670306e-05,1.65452e-05,1.633479e-05,1.604838e-05,1.572014e-05,1.533024e-05,1.491703e-05,1.446075e-05,1.399228e-05,1.348664e-05,1.298006e-05,1.245775e-05,1.195247e-05,1.143451e-05,1.093338e-05,1.04293e-05,9.949246e-06,9.46542e-06,9.005536e-06,8.541797e-06,8.102003e-06,7.65432e-06,7.227299e-06,6.791091e-06
3.983761e-06,2.972032e-06,1.97737e-06,9.639755e-07,-3.608427e-08,-1.05656e-06,-2.067306e-06,-3.099925e-06,-4.125608e-06,-5.174139e-06,-6.217435e-06,-7.283821e-06,-8.345423e-06,-9.429388e-06,-1.050767e-05,-1.160646e-05,-1.269727e-05,-1.380543e-05,-1.490181e-05,-1.6011e-05,-1.710303e-05,-1.820194e-05,-1.92767e-05,-2.035083e-05,-2.139242e-05,-2.242433e-05,-2.341388e-05,-2.438335e-05,-2.529933e-05,-2.618361e-05,-2.700224e-05,-2.77767e-05,-2.847257e-05,-2.911123e-05,-2.965815e-05,-3.01347e-05,-3.050654e-05,-3.079544e-05,-3.096737e-05,-3.104512e-05,-3.099498e-05,-3.084154e-05,-3.05513e-05,-3.015162e-05,-2.960885e-05,-2.895445e-05,-2.815397e-05,-2.724398e-05,-2.61894e-05,-2.503093e-05,-2.373724e-05,-2.234296e-05,-2.083939e-05,-1.923072e-05,-1.754517e-05,-1.577135e-05,-1.391284e-05,-1.20457e-05,-1.006369e-05,-8.077252e-06,-6.098882e-06,-4.057724e-06,-1.981261e-06,1.256467e-09,1.980736e-06,3.985597e-06,5.994145e-06,7.890768e-06,9.691502e-06,1.139737e-05,1.305868e-05,1.461376e-05,1.605572e-05,1.733853e-05,1.846448e-05,1.938849e-05,2.012888e-05,2.065702e-05,2.100199e-05,2.114224e-05,2.111332e-05,2.089949e-05,2.053961e-05,2.002377e-05,1.940281e-05,1.867336e-05,1.787804e-05,1.699843e-05,1.607676e-05,1.510618e-05,1.41263e-05,1.311255e-05,1.210165e-05,1.107291e-05,1.005729e-05,9.029734e-06,8.017694e-06,6.997847e-06,5.994339e-06,4.980143e-06
4.556177e-08,-1.858808e-06,-3.733468e-06,-5.600627e-06,-7.441729e-06,-9.280961e-06,-1.109722e-05,-1.291632e-05,-1.471482e-05,-1.651944e-05,-1.830474e-05,-2.009775e-05,-2.187144e-05,-2.365264e-05,-2.541291e-05,-2.717854e-05,-2.891995e-05,-3.066264e-05,-3.237595e-05,-3.408446e-05,-3.575662e-05,-3.741585e-05,-3.902992e-05,-4.062108e-05,-4.215635e-05,-4.365704e-05,-4.508944e-05,-4.647402e-05,-4.777648e-05,-4.901658e-05,-5.015958e-05,-5.122464e-05,-5.217689e-05,-5.303521e-05,-5.376455e-05,-5.438388e-05,-5.485833e-05,-5.520713e-05,-5.539605e-05,-5.544466e-05,-5.532003e-05,-5.504194e-05,-5.457964e-05,-5.395279e-05,-5.313399e-05,-5.214202e-05,-5.09543e-05,-4.9588e-05,-4.802588e-05,-4.628468e-05,-4.434831e-05,-4.224397e-05,-3.993553e-05,-3.748852e-05,-3.482822e-05,-3.204386e-05,-2.908846e-05,-2.595616e-05,-2.272987e-05,-1.93601e-05,-1.579931e-05,-1.221344e-05,-8.532993e-06,-4.696686e-06,-7.876936e-07,3.063801e-06,6.901029e-06,1.07488e-05,1.458577e-05,1.828147e-05,2.176212e-05,2.4965e-05,2.788078e-05,3.043084e-05,3.260931e-05,3.436003e-05,3.568896e-05,3.655724e-05,3.699751e-05,3.700065e-05,3.662549e-05,3.588362e-05,3.485016e-05,3.354224e-05,3.20262e-05,3.0311e-05,2.846706e-05,2.65109e-05,2.450054e-05,2.24254e-05,2.033285e-05,1.821923e-05,1.612253e-05,1.402338e-05,1.195641e-05,9.898906e-06,7.882505e-06,5.876771e-06,3.912945e-06,1.961218e-06
-8.846022e-06,-1.192698e-05,-1.493145e-05,-1.789945e-05,-2.080058e-05,-2.367202e-05,-2.648496e-05,-2.927341e-05,-3.200949e-05,-3.472441e-05,-3.739042e-05,-4.003637e-05,-4.26342e-05,-4.521076e-05,-4.773715e-05,-5.023856e-05,-5.268511e-05,-5.51005e-05,-5.745374e-05,-5.976729e-05,-6.200886e-05,-6.420001e-05,-6.630711e-05,-6.835092e-05,-7.029674e-05,-7.216452e-05,-7.391868e-05,-7.557859e-05,-7.710794e-05,-7.852564e-05,-7.979485e-05,-8.093425e-05,-8.190667e-05,-8.273079e-05,-8.336935e-05,-8.384104e-05,-8.410889e-05,-8.419191e-05,-8.40534e-05,-8.371325e-05,-8.313485e-05,-8.233954e-05,-8.12905e-05,-8.001146e-05,-7.846462e-05,-7.667749e-05,-7.460997e-05,-7.229464e-05,-6.968847e-05,-6.68284e-05,-6.367278e-05,-6.025108e-05,-5.654619e-05,-5.254806e-05,-4.828735e-05,-4.372723e-05,-3.887426e-05,-3.380161e-05,-2.83697e-05,-2.271655e-05,-1.685781e-05,-1.069145e-05,-4.287876e-06,2.1651e-06,8.754348e-06,1.547683e-05,2.22199e-05,2.875281e-05,3.500321e-05,4.089313e-05,4.638828e-05,5.132012e-05,5.559258e-05,5.909605e-05,6.178793e-05,6.360721e-05,6.458448e-05,6.47281e-05,6.412149e-05,6.281034e-05,6.090352e-05,5.84613e-05,5.559525e-05,5.236569e-05,4.888785e-05,4.521445e-05,4.143149e-05,3.755466e-05,3.365519e-05,2.975066e-05,2.589586e-05,2.20753e-05,1.833301e-05,1.465219e-05,1.106499e-05,7.545658e-06,4.119517e-06,7.618051e-07,-2.507739e-06,-5.718594e-06
-2.610981e-05,-3.056004e-05,-3.489128e-05,-3.912938e-05,-4.326093e-05,-4.731241e-05,-5.126604e-05,-5.514881e-05,-5.893891e-05,-6.266318e-05,-6.629637e-05,-6.986463e-05,-7.333988e-05,-7.67472e-05,-8.005613e-05,-8.329048e-05,-8.641787e-05,-8.946081e-05,-9.238536e-05,-9.521274e-05,-9.790789e-05,-0.0001004907,-0.0001029254,-0.0001052309,-0.0001073707,-0.0001093629,-0.0001111709,-0.0001128121,-0.0001142497,-0.0001155009,-0.0001165287,-0.0001173503,-0.0001179288,-0.0001182815,-0.0001183717,-0.0001182167,-0.0001177801,-0.0001170795,-0.0001160787,-0.0001147953,-0.0001131939,-0.0001112916,-0.0001090542,-0.0001064972,-0.0001035888,-0.0001003417,-9.672759e-05,-9.275457e-05,-8.839891e-05,-8.36644e-05,-7.852754e-05,-7.300024e-05,-6.703375e-05,-6.068549e-05,-5.385384e-05,-4.6634e-05,-3.895304e-05,-3.079301e-05,-2.22669e-05,-1.329477e-05,-3.847495e-06,5.827771e-06,1.578177e-05,2.603877e-05,3.637116e-05,4.649924e-05,5.63532e-05,6.58433e-05,7.477957e-05,8.284856e-05,8.981813e-05,9.5535e-05,9.993107e-05,0.0001029048,0.0001044799,0.0001046673,0.0001035709,0.0001012709,9.793375e-05,9.368661e-05,8.872036e-05,8.316653e-05,7.72065e-05,7.094309e-05,6.450908e-05,5.796356e-05,5.141699e-05,4.491388e-05,3.852677e-05,3.224911e-05,2.613018e-05,2.016508e-05,1.438541e-05,8.763955e-06,3.326557e-06,-1.958376e-06,-7.067738e-06,-1.204238e-05,-1.685773e-05,-2.155264e-05
-5.430008e-05,-6.027218e-05,-6.606153e-05,-7.171262e-05,-7.71964e-05,-8.255216e-05,-8.775059e-05,-9.282562e-05,-9.77473e-05,-0.0001025449,-0.0001071875,-0.0001117005,-0.0001160516,-0.0001202632,-0.0001243016,-0.000128187,-0.0001318841,-0.0001354117,-0.0001387334,-0.0001418667,-0.0001447745,-0.0001474739,-0.0001499271,-0.000152151,-0.0001541078,-0.0001558145,-0.0001572332,-0.0001583817,-0.0001592222,-0.000159773,-0.0001599967,-0.0001599122,-0.0001594827,-0.0001587273,-0.0001576097,-0.0001561492,-0.0001543096,-0.0001521102,-0.0001495145,-0.0001465419,-0.0001431546,-0.0001393719,-0.0001351539,-0.0001305202,-0.0001254273,-0.0001198959,-0.0001138764,-0.0001073924,-0.0001003863,-9.288455e-05,-8.48256e-05,-7.622626e-05,-6.705109e-05,-5.726716e-05,-4.690467e-05,-3.589283e-05,-2.425153e-05,-1.206255e-05,8.323628e-07,1.421106e-05,2.799753e-05,4.226009e-05,5.675909e-05,7.110059e-05,8.523864e-05,9.898633e-05,0.0001119596,0.0001236431,0.0001337674,0.0001421285,0.0001486189,0.0001530187,0.0001552689,0.0001553795,0.0001534743,0.0001497001,0.0001443158,0.0001375582,0.000129721,0.0001210345,0.0001117588,0.0001020723,9.217011e-05,8.217157e-05,7.222896e-05,6.241238e-05,5.280568e-05,4.341279e-05,3.429118e-05,2.544411e-05,1.690615e-05,8.640159e-06,6.714001e-07,-7.034978e-06,-1.44634e-05,-2.165525e-05,-2.85994e-05,-3.533098e-05,-4.184262e-05,-4.81712e-05
-9.447579e-05,-0.0001021193,-0.0001095346,-0.000116745,-0.0001237339,-0.0001305226,-0.0001370884,-0.0001434513,-0.0001495827,-0.0001555014,-0.0001611744,-0.000166619,-0.0001717988,-0.0001767301,-0.0001813739,-0.0001857456,-0.000189805,-0.0001935671,-0.0001969911,-0.0002000921,-0.0002028295,-0.0002052188,-0.0002072206,-0.000208851,-0.000210072,-0.0002109009,-0.0002113012,-0.0002112916,-0.0002108372,-0.000209958,-0.0002086205,-0.0002068458,-0.0002046016,-0.0002019096,-0.000198738,-0.0001951087,-0.0001909896,-0.0001864021,-0.0001813129,-0.0001757417,-0.0001696539,-0.0001630656,-0.0001559404,-0.0001482894,-0.0001400744,-0.0001312988,-0.0001219245,-0.0001119442,-0.0001013214,-9.003827e-05,-7.805769e-05,-6.536745e-05,-5.19028e-05,-3.771284e-05,-2.267136e-05,-6.902903e-06,9.669821e-06,2.702654e-05,4.493911e-05,6.343771e-05,8.239543e-05,0.0001012942,0.0001199969,0.0001382988,0.0001555786,0.000171193,0.0001848304,0.0001962372,0.0002050588,0.0002108873,0.0002135296,0.0002130657,0.0002097436,0.0002038233,0.0001957142,0.0001857777,0.0001744164,0.0001619584,0.0001487683,0.0001351152,0.0001212783,0.0001074257,9.373907e-05,8.028944e-05,6.716089e-05,5.435887e-05,4.194769e-05,2.99287e-05,1.833083e-05,7.105356e-06,-3.729441e-06,-1.420367e-05,-2.430947e-05,-3.40937e-05,-4.354563e-05,-5.270886e-05,-6.157003e-05,-7.01782e-05,-7.851276e-05,-8.661748e-05
-0.0001459285,-0.0001555053,-0.0001647858,-0.0001738006,-0.0001825073,-0.0001909305,-0.0001990265,-0.0002068139,-0.0002142478,-0.0002213424,-0.0002280519,-0.0002343876,-0.0002403031,-0.0002458083,-0.000250857,-0.0002554586,-0.0002595682,-0.000263196,-0.0002662985,-0.000268888,-0.0002709231,-0.0002724187,-0.0002733359,-0.0002736928,-0.0002734535,-0.0002726392,-0.000271217,-0.0002692111,-0.0002665913,-0.0002633847,-0.0002595632,-0.0002551558,-0.0002501359,-0.0002445333,-0.0002383219,-0.0002315311,-0.0002241337,-0.0002161574,-0.0002075724,-0.0001984032,-0.0001886154,-0.0001782294,-0.0001672036,-0.0001555538,-0.0001432289,-0.0001302407,-0.0001165256,-0.0001020944,-8.686915e-05,-7.086352e-05,-5.399324e-05,-3.626745e-05,-1.764119e-05,1.920408e-06,2.234641e-05,4.369303e-05,6.583173e-05,8.855698e-05,0.0001119066,0.0001353527,0.0001585345,0.0001812616,0.0002028238,0.0002223437,0.0002394954,0.0002538299,0.0002646795,0.0002713677,0.0002737603,0.0002720208,0.0002665589,0.0002577073,0.0002460476,0.000232181,0.000216654,0.0001999143,0.0001824428,0.0001646346,0.0001468595,0.0001293354,0.0001122256,9.556161e-05,7.937116e-05,6.362422e-05,4.835084e-05,3.352248e-05,1.913731e-05,5.132736e-06,-8.477647e-06,-2.171561e-05,-3.456983e-05,-4.709634e-05,-5.927607e-05,-7.114456e-05,-8.268846e-05,-9.394603e-05,-0.0001048996,-0.0001155784,-0.0001259673,-0.0001360925
-0.0002063256,-0.0002182355,-0.0002297754,-0.0002409441,-0.0002516952,-0.0002620253,-0.0002718841,-0.0002812674,-0.000290122,-0.0002984444,-0.0003061801,-0.000313327,-0.0003198311,-0.0003256926,-0.0003308596,-0.0003353357,-0.0003390721,-0.0003420768,-0.0003443052,-0.0003457703,-0.0003464324,-0.0003463095,-0.0003453677,-0.0003436302,-0.0003410684,-0.0003377105,-0.0003335333,-0.0003285693,-0.0003227995,-0.0003162602,-0.0003089355,-0.0003008639,-0.0002920313,-0.0002824768,-0.000272186,-0.0002611967,-0.0002494922,-0.0002371067,-0.0002240188,-0.0002102567,-0.0001957926,-0.0001806457,-0.0001647803,-0.0001482042,-0.000130874,-0.0001127833,-9.388458e-05,-7.415603e-05,-5.355345e-05,-3.204508e-05,-9.598742e-06,1.379621e-05,3.817404e-05,6.342671e-05,8.961458e-05,0.0001164408,0.0001438275,0.0001714946,0.0001988152,0.0002255085,0.0002509669,0.000274053,0.0002942455,0.0003110121,0.0003232812,0.0003302218,0.0003317707,0.0003282292,0.0003198342,0.0003068396,0.0002899415,0.0002704044,0.0002494062,0.0002276544,0.0002056801,0.0001838394,0.0001625205,0.0001419886,0.0001224359,0.0001038292,8.606845e-05,6.894178e-05,5.232483e-05,3.606305e-05,2.008916e-05,4.316069e-06,-1.123505e-05,-2.658258e-05,-4.171057e-05,-5.667784e-05,-7.14504e-05,-8.602673e-05,-0.0001003783,-0.0001145307,-0.0001284367,-0.0001421122,-0.0001555187,-0.0001686711,-0.0001815234,-0.0001940904
-0.0002720447,-0.000286852,-0.0003011631,-0.0003149577,-0.0003281561,-0.000340739,-0.0003526279,-0.0003638045,-0.0003741933,-0.0003837791,-0.0003924909,-0.0004003177,-0.0004071948,-0.0004131171,-0.0004180268,-0.000421926,-0.0004247651,-0.0004265538,-0.0004272511,-0.0004268753,-0.0004253935,-0.0004228328,-0.0004191683,-0.0004144352,-0.0004086164,-0.0004017543,-0.0003938384,-0.0003849173,-0.0003749856,-0.0003640964,-0.0003522477,-0.0003394952,-0.0003258378,-0.0003113313,-0.0002959732,-0.0002798165,-0.0002628546,-0.0002451345,-0.0002266423,-0.0002074167,-0.000187433,-0.0001667197,-0.0001452387,-0.0001230081,-9.99746e-05,-7.614944e-05,-5.146475e-05,-2.593552e-05,5.135483e-07,2.784426e-05,5.611398e-05,8.524337e-05,0.0001151859,0.0001458379,0.0001768972,0.0002081872,0.0002391721,0.0002692038,0.0002978806,0.0003239759,0.0003465686,0.000365097,0.0003782984,0.0003849765,0.0003851509,0.000378959,0.0003663938,0.0003476781,0.0003238694,0.0002965288,0.0002678666,0.0002396369,0.0002127907,0.0001872829,0.000162942,0.0001400196,0.0001189502,9.984377e-05,8.25141e-05,6.648132e-05,5.121068e-05,3.617898e-05,2.105353e-05,5.669424e-06,-9.932186e-06,-2.575065e-05,-4.18012e-05,-5.814599e-05,-7.472051e-05,-9.14585e-05,-0.0001082877,-0.00012522,-0.0001421577,-0.000159057,-0.0001758595,-0.0001925368,-0.0002090051,-0.0002252509,-0.0002411959,-0.0002568184
-0.0003386063,-0.0003569729,-0.0003746558,-0.0003916011,-0.0004076967,-0.0004228927,-0.0004370863,-0.0004502348,-0.0004622455,-0.0004730852,-0.0004826724,-0.0004909852,-0.0004979543,-0.0005035704,-0.0005077771,-0.0005105782,-0.0005119302,-0.0005118501,-0.0005103073,-0.0005073312,-0.0005029033,-0.0004970647,-0.0004898083,-0.0004811852,-0.0004711983,-0.0004599073,-0.0004473229,-0.0004335119,-0.0004184908,-0.0004023307,-0.0003850514,-0.0003667255,-0.0003473735,-0.0003270665,-0.0003058223,-0.000283707,-0.0002607322,-0.000236956,-0.0002123802,-0.0001870513,-0.0001609593,-0.0001341367,-0.0001065613,-7.825079e-05,-4.917519e-05,-1.934027e-05,1.127827e-05,4.267521e-05,7.484174e-05,0.0001077457,0.0001413027,0.0001753823,0.0002097989,0.0002441515,0.0002781585,0.0003110036,0.0003421183,0.0003705967,0.000395055,0.0004147614,0.0004285619,0.0004348023,0.0004332123,0.0004239019,0.0004063421,0.0003807698,0.0003491174,0.0003140683,0.0002767232,0.00023818,0.0002020738,0.0001711576,0.0001440978,0.0001190368,9.659337e-05,7.791818e-05,6.296052e-05,5.071518e-05,4.002774e-05,2.980787e-05,1.933526e-05,8.048264e-06,-4.362023e-06,-1.795992e-05,-3.255639e-05,-4.816469e-05,-6.474145e-05,-8.216721e-05,-0.0001003127,-0.0001191848,-0.0001386282,-0.0001584804,-0.0001786309,-0.0001990252,-0.0002194822,-0.0002399387,-0.0002602815,-0.0002804175,-0.0003002392,-0.0003196759
-0.0004011019,-0.000423701,-0.0004453656,-0.000465977,-0.0004854011,-0.0005035416,-0.0005202768,-0.0005355327,-0.0005492038,-0.000561238,-0.0005715489,-0.000580106,-0.0005868426,-0.0005917496,-0.00059478,-0.0005959449,-0.0005952163,-0.0005926241,-0.0005881571,-0.0005818621,-0.0005737435,-0.0005638625,-0.0005522366,-0.0005389394,-0.0005239991,-0.000507499,-0.0004894752,-0.0004700183,-0.0004491694,-0.0004270232,-0.0004036229,-0.0003790639,-0.0003533882,-0.0003266886,-0.0002990022,-0.0002704157,-0.0002409579,-0.0002107058,-0.0001796767,-0.0001479357,-0.0001154867,-8.23831e-05,-4.861613e-05,-1.423308e-05,2.078138e-05,5.637054e-05,9.254005e-05,0.0001291894,0.0001662805,0.000203611,0.0002410321,0.0002781705,0.0003146171,0.0003498208,0.0003828844,0.0004130774,0.0004390938,0.0004596298,0.0004738251,0.0004798254,0.0004766596,0.0004644385,0.000442341,0.0004102447,0.0003707318,0.0003261172,0.0002785269,0.0002304611,0.0001796668,0.0001322476,0.0001001435,7.898e-05,6.026193e-05,4.178068e-05,2.723006e-05,1.861964e-05,1.427307e-05,1.188847e-05,9.539183e-06,6.054481e-06,1.220353e-06,-5.42443e-06,-1.511599e-05,-2.747947e-05,-4.106711e-05,-5.61989e-05,-7.331666e-05,-9.219714e-05,-0.0001125751,-0.0001341437,-0.0001567141,-0.0001802369,-0.0002044301,-0.0002290697,-0.0002540443,-0.0002791696,-0.0003042324,-0.0003291373,-0.0003536703,-0.0003777152
-0.0004546257,-0.0004820814,-0.0005082464,-0.0005329844,-0.0005560901,-0.0005774492,-0.0005968976,-0.0006143453,-0.0006296674,-0.0006428015,-0.0006536592,-0.0006622066,-0.0006683897,-0.0006722019,-0.0006736204,-0.0006726634,-0.0006693361,-0.0006636776,-0.0006557174,-0.0006455125,-0.0006331125,-0.0006185888,-0.0006020076,-0.0005834509,-0.0005629981,-0.0005407382,-0.0005167606,-0.0004911577,-0.0004640256,-0.0004354567,-0.0004055502,-0.0003743954,-0.0003420913,-0.0003087202,-0.0002743782,-0.0002391374,-0.0002030879,-0.000166289,-0.0001288234,-9.073657e-05,-5.210512e-05,-1.296355e-05,2.661013e-05,6.658347e-05,0.0001068582,0.0001473834,0.0001880008,0.0002286002,0.0002688947,0.0003086465,0.0003473436,0.0003845012,0.0004193244,0.0004508627,0.0004781308,0.0004996113,0.0005141258,0.0005203561,0.0005164122,0.0005022157,0.000477026,0.0004400628,0.0003933272,0.000339869,0.0002813284,0.0002166315,0.0001540968,0.0001085948,5.795272e-05,1.654717e-05,5.498759e-06,3.274985e-06,2.155077e-06,1.224351e-06,4.949151e-07,8.752093e-08,-9.150181e-08,-1.563949e-07,-2.139011e-07,-3.588452e-07,-7.302162e-07,-2.360383e-06,-8.952457e-06,-1.928073e-05,-2.999219e-05,-4.530215e-05,-6.438046e-05,-8.489179e-05,-0.0001074187,-0.0001321831,-0.0001586604,-0.0001863759,-0.0002151717,-0.0002448931,-0.0002751067,-0.0003056457,-0.0003362783,-0.0003667044,-0.0003967301,-0.0004261175
-0.000494784,-0.0005275568,-0.0005586453,-0.000587841,-0.0006148983,-0.0006396653,-0.0006619389,-0.0006816217,-0.000698557,-0.0007126975,-0.000723934,-0.0007322634,-0.0007376223,-0.000740045,-0.0007395094,-0.0007360805,-0.0007297719,-0.0007206725,-0.000708826,-0.0006943388,-0.0006772797,-0.0006577668,-0.000635889,-0.0006117711,-0.0005855177,-0.000557256,-0.000527102,-0.0004951817,-0.000461619,-0.0004265349,-0.0003900582,-0.0003523015,-0.0003133959,-0.0002734433,-0.0002325744,-0.0001908788,-0.0001484856,-0.0001054716,-6.196526e-05,-1.803316e-05,2.619132e-05,7.064192e-05,0.0001151676,0.0001596812,0.000203988,0.0002479384,0.0002912469,0.0003336284,0.0003746343,0.0004137394,0.0004502308,0.0004832477,0.0005116553,0.0005343531,0.0005496322,0.0005564923,0.0005530322,0.0005381402,0.0005116202,0.0004722753,0.0004205969,0.0003602331,0.0002915523,0.0002131645,0.0001441404,7.692602e-05,1.749432e-05,5.139908e-06,2.213839e-06,1.772264e-08,-4.593717e-07,-5.344743e-07,-4.809849e-07,-4.333369e-07,-3.867663e-07,-4.022685e-07,-4.234896e-07,-4.56641e-07,-4.659791e-07,-4.67447e-07,-4.660502e-07,-5.217792e-07,-8.393922e-07,-1.453013e-06,-4.265081e-06,-1.855483e-05,-3.729968e-05,-5.786651e-05,-8.407859e-05,-0.0001122023,-0.0001421293,-0.0001745405,-0.0002084296,-0.0002434402,-0.0002794222,-0.0003159925,-0.0003526475,-0.000389265,-0.0004253234,-0.0004606273
-0.0005181466,-0.0005565487,-0.0005927818,-0.000626669,-0.0006578267,-0.0006861304,-0.0007112885,-0.0007332314,-0.00075175,-0.0007668333,-0.0007783438,-0.0007863271,-0.0007907052,-0.0007915736,-0.0007889023,-0.000782828,-0.0007733575,-0.0007606605,-0.0007447705,-0.0007258832,-0.0007040499,-0.0006794859,-0.0006522531,-0.0006225808,-0.0005905355,-0.0005563559,-0.000520109,-0.0004820388,-0.0004422088,-0.0004008662,-0.0003580677,-0.0003140616,-0.0002688962,-0.0002228203,-0.0001758733,-0.0001283051,-8.01475e-05,-3.165497e-05,1.714364e-05,6.598065e-05,0.000114818,0.0001633576,0.0002115288,0.0002589722,0.0003055417,0.0003507663,0.0003943522,0.0004356427,0.0004740965,0.0005087841,0.0005388136,0.0005628902,0.0005798166,0.0005878315,0.0005859433,0.0005720963,0.0005459706,0.000506554,0.000453288,0.0003889887,0.0003142385,0.0002277202,0.0001463653,5.947004e-05,1.07947e-05,3.283544e-06,2.182588e-07,-3.208797e-07,-4.095362e-08,1.569834e-07,NaN,NaN,NaN,NaN,NaN,NaN,NaN,NaN,NaN,NaN,NaN,-4.1679e-07,-3.606276e-07,-2.800598e-07,-3.663563e-07,-1.100106e-06,-3.195505e-06,-1.70887e-05,-4.451584e-05,-7.354153e-05,-0.0001079816,-0.0001445722,-0.0001829271,-0.0002235801,-0.0002653071,-0.0003079617,-0.0003510456,-0.0003940186,-0.0004364985,-0.0004780379
-0.0005226604,-0.0005667233,-0.0006082559,-0.0006468669,-0.0006822405,-0.0007141049,-0.0007422166,-0.0007664194,-0.0007865499,-0.0008025531,-0.000814343,-0.0008219482,-0.0008253499,-0.000824642,-0.0008198604,-0.0008111476,-0.0007985815,-0.0007823389,-0.0007625289,-0.0007393508,-0.0007129358,-0.0006834963,-0.000651178,-0.0006161987,-0.0005787128,-0.0005389387,-0.0004970348,-0.0004532164,-0.0004076435,-0.0003605259,-0.0003120236,-0.0002623404,-0.0002116367,-0.0001601124,-0.0001079304,-5.529075e-05,-2.364639e-06,5.063985e-05,0.0001035323,0.000156081,0.0002080562,0.0002591751,0.0003091355,0.0003575589,0.0004040201,0.0004479759,0.00048881,0.0005257231,0.0005578407,0.0005840196,0.0006030911,0.0006135693,0.0006139909,0.0006029892,0.0005789705,0.0005418223,0.0004903602,0.0004247612,0.0003481722,0.0002602205,0.0001651113,6.937726e-05,1.143268e-05,2.409733e-06,2.457938e-08,4.852429e-08,4.584717e-07,NaN,NaN,NaN,NaN,NaN,NaN,NaN,NaN,NaN,NaN,NaN,NaN,NaN,NaN,NaN,NaN,NaN,-3.771847e-07,-2.413298e-07,-1.870561e-07,-8.47442e-07,-3.690665e-06,-2.294984e-05,-5.805302e-05,-9.773943e-05,-0.0001405054,-0.0001853736,-0.0002327206,-0.0002812918,-0.0003303653,-0.0003798058,-0.0004286545,-0.0004764831
-0.000507748,-0.0005574014,-0.0006041007,-0.0006474483,-0.0006869988,-0.0007224616,-0.0007535421,-0.0007800564,-0.0008018517,-0.0008188463,-0.0008310077,-0.0008383397,-0.0008409059,-0.0008387744,-0.0008320831,-0.0008209444,-0.000805552,-0.0007860452,-0.0007626592,-0.0007355461,-0.0007049712,-0.0006710886,-0.0006341854,-0.0005944087,-0.0005520619,-0.0005072791,-0.0004603776,-0.0004114746,-0.0003609,-0.0003087524,-0.0002553758,-0.0002008514,-0.0001455408,-8.951233e-05,-3.315254e-05,2.347595e-05,7.994994e-05,0.0001361987,0.0001917439,0.0002464839,0.0002998551,0.0003516894,0.0004012931,0.0004483816,0.0004920681,0.000531892,0.0005666965,0.0005957987,0.0006177138,0.0006315518,0.0006355094,0.000628581,0.0006089354,0.0005755809,0.0005280191,0.0004657759,0.0003909212,0.000302424,0.0002004009,0.0001054887,1.791068e-05,3.017327e-06,2.11289e-07,2.740954e-07,6.416319e-07,NaN,NaN,NaN,NaN,NaN,NaN,NaN,NaN,NaN,NaN,NaN,NaN,NaN,NaN,NaN,NaN,NaN,NaN,NaN,NaN,NaN,-3.465987e-07,-2.047912e-07,-1.427466e-07,-1.048337e-06,-6.385164e-06,-4.006636e-05,-8.158208e-05,-0.0001314693,-0.0001835153,-0.0002365829,-0.000291548,-0.000346722,-0.0004018297,-0.0004556878
-0.0004743375,-0.0005292104,-0.0005809505,-0.0006288383,-0.0006725379,-0.0007115513,-0.0007456432,-0.0007745273,-0.000798093,-0.000816227,-0.0008289332,-0.0008362273,-0.0008382055,-0.0008349743,-0.0008267,-0.000813549,-0.0007957376,-0.0007734691,-0.0007469939,-0.000716534,-0.0006823631,-0.0006447075,-0.0006038561,-0.0005600303,-0.0005135284,-0.000464562,-0.0004134364,-0.0003603511,-0.0003056184,-0.0002494264,-0.0001920981,-0.0001338137,-7.491434e-05,-1.558132e-05,4.381546e-05,0.0001030798,0.0001617963,0.0002197329,0.0002764032,0.0003315079,0.0003844527,0.000434826,0.0004818784,0.0005250297,0.0005633238,0.0005959531,0.0006217289,0.0006395892,0.0006481733,0.0006462189,0.0006323829,0.0006053708,0.0005640237,0.0005077872,0.0004360856,0.0003523479,0.0002569184,0.0001509072,4.026704e-05,6.198271e-06,4.705422e-07,3.01385e-07,7.069682e-07,NaN,NaN,NaN,NaN,NaN,NaN,NaN,NaN,NaN,NaN,NaN,NaN,NaN,NaN,NaN,NaN,NaN,NaN,NaN,NaN,NaN,NaN,NaN,NaN,NaN,-2.977354e-07,-1.317168e-07,-1.55713e-07,-2.341976e-06,-1.637902e-05,-6.57729e-05,-0.0001202684,-0.0001770166,-0.0002360025,-0.0002967879,-0.0003573505,-0.0004167732
-0.0004244211,-0.0004842304,-0.000540475,-0.0005928333,-0.000640436,-0.0006830469,-0.0007200968,-0.0007514949,-0.0007769231,-0.0007964377,-0.0008099063,-0.0008175032,-0.0008192258,-0.0008153353,-0.0008059159,-0.000791289,-0.0007715935,-0.0007471898,-0.0007182475,-0.0006851509,-0.000648083,-0.0006074412,-0.0005634099,-0.0005163922,-0.0004665679,-0.000414342,-0.0003598879,-0.0003036127,-0.0002456846,-0.0001865163,-0.0001262764,-6.539154e-05,-4.040992e-06,5.732191e-05,0.0001184899,0.0001789652,0.0002384887,0.0002964918,0.0003526303,0.000406229,0.000456814,0.0005035602,0.0005458127,0.0005825561,0.0006129091,0.0006356603,0.0006496971,0.0006537086,0.0006464478,0.0006267864,0.0005935261,0.000546065,0.0004834154,0.0004053329,0.000312724,0.0002075103,0.0001047322,1.559852e-05,1.463937e-06,2.750259e-07,6.543303e-07,NaN,NaN,NaN,NaN,NaN,NaN,NaN,NaN,NaN,NaN,NaN,NaN,NaN,NaN,NaN,NaN,NaN,NaN,NaN,NaN,NaN,NaN,NaN,NaN,NaN,NaN,NaN,NaN,NaN,-2.223879e-07,-6.541649e-08,-5.038171e-07,-6.758683e-06,-4.902334e-05,-0.0001039418,-0.0001673954,-0.0002325928,-0.0002978638,-0.0003621674
-0.00036103,-0.0004249091,-0.0004854936,-0.0005418308,-0.00059332,-0.000639334,-0.0006794491,-0.000713372,-0.0007408898,-0.0007619609,-0.0007765388,-0.0007847563,-0.0007866857,-0.0007825769,-0.0007725826,-0.0007570281,-0.000736116,-0.0007102173,-0.0006795623,-0.0006445466,-0.0006054133,-0.0005625681,-0.000516257,-0.0004668875,-0.0004147034,-0.0003601122,-0.0003033543,-0.0002448394,-0.000184808,-0.0001236781,-6.169918e-05,6.911612e-07,6.321989e-05,0.0001254119,0.0001869502,0.0002472975,0.000306065,0.0003626213,0.0004164689,0.0004668422,0.0005130931,0.0005542799,0.0005895681,0.000617813,0.0006379937,0.000648785,0.0006490815,0.0006375155,0.0006131974,0.0005750075,0.0005227703,0.0004558124,0.0003744723,0.0002784707,0.0001658304,5.442511e-05,7.32835e-06,3.562634e-07,5.796563e-07,NaN,NaN,NaN,NaN,NaN,NaN,NaN,NaN,NaN,NaN,NaN,NaN,NaN,NaN,NaN,NaN,NaN,NaN,NaN,NaN,NaN,NaN,NaN,NaN,NaN,NaN,NaN,NaN,NaN,NaN,NaN,NaN,NaN,-1.597913e-07,-5.320712e-08,-3.322753e-06,-2.714381e-05,-8.841634e-05,-0.0001582517,-0.00022678,-0.0002946455
-0.0002872045,-0.0003546874,-0.0004188463,-0.0004789831,-0.0005340334,-0.0005834311,-0.000626547,-0.000663114,-0.0006928564,-0.0007157419,-0.0007317311,-0.0007409566,-0.0007435361,-0.0007397131,-0.0007297066,-0.0007138303,-0.0006923645,-0.0006656635,-0.0006340417,-0.0005978731,-0.0005574884,-0.0005132688,-0.0004655492,-0.0004147114,-0.0003610913,-0.0003050694,-0.0002469837,-0.0001872174,-0.0001261168,-6.40766e-05,-1.462695e-06,6.130292e-05,0.0001238176,0.0001856094,0.0002462144,0.0003050824,0.0003616576,0.0004152748,0.0004652517,0.0005107678,0.0005509814,0.000584885,0.0006114657,0.0006295335,0.000637946,0.000635426,0.0006208573,0.0005931515,0.0005515568,0.000495721,0.0004257033,0.000342364,0.0002463435,0.0001361947,2.687107e-05,2.803664e-06,3.059274e-07,6.22809e-07,NaN,NaN,NaN,NaN,NaN,NaN,NaN,NaN,NaN,NaN,NaN,NaN,NaN,NaN,NaN,NaN,NaN,NaN,NaN,NaN,NaN,NaN,NaN,NaN,NaN,NaN,NaN,NaN,NaN,NaN,NaN,NaN,NaN,NaN,NaN,-1.725631e-07,-2.265105e-08,-1.251614e-06,-1.423642e-05,-7.711779e-05,-0.0001477815,-0.0002178062
-0.0002063003,-0.0002764526,-0.0003438395,-0.0004072561,-0.0004657298,-0.0005183168,-0.0005644331,-0.0006036792,-0.0006357984,-0.0006607232,-0.0006784202,-0.0006890361,-0.0006926889,-0.0006896636,-0.0006801761,-0.0006645961,-0.0006431979,-0.0006163991,-0.0005845054,-0.0005479585,-0.0005070784,-0.0004623152,-0.0004139947,-0.0003625684,-0.0003083654,-0.0002518388,-0.0001933238,-0.0001332811,-7.206068e-05,-1.014163e-05,5.209597e-05,0.0001141379,0.000175551,0.0002357625,0.0002942577,0.0003503758,0.0004034869,0.0004528105,0.0004975655,0.0005368247,0.000569631,0.0005949067,0.0006115303,0.0006183244,0.000614094,0.0005977136,0.0005681586,0.0005246634,0.0004668676,0.0003948467,0.0003097948,0.0002128672,0.0001086071,1.583207e-05,8.931812e-07,5.338235e-07,5.370334e-07,NaN,NaN,NaN,NaN,NaN,NaN,NaN,NaN,NaN,NaN,NaN,NaN,NaN,NaN,NaN,NaN,NaN,NaN,NaN,NaN,NaN,NaN,NaN,NaN,NaN,NaN,NaN,NaN,NaN,NaN,NaN,NaN,NaN,NaN,NaN,NaN,NaN,-1.307348e-07,-1.368214e-07,-3.093346e-07,-8.84997e-06,-6.48703e-05,-0.0001343375
-0.0001214321,-0.0001937143,-0.0002631198,-0.0003297612,-0.0003912284,-0.0004469395,-0.0004959091,-0.0005378959,-0.0005724721,-0.0005996463,-0.0006193119,-0.0006316616,-0.0006367914,-0.0006350203,-0.0006265689,-0.0006118348,-0.0005911113,-0.0005648403,-0.0005333533,-0.000497115,-0.0004564738,-0.0004119051,-0.0003637634,-0.0003125303,-0.0002585646,-0.0002023556,-0.0001442714,-8.481704e-05,-2.438006e-05,3.650508e-05,9.741468e-05,0.0001577637,0.00021707,0.0002746709,0.0003299973,0.0003822793,0.0004308306,0.0004747444,0.0005131939,0.0005451181,0.0005695493,0.0005852925,0.0005912891,0.000586305,0.0005693266,0.0005393026,0.0004955058,0.0004374971,0.0003651483,0.0002795421,0.0001810272,7.956273e-05,1.029171e-05,3.241989e-07,6.053904e-07,NaN,NaN,NaN,NaN,NaN,NaN,NaN,NaN,NaN,NaN,NaN,NaN,NaN,NaN,NaN,NaN,NaN,NaN,NaN,NaN,NaN,NaN,NaN,NaN,NaN,NaN,NaN,NaN,NaN,NaN,NaN,NaN,NaN,NaN,NaN,NaN,NaN,NaN,NaN,NaN,NaN,-1.711983e-07,-2.474099e-08,-6.00339e-06,-5.031454e-05
-4.100569e-05,-0.0001072004,-0.0001798124,-0.0002488698,-0.0003133412,-0.0003717617,-0.000423574,-0.0004681891,-0.0005053392,-0.0005348708,-0.0005567548,-0.0005711106,-0.0005780823,-0.0005779622,-0.0005710066,-0.0005576116,-0.0005380994,-0.0005129235,-0.0004824418,-0.0004471368,-0.0004073839,-0.0003636787,-0.0003164076,-0.0002660736,-0.0002130736,-0.0001579221,-0.000101032,-4.293916e-05,1.591536e-05,7.495891e-05,0.0001337038,0.0001915192,0.0002478462,0.0003019692,0.0003532323,0.0004008062,0.0004439151,0.0004815942,0.0005129384,0.0005368475,0.0005523147,0.0005581497,0.0005533421,0.0005367302,0.0005075128,0.0004647402,0.000408206,0.0003373051,0.0002532574,0.0001549295,5.535436e-05,6.592768e-06,2.172604e-07,5.575427e-07,NaN,NaN,NaN,NaN,NaN,NaN,NaN,NaN,NaN,NaN,NaN,NaN,NaN,NaN,NaN,NaN,NaN,NaN,NaN,NaN,NaN,NaN,NaN,NaN,NaN,NaN,NaN,NaN,NaN,NaN,NaN,NaN,NaN,NaN,NaN,NaN,NaN,NaN,NaN,NaN,NaN,NaN,NaN,-1.804309e-07,7.311148e-08,-4.25714e-06
-2.972261e-06,-2.686619e-05,-9.500765e-05,-0.0001675369,-0.000234009,-0.000295175,-0.0003494409,-0.0003967225,-0.0004363696,-0.0004684064,-0.0004926362,-0.0005092559,-0.0005183409,-0.0005202234,-0.0005151414,-0.0005035135,-0.0004856703,-0.0004620794,-0.0004331213,-0.000399289,-0.0003609885,-0.0003187274,-0.0002729266,-0.000224106,-0.0001727022,-0.0001192508,-6.421255e-05,-8.149354e-06,4.844036e-05,0.0001049526,0.0001608309,0.0002154082,0.0002680463,0.0003179914,0.0003644977,0.0004067067,0.0004437452,0.0004746459,0.0004984092,0.0005139897,0.0005203027,0.000516321,0.0005009785,0.0004734677,0.0004328977,0.0003790361,0.0003111987,0.0002304787,0.0001351567,3.929732e-05,4.143531e-06,2.728656e-07,4.767928e-07,NaN,NaN,NaN,NaN,NaN,NaN,NaN,NaN,NaN,NaN,NaN,NaN,NaN,NaN,NaN,NaN,NaN,NaN,NaN,NaN,NaN,NaN,NaN,NaN,NaN,NaN,NaN,NaN,NaN,NaN,NaN,NaN,NaN,NaN,NaN,NaN,NaN,NaN,NaN,NaN,NaN,NaN,NaN,NaN,NaN,-1.205223e-07,-4.703886e-08
-2.544597e-08,-1.668566e-06,-2.060389e-05,-8.624744e-05,-0.0001557897,-0.0002186272,-0.0002754662,-0.0003250455,-0.0003672767,-0.00040176,-0.0004284979,-0.0004475091,-0.0004589526,-0.0004630912,-0.0004602002,-0.0004506834,-0.0004348862,-0.0004132907,-0.000386281,-0.0003543812,-0.0003179971,-0.0002776766,-0.0002338417,-0.0001870602,-0.0001377719,-8.657033e-05,-3.392091e-05,1.954482e-05,7.332244e-05,0.0001267248,0.0001791905,0.0002299555,0.000278381,0.0003236035,0.0003648916,0.0004012653,0.0004319002,0.0004557011,0.0004717817,0.0004789699,0.0004764081,0.000462937,0.0004379117,0.0004003226,0.0003500746,0.0002863308,0.0002102217,0.0001198342,2.968625e-05,2.687499e-06,3.55202e-07,3.672832e-07,NaN,NaN,NaN,NaN,NaN,NaN,NaN,NaN,NaN,NaN,NaN,NaN,NaN,NaN,NaN,NaN,NaN,NaN,NaN,NaN,NaN,NaN,NaN,NaN,NaN,NaN,NaN,NaN,NaN,NaN,NaN,NaN,NaN,NaN,NaN,NaN,NaN,NaN,NaN,NaN,NaN,NaN,NaN,NaN,NaN,NaN,NaN,-7.54298e-08
-5.112482e-08,-1.245313e-07,-1.158412e-06,-1.695639e-05,-7.871147e-05,-0.0001442441,-0.0002026608,-0.0002546985,-0.0002991885,-0.0003362214,-0.0003654228,-0.0003869772,-0.0004008965,-0.0004075045,-0.0004070293,-0.0003998918,-0.000386441,-0.0003671551,-0.000342449,-0.0003128333,-0.0002787601,-0.0002407617,-0.0001993159,-0.0001549765,-0.000108249,-5.971317e-05,-9.91233e-06,4.053668e-05,9.103793e-05,0.0001409222,0.0001895224,0.0002360994,0.0002798964,0.000320091,0.0003558222,0.0003861859,0.0004102184,0.0004269635,0.0004353899,0.000434572,0.0004234907,0.0004014155,0.0003674554,0.0003213678,0.0002624458,0.0001916105,0.0001072742,2.386747e-05,1.88186e-06,3.922777e-07,2.764923e-07,NaN,NaN,NaN,NaN,NaN,NaN,NaN,NaN,NaN,NaN,NaN,NaN,NaN,NaN,NaN,NaN,NaN,NaN,NaN,NaN,NaN,NaN,NaN,NaN,NaN,NaN,NaN,NaN,NaN,NaN,NaN,NaN,NaN,NaN,NaN,NaN,NaN,NaN,NaN,NaN,NaN,NaN,NaN,NaN,NaN,NaN,NaN,NaN,NaN
NaN,3.009699e-09,-1.372501e-07,-8.846508e-07,-1.460194e-05,-7.188829e-05,-0.0001327212,-0.0001863544,-0.0002332616,-0.0002725684,-0.0003043226,-0.0003283838,-0.0003449003,-0.0003540777,-0.0003561862,-0.0003516179,-0.0003407241,-0.0003239996,-0.0003018433,-0.000274807,-0.0002433196,-0.0002079685,-0.000169208,-0.0001276568,-8.379702e-05,-3.828543e-05,8.360101e-06,5.543268e-05,0.0001023659,0.0001483869,0.0001928667,0.0002349506,0.000273935,0.0003088725,0.0003389865,0.0003632384,0.0003808063,0.0003905908,0.0003917988,0.0003833417,0.0003646023,0.0003346021,0.000293159,0.0002394218,0.0001742506,9.638517e-05,2.018086e-05,1.432916e-06,3.998e-07,2.094132e-07,NaN,NaN,NaN,NaN,NaN,NaN,NaN,NaN,NaN,NaN,NaN,NaN,NaN,NaN,NaN,NaN,NaN,NaN,NaN,NaN,NaN,NaN,NaN,NaN,NaN,NaN,NaN,NaN,NaN,NaN,NaN,NaN,NaN,NaN,NaN,NaN,NaN,NaN,NaN,NaN,NaN,NaN,NaN,NaN,NaN,NaN,NaN,NaN,NaN,NaN
NaN,NaN,2.096418e-08,-1.445541e-07,-7.388284e-07,-1.306315e-05,-6.544797e-05,-0.0001213221,-0.0001699141,-0.0002116286,-0.0002456944,-0.0002723249,-0.0002913989,-0.0003032297,-0.0003079962,-0.0003061163,-0.0002979276,-0.0002839169,-0.0002645084,-0.0002402314,-0.0002115608,-0.0001790579,-0.0001432344,-0.0001046833,-6.395509e-05,-2.167869e-05,2.154743e-05,6.504823e-05,0.0001081649,0.0001501642,0.0001903135,0.0002278118,0.000261845,0.0002915441,0.0003160162,0.0003343487,0.0003455957,0.0003488648,0.0003432216,0.0003279224,0.0003021381,0.0002654914,0.0002173105,0.0001580062,8.663257e-05,1.764146e-05,1.192811e-06,3.828222e-07,1.711617e-07,NaN,NaN,NaN,NaN,NaN,NaN,NaN,NaN,NaN,NaN,NaN,NaN,NaN,NaN,NaN,NaN,NaN,NaN,NaN,NaN,NaN,NaN,NaN,NaN,NaN,NaN,NaN,NaN,NaN,NaN,NaN,NaN,NaN,NaN,NaN,NaN,NaN,NaN,NaN,NaN,NaN,NaN,NaN,NaN,NaN,NaN,NaN,NaN,NaN,NaN,NaN
NaN,NaN,NaN,2.736263e-08,-1.405274e-07,-6.775272e-07,-1.18349e-05,-5.94094e-05,-0.0001101273,-0.0001536261,-0.0001900971,-0.0002190796,-0.0002407391,-0.0002551733,-0.0002626408,-0.0002634936,-0.0002580803,-0.0002468873,-0.0002303222,-0.0002089469,-0.0001832094,-0.0001537197,-0.0001209621,-8.558872e-05,-4.812073e-05,-9.258394e-06,3.043383e-05,7.019807e-05,0.000109417,0.0001472639,0.0001830615,0.0002159074,0.000245064,0.0002695573,0.0002886104,0.0003011975,0.0003065591,0.0003036692,0.0002918993,0.0002703059,0.000238603,0.000195934,0.0001428158,7.831199e-05,1.555777e-05,1.042346e-06,3.67443e-07,1.384798e-07,NaN,NaN,NaN,NaN,NaN,NaN,NaN,NaN,NaN,NaN,NaN,NaN,NaN,NaN,NaN,NaN,NaN,NaN,NaN,NaN,NaN,NaN,NaN,NaN,NaN,NaN,NaN,NaN,NaN,NaN,NaN,NaN,NaN,NaN,NaN,NaN,NaN,NaN,NaN,NaN,NaN,NaN,NaN,NaN,NaN,NaN,NaN,NaN,NaN,NaN,NaN,NaN
NaN,NaN,NaN,NaN,3.448442e-08,-1.363666e-07,-6.459039e-07,-1.09099e-05,-5.37382e-05,-9.927277e-05,-0.0001376131,-0.0001689956,-0.0001930376,-0.0002100671,-0.0002201711,-0.0002237589,-0.0002211331,-0.0002127811,-0.0001991187,-0.0001806875,-0.0001579694,-0.0001315495,-0.0001019575,-6.982077e-05,-3.571615e-05,-3.155791e-07,3.575063e-05,7.175876e-05,0.0001070171,0.0001407439,0.0001721806,0.0002004868,0.0002248434,0.0002443662,0.0002581951,0.0002654475,0.0002652667,0.0002568633,0.0002394605,0.0002125313,0.0001754597,0.0001282627,7.044744e-05,1.503675e-05,9.920165e-07,3.285846e-07,1.259406e-07,NaN,NaN,NaN,NaN,NaN,NaN,NaN,NaN,NaN,NaN,NaN,NaN,NaN,NaN,NaN,NaN,NaN,NaN,NaN,NaN,NaN,NaN,NaN,NaN,NaN,NaN,NaN,NaN,NaN,NaN,NaN,NaN,NaN,NaN,NaN,NaN,NaN,NaN,NaN,NaN,NaN,NaN,NaN,NaN,NaN,NaN,NaN,NaN,NaN,NaN,NaN,NaN,NaN
NaN,NaN,NaN,NaN,NaN,3.213015e-08,-1.26316e-07,-6.538525e-07,-1.018551e-05,-4.842677e-05,-8.873685e-05,-0.0001220546,-0.0001484817,-0.000167913,-0.00018061,-0.0001868517,-0.0001869776,-0.0001814464,-0.0001706667,-0.000155194,-0.0001354894,-0.00011217,-8.574411e-05,-5.688013e-05,-2.613183e-05,5.778147e-06,3.824772e-05,7.049461e-05,0.0001018639,0.000131509,0.0001587233,0.0001826001,0.0002023931,0.0002171539,0.0002261357,0.0002283823,0.0002232261,0.0002097592,0.0001875432,0.0001557554,0.0001145673,6.334639e-05,1.347396e-05,1.054813e-06,3.239933e-07,1.051433e-07,NaN,NaN,NaN,NaN,NaN,NaN,NaN,NaN,NaN,NaN,NaN,NaN,NaN,NaN,NaN,NaN,NaN,NaN,NaN,NaN,NaN,NaN,NaN,NaN,NaN,NaN,NaN,NaN,NaN,NaN,NaN,NaN,NaN,NaN,NaN,NaN,NaN,NaN,NaN,NaN,NaN,NaN,NaN,NaN,NaN,NaN,NaN,NaN,NaN,NaN,NaN,NaN,NaN,NaN
NaN,NaN,NaN,NaN,NaN,NaN,3.446387e-08,-1.220839e-07,-6.801327e-07,-9.579673e-06,-4.336319e-05,-7.857849e-05,-0.0001069872,-0.0001287812,-0.000143884,-0.0001527027,-0.0001554826,-0.0001527012,-0.0001447531,-0.0001321797,-0.0001154598,-9.519065e-05,-7.190921e-05,-4.6265e-05,-1.884864e-05,9.640326e-06,3.855509e-05,6.714334e-05,9.470017e-05,0.000120421,0.000143546,0.000163228,0.0001786719,0.0001890156,0.0001934625,0.0001911989,0.0001814759,0.0001636416,0.0001370514,0.0001014219,5.648725e-05,1.305907e-05,1.031159e-06,2.791437e-07,9.873606e-08,NaN,NaN,NaN,NaN,NaN,NaN,NaN,NaN,NaN,NaN,NaN,NaN,NaN,NaN,NaN,NaN,NaN,NaN,NaN,NaN,NaN,NaN,NaN,NaN,NaN,NaN,NaN,NaN,NaN,NaN,NaN,NaN,NaN,NaN,NaN,NaN,NaN,NaN,NaN,NaN,NaN,NaN,NaN,NaN,NaN,NaN,NaN,NaN,NaN,NaN,NaN,NaN,NaN,NaN,NaN
NaN,NaN,NaN,NaN,NaN,NaN,NaN,2.963624e-08,-1.128686e-07,-7.257237e-07,-9.025356e-06,-3.849141e-05,-6.874229e-05,-9.254991e-05,-0.0001099797,-0.0001211931,-0.00012652,-0.0001263752,-0.0001211564,-0.0001114012,-9.757258e-05,-8.028341e-05,-6.005579e-05,-3.756161e-05,-1.337515e-05,1.17739e-05,3.726081e-05,6.22981e-05,8.621178e-05,0.0001081589,0.0001274261,0.0001431296,0.0001545389,0.0001607616,0.0001611035,0.0001547032,0.0001410019,0.0001191981,8.908262e-05,5.013884e-05,1.171502e-05,1.111604e-06,2.804757e-07,9.025568e-08,NaN,NaN,NaN,NaN,NaN,NaN,NaN,NaN,NaN,NaN,NaN,NaN,NaN,NaN,NaN,NaN,NaN,NaN,NaN,NaN,NaN,NaN,NaN,NaN,NaN,NaN,NaN,NaN,NaN,NaN,NaN,NaN,NaN,NaN,NaN,NaN,NaN,NaN,NaN,NaN,NaN,NaN,NaN,NaN,NaN,NaN,NaN,NaN,NaN,NaN,NaN,NaN,NaN,NaN,NaN,NaN
NaN,NaN,NaN,NaN,NaN,NaN,NaN,NaN,2.989945e-08,-1.118572e-07,-7.7149e-07,-8.419122e-06,-3.372374e-05,-5.930317e-05,-7.875965e-05,-9.225323e-05,-9.994949e-05,-0.000102308,-9.969047e-05,-9.262463e-05,-8.157711e-05,-6.714506e-05,-4.986375e-05,-3.039125e-05,-9.321784e-06,1.263373e-05,3.482441e-05,5.648887e-05,7.692375e-05,9.532494e-05,0.0001109476,0.0001229634,0.0001306172,0.0001330951,0.0001296735,0.0001196344,0.0001023194,7.723866e-05,4.413166e-05,1.113164e-05,1.088714e-06,2.497007e-07,8.531958e-08,NaN,NaN,NaN,NaN,NaN,NaN,NaN,NaN,NaN,NaN,NaN,NaN,NaN,NaN,NaN,NaN,NaN,NaN,NaN,NaN,NaN,NaN,NaN,NaN,NaN,NaN,NaN,NaN,NaN,NaN,NaN,NaN,NaN,NaN,NaN,NaN,NaN,NaN,NaN,NaN,NaN,NaN,NaN,NaN,NaN,NaN,NaN,NaN,NaN,NaN,NaN,NaN,NaN,NaN,NaN,NaN,NaN
NaN,NaN,NaN,NaN,NaN,NaN,NaN,NaN,NaN,2.389306e-08,-1.067487e-07,-8.124018e-07,-7.740698e-06,-2.907758e-05,-5.022881e-05,-6.574485e-05,-7.566531e-05,-8.035402e-05,-8.018251e-05,-7.566284e-05,-6.724652e-05,-5.5534e-05,-4.105026e-05,-2.446004e-05,-6.346378e-06,1.256689e-05,3.164572e-05,5.011291e-05,6.729023e-05,8.235628e-05,9.460574e-05,0.000103197,0.0001074263,0.0001064767,9.970804e-05,8.636985e-05,6.600048e-05,3.824002e-05,1.025844e-05,1.166162e-06,2.50277e-07,8.097129e-08,NaN,NaN,NaN,NaN,NaN,NaN,NaN,NaN,NaN,NaN,NaN,NaN,NaN,NaN,NaN,NaN,NaN,NaN,NaN,NaN,NaN,NaN,NaN,NaN,NaN,NaN,NaN,NaN,NaN,NaN,NaN,NaN,NaN,NaN,NaN,NaN,NaN,NaN,NaN,NaN,NaN,NaN,NaN,NaN,NaN,NaN,NaN,NaN,NaN,NaN,NaN,NaN,NaN,NaN,NaN,NaN,NaN,NaN
NaN,NaN,NaN,NaN,NaN,NaN,NaN,NaN,NaN,-1.50052e-08,2.312535e-08,-1.097922e-07,-8.347828e-07,-6.973934e-06,-2.450202e-05,-4.161292e-05,-5.35399e-05,-6.038853e-05,-6.249193e-05,-6.034716e-05,-5.440234e-05,-4.52439e-05,-3.339651e-05,-1.951704e-05,-4.192195e-06,1.186672e-05,2.801745e-05,4.350164e-05,5.763173e-05,6.961662e-05,7.874053e-05,8.420357e-05,8.530442e-05,8.127901e-05,7.14877e-05,5.528724e-05,3.254351e-05,9.288526e-06,1.195034e-06,2.390472e-07,7.71299e-08,1.286383e-07,NaN,NaN,NaN,NaN,NaN,NaN,NaN,NaN,NaN,NaN,NaN,NaN,NaN,NaN,NaN,NaN,NaN,NaN,NaN,NaN,NaN,NaN,NaN,NaN,NaN,NaN,NaN,NaN,NaN,NaN,NaN,NaN,NaN,NaN,NaN,NaN,NaN,NaN,NaN,NaN,NaN,NaN,NaN,NaN,NaN,NaN,NaN,NaN,NaN,NaN,NaN,NaN,NaN,NaN,NaN,NaN,NaN,NaN
NaN,NaN,NaN,NaN,NaN,NaN,NaN,NaN,NaN,NaN,-6.762407e-09,1.664831e-08,-1.087617e-07,-8.403856e-07,-6.090394e-06,-2.005909e-05,-3.347683e-05,-4.230019e-05,-4.648887e-05,-4.654639e-05,-4.289205e-05,-3.611197e-05,-2.672235e-05,-1.537488e-05,-2.648519e-06,1.074532e-05,2.417714e-05,3.688723e-05,4.82075e-05,5.734473e-05,6.361569e-05,6.622414e-05,6.449861e-05,5.770952e-05,4.523657e-05,2.692049e-05,8.233677e-06,1.200117e-06,2.394361e-07,7.46904e-08,1.193685e-07,NaN,NaN,NaN,NaN,NaN,NaN,NaN,NaN,NaN,NaN,NaN,NaN,NaN,NaN,NaN,NaN,NaN,NaN,NaN,NaN,NaN,NaN,NaN,NaN,NaN,NaN,NaN,NaN,NaN,NaN,NaN,NaN,NaN,NaN,NaN,NaN,NaN,NaN,NaN,NaN,NaN,NaN,NaN,NaN,NaN,NaN,NaN,NaN,NaN,NaN,NaN,NaN,NaN,NaN,NaN,NaN,NaN,NaN,NaN
NaN,NaN,NaN,NaN,NaN,NaN,NaN,NaN,NaN,NaN,NaN,-4.973795e-09,1.570207e-08,-1.14089e-07,-8.101683e-07,-5.11271e-06,-1.578746e-05,-2.596952e-05,-3.207816e-05,-3.413879e-05,-3.259492e-05,-2.800852e-05,-2.088902e-05,-1.188319e-05,-1.562909e-06,9.369518e-06,2.028828e-05,3.044724e-05,3.91826e-05,4.572457e-05,4.939249e-05,4.94169e-05,4.515943e-05,3.587845e-05,2.159781e-05,6.932818e-06,1.177395e-06,2.377991e-07,7.633643e-08,1.031742e-07,NaN,NaN,NaN,NaN,NaN,NaN,NaN,NaN,NaN,NaN,NaN,NaN,NaN,NaN,NaN,NaN,NaN,NaN,NaN,NaN,NaN,NaN,NaN,NaN,NaN,NaN,NaN,NaN,NaN,NaN,NaN,NaN,NaN,NaN,NaN,NaN,NaN,NaN,NaN,NaN,NaN,NaN,NaN,NaN,NaN,NaN,NaN,NaN,NaN,NaN,NaN,NaN,NaN,NaN,NaN,NaN,NaN,NaN,NaN,NaN
NaN,NaN,NaN,NaN,NaN,NaN,NaN,NaN,NaN,NaN,NaN,NaN,2.130418e-09,8.931477e-09,-1.125156e-07,-7.506267e-07,-4.089474e-06,-1.183088e-05,-1.914537e-05,-2.303817e-05,-2.340857e-05,-2.082568e-05,-1.578884e-05,-8.931217e-06,-8.182838e-07,7.854868e-06,1.647307e-05,2.429772e-05,3.067979e-05,3.485594e-05,3.617487e-05,3.388194e-05,2.733723e-05,1.656409e-05,5.713237e-06,1.088228e-06,2.38884e-07,7.458951e-08,9.507214e-08,NaN,NaN,NaN,NaN,NaN,NaN,NaN,NaN,NaN,NaN,NaN,NaN,NaN,NaN,NaN,NaN,NaN,NaN,NaN,NaN,NaN,NaN,NaN,NaN,NaN,NaN,NaN,NaN,NaN,NaN,NaN,NaN,NaN,NaN,NaN,NaN,NaN,NaN,NaN,NaN,NaN,NaN,NaN,NaN,NaN,NaN,NaN,NaN,NaN,NaN,NaN,NaN,NaN,NaN,NaN,NaN,NaN,NaN,NaN,NaN,NaN
NaN,NaN,NaN,NaN,NaN,NaN,NaN,NaN,NaN,NaN,NaN,NaN,NaN,2.809476e-09,8.044441e-09,-1.137283e-07,-6.570463e-07,-3.092381e-06,-8.271251e-06,-1.31754e-05,-1.524896e-05,-1.448326e-05,-1.133517e-05,-6.433165e-06,-3.309913e-07,6.285158e-06,1.280985e-05,1.851453e-05,2.276341e-05,2.481062e-05,2.401268e-05,1.968259e-05,1.200585e-05,4.429455e-06,9.953164e-07,2.337173e-07,7.873901e-08,8.292072e-08,NaN,NaN,NaN,NaN,NaN,NaN,NaN,NaN,NaN,NaN,NaN,NaN,NaN,NaN,NaN,NaN,NaN,NaN,NaN,NaN,NaN,NaN,NaN,NaN,NaN,NaN,NaN,NaN,NaN,NaN,NaN,NaN,NaN,NaN,NaN,NaN,NaN,NaN,NaN,NaN,NaN,NaN,NaN,NaN,NaN,NaN,NaN,NaN,NaN,NaN,NaN,NaN,NaN,NaN,NaN,NaN,NaN,NaN,NaN,NaN,NaN,NaN
NaN,NaN,NaN,NaN,NaN,NaN,NaN,NaN,NaN,NaN,NaN,NaN,NaN,1.651636e-08,8.694076e-09,1.934833e-09,-1.047763e-07,-5.466306e-07,-2.158008e-06,-5.296033e-06,-8.145091e-06,-8.909122e-06,-7.462282e-06,-4.325125e-06,-4.014346e-08,4.71794e-06,9.351411e-06,1.314671e-05,1.54742e-05,1.561446e-05,1.30823e-05,8.063031e-06,3.228828e-06,8.519996e-07,2.297578e-07,7.697636e-08,7.792425e-08,6.526088e-08,NaN,NaN,NaN,NaN,NaN,NaN,NaN,NaN,NaN,NaN,NaN,NaN,NaN,NaN,NaN,NaN,NaN,NaN,NaN,NaN,NaN,NaN,NaN,NaN,NaN,NaN,NaN,NaN,NaN,NaN,NaN,NaN,NaN,NaN,NaN,NaN,NaN,NaN,NaN,NaN,NaN,NaN,NaN,NaN,NaN,NaN,NaN,NaN,NaN,NaN,NaN,NaN,NaN,NaN,NaN,NaN,NaN,NaN,NaN,NaN,NaN,NaN
NaN,NaN,NaN,NaN,NaN,NaN,NaN,NaN,NaN,NaN,NaN,NaN,NaN,NaN,2.01883e-08,8.172734e-09,2.122233e-09,-9.573021e-08,-4.159327e-07,-1.375228e-06,-2.986309e-06,-4.27408e-06,-4.152123e-06,-2.560017e-06,9.942832e-08,3.192171e-06,6.132063e-06,8.227556e-06,8.906051e-06,7.68223e-06,4.929657e-06,2.175989e-06,6.94453e-07,2.127799e-07,8.215059e-08,6.901588e-08,6.324517e-08,NaN,NaN,NaN,NaN,NaN,NaN,NaN,NaN,NaN,NaN,NaN,NaN,NaN,NaN,NaN,NaN,NaN,NaN,NaN,NaN,NaN,NaN,NaN,NaN,NaN,NaN,NaN,NaN,NaN,NaN,NaN,NaN,NaN,NaN,NaN,NaN,NaN,NaN,NaN,NaN,NaN,NaN,NaN,NaN,NaN,NaN,NaN,NaN,NaN,NaN,NaN,NaN,NaN,NaN,NaN,NaN,NaN,NaN,NaN,NaN,NaN,NaN,NaN
NaN,NaN,NaN,NaN,NaN,NaN,NaN,NaN,NaN,NaN,NaN,NaN,NaN,NaN,NaN,1.786784e-08,1.318474e-08,-2.455858e-09,-7.48575e-08,-2.9227e-07,-7.695281e-07,-1.418956e-06,-1.699963e-06,-1.185063e-06,1.245981e-07,1.787231e-06,3.291524e-06,4.065624e-06,3.809944e-06,2.649756e-06,1.352246e-06,5.271446e-07,1.940643e-07,8.050045e-08,6.671844e-08,5.59584e-08,NaN,NaN,NaN,NaN,NaN,NaN,NaN,NaN,NaN,NaN,NaN,NaN,NaN,NaN,NaN,NaN,NaN,NaN,NaN,NaN,NaN,NaN,NaN,NaN,NaN,NaN,NaN,NaN,NaN,NaN,NaN,NaN,NaN,NaN,NaN,NaN,NaN,NaN,NaN,NaN,NaN,NaN,NaN,NaN,NaN,NaN,NaN,NaN,NaN,NaN,NaN,NaN,NaN,NaN,NaN,NaN,NaN,NaN,NaN,NaN,NaN,NaN,NaN,NaN
NaN,NaN,NaN,NaN,NaN,NaN,NaN,NaN,NaN,NaN,NaN,NaN,NaN,NaN,NaN,1.389897e-08,2.126669e-08,1.204612e-08,5.481333e-10,-5.583597e-08,-1.754128e-07,-3.682626e-07,-5.081037e-07,-3.942741e-07,8.967228e-08,7.636973e-07,1.336099e-06,1.502096e-06,1.240795e-06,7.598123e-07,3.781981e-07,1.637392e-07,8.315731e-08,5.963499e-08,5.574065e-08,6.141519e-08,NaN,NaN,NaN,NaN,NaN,NaN,NaN,NaN,NaN,NaN,NaN,NaN,NaN,NaN,NaN,NaN,NaN,NaN,NaN,NaN,NaN,NaN,NaN,NaN,NaN,NaN,NaN,NaN,NaN,NaN,NaN,NaN,NaN,NaN,NaN,NaN,NaN,NaN,NaN,NaN,NaN,NaN,NaN,NaN,NaN,NaN,NaN,NaN,NaN,NaN,NaN,NaN,NaN,NaN,NaN,NaN,NaN,NaN,NaN,NaN,NaN,NaN,NaN,NaN
NaN,NaN,NaN,NaN,NaN,NaN,NaN,NaN,NaN,NaN,NaN,NaN,NaN,NaN,NaN,NaN,1.915547e-08,1.852862e-08,1.661732e-08,-1.534702e-10,-2.972108e-08,-8.770309e-08,-1.279434e-07,-9.985825e-08,5.663674e-08,2.80605e-07,4.65419e-07,4.947827e-07,3.965816e-07,2.468664e-07,1.369307e-07,7.739526e-08,5.904143e-08,5.011875e-08,5.816459e-08,NaN,NaN,NaN,NaN,NaN,NaN,NaN,NaN,NaN,NaN,NaN,NaN,NaN,NaN,NaN,NaN,NaN,NaN,NaN,NaN,NaN,NaN,NaN,NaN,NaN,NaN,NaN,NaN,NaN,NaN,NaN,NaN,NaN,NaN,NaN,NaN,NaN,NaN,NaN,NaN,NaN,NaN,NaN,NaN,NaN,NaN,NaN,NaN,NaN,NaN,NaN,NaN,NaN,NaN,NaN,NaN,NaN,NaN,NaN,NaN,NaN,NaN,NaN,NaN,NaN
NaN,NaN,NaN,NaN,NaN,NaN,NaN,NaN,NaN,NaN,NaN,NaN,NaN,NaN,NaN,NaN,NaN,1.793582e-08,2.147269e-08,1.49638e-08,7.246751e-09,-1.150761e-08,-2.179581e-08,-1.390494e-08,4.117151e-08,1.153699e-07,1.794279e-07,1.862686e-07,1.550476e-07,1.046631e-07,7.411541e-08,5.265979e-08,5.055865e-08,4.957426e-08,NaN,NaN,NaN,NaN,NaN,NaN,NaN,NaN,NaN,NaN,NaN,NaN,NaN,NaN,NaN,NaN,NaN,NaN,NaN,NaN,NaN,NaN,NaN,NaN,NaN,NaN,NaN,NaN,NaN,NaN,NaN,NaN,NaN,NaN,NaN,NaN,NaN,NaN,NaN,NaN,NaN,NaN,NaN,NaN,NaN,NaN,NaN,NaN,NaN,NaN,NaN,NaN,NaN,NaN,NaN,NaN,NaN,NaN,NaN,NaN,NaN,NaN,NaN,NaN,NaN,NaN
NaN,NaN,NaN,NaN,NaN,NaN,NaN,NaN,NaN,NaN,NaN,NaN,NaN,NaN,NaN,NaN,NaN,1.845111e-08,2.164773e-08,1.817802e-08,1.860887e-08,9.924324e-09,8.738612e-09,1.108489e-08,3.428033e-08,6.115814e-08,8.757876e-08,8.929862e-08,8.076852e-08,6.142812e-08,5.157531e-08,4.441535e-08,4.680233e-08,4.567567e-08,NaN,NaN,NaN,NaN,NaN,NaN,NaN,NaN,NaN,NaN,NaN,NaN,NaN,NaN,NaN,NaN,NaN,NaN,NaN,NaN,NaN,NaN,NaN,NaN,NaN,NaN,NaN,NaN,NaN,NaN,NaN,NaN,NaN,NaN,NaN,NaN,NaN,NaN,NaN,NaN,NaN,NaN,NaN,NaN,NaN,NaN,NaN,NaN,NaN,NaN,NaN,NaN,NaN,NaN,NaN,NaN,NaN,NaN,NaN,NaN,NaN,NaN,NaN,NaN,NaN,NaN
NaN,NaN,NaN,NaN,NaN,NaN,NaN,NaN,NaN,NaN,NaN,NaN,NaN,NaN,NaN,NaN,NaN,NaN,2.02329e-08,1.81874e-08,1.977375e-08,1.578772e-08,1.736211e-08,1.742737e-08,2.947727e-08,4.023143e-08,5.371765e-08,5.366166e-08,5.190769e-08,4.298692e-08,4.211299e-08,3.761144e-08,4.17356e-08,NaN,NaN,NaN,NaN,NaN,NaN,NaN,NaN,NaN,NaN,NaN,NaN,NaN,NaN,NaN,NaN,NaN,NaN,NaN,NaN,NaN,NaN,NaN,NaN,NaN,NaN,NaN,NaN,NaN,NaN,NaN,NaN,NaN,NaN,NaN,NaN,NaN,NaN,NaN,NaN,NaN,NaN,NaN,NaN,NaN,NaN,NaN,NaN,NaN,NaN,NaN,NaN,NaN,NaN,NaN,NaN,NaN,NaN,NaN,NaN,NaN,NaN,NaN,NaN,NaN,NaN,NaN
NaN,NaN,NaN,NaN,NaN,NaN,NaN,NaN,NaN,NaN,NaN,NaN,NaN,NaN,NaN,NaN,NaN,NaN,1.680348e-08,1.514618e-08,1.779159e-08,1.499557e-08,1.711723e-08,1.671338e-08,2.378006e-08,2.828738e-08,3.602056e-08,3.556997e-08,3.644156e-08,3.182479e-08,3.236321e-08,3.080326e-08,3.434081e-08,NaN,NaN,NaN,NaN,NaN,NaN,NaN,NaN,NaN,NaN,NaN,NaN,NaN,NaN,NaN,NaN,NaN,NaN,NaN,NaN,NaN,NaN,NaN,NaN,NaN,NaN,NaN,NaN,NaN,NaN,NaN,NaN,NaN,NaN,NaN,NaN,NaN,NaN,NaN,NaN,NaN,NaN,NaN,NaN,NaN,NaN,NaN,NaN,NaN,NaN,NaN,NaN,NaN,NaN,NaN,NaN,NaN,NaN,NaN,NaN,NaN,NaN,NaN,NaN,NaN,NaN,NaN
NaN,NaN,NaN,NaN,NaN,NaN,NaN,NaN,NaN,NaN,NaN,NaN,NaN,NaN,NaN,NaN,NaN,NaN,NaN,1.101401e-08,1.254171e-08,1.119927e-08,1.303281e-08,1.239433e-08,1.6584e-08,1.843372e-08,2.298821e-08,2.2379e-08,2.343992e-08,2.098399e-08,2.275848e-08,2.097526e-08,NaN,NaN,NaN,NaN,NaN,NaN,NaN,NaN,NaN,NaN,NaN,NaN,NaN,NaN,NaN,NaN,NaN,NaN,NaN,NaN,NaN,NaN,NaN,NaN,NaN,NaN,NaN,NaN,NaN,NaN,NaN,NaN,NaN,NaN,NaN,NaN,NaN,NaN,NaN,NaN,NaN,NaN,NaN,NaN,NaN,NaN,NaN,NaN,NaN,NaN,NaN,NaN,NaN,NaN,NaN,NaN,NaN,NaN,NaN,NaN,NaN,NaN,NaN,NaN,NaN,NaN,NaN,NaN
NaN,NaN,NaN,NaN,NaN,NaN,NaN,NaN,NaN,NaN,NaN,NaN,NaN,NaN,NaN,NaN,NaN,NaN,NaN,5.705038e-09,6.859991e-09,6.028628e-09,7.036459e-09,6.707616e-09,8.714363e-09,9.371642e-09,1.152119e-08,1.1205e-08,1.20106e-08,1.088204e-08,1.163144e-08,1.124627e-08,NaN,NaN,NaN,NaN,NaN,NaN,NaN,NaN,NaN,NaN,NaN,NaN,NaN,NaN,NaN,NaN,NaN,NaN,NaN,NaN,NaN,NaN,NaN,NaN,NaN,NaN,NaN,NaN,NaN,NaN,NaN,NaN,NaN,NaN,NaN,NaN,NaN,NaN,NaN,NaN,NaN,NaN,NaN,NaN,NaN,NaN,NaN,NaN,NaN,NaN,NaN,NaN,NaN,NaN,NaN,NaN,NaN,NaN,NaN,NaN,NaN,NaN,NaN,NaN,NaN,NaN,NaN,NaN
NaN,NaN,NaN,NaN,NaN,NaN,NaN,NaN,NaN,NaN,NaN,NaN,NaN,NaN,NaN,NaN,NaN,NaN,NaN,1.809441e-09,1.705916e-09,1.72224e-09,2.083276e-09,1.878186e-09,2.449224e-09,2.575686e-09,3.208223e-09,3.013905e-09,3.15469e-09,2.883233e-09,3.633783e-09,2.755279e-09,NaN,NaN,NaN,NaN,NaN,NaN,NaN,NaN,NaN,NaN,NaN,NaN,NaN,NaN,NaN,NaN,NaN,NaN,NaN,NaN,NaN,NaN,NaN,NaN,NaN,NaN,NaN,NaN,NaN,NaN,NaN,NaN,NaN,NaN,NaN,NaN,NaN,NaN,NaN,NaN,NaN,NaN,NaN,NaN,NaN,NaN,NaN,NaN,NaN,NaN,NaN,NaN,NaN,NaN,NaN,NaN,NaN,NaN,NaN,NaN,NaN,NaN,NaN,NaN,NaN,NaN,NaN,NaN
NaN,NaN,NaN,NaN,NaN,NaN,NaN,NaN,NaN,NaN,NaN,NaN,NaN,NaN,NaN,NaN,NaN,NaN,NaN,0,0,0,0,0,0,0,0,0,0,0,0,0,NaN,NaN,NaN,NaN,NaN,NaN,NaN,NaN,NaN,NaN,NaN,NaN,NaN,NaN,NaN,NaN,NaN,NaN,NaN,NaN,NaN,NaN,NaN,NaN,NaN,NaN,NaN,NaN,NaN,NaN,NaN,NaN,NaN,NaN,NaN,NaN,NaN,NaN,NaN,NaN,NaN,NaN,NaN,NaN,NaN,NaN,NaN,NaN,NaN,NaN,NaN,NaN,NaN,NaN,NaN,NaN,NaN,NaN,NaN,NaN,NaN,NaN,NaN,NaN,NaN,NaN,NaN,NaN
