NaN,NaN,NaN,NaN,NaN,NaN,NaN,NaN,NaN,NaN,NaN,NaN,NaN,NaN,NaN,NaN,NaN,NaN,NaN,0,0,0,0,0,0,0,0,0,0,0,0,0,NaN,NaN,NaN,NaN,NaN,NaN,NaN,NaN,NaN,NaN,NaN,NaN,NaN,NaN,NaN,NaN,NaN,NaN,NaN,NaN,NaN,NaN,NaN,NaN,NaN,NaN,NaN,NaN,NaN,NaN,NaN,NaN,NaN,NaN,NaN,NaN,NaN,NaN,NaN,NaN,NaN,NaN,NaN,NaN,NaN,NaN,NaN,NaN,NaN,NaN,NaN,NaN,NaN,NaN,NaN,NaN,NaN,NaN,NaN,NaN,NaN,NaN,NaN,NaN,NaN,NaN,NaN,NaN
NaN,NaN,NaN,NaN,NaN,NaN,NaN,NaN,NaN,NaN,NaN,NaN,NaN,NaN,NaN,NaN,NaN,NaN,NaN,-1.286173e-09,6.91234e-08,3.739676e-08,7.571537e-08,1.050127e-07,1.679879e-07,1.658e-07,1.76915e-07,1.223578e-07,1.017198e-07,7.111114e-08,1.129613e-07,4.999366e-08,NaN,NaN,NaN,NaN,NaN,NaN,NaN,NaN,NaN,NaN,NaN,NaN,NaN,NaN,NaN,NaN,NaN,NaN,NaN,NaN,NaN,NaN,NaN,NaN,NaN,NaN,NaN,NaN,NaN,NaN,NaN,NaN,NaN,NaN,NaN,NaN,NaN,NaN,NaN,NaN,NaN,NaN,NaN,NaN,NaN,NaN,NaN,NaN,NaN,NaN,NaN,NaN,NaN,NaN,NaN,NaN,NaN,NaN,NaN,NaN,NaN,NaN,NaN,NaN,NaN,NaN,NaN,NaN
NaN,NaN,NaN,NaN,NaN,NaN,NaN,NaN,NaN,NaN,NaN,NaN,NaN,NaN,NaN,NaN,NaN,NaN,NaN,1.274224e-07,1.607627e-07,2.321502e-07,3.459297e-07,4.830852e-07,6.181962e-07,6.798137e-07,6.493441e-07,5.450453e-07,4.386852e-07,3.555627e-07,3.15206e-07,3.141851e-07,NaN,NaN,NaN,NaN,NaN,NaN,NaN,NaN,NaN,NaN,NaN,NaN,NaN,NaN,NaN,NaN,NaN,NaN,NaN,NaN,NaN,NaN,NaN,NaN,NaN,NaN,NaN,NaN,NaN,NaN,NaN,NaN,NaN,NaN,NaN,NaN,NaN,NaN,NaN,NaN,NaN,NaN,NaN,NaN,NaN,NaN,NaN,NaN,NaN,NaN,NaN,NaN,NaN,NaN,NaN,NaN,NaN,NaN,NaN,NaN,NaN,NaN,NaN,NaN,NaN,NaN,NaN,NaN
NaN,NaN,NaN,NaN,NaN,NaN,NaN,NaN,NaN,NaN,NaN,NaN,NaN,NaN,NaN,NaN,NaN,NaN,NaN,2.215465e-07,3.482725e-07,4.670909e-07,7.198088e-07,1.062504e-06,1.391163e-06,1.533322e-06,1.450943e-06,1.180646e-06,8.96304e-07,7.002167e-07,6.417494e-07,5.74317e-07,NaN,NaN,NaN,NaN,NaN,NaN,NaN,NaN,NaN,NaN,NaN,NaN,NaN,NaN,NaN,NaN,NaN,NaN,NaN,NaN,NaN,NaN,NaN,NaN,NaN,NaN,NaN,NaN,NaN,NaN,NaN,NaN,NaN,NaN,NaN,NaN,NaN,NaN,NaN,NaN,NaN,NaN,NaN,NaN,NaN,NaN,NaN,NaN,NaN,NaN,NaN,NaN,NaN,NaN,NaN,NaN,NaN,NaN,NaN,NaN,NaN,NaN,NaN,NaN,NaN,NaN,NaN,NaN
NaN,NaN,NaN,NaN,NaN,NaN,NaN,NaN,NaN,NaN,NaN,NaN,NaN,NaN,NaN,NaN,NaN,NaN,2.87015e-07,3.637276e-07,5.054738e-07,8.133043e-07,1.337974e-06,1.988707e-06,2.628325e-06,2.901273e-06,2.714294e-06,2.158555e-06,1.591176e-06,1.147816e-06,9.226699e-07,8.675061e-07,8.783707e-07,NaN,NaN,NaN,NaN,NaN,NaN,NaN,NaN,NaN,NaN,NaN,NaN,NaN,NaN,NaN,NaN,NaN,NaN,NaN,NaN,NaN,NaN,NaN,NaN,NaN,NaN,NaN,NaN,NaN,NaN,NaN,NaN,NaN,NaN,NaN,NaN,NaN,NaN,NaN,NaN,NaN,NaN,NaN,NaN,NaN,NaN,NaN,NaN,NaN,NaN,NaN,NaN,NaN,NaN,NaN,NaN,NaN,NaN,NaN,NaN,NaN,NaN,NaN,NaN,NaN,NaN,NaN
NaN,NaN,NaN,NaN,NaN,NaN,NaN,NaN,NaN,NaN,NaN,NaN,NaN,NaN,NaN,NaN,NaN,NaN,3.438158e-07,4.807937e-07,7.90574e-07,1.354754e-06,2.367169e-06,3.797295e-06,5.095133e-06,5.682938e-06,5.204054e-06,4.009326e-06,2.680485e-06,1.761837e-06,1.298909e-06,1.090684e-06,1.060842e-06,NaN,NaN,NaN,NaN,NaN,NaN,NaN,NaN,NaN,NaN,NaN,NaN,NaN,NaN,NaN,NaN,NaN,NaN,NaN,NaN,NaN,NaN,NaN,NaN,NaN,NaN,NaN,NaN,NaN,NaN,NaN,NaN,NaN,NaN,NaN,NaN,NaN,NaN,NaN,NaN,NaN,NaN,NaN,NaN,NaN,NaN,NaN,NaN,NaN,NaN,NaN,NaN,NaN,NaN,NaN,NaN,NaN,NaN,NaN,NaN,NaN,NaN,NaN,NaN,NaN,NaN,NaN
NaN,NaN,NaN,NaN,NaN,NaN,NaN,NaN,NaN,NaN,NaN,NaN,NaN,NaN,NaN,NaN,NaN,2.614578e-07,4.38781e-07,6.541688e-07,1.227031e-06,2.546701e-06,4.915396e-06,8.035002e-06,1.103312e-05,1.227362e-05,1.116423e-05,8.284469e-06,5.279157e-06,3.007727e-06,1.791671e-06,1.32997e-06,1.229045e-06,1.171265e-06,NaN,NaN,NaN,NaN,NaN,NaN,NaN,NaN,NaN,NaN,NaN,NaN,NaN,NaN,NaN,NaN,NaN,NaN,NaN,NaN,NaN,NaN,NaN,NaN,NaN,NaN,NaN,NaN,NaN,NaN,NaN,NaN,NaN,NaN,NaN,NaN,NaN,NaN,NaN,NaN,NaN,NaN,NaN,NaN,NaN,NaN,NaN,NaN,NaN,NaN,NaN,NaN,NaN,NaN,NaN,NaN,NaN,NaN,NaN,NaN,NaN,NaN,NaN,NaN,NaN,NaN
NaN,NaN,NaN,NaN,NaN,NaN,NaN,NaN,NaN,NaN,NaN,NaN,NaN,NaN,NaN,NaN,NaN,4.101716e-07,5.183483e-07,1.08783e-06,2.561258e-06,5.856718e-06,1.193295e-05,2.039734e-05,2.817578e-05,3.149414e-05,2.835126e-05,2.071071e-05,1.237129e-05,6.36505e-06,3.170355e-06,1.799687e-06,1.346264e-06,1.362106e-06,NaN,NaN,NaN,NaN,NaN,NaN,NaN,NaN,NaN,NaN,NaN,NaN,NaN,NaN,NaN,NaN,NaN,NaN,NaN,NaN,NaN,NaN,NaN,NaN,NaN,NaN,NaN,NaN,NaN,NaN,NaN,NaN,NaN,NaN,NaN,NaN,NaN,NaN,NaN,NaN,NaN,NaN,NaN,NaN,NaN,NaN,NaN,NaN,NaN,NaN,NaN,NaN,NaN,NaN,NaN,NaN,NaN,NaN,NaN,NaN,NaN,NaN,NaN,NaN,NaN,NaN
NaN,NaN,NaN,NaN,NaN,NaN,NaN,NaN,NaN,NaN,NaN,NaN,NaN,NaN,NaN,NaN,3.421364e-07,3.304191e-07,9.212166e-07,2.327938e-06,6.566977e-06,1.668966e-05,3.51089e-05,5.982214e-05,8.241449e-05,9.157813e-05,8.270398e-05,6.029756e-05,3.574916e-05,1.73165e-05,7.246373e-06,3.079342e-06,1.771627e-06,1.299983e-06,1.441296e-06,NaN,NaN,NaN,NaN,NaN,NaN,NaN,NaN,NaN,NaN,NaN,NaN,NaN,NaN,NaN,NaN,NaN,NaN,NaN,NaN,NaN,NaN,NaN,NaN,NaN,NaN,NaN,NaN,NaN,NaN,NaN,NaN,NaN,NaN,NaN,NaN,NaN,NaN,NaN,NaN,NaN,NaN,NaN,NaN,NaN,NaN,NaN,NaN,NaN,NaN,NaN,NaN,NaN,NaN,NaN,NaN,NaN,NaN,NaN,NaN,NaN,NaN,NaN,NaN,NaN
NaN,NaN,NaN,NaN,NaN,NaN,NaN,NaN,NaN,NaN,NaN,NaN,NaN,NaN,NaN,3.249593e-07,2.180313e-07,8.203796e-07,2.020424e-06,7.1017e-06,2.182071e-05,5.610577e-05,0.0001158992,0.0001890036,0.0002485804,0.0002715233,0.0002492281,0.000190025,0.0001172108,5.707572e-05,2.27392e-05,7.948732e-06,2.903143e-06,1.805877e-06,1.321573e-06,1.566826e-06,NaN,NaN,NaN,NaN,NaN,NaN,NaN,NaN,NaN,NaN,NaN,NaN,NaN,NaN,NaN,NaN,NaN,NaN,NaN,NaN,NaN,NaN,NaN,NaN,NaN,NaN,NaN,NaN,NaN,NaN,NaN,NaN,NaN,NaN,NaN,NaN,NaN,NaN,NaN,NaN,NaN,NaN,NaN,NaN,NaN,NaN,NaN,NaN,NaN,NaN,NaN,NaN,NaN,NaN,NaN,NaN,NaN,NaN,NaN,NaN,NaN,NaN,NaN,NaN
NaN,NaN,NaN,NaN,NaN,NaN,NaN,NaN,NaN,NaN,NaN,NaN,NaN,NaN,NaN,4.026979e-08,6.655521e-07,1.569911e-06,7.256187e-06,2.651437e-05,8.323535e-05,0.0002001426,0.0003614964,0.0005173432,0.000624777,0.0006627211,0.0006263244,0.0005199607,0.0003646967,0.0002024358,8.510456e-05,2.775801e-05,8.268905e-06,2.586128e-06,1.783329e-06,1.272319e-06,NaN,NaN,NaN,NaN,NaN,NaN,NaN,NaN,NaN,NaN,NaN,NaN,NaN,NaN,NaN,NaN,NaN,NaN,NaN,NaN,NaN,NaN,NaN,NaN,NaN,NaN,NaN,NaN,NaN,NaN,NaN,NaN,NaN,NaN,NaN,NaN,NaN,NaN,NaN,NaN,NaN,NaN,NaN,NaN,NaN,NaN,NaN,NaN,NaN,NaN,NaN,NaN,NaN,NaN,NaN,NaN,NaN,NaN,NaN,NaN,NaN,NaN,NaN,NaN
NaN,NaN,NaN,NaN,NaN,NaN,NaN,NaN,NaN,NaN,NaN,NaN,NaN,NaN,-2.700298e-08,6.095794e-07,1.207015e-06,7.14616e-06,3.042809e-05,0.000114734,0.0003073671,0.0005815421,0.0008472975,0.001051084,0.001176538,0.001219739,0.001179178,0.001055995,0.0008537878,0.0005878974,0.0003125287,0.0001176618,3.202901e-05,8.328563e-06,2.350381e-06,1.868288e-06,1.339102e-06,NaN,NaN,NaN,NaN,NaN,NaN,NaN,NaN,NaN,NaN,NaN,NaN,NaN,NaN,NaN,NaN,NaN,NaN,NaN,NaN,NaN,NaN,NaN,NaN,NaN,NaN,NaN,NaN,NaN,NaN,NaN,NaN,NaN,NaN,NaN,NaN,NaN,NaN,NaN,NaN,NaN,NaN,NaN,NaN,NaN,NaN,NaN,NaN,NaN,NaN,NaN,NaN,NaN,NaN,NaN,NaN,NaN,NaN,NaN,NaN,NaN,NaN,NaN
NaN,NaN,NaN,NaN,NaN,NaN,NaN,NaN,NaN,NaN,NaN,NaN,NaN,-2.029032e-07,4.639576e-07,7.57864e-07,6.628995e-06,3.298312e-05,0.0001470944,0.0004268349,0.0008151446,0.001178237,0.001470783,0.001681692,0.001809589,0.001853372,0.001813274,0.001688877,0.001480953,0.001190173,0.0008269371,0.0004353667,0.0001515787,3.498534e-05,7.973897e-06,2.012802e-06,1.850527e-06,1.291332e-06,NaN,NaN,NaN,NaN,NaN,NaN,NaN,NaN,NaN,NaN,NaN,NaN,NaN,NaN,NaN,NaN,NaN,NaN,NaN,NaN,NaN,NaN,NaN,NaN,NaN,NaN,NaN,NaN,NaN,NaN,NaN,NaN,NaN,NaN,NaN,NaN,NaN,NaN,NaN,NaN,NaN,NaN,NaN,NaN,NaN,NaN,NaN,NaN,NaN,NaN,NaN,NaN,NaN,NaN,NaN,NaN,NaN,NaN,NaN,NaN,NaN,NaN
NaN,NaN,NaN,NaN,NaN,NaN,NaN,NaN,NaN,NaN,NaN,NaN,NaN,4.589148e-07,4.746963e-07,6.044262e-06,3.413525e-05,0.0001773073,0.0005477133,0.001037532,0.001489025,0.001864652,0.002158891,0.002371128,0.00249957,0.002544204,0.002504205,0.002380369,0.002172543,0.001882015,0.001508645,0.00105628,0.0005614514,0.0001836906,3.656855e-05,7.532738e-06,1.867982e-06,1.989109e-06,NaN,NaN,NaN,NaN,NaN,NaN,NaN,NaN,NaN,NaN,NaN,NaN,NaN,NaN,NaN,NaN,NaN,NaN,NaN,NaN,NaN,NaN,NaN,NaN,NaN,NaN,NaN,NaN,NaN,NaN,NaN,NaN,NaN,NaN,NaN,NaN,NaN,NaN,NaN,NaN,NaN,NaN,NaN,NaN,NaN,NaN,NaN,NaN,NaN,NaN,NaN,NaN,NaN,NaN,NaN,NaN,NaN,NaN,NaN,NaN,NaN,NaN
NaN,NaN,NaN,NaN,NaN,NaN,NaN,NaN,NaN,NaN,NaN,NaN,3.32536e-07,7.029809e-08,5.260895e-06,3.374362e-05,0.0002022869,0.0006614804,0.001240048,0.00177376,0.002230402,0.002607284,0.002903345,0.003115961,0.003245226,0.003289883,0.003250708,0.003127061,0.002920186,0.002629714,0.002257577,0.00180349,0.001268249,0.0006816731,0.0002111065,3.616732e-05,6.890681e-06,1.593188e-06,1.99823e-06,NaN,NaN,NaN,NaN,NaN,NaN,NaN,NaN,NaN,NaN,NaN,NaN,NaN,NaN,NaN,NaN,NaN,NaN,NaN,NaN,NaN,NaN,NaN,NaN,NaN,NaN,NaN,NaN,NaN,NaN,NaN,NaN,NaN,NaN,NaN,NaN,NaN,NaN,NaN,NaN,NaN,NaN,NaN,NaN,NaN,NaN,NaN,NaN,NaN,NaN,NaN,NaN,NaN,NaN,NaN,NaN,NaN,NaN,NaN,NaN,NaN
NaN,NaN,NaN,NaN,NaN,NaN,NaN,NaN,NaN,NaN,NaN,3.697046e-07,-1.355388e-07,4.637634e-06,3.237355e-05,0.0002214472,0.0007628151,0.001422523,0.002033091,0.002568988,0.003027421,0.003405868,0.003701843,0.003915255,0.004044366,0.004089799,0.004050623,0.003928079,0.00372167,0.003433083,0.003061803,0.002609352,0.002076283,0.001462898,0.0007913501,0.0002311085,3.560915e-05,6.47215e-06,1.491366e-06,2.177425e-06,NaN,NaN,NaN,NaN,NaN,NaN,NaN,NaN,NaN,NaN,NaN,NaN,NaN,NaN,NaN,NaN,NaN,NaN,NaN,NaN,NaN,NaN,NaN,NaN,NaN,NaN,NaN,NaN,NaN,NaN,NaN,NaN,NaN,NaN,NaN,NaN,NaN,NaN,NaN,NaN,NaN,NaN,NaN,NaN,NaN,NaN,NaN,NaN,NaN,NaN,NaN,NaN,NaN,NaN,NaN,NaN,NaN,NaN,NaN,NaN
NaN,NaN,NaN,NaN,NaN,NaN,NaN,NaN,NaN,NaN,2.371335e-07,-4.870722e-07,3.90676e-06,2.979168e-05,0.0002342602,0.0008496357,0.001584689,0.00226844,0.002881108,0.003418722,0.003878079,0.004256285,0.004552886,0.004765647,0.004895231,0.004940351,0.004902262,0.004780166,0.004575688,0.004288211,0.003919661,0.003469547,0.00293926,0.002329484,0.001640538,0.0008879204,0.0002492799,3.330976e-05,5.860203e-06,1.279762e-06,2.201968e-06,NaN,NaN,NaN,NaN,NaN,NaN,NaN,NaN,NaN,NaN,NaN,NaN,NaN,NaN,NaN,NaN,NaN,NaN,NaN,NaN,NaN,NaN,NaN,NaN,NaN,NaN,NaN,NaN,NaN,NaN,NaN,NaN,NaN,NaN,NaN,NaN,NaN,NaN,NaN,NaN,NaN,NaN,NaN,NaN,NaN,NaN,NaN,NaN,NaN,NaN,NaN,NaN,NaN,NaN,NaN,NaN,NaN,NaN,NaN
NaN,NaN,NaN,NaN,NaN,NaN,NaN,NaN,NaN,2.996163e-07,-6.150476e-07,3.467607e-06,2.681483e-05,0.0002404316,0.0009225284,0.001728307,0.002481945,0.00316865,0.003782557,0.004320674,0.004779399,0.005157568,0.0054528,0.005665594,0.005794351,0.005840227,0.005802235,0.005681995,0.005478796,0.005194544,0.004828465,0.004382414,0.003855952,0.00325075,0.002566145,0.001804241,0.0009750484,0.0002580458,3.062097e-05,5.583952e-06,1.215266e-06,2.359681e-06,NaN,NaN,NaN,NaN,NaN,NaN,NaN,NaN,NaN,NaN,NaN,NaN,NaN,NaN,NaN,NaN,NaN,NaN,NaN,NaN,NaN,NaN,NaN,NaN,NaN,NaN,NaN,NaN,NaN,NaN,NaN,NaN,NaN,NaN,NaN,NaN,NaN,NaN,NaN,NaN,NaN,NaN,NaN,NaN,NaN,NaN,NaN,NaN,NaN,NaN,NaN,NaN,NaN,NaN,NaN,NaN,NaN,NaN
NaN,NaN,NaN,NaN,NaN,NaN,NaN,NaN,NaN,-9.375648e-07,2.934959e-06,2.345398e-05,0.0002413377,0.0009816549,0.001853911,0.002674329,0.003432048,0.00411921,0.004733456,0.005270164,0.005727953,0.006103994,0.006398577,0.006609689,0.006738583,0.006783961,0.006747555,0.006628387,0.00642845,0.006146803,0.005785586,0.00534383,0.00482342,0.004223478,0.003545956,0.002789012,0.001955808,0.001049869,0.0002629085,2.772156e-05,5.277334e-06,1.084496e-06,NaN,NaN,NaN,NaN,NaN,NaN,NaN,NaN,NaN,NaN,NaN,NaN,NaN,NaN,NaN,NaN,NaN,NaN,NaN,NaN,NaN,NaN,NaN,NaN,NaN,NaN,NaN,NaN,NaN,NaN,NaN,NaN,NaN,NaN,NaN,NaN,NaN,NaN,NaN,NaN,NaN,NaN,NaN,NaN,NaN,NaN,NaN,NaN,NaN,NaN,NaN,NaN,NaN,NaN,NaN,NaN,NaN,NaN
NaN,NaN,NaN,NaN,NaN,NaN,NaN,NaN,-1.008985e-06,2.72289e-06,2.043227e-05,0.0002389781,0.001030626,0.001964053,0.002847665,0.003673034,0.004430296,0.005117595,0.005729382,0.006264225,0.006718867,0.007093145,0.007384933,0.007595326,0.00772287,0.007769205,0.007733312,0.00761714,0.007419792,0.007143352,0.006786772,0.006352021,0.005838047,0.005246622,0.004576202,0.003829032,0.003001713,0.002098004,0.001118778,0.0002656128,2.418882e-05,5.052022e-06,1.05807e-06,NaN,NaN,NaN,NaN,NaN,NaN,NaN,NaN,NaN,NaN,NaN,NaN,NaN,NaN,NaN,NaN,NaN,NaN,NaN,NaN,NaN,NaN,NaN,NaN,NaN,NaN,NaN,NaN,NaN,NaN,NaN,NaN,NaN,NaN,NaN,NaN,NaN,NaN,NaN,NaN,NaN,NaN,NaN,NaN,NaN,NaN,NaN,NaN,NaN,NaN,NaN,NaN,NaN,NaN,NaN,NaN,NaN
NaN,NaN,NaN,NaN,NaN,NaN,NaN,-1.302611e-06,2.34539e-06,1.737416e-05,0.0002347364,0.001071215,0.002060472,0.003002738,0.003891861,0.004715644,0.005472668,0.006156217,0.00676517,0.007295493,0.007747022,0.008117214,0.008407143,0.008614959,0.008742521,0.008788485,0.008755069,0.008641074,0.008448862,0.008177113,0.007828211,0.007400616,0.006896454,0.006313868,0.005655016,0.004916993,0.004102676,0.003206582,0.002234951,0.001182697,0.0002614548,2.310098e-05,5.165983e-06,8.82112e-07,NaN,NaN,NaN,NaN,NaN,NaN,NaN,NaN,NaN,NaN,NaN,NaN,NaN,NaN,NaN,NaN,NaN,NaN,NaN,NaN,NaN,NaN,NaN,NaN,NaN,NaN,NaN,NaN,NaN,NaN,NaN,NaN,NaN,NaN,NaN,NaN,NaN,NaN,NaN,NaN,NaN,NaN,NaN,NaN,NaN,NaN,NaN,NaN,NaN,NaN,NaN,NaN,NaN,NaN,NaN,NaN
NaN,NaN,NaN,NaN,NaN,NaN,-1.322885e-06,2.281835e-06,1.50641e-05,0.0002295985,0.001107255,0.002146723,0.003142602,0.004090777,0.004976992,0.005799842,0.0065516,0.007231149,0.007833918,0.008359609,0.008805483,0.009172255,0.009458101,0.009664689,0.00979071,0.009838232,0.009806213,0.009696883,0.009509177,0.009245303,0.008903936,0.008487041,0.007993054,0.007423597,0.006776519,0.006053466,0.005251065,0.004371659,0.003409636,0.002370114,0.001248482,0.0002750506,2.028148e-05,4.930218e-06,9.118982e-07,NaN,NaN,NaN,NaN,NaN,NaN,NaN,NaN,NaN,NaN,NaN,NaN,NaN,NaN,NaN,NaN,NaN,NaN,NaN,NaN,NaN,NaN,NaN,NaN,NaN,NaN,NaN,NaN,NaN,NaN,NaN,NaN,NaN,NaN,NaN,NaN,NaN,NaN,NaN,NaN,NaN,NaN,NaN,NaN,NaN,NaN,NaN,NaN,NaN,NaN,NaN,NaN,NaN,NaN,NaN
NaN,NaN,NaN,NaN,NaN,-1.587542e-06,1.987227e-06,1.31106e-05,0.000226121,0.001139883,0.002224155,0.003268272,0.004270352,0.005214147,0.006098466,0.006914258,0.007660589,0.008331995,0.008928444,0.009446551,0.009887182,0.01024813,0.01053119,0.01073468,0.01086101,0.01090879,0.01088066,0.01077523,0.01059515,0.01033877,0.01000863,0.009602682,0.009123105,0.008567297,0.007937273,0.007229409,0.006445985,0.005581783,0.004640492,0.003613629,0.002511455,0.001321771,0.0002691197,1.954068e-05,5.246212e-06,6.830493e-07,NaN,NaN,NaN,NaN,NaN,NaN,NaN,NaN,NaN,NaN,NaN,NaN,NaN,NaN,NaN,NaN,NaN,NaN,NaN,NaN,NaN,NaN,NaN,NaN,NaN,NaN,NaN,NaN,NaN,NaN,NaN,NaN,NaN,NaN,NaN,NaN,NaN,NaN,NaN,NaN,NaN,NaN,NaN,NaN,NaN,NaN,NaN,NaN,NaN,NaN,NaN,NaN,NaN,NaN
NaN,NaN,NaN,NaN,-1.553255e-06,1.967175e-06,1.209749e-05,0.0002256305,0.001173901,0.002296481,0.00338288,0.004433214,0.005429298,0.006369967,0.007245167,0.008053769,0.008789702,0.009452831,0.01003943,0.01055025,0.01098299,0.01133922,0.01161732,0.01181955,0.01194466,0.01199516,0.0119699,0.01187144,0.01169844,0.01145334,0.0111344,0.01074368,0.010279,0.009741961,0.009129624,0.008443354,0.007679143,0.006838546,0.005916151,0.004914915,0.003826973,0.002659337,0.001397479,0.0002872736,1.7544e-05,5.106804e-06,8.652319e-07,NaN,NaN,NaN,NaN,NaN,NaN,NaN,NaN,NaN,NaN,NaN,NaN,NaN,NaN,NaN,NaN,NaN,NaN,NaN,NaN,NaN,NaN,NaN,NaN,NaN,NaN,NaN,NaN,NaN,NaN,NaN,NaN,NaN,NaN,NaN,NaN,NaN,NaN,NaN,NaN,NaN,NaN,NaN,NaN,NaN,NaN,NaN,NaN,NaN,NaN,NaN,NaN,NaN
NaN,NaN,NaN,-1.763263e-06,1.672702e-06,1.158322e-05,0.0002291342,0.001209762,0.002364957,0.003487166,0.00457962,0.005622057,0.006613519,0.007542724,0.008408646,0.009204281,0.009929662,0.01058036,0.01115738,0.0116579,0.0120837,0.01243284,0.0127078,0.01290698,0.01303329,0.01308528,0.01306596,0.01297375,0.01281156,0.01257743,0.01227403,0.01189884,0.01145408,0.01093649,0.01034791,0.009684031,0.00894657,0.008129896,0.007236247,0.006258241,0.005200282,0.004050378,0.002820444,0.001487817,0.0002857389,1.748415e-05,5.222993e-06,6.475059e-07,NaN,NaN,NaN,NaN,NaN,NaN,NaN,NaN,NaN,NaN,NaN,NaN,NaN,NaN,NaN,NaN,NaN,NaN,NaN,NaN,NaN,NaN,NaN,NaN,NaN,NaN,NaN,NaN,NaN,NaN,NaN,NaN,NaN,NaN,NaN,NaN,NaN,NaN,NaN,NaN,NaN,NaN,NaN,NaN,NaN,NaN,NaN,NaN,NaN,NaN,NaN,NaN
NaN,NaN,-1.597551e-06,1.573066e-06,1.200888e-05,0.0002382989,0.001250885,0.002432819,0.0035844,0.004712326,0.005794702,0.006830658,0.007807978,0.008725464,0.009575496,0.01035795,0.01106797,0.0117065,0.01227047,0.01276158,0.01317785,0.01352161,0.01379135,0.01398992,0.01411598,0.01417252,0.01415818,0.01407588,0.01392398,0.01370517,0.01341728,0.01306257,0.01263822,0.01214593,0.01158196,0.01094757,0.01023784,0.009453844,0.008589375,0.007645985,0.006615653,0.005501766,0.004292279,0.002996781,0.001587807,0.0003141102,1.943353e-05,5.255932e-06,9.36203e-07,NaN,NaN,NaN,NaN,NaN,NaN,NaN,NaN,NaN,NaN,NaN,NaN,NaN,NaN,NaN,NaN,NaN,NaN,NaN,NaN,NaN,NaN,NaN,NaN,NaN,NaN,NaN,NaN,NaN,NaN,NaN,NaN,NaN,NaN,NaN,NaN,NaN,NaN,NaN,NaN,NaN,NaN,NaN,NaN,NaN,NaN,NaN,NaN,NaN,NaN,NaN
NaN,-1.684019e-06,1.100664e-06,1.345796e-05,0.0002523136,0.001295975,0.002499991,0.003674534,0.004831189,0.00594651,0.007020176,0.008038928,0.009001683,0.009899994,0.01073382,0.01149766,0.01219257,0.01281497,0.01336677,0.0138456,0.01425396,0.01459012,0.01485711,0.01505338,0.01518223,0.01524215,0.01523642,0.01516332,0.01502595,0.01482214,0.01455462,0.0142206,0.01382225,0.01335594,0.01282324,0.01221939,0.01154549,0.01079545,0.009970204,0.009062187,0.00807289,0.006992599,0.005825112,0.004555495,0.003196952,0.001716496,0.0003502451,2.26788e-05,4.908094e-06,1.04166e-06,NaN,NaN,NaN,NaN,NaN,NaN,NaN,NaN,NaN,NaN,NaN,NaN,NaN,NaN,NaN,NaN,NaN,NaN,NaN,NaN,NaN,NaN,NaN,NaN,NaN,NaN,NaN,NaN,NaN,NaN,NaN,NaN,NaN,NaN,NaN,NaN,NaN,NaN,NaN,NaN,NaN,NaN,NaN,NaN,NaN,NaN,NaN,NaN,NaN,NaN
-8.274407e-07,7.774183e-07,1.724541e-05,0.0002796894,0.001348728,0.002569093,0.003760643,0.004938941,0.006079936,0.007183805,0.00823673,0.009237602,0.01017745,0.01105611,0.01186766,0.01261307,0.01328842,0.01389559,0.014432,0.01490014,0.01529821,0.01562916,0.0158915,0.01608853,0.01621881,0.0162857,0.01628765,0.01622788,0.01610448,0.01592038,0.01567311,0.01536509,0.01499312,0.01455895,0.01405837,0.01349246,0.01285574,0.0121487,0.0113644,0.0105031,0.009556226,0.008524606,0.007397378,0.006177931,0.004850484,0.003429038,0.001870744,0.000407266,2.957958e-05,4.511057e-06,1.801268e-06,NaN,NaN,NaN,NaN,NaN,NaN,NaN,NaN,NaN,NaN,NaN,NaN,NaN,NaN,NaN,NaN,NaN,NaN,NaN,NaN,NaN,NaN,NaN,NaN,NaN,NaN,NaN,NaN,NaN,NaN,NaN,NaN,NaN,NaN,NaN,NaN,NaN,NaN,NaN,NaN,NaN,NaN,NaN,NaN,NaN,NaN,NaN,NaN,NaN
-1.061584e-06,2.415373e-05,0.000326611,0.001413368,0.002641851,0.003843062,0.005035462,0.006194243,0.007320287,0.008399317,0.009430479,0.01040423,0.0113205,0.01217279,0.01296217,0.01368421,0.01434093,0.01492928,0.01545195,0.0159068,0.01629693,0.01662067,0.01688145,0.01707769,0.01721299,0.01728573,0.01729942,0.0172522,0.01714731,0.01698247,0.0167605,0.01647848,0.01613857,0.01573701,0.01527523,0.01474827,0.01415679,0.0134944,0.01276104,0.01194875,0.01105709,0.01007635,0.009006637,0.007835964,0.00656746,0.00518343,0.003697481,0.002061058,0.0005006892,4.223554e-05,3.183127e-06,2.696954e-06,NaN,NaN,NaN,NaN,NaN,NaN,NaN,NaN,NaN,NaN,NaN,NaN,NaN,NaN,NaN,NaN,NaN,NaN,NaN,NaN,NaN,NaN,NaN,NaN,NaN,NaN,NaN,NaN,NaN,NaN,NaN,NaN,NaN,NaN,NaN,NaN,NaN,NaN,NaN,NaN,NaN,NaN,NaN,NaN,NaN,NaN,NaN,-8.691402e-07
4.329166e-05,0.0004134654,0.001503214,0.002727219,0.00392834,0.005125525,0.006293205,0.007432451,0.008528768,0.00958144,0.01058067,0.01152634,0.01241165,0.01323756,0.01399936,0.01469895,0.01533306,0.0159043,0.01641036,0.01685428,0.01723435,0.0175539,0.01781142,0.01801044,0.01814948,0.01823204,0.0182565,0.01822617,0.01813911,0.01799829,0.01780126,0.01755042,0.01724264,0.01687958,0.01645713,0.01597608,0.01543102,0.01482179,0.01414146,0.01338891,0.01255552,0.01163962,0.0106308,0.009527855,0.008318215,0.007003607,0.005565689,0.004017589,0.002310207,0.0006606442,6.609978e-05,1.437587e-06,4.158995e-06,NaN,NaN,NaN,NaN,NaN,NaN,NaN,NaN,NaN,NaN,NaN,NaN,NaN,NaN,NaN,NaN,NaN,NaN,NaN,NaN,NaN,NaN,NaN,NaN,NaN,NaN,NaN,NaN,NaN,NaN,NaN,NaN,NaN,NaN,NaN,NaN,NaN,NaN,NaN,NaN,NaN,NaN,NaN,NaN,NaN,-1.603102e-07,-8.264226e-07
0.0006192399,0.001651794,0.002835421,0.004023722,0.005212394,0.00637884,0.007520622,0.008624558,0.009688848,0.01070425,0.01167013,0.01257982,0.01343392,0.01422766,0.01496267,0.01563556,0.01624874,0.01679978,0.01729158,0.01772235,0.01809529,0.01840893,0.01866668,0.01886712,0.01901373,0.01910505,0.01914441,0.01913015,0.01906533,0.01894793,0.01878053,0.0185606,0.01829005,0.01796558,0.01758827,0.01715374,0.01666203,0.01610741,0.0154887,0.01479856,0.01403456,0.01318765,0.01225448,0.01122437,0.01009412,0.008851304,0.007495571,0.006010599,0.004408407,0.00265001,0.0009328203,0.0001071055,-3.998107e-07,4.92275e-06,NaN,NaN,NaN,NaN,NaN,NaN,NaN,NaN,NaN,NaN,NaN,NaN,NaN,NaN,NaN,NaN,NaN,NaN,NaN,NaN,NaN,NaN,NaN,NaN,NaN,NaN,NaN,NaN,NaN,NaN,NaN,NaN,NaN,NaN,NaN,NaN,NaN,NaN,NaN,NaN,NaN,NaN,NaN,3.431082e-07,-3.027681e-06,6.175343e-05
0.001846924,0.002992355,0.004141744,0.005308051,0.006458987,0.007591951,0.008691791,0.009757069,0.01077797,0.01175403,0.0126783,0.01355135,0.01436817,0.01513027,0.01583407,0.01648176,0.01707079,0.01760385,0.01807908,0.01849946,0.01886356,0.01917455,0.01943114,0.01963663,0.01978971,0.01989364,0.019947,0.01995283,0.01990952,0.01981972,0.01968142,0.01949675,0.01926316,0.018982,0.01864991,0.01826726,0.0178296,0.01733601,0.01678067,0.01616109,0.01546985,0.01470277,0.01385078,0.01290831,0.01186498,0.01071496,0.009447275,0.008059049,0.006539398,0.004899197,0.003121799,0.00135566,0.0001711731,7.91653e-07,5.374648e-06,NaN,NaN,NaN,NaN,NaN,NaN,NaN,NaN,NaN,NaN,NaN,NaN,NaN,NaN,NaN,NaN,NaN,NaN,NaN,NaN,NaN,NaN,NaN,NaN,NaN,NaN,NaN,NaN,NaN,NaN,NaN,NaN,NaN,NaN,NaN,NaN,NaN,NaN,NaN,NaN,NaN,2.61876e-07,-1.759138e-06,8.810355e-05,0.0007561616
0.003162668,0.004287715,0.00541816,0.006540921,0.007651025,0.008734604,0.009788457,0.01080347,0.01177833,0.01270657,0.01358814,0.01441833,0.01519811,0.01592404,0.01659785,0.01721706,0.01778393,0.01829665,0.01875784,0.01916613,0.01952435,0.01983134,0.02009013,0.02029952,0.02046262,0.02057818,0.02064922,0.02067429,0.02065621,0.02059323,0.0204878,0.02033776,0.02014498,0.01990667,0.01962391,0.01929303,0.01891405,0.01848208,0.01799569,0.01744853,0.0168373,0.01615398,0.01539319,0.01454527,0.01360304,0.01255585,0.01139626,0.01011443,0.008706764,0.007167838,0.00550839,0.003728322,0.001883765,0.0002701243,9.58937e-06,3.412863e-06,3.485374e-06,NaN,NaN,NaN,NaN,NaN,NaN,NaN,NaN,NaN,NaN,NaN,NaN,NaN,NaN,NaN,NaN,NaN,NaN,NaN,NaN,NaN,NaN,NaN,NaN,NaN,NaN,NaN,NaN,NaN,NaN,NaN,NaN,NaN,NaN,NaN,NaN,NaN,-7.251899e-07,-7.42688e-07,2.159589e-06,0.0001324738,0.0009829723,0.002042708
0.004455301,0.00554913,0.006634302,0.007709819,0.00876394,0.009793707,0.01079019,0.01175179,0.01267219,0.01355102,0.01438372,0.01517085,0.01590906,0.01659967,0.01724021,0.01783256,0.01837487,0.01886944,0.01931481,0.01971359,0.02006455,0.02037049,0.02063022,0.02084672,0.02101871,0.02114923,0.02123682,0.02128449,0.02129051,0.02125774,0.02118404,0.02107195,0.02091884,0.02072673,0.02049222,0.0202166,0.01989545,0.01952895,0.01911134,0.01864125,0.01811123,0.01751793,0.01685192,0.01610764,0.01527372,0.01434287,0.01330272,0.0121464,0.01086295,0.009450968,0.007904143,0.006230153,0.004420015,0.002426752,0.0004732963,4.359894e-05,-1.445864e-06,4.994838e-06,NaN,NaN,NaN,NaN,NaN,NaN,NaN,NaN,NaN,NaN,NaN,NaN,NaN,NaN,NaN,NaN,NaN,NaN,NaN,NaN,NaN,NaN,NaN,NaN,NaN,NaN,NaN,NaN,NaN,NaN,NaN,NaN,NaN,NaN,NaN,-1.917923e-08,-2.858488e-06,1.740662e-05,0.0002217313,0.001198802,0.002284081,0.003364975
0.005700596,0.006742711,0.007775426,0.008788599,0.009782206,0.01074722,0.01168316,0.01258311,0.01344736,0.01427067,0.0150541,0.0157936,0.01649088,0.01714273,0.01775138,0.01831424,0.01883393,0.01930826,0.01974016,0.02012771,0.02047405,0.02077736,0.02104096,0.02126301,0.02144695,0.02159083,0.02169813,0.02176671,0.0218,0.02179557,0.0217567,0.02168057,0.02157014,0.02142204,0.02123874,0.02101605,0.02075571,0.02045239,0.02010674,0.01971189,0.01926694,0.01876301,0.01819723,0.01755828,0.01684117,0.01603213,0.01512489,0.01410413,0.01296512,0.01169285,0.0102886,0.008736727,0.007036057,0.005163186,0.003056352,0.0009951742,0.0001288355,-1.733019e-06,3.633849e-06,NaN,NaN,NaN,NaN,NaN,NaN,NaN,NaN,NaN,NaN,NaN,NaN,NaN,NaN,NaN,NaN,NaN,NaN,NaN,NaN,NaN,NaN,NaN,NaN,NaN,NaN,NaN,NaN,NaN,NaN,NaN,NaN,NaN,-6.43505e-07,-3.213945e-06,5.414963e-05,0.0004475034,0.001436083,0.002529913,0.003592849,0.004648306
0.006878792,0.007861903,0.008824652,0.009772017,0.01069333,0.01159179,0.01245844,0.01329609,0.01409746,0.0148656,0.01559451,0.01628753,0.01693966,0.01755449,0.01812778,0.01866329,0.01915739,0.01961392,0.02002973,0.02040866,0.02074797,0.02105142,0.02131653,0.02154698,0.02174052,0.02190063,0.02202522,0.02211752,0.02217554,0.02220217,0.02219543,0.02215776,0.02208709,0.02198528,0.02184995,0.02168221,0.02147913,0.02124082,0.02096337,0.02064554,0.02028199,0.01986969,0.01940123,0.0188714,0.01827014,0.01759008,0.01681832,0.01594645,0.01495928,0.01385031,0.01260247,0.01121337,0.009661726,0.007940256,0.006043539,0.003984074,0.001999869,0.0002936698,1.928015e-05,-3.170452e-06,5.434403e-06,NaN,NaN,NaN,NaN,NaN,NaN,NaN,NaN,NaN,NaN,NaN,NaN,NaN,NaN,NaN,NaN,NaN,NaN,NaN,NaN,NaN,NaN,NaN,NaN,NaN,NaN,NaN,NaN,NaN,1.220867e-07,-3.390692e-06,5.382388e-06,0.0001226704,0.0008740127,0.001803563,0.002829388,0.003858975,0.004877378,0.005886433
0.007981705,0.008887521,0.009779497,0.01064761,0.01149726,0.01231932,0.01311811,0.01388573,0.01462622,0.01533283,0.01600959,0.01665074,0.01726033,0.01783344,0.01837409,0.01887806,0.0193493,0.01978422,0.0201866,0.02055342,0.02088825,0.02118853,0.0214576,0.02169331,0.02189871,0.02207201,0.02221592,0.02232898,0.02241346,0.02246819,0.02249492,0.02249272,0.02246268,0.02240398,0.02231698,0.02220073,0.02205467,0.02187748,0.02166736,0.02142225,0.02113875,0.02081351,0.02044101,0.02001601,0.0195304,0.01897644,0.0183434,0.01762078,0.01679618,0.01585667,0.01479007,0.01358156,0.01221849,0.01069168,0.008987732,0.007152077,0.005170827,0.003031302,0.000806038,0.0001185455,-6.035289e-07,-2.405533e-06,7.792633e-06,NaN,NaN,NaN,NaN,NaN,NaN,NaN,NaN,NaN,NaN,NaN,NaN,NaN,NaN,NaN,NaN,NaN,NaN,NaN,NaN,NaN,NaN,NaN,NaN,NaN,1.358796e-06,-3.160439e-06,-2.810551e-06,4.716123e-05,0.0003355203,0.001293538,0.002275746,0.003235522,0.004197595,0.005161995,0.006117349,0.007055278
0.00900466,0.009831568,0.01064043,0.01143026,0.01219951,0.01294705,0.01367121,0.01437104,0.01504493,0.01569238,0.0163119,0.01690356,0.0174659,0.01799958,0.01850309,0.01897771,0.01942175,0.01983709,0.02022183,0.0205784,0.0209046,0.02120348,0.02147237,0.02171496,0.02192811,0.02211607,0.02227518,0.02241024,0.02251702,0.02260083,0.02265678,0.02269063,0.02269677,0.02268132,0.0226378,0.02257259,0.02247814,0.02236088,0.02221195,0.0220375,0.021827,0.02158589,0.02130144,0.02097784,0.02059951,0.02016889,0.01966687,0.01909399,0.01842727,0.01766592,0.01678322,0.01577778,0.01462227,0.01331337,0.01184103,0.01020059,0.008415558,0.006449746,0.004272327,0.002250739,0.000379954,5.753252e-05,-6.117355e-06,-1.167221e-06,8.750453e-06,NaN,NaN,NaN,NaN,NaN,NaN,NaN,NaN,NaN,NaN,NaN,NaN,NaN,NaN,NaN,NaN,NaN,NaN,NaN,NaN,NaN,2.242674e-06,-2.080901e-06,-5.156886e-06,2.197722e-05,0.000156311,0.0009430606,0.001825315,0.002788219,0.003727648,0.004632282,0.005536325,0.006422394,0.007300125,0.008160075
0.009958534,0.01069882,0.01142452,0.01213034,0.01282025,0.01348902,0.01414008,0.01476845,0.01537731,0.01596205,0.01652579,0.01706426,0.01758062,0.01807095,0.01853843,0.01897947,0.01939728,0.01978854,0.02015649,0.02049804,0.02081645,0.02110883,0.02137843,0.02162253,0.02184435,0.0220413,0.02221658,0.0223677,0.02249776,0.02260434,0.02269043,0.02275362,0.0227967,0.02281721,0.02281768,0.02279544,0.02275264,0.02268625,0.02259784,0.0224837,0.02234456,0.02217568,0.02197648,0.02174067,0.02146584,0.02114341,0.02076868,0.02033002,0.01982015,0.01922386,0.01853147,0.01772466,0.01679113,0.0157159,0.01448356,0.01309706,0.01153945,0.009807231,0.007947197,0.005920335,0.003779766,0.001597191,0.0002637648,4.929385e-05,-9.654218e-06,-5.674293e-06,8.294572e-06,NaN,NaN,NaN,NaN,NaN,NaN,NaN,NaN,NaN,NaN,NaN,NaN,NaN,NaN,NaN,NaN,NaN,2.934466e-06,-4.312516e-06,-7.074535e-06,1.896374e-05,0.0001136505,0.0006779198,0.001614252,0.00254061,0.003443567,0.004311915,0.005172503,0.006010741,0.006830228,0.007635616,0.008426054,0.009199451
0.01086497,0.01152005,0.01215751,0.01278211,0.01338888,0.01398192,0.01455649,0.0151162,0.01565658,0.01618092,0.01668505,0.0171721,0.01763821,0.01808639,0.01851312,0.01892131,0.01930773,0.01967524,0.02002087,0.02034742,0.02065218,0.02093788,0.02120203,0.02144729,0.02167139,0.0218769,0.02206173,0.02222833,0.02237482,0.02250349,0.02261259,0.02270421,0.02277674,0.022832,0.02286844,0.02288751,0.02288759,0.02286969,0.02283196,0.02277471,0.02269567,0.02259416,0.02246708,0.0223124,0.02212567,0.02190293,0.02163774,0.02132367,0.02095148,0.02051185,0.01999222,0.0193799,0.01866079,0.01781732,0.01684168,0.0157114,0.0144291,0.01298426,0.0113644,0.009617392,0.007727638,0.005635389,0.00367141,0.001514305,0.0002815278,8.485308e-05,-2.244076e-06,-1.456049e-05,-2.770073e-06,7.889113e-06,NaN,NaN,NaN,NaN,NaN,NaN,NaN,NaN,NaN,NaN,NaN,4.375293e-06,-2.37222e-06,-9.539865e-06,-4.440999e-06,3.864204e-05,0.0001337575,0.0006764634,0.001637736,0.002497109,0.003388219,0.004239945,0.005048789,0.005846059,0.006614179,0.007365408,0.008097219,0.008813089,0.009511861,0.01019716
0.01175466,0.01231964,0.01287459,0.01341379,0.01394296,0.01445653,0.0149596,0.01544683,0.01592284,0.01638256,0.01683023,0.01726109,0.01767911,0.01807984,0.01846703,0.01883657,0.019192,0.01952953,0.01985252,0.02015752,0.0204477,0.02071993,0.0209772,0.02121668,0.02144118,0.02164818,0.0218403,0.02201529,0.02217557,0.02231914,0.0224482,0.022561,0.02265946,0.02274203,0.02281031,0.02286287,0.02290094,0.02292312,0.02293011,0.0229204,0.02289403,0.0228491,0.02278475,0.02269837,0.02258781,0.02244922,0.02227874,0.02207059,0.02181863,0.02151439,0.02114884,0.02071056,0.02018641,0.01956489,0.01882675,0.01796605,0.01696176,0.01580648,0.01450639,0.01304303,0.01142267,0.009708357,0.007875821,0.005849259,0.00405887,0.00222236,0.0005289839,0.0001684042,7.487852e-05,-4.373678e-08,-1.563364e-05,-1.63879e-05,-1.211254e-05,-7.550865e-06,-2.727742e-06,-1.661137e-06,-2.189995e-06,-5.973895e-06,-9.822917e-06,-1.364688e-05,-1.311221e-05,-3.370074e-06,3.831715e-05,9.615807e-05,0.0002755141,0.001078942,0.001985533,0.002770365,0.003637654,0.004446929,0.005212452,0.005960674,0.00668466,0.007378259,0.008056013,0.008711514,0.009351095,0.009972756,0.01058152,0.01117351
0.0126598,0.01314134,0.01361067,0.01407114,0.01451989,0.01496005,0.01538863,0.01580853,0.01621667,0.01661583,0.01700282,0.01738041,0.01774534,0.01810042,0.01844235,0.01877399,0.01909203,0.01939941,0.01969281,0.01997527,0.02024347,0.02050056,0.02074317,0.02097462,0.0211915,0.02139725,0.02158843,0.0217686,0.02193429,0.02208915,0.02222967,0.02235958,0.02247528,0.02258059,0.02267177,0.02275265,0.02281933,0.0228756,0.02291725,0.02294797,0.02296313,0.02296613,0.02295172,0.02292284,0.02287325,0.02280513,0.02271079,0.02259128,0.02243677,0.02224668,0.02200834,0.02171865,0.02136252,0.02093222,0.02041319,0.01979223,0.01905576,0.01819731,0.0171918,0.01605529,0.01477781,0.01335074,0.01180571,0.01019974,0.008535489,0.006733875,0.004991349,0.003689358,0.002068795,0.0006473346,0.0002512401,0.0001729221,0.0001336664,9.748858e-05,6.723366e-05,5.427299e-05,5.738954e-05,7.603792e-05,0.0001030877,0.0001346169,0.0001896865,0.0004094844,0.0011609,0.002091406,0.002758289,0.003501503,0.004305646,0.005038812,0.005736905,0.006423417,0.007087746,0.007725663,0.008340777,0.008938361,0.009514708,0.01007481,0.01061877,0.01114854,0.01166424,0.01216852
0.01361123,0.01400842,0.01439893,0.01477964,0.01515435,0.01551978,0.0158795,0.01623014,0.01657508,0.0169109,0.01724082,0.01756138,0.01787574,0.01818039,0.01847849,0.0187665,0.01904757,0.01931819,0.01958152,0.01983406,0.020079,0.02031287,0.02053892,0.02075368,0.02096047,0.02115582,0.02134312,0.02151892,0.02168666,0.0218429,0.02199113,0.0221279,0.02225673,0.02237415,0.02248369,0.02258182,0.02267204,0.02275072,0.02282127,0.02287987,0.02292979,0.0229669,0.02299421,0.02300709,0.02300812,0.0229919,0.02296036,0.02290689,0.02283242,0.0227286,0.02259479,0.02242054,0.02220219,0.02192843,0.02159022,0.02117688,0.02067639,0.02007277,0.01936626,0.01853312,0.01757288,0.01649756,0.01530155,0.01397969,0.01258675,0.01115816,0.009730181,0.008321336,0.006803711,0.005369209,0.004440777,0.003850337,0.003253428,0.002546743,0.001957055,0.001673004,0.001711763,0.002031718,0.00251574,0.002954102,0.003280191,0.003627166,0.004187167,0.004884636,0.005530055,0.00612669,0.006725981,0.007319958,0.007901974,0.008462223,0.009004771,0.009530472,0.01004072,0.01053187,0.01101008,0.01147257,0.01192298,0.01236028,0.01278772,0.01320343
0.01462784,0.01494764,0.01525964,0.01556747,0.01586821,0.01616526,0.01645566,0.01674263,0.01702312,0.01730024,0.01757086,0.017838,0.01809848,0.01835525,0.01860512,0.01885098,0.01908965,0.01932399,0.01955081,0.01977298,0.01998734,0.02019676,0.02039808,0.02059421,0.02078201,0.02096441,0.0211383,0.02130666,0.02146638,0.02162046,0.02176582,0.02190549,0.0220364,0.02216158,0.02227794,0.02238853,0.02249021,0.02258601,0.02267269,0.02275322,0.02282422,0.02288853,0.02294253,0.02298887,0.02302352,0.02304881,0.02306006,0.02305913,0.02304034,0.02300476,0.02294534,0.02286163,0.02274544,0.02259287,0.02239585,0.02214582,0.02183321,0.02145168,0.02098164,0.02042496,0.01976967,0.01900203,0.01812796,0.01716679,0.01611032,0.01496761,0.01377542,0.01259237,0.01142318,0.01028792,0.009279149,0.008460877,0.007746909,0.007062142,0.006460402,0.006050429,0.005878849,0.005943792,0.006183126,0.006492789,0.006794818,0.007099911,0.007448059,0.007859549,0.008305188,0.008762709,0.009219493,0.009671484,0.0101131,0.01054857,0.01097291,0.01138599,0.01178587,0.0121765,0.01255406,0.01292255,0.01328007,0.01362962,0.01396948,0.014303
0.01570978,0.01595341,0.01619487,0.01643085,0.01666518,0.01689451,0.01712256,0.0173459,0.01756813,0.01778578,0.01800237,0.01821437,0.01842522,0.01863136,0.01883619,0.0190361,0.01923447,0.01942768,0.01961907,0.01980503,0.01998891,0.02016707,0.02034288,0.02051271,0.02067993,0.02084094,0.02099911,0.02115086,0.0212996,0.02144173,0.02158069,0.0217129,0.02184182,0.02196386,0.0220825,0.02219412,0.02230222,0.02240314,0.02250035,0.02259014,0.02267594,0.02275389,0.02282736,0.02289231,0.02295198,0.02300198,0.02304536,0.02307722,0.02310028,0.02310885,0.02310502,0.02308225,0.02304092,0.02297444,0.02287967,0.02275019,0.02258072,0.02235958,0.02208736,0.02174572,0.02133056,0.02084048,0.02026751,0.01959853,0.01885195,0.01804067,0.01717523,0.01625803,0.0153123,0.01436953,0.01348694,0.01269764,0.01201411,0.0114166,0.01089808,0.01047307,0.01017296,0.01000898,0.009977636,0.0100477,0.01018567,0.01036363,0.01058205,0.01083598,0.01111833,0.01141418,0.01172139,0.01203354,0.01234929,0.01266016,0.01296792,0.01326937,0.0135664,0.01385468,0.01413836,0.01441386,0.01468459,0.01494795,0.01520739,0.01546006
0.01683544,0.01701205,0.01718515,0.01735815,0.01752797,0.01769798,0.01786509,0.01803257,0.0181973,0.01836251,0.01852503,0.01868804,0.01884832,0.01900901,0.01916688,0.019325,0.01948014,0.01963535,0.01978738,0.01993924,0.02008769,0.02023574,0.02038012,0.02052386,0.02066369,0.02080265,0.02093744,0.02107114,0.02120046,0.02132848,0.02145191,0.02157384,0.02169101,0.0218065,0.02191705,0.02202575,0.02212933,0.02223088,0.02232709,0.02242108,0.02250945,0.02259531,0.02267516,0.0227521,0.02282246,0.02288928,0.02294862,0.02300343,0.02304936,0.02308916,0.02311795,0.02313782,0.02314375,0.02313582,0.02310967,0.02306269,0.02298925,0.02288839,0.02274708,0.02256752,0.02234013,0.02205499,0.02170858,0.02130686,0.02083708,0.02029851,0.01969896,0.01906139,0.01839572,0.01771411,0.01702727,0.01636788,0.01575534,0.01520307,0.0147145,0.01429979,0.01396422,0.01371801,0.01355889,0.01348161,0.01346861,0.01350793,0.01358386,0.01369367,0.01383098,0.01399329,0.01416986,0.01435731,0.01454921,0.01474714,0.01494561,0.01514506,0.01534175,0.01553843,0.01573095,0.01592233,0.0161096,0.01629553,0.01647741,0.01665835
0.01795939,0.01807293,0.01818824,0.01830172,0.01841707,0.01853072,0.01864632,0.01876033,0.01887634,0.01899081,0.0191073,0.01922223,0.01933916,0.01945447,0.01957169,0.01968719,0.01980447,0.0199199,0.02003694,0.02015195,0.02026838,0.02038259,0.02049801,0.02061099,0.02072497,0.02083628,0.02094837,0.02105756,0.02116733,0.02127397,0.02138097,0.02148464,0.02158845,0.02168872,0.02178894,0.02188542,0.02198165,0.02207392,0.02216576,0.02225341,0.0223404,0.02242294,0.02250458,0.02258143,0.02265706,0.02272743,0.02279613,0.02285891,0.02291933,0.02297286,0.02302287,0.02306467,0.02310072,0.02312692,0.02314375,0.02314758,0.02313816,0.0231082,0.02306143,0.02298622,0.0228816,0.02274499,0.02257172,0.02234902,0.0220836,0.021775,0.02142405,0.0210235,0.02058322,0.02011321,0.01963358,0.01915208,0.01868613,0.01824533,0.0178408,0.01747415,0.0171542,0.0168823,0.01666559,0.01650173,0.01639137,0.01632482,0.01629921,0.0163036,0.01633437,0.01638305,0.01645029,0.01653012,0.01662256,0.01672043,0.01682526,0.01693274,0.01704474,0.0171565,0.01727129,0.01738496,0.01750053,0.01761454,0.01773017,0.01784395
0.01901882,0.01908198,0.01914486,0.01921074,0.01927629,0.01934477,0.01941289,0.01948392,0.01955457,0.01962808,0.01970118,0.01977711,0.01985257,0.01993079,0.02000845,0.02008879,0.02016847,0.02025069,0.02033214,0.020416,0.02049892,0.02058408,0.02066814,0.02075426,0.0208391,0.02092581,0.02101104,0.02109794,0.02118315,0.02126984,0.02135462,0.02144068,0.02152463,0.02160966,0.02169236,0.02177594,0.021857,0.02193874,0.02201774,0.02209724,0.02217378,0.02225063,0.02232429,0.02239806,0.02246837,0.02253855,0.02260493,0.02267089,0.02273259,0.02279342,0.02284941,0.02290364,0.02295245,0.02299775,0.02303675,0.02307003,0.02309412,0.02311143,0.02311369,0.02310515,0.02308017,0.02303452,0.02296459,0.02287471,0.02275409,0.0226002,0.02241107,0.02219543,0.02195166,0.021683,0.02138754,0.02107717,0.02075766,0.02044081,0.02013268,0.01984422,0.01957754,0.01933965,0.01912974,0.01895195,0.01880295,0.0186849,0.01859174,0.01852443,0.01847792,0.01845273,0.01844188,0.0184451,0.01845718,0.01848035,0.01850969,0.01854639,0.01858643,0.01863243,0.01868007,0.01873215,0.01878514,0.01884172,0.01889861,0.01895876
0.01994066,0.01996094,0.01998535,0.0200101,0.02003881,0.02006774,0.02010051,0.02013341,0.02017005,0.02020675,0.0202471,0.02028744,0.02033136,0.02037518,0.0204225,0.02046964,0.02052017,0.02057042,0.02062396,0.0206771,0.02073341,0.02078919,0.02084799,0.02090612,0.02096713,0.0210273,0.02109019,0.02115207,0.0212165,0.02127975,0.02134537,0.02140961,0.02147605,0.02154092,0.02160781,0.02167295,0.02173992,0.02180496,0.02187166,0.02193623,0.02200231,0.02206608,0.02213121,0.02219385,0.0222577,0.02231885,0.02238108,0.02244039,0.02250061,0.02255763,0.02261525,0.02266947,0.02272353,0.02277412,0.02282335,0.02286845,0.02291155,0.02294746,0.02298142,0.02300589,0.02302264,0.02303007,0.02302775,0.02300645,0.0229713,0.02291951,0.02285108,0.02275702,0.02264048,0.0225009,0.02234636,0.0221746,0.02199219,0.02179994,0.02160537,0.02140884,0.02121816,0.02103357,0.02086198,0.02070257,0.02056072,0.02043352,0.02032491,0.02023018,0.02015089,0.0200819,0.02002629,0.01998004,0.01994533,0.01991666,0.01989665,0.01988141,0.01987352,0.01986846,0.01986962,0.01987285,0.01988124,0.01989107,0.01990555,0.01992093
0.02065642,0.02064927,0.02064298,0.02064091,0.02063956,0.02064228,0.0206456,0.02065287,0.02066065,0.02067227,0.02068432,0.02070013,0.02071629,0.02073613,0.02075623,0.02077992,0.02080381,0.02083119,0.02085867,0.02088956,0.02092045,0.02095463,0.02098871,0.02102598,0.02106302,0.02110312,0.02114287,0.02118554,0.02122772,0.02127269,0.02131701,0.02136398,0.02141015,0.02145881,0.02150652,0.02155658,0.02160552,0.02165667,0.02170656,0.02175852,0.02180906,0.02186157,0.02191253,0.02196535,0.02201648,0.02206941,0.02212051,0.02217335,0.02222423,0.02227677,0.02232726,0.02237915,0.0224291,0.02247978,0.02252867,0.02257772,0.02262397,0.02267111,0.02271304,0.02275469,0.02279237,0.02282537,0.02285092,0.02287404,0.02288722,0.02289001,0.02287913,0.02286001,0.02282839,0.02278507,0.02272424,0.02265057,0.02256227,0.02246422,0.0223558,0.02224326,0.02212581,0.02200905,0.02189159,0.02177822,0.02166694,0.02156234,0.02146165,0.02136915,0.0212826,0.0212056,0.021134,0.02107007,0.02101023,0.02095808,0.02090988,0.02086802,0.02082903,0.02079615,0.02076544,0.02074004,0.02071653,0.02069784,0.02068061,0.02066796
0.02111206,0.02108548,0.02106317,0.0210413,0.0210236,0.02100628,0.02099305,0.02098014,0.02097123,0.02096258,0.02095786,0.02095334,0.02095269,0.02095218,0.02095546,0.02095883,0.02096592,0.02097302,0.02098379,0.02099449,0.02100878,0.02102293,0.02104059,0.02105802,0.02107887,0.0210994,0.02112326,0.0211467,0.02117336,0.02119949,0.02122874,0.02125734,0.02128896,0.02131981,0.02135357,0.02138644,0.0214221,0.02145677,0.02149413,0.02153038,0.02156925,0.0216069,0.0216471,0.021686,0.0217274,0.02176742,0.02180992,0.02185098,0.02189453,0.02193659,0.02198108,0.02202418,0.0220694,0.02211355,0.02215937,0.0222041,0.02225076,0.02229482,0.02234171,0.02238561,0.02242941,0.02247156,0.02251389,0.02254952,0.0225836,0.02261351,0.02264089,0.02265835,0.0226685,0.02266831,0.02266266,0.02264681,0.02262386,0.02259035,0.02254999,0.02249946,0.0224434,0.02237941,0.02231265,0.02224103,0.02216962,0.02209581,0.02202448,0.02195242,0.02188323,0.02181345,0.02174765,0.02168306,0.02162342,0.02156455,0.02151016,0.02145708,0.02140877,0.02136127,0.02131852,0.0212767,0.0212393,0.0212028,0.02117065,0.02113919
0.02127999,0.02124739,0.02121488,0.02118598,0.0211572,0.02113201,0.02110694,0.02108545,0.02106408,0.02104627,0.02102856,0.02101437,0.02100025,0.02098963,0.02097904,0.02097191,0.02096478,0.02096106,0.0209573,0.02095691,0.02095642,0.02095925,0.02096193,0.02096788,0.02097361,0.02098255,0.02099122,0.02100302,0.02101447,0.021029,0.0210431,0.02106019,0.02107679,0.02109632,0.02111526,0.02113706,0.02115819,0.02118212,0.02120531,0.02123125,0.02125638,0.02128422,0.0213112,0.02134086,0.02136962,0.02140108,0.02143161,0.02146485,0.02149716,0.02153221,0.02156638,0.0216032,0.0216394,0.02167792,0.02171612,0.02175654,0.02179613,0.0218389,0.0218796,0.02192305,0.02196603,0.0220095,0.0220507,0.02209478,0.02213601,0.02217561,0.02221035,0.02224522,0.02227625,0.02230496,0.02232574,0.02234187,0.0223498,0.0223526,0.02234706,0.02233696,0.02231914,0.02229729,0.02226831,0.02223591,0.02219713,0.02215606,0.02210974,0.0220625,0.02201213,0.02196285,0.02191133,0.02186086,0.02180846,0.02175841,0.02170759,0.02165918,0.02161014,0.02156428,0.02151801,0.02147495,0.02143188,0.0213921,0.02135239,0.02131615
0.02115842,0.0211232,0.02109111,0.02105837,0.02102883,0.02099874,0.02097192,0.02094461,0.0209206,0.02089614,0.020875,0.02085342,0.02083517,0.0208165,0.02080114,0.02078535,0.02077287,0.02075995,0.02075031,0.02074022,0.02073339,0.02072607,0.020722,0.0207174,0.02071602,0.02071407,0.02071531,0.02071595,0.02071972,0.02072286,0.0207291,0.02073466,0.02074328,0.02075117,0.02076209,0.02077224,0.02078538,0.02079771,0.02081301,0.02082747,0.02084488,0.02086143,0.02088094,0.02089957,0.02092118,0.0209419,0.02096566,0.02098854,0.02101451,0.02103964,0.02106786,0.02109541,0.02112589,0.02115602,0.02118886,0.02122142,0.02125707,0.02129146,0.02132976,0.02136687,0.021406,0.02144514,0.02148705,0.02152592,0.02156665,0.02160655,0.02164831,0.02168588,0.02172228,0.02175421,0.0217861,0.02181337,0.02183894,0.02185865,0.02187557,0.0218854,0.02189164,0.02189058,0.02188614,0.02187498,0.02186125,0.02184154,0.02182013,0.0217935,0.02176531,0.02173201,0.02169814,0.02166087,0.02162427,0.0215845,0.0215456,0.02150455,0.02146521,0.02142387,0.02138472,0.02134418,0.02130601,0.0212668,0.02123028,0.02119287
0.02077078,0.02074059,0.02070926,0.02068046,0.02065067,0.02062353,0.02059552,0.02057025,0.02054419,0.02052093,0.02049695,0.0204758,0.02045398,0.02043501,0.02041541,0.02039867,0.02038131,0.02036683,0.02035172,0.0203395,0.02032665,0.02031668,0.02030608,0.02029835,0.02028998,0.02028447,0.02027831,0.020275,0.02027101,0.02026986,0.02026802,0.02026901,0.0202693,0.0202724,0.02027477,0.02027997,0.02028442,0.02029169,0.02029822,0.02030758,0.02031619,0.02032766,0.0203384,0.02035202,0.02036493,0.02038078,0.02039594,0.02041411,0.02043163,0.02045222,0.02047225,0.02049531,0.02051806,0.02054362,0.02056913,0.02059745,0.02062534,0.02065684,0.02068711,0.02072066,0.0207543,0.0207898,0.02082412,0.02086215,0.02089897,0.02093659,0.02097171,0.02100904,0.02104491,0.02108165,0.02111429,0.02114614,0.02117354,0.0211996,0.02122071,0.0212403,0.02125468,0.02126714,0.02127396,0.02127841,0.02127689,0.02127301,0.02126326,0.02125153,0.02123499,0.02121766,0.021196,0.02117341,0.02114671,0.02112012,0.02109047,0.02106117,0.0210291,0.02099822,0.02096501,0.02093323,0.02089968,0.02086786,0.02083454,0.02080332
0.02015299,0.02012553,0.02010029,0.02007348,0.02004902,0.02002315,0.01999974,0.01997505,0.01995291,0.01992956,0.01990883,0.01988697,0.01986778,0.01984749,0.01982991,0.01981128,0.01979538,0.01977845,0.01976427,0.01974907,0.01973664,0.0197232,0.01971254,0.01970088,0.01969201,0.01968213,0.01967504,0.01966696,0.01966167,0.01965539,0.01965191,0.01964745,0.01964579,0.01964315,0.01964334,0.01964255,0.01964461,0.0196457,0.01964967,0.0196527,0.01965864,0.01966366,0.01967165,0.01967875,0.01968888,0.01969816,0.01971054,0.01972211,0.01973685,0.01975086,0.01976806,0.01978468,0.01980437,0.01982376,0.01984607,0.0198681,0.01989339,0.01991765,0.01994576,0.01997298,0.02000263,0.02003222,0.02006493,0.02009546,0.0201284,0.0201608,0.02019583,0.02022813,0.02026097,0.02029091,0.02032229,0.02035085,0.0203798,0.02040507,0.02042993,0.02045012,0.02046913,0.02048303,0.02049553,0.02050294,0.02050912,0.02051032,0.02051051,0.02050589,0.0205,0.02048904,0.02047725,0.02046146,0.02044564,0.02042588,0.02040615,0.02038324,0.02036102,0.02033574,0.02031159,0.02028495,0.02025963,0.02023218,0.02020641,0.0201787
0.01934777,0.01932652,0.01930351,0.01928249,0.01925987,0.01923935,0.01921736,0.01919757,0.01917642,0.01915753,0.01913735,0.01911951,0.01910043,0.01908372,0.01906583,0.01905035,0.01903371,0.01901951,0.01900418,0.0189913,0.01897732,0.01896581,0.01895321,0.0189431,0.0189319,0.01892322,0.01891347,0.01890624,0.01889795,0.01889221,0.01888543,0.01888121,0.01887596,0.01887331,0.01886965,0.01886862,0.0188666,0.01886725,0.01886695,0.01886936,0.01887086,0.01887512,0.01887852,0.01888475,0.01889015,0.01889846,0.01890599,0.01891651,0.01892631,0.01893914,0.01895136,0.01896658,0.01898139,0.01899902,0.01901644,0.01903669,0.01905639,0.01907954,0.01910152,0.01912664,0.01915159,0.01917865,0.01920451,0.0192338,0.01926198,0.0192915,0.01931889,0.01934862,0.01937708,0.01940707,0.01943399,0.01946126,0.01948522,0.0195092,0.01952955,0.0195498,0.01956625,0.01958229,0.01959415,0.01960517,0.01961162,0.01961705,0.01961779,0.01961759,0.01961328,0.01960874,0.01960029,0.01959132,0.01957843,0.0195657,0.01954977,0.01953408,0.01951533,0.01949746,0.01947684,0.01945723,0.01943533,0.01941469,0.01939197,0.01937083
0.01839261,0.01837283,0.01835502,0.01833532,0.0183177,0.01829832,0.01828111,0.01826226,0.01824564,0.01822745,0.01821156,0.01819416,0.01817911,0.01816259,0.01814845,0.01813289,0.01811973,0.01810518,0.01809305,0.01807955,0.01806849,0.01805608,0.01804614,0.01803485,0.01802606,0.01801593,0.01800832,0.01799939,0.01799299,0.0179853,0.01798017,0.01797377,0.01796995,0.0179649,0.01796247,0.01795882,0.01795784,0.01795568,0.01795625,0.01795567,0.01795788,0.01795899,0.01796295,0.01796586,0.0179717,0.01797654,0.01798437,0.01799126,0.01800121,0.0180103,0.01802245,0.01803387,0.01804824,0.0180621,0.01807879,0.01809495,0.0181142,0.01813231,0.01815391,0.01817448,0.01819742,0.01821989,0.01824527,0.01826858,0.01829417,0.01831887,0.01834608,0.01837083,0.01839652,0.01841957,0.01844421,0.01846635,0.01848942,0.0185094,0.01852977,0.01854638,0.01856284,0.01857521,0.01858727,0.01859526,0.01860303,0.01860679,0.01861046,0.01861018,0.01860953,0.01860464,0.01859963,0.0185911,0.018583,0.01857135,0.01856007,0.01854577,0.01853234,0.0185159,0.01850061,0.01848275,0.01846615,0.01844725,0.01842989,0.01841036
0.01732049,0.01730498,0.0172876,0.01727213,0.01725491,0.01723969,0.01722282,0.01720802,0.01719166,0.01717743,0.01716168,0.01714811,0.01713308,0.01712025,0.01710599,0.01709397,0.01708055,0.01706938,0.01705682,0.01704654,0.0170349,0.01702555,0.01701484,0.01700645,0.01699672,0.01698931,0.01698059,0.01697422,0.01696654,0.01696124,0.01695467,0.01695049,0.01694507,0.01694208,0.01693787,0.01693615,0.01693324,0.01693286,0.01693133,0.0169324,0.01693236,0.01693498,0.01693654,0.01694082,0.01694411,0.01695018,0.0169553,0.01696328,0.01697036,0.01698033,0.01698949,0.01700149,0.01701286,0.01702692,0.01704045,0.01705669,0.01707211,0.01709068,0.01710794,0.01712804,0.01714758,0.01716919,0.01718937,0.01721256,0.01723442,0.01725771,0.01727882,0.01730205,0.01732378,0.01734709,0.01736758,0.01738874,0.01740689,0.01742549,0.01744086,0.01745663,0.01746908,0.01748175,0.01749085,0.01749987,0.01750505,0.01751,0.017511,0.01751183,0.01750914,0.01750681,0.01750111,0.0174955,0.01748644,0.01747798,0.01746663,0.0174559,0.01744233,0.01742988,0.01741481,0.01740092,0.01738478,0.01736998,0.01735309,0.01733779
0.01615457,0.0161388,0.01612501,0.01610931,0.01609566,0.01608021,0.01606689,0.01605184,0.01603898,0.01602445,0.01601215,0.01599824,0.01598659,0.01597335,0.01596241,0.0159499,0.0159397,0.01592797,0.01591856,0.01590763,0.01589903,0.01588893,0.01588118,0.01587193,0.01586505,0.01585669,0.01585071,0.01584327,0.01583824,0.01583176,0.01582772,0.01582225,0.01581925,0.01581485,0.01581296,0.01580971,0.015809,0.01580697,0.01580754,0.01580682,0.01580876,0.01580947,0.01581289,0.01581512,0.01582013,0.01582399,0.0158307,0.01583631,0.0158448,0.01585225,0.01586259,0.01587199,0.01588417,0.01589557,0.01590964,0.01592288,0.01593899,0.01595376,0.01597167,0.01598833,0.01600722,0.01602522,0.01604589,0.01606444,0.01608507,0.01610446,0.01612614,0.01614541,0.01616574,0.01618345,0.0162027,0.01621948,0.01623734,0.01625231,0.01626798,0.01628026,0.01629285,0.01630181,0.01631097,0.01631652,0.01632237,0.01632468,0.0163274,0.01632664,0.01632608,0.01632179,0.01631786,0.01631079,0.01630453,0.01629508,0.01628635,0.01627486,0.01626448,0.01625132,0.01623949,0.01622524,0.01621239,0.01619732,0.01618388,0.01616831
0.01491459,0.01490206,0.01488762,0.01487514,0.01486088,0.01484863,0.01483469,0.01482281,0.01480931,0.01479793,0.01478496,0.01477415,0.0147618,0.01475162,0.01473992,0.01473043,0.01471944,0.01471066,0.0147004,0.01469237,0.01468287,0.01467561,0.01466689,0.01466042,0.01465251,0.01464686,0.01463978,0.01463499,0.01462878,0.01462487,0.01461958,0.01461661,0.01461227,0.0146103,0.01460698,0.01460607,0.01460384,0.01460406,0.01460301,0.01460445,0.01460466,0.01460741,0.01460897,0.01461314,0.01461616,0.01462184,0.0146264,0.01463367,0.01463987,0.01464879,0.01465671,0.0146673,0.01467701,0.01468925,0.01470069,0.01471466,0.01472755,0.01474332,0.01475761,0.01477449,0.01479047,0.01480843,0.01482475,0.01484376,0.01486124,0.01488018,0.01489687,0.01491551,0.01493245,0.01495097,0.0149668,0.01498349,0.01499731,0.01501184,0.01502333,0.01503551,0.01504462,0.01505429,0.01506072,0.0150675,0.01507084,0.01507441,0.01507446,0.01507478,0.01507192,0.01506977,0.01506455,0.01505981,0.01505193,0.01504494,0.01503527,0.01502647,0.01501502,0.01500487,0.01499224,0.01498093,0.01496746,0.01495545,0.01494137,0.01492898
0.01361373,0.01360046,0.01358917,0.01357596,0.0135648,0.01355181,0.01354093,0.01352829,0.01351781,0.01350563,0.01349564,0.01348399,0.01347457,0.01346351,0.0134547,0.01344427,0.01343611,0.01342636,0.01341888,0.01340983,0.01340306,0.01339471,0.01338868,0.01338108,0.01337579,0.01336895,0.01336445,0.0133584,0.01335471,0.01334949,0.01334664,0.0133423,0.01334035,0.01333692,0.01333592,0.01333346,0.01333348,0.01333207,0.01333318,0.01333289,0.01333516,0.01333608,0.0133396,0.01334181,0.01334667,0.01335024,0.0133565,0.01336152,0.01336926,0.01337579,0.01338503,0.01339313,0.01340384,0.01341353,0.01342572,0.01343683,0.0134506,0.01346286,0.01347797,0.01349164,0.01350742,0.01352201,0.01353905,0.01355395,0.01357081,0.01358617,0.01360371,0.01361885,0.01363518,0.01364893,0.01366423,0.01367709,0.01369119,0.01370254,0.01371484,0.01372403,0.01373386,0.01374039,0.01374749,0.0137513,0.01375576,0.01375702,0.01375901,0.01375784,0.01375724,0.01375326,0.01374995,0.01374376,0.01373861,0.01373051,0.01372335,0.01371359,0.01370512,0.01369399,0.01368432,0.01367231,0.01366178,0.0136491,0.01363809,0.01362498
0.01226547,0.01225537,0.01224334,0.01223326,0.01222135,0.01221146,0.0121998,0.0121902,0.0121789,0.0121697,0.01215885,0.01215013,0.01213979,0.01213159,0.01212181,0.0121142,0.01210501,0.01209801,0.01208945,0.01208309,0.01207518,0.01206948,0.01206224,0.01205722,0.01205068,0.01204637,0.01204055,0.01203697,0.0120319,0.01202909,0.0120248,0.01202279,0.01201932,0.01201817,0.01201557,0.01201533,0.01201366,0.01201437,0.0120137,0.01201545,0.01201584,0.01201869,0.01202021,0.01202423,0.01202695,0.01203222,0.01203621,0.01204277,0.01204809,0.01205598,0.01206266,0.01207187,0.01207997,0.01209047,0.0120999,0.01211173,0.01212224,0.01213542,0.01214697,0.01216092,0.01217371,0.01218842,0.01220135,0.01221675,0.01223049,0.01224574,0.01225873,0.01227359,0.01228666,0.01230137,0.01231351,0.01232672,0.01233722,0.01234867,0.01235729,0.01236686,0.01237359,0.0123812,0.01238585,0.01239121,0.01239345,0.0123963,0.01239596,0.01239626,0.01239364,0.01239201,0.01238756,0.01238389,0.01237729,0.0123718,0.01236379,0.01235685,0.01234736,0.01233932,0.01232887,0.01231985,0.01230869,0.01229907,0.01228738,0.01227743
0.01087893,0.01086818,0.0108594,0.01084866,0.01083994,0.01082935,0.01082083,0.01081049,0.01080227,0.01079228,0.01078444,0.01077486,0.01076746,0.01075836,0.01075144,0.01074285,0.01073647,0.01072842,0.0107226,0.01071512,0.01070988,0.01070299,0.01069836,0.01069209,0.01068808,0.01068245,0.01067909,0.01067413,0.01067145,0.01066717,0.0106652,0.01066166,0.01066044,0.01065766,0.01065723,0.01065527,0.01065569,0.01065458,0.0106559,0.01065573,0.010658,0.01065881,0.0106621,0.01066395,0.01066832,0.01067127,0.01067677,0.01068086,0.01068752,0.0106928,0.01070062,0.01070712,0.01071607,0.01072378,0.01073385,0.01074262,0.01075388,0.01076347,0.01077569,0.01078633,0.01079897,0.01081022,0.01082379,0.0108352,0.0108485,0.01086018,0.01087396,0.01088542,0.01089819,0.01090847,0.01092036,0.01092993,0.01094089,0.0109493,0.01095889,0.01096566,0.01097337,0.0109781,0.01098371,0.01098637,0.01099,0.01099071,0.01099248,0.01099138,0.01099116,0.01098788,0.01098555,0.01098056,0.01097683,0.01097035,0.01096502,0.01095723,0.01095086,0.01094195,0.0109346,0.01092498,0.01091691,0.01090671,0.01089823,0.01088764
0.009464905,0.009457452,0.009448031,0.009440556,0.009431193,0.009423818,0.009414618,0.009407442,0.009398494,0.0093916,0.009382973,0.009376426,0.009368178,0.009362028,0.009354201,0.00934849,0.009341121,0.009335879,0.009328994,0.009324249,0.009317871,0.009313648,0.009307796,0.009304113,0.009298814,0.009295693,0.009290965,0.00928843,0.0092843,0.009282378,0.009278877,0.009277599,0.009274757,0.009274162,0.009272017,0.009272145,0.009270741,0.009271638,0.009271021,0.009272735,0.009272955,0.009275537,0.009276645,0.009280143,0.009282186,0.009286645,0.009289665,0.009295118,0.009299148,0.009305606,0.009310674,0.009318112,0.009324239,0.009332622,0.009339725,0.009349084,0.009356946,0.009367298,0.009375892,0.009386744,0.009396235,0.009407607,0.009417106,0.009428945,0.009439036,0.0094507,0.009460119,0.009471419,0.009480895,0.009492106,0.0095009,0.009510959,0.00951849,0.009527207,0.009533321,0.009540642,0.009545373,0.009551273,0.009554501,0.009558772,0.009560233,0.009562655,0.0095622,0.009562712,0.009560574,0.009559705,0.009556244,0.009553836,0.009548726,0.009544946,0.009538789,0.009533899,0.009526588,0.009520847,0.009512787,0.009506258,0.009497633,0.009490615,0.009481542,0.009474237
0.008029887,0.00802183,0.008015743,0.008007664,0.008001591,0.007993593,0.007987631,0.007979798,0.007974029,0.007966427,0.007960914,0.007953599,0.007948392,0.00794141,0.007936549,0.007929933,0.007925452,0.00791923,0.007915154,0.00790935,0.007905704,0.007900335,0.00789714,0.007892229,0.0078895,0.007885066,0.007882827,0.007878892,0.007877165,0.007873753,0.007872561,0.0078697,0.007869077,0.007866794,0.007866774,0.007865106,0.007865722,0.007864707,0.007866001,0.007865679,0.007867692,0.007868106,0.007870876,0.007872064,0.007875632,0.007877627,0.007882022,0.007884858,0.007890097,0.007893794,0.007899868,0.007904449,0.007911312,0.007916759,0.007924414,0.007930588,0.007939096,0.007945807,0.007954977,0.007962431,0.007971822,0.007979671,0.007989744,0.007997646,0.008007421,0.008015492,0.008025656,0.008033577,0.008042934,0.008049908,0.008058595,0.008065078,0.008073137,0.008078836,0.008085961,0.008090511,0.0080963,0.008099401,0.008103698,0.008105335,0.008108241,0.008108537,0.00811017,0.008109222,0.00810946,0.008106915,0.008105609,0.008101857,0.008099595,0.008094783,0.008091321,0.008085551,0.008081359,0.008074751,0.008069814,0.008062686,0.008057192,0.008049612,0.008043795,0.008035895
0.006581968,0.006577228,0.006570498,0.006565719,0.006559012,0.006554278,0.006547665,0.006543048,0.006536591,0.006532149,0.006525899,0.00652168,0.006515678,0.006511721,0.006505999,0.006502335,0.006496921,0.006493574,0.006488489,0.006485481,0.006480743,0.006478095,0.006473721,0.006471447,0.006467456,0.006465575,0.006461983,0.006460513,0.00645734,0.006456301,0.006453571,0.006452986,0.00645072,0.006450617,0.006448843,0.006449251,0.006447997,0.006448947,0.006448247,0.006449771,0.006449657,0.006451788,0.006452294,0.006455062,0.006456217,0.006459651,0.006461479,0.006465595,0.006468115,0.006472915,0.006476145,0.006481598,0.006485552,0.006491628,0.006496233,0.006502967,0.006508042,0.006515461,0.006521004,0.006528696,0.006534874,0.0065429,0.006548982,0.006557323,0.006563867,0.006572042,0.006578003,0.00658588,0.006591948,0.006599858,0.006605489,0.006612577,0.006617308,0.006623454,0.006627204,0.006632413,0.006635264,0.006639563,0.006641452,0.006644692,0.006645405,0.006647399,0.006646801,0.006647484,0.006645768,0.006645588,0.006643048,0.006641824,0.006638114,0.006635951,0.006631575,0.006628657,0.006623453,0.006619963,0.006614252,0.006610187,0.006604086,0.006599672,0.006593233,0.006588612
0.00512467,0.005119277,0.005115858,0.005110441,0.005107014,0.005101637,0.005098264,0.005092981,0.005089716,0.005084569,0.005081454,0.00507648,0.005073549,0.005068777,0.005066056,0.00506151,0.005059022,0.00505472,0.005052486,0.005048444,0.005046478,0.005042709,0.005041029,0.005037549,0.005036165,0.005032988,0.005031915,0.005029056,0.005028311,0.005025786,0.005025383,0.005023212,0.005023174,0.005021373,0.005021724,0.005020316,0.005021077,0.005020087,0.005021282,0.005020736,0.005022391,0.005022313,0.005024452,0.005024866,0.00502751,0.005028435,0.005031602,0.005033056,0.005036751,0.005038747,0.005042956,0.005045512,0.005050196,0.005053297,0.005058465,0.005061996,0.005067718,0.005071531,0.005077658,0.005081969,0.005088148,0.00509268,0.005099363,0.005103874,0.005110245,0.005114882,0.005121618,0.005126189,0.005132305,0.005136149,0.005141812,0.005145408,0.005150746,0.005153911,0.005158718,0.005161189,0.005165157,0.005166703,0.005169721,0.005170352,0.00517253,0.005172372,0.005173821,0.005172955,0.005173547,0.005171629,0.005171199,0.005168549,0.005167599,0.005164305,0.005162552,0.005158655,0.005156486,0.00515204,0.005149378,0.005144625,0.005141592,0.00513654,0.005133307,0.00512803
0.003663196,0.003661067,0.003656943,0.003654783,0.00365067,0.003648525,0.00364446,0.003642371,0.003638388,0.003636388,0.003632515,0.003630632,0.003626892,0.003625148,0.003621558,0.003619971,0.003616549,0.003615134,0.003611892,0.003610661,0.003607608,0.003606576,0.003603722,0.003602896,0.003600253,0.003599646,0.003597224,0.003596843,0.003594654,0.003594514,0.003592571,0.003592683,0.003590997,0.00359138,0.003589967,0.003590635,0.003589512,0.003590483,0.003589667,0.003590958,0.003590467,0.003592095,0.003591947,0.003593929,0.003594138,0.003596488,0.003597068,0.003599792,0.003600753,0.003603847,0.003605202,0.003608638,0.003610404,0.003614162,0.00361628,0.003620408,0.003622732,0.003627277,0.003629839,0.00363446,0.003637451,0.003642254,0.003645057,0.003650072,0.003653261,0.003658128,0.003660817,0.003665471,0.003668357,0.003673191,0.003675873,0.003680184,0.003682297,0.003686032,0.003687564,0.003690784,0.003691862,0.003694644,0.003695254,0.003697494,0.003697463,0.003698997,0.003698202,0.003698966,0.003697569,0.00369796,0.003696209,0.003696018,0.003693545,0.003692828,0.003690061,0.003688936,0.003685663,0.003684249,0.003680719,0.003678952,0.00367522,0.003673262,0.003669324,0.003667263
0.002198349,0.002195501,0.002194636,0.002191779,0.002190901,0.002188063,0.002187202,0.002184402,0.002183582,0.002180841,0.00218008,0.002177411,0.002176725,0.002174141,0.002173543,0.002171054,0.002170552,0.002168167,0.002167771,0.002165495,0.002165214,0.002163052,0.002162893,0.002160854,0.002160821,0.00215891,0.00215901,0.002157235,0.002157475,0.002155842,0.002156229,0.002154747,0.002155291,0.002153966,0.002154678,0.00215352,0.002154408,0.002153429,0.002154504,0.002153713,0.002154985,0.002154394,0.002155874,0.00215549,0.002157187,0.002157019,0.002158937,0.002158995,0.002161135,0.002161426,0.002163772,0.002164317,0.00216684,0.002167632,0.002170354,0.002171304,0.002174314,0.002175311,0.002178501,0.002179791,0.002182878,0.002184246,0.002187708,0.002188995,0.002192133,0.002193535,0.002197057,0.002198486,0.002201551,0.002202454,0.002205284,0.002206184,0.002208982,0.002209789,0.002212432,0.00221296,0.002215211,0.002215286,0.002217078,0.002216739,0.002218195,0.002217574,0.002218806,0.002217975,0.002218847,0.002217458,0.002217787,0.002216112,0.002216337,0.002214415,0.002214212,0.002212028,0.002211718,0.002209269,0.002208717,0.002206181,0.00220545,0.002202777,0.00220198,0.00219919
0.0007331549,0.0007335275,0.0007319095,0.0007322701,0.0007306627,0.0007310211,0.0007294287,0.0007297939,0.0007282208,0.0007286007,0.0007270516,0.0007274525,0.0007259313,0.0007263583,0.0007248683,0.0007253255,0.0007238695,0.0007243602,0.0007229404,0.0007234681,0.0007220849,0.0007226542,0.0007213088,0.0007219194,0.0007206167,0.0007212717,0.0007200127,0.0007207132,0.0007194998,0.000720249,0.0007190858,0.0007198856,0.0007187722,0.0007196286,0.0007185676,0.0007194833,0.0007184787,0.0007194564,0.0007185118,0.000719555,0.0007186739,0.0007197857,0.000718972,0.0007201561,0.0007194122,0.0007206714,0.0007200013,0.0007213338,0.0007207423,0.0007221412,0.0007216414,0.0007230843,0.0007226994,0.0007241781,0.0007238669,0.0007254485,0.0007250964,0.0007268575,0.0007265325,0.000728187,0.0007281202,0.000729825,0.0007294819,0.0007313259,0.0007313277,0.0007330443,0.0007326144,0.0007342104,0.0007340958,0.0007360359,0.0007359394,0.0007376277,0.0007372693,0.0007387216,0.000738154,0.00073949,0.0007388916,0.0007402344,0.0007396327,0.0007409145,0.000740165,0.0007412421,0.0007402296,0.0007410333,0.0007399038,0.0007407996,0.0007397645,0.0007405158,0.0007391775,0.0007397918,0.0007385203,0.0007390634,0.0007375946,0.0007381263,0.0007366503,0.0007370497,0.0007355619,0.0007359345,0.0007343767,0.0007347555
-0.0007331562,-0.0007335288,-0.0007319108,-0.0007322713,-0.000730664,-0.0007310224,-0.0007294299,-0.0007297951,-0.0007282221,-0.0007286019,-0.0007270528,-0.0007274538,-0.0007259325,-0.0007263596,-0.0007248696,-0.0007253268,-0.0007238708,-0.0007243615,-0.0007229417,-0.0007234694,-0.0007220862,-0.0007226555,-0.00072131,-0.0007219206,-0.0007206181,-0.000721273,-0.000720014,-0.0007207145,-0.0007195011,-0.0007202502,-0.0007190871,-0.0007198869,-0.0007187735,-0.0007196299,-0.0007185689,-0.0007194846,-0.00071848,-0.0007194576,-0.0007185132,-0.0007195563,-0.0007186753,-0.0007197871,-0.0007189733,-0.0007201575,-0.0007194135,-0.0007206728,-0.0007200026,-0.0007213352,-0.0007207436,-0.0007221425,-0.0007216427,-0.0007230857,-0.0007227007,-0.0007241794,-0.0007238681,-0.0007254499,-0.0007250977,-0.0007268587,-0.0007265338,-0.0007281883,-0.0007281216,-0.0007298263,-0.0007294833,-0.0007313272,-0.000731329,-0.0007330457,-0.0007326157,-0.0007342118,-0.0007340971,-0.0007360372,-0.0007359406,-0.000737629,-0.0007372706,-0.0007387229,-0.0007381553,-0.0007394913,-0.0007388929,-0.0007402358,-0.000739634,-0.0007409158,-0.0007401663,-0.0007412434,-0.0007402308,-0.0007410347,-0.0007399051,-0.0007408009,-0.0007397658,-0.000740517,-0.0007391787,-0.0007397931,-0.0007385216,-0.0007390646,-0.0007375959,-0.0007381276,-0.0007366516,-0.000737051,-0.0007355632,-0.0007359358,-0.0007343779,-0.0007347568
-0.00219835,-0.002195502,-0.002194637,-0.00219178,-0.002190902,-0.002188064,-0.002187203,-0.002184404,-0.002183583,-0.002180842,-0.002180081,-0.002177412,-0.002176726,-0.002174143,-0.002173544,-0.002171055,-0.002170553,-0.002168168,-0.002167772,-0.002165496,-0.002165215,-0.002163053,-0.002162895,-0.002160856,-0.002160822,-0.002158911,-0.002159011,-0.002157236,-0.002157476,-0.002155844,-0.00215623,-0.002154748,-0.002155292,-0.002153968,-0.002154679,-0.002153521,-0.002154409,-0.00215343,-0.002154505,-0.002153714,-0.002154987,-0.002154395,-0.002155875,-0.002155492,-0.002157188,-0.002157021,-0.002158939,-0.002158996,-0.002161136,-0.002161427,-0.002163773,-0.002164318,-0.002166841,-0.002167634,-0.002170356,-0.002171306,-0.002174316,-0.002175312,-0.002178503,-0.002179793,-0.00218288,-0.002184247,-0.00218771,-0.002188996,-0.002192134,-0.002193537,-0.002197058,-0.002198488,-0.002201553,-0.002202456,-0.002205285,-0.002206186,-0.002208984,-0.00220979,-0.002212433,-0.002212961,-0.002215212,-0.002215287,-0.002217079,-0.00221674,-0.002218196,-0.002217575,-0.002218807,-0.002217976,-0.002218849,-0.00221746,-0.002217788,-0.002216113,-0.002216338,-0.002214416,-0.002214213,-0.002212029,-0.002211719,-0.00220927,-0.002208718,-0.002206182,-0.002205451,-0.002202778,-0.002201981,-0.002199191
-0.003663198,-0.003661068,-0.003656944,-0.003654784,-0.003650671,-0.003648526,-0.003644462,-0.003642372,-0.00363839,-0.00363639,-0.003632516,-0.003630633,-0.003626893,-0.003625149,-0.00362156,-0.003619973,-0.00361655,-0.003615135,-0.003611893,-0.003610663,-0.003607609,-0.003606578,-0.003603723,-0.003602898,-0.003600255,-0.003599647,-0.003597225,-0.003596845,-0.003594655,-0.003594515,-0.003592572,-0.003592684,-0.003590999,-0.003591381,-0.003589968,-0.003590637,-0.003589513,-0.003590484,-0.003589668,-0.003590959,-0.003590468,-0.003592097,-0.003591948,-0.003593931,-0.003594139,-0.00359649,-0.00359707,-0.003599794,-0.003600754,-0.003603848,-0.003605203,-0.003608639,-0.003610405,-0.003614163,-0.003616282,-0.003620409,-0.003622733,-0.003627278,-0.00362984,-0.003634461,-0.003637453,-0.003642255,-0.003645058,-0.003650073,-0.003653262,-0.00365813,-0.003660818,-0.003665473,-0.003668359,-0.003673193,-0.003675874,-0.003680185,-0.003682298,-0.003686033,-0.003687565,-0.003690785,-0.003691864,-0.003694645,-0.003695256,-0.003697495,-0.003697464,-0.003698998,-0.003698203,-0.003698967,-0.00369757,-0.003697961,-0.00369621,-0.00369602,-0.003693547,-0.003692829,-0.003690062,-0.003688937,-0.003685664,-0.00368425,-0.00368072,-0.003678953,-0.003675221,-0.003673264,-0.003669325,-0.003667264
-0.005124671,-0.005119279,-0.005115859,-0.005110442,-0.005107014,-0.005101638,-0.005098266,-0.005092982,-0.005089717,-0.00508457,-0.005081455,-0.005076481,-0.00507355,-0.005068778,-0.005066058,-0.00506151,-0.005059024,-0.005054722,-0.005052487,-0.005048445,-0.00504648,-0.005042711,-0.00504103,-0.005037551,-0.005036166,-0.005032989,-0.005031916,-0.005029057,-0.005028312,-0.005025787,-0.005025384,-0.005023213,-0.005023175,-0.005021375,-0.005021725,-0.005020317,-0.005021078,-0.005020089,-0.005021283,-0.005020737,-0.005022392,-0.005022314,-0.005024453,-0.005024867,-0.005027512,-0.005028437,-0.005031603,-0.005033057,-0.005036752,-0.005038748,-0.005042957,-0.005045513,-0.005050197,-0.005053298,-0.005058466,-0.005061997,-0.005067719,-0.005071532,-0.005077659,-0.005081971,-0.005088149,-0.005092681,-0.005099364,-0.005103875,-0.005110246,-0.005114883,-0.005121619,-0.00512619,-0.005132306,-0.00513615,-0.005141813,-0.005145409,-0.005150747,-0.005153912,-0.00515872,-0.005161191,-0.005165158,-0.005166704,-0.005169722,-0.005170354,-0.005172531,-0.005172373,-0.005173822,-0.005172956,-0.005173549,-0.00517163,-0.0051712,-0.00516855,-0.005167601,-0.005164307,-0.005162554,-0.005158656,-0.005156487,-0.005152041,-0.005149379,-0.005144626,-0.005141593,-0.005136542,-0.005133308,-0.005128031
-0.006581969,-0.006577229,-0.006570499,-0.006565721,-0.006559013,-0.006554279,-0.006547666,-0.006543049,-0.006536592,-0.00653215,-0.0065259,-0.006521681,-0.006515679,-0.006511722,-0.006506,-0.006502336,-0.006496922,-0.006493575,-0.00648849,-0.006485483,-0.006480745,-0.006478096,-0.006473722,-0.006471448,-0.006467457,-0.006465576,-0.006461984,-0.006460513,-0.006457341,-0.006456302,-0.006453572,-0.006452987,-0.006450721,-0.006450618,-0.006448844,-0.006449252,-0.006447998,-0.006448948,-0.006448248,-0.006449772,-0.006449659,-0.006451789,-0.006452295,-0.006455064,-0.006456218,-0.006459652,-0.00646148,-0.006465596,-0.006468116,-0.006472916,-0.006476147,-0.0064816,-0.006485553,-0.006491629,-0.006496234,-0.006502968,-0.006508043,-0.006515461,-0.006521005,-0.006528697,-0.006534875,-0.006542902,-0.006548983,-0.006557324,-0.006563868,-0.006572043,-0.006578004,-0.006585881,-0.006591949,-0.006599859,-0.00660549,-0.006612578,-0.006617309,-0.006623455,-0.006627205,-0.006632414,-0.006635265,-0.006639564,-0.006641453,-0.006644693,-0.006645406,-0.0066474,-0.006646803,-0.006647485,-0.006645769,-0.00664559,-0.006643049,-0.006641825,-0.006638115,-0.006635952,-0.006631576,-0.006628658,-0.006623454,-0.006619964,-0.006614254,-0.006610189,-0.006604087,-0.006599673,-0.006593233,-0.006588613
-0.008029887,-0.008021831,-0.008015743,-0.008007665,-0.008001592,-0.007993594,-0.007987632,-0.007979799,-0.00797403,-0.007966428,-0.007960915,-0.007953601,-0.007948393,-0.007941411,-0.00793655,-0.007929934,-0.007925453,-0.007919231,-0.007915155,-0.007909351,-0.007905705,-0.007900337,-0.00789714,-0.00789223,-0.007889501,-0.007885068,-0.007882828,-0.007878893,-0.007877165,-0.007873754,-0.007872562,-0.007869701,-0.007869078,-0.007866796,-0.007866775,-0.007865107,-0.007865723,-0.007864708,-0.007866002,-0.00786568,-0.007867693,-0.007868106,-0.007870877,-0.007872065,-0.007875632,-0.007877628,-0.007882023,-0.007884859,-0.007890098,-0.007893795,-0.007899869,-0.007904449,-0.007911313,-0.00791676,-0.007924415,-0.00793059,-0.007939097,-0.007945808,-0.007954977,-0.007962432,-0.007971823,-0.007979672,-0.007989745,-0.007997647,-0.008007422,-0.008015493,-0.008025657,-0.008033578,-0.008042935,-0.008049909,-0.008058595,-0.008065079,-0.008073138,-0.008078837,-0.008085962,-0.008090512,-0.008096302,-0.008099402,-0.008103699,-0.008105336,-0.008108241,-0.008108538,-0.008110171,-0.008109223,-0.008109461,-0.008106916,-0.00810561,-0.008101859,-0.008099596,-0.008094784,-0.008091322,-0.008085552,-0.00808136,-0.008074753,-0.008069815,-0.008062687,-0.008057193,-0.008049613,-0.008043796,-0.008035896
-0.009464906,-0.009457453,-0.009448032,-0.009440557,-0.009431194,-0.009423818,-0.009414619,-0.009407443,-0.009398495,-0.009391601,-0.009382974,-0.009376427,-0.009368178,-0.009362029,-0.009354202,-0.009348491,-0.009341122,-0.00933588,-0.009328995,-0.00932425,-0.009317872,-0.009313649,-0.009307797,-0.009304114,-0.009298814,-0.009295694,-0.009290966,-0.009288431,-0.009284301,-0.009282379,-0.009278878,-0.0092776,-0.009274757,-0.009274163,-0.009272018,-0.009272146,-0.009270742,-0.009271638,-0.009271022,-0.009272736,-0.009272956,-0.009275538,-0.009276646,-0.009280144,-0.009282187,-0.009286647,-0.009289666,-0.009295119,-0.009299149,-0.009305608,-0.009310675,-0.009318113,-0.00932424,-0.009332623,-0.009339726,-0.009349084,-0.009356948,-0.009367299,-0.009375893,-0.009386745,-0.009396235,-0.009407609,-0.009417107,-0.009428946,-0.009439037,-0.009450701,-0.00946012,-0.00947142,-0.009480895,-0.009492107,-0.009500901,-0.00951096,-0.009518491,-0.009527208,-0.009533321,-0.009540643,-0.009545374,-0.009551274,-0.009554502,-0.009558773,-0.009560234,-0.009562656,-0.009562201,-0.009562713,-0.009560575,-0.009559706,-0.009556245,-0.009553837,-0.009548726,-0.009544947,-0.00953879,-0.0095339,-0.009526589,-0.009520848,-0.009512788,-0.009506259,-0.009497634,-0.009490616,-0.009481543,-0.009474237
-0.01087893,-0.01086818,-0.0108594,-0.01084866,-0.01083995,-0.01082935,-0.01082083,-0.01081049,-0.01080227,-0.01079228,-0.01078444,-0.01077486,-0.01076746,-0.01075836,-0.01075144,-0.01074285,-0.01073647,-0.01072842,-0.0107226,-0.01071512,-0.01070988,-0.010703,-0.01069836,-0.01069209,-0.01068808,-0.01068245,-0.0106791,-0.01067413,-0.01067145,-0.01066718,-0.01066521,-0.01066166,-0.01066044,-0.01065766,-0.01065724,-0.01065527,-0.01065569,-0.01065459,-0.0106559,-0.01065573,-0.010658,-0.01065881,-0.0106621,-0.01066395,-0.01066832,-0.01067127,-0.01067677,-0.01068086,-0.01068752,-0.0106928,-0.01070062,-0.01070712,-0.01071607,-0.01072378,-0.01073385,-0.01074262,-0.01075388,-0.01076347,-0.0107757,-0.01078633,-0.01079897,-0.01081023,-0.0108238,-0.0108352,-0.0108485,-0.01086018,-0.01087396,-0.01088542,-0.01089819,-0.01090847,-0.01092036,-0.01092993,-0.01094089,-0.0109493,-0.0109589,-0.01096566,-0.01097337,-0.0109781,-0.01098371,-0.01098637,-0.01099,-0.01099072,-0.01099248,-0.01099138,-0.01099116,-0.01098788,-0.01098556,-0.01098056,-0.01097684,-0.01097035,-0.01096502,-0.01095723,-0.01095086,-0.01094195,-0.0109346,-0.01092498,-0.01091691,-0.01090671,-0.01089823,-0.01088764
-0.01226547,-0.01225537,-0.01224334,-0.01223326,-0.01222135,-0.01221146,-0.0121998,-0.0121902,-0.0121789,-0.0121697,-0.01215885,-0.01215013,-0.01213979,-0.01213159,-0.01212181,-0.0121142,-0.01210501,-0.01209801,-0.01208945,-0.01208309,-0.01207518,-0.01206948,-0.01206224,-0.01205722,-0.01205068,-0.01204637,-0.01204055,-0.01203697,-0.0120319,-0.01202909,-0.0120248,-0.01202279,-0.01201932,-0.01201817,-0.01201557,-0.01201533,-0.01201366,-0.01201438,-0.0120137,-0.01201545,-0.01201584,-0.01201869,-0.01202021,-0.01202423,-0.01202695,-0.01203222,-0.01203621,-0.01204277,-0.01204809,-0.01205598,-0.01206267,-0.01207187,-0.01207997,-0.01209047,-0.0120999,-0.01211173,-0.01212224,-0.01213542,-0.01214697,-0.01216092,-0.01217371,-0.01218842,-0.01220135,-0.01221676,-0.01223049,-0.01224574,-0.01225873,-0.01227359,-0.01228666,-0.01230137,-0.01231351,-0.01232672,-0.01233723,-0.01234867,-0.01235729,-0.01236686,-0.01237359,-0.0123812,-0.01238585,-0.01239121,-0.01239345,-0.0123963,-0.01239597,-0.01239626,-0.01239364,-0.01239202,-0.01238757,-0.01238389,-0.01237729,-0.0123718,-0.01236379,-0.01235685,-0.01234736,-0.01233932,-0.01232887,-0.01231985,-0.01230869,-0.01229907,-0.01228738,-0.01227743
-0.01361373,-0.01360046,-0.01358917,-0.01357596,-0.0135648,-0.01355181,-0.01354093,-0.01352829,-0.01351781,-0.01350563,-0.01349564,-0.01348399,-0.01347457,-0.01346351,-0.0134547,-0.01344427,-0.01343611,-0.01342636,-0.01341888,-0.01340983,-0.01340306,-0.01339472,-0.01338868,-0.01338108,-0.01337579,-0.01336895,-0.01336445,-0.0133584,-0.01335471,-0.01334949,-0.01334665,-0.0133423,-0.01334035,-0.01333692,-0.01333592,-0.01333346,-0.01333348,-0.01333207,-0.01333318,-0.01333289,-0.01333516,-0.01333608,-0.01333961,-0.01334181,-0.01334667,-0.01335024,-0.01335651,-0.01336152,-0.01336926,-0.01337579,-0.01338503,-0.01339313,-0.01340384,-0.01341353,-0.01342572,-0.01343683,-0.0134506,-0.01346286,-0.01347797,-0.01349164,-0.01350742,-0.01352201,-0.01353905,-0.01355395,-0.01357081,-0.01358617,-0.01360371,-0.01361885,-0.01363519,-0.01364893,-0.01366423,-0.01367709,-0.01369119,-0.01370254,-0.01371484,-0.01372403,-0.01373386,-0.0137404,-0.01374749,-0.0137513,-0.01375577,-0.01375702,-0.01375901,-0.01375784,-0.01375724,-0.01375326,-0.01374996,-0.01374376,-0.01373861,-0.01373051,-0.01372335,-0.01371359,-0.01370512,-0.01369399,-0.01368432,-0.01367231,-0.01366178,-0.0136491,-0.01363809,-0.01362498
-0.01491459,-0.01490206,-0.01488763,-0.01487514,-0.01486088,-0.01484863,-0.01483469,-0.01482281,-0.01480931,-0.01479793,-0.01478496,-0.01477415,-0.0147618,-0.01475162,-0.01473993,-0.01473043,-0.01471944,-0.01471066,-0.0147004,-0.01469237,-0.01468287,-0.01467561,-0.01466689,-0.01466042,-0.01465251,-0.01464686,-0.01463978,-0.01463499,-0.01462878,-0.01462488,-0.01461958,-0.01461661,-0.01461227,-0.0146103,-0.01460698,-0.01460607,-0.01460384,-0.01460406,-0.01460301,-0.01460445,-0.01460466,-0.01460741,-0.01460898,-0.01461314,-0.01461616,-0.01462184,-0.0146264,-0.01463367,-0.01463987,-0.0146488,-0.01465671,-0.0146673,-0.01467701,-0.01468925,-0.01470069,-0.01471466,-0.01472755,-0.01474332,-0.01475761,-0.01477449,-0.01479047,-0.01480843,-0.01482475,-0.01484376,-0.01486124,-0.01488018,-0.01489687,-0.01491551,-0.01493245,-0.01495097,-0.0149668,-0.01498349,-0.01499731,-0.01501184,-0.01502333,-0.01503551,-0.01504462,-0.01505429,-0.01506072,-0.0150675,-0.01507084,-0.01507441,-0.01507446,-0.01507478,-0.01507192,-0.01506977,-0.01506455,-0.01505981,-0.01505193,-0.01504494,-0.01503527,-0.01502648,-0.01501502,-0.01500487,-0.01499224,-0.01498093,-0.01496746,-0.01495545,-0.01494137,-0.01492898
-0.01615457,-0.0161388,-0.01612501,-0.01610931,-0.01609566,-0.01608021,-0.01606689,-0.01605184,-0.01603898,-0.01602445,-0.01601215,-0.01599824,-0.01598659,-0.01597336,-0.01596241,-0.0159499,-0.01593971,-0.01592797,-0.01591856,-0.01590763,-0.01589903,-0.01588893,-0.01588118,-0.01587193,-0.01586505,-0.01585669,-0.01585071,-0.01584327,-0.01583824,-0.01583176,-0.01582772,-0.01582225,-0.01581925,-0.01581485,-0.01581296,-0.01580971,-0.015809,-0.01580697,-0.01580754,-0.01580682,-0.01580877,-0.01580947,-0.01581289,-0.01581512,-0.01582013,-0.01582399,-0.0158307,-0.01583631,-0.0158448,-0.01585225,-0.01586259,-0.01587199,-0.01588417,-0.01589557,-0.01590964,-0.01592288,-0.01593899,-0.01595376,-0.01597167,-0.01598833,-0.01600722,-0.01602522,-0.01604589,-0.01606444,-0.01608507,-0.01610446,-0.01612614,-0.01614541,-0.01616574,-0.01618345,-0.0162027,-0.01621948,-0.01623734,-0.01625231,-0.01626798,-0.01628026,-0.01629285,-0.01630181,-0.01631097,-0.01631652,-0.01632237,-0.01632468,-0.0163274,-0.01632664,-0.01632608,-0.01632179,-0.01631786,-0.01631079,-0.01630453,-0.01629508,-0.01628635,-0.01627486,-0.01626448,-0.01625132,-0.01623949,-0.01622524,-0.01621239,-0.01619732,-0.01618388,-0.01616831
-0.01732049,-0.01730498,-0.0172876,-0.01727213,-0.01725491,-0.01723969,-0.01722282,-0.01720802,-0.01719166,-0.01717743,-0.01716168,-0.01714811,-0.01713308,-0.01712025,-0.017106,-0.01709397,-0.01708055,-0.01706938,-0.01705683,-0.01704654,-0.0170349,-0.01702555,-0.01701484,-0.01700645,-0.01699672,-0.01698931,-0.01698059,-0.01697422,-0.01696655,-0.01696124,-0.01695467,-0.01695049,-0.01694507,-0.01694208,-0.01693787,-0.01693615,-0.01693324,-0.01693286,-0.01693133,-0.0169324,-0.01693236,-0.01693498,-0.01693654,-0.01694082,-0.01694411,-0.01695018,-0.0169553,-0.01696328,-0.01697036,-0.01698033,-0.01698949,-0.01700149,-0.01701286,-0.01702692,-0.01704045,-0.01705669,-0.01707211,-0.01709068,-0.01710794,-0.01712804,-0.01714758,-0.01716919,-0.01718937,-0.01721256,-0.01723442,-0.01725771,-0.01727882,-0.01730206,-0.01732378,-0.01734709,-0.01736758,-0.01738874,-0.01740689,-0.01742549,-0.01744086,-0.01745663,-0.01746908,-0.01748175,-0.01749085,-0.01749987,-0.01750505,-0.01751,-0.01751101,-0.01751183,-0.01750914,-0.01750681,-0.01750111,-0.0174955,-0.01748644,-0.01747798,-0.01746663,-0.0174559,-0.01744233,-0.01742988,-0.01741481,-0.01740092,-0.01738478,-0.01736998,-0.01735309,-0.01733779
-0.01839261,-0.01837284,-0.01835502,-0.01833532,-0.0183177,-0.01829832,-0.01828111,-0.01826226,-0.01824564,-0.01822745,-0.01821156,-0.01819416,-0.01817911,-0.01816259,-0.01814845,-0.01813289,-0.01811973,-0.01810518,-0.01809305,-0.01807955,-0.01806849,-0.01805608,-0.01804614,-0.01803485,-0.01802606,-0.01801593,-0.01800832,-0.01799939,-0.01799299,-0.0179853,-0.01798017,-0.01797377,-0.01796995,-0.0179649,-0.01796247,-0.01795882,-0.01795784,-0.01795568,-0.01795625,-0.01795567,-0.01795788,-0.01795899,-0.01796295,-0.01796587,-0.0179717,-0.01797654,-0.01798437,-0.01799126,-0.01800121,-0.0180103,-0.01802245,-0.01803387,-0.01804824,-0.0180621,-0.01807879,-0.01809495,-0.0181142,-0.01813231,-0.01815391,-0.01817448,-0.01819742,-0.01821989,-0.01824527,-0.01826858,-0.01829417,-0.01831887,-0.01834608,-0.01837083,-0.01839652,-0.01841957,-0.01844421,-0.01846635,-0.01848942,-0.0185094,-0.01852977,-0.01854638,-0.01856284,-0.01857521,-0.01858727,-0.01859526,-0.01860303,-0.01860679,-0.01861046,-0.01861018,-0.01860953,-0.01860464,-0.01859963,-0.0185911,-0.018583,-0.01857135,-0.01856007,-0.01854577,-0.01853234,-0.0185159,-0.01850061,-0.01848275,-0.01846615,-0.01844725,-0.01842989,-0.01841036
-0.01934777,-0.01932652,-0.01930351,-0.01928249,-0.01925987,-0.01923935,-0.01921736,-0.01919757,-0.01917642,-0.01915753,-0.01913735,-0.01911951,-0.01910043,-0.01908372,-0.01906583,-0.01905035,-0.01903371,-0.01901951,-0.01900418,-0.0189913,-0.01897732,-0.01896581,-0.01895321,-0.0189431,-0.0189319,-0.01892322,-0.01891347,-0.01890624,-0.01889795,-0.01889221,-0.01888543,-0.01888121,-0.01887596,-0.01887331,-0.01886965,-0.01886862,-0.0188666,-0.01886725,-0.01886695,-0.01886936,-0.01887086,-0.01887512,-0.01887852,-0.01888475,-0.01889015,-0.01889846,-0.01890599,-0.01891651,-0.01892631,-0.01893914,-0.01895136,-0.01896658,-0.01898139,-0.01899902,-0.01901644,-0.01903669,-0.01905639,-0.01907954,-0.01910152,-0.01912664,-0.01915159,-0.01917865,-0.01920451,-0.0192338,-0.01926198,-0.0192915,-0.01931889,-0.01934862,-0.01937708,-0.01940707,-0.01943399,-0.01946126,-0.01948522,-0.0195092,-0.01952955,-0.0195498,-0.01956625,-0.01958229,-0.01959415,-0.01960517,-0.01961162,-0.01961705,-0.01961779,-0.01961759,-0.01961328,-0.01960874,-0.01960029,-0.01959132,-0.01957843,-0.0195657,-0.01954977,-0.01953408,-0.01951533,-0.01949746,-0.01947684,-0.01945723,-0.01943533,-0.01941469,-0.01939197,-0.01937083
-0.02015299,-0.02012553,-0.02010029,-0.02007348,-0.02004902,-0.02002314,-0.01999974,-0.01997505,-0.01995291,-0.01992956,-0.01990883,-0.01988697,-0.01986778,-0.01984749,-0.01982991,-0.01981128,-0.01979538,-0.01977845,-0.01976427,-0.01974907,-0.01973664,-0.0197232,-0.01971254,-0.01970088,-0.01969201,-0.01968213,-0.01967504,-0.01966696,-0.01966167,-0.01965539,-0.01965191,-0.01964745,-0.01964579,-0.01964315,-0.01964334,-0.01964255,-0.01964461,-0.0196457,-0.01964967,-0.0196527,-0.01965864,-0.01966366,-0.01967165,-0.01967875,-0.01968888,-0.01969816,-0.01971054,-0.01972211,-0.01973685,-0.01975086,-0.01976806,-0.01978468,-0.01980437,-0.01982376,-0.01984607,-0.0198681,-0.01989339,-0.01991765,-0.01994576,-0.01997298,-0.02000263,-0.02003222,-0.02006493,-0.02009546,-0.0201284,-0.0201608,-0.02019583,-0.02022813,-0.02026097,-0.02029091,-0.02032229,-0.02035085,-0.0203798,-0.02040507,-0.02042993,-0.02045012,-0.02046913,-0.02048303,-0.02049553,-0.02050294,-0.02050912,-0.02051032,-0.02051051,-0.02050589,-0.0205,-0.02048904,-0.02047725,-0.02046146,-0.02044564,-0.02042588,-0.02040615,-0.02038324,-0.02036102,-0.02033574,-0.02031159,-0.02028495,-0.02025963,-0.02023218,-0.02020641,-0.0201787
-0.02077078,-0.02074059,-0.02070926,-0.02068046,-0.02065067,-0.02062353,-0.02059552,-0.02057025,-0.02054419,-0.02052093,-0.02049695,-0.0204758,-0.02045398,-0.02043501,-0.02041541,-0.02039867,-0.02038131,-0.02036683,-0.02035172,-0.02033949,-0.02032665,-0.02031668,-0.02030608,-0.02029835,-0.02028998,-0.02028447,-0.02027831,-0.020275,-0.02027101,-0.02026986,-0.02026802,-0.02026901,-0.0202693,-0.0202724,-0.02027477,-0.02027996,-0.02028442,-0.02029169,-0.02029822,-0.02030758,-0.02031619,-0.02032766,-0.02033839,-0.02035202,-0.02036493,-0.02038078,-0.02039594,-0.02041411,-0.02043163,-0.02045222,-0.02047225,-0.02049531,-0.02051806,-0.02054362,-0.02056913,-0.02059745,-0.02062534,-0.02065684,-0.02068711,-0.02072066,-0.02075429,-0.0207898,-0.02082412,-0.02086215,-0.02089897,-0.02093659,-0.02097171,-0.02100904,-0.02104491,-0.02108165,-0.02111429,-0.02114614,-0.02117354,-0.0211996,-0.02122071,-0.0212403,-0.02125468,-0.02126714,-0.02127396,-0.02127841,-0.02127689,-0.02127301,-0.02126326,-0.02125153,-0.02123499,-0.02121766,-0.021196,-0.02117341,-0.02114671,-0.02112012,-0.02109047,-0.02106117,-0.0210291,-0.02099822,-0.02096501,-0.02093323,-0.02089968,-0.02086786,-0.02083454,-0.02080332
-0.02115842,-0.0211232,-0.02109111,-0.02105836,-0.02102883,-0.02099874,-0.02097192,-0.02094461,-0.0209206,-0.02089614,-0.020875,-0.02085342,-0.02083517,-0.0208165,-0.02080114,-0.02078535,-0.02077287,-0.02075995,-0.02075031,-0.02074022,-0.02073339,-0.02072607,-0.020722,-0.0207174,-0.02071602,-0.02071407,-0.02071531,-0.02071595,-0.02071972,-0.02072286,-0.0207291,-0.02073466,-0.02074328,-0.02075117,-0.02076209,-0.02077224,-0.02078538,-0.02079771,-0.02081301,-0.02082747,-0.02084488,-0.02086143,-0.02088094,-0.02089957,-0.02092118,-0.0209419,-0.02096566,-0.02098854,-0.02101451,-0.02103964,-0.02106786,-0.02109541,-0.02112589,-0.02115602,-0.02118886,-0.02122142,-0.02125707,-0.02129146,-0.02132976,-0.02136687,-0.021406,-0.02144514,-0.02148705,-0.02152592,-0.02156665,-0.02160655,-0.02164831,-0.02168587,-0.02172228,-0.02175421,-0.0217861,-0.02181337,-0.02183894,-0.02185865,-0.02187557,-0.0218854,-0.02189164,-0.02189058,-0.02188614,-0.02187498,-0.02186125,-0.02184154,-0.02182013,-0.0217935,-0.02176531,-0.02173201,-0.02169814,-0.02166087,-0.02162427,-0.0215845,-0.0215456,-0.02150455,-0.02146521,-0.02142387,-0.02138472,-0.02134418,-0.02130601,-0.0212668,-0.02123028,-0.02119287
-0.02127999,-0.02124739,-0.02121488,-0.02118598,-0.02115719,-0.02113201,-0.02110694,-0.02108545,-0.02106408,-0.02104627,-0.02102855,-0.02101437,-0.02100025,-0.02098963,-0.02097904,-0.02097191,-0.02096478,-0.02096106,-0.0209573,-0.02095691,-0.02095642,-0.02095925,-0.02096193,-0.02096788,-0.02097361,-0.02098255,-0.02099122,-0.02100302,-0.02101447,-0.02102899,-0.0210431,-0.02106019,-0.02107679,-0.02109632,-0.02111526,-0.02113706,-0.02115819,-0.02118212,-0.02120531,-0.02123125,-0.02125638,-0.02128422,-0.0213112,-0.02134086,-0.02136962,-0.02140108,-0.02143161,-0.02146485,-0.02149716,-0.02153221,-0.02156638,-0.0216032,-0.0216394,-0.02167792,-0.02171612,-0.02175654,-0.02179613,-0.0218389,-0.0218796,-0.02192305,-0.02196603,-0.0220095,-0.0220507,-0.02209478,-0.02213601,-0.02217561,-0.02221035,-0.02224522,-0.02227625,-0.02230496,-0.02232574,-0.02234187,-0.0223498,-0.0223526,-0.02234706,-0.02233696,-0.02231913,-0.02229729,-0.02226831,-0.02223591,-0.02219713,-0.02215606,-0.02210974,-0.0220625,-0.02201212,-0.02196285,-0.02191133,-0.02186086,-0.02180846,-0.02175841,-0.02170759,-0.02165918,-0.02161014,-0.02156428,-0.02151801,-0.02147495,-0.02143188,-0.0213921,-0.02135239,-0.02131615
-0.02111206,-0.02108548,-0.02106317,-0.0210413,-0.0210236,-0.02100628,-0.02099305,-0.02098013,-0.02097123,-0.02096258,-0.02095786,-0.02095334,-0.02095269,-0.02095218,-0.02095546,-0.02095883,-0.02096592,-0.02097302,-0.02098379,-0.02099449,-0.02100878,-0.02102293,-0.02104059,-0.02105802,-0.02107887,-0.0210994,-0.02112326,-0.02114669,-0.02117336,-0.02119949,-0.02122874,-0.02125734,-0.02128896,-0.02131981,-0.02135357,-0.02138644,-0.0214221,-0.02145677,-0.02149413,-0.02153038,-0.02156925,-0.0216069,-0.0216471,-0.021686,-0.0217274,-0.02176742,-0.02180992,-0.02185098,-0.02189453,-0.02193659,-0.02198108,-0.02202418,-0.0220694,-0.02211355,-0.02215937,-0.0222041,-0.02225076,-0.02229482,-0.02234171,-0.02238561,-0.02242941,-0.02247156,-0.02251388,-0.02254952,-0.0225836,-0.02261351,-0.02264089,-0.02265835,-0.0226685,-0.02266831,-0.02266266,-0.02264681,-0.02262386,-0.02259035,-0.02254999,-0.02249946,-0.0224434,-0.02237941,-0.02231265,-0.02224103,-0.02216962,-0.02209581,-0.02202448,-0.02195241,-0.02188323,-0.02181345,-0.02174765,-0.02168306,-0.02162342,-0.02156455,-0.02151016,-0.02145708,-0.02140877,-0.02136127,-0.02131852,-0.0212767,-0.0212393,-0.02120279,-0.02117065,-0.02113919
-0.02065642,-0.02064926,-0.02064298,-0.02064091,-0.02063956,-0.02064228,-0.0206456,-0.02065286,-0.02066065,-0.02067227,-0.02068432,-0.02070013,-0.02071629,-0.02073612,-0.02075623,-0.02077992,-0.02080381,-0.02083119,-0.02085867,-0.02088956,-0.02092045,-0.02095463,-0.02098871,-0.02102598,-0.02106302,-0.02110312,-0.02114287,-0.02118554,-0.02122772,-0.02127269,-0.02131701,-0.02136398,-0.02141015,-0.02145881,-0.02150652,-0.02155658,-0.02160552,-0.02165667,-0.02170656,-0.02175852,-0.02180906,-0.02186157,-0.02191253,-0.02196535,-0.02201648,-0.0220694,-0.02212051,-0.02217335,-0.02222423,-0.02227677,-0.02232726,-0.02237914,-0.0224291,-0.02247978,-0.02252867,-0.02257772,-0.02262397,-0.02267111,-0.02271304,-0.02275469,-0.02279237,-0.02282537,-0.02285092,-0.02287404,-0.02288722,-0.02289001,-0.02287913,-0.02286001,-0.02282839,-0.02278507,-0.02272424,-0.02265057,-0.02256227,-0.02246422,-0.0223558,-0.02224326,-0.02212581,-0.02200905,-0.02189159,-0.02177822,-0.02166694,-0.02156234,-0.02146165,-0.02136915,-0.0212826,-0.0212056,-0.021134,-0.02107007,-0.02101023,-0.02095808,-0.02090988,-0.02086802,-0.02082903,-0.02079615,-0.02076544,-0.02074004,-0.02071653,-0.02069784,-0.02068061,-0.02066796
-0.01994066,-0.01996094,-0.01998535,-0.0200101,-0.02003881,-0.02006774,-0.02010051,-0.02013341,-0.02017005,-0.02020675,-0.0202471,-0.02028744,-0.02033136,-0.02037518,-0.0204225,-0.02046964,-0.02052017,-0.02057042,-0.02062396,-0.0206771,-0.02073341,-0.02078918,-0.02084799,-0.02090612,-0.02096713,-0.0210273,-0.02109019,-0.02115207,-0.0212165,-0.02127975,-0.02134536,-0.02140961,-0.02147605,-0.02154092,-0.02160781,-0.02167295,-0.02173992,-0.02180495,-0.02187165,-0.02193623,-0.02200231,-0.02206608,-0.02213121,-0.02219385,-0.0222577,-0.02231885,-0.02238108,-0.02244039,-0.0225006,-0.02255763,-0.02261525,-0.02266946,-0.02272353,-0.02277412,-0.02282335,-0.02286845,-0.02291155,-0.02294746,-0.02298142,-0.02300589,-0.02302264,-0.02303007,-0.02302774,-0.02300645,-0.0229713,-0.02291951,-0.02285108,-0.02275702,-0.02264048,-0.0225009,-0.02234636,-0.0221746,-0.02199219,-0.02179994,-0.02160537,-0.02140884,-0.02121816,-0.02103357,-0.02086198,-0.02070257,-0.02056072,-0.02043351,-0.02032491,-0.02023018,-0.02015089,-0.0200819,-0.02002629,-0.01998004,-0.01994533,-0.01991666,-0.01989665,-0.01988141,-0.01987352,-0.01986846,-0.01986962,-0.01987285,-0.01988124,-0.01989107,-0.01990555,-0.01992093
-0.01901882,-0.01908198,-0.01914486,-0.01921074,-0.01927629,-0.01934477,-0.01941289,-0.01948392,-0.01955457,-0.01962808,-0.01970118,-0.01977711,-0.01985257,-0.01993078,-0.02000845,-0.02008879,-0.02016847,-0.02025069,-0.02033214,-0.02041599,-0.02049892,-0.02058408,-0.02066814,-0.02075426,-0.0208391,-0.02092581,-0.02101104,-0.02109794,-0.02118315,-0.02126984,-0.02135462,-0.02144068,-0.02152463,-0.02160966,-0.02169236,-0.02177594,-0.021857,-0.02193874,-0.02201774,-0.02209724,-0.02217378,-0.02225063,-0.02232429,-0.02239806,-0.02246836,-0.02253855,-0.02260493,-0.02267089,-0.02273259,-0.02279342,-0.02284941,-0.02290364,-0.02295245,-0.02299775,-0.02303675,-0.02307003,-0.02309412,-0.02311143,-0.02311369,-0.02310515,-0.02308017,-0.02303452,-0.02296459,-0.02287471,-0.02275409,-0.0226002,-0.02241107,-0.02219543,-0.02195166,-0.021683,-0.02138754,-0.02107717,-0.02075766,-0.02044081,-0.02013268,-0.01984422,-0.01957754,-0.01933965,-0.01912974,-0.01895195,-0.01880295,-0.01868489,-0.01859174,-0.01852443,-0.01847792,-0.01845273,-0.01844188,-0.0184451,-0.01845718,-0.01848035,-0.01850969,-0.01854639,-0.01858643,-0.01863243,-0.01868007,-0.01873214,-0.01878514,-0.01884172,-0.01889861,-0.01895876
-0.01795939,-0.01807293,-0.01818824,-0.01830172,-0.01841707,-0.01853072,-0.01864632,-0.01876033,-0.01887634,-0.01899081,-0.0191073,-0.01922223,-0.01933916,-0.01945447,-0.01957169,-0.01968719,-0.01980447,-0.0199199,-0.02003694,-0.02015195,-0.02026838,-0.02038259,-0.02049801,-0.02061098,-0.02072497,-0.02083628,-0.02094837,-0.02105756,-0.02116733,-0.02127397,-0.02138097,-0.02148464,-0.02158845,-0.02168872,-0.02178894,-0.02188542,-0.02198165,-0.02207392,-0.02216576,-0.0222534,-0.0223404,-0.02242294,-0.02250458,-0.02258143,-0.02265705,-0.02272743,-0.02279613,-0.02285891,-0.02291933,-0.02297286,-0.02302287,-0.02306467,-0.02310072,-0.02312692,-0.02314375,-0.02314758,-0.02313816,-0.0231082,-0.02306143,-0.02298621,-0.0228816,-0.02274499,-0.02257172,-0.02234901,-0.0220836,-0.021775,-0.02142405,-0.0210235,-0.02058322,-0.02011321,-0.01963358,-0.01915208,-0.01868613,-0.01824533,-0.0178408,-0.01747415,-0.0171542,-0.0168823,-0.01666559,-0.01650172,-0.01639137,-0.01632482,-0.01629921,-0.0163036,-0.01633437,-0.01638305,-0.01645029,-0.01653012,-0.01662256,-0.01672043,-0.01682526,-0.01693274,-0.01704474,-0.0171565,-0.01727129,-0.01738496,-0.01750053,-0.01761454,-0.01773017,-0.01784395
-0.01683544,-0.01701205,-0.01718515,-0.01735815,-0.01752797,-0.01769798,-0.01786509,-0.01803257,-0.0181973,-0.01836251,-0.01852503,-0.01868803,-0.01884832,-0.01900901,-0.01916687,-0.019325,-0.01948014,-0.01963535,-0.01978737,-0.01993924,-0.02008769,-0.02023574,-0.02038012,-0.02052386,-0.02066369,-0.02080265,-0.02093744,-0.02107114,-0.02120046,-0.02132848,-0.02145191,-0.02157384,-0.02169101,-0.0218065,-0.02191705,-0.02202575,-0.02212932,-0.02223088,-0.02232709,-0.02242108,-0.02250944,-0.02259531,-0.02267516,-0.0227521,-0.02282246,-0.02288928,-0.02294862,-0.02300343,-0.02304936,-0.02308916,-0.02311795,-0.02313782,-0.02314375,-0.02313582,-0.02310967,-0.02306269,-0.02298925,-0.02288839,-0.02274708,-0.02256752,-0.02234013,-0.02205498,-0.02170858,-0.02130686,-0.02083707,-0.02029851,-0.01969896,-0.01906139,-0.01839572,-0.01771411,-0.01702727,-0.01636788,-0.01575534,-0.01520307,-0.0147145,-0.01429979,-0.01396422,-0.01371801,-0.01355889,-0.01348161,-0.01346861,-0.01350793,-0.01358386,-0.01369367,-0.01383098,-0.01399329,-0.01416986,-0.01435731,-0.01454921,-0.01474714,-0.01494561,-0.01514506,-0.01534175,-0.01553843,-0.01573095,-0.01592233,-0.0161096,-0.01629553,-0.0164774,-0.01665835
-0.01570978,-0.01595341,-0.01619487,-0.01643084,-0.01666518,-0.01689451,-0.01712256,-0.01734589,-0.01756813,-0.01778578,-0.01800237,-0.01821437,-0.01842522,-0.01863136,-0.01883619,-0.0190361,-0.01923447,-0.01942767,-0.01961907,-0.01980503,-0.01998891,-0.02016707,-0.02034288,-0.02051271,-0.02067993,-0.02084094,-0.02099911,-0.02115086,-0.0212996,-0.02144173,-0.02158069,-0.0217129,-0.02184182,-0.02196386,-0.02208249,-0.02219412,-0.02230222,-0.02240314,-0.02250035,-0.02259014,-0.02267593,-0.02275389,-0.02282736,-0.02289231,-0.02295198,-0.02300198,-0.02304536,-0.02307722,-0.02310028,-0.02310885,-0.02310502,-0.02308225,-0.02304092,-0.02297444,-0.02287967,-0.02275019,-0.02258072,-0.02235958,-0.02208736,-0.02174572,-0.02133056,-0.02084048,-0.02026751,-0.01959853,-0.01885195,-0.01804067,-0.01717523,-0.01625803,-0.0153123,-0.01436953,-0.01348694,-0.01269764,-0.01201411,-0.0114166,-0.01089808,-0.01047307,-0.01017296,-0.01000898,-0.009977636,-0.0100477,-0.01018567,-0.01036363,-0.01058205,-0.01083598,-0.01111833,-0.01141418,-0.01172139,-0.01203354,-0.01234929,-0.01266016,-0.01296792,-0.01326937,-0.0135664,-0.01385468,-0.01413836,-0.01441386,-0.01468459,-0.01494795,-0.01520738,-0.01546006
-0.01462784,-0.01494764,-0.01525964,-0.01556747,-0.01586821,-0.01616526,-0.01645565,-0.01674263,-0.01702312,-0.01730024,-0.01757086,-0.017838,-0.01809848,-0.01835525,-0.01860512,-0.01885098,-0.01908965,-0.01932398,-0.01955081,-0.01977298,-0.01998734,-0.02019676,-0.02039808,-0.02059421,-0.02078201,-0.02096441,-0.0211383,-0.02130666,-0.02146637,-0.02162046,-0.02176582,-0.02190549,-0.0220364,-0.02216158,-0.02227794,-0.02238853,-0.02249021,-0.02258601,-0.02267269,-0.02275322,-0.02282421,-0.02288853,-0.02294253,-0.02298887,-0.02302352,-0.02304881,-0.02306006,-0.02305913,-0.02304034,-0.02300476,-0.02294534,-0.02286163,-0.02274544,-0.02259287,-0.02239585,-0.02214582,-0.02183321,-0.02145168,-0.02098164,-0.02042496,-0.01976967,-0.01900203,-0.01812795,-0.01716679,-0.01611032,-0.01496761,-0.01377542,-0.01259237,-0.01142318,-0.01028792,-0.009279149,-0.008460876,-0.007746908,-0.007062142,-0.006460402,-0.006050429,-0.005878849,-0.005943792,-0.006183126,-0.006492789,-0.006794817,-0.007099911,-0.007448059,-0.007859549,-0.008305188,-0.008762709,-0.009219493,-0.009671483,-0.0101131,-0.01054857,-0.01097291,-0.01138599,-0.01178587,-0.0121765,-0.01255406,-0.01292255,-0.01328007,-0.01362962,-0.01396947,-0.014303
-0.01361123,-0.01400842,-0.01439893,-0.01477964,-0.01515434,-0.01551978,-0.0158795,-0.01623014,-0.01657508,-0.0169109,-0.01724082,-0.01756138,-0.01787574,-0.01818039,-0.01847849,-0.0187665,-0.01904757,-0.01931819,-0.01958152,-0.01983406,-0.020079,-0.02031287,-0.02053892,-0.02075368,-0.02096047,-0.02115582,-0.02134312,-0.02151892,-0.02168666,-0.0218429,-0.02199113,-0.0221279,-0.02225673,-0.02237415,-0.02248369,-0.02258182,-0.02267204,-0.02275072,-0.02282127,-0.02287987,-0.02292979,-0.0229669,-0.02299421,-0.02300709,-0.02300812,-0.0229919,-0.02296036,-0.02290689,-0.02283242,-0.0227286,-0.02259479,-0.02242054,-0.02220219,-0.02192843,-0.02159022,-0.02117688,-0.02067639,-0.02007277,-0.01936626,-0.01853312,-0.01757288,-0.01649756,-0.01530154,-0.01397969,-0.01258675,-0.01115816,-0.009730181,-0.008321336,-0.006803711,-0.005369209,-0.004440777,-0.003850337,-0.003253428,-0.002546743,-0.001957055,-0.001673004,-0.001711763,-0.002031718,-0.00251574,-0.002954102,-0.003280191,-0.003627166,-0.004187167,-0.004884635,-0.005530054,-0.006126689,-0.006725981,-0.007319958,-0.007901974,-0.008462222,-0.00900477,-0.009530472,-0.01004072,-0.01053187,-0.01101008,-0.01147257,-0.01192298,-0.01236028,-0.01278771,-0.01320343
-0.0126598,-0.01314134,-0.01361067,-0.01407114,-0.01451989,-0.01496005,-0.01538863,-0.01580853,-0.01621667,-0.01661582,-0.01700282,-0.01738041,-0.01774534,-0.01810042,-0.01844235,-0.01877399,-0.01909203,-0.01939941,-0.01969281,-0.01997527,-0.02024347,-0.02050056,-0.02074317,-0.02097462,-0.0211915,-0.02139725,-0.02158843,-0.0217686,-0.02193429,-0.02208915,-0.02222967,-0.02235957,-0.02247528,-0.02258059,-0.02267177,-0.02275265,-0.02281933,-0.02287559,-0.02291725,-0.02294797,-0.02296313,-0.02296613,-0.02295172,-0.02292284,-0.02287325,-0.02280513,-0.02271079,-0.02259128,-0.02243677,-0.02224668,-0.02200834,-0.02171865,-0.02136252,-0.02093222,-0.02041319,-0.01979223,-0.01905576,-0.01819731,-0.0171918,-0.01605529,-0.01477781,-0.01335074,-0.01180571,-0.01019974,-0.008535489,-0.006733874,-0.004991349,-0.003689358,-0.002068795,-0.0006473346,-0.0002512401,-0.0001729221,-0.0001336664,-9.748857e-05,-6.723365e-05,-5.427299e-05,-5.738954e-05,-7.603792e-05,-0.0001030877,-0.0001346169,-0.0001896865,-0.0004094844,-0.0011609,-0.002091406,-0.002758289,-0.003501503,-0.004305646,-0.005038812,-0.005736904,-0.006423417,-0.007087746,-0.007725663,-0.008340777,-0.00893836,-0.009514708,-0.01007481,-0.01061877,-0.01114854,-0.01166424,-0.01216852
-0.01175466,-0.01231964,-0.01287459,-0.01341379,-0.01394296,-0.01445653,-0.0149596,-0.01544683,-0.01592284,-0.01638256,-0.01683023,-0.01726109,-0.01767911,-0.01807984,-0.01846703,-0.01883657,-0.01919199,-0.01952953,-0.01985252,-0.02015752,-0.0204477,-0.02071992,-0.0209772,-0.02121667,-0.02144118,-0.02164818,-0.0218403,-0.02201529,-0.02217557,-0.02231914,-0.0224482,-0.022561,-0.02265946,-0.02274203,-0.0228103,-0.02286287,-0.02290094,-0.02292312,-0.02293011,-0.0229204,-0.02289403,-0.0228491,-0.02278475,-0.02269837,-0.0225878,-0.02244922,-0.02227874,-0.02207059,-0.02181863,-0.02151439,-0.02114884,-0.02071056,-0.02018641,-0.01956489,-0.01882675,-0.01796605,-0.01696176,-0.01580648,-0.01450639,-0.01304303,-0.01142267,-0.009708357,-0.007875821,-0.005849259,-0.00405887,-0.00222236,-0.0005289839,-0.0001684042,-7.487852e-05,4.37369e-08,1.563364e-05,1.63879e-05,1.211254e-05,7.550865e-06,2.727743e-06,1.661138e-06,2.189996e-06,5.973895e-06,9.822917e-06,1.364688e-05,1.311221e-05,3.370075e-06,-3.831714e-05,-9.615807e-05,-0.000275514,-0.001078942,-0.001985533,-0.002770365,-0.003637654,-0.004446928,-0.005212451,-0.005960674,-0.00668466,-0.007378259,-0.008056013,-0.008711514,-0.009351094,-0.009972755,-0.01058152,-0.01117351
-0.01086497,-0.01152005,-0.01215751,-0.01278211,-0.01338888,-0.01398191,-0.01455649,-0.0151162,-0.01565658,-0.01618092,-0.01668505,-0.0171721,-0.01763821,-0.01808639,-0.01851312,-0.01892131,-0.01930773,-0.01967524,-0.02002087,-0.02034742,-0.02065218,-0.02093788,-0.02120203,-0.02144729,-0.02167139,-0.02187689,-0.02206173,-0.02222833,-0.02237482,-0.02250348,-0.02261259,-0.0227042,-0.02277674,-0.022832,-0.02286843,-0.0228875,-0.02288759,-0.02286969,-0.02283195,-0.02277471,-0.02269566,-0.02259416,-0.02246708,-0.0223124,-0.02212567,-0.02190293,-0.02163774,-0.02132367,-0.02095148,-0.02051184,-0.01999222,-0.0193799,-0.01866079,-0.01781732,-0.01684168,-0.0157114,-0.0144291,-0.01298426,-0.0113644,-0.009617392,-0.007727638,-0.005635389,-0.00367141,-0.001514305,-0.0002815278,-8.485308e-05,2.244075e-06,1.456049e-05,2.770073e-06,-7.889113e-06,NaN,NaN,NaN,NaN,NaN,NaN,NaN,NaN,NaN,NaN,NaN,-4.375292e-06,2.37222e-06,9.539865e-06,4.441e-06,-3.864204e-05,-0.0001337575,-0.0006764633,-0.001637735,-0.002497109,-0.003388219,-0.004239945,-0.005048789,-0.005846059,-0.006614178,-0.007365408,-0.008097218,-0.008813088,-0.009511861,-0.01019716
-0.009958534,-0.01069882,-0.01142452,-0.01213034,-0.01282025,-0.01348902,-0.01414008,-0.01476845,-0.01537731,-0.01596205,-0.01652578,-0.01706426,-0.01758062,-0.01807094,-0.01853843,-0.01897947,-0.01939728,-0.01978854,-0.02015648,-0.02049804,-0.02081645,-0.02110883,-0.02137843,-0.02162252,-0.02184434,-0.0220413,-0.02221658,-0.0223677,-0.02249776,-0.02260434,-0.02269043,-0.02275362,-0.0227967,-0.02281721,-0.02281767,-0.02279544,-0.02275264,-0.02268625,-0.02259783,-0.0224837,-0.02234456,-0.02217568,-0.02197648,-0.02174067,-0.02146584,-0.02114341,-0.02076868,-0.02033002,-0.01982015,-0.01922386,-0.01853147,-0.01772466,-0.01679113,-0.0157159,-0.01448356,-0.01309706,-0.01153945,-0.009807231,-0.007947197,-0.005920335,-0.003779766,-0.001597191,-0.0002637648,-4.929385e-05,9.654218e-06,5.674293e-06,-8.294572e-06,NaN,NaN,NaN,NaN,NaN,NaN,NaN,NaN,NaN,NaN,NaN,NaN,NaN,NaN,NaN,NaN,NaN,-2.934465e-06,4.312516e-06,7.074535e-06,-1.896374e-05,-0.0001136505,-0.0006779197,-0.001614252,-0.00254061,-0.003443567,-0.004311915,-0.005172503,-0.006010741,-0.006830228,-0.007635615,-0.008426053,-0.00919945
-0.00900466,-0.009831568,-0.01064043,-0.01143026,-0.01219951,-0.01294705,-0.01367121,-0.01437104,-0.01504493,-0.01569238,-0.0163119,-0.01690356,-0.01746589,-0.01799958,-0.01850309,-0.01897771,-0.01942175,-0.01983709,-0.02022182,-0.0205784,-0.0209046,-0.02120348,-0.02147237,-0.02171496,-0.02192811,-0.02211607,-0.02227517,-0.02241024,-0.02251702,-0.02260083,-0.02265678,-0.02269063,-0.02269677,-0.02268132,-0.0226378,-0.02257259,-0.02247814,-0.02236088,-0.02221195,-0.0220375,-0.021827,-0.02158589,-0.02130144,-0.02097784,-0.02059951,-0.02016889,-0.01966687,-0.01909399,-0.01842727,-0.01766592,-0.01678322,-0.01577778,-0.01462227,-0.01331337,-0.01184103,-0.01020059,-0.008415557,-0.006449746,-0.004272327,-0.002250739,-0.000379954,-5.753252e-05,6.117355e-06,1.16722e-06,-8.750453e-06,NaN,NaN,NaN,NaN,NaN,NaN,NaN,NaN,NaN,NaN,NaN,NaN,NaN,NaN,NaN,NaN,NaN,NaN,NaN,NaN,NaN,-2.242674e-06,2.080901e-06,5.156886e-06,-2.197722e-05,-0.0001563109,-0.0009430605,-0.001825315,-0.002788219,-0.003727648,-0.004632282,-0.005536325,-0.006422394,-0.007300124,-0.008160075
-0.007981705,-0.008887521,-0.009779496,-0.01064761,-0.01149726,-0.01231932,-0.01311811,-0.01388573,-0.01462622,-0.01533283,-0.01600959,-0.01665074,-0.01726033,-0.01783344,-0.01837409,-0.01887806,-0.0193493,-0.01978422,-0.0201866,-0.02055342,-0.02088825,-0.02118853,-0.0214576,-0.02169331,-0.02189871,-0.02207201,-0.02221592,-0.02232898,-0.02241346,-0.02246819,-0.02249492,-0.02249271,-0.02246268,-0.02240398,-0.02231698,-0.02220073,-0.02205467,-0.02187748,-0.02166736,-0.02142225,-0.02113875,-0.02081351,-0.02044101,-0.020016,-0.0195304,-0.01897644,-0.0183434,-0.01762078,-0.01679618,-0.01585667,-0.01479007,-0.01358156,-0.01221849,-0.01069168,-0.008987732,-0.007152077,-0.005170827,-0.003031302,-0.000806038,-0.0001185455,6.035283e-07,2.405533e-06,-7.792634e-06,NaN,NaN,NaN,NaN,NaN,NaN,NaN,NaN,NaN,NaN,NaN,NaN,NaN,NaN,NaN,NaN,NaN,NaN,NaN,NaN,NaN,NaN,NaN,NaN,NaN,-1.358796e-06,3.16044e-06,2.810551e-06,-4.716122e-05,-0.0003355202,-0.001293537,-0.002275746,-0.003235522,-0.004197595,-0.005161995,-0.006117349,-0.007055278
-0.006878791,-0.007861903,-0.008824651,-0.009772016,-0.01069333,-0.01159179,-0.01245843,-0.01329609,-0.01409746,-0.0148656,-0.01559451,-0.01628753,-0.01693965,-0.01755449,-0.01812778,-0.01866329,-0.01915739,-0.01961392,-0.02002973,-0.02040866,-0.02074797,-0.02105142,-0.02131653,-0.02154698,-0.02174052,-0.02190063,-0.02202522,-0.02211752,-0.02217554,-0.02220217,-0.02219543,-0.02215776,-0.02208709,-0.02198527,-0.02184994,-0.02168221,-0.02147913,-0.02124082,-0.02096337,-0.02064554,-0.02028199,-0.01986969,-0.01940123,-0.0188714,-0.01827014,-0.01759008,-0.01681832,-0.01594645,-0.01495928,-0.01385031,-0.01260247,-0.01121337,-0.009661725,-0.007940256,-0.006043539,-0.003984074,-0.001999869,-0.0002936698,-1.928015e-05,3.170452e-06,-5.434403e-06,NaN,NaN,NaN,NaN,NaN,NaN,NaN,NaN,NaN,NaN,NaN,NaN,NaN,NaN,NaN,NaN,NaN,NaN,NaN,NaN,NaN,NaN,NaN,NaN,NaN,NaN,NaN,NaN,NaN,-1.220863e-07,3.390692e-06,-5.382387e-06,-0.0001226704,-0.0008740127,-0.001803563,-0.002829388,-0.003858975,-0.004877378,-0.005886433
-0.005700596,-0.00674271,-0.007775426,-0.008788599,-0.009782205,-0.01074722,-0.01168316,-0.01258311,-0.01344736,-0.01427067,-0.0150541,-0.0157936,-0.01649088,-0.01714273,-0.01775138,-0.01831424,-0.01883392,-0.01930826,-0.01974016,-0.02012771,-0.02047405,-0.02077735,-0.02104096,-0.02126301,-0.02144695,-0.02159083,-0.02169812,-0.0217667,-0.02179999,-0.02179557,-0.0217567,-0.02168057,-0.02157014,-0.02142204,-0.02123874,-0.02101604,-0.02075571,-0.02045239,-0.02010674,-0.01971189,-0.01926694,-0.01876301,-0.01819723,-0.01755828,-0.01684117,-0.01603213,-0.01512489,-0.01410413,-0.01296512,-0.01169285,-0.0102886,-0.008736727,-0.007036057,-0.005163186,-0.003056352,-0.0009951742,-0.0001288355,1.733018e-06,-3.63385e-06,NaN,NaN,NaN,NaN,NaN,NaN,NaN,NaN,NaN,NaN,NaN,NaN,NaN,NaN,NaN,NaN,NaN,NaN,NaN,NaN,NaN,NaN,NaN,NaN,NaN,NaN,NaN,NaN,NaN,NaN,NaN,NaN,NaN,6.435053e-07,3.213945e-06,-5.414963e-05,-0.0004475034,-0.001436083,-0.002529912,-0.003592849,-0.004648306
-0.0044553,-0.00554913,-0.006634302,-0.007709818,-0.008763939,-0.009793707,-0.01079019,-0.01175179,-0.01267219,-0.01355102,-0.01438372,-0.01517085,-0.01590906,-0.01659967,-0.01724021,-0.01783256,-0.01837487,-0.01886944,-0.01931481,-0.01971359,-0.02006455,-0.02037049,-0.02063022,-0.02084672,-0.02101871,-0.02114923,-0.02123682,-0.02128449,-0.02129051,-0.02125774,-0.02118404,-0.02107195,-0.02091884,-0.02072673,-0.02049222,-0.0202166,-0.01989545,-0.01952895,-0.01911134,-0.01864125,-0.01811123,-0.01751793,-0.01685192,-0.01610764,-0.01527372,-0.01434287,-0.01330272,-0.0121464,-0.01086295,-0.009450968,-0.007904143,-0.006230153,-0.004420015,-0.002426752,-0.0004732963,-4.359894e-05,1.445863e-06,-4.994838e-06,NaN,NaN,NaN,NaN,NaN,NaN,NaN,NaN,NaN,NaN,NaN,NaN,NaN,NaN,NaN,NaN,NaN,NaN,NaN,NaN,NaN,NaN,NaN,NaN,NaN,NaN,NaN,NaN,NaN,NaN,NaN,NaN,NaN,NaN,NaN,1.917954e-08,2.858489e-06,-1.740662e-05,-0.0002217313,-0.001198802,-0.00228408,-0.003364975
-0.003162667,-0.004287715,-0.00541816,-0.006540921,-0.007651025,-0.008734603,-0.009788457,-0.01080347,-0.01177833,-0.01270657,-0.01358814,-0.01441833,-0.01519811,-0.01592404,-0.01659785,-0.01721706,-0.01778393,-0.01829665,-0.01875784,-0.01916612,-0.01952435,-0.01983134,-0.02009013,-0.02029952,-0.02046262,-0.02057818,-0.02064922,-0.02067429,-0.02065621,-0.02059322,-0.0204878,-0.02033776,-0.02014498,-0.01990667,-0.01962391,-0.01929303,-0.01891404,-0.01848208,-0.01799569,-0.01744853,-0.0168373,-0.01615398,-0.01539319,-0.01454527,-0.01360304,-0.01255585,-0.01139626,-0.01011443,-0.008706764,-0.007167838,-0.00550839,-0.003728322,-0.001883765,-0.0002701243,-9.58937e-06,-3.412864e-06,-3.485374e-06,NaN,NaN,NaN,NaN,NaN,NaN,NaN,NaN,NaN,NaN,NaN,NaN,NaN,NaN,NaN,NaN,NaN,NaN,NaN,NaN,NaN,NaN,NaN,NaN,NaN,NaN,NaN,NaN,NaN,NaN,NaN,NaN,NaN,NaN,NaN,NaN,NaN,7.251901e-07,7.426883e-07,-2.159589e-06,-0.0001324738,-0.0009829722,-0.002042708
-0.001846924,-0.002992355,-0.004141743,-0.005308051,-0.006458987,-0.007591951,-0.008691791,-0.009757069,-0.01077797,-0.01175403,-0.0126783,-0.01355135,-0.01436817,-0.01513027,-0.01583407,-0.01648176,-0.01707079,-0.01760385,-0.01807908,-0.01849946,-0.01886356,-0.01917455,-0.01943114,-0.01963663,-0.01978971,-0.01989363,-0.019947,-0.01995283,-0.01990951,-0.01981971,-0.01968142,-0.01949675,-0.01926316,-0.01898199,-0.01864991,-0.01826726,-0.0178296,-0.01733601,-0.01678067,-0.01616109,-0.01546985,-0.01470276,-0.01385078,-0.01290831,-0.01186498,-0.01071496,-0.009447274,-0.008059049,-0.006539398,-0.004899197,-0.003121799,-0.00135566,-0.0001711731,-7.916533e-07,-5.374648e-06,NaN,NaN,NaN,NaN,NaN,NaN,NaN,NaN,NaN,NaN,NaN,NaN,NaN,NaN,NaN,NaN,NaN,NaN,NaN,NaN,NaN,NaN,NaN,NaN,NaN,NaN,NaN,NaN,NaN,NaN,NaN,NaN,NaN,NaN,NaN,NaN,NaN,NaN,NaN,NaN,NaN,-2.618758e-07,1.759138e-06,-8.810354e-05,-0.0007561616
-0.0006192399,-0.001651794,-0.002835421,-0.004023722,-0.005212394,-0.00637884,-0.007520622,-0.008624558,-0.009688848,-0.01070425,-0.01167013,-0.01257982,-0.01343392,-0.01422766,-0.01496267,-0.01563556,-0.01624874,-0.01679978,-0.01729158,-0.01772235,-0.01809529,-0.01840893,-0.01866668,-0.01886712,-0.01901373,-0.01910505,-0.0191444,-0.01913015,-0.01906533,-0.01894792,-0.01878053,-0.0185606,-0.01829005,-0.01796558,-0.01758827,-0.01715374,-0.01666203,-0.01610741,-0.0154887,-0.01479856,-0.01403456,-0.01318765,-0.01225448,-0.01122437,-0.01009412,-0.008851304,-0.007495571,-0.006010599,-0.004408407,-0.00265001,-0.0009328202,-0.0001071055,3.998103e-07,-4.922751e-06,NaN,NaN,NaN,NaN,NaN,NaN,NaN,NaN,NaN,NaN,NaN,NaN,NaN,NaN,NaN,NaN,NaN,NaN,NaN,NaN,NaN,NaN,NaN,NaN,NaN,NaN,NaN,NaN,NaN,NaN,NaN,NaN,NaN,NaN,NaN,NaN,NaN,NaN,NaN,NaN,NaN,NaN,NaN,-3.43108e-07,3.027681e-06,-6.175342e-05
-4.329166e-05,-0.0004134653,-0.001503214,-0.002727219,-0.00392834,-0.005125524,-0.006293205,-0.007432451,-0.008528767,-0.00958144,-0.01058067,-0.01152634,-0.01241165,-0.01323756,-0.01399936,-0.01469895,-0.01533306,-0.01590429,-0.01641036,-0.01685428,-0.01723435,-0.0175539,-0.01781142,-0.01801044,-0.01814948,-0.01823204,-0.0182565,-0.01822617,-0.01813911,-0.01799829,-0.01780126,-0.01755042,-0.01724264,-0.01687958,-0.01645713,-0.01597608,-0.01543102,-0.01482179,-0.01414146,-0.01338891,-0.01255552,-0.01163962,-0.0106308,-0.009527855,-0.008318215,-0.007003607,-0.005565689,-0.004017589,-0.002310207,-0.0006606442,-6.609978e-05,-1.437587e-06,-4.158995e-06,NaN,NaN,NaN,NaN,NaN,NaN,NaN,NaN,NaN,NaN,NaN,NaN,NaN,NaN,NaN,NaN,NaN,NaN,NaN,NaN,NaN,NaN,NaN,NaN,NaN,NaN,NaN,NaN,NaN,NaN,NaN,NaN,NaN,NaN,NaN,NaN,NaN,NaN,NaN,NaN,NaN,NaN,NaN,NaN,NaN,1.603104e-07,8.264227e-07
1.061584e-06,-2.415373e-05,-0.000326611,-0.001413368,-0.002641851,-0.003843061,-0.005035462,-0.006194242,-0.007320287,-0.008399317,-0.009430478,-0.01040423,-0.0113205,-0.01217279,-0.01296217,-0.01368421,-0.01434093,-0.01492928,-0.01545195,-0.0159068,-0.01629693,-0.01662067,-0.01688145,-0.01707769,-0.01721299,-0.01728573,-0.01729942,-0.0172522,-0.01714731,-0.01698247,-0.0167605,-0.01647847,-0.01613857,-0.01573701,-0.01527523,-0.01474827,-0.01415679,-0.0134944,-0.01276104,-0.01194875,-0.01105709,-0.01007635,-0.009006637,-0.007835964,-0.00656746,-0.00518343,-0.003697481,-0.002061058,-0.0005006892,-4.223554e-05,-3.183128e-06,-2.696954e-06,NaN,NaN,NaN,NaN,NaN,NaN,NaN,NaN,NaN,NaN,NaN,NaN,NaN,NaN,NaN,NaN,NaN,NaN,NaN,NaN,NaN,NaN,NaN,NaN,NaN,NaN,NaN,NaN,NaN,NaN,NaN,NaN,NaN,NaN,NaN,NaN,NaN,NaN,NaN,NaN,NaN,NaN,NaN,NaN,NaN,NaN,NaN,8.691404e-07
8.274409e-07,-7.774181e-07,-1.724541e-05,-0.0002796894,-0.001348728,-0.002569093,-0.003760643,-0.004938941,-0.006079936,-0.007183804,-0.00823673,-0.009237601,-0.01017745,-0.01105611,-0.01186766,-0.01261307,-0.01328841,-0.01389559,-0.014432,-0.01490014,-0.01529821,-0.01562916,-0.0158915,-0.01608852,-0.01621881,-0.0162857,-0.01628765,-0.01622787,-0.01610448,-0.01592038,-0.01567311,-0.01536508,-0.01499312,-0.01455895,-0.01405837,-0.01349246,-0.01285574,-0.0121487,-0.0113644,-0.0105031,-0.009556226,-0.008524606,-0.007397378,-0.006177931,-0.004850484,-0.003429038,-0.001870744,-0.000407266,-2.957958e-05,-4.511057e-06,-1.801268e-06,NaN,NaN,NaN,NaN,NaN,NaN,NaN,NaN,NaN,NaN,NaN,NaN,NaN,NaN,NaN,NaN,NaN,NaN,NaN,NaN,NaN,NaN,NaN,NaN,NaN,NaN,NaN,NaN,NaN,NaN,NaN,NaN,NaN,NaN,NaN,NaN,NaN,NaN,NaN,NaN,NaN,NaN,NaN,NaN,NaN,NaN,NaN,NaN,NaN
NaN,1.684019e-06,-1.100664e-06,-1.345795e-05,-0.0002523136,-0.001295975,-0.002499991,-0.003674534,-0.004831189,-0.00594651,-0.007020176,-0.008038928,-0.009001683,-0.009899994,-0.01073382,-0.01149766,-0.01219257,-0.01281497,-0.01336677,-0.0138456,-0.01425396,-0.01459012,-0.01485711,-0.01505338,-0.01518223,-0.01524214,-0.01523642,-0.01516332,-0.01502595,-0.01482214,-0.01455461,-0.0142206,-0.01382225,-0.01335594,-0.01282324,-0.01221939,-0.01154549,-0.01079545,-0.009970204,-0.009062187,-0.00807289,-0.006992599,-0.005825112,-0.004555495,-0.003196951,-0.001716496,-0.0003502451,-2.26788e-05,-4.908094e-06,-1.041661e-06,NaN,NaN,NaN,NaN,NaN,NaN,NaN,NaN,NaN,NaN,NaN,NaN,NaN,NaN,NaN,NaN,NaN,NaN,NaN,NaN,NaN,NaN,NaN,NaN,NaN,NaN,NaN,NaN,NaN,NaN,NaN,NaN,NaN,NaN,NaN,NaN,NaN,NaN,NaN,NaN,NaN,NaN,NaN,NaN,NaN,NaN,NaN,NaN,NaN,NaN
NaN,NaN,1.597551e-06,-1.573065e-06,-1.200888e-05,-0.0002382989,-0.001250884,-0.002432819,-0.0035844,-0.004712326,-0.005794702,-0.006830658,-0.007807977,-0.008725463,-0.009575496,-0.01035795,-0.01106797,-0.0117065,-0.01227047,-0.01276158,-0.01317785,-0.01352161,-0.01379135,-0.01398992,-0.01411598,-0.01417252,-0.01415818,-0.01407588,-0.01392398,-0.01370517,-0.01341728,-0.01306257,-0.01263822,-0.01214593,-0.01158196,-0.01094756,-0.01023784,-0.009453843,-0.008589375,-0.007645985,-0.006615653,-0.005501766,-0.004292279,-0.002996781,-0.001587807,-0.0003141102,-1.943353e-05,-5.255933e-06,-9.362032e-07,NaN,NaN,NaN,NaN,NaN,NaN,NaN,NaN,NaN,NaN,NaN,NaN,NaN,NaN,NaN,NaN,NaN,NaN,NaN,NaN,NaN,NaN,NaN,NaN,NaN,NaN,NaN,NaN,NaN,NaN,NaN,NaN,NaN,NaN,NaN,NaN,NaN,NaN,NaN,NaN,NaN,NaN,NaN,NaN,NaN,NaN,NaN,NaN,NaN,NaN,NaN
NaN,NaN,NaN,1.763264e-06,-1.672702e-06,-1.158322e-05,-0.0002291342,-0.001209762,-0.002364957,-0.003487165,-0.00457962,-0.005622056,-0.006613518,-0.007542724,-0.008408645,-0.00920428,-0.009929662,-0.01058036,-0.01115738,-0.0116579,-0.0120837,-0.01243284,-0.0127078,-0.01290698,-0.01303329,-0.01308528,-0.01306596,-0.01297375,-0.01281156,-0.01257743,-0.01227403,-0.01189884,-0.01145408,-0.01093649,-0.01034791,-0.009684031,-0.008946569,-0.008129895,-0.007236246,-0.006258241,-0.005200282,-0.004050378,-0.002820444,-0.001487817,-0.0002857389,-1.748415e-05,-5.222993e-06,-6.475061e-07,NaN,NaN,NaN,NaN,NaN,NaN,NaN,NaN,NaN,NaN,NaN,NaN,NaN,NaN,NaN,NaN,NaN,NaN,NaN,NaN,NaN,NaN,NaN,NaN,NaN,NaN,NaN,NaN,NaN,NaN,NaN,NaN,NaN,NaN,NaN,NaN,NaN,NaN,NaN,NaN,NaN,NaN,NaN,NaN,NaN,NaN,NaN,NaN,NaN,NaN,NaN,NaN
NaN,NaN,NaN,NaN,1.553256e-06,-1.967175e-06,-1.209749e-05,-0.0002256305,-0.001173901,-0.00229648,-0.003382879,-0.004433214,-0.005429298,-0.006369966,-0.007245166,-0.008053768,-0.008789702,-0.00945283,-0.01003943,-0.01055025,-0.01098299,-0.01133922,-0.01161732,-0.01181955,-0.01194466,-0.01199516,-0.0119699,-0.01187144,-0.01169844,-0.01145334,-0.0111344,-0.01074368,-0.010279,-0.00974196,-0.009129623,-0.008443353,-0.007679143,-0.006838546,-0.005916151,-0.004914914,-0.003826973,-0.002659337,-0.001397479,-0.0002872736,-1.7544e-05,-5.106804e-06,-8.65232e-07,NaN,NaN,NaN,NaN,NaN,NaN,NaN,NaN,NaN,NaN,NaN,NaN,NaN,NaN,NaN,NaN,NaN,NaN,NaN,NaN,NaN,NaN,NaN,NaN,NaN,NaN,NaN,NaN,NaN,NaN,NaN,NaN,NaN,NaN,NaN,NaN,NaN,NaN,NaN,NaN,NaN,NaN,NaN,NaN,NaN,NaN,NaN,NaN,NaN,NaN,NaN,NaN,NaN
NaN,NaN,NaN,NaN,NaN,1.587542e-06,-1.987226e-06,-1.31106e-05,-0.000226121,-0.001139883,-0.002224154,-0.003268271,-0.004270351,-0.005214147,-0.006098466,-0.006914258,-0.007660589,-0.008331995,-0.008928443,-0.00944655,-0.009887181,-0.01024813,-0.01053119,-0.01073468,-0.01086101,-0.01090879,-0.01088066,-0.01077523,-0.01059515,-0.01033877,-0.01000863,-0.009602682,-0.009123105,-0.008567297,-0.007937273,-0.007229409,-0.006445985,-0.005581783,-0.004640492,-0.003613629,-0.002511455,-0.001321771,-0.0002691197,-1.954068e-05,-5.246212e-06,-6.830494e-07,NaN,NaN,NaN,NaN,NaN,NaN,NaN,NaN,NaN,NaN,NaN,NaN,NaN,NaN,NaN,NaN,NaN,NaN,NaN,NaN,NaN,NaN,NaN,NaN,NaN,NaN,NaN,NaN,NaN,NaN,NaN,NaN,NaN,NaN,NaN,NaN,NaN,NaN,NaN,NaN,NaN,NaN,NaN,NaN,NaN,NaN,NaN,NaN,NaN,NaN,NaN,NaN,NaN,NaN
NaN,NaN,NaN,NaN,NaN,NaN,1.322885e-06,-2.281834e-06,-1.50641e-05,-0.0002295985,-0.001107255,-0.002146723,-0.003142602,-0.004090777,-0.004976992,-0.005799842,-0.0065516,-0.007231148,-0.007833918,-0.008359608,-0.008805483,-0.009172254,-0.0094581,-0.009664689,-0.009790709,-0.009838232,-0.009806213,-0.009696882,-0.009509177,-0.009245303,-0.008903936,-0.008487041,-0.007993053,-0.007423596,-0.006776519,-0.006053466,-0.005251064,-0.004371659,-0.003409636,-0.002370114,-0.001248482,-0.0002750506,-2.028148e-05,-4.930218e-06,-9.118983e-07,NaN,NaN,NaN,NaN,NaN,NaN,NaN,NaN,NaN,NaN,NaN,NaN,NaN,NaN,NaN,NaN,NaN,NaN,NaN,NaN,NaN,NaN,NaN,NaN,NaN,NaN,NaN,NaN,NaN,NaN,NaN,NaN,NaN,NaN,NaN,NaN,NaN,NaN,NaN,NaN,NaN,NaN,NaN,NaN,NaN,NaN,NaN,NaN,NaN,NaN,NaN,NaN,NaN,NaN,NaN
NaN,NaN,NaN,NaN,NaN,NaN,NaN,1.302611e-06,-2.345389e-06,-1.737416e-05,-0.0002347364,-0.001071215,-0.002060472,-0.003002738,-0.003891861,-0.004715644,-0.005472668,-0.006156216,-0.006765169,-0.007295492,-0.007747021,-0.008117214,-0.008407143,-0.008614958,-0.00874252,-0.008788484,-0.008755069,-0.008641074,-0.008448862,-0.008177112,-0.007828211,-0.007400615,-0.006896454,-0.006313868,-0.005655015,-0.004916993,-0.004102676,-0.003206582,-0.002234951,-0.001182697,-0.0002614548,-2.310098e-05,-5.165983e-06,-8.82112e-07,NaN,NaN,NaN,NaN,NaN,NaN,NaN,NaN,NaN,NaN,NaN,NaN,NaN,NaN,NaN,NaN,NaN,NaN,NaN,NaN,NaN,NaN,NaN,NaN,NaN,NaN,NaN,NaN,NaN,NaN,NaN,NaN,NaN,NaN,NaN,NaN,NaN,NaN,NaN,NaN,NaN,NaN,NaN,NaN,NaN,NaN,NaN,NaN,NaN,NaN,NaN,NaN,NaN,NaN,NaN,NaN
NaN,NaN,NaN,NaN,NaN,NaN,NaN,NaN,1.008985e-06,-2.72289e-06,-2.043226e-05,-0.0002389781,-0.001030626,-0.001964053,-0.002847665,-0.003673034,-0.004430295,-0.005117595,-0.005729382,-0.006264224,-0.006718866,-0.007093145,-0.007384933,-0.007595325,-0.00772287,-0.007769205,-0.007733311,-0.007617139,-0.007419792,-0.007143352,-0.006786772,-0.006352021,-0.005838047,-0.005246622,-0.004576202,-0.003829032,-0.003001713,-0.002098004,-0.001118778,-0.0002656128,-2.418882e-05,-5.052022e-06,-1.058071e-06,NaN,NaN,NaN,NaN,NaN,NaN,NaN,NaN,NaN,NaN,NaN,NaN,NaN,NaN,NaN,NaN,NaN,NaN,NaN,NaN,NaN,NaN,NaN,NaN,NaN,NaN,NaN,NaN,NaN,NaN,NaN,NaN,NaN,NaN,NaN,NaN,NaN,NaN,NaN,NaN,NaN,NaN,NaN,NaN,NaN,NaN,NaN,NaN,NaN,NaN,NaN,NaN,NaN,NaN,NaN,NaN,NaN
NaN,NaN,NaN,NaN,NaN,NaN,NaN,NaN,NaN,9.375648e-07,-2.934959e-06,-2.345397e-05,-0.0002413376,-0.0009816547,-0.00185391,-0.002674329,-0.003432047,-0.00411921,-0.004733456,-0.005270164,-0.005727953,-0.006103994,-0.006398577,-0.006609689,-0.006738582,-0.00678396,-0.006747555,-0.006628387,-0.00642845,-0.006146803,-0.005785585,-0.00534383,-0.00482342,-0.004223478,-0.003545955,-0.002789012,-0.001955808,-0.001049869,-0.0002629085,-2.772156e-05,-5.277334e-06,-1.084496e-06,NaN,NaN,NaN,NaN,NaN,NaN,NaN,NaN,NaN,NaN,NaN,NaN,NaN,NaN,NaN,NaN,NaN,NaN,NaN,NaN,NaN,NaN,NaN,NaN,NaN,NaN,NaN,NaN,NaN,NaN,NaN,NaN,NaN,NaN,NaN,NaN,NaN,NaN,NaN,NaN,NaN,NaN,NaN,NaN,NaN,NaN,NaN,NaN,NaN,NaN,NaN,NaN,NaN,NaN,NaN,NaN,NaN,NaN
NaN,NaN,NaN,NaN,NaN,NaN,NaN,NaN,NaN,-2.996161e-07,6.150476e-07,-3.467606e-06,-2.681483e-05,-0.0002404316,-0.0009225284,-0.001728307,-0.002481944,-0.00316865,-0.003782556,-0.004320674,-0.004779398,-0.005157567,-0.0054528,-0.005665594,-0.005794351,-0.005840227,-0.005802235,-0.005681994,-0.005478795,-0.005194543,-0.004828465,-0.004382414,-0.003855952,-0.00325075,-0.002566145,-0.001804241,-0.0009750483,-0.0002580458,-3.062097e-05,-5.583952e-06,-1.215266e-06,-2.359681e-06,NaN,NaN,NaN,NaN,NaN,NaN,NaN,NaN,NaN,NaN,NaN,NaN,NaN,NaN,NaN,NaN,NaN,NaN,NaN,NaN,NaN,NaN,NaN,NaN,NaN,NaN,NaN,NaN,NaN,NaN,NaN,NaN,NaN,NaN,NaN,NaN,NaN,NaN,NaN,NaN,NaN,NaN,NaN,NaN,NaN,NaN,NaN,NaN,NaN,NaN,NaN,NaN,NaN,NaN,NaN,NaN,NaN,NaN
NaN,NaN,NaN,NaN,NaN,NaN,NaN,NaN,NaN,NaN,-2.371334e-07,4.870723e-07,-3.90676e-06,-2.979167e-05,-0.0002342602,-0.0008496356,-0.001584689,-0.00226844,-0.002881108,-0.003418722,-0.003878079,-0.004256285,-0.004552886,-0.004765647,-0.00489523,-0.004940351,-0.004902262,-0.004780165,-0.004575687,-0.004288211,-0.003919661,-0.003469547,-0.00293926,-0.002329484,-0.001640538,-0.0008879203,-0.0002492799,-3.330976e-05,-5.860203e-06,-1.279762e-06,-2.201968e-06,NaN,NaN,NaN,NaN,NaN,NaN,NaN,NaN,NaN,NaN,NaN,NaN,NaN,NaN,NaN,NaN,NaN,NaN,NaN,NaN,NaN,NaN,NaN,NaN,NaN,NaN,NaN,NaN,NaN,NaN,NaN,NaN,NaN,NaN,NaN,NaN,NaN,NaN,NaN,NaN,NaN,NaN,NaN,NaN,NaN,NaN,NaN,NaN,NaN,NaN,NaN,NaN,NaN,NaN,NaN,NaN,NaN,NaN,NaN
NaN,NaN,NaN,NaN,NaN,NaN,NaN,NaN,NaN,NaN,NaN,-3.697044e-07,1.355389e-07,-4.637633e-06,-3.237355e-05,-0.0002214472,-0.0007628151,-0.001422523,-0.00203309,-0.002568988,-0.00302742,-0.003405868,-0.003701843,-0.003915254,-0.004044365,-0.004089798,-0.004050623,-0.003928079,-0.00372167,-0.003433082,-0.003061803,-0.002609352,-0.002076283,-0.001462898,-0.00079135,-0.0002311085,-3.560914e-05,-6.47215e-06,-1.491366e-06,-2.177425e-06,NaN,NaN,NaN,NaN,NaN,NaN,NaN,NaN,NaN,NaN,NaN,NaN,NaN,NaN,NaN,NaN,NaN,NaN,NaN,NaN,NaN,NaN,NaN,NaN,NaN,NaN,NaN,NaN,NaN,NaN,NaN,NaN,NaN,NaN,NaN,NaN,NaN,NaN,NaN,NaN,NaN,NaN,NaN,NaN,NaN,NaN,NaN,NaN,NaN,NaN,NaN,NaN,NaN,NaN,NaN,NaN,NaN,NaN,NaN,NaN
NaN,NaN,NaN,NaN,NaN,NaN,NaN,NaN,NaN,NaN,NaN,NaN,-3.325359e-07,-7.029798e-08,-5.260894e-06,-3.374362e-05,-0.0002022869,-0.0006614804,-0.001240048,-0.00177376,-0.002230402,-0.002607284,-0.002903345,-0.003115961,-0.003245226,-0.003289883,-0.003250708,-0.003127061,-0.002920186,-0.002629714,-0.002257577,-0.001803489,-0.001268248,-0.0006816731,-0.0002111065,-3.616732e-05,-6.89068e-06,-1.593188e-06,-1.99823e-06,NaN,NaN,NaN,NaN,NaN,NaN,NaN,NaN,NaN,NaN,NaN,NaN,NaN,NaN,NaN,NaN,NaN,NaN,NaN,NaN,NaN,NaN,NaN,NaN,NaN,NaN,NaN,NaN,NaN,NaN,NaN,NaN,NaN,NaN,NaN,NaN,NaN,NaN,NaN,NaN,NaN,NaN,NaN,NaN,NaN,NaN,NaN,NaN,NaN,NaN,NaN,NaN,NaN,NaN,NaN,NaN,NaN,NaN,NaN,NaN,NaN
NaN,NaN,NaN,NaN,NaN,NaN,NaN,NaN,NaN,NaN,NaN,NaN,NaN,-4.589147e-07,-4.746962e-07,-6.044261e-06,-3.413525e-05,-0.0001773073,-0.0005477133,-0.001037532,-0.001489025,-0.001864652,-0.002158891,-0.002371128,-0.00249957,-0.002544203,-0.002504205,-0.002380369,-0.002172542,-0.001882015,-0.001508645,-0.00105628,-0.0005614514,-0.0001836906,-3.656854e-05,-7.532738e-06,-1.867981e-06,-1.989109e-06,NaN,NaN,NaN,NaN,NaN,NaN,NaN,NaN,NaN,NaN,NaN,NaN,NaN,NaN,NaN,NaN,NaN,NaN,NaN,NaN,NaN,NaN,NaN,NaN,NaN,NaN,NaN,NaN,NaN,NaN,NaN,NaN,NaN,NaN,NaN,NaN,NaN,NaN,NaN,NaN,NaN,NaN,NaN,NaN,NaN,NaN,NaN,NaN,NaN,NaN,NaN,NaN,NaN,NaN,NaN,NaN,NaN,NaN,NaN,NaN,NaN,NaN
NaN,NaN,NaN,NaN,NaN,NaN,NaN,NaN,NaN,NaN,NaN,NaN,NaN,2.029033e-07,-4.639575e-07,-7.578639e-07,-6.628995e-06,-3.298312e-05,-0.0001470944,-0.0004268349,-0.0008151446,-0.001178237,-0.001470783,-0.001681692,-0.001809589,-0.001853372,-0.001813273,-0.001688877,-0.001480953,-0.001190173,-0.0008269371,-0.0004353666,-0.0001515787,-3.498534e-05,-7.973897e-06,-2.012802e-06,-1.850527e-06,-1.291332e-06,NaN,NaN,NaN,NaN,NaN,NaN,NaN,NaN,NaN,NaN,NaN,NaN,NaN,NaN,NaN,NaN,NaN,NaN,NaN,NaN,NaN,NaN,NaN,NaN,NaN,NaN,NaN,NaN,NaN,NaN,NaN,NaN,NaN,NaN,NaN,NaN,NaN,NaN,NaN,NaN,NaN,NaN,NaN,NaN,NaN,NaN,NaN,NaN,NaN,NaN,NaN,NaN,NaN,NaN,NaN,NaN,NaN,NaN,NaN,NaN,NaN,NaN
NaN,NaN,NaN,NaN,NaN,NaN,NaN,NaN,NaN,NaN,NaN,NaN,NaN,NaN,2.700307e-08,-6.095793e-07,-1.207015e-06,-7.14616e-06,-3.042809e-05,-0.000114734,-0.0003073671,-0.0005815421,-0.0008472975,-0.001051083,-0.001176538,-0.001219739,-0.001179178,-0.001055995,-0.0008537878,-0.0005878974,-0.0003125286,-0.0001176618,-3.202901e-05,-8.328563e-06,-2.350381e-06,-1.868288e-06,-1.339102e-06,NaN,NaN,NaN,NaN,NaN,NaN,NaN,NaN,NaN,NaN,NaN,NaN,NaN,NaN,NaN,NaN,NaN,NaN,NaN,NaN,NaN,NaN,NaN,NaN,NaN,NaN,NaN,NaN,NaN,NaN,NaN,NaN,NaN,NaN,NaN,NaN,NaN,NaN,NaN,NaN,NaN,NaN,NaN,NaN,NaN,NaN,NaN,NaN,NaN,NaN,NaN,NaN,NaN,NaN,NaN,NaN,NaN,NaN,NaN,NaN,NaN,NaN,NaN
NaN,NaN,NaN,NaN,NaN,NaN,NaN,NaN,NaN,NaN,NaN,NaN,NaN,NaN,NaN,-4.026969e-08,-6.65552e-07,-1.569911e-06,-7.256187e-06,-2.651437e-05,-8.323535e-05,-0.0002001426,-0.0003614964,-0.0005173432,-0.0006247769,-0.0006627211,-0.0006263244,-0.0005199607,-0.0003646967,-0.0002024358,-8.510455e-05,-2.775801e-05,-8.268905e-06,-2.586128e-06,-1.783328e-06,-1.272319e-06,NaN,NaN,NaN,NaN,NaN,NaN,NaN,NaN,NaN,NaN,NaN,NaN,NaN,NaN,NaN,NaN,NaN,NaN,NaN,NaN,NaN,NaN,NaN,NaN,NaN,NaN,NaN,NaN,NaN,NaN,NaN,NaN,NaN,NaN,NaN,NaN,NaN,NaN,NaN,NaN,NaN,NaN,NaN,NaN,NaN,NaN,NaN,NaN,NaN,NaN,NaN,NaN,NaN,NaN,NaN,NaN,NaN,NaN,NaN,NaN,NaN,NaN,NaN,NaN
NaN,NaN,NaN,NaN,NaN,NaN,NaN,NaN,NaN,NaN,NaN,NaN,NaN,NaN,NaN,-3.249592e-07,-2.180312e-07,-8.203794e-07,-2.020424e-06,-7.101699e-06,-2.182071e-05,-5.610576e-05,-0.0001158992,-0.0001890036,-0.0002485803,-0.0002715233,-0.0002492281,-0.000190025,-0.0001172108,-5.707571e-05,-2.27392e-05,-7.948731e-06,-2.903143e-06,-1.805877e-06,-1.321572e-06,-1.566826e-06,NaN,NaN,NaN,NaN,NaN,NaN,NaN,NaN,NaN,NaN,NaN,NaN,NaN,NaN,NaN,NaN,NaN,NaN,NaN,NaN,NaN,NaN,NaN,NaN,NaN,NaN,NaN,NaN,NaN,NaN,NaN,NaN,NaN,NaN,NaN,NaN,NaN,NaN,NaN,NaN,NaN,NaN,NaN,NaN,NaN,NaN,NaN,NaN,NaN,NaN,NaN,NaN,NaN,NaN,NaN,NaN,NaN,NaN,NaN,NaN,NaN,NaN,NaN,NaN
NaN,NaN,NaN,NaN,NaN,NaN,NaN,NaN,NaN,NaN,NaN,NaN,NaN,NaN,NaN,NaN,-3.421363e-07,-3.304189e-07,-9.212164e-07,-2.327938e-06,-6.566977e-06,-1.668966e-05,-3.51089e-05,-5.982214e-05,-8.241448e-05,-9.157813e-05,-8.270398e-05,-6.029755e-05,-3.574916e-05,-1.73165e-05,-7.246373e-06,-3.079342e-06,-1.771627e-06,-1.299983e-06,-1.441296e-06,NaN,NaN,NaN,NaN,NaN,NaN,NaN,NaN,NaN,NaN,NaN,NaN,NaN,NaN,NaN,NaN,NaN,NaN,NaN,NaN,NaN,NaN,NaN,NaN,NaN,NaN,NaN,NaN,NaN,NaN,NaN,NaN,NaN,NaN,NaN,NaN,NaN,NaN,NaN,NaN,NaN,NaN,NaN,NaN,NaN,NaN,NaN,NaN,NaN,NaN,NaN,NaN,NaN,NaN,NaN,NaN,NaN,NaN,NaN,NaN,NaN,NaN,NaN,NaN,NaN
NaN,NaN,NaN,NaN,NaN,NaN,NaN,NaN,NaN,NaN,NaN,NaN,NaN,NaN,NaN,NaN,NaN,-4.101715e-07,-5.183481e-07,-1.08783e-06,-2.561258e-06,-5.856717e-06,-1.193295e-05,-2.039734e-05,-2.817578e-05,-3.149413e-05,-2.835126e-05,-2.071071e-05,-1.237129e-05,-6.36505e-06,-3.170355e-06,-1.799687e-06,-1.346264e-06,-1.362106e-06,NaN,NaN,NaN,NaN,NaN,NaN,NaN,NaN,NaN,NaN,NaN,NaN,NaN,NaN,NaN,NaN,NaN,NaN,NaN,NaN,NaN,NaN,NaN,NaN,NaN,NaN,NaN,NaN,NaN,NaN,NaN,NaN,NaN,NaN,NaN,NaN,NaN,NaN,NaN,NaN,NaN,NaN,NaN,NaN,NaN,NaN,NaN,NaN,NaN,NaN,NaN,NaN,NaN,NaN,NaN,NaN,NaN,NaN,NaN,NaN,NaN,NaN,NaN,NaN,NaN,NaN
NaN,NaN,NaN,NaN,NaN,NaN,NaN,NaN,NaN,NaN,NaN,NaN,NaN,NaN,NaN,NaN,NaN,-2.614577e-07,-4.387809e-07,-6.541687e-07,-1.227031e-06,-2.5467e-06,-4.915396e-06,-8.035002e-06,-1.103312e-05,-1.227362e-05,-1.116423e-05,-8.284469e-06,-5.279157e-06,-3.007727e-06,-1.791671e-06,-1.32997e-06,-1.229044e-06,-1.171265e-06,NaN,NaN,NaN,NaN,NaN,NaN,NaN,NaN,NaN,NaN,NaN,NaN,NaN,NaN,NaN,NaN,NaN,NaN,NaN,NaN,NaN,NaN,NaN,NaN,NaN,NaN,NaN,NaN,NaN,NaN,NaN,NaN,NaN,NaN,NaN,NaN,NaN,NaN,NaN,NaN,NaN,NaN,NaN,NaN,NaN,NaN,NaN,NaN,NaN,NaN,NaN,NaN,NaN,NaN,NaN,NaN,NaN,NaN,NaN,NaN,NaN,NaN,NaN,NaN,NaN,NaN
NaN,NaN,NaN,NaN,NaN,NaN,NaN,NaN,NaN,NaN,NaN,NaN,NaN,NaN,NaN,NaN,NaN,NaN,-3.438157e-07,-4.807937e-07,-7.905739e-07,-1.354754e-06,-2.367169e-06,-3.797295e-06,-5.095133e-06,-5.682938e-06,-5.204053e-06,-4.009326e-06,-2.680485e-06,-1.761837e-06,-1.298909e-06,-1.090684e-06,-1.060842e-06,NaN,NaN,NaN,NaN,NaN,NaN,NaN,NaN,NaN,NaN,NaN,NaN,NaN,NaN,NaN,NaN,NaN,NaN,NaN,NaN,NaN,NaN,NaN,NaN,NaN,NaN,NaN,NaN,NaN,NaN,NaN,NaN,NaN,NaN,NaN,NaN,NaN,NaN,NaN,NaN,NaN,NaN,NaN,NaN,NaN,NaN,NaN,NaN,NaN,NaN,NaN,NaN,NaN,NaN,NaN,NaN,NaN,NaN,NaN,NaN,NaN,NaN,NaN,NaN,NaN,NaN,NaN
NaN,NaN,NaN,NaN,NaN,NaN,NaN,NaN,NaN,NaN,NaN,NaN,NaN,NaN,NaN,NaN,NaN,NaN,-2.870149e-07,-3.637275e-07,-5.054738e-07,-8.133042e-07,-1.337974e-06,-1.988707e-06,-2.628325e-06,-2.901273e-06,-2.714294e-06,-2.158555e-06,-1.591176e-06,-1.147816e-06,-9.226699e-07,-8.67506e-07,-8.783707e-07,NaN,NaN,NaN,NaN,NaN,NaN,NaN,NaN,NaN,NaN,NaN,NaN,NaN,NaN,NaN,NaN,NaN,NaN,NaN,NaN,NaN,NaN,NaN,NaN,NaN,NaN,NaN,NaN,NaN,NaN,NaN,NaN,NaN,NaN,NaN,NaN,NaN,NaN,NaN,NaN,NaN,NaN,NaN,NaN,NaN,NaN,NaN,NaN,NaN,NaN,NaN,NaN,NaN,NaN,NaN,NaN,NaN,NaN,NaN,NaN,NaN,NaN,NaN,NaN,NaN,NaN,NaN
NaN,NaN,NaN,NaN,NaN,NaN,NaN,NaN,NaN,NaN,NaN,NaN,NaN,NaN,NaN,NaN,NaN,NaN,NaN,-2.215464e-07,-3.482724e-07,-4.670908e-07,-7.198087e-07,-1.062504e-06,-1.391163e-06,-1.533322e-06,-1.450943e-06,-1.180646e-06,-8.96304e-07,-7.002167e-07,-6.417494e-07,-5.74317e-07,NaN,NaN,NaN,NaN,NaN,NaN,NaN,NaN,NaN,NaN,NaN,NaN,NaN,NaN,NaN,NaN,NaN,NaN,NaN,NaN,NaN,NaN,NaN,NaN,NaN,NaN,NaN,NaN,NaN,NaN,NaN,NaN,NaN,NaN,NaN,NaN,NaN,NaN,NaN,NaN,NaN,NaN,NaN,NaN,NaN,NaN,NaN,NaN,NaN,NaN,NaN,NaN,NaN,NaN,NaN,NaN,NaN,NaN,NaN,NaN,NaN,NaN,NaN,NaN,NaN,NaN,NaN,NaN
NaN,NaN,NaN,NaN,NaN,NaN,NaN,NaN,NaN,NaN,NaN,NaN,NaN,NaN,NaN,NaN,NaN,NaN,NaN,-1.274224e-07,-1.607627e-07,-2.321502e-07,-3.459297e-07,-4.830852e-07,-6.181962e-07,-6.798136e-07,-6.49344e-07,-5.450453e-07,-4.386852e-07,-3.555627e-07,-3.15206e-07,-3.14185e-07,NaN,NaN,NaN,NaN,NaN,NaN,NaN,NaN,NaN,NaN,NaN,NaN,NaN,NaN,NaN,NaN,NaN,NaN,NaN,NaN,NaN,NaN,NaN,NaN,NaN,NaN,NaN,NaN,NaN,NaN,NaN,NaN,NaN,NaN,NaN,NaN,NaN,NaN,NaN,NaN,NaN,NaN,NaN,NaN,NaN,NaN,NaN,NaN,NaN,NaN,NaN,NaN,NaN,NaN,NaN,NaN,NaN,NaN,NaN,NaN,NaN,NaN,NaN,NaN,NaN,NaN,NaN,NaN
NaN,NaN,NaN,NaN,NaN,NaN,NaN,NaN,NaN,NaN,NaN,NaN,NaN,NaN,NaN,NaN,NaN,NaN,NaN,1.286179e-09,-6.912339e-08,-3.739676e-08,-7.571536e-08,-1.050127e-07,-1.679878e-07,-1.658e-07,-1.76915e-07,-1.223578e-07,-1.017198e-07,-7.111113e-08,-1.129613e-07,-4.999365e-08,NaN,NaN,NaN,NaN,NaN,NaN,NaN,NaN,NaN,NaN,NaN,NaN,NaN,NaN,NaN,NaN,NaN,NaN,NaN,NaN,NaN,NaN,NaN,NaN,NaN,NaN,NaN,NaN,NaN,NaN,NaN,NaN,NaN,NaN,NaN,NaN,NaN,NaN,NaN,NaN,NaN,NaN,NaN,NaN,NaN,NaN,NaN,NaN,NaN,NaN,NaN,NaN,NaN,NaN,NaN,NaN,NaN,NaN,NaN,NaN,NaN,NaN,NaN,NaN,NaN,NaN,NaN,NaN
NaN,NaN,NaN,NaN,NaN,NaN,NaN,NaN,NaN,NaN,NaN,NaN,NaN,NaN,NaN,NaN,NaN,NaN,NaN,0,0,0,0,0,0,0,0,0,0,0,0,0,NaN,NaN,NaN,NaN,NaN,NaN,NaN,NaN,NaN,NaN,NaN,NaN,NaN,NaN,NaN,NaN,NaN,NaN,NaN,NaN,NaN,NaN,NaN,NaN,NaN,NaN,NaN,NaN,NaN,NaN,NaN,NaN,NaN,NaN,NaN,NaN,NaN,NaN,NaN,NaN,NaN,NaN,NaN,NaN,NaN,NaN,NaN,NaN,NaN,NaN,NaN,NaN,NaN,NaN,NaN,NaN,NaN,NaN,NaN,NaN,NaN,NaN,NaN,NaN,NaN,NaN,NaN,NaN
