NaN,NaN,NaN,NaN,NaN,NaN,NaN,NaN,NaN,NaN,NaN,NaN,NaN,NaN,NaN,NaN,NaN,NaN,NaN,0,0,0,0,0,0,0,0,0,0,0,0,0,NaN,NaN,NaN,NaN,NaN,NaN,NaN,NaN,NaN,NaN,NaN,NaN,NaN,NaN,NaN,NaN,NaN,NaN,NaN,NaN,NaN,NaN,NaN,NaN,NaN,NaN,NaN,NaN,NaN,NaN,NaN,NaN,NaN,NaN,NaN,NaN,NaN,NaN,NaN,NaN,NaN,NaN,NaN,NaN,NaN,NaN,NaN,NaN,NaN,NaN,NaN,NaN,NaN,NaN,NaN,NaN,NaN,NaN,NaN,NaN,NaN,NaN,NaN,NaN,NaN,NaN,NaN,NaN
NaN,NaN,NaN,NaN,NaN,NaN,NaN,NaN,NaN,NaN,NaN,NaN,NaN,NaN,NaN,NaN,NaN,NaN,NaN,1.993275e-07,1.835014e-07,1.882491e-07,1.648293e-07,1.706543e-07,1.425153e-07,1.394355e-07,1.028362e-07,9.38488e-08,5.386977e-08,4.077468e-08,-7.752213e-09,-2.360117e-08,NaN,NaN,NaN,NaN,NaN,NaN,NaN,NaN,NaN,NaN,NaN,NaN,NaN,NaN,NaN,NaN,NaN,NaN,NaN,NaN,NaN,NaN,NaN,NaN,NaN,NaN,NaN,NaN,NaN,NaN,NaN,NaN,NaN,NaN,NaN,NaN,NaN,NaN,NaN,NaN,NaN,NaN,NaN,NaN,NaN,NaN,NaN,NaN,NaN,NaN,NaN,NaN,NaN,NaN,NaN,NaN,NaN,NaN,NaN,NaN,NaN,NaN,NaN,NaN,NaN,NaN,NaN,NaN
NaN,NaN,NaN,NaN,NaN,NaN,NaN,NaN,NaN,NaN,NaN,NaN,NaN,NaN,NaN,NaN,NaN,NaN,NaN,7.106837e-07,6.61377e-07,6.682487e-07,6.098574e-07,6.031104e-07,5.241209e-07,4.89377e-07,3.811705e-07,3.245243e-07,2.024461e-07,1.32435e-07,-8.051988e-09,-1.053928e-07,NaN,NaN,NaN,NaN,NaN,NaN,NaN,NaN,NaN,NaN,NaN,NaN,NaN,NaN,NaN,NaN,NaN,NaN,NaN,NaN,NaN,NaN,NaN,NaN,NaN,NaN,NaN,NaN,NaN,NaN,NaN,NaN,NaN,NaN,NaN,NaN,NaN,NaN,NaN,NaN,NaN,NaN,NaN,NaN,NaN,NaN,NaN,NaN,NaN,NaN,NaN,NaN,NaN,NaN,NaN,NaN,NaN,NaN,NaN,NaN,NaN,NaN,NaN,NaN,NaN,NaN,NaN,NaN
NaN,NaN,NaN,NaN,NaN,NaN,NaN,NaN,NaN,NaN,NaN,NaN,NaN,NaN,NaN,NaN,NaN,NaN,NaN,1.343823e-06,1.257654e-06,1.268137e-06,1.161343e-06,1.153614e-06,1.005868e-06,9.367818e-07,7.263558e-07,6.141798e-07,3.816351e-07,2.489734e-07,-1.945124e-08,-1.974533e-07,NaN,NaN,NaN,NaN,NaN,NaN,NaN,NaN,NaN,NaN,NaN,NaN,NaN,NaN,NaN,NaN,NaN,NaN,NaN,NaN,NaN,NaN,NaN,NaN,NaN,NaN,NaN,NaN,NaN,NaN,NaN,NaN,NaN,NaN,NaN,NaN,NaN,NaN,NaN,NaN,NaN,NaN,NaN,NaN,NaN,NaN,NaN,NaN,NaN,NaN,NaN,NaN,NaN,NaN,NaN,NaN,NaN,NaN,NaN,NaN,NaN,NaN,NaN,NaN,NaN,NaN,NaN,NaN
NaN,NaN,NaN,NaN,NaN,NaN,NaN,NaN,NaN,NaN,NaN,NaN,NaN,NaN,NaN,NaN,NaN,NaN,1.871771e-06,1.918017e-06,1.79204e-06,1.820646e-06,1.681774e-06,1.67799e-06,1.471091e-06,1.362772e-06,1.048023e-06,8.725406e-07,5.356567e-07,3.456703e-07,-2.66742e-08,-2.879713e-07,-7.459118e-07,NaN,NaN,NaN,NaN,NaN,NaN,NaN,NaN,NaN,NaN,NaN,NaN,NaN,NaN,NaN,NaN,NaN,NaN,NaN,NaN,NaN,NaN,NaN,NaN,NaN,NaN,NaN,NaN,NaN,NaN,NaN,NaN,NaN,NaN,NaN,NaN,NaN,NaN,NaN,NaN,NaN,NaN,NaN,NaN,NaN,NaN,NaN,NaN,NaN,NaN,NaN,NaN,NaN,NaN,NaN,NaN,NaN,NaN,NaN,NaN,NaN,NaN,NaN,NaN,NaN,NaN,NaN
NaN,NaN,NaN,NaN,NaN,NaN,NaN,NaN,NaN,NaN,NaN,NaN,NaN,NaN,NaN,NaN,NaN,NaN,2.27537e-06,2.322231e-06,2.199452e-06,2.237728e-06,2.11391e-06,2.133866e-06,1.903365e-06,1.73559e-06,1.31512e-06,1.050216e-06,6.344555e-07,3.95279e-07,-4.260954e-08,-3.553293e-07,-8.995692e-07,NaN,NaN,NaN,NaN,NaN,NaN,NaN,NaN,NaN,NaN,NaN,NaN,NaN,NaN,NaN,NaN,NaN,NaN,NaN,NaN,NaN,NaN,NaN,NaN,NaN,NaN,NaN,NaN,NaN,NaN,NaN,NaN,NaN,NaN,NaN,NaN,NaN,NaN,NaN,NaN,NaN,NaN,NaN,NaN,NaN,NaN,NaN,NaN,NaN,NaN,NaN,NaN,NaN,NaN,NaN,NaN,NaN,NaN,NaN,NaN,NaN,NaN,NaN,NaN,NaN,NaN,NaN
NaN,NaN,NaN,NaN,NaN,NaN,NaN,NaN,NaN,NaN,NaN,NaN,NaN,NaN,NaN,NaN,NaN,2.630373e-06,2.509466e-06,2.587539e-06,2.460175e-06,2.589465e-06,2.534588e-06,2.659236e-06,2.416053e-06,2.171708e-06,1.554775e-06,1.157232e-06,6.315792e-07,3.839379e-07,-7.979583e-08,-4.035137e-07,-1.002362e-06,-1.456001e-06,NaN,NaN,NaN,NaN,NaN,NaN,NaN,NaN,NaN,NaN,NaN,NaN,NaN,NaN,NaN,NaN,NaN,NaN,NaN,NaN,NaN,NaN,NaN,NaN,NaN,NaN,NaN,NaN,NaN,NaN,NaN,NaN,NaN,NaN,NaN,NaN,NaN,NaN,NaN,NaN,NaN,NaN,NaN,NaN,NaN,NaN,NaN,NaN,NaN,NaN,NaN,NaN,NaN,NaN,NaN,NaN,NaN,NaN,NaN,NaN,NaN,NaN,NaN,NaN,NaN,NaN
NaN,NaN,NaN,NaN,NaN,NaN,NaN,NaN,NaN,NaN,NaN,NaN,NaN,NaN,NaN,NaN,NaN,2.754133e-06,2.651759e-06,2.74411e-06,2.739711e-06,3.031917e-06,3.291889e-06,3.691148e-06,3.527287e-06,3.02378e-06,1.969428e-06,1.174055e-06,4.844828e-07,2.212272e-07,-1.801457e-07,-4.702525e-07,-1.047227e-06,-1.546479e-06,NaN,NaN,NaN,NaN,NaN,NaN,NaN,NaN,NaN,NaN,NaN,NaN,NaN,NaN,NaN,NaN,NaN,NaN,NaN,NaN,NaN,NaN,NaN,NaN,NaN,NaN,NaN,NaN,NaN,NaN,NaN,NaN,NaN,NaN,NaN,NaN,NaN,NaN,NaN,NaN,NaN,NaN,NaN,NaN,NaN,NaN,NaN,NaN,NaN,NaN,NaN,NaN,NaN,NaN,NaN,NaN,NaN,NaN,NaN,NaN,NaN,NaN,NaN,NaN,NaN,NaN
NaN,NaN,NaN,NaN,NaN,NaN,NaN,NaN,NaN,NaN,NaN,NaN,NaN,NaN,NaN,NaN,2.71577e-06,2.827192e-06,2.744377e-06,2.981586e-06,3.246852e-06,4.249491e-06,5.429565e-06,6.733595e-06,6.672527e-06,5.431228e-06,2.97737e-06,1.074477e-06,-1.773058e-07,-3.574757e-07,-5.311054e-07,-6.148903e-07,-1.131847e-06,-1.557197e-06,-2.346613e-06,NaN,NaN,NaN,NaN,NaN,NaN,NaN,NaN,NaN,NaN,NaN,NaN,NaN,NaN,NaN,NaN,NaN,NaN,NaN,NaN,NaN,NaN,NaN,NaN,NaN,NaN,NaN,NaN,NaN,NaN,NaN,NaN,NaN,NaN,NaN,NaN,NaN,NaN,NaN,NaN,NaN,NaN,NaN,NaN,NaN,NaN,NaN,NaN,NaN,NaN,NaN,NaN,NaN,NaN,NaN,NaN,NaN,NaN,NaN,NaN,NaN,NaN,NaN,NaN,NaN
NaN,NaN,NaN,NaN,NaN,NaN,NaN,NaN,NaN,NaN,NaN,NaN,NaN,NaN,NaN,2.835654e-06,2.757982e-06,2.897594e-06,2.952589e-06,3.598747e-06,5.083268e-06,8.361024e-06,1.26236e-05,1.60686e-05,1.572635e-05,1.189306e-05,5.586232e-06,3.047775e-07,-2.618429e-06,-2.602706e-06,-1.846563e-06,-1.189949e-06,-1.291875e-06,-1.657197e-06,-2.322949e-06,-2.999662e-06,NaN,NaN,NaN,NaN,NaN,NaN,NaN,NaN,NaN,NaN,NaN,NaN,NaN,NaN,NaN,NaN,NaN,NaN,NaN,NaN,NaN,NaN,NaN,NaN,NaN,NaN,NaN,NaN,NaN,NaN,NaN,NaN,NaN,NaN,NaN,NaN,NaN,NaN,NaN,NaN,NaN,NaN,NaN,NaN,NaN,NaN,NaN,NaN,NaN,NaN,NaN,NaN,NaN,NaN,NaN,NaN,NaN,NaN,NaN,NaN,NaN,NaN,NaN,NaN
NaN,NaN,NaN,NaN,NaN,NaN,NaN,NaN,NaN,NaN,NaN,NaN,NaN,NaN,NaN,2.864331e-06,2.820044e-06,3.078477e-06,3.673468e-06,6.148202e-06,1.214344e-05,2.286924e-05,3.322806e-05,3.830328e-05,3.444306e-05,2.431399e-05,9.989806e-06,-2.715309e-06,-1.078744e-05,-1.108208e-05,-7.341022e-06,-3.545881e-06,-2.131336e-06,-1.807998e-06,-2.447815e-06,-2.944454e-06,NaN,NaN,NaN,NaN,NaN,NaN,NaN,NaN,NaN,NaN,NaN,NaN,NaN,NaN,NaN,NaN,NaN,NaN,NaN,NaN,NaN,NaN,NaN,NaN,NaN,NaN,NaN,NaN,NaN,NaN,NaN,NaN,NaN,NaN,NaN,NaN,NaN,NaN,NaN,NaN,NaN,NaN,NaN,NaN,NaN,NaN,NaN,NaN,NaN,NaN,NaN,NaN,NaN,NaN,NaN,NaN,NaN,NaN,NaN,NaN,NaN,NaN,NaN,NaN
NaN,NaN,NaN,NaN,NaN,NaN,NaN,NaN,NaN,NaN,NaN,NaN,NaN,NaN,2.761879e-06,2.932478e-06,2.980981e-06,3.879143e-06,6.924711e-06,1.718351e-05,3.68351e-05,5.893399e-05,7.123457e-05,7.113555e-05,5.882556e-05,3.888121e-05,1.386227e-05,-9.984778e-06,-2.852233e-05,-3.469955e-05,-2.775602e-05,-1.445373e-05,-5.840128e-06,-2.917412e-06,-2.570914e-06,-3.109515e-06,-3.832592e-06,NaN,NaN,NaN,NaN,NaN,NaN,NaN,NaN,NaN,NaN,NaN,NaN,NaN,NaN,NaN,NaN,NaN,NaN,NaN,NaN,NaN,NaN,NaN,NaN,NaN,NaN,NaN,NaN,NaN,NaN,NaN,NaN,NaN,NaN,NaN,NaN,NaN,NaN,NaN,NaN,NaN,NaN,NaN,NaN,NaN,NaN,NaN,NaN,NaN,NaN,NaN,NaN,NaN,NaN,NaN,NaN,NaN,NaN,NaN,NaN,NaN,NaN,NaN
NaN,NaN,NaN,NaN,NaN,NaN,NaN,NaN,NaN,NaN,NaN,NaN,NaN,2.852442e-06,2.830336e-06,3.066592e-06,3.809564e-06,7.768172e-06,2.249519e-05,5.445393e-05,8.923061e-05,0.0001110876,0.0001153161,0.0001054349,8.242107e-05,5.150929e-05,1.461061e-05,-2.176296e-05,-5.403585e-05,-7.367795e-05,-7.526881e-05,-5.354197e-05,-2.48292e-05,-8.177909e-06,-3.929636e-06,-3.186499e-06,-4.045387e-06,-4.582998e-06,NaN,NaN,NaN,NaN,NaN,NaN,NaN,NaN,NaN,NaN,NaN,NaN,NaN,NaN,NaN,NaN,NaN,NaN,NaN,NaN,NaN,NaN,NaN,NaN,NaN,NaN,NaN,NaN,NaN,NaN,NaN,NaN,NaN,NaN,NaN,NaN,NaN,NaN,NaN,NaN,NaN,NaN,NaN,NaN,NaN,NaN,NaN,NaN,NaN,NaN,NaN,NaN,NaN,NaN,NaN,NaN,NaN,NaN,NaN,NaN,NaN,NaN
NaN,NaN,NaN,NaN,NaN,NaN,NaN,NaN,NaN,NaN,NaN,NaN,NaN,2.938711e-06,2.95022e-06,3.896313e-06,8.168911e-06,2.82318e-05,7.336733e-05,0.0001222834,0.0001531019,0.0001649431,0.0001583681,0.0001374864,0.0001033653,6.07053e-05,1.146491e-05,-3.840136e-05,-8.533915e-05,-0.0001213446,-0.0001402784,-0.0001313166,-9.032718e-05,-3.769741e-05,-1.084658e-05,-4.759764e-06,-4.080672e-06,-4.874182e-06,NaN,NaN,NaN,NaN,NaN,NaN,NaN,NaN,NaN,NaN,NaN,NaN,NaN,NaN,NaN,NaN,NaN,NaN,NaN,NaN,NaN,NaN,NaN,NaN,NaN,NaN,NaN,NaN,NaN,NaN,NaN,NaN,NaN,NaN,NaN,NaN,NaN,NaN,NaN,NaN,NaN,NaN,NaN,NaN,NaN,NaN,NaN,NaN,NaN,NaN,NaN,NaN,NaN,NaN,NaN,NaN,NaN,NaN,NaN,NaN,NaN,NaN
NaN,NaN,NaN,NaN,NaN,NaN,NaN,NaN,NaN,NaN,NaN,NaN,2.836826e-06,3.026829e-06,3.749834e-06,8.554711e-06,3.321752e-05,9.343137e-05,0.0001548551,0.0001969553,0.0002160655,0.0002166186,0.0001986887,0.0001666135,0.0001207694,6.60885e-05,3.781977e-06,-6.003026e-05,-0.0001225808,-0.0001757243,-0.0002142211,-0.0002268139,-0.0002043189,-0.0001368839,-5.328442e-05,-1.313022e-05,-5.834164e-06,-4.850039e-06,-6.004007e-06,NaN,NaN,NaN,NaN,NaN,NaN,NaN,NaN,NaN,NaN,NaN,NaN,NaN,NaN,NaN,NaN,NaN,NaN,NaN,NaN,NaN,NaN,NaN,NaN,NaN,NaN,NaN,NaN,NaN,NaN,NaN,NaN,NaN,NaN,NaN,NaN,NaN,NaN,NaN,NaN,NaN,NaN,NaN,NaN,NaN,NaN,NaN,NaN,NaN,NaN,NaN,NaN,NaN,NaN,NaN,NaN,NaN,NaN,NaN,NaN,NaN
NaN,NaN,NaN,NaN,NaN,NaN,NaN,NaN,NaN,NaN,NaN,2.961283e-06,2.910672e-06,3.806681e-06,8.523095e-06,3.79598e-05,0.0001123767,0.0001878636,0.000239823,0.0002690398,0.0002762671,0.0002650206,0.0002356791,0.0001919174,0.0001343208,6.705885e-05,-8.473217e-06,-8.696658e-05,-0.0001655227,-0.0002368832,-0.0002956907,-0.0003316028,-0.000335675,-0.0002929026,-0.0001940159,-6.976137e-05,-1.577844e-05,-6.803287e-06,-5.910192e-06,-7.039314e-06,NaN,NaN,NaN,NaN,NaN,NaN,NaN,NaN,NaN,NaN,NaN,NaN,NaN,NaN,NaN,NaN,NaN,NaN,NaN,NaN,NaN,NaN,NaN,NaN,NaN,NaN,NaN,NaN,NaN,NaN,NaN,NaN,NaN,NaN,NaN,NaN,NaN,NaN,NaN,NaN,NaN,NaN,NaN,NaN,NaN,NaN,NaN,NaN,NaN,NaN,NaN,NaN,NaN,NaN,NaN,NaN,NaN,NaN,NaN,NaN
NaN,NaN,NaN,NaN,NaN,NaN,NaN,NaN,NaN,NaN,2.868055e-06,2.999481e-06,3.650872e-06,8.508317e-06,4.158712e-05,0.0001311726,0.0002191918,0.0002831391,0.0003210831,0.0003377017,0.0003324832,0.0003095903,0.0002684782,0.0002131961,0.000143429,6.369795e-05,-2.557869e-05,-0.0001188015,-0.0002141186,-0.0003040234,-0.0003843061,-0.0004444584,-0.0004766062,-0.0004659909,-0.000399296,-0.0002597935,-8.926175e-05,-1.77814e-05,-8.051244e-06,-6.888614e-06,-8.42119e-06,NaN,NaN,NaN,NaN,NaN,NaN,NaN,NaN,NaN,NaN,NaN,NaN,NaN,NaN,NaN,NaN,NaN,NaN,NaN,NaN,NaN,NaN,NaN,NaN,NaN,NaN,NaN,NaN,NaN,NaN,NaN,NaN,NaN,NaN,NaN,NaN,NaN,NaN,NaN,NaN,NaN,NaN,NaN,NaN,NaN,NaN,NaN,NaN,NaN,NaN,NaN,NaN,NaN,NaN,NaN,NaN,NaN,NaN,NaN
NaN,NaN,NaN,NaN,NaN,NaN,NaN,NaN,NaN,3.026512e-06,2.901048e-06,3.740005e-06,8.150485e-06,4.471904e-05,0.0001482747,0.0002507555,0.000324917,0.0003738024,0.00039817,0.0004016243,0.0003843443,0.0003494812,0.0002969356,0.0002298614,0.0001482969,5.578603e-05,-4.694896e-05,-0.0001553636,-0.0002673639,-0.0003766018,-0.0004786575,-0.0005642819,-0.0006255312,-0.0006488254,-0.0006210271,-0.0005225469,-0.0003364438,-0.0001077656,-1.980368e-05,-9.260531e-06,-8.171008e-06,-9.690115e-06,NaN,NaN,NaN,NaN,NaN,NaN,NaN,NaN,NaN,NaN,NaN,NaN,NaN,NaN,NaN,NaN,NaN,NaN,NaN,NaN,NaN,NaN,NaN,NaN,NaN,NaN,NaN,NaN,NaN,NaN,NaN,NaN,NaN,NaN,NaN,NaN,NaN,NaN,NaN,NaN,NaN,NaN,NaN,NaN,NaN,NaN,NaN,NaN,NaN,NaN,NaN,NaN,NaN,NaN,NaN,NaN,NaN,NaN
NaN,NaN,NaN,NaN,NaN,NaN,NaN,NaN,NaN,3.016654e-06,3.624581e-06,7.948165e-06,4.676372e-05,0.0001654089,0.0002808547,0.0003674261,0.0004252384,0.0004594123,0.0004697313,0.0004605696,0.0004309035,0.0003846284,0.0003204898,0.0002422359,0.0001487202,4.404202e-05,-7.236148e-05,-0.0001954578,-0.0003245504,-0.0004528575,-0.0005775028,-0.0006888512,-0.0007805827,-0.0008388023,-0.0008522092,-0.0008005342,-0.0006658304,-0.0004212886,-0.000127508,-2.155345e-05,-1.091658e-05,-9.462682e-06,NaN,NaN,NaN,NaN,NaN,NaN,NaN,NaN,NaN,NaN,NaN,NaN,NaN,NaN,NaN,NaN,NaN,NaN,NaN,NaN,NaN,NaN,NaN,NaN,NaN,NaN,NaN,NaN,NaN,NaN,NaN,NaN,NaN,NaN,NaN,NaN,NaN,NaN,NaN,NaN,NaN,NaN,NaN,NaN,NaN,NaN,NaN,NaN,NaN,NaN,NaN,NaN,NaN,NaN,NaN,NaN,NaN,NaN
NaN,NaN,NaN,NaN,NaN,NaN,NaN,NaN,2.947853e-06,3.790355e-06,7.541161e-06,4.886009e-05,0.0001814938,0.0003121587,0.0004091669,0.000477966,0.0005196586,0.0005387779,0.0005356622,0.0005135941,0.0004722955,0.0004145009,0.0003395734,0.00025013,0.0001455617,2.87341e-05,-0.0001004412,-0.0002382833,-0.0003836962,-0.0005314011,-0.0006781715,-0.0008160433,-0.0009384144,-0.001033186,-0.001088673,-0.001086968,-0.00100871,-0.0008282733,-0.0005180304,-0.0001477312,-2.296204e-05,-1.243109e-05,-1.106428e-05,NaN,NaN,NaN,NaN,NaN,NaN,NaN,NaN,NaN,NaN,NaN,NaN,NaN,NaN,NaN,NaN,NaN,NaN,NaN,NaN,NaN,NaN,NaN,NaN,NaN,NaN,NaN,NaN,NaN,NaN,NaN,NaN,NaN,NaN,NaN,NaN,NaN,NaN,NaN,NaN,NaN,NaN,NaN,NaN,NaN,NaN,NaN,NaN,NaN,NaN,NaN,NaN,NaN,NaN,NaN,NaN,NaN
NaN,NaN,NaN,NaN,NaN,NaN,NaN,3.10693e-06,3.729615e-06,7.373541e-06,5.047115e-05,0.0001990359,0.0003433552,0.0004531731,0.000530634,0.000581731,0.0006070936,0.0006118214,0.0005950237,0.0005609721,0.0005079348,0.0004396446,0.0003540091,0.0002545319,0.0001390764,1.135247e-05,-0.0001303941,-0.0002817105,-0.0004433384,-0.0006092931,-0.0007784059,-0.000942046,-0.001095868,-0.001227113,-0.001326669,-0.001375533,-0.001358022,-0.001245675,-0.001014962,-0.0006255548,-0.0001663159,-2.584672e-05,-1.478352e-05,-1.270407e-05,NaN,NaN,NaN,NaN,NaN,NaN,NaN,NaN,NaN,NaN,NaN,NaN,NaN,NaN,NaN,NaN,NaN,NaN,NaN,NaN,NaN,NaN,NaN,NaN,NaN,NaN,NaN,NaN,NaN,NaN,NaN,NaN,NaN,NaN,NaN,NaN,NaN,NaN,NaN,NaN,NaN,NaN,NaN,NaN,NaN,NaN,NaN,NaN,NaN,NaN,NaN,NaN,NaN,NaN,NaN,NaN
NaN,NaN,NaN,NaN,NaN,NaN,3.083607e-06,3.989538e-06,7.091881e-06,5.265391e-05,0.0002170372,0.0003779427,0.0004984397,0.000586757,0.0006445916,0.0006779159,0.0006876102,0.0006777655,0.0006483017,0.0006021756,0.0005386018,0.0004599314,0.0003649261,0.0002556932,0.0001308825,-7.328107e-06,-0.0001599753,-0.0003243061,-0.0005004322,-0.0006842881,-0.0008741465,-0.001063559,-0.001247687,-0.001416201,-0.0015594,-0.001661241,-0.001704734,-0.001666029,-0.001517485,-0.00122561,-0.0007498837,-0.0001978587,-2.757806e-05,-1.671918e-05,-1.475754e-05,NaN,NaN,NaN,NaN,NaN,NaN,NaN,NaN,NaN,NaN,NaN,NaN,NaN,NaN,NaN,NaN,NaN,NaN,NaN,NaN,NaN,NaN,NaN,NaN,NaN,NaN,NaN,NaN,NaN,NaN,NaN,NaN,NaN,NaN,NaN,NaN,NaN,NaN,NaN,NaN,NaN,NaN,NaN,NaN,NaN,NaN,NaN,NaN,NaN,NaN,NaN,NaN,NaN,NaN,NaN
NaN,NaN,NaN,NaN,NaN,3.305995e-06,3.993717e-06,7.179826e-06,5.51925e-05,0.0002383989,0.0004146861,0.0005487937,0.0006454933,0.0007120793,0.000750365,0.0007666154,0.000760523,0.0007372129,0.0006950072,0.0006381644,0.0005641494,0.0004766218,0.0003725761,0.0002553379,0.0001216857,-2.502672e-05,-0.0001878815,-0.0003630312,-0.000552864,-0.0007523114,-0.0009622245,-0.001175222,-0.001389362,-0.001593426,-0.001781007,-0.001934894,-0.00204221,-0.002076881,-0.002017523,-0.001824938,-0.00146959,-0.0008938128,-0.0002182922,-3.112395e-05,-1.986841e-05,-1.684824e-05,NaN,NaN,NaN,NaN,NaN,NaN,NaN,NaN,NaN,NaN,NaN,NaN,NaN,NaN,NaN,NaN,NaN,NaN,NaN,NaN,NaN,NaN,NaN,NaN,NaN,NaN,NaN,NaN,NaN,NaN,NaN,NaN,NaN,NaN,NaN,NaN,NaN,NaN,NaN,NaN,NaN,NaN,NaN,NaN,NaN,NaN,NaN,NaN,NaN,NaN,NaN,NaN,NaN,NaN
NaN,NaN,NaN,NaN,3.350215e-06,4.359057e-06,7.247116e-06,5.94846e-05,0.000262394,0.0004577826,0.0006034797,0.0007112584,0.0007837469,0.0008288553,0.0008482993,0.0008474351,0.0008267206,0.0007898968,0.0007364033,0.0006689146,0.0005861238,0.0004900479,0.0003788415,0.0002541425,0.0001138434,-4.056101e-05,-0.0002111006,-0.0003960112,-0.000596718,-0.0008105393,-0.001037454,-0.001272857,-0.001514027,-0.001752935,-0.001982356,-0.002188892,-0.002358346,-0.002469612,-0.002498403,-0.002413621,-0.002176706,-0.001745034,-0.001057612,-0.0002599508,-3.364862e-05,-2.247019e-05,-1.965224e-05,NaN,NaN,NaN,NaN,NaN,NaN,NaN,NaN,NaN,NaN,NaN,NaN,NaN,NaN,NaN,NaN,NaN,NaN,NaN,NaN,NaN,NaN,NaN,NaN,NaN,NaN,NaN,NaN,NaN,NaN,NaN,NaN,NaN,NaN,NaN,NaN,NaN,NaN,NaN,NaN,NaN,NaN,NaN,NaN,NaN,NaN,NaN,NaN,NaN,NaN,NaN,NaN,NaN
NaN,NaN,NaN,3.659035e-06,4.425965e-06,7.8171e-06,6.513776e-05,0.0002925116,0.0005060717,0.0006669732,0.0007834284,0.0008643243,0.0009130581,0.0009374723,0.0009381323,0.0009214254,0.0008860754,0.000837301,0.0007725643,0.0006962242,0.0006048846,0.0005022613,0.0003843943,0.0002545568,0.0001083954,-5.098489e-05,-0.0002280713,-0.0004195625,-0.0006296367,-0.0008541761,-0.001096316,-0.001350115,-0.001616484,-0.001886163,-0.002156135,-0.002411628,-0.00264351,-0.002828589,-0.0029491,-0.002969766,-0.00286205,-0.002572527,-0.002062956,-0.001249928,-0.0002873788,-3.851558e-05,-2.620734e-05,-2.241497e-05,NaN,NaN,NaN,NaN,NaN,NaN,NaN,NaN,NaN,NaN,NaN,NaN,NaN,NaN,NaN,NaN,NaN,NaN,NaN,NaN,NaN,NaN,NaN,NaN,NaN,NaN,NaN,NaN,NaN,NaN,NaN,NaN,NaN,NaN,NaN,NaN,NaN,NaN,NaN,NaN,NaN,NaN,NaN,NaN,NaN,NaN,NaN,NaN,NaN,NaN,NaN,NaN
NaN,NaN,3.811727e-06,4.874768e-06,8.455969e-06,7.407593e-05,0.0003278416,0.0005644558,0.0007386658,0.0008671822,0.0009536392,0.001008379,0.001034186,0.001038102,0.001021346,0.0009888444,0.0009405081,0.0008798228,0.0008057153,0.0007206672,0.0006228573,0.0005140714,0.0003918871,0.0002575815,0.0001083286,-5.496466e-05,-0.0002352919,-0.000431826,-0.0006473206,-0.000880521,-0.001133229,-0.0014029,-0.001689233,-0.001986985,-0.002291976,-0.002594293,-0.002883334,-0.003141947,-0.003349819,-0.003479669,-0.003497338,-0.003362789,-0.003021927,-0.002421809,-0.001471251,-0.0003474289,-4.618256e-05,-2.97149e-05,-2.614803e-05,NaN,NaN,NaN,NaN,NaN,NaN,NaN,NaN,NaN,NaN,NaN,NaN,NaN,NaN,NaN,NaN,NaN,NaN,NaN,NaN,NaN,NaN,NaN,NaN,NaN,NaN,NaN,NaN,NaN,NaN,NaN,NaN,NaN,NaN,NaN,NaN,NaN,NaN,NaN,NaN,NaN,NaN,NaN,NaN,NaN,NaN,NaN,NaN,NaN,NaN,NaN
NaN,4.254744e-06,4.926756e-06,9.919723e-06,8.552665e-05,0.0003722255,0.0006314214,0.0008235103,0.0009618148,0.001057055,0.001114602,0.001144165,0.001147451,0.001132411,0.001098403,0.0010519,0.0009906496,0.0009200235,0.0008366295,0.0007450179,0.0006409701,0.0005283662,0.0004023683,0.0002663123,0.0001148193,-4.914471e-05,-0.0002313509,-0.0004289673,-0.0006478572,-0.0008848613,-0.00114537,-0.001425065,-0.001727848,-0.002046895,-0.00238301,-0.002724746,-0.003067543,-0.003392346,-0.003686286,-0.003918888,-0.004065732,-0.004080105,-0.003923469,-0.003525279,-0.002836014,-0.001740786,-0.0004236795,-5.650123e-05,-3.377282e-05,-3.016518e-05,NaN,NaN,NaN,NaN,NaN,NaN,NaN,NaN,NaN,NaN,NaN,NaN,NaN,NaN,NaN,NaN,NaN,NaN,NaN,NaN,NaN,NaN,NaN,NaN,NaN,NaN,NaN,NaN,NaN,NaN,NaN,NaN,NaN,NaN,NaN,NaN,NaN,NaN,NaN,NaN,NaN,NaN,NaN,NaN,NaN,NaN,NaN,NaN,NaN,NaN
4.831654e-06,5.395944e-06,1.216577e-05,0.0001044976,0.0004247726,0.0007124156,0.0009206872,0.001073041,0.001174274,0.001237795,0.001267517,0.0012726,0.001255065,0.001221425,0.001172084,0.001111755,0.001039624,0.0009591528,0.0008686195,0.0007705746,0.0006625737,0.0005464755,0.0004191925,0.0002819912,0.0001312549,-3.230587e-05,-0.0002127174,-0.0004096726,-0.0006273511,-0.0008655218,-0.001128001,-0.001413993,-0.001726016,-0.002061514,-0.002420127,-0.002795705,-0.003182539,-0.003568228,-0.003938275,-0.004270613,-0.004537571,-0.004703736,-0.004722884,-0.004543594,-0.004093403,-0.003309261,-0.002060855,-0.0005327066,-7.309738e-05,-3.745514e-05,-3.557165e-05,NaN,NaN,NaN,NaN,NaN,NaN,NaN,NaN,NaN,NaN,NaN,NaN,NaN,NaN,NaN,NaN,NaN,NaN,NaN,NaN,NaN,NaN,NaN,NaN,NaN,NaN,NaN,NaN,NaN,NaN,NaN,NaN,NaN,NaN,NaN,NaN,NaN,NaN,NaN,NaN,NaN,NaN,NaN,NaN,NaN,NaN,NaN,NaN,NaN
4.892157e-06,1.654021e-05,0.0001337575,0.0004921343,0.0008060607,0.001035602,0.001199608,0.00131093,0.001377229,0.001410374,0.001413376,0.00139597,0.001358254,0.00130817,0.001243846,0.001171879,0.001089032,0.00100092,0.0009033219,0.0008010982,0.0006892753,0.000572046,0.0004438133,0.0003081566,0.0001588475,-1.074748e-06,-0.0001784333,-0.0003706335,-0.0005849532,-0.0008189746,-0.001080084,-0.001365459,-0.001681846,-0.002024963,-0.002399574,-0.002798091,-0.003221187,-0.003655114,-0.004093365,-0.004512071,-0.004893603,-0.005198965,-0.005395271,-0.005422491,-0.005229986,-0.004727641,-0.003851874,-0.002445361,-0.0007030878,-9.993448e-05,-4.091529e-05,-4.17702e-05,NaN,NaN,NaN,NaN,NaN,NaN,NaN,NaN,NaN,NaN,NaN,NaN,NaN,NaN,NaN,NaN,NaN,NaN,NaN,NaN,NaN,NaN,NaN,NaN,NaN,NaN,NaN,NaN,NaN,NaN,NaN,NaN,NaN,NaN,NaN,NaN,NaN,NaN,NaN,NaN,NaN,NaN,NaN,NaN,NaN,NaN,NaN,5.585423e-06
2.725957e-05,0.0001866373,0.0005778936,0.0009209211,0.00116797,0.001347958,0.001466122,0.001539229,0.001572107,0.001576507,0.00155501,0.001516174,0.001460619,0.001394759,0.001317742,0.001234514,0.001143151,0.001047572,0.0009450492,0.0008387313,0.0007252112,0.0006070147,0.0004800733,0.0003463178,0.0002010542,4.556618e-05,-0.0001254632,-0.0003113735,-0.0005180167,-0.0007452167,-0.0009990849,-0.001279553,-0.001592378,-0.001936731,-0.00231682,-0.002729556,-0.0031755,-0.003646846,-0.004137278,-0.004630674,-0.005109337,-0.005544268,-0.005900797,-0.006132348,-0.006180902,-0.005979508,-0.005437373,-0.004473841,-0.002927959,-0.0009825045,-0.0001466289,-4.343283e-05,-4.932138e-05,NaN,NaN,NaN,NaN,NaN,NaN,NaN,NaN,NaN,NaN,NaN,NaN,NaN,NaN,NaN,NaN,NaN,NaN,NaN,NaN,NaN,NaN,NaN,NaN,NaN,NaN,NaN,NaN,NaN,NaN,NaN,NaN,NaN,NaN,NaN,NaN,NaN,NaN,NaN,NaN,NaN,NaN,NaN,NaN,NaN,6.450772e-06,5.989746e-06
0.0003070341,0.0007053437,0.001059534,0.001326283,0.001516804,0.001645943,0.001721856,0.001758682,0.001760435,0.0017387,0.001694332,0.00163671,0.001564446,0.001485293,0.001396307,0.001304091,0.001204613,0.001103648,0.0009963685,0.0008878887,0.0007727501,0.0006554357,0.0005299296,0.000400071,0.0002592168,0.0001105445,-5.326619e-05,-0.0002297436,-0.000426886,-0.0006428697,-0.0008862364,-0.00115553,-0.001459397,-0.001796115,-0.002173483,-0.00258818,-0.003045455,-0.00353806,-0.004065861,-0.004614064,-0.005172984,-0.00571524,-0.006216297,-0.006630056,-0.006911729,-0.006989855,-0.0067966,-0.006227606,-0.005201584,-0.00355401,-0.001453569,-0.0002244259,-4.748971e-05,-5.610942e-05,NaN,NaN,NaN,NaN,NaN,NaN,NaN,NaN,NaN,NaN,NaN,NaN,NaN,NaN,NaN,NaN,NaN,NaN,NaN,NaN,NaN,NaN,NaN,NaN,NaN,NaN,NaN,NaN,NaN,NaN,NaN,NaN,NaN,NaN,NaN,NaN,NaN,NaN,NaN,NaN,NaN,NaN,NaN,7.849316e-06,5.364018e-06,4.074422e-05
0.0008742892,0.001242346,0.00151337,0.001715624,0.001849204,0.001931848,0.001967925,0.001971465,0.00194506,0.001899465,0.001835132,0.001760419,0.001674091,0.001582838,0.001484215,0.001383772,0.001278202,0.001172252,0.001061964,0.0009514685,0.0008362255,0.0007198452,0.0005971749,0.0004712802,0.0003363695,0.0001948556,4.020916e-05,-0.0001258784,-0.0003107461,-0.0005134378,-0.0007420746,-0.0009963,-0.001284779,-0.001607248,-0.00197226,-0.002378606,-0.002833295,-0.003332237,-0.003878387,-0.004461506,-0.005076532,-0.005702251,-0.00632007,-0.00689163,-0.007378268,-0.007718332,-0.007847006,-0.007677,-0.007114387,-0.006059705,-0.004385621,-0.002180129,-0.0003462318,-5.71e-05,-6.245896e-05,NaN,NaN,NaN,NaN,NaN,NaN,NaN,NaN,NaN,NaN,NaN,NaN,NaN,NaN,NaN,NaN,NaN,NaN,NaN,NaN,NaN,NaN,NaN,NaN,NaN,NaN,NaN,NaN,NaN,NaN,NaN,NaN,NaN,NaN,NaN,NaN,NaN,NaN,NaN,NaN,NaN,8.491784e-06,7.398941e-06,6.065549e-05,0.0004137797
0.001453145,0.00173962,0.001943523,0.002083399,0.002165884,0.002205313,0.002205536,0.002179341,0.002127854,0.002061746,0.001979815,0.001890981,0.001792333,0.001691532,0.001584464,0.00147793,0.001366973,0.00125779,0.001144784,0.001033673,0.0009183291,0.0008039773,0.0006839873,0.0005630423,0.000433894,0.0003006079,0.0001552107,1.006196e-06,-0.0001708097,-0.0003578094,-0.000569666,-0.000804823,-0.001073668,-0.001375333,-0.001720404,-0.002107998,-0.002547783,-0.00303737,-0.003583359,-0.004179151,-0.00482462,-0.005504637,-0.00620689,-0.006901705,-0.007557635,-0.008123544,-0.00854237,-0.008736419,-0.008622172,-0.008097443,-0.007068339,-0.005417371,-0.003094528,-0.0005371203,-8.296943e-05,-6.450257e-05,-6.37788e-05,NaN,NaN,NaN,NaN,NaN,NaN,NaN,NaN,NaN,NaN,NaN,NaN,NaN,NaN,NaN,NaN,NaN,NaN,NaN,NaN,NaN,NaN,NaN,NaN,NaN,NaN,NaN,NaN,NaN,NaN,NaN,NaN,NaN,NaN,NaN,NaN,NaN,9.144873e-06,9.114345e-06,1.122795e-05,9.729827e-05,0.0005880427,0.00106972
0.001997301,0.00220792,0.002345776,0.002430764,0.002466492,0.002467768,0.00243632,0.002384242,0.002311479,0.002227848,0.002131651,0.002030951,0.001922827,0.00181407,0.001700928,0.001589294,0.001474877,0.001362901,0.001248698,0.00113694,0.001022624,0.0009099167,0.0007934303,0.0006767539,0.0005540724,0.0004282443,0.0002928853,0.0001499845,-7.571177e-06,-0.0001788015,-0.0003716791,-0.0005863116,-0.0008315766,-0.001108528,-0.001426765,-0.001787802,-0.002201226,-0.002667872,-0.003195748,-0.003782713,-0.004432287,-0.00513541,-0.005886381,-0.006663296,-0.007444599,-0.008188164,-0.008849126,-0.009358951,-0.009644711,-0.009612499,-0.009163268,-0.008185308,-0.006549773,-0.004024846,-0.0009272958,-0.0001556447,-6.280305e-05,-7.06547e-05,NaN,NaN,NaN,NaN,NaN,NaN,NaN,NaN,NaN,NaN,NaN,NaN,NaN,NaN,NaN,NaN,NaN,NaN,NaN,NaN,NaN,NaN,NaN,NaN,NaN,NaN,NaN,NaN,NaN,NaN,NaN,NaN,NaN,NaN,NaN,1.157993e-05,8.760448e-06,2.516104e-05,0.0001725584,0.0007829936,0.00131177,0.001706127
0.002499271,0.002639262,0.002719011,0.002754819,0.002750125,0.00271858,0.002660153,0.00258685,0.002496366,0.002399241,0.002291434,0.002182316,0.002066591,0.001952793,0.001834747,0.00172044,0.001603083,0.00149029,0.001374805,0.001263945,0.001150048,0.00104011,0.000926054,0.0008144927,0.0006967918,0.0005790947,0.0004520611,0.0003211953,0.0001762625,2.194827e-05,-0.0001530604,-0.0003450298,-0.0005664619,-0.0008146654,-0.001103265,-0.001430374,-0.001810337,-0.002241326,-0.002737297,-0.0032948,-0.003925102,-0.004619972,-0.005383931,-0.006198764,-0.00705612,-0.007920418,-0.008762991,-0.00952257,-0.01014456,-0.01053566,-0.01061586,-0.01025462,-0.009335497,-0.007687737,-0.005074368,-0.001899075,-0.0003246441,-7.173778e-05,-7.241798e-05,NaN,NaN,NaN,NaN,NaN,NaN,NaN,NaN,NaN,NaN,NaN,NaN,NaN,NaN,NaN,NaN,NaN,NaN,NaN,NaN,NaN,NaN,NaN,NaN,NaN,NaN,NaN,NaN,NaN,NaN,NaN,NaN,NaN,1.233519e-05,1.105297e-05,5.913463e-05,0.0003683727,0.001011737,0.00158147,0.001990244,0.002290576
0.002954177,0.003032859,0.003060163,0.003054517,0.003015357,0.002956741,0.002876558,0.002786287,0.002682544,0.002575108,0.002459475,0.002344281,0.002224125,0.002106922,0.001986578,0.00187061,0.001752383,0.001639215,0.001523993,0.001413951,0.001301474,0.00119377,0.001082622,0.0009751586,0.0008624911,0.0007515248,0.000632528,0.0005120339,0.0003792727,0.0002402157,8.285262e-05,-8.762439e-05,-0.0002846612,-0.0005039683,-0.0007605243,-0.00105095,-0.001391537,-0.001779494,-0.002231677,-0.002744836,-0.003334664,-0.003995189,-0.00473762,-0.005549178,-0.00643103,-0.007357372,-0.00831128,-0.009246411,-0.01011831,-0.01085409,-0.01137231,-0.0115698,-0.01132052,-0.01047916,-0.008926436,-0.006545733,-0.003682128,-0.0006443945,-0.0001216363,-6.57732e-05,-7.404383e-05,NaN,NaN,NaN,NaN,NaN,NaN,NaN,NaN,NaN,NaN,NaN,NaN,NaN,NaN,NaN,NaN,NaN,NaN,NaN,NaN,NaN,NaN,NaN,NaN,NaN,NaN,NaN,NaN,NaN,1.687189e-05,1.269773e-05,2.174163e-05,0.0001287207,0.0007499484,0.001360893,0.001898138,0.002311908,0.002610901,0.002821792
0.003355562,0.00338019,0.003364475,0.003324321,0.00325751,0.003178046,0.003081001,0.002979042,0.002865617,0.002752292,0.0026315,0.002513888,0.002391304,0.002273646,0.002152499,0.002037141,0.001919121,0.001807165,0.001692928,0.001584575,0.001473948,0.001368564,0.001260478,0.00115646,0.001048669,0.000943011,0.0008316396,0.0007193899,0.0005982479,0.0004717544,0.0003315306,0.000179589,6.983977e-06,-0.0001860682,-0.0004092165,-0.000664165,-0.000961322,-0.001304179,-0.001703591,-0.002164191,-0.002696243,-0.003303901,-0.003994565,-0.004768674,-0.005626587,-0.006559437,-0.007554053,-0.008584028,-0.009614434,-0.01059108,-0.01144878,-0.01209554,-0.01242612,-0.01232107,-0.01163932,-0.01034514,-0.008290004,-0.005336971,-0.001610376,-0.0003118577,-8.126597e-05,-6.072295e-05,-7.223533e-05,NaN,NaN,NaN,NaN,NaN,NaN,NaN,NaN,NaN,NaN,NaN,NaN,NaN,NaN,NaN,NaN,NaN,NaN,NaN,NaN,NaN,NaN,NaN,NaN,NaN,2.197494e-05,1.642185e-05,1.712164e-05,6.776436e-05,0.0003450612,0.001148882,0.00180303,0.002301271,0.002675919,0.002964071,0.003160032,0.003288793
0.003695354,0.003675988,0.003625,0.003557912,0.003470429,0.003375502,0.003267555,0.0031577,0.003039641,0.002923108,0.00280147,0.002683334,0.002562023,0.002445207,0.002326419,0.002212485,0.002097324,0.001986969,0.001875843,0.001769177,0.001661932,0.001558505,0.001454372,0.001352972,0.001250305,0.001148658,0.001044454,0.0009386403,0.000827936,0.0007117256,0.0005868542,0.0004508535,0.0003004718,0.0001311579,-6.064742e-05,-0.0002818377,-0.0005363952,-0.000833687,-0.001178005,-0.001580982,-0.002046602,-0.002587874,-0.003206927,-0.003916053,-0.004712306,-0.005603291,-0.00657526,-0.007624772,-0.008718566,-0.009833507,-0.01090542,-0.01188093,-0.01265791,-0.013142,-0.01322262,-0.01277306,-0.01172117,-0.009890916,-0.007121906,-0.004119394,-0.0007957197,-0.0001876315,-6.624521e-05,-5.246357e-05,-6.302293e-05,NaN,NaN,NaN,NaN,NaN,NaN,NaN,NaN,NaN,NaN,NaN,NaN,NaN,NaN,NaN,NaN,NaN,NaN,NaN,NaN,NaN,2.934389e-05,2.241125e-05,2.026436e-05,4.89655e-05,0.0001895434,0.0009569211,0.001643247,0.002272659,0.002746254,0.00308957,0.003343111,0.003517935,0.003626739,0.003684852
0.003961133,0.00390703,0.00383015,0.003743557,0.003642249,0.00353793,0.003424048,0.00331129,0.003192199,0.003076688,0.002956809,0.002841858,0.002723665,0.002611053,0.002495833,0.002386432,0.002274761,0.002168906,0.002060956,0.001958645,0.001854284,0.001755178,0.001653863,0.001557157,0.0014577,0.001361748,0.001261937,0.001163795,0.001059813,0.0009546123,0.0008403395,0.000720492,0.000586648,0.0004408968,0.0002740448,8.652055e-05,-0.0001319175,-0.0003826606,-0.0006771261,-0.001018521,-0.00141924,-0.001883841,-0.002424905,-0.003047,-0.003760905,-0.004568242,-0.005474119,-0.006471798,-0.007554256,-0.008697751,-0.009873607,-0.01103037,-0.01210482,-0.01301713,-0.01365952,-0.01394864,-0.01374101,-0.01291995,-0.01147431,-0.009262158,-0.006309231,-0.002899609,-0.0005391486,-0.0001561344,-5.008517e-05,-3.288897e-05,-4.263393e-05,NaN,NaN,NaN,NaN,NaN,NaN,NaN,NaN,NaN,NaN,NaN,NaN,NaN,NaN,NaN,NaN,NaN,3.509297e-05,2.632031e-05,2.489084e-05,5.361545e-05,0.0001538365,0.0007543961,0.001582453,0.002275106,0.002810057,0.003211672,0.003514953,0.003733383,0.00387185,0.003959776,0.003994338,0.003995403
0.004139269,0.004060302,0.003966299,0.003867265,0.003759248,0.003650493,0.003536489,0.003424305,0.003309047,0.003197025,0.003083115,0.002973135,0.002861832,0.00275473,0.002646541,0.002542607,0.002437641,0.002336891,0.002235086,0.002137418,0.002038591,0.001943762,0.001847536,0.001754986,0.001660587,0.001569211,0.001475076,0.001382751,0.00128606,0.001189129,0.001085206,0.0009777624,0.0008592335,0.0007322563,0.0005881957,0.0004285864,0.0002434747,3.30352e-05,-0.0002141983,-0.0004995763,-0.0008360998,-0.00122654,-0.001685089,-0.002215286,-0.00283132,-0.003535775,-0.004340094,-0.005242407,-0.006246229,-0.007339053,-0.008508055,-0.009720158,-0.01093758,-0.0120921,-0.01312328,-0.01391838,-0.01439807,-0.01444305,-0.01392594,-0.01284262,-0.01110574,-0.008560608,-0.005830017,-0.002553047,-0.0005016666,-0.0001768954,-4.988799e-05,-1.018767e-05,-1.108935e-05,-9.364453e-06,NaN,NaN,NaN,NaN,NaN,NaN,NaN,NaN,NaN,NaN,NaN,4.610774e-05,3.900877e-05,3.232192e-05,4.137738e-05,8.257013e-05,0.0001822252,0.0007727971,0.001659492,0.00232322,0.002912415,0.003359549,0.003683486,0.00393139,0.004095709,0.004201776,0.004255314,0.004269964,0.004249463,0.004206219
0.004210255,0.00411645,0.004014357,0.003910536,0.003802139,0.003694928,0.003585355,0.003478498,0.003370486,0.003265841,0.003160619,0.003058888,0.002956805,0.002858061,0.002759026,0.002663062,0.002566823,0.002473367,0.002379673,0.00228848,0.002197121,0.002107948,0.002018653,0.001931162,0.001843421,0.00175688,0.001669668,0.001582631,0.001493971,0.001403789,0.001310207,0.001212421,0.001108307,0.0009959019,0.0008726506,0.0007351939,0.0005802783,0.0004029177,0.0001989075,-3.858477e-05,-0.0003148807,-0.0006387412,-0.001016568,-0.001458797,-0.001972384,-0.002568439,-0.003253013,-0.004035475,-0.004917833,-0.005903004,-0.006983042,-0.008147162,-0.009366754,-0.0106119,-0.01181803,-0.01293549,-0.01386164,-0.01450955,-0.01479864,-0.01460483,-0.01384386,-0.01257508,-0.01073195,-0.008194908,-0.005736291,-0.003214068,-0.0007573304,-0.0002137312,-0.0001016449,-1.174873e-05,1.659848e-05,2.926926e-05,3.198516e-05,3.576092e-05,3.809499e-05,4.277946e-05,4.465024e-05,4.529073e-05,4.317494e-05,4.255735e-05,4.556513e-05,5.823266e-05,9.215489e-05,0.0001368038,0.0003291344,0.001148215,0.001908825,0.002493775,0.003080076,0.003522359,0.00384526,0.00410081,0.004277916,0.004392024,0.004454711,0.004479337,0.004466024,0.004430338,0.004370552,0.00429763
0.004156604,0.004057902,0.003956693,0.00385488,0.003753028,0.003652084,0.003552383,0.003454255,0.003357894,0.003263225,0.00317039,0.003079065,0.002989426,0.002900989,0.002814005,0.002727893,0.002643026,0.002558755,0.002475581,0.002392808,0.002311031,0.00222952,0.00214892,0.002068409,0.001988686,0.001908737,0.001829233,0.001748895,0.001668273,0.001585705,0.001501498,0.001413451,0.001321473,0.001222681,0.001116366,0.00099874,0.0008683074,0.000720106,0.0005516431,0.0003565304,0.000131083,-0.0001327257,-0.0004398338,-0.0007999456,-0.001219029,-0.001708142,-0.002273378,-0.002926023,-0.003670151,-0.004514659,-0.00545745,-0.006499491,-0.007627121,-0.008822135,-0.01005546,-0.01127726,-0.01243373,-0.01345677,-0.01423914,-0.01472704,-0.01482409,-0.01442596,-0.01353308,-0.01220312,-0.01046326,-0.008263916,-0.005908103,-0.004169745,-0.00225391,-0.0006102024,-0.000153705,-6.456477e-05,-2.141934e-05,1.230461e-05,4.181048e-05,6.328791e-05,8.039709e-05,9.555994e-05,0.0001107017,0.0001301458,0.0001795562,0.000393861,0.001070154,0.001786348,0.00223651,0.002769827,0.003288895,0.003667647,0.003962269,0.004198402,0.004373646,0.004487261,0.004552681,0.004580743,0.004574752,0.00454212,0.004490015,0.004421186,0.004340771,0.004251817
0.003959743,0.003867449,0.003774652,0.003683585,0.003593121,0.003505378,0.003418656,0.003334958,0.00325224,0.00317244,0.003093304,0.003016769,0.002940497,0.002866447,0.002792235,0.002719884,0.002647027,0.002575752,0.002503723,0.002433085,0.00236155,0.002291273,0.00222002,0.002149936,0.00207875,0.002008575,0.001937062,0.001866215,0.001793517,0.001720763,0.001645151,0.001568182,0.001486667,0.00140162,0.0013093,0.001210088,0.001099503,0.0009771149,0.0008374677,0.000679139,0.0004954571,0.0002838232,3.618154e-05,-0.0002513196,-0.0005881877,-0.0009793623,-0.001435578,-0.001962123,-0.00257005,-0.00326325,-0.004050774,-0.004932083,-0.005908483,-0.00697208,-0.008105681,-0.009289354,-0.01048194,-0.01163139,-0.01269294,-0.01357151,-0.01419522,-0.01451731,-0.01444895,-0.013924,-0.01299748,-0.01171835,-0.01014528,-0.008416494,-0.006487627,-0.004554034,-0.003160235,-0.00224095,-0.001504139,-0.0008435593,-0.0003197929,5.266429e-05,0.0003602707,0.0006865659,0.0010319,0.001332106,0.001585337,0.001899122,0.002379765,0.002894695,0.003289867,0.003602443,0.003870945,0.004092579,0.004263326,0.00438204,0.004453484,0.004491118,0.004496929,0.004475702,0.004433572,0.004376596,0.004305469,0.004226917,0.004140971,0.004051837
0.003614042,0.003537372,0.003461407,0.003387189,0.003314622,0.003244142,0.003175574,0.003109015,0.003044232,0.002981123,0.002919428,0.002858958,0.002799476,0.002740757,0.002682593,0.002624778,0.002567166,0.002509586,0.002451949,0.00239414,0.002336096,0.002277785,0.002219131,0.002160136,0.002100737,0.002040903,0.001980521,0.00191949,0.001857584,0.001794551,0.001729977,0.001663354,0.001593975,0.001521001,0.001443259,0.001359425,0.001267772,0.001166298,0.001052565,0.0009237071,0.0007764035,0.0006067229,0.0004103374,0.0001820908,-8.341609e-05,-0.000392653,-0.0007519267,-0.001168854,-0.00165006,-0.002203589,-0.002835068,-0.003550762,-0.004353734,-0.005242439,-0.006215855,-0.007256952,-0.008351954,-0.009472774,-0.01056868,-0.01160564,-0.01252212,-0.01323231,-0.01369198,-0.01386366,-0.01367973,-0.01311082,-0.01220347,-0.01105351,-0.009689227,-0.008141031,-0.006586237,-0.005218655,-0.004038319,-0.002970371,-0.001998373,-0.001138085,-0.0003836977,0.0002872997,0.0008829993,0.001395502,0.001834878,0.002235912,0.002617778,0.002972349,0.003279107,0.003535347,0.003742381,0.003897916,0.004006069,0.004077516,0.004117737,0.004128026,0.004114169,0.004083056,0.004036782,0.003978956,0.003913722,0.003842525,0.003767797,0.003691395
0.003124926,0.003072299,0.0030196,0.00296872,0.002918253,0.002870072,0.002822379,0.002776986,0.002731868,0.002688804,0.002645646,0.002604173,0.002562186,0.002521485,0.002479861,0.002439158,0.002397193,0.002355858,0.002313016,0.002270597,0.002226531,0.002182749,0.00213726,0.002091998,0.002044972,0.001998117,0.001949428,0.001900787,0.001850112,0.001799177,0.001745751,0.001691444,0.001633815,0.001574172,0.001509776,0.001441547,0.001366304,0.001284485,0.001192311,0.001089614,0.0009718567,0.0008381458,0.0006830342,0.0005048001,0.0002969497,5.691607e-05,-0.0002229175,-0.0005458007,-0.000920342,-0.001350011,-0.001843739,-0.002404511,-0.003039091,-0.003749895,-0.004536154,-0.00539758,-0.006323667,-0.007297291,-0.008307302,-0.009308819,-0.01026655,-0.01114738,-0.0118867,-0.0124181,-0.01271791,-0.01275699,-0.0125032,-0.01194241,-0.01110516,-0.01004179,-0.008848318,-0.007620336,-0.006425587,-0.005273281,-0.004156723,-0.003087016,-0.002094779,-0.00120236,-0.0004209952,0.0002554138,0.0008383077,0.001346404,0.00179441,0.002186301,0.002514991,0.002780614,0.002988571,0.0031511,0.0032727,0.00335741,0.003408122,0.003434902,0.003440452,0.00342901,0.003403705,0.003369909,0.003327262,0.003280801,0.003230097,0.00317825
0.002522642,0.002498785,0.002474165,0.002449401,0.002424796,0.002400454,0.002376612,0.002353088,0.002330064,0.002307195,0.002284638,0.002261963,0.002239316,0.002216233,0.002192889,0.002168816,0.002144215,0.002118648,0.002092349,0.002064925,0.002036624,0.00200713,0.001976673,0.001944982,0.001912312,0.001878391,0.00184345,0.001807187,0.001769781,0.001730867,0.001690532,0.001648268,0.001603982,0.001556994,0.001506952,0.001452902,0.001394161,0.001329381,0.001257474,0.001176568,0.001085083,0.0009805132,0.0008606962,0.0007223649,0.0005627227,0.0003776439,0.0001637378,-8.402464e-05,-0.0003694842,-0.0006984259,-0.001074847,-0.001504469,-0.001991529,-0.002538799,-0.00315129,-0.00382572,-0.004563115,-0.00535836,-0.006193279,-0.007061419,-0.00793795,-0.008781759,-0.00956851,-0.01026679,-0.01081894,-0.01118138,-0.01133546,-0.0112731,-0.01097903,-0.01045164,-0.009717845,-0.008842943,-0.007886645,-0.006888277,-0.005872845,-0.004861625,-0.003879034,-0.002950755,-0.00209707,-0.001329036,-0.0006479232,-5.015075e-05,0.0004665757,0.0009077921,0.001281764,0.001596475,0.001856843,0.002065463,0.002227947,0.002352976,0.002447699,0.00251496,0.002559524,0.002587075,0.002600504,0.002602229,0.002596102,0.002583275,0.002565885,0.002545399
0.00185608,0.001862492,0.001866089,0.001868758,0.001869423,0.001869944,0.00186889,0.001868039,0.001865742,0.001863723,0.001860217,0.001856914,0.001851965,0.001847055,0.001840326,0.001833463,0.001824603,0.001815452,0.001804169,0.001792473,0.001778581,0.001764189,0.001747582,0.001730461,0.001711111,0.001691248,0.001669159,0.001646529,0.001621613,0.001596044,0.001568006,0.001539045,0.001507223,0.001473903,0.001437016,0.001397698,0.001353616,0.001305644,0.001251099,0.00119052,0.001120793,0.001042075,0.0009507162,0.0008464349,0.0007249643,0.000585592,0.0004233749,0.0002372255,2.152988e-05,-0.0002250392,-0.000508529,-0.0008304948,-0.001196167,-0.001608209,-0.002068507,-0.002580395,-0.003142811,-0.003751598,-0.004409647,-0.005099356,-0.005811782,-0.006537509,-0.007247553,-0.007908805,-0.008506523,-0.009011516,-0.009385924,-0.009595598,-0.009632003,-0.009494192,-0.009192574,-0.008736258,-0.008151848,-0.007467028,-0.006709627,-0.005904732,-0.005082692,-0.004270413,-0.003493272,-0.002765899,-0.002098925,-0.001494514,-0.0009529458,-0.0004722549,-5.445536e-05,0.0003030297,0.0006036799,0.0008573796,0.001069223,0.001244199,0.001384504,0.001498529,0.001589423,0.001661192,0.001716292,0.001759887,0.001791843,0.001816591,0.00183416,0.001847331
0.001195763,0.001227885,0.001256562,0.001282259,0.001305746,0.00132702,0.001346776,0.001364746,0.001381548,0.001396755,0.00141094,0.001423575,0.00143519,0.001445207,0.001454158,0.001461437,0.001467567,0.00147195,0.001475111,0.001476481,0.001476574,0.001474877,0.001471878,0.001467099,0.001461044,0.001453238,0.001444171,0.001433357,0.001421255,0.001407355,0.001392075,0.001374819,0.001355895,0.001334629,0.001311181,0.001284728,0.001255242,0.001221671,0.001183774,0.001140193,0.001090437,0.001032784,0.0009664491,0.0008892785,0.0008001838,0.000696533,0.0005769831,0.000438396,0.0002792417,9.594987e-05,-0.0001131371,-0.0003515518,-0.0006214957,-0.0009248468,-0.001265309,-0.001642004,-0.002057607,-0.002512648,-0.003000052,-0.003522912,-0.004073144,-0.004635289,-0.005204498,-0.005769811,-0.006302502,-0.006781447,-0.007193697,-0.007524077,-0.007747426,-0.007844727,-0.007807492,-0.007644335,-0.007365396,-0.006984847,-0.00651991,-0.005989581,-0.005412618,-0.004809324,-0.004199086,-0.003600156,-0.003026306,-0.002488133,-0.00199378,-0.001547252,-0.001147246,-0.0007909486,-0.0004759049,-0.0002022042,3.273139e-05,0.0002339936,0.0004072691,0.0005543003,0.0006785156,0.0007841499,0.0008740297,0.0009496831,0.001014744,0.001070115,0.001117922,0.001159435
0.0006121412,0.0006622014,0.0007076663,0.0007503335,0.0007893111,0.0008264079,0.0008604377,0.0008931458,0.0009231594,0.0009521667,0.0009786779,0.001004337,0.001027582,0.001050031,0.001070087,0.001089351,0.001106209,0.001122261,0.001135899,0.001148712,0.001159133,0.001168712,0.001175938,0.001182356,0.00118645,0.001189771,0.001190812,0.001191109,0.001189141,0.001186409,0.001181349,0.00117542,0.001167,0.001157436,0.001145034,0.001131012,0.00111353,0.001093665,0.001069372,0.001041562,0.001007935,0.0009692118,0.000922786,0.0008691782,0.0008054409,0.000731918,0.0006452918,0.0005457854,0.0004297397,0.0002973228,0.0001447117,-2.808225e-05,-0.0002242284,-0.0004447579,-0.0006907496,-0.0009641958,-0.001265163,-0.001591717,-0.001948356,-0.002326281,-0.002725198,-0.003144251,-0.003571929,-0.003995919,-0.004415878,-0.004818521,-0.005184491,-0.005495426,-0.005746125,-0.005929018,-0.006037898,-0.006060488,-0.005995611,-0.005844796,-0.005615946,-0.005318437,-0.004968004,-0.004578833,-0.004167431,-0.003745595,-0.003325948,-0.002916049,-0.002522739,-0.00214972,-0.001803947,-0.001488461,-0.001205646,-0.000951139,-0.0007235412,-0.0005208704,-0.0003438233,-0.0001871448,-4.929601e-05,7.216293e-05,0.000178302,0.0002732173,0.0003562893,0.000431085,0.0004975058,0.0005578632
0.0001670304,0.0002236365,0.000276636,0.0003261184,0.0003729812,0.0004169595,0.0004589334,0.0004984462,0.0005363408,0.0005720372,0.0006063343,0.0006385748,0.0006695385,0.0006985242,0.0007262829,0.0007520901,0.0007766925,0.0007993606,0.000820834,0.0008404022,0.0008587739,0.0008752928,0.000890634,0.0009041599,0.0009165639,0.0009272037,0.000936761,0.0009445962,0.0009513751,0.0009564424,0.0009604355,0.0009626517,0.0009636706,0.0009627615,0.0009603942,0.0009557559,0.0009492251,0.0009398502,0.0009278996,0.0009122482,0.0008930372,0.0008689167,0.0008398979,0.0008043858,0.0007622733,0.0007116929,0.0006524595,0.0005824427,0.0005014322,0.0004071128,0.0002992601,0.0001757327,3.587591e-05,-0.0001211758,-0.0002972541,-0.0004915338,-0.0007054019,-0.0009396466,-0.001189809,-0.001459732,-0.001745323,-0.00204015,-0.00234543,-0.002658332,-0.002965138,-0.003260229,-0.003542169,-0.003805357,-0.004034807,-0.00421887,-0.004350095,-0.004429431,-0.004454806,-0.004426222,-0.00434498,-0.004214891,-0.004039845,-0.003826724,-0.003582961,-0.003318277,-0.003041181,-0.002760588,-0.002484405,-0.002219015,-0.001966204,-0.001726938,-0.001501747,-0.001294147,-0.001105181,-0.0009338189,-0.0007770969,-0.0006357407,-0.000508563,-0.000393588,-0.0002891831,-0.0001953567,-0.0001094453,-3.1442e-05,4.018312e-05,0.0001060347
-0.0001113056,-5.768757e-05,-7.417503e-06,4.094651e-05,8.639353e-05,0.0001304682,0.000171969,0.0002124436,0.0002505752,0.0002878945,0.0003229964,0.0003573965,0.0003896589,0.000421284,0.000450795,0.0004796877,0.0005064865,0.000532677,0.0005567941,0.0005803083,0.0006017873,0.0006226654,0.0006415603,0.0006598945,0.000676283,0.0006921499,0.0007061206,0.0007196174,0.0007312618,0.0007424482,0.0007517653,0.0007605911,0.0007674995,0.0007737929,0.0007779976,0.00078134,0.0007822693,0.0007819388,0.0007786707,0.0007735444,0.0007647186,0.0007531805,0.0007369097,0.0007168135,0.0006906746,0.0006593438,0.000620389,0.0005746538,0.0005195403,0.0004559174,0.000381181,0.0002960969,0.0001986336,8.877632e-05,-3.396965e-05,-0.0001703222,-0.0003202405,-0.0004819635,-0.0006589079,-0.0008449232,-0.001041496,-0.001248687,-0.001460453,-0.001671922,-0.001887308,-0.002100113,-0.002301094,-0.002483238,-0.00264915,-0.00279695,-0.002923608,-0.003019276,-0.003081237,-0.003106279,-0.003095144,-0.003048188,-0.00297058,-0.002865794,-0.002740139,-0.002596871,-0.002441649,-0.002277206,-0.00210736,-0.001933956,-0.001762944,-0.001597908,-0.001442878,-0.001295894,-0.001157441,-0.001027419,-0.0009085508,-0.0007980909,-0.0006961462,-0.0006019027,-0.0005158121,-0.0004351386,-0.000361389,-0.0002921306,-0.0002280624,-0.0001676461
-0.0002250152,-0.0001822288,-0.0001408719,-0.0001013314,-6.27891e-05,-2.587349e-05,1.028325e-05,4.49385e-05,7.897332e-05,0.0001115747,0.0001436155,0.000174244,0.0002043373,0.0002330203,0.0002611569,0.0002878704,0.0003140274,0.0003387532,0.0003629098,0.0003856477,0.0004078017,0.0004285744,0.0004487683,0.0004676028,0.0004859008,0.0005028812,0.0005193575,0.0005345544,0.0005492778,0.0005627479,0.0005757562,0.0005874942,0.0005987179,0.0006086169,0.0006178693,0.0006256185,0.0006324984,0.000637564,0.0006413975,0.0006429426,0.0006427206,0.0006395332,0.0006338541,0.0006243312,0.0006113994,0.0005935415,0.0005711896,0.0005426785,0.0005084676,0.0004668202,0.0004182056,0.0003610782,0.00029556,0.0002211278,0.0001370291,4.38936e-05,-5.877147e-05,-0.0001715531,-0.0002910172,-0.0004204293,-0.0005563871,-0.0006956958,-0.0008404434,-0.0009893688,-0.001133868,-0.001273898,-0.001411976,-0.001546604,-0.001668624,-0.001772651,-0.001856222,-0.001922867,-0.001971692,-0.002002805,-0.002015373,-0.002009804,-0.001984931,-0.00194186,-0.001881373,-0.001806882,-0.001720926,-0.001627654,-0.001530702,-0.001433918,-0.00133733,-0.00124108,-0.0011448,-0.001051909,-0.0009639609,-0.0008813014,-0.0008018713,-0.0007273772,-0.0006577126,-0.0005922901,-0.0005302147,-0.0004725936,-0.0004175471,-0.0003658671,-0.0003165991,-0.0002698415
-0.000211268,-0.00018142,-0.0001527192,-0.0001240099,-9.644724e-05,-6.872795e-05,-4.213102e-05,-1.531147e-05,1.038156e-05,3.630741e-05,6.107728e-05,8.605731e-05,0.0001098388,0.000133788,0.0001564908,0.000179319,0.0002008629,0.0002224937,0.0002428174,0.0002631947,0.0002822746,0.0003013813,0.0003192105,0.0003370837,0.0003536918,0.0003703657,0.0003858101,0.0004013513,0.0004156955,0.0004301558,0.0004434231,0.000456804,0.0004689837,0.0004812109,0.00049216,0.0005030347,0.0005124543,0.0005215898,0.0005289777,0.0005357522,0.0005403436,0.0005438561,0.0005446002,0.0005436532,0.0005391933,0.0005322957,0.0005210063,0.0005064243,0.0004865065,0.0004623834,0.0004320511,0.0003965367,0.0003543144,0.0003057992,0.0002505907,0.0001885802,0.0001197208,4.553317e-05,-3.659507e-05,-0.0001219041,-0.0002124641,-0.000307951,-0.00040425,-0.0004992234,-0.0005977149,-0.0006948509,-0.0007846975,-0.0008644055,-0.0009393276,-0.001010136,-0.001076091,-0.001130414,-0.001172368,-0.00119988,-0.001213864,-0.001213913,-0.001203234,-0.001182673,-0.001155263,-0.001120912,-0.001081714,-0.001037138,-0.0009881014,-0.0009337828,-0.0008777092,-0.0008218299,-0.0007692832,-0.0007178918,-0.0006677226,-0.0006184309,-0.0005728737,-0.0005289734,-0.0004871422,-0.0004470294,-0.000409655,-0.000372886,-0.0003385619,-0.000304894,-0.0002728637,-0.0002414164
-0.0001173102,-0.0001002343,-8.285215e-05,-6.581363e-05,-4.830247e-05,-3.1166e-05,-1.352123e-05,3.700433e-06,2.140871e-05,3.862751e-05,5.628753e-05,7.339088e-05,9.086802e-05,0.0001077123,0.0001248685,0.000141334,0.0001580518,0.0001740323,0.0001902153,0.0002056403,0.0002212271,0.0002360661,0.0002510459,0.0002652788,0.0002796715,0.0002933434,0.0003071956,0.0003203491,0.0003337,0.0003463768,0.0003592779,0.000371511,0.0003839399,0.0003956806,0.0004075568,0.0004186599,0.0004297828,0.0004399574,0.0004499569,0.0004587292,0.0004670289,0.0004737124,0.0004795188,0.0004831967,0.0004854779,0.0004850009,0.0004825235,0.0004765877,0.0004679795,0.0004552109,0.0004390552,0.0004181977,0.0003931296,0.0003633105,0.0003285373,0.0002890689,0.0002447964,0.0001951486,0.0001427481,8.467035e-05,2.405985e-05,-3.765039e-05,-0.0001026187,-0.0001698025,-0.0002325943,-0.0002929722,-0.0003542844,-0.000415892,-0.0004704144,-0.0005146652,-0.0005480176,-0.0005751486,-0.0005961158,-0.0006120677,-0.0006224959,-0.0006279538,-0.0006267559,-0.0006192038,-0.0006045765,-0.0005846811,-0.0005601112,-0.0005332625,-0.0005057707,-0.0004801053,-0.0004550456,-0.0004297663,-0.0004026278,-0.0003761317,-0.0003512407,-0.0003283634,-0.0003052489,-0.0002834347,-0.0002628127,-0.0002431658,-0.0002235659,-0.0002054269,-0.0001870493,-0.0001694759,-0.0001518816,-0.0001346616
5.462055e-06,1.370166e-05,2.175415e-05,3.070037e-05,3.936928e-05,4.898368e-05,5.826901e-05,6.849181e-05,7.832056e-05,8.904207e-05,9.930389e-05,0.0001104018,0.0001209638,0.0001322923,0.0001430253,0.000154466,0.0001652555,0.0001767015,0.0001874626,0.0001988348,0.0002095203,0.0002207806,0.0002313628,0.00024253,0.0002530221,0.0002641131,0.0002745592,0.00028563,0.0002960847,0.0003071863,0.0003176883,0.0003288524,0.0003394291,0.0003506324,0.0003612242,0.0003723913,0.0003828509,0.0003937778,0.0004038291,0.0004141648,0.0004233699,0.0004326019,0.0004403536,0.0004477811,0.0004532816,0.0004580272,0.0004603227,0.0004613656,0.000459403,0.0004556454,0.0004483823,0.0004387278,0.0004253583,0.0004088674,0.0003887433,0.0003651571,0.0003378707,0.0003080812,0.0002736227,0.0002383128,0.0001996516,0.0001582592,0.000117225,7.726191e-05,3.353878e-05,-9.503809e-06,-4.715792e-05,-7.813134e-05,-0.0001084275,-0.0001392802,-0.0001704194,-0.0001960964,-0.0002161622,-0.000228959,-0.0002355978,-0.0002357114,-0.0002322048,-0.0002255217,-0.0002180753,-0.0002091496,-0.0002000002,-0.0001892658,-0.0001770484,-0.0001616068,-0.0001454306,-0.0001296987,-0.0001170912,-0.000105283,-9.392175e-05,-8.221318e-05,-7.275921e-05,-6.360668e-05,-5.502716e-05,-4.660095e-05,-3.942018e-05,-3.146152e-05,-2.450884e-05,-1.696842e-05,-9.800555e-06,-2.072483e-06
0.0001242053,0.0001263595,0.0001292232,0.0001320437,0.0001357145,0.0001393025,0.0001437645,0.0001480935,0.0001532738,0.0001582627,0.0001640624,0.0001696123,0.0001759185,0.0001819189,0.0001886284,0.000194985,0.0002020037,0.0002086374,0.0002158974,0.0002227635,0.0002302219,0.0002373037,0.0002449675,0.0002522615,0.0002601625,0.0002677233,0.0002759153,0.0002837975,0.0002923379,0.0003006026,0.0003095637,0.0003182724,0.0003276737,0.000336835,0.00034667,0.000356231,0.0003664164,0.0003762327,0.0003865726,0.0003963822,0.0004065548,0.0004159625,0.0004254981,0.0004339545,0.000442235,0.0004490475,0.0004553224,0.000459698,0.0004631199,0.000464211,0.000463883,0.0004609132,0.0004559725,0.0004484026,0.00043831,0.0004256082,0.0004103557,0.000391937,0.0003723573,0.0003488775,0.0003244829,0.0002994508,0.000271615,0.0002419818,0.0002161104,0.0001910277,0.0001631838,0.0001330334,0.0001073546,8.855839e-05,7.677858e-05,6.71969e-05,5.966962e-05,5.282759e-05,4.726047e-05,4.241634e-05,4.021491e-05,4.055601e-05,4.463948e-05,5.107596e-05,5.984901e-05,6.896491e-05,7.74117e-05,8.296825e-05,8.71201e-05,9.08322e-05,9.622971e-05,0.0001012024,0.0001050384,0.0001071716,0.000109966,0.000112024,0.0001135275,0.0001145247,0.0001160792,0.000116697,0.0001180544,0.0001190707,0.0001205833,0.0001221018
0.0002171562,0.0002169138,0.0002165209,0.0002170387,0.0002173173,0.0002185548,0.0002195119,0.0002214321,0.0002230308,0.0002255732,0.0002277496,0.0002308348,0.0002335135,0.0002370684,0.0002401822,0.0002441371,0.0002476265,0.0002519327,0.0002557672,0.0002603986,0.0002645757,0.0002695339,0.0002740662,0.0002794059,0.00028434,0.000290107,0.0002955085,0.0003017852,0.0003077439,0.0003146159,0.0003211983,0.0003287253,0.0003360027,0.0003442265,0.0003522077,0.0003611232,0.0003697558,0.0003792793,0.0003884275,0.0003983775,0.0004078041,0.0004178871,0.0004272296,0.0004370222,0.0004457968,0.0004547621,0.0004623735,0.0004698596,0.0004756355,0.0004809248,0.0004841841,0.0004865449,0.0004867501,0.0004854937,0.0004821225,0.0004769691,0.0004696407,0.00046105,0.000449338,0.0004376942,0.000423311,0.0004070114,0.0003912792,0.0003759824,0.0003563715,0.0003367026,0.0003210659,0.000309997,0.0002973127,0.0002816324,0.0002631595,0.000247278,0.0002340732,0.0002252332,0.0002197678,0.0002182071,0.000217949,0.0002188156,0.0002187052,0.0002185777,0.0002175019,0.000217095,0.0002174943,0.0002207265,0.0002247226,0.0002285396,0.0002295412,0.0002298963,0.0002300231,0.0002308778,0.0002299629,0.0002290217,0.0002277951,0.0002267378,0.0002246846,0.0002235755,0.0002216742,0.0002204601,0.0002189884,0.0002181366
0.0002823521,0.0002805617,0.0002794653,0.0002782171,0.0002777728,0.0002771291,0.0002773063,0.0002772413,0.0002779869,0.0002784511,0.0002796983,0.0002806254,0.0002823103,0.0002836495,0.0002857189,0.000287421,0.0002898365,0.0002918792,0.0002946255,0.0002970159,0.0003000992,0.0003028648,0.000306335,0.0003095109,0.0003134343,0.0003171082,0.0003215672,0.0003258231,0.0003309093,0.0003358423,0.0003416563,0.0003473572,0.0003539612,0.0003604963,0.0003679431,0.0003753178,0.0003836002,0.0003917684,0.0004008041,0.000409639,0.0004192598,0.0004285339,0.0004384598,0.0004478405,0.0004576908,0.0004667439,0.0004760354,0.0004842451,0.0004924138,0.000499214,0.0005056449,0.000510494,0.0005145382,0.000517,0.0005182022,0.0005177952,0.0005159443,0.0005120065,0.0005075761,0.0005000214,0.0004922634,0.0004838435,0.0004726333,0.0004596522,0.0004498661,0.0004397472,0.0004257019,0.0004081063,0.0003934511,0.000383766,0.000379029,0.0003744429,0.0003699187,0.0003640382,0.0003575465,0.0003499604,0.0003434248,0.0003380012,0.0003352281,0.0003339757,0.0003345853,0.0003352507,0.0003353099,0.0003325955,0.0003286625,0.00032442,0.0003222151,0.0003201126,0.0003174959,0.0003135796,0.0003107242,0.0003075491,0.0003042323,0.0003006282,0.0002978615,0.0002943432,0.0002917015,0.0002888019,0.0002864686,0.00028411
0.000320027,0.0003183532,0.0003165109,0.0003155245,0.000314248,0.0003138443,0.0003130927,0.0003132061,0.0003129286,0.0003134964,0.0003136331,0.0003145882,0.0003150855,0.0003163792,0.000317192,0.0003187846,0.0003198915,0.0003217703,0.0003231736,0.000325346,0.0003270783,0.0003295806,0.0003316835,0.0003345951,0.0003371404,0.0003405323,0.000343609,0.0003475841,0.0003513019,0.0003559682,0.0003604175,0.0003658601,0.0003711442,0.0003774459,0.0003836176,0.0003908216,0.0003978892,0.0004059864,0.000413904,0.0004228156,0.0004314594,0.0004410202,0.0004501797,0.0004601359,0.000469509,0.0004795157,0.0004887134,0.0004983316,0.0005068992,0.0005156306,0.0005230944,0.000530402,0.0005363263,0.0005416337,0.0005455632,0.0005485583,0.0005501367,0.0005510101,0.0005495618,0.0005485598,0.0005450135,0.0005399284,0.0005354449,0.0005309257,0.0005217242,0.0005120071,0.000505532,0.0005024323,0.0004964799,0.000486221,0.0004718319,0.000458482,0.00044627,0.0004369293,0.0004295832,0.000424882,0.0004204357,0.0004162298,0.000410361,0.0004039234,0.0003961801,0.0003888975,0.0003823503,0.0003787372,0.000376266,0.000374146,0.0003697585,0.0003651138,0.000360641,0.0003573956,0.00035294,0.0003488418,0.0003448226,0.0003413353,0.0003371463,0.0003341009,0.0003304902,0.0003276802,0.0003247225,0.0003224298
0.0003392752,0.0003370326,0.000335542,0.0003338779,0.0003330327,0.0003319402,0.0003316588,0.0003310713,0.000331269,0.000331112,0.0003317091,0.0003319136,0.0003328446,0.0003333551,0.0003345688,0.0003353497,0.000336823,0.0003378644,0.0003395936,0.000340914,0.000342921,0.0003445635,0.0003469089,0.000348918,0.0003516763,0.0003541488,0.0003574142,0.0003604419,0.0003643088,0.0003679922,0.0003725735,0.0003770207,0.0003823967,0.0003876918,0.0003939415,0.0004001282,0.0004072881,0.0004143719,0.0004224244,0.0004303526,0.000439211,0.0004478558,0.0004573579,0.0004665177,0.0004764199,0.0004858072,0.0004957847,0.0005050516,0.0005147105,0.0005234586,0.0005323513,0.0005401648,0.0005477651,0.0005542752,0.0005601846,0.0005649584,0.0005688436,0.0005712075,0.0005733768,0.0005728003,0.0005724047,0.0005712824,0.000567372,0.0005617272,0.0005589785,0.0005552939,0.0005471062,0.0005347477,0.0005245504,0.0005183326,0.0005160226,0.0005128494,0.0005087584,0.0005022716,0.0004942238,0.0004841405,0.0004742867,0.0004647918,0.0004573991,0.0004511141,0.0004464945,0.0004418415,0.0004367146,0.0004289736,0.0004201938,0.0004112306,0.0004045919,0.0003984802,0.0003923757,0.0003853431,0.0003797212,0.000374167,0.0003688804,0.0003635634,0.0003593915,0.0003547067,0.0003511061,0.0003474051,0.0003444297,0.0003415031
0.0003424158,0.0003405334,0.0003385296,0.0003374141,0.0003360364,0.0003355392,0.0003347057,0.0003347278,0.000334357,0.0003348094,0.0003348251,0.0003356333,0.0003359712,0.0003370729,0.0003376833,0.0003390416,0.0003399012,0.0003415004,0.0003426101,0.0003444548,0.000345845,0.0003479704,0.0003496786,0.0003521597,0.0003542532,0.0003571554,0.0003597197,0.0003631404,0.0003662758,0.0003703152,0.0003741118,0.0003788591,0.0003834219,0.0003889607,0.0003943526,0.0004007495,0.0004070064,0.0004142833,0.0004214011,0.0004295288,0.0004374434,0.0004463319,0.0004549213,0.0004644131,0.0004734804,0.0004833438,0.0004926251,0.0005025527,0.0005117269,0.0005213542,0.0005300671,0.0005389773,0.0005468815,0.0005546045,0.0005613054,0.0005675168,0.0005727049,0.0005774605,0.000580348,0.0005838857,0.0005849877,0.0005848148,0.0005853116,0.0005855514,0.0005809894,0.0005757558,0.000573423,0.000573919,0.0005710222,0.0005632434,0.0005507246,0.0005384865,0.0005266346,0.000516923,0.0005085323,0.0005021706,0.0004955516,0.0004887322,0.0004798941,0.0004701712,0.000458906,0.0004479383,0.0004375946,0.0004301785,0.0004240718,0.0004186062,0.0004111756,0.0004036763,0.0003965409,0.0003909175,0.0003844198,0.0003785173,0.0003729316,0.0003681396,0.0003628671,0.0003589033,0.0003545718,0.0003511657,0.0003477453,0.0003450939
0.0003362943,0.0003338205,0.0003321539,0.0003303277,0.0003293611,0.0003281539,0.0003277882,0.0003271159,0.0003272504,0.0003270241,0.0003275704,0.0003277156,0.0003286,0.0003290531,0.0003302233,0.0003309466,0.0003323709,0.0003333464,0.0003350148,0.0003362525,0.0003381759,0.0003397065,0.0003419341,0.0003437912,0.0003463835,0.0003486481,0.0003516845,0.0003544338,0.0003579931,0.0003613117,0.0003654944,0.0003694821,0.000374359,0.0003790889,0.0003847369,0.0003902616,0.0003967292,0.0004030702,0.0004103625,0.000417499,0.0004255729,0.0004334331,0.0004421888,0.0004506408,0.000459915,0.000468763,0.0004783288,0.0004873293,0.0004968999,0.0005057584,0.0005149891,0.0005233784,0.0005318646,0.0005395003,0.0005468976,0.0005534036,0.0005593259,0.0005640653,0.0005687734,0.0005709916,0.0005736804,0.0005756542,0.000574921,0.0005725831,0.0005730805,0.000572426,0.0005670977,0.0005574038,0.0005495771,0.0005453233,0.0005445612,0.0005425483,0.0005392322,0.0005330761,0.0005249432,0.0005143325,0.0005035485,0.0004927306,0.0004837196,0.0004755766,0.0004689681,0.0004622366,0.0004550608,0.0004452949,0.0004344959,0.0004234629,0.0004148,0.0004068191,0.0003990769,0.0003905368,0.0003835192,0.0003767277,0.0003703954,0.0003641343,0.0003591635,0.0003537998,0.0003496213,0.0003454268,0.0003420534,0.0003387824
0.0003196747,0.000317596,0.0003153981,0.0003140964,0.0003125396,0.0003118682,0.0003108683,0.0003107269,0.0003102013,0.000310502,0.0003103758,0.0003110446,0.0003112531,0.0003122308,0.0003127288,0.0003139762,0.0003147335,0.000316229,0.0003172408,0.0003189817,0.0003202657,0.0003222722,0.0003238521,0.0003261847,0.0003281119,0.0003308167,0.0003331545,0.0003363089,0.00033914,0.0003428254,0.0003462202,0.0003505069,0.0003545531,0.0003595108,0.0003642618,0.0003699522,0.0003754444,0.000381895,0.0003881351,0.000395336,0.0004022924,0.0004101931,0.0004177867,0.0004262803,0.0004343789,0.0004433076,0.0004517271,0.0004608678,0.0004693745,0.0004784524,0.0004867741,0.0004954727,0.0005033566,0.000511305,0.0005184211,0.0005253142,0.0005314265,0.0005372782,0.0005415731,0.0005466998,0.0005495221,0.0005513204,0.0005539288,0.0005562664,0.0005538771,0.0005508814,0.0005507416,0.0005532878,0.0005523229,0.0005463414,0.000535448,0.0005245582,0.0005137741,0.0005048605,0.0004970136,0.0004909635,0.0004844641,0.000477593,0.0004685463,0.0004584529,0.0004466687,0.0004350484,0.0004239192,0.0004156294,0.0004086663,0.0004024402,0.0003943373,0.0003861635,0.0003783363,0.0003720717,0.0003650325,0.000358621,0.0003525561,0.0003473558,0.0003417209,0.0003374169,0.0003327944,0.0003291137,0.0003254428,0.000322563
0.000296789,0.000294229,0.0002924657,0.000290506,0.0002893961,0.0002880159,0.0002874716,0.0002865975,0.0002865304,0.000286086,0.0002864177,0.0002863356,0.0002870012,0.0002872285,0.0002881821,0.0002886817,0.0002898918,0.0002906448,0.0002920985,0.0002931097,0.0002948087,0.0002960964,0.000298077,0.00029966,0.0003019657,0.000303906,0.0003065939,0.0003089469,0.0003120763,0.0003149064,0.0003185542,0.0003219373,0.0003261551,0.0003301494,0.0003350001,0.0003396451,0.0003451699,0.000350487,0.0003566956,0.0003626764,0.0003695465,0.0003761457,0.0003836094,0.0003907366,0.0003986822,0.0004062025,0.0004144689,0.00042221,0.0004305873,0.0004383338,0.0004465639,0.0004540733,0.0004618515,0.0004689091,0.000475956,0.0004822683,0.0004882094,0.0004932143,0.0004983374,0.0005011997,0.0005047984,0.0005077795,0.0005082212,0.0005072709,0.0005092631,0.0005101358,0.0005064155,0.0004983917,0.0004922347,0.0004895835,0.00049037,0.0004898728,0.0004880335,0.0004832599,0.0004764136,0.0004669492,0.0004571743,0.0004472066,0.0004389261,0.0004314087,0.0004253724,0.0004191545,0.0004124974,0.0004032216,0.0003928542,0.0003821261,0.000373691,0.0003659304,0.0003584528,0.0003501428,0.0003433106,0.0003366872,0.0003305312,0.0003243955,0.000319537,0.000314265,0.0003101474,0.0003059834,0.0003026219,0.0002993194
0.0002648916,0.0002629362,0.0002608072,0.0002595207,0.0002579339,0.0002571854,0.0002560729,0.0002557802,0.0002550783,0.0002551728,0.0002548225,0.0002552441,0.0002551959,0.000255899,0.0002561149,0.0002570655,0.0002575218,0.000258702,0.0002593934,0.0002607975,0.0002617362,0.0002633771,0.0002645759,0.000266499,0.0002679936,0.0002702281,0.0002720616,0.0002746632,0.000276897,0.0002799256,0.0002826069,0.000286109,0.0002893048,0.0002933341,0.0002970822,0.0003016843,0.0003060107,0.0003112092,0.0003161222,0.0003219148,0.0003273954,0.0003337491,0.0003397453,0.0003465895,0.0003530129,0.0003602396,0.0003669636,0.0003744138,0.0003812748,0.0003887516,0.0003955588,0.000402838,0.0004094069,0.0004161934,0.0004222754,0.000428324,0.0004337836,0.0004391336,0.0004431949,0.0004482737,0.0004512141,0.0004533916,0.0004565875,0.0004596377,0.0004581612,0.0004562735,0.0004573774,0.0004612563,0.0004617462,0.0004573255,0.0004480699,0.0004388139,0.0004296598,0.000422369,0.0004161396,0.000411699,0.0004068148,0.000401553,0.0003940995,0.0003855538,0.0003752593,0.0003650515,0.0003552407,0.0003481799,0.0003424192,0.0003374047,0.0003305093,0.0003234571,0.0003166445,0.0003113268,0.0003052068,0.0002996312,0.0002943144,0.000289801,0.0002847832,0.0002810086,0.0002768566,0.0002735674,0.00027022,0.0002675943
0.0002279012,0.000225686,0.0002242023,0.0002224354,0.0002214588,0.0002201369,0.0002196018,0.0002186743,0.0002185157,0.0002179281,0.0002180876,0.0002177913,0.000218222,0.0002181778,0.000218843,0.0002190233,0.0002199013,0.0002202929,0.000221372,0.000221978,0.0002232578,0.0002240915,0.0002255985,0.000226666,0.0002284284,0.0002297756,0.0002318335,0.0002334957,0.0002358861,0.0002379052,0.0002406827,0.0002431128,0.000246309,0.0002491905,0.0002528515,0.0002562085,0.0002603639,0.0002642119,0.0002688711,0.000273206,0.0002783543,0.0002831449,0.0002887384,0.0002939275,0.000299892,0.0003053887,0.0003116154,0.000317307,0.0003236533,0.0003293984,0.0003356908,0.000341324,0.0003473341,0.0003527086,0.0003582388,0.0003631609,0.0003678915,0.0003718969,0.0003761876,0.0003784336,0.0003816732,0.0003844607,0.0003849383,0.0003842843,0.0003867816,0.0003883308,0.0003855062,0.0003785793,0.0003736847,0.0003724178,0.0003747299,0.00037591,0.0003758942,0.0003730381,0.0003681954,0.0003607721,0.0003530653,0.0003451558,0.0003389379,0.0003334741,0.0003295036,0.0003253395,0.0003207536,0.0003135243,0.0003051446,0.0002962764,0.0002895983,0.0002835245,0.0002776978,0.0002709395,0.0002655479,0.0002602657,0.0002553733,0.0002503724,0.0002465524,0.0002422137,0.0002389267,0.0002354875,0.0002327625,0.000229987
0.0001832375,0.0001818532,0.0001801977,0.00017929,0.0001779984,0.0001774616,0.0001764904,0.0001762678,0.000175578,0.0001756244,0.0001751795,0.0001754561,0.0001752249,0.0001757011,0.0001756583,0.0001763121,0.0001764437,0.0001772633,0.0001775665,0.0001785459,0.000179031,0.0001801785,0.0001808498,0.0001821996,0.0001830791,0.0001846449,0.0001857594,0.0001875778,0.0001889669,0.000191076,0.0001927662,0.0001951922,0.0001972303,0.0002000078,0.0002024145,0.0002055749,0.0002083651,0.0002119244,0.0002151042,0.0002190624,0.0002226194,0.0002269567,0.0002308611,0.000235536,0.0002397338,0.0002446792,0.0002490937,0.000254208,0.0002587399,0.0002638987,0.0002684328,0.0002734913,0.0002779131,0.0002826632,0.0002868153,0.0002910875,0.0002949392,0.0002988343,0.0003016789,0.0003057322,0.000307846,0.0003094646,0.0003123487,0.0003152921,0.0003139722,0.0003125016,0.0003142547,0.0003189933,0.0003205841,0.0003174928,0.0003097716,0.0003021964,0.0002948663,0.0002895316,0.0002853882,0.0002831494,0.0002805815,0.0002777269,0.0002727526,0.0002667171,0.0002589414,0.0002512331,0.0002438752,0.0002392097,0.0002358135,0.0002331443,0.0002285594,0.0002237163,0.0002189897,0.0002156514,0.0002114252,0.0002076176,0.0002039398,0.0002009478,0.00019733,0.0001948175,0.0001918151,0.0001895463,0.0001871032,0.0001852649
0.0001353321,0.0001338638,0.0001330229,0.000131787,0.00013125,0.0001302705,0.0001299994,0.0001292524,0.0001292081,0.0001286636,0.0001288114,0.0001284423,0.000128754,0.0001285378,0.0001289923,0.0001289141,0.0001294982,0.0001295505,0.0001302559,0.0001304424,0.0001312663,0.0001315949,0.0001325561,0.0001330229,0.0001341367,0.0001347721,0.0001360618,0.0001368831,0.0001383657,0.0001393938,0.0001411036,0.000142373,0.0001443217,0.0001458531,0.0001480698,0.0001498738,0.000152377,0.0001544611,0.0001572563,0.0001596177,0.0001626973,0.0001653188,0.0001686587,0.0001715086,0.0001750673,0.0001780955,0.0001818118,0.000184961,0.0001887552,0.0001919518,0.000195724,0.0001988742,0.000202483,0.0002055295,0.0002088642,0.0002117087,0.0002145212,0.0002167986,0.0002195342,0.0002204373,0.0002225887,0.0002244962,0.0002243499,0.0002233507,0.000225761,0.0002274678,0.0002250805,0.0002188578,0.000214915,0.0002148224,0.000218544,0.0002213722,0.0002232318,0.0002224386,0.0002198349,0.000214785,0.0002095684,0.0002042306,0.000200662,0.0001978999,0.0001966837,0.0001952993,0.000193521,0.0001890908,0.0001834659,0.000177255,0.0001731409,0.000169549,0.0001661367,0.0001616783,0.0001584572,0.0001552198,0.0001522585,0.0001490411,0.0001468742,0.0001440508,0.0001421444,0.0001399477,0.0001383405,0.0001365479
8.203126e-05,8.153073e-05,8.063975e-05,8.038324e-05,7.963966e-05,7.955098e-05,7.893908e-05,7.898878e-05,7.849524e-05,7.866343e-05,7.827577e-05,7.854504e-05,7.825108e-05,7.860877e-05,7.839999e-05,7.883665e-05,7.8707e-05,7.92167e-05,7.916716e-05,7.974508e-05,7.978319e-05,8.043168e-05,8.055419e-05,8.129764e-05,8.151416e-05,8.23512e-05,8.267156e-05,8.362083e-05,8.406561e-05,8.514547e-05,8.572111e-05,8.693754e-05,8.767088e-05,8.903971e-05,8.993487e-05,9.147364e-05,9.253441e-05,9.425102e-05,9.547926e-05,9.737437e-05,9.876525e-05,0.0001008327,0.0001023748,0.0001045969,0.0001062683,0.0001086182,0.0001103888,0.0001128186,0.0001146499,0.000117102,0.0001189486,0.0001213555,0.0001231871,0.0001254364,0.0001271865,0.0001291903,0.0001309272,0.0001328639,0.0001339618,0.0001364698,0.0001372585,0.0001378134,0.0001398939,0.0001422808,0.0001406901,0.0001392358,0.0001412815,0.0001465809,0.0001490198,0.000147055,0.0001407219,0.0001347594,0.000129258,0.0001259539,0.0001240337,0.0001241919,0.0001241832,0.0001240242,0.0001218588,0.0001187079,0.000113867,0.0001091142,0.000104704,0.0001029588,0.0001024578,0.000102654,0.0001008865,9.876765e-05,9.665141e-05,9.580959e-05,9.397214e-05,9.241876e-05,9.085555e-05,8.984276e-05,8.806444e-05,8.724126e-05,8.579133e-05,8.492909e-05,8.375544e-05,8.305156e-05
2.817228e-05,2.766816e-05,2.767384e-05,2.716474e-05,2.724993e-05,2.678679e-05,2.694087e-05,2.652669e-05,2.673668e-05,2.636658e-05,2.662162e-05,2.62903e-05,2.658199e-05,2.628494e-05,2.660792e-05,2.634238e-05,2.669223e-05,2.645717e-05,2.682944e-05,2.662936e-05,2.701877e-05,2.685587e-05,2.727352e-05,2.713409e-05,2.758278e-05,2.748244e-05,2.796876e-05,2.790693e-05,2.842919e-05,2.840724e-05,2.897935e-05,2.901149e-05,2.962584e-05,2.971427e-05,3.038335e-05,3.052476e-05,3.125587e-05,3.145e-05,3.22446e-05,3.248951e-05,3.334689e-05,3.363776e-05,3.455137e-05,3.48808e-05,3.584089e-05,3.619783e-05,3.718912e-05,3.756904e-05,3.857122e-05,3.896593e-05,3.995131e-05,4.034532e-05,4.126072e-05,4.168407e-05,4.25065e-05,4.295491e-05,4.352123e-05,4.372573e-05,4.457148e-05,4.379743e-05,4.451403e-05,4.521773e-05,4.413121e-05,4.247031e-05,4.449889e-05,4.610162e-05,4.390844e-05,3.8171e-05,3.49974e-05,3.594274e-05,4.097563e-05,4.538031e-05,4.907206e-05,5.03372e-05,5.000309e-05,4.740111e-05,4.479216e-05,4.218947e-05,4.146916e-05,4.164097e-05,4.343083e-05,4.509378e-05,4.63939e-05,4.503893e-05,4.246081e-05,3.922996e-05,3.802121e-05,3.725111e-05,3.657664e-05,3.474141e-05,3.401837e-05,3.314629e-05,3.242096e-05,3.12906e-05,3.10693e-05,3.0044e-05,2.979036e-05,2.909861e-05,2.885857e-05,2.829069e-05
-2.817208e-05,-2.766796e-05,-2.767365e-05,-2.716454e-05,-2.724973e-05,-2.67866e-05,-2.694068e-05,-2.65265e-05,-2.673649e-05,-2.636639e-05,-2.662143e-05,-2.629012e-05,-2.658181e-05,-2.628476e-05,-2.660774e-05,-2.63422e-05,-2.669206e-05,-2.6457e-05,-2.682927e-05,-2.662919e-05,-2.70186e-05,-2.68557e-05,-2.727335e-05,-2.713392e-05,-2.758262e-05,-2.748227e-05,-2.796859e-05,-2.790676e-05,-2.842903e-05,-2.840707e-05,-2.897918e-05,-2.901132e-05,-2.962567e-05,-2.97141e-05,-3.038317e-05,-3.052458e-05,-3.12557e-05,-3.144982e-05,-3.224442e-05,-3.248933e-05,-3.334671e-05,-3.363758e-05,-3.455118e-05,-3.488061e-05,-3.584071e-05,-3.619765e-05,-3.718893e-05,-3.756885e-05,-3.857102e-05,-3.896573e-05,-3.995111e-05,-4.034513e-05,-4.126052e-05,-4.168387e-05,-4.25063e-05,-4.295471e-05,-4.352103e-05,-4.372553e-05,-4.457128e-05,-4.379723e-05,-4.451383e-05,-4.521753e-05,-4.413101e-05,-4.247011e-05,-4.449869e-05,-4.610142e-05,-4.390824e-05,-3.81708e-05,-3.49972e-05,-3.594254e-05,-4.097543e-05,-4.538011e-05,-4.907186e-05,-5.0337e-05,-5.000289e-05,-4.740091e-05,-4.479196e-05,-4.218927e-05,-4.146896e-05,-4.164077e-05,-4.343063e-05,-4.509358e-05,-4.63937e-05,-4.503873e-05,-4.246061e-05,-3.922976e-05,-3.802101e-05,-3.725091e-05,-3.657644e-05,-3.474121e-05,-3.401816e-05,-3.314609e-05,-3.242076e-05,-3.12904e-05,-3.106909e-05,-3.004379e-05,-2.979016e-05,-2.909841e-05,-2.885837e-05,-2.829049e-05
-8.203107e-05,-8.153053e-05,-8.063956e-05,-8.038305e-05,-7.963947e-05,-7.955079e-05,-7.893889e-05,-7.89886e-05,-7.849506e-05,-7.866325e-05,-7.827559e-05,-7.854486e-05,-7.825091e-05,-7.860859e-05,-7.839981e-05,-7.883647e-05,-7.870683e-05,-7.921652e-05,-7.916699e-05,-7.974491e-05,-7.978302e-05,-8.043151e-05,-8.055403e-05,-8.129747e-05,-8.151399e-05,-8.235103e-05,-8.267139e-05,-8.362067e-05,-8.406544e-05,-8.51453e-05,-8.572094e-05,-8.693737e-05,-8.767071e-05,-8.903954e-05,-8.99347e-05,-9.147346e-05,-9.253423e-05,-9.425085e-05,-9.547908e-05,-9.737419e-05,-9.876506e-05,-0.0001008325,-0.0001023746,-0.0001045967,-0.0001062681,-0.000108618,-0.0001103886,-0.0001128184,-0.0001146497,-0.0001171018,-0.0001189484,-0.0001213553,-0.0001231869,-0.0001254362,-0.0001271864,-0.0001291901,-0.000130927,-0.0001328637,-0.0001339616,-0.0001364696,-0.0001372583,-0.0001378132,-0.0001398937,-0.0001422807,-0.0001406899,-0.0001392356,-0.0001412814,-0.0001465807,-0.0001490196,-0.0001470548,-0.0001407217,-0.0001347592,-0.0001292578,-0.0001259537,-0.0001240335,-0.0001241917,-0.000124183,-0.000124024,-0.0001218586,-0.0001187077,-0.0001138668,-0.000109114,-0.0001047038,-0.0001029586,-0.0001024576,-0.0001026538,-0.0001008863,-9.876745e-05,-9.665122e-05,-9.58094e-05,-9.397194e-05,-9.241855e-05,-9.085535e-05,-8.984256e-05,-8.806424e-05,-8.724106e-05,-8.579113e-05,-8.492889e-05,-8.375524e-05,-8.305136e-05
-0.0001353319,-0.0001338637,-0.0001330228,-0.0001317868,-0.0001312498,-0.0001302703,-0.0001299992,-0.0001292522,-0.0001292079,-0.0001286635,-0.0001288113,-0.0001284421,-0.0001287538,-0.0001285376,-0.0001289922,-0.0001289139,-0.000129498,-0.0001295503,-0.0001302557,-0.0001304422,-0.0001312662,-0.0001315947,-0.000132556,-0.0001330227,-0.0001341365,-0.0001347719,-0.0001360616,-0.0001368829,-0.0001383655,-0.0001393937,-0.0001411034,-0.0001423728,-0.0001443215,-0.0001458529,-0.0001480696,-0.0001498736,-0.0001523768,-0.000154461,-0.0001572561,-0.0001596175,-0.0001626971,-0.0001653186,-0.0001686585,-0.0001715084,-0.0001750671,-0.0001780953,-0.0001818116,-0.0001849608,-0.000188755,-0.0001919516,-0.0001957238,-0.000198874,-0.0002024828,-0.0002055294,-0.000208864,-0.0002117085,-0.000214521,-0.0002167984,-0.000219534,-0.0002204371,-0.0002225885,-0.000224496,-0.0002243497,-0.0002233505,-0.0002257608,-0.0002274676,-0.0002250803,-0.0002188576,-0.0002149147,-0.0002148222,-0.0002185438,-0.000221372,-0.0002232316,-0.0002224384,-0.0002198347,-0.0002147849,-0.0002095682,-0.0002042304,-0.0002006618,-0.0001978998,-0.0001966835,-0.0001952991,-0.0001935208,-0.0001890906,-0.0001834657,-0.0001772549,-0.0001731407,-0.0001695488,-0.0001661365,-0.0001616781,-0.000158457,-0.0001552196,-0.0001522583,-0.0001490409,-0.000146874,-0.0001440507,-0.0001421442,-0.0001399475,-0.0001383403,-0.0001365477
-0.0001832373,-0.000181853,-0.0001801975,-0.0001792898,-0.0001779982,-0.0001774614,-0.0001764902,-0.0001762676,-0.0001755778,-0.0001756242,-0.0001751793,-0.0001754559,-0.0001752247,-0.0001757009,-0.0001756581,-0.0001763119,-0.0001764436,-0.0001772631,-0.0001775663,-0.0001785457,-0.0001790308,-0.0001801783,-0.0001808496,-0.0001821994,-0.0001830789,-0.0001846447,-0.0001857592,-0.0001875776,-0.0001889667,-0.0001910759,-0.000192766,-0.000195192,-0.0001972301,-0.0002000076,-0.0002024143,-0.0002055748,-0.0002083649,-0.0002119243,-0.000215104,-0.0002190622,-0.0002226192,-0.0002269566,-0.000230861,-0.0002355358,-0.0002397337,-0.000244679,-0.0002490935,-0.0002542078,-0.0002587397,-0.0002638985,-0.0002684326,-0.0002734911,-0.0002779129,-0.0002826629,-0.0002868151,-0.0002910873,-0.000294939,-0.0002988341,-0.0003016787,-0.000305732,-0.0003078458,-0.0003094644,-0.0003123485,-0.000315292,-0.000313972,-0.0003125014,-0.0003142545,-0.0003189931,-0.0003205839,-0.0003174927,-0.0003097714,-0.0003021962,-0.0002948661,-0.0002895314,-0.000285388,-0.0002831492,-0.0002805813,-0.0002777267,-0.0002727524,-0.0002667169,-0.0002589412,-0.0002512329,-0.000243875,-0.0002392095,-0.0002358133,-0.0002331442,-0.0002285592,-0.0002237161,-0.0002189895,-0.0002156512,-0.000211425,-0.0002076174,-0.0002039396,-0.0002009476,-0.0001973298,-0.0001948173,-0.0001918149,-0.0001895461,-0.000187103,-0.0001852647
-0.000227901,-0.0002256858,-0.0002242021,-0.0002224352,-0.0002214586,-0.0002201368,-0.0002196016,-0.0002186741,-0.0002185155,-0.0002179279,-0.0002180875,-0.0002177911,-0.0002182219,-0.0002181776,-0.0002188428,-0.0002190231,-0.0002199012,-0.0002202928,-0.0002213719,-0.0002219779,-0.0002232576,-0.0002240913,-0.0002255983,-0.0002266658,-0.0002284283,-0.0002297754,-0.0002318333,-0.0002334955,-0.0002358859,-0.000237905,-0.0002406825,-0.0002431126,-0.0002463089,-0.0002491903,-0.0002528513,-0.0002562083,-0.0002603638,-0.0002642117,-0.0002688709,-0.0002732059,-0.0002783541,-0.0002831448,-0.0002887382,-0.0002939274,-0.0002998919,-0.0003053886,-0.0003116152,-0.0003173068,-0.0003236532,-0.0003293982,-0.0003356906,-0.0003413238,-0.0003473339,-0.0003527084,-0.0003582386,-0.0003631607,-0.0003678913,-0.0003718967,-0.0003761875,-0.0003784334,-0.000381673,-0.0003844605,-0.0003849381,-0.0003842842,-0.0003867814,-0.0003883306,-0.000385506,-0.0003785791,-0.0003736845,-0.0003724176,-0.0003747297,-0.0003759098,-0.000375894,-0.0003730379,-0.0003681952,-0.000360772,-0.0003530651,-0.0003451557,-0.0003389377,-0.0003334739,-0.0003295035,-0.0003253394,-0.0003207534,-0.0003135242,-0.0003051444,-0.0002962762,-0.0002895981,-0.0002835243,-0.0002776976,-0.0002709393,-0.0002655477,-0.0002602655,-0.0002553731,-0.0002503722,-0.0002465523,-0.0002422135,-0.0002389265,-0.0002354874,-0.0002327623,-0.0002299869
-0.0002648914,-0.000262936,-0.000260807,-0.0002595205,-0.0002579338,-0.0002571853,-0.0002560727,-0.00025578,-0.0002550781,-0.0002551726,-0.0002548224,-0.000255244,-0.0002551957,-0.0002558989,-0.0002561147,-0.0002570653,-0.0002575216,-0.0002587019,-0.0002593932,-0.0002607974,-0.0002617361,-0.0002633769,-0.0002645758,-0.0002664989,-0.0002679934,-0.0002702279,-0.0002720615,-0.000274663,-0.0002768968,-0.0002799255,-0.0002826068,-0.0002861088,-0.0002893046,-0.0002933339,-0.000297082,-0.0003016842,-0.0003060105,-0.000311209,-0.000316122,-0.0003219147,-0.0003273952,-0.0003337489,-0.0003397452,-0.0003465894,-0.0003530127,-0.0003602394,-0.0003669634,-0.0003744136,-0.0003812746,-0.0003887514,-0.0003955586,-0.0004028378,-0.0004094067,-0.0004161932,-0.0004222752,-0.0004283238,-0.0004337834,-0.0004391335,-0.0004431947,-0.0004482736,-0.0004512139,-0.0004533914,-0.0004565873,-0.0004596376,-0.000458161,-0.0004562733,-0.0004573773,-0.0004612562,-0.000461746,-0.0004573254,-0.0004480697,-0.0004388137,-0.0004296596,-0.0004223689,-0.0004161394,-0.0004116989,-0.0004068147,-0.0004015528,-0.0003940994,-0.0003855536,-0.0003752591,-0.0003650513,-0.0003552406,-0.0003481797,-0.000342419,-0.0003374045,-0.0003305092,-0.0003234569,-0.0003166443,-0.0003113267,-0.0003052066,-0.000299631,-0.0002943142,-0.0002898008,-0.000284783,-0.0002810084,-0.0002768564,-0.0002735672,-0.0002702198,-0.0002675942
-0.0002967888,-0.0002942288,-0.0002924656,-0.0002905058,-0.000289396,-0.0002880157,-0.0002874714,-0.0002865973,-0.0002865302,-0.0002860859,-0.0002864175,-0.0002863354,-0.000287001,-0.0002872283,-0.000288182,-0.0002886815,-0.0002898916,-0.0002906447,-0.0002920983,-0.0002931095,-0.0002948086,-0.0002960962,-0.0002980769,-0.0002996599,-0.0003019656,-0.0003039058,-0.0003065937,-0.0003089467,-0.0003120762,-0.0003149062,-0.0003185541,-0.0003219371,-0.0003261549,-0.0003301492,-0.0003349999,-0.0003396449,-0.0003451697,-0.0003504868,-0.0003566954,-0.0003626762,-0.0003695464,-0.0003761455,-0.0003836092,-0.0003907365,-0.000398682,-0.0004062023,-0.0004144688,-0.0004222098,-0.0004305872,-0.0004383336,-0.0004465637,-0.0004540731,-0.0004618513,-0.0004689089,-0.0004759558,-0.0004822681,-0.0004882092,-0.0004932141,-0.0004983372,-0.0005011996,-0.0005047983,-0.0005077794,-0.000508221,-0.0005072707,-0.000509263,-0.0005101356,-0.0005064153,-0.0004983916,-0.0004922345,-0.0004895834,-0.0004903698,-0.0004898726,-0.0004880333,-0.0004832598,-0.0004764134,-0.0004669491,-0.0004571741,-0.0004472065,-0.000438926,-0.0004314086,-0.0004253722,-0.0004191544,-0.0004124973,-0.0004032214,-0.000392854,-0.0003821259,-0.0003736908,-0.0003659302,-0.0003584527,-0.0003501427,-0.0003433105,-0.0003366871,-0.0003305311,-0.0003243954,-0.0003195369,-0.0003142648,-0.0003101472,-0.0003059832,-0.0003026217,-0.0002993192
-0.0003196746,-0.0003175958,-0.0003153979,-0.0003140962,-0.0003125394,-0.000311868,-0.0003108682,-0.0003107268,-0.0003102011,-0.0003105019,-0.0003103756,-0.0003110444,-0.0003112529,-0.0003122307,-0.0003127287,-0.000313976,-0.0003147333,-0.0003162288,-0.0003172407,-0.0003189816,-0.0003202655,-0.0003222721,-0.0003238519,-0.0003261846,-0.0003281117,-0.0003308165,-0.0003331544,-0.0003363087,-0.0003391398,-0.0003428253,-0.00034622,-0.0003505068,-0.0003545529,-0.0003595106,-0.0003642617,-0.000369952,-0.0003754442,-0.0003818948,-0.0003881349,-0.0003953359,-0.0004022922,-0.0004101929,-0.0004177865,-0.0004262801,-0.0004343788,-0.0004433074,-0.0004517269,-0.0004608677,-0.0004693743,-0.0004784522,-0.0004867739,-0.0004954725,-0.0005033565,-0.0005113049,-0.0005184209,-0.0005253141,-0.0005314263,-0.000537278,-0.0005415729,-0.0005466996,-0.0005495219,-0.0005513203,-0.0005539286,-0.0005562662,-0.0005538769,-0.0005508813,-0.0005507414,-0.0005532877,-0.0005523227,-0.0005463413,-0.0005354478,-0.0005245581,-0.0005137739,-0.0005048603,-0.0004970134,-0.0004909633,-0.000484464,-0.0004775928,-0.0004685461,-0.0004584527,-0.0004466686,-0.0004350482,-0.000423919,-0.0004156293,-0.0004086662,-0.00040244,-0.0003943371,-0.0003861634,-0.0003783361,-0.0003720715,-0.0003650323,-0.0003586209,-0.0003525559,-0.0003473556,-0.0003417208,-0.0003374168,-0.0003327943,-0.0003291136,-0.0003254426,-0.0003225628
-0.0003362941,-0.0003338204,-0.0003321538,-0.0003303276,-0.000329361,-0.0003281537,-0.000327788,-0.0003271157,-0.0003272503,-0.0003270239,-0.0003275702,-0.0003277155,-0.0003285999,-0.000329053,-0.0003302231,-0.0003309465,-0.0003323707,-0.0003333463,-0.0003350146,-0.0003362523,-0.0003381758,-0.0003397064,-0.000341934,-0.000343791,-0.0003463833,-0.0003486479,-0.0003516843,-0.0003544336,-0.0003579929,-0.0003613116,-0.0003654942,-0.0003694819,-0.0003743588,-0.0003790888,-0.0003847368,-0.0003902615,-0.000396729,-0.0004030701,-0.0004103624,-0.0004174988,-0.0004255728,-0.000433433,-0.0004421886,-0.0004506407,-0.0004599149,-0.0004687629,-0.0004783287,-0.0004873291,-0.0004968998,-0.0005057583,-0.0005149889,-0.0005233782,-0.0005318645,-0.0005395001,-0.0005468975,-0.0005534035,-0.0005593258,-0.0005640652,-0.0005687732,-0.0005709914,-0.0005736803,-0.000575654,-0.0005749208,-0.000572583,-0.0005730803,-0.0005724258,-0.0005670976,-0.0005574037,-0.0005495769,-0.0005453231,-0.0005445611,-0.0005425481,-0.000539232,-0.0005330759,-0.0005249431,-0.0005143324,-0.0005035483,-0.0004927305,-0.0004837194,-0.0004755764,-0.0004689679,-0.0004622364,-0.0004550607,-0.0004452947,-0.0004344957,-0.0004234627,-0.0004147998,-0.000406819,-0.0003990768,-0.0003905366,-0.000383519,-0.0003767276,-0.0003703952,-0.0003641341,-0.0003591634,-0.0003537997,-0.0003496211,-0.0003454267,-0.0003420533,-0.0003387823
-0.0003424157,-0.0003405333,-0.0003385295,-0.000337414,-0.0003360362,-0.0003355391,-0.0003347056,-0.0003347276,-0.0003343569,-0.0003348092,-0.000334825,-0.0003356332,-0.0003359711,-0.0003370728,-0.0003376832,-0.0003390414,-0.0003399011,-0.0003415003,-0.00034261,-0.0003444547,-0.0003458449,-0.0003479703,-0.0003496784,-0.0003521595,-0.000354253,-0.0003571552,-0.0003597196,-0.0003631403,-0.0003662757,-0.0003703151,-0.0003741116,-0.000378859,-0.0003834217,-0.0003889606,-0.0003943525,-0.0004007493,-0.0004070063,-0.0004142832,-0.0004214009,-0.0004295287,-0.0004374433,-0.0004463318,-0.0004549211,-0.000464413,-0.0004734803,-0.0004833436,-0.0004926249,-0.0005025525,-0.0005117267,-0.000521354,-0.000530067,-0.0005389772,-0.0005468813,-0.0005546043,-0.0005613053,-0.0005675167,-0.0005727047,-0.0005774603,-0.0005803478,-0.0005838856,-0.0005849875,-0.0005848146,-0.0005853114,-0.0005855513,-0.0005809892,-0.0005757557,-0.0005734228,-0.0005739189,-0.000571022,-0.0005632432,-0.0005507244,-0.0005384864,-0.0005266345,-0.0005169229,-0.0005085322,-0.0005021705,-0.0004955514,-0.0004887321,-0.000479894,-0.000470171,-0.0004589058,-0.0004479382,-0.0004375945,-0.0004301784,-0.0004240717,-0.000418606,-0.0004111755,-0.0004036761,-0.0003965408,-0.0003909174,-0.0003844197,-0.0003785171,-0.0003729315,-0.0003681394,-0.000362867,-0.0003589031,-0.0003545716,-0.0003511655,-0.0003477451,-0.0003450938
-0.0003392751,-0.0003370324,-0.0003355418,-0.0003338778,-0.0003330325,-0.0003319401,-0.0003316586,-0.0003310711,-0.0003312689,-0.0003311119,-0.0003317089,-0.0003319135,-0.0003328444,-0.0003333549,-0.0003345687,-0.0003353496,-0.0003368228,-0.0003378642,-0.0003395935,-0.0003409139,-0.0003429209,-0.0003445633,-0.0003469088,-0.0003489179,-0.0003516762,-0.0003541487,-0.000357414,-0.0003604417,-0.0003643087,-0.000367992,-0.0003725733,-0.0003770206,-0.0003823966,-0.0003876916,-0.0003939414,-0.000400128,-0.000407288,-0.0004143718,-0.0004224242,-0.0004303525,-0.0004392108,-0.0004478556,-0.0004573578,-0.0004665175,-0.0004764198,-0.0004858071,-0.0004957846,-0.0005050515,-0.0005147103,-0.0005234585,-0.0005323511,-0.0005401646,-0.0005477649,-0.0005542751,-0.0005601845,-0.0005649583,-0.0005688434,-0.0005712074,-0.0005733767,-0.0005728002,-0.0005724045,-0.0005712823,-0.0005673719,-0.000561727,-0.0005589784,-0.0005552938,-0.0005471061,-0.0005347476,-0.0005245502,-0.0005183325,-0.0005160224,-0.0005128492,-0.0005087583,-0.0005022715,-0.0004942237,-0.0004841404,-0.0004742866,-0.0004647917,-0.000457399,-0.000451114,-0.0004464944,-0.0004418414,-0.0004367145,-0.0004289734,-0.0004201937,-0.0004112305,-0.0004045918,-0.0003984801,-0.0003923756,-0.000385343,-0.0003797211,-0.0003741669,-0.0003688803,-0.0003635633,-0.0003593913,-0.0003547066,-0.000351106,-0.000347405,-0.0003444295,-0.000341503
-0.0003200269,-0.0003183531,-0.0003165108,-0.0003155244,-0.0003142479,-0.0003138442,-0.0003130925,-0.000313206,-0.0003129285,-0.0003134962,-0.0003136329,-0.0003145881,-0.0003150853,-0.0003163791,-0.0003171919,-0.0003187845,-0.0003198913,-0.0003217702,-0.0003231734,-0.0003253458,-0.0003270782,-0.0003295804,-0.0003316833,-0.0003345949,-0.0003371402,-0.0003405321,-0.0003436088,-0.0003475839,-0.0003513017,-0.0003559681,-0.0003604174,-0.0003658599,-0.000371144,-0.0003774457,-0.0003836175,-0.0003908215,-0.0003978891,-0.0004059863,-0.0004139039,-0.0004228155,-0.0004314593,-0.00044102,-0.0004501796,-0.0004601358,-0.0004695088,-0.0004795156,-0.0004887133,-0.0004983314,-0.000506899,-0.0005156305,-0.0005230943,-0.0005304019,-0.0005363261,-0.0005416336,-0.0005455631,-0.0005485582,-0.0005501366,-0.00055101,-0.0005495617,-0.0005485596,-0.0005450133,-0.0005399283,-0.0005354448,-0.0005309256,-0.0005217241,-0.000512007,-0.0005055319,-0.0005024322,-0.0004964798,-0.0004862209,-0.0004718317,-0.0004584819,-0.0004462698,-0.0004369291,-0.0004295831,-0.000424882,-0.0004204355,-0.0004162297,-0.0004103609,-0.0004039233,-0.00039618,-0.0003888974,-0.0003823502,-0.0003787371,-0.0003762659,-0.0003741459,-0.0003697584,-0.0003651137,-0.0003606409,-0.0003573955,-0.0003529399,-0.0003488417,-0.0003448225,-0.0003413351,-0.0003371462,-0.0003341008,-0.0003304901,-0.0003276801,-0.0003247224,-0.0003224297
-0.000282352,-0.0002805616,-0.0002794652,-0.000278217,-0.0002777727,-0.0002771289,-0.0002773062,-0.0002772413,-0.0002779868,-0.000278451,-0.0002796982,-0.0002806253,-0.0002823102,-0.0002836494,-0.0002857187,-0.0002874209,-0.0002898364,-0.0002918791,-0.0002946254,-0.0002970158,-0.0003000991,-0.0003028647,-0.0003063349,-0.0003095108,-0.0003134342,-0.0003171081,-0.0003215671,-0.0003258229,-0.0003309091,-0.0003358422,-0.0003416561,-0.000347357,-0.000353961,-0.0003604961,-0.000367943,-0.0003753177,-0.0003836001,-0.0003917683,-0.000400804,-0.0004096389,-0.0004192597,-0.0004285338,-0.0004384597,-0.0004478404,-0.0004576907,-0.0004667438,-0.0004760353,-0.000484245,-0.0004924137,-0.0004992138,-0.0005056448,-0.0005104939,-0.0005145381,-0.0005169999,-0.0005182021,-0.0005177951,-0.0005159442,-0.0005120063,-0.000507576,-0.0005000213,-0.0004922633,-0.0004838434,-0.0004726331,-0.0004596522,-0.000449866,-0.0004397471,-0.0004257018,-0.0004081062,-0.000393451,-0.0003837659,-0.0003790289,-0.0003744428,-0.0003699186,-0.0003640381,-0.0003575464,-0.0003499603,-0.0003434247,-0.0003380011,-0.000335228,-0.0003339756,-0.0003345852,-0.0003352507,-0.0003353099,-0.0003325954,-0.0003286624,-0.0003244199,-0.0003222151,-0.0003201125,-0.0003174958,-0.0003135795,-0.0003107241,-0.000307549,-0.0003042322,-0.0003006281,-0.0002978613,-0.0002943432,-0.0002917014,-0.0002888018,-0.0002864685,-0.0002841099
-0.0002171561,-0.0002169137,-0.0002165209,-0.0002170386,-0.0002173172,-0.0002185547,-0.0002195118,-0.000221432,-0.0002230308,-0.0002255731,-0.0002277496,-0.0002308347,-0.0002335134,-0.0002370683,-0.0002401821,-0.000244137,-0.0002476264,-0.0002519326,-0.0002557671,-0.0002603985,-0.0002645756,-0.0002695338,-0.0002740661,-0.0002794058,-0.0002843399,-0.0002901069,-0.0002955084,-0.0003017851,-0.0003077438,-0.0003146158,-0.0003211981,-0.0003287251,-0.0003360026,-0.0003442263,-0.0003522076,-0.0003611231,-0.0003697556,-0.0003792792,-0.0003884273,-0.0003983774,-0.0004078039,-0.000417887,-0.0004272295,-0.0004370221,-0.0004457966,-0.000454762,-0.0004623734,-0.0004698595,-0.0004756353,-0.0004809247,-0.000484184,-0.0004865447,-0.00048675,-0.0004854936,-0.0004821224,-0.000476969,-0.0004696406,-0.0004610499,-0.0004493379,-0.0004376941,-0.000423311,-0.0004070113,-0.0003912791,-0.0003759823,-0.0003563714,-0.0003367026,-0.0003210658,-0.000309997,-0.0002973126,-0.0002816323,-0.0002631594,-0.0002472779,-0.0002340731,-0.0002252331,-0.0002197678,-0.000218207,-0.0002179489,-0.0002188155,-0.0002187051,-0.0002185777,-0.0002175019,-0.0002170949,-0.0002174943,-0.0002207264,-0.0002247226,-0.0002285395,-0.0002295412,-0.0002298963,-0.0002300231,-0.0002308777,-0.0002299629,-0.0002290217,-0.0002277951,-0.0002267378,-0.0002246845,-0.0002235754,-0.0002216741,-0.0002204601,-0.0002189883,-0.0002181366
-0.0001242052,-0.0001263594,-0.0001292231,-0.0001320436,-0.0001357145,-0.0001393025,-0.0001437644,-0.0001480934,-0.0001532738,-0.0001582626,-0.0001640623,-0.0001696122,-0.0001759184,-0.0001819189,-0.0001886283,-0.0001949849,-0.0002020036,-0.0002086373,-0.0002158973,-0.0002227634,-0.0002302218,-0.0002373036,-0.0002449674,-0.0002522614,-0.0002601624,-0.0002677232,-0.0002759152,-0.0002837974,-0.0002923378,-0.0003006024,-0.0003095636,-0.0003182723,-0.0003276736,-0.0003368349,-0.0003466698,-0.0003562309,-0.0003664163,-0.0003762326,-0.0003865725,-0.0003963822,-0.0004065547,-0.0004159624,-0.000425498,-0.0004339544,-0.0004422349,-0.0004490474,-0.0004553224,-0.0004596979,-0.0004631198,-0.0004642109,-0.0004638829,-0.0004609131,-0.0004559724,-0.0004484025,-0.0004383099,-0.0004256081,-0.0004103556,-0.0003919369,-0.0003723572,-0.0003488774,-0.0003244828,-0.0002994507,-0.0002716149,-0.0002419818,-0.0002161104,-0.0001910277,-0.0001631838,-0.0001330334,-0.0001073546,-8.855838e-05,-7.677858e-05,-6.71969e-05,-5.966962e-05,-5.282759e-05,-4.726047e-05,-4.241634e-05,-4.021491e-05,-4.055601e-05,-4.463948e-05,-5.107596e-05,-5.984901e-05,-6.89649e-05,-7.741169e-05,-8.296825e-05,-8.712009e-05,-9.083218e-05,-9.622969e-05,-0.0001012023,-0.0001050383,-0.0001071716,-0.000109966,-0.000112024,-0.0001135275,-0.0001145247,-0.0001160792,-0.0001166969,-0.0001180544,-0.0001190706,-0.0001205833,-0.0001221017
-5.462038e-06,-1.370164e-05,-2.175413e-05,-3.070034e-05,-3.936925e-05,-4.898364e-05,-5.826897e-05,-6.849177e-05,-7.832051e-05,-8.904202e-05,-9.930383e-05,-0.0001104017,-0.0001209637,-0.0001322923,-0.0001430252,-0.0001544659,-0.0001652554,-0.0001767015,-0.0001874626,-0.0001988347,-0.0002095202,-0.0002207805,-0.0002313627,-0.0002425299,-0.000253022,-0.000264113,-0.0002745591,-0.0002856299,-0.0002960846,-0.0003071862,-0.0003176882,-0.0003288522,-0.000339429,-0.0003506323,-0.0003612241,-0.0003723912,-0.0003828508,-0.0003937777,-0.0004038289,-0.0004141647,-0.0004233698,-0.0004326018,-0.0004403535,-0.0004477809,-0.0004532815,-0.0004580271,-0.0004603226,-0.0004613655,-0.0004594029,-0.0004556453,-0.0004483822,-0.0004387278,-0.0004253582,-0.0004088673,-0.0003887432,-0.000365157,-0.0003378706,-0.0003080812,-0.0002736226,-0.0002383128,-0.0001996516,-0.0001582592,-0.0001172249,-7.726191e-05,-3.353879e-05,9.503793e-06,4.715789e-05,7.81313e-05,0.0001084275,0.0001392802,0.0001704194,0.0001960964,0.0002161621,0.0002289589,0.0002355978,0.0002357114,0.0002322047,0.0002255216,0.0002180752,0.0002091495,0.0002000001,0.0001892657,0.0001770483,0.0001616067,0.0001454305,0.0001296987,0.0001170912,0.000105283,9.392172e-05,8.221316e-05,7.275918e-05,6.360667e-05,5.502715e-05,4.660094e-05,3.942017e-05,3.146152e-05,2.450884e-05,1.696843e-05,9.800565e-06,2.072496e-06
0.0001173102,0.0001002343,8.285216e-05,6.581365e-05,4.830249e-05,3.116602e-05,1.352125e-05,-3.7004e-06,-2.140868e-05,-3.862747e-05,-5.628748e-05,-7.339082e-05,-9.086796e-05,-0.0001077122,-0.0001248684,-0.0001413339,-0.0001580517,-0.0001740322,-0.0001902152,-0.0002056402,-0.000221227,-0.000236066,-0.0002510458,-0.0002652787,-0.0002796713,-0.0002933433,-0.0003071954,-0.000320349,-0.0003336999,-0.0003463767,-0.0003592778,-0.0003715109,-0.0003839398,-0.0003956805,-0.0004075567,-0.0004186598,-0.0004297827,-0.0004399573,-0.0004499568,-0.0004587291,-0.0004670288,-0.0004737123,-0.0004795187,-0.0004831966,-0.0004854778,-0.0004850008,-0.0004825234,-0.0004765876,-0.0004679794,-0.0004552108,-0.0004390551,-0.0004181977,-0.0003931295,-0.0003633104,-0.0003285373,-0.0002890688,-0.0002447964,-0.0001951485,-0.0001427481,-8.467035e-05,-2.405986e-05,3.765037e-05,0.0001026186,0.0001698025,0.0002325943,0.0002929722,0.0003542843,0.000415892,0.0004704143,0.0005146651,0.0005480175,0.0005751484,0.0005961157,0.0006120676,0.0006224958,0.0006279537,0.0006267558,0.0006192037,0.0006045764,0.0005846809,0.000560111,0.0005332624,0.0005057706,0.0004801051,0.0004550455,0.0004297662,0.0004026277,0.0003761316,0.0003512406,0.0003283633,0.0003052489,0.0002834346,0.0002628127,0.0002431657,0.0002235659,0.0002054269,0.0001870492,0.0001694759,0.0001518816,0.0001346616
0.000211268,0.00018142,0.0001527192,0.0001240099,9.644726e-05,6.872797e-05,4.213105e-05,1.531151e-05,-1.038152e-05,-3.630737e-05,-6.107723e-05,-8.605725e-05,-0.0001098388,-0.0001337879,-0.0001564907,-0.0001793189,-0.0002008628,-0.0002224936,-0.0002428173,-0.0002631946,-0.0002822745,-0.0003013812,-0.0003192104,-0.0003370836,-0.0003536917,-0.0003703655,-0.00038581,-0.0004013512,-0.0004156954,-0.0004301557,-0.0004434229,-0.0004568039,-0.0004689835,-0.0004812108,-0.0004921598,-0.0005030345,-0.0005124541,-0.0005215897,-0.0005289775,-0.000535752,-0.0005403435,-0.0005438559,-0.0005446001,-0.000543653,-0.0005391932,-0.0005322956,-0.0005210062,-0.0005064242,-0.0004865064,-0.0004623833,-0.000432051,-0.0003965367,-0.0003543144,-0.0003057992,-0.0002505906,-0.0001885802,-0.0001197208,-4.553318e-05,3.659504e-05,0.0001219041,0.0002124641,0.0003079509,0.0004042498,0.0004992233,0.0005977147,0.0006948508,0.0007846972,0.0008644053,0.0009393275,0.001010136,0.001076091,0.001130414,0.001172368,0.00119988,0.001213864,0.001213913,0.001203234,0.001182673,0.001155263,0.001120912,0.001081714,0.001037138,0.0009881012,0.0009337826,0.0008777091,0.0008218297,0.000769283,0.0007178916,0.0006677225,0.0006184308,0.0005728736,0.0005289734,0.0004871421,0.0004470293,0.0004096549,0.0003728859,0.0003385619,0.0003048939,0.0002728637,0.0002414164
0.0002250152,0.0001822288,0.0001408719,0.0001013314,6.278913e-05,2.587353e-05,-1.028321e-05,-4.493845e-05,-7.897326e-05,-0.0001115746,-0.0001436154,-0.0001742439,-0.0002043373,-0.0002330202,-0.0002611568,-0.0002878703,-0.0003140273,-0.0003387531,-0.0003629097,-0.0003856475,-0.0004078016,-0.0004285742,-0.0004487681,-0.0004676027,-0.0004859006,-0.0005028811,-0.0005193573,-0.0005345542,-0.0005492776,-0.0005627478,-0.000575756,-0.000587494,-0.0005987178,-0.0006086167,-0.0006178691,-0.0006256183,-0.0006324982,-0.0006375639,-0.0006413974,-0.0006429425,-0.0006427204,-0.000639533,-0.000633854,-0.000624331,-0.0006113992,-0.0005935414,-0.0005711894,-0.0005426783,-0.0005084674,-0.0004668201,-0.0004182056,-0.0003610781,-0.0002955599,-0.0002211278,-0.0001370291,-4.389362e-05,5.877144e-05,0.000171553,0.0002910171,0.0004204292,0.0005563869,0.0006956956,0.0008404432,0.0009893685,0.001133868,0.001273898,0.001411976,0.001546603,0.001668624,0.001772651,0.001856222,0.001922867,0.001971692,0.002002805,0.002015373,0.002009803,0.001984931,0.00194186,0.001881373,0.001806882,0.001720926,0.001627654,0.001530702,0.001433917,0.00133733,0.001241079,0.001144799,0.001051909,0.0009639608,0.0008813012,0.0008018711,0.0007273771,0.0006577125,0.00059229,0.0005302146,0.0004725936,0.0004175471,0.0003658671,0.0003165991,0.0002698415
0.0001113056,5.76876e-05,7.417545e-06,-4.094646e-05,-8.639347e-05,-0.0001304681,-0.000171969,-0.0002124435,-0.0002505752,-0.0002878944,-0.0003229963,-0.0003573964,-0.0003896587,-0.0004212839,-0.0004507949,-0.0004796876,-0.0005064863,-0.0005326769,-0.0005567939,-0.0005803081,-0.0006017871,-0.0006226652,-0.0006415601,-0.0006598944,-0.0006762829,-0.0006921497,-0.0007061204,-0.0007196172,-0.0007312616,-0.000742448,-0.000751765,-0.0007605908,-0.0007674993,-0.0007737927,-0.0007779974,-0.0007813398,-0.0007822691,-0.0007819387,-0.0007786705,-0.0007735442,-0.0007647185,-0.0007531804,-0.0007369096,-0.0007168134,-0.0006906745,-0.0006593437,-0.0006203889,-0.0005746537,-0.0005195403,-0.0004559174,-0.0003811809,-0.0002960969,-0.0001986336,-8.877633e-05,3.396961e-05,0.0001703221,0.0003202404,0.0004819634,0.0006589078,0.000844923,0.001041496,0.001248686,0.001460453,0.001671921,0.001887308,0.002100112,0.002301094,0.002483238,0.002649149,0.002796949,0.002923608,0.003019275,0.003081236,0.003106279,0.003095143,0.003048187,0.00297058,0.002865793,0.002740138,0.002596871,0.002441649,0.002277206,0.00210736,0.001933955,0.001762944,0.001597907,0.001442878,0.001295894,0.001157441,0.001027419,0.0009085507,0.0007980908,0.0006961461,0.0006019027,0.000515812,0.0004351385,0.000361389,0.0002921305,0.0002280624,0.0001676461
-0.0001670304,-0.0002236364,-0.000276636,-0.0003261183,-0.0003729811,-0.0004169594,-0.0004589333,-0.0004984461,-0.0005363406,-0.000572037,-0.0006063342,-0.0006385747,-0.0006695383,-0.000698524,-0.0007262827,-0.00075209,-0.0007766923,-0.0007993604,-0.0008208338,-0.000840402,-0.0008587737,-0.0008752926,-0.0008906338,-0.0009041597,-0.0009165637,-0.0009272035,-0.0009367607,-0.0009445961,-0.0009513749,-0.0009564422,-0.0009604353,-0.0009626515,-0.0009636704,-0.0009627612,-0.000960394,-0.0009557556,-0.0009492249,-0.00093985,-0.0009278994,-0.000912248,-0.000893037,-0.0008689166,-0.0008398978,-0.0008043857,-0.0007622731,-0.0007116928,-0.0006524595,-0.0005824426,-0.0005014321,-0.0004071128,-0.0002992601,-0.0001757327,-3.587595e-05,0.0001211758,0.000297254,0.0004915336,0.0007054017,0.0009396463,0.001189809,0.001459732,0.001745322,0.00204015,0.00234543,0.002658331,0.002965137,0.003260228,0.003542169,0.003805357,0.004034806,0.004218869,0.004350094,0.00442943,0.004454805,0.004426221,0.004344979,0.00421489,0.004039844,0.003826723,0.00358296,0.003318276,0.003041181,0.002760588,0.002484404,0.002219015,0.001966204,0.001726938,0.001501747,0.001294147,0.001105181,0.0009338188,0.0007770968,0.0006357406,0.000508563,0.000393588,0.0002891831,0.0001953568,0.0001094453,3.144204e-05,-4.018306e-05,-0.0001060347
-0.000612141,-0.0006622012,-0.0007076662,-0.0007503334,-0.000789311,-0.0008264077,-0.0008604375,-0.0008931456,-0.0009231592,-0.0009521665,-0.0009786778,-0.001004337,-0.001027581,-0.001050031,-0.001070087,-0.001089351,-0.001106209,-0.00112226,-0.001135899,-0.001148712,-0.001159132,-0.001168712,-0.001175938,-0.001182356,-0.001186449,-0.001189771,-0.001190811,-0.001191109,-0.00118914,-0.001186409,-0.001181348,-0.00117542,-0.001167,-0.001157436,-0.001145033,-0.001131012,-0.001113529,-0.001093665,-0.001069372,-0.001041562,-0.001007935,-0.0009692116,-0.0009227858,-0.0008691781,-0.0008054408,-0.0007319179,-0.0006452918,-0.0005457853,-0.0004297397,-0.0002973228,-0.0001447117,2.808218e-05,0.0002242283,0.0004447577,0.0006907493,0.0009641956,0.001265162,0.001591717,0.001948355,0.00232628,0.002725198,0.00314425,0.003571928,0.003995918,0.004415877,0.00481852,0.00518449,0.005495425,0.005746124,0.005929017,0.006037897,0.006060487,0.005995609,0.005844795,0.005615945,0.005318436,0.004968003,0.004578833,0.004167431,0.003745595,0.003325948,0.002916048,0.002522739,0.002149719,0.001803947,0.001488461,0.001205646,0.0009511388,0.0007235411,0.0005208704,0.0003438233,0.0001871448,4.929607e-05,-7.216286e-05,-0.0001783019,-0.0002732172,-0.0003562892,-0.0004310849,-0.0004975057,-0.000557863
-0.001195763,-0.001227885,-0.001256562,-0.001282259,-0.001305746,-0.00132702,-0.001346775,-0.001364746,-0.001381548,-0.001396755,-0.00141094,-0.001423575,-0.00143519,-0.001445207,-0.001454158,-0.001461437,-0.001467567,-0.001471949,-0.001475111,-0.001476481,-0.001476573,-0.001474877,-0.001471878,-0.001467099,-0.001461043,-0.001453238,-0.001444171,-0.001433357,-0.001421255,-0.001407355,-0.001392075,-0.001374818,-0.001355895,-0.001334629,-0.001311181,-0.001284728,-0.001255242,-0.001221671,-0.001183774,-0.001140193,-0.001090437,-0.001032784,-0.0009664489,-0.0008892784,-0.0008001837,-0.0006965329,-0.0005769831,-0.000438396,-0.0002792417,-9.594992e-05,0.000113137,0.0003515517,0.0006214955,0.0009248466,0.001265308,0.001642004,0.002057606,0.002512648,0.003000051,0.003522911,0.004073143,0.004635287,0.005204497,0.00576981,0.006302501,0.006781446,0.007193695,0.007524076,0.007747424,0.007844727,0.007807491,0.007644334,0.007365395,0.006984846,0.006519909,0.00598958,0.005412617,0.004809323,0.004199085,0.003600155,0.003026305,0.002488133,0.00199378,0.001547252,0.001147246,0.0007909485,0.0004759049,0.0002022042,-3.273131e-05,-0.0002339935,-0.0004072689,-0.0005543001,-0.0006785155,-0.0007841497,-0.0008740295,-0.0009496828,-0.001014744,-0.001070115,-0.001117921,-0.001159435
-0.001856079,-0.001862492,-0.001866089,-0.001868758,-0.001869423,-0.001869944,-0.001868889,-0.001868039,-0.001865742,-0.001863723,-0.001860217,-0.001856913,-0.001851965,-0.001847054,-0.001840326,-0.001833463,-0.001824602,-0.001815451,-0.001804169,-0.001792472,-0.001778581,-0.001764189,-0.001747582,-0.001730461,-0.001711111,-0.001691248,-0.001669159,-0.001646529,-0.001621613,-0.001596044,-0.001568006,-0.001539044,-0.001507222,-0.001473903,-0.001437015,-0.001397698,-0.001353616,-0.001305644,-0.001251099,-0.00119052,-0.001120793,-0.001042075,-0.000950716,-0.0008464348,-0.0007249642,-0.0005855919,-0.0004233749,-0.0002372256,-2.152997e-05,0.000225039,0.0005085288,0.0008304946,0.001196167,0.001608208,0.002068507,0.002580394,0.00314281,0.003751597,0.004409646,0.005099355,0.00581178,0.006537507,0.007247552,0.007908804,0.008506521,0.009011514,0.009385922,0.009595596,0.009632001,0.00949419,0.009192572,0.008736257,0.008151847,0.007467027,0.006709626,0.005904731,0.005082692,0.004270412,0.003493272,0.002765898,0.002098925,0.001494514,0.0009529458,0.0004722549,5.445543e-05,-0.0003030295,-0.0006036797,-0.0008573793,-0.001069222,-0.001244198,-0.001384504,-0.001498528,-0.001589423,-0.001661191,-0.001716292,-0.001759887,-0.001791843,-0.001816591,-0.00183416,-0.00184733
-0.002522642,-0.002498784,-0.002474165,-0.0024494,-0.002424796,-0.002400453,-0.002376611,-0.002353088,-0.002330064,-0.002307194,-0.002284638,-0.002261962,-0.002239316,-0.002216233,-0.002192888,-0.002168815,-0.002144215,-0.002118648,-0.002092348,-0.002064925,-0.002036623,-0.002007129,-0.001976672,-0.001944982,-0.001912312,-0.001878391,-0.001843449,-0.001807187,-0.00176978,-0.001730867,-0.001690532,-0.001648267,-0.001603981,-0.001556994,-0.001506951,-0.001452901,-0.001394161,-0.001329381,-0.001257474,-0.001176568,-0.001085083,-0.0009805131,-0.0008606961,-0.0007223648,-0.0005627227,-0.000377644,-0.0001637378,8.402452e-05,0.000369484,0.0006984256,0.001074847,0.001504469,0.001991528,0.002538798,0.003151289,0.003825719,0.004563114,0.005358359,0.006193278,0.007061417,0.007937949,0.008781758,0.009568508,0.01026678,0.01081894,0.01118138,0.01133546,0.0112731,0.01097903,0.01045164,0.009717843,0.008842942,0.007886644,0.006888276,0.005872844,0.004861624,0.003879033,0.002950755,0.00209707,0.001329036,0.0006479231,5.015081e-05,-0.0004665756,-0.0009077918,-0.001281763,-0.001596474,-0.001856842,-0.002065463,-0.002227946,-0.002352975,-0.002447699,-0.002514959,-0.002559523,-0.002587075,-0.002600503,-0.002602229,-0.002596102,-0.002583274,-0.002565885,-0.002545399
-0.003124925,-0.003072299,-0.0030196,-0.002968719,-0.002918253,-0.002870072,-0.002822378,-0.002776985,-0.002731868,-0.002688804,-0.002645646,-0.002604172,-0.002562186,-0.002521484,-0.00247986,-0.002439157,-0.002397192,-0.002355858,-0.002313016,-0.002270596,-0.002226531,-0.002182749,-0.00213726,-0.002091997,-0.002044971,-0.001998117,-0.001949427,-0.001900786,-0.001850112,-0.001799176,-0.001745751,-0.001691444,-0.001633815,-0.001574172,-0.001509776,-0.001441547,-0.001366304,-0.001284485,-0.00119231,-0.001089613,-0.0009718566,-0.0008381458,-0.0006830342,-0.0005048001,-0.0002969498,-5.691617e-05,0.0002229173,0.0005458005,0.0009203417,0.00135001,0.001843738,0.00240451,0.00303909,0.003749894,0.004536153,0.005397579,0.006323665,0.00729729,0.008307301,0.009308817,0.01026655,0.01114738,0.0118867,0.0124181,0.0127179,0.01275699,0.01250319,0.01194241,0.01110516,0.01004179,0.008848317,0.007620334,0.006425586,0.00527328,0.004156723,0.003087016,0.002094779,0.00120236,0.0004209952,-0.0002554137,-0.0008383075,-0.001346404,-0.00179441,-0.0021863,-0.002514991,-0.002780614,-0.002988571,-0.0031511,-0.0032727,-0.003357409,-0.003408122,-0.003434901,-0.003440451,-0.003429009,-0.003403704,-0.003369908,-0.003327261,-0.003280801,-0.003230096,-0.003178249
-0.003614041,-0.003537371,-0.003461406,-0.003387188,-0.003314621,-0.003244141,-0.003175574,-0.003109015,-0.003044231,-0.002981123,-0.002919427,-0.002858957,-0.002799475,-0.002740757,-0.002682593,-0.002624778,-0.002567166,-0.002509585,-0.002451949,-0.00239414,-0.002336096,-0.002277785,-0.002219131,-0.002160136,-0.002100737,-0.002040903,-0.001980521,-0.00191949,-0.001857584,-0.001794551,-0.001729976,-0.001663353,-0.001593975,-0.001521001,-0.001443258,-0.001359425,-0.001267772,-0.001166298,-0.001052565,-0.0009237071,-0.0007764034,-0.0006067229,-0.0004103374,-0.0001820909,8.341596e-05,0.0003926528,0.0007519264,0.001168854,0.00165006,0.002203588,0.002835067,0.003550762,0.004353733,0.005242437,0.006215854,0.00725695,0.008351952,0.009472772,0.01056868,0.01160564,0.01252212,0.01323231,0.01369197,0.01386366,0.01367973,0.01311082,0.01220347,0.0110535,0.009689226,0.008141029,0.006586236,0.005218655,0.004038319,0.00297037,0.001998372,0.001138084,0.0003836977,-0.0002872996,-0.0008829991,-0.001395502,-0.001834878,-0.002235912,-0.002617778,-0.002972348,-0.003279106,-0.003535347,-0.00374238,-0.003897915,-0.004006068,-0.004077515,-0.004117737,-0.004128026,-0.004114169,-0.004083055,-0.004036781,-0.003978956,-0.003913722,-0.003842525,-0.003767797,-0.003691395
-0.003959742,-0.003867449,-0.003774652,-0.003683585,-0.003593121,-0.003505378,-0.003418656,-0.003334958,-0.00325224,-0.003172439,-0.003093304,-0.003016768,-0.002940497,-0.002866447,-0.002792234,-0.002719884,-0.002647026,-0.002575751,-0.002503723,-0.002433084,-0.00236155,-0.002291272,-0.00222002,-0.002149935,-0.00207875,-0.002008575,-0.001937061,-0.001866215,-0.001793517,-0.001720763,-0.00164515,-0.001568182,-0.001486667,-0.00140162,-0.0013093,-0.001210088,-0.001099502,-0.0009771148,-0.0008374676,-0.000679139,-0.0004954571,-0.0002838233,-3.618165e-05,0.0002513194,0.0005881874,0.0009793619,0.001435578,0.001962122,0.002570049,0.003263249,0.004050774,0.004932082,0.005908482,0.006972079,0.00810568,0.009289352,0.01048194,0.01163139,0.01269294,0.0135715,0.01419521,0.01451731,0.01444895,0.01392399,0.01299748,0.01171835,0.01014528,0.008416493,0.006487626,0.004554034,0.003160235,0.00224095,0.001504139,0.0008435592,0.0003197928,-5.266428e-05,-0.0003602706,-0.0006865658,-0.0010319,-0.001332106,-0.001585337,-0.001899122,-0.002379765,-0.002894694,-0.003289866,-0.003602443,-0.003870944,-0.004092578,-0.004263325,-0.00438204,-0.004453484,-0.004491117,-0.004496928,-0.004475701,-0.004433571,-0.004376596,-0.004305468,-0.004226916,-0.00414097,-0.004051836
-0.004156604,-0.004057901,-0.003956693,-0.00385488,-0.003753027,-0.003652083,-0.003552383,-0.003454255,-0.003357893,-0.003263224,-0.003170389,-0.003079065,-0.002989426,-0.002900989,-0.002814004,-0.002727893,-0.002643025,-0.002558755,-0.002475581,-0.002392808,-0.00231103,-0.00222952,-0.00214892,-0.002068409,-0.001988685,-0.001908737,-0.001829232,-0.001748895,-0.001668273,-0.001585705,-0.001501498,-0.001413451,-0.001321473,-0.001222681,-0.001116366,-0.0009987399,-0.0008683074,-0.000720106,-0.000551643,-0.0003565304,-0.0001310831,0.0001327255,0.0004398337,0.0007999453,0.001219029,0.001708142,0.002273377,0.002926022,0.00367015,0.004514658,0.005457449,0.00649949,0.00762712,0.008822134,0.01005546,0.01127726,0.01243373,0.01345677,0.01423913,0.01472704,0.01482409,0.01442596,0.01353308,0.01220312,0.01046326,0.008263914,0.005908102,0.004169744,0.00225391,0.0006102024,0.0001537049,6.456476e-05,2.141933e-05,-1.230461e-05,-4.181047e-05,-6.32879e-05,-8.039708e-05,-9.555993e-05,-0.0001107017,-0.0001301457,-0.0001795562,-0.0003938609,-0.001070153,-0.001786348,-0.00223651,-0.002769827,-0.003288894,-0.003667647,-0.003962268,-0.004198402,-0.004373645,-0.00448726,-0.00455268,-0.004580742,-0.004574752,-0.00454212,-0.004490014,-0.004421186,-0.004340771,-0.004251816
-0.004210254,-0.004116449,-0.004014356,-0.003910535,-0.003802138,-0.003694927,-0.003585354,-0.003478497,-0.003370486,-0.00326584,-0.003160619,-0.003058888,-0.002956805,-0.002858061,-0.002759025,-0.002663062,-0.002566823,-0.002473366,-0.002379673,-0.00228848,-0.002197121,-0.002107948,-0.002018652,-0.001931162,-0.001843421,-0.00175688,-0.001669667,-0.001582631,-0.00149397,-0.001403788,-0.001310207,-0.001212421,-0.001108307,-0.0009959018,-0.0008726505,-0.0007351938,-0.0005802783,-0.0004029177,-0.0001989075,3.858466e-05,0.0003148806,0.000638741,0.001016567,0.001458796,0.001972384,0.002568439,0.003253012,0.004035474,0.004917832,0.005903003,0.006983041,0.008147161,0.009366753,0.0106119,0.01181803,0.01293549,0.01386164,0.01450955,0.01479864,0.01460483,0.01384386,0.01257507,0.01073194,0.008194907,0.00573629,0.003214068,0.0007573303,0.0002137312,0.0001016449,1.174873e-05,-1.659848e-05,-2.926925e-05,-3.198516e-05,-3.576091e-05,-3.809498e-05,-4.277946e-05,-4.465023e-05,-4.529072e-05,-4.317494e-05,-4.255735e-05,-4.556513e-05,-5.823265e-05,-9.215487e-05,-0.0001368038,-0.0003291343,-0.001148215,-0.001908825,-0.002493775,-0.003080075,-0.003522358,-0.00384526,-0.00410081,-0.004277916,-0.004392023,-0.004454711,-0.004479337,-0.004466023,-0.004430337,-0.004370551,-0.004297629
-0.004139268,-0.004060301,-0.003966298,-0.003867265,-0.003759248,-0.003650492,-0.003536488,-0.003424304,-0.003309046,-0.003197024,-0.003083115,-0.002973134,-0.002861831,-0.002754729,-0.00264654,-0.002542606,-0.002437641,-0.002336891,-0.002235086,-0.002137417,-0.002038591,-0.001943762,-0.001847536,-0.001754986,-0.001660586,-0.001569211,-0.001475075,-0.001382751,-0.001286059,-0.001189128,-0.001085206,-0.0009777623,-0.0008592334,-0.0007322563,-0.0005881957,-0.0004285864,-0.0002434747,-3.303529e-05,0.0002141982,0.0004995761,0.0008360996,0.00122654,0.001685089,0.002215286,0.002831319,0.003535775,0.004340093,0.005242406,0.006246228,0.007339052,0.008508053,0.009720156,0.01093757,0.01209209,0.01312328,0.01391838,0.01439807,0.01444305,0.01392594,0.01284262,0.01110574,0.008560606,0.005830016,0.002553047,0.0005016666,0.0001768954,4.988798e-05,1.018767e-05,1.108935e-05,9.364452e-06,NaN,NaN,NaN,NaN,NaN,NaN,NaN,NaN,NaN,NaN,NaN,-4.610774e-05,-3.900876e-05,-3.232192e-05,-4.137737e-05,-8.257012e-05,-0.0001822252,-0.000772797,-0.001659492,-0.00232322,-0.002912414,-0.003359548,-0.003683485,-0.00393139,-0.004095709,-0.004201775,-0.004255313,-0.004269963,-0.004249462,-0.004206218
-0.003961132,-0.003907029,-0.00383015,-0.003743557,-0.003642249,-0.00353793,-0.003424047,-0.00331129,-0.003192199,-0.003076688,-0.002956808,-0.002841858,-0.002723664,-0.002611052,-0.002495833,-0.002386432,-0.002274761,-0.002168906,-0.002060956,-0.001958645,-0.001854284,-0.001755178,-0.001653862,-0.001557157,-0.0014577,-0.001361748,-0.001261937,-0.001163795,-0.001059813,-0.0009546122,-0.0008403394,-0.0007204919,-0.0005866479,-0.0004408968,-0.0002740448,-8.652061e-05,0.0001319174,0.0003826604,0.0006771258,0.001018521,0.00141924,0.001883841,0.002424904,0.003047,0.003760904,0.004568241,0.005474119,0.006471797,0.007554255,0.00869775,0.009873606,0.01103037,0.01210482,0.01301713,0.01365951,0.01394864,0.013741,0.01291995,0.0114743,0.009262156,0.00630923,0.002899608,0.0005391486,0.0001561344,5.008517e-05,3.288897e-05,4.263392e-05,NaN,NaN,NaN,NaN,NaN,NaN,NaN,NaN,NaN,NaN,NaN,NaN,NaN,NaN,NaN,NaN,NaN,-3.509296e-05,-2.632031e-05,-2.489084e-05,-5.361544e-05,-0.0001538365,-0.000754396,-0.001582453,-0.002275105,-0.002810056,-0.003211671,-0.003514952,-0.003733382,-0.003871849,-0.003959775,-0.003994338,-0.003995402
-0.003695353,-0.003675988,-0.003624999,-0.003557912,-0.003470429,-0.003375502,-0.003267555,-0.0031577,-0.00303964,-0.002923107,-0.00280147,-0.002683333,-0.002562023,-0.002445207,-0.002326419,-0.002212485,-0.002097324,-0.001986969,-0.001875842,-0.001769177,-0.001661932,-0.001558505,-0.001454372,-0.001352972,-0.001250304,-0.001148658,-0.001044454,-0.0009386402,-0.0008279359,-0.0007117255,-0.0005868542,-0.0004508535,-0.0003004718,-0.000131158,6.064735e-05,0.0002818376,0.0005363951,0.0008336868,0.001178005,0.001580982,0.002046602,0.002587874,0.003206926,0.003916053,0.004712305,0.00560329,0.006575259,0.007624771,0.008718564,0.009833505,0.01090542,0.01188093,0.01265791,0.01314199,0.01322262,0.01277305,0.01172117,0.009890914,0.007121905,0.004119394,0.0007957196,0.0001876315,6.624521e-05,5.246356e-05,6.302292e-05,NaN,NaN,NaN,NaN,NaN,NaN,NaN,NaN,NaN,NaN,NaN,NaN,NaN,NaN,NaN,NaN,NaN,NaN,NaN,NaN,NaN,-2.934389e-05,-2.241125e-05,-2.026436e-05,-4.896549e-05,-0.0001895434,-0.000956921,-0.001643247,-0.002272658,-0.002746253,-0.00308957,-0.00334311,-0.003517934,-0.003626739,-0.003684852
-0.003355561,-0.003380189,-0.003364475,-0.003324321,-0.003257509,-0.003178045,-0.003081001,-0.002979042,-0.002865617,-0.002752291,-0.002631499,-0.002513888,-0.002391304,-0.002273645,-0.002152498,-0.00203714,-0.001919121,-0.001807165,-0.001692928,-0.001584574,-0.001473948,-0.001368564,-0.001260478,-0.00115646,-0.001048669,-0.0009430109,-0.0008316395,-0.0007193898,-0.0005982478,-0.0004717544,-0.0003315306,-0.000179589,-6.984024e-06,0.0001860681,0.0004092164,0.0006641648,0.0009613218,0.001304179,0.001703591,0.002164191,0.002696242,0.0033039,0.003994564,0.004768673,0.005626585,0.006559436,0.007554051,0.008584027,0.009614432,0.01059107,0.01144878,0.01209554,0.01242612,0.01232107,0.01163932,0.01034513,0.008290003,0.005336971,0.001610375,0.0003118576,8.126596e-05,6.072294e-05,7.223532e-05,NaN,NaN,NaN,NaN,NaN,NaN,NaN,NaN,NaN,NaN,NaN,NaN,NaN,NaN,NaN,NaN,NaN,NaN,NaN,NaN,NaN,NaN,NaN,NaN,NaN,-2.197494e-05,-1.642185e-05,-1.712164e-05,-6.776435e-05,-0.0003450611,-0.001148882,-0.001803029,-0.002301271,-0.002675918,-0.00296407,-0.003160031,-0.003288792
-0.002954177,-0.003032859,-0.003060162,-0.003054516,-0.003015357,-0.002956741,-0.002876557,-0.002786287,-0.002682544,-0.002575107,-0.002459475,-0.002344281,-0.002224125,-0.002106921,-0.001986578,-0.00187061,-0.001752383,-0.001639214,-0.001523993,-0.001413951,-0.001301473,-0.001193769,-0.001082621,-0.0009751585,-0.000862491,-0.0007515246,-0.0006325279,-0.0005120339,-0.0003792727,-0.0002402156,-8.285265e-05,8.762433e-05,0.0002846611,0.0005039682,0.0007605241,0.00105095,0.001391536,0.001779494,0.002231677,0.002744835,0.003334664,0.003995188,0.004737619,0.005549177,0.006431028,0.007357372,0.008311279,0.009246409,0.0101183,0.01085409,0.01137231,0.0115698,0.01132052,0.01047916,0.008926435,0.006545732,0.003682127,0.0006443945,0.0001216363,6.577319e-05,7.404383e-05,NaN,NaN,NaN,NaN,NaN,NaN,NaN,NaN,NaN,NaN,NaN,NaN,NaN,NaN,NaN,NaN,NaN,NaN,NaN,NaN,NaN,NaN,NaN,NaN,NaN,NaN,NaN,NaN,NaN,-1.687189e-05,-1.269773e-05,-2.174163e-05,-0.0001287206,-0.0007499483,-0.001360893,-0.001898138,-0.002311907,-0.002610901,-0.002821792
-0.002499271,-0.002639261,-0.00271901,-0.002754819,-0.002750125,-0.00271858,-0.002660153,-0.002586849,-0.002496366,-0.002399241,-0.002291434,-0.002182316,-0.002066591,-0.001952792,-0.001834747,-0.001720439,-0.001603082,-0.00149029,-0.001374804,-0.001263945,-0.001150048,-0.00104011,-0.0009260538,-0.0008144926,-0.0006967917,-0.0005790946,-0.0004520611,-0.0003211953,-0.0001762625,-2.19483e-05,0.0001530604,0.0003450297,0.0005664618,0.0008146652,0.001103264,0.001430374,0.001810337,0.002241326,0.002737296,0.003294799,0.003925101,0.004619972,0.00538393,0.006198763,0.007056119,0.007920417,0.008762989,0.009522568,0.01014456,0.01053566,0.01061586,0.01025461,0.009335496,0.007687736,0.005074367,0.001899075,0.0003246441,7.173778e-05,7.241797e-05,NaN,NaN,NaN,NaN,NaN,NaN,NaN,NaN,NaN,NaN,NaN,NaN,NaN,NaN,NaN,NaN,NaN,NaN,NaN,NaN,NaN,NaN,NaN,NaN,NaN,NaN,NaN,NaN,NaN,NaN,NaN,NaN,NaN,-1.233518e-05,-1.105296e-05,-5.913462e-05,-0.0003683726,-0.001011737,-0.00158147,-0.001990244,-0.002290576
-0.0019973,-0.00220792,-0.002345776,-0.002430763,-0.002466492,-0.002467768,-0.002436319,-0.002384242,-0.002311479,-0.002227847,-0.002131651,-0.002030951,-0.001922827,-0.00181407,-0.001700928,-0.001589294,-0.001474877,-0.001362901,-0.001248698,-0.00113694,-0.001022624,-0.0009099166,-0.0007934302,-0.0006767538,-0.0005540723,-0.0004282443,-0.0002928853,-0.0001499845,7.571144e-06,0.0001788014,0.000371679,0.0005863114,0.0008315764,0.001108527,0.001426765,0.001787801,0.002201225,0.002667871,0.003195748,0.003782712,0.004432286,0.00513541,0.00588638,0.006663295,0.007444598,0.008188162,0.008849124,0.00935895,0.00964471,0.009612497,0.009163267,0.008185307,0.006549772,0.004024845,0.0009272957,0.0001556447,6.280305e-05,7.065469e-05,NaN,NaN,NaN,NaN,NaN,NaN,NaN,NaN,NaN,NaN,NaN,NaN,NaN,NaN,NaN,NaN,NaN,NaN,NaN,NaN,NaN,NaN,NaN,NaN,NaN,NaN,NaN,NaN,NaN,NaN,NaN,NaN,NaN,NaN,NaN,-1.157993e-05,-8.760447e-06,-2.516103e-05,-0.0001725584,-0.0007829935,-0.001311769,-0.001706126
-0.001453145,-0.001739619,-0.001943523,-0.002083398,-0.002165884,-0.002205313,-0.002205536,-0.00217934,-0.002127854,-0.002061745,-0.001979814,-0.001890981,-0.001792333,-0.001691532,-0.001584464,-0.00147793,-0.001366973,-0.001257789,-0.001144784,-0.001033673,-0.0009183289,-0.0008039771,-0.0006839872,-0.0005630422,-0.000433894,-0.0003006078,-0.0001552107,-1.006227e-06,0.0001708097,0.0003578093,0.0005696659,0.0008048228,0.001073668,0.001375333,0.001720404,0.002107997,0.002547783,0.00303737,0.003583359,0.00417915,0.004824619,0.005504637,0.006206889,0.006901704,0.007557634,0.008123542,0.008542369,0.008736418,0.008622171,0.008097442,0.007068338,0.00541737,0.003094528,0.0005371203,8.296942e-05,6.450256e-05,6.37788e-05,NaN,NaN,NaN,NaN,NaN,NaN,NaN,NaN,NaN,NaN,NaN,NaN,NaN,NaN,NaN,NaN,NaN,NaN,NaN,NaN,NaN,NaN,NaN,NaN,NaN,NaN,NaN,NaN,NaN,NaN,NaN,NaN,NaN,NaN,NaN,NaN,NaN,-9.144872e-06,-9.114344e-06,-1.122795e-05,-9.729826e-05,-0.0005880425,-0.00106972
-0.000874289,-0.001242346,-0.00151337,-0.001715624,-0.001849203,-0.001931848,-0.001967924,-0.001971465,-0.00194506,-0.001899464,-0.001835132,-0.001760418,-0.00167409,-0.001582838,-0.001484214,-0.001383772,-0.001278202,-0.001172252,-0.001061964,-0.0009514684,-0.0008362254,-0.0007198451,-0.0005971748,-0.0004712802,-0.0003363695,-0.0001948556,-4.020918e-05,0.0001258783,0.000310746,0.0005134377,0.0007420744,0.0009962998,0.001284779,0.001607248,0.001972259,0.002378605,0.002833294,0.003332237,0.003878386,0.004461505,0.005076531,0.00570225,0.006320069,0.006891628,0.007378267,0.007718331,0.007847004,0.007676999,0.007114386,0.006059704,0.00438562,0.002180128,0.0003462318,5.709999e-05,6.245895e-05,NaN,NaN,NaN,NaN,NaN,NaN,NaN,NaN,NaN,NaN,NaN,NaN,NaN,NaN,NaN,NaN,NaN,NaN,NaN,NaN,NaN,NaN,NaN,NaN,NaN,NaN,NaN,NaN,NaN,NaN,NaN,NaN,NaN,NaN,NaN,NaN,NaN,NaN,NaN,NaN,NaN,-8.491782e-06,-7.39894e-06,-6.065548e-05,-0.0004137796
-0.000307034,-0.0007053436,-0.001059534,-0.001326282,-0.001516804,-0.001645943,-0.001721856,-0.001758682,-0.001760435,-0.0017387,-0.001694332,-0.00163671,-0.001564446,-0.001485293,-0.001396307,-0.001304091,-0.001204613,-0.001103648,-0.0009963684,-0.0008878885,-0.0007727501,-0.0006554356,-0.0005299295,-0.000400071,-0.0002592168,-0.0001105445,5.326614e-05,0.0002297435,0.0004268859,0.0006428695,0.0008862362,0.00115553,0.001459396,0.001796115,0.002173482,0.002588179,0.003045455,0.003538059,0.004065861,0.004614063,0.005172983,0.005715239,0.006216296,0.006630055,0.006911728,0.006989854,0.006796599,0.006227605,0.005201583,0.00355401,0.001453569,0.0002244259,4.748971e-05,5.610941e-05,NaN,NaN,NaN,NaN,NaN,NaN,NaN,NaN,NaN,NaN,NaN,NaN,NaN,NaN,NaN,NaN,NaN,NaN,NaN,NaN,NaN,NaN,NaN,NaN,NaN,NaN,NaN,NaN,NaN,NaN,NaN,NaN,NaN,NaN,NaN,NaN,NaN,NaN,NaN,NaN,NaN,NaN,NaN,-7.849315e-06,-5.364017e-06,-4.074421e-05
-2.725957e-05,-0.0001866373,-0.0005778935,-0.000920921,-0.00116797,-0.001347958,-0.001466122,-0.001539229,-0.001572107,-0.001576507,-0.00155501,-0.001516174,-0.001460619,-0.001394759,-0.001317742,-0.001234514,-0.001143151,-0.001047572,-0.0009450491,-0.0008387312,-0.0007252111,-0.0006070146,-0.0004800733,-0.0003463178,-0.0002010542,-4.556621e-05,0.0001254632,0.0003113734,0.0005180165,0.0007452165,0.0009990847,0.001279553,0.001592377,0.00193673,0.00231682,0.002729555,0.003175499,0.003646846,0.004137277,0.004630673,0.005109336,0.005544267,0.005900796,0.006132348,0.006180901,0.005979507,0.005437372,0.004473841,0.002927959,0.0009825043,0.0001466289,4.343282e-05,4.932137e-05,NaN,NaN,NaN,NaN,NaN,NaN,NaN,NaN,NaN,NaN,NaN,NaN,NaN,NaN,NaN,NaN,NaN,NaN,NaN,NaN,NaN,NaN,NaN,NaN,NaN,NaN,NaN,NaN,NaN,NaN,NaN,NaN,NaN,NaN,NaN,NaN,NaN,NaN,NaN,NaN,NaN,NaN,NaN,NaN,NaN,-6.450771e-06,-5.989745e-06
-4.892156e-06,-1.65402e-05,-0.0001337575,-0.0004921342,-0.0008060606,-0.001035602,-0.001199608,-0.00131093,-0.001377228,-0.001410374,-0.001413376,-0.001395969,-0.001358254,-0.001308169,-0.001243846,-0.001171879,-0.001089032,-0.00100092,-0.0009033218,-0.0008010982,-0.0006892752,-0.0005720459,-0.0004438133,-0.0003081566,-0.0001588475,1.074701e-06,0.0001784333,0.0003706334,0.000584953,0.0008189745,0.001080084,0.001365459,0.001681846,0.002024963,0.002399573,0.00279809,0.003221186,0.003655114,0.004093365,0.00451207,0.004893602,0.005198964,0.00539527,0.00542249,0.005229986,0.00472764,0.003851874,0.00244536,0.0007030877,9.993447e-05,4.091528e-05,4.177019e-05,NaN,NaN,NaN,NaN,NaN,NaN,NaN,NaN,NaN,NaN,NaN,NaN,NaN,NaN,NaN,NaN,NaN,NaN,NaN,NaN,NaN,NaN,NaN,NaN,NaN,NaN,NaN,NaN,NaN,NaN,NaN,NaN,NaN,NaN,NaN,NaN,NaN,NaN,NaN,NaN,NaN,NaN,NaN,NaN,NaN,NaN,NaN,-5.585422e-06
-4.831653e-06,-5.395943e-06,-1.216577e-05,-0.0001044976,-0.0004247725,-0.0007124154,-0.000920687,-0.00107304,-0.001174274,-0.001237795,-0.001267517,-0.0012726,-0.001255065,-0.001221425,-0.001172083,-0.001111755,-0.001039624,-0.0009591526,-0.0008686194,-0.0007705745,-0.0006625736,-0.0005464755,-0.0004191925,-0.0002819912,-0.000131255,3.230582e-05,0.0002127173,0.0004096725,0.000627351,0.0008655216,0.001128001,0.001413993,0.001726016,0.002061514,0.002420127,0.002795705,0.003182539,0.003568227,0.003938275,0.004270612,0.004537571,0.004703735,0.004722883,0.004543594,0.004093402,0.003309261,0.002060855,0.0005327064,7.309737e-05,3.745513e-05,3.557164e-05,NaN,NaN,NaN,NaN,NaN,NaN,NaN,NaN,NaN,NaN,NaN,NaN,NaN,NaN,NaN,NaN,NaN,NaN,NaN,NaN,NaN,NaN,NaN,NaN,NaN,NaN,NaN,NaN,NaN,NaN,NaN,NaN,NaN,NaN,NaN,NaN,NaN,NaN,NaN,NaN,NaN,NaN,NaN,NaN,NaN,NaN,NaN,NaN,NaN
NaN,-4.254744e-06,-4.926755e-06,-9.919721e-06,-8.552663e-05,-0.0003722254,-0.0006314213,-0.0008235102,-0.0009618146,-0.001057055,-0.001114602,-0.001144165,-0.001147451,-0.001132411,-0.001098403,-0.0010519,-0.0009906495,-0.0009200234,-0.0008366295,-0.0007450178,-0.00064097,-0.0005283662,-0.0004023683,-0.0002663123,-0.0001148193,4.914464e-05,0.0002313508,0.0004289672,0.000647857,0.000884861,0.00114537,0.001425065,0.001727848,0.002046894,0.00238301,0.002724746,0.003067542,0.003392345,0.003686286,0.003918887,0.004065731,0.004080105,0.003923468,0.003525279,0.002836014,0.001740785,0.0004236795,5.650123e-05,3.377282e-05,3.016518e-05,NaN,NaN,NaN,NaN,NaN,NaN,NaN,NaN,NaN,NaN,NaN,NaN,NaN,NaN,NaN,NaN,NaN,NaN,NaN,NaN,NaN,NaN,NaN,NaN,NaN,NaN,NaN,NaN,NaN,NaN,NaN,NaN,NaN,NaN,NaN,NaN,NaN,NaN,NaN,NaN,NaN,NaN,NaN,NaN,NaN,NaN,NaN,NaN,NaN,NaN
NaN,NaN,-3.811726e-06,-4.874767e-06,-8.455967e-06,-7.407591e-05,-0.0003278416,-0.0005644558,-0.0007386656,-0.0008671821,-0.000953639,-0.001008379,-0.001034186,-0.001038101,-0.001021346,-0.0009888443,-0.000940508,-0.0008798227,-0.0008057152,-0.0007206672,-0.0006228572,-0.0005140714,-0.0003918871,-0.0002575816,-0.0001083286,5.49646e-05,0.0002352918,0.0004318259,0.0006473204,0.0008805208,0.001133228,0.0014029,0.001689233,0.001986984,0.002291976,0.002594293,0.002883333,0.003141947,0.003349818,0.003479668,0.003497337,0.003362788,0.003021927,0.002421808,0.001471251,0.0003474289,4.618255e-05,2.971489e-05,2.614803e-05,NaN,NaN,NaN,NaN,NaN,NaN,NaN,NaN,NaN,NaN,NaN,NaN,NaN,NaN,NaN,NaN,NaN,NaN,NaN,NaN,NaN,NaN,NaN,NaN,NaN,NaN,NaN,NaN,NaN,NaN,NaN,NaN,NaN,NaN,NaN,NaN,NaN,NaN,NaN,NaN,NaN,NaN,NaN,NaN,NaN,NaN,NaN,NaN,NaN,NaN,NaN
NaN,NaN,NaN,-3.659034e-06,-4.425964e-06,-7.817099e-06,-6.513775e-05,-0.0002925116,-0.0005060716,-0.0006669732,-0.0007834283,-0.0008643242,-0.0009130579,-0.0009374721,-0.0009381322,-0.0009214253,-0.0008860754,-0.0008373009,-0.0007725643,-0.0006962242,-0.0006048846,-0.0005022613,-0.0003843943,-0.0002545568,-0.0001083954,5.098482e-05,0.0002280712,0.0004195624,0.0006296365,0.0008541758,0.001096315,0.001350115,0.001616484,0.001886163,0.002156134,0.002411627,0.002643509,0.002828588,0.002949099,0.002969765,0.00286205,0.002572526,0.002062956,0.001249928,0.0002873788,3.851558e-05,2.620733e-05,2.241497e-05,NaN,NaN,NaN,NaN,NaN,NaN,NaN,NaN,NaN,NaN,NaN,NaN,NaN,NaN,NaN,NaN,NaN,NaN,NaN,NaN,NaN,NaN,NaN,NaN,NaN,NaN,NaN,NaN,NaN,NaN,NaN,NaN,NaN,NaN,NaN,NaN,NaN,NaN,NaN,NaN,NaN,NaN,NaN,NaN,NaN,NaN,NaN,NaN,NaN,NaN,NaN,NaN
NaN,NaN,NaN,NaN,-3.350214e-06,-4.359056e-06,-7.247114e-06,-5.948459e-05,-0.000262394,-0.0004577826,-0.0006034796,-0.0007112583,-0.0007837468,-0.0008288551,-0.0008482992,-0.000847435,-0.0008267205,-0.0007898968,-0.0007364032,-0.0006689146,-0.0005861238,-0.0004900478,-0.0003788415,-0.0002541425,-0.0001138434,4.056094e-05,0.0002111005,0.000396011,0.0005967179,0.0008105392,0.001037454,0.001272856,0.001514027,0.001752934,0.001982356,0.002188891,0.002358346,0.002469612,0.002498403,0.00241362,0.002176705,0.001745034,0.001057612,0.0002599508,3.364861e-05,2.247019e-05,1.965224e-05,NaN,NaN,NaN,NaN,NaN,NaN,NaN,NaN,NaN,NaN,NaN,NaN,NaN,NaN,NaN,NaN,NaN,NaN,NaN,NaN,NaN,NaN,NaN,NaN,NaN,NaN,NaN,NaN,NaN,NaN,NaN,NaN,NaN,NaN,NaN,NaN,NaN,NaN,NaN,NaN,NaN,NaN,NaN,NaN,NaN,NaN,NaN,NaN,NaN,NaN,NaN,NaN,NaN
NaN,NaN,NaN,NaN,NaN,-3.305994e-06,-3.993716e-06,-7.179825e-06,-5.519249e-05,-0.0002383989,-0.000414686,-0.0005487936,-0.0006454932,-0.0007120793,-0.0007503649,-0.0007666153,-0.0007605229,-0.0007372128,-0.0006950071,-0.0006381643,-0.0005641493,-0.0004766218,-0.0003725761,-0.0002553379,-0.0001216857,2.502665e-05,0.0001878814,0.0003630311,0.0005528639,0.0007523112,0.0009622243,0.001175222,0.001389362,0.001593426,0.001781006,0.001934894,0.00204221,0.00207688,0.002017523,0.001824937,0.001469589,0.0008938127,0.0002182922,3.112395e-05,1.986841e-05,1.684824e-05,NaN,NaN,NaN,NaN,NaN,NaN,NaN,NaN,NaN,NaN,NaN,NaN,NaN,NaN,NaN,NaN,NaN,NaN,NaN,NaN,NaN,NaN,NaN,NaN,NaN,NaN,NaN,NaN,NaN,NaN,NaN,NaN,NaN,NaN,NaN,NaN,NaN,NaN,NaN,NaN,NaN,NaN,NaN,NaN,NaN,NaN,NaN,NaN,NaN,NaN,NaN,NaN,NaN,NaN
NaN,NaN,NaN,NaN,NaN,NaN,-3.083607e-06,-3.989537e-06,-7.09188e-06,-5.26539e-05,-0.0002170372,-0.0003779427,-0.0004984397,-0.0005867569,-0.0006445915,-0.0006779158,-0.0006876101,-0.0006777654,-0.0006483017,-0.0006021755,-0.0005386017,-0.0004599314,-0.0003649261,-0.0002556933,-0.0001308825,7.328038e-06,0.0001599752,0.000324306,0.000500432,0.0006842879,0.0008741463,0.001063558,0.001247686,0.0014162,0.0015594,0.001661241,0.001704734,0.001666029,0.001517485,0.001225609,0.0007498836,0.0001978587,2.757806e-05,1.671918e-05,1.475754e-05,NaN,NaN,NaN,NaN,NaN,NaN,NaN,NaN,NaN,NaN,NaN,NaN,NaN,NaN,NaN,NaN,NaN,NaN,NaN,NaN,NaN,NaN,NaN,NaN,NaN,NaN,NaN,NaN,NaN,NaN,NaN,NaN,NaN,NaN,NaN,NaN,NaN,NaN,NaN,NaN,NaN,NaN,NaN,NaN,NaN,NaN,NaN,NaN,NaN,NaN,NaN,NaN,NaN,NaN,NaN
NaN,NaN,NaN,NaN,NaN,NaN,NaN,-3.106929e-06,-3.729614e-06,-7.37354e-06,-5.047114e-05,-0.0001990359,-0.0003433552,-0.000453173,-0.000530634,-0.0005817309,-0.0006070936,-0.0006118213,-0.0005950236,-0.0005609721,-0.0005079348,-0.0004396446,-0.0003540091,-0.0002545319,-0.0001390765,-1.135253e-05,0.000130394,0.0002817104,0.0004433382,0.0006092929,0.0007784056,0.0009420458,0.001095868,0.001227112,0.001326668,0.001375533,0.001358021,0.001245674,0.001014962,0.0006255546,0.0001663158,2.584672e-05,1.478352e-05,1.270406e-05,NaN,NaN,NaN,NaN,NaN,NaN,NaN,NaN,NaN,NaN,NaN,NaN,NaN,NaN,NaN,NaN,NaN,NaN,NaN,NaN,NaN,NaN,NaN,NaN,NaN,NaN,NaN,NaN,NaN,NaN,NaN,NaN,NaN,NaN,NaN,NaN,NaN,NaN,NaN,NaN,NaN,NaN,NaN,NaN,NaN,NaN,NaN,NaN,NaN,NaN,NaN,NaN,NaN,NaN,NaN,NaN
NaN,NaN,NaN,NaN,NaN,NaN,NaN,NaN,-2.947852e-06,-3.790355e-06,-7.54116e-06,-4.886009e-05,-0.0001814938,-0.0003121586,-0.0004091668,-0.0004779659,-0.0005196586,-0.0005387778,-0.0005356622,-0.0005135941,-0.0004722955,-0.0004145009,-0.0003395734,-0.00025013,-0.0001455618,-2.873416e-05,0.0001004411,0.0002382832,0.0003836961,0.000531401,0.0006781713,0.0008160432,0.0009384142,0.001033186,0.001088673,0.001086968,0.00100871,0.0008282732,0.0005180303,0.0001477312,2.296204e-05,1.243109e-05,1.106427e-05,NaN,NaN,NaN,NaN,NaN,NaN,NaN,NaN,NaN,NaN,NaN,NaN,NaN,NaN,NaN,NaN,NaN,NaN,NaN,NaN,NaN,NaN,NaN,NaN,NaN,NaN,NaN,NaN,NaN,NaN,NaN,NaN,NaN,NaN,NaN,NaN,NaN,NaN,NaN,NaN,NaN,NaN,NaN,NaN,NaN,NaN,NaN,NaN,NaN,NaN,NaN,NaN,NaN,NaN,NaN,NaN,NaN
NaN,NaN,NaN,NaN,NaN,NaN,NaN,NaN,NaN,-3.016654e-06,-3.624581e-06,-7.948164e-06,-4.676371e-05,-0.0001654089,-0.0002808547,-0.0003674261,-0.0004252383,-0.0004594122,-0.0004697313,-0.0004605696,-0.0004309035,-0.0003846284,-0.0003204898,-0.0002422359,-0.0001487202,-4.404207e-05,7.236141e-05,0.0001954577,0.0003245503,0.0004528573,0.0005775026,0.000688851,0.0007805825,0.0008388021,0.000852209,0.000800534,0.0006658303,0.0004212886,0.000127508,2.155344e-05,1.091658e-05,9.46268e-06,NaN,NaN,NaN,NaN,NaN,NaN,NaN,NaN,NaN,NaN,NaN,NaN,NaN,NaN,NaN,NaN,NaN,NaN,NaN,NaN,NaN,NaN,NaN,NaN,NaN,NaN,NaN,NaN,NaN,NaN,NaN,NaN,NaN,NaN,NaN,NaN,NaN,NaN,NaN,NaN,NaN,NaN,NaN,NaN,NaN,NaN,NaN,NaN,NaN,NaN,NaN,NaN,NaN,NaN,NaN,NaN,NaN,NaN
NaN,NaN,NaN,NaN,NaN,NaN,NaN,NaN,NaN,-3.026512e-06,-2.901048e-06,-3.740005e-06,-8.150484e-06,-4.471903e-05,-0.0001482747,-0.0002507555,-0.000324917,-0.0003738024,-0.0003981699,-0.0004016243,-0.0003843442,-0.0003494812,-0.0002969356,-0.0002298614,-0.000148297,-5.578608e-05,4.69489e-05,0.0001553636,0.0002673638,0.0003766017,0.0004786574,0.0005642817,0.000625531,0.0006488252,0.000621027,0.0005225468,0.0003364437,0.0001077656,1.980367e-05,9.260529e-06,8.171006e-06,9.690113e-06,NaN,NaN,NaN,NaN,NaN,NaN,NaN,NaN,NaN,NaN,NaN,NaN,NaN,NaN,NaN,NaN,NaN,NaN,NaN,NaN,NaN,NaN,NaN,NaN,NaN,NaN,NaN,NaN,NaN,NaN,NaN,NaN,NaN,NaN,NaN,NaN,NaN,NaN,NaN,NaN,NaN,NaN,NaN,NaN,NaN,NaN,NaN,NaN,NaN,NaN,NaN,NaN,NaN,NaN,NaN,NaN,NaN,NaN
NaN,NaN,NaN,NaN,NaN,NaN,NaN,NaN,NaN,NaN,-2.868055e-06,-2.999481e-06,-3.650872e-06,-8.508317e-06,-4.158711e-05,-0.0001311726,-0.0002191918,-0.0002831391,-0.0003210831,-0.0003377017,-0.0003324832,-0.0003095903,-0.0002684782,-0.0002131961,-0.000143429,-6.369799e-05,2.557863e-05,0.0001188014,0.0002141185,0.0003040233,0.000384306,0.0004444583,0.0004766061,0.0004659908,0.0003992959,0.0002597935,8.926173e-05,1.77814e-05,8.051242e-06,6.888613e-06,8.421188e-06,NaN,NaN,NaN,NaN,NaN,NaN,NaN,NaN,NaN,NaN,NaN,NaN,NaN,NaN,NaN,NaN,NaN,NaN,NaN,NaN,NaN,NaN,NaN,NaN,NaN,NaN,NaN,NaN,NaN,NaN,NaN,NaN,NaN,NaN,NaN,NaN,NaN,NaN,NaN,NaN,NaN,NaN,NaN,NaN,NaN,NaN,NaN,NaN,NaN,NaN,NaN,NaN,NaN,NaN,NaN,NaN,NaN,NaN,NaN
NaN,NaN,NaN,NaN,NaN,NaN,NaN,NaN,NaN,NaN,NaN,-2.961283e-06,-2.910672e-06,-3.806681e-06,-8.523094e-06,-3.79598e-05,-0.0001123767,-0.0001878635,-0.000239823,-0.0002690398,-0.0002762671,-0.0002650205,-0.0002356791,-0.0001919174,-0.0001343209,-6.705889e-05,8.473171e-06,8.696652e-05,0.0001655227,0.0002368831,0.0002956906,0.0003316027,0.0003356749,0.0002929025,0.0001940158,6.976136e-05,1.577843e-05,6.803286e-06,5.91019e-06,7.039313e-06,NaN,NaN,NaN,NaN,NaN,NaN,NaN,NaN,NaN,NaN,NaN,NaN,NaN,NaN,NaN,NaN,NaN,NaN,NaN,NaN,NaN,NaN,NaN,NaN,NaN,NaN,NaN,NaN,NaN,NaN,NaN,NaN,NaN,NaN,NaN,NaN,NaN,NaN,NaN,NaN,NaN,NaN,NaN,NaN,NaN,NaN,NaN,NaN,NaN,NaN,NaN,NaN,NaN,NaN,NaN,NaN,NaN,NaN,NaN,NaN
NaN,NaN,NaN,NaN,NaN,NaN,NaN,NaN,NaN,NaN,NaN,NaN,-2.836826e-06,-3.026829e-06,-3.749833e-06,-8.55471e-06,-3.321752e-05,-9.343136e-05,-0.0001548551,-0.0001969553,-0.0002160655,-0.0002166186,-0.0001986887,-0.0001666135,-0.0001207695,-6.608853e-05,-3.782015e-06,6.003021e-05,0.0001225808,0.0001757243,0.0002142211,0.0002268139,0.0002043188,0.0001368839,5.328441e-05,1.313022e-05,5.834163e-06,4.850037e-06,6.004006e-06,NaN,NaN,NaN,NaN,NaN,NaN,NaN,NaN,NaN,NaN,NaN,NaN,NaN,NaN,NaN,NaN,NaN,NaN,NaN,NaN,NaN,NaN,NaN,NaN,NaN,NaN,NaN,NaN,NaN,NaN,NaN,NaN,NaN,NaN,NaN,NaN,NaN,NaN,NaN,NaN,NaN,NaN,NaN,NaN,NaN,NaN,NaN,NaN,NaN,NaN,NaN,NaN,NaN,NaN,NaN,NaN,NaN,NaN,NaN,NaN,NaN
NaN,NaN,NaN,NaN,NaN,NaN,NaN,NaN,NaN,NaN,NaN,NaN,NaN,-2.938711e-06,-2.95022e-06,-3.896313e-06,-8.16891e-06,-2.823179e-05,-7.336732e-05,-0.0001222834,-0.0001531019,-0.0001649431,-0.0001583681,-0.0001374865,-0.0001033653,-6.070533e-05,-1.146494e-05,3.840132e-05,8.533912e-05,0.0001213446,0.0001402783,0.0001313165,9.032716e-05,3.769739e-05,1.084658e-05,4.759763e-06,4.08067e-06,4.874181e-06,NaN,NaN,NaN,NaN,NaN,NaN,NaN,NaN,NaN,NaN,NaN,NaN,NaN,NaN,NaN,NaN,NaN,NaN,NaN,NaN,NaN,NaN,NaN,NaN,NaN,NaN,NaN,NaN,NaN,NaN,NaN,NaN,NaN,NaN,NaN,NaN,NaN,NaN,NaN,NaN,NaN,NaN,NaN,NaN,NaN,NaN,NaN,NaN,NaN,NaN,NaN,NaN,NaN,NaN,NaN,NaN,NaN,NaN,NaN,NaN,NaN,NaN
NaN,NaN,NaN,NaN,NaN,NaN,NaN,NaN,NaN,NaN,NaN,NaN,NaN,-2.852442e-06,-2.830336e-06,-3.066591e-06,-3.809564e-06,-7.768171e-06,-2.249519e-05,-5.445393e-05,-8.923061e-05,-0.0001110876,-0.0001153161,-0.0001054349,-8.242108e-05,-5.15093e-05,-1.461064e-05,2.176293e-05,5.403582e-05,7.367793e-05,7.526878e-05,5.354195e-05,2.482919e-05,8.177906e-06,3.929635e-06,3.186498e-06,4.045387e-06,4.582997e-06,NaN,NaN,NaN,NaN,NaN,NaN,NaN,NaN,NaN,NaN,NaN,NaN,NaN,NaN,NaN,NaN,NaN,NaN,NaN,NaN,NaN,NaN,NaN,NaN,NaN,NaN,NaN,NaN,NaN,NaN,NaN,NaN,NaN,NaN,NaN,NaN,NaN,NaN,NaN,NaN,NaN,NaN,NaN,NaN,NaN,NaN,NaN,NaN,NaN,NaN,NaN,NaN,NaN,NaN,NaN,NaN,NaN,NaN,NaN,NaN,NaN,NaN
NaN,NaN,NaN,NaN,NaN,NaN,NaN,NaN,NaN,NaN,NaN,NaN,NaN,NaN,-2.761878e-06,-2.932477e-06,-2.980981e-06,-3.879143e-06,-6.924711e-06,-1.718351e-05,-3.68351e-05,-5.893399e-05,-7.123457e-05,-7.113556e-05,-5.882557e-05,-3.888122e-05,-1.386228e-05,9.984761e-06,2.852232e-05,3.469954e-05,2.775601e-05,1.445372e-05,5.840127e-06,2.917411e-06,2.570913e-06,3.109514e-06,3.832591e-06,NaN,NaN,NaN,NaN,NaN,NaN,NaN,NaN,NaN,NaN,NaN,NaN,NaN,NaN,NaN,NaN,NaN,NaN,NaN,NaN,NaN,NaN,NaN,NaN,NaN,NaN,NaN,NaN,NaN,NaN,NaN,NaN,NaN,NaN,NaN,NaN,NaN,NaN,NaN,NaN,NaN,NaN,NaN,NaN,NaN,NaN,NaN,NaN,NaN,NaN,NaN,NaN,NaN,NaN,NaN,NaN,NaN,NaN,NaN,NaN,NaN,NaN,NaN
NaN,NaN,NaN,NaN,NaN,NaN,NaN,NaN,NaN,NaN,NaN,NaN,NaN,NaN,NaN,-2.864331e-06,-2.820043e-06,-3.078476e-06,-3.673468e-06,-6.148201e-06,-1.214344e-05,-2.286924e-05,-3.322806e-05,-3.830328e-05,-3.444307e-05,-2.431399e-05,-9.989814e-06,2.715301e-06,1.078743e-05,1.108207e-05,7.341019e-06,3.545879e-06,2.131335e-06,1.807997e-06,2.447814e-06,2.944453e-06,NaN,NaN,NaN,NaN,NaN,NaN,NaN,NaN,NaN,NaN,NaN,NaN,NaN,NaN,NaN,NaN,NaN,NaN,NaN,NaN,NaN,NaN,NaN,NaN,NaN,NaN,NaN,NaN,NaN,NaN,NaN,NaN,NaN,NaN,NaN,NaN,NaN,NaN,NaN,NaN,NaN,NaN,NaN,NaN,NaN,NaN,NaN,NaN,NaN,NaN,NaN,NaN,NaN,NaN,NaN,NaN,NaN,NaN,NaN,NaN,NaN,NaN,NaN,NaN
NaN,NaN,NaN,NaN,NaN,NaN,NaN,NaN,NaN,NaN,NaN,NaN,NaN,NaN,NaN,-2.835653e-06,-2.757981e-06,-2.897594e-06,-2.952588e-06,-3.598746e-06,-5.083268e-06,-8.361023e-06,-1.26236e-05,-1.606861e-05,-1.572635e-05,-1.189306e-05,-5.586235e-06,-3.047807e-07,2.618427e-06,2.602705e-06,1.846562e-06,1.189948e-06,1.291874e-06,1.657196e-06,2.322949e-06,2.999661e-06,NaN,NaN,NaN,NaN,NaN,NaN,NaN,NaN,NaN,NaN,NaN,NaN,NaN,NaN,NaN,NaN,NaN,NaN,NaN,NaN,NaN,NaN,NaN,NaN,NaN,NaN,NaN,NaN,NaN,NaN,NaN,NaN,NaN,NaN,NaN,NaN,NaN,NaN,NaN,NaN,NaN,NaN,NaN,NaN,NaN,NaN,NaN,NaN,NaN,NaN,NaN,NaN,NaN,NaN,NaN,NaN,NaN,NaN,NaN,NaN,NaN,NaN,NaN,NaN
NaN,NaN,NaN,NaN,NaN,NaN,NaN,NaN,NaN,NaN,NaN,NaN,NaN,NaN,NaN,NaN,-2.71577e-06,-2.827192e-06,-2.744376e-06,-2.981586e-06,-3.246852e-06,-4.249491e-06,-5.429564e-06,-6.733595e-06,-6.672527e-06,-5.431229e-06,-2.977371e-06,-1.074478e-06,1.773048e-07,3.574751e-07,5.311049e-07,6.148898e-07,1.131847e-06,1.557197e-06,2.346613e-06,NaN,NaN,NaN,NaN,NaN,NaN,NaN,NaN,NaN,NaN,NaN,NaN,NaN,NaN,NaN,NaN,NaN,NaN,NaN,NaN,NaN,NaN,NaN,NaN,NaN,NaN,NaN,NaN,NaN,NaN,NaN,NaN,NaN,NaN,NaN,NaN,NaN,NaN,NaN,NaN,NaN,NaN,NaN,NaN,NaN,NaN,NaN,NaN,NaN,NaN,NaN,NaN,NaN,NaN,NaN,NaN,NaN,NaN,NaN,NaN,NaN,NaN,NaN,NaN,NaN
NaN,NaN,NaN,NaN,NaN,NaN,NaN,NaN,NaN,NaN,NaN,NaN,NaN,NaN,NaN,NaN,NaN,-2.754133e-06,-2.651759e-06,-2.744109e-06,-2.739711e-06,-3.031917e-06,-3.291889e-06,-3.691148e-06,-3.527287e-06,-3.023781e-06,-1.969429e-06,-1.174056e-06,-4.844833e-07,-2.212276e-07,1.801453e-07,4.702521e-07,1.047227e-06,1.546478e-06,NaN,NaN,NaN,NaN,NaN,NaN,NaN,NaN,NaN,NaN,NaN,NaN,NaN,NaN,NaN,NaN,NaN,NaN,NaN,NaN,NaN,NaN,NaN,NaN,NaN,NaN,NaN,NaN,NaN,NaN,NaN,NaN,NaN,NaN,NaN,NaN,NaN,NaN,NaN,NaN,NaN,NaN,NaN,NaN,NaN,NaN,NaN,NaN,NaN,NaN,NaN,NaN,NaN,NaN,NaN,NaN,NaN,NaN,NaN,NaN,NaN,NaN,NaN,NaN,NaN,NaN
NaN,NaN,NaN,NaN,NaN,NaN,NaN,NaN,NaN,NaN,NaN,NaN,NaN,NaN,NaN,NaN,NaN,-2.630372e-06,-2.509465e-06,-2.587539e-06,-2.460175e-06,-2.589465e-06,-2.534588e-06,-2.659236e-06,-2.416053e-06,-2.171708e-06,-1.554776e-06,-1.157232e-06,-6.315794e-07,-3.839382e-07,7.979549e-08,4.035133e-07,1.002362e-06,1.456001e-06,NaN,NaN,NaN,NaN,NaN,NaN,NaN,NaN,NaN,NaN,NaN,NaN,NaN,NaN,NaN,NaN,NaN,NaN,NaN,NaN,NaN,NaN,NaN,NaN,NaN,NaN,NaN,NaN,NaN,NaN,NaN,NaN,NaN,NaN,NaN,NaN,NaN,NaN,NaN,NaN,NaN,NaN,NaN,NaN,NaN,NaN,NaN,NaN,NaN,NaN,NaN,NaN,NaN,NaN,NaN,NaN,NaN,NaN,NaN,NaN,NaN,NaN,NaN,NaN,NaN,NaN
NaN,NaN,NaN,NaN,NaN,NaN,NaN,NaN,NaN,NaN,NaN,NaN,NaN,NaN,NaN,NaN,NaN,NaN,-2.275369e-06,-2.322231e-06,-2.199452e-06,-2.237728e-06,-2.11391e-06,-2.133866e-06,-1.903365e-06,-1.73559e-06,-1.31512e-06,-1.050216e-06,-6.344557e-07,-3.952792e-07,4.260923e-08,3.553289e-07,8.995687e-07,NaN,NaN,NaN,NaN,NaN,NaN,NaN,NaN,NaN,NaN,NaN,NaN,NaN,NaN,NaN,NaN,NaN,NaN,NaN,NaN,NaN,NaN,NaN,NaN,NaN,NaN,NaN,NaN,NaN,NaN,NaN,NaN,NaN,NaN,NaN,NaN,NaN,NaN,NaN,NaN,NaN,NaN,NaN,NaN,NaN,NaN,NaN,NaN,NaN,NaN,NaN,NaN,NaN,NaN,NaN,NaN,NaN,NaN,NaN,NaN,NaN,NaN,NaN,NaN,NaN,NaN,NaN
NaN,NaN,NaN,NaN,NaN,NaN,NaN,NaN,NaN,NaN,NaN,NaN,NaN,NaN,NaN,NaN,NaN,NaN,-1.871771e-06,-1.918017e-06,-1.79204e-06,-1.820646e-06,-1.681774e-06,-1.67799e-06,-1.471091e-06,-1.362772e-06,-1.048023e-06,-8.725407e-07,-5.356569e-07,-3.456705e-07,2.667396e-08,2.87971e-07,7.459114e-07,NaN,NaN,NaN,NaN,NaN,NaN,NaN,NaN,NaN,NaN,NaN,NaN,NaN,NaN,NaN,NaN,NaN,NaN,NaN,NaN,NaN,NaN,NaN,NaN,NaN,NaN,NaN,NaN,NaN,NaN,NaN,NaN,NaN,NaN,NaN,NaN,NaN,NaN,NaN,NaN,NaN,NaN,NaN,NaN,NaN,NaN,NaN,NaN,NaN,NaN,NaN,NaN,NaN,NaN,NaN,NaN,NaN,NaN,NaN,NaN,NaN,NaN,NaN,NaN,NaN,NaN,NaN
NaN,NaN,NaN,NaN,NaN,NaN,NaN,NaN,NaN,NaN,NaN,NaN,NaN,NaN,NaN,NaN,NaN,NaN,NaN,-1.343823e-06,-1.257654e-06,-1.268137e-06,-1.161343e-06,-1.153614e-06,-1.005868e-06,-9.367818e-07,-7.263559e-07,-6.141798e-07,-3.816353e-07,-2.489735e-07,1.945106e-08,1.97453e-07,NaN,NaN,NaN,NaN,NaN,NaN,NaN,NaN,NaN,NaN,NaN,NaN,NaN,NaN,NaN,NaN,NaN,NaN,NaN,NaN,NaN,NaN,NaN,NaN,NaN,NaN,NaN,NaN,NaN,NaN,NaN,NaN,NaN,NaN,NaN,NaN,NaN,NaN,NaN,NaN,NaN,NaN,NaN,NaN,NaN,NaN,NaN,NaN,NaN,NaN,NaN,NaN,NaN,NaN,NaN,NaN,NaN,NaN,NaN,NaN,NaN,NaN,NaN,NaN,NaN,NaN,NaN,NaN
NaN,NaN,NaN,NaN,NaN,NaN,NaN,NaN,NaN,NaN,NaN,NaN,NaN,NaN,NaN,NaN,NaN,NaN,NaN,-7.106836e-07,-6.613769e-07,-6.682487e-07,-6.098574e-07,-6.031104e-07,-5.241209e-07,-4.893771e-07,-3.811706e-07,-3.245243e-07,-2.024461e-07,-1.32435e-07,8.051898e-09,1.053927e-07,NaN,NaN,NaN,NaN,NaN,NaN,NaN,NaN,NaN,NaN,NaN,NaN,NaN,NaN,NaN,NaN,NaN,NaN,NaN,NaN,NaN,NaN,NaN,NaN,NaN,NaN,NaN,NaN,NaN,NaN,NaN,NaN,NaN,NaN,NaN,NaN,NaN,NaN,NaN,NaN,NaN,NaN,NaN,NaN,NaN,NaN,NaN,NaN,NaN,NaN,NaN,NaN,NaN,NaN,NaN,NaN,NaN,NaN,NaN,NaN,NaN,NaN,NaN,NaN,NaN,NaN,NaN,NaN
NaN,NaN,NaN,NaN,NaN,NaN,NaN,NaN,NaN,NaN,NaN,NaN,NaN,NaN,NaN,NaN,NaN,NaN,NaN,-1.993275e-07,-1.835014e-07,-1.882491e-07,-1.648293e-07,-1.706543e-07,-1.425152e-07,-1.394355e-07,-1.028363e-07,-9.384881e-08,-5.386978e-08,-4.077469e-08,7.752187e-09,2.360115e-08,NaN,NaN,NaN,NaN,NaN,NaN,NaN,NaN,NaN,NaN,NaN,NaN,NaN,NaN,NaN,NaN,NaN,NaN,NaN,NaN,NaN,NaN,NaN,NaN,NaN,NaN,NaN,NaN,NaN,NaN,NaN,NaN,NaN,NaN,NaN,NaN,NaN,NaN,NaN,NaN,NaN,NaN,NaN,NaN,NaN,NaN,NaN,NaN,NaN,NaN,NaN,NaN,NaN,NaN,NaN,NaN,NaN,NaN,NaN,NaN,NaN,NaN,NaN,NaN,NaN,NaN,NaN,NaN
NaN,NaN,NaN,NaN,NaN,NaN,NaN,NaN,NaN,NaN,NaN,NaN,NaN,NaN,NaN,NaN,NaN,NaN,NaN,0,0,0,0,0,0,0,0,0,0,0,0,0,NaN,NaN,NaN,NaN,NaN,NaN,NaN,NaN,NaN,NaN,NaN,NaN,NaN,NaN,NaN,NaN,NaN,NaN,NaN,NaN,NaN,NaN,NaN,NaN,NaN,NaN,NaN,NaN,NaN,NaN,NaN,NaN,NaN,NaN,NaN,NaN,NaN,NaN,NaN,NaN,NaN,NaN,NaN,NaN,NaN,NaN,NaN,NaN,NaN,NaN,NaN,NaN,NaN,NaN,NaN,NaN,NaN,NaN,NaN,NaN,NaN,NaN,NaN,NaN,NaN,NaN,NaN,NaN
