NaN,NaN,NaN,NaN,NaN,NaN,NaN,NaN,NaN,NaN,NaN,NaN,NaN,NaN,NaN,NaN,NaN,NaN,NaN,6.903113e-12,9.972929e-12,6.076724e-12,1.34981e-11,-1.429441e-11,-1.182939e-11,-4.408504e-12,-7.843491e-12,-7.150584e-12,4.800861e-12,-8.528799e-12,1.466586e-11,-3.8332e-12,NaN,NaN,NaN,NaN,NaN,NaN,NaN,NaN,NaN,NaN,NaN,NaN,NaN,NaN,NaN,NaN,NaN,NaN,NaN,NaN,NaN,NaN,NaN,NaN,NaN,NaN,NaN,NaN,NaN,NaN,NaN,NaN,NaN,NaN,NaN,NaN,NaN,NaN,NaN,NaN,NaN,NaN,NaN,NaN,NaN,NaN,NaN,NaN,NaN,NaN,NaN,NaN,NaN,NaN,NaN,NaN,NaN,NaN,NaN,NaN,NaN,NaN,NaN,NaN,NaN,NaN,NaN,NaN
NaN,NaN,NaN,NaN,NaN,NaN,NaN,NaN,NaN,NaN,NaN,NaN,NaN,NaN,NaN,NaN,NaN,NaN,NaN,-9.761081e-09,6.378261e-09,-4.010038e-09,5.740173e-09,-6.09777e-09,5.638903e-09,-5.245155e-09,5.796062e-09,-4.533323e-09,5.809933e-09,-6.099185e-09,5.320798e-09,-3.068035e-09,NaN,NaN,NaN,NaN,NaN,NaN,NaN,NaN,NaN,NaN,NaN,NaN,NaN,NaN,NaN,NaN,NaN,NaN,NaN,NaN,NaN,NaN,NaN,NaN,NaN,NaN,NaN,NaN,NaN,NaN,NaN,NaN,NaN,NaN,NaN,NaN,NaN,NaN,NaN,NaN,NaN,NaN,NaN,NaN,NaN,NaN,NaN,NaN,NaN,NaN,NaN,NaN,NaN,NaN,NaN,NaN,NaN,NaN,NaN,NaN,NaN,NaN,NaN,NaN,NaN,NaN,NaN,NaN
NaN,NaN,NaN,NaN,NaN,NaN,NaN,NaN,NaN,NaN,NaN,NaN,NaN,NaN,NaN,NaN,NaN,NaN,NaN,2.017415e-08,-1.084411e-08,1.120434e-08,-6.874012e-09,1.731712e-08,-6.057733e-09,1.459002e-08,-8.058445e-09,1.20067e-08,-8.02271e-09,1.608036e-08,-6.209975e-09,1.024223e-08,NaN,NaN,NaN,NaN,NaN,NaN,NaN,NaN,NaN,NaN,NaN,NaN,NaN,NaN,NaN,NaN,NaN,NaN,NaN,NaN,NaN,NaN,NaN,NaN,NaN,NaN,NaN,NaN,NaN,NaN,NaN,NaN,NaN,NaN,NaN,NaN,NaN,NaN,NaN,NaN,NaN,NaN,NaN,NaN,NaN,NaN,NaN,NaN,NaN,NaN,NaN,NaN,NaN,NaN,NaN,NaN,NaN,NaN,NaN,NaN,NaN,NaN,NaN,NaN,NaN,NaN,NaN,NaN
NaN,NaN,NaN,NaN,NaN,NaN,NaN,NaN,NaN,NaN,NaN,NaN,NaN,NaN,NaN,NaN,NaN,NaN,NaN,-2.818079e-08,2.767533e-08,5.452385e-10,3.604844e-08,2.029818e-09,3.774997e-08,7.146425e-11,3.017707e-08,-2.801676e-09,3.018945e-08,-3.638794e-09,3.18605e-08,7.331878e-09,NaN,NaN,NaN,NaN,NaN,NaN,NaN,NaN,NaN,NaN,NaN,NaN,NaN,NaN,NaN,NaN,NaN,NaN,NaN,NaN,NaN,NaN,NaN,NaN,NaN,NaN,NaN,NaN,NaN,NaN,NaN,NaN,NaN,NaN,NaN,NaN,NaN,NaN,NaN,NaN,NaN,NaN,NaN,NaN,NaN,NaN,NaN,NaN,NaN,NaN,NaN,NaN,NaN,NaN,NaN,NaN,NaN,NaN,NaN,NaN,NaN,NaN,NaN,NaN,NaN,NaN,NaN,NaN
NaN,NaN,NaN,NaN,NaN,NaN,NaN,NaN,NaN,NaN,NaN,NaN,NaN,NaN,NaN,NaN,NaN,NaN,-5.865367e-08,5.194656e-08,-4.607684e-09,5.859577e-08,3.404465e-08,9.383951e-08,4.006559e-08,7.079473e-08,9.682907e-09,4.707456e-08,8.564976e-09,6.73751e-08,2.378937e-08,5.879641e-08,3.098097e-08,NaN,NaN,NaN,NaN,NaN,NaN,NaN,NaN,NaN,NaN,NaN,NaN,NaN,NaN,NaN,NaN,NaN,NaN,NaN,NaN,NaN,NaN,NaN,NaN,NaN,NaN,NaN,NaN,NaN,NaN,NaN,NaN,NaN,NaN,NaN,NaN,NaN,NaN,NaN,NaN,NaN,NaN,NaN,NaN,NaN,NaN,NaN,NaN,NaN,NaN,NaN,NaN,NaN,NaN,NaN,NaN,NaN,NaN,NaN,NaN,NaN,NaN,NaN,NaN,NaN,NaN,NaN
NaN,NaN,NaN,NaN,NaN,NaN,NaN,NaN,NaN,NaN,NaN,NaN,NaN,NaN,NaN,NaN,NaN,NaN,6.253598e-08,-3.970676e-08,9.227746e-08,7.337422e-08,1.711876e-07,1.244792e-07,1.785062e-07,7.160209e-08,8.997463e-08,1.559003e-08,8.37277e-08,4.041063e-08,1.136838e-07,7.717252e-08,9.59175e-08,NaN,NaN,NaN,NaN,NaN,NaN,NaN,NaN,NaN,NaN,NaN,NaN,NaN,NaN,NaN,NaN,NaN,NaN,NaN,NaN,NaN,NaN,NaN,NaN,NaN,NaN,NaN,NaN,NaN,NaN,NaN,NaN,NaN,NaN,NaN,NaN,NaN,NaN,NaN,NaN,NaN,NaN,NaN,NaN,NaN,NaN,NaN,NaN,NaN,NaN,NaN,NaN,NaN,NaN,NaN,NaN,NaN,NaN,NaN,NaN,NaN,NaN,NaN,NaN,NaN,NaN,NaN
NaN,NaN,NaN,NaN,NaN,NaN,NaN,NaN,NaN,NaN,NaN,NaN,NaN,NaN,NaN,NaN,NaN,3.321646e-08,-1.082838e-07,1.210085e-07,7.01943e-08,2.486286e-07,2.842881e-07,4.19977e-07,2.894521e-07,2.33209e-07,2.857703e-08,4.516638e-08,1.569533e-09,1.44336e-07,1.04093e-07,1.737054e-07,1.28554e-07,1.360115e-07,NaN,NaN,NaN,NaN,NaN,NaN,NaN,NaN,NaN,NaN,NaN,NaN,NaN,NaN,NaN,NaN,NaN,NaN,NaN,NaN,NaN,NaN,NaN,NaN,NaN,NaN,NaN,NaN,NaN,NaN,NaN,NaN,NaN,NaN,NaN,NaN,NaN,NaN,NaN,NaN,NaN,NaN,NaN,NaN,NaN,NaN,NaN,NaN,NaN,NaN,NaN,NaN,NaN,NaN,NaN,NaN,NaN,NaN,NaN,NaN,NaN,NaN,NaN,NaN,NaN,NaN
NaN,NaN,NaN,NaN,NaN,NaN,NaN,NaN,NaN,NaN,NaN,NaN,NaN,NaN,NaN,NaN,NaN,-2.189912e-07,1.128077e-07,-4.109219e-10,3.351835e-07,4.825118e-07,8.343468e-07,8.495718e-07,8.055212e-07,3.136762e-07,3.05577e-08,-2.214803e-07,-6.259169e-08,-8.732616e-09,1.996319e-07,2.000499e-07,2.281287e-07,1.625856e-07,NaN,NaN,NaN,NaN,NaN,NaN,NaN,NaN,NaN,NaN,NaN,NaN,NaN,NaN,NaN,NaN,NaN,NaN,NaN,NaN,NaN,NaN,NaN,NaN,NaN,NaN,NaN,NaN,NaN,NaN,NaN,NaN,NaN,NaN,NaN,NaN,NaN,NaN,NaN,NaN,NaN,NaN,NaN,NaN,NaN,NaN,NaN,NaN,NaN,NaN,NaN,NaN,NaN,NaN,NaN,NaN,NaN,NaN,NaN,NaN,NaN,NaN,NaN,NaN,NaN,NaN
NaN,NaN,NaN,NaN,NaN,NaN,NaN,NaN,NaN,NaN,NaN,NaN,NaN,NaN,NaN,NaN,-3.732697e-07,3.582358e-08,-1.308822e-07,4.004052e-07,6.35325e-07,1.464531e-06,2.144428e-06,2.601867e-06,1.934053e-06,8.09063e-07,-5.123223e-07,-9.494701e-07,-8.761933e-07,-2.584256e-07,4.942112e-09,2.720317e-07,2.672961e-07,2.741072e-07,1.458275e-07,NaN,NaN,NaN,NaN,NaN,NaN,NaN,NaN,NaN,NaN,NaN,NaN,NaN,NaN,NaN,NaN,NaN,NaN,NaN,NaN,NaN,NaN,NaN,NaN,NaN,NaN,NaN,NaN,NaN,NaN,NaN,NaN,NaN,NaN,NaN,NaN,NaN,NaN,NaN,NaN,NaN,NaN,NaN,NaN,NaN,NaN,NaN,NaN,NaN,NaN,NaN,NaN,NaN,NaN,NaN,NaN,NaN,NaN,NaN,NaN,NaN,NaN,NaN,NaN,NaN
NaN,NaN,NaN,NaN,NaN,NaN,NaN,NaN,NaN,NaN,NaN,NaN,NaN,NaN,NaN,-5.743037e-07,-1.238335e-07,-3.214451e-07,3.903814e-07,7.007543e-07,2.394544e-06,4.568905e-06,7.033931e-06,7.560146e-06,5.728829e-06,1.764741e-06,-1.794072e-06,-3.84472e-06,-3.384914e-06,-2.075052e-06,-5.83125e-07,6.397716e-08,3.275959e-07,2.956177e-07,2.783102e-07,6.861063e-08,NaN,NaN,NaN,NaN,NaN,NaN,NaN,NaN,NaN,NaN,NaN,NaN,NaN,NaN,NaN,NaN,NaN,NaN,NaN,NaN,NaN,NaN,NaN,NaN,NaN,NaN,NaN,NaN,NaN,NaN,NaN,NaN,NaN,NaN,NaN,NaN,NaN,NaN,NaN,NaN,NaN,NaN,NaN,NaN,NaN,NaN,NaN,NaN,NaN,NaN,NaN,NaN,NaN,NaN,NaN,NaN,NaN,NaN,NaN,NaN,NaN,NaN,NaN,NaN
NaN,NaN,NaN,NaN,NaN,NaN,NaN,NaN,NaN,NaN,NaN,NaN,NaN,NaN,NaN,-3.594078e-07,-5.691946e-07,2.663984e-07,6.719704e-07,3.584491e-06,8.447757e-06,1.611816e-05,2.138471e-05,2.097145e-05,1.428325e-05,4.911436e-06,-4.53752e-06,-1.038379e-05,-1.159479e-05,-8.087603e-06,-3.819026e-06,-9.617125e-07,9.095206e-08,3.693324e-07,2.474021e-07,2.227319e-07,NaN,NaN,NaN,NaN,NaN,NaN,NaN,NaN,NaN,NaN,NaN,NaN,NaN,NaN,NaN,NaN,NaN,NaN,NaN,NaN,NaN,NaN,NaN,NaN,NaN,NaN,NaN,NaN,NaN,NaN,NaN,NaN,NaN,NaN,NaN,NaN,NaN,NaN,NaN,NaN,NaN,NaN,NaN,NaN,NaN,NaN,NaN,NaN,NaN,NaN,NaN,NaN,NaN,NaN,NaN,NaN,NaN,NaN,NaN,NaN,NaN,NaN,NaN,NaN
NaN,NaN,NaN,NaN,NaN,NaN,NaN,NaN,NaN,NaN,NaN,NaN,NaN,NaN,-6.851499e-07,-8.522143e-07,-3.003849e-09,5.545324e-07,4.839762e-06,1.411319e-05,3.164673e-05,4.632274e-05,5.060977e-05,4.340533e-05,2.911084e-05,1.114438e-05,-5.821861e-06,-1.922555e-05,-2.550123e-05,-2.392857e-05,-1.516978e-05,-6.10211e-06,-1.311929e-06,6.379961e-08,3.738957e-07,9.977951e-08,9.065865e-08,NaN,NaN,NaN,NaN,NaN,NaN,NaN,NaN,NaN,NaN,NaN,NaN,NaN,NaN,NaN,NaN,NaN,NaN,NaN,NaN,NaN,NaN,NaN,NaN,NaN,NaN,NaN,NaN,NaN,NaN,NaN,NaN,NaN,NaN,NaN,NaN,NaN,NaN,NaN,NaN,NaN,NaN,NaN,NaN,NaN,NaN,NaN,NaN,NaN,NaN,NaN,NaN,NaN,NaN,NaN,NaN,NaN,NaN,NaN,NaN,NaN,NaN,NaN
NaN,NaN,NaN,NaN,NaN,NaN,NaN,NaN,NaN,NaN,NaN,NaN,NaN,-1.119e-06,-1.135915e-06,-4.387269e-07,4.061918e-07,5.878218e-06,2.181229e-05,5.407753e-05,8.26859e-05,9.519178e-05,8.964178e-05,7.302669e-05,4.874331e-05,2.237076e-05,-3.675864e-06,-2.496105e-05,-3.986385e-05,-4.48977e-05,-3.914745e-05,-2.390017e-05,-8.787645e-06,-1.533794e-06,-7.655734e-08,3.299338e-07,-1.92895e-07,-8.698412e-08,NaN,NaN,NaN,NaN,NaN,NaN,NaN,NaN,NaN,NaN,NaN,NaN,NaN,NaN,NaN,NaN,NaN,NaN,NaN,NaN,NaN,NaN,NaN,NaN,NaN,NaN,NaN,NaN,NaN,NaN,NaN,NaN,NaN,NaN,NaN,NaN,NaN,NaN,NaN,NaN,NaN,NaN,NaN,NaN,NaN,NaN,NaN,NaN,NaN,NaN,NaN,NaN,NaN,NaN,NaN,NaN,NaN,NaN,NaN,NaN,NaN,NaN
NaN,NaN,NaN,NaN,NaN,NaN,NaN,NaN,NaN,NaN,NaN,NaN,NaN,-1.420313e-06,-1.036625e-06,2.286718e-07,6.574813e-06,3.115644e-05,8.308583e-05,0.0001296495,0.0001532843,0.0001520451,0.0001360935,0.0001079344,7.464076e-05,3.822641e-05,3.975328e-06,-2.658135e-05,-4.946677e-05,-6.342748e-05,-6.575464e-05,-5.532789e-05,-3.304176e-05,-1.148252e-05,-1.614355e-06,-3.444352e-07,1.86712e-07,-5.677562e-07,NaN,NaN,NaN,NaN,NaN,NaN,NaN,NaN,NaN,NaN,NaN,NaN,NaN,NaN,NaN,NaN,NaN,NaN,NaN,NaN,NaN,NaN,NaN,NaN,NaN,NaN,NaN,NaN,NaN,NaN,NaN,NaN,NaN,NaN,NaN,NaN,NaN,NaN,NaN,NaN,NaN,NaN,NaN,NaN,NaN,NaN,NaN,NaN,NaN,NaN,NaN,NaN,NaN,NaN,NaN,NaN,NaN,NaN,NaN,NaN,NaN,NaN
NaN,NaN,NaN,NaN,NaN,NaN,NaN,NaN,NaN,NaN,NaN,NaN,-1.721387e-06,-1.680576e-06,-1.071356e-07,7.022545e-06,4.147722e-05,0.0001180418,0.0001859603,0.0002236614,0.0002301703,0.0002175032,0.0001879725,0.0001500892,0.0001056005,6.069002e-05,1.654679e-05,-2.203498e-05,-5.425194e-05,-7.641219e-05,-8.780043e-05,-8.602608e-05,-7.043045e-05,-4.168915e-05,-1.370251e-05,-1.72289e-06,-7.109062e-07,-5.755557e-08,-1.036057e-06,NaN,NaN,NaN,NaN,NaN,NaN,NaN,NaN,NaN,NaN,NaN,NaN,NaN,NaN,NaN,NaN,NaN,NaN,NaN,NaN,NaN,NaN,NaN,NaN,NaN,NaN,NaN,NaN,NaN,NaN,NaN,NaN,NaN,NaN,NaN,NaN,NaN,NaN,NaN,NaN,NaN,NaN,NaN,NaN,NaN,NaN,NaN,NaN,NaN,NaN,NaN,NaN,NaN,NaN,NaN,NaN,NaN,NaN,NaN,NaN,NaN
NaN,NaN,NaN,NaN,NaN,NaN,NaN,NaN,NaN,NaN,NaN,-2.03425e-06,-2.30671e-06,-5.92899e-07,7.148101e-06,5.213622e-05,0.0001580318,0.0002511345,0.0003056272,0.0003234123,0.0003165384,0.000288152,0.0002479303,0.0001975393,0.0001440057,8.838678e-05,3.611512e-05,-1.22019e-05,-5.226511e-05,-8.373943e-05,-0.0001033774,-0.0001109861,-0.0001040574,-8.343669e-05,-4.889173e-05,-1.517308e-05,-1.87074e-06,-1.049935e-06,-4.929611e-07,-1.534644e-06,NaN,NaN,NaN,NaN,NaN,NaN,NaN,NaN,NaN,NaN,NaN,NaN,NaN,NaN,NaN,NaN,NaN,NaN,NaN,NaN,NaN,NaN,NaN,NaN,NaN,NaN,NaN,NaN,NaN,NaN,NaN,NaN,NaN,NaN,NaN,NaN,NaN,NaN,NaN,NaN,NaN,NaN,NaN,NaN,NaN,NaN,NaN,NaN,NaN,NaN,NaN,NaN,NaN,NaN,NaN,NaN,NaN,NaN,NaN,NaN
NaN,NaN,NaN,NaN,NaN,NaN,NaN,NaN,NaN,NaN,-2.281731e-06,-2.948631e-06,-1.052857e-06,6.926356e-06,6.281508e-05,0.0002021144,0.0003245488,0.0003992174,0.0004310922,0.0004325734,0.0004079,0.0003674039,0.0003130797,0.0002528116,0.0001876653,0.0001236355,6.117785e-05,5.116261e-06,-4.447414e-05,-8.366866e-05,-0.0001126015,-0.0001282137,-0.000131109,-0.000118792,-9.335559e-05,-5.370237e-05,-1.59011e-05,-2.073983e-06,-1.553223e-06,-1.037936e-06,-2.110731e-06,NaN,NaN,NaN,NaN,NaN,NaN,NaN,NaN,NaN,NaN,NaN,NaN,NaN,NaN,NaN,NaN,NaN,NaN,NaN,NaN,NaN,NaN,NaN,NaN,NaN,NaN,NaN,NaN,NaN,NaN,NaN,NaN,NaN,NaN,NaN,NaN,NaN,NaN,NaN,NaN,NaN,NaN,NaN,NaN,NaN,NaN,NaN,NaN,NaN,NaN,NaN,NaN,NaN,NaN,NaN,NaN,NaN,NaN,NaN
NaN,NaN,NaN,NaN,NaN,NaN,NaN,NaN,NaN,-2.444607e-06,-3.589135e-06,-1.46471e-06,6.341252e-06,7.304575e-05,0.0002500658,0.0004059938,0.0005043549,0.0005532401,0.0005652992,0.0005467128,0.0005077922,0.0004514106,0.0003861179,0.0003131753,0.0002390422,0.0001642556,9.395674e-05,2.820705e-05,-2.875674e-05,-7.717445e-05,-0.0001136159,-0.0001385504,-0.0001491084,-0.000146782,-0.0001292164,-9.911583e-05,-5.610282e-05,-1.583852e-05,-2.289457e-06,-2.135113e-06,-1.662586e-06,-2.745061e-06,NaN,NaN,NaN,NaN,NaN,NaN,NaN,NaN,NaN,NaN,NaN,NaN,NaN,NaN,NaN,NaN,NaN,NaN,NaN,NaN,NaN,NaN,NaN,NaN,NaN,NaN,NaN,NaN,NaN,NaN,NaN,NaN,NaN,NaN,NaN,NaN,NaN,NaN,NaN,NaN,NaN,NaN,NaN,NaN,NaN,NaN,NaN,NaN,NaN,NaN,NaN,NaN,NaN,NaN,NaN,NaN,NaN,NaN
NaN,NaN,NaN,NaN,NaN,NaN,NaN,NaN,NaN,-4.201857e-06,-1.791397e-06,5.577504e-06,8.272756e-05,0.0003013552,0.0004956566,0.0006211727,0.0006899067,0.0007148003,0.00070423,0.0006685141,0.0006118434,0.0005429775,0.0004636917,0.0003809012,0.0002953537,0.0002124329,0.0001322433,5.923038e-05,-6.883115e-06,-6.234559e-05,-0.0001076701,-0.0001397341,-0.0001595962,-0.0001644875,-0.0001567664,-0.0001341176,-0.0001005994,-5.554647e-05,-1.505595e-05,-2.679316e-06,-2.776306e-06,-2.442161e-06,NaN,NaN,NaN,NaN,NaN,NaN,NaN,NaN,NaN,NaN,NaN,NaN,NaN,NaN,NaN,NaN,NaN,NaN,NaN,NaN,NaN,NaN,NaN,NaN,NaN,NaN,NaN,NaN,NaN,NaN,NaN,NaN,NaN,NaN,NaN,NaN,NaN,NaN,NaN,NaN,NaN,NaN,NaN,NaN,NaN,NaN,NaN,NaN,NaN,NaN,NaN,NaN,NaN,NaN,NaN,NaN,NaN,NaN
NaN,NaN,NaN,NaN,NaN,NaN,NaN,NaN,-4.747053e-06,-2.000962e-06,4.62594e-06,9.201199e-05,0.0003563084,0.0005936759,0.0007500925,0.000841558,0.0008813695,0.0008805775,0.0008493751,0.0007938762,0.0007225224,0.0006381804,0.0005478924,0.0004529055,0.0003586259,0.0002655218,0.0001779597,9.591256e-05,2.307207e-05,-4.090121e-05,-9.289545e-05,-0.0001335178,-0.000160044,-0.0001740005,-0.000172984,-0.0001598225,-0.0001330649,-9.710361e-05,-5.209907e-05,-1.357679e-05,-3.089462e-06,-3.540073e-06,-3.230761e-06,NaN,NaN,NaN,NaN,NaN,NaN,NaN,NaN,NaN,NaN,NaN,NaN,NaN,NaN,NaN,NaN,NaN,NaN,NaN,NaN,NaN,NaN,NaN,NaN,NaN,NaN,NaN,NaN,NaN,NaN,NaN,NaN,NaN,NaN,NaN,NaN,NaN,NaN,NaN,NaN,NaN,NaN,NaN,NaN,NaN,NaN,NaN,NaN,NaN,NaN,NaN,NaN,NaN,NaN,NaN,NaN,NaN
NaN,NaN,NaN,NaN,NaN,NaN,NaN,-5.260146e-06,-1.913761e-06,3.668559e-06,0.0001013316,0.0004155642,0.0007005609,0.0008915378,0.001008667,0.001065495,0.001075982,0.001050464,0.0009971196,0.0009241038,0.0008356918,0.0007387902,0.0006352991,0.0005307093,0.000425879,0.0003251019,0.0002285832,0.000139915,5.892441e-05,-1.128476e-05,-7.112161e-05,-0.0001179184,-0.0001526021,-0.0001727009,-0.000180248,-0.0001732572,-0.0001551852,-0.0001251516,-8.819642e-05,-4.554329e-05,-1.173203e-05,-3.840272e-06,-4.205469e-06,-4.133911e-06,NaN,NaN,NaN,NaN,NaN,NaN,NaN,NaN,NaN,NaN,NaN,NaN,NaN,NaN,NaN,NaN,NaN,NaN,NaN,NaN,NaN,NaN,NaN,NaN,NaN,NaN,NaN,NaN,NaN,NaN,NaN,NaN,NaN,NaN,NaN,NaN,NaN,NaN,NaN,NaN,NaN,NaN,NaN,NaN,NaN,NaN,NaN,NaN,NaN,NaN,NaN,NaN,NaN,NaN,NaN,NaN
NaN,NaN,NaN,NaN,NaN,NaN,-5.723663e-06,-1.646052e-06,2.785145e-06,0.0001111051,0.0004806036,0.0008177528,0.001046327,0.001192053,0.001267725,0.001291072,0.001272012,0.001221641,0.001147308,0.001055573,0.0009523834,0.0008411916,0.0007268948,0.0006113457,0.0004982069,0.0003885376,0.0002852429,0.0001888791,0.0001019064,2.456594e-05,-4.105164e-05,-9.497798e-05,-0.0001353334,-0.000162957,-0.0001761451,-0.0001769142,-0.0001643347,-0.0001418363,-0.0001098131,-7.377889e-05,-3.594702e-05,-9.48645e-06,-4.427904e-06,-4.964914e-06,-5.069202e-06,NaN,NaN,NaN,NaN,NaN,NaN,NaN,NaN,NaN,NaN,NaN,NaN,NaN,NaN,NaN,NaN,NaN,NaN,NaN,NaN,NaN,NaN,NaN,NaN,NaN,NaN,NaN,NaN,NaN,NaN,NaN,NaN,NaN,NaN,NaN,NaN,NaN,NaN,NaN,NaN,NaN,NaN,NaN,NaN,NaN,NaN,NaN,NaN,NaN,NaN,NaN,NaN,NaN,NaN,NaN
NaN,NaN,NaN,NaN,NaN,-6.10139e-06,-1.114462e-06,2.236403e-06,0.0001224383,0.000552483,0.0009470378,0.001216085,0.001392701,0.00148886,0.001526308,0.001514439,0.00146742,0.001391993,0.001297086,0.00118775,0.001069189,0.0009455808,0.0008197965,0.0006950155,0.000573051,0.0004562392,0.0003457252,0.0002434078,0.0001500456,6.726406e-05,-4.419148e-06,-6.362175e-05,-0.000110296,-0.0001431029,-0.0001629377,-0.0001688318,-0.0001628561,-0.0001450794,-0.0001190484,-8.66087e-05,-5.307028e-05,-2.337255e-05,-6.901438e-06,-5.359334e-06,-5.709434e-06,-6.019812e-06,NaN,NaN,NaN,NaN,NaN,NaN,NaN,NaN,NaN,NaN,NaN,NaN,NaN,NaN,NaN,NaN,NaN,NaN,NaN,NaN,NaN,NaN,NaN,NaN,NaN,NaN,NaN,NaN,NaN,NaN,NaN,NaN,NaN,NaN,NaN,NaN,NaN,NaN,NaN,NaN,NaN,NaN,NaN,NaN,NaN,NaN,NaN,NaN,NaN,NaN,NaN,NaN,NaN,NaN
NaN,NaN,NaN,NaN,-6.455888e-06,-3.367312e-07,1.996191e-06,0.0001366202,0.0006339904,0.001090317,0.001402661,0.001612488,0.001730002,0.00178263,0.001778107,0.001734811,0.001657954,0.0015599,0.001443978,0.001318225,0.001185041,0.00104944,0.0009131872,0.0007796866,0.0006498958,0.0005263921,0.0004096975,0.0003018609,0.0002032165,0.0001154703,3.880628e-05,-2.534841e-05,-7.683774e-05,-0.00011495,-0.0001395494,-0.0001509267,-0.0001495407,-0.0001368964,-0.0001147357,-8.619774e-05,-5.500732e-05,-2.67907e-05,-7.727338e-06,-3.817696e-06,-6.083455e-06,-6.300891e-06,-7.067879e-06,NaN,NaN,NaN,NaN,NaN,NaN,NaN,NaN,NaN,NaN,NaN,NaN,NaN,NaN,NaN,NaN,NaN,NaN,NaN,NaN,NaN,NaN,NaN,NaN,NaN,NaN,NaN,NaN,NaN,NaN,NaN,NaN,NaN,NaN,NaN,NaN,NaN,NaN,NaN,NaN,NaN,NaN,NaN,NaN,NaN,NaN,NaN,NaN,NaN,NaN,NaN,NaN,NaN
NaN,NaN,NaN,-6.612735e-06,8.134857e-07,2.371735e-06,0.0001554806,0.0007277436,0.001250683,0.001608288,0.001853243,0.001992764,0.00206096,0.002063631,0.002023872,0.001945103,0.001843399,0.001720323,0.001586952,0.001443798,0.001298292,0.001150586,0.001005759,0.0008634475,0.0007276157,0.0005974696,0.0004762447,0.0003630317,0.0002606277,0.0001681006,8.795883e-05,1.925246e-05,-3.597209e-05,-7.85257e-05,-0.0001071979,-0.0001229733,-0.0001256448,-0.0001170365,-9.821972e-05,-7.257911e-05,-4.293789e-05,-1.524447e-05,5.924102e-06,1.160336e-05,-2.339758e-07,-7.111363e-06,-6.980558e-06,-8.102978e-06,NaN,NaN,NaN,NaN,NaN,NaN,NaN,NaN,NaN,NaN,NaN,NaN,NaN,NaN,NaN,NaN,NaN,NaN,NaN,NaN,NaN,NaN,NaN,NaN,NaN,NaN,NaN,NaN,NaN,NaN,NaN,NaN,NaN,NaN,NaN,NaN,NaN,NaN,NaN,NaN,NaN,NaN,NaN,NaN,NaN,NaN,NaN,NaN,NaN,NaN,NaN,NaN
NaN,NaN,-6.600824e-06,2.910354e-06,3.407393e-06,0.0001809187,0.0008376242,0.001431963,0.001836113,0.00211757,0.002278862,0.002362815,0.002371648,0.002335041,0.00225314,0.002147212,0.002015794,0.001874279,0.001720185,0.001564618,0.001404825,0.001248893,0.001093968,0.0009464513,0.0008031963,0.0006696795,0.0005427097,0.0004271576,0.0003199556,0.0002255472,0.000140966,7.033142e-05,1.085363e-05,-3.402172e-05,-6.692761e-05,-8.527935e-05,-9.210955e-05,-8.5842e-05,-7.060174e-05,-4.614658e-05,-1.853088e-05,1.075757e-05,3.298824e-05,4.503057e-05,3.3943e-05,4.231592e-06,-7.864816e-06,-7.506282e-06,-9.112026e-06,NaN,NaN,NaN,NaN,NaN,NaN,NaN,NaN,NaN,NaN,NaN,NaN,NaN,NaN,NaN,NaN,NaN,NaN,NaN,NaN,NaN,NaN,NaN,NaN,NaN,NaN,NaN,NaN,NaN,NaN,NaN,NaN,NaN,NaN,NaN,NaN,NaN,NaN,NaN,NaN,NaN,NaN,NaN,NaN,NaN,NaN,NaN,NaN,NaN,NaN,NaN
NaN,-6.6221e-06,5.683598e-06,6.462954e-06,0.0002161676,0.000967473,0.001638696,0.002089805,0.002408529,0.002590405,0.002689597,0.002702952,0.002668449,0.002581764,0.002470535,0.002329307,0.0021787,0.0020125,0.00184627,0.001673632,0.001506432,0.001338665,0.001179678,0.001023582,0.0008784584,0.0007385061,0.0006109218,0.000490205,0.0003829786,0.0002840315,0.000199578,0.0001246577,6.496679e-05,1.589135e-05,-1.766428e-05,-4.027319e-05,-4.790842e-05,-4.575334e-05,-3.083234e-05,-9.667201e-06,1.933639e-05,4.744683e-05,7.477828e-05,8.941865e-05,9.023627e-05,6.059851e-05,1.008865e-05,-8.580952e-06,-7.963834e-06,-1.008572e-05,NaN,NaN,NaN,NaN,NaN,NaN,NaN,NaN,NaN,NaN,NaN,NaN,NaN,NaN,NaN,NaN,NaN,NaN,NaN,NaN,NaN,NaN,NaN,NaN,NaN,NaN,NaN,NaN,NaN,NaN,NaN,NaN,NaN,NaN,NaN,NaN,NaN,NaN,NaN,NaN,NaN,NaN,NaN,NaN,NaN,NaN,NaN,NaN,NaN,NaN
-4.499197e-06,1.040812e-05,1.313912e-05,0.0002689694,0.001119837,0.001876323,0.002373227,0.002729817,0.002929615,0.003043156,0.003058168,0.003024481,0.002930355,0.002812614,0.002659392,0.002498688,0.002318696,0.002141106,0.001954455,0.001775799,0.001594478,0.001424252,0.001255215,0.001099129,0.0009465491,0.000808013,0.0006746144,0.0005560258,0.0004439348,0.0003473401,0.0002584093,0.0001856275,0.0001216424,7.417098e-05,3.627467e-05,1.482153e-05,2.732437e-06,5.982279e-06,1.667503e-05,3.970949e-05,6.557269e-05,9.791335e-05,0.0001247101,0.0001484246,0.0001533875,0.0001416365,9.111178e-05,1.849666e-05,-8.645165e-06,-8.328057e-06,-1.087068e-05,NaN,NaN,NaN,NaN,NaN,NaN,NaN,NaN,NaN,NaN,NaN,NaN,NaN,NaN,NaN,NaN,NaN,NaN,NaN,NaN,NaN,NaN,NaN,NaN,NaN,NaN,NaN,NaN,NaN,NaN,NaN,NaN,NaN,NaN,NaN,NaN,NaN,NaN,NaN,NaN,NaN,NaN,NaN,NaN,NaN,NaN,NaN,NaN,NaN
1.155713e-05,2.828717e-05,0.0003530307,0.001302981,0.002145553,0.002689472,0.003083647,0.003298703,0.003424419,0.003437947,0.003402689,0.003298252,0.003171873,0.003004376,0.00283198,0.002636477,0.002446426,0.002244568,0.002053896,0.001858368,0.001676832,0.00149474,0.001328016,0.00116317,0.001014441,0.0008691928,0.0007404022,0.0006163431,0.0005090772,0.0004076516,0.0003234208,0.0002460777,0.0001862397,0.0001342605,9.985613e-05,7.370751e-05,6.464688e-05,6.303951e-05,7.680306e-05,9.527375e-05,0.0001253337,0.0001544425,0.0001884884,0.0002120755,0.0002304863,0.000224115,0.0001987675,0.0001263139,3.089546e-05,-7.844196e-06,-9.049139e-06,-1.118897e-05,NaN,NaN,NaN,NaN,NaN,NaN,NaN,NaN,NaN,NaN,NaN,NaN,NaN,NaN,NaN,NaN,NaN,NaN,NaN,NaN,NaN,NaN,NaN,NaN,NaN,NaN,NaN,NaN,NaN,NaN,NaN,NaN,NaN,NaN,NaN,NaN,NaN,NaN,NaN,NaN,NaN,NaN,NaN,NaN,NaN,NaN,NaN,-9.626254e-07
5.978635e-05,0.000506869,0.001520461,0.002452459,0.003036116,0.003471324,0.003696883,0.003834211,0.003841337,0.003802607,0.00368374,0.0035467,0.00336182,0.003176053,0.002963004,0.002759191,0.002540968,0.00233734,0.002127161,0.001933863,0.00173881,0.00156133,0.001384929,0.001226201,0.001070247,0.0009317821,0.0007973526,0.0006802287,0.0005682694,0.0004735782,0.0003850725,0.0003139285,0.0002499972,0.0002034086,0.0001647914,0.000143269,0.0001296576,0.0001321853,0.0001411611,0.0001639386,0.0001895227,0.000224466,0.0002555365,0.0002888141,0.0003077327,0.0003187063,0.0003000406,0.0002597801,0.0001661626,5.112366e-05,-5.137815e-06,-1.044353e-05,-1.062062e-05,NaN,NaN,NaN,NaN,NaN,NaN,NaN,NaN,NaN,NaN,NaN,NaN,NaN,NaN,NaN,NaN,NaN,NaN,NaN,NaN,NaN,NaN,NaN,NaN,NaN,NaN,NaN,NaN,NaN,NaN,NaN,NaN,NaN,NaN,NaN,NaN,NaN,NaN,NaN,NaN,NaN,NaN,NaN,NaN,NaN,8.135177e-06,-3.217645e-06
0.0007652594,0.001800842,0.00278012,0.003418475,0.003882416,0.0041262,0.004265494,0.004269731,0.004218448,0.00408709,0.003931526,0.003730999,0.003525326,0.003296745,0.003073925,0.0028417,0.002620873,0.002398684,0.002190215,0.00198511,0.001794146,0.001609345,0.001438391,0.001275105,0.00112523,0.0009840308,0.000855763,0.000737026,0.0006309404,0.0005352125,0.0004520781,0.0003801132,0.0003207083,0.0002732524,0.0002382233,0.0002154398,0.0002045924,0.0002052963,0.0002165642,0.0002371133,0.0002653566,0.0002983033,0.0003340043,0.0003668499,0.0003950933,0.0004093796,0.0004090852,0.0003792565,0.0003222457,0.0002142368,8.264838e-05,2.967787e-07,-1.324687e-05,-8.994869e-06,NaN,NaN,NaN,NaN,NaN,NaN,NaN,NaN,NaN,NaN,NaN,NaN,NaN,NaN,NaN,NaN,NaN,NaN,NaN,NaN,NaN,NaN,NaN,NaN,NaN,NaN,NaN,NaN,NaN,NaN,NaN,NaN,NaN,NaN,NaN,NaN,NaN,NaN,NaN,NaN,NaN,NaN,NaN,1.973967e-05,-3.579663e-06,9.973436e-05
0.002248294,0.003153156,0.003830387,0.004315492,0.004577707,0.004715981,0.004715248,0.004648537,0.004501215,0.00432477,0.004105056,0.003878159,0.003630983,0.003388888,0.00314022,0.00290282,0.002666682,0.002444339,0.002227589,0.002025058,0.001830509,0.00164965,0.001477987,0.001319378,0.001170543,0.001034136,0.0009079842,0.0007938165,0.0006904166,0.0005987938,0.0005184721,0.0004498919,0.0003932039,0.0003481594,0.0003154174,0.0002940523,0.0002847376,0.0002859973,0.0002979426,0.0003186041,0.0003469079,0.0003805009,0.000416416,0.000452226,0.0004823446,0.0005048594,0.0005107091,0.0004992445,0.0004572549,0.0003865812,0.0002718442,0.0001293623,8.406629e-06,-1.506764e-05,-7.332826e-06,NaN,NaN,NaN,NaN,NaN,NaN,NaN,NaN,NaN,NaN,NaN,NaN,NaN,NaN,NaN,NaN,NaN,NaN,NaN,NaN,NaN,NaN,NaN,NaN,NaN,NaN,NaN,NaN,NaN,NaN,NaN,NaN,NaN,NaN,NaN,NaN,NaN,NaN,NaN,NaN,NaN,3.714643e-05,-9.567449e-06,0.0001552399,0.001104634
0.003673297,0.004327731,0.004779378,0.005052108,0.005177388,0.005173452,0.005083458,0.004922186,0.004717678,0.004480808,0.004226368,0.003963134,0.003696402,0.003434405,0.003175941,0.002929509,0.002689443,0.002465061,0.002247603,0.002047545,0.001853838,0.001678234,0.001508176,0.001356318,0.001209328,0.001080538,0.0009560853,0.0008499276,0.0007478095,0.0006642027,0.0005845811,0.0005237525,0.000466857,0.000429073,0.0003950618,0.000380103,0.0003684351,0.0003749893,0.0003836208,0.0004084447,0.0004329473,0.0004699287,0.0005026033,0.0005419932,0.0005713095,0.0005994388,0.0006099506,0.0006096316,0.0005825916,0.0005353915,0.0004514334,0.0003445144,0.0001851556,2.108017e-05,-1.496057e-05,-6.770243e-06,-1.342062e-05,NaN,NaN,NaN,NaN,NaN,NaN,NaN,NaN,NaN,NaN,NaN,NaN,NaN,NaN,NaN,NaN,NaN,NaN,NaN,NaN,NaN,NaN,NaN,NaN,NaN,NaN,NaN,NaN,NaN,NaN,NaN,NaN,NaN,NaN,NaN,NaN,NaN,-3.974184e-06,5.335094e-05,-2.561664e-06,0.0002541715,0.001513351,0.002757293
0.004924518,0.005307532,0.005566058,0.005650785,0.005638927,0.005516713,0.005340734,0.005104151,0.004849154,0.004565249,0.004284752,0.003993072,0.003716525,0.003437913,0.003179969,0.002924093,0.002690836,0.002461078,0.002254145,0.002050786,0.001869757,0.00169183,0.001535413,0.001381767,0.001248706,0.001118198,0.001007618,0.0008995591,0.0008109861,0.0007250819,0.0006583955,0.0005946086,0.0005499151,0.0005082014,0.0004853816,0.0004653684,0.0004635683,0.0004638665,0.0004808862,0.0004983516,0.0005298717,0.0005588758,0.0005977624,0.0006296005,0.0006655925,0.0006884319,0.0007085699,0.0007081135,0.0006985053,0.0006599656,0.0006102899,0.0005201492,0.0004208585,0.0002379975,4.728648e-05,-9.198267e-06,-1.113794e-05,-8.436113e-06,NaN,NaN,NaN,NaN,NaN,NaN,NaN,NaN,NaN,NaN,NaN,NaN,NaN,NaN,NaN,NaN,NaN,NaN,NaN,NaN,NaN,NaN,NaN,NaN,NaN,NaN,NaN,NaN,NaN,NaN,NaN,NaN,NaN,NaN,NaN,2.944924e-05,3.374409e-05,4.223775e-05,0.000467271,0.001983205,0.00339259,0.004237652
0.00589868,0.006125655,0.006150632,0.006106619,0.005947477,0.005744717,0.005479152,0.005198217,0.004889999,0.00458571,0.004275046,0.003978183,0.003685871,0.003411154,0.003146143,0.002899165,0.002663895,0.002445505,0.002239317,0.002048369,0.001869468,0.001704111,0.001550625,0.001409028,0.001279322,0.001160148,0.001053025,0.0009554249,0.0008701597,0.0007936775,0.0007299412,0.0006744214,0.000631935,0.0005972201,0.0005755791,0.0005610154,0.0005591607,0.0005631416,0.0005787319,0.0005980838,0.0006268807,0.0006562619,0.0006916004,0.00072315,0.0007557914,0.0007793781,0.0007980565,0.0008026182,0.0007956938,0.0007723988,0.0007300898,0.0006747887,0.0005839063,0.0004764288,0.0002857076,0.0001010205,3.529954e-06,-1.736783e-05,-2.510453e-06,NaN,NaN,NaN,NaN,NaN,NaN,NaN,NaN,NaN,NaN,NaN,NaN,NaN,NaN,NaN,NaN,NaN,NaN,NaN,NaN,NaN,NaN,NaN,NaN,NaN,NaN,NaN,NaN,NaN,NaN,NaN,NaN,NaN,8.72356e-05,-1.154174e-05,0.0001400812,0.0009515593,0.002495046,0.004062061,0.004893798,0.005575337
0.006699645,0.006677597,0.00657006,0.006376277,0.006124169,0.005837104,0.005517095,0.005193899,0.004857184,0.004536299,0.00421291,0.003914719,0.00361865,0.003351388,0.003087176,0.002852443,0.002619922,0.00241622,0.002213296,0.002038077,0.001862224,0.001712967,0.001561763,0.001436444,0.001308,0.001205005,0.001098053,0.001016358,0.0009301006,0.0008690711,0.0008030133,0.0007622209,0.0007160359,0.0006949715,0.0006680275,0.0006657946,0.0006567492,0.0006715324,0.0006778744,0.0007064044,0.0007239378,0.0007610494,0.0007835292,0.0008219472,0.0008411487,0.0008718553,0.0008784615,0.0008919252,0.0008776517,0.0008659123,0.0008263505,0.000782927,0.0007126971,0.0006226933,0.00049598,0.000349214,0.0001755489,2.663823e-05,-1.51425e-05,-5.749233e-06,-6.247643e-06,NaN,NaN,NaN,NaN,NaN,NaN,NaN,NaN,NaN,NaN,NaN,NaN,NaN,NaN,NaN,NaN,NaN,NaN,NaN,NaN,NaN,NaN,NaN,NaN,NaN,NaN,NaN,NaN,NaN,4.182368e-05,8.751405e-05,2.319563e-06,0.0003417152,0.001747481,0.003257755,0.004662675,0.00558569,0.006242665,0.00653908
0.007201827,0.007024163,0.00678586,0.006479512,0.006161808,0.005805352,0.005460747,0.005099477,0.004762334,0.004422691,0.004111865,0.003805974,0.003528792,0.003259716,0.003016868,0.002783155,0.002572424,0.002370933,0.002189153,0.002016529,0.001860652,0.001713921,0.001581528,0.001458239,0.001347478,0.001245941,0.001155497,0.00107456,0.001003583,0.000942452,0.0008903674,0.0008484425,0.0008146467,0.0007912391,0.0007748856,0.0007687437,0.0007683409,0.0007773223,0.0007902607,0.0008109086,0.0008330871,0.000860273,0.0008858719,0.0009127576,0.0009344219,0.0009529571,0.0009626174,0.0009649295,0.0009553881,0.0009359721,0.0009020453,0.0008581455,0.0007946832,0.0007186951,0.0006226692,0.0005075229,0.0004088476,0.0002299316,7.167109e-05,6.604345e-07,-1.464209e-05,-2.635011e-07,-2.552478e-06,NaN,NaN,NaN,NaN,NaN,NaN,NaN,NaN,NaN,NaN,NaN,NaN,NaN,NaN,NaN,NaN,NaN,NaN,NaN,NaN,NaN,NaN,NaN,NaN,NaN,2.601178e-05,0.0001352128,-8.476595e-06,0.0001259268,0.0009029103,0.002607627,0.004370415,0.005350966,0.006290686,0.006868846,0.007175665,0.00726543
0.007458399,0.007142541,0.00681002,0.006433839,0.006062591,0.005676901,0.00531081,0.004943773,0.004605362,0.004271809,0.003970925,0.003675967,0.003414403,0.003157281,0.002932563,0.002709924,0.00251821,0.002326099,0.00216347,0.001998205,0.001861309,0.001719948,0.00160607,0.001486437,0.001393582,0.001294037,0.001220837,0.00114027,0.00108578,0.001023371,0.0009868036,0.0009418046,0.0009224272,0.0008939008,0.0008905766,0.0008771233,0.0008880021,0.0008873687,0.0009095701,0.0009183059,0.0009476198,0.0009608479,0.0009916062,0.001003075,0.001028432,0.00103101,0.001043799,0.001030503,0.001024734,0.0009899198,0.0009623043,0.0009017817,0.0008506912,0.0007637435,0.0006889263,0.0005916214,0.0004988495,0.0003916246,0.0002662052,0.00012908,3.225931e-05,-8.080818e-06,-7.751183e-06,1.053928e-06,7.534773e-06,NaN,NaN,NaN,NaN,NaN,NaN,NaN,NaN,NaN,NaN,NaN,NaN,NaN,NaN,NaN,NaN,NaN,NaN,NaN,NaN,NaN,5.551781e-05,0.0001372662,5.096511e-05,2.582851e-05,0.0005201354,0.001966778,0.003648918,0.005332573,0.006281278,0.007050441,0.007509091,0.007742107,0.007808479,0.007667521
0.00745239,0.007072099,0.006665447,0.006256229,0.005857927,0.005464448,0.005096925,0.00473799,0.004411198,0.004093657,0.00380979,0.003533731,0.003290444,0.003052399,0.002845288,0.002640661,0.002465098,0.002289501,0.00214133,0.001991069,0.001866924,0.001739107,0.001636534,0.001528886,0.001446078,0.001357061,0.001292675,0.001221152,0.001174215,0.001119282,0.001088938,0.001049718,0.001034963,0.001010383,0.001009873,0.0009982532,0.001009992,0.001008827,0.00102985,0.001035572,0.001061752,0.00106956,0.001095553,0.001099549,0.001119084,0.001112755,0.001119256,0.001096433,0.00108392,0.001040069,0.001003807,0.0009371443,0.0008752393,0.0007869725,0.0007076339,0.0006038495,0.0005251239,0.0004130366,0.0003273235,0.0002498738,0.0001457199,5.685036e-05,1.962742e-05,-2.931614e-06,-1.85049e-06,1.675394e-06,1.65722e-05,NaN,NaN,NaN,NaN,NaN,NaN,NaN,NaN,NaN,NaN,NaN,NaN,NaN,NaN,NaN,NaN,NaN,9.916066e-05,0.0001630747,6.637438e-05,7.406194e-07,0.0003884821,0.001545548,0.003189574,0.00509755,0.0061673,0.007155397,0.007834879,0.008143688,0.008286615,0.008266686,0.008074539,0.007811372
0.007266643,0.006820681,0.00639977,0.005975191,0.005580265,0.005196202,0.004843687,0.004505737,0.004199171,0.003906706,0.003644016,0.003393162,0.003169759,0.002955318,0.002765954,0.002582785,0.002422641,0.002266324,0.002131421,0.001998389,0.001885646,0.001773237,0.001680265,0.001586572,0.00151163,0.001435194,0.001377015,0.001316731,0.001274324,0.001229247,0.001201626,0.001170726,0.001156811,0.001138769,0.001137035,0.00113004,0.00113825,0.001139717,0.001154768,0.001161159,0.001178941,0.001185684,0.001201059,0.001202671,0.001209769,0.001200249,0.001193029,0.001166429,0.001139531,0.0010906,0.001040616,0.0009657682,0.0008924526,0.0007939056,0.0007006925,0.0005919022,0.0004856717,0.0003797799,0.0002874638,0.0001910076,0.0001271781,8.142621e-05,2.798968e-05,6.729098e-06,1.231277e-05,1.443516e-05,1.241457e-05,3.323914e-06,1.453476e-05,2.759561e-05,NaN,NaN,NaN,NaN,NaN,NaN,NaN,NaN,NaN,NaN,NaN,0.000112961,0.0001612523,0.00015959,8.601957e-06,3.160385e-05,0.0004298047,0.001498478,0.00295216,0.004822654,0.006199788,0.007166142,0.007996093,0.008497614,0.008709871,0.008772111,0.008643628,0.00838854,0.008078753,0.00767155
0.006907594,0.006469693,0.006043693,0.005638247,0.005262075,0.00490384,0.00457884,0.004268958,0.003991691,0.00372636,0.003491411,0.00326517,0.003066615,0.002873805,0.002706204,0.002541801,0.002400547,0.002260452,0.0021419,0.00202296,0.001924325,0.001824155,0.00174344,0.001660172,0.001595894,0.001528199,0.001479167,0.001425951,0.001391154,0.001351406,0.001329833,0.001302426,0.00129278,0.001276311,0.001276937,0.001269414,0.001278028,0.001276723,0.001290258,0.001291618,0.001306142,0.001305728,0.001316454,0.001309066,0.001310582,0.001290591,0.001277217,0.001239101,0.001205338,0.001144544,0.001085679,0.001000031,0.000914123,0.0008042435,0.0006967835,0.0005657686,0.0004506797,0.000312025,0.0001995189,8.647039e-05,-9.453476e-07,-8.374314e-05,-0.0001156977,-0.0001195911,-0.0001065997,-8.98641e-05,-1.455069e-05,1.773695e-05,4.94699e-05,4.956585e-05,3.460992e-05,2.942973e-05,4.188679e-05,5.166705e-05,7.034264e-05,7.943671e-05,9.963244e-05,0.0001098635,0.0001328771,0.00013542,0.0001227239,8.393444e-06,1.810662e-05,0.0001876886,0.0007240677,0.001815583,0.002934138,0.004835252,0.006213846,0.007174111,0.008089707,0.008742787,0.009033534,0.009152004,0.009130727,0.008898729,0.008603416,0.008230489,0.007799218,0.007364179
0.006475644,0.00605132,0.005654602,0.005284868,0.004937564,0.004621061,0.004323388,0.004054603,0.003801581,0.003574033,0.00335959,0.003166981,0.002985237,0.002822036,0.002667978,0.002529641,0.002399153,0.002282096,0.002172037,0.002073514,0.001981529,0.001899505,0.001823742,0.001756761,0.001695805,0.001642655,0.001595401,0.001555053,0.001520465,0.001491895,0.001468862,0.001450866,0.001438065,0.001429077,0.001424765,0.001422774,0.001424554,0.001426888,0.00143169,0.001434948,0.001438958,0.001439002,0.001437671,0.001429703,0.001417947,0.001396751,0.001369277,0.001329499,0.001281308,0.001217848,0.001145258,0.001054069,0.0009556146,0.0008364719,0.0007123341,0.0005726823,0.0004265837,0.0002775635,0.0001314234,-1.762297e-05,-0.0001405452,-0.0002504675,-0.0003312026,-0.0003919088,-0.0004155362,-0.0003903984,-0.0002967116,-0.0002490999,-0.0001914555,-7.058327e-05,2.212782e-06,3.677227e-05,6.873707e-05,8.913274e-05,9.569716e-05,8.04858e-05,6.24601e-05,5.01385e-05,7.307954e-05,0.0001274995,0.0002836749,0.0007438852,0.001519608,0.001993569,0.003370739,0.00518566,0.006169648,0.00717706,0.008110819,0.008845626,0.009237211,0.00940401,0.0094456,0.009311088,0.009010699,0.008687576,0.008263272,0.007820931,0.007371739,0.006911715
0.006009331,0.00563364,0.005276123,0.004948099,0.004644728,0.004364286,0.004107789,0.003869845,0.003653091,0.003451528,0.003268115,0.003097259,0.002941743,0.002796786,0.002664821,0.0025419,0.002430033,0.002326138,0.002231747,0.00214462,0.002065708,0.001993621,0.001928722,0.001870251,0.001818211,0.001772259,0.00173206,0.001697616,0.001668229,0.001644225,0.001624558,0.001609755,0.001598368,0.001591213,0.001586321,0.001584752,0.001584043,0.001585404,0.001585967,0.001586981,0.001585262,0.001582009,0.00157384,0.001561842,0.001542576,0.001516979,0.001481675,0.001437575,0.00138125,0.001314289,0.001232259,0.001139596,0.001028688,0.0009088297,0.0007706341,0.0006230201,0.0004656289,0.0002979637,0.0001272338,-3.642787e-05,-0.0002019226,-0.0003504,-0.0004780081,-0.0005751706,-0.0006449313,-0.0006727409,-0.0006854199,-0.0006863793,-0.0006041432,-0.0003888971,-0.0002171433,-0.0001528154,-0.0001177346,-3.804235e-05,9.172871e-05,0.0002742454,0.0004690665,0.0006562356,0.0007799283,0.0009988408,0.001589667,0.002984049,0.00440536,0.00514949,0.006075353,0.007157586,0.008049139,0.008776169,0.009257716,0.009471087,0.009575314,0.009530078,0.009287904,0.008974214,0.008620105,0.00817412,0.00773898,0.007291244,0.006840663,0.006421855
0.005583336,0.005247597,0.004943663,0.004659747,0.004398726,0.004159066,0.003936997,0.003734441,0.003545797,0.003374183,0.003213778,0.00306803,0.0029315,0.002807577,0.002691394,0.002586144,0.002487536,0.002398524,0.002315388,0.00224074,0.002171479,0.002109758,0.002053048,0.002003179,0.001957916,0.001918906,0.001884152,0.001855065,0.001829808,0.001809591,0.001792686,0.001780102,0.001770185,0.001763626,0.00175892,0.001756406,0.00175465,0.001753706,0.001752112,0.001749718,0.00174494,0.00173753,0.001725703,0.001709243,0.001686083,0.00165618,0.001617182,0.001569265,0.001510067,0.00143961,0.001356676,0.001259562,0.001150671,0.001025206,0.0008887188,0.0007385968,0.0005747751,0.0004062237,0.0002287503,4.655553e-05,-0.0001276087,-0.0002941311,-0.0004483974,-0.0005820527,-0.0006842561,-0.0007518893,-0.000778994,-0.0007561663,-0.0006621568,-0.0005238598,-0.0004012829,-0.000310432,-0.0001887143,5.452087e-05,0.0004553357,0.0009750966,0.00154058,0.002038672,0.002449098,0.002962555,0.003863552,0.005059876,0.006137322,0.006969747,0.007779077,0.008531812,0.009019814,0.009299185,0.009464727,0.009511861,0.009356818,0.00908397,0.008786365,0.008408344,0.007975089,0.007568501,0.00713233,0.006713306,0.006319343,0.005932667
0.005210607,0.004935472,0.004673196,0.004434925,0.004213272,0.004009142,0.003821112,0.003646783,0.003486795,0.003337859,0.003201365,0.003074056,0.002957493,0.002848734,0.002749274,0.002656621,0.002572083,0.00249363,0.002422325,0.002356617,0.002297199,0.002243062,0.002194495,0.002150869,0.002112271,0.002078265,0.002048765,0.002023478,0.002002112,0.001984505,0.001970188,0.001959051,0.001950412,0.00194425,0.001939555,0.00193645,0.001933632,0.001931237,0.001927757,0.001923261,0.0019161,0.001906214,0.001891942,0.001872995,0.001847827,0.001815857,0.001775773,0.001726788,0.001667752,0.001598171,0.001516265,0.001423542,0.00131579,0.001198403,0.001065352,0.0009219535,0.0007690648,0.0006039843,0.0004345525,0.0002650171,9.18005e-05,-7.290533e-05,-0.0002227288,-0.0003506272,-0.0004536764,-0.0005217615,-0.0005500372,-0.0005225443,-0.000434444,-0.0002928734,-0.000120513,9.538521e-05,0.0003980302,0.0008250944,0.0013725,0.002002886,0.002648144,0.003271828,0.003900441,0.004638579,0.005525894,0.006499465,0.007354876,0.008000622,0.008484865,0.008836363,0.009094186,0.009220424,0.009167818,0.008972274,0.008743155,0.008456165,0.00807727,0.00769765,0.00732513,0.006918898,0.006547914,0.006185614,0.005834986,0.005518423
0.004929066,0.004691191,0.004476599,0.004274305,0.004087891,0.003915282,0.0037545,0.003606761,0.0034683,0.003341577,0.003222357,0.003113574,0.003011084,0.002917833,0.002829966,0.00275034,0.002675444,0.002607955,0.00254473,0.002488186,0.002435596,0.002389006,0.002346124,0.002308705,0.002274677,0.002245631,0.002219655,0.002198158,0.002179331,0.002164408,0.002151648,0.00214215,0.002134217,0.002128684,0.002123955,0.002120618,0.002117148,0.002113905,0.002109345,0.002103688,0.002095287,0.002084326,0.002068991,0.00204953,0.002023898,0.001992539,0.001953127,0.001906412,0.001849976,0.0017846,0.001708652,0.001621536,0.001524792,0.001415113,0.001296806,0.001167949,0.001028561,0.0008861471,0.0007365562,0.0005843496,0.000439079,0.0003011656,0.0001749183,6.888378e-05,-7.249195e-06,-4.587313e-05,-3.684036e-05,2.411191e-05,0.0001393129,0.0003081283,0.0005403857,0.0008509263,0.001254399,0.001760142,0.002356361,0.003009268,0.00368536,0.004361529,0.005046868,0.00575642,0.006483873,0.007140833,0.007685202,0.008123412,0.008455711,0.008663147,0.008699434,0.008614277,0.008477607,0.008294203,0.00800839,0.007681533,0.007373712,0.00703436,0.0066804,0.006364707,0.006037206,0.005732606,0.005450187,0.005175177
0.004715206,0.004524982,0.004340495,0.004172489,0.004013899,0.003867055,0.003730117,0.003602382,0.00348395,0.003373099,0.003270644,0.003174658,0.003086204,0.003003422,0.002927359,0.002856376,0.002791421,0.002731113,0.002676232,0.002625709,0.002580015,0.002538479,0.00250125,0.002467921,0.002438484,0.002412648,0.00239026,0.002371132,0.002354963,0.002341635,0.002330705,0.00232208,0.00231518,0.002309971,0.002305596,0.002302151,0.002298563,0.002294943,0.002290063,0.002283994,0.002275433,0.00226434,0.002249443,0.002230509,0.002206448,0.002176779,0.002140671,0.002097479,0.002046631,0.0019877,0.00191974,0.001843815,0.001757315,0.001664598,0.001561175,0.001451967,0.00133769,0.001216745,0.00109616,0.0009786587,0.00086314,0.0007593114,0.0006727966,0.0006095289,0.0005735796,0.0005738379,0.0006152715,0.000708526,0.0008602798,0.001078686,0.001363597,0.00172147,0.002154937,0.002660046,0.003219002,0.003812622,0.004417141,0.005023642,0.005622138,0.00620336,0.006737249,0.007218783,0.007603032,0.007859513,0.007989281,0.008021738,0.008007601,0.007929088,0.007753161,0.007510071,0.007275607,0.007023295,0.006723495,0.006442057,0.006174782,0.00588856,0.005633942,0.005385018,0.005144773,0.004928302
0.004573543,0.004407295,0.004256473,0.004111839,0.00397744,0.003851325,0.003732776,0.0036227,0.00351865,0.003422689,0.003331727,0.003248258,0.003169108,0.003096861,0.00302843,0.002966325,0.002907663,0.002854829,0.002805161,0.002760856,0.002719526,0.002683061,0.002649421,0.002620233,0.00259362,0.002571073,0.00255081,0.002534187,0.00251951,0.002507992,0.002497962,0.00249053,0.00248406,0.002479485,0.002475244,0.002472044,0.002468408,0.002464878,0.002459968,0.002454132,0.002445839,0.002435517,0.002421517,0.002404368,0.002382265,0.002355978,0.002323463,0.002285853,0.00224103,0.002190323,0.002132235,0.002067107,0.001996118,0.001917318,0.001834495,0.001746519,0.001654063,0.001563708,0.001472075,0.001384093,0.001307192,0.001242125,0.001192444,0.001165433,0.001168268,0.001207045,0.001288553,0.00141612,0.001593092,0.001822605,0.002110424,0.002458408,0.002861612,0.003314432,0.003804865,0.004315777,0.004831159,0.005332223,0.005804722,0.006233778,0.006610653,0.006904045,0.007120602,0.00727672,0.007372166,0.007395173,0.007318538,0.007181874,0.007035156,0.006875202,0.006656096,0.006422667,0.006213627,0.005984253,0.005747797,0.005540994,0.005322024,0.005119504,0.004929705,0.004742218
0.004465912,0.004332014,0.004199281,0.004077557,0.003960597,0.003851445,0.003748182,0.003651166,0.003560157,0.003474477,0.003394564,0.003319346,0.003249504,0.003183945,0.003123355,0.003066716,0.003014657,0.0029663,0.002922145,0.002881518,0.002844693,0.002811271,0.002781254,0.002754458,0.002730737,0.002709993,0.002691942,0.002676577,0.002663496,0.002652745,0.002643802,0.002636712,0.002630854,0.002626346,0.002622367,0.002619101,0.002615559,0.002611977,0.002607252,0.002601609,0.00259391,0.002584305,0.002571722,0.002556196,0.002536842,0.002513528,0.002485671,0.002452986,0.002415254,0.002372335,0.002323937,0.002271226,0.002212282,0.002151197,0.002084536,0.002017087,0.001949397,0.00188084,0.001817562,0.001761768,0.001712464,0.001677813,0.001661687,0.00166833,0.001700084,0.001763008,0.001859636,0.001997088,0.002178518,0.002407682,0.00268033,0.002994988,0.00334682,0.003728364,0.004126882,0.004531977,0.004928899,0.005309636,0.005662041,0.005978066,0.006243701,0.00646924,0.006634552,0.006724605,0.006742361,0.006711694,0.00666866,0.006596039,0.00646505,0.006297636,0.006147142,0.005986995,0.005792608,0.005614487,0.005444305,0.005256736,0.00509118,0.004925148,0.004762718,0.004614902
0.004386913,0.00426641,0.004156272,0.004048632,0.003947599,0.003851447,0.003760158,0.003674471,0.003592751,0.003516727,0.00344417,0.00337714,0.003313178,0.003254505,0.003198636,0.003147779,0.003099524,0.003055991,0.00301489,0.002978187,0.002943831,0.002913513,0.002885418,0.002861057,0.002838715,0.002819796,0.002802637,0.002788554,0.00277593,0.002765971,0.002757083,0.002750386,0.002744298,0.00273982,0.002735469,0.002732032,0.002728101,0.002724355,0.002719413,0.002713882,0.002706361,0.002697475,0.002685772,0.002672019,0.002654617,0.0026346,0.002610232,0.002582861,0.002550749,0.002515455,0.002475852,0.002433016,0.002387334,0.002338205,0.002288728,0.002238275,0.00218781,0.002142729,0.002100262,0.00206531,0.002042116,0.0020317,0.002036034,0.002060472,0.002108885,0.002185087,0.002291966,0.002430513,0.002600296,0.002801608,0.003035603,0.00330024,0.003589723,0.003898371,0.004218323,0.004540081,0.00485406,0.005148645,0.00541515,0.005646984,0.005841776,0.005983012,0.00608252,0.006154247,0.006198882,0.006204291,0.006148045,0.006058961,0.005972663,0.005881183,0.005746137,0.005602638,0.005477579,0.005333177,0.005181342,0.005049458,0.004903256,0.00476747,0.004637446,0.004506332
0.004303038,0.004204432,0.004104697,0.00401237,0.003922112,0.003837144,0.003755606,0.003678436,0.003605175,0.003535743,0.003470382,0.003408546,0.003350643,0.003296056,0.003245225,0.003197582,0.003153493,0.003112452,0.003074731,0.003039925,0.00300819,0.002979305,0.002953151,0.002929728,0.002908764,0.002890326,0.002874032,0.002860022,0.002847793,0.002837525,0.002828646,0.002821335,0.00281493,0.002809651,0.002804728,0.002800441,0.002795874,0.002791369,0.002785956,0.002779963,0.002772389,0.002763568,0.002752594,0.00273975,0.002724266,0.002706316,0.002685487,0.002661762,0.002635162,0.002605679,0.002573478,0.002539801,0.00250287,0.002466614,0.002428153,0.00239183,0.002357802,0.002325782,0.002300792,0.002284446,0.002274778,0.002278575,0.002297739,0.00233478,0.00239,0.002466992,0.002565914,0.002691004,0.002842249,0.003020791,0.003221718,0.003442641,0.003679672,0.003927221,0.004177486,0.004425712,0.004663646,0.004888385,0.005093425,0.005276223,0.005428898,0.005561652,0.005660447,0.005714263,0.005725328,0.005711351,0.005697417,0.005666352,0.00559335,0.005495487,0.00541222,0.005319349,0.005197616,0.005087404,0.004979449,0.004854734,0.004744655,0.004630418,0.004516596,0.004411594
0.004212222,0.004121064,0.004036791,0.003952995,0.003873452,0.00379673,0.003723139,0.003653305,0.003586101,0.003522981,0.003462259,0.003405728,0.003351412,0.003301215,0.003253113,0.003209047,0.003166977,0.003128784,0.003092493,0.003059859,0.003029077,0.003001695,0.002976069,0.0029536,0.002932716,0.002914728,0.002898122,0.002884122,0.002871228,0.002860576,0.002850711,0.002842718,0.002835134,0.002828921,0.002822723,0.00281738,0.002811592,0.002806109,0.002799687,0.002793019,0.002784851,0.002775947,0.002765036,0.002753018,0.002738515,0.002722667,0.002704015,0.002684005,0.002661148,0.002637116,0.002610846,0.002583666,0.002555748,0.002526995,0.002499819,0.002473774,0.002449644,0.002431708,0.002417271,0.00241044,0.002413722,0.002427505,0.002452527,0.002492391,0.002548833,0.002623922,0.002718381,0.002831959,0.002962976,0.003111057,0.003276278,0.003456951,0.003648881,0.003848985,0.004052765,0.004255478,0.004451912,0.004635753,0.004802211,0.004948326,0.005073018,0.005165084,0.005234604,0.005291969,0.005336369,0.005356026,0.005332251,0.005287285,0.005247407,0.005203406,0.005123895,0.005037571,0.004963982,0.004871867,0.004772048,0.004685462,0.00458425,0.004489532,0.004396474,0.004300703
0.004091658,0.004015939,0.003937538,0.003864304,0.003791495,0.003722341,0.003655057,0.003590859,0.003529171,0.003470323,0.003414245,0.003360902,0.003310417,0.003262579,0.003217575,0.003175166,0.003135503,0.003098374,0.003063862,0.003031824,0.003002198,0.002975008,0.002949991,0.002927296,0.002906554,0.002887964,0.002871084,0.002856133,0.00284259,0.002830711,0.002819919,0.002810478,0.002801748,0.002794015,0.002786534,0.002779704,0.002772668,0.002765876,0.002758425,0.00275079,0.00274207,0.002732757,0.00272203,0.002710338,0.002697039,0.002682488,0.002666329,0.002648835,0.002629953,0.002609999,0.002588923,0.002567767,0.00254568,0.002525552,0.002505038,0.002487874,0.002473666,0.002462471,0.002457779,0.002460208,0.002468704,0.002487747,0.002518135,0.002561107,0.002616215,0.002685418,0.002768144,0.002866994,0.002981507,0.00311202,0.003254287,0.003407096,0.003567398,0.003732563,0.003897752,0.004060874,0.004217184,0.004366198,0.004504019,0.004629372,0.004737313,0.004836061,0.004913465,0.004961502,0.004980757,0.00498554,0.004993672,0.004989778,0.004952908,0.00489744,0.004853448,0.004799819,0.004721588,0.004651572,0.004580587,0.004494223,0.004417994,0.004335855,0.004252472,0.004174247
0.003945243,0.003873503,0.003805966,0.003737923,0.003672503,0.003608642,0.003546725,0.00348731,0.003429591,0.003374879,0.003321699,0.003271749,0.003223343,0.003178232,0.003134653,0.003094327,0.003055506,0.003019877,0.002985715,0.002954645,0.002924973,0.002898198,0.002872799,0.002850079,0.002828598,0.002809591,0.002791674,0.002775967,0.002761138,0.002748253,0.002735985,0.002725364,0.002715077,0.002706078,0.002697091,0.002689014,0.002680644,0.002672803,0.002664321,0.002656025,0.002646774,0.002637428,0.002626823,0.002615922,0.002603558,0.002590889,0.002576625,0.002562293,0.002546445,0.002530932,0.002514372,0.002498106,0.00248269,0.002467769,0.002455259,0.002444795,0.002436816,0.002434821,0.002435883,0.002443148,0.002459039,0.002482796,0.002514582,0.002556845,0.002610445,0.002676441,0.002754798,0.002844785,0.002945024,0.003055124,0.003174922,0.003303746,0.003438214,0.003577517,0.003718787,0.00385934,0.003995988,0.004125001,0.004243245,0.004348757,0.004441154,0.004512261,0.004569827,0.004622219,0.004667191,0.004694652,0.004689318,0.004669354,0.004654369,0.004635468,0.004587375,0.004533914,0.004489217,0.004427772,0.004359153,0.004299401,0.004226156,0.004156929,0.004087107,0.00401387
0.003760252,0.003699394,0.003635115,0.003574498,0.003513327,0.00345469,0.00339689,0.003341268,0.003287178,0.003235233,0.003185101,0.003137104,0.003091138,0.003047336,0.003005643,0.002966074,0.002928609,0.002893266,0.002859969,0.002828804,0.002799519,0.002772344,0.002746907,0.002723482,0.002701629,0.002681663,0.002663085,0.002646202,0.002630491,0.0026163,0.002603031,0.002591031,0.00257968,0.00256938,0.002559384,0.00255019,0.002540992,0.002532341,0.002523373,0.002514709,0.002505512,0.002496389,0.002486558,0.002476589,0.002465907,0.002455,0.002443485,0.002431838,0.002419861,0.002408107,0.002396278,0.002385263,0.002374731,0.002366731,0.002359306,0.002355605,0.002354866,0.002357355,0.002365356,0.002378938,0.002397674,0.002424469,0.002459493,0.00250337,0.002555395,0.002616743,0.002686654,0.002766927,0.002857114,0.002957338,0.003064107,0.00317706,0.003293698,0.003413007,0.003531664,0.003648726,0.003761126,0.0038693,0.00397057,0.00406414,0.004146764,0.004224903,0.004288095,0.004330561,0.004352204,0.004364997,0.004381838,0.004389557,0.004370866,0.004338091,0.00431438,0.004281773,0.004228601,0.004181554,0.004131985,0.004069018,0.00401326,0.003951162,0.003887116,0.003825925
0.00354574,0.003486556,0.003430149,0.003372652,0.003316718,0.003261529,0.003207452,0.00315504,0.003103645,0.003054452,0.003006263,0.002960543,0.00291589,0.002873868,0.002832963,0.002794717,0.002757613,0.002723168,0.002689868,0.00265918,0.002629622,0.002602541,0.002576588,0.002552964,0.002530379,0.002509981,0.002490499,0.002473019,0.002456317,0.002441431,0.002427133,0.002414432,0.002402122,0.00239118,0.002380435,0.002370782,0.002361132,0.002352336,0.002343338,0.002334996,0.00232629,0.002318097,0.002309386,0.00230113,0.002292284,0.002283991,0.002275097,0.002267014,0.002258476,0.00225113,0.002243784,0.002237761,0.002233062,0.002229731,0.002229048,0.002230736,0.002235046,0.002244635,0.002256904,0.002274529,0.00229865,0.002328748,0.002364502,0.002407824,0.00245886,0.002518421,0.002585952,0.002660876,0.002741733,0.002828499,0.002920949,0.00301883,0.003119711,0.003223387,0.003327841,0.003431647,0.003532519,0.003628125,0.00371618,0.003795713,0.003866197,0.003921656,0.0039685,0.004013066,0.004053121,0.004079989,0.004081532,0.004072655,0.004068373,0.004060498,0.004028816,0.003993102,0.003963553,0.003919511,0.003869221,0.003825114,0.003768922,0.003715448,0.003660253,0.003601651
0.003296945,0.003245408,0.003190781,0.003138601,0.003085417,0.003033962,0.002982686,0.002932991,0.002884141,0.002836879,0.002790895,0.002746557,0.002703697,0.00266257,0.002623035,0.002585306,0.002549219,0.002514966,0.002482348,0.002451568,0.002422377,0.002395034,0.002369153,0.002345101,0.002322409,0.002301463,0.00228173,0.002263652,0.002246638,0.002231148,0.002216554,0.002203321,0.002190805,0.002179506,0.002168728,0.002159012,0.002149611,0.002141129,0.002132797,0.002125243,0.002117709,0.002110839,0.002103943,0.002097654,0.002091377,0.002085694,0.002080209,0.002075367,0.002071043,0.002067589,0.002065037,0.002064197,0.00206405,0.00206683,0.002070598,0.002078008,0.002088201,0.002101294,0.00211916,0.002141908,0.002167942,0.002200274,0.002238456,0.002283015,0.002332815,0.002388937,0.002450336,0.002518665,0.002592955,0.002673612,0.002757802,0.002845368,0.002934751,0.003025094,0.003113993,0.003201385,0.003285017,0.003365695,0.003441431,0.003512299,0.003575424,0.003636007,0.003685663,0.003719628,0.003738346,0.003751396,0.003768402,0.003778143,0.003766904,0.003745052,0.003730356,0.003707803,0.003668469,0.003633868,0.003596166,0.003547365,0.003503445,0.003453728,0.003401861,0.003351627
0.003026204,0.002975229,0.00292635,0.002876081,0.002826724,0.002777635,0.002729118,0.002681755,0.002634952,0.00258976,0.002545295,0.002502748,0.00246098,0.00242131,0.002382491,0.002345924,0.00231027,0.002276904,0.002244486,0.002214317,0.00218517,0.002158203,0.002132241,0.002108405,0.002085536,0.002064701,0.002044747,0.002026751,0.002009542,0.001994143,0.001979421,0.001966389,0.001953913,0.001942954,0.001932471,0.001923342,0.001914574,0.001907016,0.001899738,0.001893548,0.001887529,0.00188254,0.001877684,0.00187391,0.001870227,0.001867732,0.001865396,0.001864417,0.001863772,0.001864719,0.001866488,0.001870327,0.001875354,0.001882305,0.001891784,0.001903631,0.001917952,0.001936644,0.001957686,0.00198348,0.002013503,0.002048087,0.002086502,0.002130397,0.002179303,0.002234073,0.002293754,0.002358149,0.002425511,0.00249627,0.002570146,0.002646999,0.002725295,0.002804778,0.002883918,0.002962207,0.003037809,0.003109286,0.003174867,0.003234526,0.003287237,0.003328782,0.003364621,0.003399305,0.003431164,0.003452733,0.003454604,0.003448897,0.003447279,0.003442531,0.00341855,0.003391577,0.003369053,0.003334401,0.003294532,0.00325914,0.003213147,0.003169205,0.003123065,0.003073966
0.002733993,0.002688765,0.002640718,0.00259439,0.002546878,0.002500608,0.002454165,0.002408927,0.002364122,0.002320561,0.002277884,0.002236575,0.002196361,0.002157615,0.002120105,0.002084203,0.002049625,0.002016715,0.001985166,0.001955308,0.001926828,0.001900086,0.001874637,0.001850954,0.001828515,0.0018078,0.00178825,0.001770395,0.001753606,0.001738422,0.001724212,0.001711529,0.001699714,0.001689323,0.001679688,0.001671414,0.001663774,0.00165742,0.001651623,0.001647037,0.001642928,0.001639988,0.001637543,0.001636275,0.001635555,0.001636017,0.00163721,0.001639617,0.001643029,0.001647795,0.001653885,0.001662035,0.001671124,0.00168314,0.001696282,0.00171277,0.00173162,0.001752999,0.001778193,0.001807294,0.001838524,0.001874485,0.001914448,0.001958843,0.002006417,0.002058098,0.002112781,0.002171919,0.00223442,0.002300769,0.00236861,0.002438,0.002507751,0.002577355,0.002644948,0.002710892,0.002773454,0.002833616,0.002889831,0.002942556,0.002989415,0.003034633,0.003071379,0.003096099,0.003109267,0.003118712,0.003131559,0.003138615,0.003129006,0.003111464,0.0030995,0.003080862,0.003048758,0.003020382,0.002988865,0.00294835,0.00291122,0.002869019,0.002824737,0.00278137
0.002433571,0.002388595,0.002344718,0.002299647,0.002255008,0.002210487,0.002166227,0.002122823,0.002079732,0.002037956,0.001996614,0.001956903,0.001917755,0.00188043,0.001843786,0.001809106,0.001775199,0.001743338,0.001712318,0.001683375,0.001655333,0.001629353,0.001604318,0.001581313,0.001559251,0.001539181,0.001520039,0.001502833,0.001486509,0.001472048,0.001458416,0.001446586,0.001435518,0.001426154,0.001417503,0.001410469,0.001404101,0.001399272,0.001395067,0.001392346,0.001390211,0.001389551,0.001389464,0.001390895,0.001392906,0.001396539,0.00140079,0.001406847,0.001413615,0.001422406,0.001432147,0.00144399,0.0014574,0.001472756,0.001490406,0.001510286,0.001532203,0.001557813,0.001585033,0.001615746,0.001649797,0.001687028,0.001726696,0.001770066,0.001816588,0.001866867,0.001919962,0.001975696,0.002032703,0.002091352,0.002151256,0.002212611,0.002273902,0.002335459,0.002396006,0.002455347,0.002512026,0.002565242,0.002613577,0.002657128,0.002695216,0.002724878,0.00275023,0.002775207,0.002797863,0.002812491,0.002811681,0.002805436,0.002802404,0.002796719,0.002775702,0.002752561,0.002732534,0.002702658,0.00266852,0.002637522,0.002597863,0.002559569,0.002519025,0.002475932
0.002127907,0.002087248,0.002043748,0.002001657,0.001958338,0.001916022,0.001873384,0.001831723,0.001790286,0.001749965,0.001710174,0.001671645,0.001633923,0.001597599,0.001562263,0.00152841,0.001495664,0.001464497,0.001434512,0.0014062,0.001379067,0.001353678,0.001329477,0.001307039,0.001285774,0.001266283,0.001247952,0.001231357,0.001215884,0.001202135,0.001189465,0.001178471,0.001168501,0.00116018,0.001152796,0.001147038,0.001142161,0.001138882,0.001136427,0.001135557,0.001135505,0.001137028,0.001139377,0.001143283,0.001148099,0.001154494,0.001161908,0.001170985,0.001181226,0.001193278,0.001206542,0.001221744,0.001238403,0.001257654,0.00127804,0.001301383,0.001326542,0.001353957,0.001384008,0.001416681,0.001451255,0.001489119,0.001529551,0.001572817,0.001617871,0.001665325,0.001714239,0.001765679,0.001818894,0.00187415,0.001929446,0.001985177,0.00203996,0.002094026,0.002145848,0.002195804,0.002242571,0.002287194,0.002328412,0.00236654,0.002400114,0.00243246,0.002457825,0.00247413,0.002481257,0.002485899,0.002493076,0.002495713,0.002485071,0.002468492,0.002456096,0.002438281,0.00240975,0.002384109,0.00235553,0.002319749,0.002286513,0.002248877,0.002209381,0.002170268
0.001829193,0.001788459,0.0017481,0.001706865,0.001665757,0.001624769,0.00158387,0.001543681,0.00150368,0.001464847,0.001426267,0.001389143,0.001352461,0.001317448,0.001283024,0.001250369,0.001218419,0.00118835,0.001159077,0.001131778,0.001105317,0.00108085,0.001057319,0.001035763,0.001015166,0.0009965542,0.000978927,0.0009632395,0.0009485388,0.000935774,0.0009239786,0.0009140819,0.0009051291,0.000898051,0.0008918841,0.0008875417,0.0008841045,0.0008824577,0.000881687,0.0008826994,0.0008846032,0.0008882945,0.0008928606,0.0008992241,0.0009064908,0.0009156449,0.000925696,0.0009378052,0.0009508138,0.0009660656,0.0009822412,0.001000406,0.001020317,0.001042047,0.001065738,0.001091435,0.001118699,0.001149007,0.001180257,0.001213922,0.001250213,0.001288604,0.001328362,0.001370468,0.001414361,0.001460479,0.001507929,0.001556577,0.001605379,0.001654639,0.001703863,0.001753501,0.001802011,0.001850149,0.001896797,0.001941937,0.001984368,0.002023748,0.002058881,0.002089901,0.002116436,0.002136477,0.002152954,0.002169291,0.002183424,0.002191267,0.00218703,0.002178819,0.002172826,0.002164556,0.002144244,0.002122411,0.002102566,0.002074937,0.00204384,0.002014884,0.00197908,0.00194414,0.001907108,0.001867966
0.001541066,0.001503285,0.001463189,0.001424156,0.001384033,0.001344736,0.00130508,0.00126629,0.001227609,0.001189949,0.001152695,0.001116609,0.001081184,0.001047086,0.001013828,0.0009820013,0.0009511454,0.0009218318,0.0008935838,0.0008669802,0.0008414814,0.0008177093,0.0007950766,0.0007742185,0.0007545192,0.0007366301,0.0007199089,0.0007050015,0.0006912636,0.0006793581,0.0006686105,0.0006596791,0.0006518895,0.000645925,0.0006410654,0.0006380258,0.0006360659,0.0006359259,0.0006368413,0.0006395821,0.000643388,0.0006490173,0.0006557208,0.0006642365,0.0006738807,0.0006853442,0.0006980043,0.0007125062,0.0007282858,0.0007459552,0.0007649018,0.0007858185,0.0008080405,0.0008326227,0.0008581996,0.0008862833,0.0009157509,0.0009470363,0.0009801943,0.001015328,0.001051537,0.001090056,0.001130022,0.001171759,0.001214191,0.001257929,0.001302001,0.00134737,0.001393199,0.001439865,0.00148566,0.001531062,0.001574892,0.001617503,0.001657602,0.001695728,0.001730752,0.001763704,0.001793496,0.001820631,0.001843857,0.001865848,0.001882101,0.001891276,0.001893251,0.001893318,0.001894949,0.001892874,0.001880433,0.001863493,0.001849376,0.001830905,0.001804058,0.001779296,0.001751876,0.001718952,0.001687608,0.001652803,0.001616347,0.00158006
0.001273723,0.001235629,0.001197862,0.001159383,0.001120905,0.001082574,0.001044229,0.001006563,0.0009690044,0.0009324769,0.0008962321,0.0008612815,0.0008267604,0.0007937357,0.0007612783,0.0007304806,0.0007003708,0.0006720353,0.0006444891,0.000618794,0.0005939893,0.0005710815,0.0005491372,0.0005291308,0.000510139,0.0004931106,0.0004771248,0.0004631277,0.0004501969,0.0004392561,0.0004293909,0.000421521,0.0004147327,0.0004099293,0.0004062237,0.000404484,0.0004038482,0.0004051671,0.0004075988,0.0004119784,0.0004174703,0.0004249155,0.0004334745,0.0004440151,0.0004556582,0.0004693228,0.0004840835,0.0005009068,0.0005188216,0.0005388279,0.0005599904,0.0005832503,0.0006077484,0.000634085,0.0006619663,0.000691587,0.0007224311,0.0007555634,0.0007894074,0.0008252818,0.0008624101,0.0009010262,0.0009401985,0.0009808748,0.001022221,0.001064832,0.00110767,0.001150915,0.001193336,0.001235512,0.001276845,0.001317764,0.001357161,0.001395556,0.001431939,0.001466641,0.001498555,0.001527669,0.001552929,0.001574879,0.001592772,0.00160549,0.001615196,0.00162432,0.001631419,0.001633461,0.001626192,0.001615771,0.001606616,0.001595438,0.001574973,0.001553224,0.001532496,0.001505812,0.001476263,0.001448159,0.001414505,0.001381528,0.001346648,0.001310244
0.001030646,0.0009945909,0.0009569196,0.0009199816,0.0008821643,0.0008450402,0.0008075814,0.0007709413,0.0007343548,0.0006987149,0.0006634688,0.0006293327,0.0005957864,0.0005635004,0.0005319667,0.0005018613,0.0004726404,0.0004449583,0.0004182647,0.0003931914,0.0003692041,0.0003469287,0.0003257676,0.0003064054,0.0002882067,0.0002718497,0.0002566756,0.0002434038,0.0002313343,0.0002211813,0.0002122457,0.0002052496,0.000199483,0.0001956629,0.0001930826,0.0001924665,0.0001930815,0.0001956711,0.0001995006,0.0002053029,0.0002123342,0.0002213377,0.000231589,0.0002438216,0.0002573052,0.0002727437,0.0002894751,0.0003080944,0.0003280563,0.0003498364,0.0003730082,0.0003982161,0.0004243426,0.0004526566,0.0004817951,0.0005130236,0.000545302,0.00057899,0.0006140565,0.0006507885,0.0006876782,0.0007262063,0.0007653577,0.0008055944,0.0008457346,0.0008864907,0.0009267998,0.0009676283,0.001007901,0.001048223,0.001087123,0.001125057,0.00116115,0.001195638,0.001227384,0.001257113,0.001283782,0.001308363,0.001329879,0.001349111,0.001364712,0.001378852,0.001388249,0.001392004,0.001390145,0.001386522,0.001383388,0.001377115,0.00136296,0.00134534,0.001329162,0.001309491,0.001283441,0.001258645,0.001231465,0.001200276,0.001169667,0.001136557,0.001101951,0.001067442
0.0008198416,0.0007835924,0.0007474102,0.0007108026,0.0006740708,0.0006375817,0.0006010232,0.0005651482,0.0005293514,0.0004945323,0.0004599941,0.0004266774,0.0003937859,0.0003622999,0.0003313811,0.0003020454,0.0002734034,0.0002464639,0.0002203258,0.0001959734,0.0001725373,0.0001509547,0.0001303626,0.0001116903,9.407507e-05,7.842216e-05,6.387092e-05,5.133493e-05,3.993735e-05,3.057075e-05,2.23725e-05,1.623606e-05,1.129232e-05,8.413654e-06,6.760109e-06,7.178741e-06,8.838488e-06,1.257198e-05,1.756506e-05,2.4627e-05,3.294127e-05,4.332724e-05,5.496733e-05,6.869494e-05,8.36462e-05,0.0001006849,0.0001189193,0.0001392213,0.0001606826,0.0001841713,0.0002088376,0.0002355249,0.0002632458,0.0002927159,0.0003233964,0.0003556277,0.0003887663,0.000423689,0.0004590794,0.000496026,0.0005335049,0.0005719837,0.0006104916,0.0006498716,0.0006891976,0.0007290865,0.0007684884,0.0008077477,0.0008456699,0.0008828993,0.000918731,0.0009536478,0.0009866719,0.001018318,0.001047626,0.001075101,0.001099721,0.00112174,0.001140201,0.001155787,0.001167662,0.001175395,0.001180249,0.001184053,0.001185649,0.001183203,0.001173701,0.001161583,0.001149592,0.001135726,0.001114919,0.001092875,0.001070884,0.001044541,0.001015762,0.0009876968,0.0009553874,0.0009234106,0.0008897457,0.0008550046
0.000644258,0.0006093749,0.0005731438,0.0005375051,0.0005011463,0.0004654196,0.0004294184,0.0003941995,0.0003590326,0.0003248223,0.0002909252,0.0002581587,0.0002259074,0.000194943,0.0001646619,0.0001358129,0.000107785,8.131027e-05,5.576773e-05,3.188332e-05,9.020167e-06,-1.208797e-05,-3.210976e-05,-5.029612e-05,-6.733553e-05,-8.247853e-05,-9.642518e-05,-0.0001084228,-0.0001191859,-0.0001279601,-0.0001354667,-0.0001409517,-0.0001451435,-0.0001472864,-0.0001481205,-0.0001468792,-0.0001443205,-0.0001396702,-0.0001336967,-0.0001256261,-0.0001162329,-0.0001047452,-9.193511e-05,-7.704659e-05,-6.084413e-05,-4.260044e-05,-2.305503e-05,-1.526425e-06,2.127871e-05,4.599849e-05,7.193375e-05,9.974688e-05,0.0001285613,0.0001592742,0.0001907442,0.0002239977,0.0002580023,0.0002932812,0.0003293606,0.000366598,0.0004039179,0.0004422811,0.0004807297,0.0005197334,0.0005582351,0.0005968466,0.000634578,0.0006722044,0.0007087702,0.0007448178,0.0007790794,0.000812118,0.0008429596,0.0008720883,0.0008984683,0.0009227779,0.0009440712,0.0009632324,0.0009793579,0.0009931506,0.001003585,0.001012273,0.001016827,0.001017118,0.001012795,0.001006661,0.0009997878,0.0009902631,0.0009748543,0.0009567109,0.0009385911,0.0009177569,0.000892192,0.0008669892,0.0008396109,0.0008093977,0.0007790386,0.000746847,0.0007132872,0.0006796391
0.0005094864,0.0004744721,0.0004390761,0.0004036005,0.0003678542,0.0003324802,0.0002969972,0.0002622176,0.0002275148,0.0001937922,0.0001603143,0.0001280357,9.617893e-05,6.570296e-05,3.580425e-05,7.428146e-06,-2.02368e-05,-4.625121e-05,-7.143991e-05,-9.486812e-05,-0.0001173765,-0.0001380417,-0.0001576913,-0.0001754329,-0.0001920893,-0.0002067746,-0.0002203104,-0.0002318317,-0.0002421532,-0.0002504146,-0.0002574353,-0.0002623624,-0.0002660168,-0.0002675487,-0.0002677822,-0.0002658767,-0.0002626498,-0.0002572735,-0.0002505672,-0.000241705,-0.0002315075,-0.0002191571,-0.0002054866,-0.0001896806,-0.0001725804,-0.0001533649,-0.0001329106,-0.0001103663,-8.666497e-05,-6.092248e-05,-3.412696e-05,-5.476928e-06,2.426719e-05,5.564216e-05,8.79994e-05,0.0001218167,0.0001562967,0.000192268,0.0002284707,0.0002657509,0.0003033812,0.0003416755,0.0003797085,0.0004181702,0.000456166,0.0004942406,0.0005314169,0.0005680959,0.0006032784,0.0006375128,0.0006699818,0.0007012682,0.000730317,0.0007578083,0.0007828067,0.000805841,0.0008259746,0.0008436675,0.0008580192,0.0008696581,0.0008778892,0.000882808,0.0008847022,0.0008850412,0.000882721,0.0008772067,0.0008665171,0.0008535258,0.0008393496,0.000823319,0.0008023893,0.0007801196,0.0007568688,0.0007306685,0.0007022942,0.0006738411,0.0006424254,0.0006108496,0.0005777801,0.0005439428
0.0004174973,0.0003831072,0.0003476881,0.0003126726,0.0002771017,0.000242094,0.0002068766,0.0001724178,0.0001380221,0.0001045931,7.143758e-05,3.943257e-05,7.900251e-06,-2.231454e-05,-5.189203e-05,-8.00179e-05,-0.0001073685,-0.0001331403,-0.0001580202,-0.0001812065,-0.0002034124,-0.000223828,-0.0002431779,-0.0002606613,-0.000277011,-0.0002914244,-0.0003046414,-0.000315872,-0.0003258555,-0.0003337992,-0.0003404538,-0.0003450326,-0.000348289,-0.0003494325,-0.000349233,-0.0003468952,-0.0003431971,-0.0003373435,-0.0003301239,-0.0003207393,-0.0003099839,-0.0002970703,-0.0002828008,-0.0002664019,-0.0002486667,-0.0002288423,-0.0002077248,-0.0001845738,-0.0001601998,-0.0001338719,-0.0001064454,-7.721152e-05,-4.695478e-05,-1.497532e-05,1.775441e-05,5.205309e-05,8.694068e-05,0.0001230439,0.0001595657,0.0001970123,0.0002345156,0.0002727291,0.0003107055,0.0003489684,0.000386533,0.0004239688,0.0004603102,0.0004961966,0.0005307021,0.0005643555,0.0005960605,0.0006264195,0.0006544249,0.0006806945,0.0007042571,0.0007257475,0.0007442579,0.000760555,0.0007737609,0.0007845504,0.0007920849,0.0007974667,0.0007992087,0.0007977743,0.0007925314,0.0007851964,0.0007757939,0.000764033,0.0007481352,0.0007299785,0.0007103482,0.0006886226,0.0006635759,0.0006379082,0.0006101789,0.00058065,0.0005501469,0.0005184374,0.0004853966,0.0004520865
0.0003711617,0.0003366887,0.0003015604,0.00026659,0.0002312233,0.000196328,0.0001612786,0.0001269648,9.272146e-05,5.94449e-05,2.643461e-05,-5.409893e-06,-3.68054e-05,-6.686063e-05,-9.631073e-05,-0.0001242772,-0.0001515033,-0.000177118,-0.0002018744,-0.0002249095,-0.0002469883,-0.0002672538,-0.0002864744,-0.0003038056,-0.0003200193,-0.0003342754,-0.0003473509,-0.0003584138,-0.0003682421,-0.0003760075,-0.000382494,-0.0003868788,-0.0003899485,-0.0003908833,-0.0003904752,-0.0003879099,-0.0003839808,-0.00037788,-0.0003704051,-0.0003607509,-0.0003497202,-0.0003365178,-0.0003219564,-0.0003052469,-0.0002872083,-0.0002670585,-0.0002456318,-0.0002221511,-0.0001974745,-0.0001708331,-0.000143115,-0.0001135662,-8.302655e-05,-5.082856e-05,-1.78148e-05,1.665594e-05,5.169569e-05,8.799618e-05,0.0001245544,0.0001620647,0.000199635,0.0002378144,0.0002756383,0.0003137235,0.0003511079,0.0003883687,0.0004245201,0.0004601077,0.0004941436,0.0005271958,0.0005583152,0.0005880871,0.0006155288,0.0006412709,0.0006643742,0.0006854484,0.0007035774,0.0007193868,0.000731996,0.0007420989,0.0007489036,0.0007530316,0.0007539128,0.0007524751,0.0007479009,0.000740757,0.0007300891,0.0007171693,0.0007016782,0.0006842077,0.0006636399,0.000641427,0.0006171311,0.0005911189,0.0005630497,0.0005341046,0.0005032197,0.0004717117,0.0004388216,0.0004054595
0.0003711617,0.0003366887,0.0003015604,0.00026659,0.0002312233,0.000196328,0.0001612786,0.0001269647,9.272144e-05,5.944489e-05,2.64346e-05,-5.409905e-06,-3.680541e-05,-6.686064e-05,-9.631074e-05,-0.0001242772,-0.0001515033,-0.000177118,-0.0002018744,-0.0002249095,-0.0002469883,-0.0002672538,-0.0002864744,-0.0003038056,-0.0003200193,-0.0003342754,-0.0003473509,-0.0003584138,-0.0003682421,-0.0003760075,-0.000382494,-0.0003868788,-0.0003899485,-0.0003908833,-0.0003904752,-0.0003879099,-0.0003839808,-0.00037788,-0.0003704051,-0.0003607509,-0.0003497202,-0.0003365178,-0.0003219564,-0.0003052469,-0.0002872083,-0.0002670585,-0.0002456318,-0.0002221511,-0.0001974745,-0.0001708331,-0.000143115,-0.0001135662,-8.302656e-05,-5.082856e-05,-1.781481e-05,1.665593e-05,5.169568e-05,8.799617e-05,0.0001245544,0.0001620647,0.000199635,0.0002378144,0.0002756383,0.0003137235,0.0003511079,0.0003883686,0.0004245201,0.0004601077,0.0004941436,0.0005271958,0.0005583151,0.0005880871,0.0006155288,0.0006412709,0.0006643742,0.0006854484,0.0007035774,0.0007193868,0.000731996,0.0007420989,0.0007489036,0.0007530316,0.0007539128,0.0007524751,0.0007479009,0.000740757,0.0007300891,0.0007171693,0.0007016781,0.0006842077,0.0006636399,0.000641427,0.0006171311,0.0005911188,0.0005630497,0.0005341046,0.0005032197,0.0004717117,0.0004388216,0.0004054595
0.0004174972,0.0003831071,0.0003476881,0.0003126726,0.0002771017,0.0002420939,0.0002068765,0.0001724177,0.0001380221,0.000104593,7.143754e-05,3.943253e-05,7.900213e-06,-2.231458e-05,-5.189206e-05,-8.001794e-05,-0.0001073686,-0.0001331404,-0.0001580203,-0.0001812066,-0.0002034124,-0.0002238281,-0.0002431779,-0.0002606614,-0.000277011,-0.0002914244,-0.0003046415,-0.000315872,-0.0003258555,-0.0003337992,-0.0003404539,-0.0003450326,-0.0003482891,-0.0003494325,-0.0003492331,-0.0003468953,-0.0003431971,-0.0003373435,-0.000330124,-0.0003207393,-0.0003099839,-0.0002970703,-0.0002828009,-0.0002664019,-0.0002486667,-0.0002288424,-0.0002077248,-0.0001845739,-0.0001601999,-0.0001338719,-0.0001064454,-7.721155e-05,-4.695481e-05,-1.497534e-05,1.775439e-05,5.205307e-05,8.694066e-05,0.0001230439,0.0001595656,0.0001970123,0.0002345156,0.000272729,0.0003107055,0.0003489683,0.000386533,0.0004239688,0.0004603102,0.0004961966,0.0005307021,0.0005643554,0.0005960605,0.0006264195,0.0006544249,0.0006806945,0.0007042571,0.0007257475,0.0007442579,0.000760555,0.0007737608,0.0007845504,0.0007920849,0.0007974667,0.0007992086,0.0007977743,0.0007925313,0.0007851964,0.0007757938,0.0007640329,0.0007481352,0.0007299784,0.0007103482,0.0006886225,0.0006635758,0.0006379082,0.0006101788,0.0005806499,0.0005501469,0.0005184373,0.0004853965,0.0004520865
0.0005094864,0.0004744721,0.0004390761,0.0004036004,0.0003678541,0.0003324802,0.0002969972,0.0002622175,0.0002275147,0.0001937922,0.0001603142,0.0001280357,9.617886e-05,6.570289e-05,3.580418e-05,7.428082e-06,-2.023686e-05,-4.625128e-05,-7.143998e-05,-9.486818e-05,-0.0001173766,-0.0001380418,-0.0001576914,-0.000175433,-0.0001920894,-0.0002067747,-0.0002203105,-0.0002318318,-0.0002421532,-0.0002504147,-0.0002574353,-0.0002623625,-0.0002660168,-0.0002675488,-0.0002677822,-0.0002658768,-0.0002626499,-0.0002572736,-0.0002505673,-0.0002417051,-0.0002315076,-0.0002191571,-0.0002054866,-0.0001896806,-0.0001725805,-0.0001533649,-0.0001329107,-0.0001103663,-8.666502e-05,-6.092252e-05,-3.4127e-05,-5.476967e-06,2.426715e-05,5.564212e-05,8.799937e-05,0.0001218167,0.0001562966,0.000192268,0.0002284706,0.0002657509,0.0003033812,0.0003416754,0.0003797085,0.0004181701,0.0004561659,0.0004942405,0.0005314169,0.0005680959,0.0006032784,0.0006375127,0.0006699818,0.0007012681,0.000730317,0.0007578082,0.0007828066,0.0008058409,0.0008259746,0.0008436674,0.0008580192,0.000869658,0.0008778892,0.0008828079,0.0008847021,0.0008850411,0.000882721,0.0008772066,0.0008665171,0.0008535258,0.0008393496,0.0008233189,0.0008023893,0.0007801196,0.0007568687,0.0007306685,0.0007022942,0.000673841,0.0006424253,0.0006108496,0.00057778,0.0005439427
0.000644258,0.0006093748,0.0005731437,0.000537505,0.0005011462,0.0004654196,0.0004294184,0.0003941994,0.0003590325,0.0003248223,0.0002909251,0.0002581586,0.0002259073,0.0001949429,0.0001646618,0.0001358128,0.0001077849,8.131019e-05,5.576764e-05,3.188323e-05,9.020074e-06,-1.208806e-05,-3.210985e-05,-5.029621e-05,-6.733562e-05,-8.247862e-05,-9.642528e-05,-0.0001084228,-0.000119186,-0.0001279601,-0.0001354668,-0.0001409518,-0.0001451436,-0.0001472865,-0.0001481206,-0.0001468793,-0.0001443206,-0.0001396703,-0.0001336968,-0.0001256261,-0.000116233,-0.0001047453,-9.193518e-05,-7.704666e-05,-6.084419e-05,-4.26005e-05,-2.30551e-05,-1.526486e-06,2.127865e-05,4.599844e-05,7.19337e-05,9.974682e-05,0.0001285612,0.0001592742,0.0001907442,0.0002239976,0.0002580022,0.0002932811,0.0003293606,0.000366598,0.0004039178,0.0004422811,0.0004807296,0.0005197333,0.000558235,0.0005968466,0.000634578,0.0006722043,0.0007087701,0.0007448177,0.0007790794,0.0008121179,0.0008429596,0.0008720882,0.0008984682,0.0009227778,0.0009440711,0.0009632323,0.0009793579,0.0009931505,0.001003585,0.001012273,0.001016827,0.001017118,0.001012795,0.001006661,0.0009997877,0.000990263,0.0009748543,0.0009567108,0.0009385911,0.0009177568,0.0008921919,0.0008669891,0.0008396109,0.0008093976,0.0007790385,0.0007468469,0.0007132872,0.0006796391
0.0008198415,0.0007835923,0.0007474101,0.0007108026,0.0006740707,0.0006375816,0.0006010231,0.0005651481,0.0005293513,0.0004945322,0.000459994,0.0004266773,0.0003937857,0.0003622998,0.000331381,0.0003020453,0.0002734033,0.0002464638,0.0002203257,0.0001959733,0.0001725372,0.0001509546,0.0001303625,0.0001116902,9.407495e-05,7.842205e-05,6.387081e-05,5.133482e-05,3.993724e-05,3.057063e-05,2.237239e-05,1.623595e-05,1.129221e-05,8.413546e-06,6.760004e-06,7.178638e-06,8.838385e-06,1.257188e-05,1.756496e-05,2.46269e-05,3.294117e-05,4.332715e-05,5.496724e-05,6.869486e-05,8.364611e-05,0.0001006848,0.0001189192,0.0001392212,0.0001606825,0.0001841712,0.0002088375,0.0002355248,0.0002632457,0.0002927158,0.0003233963,0.0003556277,0.0003887663,0.000423689,0.0004590793,0.000496026,0.0005335048,0.0005719836,0.0006104916,0.0006498715,0.0006891976,0.0007290864,0.0007684884,0.0008077476,0.0008456698,0.0008828992,0.0009187309,0.0009536477,0.0009866719,0.001018318,0.001047626,0.001075101,0.001099721,0.00112174,0.001140201,0.001155787,0.001167662,0.001175395,0.001180249,0.001184053,0.001185649,0.001183203,0.001173701,0.001161583,0.001149592,0.001135726,0.001114919,0.001092875,0.001070884,0.001044541,0.001015762,0.0009876967,0.0009553873,0.0009234106,0.0008897457,0.0008550045
0.001030646,0.0009945908,0.0009569195,0.0009199815,0.0008821642,0.0008450401,0.0008075813,0.0007709411,0.0007343547,0.0006987147,0.0006634687,0.0006293326,0.0005957863,0.0005635003,0.0005319666,0.0005018611,0.0004726403,0.0004449582,0.0004182646,0.0003931913,0.0003692039,0.0003469285,0.0003257675,0.0003064052,0.0002882065,0.0002718496,0.0002566755,0.0002434037,0.0002313341,0.0002211812,0.0002122456,0.0002052495,0.0001994829,0.0001956628,0.0001930825,0.0001924664,0.0001930813,0.000195671,0.0001995005,0.0002053028,0.000212334,0.0002213376,0.0002315889,0.0002438215,0.000257305,0.0002727436,0.000289475,0.0003080943,0.0003280563,0.0003498363,0.0003730081,0.000398216,0.0004243426,0.0004526565,0.000481795,0.0005130235,0.0005453019,0.0005789899,0.0006140564,0.0006507884,0.0006876781,0.0007262063,0.0007653577,0.0008055943,0.0008457345,0.0008864906,0.0009267997,0.0009676282,0.001007901,0.001048223,0.001087123,0.001125057,0.00116115,0.001195638,0.001227384,0.001257113,0.001283782,0.001308363,0.001329879,0.001349111,0.001364712,0.001378852,0.001388249,0.001392003,0.001390145,0.001386521,0.001383388,0.001377115,0.00136296,0.00134534,0.001329162,0.001309491,0.001283441,0.001258645,0.001231465,0.001200275,0.001169667,0.001136557,0.001101951,0.001067442
0.001273723,0.001235629,0.001197862,0.001159383,0.001120905,0.001082573,0.001044229,0.001006563,0.0009690042,0.0009324768,0.000896232,0.0008612814,0.0008267603,0.0007937356,0.0007612781,0.0007304805,0.0007003707,0.0006720352,0.000644489,0.0006187939,0.0005939892,0.0005710814,0.0005491371,0.0005291306,0.0005101389,0.0004931105,0.0004771246,0.0004631276,0.0004501967,0.0004392559,0.0004293908,0.0004215208,0.0004147326,0.0004099291,0.0004062236,0.0004044838,0.0004038481,0.0004051669,0.0004075986,0.0004119783,0.0004174701,0.0004249153,0.0004334744,0.0004440149,0.000455658,0.0004693227,0.0004840834,0.0005009067,0.0005188215,0.0005388278,0.0005599902,0.0005832502,0.0006077483,0.0006340849,0.0006619663,0.0006915869,0.0007224311,0.0007555633,0.0007894073,0.0008252817,0.0008624099,0.0009010261,0.0009401984,0.0009808746,0.001022221,0.001064832,0.00110767,0.001150915,0.001193336,0.001235512,0.001276845,0.001317764,0.001357161,0.001395556,0.001431938,0.001466641,0.001498555,0.001527669,0.001552929,0.001574879,0.001592772,0.00160549,0.001615196,0.00162432,0.001631419,0.001633461,0.001626192,0.00161577,0.001606616,0.001595438,0.001574973,0.001553224,0.001532496,0.001505812,0.001476263,0.001448159,0.001414505,0.001381528,0.001346648,0.001310243
0.001541066,0.001503285,0.001463189,0.001424156,0.001384033,0.001344736,0.00130508,0.001266289,0.001227609,0.001189949,0.001152695,0.001116609,0.001081184,0.001047086,0.001013828,0.0009820011,0.0009511453,0.0009218316,0.0008935836,0.0008669801,0.0008414813,0.0008177091,0.0007950765,0.0007742184,0.0007545191,0.0007366299,0.0007199087,0.0007050014,0.0006912635,0.000679358,0.0006686103,0.0006596789,0.0006518894,0.0006459248,0.0006410653,0.0006380256,0.0006360658,0.0006359257,0.0006368412,0.0006395819,0.0006433878,0.0006490171,0.0006557207,0.0006642364,0.0006738806,0.0006853441,0.0006980042,0.0007125061,0.0007282857,0.0007459551,0.0007649017,0.0007858184,0.0008080404,0.0008326226,0.0008581995,0.0008862833,0.0009157508,0.0009470361,0.0009801942,0.001015328,0.001051537,0.001090056,0.001130022,0.001171759,0.001214191,0.001257929,0.001302001,0.00134737,0.001393198,0.001439865,0.00148566,0.001531062,0.001574892,0.001617503,0.001657602,0.001695728,0.001730752,0.001763704,0.001793495,0.001820631,0.001843857,0.001865848,0.001882101,0.001891275,0.001893251,0.001893318,0.001894949,0.001892874,0.001880433,0.001863493,0.001849376,0.001830905,0.001804058,0.001779295,0.001751876,0.001718952,0.001687608,0.001652803,0.001616347,0.001580059
0.001829193,0.001788459,0.0017481,0.001706865,0.001665757,0.001624769,0.00158387,0.001543681,0.00150368,0.001464846,0.001426267,0.001389143,0.00135246,0.001317447,0.001283023,0.001250369,0.001218418,0.00118835,0.001159077,0.001131778,0.001105317,0.00108085,0.001057318,0.001035763,0.001015166,0.000996554,0.0009789268,0.0009632393,0.0009485387,0.0009357739,0.0009239784,0.0009140818,0.000905129,0.0008980508,0.0008918839,0.0008875416,0.0008841043,0.0008824575,0.0008816869,0.0008826993,0.0008846031,0.0008882944,0.0008928604,0.000899224,0.0009064907,0.0009156448,0.0009256959,0.0009378051,0.0009508136,0.0009660654,0.0009822411,0.001000406,0.001020317,0.001042046,0.001065738,0.001091435,0.001118699,0.001149007,0.001180257,0.001213922,0.001250213,0.001288604,0.001328362,0.001370468,0.001414361,0.001460478,0.001507929,0.001556576,0.001605379,0.001654639,0.001703863,0.001753501,0.001802011,0.001850149,0.001896797,0.001941937,0.001984368,0.002023747,0.00205888,0.002089901,0.002116436,0.002136476,0.002152954,0.002169291,0.002183424,0.002191267,0.00218703,0.002178819,0.002172826,0.002164556,0.002144243,0.002122411,0.002102565,0.002074937,0.002043839,0.002014883,0.00197908,0.00194414,0.001907108,0.001867966
0.002127907,0.002087248,0.002043748,0.002001657,0.001958338,0.001916022,0.001873384,0.001831722,0.001790286,0.001749965,0.001710174,0.001671645,0.001633923,0.001597599,0.001562263,0.00152841,0.001495663,0.001464497,0.001434512,0.0014062,0.001379067,0.001353678,0.001329477,0.001307039,0.001285774,0.001266282,0.001247952,0.001231357,0.001215884,0.001202135,0.001189465,0.001178471,0.001168501,0.00116018,0.001152796,0.001147038,0.001142161,0.001138882,0.001136427,0.001135557,0.001135505,0.001137028,0.001139377,0.001143283,0.001148099,0.001154494,0.001161908,0.001170985,0.001181226,0.001193278,0.001206542,0.001221744,0.001238403,0.001257654,0.00127804,0.001301383,0.001326542,0.001353957,0.001384008,0.001416681,0.001451255,0.001489119,0.001529551,0.001572817,0.00161787,0.001665324,0.001714239,0.001765679,0.001818894,0.00187415,0.001929446,0.001985177,0.00203996,0.002094026,0.002145847,0.002195804,0.00224257,0.002287194,0.002328411,0.00236654,0.002400114,0.00243246,0.002457825,0.00247413,0.002481257,0.002485899,0.002493076,0.002495713,0.002485071,0.002468492,0.002456096,0.002438281,0.00240975,0.002384109,0.002355529,0.002319749,0.002286512,0.002248877,0.002209381,0.002170268
0.00243357,0.002388595,0.002344718,0.002299647,0.002255008,0.002210486,0.002166227,0.002122822,0.002079732,0.002037955,0.001996614,0.001956902,0.001917755,0.00188043,0.001843786,0.001809106,0.001775199,0.001743338,0.001712318,0.001683375,0.001655333,0.001629352,0.001604317,0.001581313,0.001559251,0.001539181,0.001520039,0.001502833,0.001486508,0.001472048,0.001458416,0.001446585,0.001435518,0.001426154,0.001417503,0.001410469,0.001404101,0.001399272,0.001395067,0.001392346,0.001390211,0.001389551,0.001389464,0.001390895,0.001392906,0.001396538,0.00140079,0.001406847,0.001413615,0.001422406,0.001432147,0.00144399,0.0014574,0.001472756,0.001490406,0.001510286,0.001532203,0.001557813,0.001585033,0.001615746,0.001649797,0.001687028,0.001726696,0.001770066,0.001816588,0.001866867,0.001919962,0.001975696,0.002032702,0.002091352,0.002151256,0.002212611,0.002273902,0.002335459,0.002396005,0.002455347,0.002512026,0.002565242,0.002613577,0.002657128,0.002695216,0.002724877,0.00275023,0.002775207,0.002797863,0.002812491,0.002811681,0.002805435,0.002802404,0.002796719,0.002775702,0.002752561,0.002732534,0.002702657,0.00266852,0.002637522,0.002597863,0.002559569,0.002519025,0.002475932
0.002733993,0.002688765,0.002640718,0.002594389,0.002546877,0.002500608,0.002454165,0.002408927,0.002364122,0.002320561,0.002277883,0.002236575,0.00219636,0.002157614,0.002120105,0.002084203,0.002049625,0.002016715,0.001985166,0.001955308,0.001926827,0.001900086,0.001874637,0.001850953,0.001828514,0.0018078,0.00178825,0.001770395,0.001753606,0.001738422,0.001724212,0.001711529,0.001699714,0.001689323,0.001679688,0.001671414,0.001663774,0.00165742,0.001651623,0.001647037,0.001642928,0.001639988,0.001637543,0.001636275,0.001635555,0.001636016,0.00163721,0.001639617,0.001643029,0.001647795,0.001653885,0.001662035,0.001671124,0.00168314,0.001696282,0.00171277,0.00173162,0.001752998,0.001778192,0.001807294,0.001838524,0.001874484,0.001914448,0.001958843,0.002006417,0.002058097,0.002112781,0.002171919,0.00223442,0.002300769,0.00236861,0.002438,0.002507751,0.002577355,0.002644948,0.002710892,0.002773454,0.002833616,0.002889831,0.002942556,0.002989415,0.003034632,0.003071379,0.003096099,0.003109267,0.003118712,0.003131558,0.003138614,0.003129006,0.003111464,0.003099499,0.003080862,0.003048758,0.003020382,0.002988864,0.00294835,0.002911219,0.002869019,0.002824737,0.00278137
0.003026203,0.002975229,0.002926349,0.002876081,0.002826724,0.002777635,0.002729117,0.002681755,0.002634951,0.002589759,0.002545295,0.002502748,0.00246098,0.00242131,0.002382491,0.002345924,0.00231027,0.002276904,0.002244486,0.002214317,0.00218517,0.002158203,0.00213224,0.002108404,0.002085536,0.002064701,0.002044747,0.00202675,0.002009542,0.001994143,0.001979421,0.001966389,0.001953912,0.001942954,0.001932471,0.001923342,0.001914574,0.001907016,0.001899738,0.001893548,0.001887528,0.00188254,0.001877683,0.00187391,0.001870227,0.001867732,0.001865396,0.001864417,0.001863772,0.001864719,0.001866488,0.001870327,0.001875354,0.001882304,0.001891784,0.001903631,0.001917952,0.001936644,0.001957686,0.00198348,0.002013503,0.002048087,0.002086502,0.002130397,0.002179303,0.002234072,0.002293754,0.002358149,0.002425511,0.00249627,0.002570146,0.002646998,0.002725295,0.002804778,0.002883918,0.002962207,0.003037809,0.003109285,0.003174867,0.003234526,0.003287237,0.003328782,0.00336462,0.003399304,0.003431164,0.003452733,0.003454603,0.003448897,0.003447279,0.003442531,0.00341855,0.003391577,0.003369052,0.003334401,0.003294531,0.00325914,0.003213146,0.003169205,0.003123065,0.003073966
0.003296945,0.003245408,0.003190781,0.003138601,0.003085417,0.003033962,0.002982686,0.00293299,0.002884141,0.002836879,0.002790895,0.002746556,0.002703697,0.00266257,0.002623035,0.002585306,0.002549219,0.002514966,0.002482348,0.002451568,0.002422376,0.002395034,0.002369153,0.002345101,0.002322409,0.002301463,0.00228173,0.002263652,0.002246638,0.002231147,0.002216554,0.002203321,0.002190805,0.002179506,0.002168728,0.002159012,0.002149611,0.002141129,0.002132797,0.002125243,0.002117709,0.002110838,0.002103943,0.002097653,0.002091377,0.002085694,0.002080209,0.002075366,0.002071042,0.002067589,0.002065037,0.002064197,0.00206405,0.00206683,0.002070598,0.002078008,0.002088201,0.002101294,0.00211916,0.002141908,0.002167942,0.002200273,0.002238456,0.002283015,0.002332815,0.002388937,0.002450336,0.002518665,0.002592955,0.002673611,0.002757802,0.002845368,0.002934751,0.003025094,0.003113992,0.003201384,0.003285017,0.003365695,0.003441431,0.003512299,0.003575424,0.003636007,0.003685663,0.003719628,0.003738346,0.003751396,0.003768402,0.003778143,0.003766904,0.003745052,0.003730356,0.003707803,0.003668469,0.003633868,0.003596166,0.003547365,0.003503445,0.003453728,0.003401861,0.003351626
0.003545739,0.003486556,0.003430149,0.003372652,0.003316717,0.003261529,0.003207452,0.00315504,0.003103644,0.003054452,0.003006262,0.002960542,0.00291589,0.002873868,0.002832963,0.002794717,0.002757613,0.002723168,0.002689868,0.00265918,0.002629622,0.002602541,0.002576587,0.002552964,0.002530379,0.002509981,0.002490499,0.002473019,0.002456317,0.002441431,0.002427133,0.002414432,0.002402122,0.00239118,0.002380434,0.002370782,0.002361131,0.002352336,0.002343338,0.002334996,0.00232629,0.002318097,0.002309386,0.00230113,0.002292284,0.00228399,0.002275097,0.002267014,0.002258476,0.002251129,0.002243784,0.002237761,0.002233061,0.002229731,0.002229048,0.002230736,0.002235046,0.002244634,0.002256904,0.002274529,0.00229865,0.002328748,0.002364502,0.002407824,0.00245886,0.002518421,0.002585952,0.002660876,0.002741732,0.002828499,0.002920949,0.00301883,0.003119711,0.003223387,0.003327841,0.003431647,0.003532518,0.003628125,0.00371618,0.003795713,0.003866197,0.003921655,0.0039685,0.004013066,0.00405312,0.004079989,0.004081532,0.004072655,0.004068373,0.004060498,0.004028816,0.003993102,0.003963553,0.00391951,0.003869221,0.003825114,0.003768922,0.003715448,0.003660253,0.003601651
0.003760252,0.003699394,0.003635115,0.003574498,0.003513327,0.003454689,0.003396889,0.003341268,0.003287178,0.003235233,0.003185101,0.003137103,0.003091138,0.003047336,0.003005643,0.002966074,0.002928609,0.002893266,0.002859968,0.002828804,0.002799518,0.002772344,0.002746906,0.002723482,0.002701629,0.002681663,0.002663085,0.002646202,0.002630491,0.0026163,0.002603031,0.002591031,0.00257968,0.00256938,0.002559384,0.00255019,0.002540992,0.002532341,0.002523373,0.002514709,0.002505512,0.002496389,0.002486558,0.002476589,0.002465907,0.002455,0.002443485,0.002431838,0.00241986,0.002408106,0.002396277,0.002385263,0.002374731,0.002366731,0.002359306,0.002355605,0.002354866,0.002357355,0.002365355,0.002378938,0.002397674,0.002424469,0.002459493,0.00250337,0.002555394,0.002616742,0.002686654,0.002766927,0.002857114,0.002957338,0.003064107,0.003177059,0.003293698,0.003413007,0.003531664,0.003648726,0.003761126,0.0038693,0.003970569,0.00406414,0.004146764,0.004224902,0.004288095,0.004330561,0.004352204,0.004364997,0.004381838,0.004389557,0.004370866,0.004338091,0.00431438,0.004281772,0.004228601,0.004181554,0.004131985,0.004069017,0.00401326,0.003951162,0.003887115,0.003825925
0.003945243,0.003873502,0.003805966,0.003737923,0.003672503,0.003608641,0.003546725,0.00348731,0.003429591,0.003374878,0.003321698,0.003271749,0.003223343,0.003178232,0.003134653,0.003094327,0.003055506,0.003019876,0.002985715,0.002954645,0.002924973,0.002898198,0.002872799,0.002850079,0.002828598,0.002809591,0.002791674,0.002775967,0.002761138,0.002748252,0.002735985,0.002725364,0.002715077,0.002706078,0.002697091,0.002689014,0.002680644,0.002672803,0.002664321,0.002656025,0.002646774,0.002637428,0.002626823,0.002615921,0.002603558,0.002590889,0.002576625,0.002562293,0.002546445,0.002530932,0.002514372,0.002498106,0.00248269,0.002467769,0.002455259,0.002444795,0.002436816,0.002434821,0.002435883,0.002443148,0.002459039,0.002482795,0.002514582,0.002556845,0.002610445,0.002676441,0.002754798,0.002844784,0.002945024,0.003055124,0.003174922,0.003303745,0.003438214,0.003577517,0.003718787,0.00385934,0.003995988,0.004125001,0.004243244,0.004348756,0.004441154,0.004512261,0.004569827,0.004622219,0.004667191,0.004694652,0.004689318,0.004669354,0.004654369,0.004635467,0.004587375,0.004533914,0.004489217,0.004427772,0.004359153,0.004299401,0.004226156,0.004156929,0.004087107,0.00401387
0.004091658,0.004015938,0.003937538,0.003864303,0.003791495,0.00372234,0.003655057,0.003590858,0.003529171,0.003470323,0.003414245,0.003360902,0.003310416,0.003262579,0.003217575,0.003175166,0.003135503,0.003098374,0.003063862,0.003031824,0.003002198,0.002975008,0.00294999,0.002927296,0.002906554,0.002887963,0.002871084,0.002856133,0.00284259,0.00283071,0.002819919,0.002810478,0.002801748,0.002794015,0.002786534,0.002779703,0.002772668,0.002765876,0.002758424,0.00275079,0.00274207,0.002732757,0.00272203,0.002710338,0.002697039,0.002682488,0.002666329,0.002648835,0.002629952,0.002609999,0.002588923,0.002567767,0.00254568,0.002525552,0.002505037,0.002487873,0.002473665,0.002462471,0.002457779,0.002460208,0.002468704,0.002487747,0.002518135,0.002561107,0.002616215,0.002685418,0.002768144,0.002866994,0.002981507,0.00311202,0.003254287,0.003407096,0.003567398,0.003732563,0.003897752,0.004060873,0.004217184,0.004366198,0.004504019,0.004629372,0.004737313,0.00483606,0.004913465,0.004961502,0.004980757,0.00498554,0.004993672,0.004989777,0.004952908,0.00489744,0.004853448,0.004799818,0.004721588,0.004651572,0.004580587,0.004494223,0.004417994,0.004335855,0.004252472,0.004174247
0.004212222,0.004121064,0.004036791,0.003952995,0.003873452,0.003796729,0.003723139,0.003653305,0.0035861,0.003522981,0.003462259,0.003405728,0.003351412,0.003301215,0.003253112,0.003209047,0.003166977,0.003128784,0.003092493,0.003059859,0.003029077,0.003001695,0.002976069,0.0029536,0.002932715,0.002914728,0.002898122,0.002884122,0.002871228,0.002860576,0.002850711,0.002842718,0.002835134,0.002828921,0.002822722,0.00281738,0.002811592,0.002806109,0.002799687,0.002793018,0.002784851,0.002775947,0.002765036,0.002753018,0.002738515,0.002722667,0.002704015,0.002684005,0.002661148,0.002637116,0.002610845,0.002583665,0.002555747,0.002526995,0.002499819,0.002473774,0.002449644,0.002431708,0.002417271,0.00241044,0.002413722,0.002427505,0.002452527,0.00249239,0.002548833,0.002623922,0.002718381,0.002831959,0.002962976,0.003111057,0.003276277,0.003456951,0.003648881,0.003848985,0.004052765,0.004255478,0.004451912,0.004635753,0.004802211,0.004948326,0.005073018,0.005165084,0.005234604,0.005291969,0.005336368,0.005356026,0.005332251,0.005287285,0.005247407,0.005203406,0.005123895,0.005037571,0.004963982,0.004871867,0.004772048,0.004685462,0.00458425,0.004489532,0.004396474,0.004300703
0.004303038,0.004204432,0.004104696,0.00401237,0.003922112,0.003837144,0.003755606,0.003678436,0.003605175,0.003535743,0.003470381,0.003408545,0.003350643,0.003296056,0.003245224,0.003197582,0.003153492,0.003112452,0.003074731,0.003039925,0.00300819,0.002979305,0.002953151,0.002929727,0.002908764,0.002890326,0.002874032,0.002860022,0.002847793,0.002837525,0.002828646,0.002821335,0.00281493,0.002809651,0.002804728,0.00280044,0.002795873,0.002791369,0.002785956,0.002779962,0.002772389,0.002763568,0.002752594,0.002739749,0.002724266,0.002706316,0.002685487,0.002661762,0.002635162,0.002605679,0.002573478,0.002539801,0.00250287,0.002466614,0.002428152,0.002391829,0.002357801,0.002325782,0.002300792,0.002284446,0.002274778,0.002278575,0.002297739,0.00233478,0.00239,0.002466992,0.002565914,0.002691004,0.002842249,0.003020791,0.003221718,0.003442641,0.003679672,0.003927221,0.004177486,0.004425712,0.004663646,0.004888385,0.005093425,0.005276223,0.005428898,0.005561652,0.005660447,0.005714262,0.005725328,0.005711351,0.005697417,0.005666351,0.005593349,0.005495487,0.005412219,0.005319349,0.005197616,0.005087403,0.004979449,0.004854734,0.004744655,0.004630418,0.004516596,0.004411593
0.004386913,0.00426641,0.004156271,0.004048632,0.003947598,0.003851446,0.003760158,0.003674471,0.003592751,0.003516727,0.00344417,0.00337714,0.003313178,0.003254505,0.003198636,0.003147779,0.003099524,0.003055991,0.00301489,0.002978187,0.00294383,0.002913513,0.002885418,0.002861057,0.002838714,0.002819796,0.002802637,0.002788554,0.00277593,0.002765971,0.002757083,0.002750386,0.002744298,0.002739819,0.002735469,0.002732032,0.002728101,0.002724355,0.002719413,0.002713882,0.002706361,0.002697475,0.002685772,0.002672019,0.002654617,0.0026346,0.002610232,0.002582861,0.002550749,0.002515455,0.002475852,0.002433016,0.002387334,0.002338205,0.002288728,0.002238275,0.00218781,0.002142729,0.002100262,0.00206531,0.002042116,0.0020317,0.002036034,0.002060472,0.002108885,0.002185087,0.002291966,0.002430513,0.002600296,0.002801608,0.003035603,0.00330024,0.003589723,0.003898371,0.004218323,0.004540081,0.004854059,0.005148645,0.00541515,0.005646984,0.005841775,0.005983012,0.00608252,0.006154246,0.006198882,0.006204291,0.006148045,0.006058961,0.005972662,0.005881183,0.005746137,0.005602637,0.005477579,0.005333176,0.005181342,0.005049457,0.004903256,0.00476747,0.004637446,0.004506332
0.004465912,0.004332014,0.004199281,0.004077557,0.003960597,0.003851445,0.003748182,0.003651165,0.003560157,0.003474477,0.003394563,0.003319346,0.003249503,0.003183945,0.003123355,0.003066716,0.003014657,0.0029663,0.002922145,0.002881518,0.002844693,0.002811271,0.002781253,0.002754458,0.002730737,0.002709992,0.002691942,0.002676576,0.002663496,0.002652745,0.002643802,0.002636712,0.002630853,0.002626346,0.002622367,0.002619101,0.002615559,0.002611977,0.002607252,0.002601609,0.002593909,0.002584305,0.002571722,0.002556196,0.002536842,0.002513528,0.002485671,0.002452986,0.002415254,0.002372335,0.002323937,0.002271226,0.002212282,0.002151197,0.002084536,0.002017087,0.001949397,0.00188084,0.001817562,0.001761768,0.001712464,0.001677813,0.001661687,0.00166833,0.001700084,0.001763008,0.001859636,0.001997088,0.002178518,0.002407682,0.00268033,0.002994988,0.00334682,0.003728364,0.004126882,0.004531977,0.004928899,0.005309636,0.005662041,0.005978066,0.006243701,0.00646924,0.006634552,0.006724605,0.00674236,0.006711694,0.00666866,0.006596038,0.006465049,0.006297636,0.006147141,0.005986995,0.005792608,0.005614486,0.005444305,0.005256736,0.00509118,0.004925147,0.004762717,0.004614902
0.004573542,0.004407294,0.004256473,0.004111839,0.00397744,0.003851325,0.003732775,0.0036227,0.00351865,0.003422688,0.003331727,0.003248258,0.003169108,0.003096861,0.003028429,0.002966325,0.002907662,0.002854829,0.002805161,0.002760856,0.002719526,0.002683061,0.002649421,0.002620233,0.00259362,0.002571073,0.00255081,0.002534187,0.00251951,0.002507992,0.002497962,0.00249053,0.00248406,0.002479485,0.002475244,0.002472044,0.002468407,0.002464878,0.002459968,0.002454132,0.002445839,0.002435517,0.002421516,0.002404368,0.002382265,0.002355978,0.002323463,0.002285853,0.00224103,0.002190323,0.002132234,0.002067107,0.001996118,0.001917318,0.001834495,0.001746519,0.001654063,0.001563708,0.001472075,0.001384093,0.001307192,0.001242126,0.001192444,0.001165433,0.001168268,0.001207045,0.001288554,0.00141612,0.001593092,0.001822605,0.002110424,0.002458408,0.002861612,0.003314432,0.003804865,0.004315777,0.004831159,0.005332223,0.005804722,0.006233778,0.006610653,0.006904045,0.007120602,0.00727672,0.007372165,0.007395173,0.007318538,0.007181874,0.007035156,0.006875202,0.006656096,0.006422667,0.006213627,0.005984252,0.005747797,0.005540994,0.005322024,0.005119504,0.004929705,0.004742218
0.004715205,0.004524981,0.004340494,0.004172489,0.004013899,0.003867055,0.003730116,0.003602382,0.003483949,0.003373098,0.003270643,0.003174657,0.003086204,0.003003421,0.002927359,0.002856376,0.002791421,0.002731113,0.002676231,0.002625709,0.002580015,0.002538478,0.00250125,0.002467921,0.002438484,0.002412648,0.00239026,0.002371132,0.002354963,0.002341635,0.002330704,0.00232208,0.00231518,0.00230997,0.002305596,0.00230215,0.002298563,0.002294943,0.002290063,0.002283994,0.002275432,0.00226434,0.002249443,0.002230508,0.002206448,0.002176779,0.002140671,0.002097479,0.002046631,0.0019877,0.00191974,0.001843815,0.001757315,0.001664598,0.001561175,0.001451967,0.00133769,0.001216745,0.00109616,0.0009786588,0.0008631401,0.0007593114,0.0006727966,0.000609529,0.0005735796,0.000573838,0.0006152716,0.0007085261,0.0008602798,0.001078686,0.001363597,0.00172147,0.002154937,0.002660046,0.003219002,0.003812622,0.004417141,0.005023642,0.005622138,0.00620336,0.006737249,0.007218783,0.007603032,0.007859512,0.007989281,0.008021738,0.008007601,0.007929088,0.007753161,0.007510071,0.007275606,0.007023295,0.006723495,0.006442057,0.006174782,0.00588856,0.005633942,0.005385018,0.005144772,0.004928301
0.004929066,0.004691191,0.004476599,0.004274305,0.004087891,0.003915282,0.0037545,0.003606761,0.0034683,0.003341577,0.003222357,0.003113574,0.003011084,0.002917833,0.002829966,0.00275034,0.002675444,0.002607955,0.00254473,0.002488186,0.002435596,0.002389005,0.002346124,0.002308705,0.002274677,0.002245631,0.002219655,0.002198157,0.002179331,0.002164408,0.002151648,0.00214215,0.002134217,0.002128684,0.002123954,0.002120618,0.002117148,0.002113905,0.002109345,0.002103687,0.002095287,0.002084326,0.002068991,0.00204953,0.002023898,0.001992539,0.001953127,0.001906411,0.001849976,0.0017846,0.001708652,0.001621536,0.001524792,0.001415113,0.001296806,0.001167949,0.001028561,0.0008861471,0.0007365562,0.0005843497,0.000439079,0.0003011657,0.0001749184,6.888386e-05,-7.249116e-06,-4.587305e-05,-3.684029e-05,2.411198e-05,0.000139313,0.0003081284,0.0005403858,0.0008509263,0.0012544,0.001760142,0.002356361,0.003009268,0.00368536,0.004361529,0.005046868,0.00575642,0.006483873,0.007140833,0.007685202,0.008123412,0.008455711,0.008663147,0.008699434,0.008614277,0.008477607,0.008294202,0.00800839,0.007681533,0.007373712,0.00703436,0.0066804,0.006364707,0.006037206,0.005732605,0.005450187,0.005175177
0.005210606,0.004935472,0.004673196,0.004434924,0.004213271,0.004009142,0.003821112,0.003646782,0.003486794,0.003337858,0.003201365,0.003074056,0.002957493,0.002848734,0.002749274,0.00265662,0.002572083,0.00249363,0.002422325,0.002356617,0.002297199,0.002243061,0.002194495,0.002150869,0.002112271,0.002078265,0.002048765,0.002023478,0.002002112,0.001984504,0.001970188,0.001959051,0.001950412,0.00194425,0.001939555,0.00193645,0.001933632,0.001931237,0.001927757,0.001923261,0.0019161,0.001906214,0.001891942,0.001872995,0.001847826,0.001815857,0.001775773,0.001726788,0.001667752,0.001598171,0.001516265,0.001423542,0.00131579,0.001198403,0.001065352,0.0009219535,0.0007690648,0.0006039844,0.0004345525,0.0002650172,9.180057e-05,-7.290526e-05,-0.0002227288,-0.0003506272,-0.0004536763,-0.0005217614,-0.0005500371,-0.0005225442,-0.0004344439,-0.0002928733,-0.0001205129,9.538526e-05,0.0003980303,0.0008250944,0.0013725,0.002002886,0.002648144,0.003271828,0.003900441,0.004638579,0.005525893,0.006499465,0.007354876,0.008000622,0.008484865,0.008836363,0.009094186,0.009220424,0.009167818,0.008972273,0.008743154,0.008456165,0.008077269,0.007697649,0.00732513,0.006918898,0.006547914,0.006185614,0.005834986,0.005518422
0.005583336,0.005247597,0.004943663,0.004659747,0.004398726,0.004159066,0.003936997,0.00373444,0.003545797,0.003374182,0.003213777,0.00306803,0.002931499,0.002807577,0.002691394,0.002586144,0.002487536,0.002398524,0.002315388,0.00224074,0.002171479,0.002109758,0.002053048,0.002003179,0.001957916,0.001918906,0.001884152,0.001855065,0.001829808,0.001809591,0.001792686,0.001780102,0.001770185,0.001763625,0.00175892,0.001756406,0.00175465,0.001753706,0.001752112,0.001749718,0.00174494,0.00173753,0.001725703,0.001709243,0.001686083,0.00165618,0.001617182,0.001569265,0.001510067,0.00143961,0.001356676,0.001259562,0.001150671,0.001025206,0.0008887188,0.0007385968,0.0005747752,0.0004062238,0.0002287503,4.65556e-05,-0.0001276086,-0.000294131,-0.0004483973,-0.0005820526,-0.0006842561,-0.0007518892,-0.0007789939,-0.0007561662,-0.0006621568,-0.0005238598,-0.0004012829,-0.000310432,-0.0001887143,5.452089e-05,0.0004553357,0.0009750966,0.00154058,0.002038672,0.002449098,0.002962555,0.003863552,0.005059876,0.006137322,0.006969747,0.007779077,0.008531812,0.009019814,0.009299185,0.009464727,0.009511861,0.009356817,0.00908397,0.008786365,0.008408344,0.007975089,0.007568501,0.007132329,0.006713306,0.006319342,0.005932667
0.006009331,0.005633639,0.005276123,0.004948099,0.004644728,0.004364285,0.004107789,0.003869845,0.00365309,0.003451528,0.003268115,0.003097259,0.002941743,0.002796786,0.002664821,0.0025419,0.002430033,0.002326138,0.002231747,0.00214462,0.002065708,0.00199362,0.001928722,0.001870251,0.001818211,0.001772259,0.001732059,0.001697616,0.001668229,0.001644225,0.001624558,0.001609755,0.001598368,0.001591213,0.001586321,0.001584751,0.001584043,0.001585404,0.001585967,0.001586981,0.001585261,0.001582009,0.00157384,0.001561842,0.001542576,0.001516979,0.001481675,0.001437575,0.00138125,0.001314289,0.001232259,0.001139596,0.001028688,0.0009088298,0.0007706341,0.0006230202,0.0004656289,0.0002979638,0.0001272338,-3.642781e-05,-0.0002019225,-0.0003503999,-0.000478008,-0.0005751706,-0.0006449312,-0.0006727408,-0.0006854199,-0.0006863793,-0.0006041432,-0.0003888971,-0.0002171432,-0.0001528154,-0.0001177346,-3.804234e-05,9.172871e-05,0.0002742454,0.0004690665,0.0006562356,0.0007799283,0.0009988408,0.001589667,0.002984049,0.00440536,0.00514949,0.006075353,0.007157586,0.008049139,0.008776169,0.009257716,0.009471087,0.009575313,0.009530078,0.009287904,0.008974214,0.008620104,0.00817412,0.00773898,0.007291244,0.006840663,0.006421855
0.006475644,0.00605132,0.005654602,0.005284868,0.004937564,0.004621061,0.004323388,0.004054603,0.003801581,0.003574033,0.00335959,0.003166981,0.002985237,0.002822036,0.002667977,0.002529641,0.002399153,0.002282096,0.002172036,0.002073514,0.001981529,0.001899504,0.001823742,0.00175676,0.001695805,0.001642655,0.001595401,0.001555053,0.001520465,0.001491894,0.001468862,0.001450865,0.001438064,0.001429077,0.001424765,0.001422773,0.001424554,0.001426888,0.001431689,0.001434948,0.001438958,0.001439002,0.001437671,0.001429703,0.001417947,0.001396751,0.001369277,0.001329499,0.001281308,0.001217847,0.001145258,0.001054069,0.0009556146,0.0008364719,0.0007123341,0.0005726823,0.0004265837,0.0002775635,0.0001314234,-1.762291e-05,-0.0001405452,-0.0002504674,-0.0003312025,-0.0003919087,-0.0004155361,-0.0003903984,-0.0002967116,-0.0002490999,-0.0001914554,-7.058326e-05,2.212783e-06,3.677226e-05,6.873707e-05,8.913274e-05,9.569716e-05,8.04858e-05,6.24601e-05,5.01385e-05,7.307954e-05,0.0001274995,0.0002836749,0.0007438852,0.001519608,0.001993569,0.003370739,0.00518566,0.006169648,0.00717706,0.008110819,0.008845626,0.009237211,0.00940401,0.0094456,0.009311088,0.009010699,0.008687576,0.008263272,0.007820931,0.007371739,0.006911715
0.006907594,0.006469693,0.006043693,0.005638246,0.005262075,0.00490384,0.004578839,0.004268957,0.00399169,0.00372636,0.003491411,0.00326517,0.003066614,0.002873805,0.002706204,0.002541801,0.002400547,0.002260452,0.0021419,0.00202296,0.001924325,0.001824155,0.00174344,0.001660172,0.001595894,0.001528198,0.001479167,0.001425951,0.001391154,0.001351406,0.001329833,0.001302426,0.001292779,0.001276311,0.001276937,0.001269414,0.001278028,0.001276723,0.001290257,0.001291618,0.001306142,0.001305728,0.001316454,0.001309066,0.001310582,0.001290591,0.001277217,0.001239101,0.001205338,0.001144544,0.001085679,0.001000031,0.000914123,0.0008042435,0.0006967835,0.0005657686,0.0004506798,0.000312025,0.000199519,8.647044e-05,-9.452977e-07,-8.37431e-05,-0.0001156976,-0.0001195911,-0.0001065997,-8.986409e-05,-1.455069e-05,1.773695e-05,4.94699e-05,4.956584e-05,3.460992e-05,2.942973e-05,4.188679e-05,5.166705e-05,7.034264e-05,7.943671e-05,9.963244e-05,0.0001098635,0.0001328771,0.00013542,0.0001227239,8.393446e-06,1.810663e-05,0.0001876886,0.0007240677,0.001815583,0.002934138,0.004835252,0.006213846,0.007174111,0.008089707,0.008742787,0.009033534,0.009152004,0.009130727,0.008898729,0.008603415,0.008230489,0.007799218,0.007364179
0.007266643,0.006820681,0.00639977,0.005975191,0.005580265,0.005196202,0.004843687,0.004505737,0.004199171,0.003906706,0.003644016,0.003393161,0.003169759,0.002955318,0.002765953,0.002582784,0.002422641,0.002266324,0.002131421,0.001998389,0.001885646,0.001773236,0.001680265,0.001586572,0.00151163,0.001435193,0.001377015,0.001316731,0.001274324,0.001229247,0.001201625,0.001170726,0.001156811,0.001138769,0.001137035,0.00113004,0.00113825,0.001139717,0.001154768,0.001161159,0.001178941,0.001185684,0.001201059,0.001202671,0.001209769,0.001200249,0.001193029,0.001166429,0.001139531,0.0010906,0.001040616,0.0009657682,0.0008924526,0.0007939057,0.0007006925,0.0005919022,0.0004856717,0.0003797799,0.0002874638,0.0001910076,0.0001271782,8.142624e-05,2.798969e-05,6.729104e-06,1.231277e-05,1.443516e-05,1.241457e-05,3.323916e-06,1.453476e-05,2.759561e-05,NaN,NaN,NaN,NaN,NaN,NaN,NaN,NaN,NaN,NaN,NaN,0.000112961,0.0001612523,0.00015959,8.601959e-06,3.160385e-05,0.0004298047,0.001498478,0.00295216,0.004822654,0.006199788,0.007166142,0.007996093,0.008497614,0.008709871,0.008772111,0.008643628,0.00838854,0.008078753,0.00767155
0.00745239,0.007072099,0.006665447,0.006256229,0.005857927,0.005464448,0.005096924,0.00473799,0.004411198,0.004093657,0.00380979,0.003533731,0.003290444,0.003052399,0.002845287,0.002640661,0.002465098,0.002289501,0.002141329,0.001991069,0.001866924,0.001739107,0.001636533,0.001528886,0.001446078,0.00135706,0.001292675,0.001221151,0.001174215,0.001119282,0.001088938,0.001049718,0.001034962,0.001010383,0.001009872,0.0009982531,0.001009992,0.001008827,0.00102985,0.001035571,0.001061752,0.00106956,0.001095553,0.001099549,0.001119084,0.001112755,0.001119256,0.001096433,0.00108392,0.001040069,0.001003807,0.0009371443,0.0008752393,0.0007869725,0.000707634,0.0006038495,0.000525124,0.0004130367,0.0003273235,0.0002498738,0.0001457199,5.685036e-05,1.962742e-05,-2.931615e-06,-1.850492e-06,1.675394e-06,1.65722e-05,NaN,NaN,NaN,NaN,NaN,NaN,NaN,NaN,NaN,NaN,NaN,NaN,NaN,NaN,NaN,NaN,NaN,9.916066e-05,0.0001630747,6.637438e-05,7.406218e-07,0.0003884821,0.001545548,0.003189574,0.00509755,0.0061673,0.007155397,0.007834879,0.008143688,0.008286615,0.008266686,0.008074539,0.007811372
0.007458399,0.007142541,0.00681002,0.006433838,0.006062591,0.005676901,0.00531081,0.004943773,0.004605362,0.004271809,0.003970925,0.003675967,0.003414403,0.003157281,0.002932563,0.002709924,0.00251821,0.002326099,0.002163469,0.001998205,0.001861309,0.001719948,0.00160607,0.001486437,0.001393581,0.001294037,0.001220837,0.001140269,0.00108578,0.001023371,0.0009868034,0.0009418045,0.0009224271,0.0008939007,0.0008905765,0.0008771232,0.000888002,0.0008873686,0.0009095701,0.0009183059,0.0009476198,0.0009608479,0.0009916062,0.001003075,0.001028432,0.00103101,0.001043799,0.001030503,0.001024734,0.0009899198,0.0009623043,0.0009017817,0.0008506912,0.0007637435,0.0006889263,0.0005916214,0.0004988495,0.0003916246,0.0002662052,0.00012908,3.225931e-05,-8.080819e-06,-7.751183e-06,1.053928e-06,7.534771e-06,NaN,NaN,NaN,NaN,NaN,NaN,NaN,NaN,NaN,NaN,NaN,NaN,NaN,NaN,NaN,NaN,NaN,NaN,NaN,NaN,NaN,5.551782e-05,0.0001372662,5.096511e-05,2.582852e-05,0.0005201354,0.001966778,0.003648918,0.005332573,0.006281278,0.007050441,0.007509091,0.007742107,0.007808479,0.007667521
0.007201827,0.007024163,0.00678586,0.006479512,0.006161808,0.005805352,0.005460747,0.005099477,0.004762334,0.004422691,0.004111864,0.003805974,0.003528792,0.003259716,0.003016868,0.002783154,0.002572424,0.002370933,0.002189152,0.002016529,0.001860652,0.001713921,0.001581528,0.001458239,0.001347478,0.001245941,0.001155497,0.00107456,0.001003583,0.0009424519,0.0008903674,0.0008484424,0.0008146467,0.000791239,0.0007748855,0.0007687436,0.0007683408,0.0007773223,0.0007902606,0.0008109085,0.000833087,0.0008602729,0.0008858718,0.0009127576,0.0009344218,0.000952957,0.0009626173,0.0009649295,0.0009553881,0.000935972,0.0009020453,0.0008581455,0.0007946832,0.0007186951,0.0006226692,0.0005075229,0.0004088476,0.0002299316,7.167109e-05,6.604339e-07,-1.464209e-05,-2.635009e-07,-2.552479e-06,NaN,NaN,NaN,NaN,NaN,NaN,NaN,NaN,NaN,NaN,NaN,NaN,NaN,NaN,NaN,NaN,NaN,NaN,NaN,NaN,NaN,NaN,NaN,NaN,NaN,2.601178e-05,0.0001352128,-8.476594e-06,0.0001259268,0.0009029104,0.002607628,0.004370415,0.005350966,0.006290686,0.006868846,0.007175665,0.00726543
0.006699645,0.006677597,0.00657006,0.006376277,0.006124169,0.005837104,0.005517095,0.005193899,0.004857184,0.004536299,0.00421291,0.003914719,0.003618649,0.003351388,0.003087176,0.002852443,0.002619922,0.002416219,0.002213296,0.002038077,0.001862224,0.001712967,0.001561763,0.001436444,0.001308,0.001205005,0.001098053,0.001016358,0.0009301004,0.000869071,0.0008030132,0.0007622209,0.0007160358,0.0006949715,0.0006680274,0.0006657945,0.0006567491,0.0006715323,0.0006778744,0.0007064043,0.0007239378,0.0007610493,0.0007835291,0.0008219472,0.0008411486,0.0008718552,0.0008784615,0.0008919252,0.0008776517,0.0008659123,0.0008263505,0.000782927,0.0007126971,0.0006226933,0.00049598,0.000349214,0.0001755489,2.663823e-05,-1.51425e-05,-5.749233e-06,-6.247644e-06,NaN,NaN,NaN,NaN,NaN,NaN,NaN,NaN,NaN,NaN,NaN,NaN,NaN,NaN,NaN,NaN,NaN,NaN,NaN,NaN,NaN,NaN,NaN,NaN,NaN,NaN,NaN,NaN,NaN,4.182368e-05,8.751405e-05,2.319563e-06,0.0003417153,0.001747481,0.003257755,0.004662675,0.00558569,0.006242665,0.00653908
0.00589868,0.006125655,0.006150632,0.006106619,0.005947477,0.005744717,0.005479152,0.005198217,0.004889998,0.00458571,0.004275046,0.003978183,0.003685871,0.003411154,0.003146143,0.002899165,0.002663894,0.002445505,0.002239317,0.002048369,0.001869468,0.001704111,0.001550625,0.001409028,0.001279322,0.001160148,0.001053025,0.0009554247,0.0008701596,0.0007936774,0.0007299412,0.0006744213,0.000631935,0.0005972201,0.000575579,0.0005610153,0.0005591606,0.0005631415,0.0005787319,0.0005980837,0.0006268807,0.0006562619,0.0006916004,0.00072315,0.0007557914,0.000779378,0.0007980564,0.0008026181,0.0007956938,0.0007723987,0.0007300898,0.0006747887,0.0005839063,0.0004764288,0.0002857076,0.0001010205,3.529954e-06,-1.736783e-05,-2.510453e-06,NaN,NaN,NaN,NaN,NaN,NaN,NaN,NaN,NaN,NaN,NaN,NaN,NaN,NaN,NaN,NaN,NaN,NaN,NaN,NaN,NaN,NaN,NaN,NaN,NaN,NaN,NaN,NaN,NaN,NaN,NaN,NaN,NaN,8.72356e-05,-1.154175e-05,0.0001400812,0.0009515593,0.002495046,0.004062061,0.004893798,0.005575337
0.004924518,0.005307532,0.005566058,0.005650785,0.005638927,0.005516713,0.005340734,0.005104151,0.004849154,0.004565249,0.004284752,0.003993072,0.003716525,0.003437912,0.003179969,0.002924093,0.002690836,0.002461077,0.002254145,0.002050786,0.001869757,0.00169183,0.001535413,0.001381766,0.001248706,0.001118198,0.001007618,0.000899559,0.000810986,0.0007250819,0.0006583954,0.0005946085,0.000549915,0.0005082014,0.0004853815,0.0004653683,0.0004635682,0.0004638664,0.0004808861,0.0004983515,0.0005298717,0.0005588758,0.0005977624,0.0006296005,0.0006655924,0.0006884318,0.0007085699,0.0007081135,0.0006985053,0.0006599656,0.0006102899,0.0005201492,0.0004208585,0.0002379975,4.728648e-05,-9.198267e-06,-1.113794e-05,-8.436114e-06,NaN,NaN,NaN,NaN,NaN,NaN,NaN,NaN,NaN,NaN,NaN,NaN,NaN,NaN,NaN,NaN,NaN,NaN,NaN,NaN,NaN,NaN,NaN,NaN,NaN,NaN,NaN,NaN,NaN,NaN,NaN,NaN,NaN,NaN,NaN,2.944924e-05,3.374409e-05,4.223775e-05,0.000467271,0.001983205,0.00339259,0.004237652
0.003673297,0.004327731,0.004779378,0.005052108,0.005177388,0.005173452,0.005083458,0.004922186,0.004717678,0.004480808,0.004226368,0.003963134,0.003696402,0.003434405,0.003175941,0.002929509,0.002689443,0.002465061,0.002247603,0.002047545,0.001853837,0.001678234,0.001508176,0.001356318,0.001209328,0.001080537,0.0009560852,0.0008499275,0.0007478094,0.0006642026,0.000584581,0.0005237524,0.0004668569,0.0004290729,0.0003950617,0.0003801029,0.000368435,0.0003749893,0.0003836208,0.0004084447,0.0004329472,0.0004699287,0.0005026033,0.0005419931,0.0005713095,0.0005994387,0.0006099505,0.0006096316,0.0005825916,0.0005353915,0.0004514334,0.0003445144,0.0001851556,2.108017e-05,-1.496057e-05,-6.770243e-06,-1.342062e-05,NaN,NaN,NaN,NaN,NaN,NaN,NaN,NaN,NaN,NaN,NaN,NaN,NaN,NaN,NaN,NaN,NaN,NaN,NaN,NaN,NaN,NaN,NaN,NaN,NaN,NaN,NaN,NaN,NaN,NaN,NaN,NaN,NaN,NaN,NaN,NaN,NaN,-3.974184e-06,5.335094e-05,-2.561664e-06,0.0002541715,0.001513351,0.002757293
0.002248294,0.003153156,0.003830387,0.004315492,0.004577707,0.004715981,0.004715248,0.004648537,0.004501215,0.00432477,0.004105056,0.003878159,0.003630983,0.003388887,0.00314022,0.00290282,0.002666682,0.002444338,0.002227588,0.002025058,0.001830509,0.00164965,0.001477987,0.001319378,0.001170543,0.001034135,0.000907984,0.0007938163,0.0006904165,0.0005987937,0.0005184721,0.0004498918,0.0003932038,0.0003481593,0.0003154174,0.0002940522,0.0002847376,0.0002859972,0.0002979425,0.000318604,0.0003469078,0.0003805008,0.000416416,0.0004522259,0.0004823445,0.0005048593,0.0005107091,0.0004992445,0.0004572548,0.0003865812,0.0002718442,0.0001293623,8.40663e-06,-1.506765e-05,-7.332826e-06,NaN,NaN,NaN,NaN,NaN,NaN,NaN,NaN,NaN,NaN,NaN,NaN,NaN,NaN,NaN,NaN,NaN,NaN,NaN,NaN,NaN,NaN,NaN,NaN,NaN,NaN,NaN,NaN,NaN,NaN,NaN,NaN,NaN,NaN,NaN,NaN,NaN,NaN,NaN,NaN,NaN,3.714643e-05,-9.56745e-06,0.0001552399,0.001104634
0.0007652594,0.001800842,0.00278012,0.003418475,0.003882416,0.0041262,0.004265494,0.004269731,0.004218448,0.00408709,0.003931526,0.003730999,0.003525326,0.003296745,0.003073925,0.0028417,0.002620873,0.002398683,0.002190215,0.001985109,0.001794146,0.001609345,0.001438391,0.001275105,0.00112523,0.0009840307,0.0008557629,0.0007370259,0.0006309403,0.0005352124,0.000452078,0.0003801132,0.0003207082,0.0002732523,0.0002382232,0.0002154397,0.0002045923,0.0002052962,0.0002165642,0.0002371132,0.0002653565,0.0002983033,0.0003340042,0.0003668499,0.0003950933,0.0004093796,0.0004090851,0.0003792565,0.0003222457,0.0002142368,8.264838e-05,2.967782e-07,-1.324687e-05,-8.99487e-06,NaN,NaN,NaN,NaN,NaN,NaN,NaN,NaN,NaN,NaN,NaN,NaN,NaN,NaN,NaN,NaN,NaN,NaN,NaN,NaN,NaN,NaN,NaN,NaN,NaN,NaN,NaN,NaN,NaN,NaN,NaN,NaN,NaN,NaN,NaN,NaN,NaN,NaN,NaN,NaN,NaN,NaN,NaN,1.973967e-05,-3.579664e-06,9.973436e-05
5.978635e-05,0.000506869,0.001520461,0.002452459,0.003036116,0.003471324,0.003696883,0.003834211,0.003841337,0.003802607,0.00368374,0.0035467,0.00336182,0.003176053,0.002963004,0.002759191,0.002540968,0.00233734,0.002127161,0.001933863,0.00173881,0.00156133,0.001384929,0.001226201,0.001070247,0.000931782,0.0007973526,0.0006802286,0.0005682693,0.0004735781,0.0003850724,0.0003139284,0.0002499972,0.0002034085,0.0001647913,0.0001432689,0.0001296576,0.0001321853,0.000141161,0.0001639385,0.0001895226,0.000224466,0.0002555365,0.0002888141,0.0003077327,0.0003187062,0.0003000406,0.00025978,0.0001661626,5.112366e-05,-5.137813e-06,-1.044353e-05,-1.062062e-05,NaN,NaN,NaN,NaN,NaN,NaN,NaN,NaN,NaN,NaN,NaN,NaN,NaN,NaN,NaN,NaN,NaN,NaN,NaN,NaN,NaN,NaN,NaN,NaN,NaN,NaN,NaN,NaN,NaN,NaN,NaN,NaN,NaN,NaN,NaN,NaN,NaN,NaN,NaN,NaN,NaN,NaN,NaN,NaN,NaN,8.135176e-06,-3.217646e-06
1.155713e-05,2.828717e-05,0.0003530307,0.001302981,0.002145553,0.002689472,0.003083647,0.003298703,0.003424419,0.003437947,0.003402689,0.003298252,0.003171873,0.003004376,0.00283198,0.002636477,0.002446426,0.002244568,0.002053896,0.001858368,0.001676832,0.00149474,0.001328016,0.00116317,0.00101444,0.0008691927,0.0007404021,0.0006163431,0.0005090772,0.0004076516,0.0003234207,0.0002460777,0.0001862396,0.0001342605,9.985607e-05,7.370745e-05,6.464683e-05,6.303946e-05,7.680301e-05,9.52737e-05,0.0001253336,0.0001544425,0.0001884884,0.0002120755,0.0002304862,0.000224115,0.0001987675,0.0001263139,3.089546e-05,-7.844196e-06,-9.04914e-06,-1.118897e-05,NaN,NaN,NaN,NaN,NaN,NaN,NaN,NaN,NaN,NaN,NaN,NaN,NaN,NaN,NaN,NaN,NaN,NaN,NaN,NaN,NaN,NaN,NaN,NaN,NaN,NaN,NaN,NaN,NaN,NaN,NaN,NaN,NaN,NaN,NaN,NaN,NaN,NaN,NaN,NaN,NaN,NaN,NaN,NaN,NaN,NaN,NaN,-9.62626e-07
-4.499197e-06,1.040812e-05,1.313912e-05,0.0002689694,0.001119837,0.001876323,0.002373227,0.002729817,0.002929615,0.003043156,0.003058168,0.003024481,0.002930355,0.002812614,0.002659392,0.002498688,0.002318696,0.002141106,0.001954454,0.001775799,0.001594478,0.001424252,0.001255215,0.001099129,0.000946549,0.000808013,0.0006746143,0.0005560257,0.0004439348,0.0003473401,0.0002584092,0.0001856274,0.0001216423,7.417092e-05,3.627461e-05,1.482147e-05,2.732384e-06,5.98223e-06,1.667498e-05,3.970945e-05,6.557265e-05,9.791332e-05,0.0001247101,0.0001484246,0.0001533875,0.0001416364,9.111177e-05,1.849666e-05,-8.645166e-06,-8.328058e-06,-1.087068e-05,NaN,NaN,NaN,NaN,NaN,NaN,NaN,NaN,NaN,NaN,NaN,NaN,NaN,NaN,NaN,NaN,NaN,NaN,NaN,NaN,NaN,NaN,NaN,NaN,NaN,NaN,NaN,NaN,NaN,NaN,NaN,NaN,NaN,NaN,NaN,NaN,NaN,NaN,NaN,NaN,NaN,NaN,NaN,NaN,NaN,NaN,NaN,NaN,NaN
NaN,-6.622099e-06,5.683597e-06,6.462953e-06,0.0002161676,0.000967473,0.001638696,0.002089805,0.00240853,0.002590406,0.002689597,0.002702952,0.002668449,0.002581764,0.002470535,0.002329307,0.0021787,0.0020125,0.00184627,0.001673632,0.001506432,0.001338665,0.001179678,0.001023582,0.0008784584,0.0007385061,0.0006109217,0.000490205,0.0003829785,0.0002840314,0.0001995779,0.0001246577,6.496673e-05,1.58913e-05,-1.766433e-05,-4.027324e-05,-4.790847e-05,-4.575338e-05,-3.083238e-05,-9.667237e-06,1.933636e-05,4.74468e-05,7.477826e-05,8.941864e-05,9.023626e-05,6.05985e-05,1.008865e-05,-8.580952e-06,-7.963835e-06,-1.008572e-05,NaN,NaN,NaN,NaN,NaN,NaN,NaN,NaN,NaN,NaN,NaN,NaN,NaN,NaN,NaN,NaN,NaN,NaN,NaN,NaN,NaN,NaN,NaN,NaN,NaN,NaN,NaN,NaN,NaN,NaN,NaN,NaN,NaN,NaN,NaN,NaN,NaN,NaN,NaN,NaN,NaN,NaN,NaN,NaN,NaN,NaN,NaN,NaN,NaN,NaN
NaN,NaN,-6.600826e-06,2.910352e-06,3.407392e-06,0.0001809187,0.0008376242,0.001431963,0.001836113,0.00211757,0.002278862,0.002362815,0.002371648,0.002335041,0.00225314,0.002147212,0.002015794,0.001874279,0.001720185,0.001564618,0.001404825,0.001248893,0.001093968,0.0009464513,0.0008031962,0.0006696795,0.0005427096,0.0004271576,0.0003199556,0.0002255472,0.0001409659,7.033138e-05,1.085358e-05,-3.402176e-05,-6.692766e-05,-8.52794e-05,-9.210959e-05,-8.584205e-05,-7.060177e-05,-4.614662e-05,-1.853091e-05,1.075755e-05,3.298822e-05,4.503055e-05,3.394299e-05,4.231591e-06,-7.864818e-06,-7.506282e-06,-9.112028e-06,NaN,NaN,NaN,NaN,NaN,NaN,NaN,NaN,NaN,NaN,NaN,NaN,NaN,NaN,NaN,NaN,NaN,NaN,NaN,NaN,NaN,NaN,NaN,NaN,NaN,NaN,NaN,NaN,NaN,NaN,NaN,NaN,NaN,NaN,NaN,NaN,NaN,NaN,NaN,NaN,NaN,NaN,NaN,NaN,NaN,NaN,NaN,NaN,NaN,NaN,NaN
NaN,NaN,NaN,-6.612738e-06,8.134857e-07,2.371733e-06,0.0001554806,0.0007277436,0.001250683,0.001608288,0.001853243,0.001992764,0.00206096,0.002063631,0.002023872,0.001945103,0.001843399,0.001720323,0.001586952,0.001443798,0.001298292,0.001150586,0.001005759,0.0008634474,0.0007276157,0.0005974696,0.0004762446,0.0003630317,0.0002606277,0.0001681006,8.795879e-05,1.925242e-05,-3.597213e-05,-7.852574e-05,-0.0001071979,-0.0001229734,-0.0001256448,-0.0001170365,-9.821975e-05,-7.257913e-05,-4.293792e-05,-1.524448e-05,5.924092e-06,1.160335e-05,-2.33979e-07,-7.111362e-06,-6.98056e-06,-8.102979e-06,NaN,NaN,NaN,NaN,NaN,NaN,NaN,NaN,NaN,NaN,NaN,NaN,NaN,NaN,NaN,NaN,NaN,NaN,NaN,NaN,NaN,NaN,NaN,NaN,NaN,NaN,NaN,NaN,NaN,NaN,NaN,NaN,NaN,NaN,NaN,NaN,NaN,NaN,NaN,NaN,NaN,NaN,NaN,NaN,NaN,NaN,NaN,NaN,NaN,NaN,NaN,NaN
NaN,NaN,NaN,NaN,-6.455889e-06,-3.367317e-07,1.996192e-06,0.0001366202,0.0006339904,0.001090317,0.001402661,0.001612488,0.001730002,0.00178263,0.001778107,0.001734811,0.001657954,0.0015599,0.001443978,0.001318225,0.001185041,0.00104944,0.0009131872,0.0007796866,0.0006498958,0.0005263921,0.0004096975,0.0003018609,0.0002032165,0.0001154703,3.880624e-05,-2.534845e-05,-7.683778e-05,-0.0001149501,-0.0001395495,-0.0001509268,-0.0001495408,-0.0001368964,-0.0001147357,-8.619776e-05,-5.500733e-05,-2.679071e-05,-7.727344e-06,-3.817699e-06,-6.083456e-06,-6.300891e-06,-7.06788e-06,NaN,NaN,NaN,NaN,NaN,NaN,NaN,NaN,NaN,NaN,NaN,NaN,NaN,NaN,NaN,NaN,NaN,NaN,NaN,NaN,NaN,NaN,NaN,NaN,NaN,NaN,NaN,NaN,NaN,NaN,NaN,NaN,NaN,NaN,NaN,NaN,NaN,NaN,NaN,NaN,NaN,NaN,NaN,NaN,NaN,NaN,NaN,NaN,NaN,NaN,NaN,NaN,NaN
NaN,NaN,NaN,NaN,NaN,-6.101391e-06,-1.114462e-06,2.236403e-06,0.0001224383,0.000552483,0.0009470378,0.001216085,0.001392701,0.00148886,0.001526308,0.001514439,0.00146742,0.001391993,0.001297086,0.00118775,0.001069189,0.0009455808,0.0008197965,0.0006950155,0.0005730509,0.0004562391,0.0003457252,0.0002434077,0.0001500456,6.726403e-05,-4.419177e-06,-6.362178e-05,-0.0001102961,-0.0001431029,-0.0001629377,-0.0001688318,-0.0001628561,-0.0001450794,-0.0001190484,-8.660871e-05,-5.307029e-05,-2.337256e-05,-6.901439e-06,-5.359335e-06,-5.709436e-06,-6.01981e-06,NaN,NaN,NaN,NaN,NaN,NaN,NaN,NaN,NaN,NaN,NaN,NaN,NaN,NaN,NaN,NaN,NaN,NaN,NaN,NaN,NaN,NaN,NaN,NaN,NaN,NaN,NaN,NaN,NaN,NaN,NaN,NaN,NaN,NaN,NaN,NaN,NaN,NaN,NaN,NaN,NaN,NaN,NaN,NaN,NaN,NaN,NaN,NaN,NaN,NaN,NaN,NaN,NaN,NaN
NaN,NaN,NaN,NaN,NaN,NaN,-5.723663e-06,-1.646051e-06,2.785144e-06,0.0001111051,0.0004806036,0.0008177528,0.001046327,0.001192053,0.001267725,0.001291072,0.001272012,0.001221641,0.001147308,0.001055573,0.0009523834,0.0008411916,0.0007268947,0.0006113457,0.0004982069,0.0003885376,0.0002852428,0.0001888791,0.0001019064,2.456592e-05,-4.105167e-05,-9.497801e-05,-0.0001353334,-0.000162957,-0.0001761451,-0.0001769142,-0.0001643347,-0.0001418363,-0.0001098132,-7.377889e-05,-3.594702e-05,-9.486453e-06,-4.427904e-06,-4.964915e-06,-5.069206e-06,NaN,NaN,NaN,NaN,NaN,NaN,NaN,NaN,NaN,NaN,NaN,NaN,NaN,NaN,NaN,NaN,NaN,NaN,NaN,NaN,NaN,NaN,NaN,NaN,NaN,NaN,NaN,NaN,NaN,NaN,NaN,NaN,NaN,NaN,NaN,NaN,NaN,NaN,NaN,NaN,NaN,NaN,NaN,NaN,NaN,NaN,NaN,NaN,NaN,NaN,NaN,NaN,NaN,NaN,NaN
NaN,NaN,NaN,NaN,NaN,NaN,NaN,-5.260147e-06,-1.913762e-06,3.66856e-06,0.0001013316,0.0004155642,0.0007005609,0.0008915378,0.001008667,0.001065495,0.001075982,0.001050464,0.0009971196,0.0009241038,0.0008356918,0.0007387902,0.0006352991,0.0005307093,0.000425879,0.0003251018,0.0002285832,0.0001399149,5.892439e-05,-1.128478e-05,-7.112163e-05,-0.0001179184,-0.0001526021,-0.0001727009,-0.000180248,-0.0001732573,-0.0001551852,-0.0001251516,-8.819642e-05,-4.554329e-05,-1.173203e-05,-3.840274e-06,-4.205469e-06,-4.13391e-06,NaN,NaN,NaN,NaN,NaN,NaN,NaN,NaN,NaN,NaN,NaN,NaN,NaN,NaN,NaN,NaN,NaN,NaN,NaN,NaN,NaN,NaN,NaN,NaN,NaN,NaN,NaN,NaN,NaN,NaN,NaN,NaN,NaN,NaN,NaN,NaN,NaN,NaN,NaN,NaN,NaN,NaN,NaN,NaN,NaN,NaN,NaN,NaN,NaN,NaN,NaN,NaN,NaN,NaN,NaN,NaN
NaN,NaN,NaN,NaN,NaN,NaN,NaN,NaN,-4.747054e-06,-2.000961e-06,4.625941e-06,9.2012e-05,0.0003563084,0.0005936759,0.0007500925,0.000841558,0.0008813695,0.0008805775,0.0008493751,0.0007938762,0.0007225224,0.0006381804,0.0005478924,0.0004529055,0.0003586258,0.0002655218,0.0001779597,9.591255e-05,2.307205e-05,-4.090123e-05,-9.289547e-05,-0.0001335178,-0.000160044,-0.0001740005,-0.000172984,-0.0001598225,-0.0001330649,-9.710362e-05,-5.209907e-05,-1.357679e-05,-3.089461e-06,-3.540074e-06,-3.230762e-06,NaN,NaN,NaN,NaN,NaN,NaN,NaN,NaN,NaN,NaN,NaN,NaN,NaN,NaN,NaN,NaN,NaN,NaN,NaN,NaN,NaN,NaN,NaN,NaN,NaN,NaN,NaN,NaN,NaN,NaN,NaN,NaN,NaN,NaN,NaN,NaN,NaN,NaN,NaN,NaN,NaN,NaN,NaN,NaN,NaN,NaN,NaN,NaN,NaN,NaN,NaN,NaN,NaN,NaN,NaN,NaN,NaN
NaN,NaN,NaN,NaN,NaN,NaN,NaN,NaN,NaN,-4.201857e-06,-1.791395e-06,5.577504e-06,8.272756e-05,0.0003013552,0.0004956566,0.0006211727,0.0006899067,0.0007148003,0.00070423,0.0006685141,0.0006118434,0.0005429775,0.0004636917,0.0003809011,0.0002953537,0.0002124329,0.0001322433,5.923038e-05,-6.883128e-06,-6.234561e-05,-0.0001076702,-0.0001397341,-0.0001595962,-0.0001644875,-0.0001567664,-0.0001341176,-0.0001005994,-5.554647e-05,-1.505595e-05,-2.679317e-06,-2.776305e-06,-2.442162e-06,NaN,NaN,NaN,NaN,NaN,NaN,NaN,NaN,NaN,NaN,NaN,NaN,NaN,NaN,NaN,NaN,NaN,NaN,NaN,NaN,NaN,NaN,NaN,NaN,NaN,NaN,NaN,NaN,NaN,NaN,NaN,NaN,NaN,NaN,NaN,NaN,NaN,NaN,NaN,NaN,NaN,NaN,NaN,NaN,NaN,NaN,NaN,NaN,NaN,NaN,NaN,NaN,NaN,NaN,NaN,NaN,NaN,NaN
NaN,NaN,NaN,NaN,NaN,NaN,NaN,NaN,NaN,-2.444609e-06,-3.589137e-06,-1.464711e-06,6.341252e-06,7.304575e-05,0.0002500658,0.0004059938,0.0005043549,0.0005532401,0.0005652992,0.0005467128,0.0005077922,0.0004514106,0.0003861178,0.0003131753,0.0002390422,0.0001642556,9.395673e-05,2.820704e-05,-2.875675e-05,-7.717445e-05,-0.0001136159,-0.0001385504,-0.0001491084,-0.000146782,-0.0001292164,-9.911584e-05,-5.610282e-05,-1.583852e-05,-2.289457e-06,-2.135114e-06,-1.662585e-06,-2.745063e-06,NaN,NaN,NaN,NaN,NaN,NaN,NaN,NaN,NaN,NaN,NaN,NaN,NaN,NaN,NaN,NaN,NaN,NaN,NaN,NaN,NaN,NaN,NaN,NaN,NaN,NaN,NaN,NaN,NaN,NaN,NaN,NaN,NaN,NaN,NaN,NaN,NaN,NaN,NaN,NaN,NaN,NaN,NaN,NaN,NaN,NaN,NaN,NaN,NaN,NaN,NaN,NaN,NaN,NaN,NaN,NaN,NaN,NaN
NaN,NaN,NaN,NaN,NaN,NaN,NaN,NaN,NaN,NaN,-2.281731e-06,-2.948631e-06,-1.052858e-06,6.926356e-06,6.281509e-05,0.0002021144,0.0003245488,0.0003992174,0.0004310922,0.0004325734,0.0004079,0.0003674039,0.0003130797,0.0002528116,0.0001876653,0.0001236355,6.117785e-05,5.116254e-06,-4.447415e-05,-8.366867e-05,-0.0001126015,-0.0001282137,-0.000131109,-0.000118792,-9.335559e-05,-5.370237e-05,-1.59011e-05,-2.073983e-06,-1.553223e-06,-1.037934e-06,-2.11073e-06,NaN,NaN,NaN,NaN,NaN,NaN,NaN,NaN,NaN,NaN,NaN,NaN,NaN,NaN,NaN,NaN,NaN,NaN,NaN,NaN,NaN,NaN,NaN,NaN,NaN,NaN,NaN,NaN,NaN,NaN,NaN,NaN,NaN,NaN,NaN,NaN,NaN,NaN,NaN,NaN,NaN,NaN,NaN,NaN,NaN,NaN,NaN,NaN,NaN,NaN,NaN,NaN,NaN,NaN,NaN,NaN,NaN,NaN,NaN
NaN,NaN,NaN,NaN,NaN,NaN,NaN,NaN,NaN,NaN,NaN,-2.034251e-06,-2.306712e-06,-5.928982e-07,7.148102e-06,5.213622e-05,0.0001580318,0.0002511345,0.0003056272,0.0003234123,0.0003165384,0.0002881519,0.0002479303,0.0001975393,0.0001440057,8.838678e-05,3.611512e-05,-1.22019e-05,-5.226512e-05,-8.373944e-05,-0.0001033774,-0.0001109861,-0.0001040574,-8.343669e-05,-4.889173e-05,-1.517308e-05,-1.870742e-06,-1.049935e-06,-4.929614e-07,-1.534644e-06,NaN,NaN,NaN,NaN,NaN,NaN,NaN,NaN,NaN,NaN,NaN,NaN,NaN,NaN,NaN,NaN,NaN,NaN,NaN,NaN,NaN,NaN,NaN,NaN,NaN,NaN,NaN,NaN,NaN,NaN,NaN,NaN,NaN,NaN,NaN,NaN,NaN,NaN,NaN,NaN,NaN,NaN,NaN,NaN,NaN,NaN,NaN,NaN,NaN,NaN,NaN,NaN,NaN,NaN,NaN,NaN,NaN,NaN,NaN,NaN
NaN,NaN,NaN,NaN,NaN,NaN,NaN,NaN,NaN,NaN,NaN,NaN,-1.72139e-06,-1.680575e-06,-1.071348e-07,7.022544e-06,4.147722e-05,0.0001180418,0.0001859603,0.0002236614,0.0002301703,0.0002175032,0.0001879725,0.0001500892,0.0001056005,6.069002e-05,1.654679e-05,-2.203498e-05,-5.425194e-05,-7.641219e-05,-8.780043e-05,-8.602608e-05,-7.043045e-05,-4.168915e-05,-1.370251e-05,-1.722891e-06,-7.109066e-07,-5.755699e-08,-1.036057e-06,NaN,NaN,NaN,NaN,NaN,NaN,NaN,NaN,NaN,NaN,NaN,NaN,NaN,NaN,NaN,NaN,NaN,NaN,NaN,NaN,NaN,NaN,NaN,NaN,NaN,NaN,NaN,NaN,NaN,NaN,NaN,NaN,NaN,NaN,NaN,NaN,NaN,NaN,NaN,NaN,NaN,NaN,NaN,NaN,NaN,NaN,NaN,NaN,NaN,NaN,NaN,NaN,NaN,NaN,NaN,NaN,NaN,NaN,NaN,NaN,NaN
NaN,NaN,NaN,NaN,NaN,NaN,NaN,NaN,NaN,NaN,NaN,NaN,NaN,-1.420313e-06,-1.036625e-06,2.286714e-07,6.574815e-06,3.115644e-05,8.308582e-05,0.0001296495,0.0001532843,0.0001520451,0.0001360935,0.0001079344,7.464076e-05,3.822641e-05,3.975326e-06,-2.658135e-05,-4.946678e-05,-6.342748e-05,-6.575464e-05,-5.532789e-05,-3.304176e-05,-1.148252e-05,-1.614354e-06,-3.444375e-07,1.867119e-07,-5.677553e-07,NaN,NaN,NaN,NaN,NaN,NaN,NaN,NaN,NaN,NaN,NaN,NaN,NaN,NaN,NaN,NaN,NaN,NaN,NaN,NaN,NaN,NaN,NaN,NaN,NaN,NaN,NaN,NaN,NaN,NaN,NaN,NaN,NaN,NaN,NaN,NaN,NaN,NaN,NaN,NaN,NaN,NaN,NaN,NaN,NaN,NaN,NaN,NaN,NaN,NaN,NaN,NaN,NaN,NaN,NaN,NaN,NaN,NaN,NaN,NaN,NaN,NaN
NaN,NaN,NaN,NaN,NaN,NaN,NaN,NaN,NaN,NaN,NaN,NaN,NaN,-1.119001e-06,-1.135914e-06,-4.387281e-07,4.061934e-07,5.878218e-06,2.181229e-05,5.407753e-05,8.26859e-05,9.519178e-05,8.964178e-05,7.30267e-05,4.874331e-05,2.237076e-05,-3.675863e-06,-2.496105e-05,-3.986385e-05,-4.48977e-05,-3.914745e-05,-2.390018e-05,-8.787645e-06,-1.533792e-06,-7.655785e-08,3.299351e-07,-1.92894e-07,-8.698373e-08,NaN,NaN,NaN,NaN,NaN,NaN,NaN,NaN,NaN,NaN,NaN,NaN,NaN,NaN,NaN,NaN,NaN,NaN,NaN,NaN,NaN,NaN,NaN,NaN,NaN,NaN,NaN,NaN,NaN,NaN,NaN,NaN,NaN,NaN,NaN,NaN,NaN,NaN,NaN,NaN,NaN,NaN,NaN,NaN,NaN,NaN,NaN,NaN,NaN,NaN,NaN,NaN,NaN,NaN,NaN,NaN,NaN,NaN,NaN,NaN,NaN,NaN
NaN,NaN,NaN,NaN,NaN,NaN,NaN,NaN,NaN,NaN,NaN,NaN,NaN,NaN,-6.851494e-07,-8.522142e-07,-3.004566e-09,5.545307e-07,4.839762e-06,1.411319e-05,3.164673e-05,4.632274e-05,5.060977e-05,4.340533e-05,2.911084e-05,1.114438e-05,-5.821862e-06,-1.922555e-05,-2.550123e-05,-2.392857e-05,-1.516978e-05,-6.102111e-06,-1.311928e-06,6.380106e-08,3.73897e-07,9.978081e-08,9.065983e-08,NaN,NaN,NaN,NaN,NaN,NaN,NaN,NaN,NaN,NaN,NaN,NaN,NaN,NaN,NaN,NaN,NaN,NaN,NaN,NaN,NaN,NaN,NaN,NaN,NaN,NaN,NaN,NaN,NaN,NaN,NaN,NaN,NaN,NaN,NaN,NaN,NaN,NaN,NaN,NaN,NaN,NaN,NaN,NaN,NaN,NaN,NaN,NaN,NaN,NaN,NaN,NaN,NaN,NaN,NaN,NaN,NaN,NaN,NaN,NaN,NaN,NaN,NaN
NaN,NaN,NaN,NaN,NaN,NaN,NaN,NaN,NaN,NaN,NaN,NaN,NaN,NaN,NaN,-3.594073e-07,-5.691944e-07,2.663998e-07,6.719718e-07,3.584493e-06,8.447757e-06,1.611816e-05,2.138471e-05,2.097145e-05,1.428325e-05,4.911438e-06,-4.537522e-06,-1.038379e-05,-1.159479e-05,-8.087603e-06,-3.819025e-06,-9.617122e-07,9.095118e-08,3.693295e-07,2.474017e-07,2.227308e-07,NaN,NaN,NaN,NaN,NaN,NaN,NaN,NaN,NaN,NaN,NaN,NaN,NaN,NaN,NaN,NaN,NaN,NaN,NaN,NaN,NaN,NaN,NaN,NaN,NaN,NaN,NaN,NaN,NaN,NaN,NaN,NaN,NaN,NaN,NaN,NaN,NaN,NaN,NaN,NaN,NaN,NaN,NaN,NaN,NaN,NaN,NaN,NaN,NaN,NaN,NaN,NaN,NaN,NaN,NaN,NaN,NaN,NaN,NaN,NaN,NaN,NaN,NaN,NaN
NaN,NaN,NaN,NaN,NaN,NaN,NaN,NaN,NaN,NaN,NaN,NaN,NaN,NaN,NaN,-5.743015e-07,-1.23833e-07,-3.214437e-07,3.903801e-07,7.00755e-07,2.394544e-06,4.568904e-06,7.03393e-06,7.560146e-06,5.728829e-06,1.764743e-06,-1.794075e-06,-3.844719e-06,-3.384916e-06,-2.075052e-06,-5.831255e-07,6.397592e-08,3.275949e-07,2.956173e-07,2.783116e-07,6.860992e-08,NaN,NaN,NaN,NaN,NaN,NaN,NaN,NaN,NaN,NaN,NaN,NaN,NaN,NaN,NaN,NaN,NaN,NaN,NaN,NaN,NaN,NaN,NaN,NaN,NaN,NaN,NaN,NaN,NaN,NaN,NaN,NaN,NaN,NaN,NaN,NaN,NaN,NaN,NaN,NaN,NaN,NaN,NaN,NaN,NaN,NaN,NaN,NaN,NaN,NaN,NaN,NaN,NaN,NaN,NaN,NaN,NaN,NaN,NaN,NaN,NaN,NaN,NaN,NaN
NaN,NaN,NaN,NaN,NaN,NaN,NaN,NaN,NaN,NaN,NaN,NaN,NaN,NaN,NaN,NaN,-3.732708e-07,3.58228e-08,-1.308831e-07,4.004031e-07,6.353267e-07,1.464532e-06,2.144427e-06,2.601866e-06,1.934051e-06,8.090647e-07,-5.12321e-07,-9.494688e-07,-8.761946e-07,-2.584242e-07,4.942894e-09,2.720329e-07,2.672959e-07,2.741081e-07,1.458265e-07,NaN,NaN,NaN,NaN,NaN,NaN,NaN,NaN,NaN,NaN,NaN,NaN,NaN,NaN,NaN,NaN,NaN,NaN,NaN,NaN,NaN,NaN,NaN,NaN,NaN,NaN,NaN,NaN,NaN,NaN,NaN,NaN,NaN,NaN,NaN,NaN,NaN,NaN,NaN,NaN,NaN,NaN,NaN,NaN,NaN,NaN,NaN,NaN,NaN,NaN,NaN,NaN,NaN,NaN,NaN,NaN,NaN,NaN,NaN,NaN,NaN,NaN,NaN,NaN,NaN
NaN,NaN,NaN,NaN,NaN,NaN,NaN,NaN,NaN,NaN,NaN,NaN,NaN,NaN,NaN,NaN,NaN,-2.189893e-07,1.128031e-07,-4.083812e-10,3.351821e-07,4.825102e-07,8.343484e-07,8.495716e-07,8.055226e-07,3.136747e-07,3.055791e-08,-2.214821e-07,-6.259351e-08,-8.734093e-09,1.99634e-07,2.000465e-07,2.281298e-07,1.625855e-07,NaN,NaN,NaN,NaN,NaN,NaN,NaN,NaN,NaN,NaN,NaN,NaN,NaN,NaN,NaN,NaN,NaN,NaN,NaN,NaN,NaN,NaN,NaN,NaN,NaN,NaN,NaN,NaN,NaN,NaN,NaN,NaN,NaN,NaN,NaN,NaN,NaN,NaN,NaN,NaN,NaN,NaN,NaN,NaN,NaN,NaN,NaN,NaN,NaN,NaN,NaN,NaN,NaN,NaN,NaN,NaN,NaN,NaN,NaN,NaN,NaN,NaN,NaN,NaN,NaN,NaN
NaN,NaN,NaN,NaN,NaN,NaN,NaN,NaN,NaN,NaN,NaN,NaN,NaN,NaN,NaN,NaN,NaN,3.321927e-08,-1.08286e-07,1.21008e-07,7.019565e-08,2.486274e-07,2.842877e-07,4.199791e-07,2.894533e-07,2.332076e-07,2.857744e-08,4.516469e-08,1.570048e-09,1.443367e-07,1.040917e-07,1.737065e-07,1.285555e-07,1.360135e-07,NaN,NaN,NaN,NaN,NaN,NaN,NaN,NaN,NaN,NaN,NaN,NaN,NaN,NaN,NaN,NaN,NaN,NaN,NaN,NaN,NaN,NaN,NaN,NaN,NaN,NaN,NaN,NaN,NaN,NaN,NaN,NaN,NaN,NaN,NaN,NaN,NaN,NaN,NaN,NaN,NaN,NaN,NaN,NaN,NaN,NaN,NaN,NaN,NaN,NaN,NaN,NaN,NaN,NaN,NaN,NaN,NaN,NaN,NaN,NaN,NaN,NaN,NaN,NaN,NaN,NaN
NaN,NaN,NaN,NaN,NaN,NaN,NaN,NaN,NaN,NaN,NaN,NaN,NaN,NaN,NaN,NaN,NaN,NaN,6.253413e-08,-3.970877e-08,9.227766e-08,7.337498e-08,1.71187e-07,1.244818e-07,1.785056e-07,7.160227e-08,8.997406e-08,1.559035e-08,8.372726e-08,4.041194e-08,1.136832e-07,7.717055e-08,9.591645e-08,NaN,NaN,NaN,NaN,NaN,NaN,NaN,NaN,NaN,NaN,NaN,NaN,NaN,NaN,NaN,NaN,NaN,NaN,NaN,NaN,NaN,NaN,NaN,NaN,NaN,NaN,NaN,NaN,NaN,NaN,NaN,NaN,NaN,NaN,NaN,NaN,NaN,NaN,NaN,NaN,NaN,NaN,NaN,NaN,NaN,NaN,NaN,NaN,NaN,NaN,NaN,NaN,NaN,NaN,NaN,NaN,NaN,NaN,NaN,NaN,NaN,NaN,NaN,NaN,NaN,NaN,NaN
NaN,NaN,NaN,NaN,NaN,NaN,NaN,NaN,NaN,NaN,NaN,NaN,NaN,NaN,NaN,NaN,NaN,NaN,-5.865142e-08,5.19457e-08,-4.606668e-09,5.859576e-08,3.404323e-08,9.384177e-08,4.006658e-08,7.079866e-08,9.684735e-09,4.707271e-08,8.563153e-09,6.737326e-08,2.378948e-08,5.879973e-08,3.09824e-08,NaN,NaN,NaN,NaN,NaN,NaN,NaN,NaN,NaN,NaN,NaN,NaN,NaN,NaN,NaN,NaN,NaN,NaN,NaN,NaN,NaN,NaN,NaN,NaN,NaN,NaN,NaN,NaN,NaN,NaN,NaN,NaN,NaN,NaN,NaN,NaN,NaN,NaN,NaN,NaN,NaN,NaN,NaN,NaN,NaN,NaN,NaN,NaN,NaN,NaN,NaN,NaN,NaN,NaN,NaN,NaN,NaN,NaN,NaN,NaN,NaN,NaN,NaN,NaN,NaN,NaN,NaN
NaN,NaN,NaN,NaN,NaN,NaN,NaN,NaN,NaN,NaN,NaN,NaN,NaN,NaN,NaN,NaN,NaN,NaN,NaN,-2.818e-08,2.767514e-08,5.38302e-10,3.604934e-08,2.027779e-09,3.775138e-08,6.840616e-11,3.01764e-08,-2.802054e-09,3.01898e-08,-3.642633e-09,3.185827e-08,7.322713e-09,NaN,NaN,NaN,NaN,NaN,NaN,NaN,NaN,NaN,NaN,NaN,NaN,NaN,NaN,NaN,NaN,NaN,NaN,NaN,NaN,NaN,NaN,NaN,NaN,NaN,NaN,NaN,NaN,NaN,NaN,NaN,NaN,NaN,NaN,NaN,NaN,NaN,NaN,NaN,NaN,NaN,NaN,NaN,NaN,NaN,NaN,NaN,NaN,NaN,NaN,NaN,NaN,NaN,NaN,NaN,NaN,NaN,NaN,NaN,NaN,NaN,NaN,NaN,NaN,NaN,NaN,NaN,NaN
NaN,NaN,NaN,NaN,NaN,NaN,NaN,NaN,NaN,NaN,NaN,NaN,NaN,NaN,NaN,NaN,NaN,NaN,NaN,2.016984e-08,-1.084681e-08,1.120735e-08,-6.876387e-09,1.731779e-08,-6.058839e-09,1.458834e-08,-8.05743e-09,1.200379e-08,-8.024599e-09,1.608525e-08,-6.209083e-09,1.024194e-08,NaN,NaN,NaN,NaN,NaN,NaN,NaN,NaN,NaN,NaN,NaN,NaN,NaN,NaN,NaN,NaN,NaN,NaN,NaN,NaN,NaN,NaN,NaN,NaN,NaN,NaN,NaN,NaN,NaN,NaN,NaN,NaN,NaN,NaN,NaN,NaN,NaN,NaN,NaN,NaN,NaN,NaN,NaN,NaN,NaN,NaN,NaN,NaN,NaN,NaN,NaN,NaN,NaN,NaN,NaN,NaN,NaN,NaN,NaN,NaN,NaN,NaN,NaN,NaN,NaN,NaN,NaN,NaN
NaN,NaN,NaN,NaN,NaN,NaN,NaN,NaN,NaN,NaN,NaN,NaN,NaN,NaN,NaN,NaN,NaN,NaN,NaN,-9.759718e-09,6.375345e-09,-4.012136e-09,5.74646e-09,-6.100121e-09,5.640958e-09,-5.250927e-09,5.79269e-09,-4.525254e-09,5.805645e-09,-6.09664e-09,5.321011e-09,-3.070117e-09,NaN,NaN,NaN,NaN,NaN,NaN,NaN,NaN,NaN,NaN,NaN,NaN,NaN,NaN,NaN,NaN,NaN,NaN,NaN,NaN,NaN,NaN,NaN,NaN,NaN,NaN,NaN,NaN,NaN,NaN,NaN,NaN,NaN,NaN,NaN,NaN,NaN,NaN,NaN,NaN,NaN,NaN,NaN,NaN,NaN,NaN,NaN,NaN,NaN,NaN,NaN,NaN,NaN,NaN,NaN,NaN,NaN,NaN,NaN,NaN,NaN,NaN,NaN,NaN,NaN,NaN,NaN,NaN
NaN,NaN,NaN,NaN,NaN,NaN,NaN,NaN,NaN,NaN,NaN,NaN,NaN,NaN,NaN,NaN,NaN,NaN,NaN,-1.157434e-11,3.14476e-13,-8.720554e-12,8.757466e-12,-1.037135e-11,2.675128e-12,3.910866e-12,-7.114453e-12,2.918847e-11,-4.119882e-12,-1.56008e-13,4.417808e-12,9.067558e-12,NaN,NaN,NaN,NaN,NaN,NaN,NaN,NaN,NaN,NaN,NaN,NaN,NaN,NaN,NaN,NaN,NaN,NaN,NaN,NaN,NaN,NaN,NaN,NaN,NaN,NaN,NaN,NaN,NaN,NaN,NaN,NaN,NaN,NaN,NaN,NaN,NaN,NaN,NaN,NaN,NaN,NaN,NaN,NaN,NaN,NaN,NaN,NaN,NaN,NaN,NaN,NaN,NaN,NaN,NaN,NaN,NaN,NaN,NaN,NaN,NaN,NaN,NaN,NaN,NaN,NaN,NaN,NaN
