NaN,NaN,NaN,NaN,NaN,NaN,NaN,NaN,NaN,NaN,NaN,NaN,NaN,NaN,NaN,NaN,NaN,NaN,NaN,-9.206344e-10,-1.447463e-10,-1.345953e-09,1.816667e-10,1.14719e-09,-8.523856e-10,2.153588e-11,-2.488958e-10,-6.110348e-10,1.847916e-10,5.604888e-10,-1.726067e-10,-1.7416e-10,NaN,NaN,NaN,NaN,NaN,NaN,NaN,NaN,NaN,NaN,NaN,NaN,NaN,NaN,NaN,NaN,NaN,NaN,NaN,NaN,NaN,NaN,NaN,NaN,NaN,NaN,NaN,NaN,NaN,NaN,NaN,NaN,NaN,NaN,NaN,NaN,NaN,NaN,NaN,NaN,NaN,NaN,NaN,NaN,NaN,NaN,NaN,NaN,NaN,NaN,NaN,NaN,NaN,NaN,NaN,NaN,NaN,NaN,NaN,NaN,NaN,NaN,NaN,NaN,NaN,NaN,NaN,NaN
NaN,NaN,NaN,NaN,NaN,NaN,NaN,NaN,NaN,NaN,NaN,NaN,NaN,NaN,NaN,NaN,NaN,NaN,NaN,7.724242e-06,7.389244e-06,7.592791e-06,7.268749e-06,7.420222e-06,7.148456e-06,7.334487e-06,7.164549e-06,7.392411e-06,7.292768e-06,7.52939e-06,7.487094e-06,7.749917e-06,NaN,NaN,NaN,NaN,NaN,NaN,NaN,NaN,NaN,NaN,NaN,NaN,NaN,NaN,NaN,NaN,NaN,NaN,NaN,NaN,NaN,NaN,NaN,NaN,NaN,NaN,NaN,NaN,NaN,NaN,NaN,NaN,NaN,NaN,NaN,NaN,NaN,NaN,NaN,NaN,NaN,NaN,NaN,NaN,NaN,NaN,NaN,NaN,NaN,NaN,NaN,NaN,NaN,NaN,NaN,NaN,NaN,NaN,NaN,NaN,NaN,NaN,NaN,NaN,NaN,NaN,NaN,NaN
NaN,NaN,NaN,NaN,NaN,NaN,NaN,NaN,NaN,NaN,NaN,NaN,NaN,NaN,NaN,NaN,NaN,NaN,NaN,2.594591e-05,2.643804e-05,2.567078e-05,2.582731e-05,2.510106e-05,2.532665e-05,2.487839e-05,2.532167e-05,2.515212e-05,2.571615e-05,2.572988e-05,2.637868e-05,2.654993e-05,NaN,NaN,NaN,NaN,NaN,NaN,NaN,NaN,NaN,NaN,NaN,NaN,NaN,NaN,NaN,NaN,NaN,NaN,NaN,NaN,NaN,NaN,NaN,NaN,NaN,NaN,NaN,NaN,NaN,NaN,NaN,NaN,NaN,NaN,NaN,NaN,NaN,NaN,NaN,NaN,NaN,NaN,NaN,NaN,NaN,NaN,NaN,NaN,NaN,NaN,NaN,NaN,NaN,NaN,NaN,NaN,NaN,NaN,NaN,NaN,NaN,NaN,NaN,NaN,NaN,NaN,NaN,NaN
NaN,NaN,NaN,NaN,NaN,NaN,NaN,NaN,NaN,NaN,NaN,NaN,NaN,NaN,NaN,NaN,NaN,NaN,NaN,5.117282e-05,5.008791e-05,5.037399e-05,4.907025e-05,4.913789e-05,4.812016e-05,4.859453e-05,4.823982e-05,4.913584e-05,4.916473e-05,5.019435e-05,5.04903e-05,5.172588e-05,NaN,NaN,NaN,NaN,NaN,NaN,NaN,NaN,NaN,NaN,NaN,NaN,NaN,NaN,NaN,NaN,NaN,NaN,NaN,NaN,NaN,NaN,NaN,NaN,NaN,NaN,NaN,NaN,NaN,NaN,NaN,NaN,NaN,NaN,NaN,NaN,NaN,NaN,NaN,NaN,NaN,NaN,NaN,NaN,NaN,NaN,NaN,NaN,NaN,NaN,NaN,NaN,NaN,NaN,NaN,NaN,NaN,NaN,NaN,NaN,NaN,NaN,NaN,NaN,NaN,NaN,NaN,NaN
NaN,NaN,NaN,NaN,NaN,NaN,NaN,NaN,NaN,NaN,NaN,NaN,NaN,NaN,NaN,NaN,NaN,NaN,7.121261e-05,7.028967e-05,7.111851e-05,6.933305e-05,6.922951e-05,6.743267e-05,6.761105e-05,6.673719e-05,6.78088e-05,6.781406e-05,6.923643e-05,6.958604e-05,7.11531e-05,7.183266e-05,7.366852e-05,NaN,NaN,NaN,NaN,NaN,NaN,NaN,NaN,NaN,NaN,NaN,NaN,NaN,NaN,NaN,NaN,NaN,NaN,NaN,NaN,NaN,NaN,NaN,NaN,NaN,NaN,NaN,NaN,NaN,NaN,NaN,NaN,NaN,NaN,NaN,NaN,NaN,NaN,NaN,NaN,NaN,NaN,NaN,NaN,NaN,NaN,NaN,NaN,NaN,NaN,NaN,NaN,NaN,NaN,NaN,NaN,NaN,NaN,NaN,NaN,NaN,NaN,NaN,NaN,NaN,NaN,NaN
NaN,NaN,NaN,NaN,NaN,NaN,NaN,NaN,NaN,NaN,NaN,NaN,NaN,NaN,NaN,NaN,NaN,NaN,8.604684e-05,8.798502e-05,8.60647e-05,8.61494e-05,8.352639e-05,8.302763e-05,8.105464e-05,8.188103e-05,8.179753e-05,8.381587e-05,8.436207e-05,8.629545e-05,8.695864e-05,8.905954e-05,9.011436e-05,NaN,NaN,NaN,NaN,NaN,NaN,NaN,NaN,NaN,NaN,NaN,NaN,NaN,NaN,NaN,NaN,NaN,NaN,NaN,NaN,NaN,NaN,NaN,NaN,NaN,NaN,NaN,NaN,NaN,NaN,NaN,NaN,NaN,NaN,NaN,NaN,NaN,NaN,NaN,NaN,NaN,NaN,NaN,NaN,NaN,NaN,NaN,NaN,NaN,NaN,NaN,NaN,NaN,NaN,NaN,NaN,NaN,NaN,NaN,NaN,NaN,NaN,NaN,NaN,NaN,NaN,NaN
NaN,NaN,NaN,NaN,NaN,NaN,NaN,NaN,NaN,NaN,NaN,NaN,NaN,NaN,NaN,NaN,NaN,9.13394e-05,9.494455e-05,9.341271e-05,9.419904e-05,9.084e-05,8.944232e-05,8.556269e-05,8.499285e-05,8.402909e-05,8.676283e-05,8.82601e-05,9.135159e-05,9.240834e-05,9.478075e-05,9.571668e-05,9.821471e-05,9.955226e-05,NaN,NaN,NaN,NaN,NaN,NaN,NaN,NaN,NaN,NaN,NaN,NaN,NaN,NaN,NaN,NaN,NaN,NaN,NaN,NaN,NaN,NaN,NaN,NaN,NaN,NaN,NaN,NaN,NaN,NaN,NaN,NaN,NaN,NaN,NaN,NaN,NaN,NaN,NaN,NaN,NaN,NaN,NaN,NaN,NaN,NaN,NaN,NaN,NaN,NaN,NaN,NaN,NaN,NaN,NaN,NaN,NaN,NaN,NaN,NaN,NaN,NaN,NaN,NaN,NaN,NaN
NaN,NaN,NaN,NaN,NaN,NaN,NaN,NaN,NaN,NaN,NaN,NaN,NaN,NaN,NaN,NaN,NaN,9.950921e-05,9.891685e-05,0.000100887,9.712713e-05,9.491037e-05,8.776395e-05,8.287045e-05,7.760293e-05,7.931409e-05,8.298227e-05,9.027115e-05,9.442534e-05,9.857906e-05,9.991812e-05,0.0001026261,0.0001037886,0.0001065352,NaN,NaN,NaN,NaN,NaN,NaN,NaN,NaN,NaN,NaN,NaN,NaN,NaN,NaN,NaN,NaN,NaN,NaN,NaN,NaN,NaN,NaN,NaN,NaN,NaN,NaN,NaN,NaN,NaN,NaN,NaN,NaN,NaN,NaN,NaN,NaN,NaN,NaN,NaN,NaN,NaN,NaN,NaN,NaN,NaN,NaN,NaN,NaN,NaN,NaN,NaN,NaN,NaN,NaN,NaN,NaN,NaN,NaN,NaN,NaN,NaN,NaN,NaN,NaN,NaN,NaN
NaN,NaN,NaN,NaN,NaN,NaN,NaN,NaN,NaN,NaN,NaN,NaN,NaN,NaN,NaN,NaN,9.604159e-05,9.689078e-05,0.0001004985,9.690766e-05,9.402002e-05,8.171754e-05,6.690842e-05,4.671819e-05,3.54272e-05,3.548545e-05,5.172897e-05,7.066374e-05,8.745854e-05,9.512962e-05,0.0001000611,0.000101445,0.0001042912,0.0001056242,0.0001084367,NaN,NaN,NaN,NaN,NaN,NaN,NaN,NaN,NaN,NaN,NaN,NaN,NaN,NaN,NaN,NaN,NaN,NaN,NaN,NaN,NaN,NaN,NaN,NaN,NaN,NaN,NaN,NaN,NaN,NaN,NaN,NaN,NaN,NaN,NaN,NaN,NaN,NaN,NaN,NaN,NaN,NaN,NaN,NaN,NaN,NaN,NaN,NaN,NaN,NaN,NaN,NaN,NaN,NaN,NaN,NaN,NaN,NaN,NaN,NaN,NaN,NaN,NaN,NaN,NaN
NaN,NaN,NaN,NaN,NaN,NaN,NaN,NaN,NaN,NaN,NaN,NaN,NaN,NaN,NaN,9.384394e-05,9.648685e-05,0.000102103,9.934029e-05,9.593718e-05,7.673973e-05,4.254523e-05,-1.806603e-05,-8.145787e-05,-0.0001236996,-0.0001179988,-7.274837e-05,-4.04298e-06,5.389872e-05,8.866429e-05,0.000100177,0.0001052065,0.000106435,0.0001093183,0.0001107596,0.0001135233,NaN,NaN,NaN,NaN,NaN,NaN,NaN,NaN,NaN,NaN,NaN,NaN,NaN,NaN,NaN,NaN,NaN,NaN,NaN,NaN,NaN,NaN,NaN,NaN,NaN,NaN,NaN,NaN,NaN,NaN,NaN,NaN,NaN,NaN,NaN,NaN,NaN,NaN,NaN,NaN,NaN,NaN,NaN,NaN,NaN,NaN,NaN,NaN,NaN,NaN,NaN,NaN,NaN,NaN,NaN,NaN,NaN,NaN,NaN,NaN,NaN,NaN,NaN,NaN
NaN,NaN,NaN,NaN,NaN,NaN,NaN,NaN,NaN,NaN,NaN,NaN,NaN,NaN,NaN,8.921388e-05,9.714496e-05,9.588838e-05,9.2437e-05,6.514671e-05,-2.216354e-06,-0.0001458627,-0.000331307,-0.0004954754,-0.000573263,-0.0005543778,-0.0004430781,-0.0002783516,-0.0001028371,2.499162e-05,8.706487e-05,0.0001016882,0.0001055753,0.0001064717,0.0001092418,0.0001106999,NaN,NaN,NaN,NaN,NaN,NaN,NaN,NaN,NaN,NaN,NaN,NaN,NaN,NaN,NaN,NaN,NaN,NaN,NaN,NaN,NaN,NaN,NaN,NaN,NaN,NaN,NaN,NaN,NaN,NaN,NaN,NaN,NaN,NaN,NaN,NaN,NaN,NaN,NaN,NaN,NaN,NaN,NaN,NaN,NaN,NaN,NaN,NaN,NaN,NaN,NaN,NaN,NaN,NaN,NaN,NaN,NaN,NaN,NaN,NaN,NaN,NaN,NaN,NaN
NaN,NaN,NaN,NaN,NaN,NaN,NaN,NaN,NaN,NaN,NaN,NaN,NaN,NaN,8.488603e-05,9.523552e-05,9.597702e-05,9.314943e-05,5.709864e-05,-5.963344e-05,-0.0003374312,-0.0007212264,-0.001076563,-0.001303238,-0.001386427,-0.001321582,-0.001135983,-0.0008543563,-0.0005291858,-0.0002166549,1.624649e-06,9.442533e-05,0.0001094223,0.0001110391,0.0001115003,0.0001141324,0.0001154872,NaN,NaN,NaN,NaN,NaN,NaN,NaN,NaN,NaN,NaN,NaN,NaN,NaN,NaN,NaN,NaN,NaN,NaN,NaN,NaN,NaN,NaN,NaN,NaN,NaN,NaN,NaN,NaN,NaN,NaN,NaN,NaN,NaN,NaN,NaN,NaN,NaN,NaN,NaN,NaN,NaN,NaN,NaN,NaN,NaN,NaN,NaN,NaN,NaN,NaN,NaN,NaN,NaN,NaN,NaN,NaN,NaN,NaN,NaN,NaN,NaN,NaN,NaN
NaN,NaN,NaN,NaN,NaN,NaN,NaN,NaN,NaN,NaN,NaN,NaN,NaN,7.321902e-05,8.602242e-05,8.926892e-05,8.770682e-05,4.358358e-05,-0.0001376537,-0.0006025509,-0.001238834,-0.001820544,-0.002236999,-0.002476578,-0.002526767,-0.002408694,-0.002134037,-0.001742651,-0.001268892,-0.0007751327,-0.0003260112,-1.642667e-05,0.0001031055,0.0001132379,0.0001112251,0.0001111612,0.0001134273,0.0001146792,NaN,NaN,NaN,NaN,NaN,NaN,NaN,NaN,NaN,NaN,NaN,NaN,NaN,NaN,NaN,NaN,NaN,NaN,NaN,NaN,NaN,NaN,NaN,NaN,NaN,NaN,NaN,NaN,NaN,NaN,NaN,NaN,NaN,NaN,NaN,NaN,NaN,NaN,NaN,NaN,NaN,NaN,NaN,NaN,NaN,NaN,NaN,NaN,NaN,NaN,NaN,NaN,NaN,NaN,NaN,NaN,NaN,NaN,NaN,NaN,NaN,NaN
NaN,NaN,NaN,NaN,NaN,NaN,NaN,NaN,NaN,NaN,NaN,NaN,NaN,8.009426e-05,8.624885e-05,8.638793e-05,3.528552e-05,-0.0002213732,-0.0009175293,-0.001834291,-0.002670397,-0.003312842,-0.003753806,-0.003973167,-0.003986868,-0.003795695,-0.003431937,-0.002916704,-0.00229981,-0.001624886,-0.0009631086,-0.0003879363,-4.279164e-06,0.0001258838,0.0001231371,0.0001169638,0.0001161991,0.0001183125,NaN,NaN,NaN,NaN,NaN,NaN,NaN,NaN,NaN,NaN,NaN,NaN,NaN,NaN,NaN,NaN,NaN,NaN,NaN,NaN,NaN,NaN,NaN,NaN,NaN,NaN,NaN,NaN,NaN,NaN,NaN,NaN,NaN,NaN,NaN,NaN,NaN,NaN,NaN,NaN,NaN,NaN,NaN,NaN,NaN,NaN,NaN,NaN,NaN,NaN,NaN,NaN,NaN,NaN,NaN,NaN,NaN,NaN,NaN,NaN,NaN,NaN
NaN,NaN,NaN,NaN,NaN,NaN,NaN,NaN,NaN,NaN,NaN,NaN,6.620242e-05,7.546094e-05,7.793331e-05,2.209932e-05,-0.000317175,-0.001283242,-0.002502081,-0.003619378,-0.004520507,-0.005202281,-0.005635032,-0.005831241,-0.005783287,-0.005518234,-0.00504664,-0.004409473,-0.003636158,-0.002784648,-0.001907581,-0.001085761,-0.0004012099,3.228928e-05,0.0001515677,0.0001278813,0.0001164774,0.0001153421,0.0001171971,NaN,NaN,NaN,NaN,NaN,NaN,NaN,NaN,NaN,NaN,NaN,NaN,NaN,NaN,NaN,NaN,NaN,NaN,NaN,NaN,NaN,NaN,NaN,NaN,NaN,NaN,NaN,NaN,NaN,NaN,NaN,NaN,NaN,NaN,NaN,NaN,NaN,NaN,NaN,NaN,NaN,NaN,NaN,NaN,NaN,NaN,NaN,NaN,NaN,NaN,NaN,NaN,NaN,NaN,NaN,NaN,NaN,NaN,NaN,NaN,NaN
NaN,NaN,NaN,NaN,NaN,NaN,NaN,NaN,NaN,NaN,NaN,5.599848e-05,6.838821e-05,7.311265e-05,1.4684e-05,-0.0004086452,-0.001671172,-0.003214689,-0.004639343,-0.005829726,-0.006784013,-0.007464702,-0.007882815,-0.008024019,-0.007912026,-0.007549146,-0.006970512,-0.006194538,-0.005269176,-0.004231473,-0.003146435,-0.002075404,-0.001108101,-0.0003362413,0.0001162156,0.000192151,0.0001380417,0.0001220578,0.0001202559,0.0001218547,NaN,NaN,NaN,NaN,NaN,NaN,NaN,NaN,NaN,NaN,NaN,NaN,NaN,NaN,NaN,NaN,NaN,NaN,NaN,NaN,NaN,NaN,NaN,NaN,NaN,NaN,NaN,NaN,NaN,NaN,NaN,NaN,NaN,NaN,NaN,NaN,NaN,NaN,NaN,NaN,NaN,NaN,NaN,NaN,NaN,NaN,NaN,NaN,NaN,NaN,NaN,NaN,NaN,NaN,NaN,NaN,NaN,NaN,NaN,NaN
NaN,NaN,NaN,NaN,NaN,NaN,NaN,NaN,NaN,NaN,3.753391e-05,5.319497e-05,6.017135e-05,1.958002e-06,-0.0005059825,-0.002092456,-0.003986832,-0.005742935,-0.007249486,-0.00850233,-0.009457815,-0.01012812,-0.01049261,-0.01057358,-0.01036715,-0.00990516,-0.009197684,-0.008285902,-0.0071949,-0.005978114,-0.004679881,-0.003371776,-0.002123498,-0.001033082,-0.0002037903,0.0002333759,0.0002356471,0.000142059,0.000121219,0.0001185729,0.0001202951,NaN,NaN,NaN,NaN,NaN,NaN,NaN,NaN,NaN,NaN,NaN,NaN,NaN,NaN,NaN,NaN,NaN,NaN,NaN,NaN,NaN,NaN,NaN,NaN,NaN,NaN,NaN,NaN,NaN,NaN,NaN,NaN,NaN,NaN,NaN,NaN,NaN,NaN,NaN,NaN,NaN,NaN,NaN,NaN,NaN,NaN,NaN,NaN,NaN,NaN,NaN,NaN,NaN,NaN,NaN,NaN,NaN,NaN,NaN
NaN,NaN,NaN,NaN,NaN,NaN,NaN,NaN,NaN,2.306954e-05,4.208165e-05,5.067149e-05,-5.330845e-06,-0.0005922439,-0.002524352,-0.00479869,-0.006912258,-0.008758732,-0.01033167,-0.011584,-0.01252867,-0.01314049,-0.01344225,-0.01342538,-0.01312027,-0.01253094,-0.01169475,-0.01062802,-0.009376474,-0.007971184,-0.006470218,-0.004924696,-0.003412201,-0.002011221,-0.0008275918,2.51653e-05,0.0004049714,0.0002905676,0.0001505546,0.0001261568,0.0001228979,0.0001243788,NaN,NaN,NaN,NaN,NaN,NaN,NaN,NaN,NaN,NaN,NaN,NaN,NaN,NaN,NaN,NaN,NaN,NaN,NaN,NaN,NaN,NaN,NaN,NaN,NaN,NaN,NaN,NaN,NaN,NaN,NaN,NaN,NaN,NaN,NaN,NaN,NaN,NaN,NaN,NaN,NaN,NaN,NaN,NaN,NaN,NaN,NaN,NaN,NaN,NaN,NaN,NaN,NaN,NaN,NaN,NaN,NaN,NaN
NaN,NaN,NaN,NaN,NaN,NaN,NaN,NaN,NaN,2.273868e-05,3.262989e-05,-1.919694e-05,-0.0006833167,-0.002990207,-0.005676113,-0.008171968,-0.01038068,-0.01229185,-0.0138584,-0.0150935,-0.01596909,-0.01650985,-0.01670369,-0.01658099,-0.01614176,-0.01542173,-0.01443123,-0.01321137,-0.0117838,-0.01019752,-0.008489226,-0.00672102,-0.004950536,-0.003260969,-0.001739566,-0.0005000934,0.0003327497,0.0006100737,0.0003423305,0.0001520276,0.0001254581,0.0001199953,NaN,NaN,NaN,NaN,NaN,NaN,NaN,NaN,NaN,NaN,NaN,NaN,NaN,NaN,NaN,NaN,NaN,NaN,NaN,NaN,NaN,NaN,NaN,NaN,NaN,NaN,NaN,NaN,NaN,NaN,NaN,NaN,NaN,NaN,NaN,NaN,NaN,NaN,NaN,NaN,NaN,NaN,NaN,NaN,NaN,NaN,NaN,NaN,NaN,NaN,NaN,NaN,NaN,NaN,NaN,NaN,NaN,NaN
NaN,NaN,NaN,NaN,NaN,NaN,NaN,NaN,7.83419e-06,1.785921e-05,-2.890259e-05,-0.0007665872,-0.003475181,-0.006606897,-0.009512126,-0.01210374,-0.01436929,-0.01626368,-0.01780046,-0.01895054,-0.01974084,-0.02015664,-0.02023016,-0.01995855,-0.01937769,-0.01849384,-0.01734633,-0.01595044,-0.01435005,-0.01257138,-0.0106661,-0.008675843,-0.006666387,-0.004701822,-0.002870595,-0.001268922,-1.821355e-05,0.0007494029,0.0008727559,0.0004051098,0.0001585496,0.0001286816,0.0001230394,NaN,NaN,NaN,NaN,NaN,NaN,NaN,NaN,NaN,NaN,NaN,NaN,NaN,NaN,NaN,NaN,NaN,NaN,NaN,NaN,NaN,NaN,NaN,NaN,NaN,NaN,NaN,NaN,NaN,NaN,NaN,NaN,NaN,NaN,NaN,NaN,NaN,NaN,NaN,NaN,NaN,NaN,NaN,NaN,NaN,NaN,NaN,NaN,NaN,NaN,NaN,NaN,NaN,NaN,NaN,NaN,NaN
NaN,NaN,NaN,NaN,NaN,NaN,NaN,-1.484762e-05,-5.744335e-06,-4.65324e-05,-0.0008623123,-0.004014615,-0.00763086,-0.01097169,-0.01396675,-0.01660028,-0.01883297,-0.0206783,-0.02210875,-0.02315269,-0.02379454,-0.02406892,-0.02397129,-0.02353868,-0.0227751,-0.02171999,-0.02038466,-0.01881097,-0.01701815,-0.01505222,-0.01294308,-0.01074508,-0.008503701,-0.006288783,-0.004169721,-0.002241561,-0.0006066028,0.0006044422,0.001253493,0.001166521,0.0004595833,0.0001572557,0.0001280677,0.0001197591,NaN,NaN,NaN,NaN,NaN,NaN,NaN,NaN,NaN,NaN,NaN,NaN,NaN,NaN,NaN,NaN,NaN,NaN,NaN,NaN,NaN,NaN,NaN,NaN,NaN,NaN,NaN,NaN,NaN,NaN,NaN,NaN,NaN,NaN,NaN,NaN,NaN,NaN,NaN,NaN,NaN,NaN,NaN,NaN,NaN,NaN,NaN,NaN,NaN,NaN,NaN,NaN,NaN,NaN,NaN,NaN
NaN,NaN,NaN,NaN,NaN,NaN,-3.281441e-05,-2.565249e-05,-6.12518e-05,-0.0009583686,-0.004599277,-0.00874373,-0.01255067,-0.0159699,-0.01898396,-0.02156254,-0.02371982,-0.0254318,-0.02672834,-0.02759425,-0.02806689,-0.02814041,-0.02785439,-0.02721147,-0.02625257,-0.02498674,-0.02345609,-0.02167587,-0.01968984,-0.01752051,-0.01521542,-0.01280753,-0.01035324,-0.007901892,-0.005526477,-0.003302033,-0.001328563,0.0002850301,0.001399947,0.001875401,0.001530129,0.0005416821,0.0001639715,0.000131153,0.0001211803,NaN,NaN,NaN,NaN,NaN,NaN,NaN,NaN,NaN,NaN,NaN,NaN,NaN,NaN,NaN,NaN,NaN,NaN,NaN,NaN,NaN,NaN,NaN,NaN,NaN,NaN,NaN,NaN,NaN,NaN,NaN,NaN,NaN,NaN,NaN,NaN,NaN,NaN,NaN,NaN,NaN,NaN,NaN,NaN,NaN,NaN,NaN,NaN,NaN,NaN,NaN,NaN,NaN,NaN,NaN
NaN,NaN,NaN,NaN,NaN,-5.831514e-05,-5.492547e-05,-8.553079e-05,-0.001084011,-0.00527849,-0.01000131,-0.0143033,-0.01816896,-0.02157416,-0.02450451,-0.02697279,-0.02896366,-0.03050604,-0.03158913,-0.03225041,-0.03248567,-0.03233575,-0.03180409,-0.03093241,-0.02973021,-0.02824017,-0.02647667,-0.02448289,-0.02227801,-0.01990642,-0.01739365,-0.01478806,-0.012125,-0.00946253,-0.006852946,-0.004372747,-0.002100401,-0.0001423067,0.00138962,0.002347969,0.002590867,0.001917094,0.0006001967,0.0001597037,0.0001307122,0.0001168906,NaN,NaN,NaN,NaN,NaN,NaN,NaN,NaN,NaN,NaN,NaN,NaN,NaN,NaN,NaN,NaN,NaN,NaN,NaN,NaN,NaN,NaN,NaN,NaN,NaN,NaN,NaN,NaN,NaN,NaN,NaN,NaN,NaN,NaN,NaN,NaN,NaN,NaN,NaN,NaN,NaN,NaN,NaN,NaN,NaN,NaN,NaN,NaN,NaN,NaN,NaN,NaN,NaN,NaN
NaN,NaN,NaN,NaN,-7.886345e-05,-8.091492e-05,-0.0001091646,-0.001232991,-0.006054171,-0.0114122,-0.0162438,-0.02057725,-0.02438377,-0.02766892,-0.0304447,-0.03270669,-0.0344839,-0.03577089,-0.03660576,-0.03698621,-0.03695511,-0.03651603,-0.03571329,-0.03455647,-0.03309085,-0.03133016,-0.02931999,-0.0270775,-0.02464816,-0.02205261,-0.019337,-0.01652711,-0.01367337,-0.01081096,-0.008000832,-0.005295469,-0.002776274,-0.0005219233,0.001353069,0.002738326,0.003470549,0.003420773,0.002382672,0.0006953866,0.0001661526,0.0001351651,0.000116182,NaN,NaN,NaN,NaN,NaN,NaN,NaN,NaN,NaN,NaN,NaN,NaN,NaN,NaN,NaN,NaN,NaN,NaN,NaN,NaN,NaN,NaN,NaN,NaN,NaN,NaN,NaN,NaN,NaN,NaN,NaN,NaN,NaN,NaN,NaN,NaN,NaN,NaN,NaN,NaN,NaN,NaN,NaN,NaN,NaN,NaN,NaN,NaN,NaN,NaN,NaN,NaN,NaN
NaN,NaN,NaN,-0.0001063838,-0.0001185986,-0.0001451195,-0.00144162,-0.006990444,-0.01305186,-0.01844668,-0.02327232,-0.02748637,-0.03112756,-0.03420155,-0.03672351,-0.03871751,-0.04019031,-0.04117587,-0.04167939,-0.04174133,-0.04136959,-0.04060806,-0.03946982,-0.03800024,-0.03621621,-0.03416428,-0.0318636,-0.02936058,-0.02667572,-0.02385482,-0.02091992,-0.01791757,-0.01487321,-0.01183823,-0.008846691,-0.005962071,-0.003235071,-0.000752514,0.001409684,0.003127178,0.00429409,0.004738119,0.00434327,0.002864794,0.0007655696,0.000161435,0.0001326867,0.0001099544,NaN,NaN,NaN,NaN,NaN,NaN,NaN,NaN,NaN,NaN,NaN,NaN,NaN,NaN,NaN,NaN,NaN,NaN,NaN,NaN,NaN,NaN,NaN,NaN,NaN,NaN,NaN,NaN,NaN,NaN,NaN,NaN,NaN,NaN,NaN,NaN,NaN,NaN,NaN,NaN,NaN,NaN,NaN,NaN,NaN,NaN,NaN,NaN,NaN,NaN,NaN,NaN
NaN,NaN,-0.0001268441,-0.0001550141,-0.0001856828,-0.001715325,-0.008104082,-0.01494594,-0.02094333,-0.02628597,-0.03091249,-0.03490664,-0.03826503,-0.04102911,-0.04321621,-0.04484879,-0.04595568,-0.04655148,-0.04667347,-0.04633491,-0.04557924,-0.04442258,-0.04291184,-0.04106647,-0.03893588,-0.03654075,-0.03393152,-0.0311285,-0.02818173,-0.02511018,-0.02196302,-0.01875811,-0.01554594,-0.01234561,-0.009213563,-0.006175981,-0.003303939,-0.000638465,0.001721688,0.003712897,0.005192738,0.00607656,0.006162229,0.00537402,0.003439156,0.0008981828,0.0001709612,0.0001373107,0.0001094087,NaN,NaN,NaN,NaN,NaN,NaN,NaN,NaN,NaN,NaN,NaN,NaN,NaN,NaN,NaN,NaN,NaN,NaN,NaN,NaN,NaN,NaN,NaN,NaN,NaN,NaN,NaN,NaN,NaN,NaN,NaN,NaN,NaN,NaN,NaN,NaN,NaN,NaN,NaN,NaN,NaN,NaN,NaN,NaN,NaN,NaN,NaN,NaN,NaN,NaN,NaN
NaN,-0.0001488704,-0.000202834,-0.0002477849,-0.002112737,-0.009483439,-0.01720327,-0.02383743,-0.02972333,-0.0347596,-0.03910102,-0.04272018,-0.04570328,-0.0480488,-0.04980879,-0.05099631,-0.05164653,-0.05178414,-0.05143727,-0.05064057,-0.04942109,-0.04782057,-0.04586788,-0.04360928,-0.0410738,-0.0383109,-0.03534764,-0.0322342,-0.02899391,-0.02567617,-0.02229973,-0.01891333,-0.01553155,-0.01220504,-0.008947492,-0.005817052,-0.002832542,-6.970177e-05,0.002439759,0.004587939,0.006323842,0.007491531,0.008023722,0.007705186,0.006489163,0.004054283,0.001056844,0.0001774961,0.0001360826,0.0001014693,NaN,NaN,NaN,NaN,NaN,NaN,NaN,NaN,NaN,NaN,NaN,NaN,NaN,NaN,NaN,NaN,NaN,NaN,NaN,NaN,NaN,NaN,NaN,NaN,NaN,NaN,NaN,NaN,NaN,NaN,NaN,NaN,NaN,NaN,NaN,NaN,NaN,NaN,NaN,NaN,NaN,NaN,NaN,NaN,NaN,NaN,NaN,NaN,NaN,NaN
-0.0001707551,-0.0002504202,-0.0003354132,-0.002723442,-0.01121251,-0.01989977,-0.02719902,-0.03364864,-0.03908217,-0.04375678,-0.04760312,-0.05077233,-0.05323097,-0.05507493,-0.05629147,-0.05694665,-0.05704456,-0.05663621,-0.05574081,-0.05440284,-0.0526539,-0.05053661,-0.04809104,-0.0453582,-0.04238435,-0.03920615,-0.03587328,-0.03241598,-0.02888476,-0.02530176,-0.02171694,-0.0181436,-0.01463212,-0.01118793,-0.007864946,-0.00466452,-0.001651121,0.001172118,0.003718311,0.005975428,0.007818028,0.009221127,0.01000352,0.01013662,0.009363418,0.007694541,0.004757891,0.0012922,0.0001998005,0.0001387759,0.0001012121,NaN,NaN,NaN,NaN,NaN,NaN,NaN,NaN,NaN,NaN,NaN,NaN,NaN,NaN,NaN,NaN,NaN,NaN,NaN,NaN,NaN,NaN,NaN,NaN,NaN,NaN,NaN,NaN,NaN,NaN,NaN,NaN,NaN,NaN,NaN,NaN,NaN,NaN,NaN,NaN,NaN,NaN,NaN,NaN,NaN,NaN,NaN,NaN,NaN
-0.0002605164,-0.0004829456,-0.003759824,-0.01349728,-0.0232412,-0.03120288,-0.03822059,-0.04401451,-0.04899783,-0.0530173,-0.05633045,-0.05883813,-0.06071318,-0.06188884,-0.06248967,-0.06247492,-0.06194207,-0.06087364,-0.05935225,-0.05738062,-0.05503323,-0.05232798,-0.04933364,-0.04607886,-0.04262469,-0.03900738,-0.03527775,-0.03147611,-0.02764088,-0.023814,-0.02002034,-0.01630276,-0.01267208,-0.009173662,-0.005806044,-0.002621124,0.000390893,0.003163021,0.00570768,0.007929265,0.009836873,0.01128872,0.01228875,0.01263018,0.0123228,0.0110733,0.008958134,0.00554125,0.001636911,0.0002323516,0.0001309759,9.940014e-05,NaN,NaN,NaN,NaN,NaN,NaN,NaN,NaN,NaN,NaN,NaN,NaN,NaN,NaN,NaN,NaN,NaN,NaN,NaN,NaN,NaN,NaN,NaN,NaN,NaN,NaN,NaN,NaN,NaN,NaN,NaN,NaN,NaN,NaN,NaN,NaN,NaN,NaN,NaN,NaN,NaN,NaN,NaN,NaN,NaN,NaN,NaN,-0.0002093942
-0.0007182572,-0.005591065,-0.01663228,-0.02741127,-0.03600775,-0.0435591,-0.04965654,-0.05489249,-0.05901637,-0.06240561,-0.0648856,-0.06671599,-0.06776891,-0.06823467,-0.06802224,-0.06728169,-0.06595428,-0.06416618,-0.06188699,-0.05922797,-0.05618145,-0.05284781,-0.04923529,-0.04543323,-0.04146146,-0.03739516,-0.03326156,-0.02911968,-0.02500073,-0.02094585,-0.0169884,-0.01315075,-0.00946867,-0.005946048,-0.002623107,0.0005124692,0.003410609,0.006095857,0.008498256,0.01064926,0.01244396,0.01391588,0.01490638,0.01545092,0.01531573,0.01455585,0.01284552,0.01031806,0.006486677,0.002189298,0.0002987138,0.0001239282,0.0001120886,NaN,NaN,NaN,NaN,NaN,NaN,NaN,NaN,NaN,NaN,NaN,NaN,NaN,NaN,NaN,NaN,NaN,NaN,NaN,NaN,NaN,NaN,NaN,NaN,NaN,NaN,NaN,NaN,NaN,NaN,NaN,NaN,NaN,NaN,NaN,NaN,NaN,NaN,NaN,NaN,NaN,NaN,NaN,NaN,NaN,-0.0002955594,-0.0002874536
-0.008698407,-0.02112703,-0.03267118,-0.04188694,-0.04984619,-0.05619942,-0.06157237,-0.06572898,-0.06908129,-0.07144967,-0.07312385,-0.07396233,-0.0741831,-0.07367662,-0.07262071,-0.07093587,-0.06877763,-0.06609346,-0.06302592,-0.05954469,-0.05578328,-0.05172646,-0.04749888,-0.04309462,-0.03862616,-0.03409288,-0.02959217,-0.02512492,-0.02077125,-0.01653119,-0.01246655,-0.008575797,-0.004901811,-0.001442583,0.001776798,0.004755968,0.007485063,0.009954644,0.01216601,0.01408943,0.01573222,0.01702832,0.01798634,0.01848444,0.01853362,0.01793733,0.01672831,0.01462261,0.01171946,0.007612191,0.002984837,0.0004095783,0.0001039094,0.0001349898,NaN,NaN,NaN,NaN,NaN,NaN,NaN,NaN,NaN,NaN,NaN,NaN,NaN,NaN,NaN,NaN,NaN,NaN,NaN,NaN,NaN,NaN,NaN,NaN,NaN,NaN,NaN,NaN,NaN,NaN,NaN,NaN,NaN,NaN,NaN,NaN,NaN,NaN,NaN,NaN,NaN,NaN,NaN,-0.0003859099,-0.0003228631,-0.001194169
-0.02629352,-0.03885055,-0.04887279,-0.05716535,-0.06371597,-0.06909388,-0.07318752,-0.07636105,-0.07851244,-0.07988771,-0.08040334,-0.0802379,-0.07932884,-0.0778197,-0.07567108,-0.07301039,-0.06982031,-0.06622072,-0.06221268,-0.05791144,-0.05333013,-0.04857897,-0.04367577,-0.03872295,-0.03373866,-0.02881321,-0.02396148,-0.01925938,-0.01471584,-0.01039094,-0.006286444,-0.002446006,0.001135278,0.00442984,0.007447832,0.01017594,0.01262579,0.01479517,0.01668982,0.01831393,0.01965552,0.02071925,0.0214595,0.02187541,0.02186969,0.02143689,0.02041505,0.01880342,0.01637802,0.01316348,0.008924674,0.004036295,0.0005943321,0.0001055972,0.0001599874,NaN,NaN,NaN,NaN,NaN,NaN,NaN,NaN,NaN,NaN,NaN,NaN,NaN,NaN,NaN,NaN,NaN,NaN,NaN,NaN,NaN,NaN,NaN,NaN,NaN,NaN,NaN,NaN,NaN,NaN,NaN,NaN,NaN,NaN,NaN,NaN,NaN,NaN,NaN,NaN,NaN,-0.0005164311,-0.0003522956,-0.001793342,-0.01221549
-0.04613084,-0.05685436,-0.06551834,-0.07225661,-0.07752515,-0.08144133,-0.0842807,-0.08607581,-0.08699311,-0.08704148,-0.0863354,-0.08488054,-0.08277182,-0.08002136,-0.07672261,-0.07289717,-0.06864411,-0.06399245,-0.05904767,-0.05384102,-0.0484823,-0.0429978,-0.03749818,-0.03199949,-0.02660823,-0.02132741,-0.01625602,-0.01138158,-0.006793852,-0.002463755,0.001528568,0.005228797,0.008566345,0.01160242,0.01427453,0.01665766,0.01869475,0.02047021,0.0219284,0.02315544,0.02409111,0.02481151,0.02524363,0.02543885,0.02530318,0.02484907,0.02395696,0.02259731,0.02061827,0.01798076,0.01448742,0.01027022,0.005155764,0.0009160709,0.0001192943,0.0001671279,9.334124e-05,NaN,NaN,NaN,NaN,NaN,NaN,NaN,NaN,NaN,NaN,NaN,NaN,NaN,NaN,NaN,NaN,NaN,NaN,NaN,NaN,NaN,NaN,NaN,NaN,NaN,NaN,NaN,NaN,NaN,NaN,NaN,NaN,NaN,NaN,NaN,NaN,NaN,-0.0003057974,-0.0006023049,-0.0004570794,-0.003117521,-0.01720385,-0.03314064
-0.06629961,-0.07488248,-0.08175614,-0.08674169,-0.09040533,-0.09270339,-0.09401864,-0.09426181,-0.09370694,-0.09225146,-0.09011637,-0.08721275,-0.08373454,-0.07961986,-0.07504673,-0.06998298,-0.06459326,-0.0588716,-0.05296684,-0.04689315,-0.04077844,-0.03465127,-0.02861322,-0.02270155,-0.01698956,-0.01151798,-0.006330704,-0.001469619,0.003051083,0.007189184,0.01095979,0.01432025,0.01731364,0.019896,0.02213712,0.02398941,0.02554693,0.0267551,0.02772745,0.02839724,0.02888925,0.02911668,0.02920415,0.02903401,0.02871747,0.02809518,0.0272558,0.02598502,0.02436109,0.02209419,0.01933399,0.01567419,0.01159975,0.006379581,0.001600207,0.0001918927,0.0001561895,0.0001364376,NaN,NaN,NaN,NaN,NaN,NaN,NaN,NaN,NaN,NaN,NaN,NaN,NaN,NaN,NaN,NaN,NaN,NaN,NaN,NaN,NaN,NaN,NaN,NaN,NaN,NaN,NaN,NaN,NaN,NaN,NaN,NaN,NaN,NaN,NaN,-0.0005168318,-0.000557896,-0.0007670207,-0.006168453,-0.02376532,-0.04154721,-0.05498303
-0.08561396,-0.09223264,-0.09675663,-0.0999141,-0.1015352,-0.1021352,-0.1015463,-0.1001595,-0.0977906,-0.09476472,-0.09090916,-0.08651745,-0.08144473,-0.07596736,-0.06997143,-0.06371924,-0.05712367,-0.05043039,-0.04357153,-0.03677087,-0.02997272,-0.02337315,-0.0169233,-0.01078839,-0.004921035,0.0005443803,0.00565651,0.0103117,0.01456064,0.01832925,0.02166978,0.02453613,0.02698155,0.02898612,0.03060237,0.03183453,0.03273189,0.03331938,0.0336393,0.03373108,0.03362412,0.0333624,0.03295349,0.03243327,0.03177643,0.03099724,0.03002602,0.02885204,0.02734696,0.02550634,0.02312368,0.0203306,0.01677942,0.01291154,0.00793365,0.002898736,0.0004054421,0.000135046,0.000187026,NaN,NaN,NaN,NaN,NaN,NaN,NaN,NaN,NaN,NaN,NaN,NaN,NaN,NaN,NaN,NaN,NaN,NaN,NaN,NaN,NaN,NaN,NaN,NaN,NaN,NaN,NaN,NaN,NaN,NaN,NaN,NaN,NaN,-0.0008111502,-0.0005089522,-0.001778558,-0.0128633,-0.03339696,-0.05219898,-0.06575264,-0.07724463
-0.1036238,-0.1074861,-0.1096837,-0.1104951,-0.1100317,-0.1084908,-0.1059651,-0.1025595,-0.09837052,-0.09344795,-0.08790968,-0.08178194,-0.07520986,-0.06820963,-0.06094906,-0.05343612,-0.04585272,-0.0381951,-0.0306495,-0.02319551,-0.01601492,-0.009067648,-0.002524661,0.003676216,0.009376266,0.01466158,0.01938571,0.02365802,0.02734338,0.03057312,0.03322176,0.03544117,0.03711329,0.03840934,0.03921653,0.03972319,0.03981865,0.0397062,0.03927166,0.03872978,0.0379537,0.03716397,0.03620797,0.03530434,0.03425875,0.0332805,0.03211899,0.03096822,0.02952464,0.02796491,0.02598428,0.02372718,0.02100647,0.01784795,0.01410844,0.009699575,0.004585539,0.0009546681,0.0001410621,0.0002122016,0.0001590138,NaN,NaN,NaN,NaN,NaN,NaN,NaN,NaN,NaN,NaN,NaN,NaN,NaN,NaN,NaN,NaN,NaN,NaN,NaN,NaN,NaN,NaN,NaN,NaN,NaN,NaN,NaN,NaN,NaN,-0.0006029936,-0.0007773167,-0.000609957,-0.004776514,-0.02348143,-0.04653924,-0.06519447,-0.07906066,-0.08987815,-0.09781729
-0.118627,-0.1195041,-0.1191709,-0.1173459,-0.1146011,-0.1106919,-0.1060466,-0.1004836,-0.09433187,-0.08747155,-0.08017145,-0.07236864,-0.06429414,-0.05593041,-0.04747778,-0.03895007,-0.03051652,-0.0222089,-0.01416248,-0.006415837,0.0009312933,0.007841742,0.01425099,0.02012693,0.02544026,0.03016368,0.03430138,0.03783013,0.04078519,0.0431457,0.04497516,0.04625299,0.04706921,0.0474013,0.04736351,0.04692866,0.04623294,0.04524024,0.04410579,0.04277717,0.04142436,0.03996708,0.03858404,0.03715251,0.03585362,0.03450575,0.03328929,0.03195567,0.03068581,0.02918199,0.02762759,0.0257436,0.02367205,0.02119338,0.01835337,0.01482634,0.01106914,0.006417375,0.002188519,0.0003441692,0.000193747,0.0002041873,0.0002089296,NaN,NaN,NaN,NaN,NaN,NaN,NaN,NaN,NaN,NaN,NaN,NaN,NaN,NaN,NaN,NaN,NaN,NaN,NaN,NaN,NaN,NaN,NaN,NaN,NaN,-0.0004238643,-0.0009652533,-0.0005812287,-0.001834345,-0.01335341,-0.0382357,-0.06228179,-0.08004242,-0.09423496,-0.104202,-0.1113022,-0.1158476
-0.1288807,-0.1268569,-0.123475,-0.1191224,-0.1136819,-0.1074993,-0.1004528,-0.09285689,-0.08460009,-0.07598697,-0.0669174,-0.05769787,-0.04823411,-0.03883519,-0.0294027,-0.0202432,-0.01124385,-0.002702313,0.005516759,0.01312911,0.02029806,0.02675375,0.03269002,0.03785108,0.04245929,0.04627244,0.04953856,0.05202643,0.05400702,0.05525737,0.05606867,0.05622374,0.05603123,0.05527761,0.05428666,0.0528454,0.0512897,0.04940378,0.04753039,0.04544629,0.04349291,0.04143315,0.03959613,0.03772331,0.03611917,0.03449823,0.03313125,0.0317041,0.03046147,0.02906152,0.02776236,0.02616837,0.02462556,0.02260646,0.02054625,0.01788788,0.0150621,0.01187443,0.008266934,0.003984918,0.001116698,0.0001922659,0.0002734483,0.0001955435,0.0002798487,NaN,NaN,NaN,NaN,NaN,NaN,NaN,NaN,NaN,NaN,NaN,NaN,NaN,NaN,NaN,NaN,NaN,NaN,NaN,NaN,NaN,-0.0004762787,-0.0008847144,-0.0007282572,-0.0008436048,-0.007776455,-0.03052861,-0.05888535,-0.0813114,-0.09762309,-0.1104467,-0.1195651,-0.1252519,-0.1284722,-0.1295313
-0.132744,-0.1275919,-0.1212546,-0.1141592,-0.1061384,-0.09758594,-0.08831395,-0.07872617,-0.06862837,-0.05843541,-0.04795375,-0.03760214,-0.02718683,-0.01711967,-0.007201123,0.00217417,0.01121819,0.01956118,0.02743201,0.03449023,0.04098266,0.04660003,0.05160525,0.05571857,0.05921772,0.06184816,0.0638998,0.06513971,0.06586691,0.06586672,0.06544442,0.06440047,0.06304418,0.06118815,0.05914297,0.05673054,0.05425936,0.05155611,0.04892319,0.04618516,0.04363313,0.04108005,0.03879955,0.03658238,0.03467961,0.03285021,0.03132223,0.0298226,0.02855837,0.02724369,0.02605703,0.02475296,0.02342494,0.02193553,0.02027308,0.01838577,0.01638491,0.01403655,0.01155265,0.008779341,0.00570129,0.002485708,0.0007227649,0.0002297262,0.0002883845,0.0002371563,0.0002849089,NaN,NaN,NaN,NaN,NaN,NaN,NaN,NaN,NaN,NaN,NaN,NaN,NaN,NaN,NaN,NaN,NaN,-0.0005216215,-0.0007709051,-0.0007158621,-0.0006666865,-0.005979883,-0.02575008,-0.05610397,-0.08260503,-0.1025519,-0.1176888,-0.1281627,-0.1352603,-0.1389145,-0.1404503,-0.1393686,-0.1368991
-0.1283766,-0.1201089,-0.1109153,-0.1012108,-0.09081852,-0.08011423,-0.06895876,-0.05769783,-0.04622597,-0.03486843,-0.02353898,-0.01254406,-0.001801227,0.008404425,0.01816463,0.02721974,0.03567968,0.04331262,0.05025146,0.05629177,0.06159114,0.0659691,0.06960713,0.07234499,0.07438383,0.07558075,0.07615249,0.07596953,0.07526039,0.07390566,0.07214281,0.06985976,0.06729952,0.0643547,0.06127093,0.05794232,0.05461313,0.05117518,0.0478655,0.04456925,0.04150816,0.03855613,0.03591027,0.03342927,0.03127689,0.02929695,0.02761504,0.02606438,0.02474009,0.02346738,0.02233859,0.02114563,0.02004323,0.01873912,0.01749232,0.01600398,0.01449064,0.01286848,0.011095,0.009218877,0.007434275,0.005432671,0.003420016,0.001503342,0.000575727,0.0002960658,0.0003376819,0.0002813558,0.0003252217,0.0002242681,NaN,NaN,NaN,NaN,NaN,NaN,NaN,NaN,NaN,NaN,NaN,-0.0004403024,-0.0003145302,-0.000617587,-0.0005259747,-0.0009599567,-0.006973887,-0.02648472,-0.05769137,-0.08647528,-0.1090081,-0.1256924,-0.1377682,-0.1461288,-0.150132,-0.1514645,-0.1503191,-0.1470205,-0.1421074,-0.1358344
-0.1142808,-0.1032239,-0.09159103,-0.07966954,-0.06739371,-0.05506701,-0.04259495,-0.03031101,-0.01809977,-0.006309741,0.005194537,0.01606576,0.02646185,0.03604946,0.04501215,0.053039,0.0603405,0.06663179,0.07214944,0.07663503,0.08034752,0.08305363,0.08502938,0.08606304,0.08644434,0.08597771,0.08496301,0.083217,0.08104584,0.07827521,0.07521472,0.07169598,0.0680294,0.06404903,0.06006294,0.05590448,0.05187564,0.04780419,0.04398206,0.04022506,0.03681104,0.03353635,0.0306617,0.02795717,0.02566608,0.02352741,0.02177206,0.02010995,0.01876463,0.01743128,0.01631995,0.01515368,0.01408454,0.01293518,0.01178343,0.01052448,0.009309394,0.00787525,0.006608597,0.005218746,0.003894862,0.002669333,0.001677899,0.0007589679,0.0002224499,-7.818109e-05,7.286385e-05,0.0001839015,0.0003777426,0.0003411007,0.0003881553,0.000383971,0.0004199653,0.0003283902,0.0002806202,0.0001828525,0.0001855978,0.0001841704,0.0002009938,7.416608e-05,-0.0002589722,-0.0003336992,-0.0007819197,-0.003408999,-0.01262971,-0.03662073,-0.06752072,-0.09553733,-0.1183017,-0.1361858,-0.1486378,-0.1574464,-0.1618587,-0.1627302,-0.1609705,-0.1568997,-0.1506981,-0.1433452,-0.134462,-0.124841
-0.0898907,-0.07671785,-0.063295,-0.04993034,-0.03654706,-0.02341256,-0.01049639,0.001976747,0.01400778,0.02541076,0.03617604,0.04615585,0.05534443,0.06363172,0.0710251,0.07745125,0.08293451,0.08743527,0.09099525,0.09360389,0.09531877,0.09615203,0.09617458,0.09541599,0.09395573,0.09183734,0.08914486,0.0859319,0.0822835,0.07826013,0.07394526,0.06940348,0.06471332,0.05994065,0.05515585,0.05042272,0.0457997,0.04134494,0.03709976,0.03311353,0.02940432,0.02601089,0.02292242,0.02016733,0.01770181,0.01554889,0.01363033,0.01197109,0.01046512,0.009142419,0.007890313,0.006722199,0.005578015,0.004405948,0.003240163,0.002003674,0.0007010216,-0.0005582841,-0.001958827,-0.003276413,-0.004509141,-0.005677457,-0.006724535,-0.007362958,-0.007766854,-0.007762739,-0.007222585,-0.005835471,-0.003880911,-0.001978536,-0.001000012,-0.0005726871,-0.0004110251,-0.0003261562,-0.0004146916,-0.0005535078,-0.0008419795,-0.001177589,-0.001746437,-0.002644779,-0.005328554,-0.01437209,-0.03484216,-0.06062052,-0.08717059,-0.1108009,-0.1320187,-0.1492962,-0.1607684,-0.1690345,-0.1732398,-0.1732965,-0.1704018,-0.1653782,-0.1578351,-0.1488651,-0.1386747,-0.127371,-0.1154103,-0.1028704
-0.05613865,-0.04177974,-0.02770154,-0.01385427,-0.000475718,0.01245837,0.02475525,0.03641448,0.04728374,0.05735541,0.06651495,0.07476131,0.08201572,0.08829197,0.09354414,0.09780417,0.1010552,0.103347,0.1046868,0.1051398,0.1047316,0.1035404,0.1016035,0.09900856,0.09580156,0.09207471,0.08787922,0.08330889,0.07841699,0.07329603,0.06799857,0.06261311,0.05718917,0.05180808,0.04651315,0.04137561,0.03642954,0.03173226,0.0273059,0.02318958,0.01939204,0.01592998,0.01279949,0.009992113,0.007495054,0.005273165,0.003312482,0.001553417,-1.350036e-05,-0.001462306,-0.002803354,-0.004090871,-0.005378121,-0.00663604,-0.007991002,-0.009349717,-0.01079458,-0.01235985,-0.01391234,-0.0155536,-0.01726884,-0.01888612,-0.0204082,-0.02187064,-0.02314127,-0.02407405,-0.02460979,-0.02484084,-0.02494045,-0.02476418,-0.02412776,-0.02316612,-0.02191675,-0.02082905,-0.0208463,-0.02311364,-0.02838777,-0.03678607,-0.04739239,-0.05975529,-0.0748392,-0.09346313,-0.1122782,-0.1316331,-0.1504461,-0.163693,-0.173045,-0.1798216,-0.1829349,-0.1817222,-0.1773507,-0.1708645,-0.1620968,-0.1513026,-0.139583,-0.1267734,-0.1131734,-0.09927444,-0.08495878,-0.07055022
-0.01565223,-0.001506558,0.01215299,0.02512569,0.03744363,0.04894555,0.05963828,0.06940676,0.07824827,0.08608866,0.09292864,0.09873031,0.103506,0.1072492,0.1099868,0.1117384,0.1125453,0.112448,0.1114998,0.1097565,0.1072806,0.1041373,0.100396,0.09612667,0.09140171,0.08629345,0.08087405,0.07521528,0.06938653,0.0634566,0.05748975,0.05154951,0.04569231,0.03997423,0.03444133,0.02913953,0.02410202,0.01936251,0.01493836,0.01085015,0.007096531,0.003686154,0.0005969849,-0.002170996,-0.004661421,-0.006876338,-0.008881364,-0.01067339,-0.01233583,-0.01385857,-0.0153279,-0.01674794,-0.01815823,-0.01963041,-0.02111637,-0.02273723,-0.02445625,-0.02625695,-0.02827784,-0.0303927,-0.03260798,-0.03501169,-0.03753715,-0.04006906,-0.04264455,-0.04524423,-0.0478732,-0.05056549,-0.05332702,-0.05589943,-0.05818078,-0.06053832,-0.06361948,-0.06784836,-0.07352582,-0.0807344,-0.0894706,-0.09958727,-0.1114816,-0.1256358,-0.1415408,-0.1560216,-0.166752,-0.1754137,-0.1827225,-0.1873651,-0.1882992,-0.1854225,-0.1793585,-0.1713013,-0.1612148,-0.1489418,-0.1355197,-0.1214915,-0.1065122,-0.09126158,-0.07596757,-0.06049017,-0.04529101,-0.03028777
0.02695454,0.03967112,0.05151819,0.06255257,0.07262037,0.08176532,0.08988494,0.09700948,0.1030804,0.1081264,0.1121253,0.1151117,0.1170932,0.1181137,0.1182043,0.1174181,0.1158039,0.1134222,0.1103342,0.1066058,0.1023048,0.09750063,0.09226312,0.08666293,0.08076944,0.07465117,0.06837496,0.06200504,0.05560378,0.04922918,0.04293698,0.03677692,0.0307966,0.02503538,0.01953081,0.01431027,0.009399677,0.004812682,0.0005631097,-0.003350763,-0.006925972,-0.01018091,-0.01312039,-0.01578001,-0.01816724,-0.02033574,-0.0222882,-0.024096,-0.02575292,-0.02734286,-0.02885678,-0.03036516,-0.03189791,-0.03345561,-0.03514633,-0.03690862,-0.03883798,-0.04098333,-0.04325757,-0.04580616,-0.04863127,-0.05165372,-0.05493357,-0.05854591,-0.0624259,-0.06656227,-0.07096528,-0.07562964,-0.08046926,-0.08548316,-0.09083392,-0.09684171,-0.1037477,-0.1116079,-0.1201199,-0.1289068,-0.1376466,-0.1464625,-0.1557356,-0.1655101,-0.1745487,-0.1814204,-0.1855691,-0.1870933,-0.1857473,-0.1809717,-0.1734923,-0.1641628,-0.1530297,-0.1397341,-0.1250986,-0.1100793,-0.09440791,-0.07816637,-0.06219882,-0.04628249,-0.03053187,-0.01537529,-0.0005960375,0.01351675
0.0662625,0.07633372,0.08547956,0.09356724,0.1006787,0.1067226,0.1117625,0.1157529,0.1187492,0.120742,0.121786,0.1218997,0.1211409,0.1195485,0.1171844,0.1141018,0.1103655,0.1060382,0.1011856,0.09587531,0.09017304,0.08414629,0.07786004,0.07137888,0.06476436,0.05807718,0.05137339,0.04470798,0.03813011,0.03168774,0.02542176,0.01937166,0.0135685,0.00804239,0.002813539,-0.002098383,-0.006684826,-0.01093674,-0.01485792,-0.0184488,-0.02172614,-0.02469703,-0.02739167,-0.02981978,-0.03202557,-0.03401546,-0.03584944,-0.03752505,-0.03911725,-0.04061426,-0.042097,-0.04356447,-0.04506154,-0.0466522,-0.04830271,-0.05013894,-0.05212792,-0.05429297,-0.05676954,-0.05947017,-0.06244848,-0.0658173,-0.06954712,-0.07359733,-0.07804386,-0.08290608,-0.08817517,-0.09383076,-0.09987842,-0.106291,-0.1130774,-0.1202631,-0.1278247,-0.1355396,-0.1431437,-0.1503462,-0.1570284,-0.163124,-0.1685351,-0.1727697,-0.1751385,-0.1747602,-0.1713127,-0.1652622,-0.1571441,-0.1474066,-0.1357769,-0.1221266,-0.1071127,-0.09179087,-0.07610548,-0.05976584,-0.04357211,-0.02790474,-0.01232849,0.002637953,0.01685039,0.03052267,0.04326593,0.05522029
0.09690083,0.1037176,0.109466,0.1142513,0.1179883,0.1207727,0.1225656,0.1234476,0.1234156,0.1225424,0.1208512,0.1184113,0.1152641,0.111477,0.1071033,0.1022091,0.0968542,0.0911025,0.08501669,0.07865734,0.07208638,0.06536103,0.05853901,0.05167352,0.04481704,0.03801663,0.03131866,0.02476312,0.01838931,0.01222927,0.006314239,0.0006675025,-0.004688111,-0.00973889,-0.01447085,-0.01887987,-0.02296085,-0.02671935,-0.03015812,-0.03329248,-0.0361308,-0.03869857,-0.04100648,-0.04309064,-0.04495979,-0.04666264,-0.04820014,-0.04963559,-0.0509594,-0.05224781,-0.05348643,-0.05474452,-0.0560415,-0.05738664,-0.05887648,-0.06045716,-0.062232,-0.0642374,-0.06641433,-0.06890977,-0.07172425,-0.07480749,-0.07823683,-0.08208112,-0.08629083,-0.09085599,-0.09576996,-0.1010079,-0.1065069,-0.1122449,-0.1181829,-0.1242241,-0.1301671,-0.1357829,-0.1407537,-0.1448147,-0.1477153,-0.1493039,-0.1493755,-0.1477068,-0.1439495,-0.1381371,-0.1304847,-0.1209758,-0.109568,-0.09628804,-0.08193784,-0.06729846,-0.05240411,-0.03686728,-0.02128419,-0.006416944,0.008103813,0.02231248,0.03552317,0.04802349,0.05977977,0.07044633,0.0802937,0.08909323
0.1152654,0.118587,0.121003,0.122443,0.1230312,0.1227289,0.1216388,0.1197576,0.117173,0.1139067,0.1100364,0.1056008,0.1006704,0.0952938,0.08953613,0.08345099,0.07709827,0.07053302,0.06380957,0.0569816,0.05009802,0.04320828,0.03635649,0.02958598,0.02293494,0.01644067,0.01013452,0.004047067,-0.001797644,-0.007376131,-0.01267186,-0.01766869,-0.02235804,-0.02673089,-0.03078647,-0.03452282,-0.03794652,-0.04106188,-0.04388265,-0.04641774,-0.04868822,-0.05070498,-0.05249709,-0.05407423,-0.05547491,-0.05670305,-0.05780987,-0.05878919,-0.05970614,-0.06054403,-0.06137619,-0.06219291,-0.06303864,-0.0639611,-0.06493106,-0.06606095,-0.06730784,-0.06870281,-0.07035399,-0.07217347,-0.07421514,-0.07656402,-0.07917357,-0.08199976,-0.08509007,-0.08843059,-0.09197904,-0.09568242,-0.09949118,-0.1032864,-0.1069234,-0.1102387,-0.1130656,-0.1151767,-0.1163922,-0.1165264,-0.1154606,-0.1130396,-0.1091343,-0.1035887,-0.09641136,-0.087487,-0.07681797,-0.06483522,-0.052085,-0.0390874,-0.02565611,-0.01160443,0.002570274,0.01602321,0.02891378,0.04163083,0.05353204,0.06436323,0.07460906,0.08385164,0.09202591,0.09939169,0.1056344,0.1109496
0.1200595,0.1202967,0.1196817,0.1183479,0.1162516,0.1135132,0.1101231,0.1061803,0.1017003,0.09676612,0.09140933,0.08570138,0.07968304,0.07341661,0.06694708,0.06032912,0.05360862,0.04683301,0.04004671,0.03329032,0.02660459,0.02002447,0.0135848,0.007315286,0.001244814,-0.004603241,-0.01020585,-0.01554595,-0.02060656,-0.02537696,-0.02984629,-0.03401004,-0.03786296,-0.04140676,-0.04464152,-0.04757451,-0.05021061,-0.05256224,-0.05463796,-0.05645531,-0.0580246,-0.05936922,-0.06049874,-0.06144358,-0.06220941,-0.06283636,-0.06332142,-0.06371757,-0.06401044,-0.0642658,-0.06446172,-0.06466071,-0.06486712,-0.06508891,-0.06540125,-0.06574501,-0.06621134,-0.06680811,-0.06747586,-0.06833436,-0.06935214,-0.0704666,-0.07172855,-0.07316305,-0.07469126,-0.07627046,-0.07785639,-0.07938216,-0.08074619,-0.08187182,-0.08266296,-0.08299088,-0.08268853,-0.08161695,-0.07959899,-0.07650475,-0.07220283,-0.06665254,-0.05984354,-0.0518568,-0.04272644,-0.03273406,-0.02219883,-0.01112978,0.0005250478,0.01277529,0.02497215,0.03649027,0.04741617,0.05821784,0.06845221,0.07751161,0.08583917,0.09353563,0.1000334,0.1056739,0.1104748,0.1141695,0.1170677,0.1189951
0.1126901,0.1104519,0.1076272,0.1041764,0.1002334,0.09577793,0.09091793,0.08565804,0.08008522,0.07422045,0.06813484,0.06185902,0.05545194,0.04894856,0.0423981,0.03583662,0.029305,0.02283809,0.01646925,0.01023054,0.00414889,-0.001748325,-0.007439062,-0.01290169,-0.01811933,-0.02307532,-0.02775817,-0.0321562,-0.03626314,-0.04007204,-0.04358144,-0.04678891,-0.04969773,-0.0523093,-0.05463114,-0.05666828,-0.05843192,-0.05992996,-0.06117719,-0.06218316,-0.06296664,-0.06353687,-0.06391779,-0.06411596,-0.06416244,-0.0640572,-0.06384209,-0.06350642,-0.0631046,-0.06261396,-0.06209743,-0.06153419,-0.06096254,-0.06041,-0.05984391,-0.05935449,-0.05888201,-0.05845016,-0.05813133,-0.0578234,-0.05756415,-0.05740092,-0.05726048,-0.05708303,-0.05688644,-0.05663024,-0.05625299,-0.05568989,-0.054881,-0.05371572,-0.05208007,-0.04987125,-0.04701201,-0.04340522,-0.03901387,-0.0338032,-0.02779777,-0.02100271,-0.01346118,-0.00520371,0.003620995,0.01302108,0.02297873,0.03313087,0.04303768,0.05231293,0.06122823,0.07007149,0.07847794,0.08576806,0.09219214,0.0981973,0.1032484,0.1071892,0.1105321,0.1129313,0.1143855,0.115179,0.1150538,0.1142383
0.09628935,0.09246437,0.08815684,0.08349741,0.07845184,0.07313529,0.0675382,0.06175076,0.0557812,0.04970028,0.0435269,0.037317,0.03109497,0.02490538,0.01877438,0.01273736,0.006820028,0.001049933,-0.004549041,-0.009956076,-0.01515047,-0.02011648,-0.02483815,-0.02930369,-0.03350158,-0.03742452,-0.04106488,-0.0444195,-0.04748445,-0.05026037,-0.05274681,-0.05494789,-0.0568661,-0.05850887,-0.05988123,-0.06099333,-0.06185252,-0.06247146,-0.06285896,-0.06303047,-0.06299487,-0.06277134,-0.06236693,-0.06180595,-0.06109092,-0.06025407,-0.05928881,-0.05823859,-0.05708467,-0.05588224,-0.05460229,-0.05329802,-0.05195961,-0.05059104,-0.04924572,-0.04785857,-0.0465055,-0.04516971,-0.04378984,-0.04246018,-0.04112638,-0.03972142,-0.03828075,-0.03680791,-0.0352194,-0.03347295,-0.03152892,-0.02933475,-0.02682094,-0.02395512,-0.02070058,-0.01700996,-0.01282236,-0.00811506,-0.002842029,0.003000919,0.009422156,0.01635758,0.02372436,0.0313792,0.03924568,0.04706167,0.0545628,0.06180954,0.06894027,0.07605302,0.082637,0.08820116,0.09293268,0.09735385,0.1011166,0.103723,0.1056616,0.1070671,0.1074549,0.1071965,0.106333,0.10465,0.1024676,0.09963803
0.07495496,0.07028628,0.06537368,0.06018056,0.05482761,0.04928964,0.04366032,0.0379337,0.0321808,0.02640834,0.02067021,0.01498013,0.009379194,0.003884315,-0.001473366,-0.006676306,-0.01170139,-0.01653186,-0.02115134,-0.02554487,-0.02970136,-0.0336091,-0.03726042,-0.04064762,-0.04376638,-0.04661203,-0.04918364,-0.05147946,-0.05350156,-0.05525082,-0.05673195,-0.05794818,-0.05890678,-0.05961285,-0.06007584,-0.0603026,-0.06030444,-0.06008956,-0.05967117,-0.05905791,-0.05826557,-0.05730162,-0.0561856,-0.05492171,-0.05353506,-0.05202311,-0.05042004,-0.04871231,-0.04694531,-0.04509228,-0.04320727,-0.04126069,-0.03928589,-0.03729506,-0.03525438,-0.03323685,-0.03117413,-0.02908739,-0.02702665,-0.02488822,-0.02270789,-0.02051806,-0.0182443,-0.01583743,-0.01332,-0.01066427,-0.007832712,-0.004794206,-0.001528707,0.002018854,0.005893823,0.01012022,0.01469319,0.01961922,0.02485177,0.03034866,0.03602625,0.04183282,0.04770187,0.05359608,0.05939401,0.06513818,0.07086746,0.07630668,0.08111799,0.0850296,0.08838684,0.09154165,0.09420884,0.09581546,0.09666725,0.09723147,0.09703567,0.09598239,0.09458398,0.0925304,0.08985296,0.08683108,0.08323238,0.07928731
0.05250066,0.04770867,0.0427315,0.03768105,0.03251651,0.02733503,0.02211569,0.01693113,0.01177541,0.006702058,0.001714346,-0.003148613,-0.007878549,-0.01244703,-0.01684375,-0.02104859,-0.02505087,-0.02883713,-0.03239736,-0.03572347,-0.03880718,-0.04164395,-0.04422864,-0.04655906,-0.0486328,-0.05045047,-0.05201186,-0.05332,-0.0543767,-0.05518718,-0.05575521,-0.05608786,-0.05619039,-0.05607181,-0.05573869,-0.05520147,-0.05446793,-0.05354989,-0.05245572,-0.05119894,-0.04978745,-0.04823742,-0.04655442,-0.04475853,-0.04285057,-0.04085719,-0.03877001,-0.03662549,-0.03440282,-0.03214942,-0.02983265,-0.02749979,-0.02513251,-0.02273448,-0.02034538,-0.01790164,-0.01547197,-0.01302922,-0.01052045,-0.008031006,-0.005503695,-0.002884771,-0.0002156535,0.002495544,0.005312677,0.008253805,0.01133095,0.01456253,0.01797391,0.02155118,0.02528173,0.02916053,0.03319234,0.03735128,0.04163857,0.04602649,0.05050203,0.05499946,0.0594481,0.06373668,0.06782556,0.07151693,0.07462086,0.07726609,0.07965573,0.08194032,0.08369189,0.08450353,0.08461881,0.0845738,0.0840648,0.08265812,0.08085255,0.07878277,0.07600871,0.07290131,0.06949693,0.06560289,0.06152438,0.05711567
0.03203392,0.02754769,0.0230383,0.01846243,0.0139209,0.009377985,0.004909551,0.0004968937,-0.003805228,-0.008003822,-0.01205997,-0.01597361,-0.01971747,-0.02328779,-0.02666601,-0.02984678,-0.0328182,-0.0355746,-0.03810942,-0.04041751,-0.04249625,-0.04434226,-0.04595508,-0.04733393,-0.04848033,-0.04939524,-0.0500823,-0.05054411,-0.05078614,-0.05081251,-0.05063019,-0.0502447,-0.04966452,-0.04889617,-0.04794949,-0.04683194,-0.04555439,-0.04412501,-0.04255575,-0.04085474,-0.03903566,-0.03710506,-0.03507944,-0.03296188,-0.03077334,-0.02851017,-0.02620125,-0.02383201,-0.02144158,-0.01900201,-0.01656144,-0.01408726,-0.01161106,-0.009136577,-0.006634245,-0.004167913,-0.00167038,0.000832422,0.003299732,0.005824236,0.00836221,0.01088224,0.01344621,0.01608321,0.01875618,0.02147369,0.02424805,0.02708256,0.02996995,0.0329339,0.03598623,0.03912004,0.04230587,0.04552799,0.04872954,0.05186585,0.0548646,0.05769296,0.0603155,0.06273075,0.0648687,0.06681667,0.06865875,0.07017779,0.0710991,0.07122152,0.07092509,0.0705807,0.06993539,0.06847557,0.06652564,0.06453934,0.06207019,0.05904624,0.05595485,0.05249541,0.04870586,0.0448415,0.04067602,0.03642442
0.01542521,0.01157895,0.007706919,0.003901084,0.000111934,-0.003580631,-0.007208125,-0.01071287,-0.01411204,-0.01736532,-0.0204805,-0.02343008,-0.02621631,-0.02882097,-0.03124343,-0.03347238,-0.03550583,-0.03733786,-0.03896606,-0.04038868,-0.04160389,-0.04261248,-0.04341456,-0.04401228,-0.0444075,-0.04460419,-0.04460548,-0.04441689,-0.04404274,-0.04348996,-0.04276406,-0.0418731,-0.04082346,-0.0396244,-0.03828303,-0.03680948,-0.03521149,-0.03349991,-0.03168266,-0.02977158,-0.02777372,-0.02570279,-0.02356334,-0.02137219,-0.01912911,-0.01685648,-0.01454521,-0.01222662,-0.00987949,-0.007545881,-0.005192397,-0.002863295,-0.0005363059,0.001782509,0.00406099,0.006356731,0.008603307,0.01083024,0.01307835,0.01526498,0.01744349,0.01965217,0.02184184,0.02399821,0.02616918,0.02835651,0.03055692,0.0327723,0.035009,0.03723755,0.03943338,0.04158177,0.04368006,0.04570342,0.04765726,0.04952656,0.0513154,0.05298429,0.05449294,0.05576855,0.0568062,0.05745391,0.05757288,0.05732953,0.05695547,0.05661576,0.05592048,0.05450731,0.05264016,0.050839,0.04881101,0.04615542,0.04335765,0.04053241,0.03726042,0.03389597,0.03045668,0.02675621,0.02307513,0.01926102
0.003530013,0.000401918,-0.002655918,-0.005693206,-0.008625706,-0.0114971,-0.01424523,-0.01689746,-0.01941057,-0.02180019,-0.02403716,-0.02612959,-0.02805852,-0.02982764,-0.03142534,-0.03285291,-0.03410433,-0.03517966,-0.03607718,-0.03679657,-0.03733917,-0.03770558,-0.03789848,-0.03792024,-0.03777483,-0.03746565,-0.03699807,-0.03637651,-0.03560758,-0.03469656,-0.033651,-0.03247704,-0.03118319,-0.02977607,-0.02826497,-0.02665704,-0.02496205,-0.0231874,-0.0213434,-0.01943704,-0.01747967,-0.01547653,-0.01344111,-0.01137518,-0.009295991,-0.007198809,-0.005108071,-0.003008634,-0.000934737,0.001141691,0.003176757,0.005204202,0.007192973,0.009144105,0.01108212,0.0129491,0.01480854,0.01662979,0.0183776,0.02013464,0.02185127,0.02349726,0.02512609,0.02675494,0.02834145,0.02988714,0.0313955,0.0328621,0.03427527,0.03565324,0.03700392,0.03831985,0.03957682,0.04076582,0.04184323,0.04278104,0.04353,0.04408149,0.04442798,0.04459489,0.04454604,0.04439214,0.04423494,0.04388321,0.04309241,0.04169817,0.04008676,0.03861932,0.03704792,0.03489093,0.03247101,0.03021212,0.0276763,0.02480104,0.02204042,0.01909303,0.0159942,0.01297156,0.009799136,0.006673802
-0.003821863,-0.00619659,-0.008544454,-0.01078888,-0.01298467,-0.0150644,-0.01706587,-0.01894145,-0.0207148,-0.02235375,-0.02387233,-0.02524974,-0.02649392,-0.02759213,-0.02854873,-0.0293569,-0.03001897,-0.03053259,-0.030899,-0.03111922,-0.03119437,-0.03112739,-0.03092064,-0.03057786,-0.03010253,-0.02949964,-0.02877342,-0.02792988,-0.02697395,-0.02591248,-0.02475112,-0.02349739,-0.02215733,-0.02073919,-0.01924928,-0.01769622,-0.01608658,-0.01442922,-0.01273054,-0.01099989,-0.009242565,-0.007469288,-0.005682803,-0.003896413,-0.002108287,-0.0003367279,0.001428456,0.0031605,0.004881041,0.006552619,0.008208825,0.009808413,0.01137594,0.01290343,0.01436452,0.01581156,0.01718081,0.01850336,0.01981145,0.02102694,0.0222015,0.02336439,0.02446538,0.02549087,0.02648309,0.02743971,0.02835563,0.02923114,0.03007043,0.03084555,0.03153661,0.03213502,0.03264521,0.03305415,0.03337922,0.03362072,0.03379791,0.03388982,0.03387463,0.03370078,0.03337863,0.03277865,0.03178839,0.0305879,0.02941305,0.02842104,0.02723608,0.02551938,0.02353759,0.0217824,0.01995886,0.01768588,0.0154284,0.01327717,0.01082603,0.008409848,0.006027514,0.003496208,0.001073256,-0.001399435
-0.007329887,-0.009076121,-0.0107383,-0.01236925,-0.01389617,-0.01536679,-0.01672781,-0.01801115,-0.0191805,-0.02025602,-0.021214,-0.02206671,-0.02279952,-0.02341978,-0.02391928,-0.02430244,-0.02456581,-0.02471202,-0.02474126,-0.02465522,-0.02445656,-0.02414729,-0.02373096,-0.0232108,-0.02259113,-0.02187574,-0.02106989,-0.02017794,-0.01920588,-0.01815854,-0.01704242,-0.01586276,-0.01462659,-0.01333927,-0.01200817,-0.01063879,-0.00923862,-0.007813103,-0.006369881,-0.004913782,-0.003453138,-0.00199098,-0.0005374002,0.0009078994,0.002331459,0.003739589,0.005112086,0.006465001,0.007768569,0.009051145,0.01027283,0.01146824,0.01260735,0.01369513,0.01475266,0.01572771,0.01668122,0.0175807,0.0183969,0.019206,0.01995719,0.02062478,0.02125926,0.02187347,0.02242662,0.02292093,0.02335968,0.02373971,0.02405309,0.02432116,0.02455503,0.02475271,0.02489801,0.02498951,0.0249947,0.02489687,0.02466073,0.02429056,0.02379253,0.02320304,0.02250081,0.02180333,0.02121155,0.02054218,0.01956325,0.01812942,0.01662103,0.01537941,0.0141525,0.01247919,0.01067481,0.009132529,0.007419002,0.005477125,0.003730653,0.001877244,-5.026325e-05,-0.001847369,-0.003738445,-0.005541241
-0.008096353,-0.009307653,-0.010495,-0.0115921,-0.01265572,-0.01362639,-0.01454467,-0.01536893,-0.01612579,-0.01678765,-0.01737138,-0.01785957,-0.01826269,-0.01857054,-0.01878963,-0.01891493,-0.01895042,-0.01889494,-0.01875092,-0.01852005,-0.01820416,-0.0178064,-0.01732936,-0.01677656,-0.01615129,-0.01545789,-0.01469999,-0.01388253,-0.01300947,-0.01208623,-0.01111711,-0.01010783,-0.009062748,-0.007987981,-0.006887872,-0.005768583,-0.004634468,-0.003491663,-0.002344194,-0.001198443,-5.7338e-05,0.001071625,0.002187937,0.003281761,0.004356801,0.005398497,0.006418308,0.007393482,0.008346224,0.009243114,0.01011803,0.01093242,0.01171278,0.01245035,0.01312374,0.01378169,0.01436392,0.01490341,0.01542734,0.01586277,0.01626171,0.01664905,0.01697666,0.01723432,0.01746284,0.01766014,0.017823,0.01795352,0.01805702,0.01810936,0.01809576,0.01801316,0.01787093,0.01766345,0.01741454,0.01713189,0.01684068,0.01652725,0.01617626,0.01574392,0.01524336,0.01455403,0.01357633,0.0124926,0.01153321,0.01084073,0.01004491,0.008822498,0.007437842,0.006354836,0.005274843,0.003832788,0.002474968,0.001272154,-0.0001696441,-0.00153137,-0.002828061,-0.004237759,-0.005520971,-0.006838004
-0.007165475,-0.008011858,-0.008793178,-0.009562635,-0.01025471,-0.01091833,-0.01150547,-0.0120497,-0.01251852,-0.01293384,-0.01327468,-0.01355488,-0.01376166,-0.01390371,-0.013974,-0.01397791,-0.01391259,-0.01378127,-0.01358423,-0.01332339,-0.01300109,-0.01261914,-0.01218042,-0.01168758,-0.0111439,-0.01055223,-0.009916478,-0.009239721,-0.008526287,-0.007779439,-0.007003712,-0.00620253,-0.005380698,-0.004541527,-0.003689961,-0.002829278,-0.001964343,-0.001098294,-0.0002360069,0.0006199857,0.001464247,0.002295906,0.003107893,0.003902364,0.004669034,0.005415567,0.006125154,0.006814538,0.007457518,0.008082529,0.008652952,0.009203779,0.009706178,0.01016811,0.01060824,0.01097923,0.01134006,0.01165781,0.01190845,0.01216365,0.01237314,0.01251581,0.01264067,0.0127585,0.01283102,0.01286201,0.01285545,0.01280987,0.01272043,0.01261042,0.01249252,0.01236732,0.01222248,0.01205932,0.01184998,0.01158192,0.01122552,0.01078944,0.01028449,0.009749486,0.009168849,0.00865899,0.008313923,0.007951618,0.007346407,0.006365288,0.005380378,0.004713498,0.004108074,0.003119965,0.002057917,0.00128945,0.000386735,-0.0007017369,-0.001576161,-0.002537183,-0.003552348,-0.004434245,-0.005403316,-0.006287525
-0.005502731,-0.00607543,-0.0066436,-0.007147446,-0.007643539,-0.008077178,-0.008489453,-0.008842033,-0.009162356,-0.009425045,-0.009647789,-0.009814593,-0.009936599,-0.01000437,-0.01002484,-0.009993209,-0.00991361,-0.009784664,-0.009608646,-0.00938665,-0.009120036,-0.008811036,-0.008461441,-0.008073585,-0.007649659,-0.007192553,-0.006704541,-0.006188875,-0.005647916,-0.0050852,-0.00450324,-0.003905676,-0.003294952,-0.002674938,-0.002047967,-0.00141787,-0.0007869316,-0.0001588952,0.0004642496,0.001078554,0.001683005,0.00227258,0.002848427,0.003403242,0.003941994,0.004452797,0.004947796,0.005407089,0.005852937,0.006254831,0.006646379,0.006991157,0.007316703,0.007613537,0.007863966,0.008113679,0.008305369,0.008473137,0.008640382,0.008738877,0.008820584,0.008907037,0.00895217,0.008948345,0.008935153,0.008910521,0.008872324,0.008823315,0.008768748,0.008686019,0.008562719,0.008397798,0.008202098,0.00797285,0.007735341,0.007499291,0.007290554,0.007097034,0.006904332,0.006670876,0.006408388,0.005999882,0.005353645,0.004650975,0.004115183,0.00387519,0.003564586,0.002872943,0.002062331,0.001574049,0.001107698,0.0003128456,-0.0003785904,-0.0009102184,-0.001663941,-0.002332119,-0.002938873,-0.003656249,-0.004257494,-0.004902344
-0.003721661,-0.004145634,-0.004526728,-0.004917092,-0.005255645,-0.005590921,-0.005877867,-0.006150156,-0.006377205,-0.006581157,-0.006742157,-0.006874288,-0.006965285,-0.007023915,-0.00704319,-0.007028367,-0.006976246,-0.00688972,-0.006768381,-0.006613577,-0.006426669,-0.006208665,-0.005961251,-0.005686016,-0.005384874,-0.005059424,-0.004712003,-0.004344287,-0.0039589,-0.00355755,-0.003142958,-0.002716908,-0.002282305,-0.001840763,-0.001395281,-0.00094744,-0.0005001447,-5.487826e-05,0.0003854296,0.0008197917,0.001244713,0.001660656,0.002062492,0.002453406,0.002825117,0.003185872,0.003521011,0.003847303,0.004140845,0.004429589,0.004679063,0.004924103,0.005136495,0.005325921,0.005508914,0.005641643,0.005781069,0.005893913,0.005959733,0.006046518,0.006104357,0.006115109,0.006126137,0.006146297,0.006138785,0.006107834,0.006057214,0.005985779,0.005889932,0.005792911,0.00570711,0.005633262,0.005560038,0.005488705,0.005392635,0.005260138,0.005063641,0.004812872,0.004519938,0.00422353,0.003910588,0.003694746,0.003662882,0.003633082,0.00338452,0.00279396,0.002226642,0.001988656,0.001820951,0.001294403,0.0007132418,0.0004255045,9.894727e-06,-0.0005791808,-0.0009597002,-0.001428819,-0.001952902,-0.002356528,-0.0028551,-0.003283346
-0.00223765,-0.002550252,-0.002874017,-0.003153212,-0.003443266,-0.003692325,-0.003940992,-0.004152729,-0.004354811,-0.004522879,-0.004674549,-0.004794287,-0.004893119,-0.004961634,-0.005006501,-0.005022609,-0.005013706,-0.004977794,-0.004916603,-0.004830368,-0.004719725,-0.004585888,-0.004429729,-0.004252426,-0.004055114,-0.003839395,-0.003606367,-0.003357901,-0.003095101,-0.002820037,-0.002533913,-0.002238861,-0.001935998,-0.001627661,-0.001314871,-0.0009999457,-0.0006839019,-0.0003690015,-5.606143e-05,0.0002524179,0.0005564381,0.0008523997,0.001142233,0.001420076,0.001691356,0.001945723,0.002195331,0.002421968,0.002647415,0.002842968,0.003041487,0.003207872,0.003369861,0.003517137,0.003634364,0.003764506,0.003852307,0.003932156,0.004024325,0.004063914,0.004102213,0.004157811,0.004185895,0.004180191,0.004178725,0.004178811,0.004178399,0.004179882,0.004187561,0.004179032,0.004142622,0.004077649,0.003994862,0.003892385,0.0037953,0.003713547,0.003672191,0.003659096,0.003659516,0.003632623,0.003588305,0.003411961,0.003017866,0.002586186,0.002334428,0.002381,0.002363347,0.001982227,0.001498424,0.001336184,0.001195228,0.0007380818,0.0003862023,0.0001861999,-0.0002327487,-0.0005709686,-0.0008581706,-0.001260353,-0.001559673,-0.001913965
-0.001153012,-0.001419667,-0.001657278,-0.001916526,-0.002139163,-0.002372829,-0.002574276,-0.00277673,-0.00295067,-0.003117989,-0.00325935,-0.003388636,-0.003493701,-0.00358306,-0.00364953,-0.003698034,-0.00372493,-0.003732667,-0.003720196,-0.003688303,-0.003637556,-0.00356827,-0.003481245,-0.00337725,-0.003257226,-0.003121873,-0.00297248,-0.002809769,-0.002635265,-0.002449688,-0.002254634,-0.002050891,-0.001840231,-0.001623291,-0.001401953,-0.001176864,-0.0009498482,-0.0007215208,-0.0004937731,-0.0002668358,-4.32001e-05,0.000178186,0.000393201,0.0006053897,0.0008075231,0.001007875,0.001192976,0.001379219,0.001544045,0.001714658,0.001857909,0.002008024,0.002137004,0.002255452,0.002378028,0.00246326,0.002566167,0.00265308,0.002705864,0.002789263,0.00285347,0.002882249,0.002921234,0.002977508,0.003014979,0.003037759,0.003048954,0.00304721,0.003029267,0.003017796,0.003024309,0.003049097,0.003080902,0.003120363,0.003141215,0.003131907,0.003065917,0.002953409,0.002807123,0.002665409,0.002516903,0.002473035,0.002615141,0.002761828,0.002696617,0.002304328,0.001945238,0.001913817,0.00195022,0.001637969,0.001278433,0.001205533,0.001004322,0.0006346171,0.0004655902,0.0002040295,-0.0001147744,-0.0003236977,-0.0006332851,-0.000882782
-0.0004938857,-0.0007073859,-0.0009393558,-0.001136708,-0.00135375,-0.001540481,-0.00173692,-0.001907668,-0.002079701,-0.002229286,-0.002373861,-0.002498138,-0.00261298,-0.002708938,-0.002792483,-0.00285825,-0.002909715,-0.002944452,-0.002963838,-0.002967549,-0.002955781,-0.002929097,-0.00288783,-0.002832448,-0.002763477,-0.002681747,-0.002587706,-0.002482409,-0.002366283,-0.002240567,-0.002105771,-0.001963191,-0.001813262,-0.001657495,-0.001496258,-0.001331063,-0.001162321,-0.0009915248,-0.0008189526,-0.0006463683,-0.0004733485,-0.0003027588,-0.0001323998,3.262287e-05,0.0001977783,0.0003535647,0.0005118638,0.0006554599,0.0008055244,0.000934465,0.001074351,0.001190819,0.001311483,0.001425333,0.001518482,0.001631726,0.001711186,0.001791161,0.001889537,0.001943588,0.002003809,0.002086574,0.002147809,0.002181982,0.002225703,0.002275655,0.00232958,0.00238937,0.002458394,0.002514249,0.002545538,0.002551671,0.002543121,0.002518484,0.002502571,0.002505364,0.002551235,0.002627983,0.002720622,0.002788934,0.002841613,0.002766198,0.002481764,0.002167877,0.002037907,0.002202865,0.002303828,0.002050682,0.001703596,0.001674548,0.001664264,0.001345711,0.001132891,0.001065915,0.0007829629,0.0005781831,0.0004184028,0.0001426736,-3.738226e-05,-0.0002775944
-0.0001303025,-0.0003211919,-0.0004888377,-0.0006827961,-0.0008467858,-0.001027767,-0.001183777,-0.001347715,-0.001490846,-0.001634918,-0.001761025,-0.001882963,-0.001988753,-0.00208682,-0.002169952,-0.002242942,-0.002301956,-0.002349257,-0.002383476,-0.002405156,-0.002414455,-0.002411359,-0.002396211,-0.00236938,-0.002331294,-0.002282211,-0.00222287,-0.002153517,-0.002075099,-0.001987844,-0.001892759,-0.001790139,-0.001681159,-0.00156598,-0.001445897,-0.001321099,-0.001192846,-0.001061336,-0.0009279152,-0.0007924663,-0.0006569456,-0.0005200535,-0.0003853609,-0.000249222,-0.0001182679,1.565794e-05,0.0001398018,0.0002701634,0.000385034,0.0005109576,0.0006156416,0.0007327369,0.0008343629,0.0009316386,0.001037846,0.001113093,0.001210886,0.00129728,0.001355624,0.001448233,0.001525395,0.001572115,0.001632679,0.001712876,0.001777066,0.001829203,0.001871877,0.001903558,0.001921194,0.001947023,0.001991926,0.0020559,0.002127752,0.002207724,0.002269911,0.002302975,0.002281282,0.002215469,0.002118904,0.002029885,0.001938451,0.001954656,0.002156083,0.002362146,0.002359979,0.002040555,0.00176079,0.001807079,0.001919604,0.001691478,0.001422242,0.001436012,0.001322986,0.001047114,0.0009686144,0.0007975596,0.0005706219,0.0004492346,0.0002266236,6.040679e-05
9.552386e-06,-0.000133668,-0.000297279,-0.000430086,-0.0005857112,-0.0007155433,-0.0008592994,-0.0009825039,-0.001112041,-0.001224768,-0.001338127,-0.001437168,-0.001532778,-0.00161566,-0.001692291,-0.001757306,-0.001814136,-0.001860241,-0.001896899,-0.001923578,-0.001940312,-0.00194739,-0.001944915,-0.001933034,-0.001911988,-0.001882243,-0.001843923,-0.001797684,-0.0017436,-0.001682489,-0.001614491,-0.001540465,-0.001460477,-0.001375592,-0.001285814,-0.001192214,-0.001094856,-0.0009948022,-0.0008920186,-0.0007878453,-0.0006816045,-0.0005757303,-0.0004678667,-0.0003626605,-0.0002546213,-0.0001527211,-4.526124e-05,5.117905e-05,0.0001573563,0.0002464043,0.0003498299,0.0004337932,0.0005258085,0.0006143952,0.0006866208,0.0007817927,0.0008469897,0.0009163625,0.001006227,0.001055334,0.001113604,0.001195914,0.001258738,0.001297012,0.001346421,0.001403246,0.00146515,0.001533712,0.001611768,0.001676992,0.001718295,0.00173524,0.001738268,0.00172642,0.001724486,0.00174262,0.001804913,0.001899283,0.002010807,0.002099873,0.00217463,0.002124335,0.001871611,0.001595767,0.001507514,0.001713059,0.001856328,0.001653703,0.001365033,0.001394081,0.001442598,0.001190842,0.001047784,0.001049299,0.0008398691,0.0007098525,0.0006238847,0.0004244724,0.0003189997,0.0001530349
5.68406e-05,-5.887951e-05,-0.000153151,-0.0002750422,-0.0003696798,-0.0004838087,-0.0005764551,-0.0006805226,-0.0007679574,-0.0008606168,-0.0009400461,-0.001020183,-0.001089322,-0.001156017,-0.001213192,-0.001265723,-0.001309796,-0.001347708,-0.001378014,-0.00140123,-0.001417363,-0.001426309,-0.001428202,-0.00142326,-0.001411654,-0.001393443,-0.001369065,-0.001338528,-0.001302442,-0.001260771,-0.001214161,-0.001162621,-0.001106946,-0.001047006,-0.0009837061,-0.0009169434,-0.0008475869,-0.0007755574,-0.0007018126,-0.0006259845,-0.0005496353,-0.0004712724,-0.0003940637,-0.0003142565,-0.0002380409,-0.0001572854,-8.423364e-05,-3.086448e-06,6.503631e-05,0.0001463008,0.0002090034,0.0002864738,0.0003509921,0.0004139807,0.0004879332,0.0005339439,0.0006045973,0.0006658216,0.0007018843,0.0007736332,0.0008314929,0.0008612062,0.0009062564,0.0009716713,0.00102217,0.001061643,0.001092454,0.001113037,0.001120579,0.001137122,0.001173303,0.001229053,0.001293382,0.001366439,0.001422717,0.001451179,0.00142695,0.001361141,0.001267714,0.001185118,0.001104465,0.001135063,0.001352328,0.001576372,0.001596837,0.001308678,0.001066766,0.001152478,0.001306204,0.001127184,0.0009137796,0.0009839551,0.0009312415,0.0007220936,0.0007110552,0.0006102473,0.0004570854,0.0004093287,0.0002624774,0.0001719993
3.665606e-05,-2.511617e-05,-0.0001075074,-0.0001606269,-0.0002379759,-0.0002919677,-0.000362397,-0.0004155443,-0.0004784729,-0.0005285917,-0.0005835502,-0.0006287916,-0.0006753941,-0.0007143253,-0.0007522114,-0.0007838371,-0.0008127308,-0.0008364042,-0.0008561761,-0.0008714814,-0.0008823291,-0.0008889122,-0.00089124,-0.0008893104,-0.0008832138,-0.0008732147,-0.00085924,-0.0008417004,-0.0008204355,-0.0007959809,-0.0007682112,-0.000737678,-0.0007041612,-0.0006683974,-0.0006300932,-0.0005899824,-0.0005478291,-0.0005043521,-0.0004592322,-0.0004134631,-0.0003661045,-0.0003192414,-0.0002703111,-0.0002236005,-0.0001734875,-0.0001285497,-7.708004e-05,-3.521359e-05,1.767384e-05,5.519906e-05,0.000108635,0.0001445116,0.0001903514,0.0002344768,0.0002645207,0.0003190174,0.0003456205,0.000378408,0.000432884,0.00044865,0.0004753243,0.0005269889,0.0005604634,0.0005709633,0.000593718,0.0006248419,0.0006620194,0.0007067313,0.0007616173,0.0008044891,0.0008245545,0.00082158,0.0008061478,0.0007776939,0.000761151,0.0007669298,0.0008191442,0.000905949,0.001012637,0.00110011,0.001176405,0.001131885,0.000891289,0.0006338705,0.0005689581,0.0008002095,0.0009732314,0.0008080316,0.0005642487,0.000641091,0.0007408786,0.000547805,0.0004679328,0.0005347102,0.0003959454,0.0003397085,0.0003292627,0.0002087949,0.0001831302,9.838374e-05
1.938574e-05,-9.021517e-06,-1.657332e-05,-5.245872e-05,-6.273965e-05,-9.438061e-05,-0.0001071449,-0.0001342231,-0.000148138,-0.0001710447,-0.0001849293,-0.0002040027,-0.0002168854,-0.0002323552,-0.0002435564,-0.0002555303,-0.000264592,-0.0002731383,-0.0002797677,-0.000285029,-0.0002888998,-0.0002912401,-0.0002920941,-0.0002915787,-0.0002897168,-0.0002864149,-0.0002819112,-0.0002760137,-0.0002690927,-0.0002608709,-0.0002517198,-0.0002413791,-0.0002303426,-0.0002181885,-0.0002055025,-0.0001918806,-0.0001778611,-0.0001630616,-0.0001481057,-0.0001323333,-0.0001169729,-0.000100267,-8.504933e-05,-6.734798e-05,-5.301611e-05,-3.377322e-05,-2.15114e-05,-3.743587e-07,8.885178e-06,3.239445e-05,3.880001e-05,6.138407e-05,7.256148e-05,8.395338e-05,0.0001077717,0.00010558,0.0001295964,0.0001457363,0.0001386628,0.0001686195,0.0001860924,0.0001771502,0.0001849373,0.0002141868,0.0002297839,0.000235629,0.0002340268,0.0002234631,0.0002012864,0.000189552,0.0001988948,0.0002293476,0.0002701445,0.0003215627,0.0003584275,0.0003700226,0.0003319854,0.0002558334,0.0001559707,7.111512e-05,-6.988647e-06,3.081376e-05,0.0002591669,0.000498629,0.0005400165,0.0002800626,7.278009e-05,0.0001974204,0.0003944487,0.0002656565,0.0001087722,0.000239011,0.0002511598,0.0001125315,0.0001750076,0.0001513413,7.895848e-05,0.0001137611,5.189626e-05,4.758968e-05
-1.938578e-05,9.021465e-06,1.657322e-05,5.245868e-05,6.273956e-05,9.438039e-05,0.0001071447,0.0001342229,0.0001481379,0.0001710445,0.0001849292,0.0002040025,0.0002168853,0.000232355,0.0002435563,0.0002555301,0.0002645919,0.0002731382,0.0002797676,0.000285029,0.0002888999,0.0002912402,0.0002920942,0.0002915788,0.000289717,0.000286415,0.0002819114,0.0002760139,0.000269093,0.0002608711,0.0002517201,0.0002413794,0.0002303429,0.0002181888,0.0002055029,0.000191881,0.0001778615,0.000163062,0.0001481061,0.0001323337,0.0001169732,0.0001002674,8.504964e-05,6.734835e-05,5.301636e-05,3.377346e-05,2.151157e-05,3.745606e-07,-8.885007e-06,-3.239431e-05,-3.879986e-05,-6.138399e-05,-7.256147e-05,-8.395329e-05,-0.0001077716,-0.0001055799,-0.0001295963,-0.0001457362,-0.0001386628,-0.0001686194,-0.0001860923,-0.0001771502,-0.0001849373,-0.0002141868,-0.0002297839,-0.0002356289,-0.0002340268,-0.0002234631,-0.0002012864,-0.000189552,-0.0001988948,-0.0002293476,-0.0002701445,-0.0003215627,-0.0003584275,-0.0003700225,-0.0003319853,-0.0002558332,-0.0001559704,-7.11149e-05,6.988895e-06,-3.081355e-05,-0.0002591668,-0.0004986289,-0.0005400162,-0.0002800625,-7.277996e-05,-0.0001974203,-0.0003944486,-0.0002656564,-0.0001087722,-0.0002390109,-0.0002511598,-0.0001125315,-0.0001750076,-0.0001513413,-7.895847e-05,-0.0001137611,-5.189622e-05,-4.758969e-05
-3.66561e-05,2.511613e-05,0.0001075073,0.0001606268,0.0002379758,0.0002919676,0.0003623968,0.0004155442,0.0004784727,0.0005285916,0.00058355,0.0006287915,0.000675394,0.0007143252,0.0007522113,0.0007838369,0.0008127306,0.000836404,0.000856176,0.0008714813,0.000882329,0.0008889121,0.00089124,0.0008893103,0.0008832138,0.0008732147,0.00085924,0.0008417005,0.0008204355,0.000795981,0.0007682113,0.000737678,0.0007041614,0.0006683975,0.0006300933,0.0005899826,0.0005478294,0.0005043523,0.0004592323,0.0004134633,0.0003661047,0.0003192416,0.0002703113,0.0002236007,0.0001734876,0.0001285499,7.708023e-05,3.52137e-05,-1.767375e-05,-5.519897e-05,-0.000108635,-0.0001445115,-0.0001903514,-0.0002344769,-0.0002645208,-0.0003190174,-0.0003456205,-0.000378408,-0.0004328841,-0.0004486502,-0.0004753243,-0.0005269891,-0.0005604635,-0.0005709633,-0.000593718,-0.000624842,-0.0006620196,-0.0007067313,-0.0007616174,-0.0008044891,-0.0008245545,-0.0008215799,-0.0008061478,-0.0007776939,-0.0007611509,-0.0007669297,-0.0008191441,-0.0009059488,-0.001012637,-0.00110011,-0.001176405,-0.001131885,-0.0008912889,-0.0006338704,-0.0005689579,-0.0008002094,-0.0009732313,-0.0008080314,-0.0005642485,-0.0006410909,-0.0007408785,-0.0005478049,-0.0004679328,-0.0005347102,-0.0003959454,-0.0003397084,-0.0003292627,-0.0002087948,-0.0001831303,-9.838377e-05
-5.684066e-05,5.88795e-05,0.000153151,0.0002750421,0.0003696797,0.0004838087,0.0005764551,0.0006805225,0.0007679572,0.0008606167,0.0009400459,0.001020183,0.001089322,0.001156017,0.001213192,0.001265723,0.001309795,0.001347708,0.001378013,0.00140123,0.001417363,0.001426309,0.001428202,0.00142326,0.001411654,0.001393443,0.001369065,0.001338527,0.001302442,0.001260771,0.001214161,0.00116262,0.001106946,0.001047006,0.000983706,0.0009169434,0.000847587,0.0007755574,0.0007018126,0.0006259845,0.0005496353,0.0004712724,0.0003940637,0.0003142566,0.0002380408,0.0001572854,8.423361e-05,3.086409e-06,-6.503632e-05,-0.0001463009,-0.0002090035,-0.0002864739,-0.0003509923,-0.0004139808,-0.0004879333,-0.000533944,-0.0006045975,-0.0006658217,-0.0007018844,-0.0007736334,-0.0008314931,-0.0008612064,-0.0009062566,-0.0009716715,-0.00102217,-0.001061643,-0.001092454,-0.001113038,-0.001120579,-0.001137122,-0.001173303,-0.001229053,-0.001293382,-0.001366439,-0.001422717,-0.001451179,-0.00142695,-0.001361141,-0.001267714,-0.001185118,-0.001104465,-0.001135062,-0.001352328,-0.001576372,-0.001596837,-0.001308678,-0.001066766,-0.001152477,-0.001306204,-0.001127184,-0.0009137795,-0.000983955,-0.0009312414,-0.0007220936,-0.0007110552,-0.0006102473,-0.0004570853,-0.0004093287,-0.0002624774,-0.0001719993
-9.552426e-06,0.0001336679,0.0002972788,0.000430086,0.0005857112,0.0007155432,0.0008592993,0.0009825036,0.001112041,0.001224768,0.001338127,0.001437168,0.001532777,0.00161566,0.00169229,0.001757306,0.001814136,0.00186024,0.001896899,0.001923578,0.001940312,0.001947389,0.001944915,0.001933034,0.001911988,0.001882243,0.001843923,0.001797684,0.0017436,0.001682489,0.001614491,0.001540465,0.001460477,0.001375592,0.001285814,0.001192214,0.001094856,0.000994802,0.0008920185,0.0007878451,0.0006816044,0.0005757302,0.0004678665,0.0003626604,0.0002546211,0.000152721,4.526112e-05,-5.117921e-05,-0.0001573565,-0.0002464045,-0.00034983,-0.0004337933,-0.0005258087,-0.0006143954,-0.0006866209,-0.0007817928,-0.0008469899,-0.0009163627,-0.001006227,-0.001055334,-0.001113604,-0.001195914,-0.001258739,-0.001297012,-0.001346421,-0.001403246,-0.00146515,-0.001533712,-0.001611768,-0.001676992,-0.001718295,-0.00173524,-0.001738268,-0.00172642,-0.001724486,-0.00174262,-0.001804913,-0.001899283,-0.002010807,-0.002099873,-0.00217463,-0.002124335,-0.001871611,-0.001595767,-0.001507514,-0.001713059,-0.001856328,-0.001653703,-0.001365033,-0.001394081,-0.001442598,-0.001190842,-0.001047784,-0.001049299,-0.0008398691,-0.0007098526,-0.0006238847,-0.0004244724,-0.0003189998,-0.0001530349
0.0001303023,0.0003211916,0.0004888374,0.0006827959,0.0008467855,0.001027767,0.001183777,0.001347715,0.001490846,0.001634918,0.001761025,0.001882963,0.001988753,0.00208682,0.002169952,0.002242941,0.002301955,0.002349256,0.002383476,0.002405155,0.002414455,0.002411359,0.002396211,0.00236938,0.002331293,0.00228221,0.00222287,0.002153517,0.002075098,0.001987843,0.001892759,0.001790139,0.001681159,0.00156598,0.001445897,0.001321099,0.001192845,0.001061336,0.000927915,0.0007924662,0.0006569455,0.0005200534,0.0003853608,0.000249222,0.0001182678,-1.5658e-05,-0.0001398019,-0.0002701635,-0.0003850341,-0.0005109577,-0.0006156417,-0.000732737,-0.000834363,-0.0009316386,-0.001037846,-0.001113093,-0.001210886,-0.00129728,-0.001355624,-0.001448233,-0.001525395,-0.001572115,-0.001632679,-0.001712876,-0.001777066,-0.001829203,-0.001871877,-0.001903558,-0.001921194,-0.001947023,-0.001991926,-0.0020559,-0.002127752,-0.002207724,-0.002269911,-0.002302975,-0.002281282,-0.002215468,-0.002118904,-0.002029885,-0.001938451,-0.001954656,-0.002156083,-0.002362146,-0.002359979,-0.002040555,-0.00176079,-0.001807079,-0.001919604,-0.001691478,-0.001422242,-0.001436012,-0.001322986,-0.001047114,-0.0009686144,-0.0007975596,-0.0005706221,-0.0004492348,-0.0002266238,-6.040693e-05
0.0004938854,0.0007073855,0.0009393553,0.001136708,0.00135375,0.00154048,0.00173692,0.001907668,0.002079701,0.002229286,0.002373861,0.002498137,0.002612979,0.002708937,0.002792483,0.00285825,0.002909715,0.002944452,0.002963838,0.002967549,0.002955781,0.002929096,0.00288783,0.002832448,0.002763476,0.002681747,0.002587705,0.002482409,0.002366283,0.002240567,0.002105771,0.001963191,0.001813262,0.001657495,0.001496258,0.001331063,0.001162321,0.0009915249,0.0008189527,0.0006463683,0.0004733486,0.0003027589,0.0001324,-3.262269e-05,-0.0001977782,-0.0003535645,-0.0005118637,-0.0006554598,-0.0008055242,-0.0009344647,-0.001074351,-0.001190818,-0.001311483,-0.001425333,-0.001518482,-0.001631726,-0.001711186,-0.00179116,-0.001889537,-0.001943587,-0.002003808,-0.002086574,-0.002147808,-0.002181982,-0.002225703,-0.002275654,-0.00232958,-0.00238937,-0.002458394,-0.002514249,-0.002545538,-0.00255167,-0.00254312,-0.002518484,-0.002502571,-0.002505364,-0.002551235,-0.002627982,-0.002720622,-0.002788934,-0.002841613,-0.002766198,-0.002481764,-0.002167877,-0.002037907,-0.002202865,-0.002303829,-0.002050682,-0.001703596,-0.001674548,-0.001664264,-0.001345711,-0.001132891,-0.001065915,-0.0007829632,-0.0005781833,-0.0004184031,-0.0001426739,3.738199e-05,0.0002775941
0.001153012,0.001419666,0.001657277,0.001916526,0.002139163,0.002372828,0.002574275,0.002776729,0.002950669,0.003117988,0.003259349,0.003388636,0.0034937,0.003583059,0.00364953,0.003698033,0.003724929,0.003732667,0.003720196,0.003688302,0.003637556,0.00356827,0.003481245,0.00337725,0.003257226,0.003121872,0.00297248,0.002809769,0.002635265,0.002449688,0.002254634,0.002050891,0.001840231,0.001623291,0.001401953,0.001176864,0.0009498484,0.0007215211,0.0004937734,0.0002668361,4.320046e-05,-0.0001781856,-0.0003932006,-0.0006053893,-0.0008075227,-0.001007875,-0.001192976,-0.001379218,-0.001544044,-0.001714658,-0.001857908,-0.002008024,-0.002137003,-0.002255452,-0.002378028,-0.00246326,-0.002566166,-0.00265308,-0.002705863,-0.002789263,-0.002853469,-0.002882248,-0.002921233,-0.002977508,-0.003014978,-0.003037759,-0.003048953,-0.003047209,-0.003029267,-0.003017796,-0.003024308,-0.003049096,-0.003080901,-0.003120363,-0.003141215,-0.003131907,-0.003065916,-0.002953408,-0.002807123,-0.002665408,-0.002516903,-0.002473035,-0.002615141,-0.002761829,-0.002696617,-0.002304328,-0.001945238,-0.001913818,-0.00195022,-0.001637969,-0.001278433,-0.001205533,-0.001004322,-0.0006346175,-0.0004655905,-0.0002040299,0.0001147741,0.0003236973,0.0006332847,0.0008827816
0.00223765,0.002550251,0.002874016,0.003153212,0.003443265,0.003692324,0.003940991,0.004152728,0.00435481,0.004522878,0.004674548,0.004794286,0.004893119,0.004961633,0.0050065,0.005022608,0.005013705,0.004977793,0.004916602,0.004830367,0.004719725,0.004585888,0.004429729,0.004252426,0.004055114,0.003839394,0.003606367,0.003357901,0.003095101,0.002820037,0.002533913,0.002238861,0.001935998,0.001627661,0.001314871,0.000999946,0.0006839023,0.0003690019,5.606177e-05,-0.0002524174,-0.0005564375,-0.0008523992,-0.001142233,-0.001420075,-0.001691355,-0.001945723,-0.00219533,-0.002421967,-0.002647414,-0.002842967,-0.003041486,-0.003207871,-0.00336986,-0.003517136,-0.003634363,-0.003764505,-0.003852306,-0.003932155,-0.004024324,-0.004063913,-0.004102211,-0.00415781,-0.004185894,-0.00418019,-0.004178724,-0.00417881,-0.004178398,-0.004179881,-0.00418756,-0.004179031,-0.004142621,-0.004077648,-0.003994862,-0.003892385,-0.0037953,-0.003713547,-0.003672191,-0.003659096,-0.003659516,-0.003632623,-0.003588305,-0.003411961,-0.003017866,-0.002586186,-0.002334428,-0.002381,-0.002363347,-0.001982227,-0.001498424,-0.001336184,-0.001195228,-0.0007380821,-0.0003862027,-0.0001862003,0.0002327482,0.0005709681,0.00085817,0.001260352,0.001559673,0.001913965
0.00372166,0.004145633,0.004526726,0.004917091,0.005255644,0.00559092,0.005877866,0.006150154,0.006377204,0.006581156,0.006742155,0.006874287,0.006965283,0.007023913,0.007043188,0.007028366,0.006976245,0.006889719,0.006768379,0.006613576,0.006426668,0.006208664,0.005961251,0.005686015,0.005384873,0.005059423,0.004712003,0.004344286,0.0039589,0.00355755,0.003142958,0.002716908,0.002282305,0.001840763,0.001395281,0.0009474402,0.000500145,5.487864e-05,-0.0003854292,-0.0008197912,-0.001244713,-0.001660655,-0.002062491,-0.002453405,-0.002825117,-0.003185871,-0.00352101,-0.003847302,-0.004140843,-0.004429587,-0.004679062,-0.004924102,-0.005136494,-0.005325919,-0.005508913,-0.005641642,-0.005781068,-0.005893912,-0.005959732,-0.006046517,-0.006104356,-0.006115107,-0.006126136,-0.006146296,-0.006138784,-0.006107833,-0.006057213,-0.005985778,-0.00588993,-0.00579291,-0.005707109,-0.005633261,-0.005560037,-0.005488704,-0.005392634,-0.005260138,-0.005063641,-0.004812872,-0.004519938,-0.004223529,-0.003910587,-0.003694745,-0.003662882,-0.003633082,-0.00338452,-0.002793959,-0.002226642,-0.001988656,-0.001820952,-0.001294404,-0.000713242,-0.0004255048,-9.895174e-06,0.0005791803,0.0009596997,0.001428818,0.001952901,0.002356527,0.002855099,0.003283345
0.005502729,0.006075428,0.006643599,0.007147445,0.007643538,0.008077176,0.008489451,0.008842031,0.009162355,0.009425043,0.009647788,0.009814591,0.009936597,0.01000437,0.01002484,0.009993207,0.009913608,0.009784662,0.009608644,0.009386648,0.009120034,0.008811034,0.00846144,0.008073583,0.007649658,0.007192552,0.00670454,0.006188874,0.005647915,0.005085199,0.004503239,0.003905676,0.003294951,0.002674938,0.002047967,0.00141787,0.0007869317,0.0001588954,-0.0004642493,-0.001078554,-0.001683005,-0.00227258,-0.002848426,-0.003403241,-0.003941993,-0.004452796,-0.004947795,-0.005407088,-0.005852936,-0.006254829,-0.006646378,-0.006991155,-0.007316702,-0.007613535,-0.007863964,-0.008113678,-0.008305368,-0.008473136,-0.008640381,-0.008738875,-0.008820582,-0.008907035,-0.008952168,-0.008948343,-0.008935152,-0.008910519,-0.008872323,-0.008823314,-0.008768747,-0.008686017,-0.008562717,-0.008397797,-0.008202096,-0.007972849,-0.00773534,-0.00749929,-0.007290553,-0.007097032,-0.006904331,-0.006670875,-0.006408387,-0.005999881,-0.005353644,-0.004650974,-0.004115182,-0.00387519,-0.003564586,-0.002872943,-0.002062331,-0.001574049,-0.001107699,-0.0003128459,0.00037859,0.0009102179,0.00166394,0.002332118,0.002938872,0.003656248,0.004257493,0.004902343
0.007165473,0.008011857,0.008793177,0.009562634,0.01025471,0.01091833,0.01150547,0.01204969,0.01251852,0.01293384,0.01327468,0.01355488,0.01376166,0.01390371,0.013974,0.01397791,0.01391259,0.01378127,0.01358422,0.01332339,0.01300109,0.01261914,0.01218042,0.01168758,0.0111439,0.01055223,0.009916476,0.009239719,0.008526285,0.007779438,0.00700371,0.006202529,0.005380697,0.004541527,0.00368996,0.002829278,0.001964342,0.001098294,0.0002360067,-0.0006199857,-0.001464247,-0.002295906,-0.003107893,-0.003902364,-0.004669033,-0.005415566,-0.006125153,-0.006814537,-0.007457517,-0.008082527,-0.008652952,-0.009203777,-0.009706176,-0.01016811,-0.01060823,-0.01097923,-0.01134006,-0.01165781,-0.01190845,-0.01216365,-0.01237314,-0.01251581,-0.01264067,-0.0127585,-0.01283102,-0.01286201,-0.01285545,-0.01280987,-0.01272043,-0.01261042,-0.01249252,-0.01236732,-0.01222248,-0.01205932,-0.01184997,-0.01158191,-0.01122552,-0.01078944,-0.01028449,-0.009749484,-0.009168847,-0.008658989,-0.008313921,-0.007951617,-0.007346406,-0.006365287,-0.005380377,-0.004713497,-0.004108074,-0.003119965,-0.002057917,-0.00128945,-0.0003867352,0.0007017368,0.001576161,0.002537183,0.003552347,0.004434244,0.005403315,0.006287524
0.008096352,0.009307652,0.010495,0.01159209,0.01265572,0.01362638,0.01454467,0.01536893,0.01612579,0.01678765,0.01737138,0.01785956,0.01826269,0.01857054,0.01878963,0.01891493,0.01895042,0.01889494,0.01875091,0.01852004,0.01820416,0.01780639,0.01732936,0.01677656,0.01615129,0.01545789,0.01469999,0.01388253,0.01300947,0.01208622,0.0111171,0.01010782,0.009062747,0.007987979,0.00688787,0.005768582,0.004634467,0.003491662,0.002344194,0.001198443,5.733745e-05,-0.001071625,-0.002187937,-0.003281761,-0.004356801,-0.005398497,-0.006418307,-0.007393481,-0.008346223,-0.009243113,-0.01011803,-0.01093242,-0.01171278,-0.01245035,-0.01312374,-0.01378169,-0.01436392,-0.01490341,-0.01542733,-0.01586277,-0.0162617,-0.01664905,-0.01697666,-0.01723432,-0.01746284,-0.01766014,-0.017823,-0.01795352,-0.01805701,-0.01810936,-0.01809576,-0.01801316,-0.01787092,-0.01766344,-0.01741453,-0.01713189,-0.01684068,-0.01652725,-0.01617625,-0.01574392,-0.01524336,-0.01455403,-0.01357633,-0.01249259,-0.01153321,-0.01084072,-0.01004491,-0.008822497,-0.007437841,-0.006354835,-0.005274842,-0.003832787,-0.002474967,-0.001272153,0.0001696444,0.00153137,0.002828061,0.004237759,0.00552097,0.006838003
0.007329887,0.009076121,0.0107383,0.01236925,0.01389617,0.01536679,0.01672781,0.01801115,0.0191805,0.02025602,0.021214,0.02206671,0.02279951,0.02341978,0.02391928,0.02430244,0.0245658,0.02471202,0.02474125,0.02465522,0.02445655,0.02414729,0.02373096,0.0232108,0.02259113,0.02187574,0.02106989,0.02017793,0.01920588,0.01815854,0.01704241,0.01586275,0.01462659,0.01333926,0.01200817,0.01063879,0.009238618,0.007813102,0.006369879,0.00491378,0.003453136,0.001990979,0.000537399,-0.0009079004,-0.002331459,-0.00373959,-0.005112086,-0.006465001,-0.007768569,-0.009051145,-0.01027283,-0.01146824,-0.01260735,-0.01369513,-0.01475266,-0.01572771,-0.01668121,-0.0175807,-0.0183969,-0.019206,-0.01995719,-0.02062478,-0.02125925,-0.02187347,-0.02242661,-0.02292093,-0.02335967,-0.02373971,-0.02405309,-0.02432116,-0.02455503,-0.02475271,-0.02489801,-0.0249895,-0.02499469,-0.02489687,-0.02466073,-0.02429056,-0.02379253,-0.02320303,-0.02250081,-0.02180333,-0.02121154,-0.02054218,-0.01956325,-0.01812941,-0.01662103,-0.01537941,-0.0141525,-0.01247918,-0.01067481,-0.009132527,-0.007419,-0.005477124,-0.003730651,-0.001877243,5.02642e-05,0.00184737,0.003738446,0.005541241
0.003821864,0.006196591,0.008544455,0.01078888,0.01298467,0.0150644,0.01706587,0.01894145,0.0207148,0.02235375,0.02387233,0.02524974,0.02649392,0.02759213,0.02854873,0.0293569,0.03001897,0.03053259,0.03089899,0.03111922,0.03119436,0.03112739,0.03092064,0.03057786,0.03010252,0.02949964,0.02877342,0.02792988,0.02697394,0.02591248,0.02475111,0.02349739,0.02215733,0.02073918,0.01924927,0.01769621,0.01608658,0.01442922,0.01273054,0.01099989,0.009242563,0.007469285,0.0056828,0.003896411,0.002108285,0.0003367261,-0.001428458,-0.003160501,-0.004881042,-0.00655262,-0.008208826,-0.009808413,-0.01137594,-0.01290343,-0.01436452,-0.01581156,-0.01718081,-0.01850336,-0.01981145,-0.02102694,-0.0222015,-0.02336439,-0.02446538,-0.02549087,-0.02648309,-0.0274397,-0.02835563,-0.02923114,-0.03007042,-0.03084554,-0.0315366,-0.03213502,-0.03264521,-0.03305414,-0.03337922,-0.03362072,-0.03379791,-0.03388982,-0.03387462,-0.03370077,-0.03337862,-0.03277865,-0.03178839,-0.0305879,-0.02941304,-0.02842103,-0.02723607,-0.02551937,-0.02353759,-0.0217824,-0.01995885,-0.01768588,-0.0154284,-0.01327717,-0.01082603,-0.008409846,-0.006027512,-0.003496206,-0.001073254,0.001399437
-0.003530009,-0.000401915,0.00265592,0.005693208,0.008625708,0.0114971,0.01424523,0.01689746,0.01941057,0.02180019,0.02403716,0.02612959,0.02805852,0.02982764,0.03142534,0.03285291,0.03410433,0.03517966,0.03607718,0.03679657,0.03733917,0.03770558,0.03789847,0.03792024,0.03777483,0.03746565,0.03699807,0.03637651,0.03560758,0.03469656,0.03365099,0.03247703,0.03118319,0.02977607,0.02826497,0.02665704,0.02496205,0.0231874,0.0213434,0.01943703,0.01747967,0.01547652,0.01344111,0.01137518,0.009295987,0.007198805,0.005108067,0.003008631,0.0009347344,-0.001141693,-0.00317676,-0.005204204,-0.007192975,-0.009144107,-0.01108212,-0.0129491,-0.01480854,-0.01662979,-0.0183776,-0.02013464,-0.02185127,-0.02349726,-0.02512609,-0.02675494,-0.02834145,-0.02988714,-0.0313955,-0.0328621,-0.03427527,-0.03565324,-0.03700392,-0.03831984,-0.03957681,-0.04076582,-0.04184323,-0.04278104,-0.04352999,-0.04408149,-0.04442798,-0.04459488,-0.04454603,-0.04439214,-0.04423493,-0.0438832,-0.0430924,-0.04169817,-0.04008675,-0.03861931,-0.03704792,-0.03489092,-0.032471,-0.03021212,-0.02767629,-0.02480104,-0.02204041,-0.01909303,-0.0159942,-0.01297156,-0.009799132,-0.006673798
-0.0154252,-0.01157895,-0.007706915,-0.00390108,-0.0001119301,0.003580635,0.007208128,0.01071288,0.01411205,0.01736532,0.0204805,0.02343008,0.02621631,0.02882097,0.03124343,0.03347238,0.03550583,0.03733786,0.03896606,0.04038868,0.04160389,0.04261248,0.04341456,0.04401228,0.04440749,0.04460419,0.04460547,0.04441688,0.04404274,0.04348995,0.04276406,0.0418731,0.04082346,0.03962439,0.03828303,0.03680947,0.03521149,0.0334999,0.03168266,0.02977157,0.02777371,0.02570278,0.02356333,0.02137218,0.0191291,0.01685648,0.01454521,0.01222662,0.009879487,0.007545877,0.005192393,0.002863292,0.0005363025,-0.001782512,-0.004060993,-0.006356733,-0.008603309,-0.01083025,-0.01307835,-0.01526498,-0.01744349,-0.01965217,-0.02184184,-0.02399821,-0.02616918,-0.02835651,-0.03055692,-0.0327723,-0.035009,-0.03723754,-0.03943338,-0.04158176,-0.04368006,-0.04570342,-0.04765726,-0.04952656,-0.0513154,-0.05298428,-0.05449294,-0.05576854,-0.0568062,-0.0574539,-0.05757287,-0.05732953,-0.05695546,-0.05661575,-0.05592048,-0.0545073,-0.05264015,-0.05083899,-0.048811,-0.04615541,-0.04335764,-0.04053241,-0.03726042,-0.03389597,-0.03045667,-0.0267562,-0.02307512,-0.01926102
-0.03203392,-0.02754768,-0.02303829,-0.01846242,-0.01392089,-0.009377979,-0.004909546,-0.0004968889,0.003805232,0.008003825,0.01205998,0.01597361,0.01971747,0.0232878,0.02666601,0.02984678,0.0328182,0.0355746,0.03810942,0.04041751,0.04249625,0.04434226,0.04595508,0.04733393,0.04848033,0.04939524,0.0500823,0.05054411,0.05078613,0.0508125,0.05063019,0.05024469,0.04966452,0.04889617,0.04794949,0.04683194,0.04555438,0.044125,0.04255575,0.04085474,0.03903565,0.03710506,0.03507943,0.03296188,0.03077333,0.02851017,0.02620124,0.02383201,0.02144157,0.019002,0.01656143,0.01408726,0.01161105,0.009136572,0.00663424,0.004167909,0.001670375,-0.0008324262,-0.003299736,-0.00582424,-0.008362214,-0.01088224,-0.01344621,-0.01608321,-0.01875618,-0.02147369,-0.02424805,-0.02708256,-0.02996995,-0.0329339,-0.03598623,-0.03912004,-0.04230587,-0.04552799,-0.04872954,-0.05186585,-0.0548646,-0.05769296,-0.0603155,-0.06273075,-0.0648687,-0.06681667,-0.06865875,-0.07017779,-0.0710991,-0.07122151,-0.07092509,-0.07058069,-0.06993538,-0.06847556,-0.06652563,-0.06453933,-0.06207018,-0.05904623,-0.05595484,-0.05249539,-0.04870586,-0.04484149,-0.04067601,-0.03642442
-0.05250065,-0.04770866,-0.0427315,-0.03768105,-0.0325165,-0.02733502,-0.02211568,-0.01693112,-0.01177541,-0.006702052,-0.00171434,0.003148618,0.007878554,0.01244703,0.01684376,0.02104859,0.02505088,0.02883713,0.03239736,0.03572347,0.03880718,0.04164395,0.04422864,0.04655906,0.0486328,0.05045046,0.05201186,0.05332,0.0543767,0.05518718,0.0557552,0.05608786,0.05619038,0.05607181,0.05573868,0.05520147,0.05446792,0.05354988,0.05245572,0.05119894,0.04978745,0.04823741,0.04655441,0.04475852,0.04285057,0.04085718,0.03877001,0.03662549,0.03440282,0.03214942,0.02983264,0.02749978,0.0251325,0.02273448,0.02034537,0.01790163,0.01547196,0.01302921,0.01052044,0.008031,0.00550369,0.002884766,0.0002156484,-0.002495548,-0.005312682,-0.00825381,-0.01133096,-0.01456253,-0.01797391,-0.02155118,-0.02528174,-0.02916053,-0.03319234,-0.03735129,-0.04163857,-0.0460265,-0.05050204,-0.05499946,-0.0594481,-0.06373668,-0.06782556,-0.07151693,-0.07462086,-0.07726609,-0.07965573,-0.08194032,-0.08369189,-0.08450352,-0.08461881,-0.08457379,-0.0840648,-0.08265811,-0.08085255,-0.07878276,-0.0760087,-0.0729013,-0.06949692,-0.06560288,-0.06152438,-0.05711566
-0.07495495,-0.07028627,-0.06537367,-0.06018055,-0.0548276,-0.04928963,-0.04366031,-0.03793368,-0.03218079,-0.02640833,-0.0206702,-0.01498012,-0.009379188,-0.003884308,0.001473373,0.006676312,0.0117014,0.01653187,0.02115134,0.02554487,0.02970136,0.0336091,0.03726042,0.04064763,0.04376638,0.04661203,0.04918364,0.05147945,0.05350156,0.05525082,0.05673195,0.05794818,0.05890677,0.05961284,0.06007584,0.06030259,0.06030443,0.06008955,0.05967116,0.0590579,0.05826556,0.05730161,0.0561856,0.05492171,0.05353505,0.0520231,0.05042003,0.04871231,0.0469453,0.04509227,0.04320727,0.04126068,0.03928589,0.03729505,0.03525437,0.03323685,0.03117413,0.02908739,0.02702664,0.02488821,0.02270789,0.02051806,0.01824429,0.01583743,0.01331999,0.01066426,0.007832705,0.004794199,0.001528701,-0.00201886,-0.00589383,-0.01012022,-0.0146932,-0.01961923,-0.02485178,-0.03034867,-0.03602625,-0.04183282,-0.04770187,-0.05359609,-0.05939402,-0.06513818,-0.07086746,-0.07630669,-0.08111799,-0.0850296,-0.08838684,-0.09154164,-0.09420884,-0.09581546,-0.09666724,-0.09723146,-0.09703567,-0.09598238,-0.09458397,-0.09253039,-0.08985295,-0.08683107,-0.08323237,-0.0792873
-0.09628934,-0.09246436,-0.08815683,-0.0834974,-0.07845183,-0.07313529,-0.06753819,-0.06175075,-0.0557812,-0.04970027,-0.0435269,-0.037317,-0.03109496,-0.02490537,-0.01877437,-0.01273735,-0.00682002,-0.001049926,0.004549048,0.009956082,0.01515048,0.02011648,0.02483816,0.0293037,0.03350159,0.03742452,0.04106488,0.0444195,0.04748445,0.05026037,0.05274681,0.05494789,0.0568661,0.05850887,0.05988122,0.06099332,0.06185251,0.06247145,0.06285896,0.06303046,0.06299487,0.06277134,0.06236692,0.06180594,0.06109091,0.06025406,0.05928881,0.05823858,0.05708466,0.05588223,0.05460228,0.05329802,0.0519596,0.05059103,0.04924572,0.04785857,0.04650549,0.0451697,0.04378983,0.04246017,0.04112637,0.03972141,0.03828074,0.03680791,0.0352194,0.03347294,0.03152891,0.02933474,0.02682094,0.02395511,0.02070057,0.01700995,0.01282235,0.008115051,0.00284202,-0.003000927,-0.009422164,-0.01635759,-0.02372436,-0.03137921,-0.03924569,-0.04706167,-0.05456281,-0.06180954,-0.06894028,-0.07605302,-0.082637,-0.08820117,-0.09293268,-0.09735385,-0.1011166,-0.103723,-0.1056616,-0.1070671,-0.1074549,-0.1071965,-0.106333,-0.10465,-0.1024676,-0.09963802
-0.1126901,-0.1104519,-0.1076272,-0.1041764,-0.1002334,-0.09577792,-0.09091792,-0.08565804,-0.0800852,-0.07422044,-0.06813482,-0.06185901,-0.05545193,-0.04894855,-0.04239808,-0.03583661,-0.02930499,-0.02283808,-0.01646924,-0.01023053,-0.004148882,0.001748332,0.007439068,0.01290169,0.01811934,0.02307532,0.02775818,0.03215621,0.03626314,0.04007204,0.04358144,0.04678891,0.04969773,0.0523093,0.05463114,0.05666828,0.05843192,0.05992996,0.06117719,0.06218316,0.06296664,0.06353686,0.06391779,0.06411596,0.06416244,0.0640572,0.06384208,0.06350641,0.06310459,0.06261395,0.06209743,0.06153418,0.06096254,0.06040999,0.05984391,0.05935448,0.05888201,0.05845015,0.05813132,0.0578234,0.05756414,0.05740092,0.05726047,0.05708303,0.05688644,0.05663023,0.05625298,0.05568988,0.054881,0.05371571,0.05208006,0.04987124,0.047012,0.04340521,0.03901386,0.03380319,0.02779776,0.0210027,0.01346117,0.005203699,-0.003621006,-0.01302109,-0.02297874,-0.03313088,-0.04303769,-0.05231294,-0.06122823,-0.0700715,-0.07847794,-0.08576806,-0.09219214,-0.0981973,-0.1032484,-0.1071892,-0.1105321,-0.1129313,-0.1143855,-0.115179,-0.1150538,-0.1142383
-0.1200595,-0.1202967,-0.1196816,-0.1183479,-0.1162516,-0.1135132,-0.1101231,-0.1061803,-0.1017003,-0.09676611,-0.09140932,-0.08570138,-0.07968304,-0.0734166,-0.06694707,-0.06032911,-0.05360861,-0.046833,-0.0400467,-0.03329031,-0.02660458,-0.02002446,-0.0135848,-0.007315279,-0.001244806,0.004603248,0.01020585,0.01554596,0.02060656,0.02537697,0.02984629,0.03401005,0.03786297,0.04140677,0.04464152,0.04757451,0.05021061,0.05256224,0.05463796,0.05645531,0.0580246,0.05936922,0.06049874,0.06144358,0.06220941,0.06283636,0.06332141,0.06371756,0.06401044,0.0642658,0.06446172,0.06466071,0.06486712,0.06508891,0.06540124,0.065745,0.06621133,0.0668081,0.06747585,0.06833436,0.06935214,0.07046659,0.07172855,0.07316304,0.07469125,0.07627045,0.07785638,0.07938216,0.08074618,0.08187182,0.08266295,0.08299088,0.08268853,0.08161695,0.07959897,0.07650474,0.07220282,0.06665252,0.05984353,0.05185679,0.04272643,0.03273405,0.02219881,0.01112977,-0.0005250608,-0.0127753,-0.02497216,-0.03649028,-0.04741618,-0.05821785,-0.06845222,-0.07751162,-0.08583917,-0.09353564,-0.1000334,-0.1056739,-0.1104748,-0.1141695,-0.1170677,-0.1189951
-0.1152654,-0.118587,-0.121003,-0.122443,-0.1230312,-0.1227289,-0.1216388,-0.1197576,-0.117173,-0.1139067,-0.1100364,-0.1056008,-0.1006704,-0.09529378,-0.08953612,-0.08345098,-0.07709826,-0.07053301,-0.06380956,-0.05698159,-0.05009801,-0.04320827,-0.03635648,-0.02958597,-0.02293493,-0.01644067,-0.01013451,-0.004047059,0.001797651,0.007376138,0.01267187,0.0176687,0.02235805,0.0267309,0.03078648,0.03452282,0.03794652,0.04106188,0.04388265,0.04641774,0.04868822,0.05070498,0.05249709,0.05407424,0.05547492,0.05670305,0.05780987,0.05878919,0.05970614,0.06054403,0.06137619,0.06219291,0.06303864,0.0639611,0.06493105,0.06606095,0.06730784,0.06870281,0.07035399,0.07217347,0.07421514,0.07656402,0.07917356,0.08199976,0.08509006,0.08843059,0.09197904,0.09568241,0.09949117,0.1032864,0.1069234,0.1102387,0.1130656,0.1151767,0.1163922,0.1165264,0.1154606,0.1130396,0.1091343,0.1035887,0.09641135,0.08748698,0.07681795,0.06483521,0.05208498,0.03908738,0.02565609,0.01160441,-0.002570288,-0.01602323,-0.02891379,-0.04163084,-0.05353205,-0.06436323,-0.07460906,-0.08385164,-0.09202591,-0.09939169,-0.1056344,-0.1109496
-0.09690084,-0.1037176,-0.109466,-0.1142513,-0.1179883,-0.1207727,-0.1225656,-0.1234476,-0.1234156,-0.1225424,-0.1208512,-0.1184113,-0.1152641,-0.111477,-0.1071033,-0.1022091,-0.09685419,-0.09110249,-0.08501668,-0.07865732,-0.07208636,-0.06536102,-0.058539,-0.05167351,-0.04481703,-0.03801662,-0.03131866,-0.02476312,-0.0183893,-0.01222926,-0.006314232,-0.0006674961,0.004688117,0.009738896,0.01447086,0.01887987,0.02296086,0.02671935,0.03015813,0.03329248,0.03613081,0.03869857,0.04100648,0.04309065,0.04495979,0.04666264,0.04820014,0.04963559,0.0509594,0.05224782,0.05348643,0.05474452,0.0560415,0.05738664,0.05887648,0.06045716,0.062232,0.0642374,0.06641433,0.06890976,0.07172425,0.07480749,0.07823682,0.08208112,0.08629083,0.09085599,0.09576996,0.1010079,0.1065069,0.1122449,0.1181829,0.1242241,0.130167,0.1357829,0.1407537,0.1448147,0.1477153,0.1493039,0.1493755,0.1477068,0.1439494,0.1381371,0.1304847,0.1209758,0.109568,0.09628803,0.08193783,0.06729845,0.0524041,0.03686726,0.02128417,0.006416929,-0.008103827,-0.02231249,-0.03552318,-0.04802351,-0.05977979,-0.07044633,-0.08029371,-0.08909324
-0.06626251,-0.07633373,-0.08547957,-0.09356724,-0.1006787,-0.1067226,-0.1117625,-0.1157529,-0.1187492,-0.120742,-0.121786,-0.1218997,-0.1211409,-0.1195485,-0.1171844,-0.1141018,-0.1103655,-0.1060381,-0.1011856,-0.0958753,-0.09017302,-0.08414628,-0.07786003,-0.07137886,-0.06476434,-0.05807718,-0.05137338,-0.04470797,-0.0381301,-0.03168773,-0.02542175,-0.01937165,-0.01356849,-0.008042383,-0.002813533,0.002098389,0.006684831,0.01093675,0.01485793,0.0184488,0.02172614,0.02469703,0.02739167,0.02981978,0.03202558,0.03401547,0.03584944,0.03752506,0.03911725,0.04061427,0.042097,0.04356447,0.04506155,0.0466522,0.04830272,0.05013894,0.05212792,0.05429297,0.05676954,0.05947017,0.06244848,0.0658173,0.06954713,0.07359734,0.07804386,0.08290608,0.08817517,0.09383076,0.09987842,0.106291,0.1130774,0.1202631,0.1278247,0.1355396,0.1431437,0.1503462,0.1570284,0.163124,0.1685351,0.1727697,0.1751385,0.1747602,0.1713127,0.1652622,0.1571441,0.1474066,0.1357769,0.1221266,0.1071127,0.09179086,0.07610547,0.05976582,0.04357209,0.02790472,0.01232847,-0.002637968,-0.0168504,-0.03052269,-0.04326595,-0.05522031
-0.02695455,-0.03967113,-0.0515182,-0.06255259,-0.07262038,-0.08176532,-0.08988494,-0.09700948,-0.1030804,-0.1081264,-0.1121253,-0.1151117,-0.1170932,-0.1181137,-0.1182043,-0.1174181,-0.1158038,-0.1134222,-0.1103342,-0.1066058,-0.1023048,-0.09750062,-0.09226311,-0.08666292,-0.08076943,-0.07465116,-0.06837495,-0.06200503,-0.05560377,-0.04922917,-0.04293697,-0.03677691,-0.03079659,-0.02503537,-0.0195308,-0.01431026,-0.00939967,-0.004812676,-0.0005631045,0.003350768,0.006925977,0.01018091,0.0131204,0.01578001,0.01816725,0.02033575,0.02228821,0.02409601,0.02575293,0.02734286,0.02885679,0.03036516,0.03189791,0.03345561,0.03514633,0.03690862,0.03883799,0.04098333,0.04325757,0.04580616,0.04863127,0.05165372,0.05493357,0.05854591,0.0624259,0.06656228,0.07096528,0.07562964,0.08046926,0.08548317,0.09083392,0.09684171,0.1037477,0.1116079,0.1201199,0.1289068,0.1376466,0.1464625,0.1557356,0.1655101,0.1745487,0.1814204,0.1855691,0.1870933,0.1857473,0.1809717,0.1734923,0.1641628,0.1530297,0.1397341,0.1250986,0.1100793,0.09440789,0.07816637,0.06219881,0.04628247,0.03053186,0.01537528,0.0005960235,-0.01351676
0.01565222,0.001506545,-0.012153,-0.0251257,-0.03744364,-0.04894556,-0.05963828,-0.06940677,-0.07824828,-0.08608866,-0.09292865,-0.09873032,-0.103506,-0.1072492,-0.1099868,-0.1117384,-0.1125453,-0.112448,-0.1114998,-0.1097565,-0.1072806,-0.1041373,-0.100396,-0.09612667,-0.0914017,-0.08629344,-0.08087405,-0.07521528,-0.06938652,-0.06345659,-0.05748975,-0.05154951,-0.04569231,-0.03997423,-0.03444132,-0.02913952,-0.02410201,-0.01936251,-0.01493835,-0.01085015,-0.007096527,-0.003686149,-0.000596981,0.002171,0.004661425,0.006876341,0.008881367,0.0106734,0.01233584,0.01385857,0.0153279,0.01674795,0.01815824,0.01963042,0.02111637,0.02273723,0.02445625,0.02625695,0.02827784,0.0303927,0.03260798,0.03501169,0.03753715,0.04006906,0.04264456,0.04524423,0.0478732,0.0505655,0.05332702,0.05589943,0.05818078,0.06053832,0.06361948,0.06784837,0.07352582,0.08073441,0.0894706,0.09958727,0.1114816,0.1256358,0.1415408,0.1560216,0.166752,0.1754137,0.1827225,0.1873651,0.1882992,0.1854225,0.1793585,0.1713013,0.1612148,0.1489418,0.1355197,0.1214915,0.1065121,0.09126157,0.07596756,0.06049016,0.045291,0.03028776
0.05613863,0.04177973,0.02770153,0.01385426,0.0004757057,-0.01245838,-0.02475526,-0.03641449,-0.04728375,-0.05735542,-0.06651496,-0.07476132,-0.08201572,-0.08829198,-0.09354415,-0.09780417,-0.1010552,-0.103347,-0.1046868,-0.1051398,-0.1047316,-0.1035404,-0.1016035,-0.09900856,-0.09580156,-0.09207471,-0.08787922,-0.08330889,-0.07841699,-0.07329603,-0.06799856,-0.06261311,-0.05718916,-0.05180808,-0.04651315,-0.04137561,-0.03642953,-0.03173226,-0.0273059,-0.02318957,-0.01939203,-0.01592998,-0.01279949,-0.009992111,-0.007495051,-0.005273162,-0.003312479,-0.001553415,1.350287e-05,0.001462308,0.002803356,0.004090873,0.005378124,0.006636043,0.007991004,0.009349719,0.01079458,0.01235986,0.01391234,0.0155536,0.01726884,0.01888612,0.0204082,0.02187064,0.02314127,0.02407406,0.02460979,0.02484084,0.02494045,0.02476418,0.02412777,0.02316612,0.02191675,0.02082905,0.0208463,0.02311365,0.02838777,0.03678607,0.04739239,0.05975529,0.0748392,0.09346313,0.1122782,0.1316331,0.1504461,0.163693,0.173045,0.1798216,0.1829349,0.1817222,0.1773507,0.1708645,0.1620968,0.1513026,0.139583,0.1267734,0.1131734,0.09927443,0.08495877,0.07055021
0.08989069,0.07671784,0.06329498,0.04993033,0.03654705,0.02341255,0.01049638,-0.001976758,-0.01400779,-0.02541077,-0.03617605,-0.04615586,-0.05534444,-0.06363173,-0.07102511,-0.07745126,-0.08293451,-0.08743528,-0.09099525,-0.09360389,-0.09531877,-0.09615204,-0.09617458,-0.09541599,-0.09395573,-0.09183734,-0.08914486,-0.0859319,-0.0822835,-0.07826012,-0.07394526,-0.06940348,-0.06471332,-0.05994064,-0.05515585,-0.05042272,-0.04579969,-0.04134494,-0.03709976,-0.03311352,-0.02940432,-0.02601089,-0.02292242,-0.02016732,-0.01770181,-0.01554889,-0.01363033,-0.01197109,-0.01046512,-0.009142417,-0.007890311,-0.006722197,-0.005578013,-0.004405946,-0.003240161,-0.002003672,-0.0007010199,0.0005582857,0.001958829,0.003276414,0.004509142,0.005677458,0.006724536,0.007362959,0.007766854,0.00776274,0.007222586,0.005835472,0.003880911,0.001978536,0.001000012,0.0005726872,0.0004110252,0.0003261562,0.0004146916,0.0005535078,0.0008419795,0.001177589,0.001746437,0.002644779,0.005328555,0.01437209,0.03484216,0.06062053,0.08717059,0.1108009,0.1320187,0.1492962,0.1607684,0.1690345,0.1732398,0.1732965,0.1704018,0.1653782,0.1578351,0.1488651,0.1386747,0.127371,0.1154103,0.1028704
0.1142808,0.1032239,0.09159102,0.07966953,0.06739371,0.055067,0.04259494,0.03031101,0.01809976,0.006309731,-0.005194547,-0.01606577,-0.02646186,-0.03604947,-0.04501216,-0.05303901,-0.06034051,-0.0666318,-0.07214945,-0.07663503,-0.08034752,-0.08305363,-0.08502939,-0.08606304,-0.08644434,-0.08597771,-0.08496301,-0.083217,-0.08104584,-0.07827521,-0.07521472,-0.07169598,-0.0680294,-0.06404903,-0.06006294,-0.05590447,-0.05187564,-0.04780419,-0.04398206,-0.04022506,-0.03681103,-0.03353635,-0.0306617,-0.02795717,-0.02566608,-0.02352741,-0.02177206,-0.02010995,-0.01876463,-0.01743128,-0.01631995,-0.01515368,-0.01408454,-0.01293517,-0.01178343,-0.01052448,-0.009309392,-0.007875249,-0.006608597,-0.005218745,-0.003894862,-0.002669332,-0.001677899,-0.0007589674,-0.0002224495,7.818133e-05,-7.286377e-05,-0.0001839015,-0.0003777426,-0.0003411007,-0.0003881553,-0.000383971,-0.0004199653,-0.0003283902,-0.0002806202,-0.0001828526,-0.0001855979,-0.0001841704,-0.0002009938,-7.416601e-05,0.0002589723,0.0003336992,0.0007819197,0.003408999,0.01262971,0.03662074,0.06752072,0.09553733,0.1183017,0.1361858,0.1486378,0.1574464,0.1618587,0.1627302,0.1609705,0.1568997,0.1506981,0.1433452,0.134462,0.124841
0.1283766,0.1201089,0.1109153,0.1012108,0.09081852,0.08011422,0.06895874,0.05769782,0.04622596,0.03486842,0.02353897,0.01254405,0.001801218,-0.008404434,-0.01816464,-0.02721975,-0.03567969,-0.04331263,-0.05025147,-0.05629178,-0.06159114,-0.06596911,-0.06960714,-0.072345,-0.07438383,-0.07558075,-0.07615249,-0.07596953,-0.07526039,-0.07390566,-0.07214281,-0.06985976,-0.06729952,-0.0643547,-0.06127092,-0.05794232,-0.05461312,-0.05117517,-0.0478655,-0.04456925,-0.04150816,-0.03855613,-0.03591027,-0.03342927,-0.03127689,-0.02929695,-0.02761504,-0.02606438,-0.02474009,-0.02346738,-0.02233859,-0.02114562,-0.02004323,-0.01873912,-0.01749232,-0.01600398,-0.01449064,-0.01286848,-0.011095,-0.009218877,-0.007434275,-0.00543267,-0.003420016,-0.001503342,-0.0005757269,-0.0002960658,-0.0003376819,-0.0002813558,-0.0003252217,-0.0002242681,NaN,NaN,NaN,NaN,NaN,NaN,NaN,NaN,NaN,NaN,NaN,0.0004403025,0.0003145302,0.0006175871,0.0005259747,0.0009599568,0.006973887,0.02648472,0.05769137,0.08647529,0.1090081,0.1256924,0.1377682,0.1461288,0.150132,0.1514645,0.1503191,0.1470205,0.1421074,0.1358344
0.132744,0.1275919,0.1212546,0.1141592,0.1061384,0.09758593,0.08831394,0.07872616,0.06862836,0.0584354,0.04795374,0.03760213,0.02718682,0.01711966,0.007201114,-0.002174179,-0.0112182,-0.01956118,-0.02743201,-0.03449024,-0.04098266,-0.04660003,-0.05160526,-0.05571858,-0.05921773,-0.06184816,-0.06389981,-0.06513972,-0.06586692,-0.06586672,-0.06544442,-0.06440047,-0.06304418,-0.06118815,-0.05914297,-0.05673054,-0.05425936,-0.05155611,-0.04892319,-0.04618516,-0.04363313,-0.04108004,-0.03879955,-0.03658238,-0.03467961,-0.0328502,-0.03132223,-0.0298226,-0.02855837,-0.02724369,-0.02605703,-0.02475296,-0.02342494,-0.02193553,-0.02027308,-0.01838577,-0.01638491,-0.01403655,-0.01155265,-0.008779341,-0.00570129,-0.002485708,-0.000722765,-0.0002297262,-0.0002883845,-0.0002371563,-0.000284909,NaN,NaN,NaN,NaN,NaN,NaN,NaN,NaN,NaN,NaN,NaN,NaN,NaN,NaN,NaN,NaN,NaN,0.0005216214,0.0007709051,0.0007158621,0.0006666865,0.005979883,0.02575008,0.05610397,0.08260503,0.1025519,0.1176888,0.1281627,0.1352603,0.1389145,0.1404503,0.1393686,0.1368991
0.1288807,0.1268569,0.123475,0.1191224,0.1136819,0.1074993,0.1004528,0.09285688,0.08460008,0.07598696,0.0669174,0.05769786,0.04823411,0.03883518,0.02940269,0.02024319,0.01124385,0.002702306,-0.005516766,-0.01312912,-0.02029807,-0.02675376,-0.03269003,-0.03785109,-0.04245929,-0.04627244,-0.04953857,-0.05202643,-0.05400702,-0.05525737,-0.05606867,-0.05622374,-0.05603123,-0.05527761,-0.05428666,-0.05284541,-0.0512897,-0.04940378,-0.04753039,-0.04544629,-0.04349291,-0.04143315,-0.03959613,-0.0377233,-0.03611917,-0.03449823,-0.03313125,-0.0317041,-0.03046147,-0.02906152,-0.02776235,-0.02616837,-0.02462556,-0.02260646,-0.02054625,-0.01788788,-0.0150621,-0.01187443,-0.008266934,-0.003984918,-0.001116698,-0.0001922659,-0.0002734483,-0.0001955435,-0.0002798488,NaN,NaN,NaN,NaN,NaN,NaN,NaN,NaN,NaN,NaN,NaN,NaN,NaN,NaN,NaN,NaN,NaN,NaN,NaN,NaN,NaN,0.0004762787,0.0008847144,0.0007282573,0.0008436048,0.007776455,0.03052861,0.05888535,0.0813114,0.0976231,0.1104467,0.1195651,0.1252519,0.1284722,0.1295313
0.118627,0.1195041,0.1191709,0.1173459,0.1146011,0.1106919,0.1060466,0.1004836,0.09433187,0.08747154,0.08017144,0.07236863,0.06429413,0.0559304,0.04747777,0.03895007,0.03051652,0.02220889,0.01416247,0.006415831,-0.0009312999,-0.007841747,-0.014251,-0.02012694,-0.02544027,-0.03016368,-0.03430138,-0.03783014,-0.0407852,-0.04314571,-0.04497516,-0.04625299,-0.04706921,-0.0474013,-0.04736351,-0.04692866,-0.04623294,-0.04524024,-0.0441058,-0.04277717,-0.04142436,-0.03996708,-0.03858404,-0.03715251,-0.03585362,-0.03450575,-0.03328929,-0.03195567,-0.03068581,-0.02918199,-0.02762759,-0.0257436,-0.02367205,-0.02119338,-0.01835337,-0.01482634,-0.01106914,-0.006417375,-0.002188519,-0.0003441692,-0.000193747,-0.0002041872,-0.0002089296,NaN,NaN,NaN,NaN,NaN,NaN,NaN,NaN,NaN,NaN,NaN,NaN,NaN,NaN,NaN,NaN,NaN,NaN,NaN,NaN,NaN,NaN,NaN,NaN,NaN,0.0004238643,0.0009652533,0.0005812287,0.001834345,0.01335341,0.0382357,0.0622818,0.08004243,0.09423497,0.104202,0.1113022,0.1158476
0.1036238,0.1074861,0.1096837,0.1104951,0.1100317,0.1084908,0.1059651,0.1025595,0.09837051,0.09344795,0.08790968,0.08178193,0.07520986,0.06820963,0.06094905,0.05343611,0.04585272,0.03819509,0.03064949,0.02319551,0.01601491,0.009067642,0.002524655,-0.003676221,-0.009376271,-0.01466159,-0.01938571,-0.02365802,-0.02734338,-0.03057312,-0.03322177,-0.03544117,-0.0371133,-0.03840934,-0.03921653,-0.0397232,-0.03981865,-0.0397062,-0.03927166,-0.03872978,-0.0379537,-0.03716397,-0.03620797,-0.03530434,-0.03425875,-0.0332805,-0.03211899,-0.03096822,-0.02952464,-0.02796491,-0.02598428,-0.02372718,-0.02100647,-0.01784795,-0.01410844,-0.009699575,-0.004585539,-0.0009546682,-0.0001410622,-0.0002122015,-0.0001590138,NaN,NaN,NaN,NaN,NaN,NaN,NaN,NaN,NaN,NaN,NaN,NaN,NaN,NaN,NaN,NaN,NaN,NaN,NaN,NaN,NaN,NaN,NaN,NaN,NaN,NaN,NaN,NaN,NaN,0.0006029936,0.0007773167,0.000609957,0.004776514,0.02348143,0.04653925,0.06519447,0.07906066,0.08987815,0.09781729
0.08561396,0.09223264,0.09675663,0.0999141,0.1015352,0.1021352,0.1015463,0.1001595,0.09779059,0.09476471,0.09090915,0.08651745,0.08144473,0.07596736,0.06997143,0.06371923,0.05712366,0.05043038,0.04357153,0.03677087,0.02997271,0.02337315,0.01692329,0.01078839,0.00492103,-0.0005443846,-0.005656514,-0.01031171,-0.01456065,-0.01832925,-0.02166978,-0.02453613,-0.02698155,-0.02898612,-0.03060237,-0.03183453,-0.03273189,-0.03331938,-0.0336393,-0.03373108,-0.03362412,-0.0333624,-0.03295349,-0.03243327,-0.03177643,-0.03099724,-0.03002602,-0.02885204,-0.02734696,-0.02550634,-0.02312368,-0.0203306,-0.01677942,-0.01291154,-0.00793365,-0.002898736,-0.0004054421,-0.0001350461,-0.000187026,NaN,NaN,NaN,NaN,NaN,NaN,NaN,NaN,NaN,NaN,NaN,NaN,NaN,NaN,NaN,NaN,NaN,NaN,NaN,NaN,NaN,NaN,NaN,NaN,NaN,NaN,NaN,NaN,NaN,NaN,NaN,NaN,NaN,0.0008111502,0.0005089523,0.001778559,0.0128633,0.03339696,0.05219898,0.06575264,0.07724464
0.06629961,0.07488248,0.08175614,0.08674169,0.09040534,0.09270339,0.09401864,0.09426181,0.09370694,0.09225146,0.09011636,0.08721275,0.08373453,0.07961986,0.07504673,0.06998297,0.06459326,0.05887159,0.05296684,0.04689315,0.04077844,0.03465126,0.02861322,0.02270154,0.01698956,0.01151797,0.0063307,0.001469615,-0.003051087,-0.007189187,-0.0109598,-0.01432025,-0.01731365,-0.019896,-0.02213712,-0.02398941,-0.02554693,-0.0267551,-0.02772745,-0.02839724,-0.02888925,-0.02911668,-0.02920415,-0.02903401,-0.02871747,-0.02809518,-0.0272558,-0.02598502,-0.02436109,-0.02209419,-0.01933399,-0.01567419,-0.01159975,-0.006379581,-0.001600207,-0.0001918927,-0.0001561896,-0.0001364376,NaN,NaN,NaN,NaN,NaN,NaN,NaN,NaN,NaN,NaN,NaN,NaN,NaN,NaN,NaN,NaN,NaN,NaN,NaN,NaN,NaN,NaN,NaN,NaN,NaN,NaN,NaN,NaN,NaN,NaN,NaN,NaN,NaN,NaN,NaN,0.0005168318,0.000557896,0.0007670208,0.006168453,0.02376532,0.04154721,0.05498303
0.04613084,0.05685436,0.06551834,0.07225662,0.07752515,0.08144133,0.0842807,0.08607581,0.08699311,0.08704148,0.0863354,0.08488054,0.08277182,0.08002136,0.07672261,0.07289716,0.06864411,0.06399244,0.05904766,0.05384101,0.04848229,0.04299779,0.03749817,0.03199949,0.02660822,0.0213274,0.01625602,0.01138157,0.006793849,0.002463751,-0.001528571,-0.0052288,-0.008566348,-0.01160242,-0.01427454,-0.01665766,-0.01869475,-0.02047021,-0.0219284,-0.02315544,-0.02409111,-0.02481151,-0.02524363,-0.02543885,-0.02530318,-0.02484907,-0.02395696,-0.02259731,-0.02061828,-0.01798077,-0.01448742,-0.01027022,-0.005155764,-0.0009160709,-0.0001192943,-0.000167128,-9.334131e-05,NaN,NaN,NaN,NaN,NaN,NaN,NaN,NaN,NaN,NaN,NaN,NaN,NaN,NaN,NaN,NaN,NaN,NaN,NaN,NaN,NaN,NaN,NaN,NaN,NaN,NaN,NaN,NaN,NaN,NaN,NaN,NaN,NaN,NaN,NaN,NaN,NaN,0.0003057973,0.000602305,0.0004570793,0.003117521,0.01720385,0.03314065
0.02629352,0.03885055,0.04887279,0.05716535,0.06371597,0.06909388,0.07318752,0.07636105,0.07851244,0.07988771,0.08040334,0.0802379,0.07932884,0.0778197,0.07567108,0.07301039,0.0698203,0.06622071,0.06221268,0.05791143,0.05333013,0.04857897,0.04367577,0.03872295,0.03373865,0.02881321,0.02396148,0.01925938,0.01471584,0.01039094,0.006286441,0.002446003,-0.001135281,-0.004429842,-0.007447835,-0.01017594,-0.01262579,-0.01479517,-0.01668982,-0.01831393,-0.01965552,-0.02071926,-0.0214595,-0.02187541,-0.02186969,-0.02143689,-0.02041505,-0.01880342,-0.01637802,-0.01316348,-0.008924674,-0.004036295,-0.0005943321,-0.0001055972,-0.0001599873,NaN,NaN,NaN,NaN,NaN,NaN,NaN,NaN,NaN,NaN,NaN,NaN,NaN,NaN,NaN,NaN,NaN,NaN,NaN,NaN,NaN,NaN,NaN,NaN,NaN,NaN,NaN,NaN,NaN,NaN,NaN,NaN,NaN,NaN,NaN,NaN,NaN,NaN,NaN,NaN,NaN,0.0005164311,0.0003522956,0.001793342,0.0122155
0.008698407,0.02112703,0.03267118,0.04188695,0.04984619,0.05619942,0.06157237,0.06572898,0.06908129,0.07144966,0.07312385,0.07396233,0.0741831,0.07367662,0.07262071,0.07093586,0.06877763,0.06609346,0.06302592,0.05954469,0.05578327,0.05172646,0.04749888,0.04309462,0.03862616,0.03409288,0.02959216,0.02512491,0.02077124,0.01653119,0.01246655,0.008575794,0.004901808,0.001442581,-0.001776801,-0.00475597,-0.007485065,-0.009954645,-0.01216601,-0.01408943,-0.01573222,-0.01702832,-0.01798634,-0.01848444,-0.01853362,-0.01793733,-0.01672831,-0.01462261,-0.01171946,-0.007612191,-0.002984837,-0.0004095784,-0.0001039094,-0.0001349898,NaN,NaN,NaN,NaN,NaN,NaN,NaN,NaN,NaN,NaN,NaN,NaN,NaN,NaN,NaN,NaN,NaN,NaN,NaN,NaN,NaN,NaN,NaN,NaN,NaN,NaN,NaN,NaN,NaN,NaN,NaN,NaN,NaN,NaN,NaN,NaN,NaN,NaN,NaN,NaN,NaN,NaN,NaN,0.0003859099,0.0003228631,0.001194169
0.0007182573,0.005591065,0.01663228,0.02741127,0.03600775,0.0435591,0.04965654,0.0548925,0.05901637,0.06240561,0.0648856,0.06671599,0.06776891,0.06823466,0.06802224,0.06728169,0.06595428,0.06416618,0.06188699,0.05922797,0.05618145,0.0528478,0.04923528,0.04543323,0.04146146,0.03739516,0.03326156,0.02911967,0.02500073,0.02094585,0.0169884,0.01315074,0.009468667,0.005946046,0.002623105,-0.0005124711,-0.003410611,-0.006095859,-0.008498258,-0.01064926,-0.01244396,-0.01391589,-0.01490638,-0.01545092,-0.01531573,-0.01455585,-0.01284552,-0.01031806,-0.006486677,-0.002189299,-0.0002987138,-0.0001239282,-0.0001120886,NaN,NaN,NaN,NaN,NaN,NaN,NaN,NaN,NaN,NaN,NaN,NaN,NaN,NaN,NaN,NaN,NaN,NaN,NaN,NaN,NaN,NaN,NaN,NaN,NaN,NaN,NaN,NaN,NaN,NaN,NaN,NaN,NaN,NaN,NaN,NaN,NaN,NaN,NaN,NaN,NaN,NaN,NaN,NaN,NaN,0.0002955594,0.0002874536
0.0002605164,0.0004829456,0.003759824,0.01349728,0.0232412,0.03120288,0.03822059,0.04401451,0.04899783,0.0530173,0.05633045,0.05883813,0.06071318,0.06188884,0.06248966,0.06247492,0.06194207,0.06087363,0.05935225,0.05738062,0.05503323,0.05232797,0.04933364,0.04607886,0.04262469,0.03900738,0.03527775,0.03147611,0.02764088,0.023814,0.02002033,0.01630276,0.01267208,0.009173661,0.005806042,0.002621122,-0.0003908947,-0.003163022,-0.005707682,-0.007929266,-0.009836874,-0.01128872,-0.01228875,-0.01263018,-0.0123228,-0.0110733,-0.008958133,-0.00554125,-0.001636911,-0.0002323517,-0.0001309759,-9.940015e-05,NaN,NaN,NaN,NaN,NaN,NaN,NaN,NaN,NaN,NaN,NaN,NaN,NaN,NaN,NaN,NaN,NaN,NaN,NaN,NaN,NaN,NaN,NaN,NaN,NaN,NaN,NaN,NaN,NaN,NaN,NaN,NaN,NaN,NaN,NaN,NaN,NaN,NaN,NaN,NaN,NaN,NaN,NaN,NaN,NaN,NaN,NaN,0.0002093942
0.0001707551,0.0002504202,0.0003354132,0.002723442,0.01121251,0.01989977,0.02719902,0.03364864,0.03908217,0.04375678,0.04760312,0.05077233,0.05323097,0.05507493,0.05629146,0.05694665,0.05704456,0.05663621,0.05574081,0.05440284,0.0526539,0.0505366,0.04809104,0.0453582,0.04238435,0.03920615,0.03587327,0.03241598,0.02888476,0.02530176,0.02171694,0.01814359,0.01463212,0.01118792,0.007864945,0.004664519,0.00165112,-0.001172119,-0.003718312,-0.005975429,-0.007818029,-0.009221127,-0.01000352,-0.01013662,-0.009363418,-0.007694541,-0.004757891,-0.0012922,-0.0001998005,-0.0001387759,-0.0001012121,NaN,NaN,NaN,NaN,NaN,NaN,NaN,NaN,NaN,NaN,NaN,NaN,NaN,NaN,NaN,NaN,NaN,NaN,NaN,NaN,NaN,NaN,NaN,NaN,NaN,NaN,NaN,NaN,NaN,NaN,NaN,NaN,NaN,NaN,NaN,NaN,NaN,NaN,NaN,NaN,NaN,NaN,NaN,NaN,NaN,NaN,NaN,NaN,NaN
NaN,0.0001488704,0.000202834,0.0002477849,0.002112737,0.009483439,0.01720327,0.02383743,0.02972333,0.0347596,0.03910102,0.04272018,0.04570328,0.04804879,0.04980879,0.05099631,0.05164653,0.05178413,0.05143727,0.05064057,0.04942109,0.04782057,0.04586788,0.04360928,0.0410738,0.0383109,0.03534764,0.0322342,0.02899391,0.02567617,0.02229973,0.01891333,0.01553155,0.01220504,0.008947491,0.00581705,0.00283254,6.970055e-05,-0.00243976,-0.00458794,-0.006323843,-0.007491532,-0.008023722,-0.007705187,-0.006489163,-0.004054283,-0.001056844,-0.0001774961,-0.0001360826,-0.0001014693,NaN,NaN,NaN,NaN,NaN,NaN,NaN,NaN,NaN,NaN,NaN,NaN,NaN,NaN,NaN,NaN,NaN,NaN,NaN,NaN,NaN,NaN,NaN,NaN,NaN,NaN,NaN,NaN,NaN,NaN,NaN,NaN,NaN,NaN,NaN,NaN,NaN,NaN,NaN,NaN,NaN,NaN,NaN,NaN,NaN,NaN,NaN,NaN,NaN,NaN
NaN,NaN,0.0001268441,0.0001550141,0.0001856828,0.001715325,0.008104082,0.01494594,0.02094333,0.02628597,0.03091249,0.03490664,0.03826503,0.04102911,0.04321621,0.04484879,0.04595568,0.04655147,0.04667347,0.04633491,0.04557924,0.04442258,0.04291184,0.04106646,0.03893588,0.03654075,0.03393151,0.0311285,0.02818172,0.02511017,0.02196302,0.01875811,0.01554593,0.01234561,0.009213561,0.00617598,0.003303938,0.0006384639,-0.001721689,-0.003712898,-0.005192738,-0.006076561,-0.006162229,-0.00537402,-0.003439156,-0.0008981829,-0.0001709612,-0.0001373108,-0.0001094087,NaN,NaN,NaN,NaN,NaN,NaN,NaN,NaN,NaN,NaN,NaN,NaN,NaN,NaN,NaN,NaN,NaN,NaN,NaN,NaN,NaN,NaN,NaN,NaN,NaN,NaN,NaN,NaN,NaN,NaN,NaN,NaN,NaN,NaN,NaN,NaN,NaN,NaN,NaN,NaN,NaN,NaN,NaN,NaN,NaN,NaN,NaN,NaN,NaN,NaN,NaN
NaN,NaN,NaN,0.000106384,0.0001185986,0.0001451195,0.00144162,0.006990444,0.01305186,0.01844668,0.02327232,0.02748637,0.03112756,0.03420155,0.03672351,0.03871751,0.04019031,0.04117587,0.04167939,0.04174133,0.04136959,0.04060806,0.03946982,0.03800024,0.0362162,0.03416428,0.0318636,0.02936058,0.02667572,0.02385482,0.02091992,0.01791757,0.01487321,0.01183823,0.00884669,0.005962071,0.00323507,0.0007525132,-0.001409685,-0.003127179,-0.00429409,-0.004738119,-0.00434327,-0.002864795,-0.0007655696,-0.000161435,-0.0001326866,-0.0001099544,NaN,NaN,NaN,NaN,NaN,NaN,NaN,NaN,NaN,NaN,NaN,NaN,NaN,NaN,NaN,NaN,NaN,NaN,NaN,NaN,NaN,NaN,NaN,NaN,NaN,NaN,NaN,NaN,NaN,NaN,NaN,NaN,NaN,NaN,NaN,NaN,NaN,NaN,NaN,NaN,NaN,NaN,NaN,NaN,NaN,NaN,NaN,NaN,NaN,NaN,NaN,NaN
NaN,NaN,NaN,NaN,7.886346e-05,8.091499e-05,0.0001091645,0.001232991,0.006054171,0.0114122,0.0162438,0.02057725,0.02438377,0.02766891,0.0304447,0.03270669,0.0344839,0.03577089,0.03660576,0.03698621,0.03695511,0.03651603,0.03571329,0.03455647,0.03309084,0.03133016,0.02931999,0.0270775,0.02464816,0.02205261,0.019337,0.01652711,0.01367336,0.01081096,0.008000831,0.005295468,0.002776274,0.0005219227,-0.00135307,-0.002738327,-0.003470549,-0.003420773,-0.002382672,-0.0006953867,-0.0001661526,-0.0001351652,-0.000116182,NaN,NaN,NaN,NaN,NaN,NaN,NaN,NaN,NaN,NaN,NaN,NaN,NaN,NaN,NaN,NaN,NaN,NaN,NaN,NaN,NaN,NaN,NaN,NaN,NaN,NaN,NaN,NaN,NaN,NaN,NaN,NaN,NaN,NaN,NaN,NaN,NaN,NaN,NaN,NaN,NaN,NaN,NaN,NaN,NaN,NaN,NaN,NaN,NaN,NaN,NaN,NaN,NaN
NaN,NaN,NaN,NaN,NaN,5.831513e-05,5.492541e-05,8.553077e-05,0.001084011,0.00527849,0.01000131,0.0143033,0.01816896,0.02157416,0.02450451,0.02697279,0.02896366,0.03050604,0.03158913,0.03225041,0.03248567,0.03233575,0.03180409,0.03093241,0.02973021,0.02824017,0.02647667,0.02448289,0.02227801,0.01990642,0.01739365,0.01478806,0.012125,0.009462529,0.006852945,0.004372746,0.0021004,0.0001423062,-0.001389621,-0.002347969,-0.002590867,-0.001917095,-0.0006001967,-0.0001597036,-0.0001307121,-0.0001168907,NaN,NaN,NaN,NaN,NaN,NaN,NaN,NaN,NaN,NaN,NaN,NaN,NaN,NaN,NaN,NaN,NaN,NaN,NaN,NaN,NaN,NaN,NaN,NaN,NaN,NaN,NaN,NaN,NaN,NaN,NaN,NaN,NaN,NaN,NaN,NaN,NaN,NaN,NaN,NaN,NaN,NaN,NaN,NaN,NaN,NaN,NaN,NaN,NaN,NaN,NaN,NaN,NaN,NaN
NaN,NaN,NaN,NaN,NaN,NaN,3.281442e-05,2.56524e-05,6.125187e-05,0.0009583686,0.004599277,0.00874373,0.01255067,0.0159699,0.01898396,0.02156254,0.02371982,0.0254318,0.02672834,0.02759425,0.02806689,0.02814041,0.02785439,0.02721147,0.02625256,0.02498673,0.02345609,0.02167587,0.01968984,0.01752051,0.01521542,0.01280753,0.01035324,0.007901892,0.005526477,0.003302032,0.001328563,-0.0002850305,-0.001399948,-0.001875401,-0.001530129,-0.0005416822,-0.0001639715,-0.000131153,-0.0001211803,NaN,NaN,NaN,NaN,NaN,NaN,NaN,NaN,NaN,NaN,NaN,NaN,NaN,NaN,NaN,NaN,NaN,NaN,NaN,NaN,NaN,NaN,NaN,NaN,NaN,NaN,NaN,NaN,NaN,NaN,NaN,NaN,NaN,NaN,NaN,NaN,NaN,NaN,NaN,NaN,NaN,NaN,NaN,NaN,NaN,NaN,NaN,NaN,NaN,NaN,NaN,NaN,NaN,NaN,NaN
NaN,NaN,NaN,NaN,NaN,NaN,NaN,1.48476e-05,5.744381e-06,4.653242e-05,0.0008623123,0.004014615,0.00763086,0.01097169,0.01396675,0.01660028,0.01883297,0.0206783,0.02210875,0.02315269,0.02379453,0.02406892,0.02397129,0.02353868,0.0227751,0.02171998,0.02038466,0.01881097,0.01701815,0.01505222,0.01294308,0.01074508,0.0085037,0.006288783,0.004169721,0.00224156,0.0006066024,-0.0006044424,-0.001253493,-0.001166521,-0.0004595834,-0.0001572559,-0.0001280678,-0.0001197591,NaN,NaN,NaN,NaN,NaN,NaN,NaN,NaN,NaN,NaN,NaN,NaN,NaN,NaN,NaN,NaN,NaN,NaN,NaN,NaN,NaN,NaN,NaN,NaN,NaN,NaN,NaN,NaN,NaN,NaN,NaN,NaN,NaN,NaN,NaN,NaN,NaN,NaN,NaN,NaN,NaN,NaN,NaN,NaN,NaN,NaN,NaN,NaN,NaN,NaN,NaN,NaN,NaN,NaN,NaN,NaN
NaN,NaN,NaN,NaN,NaN,NaN,NaN,NaN,-7.834205e-06,-1.785923e-05,2.890259e-05,0.0007665872,0.00347518,0.006606896,0.009512126,0.01210374,0.01436929,0.01626368,0.01780045,0.01895053,0.01974083,0.02015664,0.02023016,0.01995855,0.01937769,0.01849384,0.01734633,0.01595044,0.01435005,0.01257138,0.0106661,0.008675842,0.006666387,0.004701822,0.002870594,0.001268921,1.821329e-05,-0.000749403,-0.0008727561,-0.0004051098,-0.0001585495,-0.0001286814,-0.0001230393,NaN,NaN,NaN,NaN,NaN,NaN,NaN,NaN,NaN,NaN,NaN,NaN,NaN,NaN,NaN,NaN,NaN,NaN,NaN,NaN,NaN,NaN,NaN,NaN,NaN,NaN,NaN,NaN,NaN,NaN,NaN,NaN,NaN,NaN,NaN,NaN,NaN,NaN,NaN,NaN,NaN,NaN,NaN,NaN,NaN,NaN,NaN,NaN,NaN,NaN,NaN,NaN,NaN,NaN,NaN,NaN,NaN
NaN,NaN,NaN,NaN,NaN,NaN,NaN,NaN,NaN,-2.273861e-05,-3.262995e-05,1.919679e-05,0.0006833167,0.002990207,0.005676113,0.008171968,0.01038068,0.01229185,0.0138584,0.0150935,0.01596909,0.01650985,0.01670369,0.01658099,0.01614176,0.01542173,0.01443123,0.01321136,0.0117838,0.01019752,0.008489225,0.00672102,0.004950536,0.003260969,0.001739565,0.0005000932,-0.0003327499,-0.000610074,-0.0003423305,-0.0001520276,-0.0001254581,-0.0001199953,NaN,NaN,NaN,NaN,NaN,NaN,NaN,NaN,NaN,NaN,NaN,NaN,NaN,NaN,NaN,NaN,NaN,NaN,NaN,NaN,NaN,NaN,NaN,NaN,NaN,NaN,NaN,NaN,NaN,NaN,NaN,NaN,NaN,NaN,NaN,NaN,NaN,NaN,NaN,NaN,NaN,NaN,NaN,NaN,NaN,NaN,NaN,NaN,NaN,NaN,NaN,NaN,NaN,NaN,NaN,NaN,NaN,NaN
NaN,NaN,NaN,NaN,NaN,NaN,NaN,NaN,NaN,-2.306949e-05,-4.208159e-05,-5.067155e-05,5.33087e-06,0.0005922437,0.002524352,0.004798689,0.006912257,0.008758731,0.01033167,0.011584,0.01252867,0.01314049,0.01344225,0.01342538,0.01312027,0.01253094,0.01169475,0.01062802,0.009376473,0.007971183,0.006470218,0.004924696,0.003412201,0.00201122,0.0008275917,-2.516548e-05,-0.0004049715,-0.0002905676,-0.0001505546,-0.0001261569,-0.0001228978,-0.0001243789,NaN,NaN,NaN,NaN,NaN,NaN,NaN,NaN,NaN,NaN,NaN,NaN,NaN,NaN,NaN,NaN,NaN,NaN,NaN,NaN,NaN,NaN,NaN,NaN,NaN,NaN,NaN,NaN,NaN,NaN,NaN,NaN,NaN,NaN,NaN,NaN,NaN,NaN,NaN,NaN,NaN,NaN,NaN,NaN,NaN,NaN,NaN,NaN,NaN,NaN,NaN,NaN,NaN,NaN,NaN,NaN,NaN,NaN
NaN,NaN,NaN,NaN,NaN,NaN,NaN,NaN,NaN,NaN,-3.753392e-05,-5.31949e-05,-6.01713e-05,-1.95791e-06,0.0005059824,0.002092456,0.003986832,0.005742934,0.007249485,0.008502329,0.009457814,0.01012812,0.01049261,0.01057358,0.01036715,0.009905159,0.009197684,0.008285902,0.007194899,0.005978114,0.004679881,0.003371776,0.002123497,0.001033082,0.0002037902,-0.000233376,-0.0002356471,-0.000142059,-0.0001212189,-0.0001185729,-0.0001202952,NaN,NaN,NaN,NaN,NaN,NaN,NaN,NaN,NaN,NaN,NaN,NaN,NaN,NaN,NaN,NaN,NaN,NaN,NaN,NaN,NaN,NaN,NaN,NaN,NaN,NaN,NaN,NaN,NaN,NaN,NaN,NaN,NaN,NaN,NaN,NaN,NaN,NaN,NaN,NaN,NaN,NaN,NaN,NaN,NaN,NaN,NaN,NaN,NaN,NaN,NaN,NaN,NaN,NaN,NaN,NaN,NaN,NaN,NaN
NaN,NaN,NaN,NaN,NaN,NaN,NaN,NaN,NaN,NaN,NaN,-5.599863e-05,-6.838826e-05,-7.311279e-05,-1.468404e-05,0.0004086451,0.001671172,0.003214688,0.004639343,0.005829725,0.006784012,0.007464701,0.007882814,0.008024018,0.007912025,0.007549145,0.006970511,0.006194537,0.005269175,0.004231472,0.003146435,0.002075404,0.001108101,0.0003362412,-0.0001162155,-0.0001921511,-0.0001380417,-0.0001220579,-0.0001202559,-0.0001218547,NaN,NaN,NaN,NaN,NaN,NaN,NaN,NaN,NaN,NaN,NaN,NaN,NaN,NaN,NaN,NaN,NaN,NaN,NaN,NaN,NaN,NaN,NaN,NaN,NaN,NaN,NaN,NaN,NaN,NaN,NaN,NaN,NaN,NaN,NaN,NaN,NaN,NaN,NaN,NaN,NaN,NaN,NaN,NaN,NaN,NaN,NaN,NaN,NaN,NaN,NaN,NaN,NaN,NaN,NaN,NaN,NaN,NaN,NaN,NaN
NaN,NaN,NaN,NaN,NaN,NaN,NaN,NaN,NaN,NaN,NaN,NaN,-6.620234e-05,-7.546099e-05,-7.793336e-05,-2.209935e-05,0.0003171749,0.001283241,0.002502081,0.003619377,0.004520506,0.00520228,0.005635031,0.00583124,0.005783286,0.005518233,0.00504664,0.004409473,0.003636158,0.002784648,0.001907581,0.001085761,0.0004012099,-3.228929e-05,-0.0001515676,-0.0001278814,-0.0001164773,-0.000115342,-0.000117197,NaN,NaN,NaN,NaN,NaN,NaN,NaN,NaN,NaN,NaN,NaN,NaN,NaN,NaN,NaN,NaN,NaN,NaN,NaN,NaN,NaN,NaN,NaN,NaN,NaN,NaN,NaN,NaN,NaN,NaN,NaN,NaN,NaN,NaN,NaN,NaN,NaN,NaN,NaN,NaN,NaN,NaN,NaN,NaN,NaN,NaN,NaN,NaN,NaN,NaN,NaN,NaN,NaN,NaN,NaN,NaN,NaN,NaN,NaN,NaN,NaN
NaN,NaN,NaN,NaN,NaN,NaN,NaN,NaN,NaN,NaN,NaN,NaN,NaN,-8.009411e-05,-8.624893e-05,-8.638795e-05,-3.528547e-05,0.0002213731,0.0009175292,0.001834291,0.002670396,0.003312842,0.003753805,0.003973167,0.003986867,0.003795694,0.003431936,0.002916704,0.00229981,0.001624886,0.0009631085,0.0003879364,4.279182e-06,-0.0001258839,-0.0001231371,-0.0001169638,-0.000116199,-0.0001183126,NaN,NaN,NaN,NaN,NaN,NaN,NaN,NaN,NaN,NaN,NaN,NaN,NaN,NaN,NaN,NaN,NaN,NaN,NaN,NaN,NaN,NaN,NaN,NaN,NaN,NaN,NaN,NaN,NaN,NaN,NaN,NaN,NaN,NaN,NaN,NaN,NaN,NaN,NaN,NaN,NaN,NaN,NaN,NaN,NaN,NaN,NaN,NaN,NaN,NaN,NaN,NaN,NaN,NaN,NaN,NaN,NaN,NaN,NaN,NaN,NaN,NaN
NaN,NaN,NaN,NaN,NaN,NaN,NaN,NaN,NaN,NaN,NaN,NaN,NaN,-7.321915e-05,-8.602245e-05,-8.926888e-05,-8.770661e-05,-4.358368e-05,0.0001376537,0.0006025507,0.001238833,0.001820543,0.002236999,0.002476577,0.002526766,0.002408694,0.002134037,0.001742651,0.001268892,0.0007751327,0.0003260113,1.642654e-05,-0.0001031055,-0.000113238,-0.0001112251,-0.0001111612,-0.0001134273,-0.0001146792,NaN,NaN,NaN,NaN,NaN,NaN,NaN,NaN,NaN,NaN,NaN,NaN,NaN,NaN,NaN,NaN,NaN,NaN,NaN,NaN,NaN,NaN,NaN,NaN,NaN,NaN,NaN,NaN,NaN,NaN,NaN,NaN,NaN,NaN,NaN,NaN,NaN,NaN,NaN,NaN,NaN,NaN,NaN,NaN,NaN,NaN,NaN,NaN,NaN,NaN,NaN,NaN,NaN,NaN,NaN,NaN,NaN,NaN,NaN,NaN,NaN,NaN
NaN,NaN,NaN,NaN,NaN,NaN,NaN,NaN,NaN,NaN,NaN,NaN,NaN,NaN,-8.488603e-05,-9.523556e-05,-9.597703e-05,-9.314935e-05,-5.709863e-05,5.963338e-05,0.0003374311,0.0007212262,0.001076562,0.001303238,0.001386427,0.001321582,0.001135983,0.0008543562,0.0005291857,0.0002166549,-1.624699e-06,-9.442539e-05,-0.0001094222,-0.0001110391,-0.0001115003,-0.0001141323,-0.0001154872,NaN,NaN,NaN,NaN,NaN,NaN,NaN,NaN,NaN,NaN,NaN,NaN,NaN,NaN,NaN,NaN,NaN,NaN,NaN,NaN,NaN,NaN,NaN,NaN,NaN,NaN,NaN,NaN,NaN,NaN,NaN,NaN,NaN,NaN,NaN,NaN,NaN,NaN,NaN,NaN,NaN,NaN,NaN,NaN,NaN,NaN,NaN,NaN,NaN,NaN,NaN,NaN,NaN,NaN,NaN,NaN,NaN,NaN,NaN,NaN,NaN,NaN,NaN
NaN,NaN,NaN,NaN,NaN,NaN,NaN,NaN,NaN,NaN,NaN,NaN,NaN,NaN,NaN,-8.9214e-05,-9.714487e-05,-9.58884e-05,-9.243697e-05,-6.51467e-05,2.2164e-06,0.0001458625,0.0003313067,0.0004954753,0.0005732627,0.0005543777,0.000443078,0.0002783516,0.0001028372,-2.499158e-05,-8.706493e-05,-0.0001016883,-0.0001055754,-0.0001064718,-0.0001092419,-0.0001106999,NaN,NaN,NaN,NaN,NaN,NaN,NaN,NaN,NaN,NaN,NaN,NaN,NaN,NaN,NaN,NaN,NaN,NaN,NaN,NaN,NaN,NaN,NaN,NaN,NaN,NaN,NaN,NaN,NaN,NaN,NaN,NaN,NaN,NaN,NaN,NaN,NaN,NaN,NaN,NaN,NaN,NaN,NaN,NaN,NaN,NaN,NaN,NaN,NaN,NaN,NaN,NaN,NaN,NaN,NaN,NaN,NaN,NaN,NaN,NaN,NaN,NaN,NaN,NaN
NaN,NaN,NaN,NaN,NaN,NaN,NaN,NaN,NaN,NaN,NaN,NaN,NaN,NaN,NaN,-9.384388e-05,-9.648687e-05,-0.0001021029,-9.934037e-05,-9.593728e-05,-7.673981e-05,-4.254523e-05,1.806582e-05,8.145768e-05,0.0001236996,0.0001179986,7.274824e-05,4.042919e-06,-5.389874e-05,-8.866435e-05,-0.000100177,-0.0001052066,-0.0001064352,-0.0001093183,-0.0001107596,-0.0001135235,NaN,NaN,NaN,NaN,NaN,NaN,NaN,NaN,NaN,NaN,NaN,NaN,NaN,NaN,NaN,NaN,NaN,NaN,NaN,NaN,NaN,NaN,NaN,NaN,NaN,NaN,NaN,NaN,NaN,NaN,NaN,NaN,NaN,NaN,NaN,NaN,NaN,NaN,NaN,NaN,NaN,NaN,NaN,NaN,NaN,NaN,NaN,NaN,NaN,NaN,NaN,NaN,NaN,NaN,NaN,NaN,NaN,NaN,NaN,NaN,NaN,NaN,NaN,NaN
NaN,NaN,NaN,NaN,NaN,NaN,NaN,NaN,NaN,NaN,NaN,NaN,NaN,NaN,NaN,NaN,-9.604143e-05,-9.689089e-05,-0.0001004985,-9.690776e-05,-9.402007e-05,-8.171744e-05,-6.690853e-05,-4.671838e-05,-3.542726e-05,-3.548548e-05,-5.172888e-05,-7.06638e-05,-8.745855e-05,-9.512957e-05,-0.0001000611,-0.000101445,-0.0001042911,-0.0001056243,-0.0001084368,NaN,NaN,NaN,NaN,NaN,NaN,NaN,NaN,NaN,NaN,NaN,NaN,NaN,NaN,NaN,NaN,NaN,NaN,NaN,NaN,NaN,NaN,NaN,NaN,NaN,NaN,NaN,NaN,NaN,NaN,NaN,NaN,NaN,NaN,NaN,NaN,NaN,NaN,NaN,NaN,NaN,NaN,NaN,NaN,NaN,NaN,NaN,NaN,NaN,NaN,NaN,NaN,NaN,NaN,NaN,NaN,NaN,NaN,NaN,NaN,NaN,NaN,NaN,NaN,NaN
NaN,NaN,NaN,NaN,NaN,NaN,NaN,NaN,NaN,NaN,NaN,NaN,NaN,NaN,NaN,NaN,NaN,-9.950926e-05,-9.891691e-05,-0.0001008869,-9.712718e-05,-9.491047e-05,-8.776393e-05,-8.287024e-05,-7.760294e-05,-7.931416e-05,-8.298215e-05,-9.027124e-05,-9.442534e-05,-9.857897e-05,-9.991816e-05,-0.0001026263,-0.0001037886,-0.0001065351,NaN,NaN,NaN,NaN,NaN,NaN,NaN,NaN,NaN,NaN,NaN,NaN,NaN,NaN,NaN,NaN,NaN,NaN,NaN,NaN,NaN,NaN,NaN,NaN,NaN,NaN,NaN,NaN,NaN,NaN,NaN,NaN,NaN,NaN,NaN,NaN,NaN,NaN,NaN,NaN,NaN,NaN,NaN,NaN,NaN,NaN,NaN,NaN,NaN,NaN,NaN,NaN,NaN,NaN,NaN,NaN,NaN,NaN,NaN,NaN,NaN,NaN,NaN,NaN,NaN,NaN
NaN,NaN,NaN,NaN,NaN,NaN,NaN,NaN,NaN,NaN,NaN,NaN,NaN,NaN,NaN,NaN,NaN,-9.133947e-05,-9.494465e-05,-9.341262e-05,-9.419899e-05,-9.084005e-05,-8.944252e-05,-8.55629e-05,-8.499293e-05,-8.402914e-05,-8.676284e-05,-8.826006e-05,-9.13515e-05,-9.240837e-05,-9.478084e-05,-9.571662e-05,-9.821468e-05,-9.955225e-05,NaN,NaN,NaN,NaN,NaN,NaN,NaN,NaN,NaN,NaN,NaN,NaN,NaN,NaN,NaN,NaN,NaN,NaN,NaN,NaN,NaN,NaN,NaN,NaN,NaN,NaN,NaN,NaN,NaN,NaN,NaN,NaN,NaN,NaN,NaN,NaN,NaN,NaN,NaN,NaN,NaN,NaN,NaN,NaN,NaN,NaN,NaN,NaN,NaN,NaN,NaN,NaN,NaN,NaN,NaN,NaN,NaN,NaN,NaN,NaN,NaN,NaN,NaN,NaN,NaN,NaN
NaN,NaN,NaN,NaN,NaN,NaN,NaN,NaN,NaN,NaN,NaN,NaN,NaN,NaN,NaN,NaN,NaN,NaN,-8.604682e-05,-8.798501e-05,-8.606488e-05,-8.614948e-05,-8.352639e-05,-8.302757e-05,-8.105468e-05,-8.188103e-05,-8.179779e-05,-8.381577e-05,-8.436223e-05,-8.629539e-05,-8.695865e-05,-8.905929e-05,-9.011447e-05,NaN,NaN,NaN,NaN,NaN,NaN,NaN,NaN,NaN,NaN,NaN,NaN,NaN,NaN,NaN,NaN,NaN,NaN,NaN,NaN,NaN,NaN,NaN,NaN,NaN,NaN,NaN,NaN,NaN,NaN,NaN,NaN,NaN,NaN,NaN,NaN,NaN,NaN,NaN,NaN,NaN,NaN,NaN,NaN,NaN,NaN,NaN,NaN,NaN,NaN,NaN,NaN,NaN,NaN,NaN,NaN,NaN,NaN,NaN,NaN,NaN,NaN,NaN,NaN,NaN,NaN,NaN
NaN,NaN,NaN,NaN,NaN,NaN,NaN,NaN,NaN,NaN,NaN,NaN,NaN,NaN,NaN,NaN,NaN,NaN,-7.12126e-05,-7.02895e-05,-7.111842e-05,-6.933294e-05,-6.92295e-05,-6.743276e-05,-6.761094e-05,-6.673717e-05,-6.780849e-05,-6.781386e-05,-6.923634e-05,-6.95859e-05,-7.11532e-05,-7.18326e-05,-7.366867e-05,NaN,NaN,NaN,NaN,NaN,NaN,NaN,NaN,NaN,NaN,NaN,NaN,NaN,NaN,NaN,NaN,NaN,NaN,NaN,NaN,NaN,NaN,NaN,NaN,NaN,NaN,NaN,NaN,NaN,NaN,NaN,NaN,NaN,NaN,NaN,NaN,NaN,NaN,NaN,NaN,NaN,NaN,NaN,NaN,NaN,NaN,NaN,NaN,NaN,NaN,NaN,NaN,NaN,NaN,NaN,NaN,NaN,NaN,NaN,NaN,NaN,NaN,NaN,NaN,NaN,NaN,NaN
NaN,NaN,NaN,NaN,NaN,NaN,NaN,NaN,NaN,NaN,NaN,NaN,NaN,NaN,NaN,NaN,NaN,NaN,NaN,-5.117288e-05,-5.008802e-05,-5.037405e-05,-4.907023e-05,-4.913795e-05,-4.812001e-05,-4.859454e-05,-4.823974e-05,-4.913618e-05,-4.916473e-05,-5.01945e-05,-5.049041e-05,-5.172586e-05,NaN,NaN,NaN,NaN,NaN,NaN,NaN,NaN,NaN,NaN,NaN,NaN,NaN,NaN,NaN,NaN,NaN,NaN,NaN,NaN,NaN,NaN,NaN,NaN,NaN,NaN,NaN,NaN,NaN,NaN,NaN,NaN,NaN,NaN,NaN,NaN,NaN,NaN,NaN,NaN,NaN,NaN,NaN,NaN,NaN,NaN,NaN,NaN,NaN,NaN,NaN,NaN,NaN,NaN,NaN,NaN,NaN,NaN,NaN,NaN,NaN,NaN,NaN,NaN,NaN,NaN,NaN,NaN
NaN,NaN,NaN,NaN,NaN,NaN,NaN,NaN,NaN,NaN,NaN,NaN,NaN,NaN,NaN,NaN,NaN,NaN,NaN,-2.594596e-05,-2.643809e-05,-2.56707e-05,-2.582709e-05,-2.510083e-05,-2.532655e-05,-2.487839e-05,-2.532143e-05,-2.515219e-05,-2.571607e-05,-2.572989e-05,-2.637836e-05,-2.654962e-05,NaN,NaN,NaN,NaN,NaN,NaN,NaN,NaN,NaN,NaN,NaN,NaN,NaN,NaN,NaN,NaN,NaN,NaN,NaN,NaN,NaN,NaN,NaN,NaN,NaN,NaN,NaN,NaN,NaN,NaN,NaN,NaN,NaN,NaN,NaN,NaN,NaN,NaN,NaN,NaN,NaN,NaN,NaN,NaN,NaN,NaN,NaN,NaN,NaN,NaN,NaN,NaN,NaN,NaN,NaN,NaN,NaN,NaN,NaN,NaN,NaN,NaN,NaN,NaN,NaN,NaN,NaN,NaN
NaN,NaN,NaN,NaN,NaN,NaN,NaN,NaN,NaN,NaN,NaN,NaN,NaN,NaN,NaN,NaN,NaN,NaN,NaN,-7.724503e-06,-7.389455e-06,-7.592751e-06,-7.269035e-06,-7.420197e-06,-7.148074e-06,-7.334341e-06,-7.164208e-06,-7.392423e-06,-7.29324e-06,-7.529032e-06,-7.487002e-06,-7.749533e-06,NaN,NaN,NaN,NaN,NaN,NaN,NaN,NaN,NaN,NaN,NaN,NaN,NaN,NaN,NaN,NaN,NaN,NaN,NaN,NaN,NaN,NaN,NaN,NaN,NaN,NaN,NaN,NaN,NaN,NaN,NaN,NaN,NaN,NaN,NaN,NaN,NaN,NaN,NaN,NaN,NaN,NaN,NaN,NaN,NaN,NaN,NaN,NaN,NaN,NaN,NaN,NaN,NaN,NaN,NaN,NaN,NaN,NaN,NaN,NaN,NaN,NaN,NaN,NaN,NaN,NaN,NaN,NaN
NaN,NaN,NaN,NaN,NaN,NaN,NaN,NaN,NaN,NaN,NaN,NaN,NaN,NaN,NaN,NaN,NaN,NaN,NaN,-4.949693e-10,3.166411e-10,-3.831479e-10,1.545543e-10,6.696211e-12,1.150811e-10,1.033453e-10,5.158055e-11,-1.189907e-09,-8.691193e-10,-1.65457e-10,4.103262e-10,-1.89112e-10,NaN,NaN,NaN,NaN,NaN,NaN,NaN,NaN,NaN,NaN,NaN,NaN,NaN,NaN,NaN,NaN,NaN,NaN,NaN,NaN,NaN,NaN,NaN,NaN,NaN,NaN,NaN,NaN,NaN,NaN,NaN,NaN,NaN,NaN,NaN,NaN,NaN,NaN,NaN,NaN,NaN,NaN,NaN,NaN,NaN,NaN,NaN,NaN,NaN,NaN,NaN,NaN,NaN,NaN,NaN,NaN,NaN,NaN,NaN,NaN,NaN,NaN,NaN,NaN,NaN,NaN,NaN,NaN
