NaN,NaN,NaN,NaN,NaN,NaN,NaN,NaN,NaN,NaN,NaN,NaN,NaN,NaN,NaN,NaN,NaN,NaN,NaN,-5.50977e-10,-8.662709e-11,-8.055196e-10,1.08723e-10,6.865649e-10,-5.101318e-10,1.288869e-11,-1.48958e-10,-3.656893e-10,1.105932e-10,3.354388e-10,-1.033009e-10,-1.042305e-10,NaN,NaN,NaN,NaN,NaN,NaN,NaN,NaN,NaN,NaN,NaN,NaN,NaN,NaN,NaN,NaN,NaN,NaN,NaN,NaN,NaN,NaN,NaN,NaN,NaN,NaN,NaN,NaN,NaN,NaN,NaN,NaN,NaN,NaN,NaN,NaN,NaN,NaN,NaN,NaN,NaN,NaN,NaN,NaN,NaN,NaN,NaN,NaN,NaN,NaN,NaN,NaN,NaN,NaN,NaN,NaN,NaN,NaN,NaN,NaN,NaN,NaN,NaN,NaN,NaN,NaN,NaN,NaN
NaN,NaN,NaN,NaN,NaN,NaN,NaN,NaN,NaN,NaN,NaN,NaN,NaN,NaN,NaN,NaN,NaN,NaN,NaN,5.486638e-06,5.240799e-06,5.635444e-06,5.360783e-06,5.639597e-06,5.375912e-06,5.686621e-06,5.548754e-06,5.934069e-06,5.878207e-06,6.258449e-06,6.221121e-06,6.634058e-06,NaN,NaN,NaN,NaN,NaN,NaN,NaN,NaN,NaN,NaN,NaN,NaN,NaN,NaN,NaN,NaN,NaN,NaN,NaN,NaN,NaN,NaN,NaN,NaN,NaN,NaN,NaN,NaN,NaN,NaN,NaN,NaN,NaN,NaN,NaN,NaN,NaN,NaN,NaN,NaN,NaN,NaN,NaN,NaN,NaN,NaN,NaN,NaN,NaN,NaN,NaN,NaN,NaN,NaN,NaN,NaN,NaN,NaN,NaN,NaN,NaN,NaN,NaN,NaN,NaN,NaN,NaN,NaN
NaN,NaN,NaN,NaN,NaN,NaN,NaN,NaN,NaN,NaN,NaN,NaN,NaN,NaN,NaN,NaN,NaN,NaN,NaN,1.801608e-05,1.919656e-05,1.87783e-05,1.938792e-05,1.882019e-05,1.937084e-05,1.906246e-05,1.993361e-05,2.001783e-05,2.105966e-05,2.127365e-05,2.23386e-05,2.261045e-05,NaN,NaN,NaN,NaN,NaN,NaN,NaN,NaN,NaN,NaN,NaN,NaN,NaN,NaN,NaN,NaN,NaN,NaN,NaN,NaN,NaN,NaN,NaN,NaN,NaN,NaN,NaN,NaN,NaN,NaN,NaN,NaN,NaN,NaN,NaN,NaN,NaN,NaN,NaN,NaN,NaN,NaN,NaN,NaN,NaN,NaN,NaN,NaN,NaN,NaN,NaN,NaN,NaN,NaN,NaN,NaN,NaN,NaN,NaN,NaN,NaN,NaN,NaN,NaN,NaN,NaN,NaN,NaN
NaN,NaN,NaN,NaN,NaN,NaN,NaN,NaN,NaN,NaN,NaN,NaN,NaN,NaN,NaN,NaN,NaN,NaN,NaN,3.603445e-05,3.58015e-05,3.711631e-05,3.628486e-05,3.692321e-05,3.60932e-05,3.716225e-05,3.727544e-05,3.909498e-05,3.973156e-05,4.157505e-05,4.221913e-05,4.418047e-05,NaN,NaN,NaN,NaN,NaN,NaN,NaN,NaN,NaN,NaN,NaN,NaN,NaN,NaN,NaN,NaN,NaN,NaN,NaN,NaN,NaN,NaN,NaN,NaN,NaN,NaN,NaN,NaN,NaN,NaN,NaN,NaN,NaN,NaN,NaN,NaN,NaN,NaN,NaN,NaN,NaN,NaN,NaN,NaN,NaN,NaN,NaN,NaN,NaN,NaN,NaN,NaN,NaN,NaN,NaN,NaN,NaN,NaN,NaN,NaN,NaN,NaN,NaN,NaN,NaN,NaN,NaN,NaN
NaN,NaN,NaN,NaN,NaN,NaN,NaN,NaN,NaN,NaN,NaN,NaN,NaN,NaN,NaN,NaN,NaN,NaN,4.838067e-05,4.886443e-05,5.140455e-05,5.052748e-05,5.135936e-05,4.977516e-05,5.047353e-05,4.993342e-05,5.21799e-05,5.321911e-05,5.61395e-05,5.733206e-05,6.004483e-05,6.115909e-05,6.402205e-05,NaN,NaN,NaN,NaN,NaN,NaN,NaN,NaN,NaN,NaN,NaN,NaN,NaN,NaN,NaN,NaN,NaN,NaN,NaN,NaN,NaN,NaN,NaN,NaN,NaN,NaN,NaN,NaN,NaN,NaN,NaN,NaN,NaN,NaN,NaN,NaN,NaN,NaN,NaN,NaN,NaN,NaN,NaN,NaN,NaN,NaN,NaN,NaN,NaN,NaN,NaN,NaN,NaN,NaN,NaN,NaN,NaN,NaN,NaN,NaN,NaN,NaN,NaN,NaN,NaN,NaN,NaN
NaN,NaN,NaN,NaN,NaN,NaN,NaN,NaN,NaN,NaN,NaN,NaN,NaN,NaN,NaN,NaN,NaN,NaN,5.757524e-05,6.18182e-05,6.125116e-05,6.277736e-05,6.039419e-05,6.003563e-05,5.76272e-05,5.911481e-05,6.014766e-05,6.449031e-05,6.693778e-05,7.086839e-05,7.248801e-05,7.596603e-05,7.754521e-05,NaN,NaN,NaN,NaN,NaN,NaN,NaN,NaN,NaN,NaN,NaN,NaN,NaN,NaN,NaN,NaN,NaN,NaN,NaN,NaN,NaN,NaN,NaN,NaN,NaN,NaN,NaN,NaN,NaN,NaN,NaN,NaN,NaN,NaN,NaN,NaN,NaN,NaN,NaN,NaN,NaN,NaN,NaN,NaN,NaN,NaN,NaN,NaN,NaN,NaN,NaN,NaN,NaN,NaN,NaN,NaN,NaN,NaN,NaN,NaN,NaN,NaN,NaN,NaN,NaN,NaN,NaN
NaN,NaN,NaN,NaN,NaN,NaN,NaN,NaN,NaN,NaN,NaN,NaN,NaN,NaN,NaN,NaN,NaN,5.815818e-05,6.445909e-05,6.46554e-05,6.738879e-05,6.431801e-05,6.254263e-05,5.664356e-05,5.461175e-05,5.310559e-05,5.824307e-05,6.320136e-05,7.061913e-05,7.448324e-05,7.938071e-05,8.12579e-05,8.530132e-05,8.728515e-05,NaN,NaN,NaN,NaN,NaN,NaN,NaN,NaN,NaN,NaN,NaN,NaN,NaN,NaN,NaN,NaN,NaN,NaN,NaN,NaN,NaN,NaN,NaN,NaN,NaN,NaN,NaN,NaN,NaN,NaN,NaN,NaN,NaN,NaN,NaN,NaN,NaN,NaN,NaN,NaN,NaN,NaN,NaN,NaN,NaN,NaN,NaN,NaN,NaN,NaN,NaN,NaN,NaN,NaN,NaN,NaN,NaN,NaN,NaN,NaN,NaN,NaN,NaN,NaN,NaN,NaN
NaN,NaN,NaN,NaN,NaN,NaN,NaN,NaN,NaN,NaN,NaN,NaN,NaN,NaN,NaN,NaN,NaN,6.455387e-05,6.595036e-05,7.027248e-05,6.691599e-05,6.382669e-05,5.201763e-05,4.053243e-05,2.832902e-05,2.80249e-05,3.528934e-05,5.148148e-05,6.46531e-05,7.62493e-05,8.139401e-05,8.696608e-05,8.906898e-05,9.349741e-05,NaN,NaN,NaN,NaN,NaN,NaN,NaN,NaN,NaN,NaN,NaN,NaN,NaN,NaN,NaN,NaN,NaN,NaN,NaN,NaN,NaN,NaN,NaN,NaN,NaN,NaN,NaN,NaN,NaN,NaN,NaN,NaN,NaN,NaN,NaN,NaN,NaN,NaN,NaN,NaN,NaN,NaN,NaN,NaN,NaN,NaN,NaN,NaN,NaN,NaN,NaN,NaN,NaN,NaN,NaN,NaN,NaN,NaN,NaN,NaN,NaN,NaN,NaN,NaN,NaN,NaN
NaN,NaN,NaN,NaN,NaN,NaN,NaN,NaN,NaN,NaN,NaN,NaN,NaN,NaN,NaN,NaN,5.858533e-05,6.155378e-05,6.778525e-05,6.481184e-05,6.05695e-05,3.998638e-05,9.27345e-06,-3.410208e-05,-6.60537e-05,-7.496881e-05,-4.935867e-05,-8.322937e-06,3.439439e-05,6.126327e-05,7.811535e-05,8.425044e-05,9.014727e-05,9.246524e-05,9.70424e-05,NaN,NaN,NaN,NaN,NaN,NaN,NaN,NaN,NaN,NaN,NaN,NaN,NaN,NaN,NaN,NaN,NaN,NaN,NaN,NaN,NaN,NaN,NaN,NaN,NaN,NaN,NaN,NaN,NaN,NaN,NaN,NaN,NaN,NaN,NaN,NaN,NaN,NaN,NaN,NaN,NaN,NaN,NaN,NaN,NaN,NaN,NaN,NaN,NaN,NaN,NaN,NaN,NaN,NaN,NaN,NaN,NaN,NaN,NaN,NaN,NaN,NaN,NaN,NaN,NaN
NaN,NaN,NaN,NaN,NaN,NaN,NaN,NaN,NaN,NaN,NaN,NaN,NaN,NaN,NaN,5.285348e-05,5.761398e-05,6.598065e-05,6.411868e-05,5.897883e-05,2.741329e-05,-3.714499e-05,-0.0001531723,-0.0002836516,-0.0003822936,-0.000399134,-0.0003354602,-0.0002111119,-8.273607e-05,1.32802e-05,6.053378e-05,8.263483e-05,8.954917e-05,9.552964e-05,9.800542e-05,0.0001026026,NaN,NaN,NaN,NaN,NaN,NaN,NaN,NaN,NaN,NaN,NaN,NaN,NaN,NaN,NaN,NaN,NaN,NaN,NaN,NaN,NaN,NaN,NaN,NaN,NaN,NaN,NaN,NaN,NaN,NaN,NaN,NaN,NaN,NaN,NaN,NaN,NaN,NaN,NaN,NaN,NaN,NaN,NaN,NaN,NaN,NaN,NaN,NaN,NaN,NaN,NaN,NaN,NaN,NaN,NaN,NaN,NaN,NaN,NaN,NaN,NaN,NaN,NaN,NaN
NaN,NaN,NaN,NaN,NaN,NaN,NaN,NaN,NaN,NaN,NaN,NaN,NaN,NaN,NaN,4.85582e-05,5.920006e-05,5.911261e-05,5.375142e-05,1.008104e-05,-0.0001073244,-0.0003560008,-0.000684098,-0.0009876476,-0.001163586,-0.001186035,-0.001049927,-0.0007963722,-0.000479254,-0.0001967382,-1.614078e-05,5.796332e-05,8.441084e-05,9.170035e-05,9.749405e-05,0.0001000758,NaN,NaN,NaN,NaN,NaN,NaN,NaN,NaN,NaN,NaN,NaN,NaN,NaN,NaN,NaN,NaN,NaN,NaN,NaN,NaN,NaN,NaN,NaN,NaN,NaN,NaN,NaN,NaN,NaN,NaN,NaN,NaN,NaN,NaN,NaN,NaN,NaN,NaN,NaN,NaN,NaN,NaN,NaN,NaN,NaN,NaN,NaN,NaN,NaN,NaN,NaN,NaN,NaN,NaN,NaN,NaN,NaN,NaN,NaN,NaN,NaN,NaN,NaN,NaN
NaN,NaN,NaN,NaN,NaN,NaN,NaN,NaN,NaN,NaN,NaN,NaN,NaN,NaN,4.095375e-05,5.381759e-05,5.593816e-05,5.125012e-05,-4.555306e-06,-0.0001944519,-0.0006392613,-0.001253721,-0.001831921,-0.002231556,-0.002430406,-0.002417589,-0.002218564,-0.001849685,-0.001361241,-0.0008122057,-0.0003328172,-4.355875e-05,6.089377e-05,9.011214e-05,9.737138e-05,0.00010283,0.0001055262,NaN,NaN,NaN,NaN,NaN,NaN,NaN,NaN,NaN,NaN,NaN,NaN,NaN,NaN,NaN,NaN,NaN,NaN,NaN,NaN,NaN,NaN,NaN,NaN,NaN,NaN,NaN,NaN,NaN,NaN,NaN,NaN,NaN,NaN,NaN,NaN,NaN,NaN,NaN,NaN,NaN,NaN,NaN,NaN,NaN,NaN,NaN,NaN,NaN,NaN,NaN,NaN,NaN,NaN,NaN,NaN,NaN,NaN,NaN,NaN,NaN,NaN,NaN
NaN,NaN,NaN,NaN,NaN,NaN,NaN,NaN,NaN,NaN,NaN,NaN,NaN,2.803525e-05,4.29799e-05,4.774556e-05,4.44471e-05,-2.179685e-05,-0.0002997843,-0.0009977047,-0.001941668,-0.002807071,-0.003451513,-0.003865968,-0.004035533,-0.003983094,-0.003712028,-0.003258365,-0.002643308,-0.001923416,-0.001156004,-0.0004774707,-7.004884e-05,6.290479e-05,9.269523e-05,9.950515e-05,0.0001044893,0.0001072897,NaN,NaN,NaN,NaN,NaN,NaN,NaN,NaN,NaN,NaN,NaN,NaN,NaN,NaN,NaN,NaN,NaN,NaN,NaN,NaN,NaN,NaN,NaN,NaN,NaN,NaN,NaN,NaN,NaN,NaN,NaN,NaN,NaN,NaN,NaN,NaN,NaN,NaN,NaN,NaN,NaN,NaN,NaN,NaN,NaN,NaN,NaN,NaN,NaN,NaN,NaN,NaN,NaN,NaN,NaN,NaN,NaN,NaN,NaN,NaN,NaN,NaN
NaN,NaN,NaN,NaN,NaN,NaN,NaN,NaN,NaN,NaN,NaN,NaN,NaN,3.372305e-05,4.145793e-05,4.005364e-05,-3.423547e-05,-0.0004091153,-0.001401173,-0.002682665,-0.00384402,-0.00475268,-0.005412461,-0.005803709,-0.005946921,-0.005835738,-0.005500841,-0.004950731,-0.004229455,-0.003364615,-0.002419384,-0.001452316,-0.0006006209,-8.327376e-05,7.105662e-05,9.916421e-05,0.0001054872,0.0001099928,NaN,NaN,NaN,NaN,NaN,NaN,NaN,NaN,NaN,NaN,NaN,NaN,NaN,NaN,NaN,NaN,NaN,NaN,NaN,NaN,NaN,NaN,NaN,NaN,NaN,NaN,NaN,NaN,NaN,NaN,NaN,NaN,NaN,NaN,NaN,NaN,NaN,NaN,NaN,NaN,NaN,NaN,NaN,NaN,NaN,NaN,NaN,NaN,NaN,NaN,NaN,NaN,NaN,NaN,NaN,NaN,NaN,NaN,NaN,NaN,NaN,NaN
NaN,NaN,NaN,NaN,NaN,NaN,NaN,NaN,NaN,NaN,NaN,NaN,1.865758e-05,2.942207e-05,3.050134e-05,-4.849396e-05,-0.0005228692,-0.001838355,-0.003460517,-0.004929504,-0.006121897,-0.007052943,-0.00769538,-0.00806908,-0.00816117,-0.007999321,-0.00758266,-0.006947731,-0.006107904,-0.00511365,-0.003998705,-0.002836575,-0.001688643,-0.0006948861,-8.751228e-05,7.751804e-05,0.0001018567,0.0001075272,0.0001113129,NaN,NaN,NaN,NaN,NaN,NaN,NaN,NaN,NaN,NaN,NaN,NaN,NaN,NaN,NaN,NaN,NaN,NaN,NaN,NaN,NaN,NaN,NaN,NaN,NaN,NaN,NaN,NaN,NaN,NaN,NaN,NaN,NaN,NaN,NaN,NaN,NaN,NaN,NaN,NaN,NaN,NaN,NaN,NaN,NaN,NaN,NaN,NaN,NaN,NaN,NaN,NaN,NaN,NaN,NaN,NaN,NaN,NaN,NaN,NaN,NaN
NaN,NaN,NaN,NaN,NaN,NaN,NaN,NaN,NaN,NaN,NaN,5.625946e-06,1.932132e-05,2.269944e-05,-5.778096e-05,-0.0006283143,-0.002283113,-0.004254727,-0.006044624,-0.007539668,-0.008760364,-0.009673977,-0.01030215,-0.01062733,-0.01067583,-0.01044004,-0.009952269,-0.009215963,-0.008272354,-0.007139969,-0.005874732,-0.004517131,-0.003149278,-0.001841856,-0.0007378506,-7.284291e-05,8.908572e-05,0.0001085785,0.000113382,0.0001167138,NaN,NaN,NaN,NaN,NaN,NaN,NaN,NaN,NaN,NaN,NaN,NaN,NaN,NaN,NaN,NaN,NaN,NaN,NaN,NaN,NaN,NaN,NaN,NaN,NaN,NaN,NaN,NaN,NaN,NaN,NaN,NaN,NaN,NaN,NaN,NaN,NaN,NaN,NaN,NaN,NaN,NaN,NaN,NaN,NaN,NaN,NaN,NaN,NaN,NaN,NaN,NaN,NaN,NaN,NaN,NaN,NaN,NaN,NaN,NaN
NaN,NaN,NaN,NaN,NaN,NaN,NaN,NaN,NaN,NaN,-1.327965e-05,3.425975e-06,8.873312e-06,-6.970458e-05,-0.000731275,-0.002740284,-0.00507601,-0.007199788,-0.009013293,-0.01053687,-0.01173502,-0.0126336,-0.0132105,-0.01349276,-0.01346819,-0.01316755,-0.01258719,-0.0117629,-0.01070184,-0.009449027,-0.008027858,-0.006500564,-0.004913922,-0.003358264,-0.001917347,-0.0007371107,-4.963969e-05,9.741911e-05,0.000110878,0.0001148398,0.0001176397,NaN,NaN,NaN,NaN,NaN,NaN,NaN,NaN,NaN,NaN,NaN,NaN,NaN,NaN,NaN,NaN,NaN,NaN,NaN,NaN,NaN,NaN,NaN,NaN,NaN,NaN,NaN,NaN,NaN,NaN,NaN,NaN,NaN,NaN,NaN,NaN,NaN,NaN,NaN,NaN,NaN,NaN,NaN,NaN,NaN,NaN,NaN,NaN,NaN,NaN,NaN,NaN,NaN,NaN,NaN,NaN,NaN,NaN,NaN
NaN,NaN,NaN,NaN,NaN,NaN,NaN,NaN,NaN,-2.984546e-05,-1.009732e-05,-3.323251e-06,-7.745913e-05,-0.0008196019,-0.003194846,-0.005914056,-0.008387558,-0.01053241,-0.01236865,-0.01386119,-0.01503902,-0.01587742,-0.01640616,-0.01660985,-0.01651937,-0.01612624,-0.01546389,-0.01453183,-0.01336853,-0.01198486,-0.01042935,-0.00873013,-0.006955001,-0.005158981,-0.003440046,-0.001895332,-0.0006761175,-8.664954e-06,0.0001096966,0.0001171516,0.0001203113,0.0001225821,NaN,NaN,NaN,NaN,NaN,NaN,NaN,NaN,NaN,NaN,NaN,NaN,NaN,NaN,NaN,NaN,NaN,NaN,NaN,NaN,NaN,NaN,NaN,NaN,NaN,NaN,NaN,NaN,NaN,NaN,NaN,NaN,NaN,NaN,NaN,NaN,NaN,NaN,NaN,NaN,NaN,NaN,NaN,NaN,NaN,NaN,NaN,NaN,NaN,NaN,NaN,NaN,NaN,NaN,NaN,NaN,NaN,NaN
NaN,NaN,NaN,NaN,NaN,NaN,NaN,NaN,NaN,-2.938694e-05,-2.175077e-05,-8.958836e-05,-0.0009057005,-0.00366496,-0.006789754,-0.009628656,-0.01211713,-0.01427324,-0.01606665,-0.01752787,-0.01863187,-0.01941205,-0.01985094,-0.0199806,-0.01979002,-0.01931204,-0.0185416,-0.01751357,-0.01623072,-0.0147331,-0.01303573,-0.01119027,-0.009230301,-0.007228102,-0.005249154,-0.003397392,-0.001785172,-0.0005696629,3.672597e-05,0.0001173462,0.000119082,0.0001207595,NaN,NaN,NaN,NaN,NaN,NaN,NaN,NaN,NaN,NaN,NaN,NaN,NaN,NaN,NaN,NaN,NaN,NaN,NaN,NaN,NaN,NaN,NaN,NaN,NaN,NaN,NaN,NaN,NaN,NaN,NaN,NaN,NaN,NaN,NaN,NaN,NaN,NaN,NaN,NaN,NaN,NaN,NaN,NaN,NaN,NaN,NaN,NaN,NaN,NaN,NaN,NaN,NaN,NaN,NaN,NaN,NaN,NaN
NaN,NaN,NaN,NaN,NaN,NaN,NaN,NaN,-4.586487e-05,-3.872861e-05,-9.924333e-05,-0.000983502,-0.004145612,-0.007701295,-0.01092319,-0.0137665,-0.01624903,-0.01834712,-0.02009285,-0.0214629,-0.022494,-0.02316739,-0.02351812,-0.02353346,-0.02324724,-0.02265142,-0.02178016,-0.02063106,-0.01924033,-0.01761377,-0.0157933,-0.01379734,-0.01168083,-0.009483393,-0.007282006,-0.005152087,-0.00320508,-0.001566426,-0.0004024677,9.51136e-05,0.0001281007,0.000124193,0.0001254875,NaN,NaN,NaN,NaN,NaN,NaN,NaN,NaN,NaN,NaN,NaN,NaN,NaN,NaN,NaN,NaN,NaN,NaN,NaN,NaN,NaN,NaN,NaN,NaN,NaN,NaN,NaN,NaN,NaN,NaN,NaN,NaN,NaN,NaN,NaN,NaN,NaN,NaN,NaN,NaN,NaN,NaN,NaN,NaN,NaN,NaN,NaN,NaN,NaN,NaN,NaN,NaN,NaN,NaN,NaN,NaN,NaN
NaN,NaN,NaN,NaN,NaN,NaN,NaN,-6.758644e-05,-6.197829e-05,-0.0001149358,-0.001069052,-0.004666083,-0.00868192,-0.01230467,-0.01551448,-0.01832847,-0.02073339,-0.0227622,-0.02439606,-0.0256735,-0.02657644,-0.02714298,-0.02735957,-0.02726155,-0.02683983,-0.02612903,-0.02512433,-0.02386043,-0.02233804,-0.02059395,-0.0186373,-0.01651161,-0.01423926,-0.01187759,-0.009473453,-0.007107816,-0.004866584,-0.002868503,-0.0012517,-0.0001921665,0.0001519645,0.0001333976,0.0001262877,0.0001251007,NaN,NaN,NaN,NaN,NaN,NaN,NaN,NaN,NaN,NaN,NaN,NaN,NaN,NaN,NaN,NaN,NaN,NaN,NaN,NaN,NaN,NaN,NaN,NaN,NaN,NaN,NaN,NaN,NaN,NaN,NaN,NaN,NaN,NaN,NaN,NaN,NaN,NaN,NaN,NaN,NaN,NaN,NaN,NaN,NaN,NaN,NaN,NaN,NaN,NaN,NaN,NaN,NaN,NaN,NaN,NaN
NaN,NaN,NaN,NaN,NaN,NaN,-8.613263e-05,-8.32907e-05,-0.0001293954,-0.001156436,-0.005226363,-0.009737314,-0.01378235,-0.0173717,-0.02052226,-0.02323496,-0.02554391,-0.02743695,-0.02895367,-0.03007828,-0.03085128,-0.03125871,-0.03133839,-0.03108079,-0.03052193,-0.02965583,-0.02851786,-0.02710614,-0.02545624,-0.02357171,-0.02149038,-0.01922396,-0.01681777,-0.01429833,-0.01172533,-0.009152541,-0.006665516,-0.00435948,-0.002360993,-0.000818382,8.191827e-05,0.0002259828,0.0001430517,0.0001307676,0.0001284761,NaN,NaN,NaN,NaN,NaN,NaN,NaN,NaN,NaN,NaN,NaN,NaN,NaN,NaN,NaN,NaN,NaN,NaN,NaN,NaN,NaN,NaN,NaN,NaN,NaN,NaN,NaN,NaN,NaN,NaN,NaN,NaN,NaN,NaN,NaN,NaN,NaN,NaN,NaN,NaN,NaN,NaN,NaN,NaN,NaN,NaN,NaN,NaN,NaN,NaN,NaN,NaN,NaN,NaN,NaN
NaN,NaN,NaN,NaN,NaN,-0.000109767,-0.0001112154,-0.0001517162,-0.001270539,-0.005868254,-0.010914,-0.01540244,-0.01938639,-0.0228785,-0.02589989,-0.02848421,-0.03063029,-0.03237665,-0.03371308,-0.03467978,-0.03526467,-0.0355069,-0.03539765,-0.03497377,-0.03423006,-0.03320283,-0.03189014,-0.03032776,-0.02851734,-0.02649481,-0.0242667,-0.0218718,-0.01932446,-0.0166712,-0.01394287,-0.01120152,-0.008506927,-0.005949914,-0.003632702,-0.001691271,-0.0002807218,0.0003964238,0.0002906627,0.0001456436,0.0001327809,0.0001270339,NaN,NaN,NaN,NaN,NaN,NaN,NaN,NaN,NaN,NaN,NaN,NaN,NaN,NaN,NaN,NaN,NaN,NaN,NaN,NaN,NaN,NaN,NaN,NaN,NaN,NaN,NaN,NaN,NaN,NaN,NaN,NaN,NaN,NaN,NaN,NaN,NaN,NaN,NaN,NaN,NaN,NaN,NaN,NaN,NaN,NaN,NaN,NaN,NaN,NaN,NaN,NaN,NaN,NaN
NaN,NaN,NaN,NaN,-0.0001299164,-0.0001375717,-0.0001750409,-0.001411322,-0.006601965,-0.01222983,-0.01718736,-0.02158121,-0.02542059,-0.02875131,-0.03160584,-0.03399701,-0.03596191,-0.03749768,-0.03864314,-0.03938938,-0.03977586,-0.03979452,-0.03948354,-0.03883877,-0.03789791,-0.03665978,-0.03516195,-0.03340603,-0.0314291,-0.02923568,-0.02686278,-0.02431868,-0.02164354,-0.01885379,-0.0159972,-0.01310799,-0.01025103,-0.007490419,-0.004922729,-0.002655189,-0.0008347511,0.0003818086,0.0007822879,0.0003793112,0.0001542868,0.0001377476,0.0001283131,NaN,NaN,NaN,NaN,NaN,NaN,NaN,NaN,NaN,NaN,NaN,NaN,NaN,NaN,NaN,NaN,NaN,NaN,NaN,NaN,NaN,NaN,NaN,NaN,NaN,NaN,NaN,NaN,NaN,NaN,NaN,NaN,NaN,NaN,NaN,NaN,NaN,NaN,NaN,NaN,NaN,NaN,NaN,NaN,NaN,NaN,NaN,NaN,NaN,NaN,NaN,NaN,NaN
NaN,NaN,NaN,-0.0001545905,-0.0001728083,-0.0002088835,-0.001608945,-0.007481044,-0.01374729,-0.01920041,-0.02402343,-0.02821399,-0.03185486,-0.03497212,-0.03759982,-0.03976919,-0.04149018,-0.04279603,-0.04368536,-0.04419388,-0.04431736,-0.04409282,-0.04351908,-0.04263333,-0.04143762,-0.03997038,-0.03823584,-0.03627251,-0.03408617,-0.03171464,-0.02916503,-0.02647546,-0.02365531,-0.0207457,-0.01776426,-0.01476045,-0.01176969,-0.008860923,-0.006099241,-0.003589401,-0.00143888,0.0001931145,0.001154872,0.001206427,0.0004556246,0.00015524,0.0001382833,0.0001250723,NaN,NaN,NaN,NaN,NaN,NaN,NaN,NaN,NaN,NaN,NaN,NaN,NaN,NaN,NaN,NaN,NaN,NaN,NaN,NaN,NaN,NaN,NaN,NaN,NaN,NaN,NaN,NaN,NaN,NaN,NaN,NaN,NaN,NaN,NaN,NaN,NaN,NaN,NaN,NaN,NaN,NaN,NaN,NaN,NaN,NaN,NaN,NaN,NaN,NaN,NaN,NaN
NaN,NaN,-0.0001736476,-0.0002081589,-0.0002489096,-0.001874233,-0.008528614,-0.0154989,-0.02147896,-0.02675246,-0.03129889,-0.03524968,-0.03862046,-0.04147368,-0.04383117,-0.04571993,-0.04716488,-0.04817511,-0.04877984,-0.04898108,-0.04881251,-0.04827669,-0.04740992,-0.04621814,-0.04474032,-0.04298419,-0.04099054,-0.03876774,-0.0363568,-0.03376565,-0.03103441,-0.02816989,-0.0252128,-0.02217092,-0.01908779,-0.01597887,-0.01289751,-0.009875899,-0.006990111,-0.004300737,-0.001924797,3.845202e-05,0.001409348,0.002056398,0.001715798,0.0005750606,0.0001651366,0.0001437594,0.0001254273,NaN,NaN,NaN,NaN,NaN,NaN,NaN,NaN,NaN,NaN,NaN,NaN,NaN,NaN,NaN,NaN,NaN,NaN,NaN,NaN,NaN,NaN,NaN,NaN,NaN,NaN,NaN,NaN,NaN,NaN,NaN,NaN,NaN,NaN,NaN,NaN,NaN,NaN,NaN,NaN,NaN,NaN,NaN,NaN,NaN,NaN,NaN,NaN,NaN,NaN,NaN
NaN,-0.0001919081,-0.0002517077,-0.0003080827,-0.002257616,-0.009817763,-0.01757596,-0.02411115,-0.02985963,-0.03476201,-0.03902305,-0.04263273,-0.04569893,-0.04822208,-0.05025873,-0.05181513,-0.05292071,-0.05358922,-0.05383727,-0.05368732,-0.05315232,-0.05226184,-0.05103083,-0.0494938,-0.04766718,-0.04559002,-0.04327837,-0.04077334,-0.0380889,-0.03526619,-0.03231578,-0.02927835,-0.02616044,-0.02300318,-0.01981262,-0.01663335,-0.01347743,-0.0104015,-0.007432583,-0.004653924,-0.002118759,4.355924e-05,0.001745255,0.002791236,0.003071286,0.0022819,0.0007174307,0.0001730555,0.0001448733,0.0001200884,NaN,NaN,NaN,NaN,NaN,NaN,NaN,NaN,NaN,NaN,NaN,NaN,NaN,NaN,NaN,NaN,NaN,NaN,NaN,NaN,NaN,NaN,NaN,NaN,NaN,NaN,NaN,NaN,NaN,NaN,NaN,NaN,NaN,NaN,NaN,NaN,NaN,NaN,NaN,NaN,NaN,NaN,NaN,NaN,NaN,NaN,NaN,NaN,NaN,NaN
-0.0002118052,-0.0002956881,-0.0003938954,-0.002853106,-0.01143656,-0.02005719,-0.02717006,-0.0334144,-0.03866677,-0.04323424,-0.04706278,-0.05032468,-0.0529851,-0.05514375,-0.05677742,-0.05794595,-0.05863881,-0.05889535,-0.05871916,-0.0581407,-0.0571766,-0.0558557,-0.05420407,-0.05225104,-0.05003037,-0.04756942,-0.04490721,-0.04206718,-0.0390907,-0.03599536,-0.03282271,-0.02958279,-0.02631744,-0.02302961,-0.01976192,-0.01651437,-0.01333491,-0.01022657,-0.007253009,-0.004429007,-0.00185027,0.0004467219,0.002313288,0.003687641,0.004342848,0.004210217,0.002941159,0.0009226445,0.0001924243,0.0001487509,0.0001197651,NaN,NaN,NaN,NaN,NaN,NaN,NaN,NaN,NaN,NaN,NaN,NaN,NaN,NaN,NaN,NaN,NaN,NaN,NaN,NaN,NaN,NaN,NaN,NaN,NaN,NaN,NaN,NaN,NaN,NaN,NaN,NaN,NaN,NaN,NaN,NaN,NaN,NaN,NaN,NaN,NaN,NaN,NaN,NaN,NaN,NaN,NaN,NaN,NaN
-0.0002994064,-0.0005356236,-0.003857573,-0.01356687,-0.02312271,-0.03080921,-0.03755765,-0.04313478,-0.04799947,-0.05201237,-0.0554487,-0.05820505,-0.06045529,-0.06211899,-0.06331237,-0.06397692,-0.06419709,-0.06393675,-0.0632638,-0.06216341,-0.0606958,-0.05886305,-0.05672228,-0.05428802,-0.05161291,-0.0487214,-0.04565919,-0.04245678,-0.0391506,-0.03577413,-0.03235278,-0.02892164,-0.02549347,-0.02210469,-0.01875734,-0.01549033,-0.01229879,-0.009230429,-0.006279205,-0.003513668,-0.000934752,0.001350101,0.003324936,0.004820873,0.005805844,0.006021773,0.005452078,0.003692895,0.001220816,0.0002205296,0.0001444319,0.0001184859,NaN,NaN,NaN,NaN,NaN,NaN,NaN,NaN,NaN,NaN,NaN,NaN,NaN,NaN,NaN,NaN,NaN,NaN,NaN,NaN,NaN,NaN,NaN,NaN,NaN,NaN,NaN,NaN,NaN,NaN,NaN,NaN,NaN,NaN,NaN,NaN,NaN,NaN,NaN,NaN,NaN,NaN,NaN,NaN,NaN,NaN,NaN,-0.0002458119
-0.000762867,-0.005627431,-0.01649226,-0.026948,-0.03518355,-0.04241164,-0.04827529,-0.05340302,-0.05755795,-0.06112822,-0.06393267,-0.06622683,-0.06786636,-0.06902954,-0.06960484,-0.06972676,-0.06931535,-0.06848057,-0.06717215,-0.06548627,-0.06339779,-0.06099492,-0.05827065,-0.0553064,-0.05210917,-0.04875024,-0.04524658,-0.04165719,-0.03800499,-0.03433456,-0.03067204,-0.02704571,-0.02348427,-0.01999933,-0.01662157,-0.01334834,-0.01021497,-0.007207985,-0.004375299,-0.001698115,0.0007494579,0.00298415,0.004886114,0.006463794,0.007526862,0.008079671,0.007834882,0.006827003,0.004604112,0.001695556,0.0002760591,0.0001399708,0.0001283931,NaN,NaN,NaN,NaN,NaN,NaN,NaN,NaN,NaN,NaN,NaN,NaN,NaN,NaN,NaN,NaN,NaN,NaN,NaN,NaN,NaN,NaN,NaN,NaN,NaN,NaN,NaN,NaN,NaN,NaN,NaN,NaN,NaN,NaN,NaN,NaN,NaN,NaN,NaN,NaN,NaN,NaN,NaN,NaN,NaN,-0.0003277056,-0.000320614
-0.008600148,-0.02067531,-0.03175568,-0.04053601,-0.04813729,-0.05426707,-0.05957301,-0.06383273,-0.06745875,-0.07026293,-0.07252327,-0.07407963,-0.0751323,-0.07554936,-0.07548891,-0.07484884,-0.0737654,-0.07216527,-0.07017367,-0.06774249,-0.06499126,-0.06189003,-0.05855418,-0.05496585,-0.05123308,-0.04734638,-0.04340316,-0.039398,-0.03541504,-0.03144969,-0.0275711,-0.02377409,-0.02011094,-0.01657525,-0.01320355,-0.009988232,-0.006952237,-0.00409109,-0.001417467,0.001060854,0.00333596,0.005373012,0.007161779,0.008619864,0.009729727,0.01033742,0.01042457,0.009742057,0.0082977,0.005703039,0.002389074,0.0003725003,0.0001236445,0.0001491885,NaN,NaN,NaN,NaN,NaN,NaN,NaN,NaN,NaN,NaN,NaN,NaN,NaN,NaN,NaN,NaN,NaN,NaN,NaN,NaN,NaN,NaN,NaN,NaN,NaN,NaN,NaN,NaN,NaN,NaN,NaN,NaN,NaN,NaN,NaN,NaN,NaN,NaN,NaN,NaN,NaN,NaN,NaN,-0.0004089032,-0.0003500033,-0.001219611
-0.025421,-0.03737185,-0.04689728,-0.05482586,-0.06119962,-0.06659304,-0.07090469,-0.07448801,-0.07722843,-0.07935218,-0.08075362,-0.0815878,-0.08176728,-0.08141164,-0.08045728,-0.07900918,-0.07702844,-0.07461531,-0.07175308,-0.06854103,-0.06497874,-0.06116522,-0.05710838,-0.0529049,-0.04856656,-0.04418271,-0.03976516,-0.03539316,-0.0310751,-0.02687796,-0.02280461,-0.01890792,-0.01518489,-0.01167392,-0.008365107,-0.00528409,-0.002415335,0.0002260345,0.002655928,0.004865906,0.006862434,0.008637561,0.0101731,0.01145363,0.01241645,0.01303338,0.01317702,0.01280696,0.0117194,0.009870671,0.007005732,0.003332102,0.0005359852,0.0001253714,0.0001715485,NaN,NaN,NaN,NaN,NaN,NaN,NaN,NaN,NaN,NaN,NaN,NaN,NaN,NaN,NaN,NaN,NaN,NaN,NaN,NaN,NaN,NaN,NaN,NaN,NaN,NaN,NaN,NaN,NaN,NaN,NaN,NaN,NaN,NaN,NaN,NaN,NaN,NaN,NaN,NaN,NaN,-0.0005270629,-0.0003749177,-0.001788594,-0.01190013
-0.04395996,-0.05414555,-0.06247849,-0.06912872,-0.07454775,-0.07884689,-0.08228462,-0.08486897,-0.08674269,-0.08788379,-0.08838076,-0.0882084,-0.087436,-0.08604768,-0.08411325,-0.08163069,-0.07867846,-0.07526715,-0.07148535,-0.06735163,-0.06296325,-0.05833912,-0.05358255,-0.04870671,-0.04381561,-0.03891375,-0.03410166,-0.02937196,-0.02481918,-0.02042192,-0.0162674,-0.01231955,-0.008656932,-0.005228325,-0.00210494,0.000780405,0.003361826,0.005720196,0.007792171,0.00966668,0.01127785,0.01271268,0.0138947,0.01489426,0.01561418,0.01609064,0.01619633,0.01592062,0.01509445,0.01367305,0.01142708,0.008413541,0.004392342,0.0008339601,0.0001374763,0.0001801019,0.0001118888,NaN,NaN,NaN,NaN,NaN,NaN,NaN,NaN,NaN,NaN,NaN,NaN,NaN,NaN,NaN,NaN,NaN,NaN,NaN,NaN,NaN,NaN,NaN,NaN,NaN,NaN,NaN,NaN,NaN,NaN,NaN,NaN,NaN,NaN,NaN,NaN,NaN,-0.0003123705,-0.0005973183,-0.0004699504,-0.00304188,-0.01653549,-0.03168764
-0.06276732,-0.07111339,-0.07804077,-0.08337496,-0.08764276,-0.09078764,-0.09314247,-0.09459943,-0.09538283,-0.09536993,-0.09473675,-0.09337462,-0.09143905,-0.08884995,-0.08575405,-0.08210354,-0.07803924,-0.07354272,-0.06874662,-0.06365635,-0.05839089,-0.05297442,-0.04750565,-0.04202207,-0.03659952,-0.03128245,-0.02612208,-0.02116674,-0.01644163,-0.01199718,-0.007831943,-0.00399724,-0.0004655711,0.002710787,0.005586398,0.008105934,0.01035079,0.0122603,0.01393986,0.01531964,0.01652293,0.01746392,0.0182736,0.01883964,0.01928672,0.01946295,0.01947273,0.01910826,0.01845304,0.01721974,0.01552619,0.01296293,0.009901679,0.005623986,0.001483105,0.0002036637,0.0001701525,0.0001515223,NaN,NaN,NaN,NaN,NaN,NaN,NaN,NaN,NaN,NaN,NaN,NaN,NaN,NaN,NaN,NaN,NaN,NaN,NaN,NaN,NaN,NaN,NaN,NaN,NaN,NaN,NaN,NaN,NaN,NaN,NaN,NaN,NaN,NaN,NaN,-0.0005057452,-0.0005447907,-0.0007597505,-0.005909372,-0.02258317,-0.0393456,-0.05199286
-0.08111095,-0.08800317,-0.09314554,-0.097197,-0.09997388,-0.1019186,-0.1028466,-0.1030816,-0.1024241,-0.1011406,-0.09904505,-0.09638185,-0.09299517,-0.08912136,-0.08463847,-0.07977763,-0.07444721,-0.0688704,-0.0629787,-0.05698178,-0.05082744,-0.04470492,-0.03857339,-0.03259701,-0.02674021,-0.02114148,-0.01576663,-0.01072735,-0.005989142,-0.001636876,0.00236491,0.005957285,0.009177426,0.01199203,0.01443845,0.01650944,0.01824054,0.01964906,0.02076636,0.02163016,0.02226306,0.02271537,0.02299294,0.02314672,0.02315438,0.02305239,0.02277636,0.02233759,0.02161243,0.02060195,0.01910058,0.01719894,0.014551,0.01149635,0.007266628,0.002755298,0.0004103207,0.000150471,0.0002020726,NaN,NaN,NaN,NaN,NaN,NaN,NaN,NaN,NaN,NaN,NaN,NaN,NaN,NaN,NaN,NaN,NaN,NaN,NaN,NaN,NaN,NaN,NaN,NaN,NaN,NaN,NaN,NaN,NaN,NaN,NaN,NaN,NaN,-0.0007665365,-0.0004893145,-0.001700649,-0.01212413,-0.03139386,-0.04900844,-0.06178286,-0.07280857
-0.09905681,-0.1038845,-0.1073514,-0.1096831,-0.1109284,-0.111242,-0.1106569,-0.1092459,-0.1070535,-0.1041063,-0.1004782,-0.09617914,-0.09131821,-0.08590164,-0.08006862,-0.0738233,-0.06732651,-0.06057674,-0.05374645,-0.04682338,-0.03998199,-0.03319621,-0.02663455,-0.02025425,-0.01421534,-0.008455052,-0.003123965,0.001861222,0.006359629,0.0104748,0.01407505,0.01728407,0.01997781,0.02229971,0.02413341,0.02563998,0.02670971,0.02752016,0.02796465,0.02823505,0.02822081,0.02812354,0.02781744,0.02750663,0.0270341,0.02659758,0.02599099,0.02539664,0.02455229,0.02361872,0.02230971,0.02074948,0.01872521,0.01624929,0.01312976,0.009250521,0.004498561,0.0009676963,0.0001564832,0.0002244309,0.0001746998,NaN,NaN,NaN,NaN,NaN,NaN,NaN,NaN,NaN,NaN,NaN,NaN,NaN,NaN,NaN,NaN,NaN,NaN,NaN,NaN,NaN,NaN,NaN,NaN,NaN,NaN,NaN,NaN,NaN,-0.0005553447,-0.0007191481,-0.0005784063,-0.004470211,-0.02186619,-0.04333115,-0.0607693,-0.07393932,-0.08450589,-0.09264584
-0.115413,-0.1180165,-0.1196267,-0.1199214,-0.1193947,-0.117762,-0.1153944,-0.1120761,-0.1080945,-0.103302,-0.09793726,-0.09191633,-0.08544917,-0.07850371,-0.07126745,-0.06374609,-0.05610391,-0.04837094,-0.04068471,-0.033088,-0.02568928,-0.01853442,-0.01170287,-0.005238133,0.0008107854,0.006403179,0.01152037,0.01612504,0.02022751,0.02379323,0.02685993,0.02939439,0.03146135,0.03302808,0.03418418,0.03489699,0.03527921,0.03529588,0.03508116,0.0345924,0.03398219,0.03319066,0.03238347,0.0314697,0.03062129,0.02969851,0.02887358,0.02794354,0.0270785,0.02601662,0.0249254,0.02353295,0.02196813,0.01998595,0.01762416,0.01452183,0.01107745,0.006580846,0.002305036,0.0003707282,0.0002041806,0.0002244309,0.0002194823,NaN,NaN,NaN,NaN,NaN,NaN,NaN,NaN,NaN,NaN,NaN,NaN,NaN,NaN,NaN,NaN,NaN,NaN,NaN,NaN,NaN,NaN,NaN,NaN,NaN,-0.0003695928,-0.000869292,-0.0005250974,-0.001697157,-0.01230452,-0.03526431,-0.0575438,-0.07421325,-0.08788119,-0.09793478,-0.1056258,-0.1112254
-0.1288772,-0.1292741,-0.1284449,-0.1266846,-0.1238458,-0.1202022,-0.1156145,-0.1103388,-0.104258,-0.09762748,-0.09035188,-0.08269513,-0.07457753,-0.06627147,-0.05770218,-0.04914524,-0.04052008,-0.03209866,-0.02378575,-0.0158445,-0.008158111,-0.0009793662,0.005834799,0.01204246,0.01781229,0.02291445,0.0275416,0.03147454,0.03492836,0.0376928,0.04000372,0.0416586,0.04291194,0.04356757,0.04389836,0.04371143,0.04329704,0.04246319,0.0415141,0.04025512,0.03899818,0.03754028,0.03619117,0.0347319,0.03345723,0.03212458,0.03100109,0.02981528,0.02880512,0.02766791,0.02663775,0.0253582,0.02412067,0.02244589,0.02069174,0.01833488,0.01572243,0.01265429,0.008990044,0.004457634,0.001251932,0.0002114722,0.0002820173,0.0002207649,0.0002899359,NaN,NaN,NaN,NaN,NaN,NaN,NaN,NaN,NaN,NaN,NaN,NaN,NaN,NaN,NaN,NaN,NaN,NaN,NaN,NaN,NaN,-0.000395904,-0.0007697611,-0.0006357618,-0.0007583931,-0.007076272,-0.02783853,-0.05388108,-0.07472153,-0.09028108,-0.1029938,-0.1126504,-0.1194558,-0.1242702,-0.127284
-0.1379782,-0.1357839,-0.1324077,-0.1281746,-0.1229196,-0.1169501,-0.1100965,-0.1026885,-0.09455999,-0.08606235,-0.07703676,-0.06784827,-0.05834347,-0.04888959,-0.03933292,-0.03003199,-0.02082565,-0.01205523,-0.003546892,0.00438098,0.01191686,0.01876923,0.02514001,0.03076499,0.03585963,0.04018369,0.043965,0.04698503,0.04948188,0.05125641,0.05255506,0.05319561,0.05343189,0.05309687,0.05244908,0.05133596,0.0500178,0.04835372,0.0466027,0.04463029,0.04268955,0.04064426,0.03873535,0.03681404,0.03510252,0.0334279,0.03198961,0.03058447,0.02938792,0.02817567,0.02709178,0.02593107,0.02475845,0.02344867,0.02196298,0.02024808,0.01835796,0.0160655,0.01350014,0.01051634,0.006987737,0.003136386,0.0008786407,0.0002444867,0.0003020427,0.0002625922,0.000305982,NaN,NaN,NaN,NaN,NaN,NaN,NaN,NaN,NaN,NaN,NaN,NaN,NaN,NaN,NaN,NaN,NaN,-0.0004114264,-0.0006393186,-0.000598981,-0.0005698,-0.005353114,-0.02318426,-0.05078984,-0.07519315,-0.09402243,-0.1088868,-0.1199094,-0.128195,-0.1336471,-0.1373895,-0.1388904,-0.1392001
-0.1407671,-0.1357155,-0.1295939,-0.122745,-0.1149906,-0.1066548,-0.09760701,-0.08815274,-0.07820336,-0.06805153,-0.05763575,-0.0472359,-0.03680194,-0.02659798,-0.01657216,-0.006968268,0.002277212,0.01094416,0.01911357,0.02658982,0.03347479,0.03959486,0.04507432,0.04975857,0.05379149,0.05703631,0.05965332,0.06152064,0.06281222,0.0634186,0.06352537,0.06303392,0.06213858,0.06074955,0.05906883,0.0570122,0.05478716,0.05231183,0.04979469,0.04715236,0.04458726,0.04200973,0.03960694,0.03727778,0.03518395,0.03321024,0.03148445,0.0298782,0.02848586,0.02716722,0.0260012,0.02481575,0.02372777,0.02248862,0.02129612,0.01988465,0.01840799,0.01678816,0.01492114,0.01285714,0.01072087,0.008183835,0.005340369,0.002443881,0.0008339995,0.0003283546,0.0003484601,0.0003092071,0.0003409367,0.0002744815,NaN,NaN,NaN,NaN,NaN,NaN,NaN,NaN,NaN,NaN,NaN,-0.0003046359,-0.0002091031,-0.0004765238,-0.0004060988,-0.0007997323,-0.006135058,-0.02353279,-0.05164279,-0.07796817,-0.09911556,-0.1154568,-0.1280909,-0.1377567,-0.1438033,-0.1476787,-0.1494673,-0.1493585,-0.1477867,-0.1448819
-0.1351873,-0.1272305,-0.1184337,-0.1090202,-0.09895421,-0.08848388,-0.07755607,-0.06645565,-0.05511505,-0.04384078,-0.03255022,-0.02155553,-0.01075601,-0.0004566187,0.00946488,0.01871994,0.02745459,0.03540154,0.04273092,0.04919849,0.05499603,0.05990314,0.06412847,0.06747376,0.07016239,0.07201362,0.07326312,0.0737448,0.07370362,0.07298549,0.07184257,0.07013019,0.06810616,0.06563278,0.06297026,0.05998658,0.05694063,0.05370244,0.05052589,0.04727739,0.0442015,0.04115373,0.03836508,0.03567212,0.03328963,0.03102805,0.02908742,0.02724941,0.02570272,0.02420763,0.02293743,0.02166365,0.02050793,0.01931635,0.01813983,0.01688443,0.01565577,0.01420817,0.01286585,0.01134551,0.009763573,0.008164296,0.00660711,0.004924187,0.003293369,0.001678074,0.0007399105,0.0003907784,0.000415768,0.0003707642,0.0004157721,0.0004012425,0.000429221,0.0003574072,0.0003243191,0.0002473792,0.0002491236,0.0002463991,0.0002563903,0.0001505768,-0.000135418,-0.0002006489,-0.0005969365,-0.002877785,-0.01095201,-0.03211837,-0.0597782,-0.08536636,-0.1067838,-0.1243481,-0.1375423,-0.1478858,-0.1546257,-0.1584224,-0.1600167,-0.1595624,-0.1571519,-0.1535786,-0.148432,-0.1423739
-0.1196943,-0.1091159,-0.09792046,-0.08640342,-0.07449482,-0.06246249,-0.05028497,-0.03819464,-0.02620259,-0.01450756,-0.003135347,0.007749108,0.0181194,0.02784445,0.03690694,0.04520953,0.05274883,0.05945944,0.06535357,0.07039443,0.07460982,0.07798602,0.08056585,0.08235392,0.08340427,0.08373767,0.08341596,0.08247289,0.0809752,0.07896697,0.07651787,0.07368054,0.07052439,0.06710818,0.06349932,0.05975891,0.05594984,0.05213189,0.04835874,0.04468532,0.04115005,0.03779991,0.03465152,0.03174225,0.02906089,0.02663707,0.02442759,0.02245936,0.02065901,0.01905442,0.01755644,0.01617821,0.01486363,0.0135693,0.01231382,0.01102489,0.009692109,0.008409162,0.006978494,0.005602701,0.004264847,0.002898675,0.001544563,0.0004745166,-0.0005640614,-0.001361477,-0.001847922,-0.001853042,-0.001422015,-0.0007781411,-0.0004006835,-0.0001956262,-0.0001170021,-7.419793e-05,-0.0001601298,-0.0002830172,-0.0005298983,-0.0008197911,-0.00131236,-0.002089824,-0.004385743,-0.01213872,-0.02987248,-0.05259673,-0.07651168,-0.09837054,-0.1186035,-0.1358792,-0.1484955,-0.158677,-0.1655706,-0.1689904,-0.1699008,-0.1689254,-0.1655973,-0.1608249,-0.1547137,-0.1472932,-0.1389499,-0.1297103
-0.09387839,-0.08125559,-0.06849533,-0.05556865,-0.0427197,-0.02994458,-0.0174483,-0.005252721,0.006474059,0.01770036,0.02829319,0.03822407,0.04739351,0.05578475,0.06332973,0.07002757,0.07583885,0.08077931,0.08483449,0.08803571,0.09038836,0.09193837,0.09270499,0.09274667,0.09209373,0.09081265,0.08894242,0.08655507,0.08369552,0.08043892,0.07683382,0.07295595,0.06885598,0.06460758,0.06025985,0.05588274,0.05152025,0.04723524,0.04306333,0.03905585,0.0352374,0.03164294,0.02828493,0.02517769,0.02232292,0.01971097,0.01733788,0.01516948,0.01320163,0.01138121,0.009701718,0.008117598,0.006586554,0.005126313,0.00362884,0.0021669,0.0006652935,-0.0009227533,-0.0024705,-0.004097709,-0.005803475,-0.007422646,-0.008982839,-0.0105723,-0.01204144,-0.01323223,-0.0141937,-0.01505085,-0.01574491,-0.01617739,-0.0162736,-0.01607911,-0.01563018,-0.01526593,-0.01570672,-0.01788666,-0.02250131,-0.02977856,-0.039088,-0.05013831,-0.06377903,-0.08076732,-0.09830223,-0.1167327,-0.1351732,-0.1492556,-0.1603457,-0.1695275,-0.1757617,-0.178355,-0.1782197,-0.1761789,-0.1719619,-0.1657065,-0.1583311,-0.1496178,-0.1397935,-0.1292905,-0.1179687,-0.10614
-0.05895507,-0.04544314,-0.03201677,-0.01889435,-0.006067431,0.006279768,0.01813219,0.02934927,0.03990576,0.0497005,0.05870993,0.06686828,0.07416168,0.08055563,0.08604956,0.09063588,0.09432806,0.09714113,0.09910118,0.1002411,0.1005981,0.1002169,0.09914509,0.09743493,0.09514056,0.09232035,0.08903202,0.0853373,0.08129538,0.07696921,0.07241734,0.06770217,0.06287874,0.05800676,0.05313605,0.04831989,0.04360102,0.03902347,0.03461963,0.0304223,0.02645013,0.02272407,0.01924599,0.01602643,0.01304816,0.01031571,0.007791007,0.005478733,0.003321471,0.001327507,-0.0005696738,-0.002373157,-0.004117784,-0.005863318,-0.007572819,-0.009353825,-0.01117877,-0.01303239,-0.01505692,-0.01713015,-0.01926396,-0.02156877,-0.02397937,-0.02637023,-0.02881154,-0.03132937,-0.03391875,-0.03652433,-0.03914844,-0.04170024,-0.04418766,-0.04683166,-0.05007594,-0.0542701,-0.05971359,-0.06653492,-0.07479229,-0.08441459,-0.09577754,-0.109341,-0.1247597,-0.1393948,-0.1512374,-0.1616486,-0.1712032,-0.1787277,-0.1832339,-0.1845147,-0.183,-0.179635,-0.1742821,-0.1666991,-0.1577449,-0.147847,-0.1366444,-0.1247391,-0.1123275,-0.0992761,-0.08603381,-0.07252976
-0.01831197,-0.005071261,0.00765342,0.01988809,0.03145315,0.04236608,0.05249643,0.06184976,0.0703389,0.07796775,0.08468571,0.09050202,0.09539682,0.09938862,0.1024825,0.1047066,0.1060861,0.1066582,0.1064633,0.1055455,0.1039557,0.1017445,0.09896767,0.09568089,0.09194294,0.08781108,0.08334529,0.07860249,0.07364209,0.06851889,0.06328963,0.05800467,0.05271703,0.04747056,0.04231167,0.03727675,0.03240287,0.02771715,0.02324586,0.01900461,0.01500866,0.01126012,0.007764669,0.004509396,0.001493874,-0.001311375,-0.003906939,-0.006339745,-0.008605663,-0.01076657,-0.01281622,-0.01481177,-0.01677785,-0.01871805,-0.02072514,-0.02274855,-0.0248746,-0.02715443,-0.02950206,-0.03206749,-0.0348569,-0.0377829,-0.0409198,-0.04436678,-0.04804448,-0.05192607,-0.05604198,-0.06043448,-0.06505322,-0.06992351,-0.07516322,-0.08101317,-0.08767499,-0.09524323,-0.1035455,-0.1123338,-0.1213647,-0.1307371,-0.1407608,-0.1514948,-0.1619264,-0.1708423,-0.1777095,-0.1825278,-0.1849925,-0.1845202,-0.1816314,-0.1769724,-0.1704888,-0.1617715,-0.1514756,-0.1404065,-0.1282792,-0.1151488,-0.101782,-0.08797597,-0.073854,-0.05984051,-0.04575196,-0.03189891
0.02322235,0.03486459,0.04584934,0.0560181,0.0654237,0.07394656,0.08162515,0.08838535,0.09425892,0.09920899,0.1032673,0.1064264,0.108722,0.1101695,0.1108098,0.1106753,0.1098116,0.1082639,0.1060808,0.103316,0.1000207,0.09625193,0.09206347,0.08751263,0.08265325,0.07754221,0.07223127,0.06677502,0.06122182,0.05562251,0.05002063,0.04446205,0.03898322,0.03362386,0.02841273,0.02338088,0.01854881,0.01393768,0.009558536,0.005422657,0.001530568,-0.002114962,-0.005524947,-0.008702319,-0.0116707,-0.01443406,-0.01703055,-0.01945985,-0.02177537,-0.02397015,-0.02610729,-0.02818744,-0.03024959,-0.03234797,-0.03445718,-0.03668897,-0.03901754,-0.04146373,-0.04416383,-0.04702973,-0.05011722,-0.05355392,-0.0573049,-0.06131941,-0.06570166,-0.07049932,-0.07569856,-0.08126352,-0.08722793,-0.09360152,-0.1004176,-0.1076956,-0.1154279,-0.1234658,-0.1316281,-0.1396931,-0.1475636,-0.1551711,-0.1624226,-0.1688902,-0.1739675,-0.1768483,-0.1771678,-0.1752176,-0.1713646,-0.1659122,-0.1585424,-0.1490576,-0.1379669,-0.1261592,-0.1135563,-0.09987675,-0.0858454,-0.07181693,-0.05741151,-0.04313735,-0.02915755,-0.01530392,-0.001982649,0.01091216
0.06011327,0.06927848,0.07755435,0.08501522,0.09155025,0.09723032,0.1019901,0.1058886,0.1088977,0.1110704,0.1124071,0.1129587,0.1127463,0.111821,0.1102187,0.1079909,0.1051837,0.1018482,0.09803693,0.09380005,0.08919283,0.0842647,0.07906957,0.07365619,0.06807595,0.06237436,0.05659959,0.05079286,0.04499801,0.03925106,0.03359026,0.02804503,0.02264787,0.01742047,0.01238805,0.007565001,0.002967912,-0.001396338,-0.005519678,-0.009403219,-0.01304624,-0.01645841,-0.01964413,-0.02262244,-0.02539941,-0.02800528,-0.03044286,-0.03275593,-0.0349404,-0.03705384,-0.03908791,-0.04109958,-0.0431068,-0.045121,-0.04722684,-0.04938105,-0.051679,-0.05416063,-0.05676883,-0.05965616,-0.06282736,-0.06622729,-0.06995096,-0.07408965,-0.07858352,-0.08341833,-0.0886204,-0.0942136,-0.1001494,-0.1064061,-0.1129416,-0.1196903,-0.126503,-0.1332047,-0.1395386,-0.1452798,-0.1501961,-0.1541275,-0.1568589,-0.1581562,-0.1576653,-0.1553445,-0.1512991,-0.1454421,-0.1376602,-0.1279039,-0.1168119,-0.1050349,-0.09258217,-0.07909698,-0.0651105,-0.05132549,-0.03742719,-0.02341507,-0.009952234,0.003194032,0.01595368,0.0279652,0.03945321,0.05015991
0.0877593,0.09386826,0.09915571,0.1035299,0.107091,0.1097778,0.1116739,0.1127545,0.1130911,0.1126861,0.1116033,0.1098647,0.1075289,0.1046309,0.1012258,0.09735701,0.09307612,0.08843132,0.08347057,0.07824396,0.07279599,0.06717533,0.06142422,0.05558731,0.04970343,0.04381348,0.03795157,0.03215393,0.02644935,0.02086871,0.01543506,0.01017373,0.005100716,0.0002356483,-0.004412055,-0.008829699,-0.01301377,-0.01695866,-0.02066674,-0.02413857,-0.02738266,-0.03040404,-0.03321797,-0.03583143,-0.03826784,-0.04053236,-0.04265946,-0.04464834,-0.04654673,-0.04834586,-0.05010399,-0.05181678,-0.05352382,-0.05526784,-0.05702848,-0.05890816,-0.06087359,-0.06295618,-0.06526844,-0.06772541,-0.07038826,-0.07335996,-0.0765925,-0.08004119,-0.08378693,-0.08784546,-0.09217287,-0.09670622,-0.1014206,-0.1062343,-0.1110436,-0.1157033,-0.1200633,-0.1239198,-0.1271014,-0.1294212,-0.1307437,-0.1308952,-0.1297209,-0.1270335,-0.1227821,-0.1168055,-0.109044,-0.09980772,-0.08952775,-0.07863137,-0.0669445,-0.05429172,-0.04111338,-0.02817735,-0.01536808,-0.002361514,0.0102241,0.02212284,0.03374327,0.04465983,0.05477843,0.06430972,0.07291991,0.08077104
0.1033828,0.1064925,0.1087613,0.1102998,0.1110466,0.1111056,0.1104499,0.1091658,0.1072535,0.1047859,0.1017819,0.09830499,0.0943861,0.09008138,0.08542895,0.08047902,0.07527351,0.06985697,0.0642727,0.05855978,0.05276047,0.04690984,0.04104602,0.03520089,0.02940815,0.02369491,0.01809051,0.01261712,0.007299304,0.002154033,-0.00279927,-0.007549213,-0.01208086,-0.01638877,-0.02046312,-0.02430318,-0.0279048,-0.03127146,-0.03440411,-0.03731046,-0.03999534,-0.04247117,-0.04474482,-0.04683456,-0.04874664,-0.05050746,-0.05211871,-0.05361808,-0.05499935,-0.0563131,-0.0575465,-0.05875196,-0.05993671,-0.06111182,-0.06234544,-0.06359079,-0.06493455,-0.06639165,-0.06790776,-0.06961173,-0.07147899,-0.07344701,-0.07558832,-0.07794964,-0.08044433,-0.08302972,-0.08569375,-0.08840884,-0.09108021,-0.09362642,-0.09594386,-0.09791759,-0.09939335,-0.1002321,-0.1002551,-0.09931856,-0.09726761,-0.09402046,-0.08951598,-0.08377521,-0.07678173,-0.06873774,-0.05988758,-0.05022413,-0.03968828,-0.02826343,-0.016517,-0.005019778,0.006277573,0.01776399,0.02901412,0.03944274,0.04941866,0.05899654,0.06762032,0.0755754,0.08284525,0.08914958,0.09475826,0.09947392
0.1067318,0.1071654,0.1069627,0.1060719,0.1046124,0.1025509,0.09998599,0.09691062,0.09340532,0.08948161,0.08520631,0.08060318,0.07572851,0.07061298,0.06530453,0.05983748,0.05425261,0.0485854,0.04287009,0.0371416,0.03142859,0.02576305,0.02017006,0.01467678,0.009304383,0.004076093,-0.0009914425,-0.005879185,-0.01057503,-0.01506416,-0.01933877,-0.02338795,-0.02720883,-0.03079395,-0.03414451,-0.03725728,-0.04013653,-0.04278321,-0.04520445,-0.04740458,-0.04939389,-0.05117874,-0.05277345,-0.05418458,-0.05543214,-0.0565197,-0.05747619,-0.0582984,-0.05902677,-0.05964876,-0.06021483,-0.06071267,-0.06117689,-0.06163413,-0.06206124,-0.06254181,-0.06302751,-0.06354409,-0.06417002,-0.06480765,-0.06550356,-0.06632172,-0.06718617,-0.06803774,-0.06892366,-0.06982429,-0.07066806,-0.07137386,-0.07189436,-0.07213821,-0.0720077,-0.07138933,-0.07018897,-0.06829291,-0.06563496,-0.06214698,-0.05781388,-0.05260418,-0.04652421,-0.03957007,-0.03184542,-0.02332467,-0.01401176,-0.004210813,0.005688867,0.01533111,0.02492606,0.03470632,0.04432375,0.05314069,0.0613453,0.0693111,0.07651822,0.08279505,0.08858383,0.0935348,0.09762377,0.1010949,0.1036789,0.1055795
0.09957878,0.09802176,0.09590009,0.09333112,0.09027249,0.08683197,0.08299197,0.07883893,0.07437454,0.06966808,0.06473394,0.0596281,0.05437263,0.04901322,0.04357582,0.03809775,0.03260651,0.02713219,0.02170225,0.01634048,0.01107273,0.005918233,0.0008988844,-0.003969053,-0.008667643,-0.01318461,-0.01750538,-0.02162146,-0.02552161,-0.02920089,-0.03265149,-0.03587205,-0.03885724,-0.04160945,-0.04412613,-0.04641213,-0.0484683,-0.05030141,-0.05191527,-0.05331872,-0.05451761,-0.05552351,-0.05634289,-0.05699126,-0.05747356,-0.05781152,-0.05800478,-0.05808454,-0.05804162,-0.05791858,-0.05769726,-0.05742215,-0.05708892,-0.05670458,-0.05631831,-0.05587703,-0.05545318,-0.05503708,-0.05457201,-0.05415994,-0.0537508,-0.05327587,-0.05278837,-0.052305,-0.05172783,-0.05100852,-0.05012906,-0.04905941,-0.04772049,-0.04605855,-0.04401268,-0.04152913,-0.03853701,-0.03499425,-0.03083681,-0.02603696,-0.02056044,-0.01443735,-0.007714777,-0.0005004242,0.007149317,0.01501008,0.0228474,0.03069441,0.03865559,0.04680048,0.05466384,0.06178149,0.0682869,0.07461748,0.08043601,0.08526289,0.08951757,0.09329657,0.09613144,0.09834719,0.09996094,0.1007533,0.1010148,0.1005846
0.08511474,0.08221643,0.07897094,0.07533804,0.07143205,0.06722315,0.06280296,0.05816144,0.05337006,0.04843285,0.0434056,0.03830106,0.03316306,0.02800929,0.02287421,0.01777772,0.01274656,0.0078013,0.00296207,-0.001751028,-0.006323146,-0.01073655,-0.01497936,-0.01903771,-0.02290259,-0.02656287,-0.03001282,-0.03324405,-0.03625383,-0.03903637,-0.04159155,-0.04391587,-0.04601235,-0.04787918,-0.04952176,-0.05094075,-0.05214303,-0.05313187,-0.05391547,-0.05449915,-0.05489286,-0.05510292,-0.05514191,-0.05501542,-0.05474022,-0.05431844,-0.05377395,-0.05310149,-0.05233475,-0.05145791,-0.05051402,-0.04948314,-0.04839485,-0.0472622,-0.04605945,-0.04485377,-0.04358682,-0.04228036,-0.04098837,-0.03960872,-0.03818275,-0.03675362,-0.03523824,-0.03358376,-0.03183337,-0.02996845,-0.0279309,-0.02566579,-0.02315543,-0.0203527,-0.0172159,-0.01370127,-0.009791302,-0.005459499,-0.0007259507,0.004392767,0.009838396,0.01557662,0.02155322,0.02773801,0.03402346,0.04043932,0.04700908,0.05348664,0.05955857,0.06496133,0.06996779,0.07486878,0.07939123,0.08300012,0.08594368,0.08862484,0.09059224,0.09174036,0.09252349,0.09263703,0.09209841,0.09115826,0.08958224,0.08758561
0.06685839,0.06332254,0.0594995,0.05549489,0.05126648,0.04691011,0.04240281,0.03781877,0.03315064,0.02845502,0.023735,0.01903348,0.01435994,0.009746949,0.00520732,0.0007654394,-0.003564374,-0.007764434,-0.01182001,-0.01571903,-0.01944757,-0.02299723,-0.02635696,-0.02952032,-0.03247903,-0.03522939,-0.03776525,-0.04008538,-0.04218562,-0.04406701,-0.0457275,-0.04717037,-0.04839478,-0.04940654,-0.05020639,-0.05080148,-0.05119478,-0.05139432,-0.05140507,-0.05123611,-0.05089367,-0.05038852,-0.04972685,-0.04892212,-0.04797843,-0.04691414,-0.04572762,-0.0444451,-0.04305561,-0.0415954,-0.04004302,-0.0384372,-0.03676592,-0.03503451,-0.03327901,-0.03144578,-0.02959895,-0.02771642,-0.02574724,-0.0237809,-0.02176023,-0.01962656,-0.01743397,-0.01519586,-0.01282884,-0.01030513,-0.007628531,-0.00479473,-0.001763287,0.001475913,0.004933994,0.008610995,0.01251866,0.01664282,0.02099206,0.02554765,0.03030496,0.03521136,0.04020971,0.04520109,0.0501448,0.0548592,0.05916526,0.06315108,0.06697676,0.07076019,0.07411363,0.07665487,0.07857766,0.08034288,0.08166429,0.08213203,0.082187,0.08193719,0.08096609,0.07960893,0.07788839,0.07561509,0.07307408,0.07011536
0.0480631,0.0443745,0.04056459,0.0365915,0.03255444,0.02841751,0.02425837,0.02005791,0.01587446,0.01170126,0.007581538,0.003516621,-0.0004616708,-0.004347269,-0.008117045,-0.01176239,-0.01526704,-0.01862115,-0.02181417,-0.02483592,-0.02768019,-0.0303381,-0.03280552,-0.03507635,-0.03714831,-0.039017,-0.04068236,-0.04214172,-0.043397,-0.04444716,-0.04529582,-0.04594328,-0.04639535,-0.04665324,-0.04672438,-0.04661159,-0.04632305,-0.04586344,-0.04524152,-0.04446339,-0.04353876,-0.04247413,-0.04128092,-0.03996446,-0.03853925,-0.0370068,-0.03538747,-0.03367515,-0.03189874,-0.03004117,-0.02814029,-0.02617327,-0.02416717,-0.02212714,-0.02002965,-0.01793258,-0.01577668,-0.01358666,-0.01140497,-0.009138112,-0.00683281,-0.004527101,-0.00214738,0.000340254,0.0028819,0.005481706,0.008174444,0.01098542,0.01390383,0.0169438,0.02011121,0.02341298,0.02683293,0.03036508,0.03396606,0.0376022,0.04121038,0.04475917,0.04820964,0.05155329,0.05472039,0.05777624,0.06078301,0.06354689,0.06581405,0.06738961,0.06858629,0.06972148,0.07056083,0.07063277,0.07021367,0.06970494,0.06868897,0.0670933,0.06535862,0.06319767,0.06064226,0.05792772,0.05483275,0.0515641
0.03112094,0.02769758,0.02416722,0.02061916,0.01700558,0.0134077,0.00979448,0.006227041,0.002688708,-0.000775811,-0.004173225,-0.007471351,-0.01067055,-0.01374803,-0.01670041,-0.01951207,-0.02217754,-0.02468695,-0.02703368,-0.02921257,-0.03121692,-0.03304447,-0.03469042,-0.03615368,-0.0374314,-0.03852443,-0.03943123,-0.04015434,-0.04069352,-0.04105289,-0.0412336,-0.04124133,-0.04107787,-0.04075075,-0.04026274,-0.03962221,-0.0388335,-0.03790529,-0.03684335,-0.03565678,-0.03435206,-0.03293923,-0.03142428,-0.02981916,-0.02812748,-0.02636502,-0.0245296,-0.02264384,-0.02069624,-0.01871875,-0.01668898,-0.01464283,-0.01256454,-0.01046053,-0.008359793,-0.006212856,-0.004081017,-0.001938495,0.0002549035,0.00241387,0.00459351,0.006837636,0.009085764,0.01132106,0.01361048,0.01596336,0.01835961,0.02078733,0.02326527,0.0257832,0.02833284,0.03089732,0.03347297,0.0360368,0.03859167,0.0411209,0.04362662,0.04607223,0.04842187,0.05060694,0.05261611,0.05430885,0.05555393,0.05647807,0.05727337,0.05807839,0.05854699,0.05834543,0.05769533,0.05705272,0.05614977,0.05461503,0.05288561,0.0510589,0.04874456,0.04626901,0.04364352,0.04069023,0.03767587,0.03444896
0.01751854,0.01454504,0.01157254,0.008554911,0.005576458,0.002594884,-0.0003247827,-0.003209256,-0.006011174,-0.008745371,-0.01137817,-0.01391626,-0.01633626,-0.01863978,-0.02081108,-0.02284867,-0.02474278,-0.02649008,-0.02808565,-0.02952512,-0.03080718,-0.03192803,-0.03288781,-0.03368475,-0.03432023,-0.03479356,-0.03510772,-0.03526319,-0.03526438,-0.03511281,-0.03481404,-0.03437045,-0.03378927,-0.03307325,-0.03223071,-0.03126553,-0.0301863,-0.02899818,-0.02770985,-0.02632737,-0.02485972,-0.02331296,-0.02169708,-0.02001675,-0.01828428,-0.0165004,-0.0146825,-0.01282385,-0.01094967,-0.009042556,-0.007136742,-0.005208374,-0.003283537,-0.001363091,0.000572693,0.002471507,0.004389859,0.006298838,0.008162137,0.01006345,0.01195044,0.01378747,0.01563936,0.01752611,0.01938849,0.02122391,0.02305604,0.02489748,0.02672886,0.02855498,0.03037387,0.03218618,0.03397407,0.03573181,0.03742229,0.03902169,0.04048345,0.04179497,0.04294094,0.04393703,0.04474523,0.04545494,0.04614879,0.04666101,0.04677048,0.04632182,0.04564123,0.0450452,0.0443109,0.04300238,0.0414017,0.03988988,0.03806288,0.03586255,0.03370402,0.03130401,0.02869598,0.02609297,0.02327759,0.0204421
0.007765324,0.005370457,0.002952073,0.000585189,-0.001782472,-0.004081677,-0.006349296,-0.008534187,-0.01065942,-0.0126887,-0.01463519,-0.01647391,-0.01821139,-0.01983103,-0.02133516,-0.02271349,-0.02396576,-0.02508666,-0.02607423,-0.02692715,-0.02764284,-0.02822232,-0.02866425,-0.02897036,-0.0291407,-0.02917841,-0.02908435,-0.02886288,-0.02851569,-0.0280482,-0.02746303,-0.02676667,-0.02596196,-0.02505673,-0.02405431,-0.02296292,-0.02178696,-0.02053451,-0.01921089,-0.01782413,-0.01637983,-0.01488643,-0.01334876,-0.01177661,-0.01017235,-0.008548964,-0.006903251,-0.0052544,-0.00359034,-0.001939284,-0.000278447,0.001359007,0.002990881,0.004609535,0.006191057,0.007780613,0.009319336,0.01083484,0.0123588,0.01381062,0.0152437,0.01669174,0.01809291,0.01943157,0.02076688,0.02210093,0.02340992,0.02467978,0.02592459,0.02713189,0.0282932,0.02939389,0.03043375,0.03139748,0.03229637,0.03312589,0.03390095,0.03460143,0.03520877,0.03567508,0.03600549,0.03608284,0.03580336,0.03531124,0.03480815,0.03443149,0.03385282,0.03276477,0.03139724,0.03018641,0.0288671,0.0270902,0.02527842,0.02351102,0.02141305,0.01929597,0.01715619,0.01482158,0.01253872,0.01015268
0.001689015,-0.0001658935,-0.001977047,-0.003793434,-0.005542035,-0.007269145,-0.00891886,-0.01052262,-0.01204054,-0.01349237,-0.01485063,-0.01612683,-0.01730276,-0.01838451,-0.01936067,-0.02023387,-0.02099794,-0.02165319,-0.02219765,-0.02263018,-0.02295186,-0.02316158,-0.02326145,-0.02325185,-0.0231357,-0.02291398,-0.02259078,-0.02216779,-0.02165007,-0.02103992,-0.02034311,-0.01956238,-0.01870469,-0.01777274,-0.01677414,-0.01571225,-0.01459454,-0.01342524,-0.01221149,-0.01095803,-0.009671931,-0.008357658,-0.007022897,-0.005670578,-0.004310288,-0.002941221,-0.001577522,-0.0002113594,0.00113565,0.002481537,0.003795505,0.005102471,0.006377513,0.007623198,0.008856633,0.01003058,0.01119944,0.01233243,0.01339922,0.01447683,0.01551135,0.01647196,0.0174196,0.01836802,0.01925941,0.02009206,0.02088777,0.02165707,0.02238221,0.02306947,0.02371923,0.0243355,0.02490625,0.02543169,0.02588409,0.02624962,0.02649459,0.02661902,0.02662166,0.02653035,0.02632317,0.02609906,0.02594393,0.02570262,0.02516892,0.02420831,0.02314634,0.02228605,0.02140432,0.02008692,0.01861285,0.01733818,0.01586566,0.01414439,0.01256368,0.01084113,0.009009399,0.007260994,0.005381215,0.003549018
-0.001405077,-0.002757318,-0.004111449,-0.005402803,-0.006685826,-0.007899668,-0.009084317,-0.01019529,-0.01125916,-0.012245,-0.01316951,-0.01401202,-0.01478246,-0.01546769,-0.01607316,-0.01659138,-0.0170248,-0.0173703,-0.01762826,-0.01779906,-0.017882,-0.01787934,-0.01779119,-0.01762012,-0.01736716,-0.01703589,-0.01662775,-0.01614711,-0.01559581,-0.01497891,-0.01429878,-0.01356116,-0.01276824,-0.0119267,-0.01103887,-0.01011145,-0.009147446,-0.008153141,-0.007132138,-0.00609035,-0.005031492,-0.003961585,-0.002883498,-0.001804298,-0.0007244994,0.000345916,0.001411664,0.002456872,0.003494601,0.004500127,0.005496906,0.006454417,0.007392318,0.008302696,0.009166116,0.01002485,0.01082322,0.01159088,0.01235441,0.01303863,0.01369717,0.01435845,0.01496284,0.01549866,0.01602233,0.01653433,0.01701232,0.01744474,0.0178462,0.01820677,0.01852122,0.01877963,0.01898633,0.01913271,0.01923633,0.01930017,0.01934559,0.01936051,0.01933383,0.0192266,0.01904871,0.01869342,0.01807079,0.01733028,0.01667182,0.01622278,0.01566188,0.01469801,0.01356172,0.01266666,0.01174603,0.01046701,0.009236977,0.008118184,0.006748002,0.005424082,0.004130588,0.002700509,0.001363745,-3.631091e-05
-0.002376092,-0.003353324,-0.004286421,-0.005225153,-0.006104232,-0.006971587,-0.007777267,-0.008554938,-0.009269323,-0.009942611,-0.01055091,-0.01110811,-0.01159877,-0.01203119,-0.01239608,-0.01269797,-0.01293223,-0.01310079,-0.01320271,-0.01323808,-0.01320862,-0.01311402,-0.0129567,-0.01273743,-0.01245904,-0.01212256,-0.01173163,-0.01128759,-0.01079471,-0.01025463,-0.009671967,-0.009048501,-0.008389691,-0.007696977,-0.006976215,-0.0062292,-0.005461415,-0.004675276,-0.00387575,-0.003065603,-0.002249564,-0.00143007,-0.000612299,0.0002027548,0.001008193,0.00180646,0.00258633,0.003356798,0.004099386,0.004832753,0.005529144,0.006214221,0.006864504,0.007485374,0.00809226,0.00864247,0.009188985,0.009700646,0.01015251,0.01061707,0.01104096,0.01139848,0.01174872,0.01210238,0.01240481,0.01265671,0.01288009,0.01308555,0.01325803,0.01340591,0.01353185,0.01364232,0.01372895,0.01379494,0.01381737,0.01378686,0.01367579,0.0134893,0.01323177,0.01293488,0.01258344,0.01227748,0.01209887,0.0118951,0.01146715,0.0106931,0.009893361,0.009355288,0.008852939,0.007988376,0.00703603,0.006329712,0.005477943,0.004435541,0.003570302,0.002601741,0.001562382,0.0006287239,-0.000410086,-0.001385122
-0.002109929,-0.002788183,-0.003473666,-0.00410859,-0.004747677,-0.005335466,-0.005912994,-0.00643982,-0.006943935,-0.007397422,-0.007818493,-0.008188722,-0.008519431,-0.008799093,-0.009034383,-0.009218857,-0.009355948,-0.009443128,-0.00948148,-0.009471555,-0.009413039,-0.009308058,-0.009156715,-0.008961163,-0.008722109,-0.008442402,-0.00812285,-0.007766812,-0.007375222,-0.006951865,-0.006497946,-0.006017652,-0.005511825,-0.004985379,-0.004439071,-0.003877693,-0.00330251,-0.002717777,-0.002125248,-0.001528727,-0.0009300436,-0.0003330412,0.0002612067,0.0008478872,0.001428062,0.001994136,0.002551998,0.003088337,0.003616872,0.004115565,0.004608172,0.005066317,0.005510908,0.005933892,0.006319288,0.006707074,0.007044485,0.007362608,0.007684469,0.007939856,0.008182637,0.008437539,0.008647476,0.00880421,0.008962361,0.0091216,0.009261075,0.009371186,0.009466738,0.009539124,0.009584871,0.009596328,0.00957971,0.00952947,0.009465192,0.009392526,0.009334381,0.009281041,0.00922319,0.009124856,0.00899586,0.008733616,0.008256134,0.007713405,0.007300477,0.007133789,0.006896022,0.006308297,0.005600135,0.005165748,0.004737112,0.003995117,0.003334455,0.002804461,0.002053753,0.001369427,0.0007271273,-3.460321e-05,-0.0006982439,-0.001419965
-0.001291607,-0.001786712,-0.002250171,-0.002731158,-0.003169309,-0.003612621,-0.004014731,-0.004409891,-0.004765411,-0.005104273,-0.005404402,-0.005680517,-0.005918381,-0.006127011,-0.006297836,-0.006435926,-0.006536951,-0.006603159,-0.006633554,-0.006628316,-0.006588785,-0.006514471,-0.006407184,-0.006267218,-0.00609656,-0.005895534,-0.005666701,-0.005410494,-0.005129911,-0.004825468,-0.004500341,-0.004155035,-0.003793405,-0.003415498,-0.00302546,-0.00262359,-0.002213608,-0.001796357,-0.001375025,-0.000950795,-0.0005265947,-0.000103356,0.0003155526,0.0007304669,0.001136351,0.00153668,0.001922203,0.002302515,0.002661261,0.003017236,0.003344761,0.003669763,0.003969686,0.004251664,0.004529687,0.00476441,0.00500735,0.005227183,0.005402846,0.005603278,0.005775707,0.005898075,0.006027741,0.006173044,0.006281695,0.006355829,0.006417139,0.006475739,0.006517871,0.006552427,0.006582706,0.006615578,0.006643835,0.006671116,0.00667597,0.006650192,0.006568471,0.006437448,0.006263389,0.00607858,0.005870783,0.005738379,0.005757825,0.005777084,0.005601855,0.005119388,0.004644888,0.004452258,0.004313538,0.003844463,0.003315839,0.003043989,0.002643431,0.002074435,0.00168838,0.001207951,0.0006665812,0.0002292348,-0.0003103133,-0.0007900482
-0.0004167357,-0.000773353,-0.001146696,-0.001483346,-0.001837269,-0.002156304,-0.002481391,-0.002774399,-0.003063568,-0.003322549,-0.003569922,-0.003788264,-0.003989254,-0.004161916,-0.004313166,-0.004436737,-0.00453618,-0.004608816,-0.004655681,-0.004676898,-0.004671908,-0.004642218,-0.004587451,-0.004508978,-0.004406839,-0.004282929,-0.004137225,-0.00397199,-0.003787195,-0.003585398,-0.00336673,-0.003134046,-0.002887052,-0.002629247,-0.002360196,-0.002083258,-0.001798464,-0.001508645,-0.001214322,-0.0009178949,-0.000620016,-0.0003231478,-2.731373e-05,0.000264055,0.0005528555,0.0008329382,0.001110687,0.001374364,0.001637767,0.001880557,0.00212627,0.002347908,0.002566837,0.002774635,0.002957583,0.003153562,0.003311871,0.003464213,0.003630718,0.003744836,0.003860021,0.003997937,0.004103272,0.004169923,0.004250587,0.004343872,0.00442951,0.004498675,0.004565537,0.004621616,0.0046638,0.004685067,0.004691885,0.004679762,0.004668424,0.004664127,0.004689469,0.004735089,0.004791658,0.004824203,0.004841309,0.004742751,0.004452056,0.004118824,0.003933494,0.004003571,0.004015107,0.003699346,0.003285028,0.003151332,0.003030265,0.00261452,0.002289286,0.002094907,0.001690098,0.001354422,0.001058131,0.000645275,0.0003245967,-5.841181e-05
0.000274004,-1.297604e-05,-0.0002782132,-0.0005697223,-0.0008302658,-0.001107226,-0.001356421,-0.001611939,-0.001842557,-0.002071316,-0.002277068,-0.002474659,-0.002650369,-0.002813308,-0.002955084,-0.003080786,-0.00318599,-0.003272853,-0.003340046,-0.003387534,-0.003416143,-0.003425007,-0.003415302,-0.003386782,-0.003340683,-0.003276673,-0.00319645,-0.003099696,-0.002988454,-0.00286241,-0.002723721,-0.002572015,-0.002410069,-0.002237031,-0.002055953,-0.001866213,-0.001670458,-0.001468608,-0.00126281,-0.001053364,-0.0008421931,-0.0006294303,-0.0004174553,-0.0002052798,3.064148e-06,0.0002114672,0.0004117737,0.0006136688,0.000802031,0.0009953961,0.00116935,0.001349586,0.001513961,0.00167058,0.001832068,0.001961343,0.002108407,0.002241699,0.002342696,0.00247722,0.002592806,0.002669815,0.002763815,0.00288111,0.002970819,0.00303571,0.003096705,0.00316308,0.0032215,0.003280689,0.003343728,0.00341715,0.003493871,0.003577117,0.003645863,0.003692094,0.003691545,0.003651388,0.003578698,0.003505703,0.003421878,0.003423965,0.003583868,0.003749988,0.003731894,0.003424094,0.003137821,0.003136818,0.00319236,0.002931502,0.002622663,0.002569365,0.002391861,0.002055314,0.001899187,0.001649725,0.001341755,0.001132239,0.0008194475,0.0005607601
0.000677516,0.0004557591,0.0002124574,-1.76797e-06,-0.0002399521,-0.000452031,-0.0006785394,-0.0008827699,-0.001092858,-0.001283374,-0.001472935,-0.001644653,-0.001810276,-0.001959065,-0.002097974,-0.00222074,-0.002330883,-0.002425527,-0.002505595,-0.00257085,-0.002620524,-0.002655647,-0.002675509,-0.002680924,-0.002671498,-0.002648485,-0.002611355,-0.002561658,-0.002498799,-0.00242458,-0.002338518,-0.002242671,-0.002136123,-0.002021552,-0.001897887,-0.001767678,-0.001630318,-0.001487856,-0.001340193,-0.001188983,-0.001034309,-0.0008779118,-0.0007193353,-0.0005612857,-0.0004015455,-0.0002454886,-8.664437e-05,6.413427e-05,0.0002204389,0.0003629374,0.000514752,0.0006496462,0.0007890305,0.0009240879,0.001042473,0.001180328,0.001288318,0.001398277,0.001528097,0.001613637,0.001707704,0.001829639,0.001925247,0.001989682,0.002073904,0.002175537,0.002274467,0.002362143,0.002451952,0.002535276,0.00260892,0.002666054,0.002713007,0.002745753,0.002783875,0.002833818,0.002917681,0.003026159,0.003149761,0.003254115,0.003346847,0.003329663,0.003130327,0.002898231,0.002820406,0.002997954,0.003120016,0.002926,0.002644306,0.002643246,0.002655644,0.002383686,0.002205794,0.002156337,0.00190228,0.001717973,0.001570366,0.001308183,0.001134079,0.0008954164
0.0008288096,0.000639025,0.0004670411,0.0002658244,9.052551e-05,-0.0001056714,-0.0002800439,-0.0004664723,-0.0006347211,-0.0008078157,-0.0009652459,-0.001121923,-0.001264491,-0.001402133,-0.001526615,-0.001643069,-0.001747049,-0.0018407,-0.001922527,-0.001992421,-0.002050929,-0.002097019,-0.002131525,-0.002153941,-0.002165092,-0.002164321,-0.002152862,-0.002130015,-0.00209731,-0.002054014,-0.00200174,-0.001939676,-0.001870021,-0.00179148,-0.00170652,-0.001614064,-0.00151619,-0.001412368,-0.001304197,-0.001191547,-0.001075821,-0.0009567707,-0.0008362572,-0.0007130064,-0.0005905088,-0.0004647461,-0.0003432515,-0.0002164333,-9.867684e-05,2.8214e-05,0.0001406047,0.0002638551,0.0003760432,0.0004857924,0.0006046775,0.0006970931,0.0008118054,0.0009170485,0.0009959131,0.001111855,0.001212615,0.001280114,0.001368474,0.001482491,0.001572201,0.001640675,0.00170817,0.001783282,0.001852882,0.001925492,0.002003951,0.002094488,0.002190039,0.002293492,0.002384134,0.002454098,0.002479906,0.002469172,0.002429628,0.002393552,0.002351742,0.002399891,0.002606776,0.002821444,0.002856653,0.002612424,0.002397308,0.00246799,0.002595737,0.002416214,0.002196353,0.002230827,0.002144592,0.0019066,0.001848072,0.001698294,0.001493346,0.001384774,0.001174417,0.001016508
0.000779401,0.0006383949,0.0004755032,0.000339423,0.0001777378,3.902387e-05,-0.0001170137,-0.0002547234,-0.0004022265,-0.0005348272,-0.0006712431,-0.0007950738,-0.0009182018,-0.001030185,-0.001138108,-0.001235847,-0.001327007,-0.001408725,-0.001481963,-0.001546387,-0.001601202,-0.001647267,-0.001683761,-0.001711277,-0.001729244,-0.001738631,-0.001738682,-0.001730615,-0.001713567,-0.001688969,-0.001656039,-0.001616432,-0.001568916,-0.001515745,-0.001455519,-0.001390363,-0.001319325,-0.001244043,-0.001164074,-0.001080672,-0.000993602,-0.0009042049,-0.0008117619,-0.0007185712,-0.000622241,-0.0005276929,-0.000428434,-0.0003347833,-0.0002333234,-0.0001427632,-4.031394e-05,4.829038e-05,0.0001444547,0.0002390605,0.0003206403,0.0004241111,0.0005010574,0.0005832873,0.0006871939,0.0007502452,0.0008247397,0.0009284175,0.001007861,0.001058987,0.001131575,0.001222574,0.001312005,0.001391482,0.001473905,0.001550585,0.001618342,0.001670523,0.001713464,0.001743534,0.001780333,0.001830533,0.001916043,0.002027722,0.002156147,0.002267521,0.00236905,0.002363984,0.002183236,0.001976204,0.001927765,0.002134894,0.002289202,0.002135953,0.001903454,0.001952785,0.002017692,0.001807055,0.001694784,0.001711425,0.001529785,0.001420705,0.001349115,0.001167006,0.001072954,0.0009156992
0.0006170936,0.0005057475,0.0004120247,0.0002893408,0.0001914001,7.157121e-05,-2.849411e-05,-0.0001427232,-0.0002416644,-0.0003485159,-0.0004433313,-0.000541244,-0.0006292906,-0.0007168804,-0.0007960323,-0.0008720702,-0.0009406823,-0.001004165,-0.001061052,-0.001111332,-0.001155499,-0.001192549,-0.001223205,-0.001246917,-0.001264343,-0.00127473,-0.001279089,-0.001276576,-0.001268455,-0.001253807,-0.001233944,-0.001207839,-0.001177356,-0.001140966,-0.001100784,-0.001055477,-0.001006769,-0.0009538615,-0.0008980032,-0.0008387962,-0.0007772897,-0.0007129952,-0.0006474191,-0.0005790959,-0.0005111394,-0.0004394303,-0.0003710765,-0.0002965221,-0.0002296583,-0.0001524844,-8.811801e-05,-1.138649e-05,5.598987e-05,0.0001229354,0.0002004167,0.0002537412,0.0003309082,0.0004000546,0.0004452561,0.0005285185,0.0005977818,0.0006358837,0.0006960547,0.0007821885,0.0008449507,0.0008876119,0.0009300745,0.0009805647,0.001026174,0.001075352,0.001130915,0.001198994,0.001272684,0.001354802,0.001424982,0.001475609,0.001483891,0.001457896,0.001405967,0.001360608,0.001313657,0.001360283,0.001567515,0.001785022,0.001827819,0.001599561,0.001407227,0.001503174,0.001658902,0.001515636,0.001339413,0.001419415,0.001383707,0.001203604,0.001205163,0.00111963,0.0009838127,0.0009458127,0.0008096825,0.0007275594
0.0003847453,0.0003244703,0.0002437644,0.000190033,0.0001109605,5.406037e-05,-2.106831e-05,-7.959875e-05,-0.0001498761,-0.0002078448,-0.0002724945,-0.0003279142,-0.0003862617,-0.0004374632,-0.0004888515,-0.0005345557,-0.0005783899,-0.0006176465,-0.0006534436,-0.000685517,-0.0007131659,-0.0007372521,-0.0007569763,-0.0007728789,-0.0007843486,-0.000792246,-0.0007957187,-0.0007958253,-0.0007915614,-0.0007841557,-0.0007726423,-0.0007584363,-0.0007400954,-0.0007196007,-0.0006953167,-0.0006690784,-0.0006396801,-0.0006084602,-0.0005747123,-0.0005393882,-0.000501987,-0.0004635475,-0.0004231122,-0.0003826699,-0.0003396362,-0.0002985985,-0.0002529603,-0.0002126656,-0.000164309,-0.0001261822,-7.561082e-05,-3.798359e-05,8.166069e-06,5.361151e-05,8.740769e-05,0.0001438424,0.0001750519,0.0002128403,0.0002728262,0.0002933951,0.0003265824,0.0003892765,0.0004285291,0.0004406926,0.0004749391,0.000527903,0.0005797453,0.0006222324,0.0006680869,0.0007086677,0.0007409306,0.0007584382,0.0007676836,0.0007654089,0.0007713879,0.0007925848,0.0008509973,0.0009377637,0.001043705,0.001135546,0.001220484,0.001202817,0.001015394,0.0008077624,0.0007637489,0.0009782105,0.001144285,0.001010578,0.0008053794,0.0008858308,0.0009862556,0.0008192116,0.0007560596,0.0008252142,0.0007026188,0.0006570543,0.000652225,0.0005417571,0.0005218099,0.0004417071
0.0001329083,0.0001062728,9.846278e-05,6.276825e-05,5.194747e-05,1.913306e-05,5.195634e-06,-2.411466e-05,-3.998872e-05,-6.597879e-05,-8.266162e-05,-0.0001055181,-0.0001220046,-0.0001418446,-0.0001573794,-0.0001741999,-0.0001882298,-0.0002019747,-0.0002141222,-0.0002248072,-0.0002346019,-0.0002425837,-0.0002494926,-0.00025479,-0.0002590904,-0.0002615954,-0.0002632162,-0.0002630111,-0.0002620951,-0.000259403,-0.0002560556,-0.0002508426,-0.0002453983,-0.0002379801,-0.000230445,-0.0002212215,-0.0002117598,-0.0002010015,-0.0001899129,-0.00017783,-0.0001655131,-0.0001522145,-0.0001391484,-0.0001246135,-0.0001114279,-9.528162e-05,-8.297447e-05,-6.482888e-05,-5.441028e-05,-3.367911e-05,-2.542902e-05,-4.473079e-06,7.628761e-06,2.000921e-05,4.344016e-05,4.367934e-05,6.843878e-05,8.586817e-05,8.048074e-05,0.0001136963,0.0001335548,0.0001233078,0.0001358191,0.0001746373,0.000190718,0.0001874581,0.0001846494,0.0001904327,0.0001920616,0.0001980555,0.0002113257,0.0002380997,0.0002716851,0.0003150458,0.0003481437,0.0003636799,0.0003393675,0.0002836983,0.0002055007,0.0001376179,7.25534e-05,0.0001054743,0.0003028702,0.000514885,0.0005576754,0.0003365954,0.000158052,0.0002726483,0.0004520488,0.0003398778,0.0002017455,0.0003244461,0.0003372877,0.0002124598,0.0002736487,0.0002527656,0.0001866832,0.0002218029,0.0001628486,0.0001607811
-0.0001329083,-0.0001062728,-9.846283e-05,-6.276829e-05,-5.194757e-05,-1.913325e-05,-5.19578e-06,2.411444e-05,3.998854e-05,6.597859e-05,8.266141e-05,0.0001055179,0.0001220044,0.0001418443,0.0001573792,0.0001741996,0.0001882296,0.0002019745,0.0002141219,0.000224807,0.0002346016,0.0002425835,0.0002494923,0.0002547897,0.0002590902,0.0002615952,0.0002632161,0.000263011,0.000262095,0.0002594028,0.0002560555,0.0002508426,0.0002453983,0.0002379801,0.000230445,0.0002212215,0.0002117599,0.0002010016,0.0001899129,0.0001778301,0.0001655131,0.0001522146,0.0001391484,0.0001246136,0.0001114279,9.528168e-05,8.297451e-05,6.482895e-05,5.441035e-05,3.367918e-05,2.54291e-05,4.473141e-06,-7.628721e-06,-2.000911e-05,-4.344007e-05,-4.36792e-05,-6.843861e-05,-8.586801e-05,-8.04806e-05,-0.0001136961,-0.0001335546,-0.0001233077,-0.0001358189,-0.0001746371,-0.0001907178,-0.0001874579,-0.0001846492,-0.0001904325,-0.0001920614,-0.0001980553,-0.0002113255,-0.0002380995,-0.0002716848,-0.0003150455,-0.0003481434,-0.0003636795,-0.0003393672,-0.0002836979,-0.0002055003,-0.0001376175,-7.255298e-05,-0.0001054739,-0.0003028699,-0.0005148847,-0.0005576751,-0.0003365951,-0.0001580517,-0.000272648,-0.0004520485,-0.0003398775,-0.0002017453,-0.0003244458,-0.0003372875,-0.0002124596,-0.0002736486,-0.0002527654,-0.0001866831,-0.0002218028,-0.0001628485,-0.000160781
-0.0003847453,-0.0003244703,-0.0002437644,-0.000190033,-0.0001109606,-5.406047e-05,2.106816e-05,7.959858e-05,0.0001498759,0.0002078446,0.0002724943,0.0003279139,0.0003862614,0.0004374629,0.0004888512,0.0005345554,0.0005783896,0.0006176461,0.0006534433,0.0006855167,0.0007131656,0.0007372518,0.000756976,0.0007728786,0.0007843483,0.0007922457,0.0007957185,0.0007958251,0.0007915612,0.0007841555,0.0007726421,0.0007584361,0.0007400953,0.0007196006,0.0006953165,0.0006690784,0.00063968,0.0006084602,0.0005747122,0.0005393882,0.000501987,0.0004635475,0.0004231122,0.0003826699,0.0003396362,0.0002985985,0.0002529604,0.0002126656,0.000164309,0.0001261823,7.561086e-05,3.798365e-05,-8.166047e-06,-5.36115e-05,-8.740766e-05,-0.0001438423,-0.0001750518,-0.0002128402,-0.0002728261,-0.000293395,-0.0003265823,-0.0003892764,-0.000428529,-0.0004406925,-0.0004749389,-0.0005279028,-0.0005797452,-0.0006222323,-0.0006680867,-0.0007086676,-0.0007409304,-0.000758438,-0.0007676834,-0.0007654087,-0.0007713876,-0.0007925845,-0.0008509969,-0.0009377634,-0.001043704,-0.001135545,-0.001220484,-0.001202816,-0.001015394,-0.0008077621,-0.0007637486,-0.0009782101,-0.001144284,-0.001010578,-0.0008053791,-0.0008858306,-0.0009862554,-0.0008192114,-0.0007560594,-0.0008252141,-0.0007026186,-0.0006570541,-0.0006522249,-0.000541757,-0.0005218098,-0.0004417071
-0.0006170936,-0.0005057475,-0.0004120248,-0.0002893409,-0.0001914002,-7.15713e-05,2.849399e-05,0.000142723,0.0002416642,0.0003485157,0.0004433311,0.0005412438,0.0006292903,0.0007168801,0.000796032,0.0008720699,0.0009406818,0.001004164,0.001061052,0.001111332,0.001155499,0.001192548,0.001223204,0.001246917,0.001264343,0.00127473,0.001279088,0.001276575,0.001268455,0.001253806,0.001233943,0.001207838,0.001177355,0.001140966,0.001100783,0.001055476,0.001006769,0.0009538612,0.000898003,0.000838796,0.0007772896,0.0007129951,0.000647419,0.0005790959,0.0005111393,0.0004394302,0.0003710765,0.000296522,0.0002296582,0.0001524844,8.811799e-05,1.138644e-05,-5.598991e-05,-0.0001229354,-0.0002004167,-0.0002537412,-0.0003309082,-0.0004000546,-0.0004452561,-0.0005285185,-0.0005977818,-0.0006358837,-0.0006960546,-0.0007821884,-0.0008449506,-0.0008876118,-0.0009300743,-0.0009805646,-0.001026174,-0.001075352,-0.001130915,-0.001198994,-0.001272684,-0.001354802,-0.001424982,-0.001475608,-0.001483891,-0.001457896,-0.001405967,-0.001360608,-0.001313656,-0.001360283,-0.001567515,-0.001785022,-0.001827819,-0.001599561,-0.001407227,-0.001503174,-0.001658902,-0.001515635,-0.001339413,-0.001419414,-0.001383707,-0.001203604,-0.001205162,-0.00111963,-0.0009838125,-0.0009458126,-0.0008096824,-0.0007275594
-0.000779401,-0.000638395,-0.0004755033,-0.0003394231,-0.0001777379,-3.902405e-05,0.0001170136,0.0002547232,0.0004022263,0.0005348269,0.0006712428,0.0007950735,0.0009182015,0.001030185,0.001138108,0.001235846,0.001327007,0.001408725,0.001481963,0.001546386,0.001601202,0.001647266,0.001683761,0.001711276,0.001729243,0.00173863,0.001738682,0.001730615,0.001713567,0.001688969,0.001656038,0.001616432,0.001568915,0.001515745,0.001455519,0.001390362,0.001319325,0.001244043,0.001164074,0.001080672,0.0009936017,0.0009042047,0.0008117617,0.0007185711,0.0006222408,0.0005276927,0.0004284339,0.0003347832,0.0002333233,0.0001427631,4.031391e-05,-4.829043e-05,-0.0001444547,-0.0002390606,-0.0003206403,-0.0004241111,-0.0005010574,-0.0005832873,-0.0006871938,-0.0007502451,-0.0008247396,-0.0009284174,-0.001007861,-0.001058987,-0.001131575,-0.001222574,-0.001312005,-0.001391482,-0.001473905,-0.001550585,-0.001618342,-0.001670523,-0.001713464,-0.001743533,-0.001780333,-0.001830533,-0.001916043,-0.002027721,-0.002156147,-0.002267521,-0.00236905,-0.002363984,-0.002183235,-0.001976203,-0.001927765,-0.002134894,-0.002289201,-0.002135953,-0.001903454,-0.001952785,-0.002017691,-0.001807055,-0.001694783,-0.001711425,-0.001529784,-0.001420705,-0.001349115,-0.001167006,-0.001072954,-0.0009156992
-0.0008288097,-0.0006390252,-0.0004670413,-0.0002658247,-9.052579e-05,0.0001056711,0.0002800436,0.0004664719,0.0006347207,0.0008078152,0.0009652455,0.001121923,0.001264491,0.001402133,0.001526615,0.001643069,0.001747048,0.0018407,0.001922527,0.00199242,0.002050928,0.002097018,0.002131524,0.002153941,0.002165091,0.002164321,0.002152861,0.002130015,0.00209731,0.002054014,0.00200174,0.001939676,0.00187002,0.00179148,0.00170652,0.001614063,0.00151619,0.001412367,0.001304197,0.001191547,0.00107582,0.0009567705,0.000836257,0.0007130062,0.0005905086,0.000464746,0.0003432514,0.0002164332,9.867681e-05,-2.821397e-05,-0.0001406047,-0.000263855,-0.0003760432,-0.0004857923,-0.0006046774,-0.000697093,-0.0008118053,-0.0009170483,-0.0009959129,-0.001111854,-0.001212614,-0.001280114,-0.001368474,-0.001482491,-0.001572201,-0.001640675,-0.00170817,-0.001783281,-0.001852882,-0.001925491,-0.002003951,-0.002094488,-0.002190039,-0.002293492,-0.002384134,-0.002454097,-0.002479905,-0.002469172,-0.002429628,-0.002393552,-0.002351741,-0.002399891,-0.002606775,-0.002821444,-0.002856653,-0.002612424,-0.002397308,-0.002467989,-0.002595737,-0.002416213,-0.002196353,-0.002230827,-0.002144592,-0.0019066,-0.001848072,-0.001698294,-0.001493346,-0.001384774,-0.001174417,-0.001016508
-0.0006775163,-0.0004557595,-0.0002124577,1.767628e-06,0.0002399517,0.0004520306,0.0006785389,0.0008827695,0.001092857,0.001283373,0.001472934,0.001644652,0.001810276,0.001959065,0.002097974,0.00222074,0.002330882,0.002425526,0.002505594,0.002570849,0.002620523,0.002655647,0.002675508,0.002680924,0.002671498,0.002648485,0.002611355,0.002561658,0.002498799,0.00242458,0.002338517,0.002242671,0.002136123,0.002021551,0.001897886,0.001767677,0.001630318,0.001487856,0.001340193,0.001188983,0.001034309,0.0008779118,0.0007193353,0.0005612858,0.0004015456,0.0002454887,8.664447e-05,-6.41341e-05,-0.0002204387,-0.0003629372,-0.0005147517,-0.0006496459,-0.0007890302,-0.0009240876,-0.001042473,-0.001180327,-0.001288318,-0.001398276,-0.001528096,-0.001613637,-0.001707704,-0.001829638,-0.001925247,-0.001989681,-0.002073904,-0.002175536,-0.002274467,-0.002362142,-0.002451951,-0.002535276,-0.00260892,-0.002666054,-0.002713007,-0.002745753,-0.002783875,-0.002833817,-0.002917681,-0.003026159,-0.003149761,-0.003254115,-0.003346847,-0.003329663,-0.003130327,-0.00289823,-0.002820405,-0.002997954,-0.003120016,-0.002925999,-0.002644306,-0.002643246,-0.002655644,-0.002383686,-0.002205794,-0.002156337,-0.001902281,-0.001717973,-0.001570366,-0.001308183,-0.001134079,-0.0008954166
-0.0002740044,1.297559e-05,0.0002782127,0.0005697218,0.0008302652,0.001107226,0.001356421,0.001611938,0.001842556,0.002071315,0.002277067,0.002474658,0.002650368,0.002813308,0.002955083,0.003080785,0.00318599,0.003272852,0.003340046,0.003387533,0.003416142,0.003425006,0.003415301,0.003386782,0.003340682,0.003276673,0.00319645,0.003099696,0.002988454,0.002862409,0.002723721,0.002572014,0.002410069,0.002237031,0.002055953,0.001866213,0.001670458,0.001468608,0.00126281,0.001053364,0.0008421932,0.0006294305,0.0004174555,0.00020528,-3.063866e-06,-0.0002114669,-0.0004117733,-0.0006136684,-0.0008020305,-0.0009953955,-0.00116935,-0.001349585,-0.001513961,-0.001670579,-0.001832068,-0.001961342,-0.002108406,-0.002241699,-0.002342695,-0.002477219,-0.002592805,-0.002669815,-0.002763814,-0.002881109,-0.002970819,-0.003035709,-0.003096704,-0.003163079,-0.0032215,-0.003280688,-0.003343727,-0.003417149,-0.00349387,-0.003577116,-0.003645863,-0.003692093,-0.003691544,-0.003651388,-0.003578698,-0.003505703,-0.003421878,-0.003423965,-0.003583868,-0.003749988,-0.003731894,-0.003424094,-0.003137821,-0.003136818,-0.00319236,-0.002931502,-0.002622663,-0.002569365,-0.002391861,-0.002055314,-0.001899187,-0.001649725,-0.001341755,-0.001132239,-0.0008194477,-0.0005607605
0.0004167352,0.0007733523,0.001146696,0.001483345,0.001837268,0.002156303,0.00248139,0.002774398,0.003063568,0.003322548,0.003569921,0.003788263,0.003989253,0.004161915,0.004313165,0.004436736,0.004536179,0.004608815,0.00465568,0.004676897,0.004671907,0.004642217,0.00458745,0.004508977,0.004406838,0.004282928,0.004137225,0.003971989,0.003787194,0.003585398,0.00336673,0.003134046,0.002887052,0.002629247,0.002360196,0.002083257,0.001798464,0.001508645,0.001214322,0.0009178951,0.0006200162,0.0003231481,2.731406e-05,-0.0002640546,-0.0005528551,-0.0008329377,-0.001110687,-0.001374364,-0.001637766,-0.001880556,-0.002126269,-0.002347907,-0.002566836,-0.002774634,-0.002957582,-0.003153561,-0.00331187,-0.003464212,-0.003630717,-0.003744835,-0.00386002,-0.003997935,-0.00410327,-0.004169922,-0.004250586,-0.004343871,-0.004429508,-0.004498674,-0.004565536,-0.004621615,-0.004663799,-0.004685066,-0.004691884,-0.004679761,-0.004668423,-0.004664126,-0.004689469,-0.004735088,-0.004791658,-0.004824202,-0.004841308,-0.00474275,-0.004452055,-0.004118823,-0.003933493,-0.00400357,-0.004015107,-0.003699346,-0.003285028,-0.003151332,-0.003030265,-0.00261452,-0.002289286,-0.002094907,-0.001690098,-0.001354423,-0.001058132,-0.0006452753,-0.0003245971,5.841131e-05
0.001291606,0.001786711,0.00225017,0.002731157,0.003169308,0.00361262,0.00401473,0.00440989,0.00476541,0.005104271,0.0054044,0.005680516,0.005918379,0.00612701,0.006297834,0.006435924,0.006536949,0.006603158,0.006633552,0.006628315,0.006588784,0.00651447,0.006407183,0.006267217,0.006096558,0.005895533,0.0056667,0.005410493,0.00512991,0.004825467,0.004500341,0.004155035,0.003793404,0.003415497,0.003025459,0.00262359,0.002213608,0.001796357,0.001375025,0.000950795,0.0005265948,0.0001033562,-0.0003155523,-0.0007304665,-0.00113635,-0.001536679,-0.001922202,-0.002302514,-0.00266126,-0.003017235,-0.00334476,-0.003669762,-0.003969684,-0.004251663,-0.004529686,-0.004764409,-0.005007349,-0.005227182,-0.005402844,-0.005603276,-0.005775705,-0.005898073,-0.006027739,-0.006173043,-0.006281693,-0.006355827,-0.006417137,-0.006475737,-0.00651787,-0.006552425,-0.006582704,-0.006615577,-0.006643834,-0.006671114,-0.006675969,-0.006650191,-0.006568471,-0.006437447,-0.006263387,-0.006078579,-0.005870782,-0.005738379,-0.005757824,-0.005777083,-0.005601854,-0.005119387,-0.004644888,-0.004452257,-0.004313537,-0.003844463,-0.003315838,-0.003043988,-0.002643431,-0.002074435,-0.001688381,-0.001207951,-0.0006665815,-0.0002292352,0.0003103127,0.0007900475
0.002109928,0.002788182,0.003473665,0.004108589,0.004747676,0.005335464,0.005912993,0.006439819,0.006943933,0.00739742,0.007818492,0.00818872,0.008519429,0.008799091,0.009034381,0.009218854,0.009355946,0.009443125,0.009481478,0.009471553,0.009413037,0.009308056,0.009156713,0.008961162,0.008722107,0.0084424,0.008122848,0.00776681,0.00737522,0.006951864,0.006497945,0.006017651,0.005511823,0.004985378,0.00443907,0.003877692,0.00330251,0.002717776,0.002125247,0.001528727,0.0009300435,0.0003330412,-0.0002612066,-0.0008478869,-0.001428062,-0.001994136,-0.002551997,-0.003088337,-0.003616871,-0.004115564,-0.004608171,-0.005066315,-0.005510907,-0.00593389,-0.006319287,-0.006707072,-0.007044483,-0.007362606,-0.007684467,-0.007939855,-0.008182636,-0.008437537,-0.008647474,-0.008804209,-0.008962358,-0.009121598,-0.009261074,-0.009371184,-0.009466737,-0.009539122,-0.009584869,-0.009596326,-0.009579708,-0.009529469,-0.00946519,-0.009392524,-0.009334379,-0.009281039,-0.009223189,-0.009124856,-0.008995858,-0.008733614,-0.008256132,-0.007713404,-0.007300476,-0.007133788,-0.006896021,-0.006308296,-0.005600134,-0.005165747,-0.004737111,-0.003995116,-0.003334455,-0.002804461,-0.002053753,-0.001369427,-0.0007271275,3.46028e-05,0.0006982434,0.001419965
0.002376092,0.003353323,0.00428642,0.005225151,0.006104231,0.006971586,0.007777266,0.008554936,0.009269321,0.009942608,0.01055091,0.01110811,0.01159877,0.01203118,0.01239607,0.01269797,0.01293223,0.01310079,0.0132027,0.01323807,0.01320861,0.01311401,0.0129567,0.01273743,0.01245904,0.01212256,0.01173162,0.01128758,0.0107947,0.01025462,0.009671965,0.009048499,0.008389689,0.007696975,0.006976213,0.006229199,0.005461414,0.004675275,0.003875749,0.003065602,0.002249564,0.00143007,0.0006122987,-0.000202755,-0.001008193,-0.00180646,-0.002586329,-0.003356798,-0.004099386,-0.004832753,-0.005529143,-0.006214221,-0.006864503,-0.007485373,-0.008092259,-0.008642468,-0.009188983,-0.009700644,-0.01015251,-0.01061707,-0.01104095,-0.01139848,-0.01174872,-0.01210237,-0.01240481,-0.01265671,-0.01288008,-0.01308555,-0.01325803,-0.01340591,-0.01353185,-0.01364232,-0.01372894,-0.01379494,-0.01381737,-0.01378686,-0.01367579,-0.0134893,-0.01323177,-0.01293488,-0.01258344,-0.01227748,-0.01209887,-0.0118951,-0.01146715,-0.0106931,-0.00989336,-0.009355286,-0.008852938,-0.007988374,-0.007036028,-0.006329712,-0.005477943,-0.00443554,-0.003570301,-0.002601741,-0.001562382,-0.0006287239,0.0004100858,0.001385121
0.001405077,0.002757318,0.004111449,0.005402803,0.006685825,0.007899667,0.009084315,0.01019529,0.01125916,0.012245,0.01316951,0.01401202,0.01478246,0.01546769,0.01607316,0.01659138,0.0170248,0.01737029,0.01762826,0.01779906,0.017882,0.01787934,0.01779119,0.01762012,0.01736716,0.01703589,0.01662775,0.01614711,0.0155958,0.01497891,0.01429878,0.01356116,0.01276823,0.0119267,0.01103887,0.01011145,0.009147443,0.008153138,0.007132136,0.006090348,0.00503149,0.003961584,0.002883497,0.001804297,0.0007244986,-0.0003459166,-0.001411664,-0.002456872,-0.003494601,-0.004500127,-0.005496905,-0.006454416,-0.007392317,-0.008302695,-0.009166114,-0.01002485,-0.01082322,-0.01159088,-0.01235441,-0.01303862,-0.01369716,-0.01435845,-0.01496284,-0.01549866,-0.01602233,-0.01653433,-0.01701231,-0.01744474,-0.0178462,-0.01820677,-0.01852121,-0.01877963,-0.01898633,-0.01913271,-0.01923633,-0.01930016,-0.01934559,-0.01936051,-0.01933383,-0.01922659,-0.0190487,-0.01869342,-0.01807079,-0.01733028,-0.01667182,-0.01622278,-0.01566187,-0.014698,-0.01356172,-0.01266665,-0.01174603,-0.01046701,-0.009236975,-0.008118182,-0.006748001,-0.005424081,-0.004130587,-0.002700509,-0.001363744,3.631125e-05
-0.001689014,0.0001658945,0.001977048,0.003793435,0.005542036,0.007269145,0.00891886,0.01052262,0.01204054,0.01349237,0.01485062,0.01612683,0.01730275,0.01838451,0.01936067,0.02023387,0.02099793,0.02165318,0.02219765,0.02263018,0.02295186,0.02316157,0.02326145,0.02325185,0.0231357,0.02291398,0.02259078,0.02216779,0.02165006,0.02103992,0.0203431,0.01956238,0.01870469,0.01777274,0.01677413,0.01571225,0.01459454,0.01342524,0.01221149,0.01095803,0.009671928,0.008357655,0.007022895,0.005670576,0.004310286,0.002941219,0.001577521,0.0002113581,-0.001135651,-0.002481538,-0.003795506,-0.005102472,-0.006377514,-0.007623198,-0.008856633,-0.01003058,-0.01119944,-0.01233243,-0.01339921,-0.01447683,-0.01551135,-0.01647196,-0.0174196,-0.01836802,-0.01925941,-0.02009206,-0.02088776,-0.02165706,-0.0223822,-0.02306947,-0.02371923,-0.0243355,-0.02490624,-0.02543169,-0.02588409,-0.02624961,-0.02649459,-0.02661902,-0.02662166,-0.02653035,-0.02632316,-0.02609906,-0.02594393,-0.02570262,-0.02516892,-0.0242083,-0.02314634,-0.02228604,-0.02140432,-0.02008692,-0.01861285,-0.01733817,-0.01586566,-0.01414438,-0.01256368,-0.01084113,-0.009009397,-0.007260992,-0.005381214,-0.003549016
-0.007765322,-0.005370454,-0.00295207,-0.0005851871,0.001782473,0.004081678,0.006349297,0.008534187,0.01065942,0.0126887,0.01463519,0.01647391,0.01821139,0.01983103,0.02133516,0.02271349,0.02396576,0.02508665,0.02607423,0.02692715,0.02764284,0.02822231,0.02866425,0.02897036,0.02914069,0.0291784,0.02908434,0.02886288,0.02851569,0.0280482,0.02746302,0.02676667,0.02596196,0.02505673,0.02405431,0.02296292,0.02178695,0.02053451,0.01921089,0.01782412,0.01637983,0.01488642,0.01334876,0.01177661,0.01017235,0.008548961,0.006903248,0.005254398,0.003590338,0.001939281,0.0002784451,-0.001359008,-0.002990882,-0.004609536,-0.006191058,-0.007780614,-0.009319337,-0.01083484,-0.0123588,-0.01381062,-0.0152437,-0.01669174,-0.01809291,-0.01943157,-0.02076688,-0.02210092,-0.02340992,-0.02467978,-0.02592459,-0.02713189,-0.02829319,-0.02939388,-0.03043374,-0.03139747,-0.03229636,-0.03312589,-0.03390094,-0.03460143,-0.03520876,-0.03567508,-0.03600549,-0.03608283,-0.03580335,-0.03531124,-0.03480814,-0.03443149,-0.03385282,-0.03276476,-0.03139723,-0.0301864,-0.02886709,-0.02709019,-0.02527842,-0.02351101,-0.02141304,-0.01929597,-0.01715619,-0.01482158,-0.01253872,-0.01015267
-0.01751853,-0.01454503,-0.01157254,-0.008554908,-0.005576454,-0.002594881,0.0003247853,0.003209258,0.006011175,0.008745372,0.01137817,0.01391626,0.01633626,0.01863978,0.02081108,0.02284867,0.02474278,0.02649008,0.02808565,0.02952512,0.03080718,0.03192803,0.03288781,0.03368475,0.03432022,0.03479356,0.03510772,0.03526318,0.03526437,0.03511281,0.03481403,0.03437045,0.03378927,0.03307324,0.0322307,0.03126553,0.03018629,0.02899818,0.02770984,0.02632737,0.02485971,0.02331295,0.02169708,0.02001674,0.01828428,0.0165004,0.0146825,0.01282384,0.01094967,0.009042553,0.007136738,0.00520837,0.003283534,0.001363088,-0.0005726956,-0.002471509,-0.004389861,-0.00629884,-0.008162138,-0.01006345,-0.01195044,-0.01378747,-0.01563936,-0.01752611,-0.01938849,-0.02122391,-0.02305604,-0.02489748,-0.02672886,-0.02855498,-0.03037387,-0.03218617,-0.03397407,-0.03573181,-0.03742228,-0.03902168,-0.04048344,-0.04179496,-0.04294094,-0.04393703,-0.04474522,-0.04545494,-0.04614878,-0.046661,-0.04677048,-0.04632182,-0.04564122,-0.04504519,-0.04431089,-0.04300237,-0.04140169,-0.03988987,-0.03806287,-0.03586254,-0.03370401,-0.03130401,-0.02869598,-0.02609296,-0.02327758,-0.02044209
-0.03112093,-0.02769757,-0.02416721,-0.02061915,-0.01700557,-0.0134077,-0.009794476,-0.006227036,-0.002688704,0.0007758144,0.004173228,0.007471354,0.01067055,0.01374803,0.01670041,0.01951207,0.02217754,0.02468695,0.02703368,0.02921257,0.03121692,0.03304447,0.03469041,0.03615368,0.03743139,0.03852443,0.03943122,0.04015434,0.04069351,0.04105289,0.0412336,0.04124133,0.04107787,0.04075074,0.04026274,0.0396222,0.03883349,0.03790528,0.03684334,0.03565677,0.03435205,0.03293922,0.03142427,0.02981915,0.02812747,0.02636501,0.0245296,0.02264383,0.02069624,0.01871875,0.01668897,0.01464283,0.01256454,0.01046052,0.008359788,0.006212852,0.004081014,0.001938491,-0.0002549068,-0.002413873,-0.004593513,-0.006837638,-0.009085767,-0.01132106,-0.01361048,-0.01596337,-0.01835962,-0.02078733,-0.02326528,-0.0257832,-0.02833284,-0.03089732,-0.03347297,-0.0360368,-0.03859167,-0.04112089,-0.04362662,-0.04607222,-0.04842186,-0.05060694,-0.05261611,-0.05430884,-0.05555392,-0.05647806,-0.05727336,-0.05807838,-0.05854699,-0.05834542,-0.05769532,-0.05705271,-0.05614976,-0.05461502,-0.0528856,-0.05105889,-0.04874454,-0.04626901,-0.04364351,-0.04069022,-0.03767586,-0.03444896
-0.04806308,-0.04437449,-0.04056457,-0.03659149,-0.03255444,-0.0284175,-0.02425836,-0.02005791,-0.01587445,-0.01170125,-0.007581532,-0.003516617,0.0004616751,0.004347273,0.008117048,0.01176239,0.01526704,0.01862115,0.02181417,0.02483592,0.02768019,0.0303381,0.03280552,0.03507635,0.03714831,0.039017,0.04068236,0.04214171,0.04339699,0.04444715,0.04529581,0.04594327,0.04639535,0.04665324,0.04672437,0.04661159,0.04632304,0.04586343,0.04524152,0.04446338,0.04353875,0.04247412,0.04128091,0.03996446,0.03853925,0.0370068,0.03538746,0.03367514,0.03189873,0.03004116,0.02814028,0.02617327,0.02416716,0.02212714,0.02002965,0.01793257,0.01577667,0.01358665,0.01140497,0.009138106,0.006832805,0.004527096,0.002147375,-0.0003402584,-0.002881904,-0.005481709,-0.008174447,-0.01098543,-0.01390383,-0.01694381,-0.02011121,-0.02341298,-0.02683293,-0.03036508,-0.03396606,-0.0376022,-0.04121038,-0.04475916,-0.04820964,-0.05155329,-0.05472039,-0.05777624,-0.06078301,-0.06354689,-0.06581404,-0.06738961,-0.06858628,-0.06972148,-0.07056082,-0.07063276,-0.07021366,-0.06970493,-0.06868896,-0.06709329,-0.06535861,-0.06319766,-0.06064225,-0.05792771,-0.05483274,-0.05156409
-0.06685838,-0.06332254,-0.05949949,-0.05549489,-0.05126647,-0.0469101,-0.0424028,-0.03781876,-0.03315062,-0.02845501,-0.02373499,-0.01903348,-0.01435993,-0.009746943,-0.005207314,-0.0007654341,0.003564378,0.007764438,0.01182001,0.01571904,0.01944758,0.02299724,0.02635696,0.02952032,0.03247903,0.03522939,0.03776525,0.04008538,0.04218562,0.04406701,0.0457275,0.04717037,0.04839478,0.04940654,0.05020639,0.05080148,0.05119477,0.05139432,0.05140507,0.0512361,0.05089367,0.05038851,0.04972684,0.04892211,0.04797842,0.04691413,0.04572761,0.04444509,0.0430556,0.04159539,0.04004301,0.03843719,0.03676591,0.0350345,0.033279,0.03144577,0.02959894,0.02771641,0.02574724,0.02378089,0.02176023,0.01962655,0.01743396,0.01519586,0.01282883,0.01030512,0.007628525,0.004794724,0.001763282,-0.001475918,-0.004934,-0.008611,-0.01251867,-0.01664283,-0.02099206,-0.02554765,-0.03030497,-0.03521137,-0.04020971,-0.04520109,-0.0501448,-0.0548592,-0.05916526,-0.06315108,-0.06697676,-0.07076019,-0.07411363,-0.07665486,-0.07857765,-0.08034287,-0.08166429,-0.08213202,-0.082187,-0.08193718,-0.08096608,-0.07960892,-0.07788838,-0.07561508,-0.07307407,-0.07011535
-0.08511473,-0.08221642,-0.07897093,-0.07533802,-0.07143204,-0.06722314,-0.06280296,-0.05816143,-0.05337005,-0.04843285,-0.04340559,-0.03830105,-0.03316305,-0.02800928,-0.02287421,-0.01777771,-0.01274655,-0.007801293,-0.002962064,0.001751034,0.006323151,0.01073656,0.01497937,0.01903771,0.02290259,0.02656287,0.03001283,0.03324406,0.03625383,0.03903637,0.04159155,0.04391587,0.04601235,0.04787918,0.04952176,0.05094075,0.05214303,0.05313187,0.05391546,0.05449915,0.05489285,0.05510292,0.0551419,0.05501541,0.05474022,0.05431844,0.05377395,0.05310148,0.05233474,0.0514579,0.05051401,0.04948313,0.04839484,0.04726219,0.04605944,0.04485377,0.04358681,0.04228035,0.04098837,0.03960871,0.03818274,0.03675361,0.03523823,0.03358375,0.03183336,0.02996844,0.02793089,0.02566578,0.02315542,0.02035269,0.01721589,0.01370126,0.009791295,0.005459491,0.0007259432,-0.004392774,-0.009838402,-0.01557663,-0.02155323,-0.02773802,-0.03402347,-0.04043932,-0.04700908,-0.05348664,-0.05955857,-0.06496133,-0.06996779,-0.07486878,-0.07939123,-0.08300012,-0.08594367,-0.08862484,-0.09059224,-0.09174035,-0.09252349,-0.09263702,-0.09209841,-0.09115825,-0.08958223,-0.08758559
-0.09957878,-0.09802175,-0.09590008,-0.09333111,-0.09027248,-0.08683196,-0.08299195,-0.07883892,-0.07437453,-0.06966808,-0.06473394,-0.05962809,-0.05437262,-0.04901321,-0.04357581,-0.03809774,-0.0326065,-0.02713218,-0.02170224,-0.01634047,-0.01107272,-0.005918226,-0.0008988781,0.003969059,0.008667648,0.01318461,0.01750539,0.02162146,0.02552161,0.0292009,0.03265149,0.03587205,0.03885725,0.04160945,0.04412613,0.04641213,0.0484683,0.05030141,0.05191526,0.05331872,0.05451761,0.0555235,0.05634289,0.05699126,0.05747355,0.05781152,0.05800478,0.05808453,0.05804162,0.05791857,0.05769725,0.05742214,0.05708891,0.05670458,0.05631831,0.05587702,0.05545317,0.05503708,0.054572,0.05415993,0.05375079,0.05327586,0.05278836,0.05230499,0.05172782,0.05100852,0.05012905,0.0490594,0.04772048,0.04605854,0.04401267,0.04152912,0.038537,0.03499424,0.0308368,0.02603695,0.02056043,0.01443734,0.007714767,0.0005004143,-0.007149327,-0.01501009,-0.0228474,-0.03069442,-0.03865559,-0.04680048,-0.05466384,-0.06178149,-0.0682869,-0.07461748,-0.08043601,-0.08526289,-0.08951757,-0.09329656,-0.09613144,-0.09834719,-0.09996093,-0.1007533,-0.1010148,-0.1005846
-0.1067318,-0.1071654,-0.1069627,-0.1060719,-0.1046124,-0.1025509,-0.09998598,-0.0969106,-0.09340531,-0.08948159,-0.08520629,-0.08060317,-0.0757285,-0.07061297,-0.06530452,-0.05983747,-0.0542526,-0.04858539,-0.04287008,-0.03714159,-0.03142858,-0.02576304,-0.02017006,-0.01467677,-0.009304375,-0.004076087,0.0009914489,0.005879191,0.01057504,0.01506417,0.01933877,0.02338796,0.02720884,0.03079395,0.03414451,0.03725728,0.04013653,0.04278321,0.04520445,0.04740458,0.04939388,0.05117874,0.05277345,0.05418457,0.05543214,0.05651969,0.05747619,0.05829839,0.05902677,0.05964875,0.06021483,0.06071266,0.06117688,0.06163412,0.06206123,0.06254181,0.0630275,0.06354409,0.06417001,0.06480765,0.06550355,0.06632171,0.06718616,0.06803773,0.06892365,0.06982429,0.07066806,0.07137385,0.07189435,0.07213819,0.07200769,0.07138932,0.07018895,0.06829289,0.06563494,0.06214697,0.05781387,0.05260417,0.0465242,0.03957006,0.03184541,0.02332466,0.01401175,0.004210801,-0.005688878,-0.01533112,-0.02492607,-0.03470632,-0.04432376,-0.0531407,-0.06134531,-0.0693111,-0.07651822,-0.08279505,-0.08858383,-0.0935348,-0.09762377,-0.1010949,-0.1036789,-0.1055795
-0.1033828,-0.1064925,-0.1087613,-0.1102998,-0.1110466,-0.1111056,-0.1104499,-0.1091658,-0.1072535,-0.1047859,-0.1017819,-0.09830498,-0.09438609,-0.09008137,-0.08542894,-0.080479,-0.0752735,-0.06985696,-0.06427269,-0.05855976,-0.05276046,-0.04690983,-0.04104601,-0.03520089,-0.02940814,-0.0236949,-0.01809051,-0.01261711,-0.007299296,-0.002154026,0.002799276,0.007549218,0.01208087,0.01638877,0.02046312,0.02430318,0.02790481,0.03127146,0.03440412,0.03731047,0.03999534,0.04247117,0.04474482,0.04683456,0.04874664,0.05050746,0.05211871,0.05361808,0.05499935,0.0563131,0.0575465,0.05875196,0.0599367,0.06111182,0.06234543,0.06359078,0.06493455,0.06639164,0.06790776,0.06961172,0.07147899,0.07344701,0.07558832,0.07794963,0.08044432,0.08302972,0.08569374,0.08840883,0.0910802,0.09362641,0.09594385,0.09791757,0.09939335,0.1002321,0.1002551,0.09931854,0.0972676,0.09402044,0.08951596,0.08377519,0.07678171,0.06873772,0.05988757,0.05022412,0.03968826,0.02826341,0.01651699,0.005019764,-0.006277586,-0.017764,-0.02901413,-0.03944276,-0.04941867,-0.05899654,-0.06762033,-0.07557541,-0.08284525,-0.08914958,-0.09475826,-0.09947392
-0.0877593,-0.09386826,-0.09915571,-0.1035299,-0.107091,-0.1097778,-0.1116739,-0.1127545,-0.1130911,-0.1126861,-0.1116033,-0.1098647,-0.1075289,-0.1046309,-0.1012258,-0.097357,-0.09307611,-0.08843131,-0.08347056,-0.07824395,-0.07279598,-0.06717532,-0.06142421,-0.0555873,-0.04970342,-0.04381347,-0.03795156,-0.03215393,-0.02644934,-0.02086871,-0.01543505,-0.01017372,-0.005100709,-0.0002356421,0.004412061,0.008829704,0.01301377,0.01695866,0.02066674,0.02413858,0.02738267,0.03040404,0.03321797,0.03583144,0.03826784,0.04053236,0.04265946,0.04464834,0.04654673,0.04834586,0.05010399,0.05181678,0.05352382,0.05526784,0.05702848,0.05890816,0.06087359,0.06295618,0.06526844,0.06772541,0.07038826,0.07335996,0.0765925,0.08004119,0.08378692,0.08784546,0.09217286,0.09670621,0.1014206,0.1062343,0.1110436,0.1157033,0.1200633,0.1239198,0.1271014,0.1294212,0.1307437,0.1308952,0.1297209,0.1270335,0.1227821,0.1168055,0.109044,0.09980771,0.08952773,0.07863136,0.06694449,0.0542917,0.04111336,0.02817733,0.01536806,0.002361499,-0.01022412,-0.02212285,-0.03374328,-0.04465984,-0.05477844,-0.06430972,-0.07291991,-0.08077104
-0.06011328,-0.06927848,-0.07755435,-0.08501522,-0.09155025,-0.09723032,-0.1019901,-0.1058886,-0.1088977,-0.1110704,-0.1124071,-0.1129587,-0.1127463,-0.111821,-0.1102187,-0.1079909,-0.1051837,-0.1018482,-0.09803692,-0.09380004,-0.08919282,-0.08426469,-0.07906956,-0.07365618,-0.06807595,-0.06237435,-0.05659958,-0.05079285,-0.044998,-0.03925105,-0.03359025,-0.02804502,-0.02264786,-0.01742046,-0.01238804,-0.007564995,-0.002967906,0.001396344,0.005519683,0.009403225,0.01304624,0.01645842,0.01964413,0.02262244,0.02539941,0.02800528,0.03044287,0.03275593,0.0349404,0.03705385,0.03908791,0.04109958,0.0431068,0.04512101,0.04722684,0.04938105,0.051679,0.05416063,0.05676883,0.05965616,0.06282736,0.06622729,0.06995096,0.07408965,0.07858352,0.08341833,0.0886204,0.09421359,0.1001494,0.1064061,0.1129416,0.1196903,0.126503,0.1332047,0.1395386,0.1452798,0.1501961,0.1541275,0.1568589,0.1581562,0.1576653,0.1553445,0.1512991,0.1454421,0.1376602,0.1279039,0.1168119,0.1050348,0.09258215,0.07909697,0.06511049,0.05132548,0.03742718,0.02341506,0.009952219,-0.003194046,-0.0159537,-0.02796521,-0.03945322,-0.05015992
-0.02322236,-0.0348646,-0.04584935,-0.05601811,-0.0654237,-0.07394656,-0.08162515,-0.08838535,-0.09425892,-0.09920899,-0.1032673,-0.1064264,-0.108722,-0.1101695,-0.1108098,-0.1106753,-0.1098116,-0.1082639,-0.1060808,-0.103316,-0.1000207,-0.09625192,-0.09206346,-0.08751261,-0.08265324,-0.0775422,-0.07223126,-0.06677502,-0.06122181,-0.0556225,-0.05002062,-0.04446204,-0.03898321,-0.03362385,-0.02841272,-0.02338088,-0.01854881,-0.01393767,-0.00955853,-0.005422651,-0.001530563,0.002114967,0.005524952,0.008702324,0.01167071,0.01443406,0.01703055,0.01945986,0.02177537,0.02397016,0.02610729,0.02818745,0.0302496,0.03234797,0.03445718,0.03668897,0.03901754,0.04146373,0.04416383,0.04702973,0.05011722,0.05355392,0.0573049,0.06131942,0.06570166,0.07049932,0.07569857,0.08126352,0.08722793,0.09360152,0.1004176,0.1076956,0.1154279,0.1234658,0.1316281,0.1396931,0.1475636,0.1551711,0.1624226,0.1688902,0.1739675,0.1768483,0.1771678,0.1752175,0.1713646,0.1659122,0.1585424,0.1490576,0.1379669,0.1261592,0.1135563,0.09987674,0.08584539,0.07181691,0.05741149,0.04313733,0.02915754,0.0153039,0.001982635,-0.01091217
0.01831196,0.005071248,-0.007653433,-0.0198881,-0.03145317,-0.04236609,-0.05249644,-0.06184977,-0.0703389,-0.07796776,-0.08468571,-0.09050202,-0.09539682,-0.09938862,-0.1024825,-0.1047066,-0.1060861,-0.1066582,-0.1064633,-0.1055455,-0.1039557,-0.1017445,-0.09896766,-0.09568089,-0.09194294,-0.08781107,-0.08334529,-0.07860248,-0.07364208,-0.06851888,-0.06328962,-0.05800466,-0.05271702,-0.04747055,-0.04231166,-0.03727674,-0.03240286,-0.02771714,-0.02324585,-0.0190046,-0.01500865,-0.01126012,-0.007764664,-0.004509391,-0.001493869,0.001311379,0.003906943,0.006339749,0.008605667,0.01076658,0.01281623,0.01481177,0.01677785,0.01871806,0.02072514,0.02274855,0.0248746,0.02715443,0.02950207,0.03206749,0.0348569,0.03778291,0.04091981,0.04436678,0.04804448,0.05192607,0.05604198,0.06043448,0.06505323,0.06992351,0.07516322,0.08101317,0.08767499,0.09524324,0.1035455,0.1123338,0.1213647,0.1307371,0.1407608,0.1514948,0.1619264,0.1708423,0.1777095,0.1825278,0.1849925,0.1845202,0.1816314,0.1769724,0.1704888,0.1617715,0.1514756,0.1404065,0.1282792,0.1151488,0.101782,0.08797596,0.07385398,0.05984049,0.04575195,0.03189889
0.05895506,0.04544313,0.03201675,0.01889434,0.006067418,-0.00627978,-0.0181322,-0.02934928,-0.03990576,-0.04970051,-0.05870993,-0.06686828,-0.07416168,-0.08055563,-0.08604956,-0.09063588,-0.09432806,-0.09714113,-0.09910118,-0.1002411,-0.1005981,-0.1002169,-0.09914509,-0.09743492,-0.09514055,-0.09232034,-0.08903201,-0.0853373,-0.08129538,-0.0769692,-0.07241733,-0.06770216,-0.06287873,-0.05800675,-0.05313605,-0.04831989,-0.04360102,-0.03902346,-0.03461963,-0.03042229,-0.02645012,-0.02272406,-0.01924599,-0.01602643,-0.01304816,-0.0103157,-0.007791003,-0.005478729,-0.003321468,-0.001327504,0.0005696773,0.00237316,0.004117787,0.005863321,0.007572822,0.009353828,0.01117877,0.0130324,0.01505692,0.01713015,0.01926396,0.02156877,0.02397938,0.02637023,0.02881154,0.03132937,0.03391876,0.03652433,0.03914844,0.04170025,0.04418766,0.04683166,0.05007594,0.05427011,0.05971359,0.06653493,0.07479229,0.08441459,0.09577754,0.109341,0.1247597,0.1393948,0.1512374,0.1616486,0.1712032,0.1787277,0.1832339,0.1845147,0.183,0.179635,0.1742821,0.1666991,0.1577449,0.147847,0.1366444,0.1247391,0.1123275,0.09927608,0.0860338,0.07252975
0.09387837,0.08125558,0.06849531,0.05556863,0.04271969,0.02994457,0.01744829,0.00525271,-0.006474069,-0.01770037,-0.0282932,-0.03822407,-0.04739352,-0.05578475,-0.06332973,-0.07002757,-0.07583885,-0.08077931,-0.0848345,-0.08803571,-0.09038836,-0.09193837,-0.09270499,-0.09274667,-0.09209372,-0.09081265,-0.08894242,-0.08655506,-0.08369552,-0.08043892,-0.07683381,-0.07295594,-0.06885598,-0.06460757,-0.06025984,-0.05588274,-0.05152024,-0.04723524,-0.04306332,-0.03905585,-0.03523739,-0.03164294,-0.02828493,-0.02517769,-0.02232292,-0.01971096,-0.01733788,-0.01516948,-0.01320162,-0.01138121,-0.009701714,-0.008117595,-0.006586552,-0.005126311,-0.003628836,-0.002166897,-0.0006652909,0.000922756,0.002470503,0.004097711,0.005803477,0.007422647,0.008982841,0.01057231,0.01204144,0.01323223,0.0141937,0.01505085,0.01574491,0.01617739,0.0162736,0.01607912,0.01563018,0.01526593,0.01570672,0.01788667,0.02250132,0.02977856,0.039088,0.05013831,0.06377903,0.08076733,0.09830223,0.1167327,0.1351732,0.1492556,0.1603457,0.1695275,0.1757617,0.178355,0.1782197,0.1761789,0.1719618,0.1657065,0.1583311,0.1496177,0.1397935,0.1292905,0.1179687,0.1061399
0.1196943,0.1091159,0.09792045,0.08640341,0.0744948,0.06246248,0.05028496,0.03819463,0.02620258,0.01450755,0.003135337,-0.007749117,-0.01811941,-0.02784446,-0.03690695,-0.04520953,-0.05274883,-0.05945945,-0.06535357,-0.07039443,-0.07460982,-0.07798602,-0.08056585,-0.08235392,-0.08340426,-0.08373767,-0.08341596,-0.08247289,-0.0809752,-0.07896697,-0.07651787,-0.07368053,-0.07052439,-0.06710817,-0.06349932,-0.05975891,-0.05594984,-0.05213189,-0.04835873,-0.04468532,-0.04115004,-0.0377999,-0.03465151,-0.03174224,-0.02906089,-0.02663707,-0.02442758,-0.02245936,-0.02065901,-0.01905441,-0.01755643,-0.01617821,-0.01486362,-0.01356929,-0.01231382,-0.01102489,-0.009692106,-0.00840916,-0.006978492,-0.005602699,-0.004264845,-0.002898673,-0.001544561,-0.0004745151,0.0005640627,0.001361478,0.001847923,0.001853043,0.001422015,0.0007781413,0.0004006836,0.0001956262,0.0001170021,7.419796e-05,0.0001601298,0.0002830172,0.0005298983,0.0008197911,0.001312361,0.002089824,0.004385743,0.01213872,0.02987248,0.05259673,0.07651169,0.09837054,0.1186035,0.1358792,0.1484955,0.158677,0.1655706,0.1689904,0.1699008,0.1689254,0.1655973,0.1608249,0.1547137,0.1472932,0.1389499,0.1297103
0.1351873,0.1272305,0.1184337,0.1090202,0.0989542,0.08848387,0.07755605,0.06645564,0.05511504,0.04384077,0.03255021,0.02155552,0.010756,0.0004566097,-0.009464888,-0.01871995,-0.0274546,-0.03540155,-0.04273092,-0.04919849,-0.05499604,-0.05990314,-0.06412847,-0.06747376,-0.07016239,-0.07201362,-0.07326312,-0.07374479,-0.07370361,-0.07298549,-0.07184257,-0.07013019,-0.06810615,-0.06563278,-0.06297025,-0.05998658,-0.05694063,-0.05370243,-0.05052589,-0.04727739,-0.04420149,-0.04115373,-0.03836507,-0.03567211,-0.03328963,-0.03102805,-0.02908742,-0.02724941,-0.02570272,-0.02420763,-0.02293742,-0.02166365,-0.02050793,-0.01931635,-0.01813983,-0.01688443,-0.01565577,-0.01420817,-0.01286585,-0.01134551,-0.009763572,-0.008164295,-0.006607109,-0.004924186,-0.003293368,-0.001678073,-0.0007399103,-0.0003907784,-0.000415768,-0.0003707642,-0.0004157721,-0.0004012425,-0.000429221,-0.0003574072,-0.0003243191,-0.0002473793,-0.0002491236,-0.0002463991,-0.0002563903,-0.0001505767,0.000135418,0.0002006489,0.0005969365,0.002877785,0.01095201,0.03211837,0.05977821,0.08536636,0.1067838,0.1243481,0.1375423,0.1478858,0.1546257,0.1584224,0.1600167,0.1595624,0.1571519,0.1535786,0.148432,0.1423739
0.1407671,0.1357155,0.1295939,0.122745,0.1149906,0.1066548,0.097607,0.08815273,0.07820334,0.06805152,0.05763574,0.04723589,0.03680193,0.02659797,0.01657216,0.006968259,-0.00227722,-0.01094417,-0.01911357,-0.02658982,-0.0334748,-0.03959486,-0.04507433,-0.04975858,-0.05379149,-0.05703631,-0.05965332,-0.06152064,-0.06281222,-0.0634186,-0.06352537,-0.06303392,-0.06213858,-0.06074955,-0.05906883,-0.0570122,-0.05478716,-0.05231183,-0.04979469,-0.04715236,-0.04458726,-0.04200973,-0.03960694,-0.03727778,-0.03518395,-0.03321024,-0.03148445,-0.02987819,-0.02848586,-0.02716722,-0.02600119,-0.02481575,-0.02372776,-0.02248862,-0.02129611,-0.01988465,-0.01840799,-0.01678816,-0.01492114,-0.01285714,-0.01072087,-0.008183835,-0.005340368,-0.002443881,-0.0008339994,-0.0003283546,-0.0003484601,-0.000309207,-0.0003409367,-0.0002744814,NaN,NaN,NaN,NaN,NaN,NaN,NaN,NaN,NaN,NaN,NaN,0.0003046359,0.0002091031,0.0004765239,0.0004060988,0.0007997323,0.006135058,0.02353279,0.05164279,0.07796817,0.09911557,0.1154568,0.1280909,0.1377567,0.1438033,0.1476787,0.1494673,0.1493585,0.1477867,0.1448819
0.1379782,0.1357839,0.1324077,0.1281746,0.1229196,0.1169501,0.1100965,0.1026885,0.09455998,0.08606234,0.07703675,0.06784826,0.05834346,0.04888958,0.03933291,0.03003198,0.02082564,0.01205522,0.003546885,-0.004380986,-0.01191686,-0.01876923,-0.02514002,-0.030765,-0.03585963,-0.04018369,-0.043965,-0.04698503,-0.04948189,-0.05125642,-0.05255506,-0.05319561,-0.05343189,-0.05309687,-0.05244908,-0.05133596,-0.05001779,-0.04835372,-0.0466027,-0.04463029,-0.04268955,-0.04064426,-0.03873534,-0.03681404,-0.03510252,-0.0334279,-0.03198961,-0.03058447,-0.02938792,-0.02817567,-0.02709178,-0.02593106,-0.02475845,-0.02344867,-0.02196297,-0.02024808,-0.01835796,-0.0160655,-0.01350014,-0.01051634,-0.006987736,-0.003136386,-0.0008786407,-0.0002444867,-0.0003020428,-0.0002625922,-0.0003059821,NaN,NaN,NaN,NaN,NaN,NaN,NaN,NaN,NaN,NaN,NaN,NaN,NaN,NaN,NaN,NaN,NaN,0.0004114264,0.0006393187,0.0005989811,0.0005698,0.005353114,0.02318426,0.05078985,0.07519315,0.09402244,0.1088868,0.1199094,0.128195,0.1336471,0.1373895,0.1388904,0.1392001
0.1288772,0.1292741,0.1284449,0.1266846,0.1238458,0.1202022,0.1156145,0.1103388,0.104258,0.09762746,0.09035187,0.08269513,0.07457752,0.06627145,0.05770217,0.04914523,0.04052007,0.03209865,0.02378574,0.01584449,0.008158104,0.0009793602,-0.005834804,-0.01204246,-0.0178123,-0.02291446,-0.02754161,-0.03147454,-0.03492836,-0.03769281,-0.04000372,-0.0416586,-0.04291194,-0.04356757,-0.04389836,-0.04371143,-0.04329704,-0.04246319,-0.0415141,-0.04025511,-0.03899818,-0.03754028,-0.03619117,-0.0347319,-0.03345723,-0.03212458,-0.03100108,-0.02981528,-0.02880512,-0.02766791,-0.02663774,-0.0253582,-0.02412067,-0.02244589,-0.02069174,-0.01833488,-0.01572243,-0.01265429,-0.008990043,-0.004457634,-0.001251932,-0.0002114722,-0.0002820173,-0.0002207648,-0.0002899359,NaN,NaN,NaN,NaN,NaN,NaN,NaN,NaN,NaN,NaN,NaN,NaN,NaN,NaN,NaN,NaN,NaN,NaN,NaN,NaN,NaN,0.000395904,0.0007697611,0.0006357619,0.0007583931,0.007076272,0.02783853,0.05388108,0.07472153,0.09028108,0.1029938,0.1126504,0.1194558,0.1242702,0.127284
0.115413,0.1180165,0.1196267,0.1199214,0.1193947,0.117762,0.1153944,0.1120761,0.1080945,0.103302,0.09793725,0.09191632,0.08544917,0.07850371,0.07126744,0.06374609,0.0561039,0.04837093,0.04068471,0.03308799,0.02568927,0.01853442,0.01170286,0.005238127,-0.0008107903,-0.006403184,-0.01152038,-0.01612504,-0.02022751,-0.02379323,-0.02685993,-0.02939439,-0.03146135,-0.03302808,-0.03418418,-0.03489699,-0.03527921,-0.03529588,-0.03508117,-0.0345924,-0.03398219,-0.03319066,-0.03238346,-0.0314697,-0.03062128,-0.02969851,-0.02887358,-0.02794354,-0.0270785,-0.02601662,-0.0249254,-0.02353295,-0.02196813,-0.01998595,-0.01762416,-0.01452183,-0.01107745,-0.006580846,-0.002305036,-0.0003707282,-0.0002041806,-0.0002244309,-0.0002194824,NaN,NaN,NaN,NaN,NaN,NaN,NaN,NaN,NaN,NaN,NaN,NaN,NaN,NaN,NaN,NaN,NaN,NaN,NaN,NaN,NaN,NaN,NaN,NaN,NaN,0.0003695929,0.0008692921,0.0005250974,0.001697157,0.01230452,0.03526431,0.0575438,0.07421326,0.08788119,0.09793478,0.1056258,0.1112254
0.09905682,0.1038845,0.1073514,0.1096831,0.1109284,0.111242,0.1106569,0.1092459,0.1070535,0.1041063,0.1004782,0.09617914,0.09131821,0.08590163,0.08006861,0.0738233,0.0673265,0.06057674,0.05374644,0.04682337,0.03998198,0.0331962,0.02663454,0.02025424,0.01421533,0.008455046,0.003123961,-0.001861226,-0.006359633,-0.01047481,-0.01407505,-0.01728407,-0.01997782,-0.02229972,-0.02413341,-0.02563998,-0.02670971,-0.02752016,-0.02796465,-0.02823505,-0.02822081,-0.02812354,-0.02781744,-0.02750663,-0.0270341,-0.02659758,-0.02599099,-0.02539664,-0.02455228,-0.02361872,-0.02230971,-0.02074948,-0.01872521,-0.01624929,-0.01312976,-0.009250521,-0.004498561,-0.0009676963,-0.0001564832,-0.0002244309,-0.0001746998,NaN,NaN,NaN,NaN,NaN,NaN,NaN,NaN,NaN,NaN,NaN,NaN,NaN,NaN,NaN,NaN,NaN,NaN,NaN,NaN,NaN,NaN,NaN,NaN,NaN,NaN,NaN,NaN,NaN,0.0005553447,0.0007191482,0.0005784063,0.004470211,0.02186619,0.04333115,0.06076931,0.07393932,0.08450589,0.09264585
0.08111095,0.08800317,0.09314554,0.097197,0.09997388,0.1019186,0.1028466,0.1030816,0.1024241,0.1011406,0.09904505,0.09638184,0.09299516,0.08912136,0.08463847,0.07977762,0.07444721,0.0688704,0.06297869,0.05698178,0.05082743,0.04470491,0.03857338,0.032597,0.02674021,0.02114147,0.01576662,0.01072735,0.005989139,0.001636873,-0.002364913,-0.005957288,-0.009177429,-0.01199203,-0.01443845,-0.01650944,-0.01824054,-0.01964906,-0.02076636,-0.02163016,-0.02226306,-0.02271537,-0.02299294,-0.02314672,-0.02315438,-0.02305239,-0.02277636,-0.02233759,-0.02161243,-0.02060195,-0.01910058,-0.01719894,-0.014551,-0.01149635,-0.007266628,-0.002755298,-0.0004103207,-0.000150471,-0.0002020726,NaN,NaN,NaN,NaN,NaN,NaN,NaN,NaN,NaN,NaN,NaN,NaN,NaN,NaN,NaN,NaN,NaN,NaN,NaN,NaN,NaN,NaN,NaN,NaN,NaN,NaN,NaN,NaN,NaN,NaN,NaN,NaN,NaN,0.0007665365,0.0004893146,0.00170065,0.01212413,0.03139386,0.04900844,0.06178286,0.07280857
0.06276732,0.07111339,0.07804077,0.08337496,0.08764276,0.09078764,0.09314247,0.09459943,0.09538283,0.09536993,0.09473675,0.09337462,0.09143904,0.08884994,0.08575405,0.08210354,0.07803924,0.07354271,0.06874661,0.06365635,0.05839089,0.05297441,0.04750565,0.04202206,0.03659952,0.03128245,0.02612208,0.02116674,0.01644163,0.01199717,0.00783194,0.003997237,0.0004655682,-0.00271079,-0.0055864,-0.008105936,-0.01035079,-0.0122603,-0.01393986,-0.01531964,-0.01652293,-0.01746392,-0.0182736,-0.01883964,-0.01928672,-0.01946295,-0.01947273,-0.01910826,-0.01845304,-0.01721974,-0.01552619,-0.01296293,-0.009901679,-0.005623986,-0.001483105,-0.0002036637,-0.0001701525,-0.0001515224,NaN,NaN,NaN,NaN,NaN,NaN,NaN,NaN,NaN,NaN,NaN,NaN,NaN,NaN,NaN,NaN,NaN,NaN,NaN,NaN,NaN,NaN,NaN,NaN,NaN,NaN,NaN,NaN,NaN,NaN,NaN,NaN,NaN,NaN,NaN,0.0005057453,0.0005447908,0.0007597506,0.005909372,0.02258317,0.0393456,0.05199286
0.04395996,0.05414555,0.06247849,0.06912872,0.07454775,0.07884689,0.08228462,0.08486897,0.08674269,0.08788379,0.08838076,0.08820839,0.087436,0.08604767,0.08411325,0.08163068,0.07867845,0.07526714,0.07148534,0.06735163,0.06296325,0.05833911,0.05358254,0.04870671,0.04381561,0.03891374,0.03410166,0.02937195,0.02481917,0.02042191,0.01626739,0.01231955,0.008656929,0.005228322,0.002104938,-0.0007804072,-0.003361828,-0.005720198,-0.007792172,-0.009666681,-0.01127785,-0.01271268,-0.01389471,-0.01489426,-0.01561418,-0.01609064,-0.01619633,-0.01592062,-0.01509445,-0.01367305,-0.01142708,-0.008413541,-0.004392342,-0.0008339601,-0.0001374763,-0.000180102,-0.0001118888,NaN,NaN,NaN,NaN,NaN,NaN,NaN,NaN,NaN,NaN,NaN,NaN,NaN,NaN,NaN,NaN,NaN,NaN,NaN,NaN,NaN,NaN,NaN,NaN,NaN,NaN,NaN,NaN,NaN,NaN,NaN,NaN,NaN,NaN,NaN,NaN,NaN,0.0003123705,0.0005973184,0.0004699504,0.00304188,0.01653549,0.03168764
0.025421,0.03737185,0.04689728,0.05482586,0.06119962,0.06659304,0.07090469,0.07448801,0.07722843,0.07935218,0.08075362,0.0815878,0.08176728,0.08141163,0.08045727,0.07900918,0.07702843,0.07461531,0.07175308,0.06854103,0.06497873,0.06116522,0.05710837,0.0529049,0.04856656,0.0441827,0.03976515,0.03539315,0.0310751,0.02687795,0.02280461,0.01890792,0.01518489,0.01167391,0.008365104,0.005284088,0.002415332,-0.0002260362,-0.002655929,-0.004865907,-0.006862435,-0.008637561,-0.0101731,-0.01145363,-0.01241645,-0.01303338,-0.01317702,-0.01280696,-0.0117194,-0.009870672,-0.007005732,-0.003332102,-0.0005359852,-0.0001253714,-0.0001715484,NaN,NaN,NaN,NaN,NaN,NaN,NaN,NaN,NaN,NaN,NaN,NaN,NaN,NaN,NaN,NaN,NaN,NaN,NaN,NaN,NaN,NaN,NaN,NaN,NaN,NaN,NaN,NaN,NaN,NaN,NaN,NaN,NaN,NaN,NaN,NaN,NaN,NaN,NaN,NaN,NaN,0.0005270629,0.0003749177,0.001788594,0.01190013
0.008600148,0.02067531,0.03175568,0.04053601,0.04813729,0.05426707,0.05957301,0.06383273,0.06745875,0.07026293,0.07252326,0.07407963,0.07513229,0.07554936,0.0754889,0.07484884,0.0737654,0.07216526,0.07017367,0.06774249,0.06499126,0.06189003,0.05855418,0.05496584,0.05123308,0.04734637,0.04340316,0.03939799,0.03541504,0.03144969,0.0275711,0.02377409,0.02011094,0.01657524,0.01320354,0.00998823,0.006952235,0.004091088,0.001417466,-0.001060855,-0.003335961,-0.005373013,-0.007161779,-0.008619864,-0.009729727,-0.01033742,-0.01042457,-0.009742057,-0.0082977,-0.005703039,-0.002389074,-0.0003725003,-0.0001236445,-0.0001491885,NaN,NaN,NaN,NaN,NaN,NaN,NaN,NaN,NaN,NaN,NaN,NaN,NaN,NaN,NaN,NaN,NaN,NaN,NaN,NaN,NaN,NaN,NaN,NaN,NaN,NaN,NaN,NaN,NaN,NaN,NaN,NaN,NaN,NaN,NaN,NaN,NaN,NaN,NaN,NaN,NaN,NaN,NaN,0.0004089032,0.0003500033,0.001219611
0.000762867,0.005627431,0.01649226,0.026948,0.03518355,0.04241164,0.04827529,0.05340302,0.05755795,0.06112822,0.06393267,0.06622683,0.06786636,0.06902954,0.06960484,0.06972675,0.06931534,0.06848057,0.06717215,0.06548627,0.06339779,0.06099492,0.05827065,0.05530639,0.05210917,0.04875024,0.04524658,0.04165719,0.03800498,0.03433455,0.03067204,0.02704571,0.02348427,0.01999933,0.01662157,0.01334834,0.01021496,0.007207983,0.004375297,0.001698114,-0.0007494588,-0.002984151,-0.004886114,-0.006463794,-0.007526863,-0.008079671,-0.007834882,-0.006827003,-0.004604113,-0.001695556,-0.0002760591,-0.0001399708,-0.0001283931,NaN,NaN,NaN,NaN,NaN,NaN,NaN,NaN,NaN,NaN,NaN,NaN,NaN,NaN,NaN,NaN,NaN,NaN,NaN,NaN,NaN,NaN,NaN,NaN,NaN,NaN,NaN,NaN,NaN,NaN,NaN,NaN,NaN,NaN,NaN,NaN,NaN,NaN,NaN,NaN,NaN,NaN,NaN,NaN,NaN,0.0003277056,0.000320614
0.0002994064,0.0005356236,0.003857573,0.01356687,0.02312271,0.03080921,0.03755765,0.04313478,0.04799947,0.05201237,0.05544869,0.05820505,0.06045529,0.06211899,0.06331237,0.06397692,0.06419709,0.06393675,0.0632638,0.06216341,0.0606958,0.05886305,0.05672228,0.05428801,0.0516129,0.0487214,0.04565918,0.04245678,0.03915059,0.03577413,0.03235278,0.02892164,0.02549347,0.02210469,0.01875734,0.01549033,0.01229879,0.009230427,0.006279204,0.003513667,0.000934751,-0.001350101,-0.003324937,-0.004820873,-0.005805844,-0.006021773,-0.005452078,-0.003692895,-0.001220816,-0.0002205297,-0.0001444319,-0.0001184859,NaN,NaN,NaN,NaN,NaN,NaN,NaN,NaN,NaN,NaN,NaN,NaN,NaN,NaN,NaN,NaN,NaN,NaN,NaN,NaN,NaN,NaN,NaN,NaN,NaN,NaN,NaN,NaN,NaN,NaN,NaN,NaN,NaN,NaN,NaN,NaN,NaN,NaN,NaN,NaN,NaN,NaN,NaN,NaN,NaN,NaN,NaN,0.0002458118
0.0002118051,0.000295688,0.0003938954,0.002853106,0.01143656,0.02005719,0.02717006,0.0334144,0.03866677,0.04323424,0.04706278,0.05032468,0.0529851,0.05514374,0.05677742,0.05794595,0.0586388,0.05889535,0.05871915,0.0581407,0.0571766,0.0558557,0.05420407,0.05225104,0.05003037,0.04756941,0.04490721,0.04206718,0.0390907,0.03599535,0.03282271,0.02958279,0.02631744,0.02302961,0.01976192,0.01651437,0.01333491,0.01022657,0.007253008,0.004429006,0.001850269,-0.0004467226,-0.002313288,-0.003687641,-0.004342848,-0.004210217,-0.002941159,-0.0009226445,-0.0001924243,-0.0001487509,-0.0001197651,NaN,NaN,NaN,NaN,NaN,NaN,NaN,NaN,NaN,NaN,NaN,NaN,NaN,NaN,NaN,NaN,NaN,NaN,NaN,NaN,NaN,NaN,NaN,NaN,NaN,NaN,NaN,NaN,NaN,NaN,NaN,NaN,NaN,NaN,NaN,NaN,NaN,NaN,NaN,NaN,NaN,NaN,NaN,NaN,NaN,NaN,NaN,NaN,NaN
NaN,0.0001919081,0.0002517077,0.0003080827,0.002257616,0.009817763,0.01757596,0.02411115,0.02985963,0.03476201,0.03902305,0.04263272,0.04569893,0.04822208,0.05025872,0.05181512,0.05292071,0.05358922,0.05383727,0.05368732,0.05315232,0.05226184,0.05103083,0.0494938,0.04766717,0.04559002,0.04327837,0.04077334,0.0380889,0.03526619,0.03231578,0.02927835,0.02616044,0.02300318,0.01981262,0.01663335,0.01347743,0.0104015,0.007432582,0.004653923,0.002118758,-4.355996e-05,-0.001745256,-0.002791236,-0.003071286,-0.0022819,-0.0007174307,-0.0001730555,-0.0001448733,-0.0001200884,NaN,NaN,NaN,NaN,NaN,NaN,NaN,NaN,NaN,NaN,NaN,NaN,NaN,NaN,NaN,NaN,NaN,NaN,NaN,NaN,NaN,NaN,NaN,NaN,NaN,NaN,NaN,NaN,NaN,NaN,NaN,NaN,NaN,NaN,NaN,NaN,NaN,NaN,NaN,NaN,NaN,NaN,NaN,NaN,NaN,NaN,NaN,NaN,NaN,NaN
NaN,NaN,0.0001736476,0.0002081589,0.0002489096,0.001874233,0.008528613,0.0154989,0.02147896,0.02675246,0.03129889,0.03524968,0.03862046,0.04147368,0.04383116,0.04571993,0.04716488,0.04817511,0.04877983,0.04898108,0.04881251,0.04827669,0.04740992,0.04621814,0.04474032,0.04298419,0.04099053,0.03876774,0.0363568,0.03376565,0.03103441,0.02816989,0.0252128,0.02217092,0.01908779,0.01597887,0.01289751,0.009875898,0.006990111,0.004300736,0.001924796,-3.845263e-05,-0.001409348,-0.002056398,-0.001715798,-0.0005750607,-0.0001651366,-0.0001437594,-0.0001254273,NaN,NaN,NaN,NaN,NaN,NaN,NaN,NaN,NaN,NaN,NaN,NaN,NaN,NaN,NaN,NaN,NaN,NaN,NaN,NaN,NaN,NaN,NaN,NaN,NaN,NaN,NaN,NaN,NaN,NaN,NaN,NaN,NaN,NaN,NaN,NaN,NaN,NaN,NaN,NaN,NaN,NaN,NaN,NaN,NaN,NaN,NaN,NaN,NaN,NaN,NaN
NaN,NaN,NaN,0.0001545906,0.0001728083,0.0002088835,0.001608945,0.007481043,0.01374729,0.01920041,0.02402343,0.02821399,0.03185486,0.03497212,0.03759982,0.03976919,0.04149017,0.04279603,0.04368536,0.04419388,0.04431736,0.04409282,0.04351908,0.04263332,0.04143762,0.03997038,0.03823584,0.03627251,0.03408617,0.03171464,0.02916503,0.02647546,0.02365531,0.0207457,0.01776426,0.01476045,0.01176969,0.008860922,0.00609924,0.003589401,0.00143888,-0.000193115,-0.001154873,-0.001206427,-0.0004556246,-0.00015524,-0.0001382833,-0.0001250723,NaN,NaN,NaN,NaN,NaN,NaN,NaN,NaN,NaN,NaN,NaN,NaN,NaN,NaN,NaN,NaN,NaN,NaN,NaN,NaN,NaN,NaN,NaN,NaN,NaN,NaN,NaN,NaN,NaN,NaN,NaN,NaN,NaN,NaN,NaN,NaN,NaN,NaN,NaN,NaN,NaN,NaN,NaN,NaN,NaN,NaN,NaN,NaN,NaN,NaN,NaN,NaN
NaN,NaN,NaN,NaN,0.0001299164,0.0001375718,0.0001750409,0.001411322,0.006601965,0.01222983,0.01718736,0.02158121,0.02542058,0.02875131,0.03160584,0.03399701,0.03596191,0.03749768,0.03864314,0.03938938,0.03977586,0.03979452,0.03948354,0.03883877,0.03789791,0.03665978,0.03516195,0.03340603,0.0314291,0.02923568,0.02686277,0.02431868,0.02164354,0.01885379,0.0159972,0.01310799,0.01025103,0.007490418,0.004922728,0.002655189,0.0008347506,-0.0003818089,-0.0007822881,-0.0003793113,-0.0001542868,-0.0001377476,-0.0001283131,NaN,NaN,NaN,NaN,NaN,NaN,NaN,NaN,NaN,NaN,NaN,NaN,NaN,NaN,NaN,NaN,NaN,NaN,NaN,NaN,NaN,NaN,NaN,NaN,NaN,NaN,NaN,NaN,NaN,NaN,NaN,NaN,NaN,NaN,NaN,NaN,NaN,NaN,NaN,NaN,NaN,NaN,NaN,NaN,NaN,NaN,NaN,NaN,NaN,NaN,NaN,NaN,NaN
NaN,NaN,NaN,NaN,NaN,0.0001097669,0.0001112153,0.0001517162,0.001270539,0.005868253,0.010914,0.01540244,0.01938639,0.0228785,0.02589989,0.0284842,0.03063029,0.03237665,0.03371308,0.03467978,0.03526467,0.0355069,0.03539765,0.03497377,0.03423005,0.03320283,0.03189013,0.03032776,0.02851734,0.0264948,0.0242667,0.0218718,0.01932446,0.0166712,0.01394287,0.01120152,0.008506927,0.005949913,0.003632702,0.00169127,0.0002807215,-0.000396424,-0.0002906627,-0.0001456435,-0.0001327808,-0.0001270339,NaN,NaN,NaN,NaN,NaN,NaN,NaN,NaN,NaN,NaN,NaN,NaN,NaN,NaN,NaN,NaN,NaN,NaN,NaN,NaN,NaN,NaN,NaN,NaN,NaN,NaN,NaN,NaN,NaN,NaN,NaN,NaN,NaN,NaN,NaN,NaN,NaN,NaN,NaN,NaN,NaN,NaN,NaN,NaN,NaN,NaN,NaN,NaN,NaN,NaN,NaN,NaN,NaN,NaN
NaN,NaN,NaN,NaN,NaN,NaN,8.613263e-05,8.329064e-05,0.0001293954,0.001156435,0.005226362,0.009737314,0.01378235,0.0173717,0.02052226,0.02323496,0.02554391,0.02743695,0.02895367,0.03007828,0.03085128,0.0312587,0.03133839,0.03108078,0.03052193,0.02965582,0.02851786,0.02710614,0.02545624,0.02357171,0.02149038,0.01922396,0.01681777,0.01429833,0.01172533,0.00915254,0.006665516,0.00435948,0.002360993,0.0008183817,-8.191846e-05,-0.0002259829,-0.0001430517,-0.0001307676,-0.0001284761,NaN,NaN,NaN,NaN,NaN,NaN,NaN,NaN,NaN,NaN,NaN,NaN,NaN,NaN,NaN,NaN,NaN,NaN,NaN,NaN,NaN,NaN,NaN,NaN,NaN,NaN,NaN,NaN,NaN,NaN,NaN,NaN,NaN,NaN,NaN,NaN,NaN,NaN,NaN,NaN,NaN,NaN,NaN,NaN,NaN,NaN,NaN,NaN,NaN,NaN,NaN,NaN,NaN,NaN,NaN
NaN,NaN,NaN,NaN,NaN,NaN,NaN,6.758643e-05,6.197832e-05,0.0001149358,0.001069052,0.004666082,0.00868192,0.01230467,0.01551448,0.01832847,0.02073339,0.0227622,0.02439606,0.0256735,0.02657644,0.02714297,0.02735957,0.02726155,0.02683983,0.02612902,0.02512433,0.02386043,0.02233804,0.02059394,0.0186373,0.01651161,0.01423926,0.01187759,0.009473453,0.007107816,0.004866584,0.002868502,0.0012517,0.0001921664,-0.0001519646,-0.0001333977,-0.0001262878,-0.0001251006,NaN,NaN,NaN,NaN,NaN,NaN,NaN,NaN,NaN,NaN,NaN,NaN,NaN,NaN,NaN,NaN,NaN,NaN,NaN,NaN,NaN,NaN,NaN,NaN,NaN,NaN,NaN,NaN,NaN,NaN,NaN,NaN,NaN,NaN,NaN,NaN,NaN,NaN,NaN,NaN,NaN,NaN,NaN,NaN,NaN,NaN,NaN,NaN,NaN,NaN,NaN,NaN,NaN,NaN,NaN,NaN
NaN,NaN,NaN,NaN,NaN,NaN,NaN,NaN,4.586486e-05,3.872859e-05,9.924333e-05,0.000983502,0.004145612,0.007701295,0.01092319,0.0137665,0.01624903,0.01834712,0.02009285,0.0214629,0.022494,0.02316739,0.02351812,0.02353345,0.02324724,0.02265142,0.02178016,0.02063106,0.01924033,0.01761377,0.0157933,0.01379733,0.01168083,0.009483393,0.007282006,0.005152086,0.003205079,0.001566425,0.0004024675,-9.511361e-05,-0.0001281006,-0.000124193,-0.0001254875,NaN,NaN,NaN,NaN,NaN,NaN,NaN,NaN,NaN,NaN,NaN,NaN,NaN,NaN,NaN,NaN,NaN,NaN,NaN,NaN,NaN,NaN,NaN,NaN,NaN,NaN,NaN,NaN,NaN,NaN,NaN,NaN,NaN,NaN,NaN,NaN,NaN,NaN,NaN,NaN,NaN,NaN,NaN,NaN,NaN,NaN,NaN,NaN,NaN,NaN,NaN,NaN,NaN,NaN,NaN,NaN,NaN
NaN,NaN,NaN,NaN,NaN,NaN,NaN,NaN,NaN,2.938698e-05,2.175074e-05,8.958826e-05,0.0009057004,0.00366496,0.006789753,0.009628655,0.01211713,0.01427323,0.01606665,0.01752787,0.01863187,0.01941205,0.01985094,0.0199806,0.01979001,0.01931204,0.0185416,0.01751356,0.01623072,0.0147331,0.01303573,0.01119027,0.0092303,0.007228102,0.005249154,0.003397392,0.001785172,0.0005696627,-3.672598e-05,-0.0001173462,-0.000119082,-0.0001207595,NaN,NaN,NaN,NaN,NaN,NaN,NaN,NaN,NaN,NaN,NaN,NaN,NaN,NaN,NaN,NaN,NaN,NaN,NaN,NaN,NaN,NaN,NaN,NaN,NaN,NaN,NaN,NaN,NaN,NaN,NaN,NaN,NaN,NaN,NaN,NaN,NaN,NaN,NaN,NaN,NaN,NaN,NaN,NaN,NaN,NaN,NaN,NaN,NaN,NaN,NaN,NaN,NaN,NaN,NaN,NaN,NaN,NaN
NaN,NaN,NaN,NaN,NaN,NaN,NaN,NaN,NaN,2.984549e-05,1.009735e-05,3.323213e-06,7.745914e-05,0.0008196018,0.003194846,0.005914056,0.008387558,0.01053241,0.01236865,0.01386119,0.01503902,0.01587742,0.01640616,0.01660985,0.01651937,0.01612624,0.01546389,0.01453183,0.01336853,0.01198486,0.01042935,0.00873013,0.006955001,0.00515898,0.003440046,0.001895332,0.0006761174,8.664944e-06,-0.0001096966,-0.0001171517,-0.0001203113,-0.0001225821,NaN,NaN,NaN,NaN,NaN,NaN,NaN,NaN,NaN,NaN,NaN,NaN,NaN,NaN,NaN,NaN,NaN,NaN,NaN,NaN,NaN,NaN,NaN,NaN,NaN,NaN,NaN,NaN,NaN,NaN,NaN,NaN,NaN,NaN,NaN,NaN,NaN,NaN,NaN,NaN,NaN,NaN,NaN,NaN,NaN,NaN,NaN,NaN,NaN,NaN,NaN,NaN,NaN,NaN,NaN,NaN,NaN,NaN
NaN,NaN,NaN,NaN,NaN,NaN,NaN,NaN,NaN,NaN,1.327964e-05,-3.425933e-06,-8.873283e-06,6.970463e-05,0.0007312748,0.002740284,0.00507601,0.007199788,0.009013292,0.01053687,0.01173502,0.0126336,0.01321049,0.01349276,0.01346819,0.01316755,0.01258719,0.01176289,0.01070184,0.009449026,0.008027857,0.006500564,0.004913922,0.003358264,0.001917347,0.0007371106,4.963972e-05,-9.74191e-05,-0.000110878,-0.0001148399,-0.0001176397,NaN,NaN,NaN,NaN,NaN,NaN,NaN,NaN,NaN,NaN,NaN,NaN,NaN,NaN,NaN,NaN,NaN,NaN,NaN,NaN,NaN,NaN,NaN,NaN,NaN,NaN,NaN,NaN,NaN,NaN,NaN,NaN,NaN,NaN,NaN,NaN,NaN,NaN,NaN,NaN,NaN,NaN,NaN,NaN,NaN,NaN,NaN,NaN,NaN,NaN,NaN,NaN,NaN,NaN,NaN,NaN,NaN,NaN,NaN
NaN,NaN,NaN,NaN,NaN,NaN,NaN,NaN,NaN,NaN,NaN,-5.626033e-06,-1.932135e-05,-2.269953e-05,5.778093e-05,0.0006283142,0.002283113,0.004254727,0.006044624,0.007539667,0.008760363,0.009673976,0.01030215,0.01062733,0.01067583,0.01044004,0.009952269,0.009215962,0.008272354,0.007139968,0.005874732,0.00451713,0.003149278,0.001841856,0.0007378506,7.284282e-05,-8.90857e-05,-0.0001085786,-0.000113382,-0.0001167137,NaN,NaN,NaN,NaN,NaN,NaN,NaN,NaN,NaN,NaN,NaN,NaN,NaN,NaN,NaN,NaN,NaN,NaN,NaN,NaN,NaN,NaN,NaN,NaN,NaN,NaN,NaN,NaN,NaN,NaN,NaN,NaN,NaN,NaN,NaN,NaN,NaN,NaN,NaN,NaN,NaN,NaN,NaN,NaN,NaN,NaN,NaN,NaN,NaN,NaN,NaN,NaN,NaN,NaN,NaN,NaN,NaN,NaN,NaN,NaN
NaN,NaN,NaN,NaN,NaN,NaN,NaN,NaN,NaN,NaN,NaN,NaN,-1.865753e-05,-2.94221e-05,-3.050138e-05,4.849393e-05,0.0005228691,0.001838355,0.003460516,0.004929504,0.006121896,0.007052942,0.007695379,0.008069079,0.008161169,0.007999321,0.00758266,0.006947731,0.006107904,0.00511365,0.003998705,0.002836575,0.001688643,0.0006948861,8.751232e-05,-7.751807e-05,-0.0001018566,-0.0001075272,-0.0001113128,NaN,NaN,NaN,NaN,NaN,NaN,NaN,NaN,NaN,NaN,NaN,NaN,NaN,NaN,NaN,NaN,NaN,NaN,NaN,NaN,NaN,NaN,NaN,NaN,NaN,NaN,NaN,NaN,NaN,NaN,NaN,NaN,NaN,NaN,NaN,NaN,NaN,NaN,NaN,NaN,NaN,NaN,NaN,NaN,NaN,NaN,NaN,NaN,NaN,NaN,NaN,NaN,NaN,NaN,NaN,NaN,NaN,NaN,NaN,NaN,NaN
NaN,NaN,NaN,NaN,NaN,NaN,NaN,NaN,NaN,NaN,NaN,NaN,NaN,-3.372296e-05,-4.145798e-05,-4.005365e-05,3.42355e-05,0.0004091152,0.001401173,0.002682664,0.00384402,0.00475268,0.00541246,0.005803708,0.005946921,0.005835737,0.005500841,0.004950731,0.004229455,0.003364615,0.002419384,0.001452316,0.0006006208,8.327373e-05,-7.105661e-05,-9.916419e-05,-0.0001054871,-0.0001099929,NaN,NaN,NaN,NaN,NaN,NaN,NaN,NaN,NaN,NaN,NaN,NaN,NaN,NaN,NaN,NaN,NaN,NaN,NaN,NaN,NaN,NaN,NaN,NaN,NaN,NaN,NaN,NaN,NaN,NaN,NaN,NaN,NaN,NaN,NaN,NaN,NaN,NaN,NaN,NaN,NaN,NaN,NaN,NaN,NaN,NaN,NaN,NaN,NaN,NaN,NaN,NaN,NaN,NaN,NaN,NaN,NaN,NaN,NaN,NaN,NaN,NaN
NaN,NaN,NaN,NaN,NaN,NaN,NaN,NaN,NaN,NaN,NaN,NaN,NaN,-2.803534e-05,-4.297993e-05,-4.774554e-05,-4.444698e-05,2.179679e-05,0.0002997842,0.0009977045,0.001941667,0.002807071,0.003451512,0.003865967,0.004035533,0.003983093,0.003712028,0.003258365,0.002643308,0.001923416,0.001156004,0.0004774706,7.004883e-05,-6.290484e-05,-9.269528e-05,-9.950516e-05,-0.0001044893,-0.0001072897,NaN,NaN,NaN,NaN,NaN,NaN,NaN,NaN,NaN,NaN,NaN,NaN,NaN,NaN,NaN,NaN,NaN,NaN,NaN,NaN,NaN,NaN,NaN,NaN,NaN,NaN,NaN,NaN,NaN,NaN,NaN,NaN,NaN,NaN,NaN,NaN,NaN,NaN,NaN,NaN,NaN,NaN,NaN,NaN,NaN,NaN,NaN,NaN,NaN,NaN,NaN,NaN,NaN,NaN,NaN,NaN,NaN,NaN,NaN,NaN,NaN,NaN
NaN,NaN,NaN,NaN,NaN,NaN,NaN,NaN,NaN,NaN,NaN,NaN,NaN,NaN,-4.095375e-05,-5.381762e-05,-5.593816e-05,-5.125008e-05,4.555311e-06,0.0001944519,0.0006392612,0.001253721,0.00183192,0.002231555,0.002430405,0.002417589,0.002218564,0.001849685,0.00136124,0.0008122056,0.0003328172,4.35587e-05,-6.089377e-05,-9.011217e-05,-9.73714e-05,-0.00010283,-0.0001055262,NaN,NaN,NaN,NaN,NaN,NaN,NaN,NaN,NaN,NaN,NaN,NaN,NaN,NaN,NaN,NaN,NaN,NaN,NaN,NaN,NaN,NaN,NaN,NaN,NaN,NaN,NaN,NaN,NaN,NaN,NaN,NaN,NaN,NaN,NaN,NaN,NaN,NaN,NaN,NaN,NaN,NaN,NaN,NaN,NaN,NaN,NaN,NaN,NaN,NaN,NaN,NaN,NaN,NaN,NaN,NaN,NaN,NaN,NaN,NaN,NaN,NaN,NaN
NaN,NaN,NaN,NaN,NaN,NaN,NaN,NaN,NaN,NaN,NaN,NaN,NaN,NaN,NaN,-4.855827e-05,-5.920001e-05,-5.911263e-05,-5.375141e-05,-1.008103e-05,0.0001073244,0.0003560007,0.0006840979,0.0009876475,0.001163586,0.001186035,0.001049926,0.0007963722,0.000479254,0.0001967382,1.614073e-05,-5.796341e-05,-8.441092e-05,-9.170039e-05,-9.749407e-05,-0.0001000759,NaN,NaN,NaN,NaN,NaN,NaN,NaN,NaN,NaN,NaN,NaN,NaN,NaN,NaN,NaN,NaN,NaN,NaN,NaN,NaN,NaN,NaN,NaN,NaN,NaN,NaN,NaN,NaN,NaN,NaN,NaN,NaN,NaN,NaN,NaN,NaN,NaN,NaN,NaN,NaN,NaN,NaN,NaN,NaN,NaN,NaN,NaN,NaN,NaN,NaN,NaN,NaN,NaN,NaN,NaN,NaN,NaN,NaN,NaN,NaN,NaN,NaN,NaN,NaN
NaN,NaN,NaN,NaN,NaN,NaN,NaN,NaN,NaN,NaN,NaN,NaN,NaN,NaN,NaN,-5.285344e-05,-5.761399e-05,-6.598062e-05,-6.411872e-05,-5.897889e-05,-2.741333e-05,3.714498e-05,0.0001531722,0.0002836515,0.0003822936,0.0003991339,0.00033546,0.0002111118,8.273604e-05,-1.328024e-05,-6.053377e-05,-8.263489e-05,-8.954928e-05,-9.552964e-05,-9.800539e-05,-0.0001026027,NaN,NaN,NaN,NaN,NaN,NaN,NaN,NaN,NaN,NaN,NaN,NaN,NaN,NaN,NaN,NaN,NaN,NaN,NaN,NaN,NaN,NaN,NaN,NaN,NaN,NaN,NaN,NaN,NaN,NaN,NaN,NaN,NaN,NaN,NaN,NaN,NaN,NaN,NaN,NaN,NaN,NaN,NaN,NaN,NaN,NaN,NaN,NaN,NaN,NaN,NaN,NaN,NaN,NaN,NaN,NaN,NaN,NaN,NaN,NaN,NaN,NaN,NaN,NaN
NaN,NaN,NaN,NaN,NaN,NaN,NaN,NaN,NaN,NaN,NaN,NaN,NaN,NaN,NaN,NaN,-5.858525e-05,-6.155385e-05,-6.778528e-05,-6.48119e-05,-6.056953e-05,-3.998632e-05,-9.273522e-06,3.410196e-05,6.605365e-05,7.496878e-05,4.935872e-05,8.322894e-06,-3.43944e-05,-6.126325e-05,-7.811532e-05,-8.425045e-05,-9.014724e-05,-9.246527e-05,-9.704244e-05,NaN,NaN,NaN,NaN,NaN,NaN,NaN,NaN,NaN,NaN,NaN,NaN,NaN,NaN,NaN,NaN,NaN,NaN,NaN,NaN,NaN,NaN,NaN,NaN,NaN,NaN,NaN,NaN,NaN,NaN,NaN,NaN,NaN,NaN,NaN,NaN,NaN,NaN,NaN,NaN,NaN,NaN,NaN,NaN,NaN,NaN,NaN,NaN,NaN,NaN,NaN,NaN,NaN,NaN,NaN,NaN,NaN,NaN,NaN,NaN,NaN,NaN,NaN,NaN,NaN
NaN,NaN,NaN,NaN,NaN,NaN,NaN,NaN,NaN,NaN,NaN,NaN,NaN,NaN,NaN,NaN,NaN,-6.45539e-05,-6.59504e-05,-7.027239e-05,-6.691602e-05,-6.382674e-05,-5.201762e-05,-4.05323e-05,-2.832903e-05,-2.802494e-05,-3.528926e-05,-5.148154e-05,-6.46531e-05,-7.624925e-05,-8.139403e-05,-8.696619e-05,-8.906894e-05,-9.349736e-05,NaN,NaN,NaN,NaN,NaN,NaN,NaN,NaN,NaN,NaN,NaN,NaN,NaN,NaN,NaN,NaN,NaN,NaN,NaN,NaN,NaN,NaN,NaN,NaN,NaN,NaN,NaN,NaN,NaN,NaN,NaN,NaN,NaN,NaN,NaN,NaN,NaN,NaN,NaN,NaN,NaN,NaN,NaN,NaN,NaN,NaN,NaN,NaN,NaN,NaN,NaN,NaN,NaN,NaN,NaN,NaN,NaN,NaN,NaN,NaN,NaN,NaN,NaN,NaN,NaN,NaN
NaN,NaN,NaN,NaN,NaN,NaN,NaN,NaN,NaN,NaN,NaN,NaN,NaN,NaN,NaN,NaN,NaN,-5.815822e-05,-6.445916e-05,-6.465535e-05,-6.738876e-05,-6.431804e-05,-6.254275e-05,-5.664368e-05,-5.461179e-05,-5.310562e-05,-5.824308e-05,-6.320133e-05,-7.061908e-05,-7.448326e-05,-7.938076e-05,-8.125787e-05,-8.53013e-05,-8.728514e-05,NaN,NaN,NaN,NaN,NaN,NaN,NaN,NaN,NaN,NaN,NaN,NaN,NaN,NaN,NaN,NaN,NaN,NaN,NaN,NaN,NaN,NaN,NaN,NaN,NaN,NaN,NaN,NaN,NaN,NaN,NaN,NaN,NaN,NaN,NaN,NaN,NaN,NaN,NaN,NaN,NaN,NaN,NaN,NaN,NaN,NaN,NaN,NaN,NaN,NaN,NaN,NaN,NaN,NaN,NaN,NaN,NaN,NaN,NaN,NaN,NaN,NaN,NaN,NaN,NaN,NaN
NaN,NaN,NaN,NaN,NaN,NaN,NaN,NaN,NaN,NaN,NaN,NaN,NaN,NaN,NaN,NaN,NaN,NaN,-5.757523e-05,-6.18182e-05,-6.125127e-05,-6.277741e-05,-6.03942e-05,-6.00356e-05,-5.762723e-05,-5.911481e-05,-6.014782e-05,-6.449025e-05,-6.693787e-05,-7.086836e-05,-7.248802e-05,-7.596588e-05,-7.754528e-05,NaN,NaN,NaN,NaN,NaN,NaN,NaN,NaN,NaN,NaN,NaN,NaN,NaN,NaN,NaN,NaN,NaN,NaN,NaN,NaN,NaN,NaN,NaN,NaN,NaN,NaN,NaN,NaN,NaN,NaN,NaN,NaN,NaN,NaN,NaN,NaN,NaN,NaN,NaN,NaN,NaN,NaN,NaN,NaN,NaN,NaN,NaN,NaN,NaN,NaN,NaN,NaN,NaN,NaN,NaN,NaN,NaN,NaN,NaN,NaN,NaN,NaN,NaN,NaN,NaN,NaN,NaN
NaN,NaN,NaN,NaN,NaN,NaN,NaN,NaN,NaN,NaN,NaN,NaN,NaN,NaN,NaN,NaN,NaN,NaN,-4.838066e-05,-4.886433e-05,-5.14045e-05,-5.052742e-05,-5.135935e-05,-4.977522e-05,-5.047346e-05,-4.993341e-05,-5.217971e-05,-5.321899e-05,-5.613944e-05,-5.733198e-05,-6.004489e-05,-6.115906e-05,-6.402215e-05,NaN,NaN,NaN,NaN,NaN,NaN,NaN,NaN,NaN,NaN,NaN,NaN,NaN,NaN,NaN,NaN,NaN,NaN,NaN,NaN,NaN,NaN,NaN,NaN,NaN,NaN,NaN,NaN,NaN,NaN,NaN,NaN,NaN,NaN,NaN,NaN,NaN,NaN,NaN,NaN,NaN,NaN,NaN,NaN,NaN,NaN,NaN,NaN,NaN,NaN,NaN,NaN,NaN,NaN,NaN,NaN,NaN,NaN,NaN,NaN,NaN,NaN,NaN,NaN,NaN,NaN,NaN
NaN,NaN,NaN,NaN,NaN,NaN,NaN,NaN,NaN,NaN,NaN,NaN,NaN,NaN,NaN,NaN,NaN,NaN,NaN,-3.603449e-05,-3.580156e-05,-3.711635e-05,-3.628485e-05,-3.692325e-05,-3.60931e-05,-3.716225e-05,-3.727539e-05,-3.909519e-05,-3.973155e-05,-4.157513e-05,-4.221919e-05,-4.418046e-05,NaN,NaN,NaN,NaN,NaN,NaN,NaN,NaN,NaN,NaN,NaN,NaN,NaN,NaN,NaN,NaN,NaN,NaN,NaN,NaN,NaN,NaN,NaN,NaN,NaN,NaN,NaN,NaN,NaN,NaN,NaN,NaN,NaN,NaN,NaN,NaN,NaN,NaN,NaN,NaN,NaN,NaN,NaN,NaN,NaN,NaN,NaN,NaN,NaN,NaN,NaN,NaN,NaN,NaN,NaN,NaN,NaN,NaN,NaN,NaN,NaN,NaN,NaN,NaN,NaN,NaN,NaN,NaN
NaN,NaN,NaN,NaN,NaN,NaN,NaN,NaN,NaN,NaN,NaN,NaN,NaN,NaN,NaN,NaN,NaN,NaN,NaN,-1.801611e-05,-1.919659e-05,-1.877825e-05,-1.938779e-05,-1.882005e-05,-1.937078e-05,-1.906246e-05,-1.993346e-05,-2.001788e-05,-2.10596e-05,-2.127366e-05,-2.233841e-05,-2.261026e-05,NaN,NaN,NaN,NaN,NaN,NaN,NaN,NaN,NaN,NaN,NaN,NaN,NaN,NaN,NaN,NaN,NaN,NaN,NaN,NaN,NaN,NaN,NaN,NaN,NaN,NaN,NaN,NaN,NaN,NaN,NaN,NaN,NaN,NaN,NaN,NaN,NaN,NaN,NaN,NaN,NaN,NaN,NaN,NaN,NaN,NaN,NaN,NaN,NaN,NaN,NaN,NaN,NaN,NaN,NaN,NaN,NaN,NaN,NaN,NaN,NaN,NaN,NaN,NaN,NaN,NaN,NaN,NaN
NaN,NaN,NaN,NaN,NaN,NaN,NaN,NaN,NaN,NaN,NaN,NaN,NaN,NaN,NaN,NaN,NaN,NaN,NaN,-5.486794e-06,-5.240925e-06,-5.63542e-06,-5.360954e-06,-5.639582e-06,-5.375683e-06,-5.686533e-06,-5.54855e-06,-5.934075e-06,-5.878489e-06,-6.258235e-06,-6.221065e-06,-6.633828e-06,NaN,NaN,NaN,NaN,NaN,NaN,NaN,NaN,NaN,NaN,NaN,NaN,NaN,NaN,NaN,NaN,NaN,NaN,NaN,NaN,NaN,NaN,NaN,NaN,NaN,NaN,NaN,NaN,NaN,NaN,NaN,NaN,NaN,NaN,NaN,NaN,NaN,NaN,NaN,NaN,NaN,NaN,NaN,NaN,NaN,NaN,NaN,NaN,NaN,NaN,NaN,NaN,NaN,NaN,NaN,NaN,NaN,NaN,NaN,NaN,NaN,NaN,NaN,NaN,NaN,NaN,NaN,NaN
NaN,NaN,NaN,NaN,NaN,NaN,NaN,NaN,NaN,NaN,NaN,NaN,NaN,NaN,NaN,NaN,NaN,NaN,NaN,-2.96227e-10,1.895019e-10,-2.293046e-10,9.249695e-11,4.007518e-12,6.887323e-11,6.184962e-11,3.086969e-11,-7.1213e-10,-5.201465e-10,-9.902194e-11,2.455701e-10,-1.131789e-10,NaN,NaN,NaN,NaN,NaN,NaN,NaN,NaN,NaN,NaN,NaN,NaN,NaN,NaN,NaN,NaN,NaN,NaN,NaN,NaN,NaN,NaN,NaN,NaN,NaN,NaN,NaN,NaN,NaN,NaN,NaN,NaN,NaN,NaN,NaN,NaN,NaN,NaN,NaN,NaN,NaN,NaN,NaN,NaN,NaN,NaN,NaN,NaN,NaN,NaN,NaN,NaN,NaN,NaN,NaN,NaN,NaN,NaN,NaN,NaN,NaN,NaN,NaN,NaN,NaN,NaN,NaN,NaN
