NaN,NaN,NaN,NaN,NaN,NaN,NaN,NaN,NaN,NaN,NaN,NaN,NaN,NaN,NaN,NaN,NaN,NaN,NaN,9.710719e-11,5.846816e-11,5.445411e-10,-2.59145e-10,-1.321783e-10,1.210936e-10,3.707352e-10,-1.19969e-10,-2.302652e-10,1.637094e-10,2.526765e-10,9.286608e-11,3.407535e-10,NaN,NaN,NaN,NaN,NaN,NaN,NaN,NaN,NaN,NaN,NaN,NaN,NaN,NaN,NaN,NaN,NaN,NaN,NaN,NaN,NaN,NaN,NaN,NaN,NaN,NaN,NaN,NaN,NaN,NaN,NaN,NaN,NaN,NaN,NaN,NaN,NaN,NaN,NaN,NaN,NaN,NaN,NaN,NaN,NaN,NaN,NaN,NaN,NaN,NaN,NaN,NaN,NaN,NaN,NaN,NaN,NaN,NaN,NaN,NaN,NaN,NaN,NaN,NaN,NaN,NaN,NaN,NaN
NaN,NaN,NaN,NaN,NaN,NaN,NaN,NaN,NaN,NaN,NaN,NaN,NaN,NaN,NaN,NaN,NaN,NaN,NaN,2.65929e-06,2.409975e-06,2.216698e-06,2.006579e-06,1.875927e-06,1.689416e-06,1.525504e-06,1.271886e-06,1.046084e-06,7.683079e-07,5.614855e-07,3.214538e-07,1.275439e-07,NaN,NaN,NaN,NaN,NaN,NaN,NaN,NaN,NaN,NaN,NaN,NaN,NaN,NaN,NaN,NaN,NaN,NaN,NaN,NaN,NaN,NaN,NaN,NaN,NaN,NaN,NaN,NaN,NaN,NaN,NaN,NaN,NaN,NaN,NaN,NaN,NaN,NaN,NaN,NaN,NaN,NaN,NaN,NaN,NaN,NaN,NaN,NaN,NaN,NaN,NaN,NaN,NaN,NaN,NaN,NaN,NaN,NaN,NaN,NaN,NaN,NaN,NaN,NaN,NaN,NaN,NaN,NaN
NaN,NaN,NaN,NaN,NaN,NaN,NaN,NaN,NaN,NaN,NaN,NaN,NaN,NaN,NaN,NaN,NaN,NaN,NaN,9.484611e-06,8.72446e-06,7.906736e-06,7.366961e-06,6.710645e-06,6.236733e-06,5.466157e-06,4.730935e-06,3.720815e-06,2.904287e-06,1.952854e-06,1.233935e-06,3.846121e-07,NaN,NaN,NaN,NaN,NaN,NaN,NaN,NaN,NaN,NaN,NaN,NaN,NaN,NaN,NaN,NaN,NaN,NaN,NaN,NaN,NaN,NaN,NaN,NaN,NaN,NaN,NaN,NaN,NaN,NaN,NaN,NaN,NaN,NaN,NaN,NaN,NaN,NaN,NaN,NaN,NaN,NaN,NaN,NaN,NaN,NaN,NaN,NaN,NaN,NaN,NaN,NaN,NaN,NaN,NaN,NaN,NaN,NaN,NaN,NaN,NaN,NaN,NaN,NaN,NaN,NaN,NaN,NaN
NaN,NaN,NaN,NaN,NaN,NaN,NaN,NaN,NaN,NaN,NaN,NaN,NaN,NaN,NaN,NaN,NaN,NaN,NaN,1.804486e-05,1.64796e-05,1.513774e-05,1.397394e-05,1.309833e-05,1.208895e-05,1.087866e-05,9.205383e-06,7.392491e-06,5.496906e-06,3.852484e-06,2.278102e-06,8.314695e-07,NaN,NaN,NaN,NaN,NaN,NaN,NaN,NaN,NaN,NaN,NaN,NaN,NaN,NaN,NaN,NaN,NaN,NaN,NaN,NaN,NaN,NaN,NaN,NaN,NaN,NaN,NaN,NaN,NaN,NaN,NaN,NaN,NaN,NaN,NaN,NaN,NaN,NaN,NaN,NaN,NaN,NaN,NaN,NaN,NaN,NaN,NaN,NaN,NaN,NaN,NaN,NaN,NaN,NaN,NaN,NaN,NaN,NaN,NaN,NaN,NaN,NaN,NaN,NaN,NaN,NaN,NaN,NaN
NaN,NaN,NaN,NaN,NaN,NaN,NaN,NaN,NaN,NaN,NaN,NaN,NaN,NaN,NaN,NaN,NaN,NaN,2.819196e-05,2.565018e-05,2.366004e-05,2.173634e-05,2.062126e-05,1.941441e-05,1.851062e-05,1.660222e-05,1.430163e-05,1.113992e-05,8.407188e-06,5.572667e-06,3.416851e-06,1.108914e-06,-7.853125e-07,NaN,NaN,NaN,NaN,NaN,NaN,NaN,NaN,NaN,NaN,NaN,NaN,NaN,NaN,NaN,NaN,NaN,NaN,NaN,NaN,NaN,NaN,NaN,NaN,NaN,NaN,NaN,NaN,NaN,NaN,NaN,NaN,NaN,NaN,NaN,NaN,NaN,NaN,NaN,NaN,NaN,NaN,NaN,NaN,NaN,NaN,NaN,NaN,NaN,NaN,NaN,NaN,NaN,NaN,NaN,NaN,NaN,NaN,NaN,NaN,NaN,NaN,NaN,NaN,NaN,NaN,NaN
NaN,NaN,NaN,NaN,NaN,NaN,NaN,NaN,NaN,NaN,NaN,NaN,NaN,NaN,NaN,NaN,NaN,NaN,3.401121e-05,3.129512e-05,2.890049e-05,2.719963e-05,2.631843e-05,2.623134e-05,2.569734e-05,2.391719e-05,2.029519e-05,1.577111e-05,1.115985e-05,7.394783e-06,4.233594e-06,1.535629e-06,-1.086781e-06,NaN,NaN,NaN,NaN,NaN,NaN,NaN,NaN,NaN,NaN,NaN,NaN,NaN,NaN,NaN,NaN,NaN,NaN,NaN,NaN,NaN,NaN,NaN,NaN,NaN,NaN,NaN,NaN,NaN,NaN,NaN,NaN,NaN,NaN,NaN,NaN,NaN,NaN,NaN,NaN,NaN,NaN,NaN,NaN,NaN,NaN,NaN,NaN,NaN,NaN,NaN,NaN,NaN,NaN,NaN,NaN,NaN,NaN,NaN,NaN,NaN,NaN,NaN,NaN,NaN,NaN,NaN
NaN,NaN,NaN,NaN,NaN,NaN,NaN,NaN,NaN,NaN,NaN,NaN,NaN,NaN,NaN,NaN,NaN,4.065114e-05,3.781295e-05,3.468689e-05,3.280253e-05,3.20549e-05,3.366066e-05,3.599794e-05,3.813337e-05,3.647022e-05,3.131304e-05,2.32175e-05,1.584391e-05,9.511595e-06,5.31484e-06,1.727739e-06,-9.617103e-07,-4.064731e-06,NaN,NaN,NaN,NaN,NaN,NaN,NaN,NaN,NaN,NaN,NaN,NaN,NaN,NaN,NaN,NaN,NaN,NaN,NaN,NaN,NaN,NaN,NaN,NaN,NaN,NaN,NaN,NaN,NaN,NaN,NaN,NaN,NaN,NaN,NaN,NaN,NaN,NaN,NaN,NaN,NaN,NaN,NaN,NaN,NaN,NaN,NaN,NaN,NaN,NaN,NaN,NaN,NaN,NaN,NaN,NaN,NaN,NaN,NaN,NaN,NaN,NaN,NaN,NaN,NaN,NaN
NaN,NaN,NaN,NaN,NaN,NaN,NaN,NaN,NaN,NaN,NaN,NaN,NaN,NaN,NaN,NaN,NaN,4.294509e-05,3.955357e-05,3.728897e-05,3.688153e-05,4.013285e-05,4.832313e-05,6.00629e-05,6.92389e-05,6.977693e-05,5.945331e-05,4.28479e-05,2.637209e-05,1.448375e-05,7.06122e-06,2.43842e-06,-1.100483e-06,-3.988112e-06,NaN,NaN,NaN,NaN,NaN,NaN,NaN,NaN,NaN,NaN,NaN,NaN,NaN,NaN,NaN,NaN,NaN,NaN,NaN,NaN,NaN,NaN,NaN,NaN,NaN,NaN,NaN,NaN,NaN,NaN,NaN,NaN,NaN,NaN,NaN,NaN,NaN,NaN,NaN,NaN,NaN,NaN,NaN,NaN,NaN,NaN,NaN,NaN,NaN,NaN,NaN,NaN,NaN,NaN,NaN,NaN,NaN,NaN,NaN,NaN,NaN,NaN,NaN,NaN,NaN,NaN
NaN,NaN,NaN,NaN,NaN,NaN,NaN,NaN,NaN,NaN,NaN,NaN,NaN,NaN,NaN,NaN,4.750125e-05,4.359402e-05,4.145522e-05,4.070541e-05,4.62567e-05,6.272833e-05,9.394519e-05,0.0001331189,0.0001649452,0.0001704574,0.0001466049,0.0001031545,6.048444e-05,2.944942e-05,1.254642e-05,3.865602e-06,-4.879378e-07,-4.266941e-06,-6.914991e-06,NaN,NaN,NaN,NaN,NaN,NaN,NaN,NaN,NaN,NaN,NaN,NaN,NaN,NaN,NaN,NaN,NaN,NaN,NaN,NaN,NaN,NaN,NaN,NaN,NaN,NaN,NaN,NaN,NaN,NaN,NaN,NaN,NaN,NaN,NaN,NaN,NaN,NaN,NaN,NaN,NaN,NaN,NaN,NaN,NaN,NaN,NaN,NaN,NaN,NaN,NaN,NaN,NaN,NaN,NaN,NaN,NaN,NaN,NaN,NaN,NaN,NaN,NaN,NaN,NaN
NaN,NaN,NaN,NaN,NaN,NaN,NaN,NaN,NaN,NaN,NaN,NaN,NaN,NaN,NaN,5.149779e-05,4.75564e-05,4.525188e-05,4.426565e-05,5.178287e-05,7.890875e-05,0.0001426948,0.0002483421,0.0003669196,0.0004505462,0.0004656723,0.0004076407,0.0002977972,0.0001768992,8.349815e-05,3.213305e-05,9.778289e-06,5.451554e-07,-3.701724e-06,-7.292467e-06,-1.004121e-05,NaN,NaN,NaN,NaN,NaN,NaN,NaN,NaN,NaN,NaN,NaN,NaN,NaN,NaN,NaN,NaN,NaN,NaN,NaN,NaN,NaN,NaN,NaN,NaN,NaN,NaN,NaN,NaN,NaN,NaN,NaN,NaN,NaN,NaN,NaN,NaN,NaN,NaN,NaN,NaN,NaN,NaN,NaN,NaN,NaN,NaN,NaN,NaN,NaN,NaN,NaN,NaN,NaN,NaN,NaN,NaN,NaN,NaN,NaN,NaN,NaN,NaN,NaN,NaN
NaN,NaN,NaN,NaN,NaN,NaN,NaN,NaN,NaN,NaN,NaN,NaN,NaN,NaN,NaN,5.127975e-05,4.926283e-05,4.750567e-05,5.702441e-05,9.534868e-05,0.0002084992,0.0004269496,0.0007045036,0.0009433826,0.001079113,0.001090022,0.0009850898,0.0007823119,0.0005252666,0.0002781364,0.0001112388,3.304768e-05,6.577422e-06,-3.064659e-06,-6.765349e-06,-1.048467e-05,NaN,NaN,NaN,NaN,NaN,NaN,NaN,NaN,NaN,NaN,NaN,NaN,NaN,NaN,NaN,NaN,NaN,NaN,NaN,NaN,NaN,NaN,NaN,NaN,NaN,NaN,NaN,NaN,NaN,NaN,NaN,NaN,NaN,NaN,NaN,NaN,NaN,NaN,NaN,NaN,NaN,NaN,NaN,NaN,NaN,NaN,NaN,NaN,NaN,NaN,NaN,NaN,NaN,NaN,NaN,NaN,NaN,NaN,NaN,NaN,NaN,NaN,NaN,NaN
NaN,NaN,NaN,NaN,NaN,NaN,NaN,NaN,NaN,NaN,NaN,NaN,NaN,NaN,5.52943e-05,5.324524e-05,5.103557e-05,6.154371e-05,0.0001114276,0.0002887725,0.0006652332,0.001152739,0.00157248,0.001845033,0.001966337,0.001948335,0.00180468,0.001548679,0.001198262,0.000786223,0.0003953805,0.0001383473,3.198789e-05,2.612864e-06,-6.549824e-06,-1.006882e-05,-1.349637e-05,NaN,NaN,NaN,NaN,NaN,NaN,NaN,NaN,NaN,NaN,NaN,NaN,NaN,NaN,NaN,NaN,NaN,NaN,NaN,NaN,NaN,NaN,NaN,NaN,NaN,NaN,NaN,NaN,NaN,NaN,NaN,NaN,NaN,NaN,NaN,NaN,NaN,NaN,NaN,NaN,NaN,NaN,NaN,NaN,NaN,NaN,NaN,NaN,NaN,NaN,NaN,NaN,NaN,NaN,NaN,NaN,NaN,NaN,NaN,NaN,NaN,NaN,NaN
NaN,NaN,NaN,NaN,NaN,NaN,NaN,NaN,NaN,NaN,NaN,NaN,NaN,5.917111e-05,5.757413e-05,5.455994e-05,6.574818e-05,0.0001256666,0.00037837,0.0009466639,0.001655551,0.002234555,0.002632175,0.002858703,0.002937736,0.002882638,0.002708337,0.00242205,0.002036696,0.001562131,0.001029014,0.0005065364,0.0001602493,2.832554e-05,-1.600726e-06,-1.021526e-05,-1.322047e-05,-1.66521e-05,NaN,NaN,NaN,NaN,NaN,NaN,NaN,NaN,NaN,NaN,NaN,NaN,NaN,NaN,NaN,NaN,NaN,NaN,NaN,NaN,NaN,NaN,NaN,NaN,NaN,NaN,NaN,NaN,NaN,NaN,NaN,NaN,NaN,NaN,NaN,NaN,NaN,NaN,NaN,NaN,NaN,NaN,NaN,NaN,NaN,NaN,NaN,NaN,NaN,NaN,NaN,NaN,NaN,NaN,NaN,NaN,NaN,NaN,NaN,NaN,NaN,NaN
NaN,NaN,NaN,NaN,NaN,NaN,NaN,NaN,NaN,NaN,NaN,NaN,NaN,6.201125e-05,5.860372e-05,6.955479e-05,0.0001375986,0.000470418,0.001253592,0.002167474,0.002894434,0.00340623,0.003735172,0.003908176,0.003943865,0.003854937,0.003651109,0.003339842,0.002929135,0.002428192,0.00185014,0.001217179,0.0005966211,0.00017186,2.241791e-05,-6.285677e-06,-1.372438e-05,-1.661079e-05,NaN,NaN,NaN,NaN,NaN,NaN,NaN,NaN,NaN,NaN,NaN,NaN,NaN,NaN,NaN,NaN,NaN,NaN,NaN,NaN,NaN,NaN,NaN,NaN,NaN,NaN,NaN,NaN,NaN,NaN,NaN,NaN,NaN,NaN,NaN,NaN,NaN,NaN,NaN,NaN,NaN,NaN,NaN,NaN,NaN,NaN,NaN,NaN,NaN,NaN,NaN,NaN,NaN,NaN,NaN,NaN,NaN,NaN,NaN,NaN,NaN,NaN
NaN,NaN,NaN,NaN,NaN,NaN,NaN,NaN,NaN,NaN,NaN,NaN,6.684013e-05,6.267888e-05,7.354844e-05,0.0001466512,0.000558928,0.001570039,0.00267584,0.003542167,0.004167322,0.004594709,0.00486007,0.004981521,0.004978009,0.004856354,0.004627019,0.004291976,0.003859927,0.003334145,0.002728765,0.00205615,0.001342998,0.0006522159,0.0001710819,1.401879e-05,-1.08833e-05,-1.739793e-05,-1.983628e-05,NaN,NaN,NaN,NaN,NaN,NaN,NaN,NaN,NaN,NaN,NaN,NaN,NaN,NaN,NaN,NaN,NaN,NaN,NaN,NaN,NaN,NaN,NaN,NaN,NaN,NaN,NaN,NaN,NaN,NaN,NaN,NaN,NaN,NaN,NaN,NaN,NaN,NaN,NaN,NaN,NaN,NaN,NaN,NaN,NaN,NaN,NaN,NaN,NaN,NaN,NaN,NaN,NaN,NaN,NaN,NaN,NaN,NaN,NaN,NaN,NaN
NaN,NaN,NaN,NaN,NaN,NaN,NaN,NaN,NaN,NaN,NaN,7.188031e-05,6.738688e-05,7.769184e-05,0.0001536517,0.0006408345,0.001886126,0.003180535,0.004183978,0.004919709,0.005444671,0.005795603,0.005999693,0.006075522,0.006034694,0.005884785,0.005630512,0.005275246,0.004822338,0.004276481,0.003645059,0.002940211,0.002183323,0.001403693,0.0006679494,0.0001552587,4.951969e-06,-1.567194e-05,-2.098132e-05,-2.336308e-05,NaN,NaN,NaN,NaN,NaN,NaN,NaN,NaN,NaN,NaN,NaN,NaN,NaN,NaN,NaN,NaN,NaN,NaN,NaN,NaN,NaN,NaN,NaN,NaN,NaN,NaN,NaN,NaN,NaN,NaN,NaN,NaN,NaN,NaN,NaN,NaN,NaN,NaN,NaN,NaN,NaN,NaN,NaN,NaN,NaN,NaN,NaN,NaN,NaN,NaN,NaN,NaN,NaN,NaN,NaN,NaN,NaN,NaN,NaN,NaN
NaN,NaN,NaN,NaN,NaN,NaN,NaN,NaN,NaN,NaN,7.733663e-05,7.218946e-05,8.242107e-05,0.0001577892,0.0007152485,0.002197652,0.003685792,0.004825828,0.005673077,0.006289776,0.006723733,0.007003601,0.007155016,0.007187833,0.00711484,0.006937237,0.0066616,0.00628575,0.005815043,0.005248402,0.004594885,0.003860434,0.003064186,0.002229988,0.001399413,0.000639322,0.0001300413,-5.382391e-06,-2.036139e-05,-2.471018e-05,-2.674733e-05,NaN,NaN,NaN,NaN,NaN,NaN,NaN,NaN,NaN,NaN,NaN,NaN,NaN,NaN,NaN,NaN,NaN,NaN,NaN,NaN,NaN,NaN,NaN,NaN,NaN,NaN,NaN,NaN,NaN,NaN,NaN,NaN,NaN,NaN,NaN,NaN,NaN,NaN,NaN,NaN,NaN,NaN,NaN,NaN,NaN,NaN,NaN,NaN,NaN,NaN,NaN,NaN,NaN,NaN,NaN,NaN,NaN,NaN,NaN
NaN,NaN,NaN,NaN,NaN,NaN,NaN,NaN,NaN,8.316943e-05,7.778357e-05,8.776809e-05,0.0001606961,0.0007778889,0.002506605,0.004195797,0.005478283,0.006435783,0.007142861,0.007653896,0.008006542,0.008226009,0.008328673,0.008325249,0.008221148,0.00801947,0.007721107,0.007326443,0.006835717,0.006250353,0.005573554,0.004812177,0.003979356,0.003095658,0.002194954,0.001326352,0.0005690824,9.103971e-05,-1.585788e-05,-2.529282e-05,-2.83701e-05,-3.046255e-05,NaN,NaN,NaN,NaN,NaN,NaN,NaN,NaN,NaN,NaN,NaN,NaN,NaN,NaN,NaN,NaN,NaN,NaN,NaN,NaN,NaN,NaN,NaN,NaN,NaN,NaN,NaN,NaN,NaN,NaN,NaN,NaN,NaN,NaN,NaN,NaN,NaN,NaN,NaN,NaN,NaN,NaN,NaN,NaN,NaN,NaN,NaN,NaN,NaN,NaN,NaN,NaN,NaN,NaN,NaN,NaN,NaN,NaN
NaN,NaN,NaN,NaN,NaN,NaN,NaN,NaN,NaN,8.347543e-05,9.399252e-05,0.0001626612,0.0008327691,0.002813371,0.004717761,0.006147552,0.007219258,0.008013325,0.008600447,0.009019615,0.009304686,0.00947058,0.0095335,0.009495557,0.009364381,0.009136794,0.008816772,0.008399494,0.007888514,0.007280088,0.006580274,0.005790238,0.004923168,0.003992549,0.003029082,0.002070799,0.001183285,0.0004529064,4.368995e-05,-2.624466e-05,-3.010904e-05,-3.228636e-05,NaN,NaN,NaN,NaN,NaN,NaN,NaN,NaN,NaN,NaN,NaN,NaN,NaN,NaN,NaN,NaN,NaN,NaN,NaN,NaN,NaN,NaN,NaN,NaN,NaN,NaN,NaN,NaN,NaN,NaN,NaN,NaN,NaN,NaN,NaN,NaN,NaN,NaN,NaN,NaN,NaN,NaN,NaN,NaN,NaN,NaN,NaN,NaN,NaN,NaN,NaN,NaN,NaN,NaN,NaN,NaN,NaN,NaN
NaN,NaN,NaN,NaN,NaN,NaN,NaN,NaN,9.01891e-05,0.0001011219,0.0001653972,0.0008824109,0.003128025,0.005258131,0.006845288,0.008032809,0.008916416,0.009576344,0.01006151,0.01040738,0.01063532,0.01075888,0.01078499,0.01071766,0.01055749,0.01030449,0.009957379,0.009515195,0.008976974,0.008342761,0.007613699,0.006793319,0.005889226,0.004914211,0.003890447,0.002852368,0.001851373,0.0009627167,0.0002929422,-1.127792e-05,-3.594582e-05,-3.532836e-05,-3.599189e-05,NaN,NaN,NaN,NaN,NaN,NaN,NaN,NaN,NaN,NaN,NaN,NaN,NaN,NaN,NaN,NaN,NaN,NaN,NaN,NaN,NaN,NaN,NaN,NaN,NaN,NaN,NaN,NaN,NaN,NaN,NaN,NaN,NaN,NaN,NaN,NaN,NaN,NaN,NaN,NaN,NaN,NaN,NaN,NaN,NaN,NaN,NaN,NaN,NaN,NaN,NaN,NaN,NaN,NaN,NaN,NaN,NaN
NaN,NaN,NaN,NaN,NaN,NaN,NaN,9.709983e-05,0.000109183,0.0001683027,0.000932529,0.003457107,0.005829106,0.007579442,0.008889566,0.009862754,0.01059831,0.01114706,0.01155523,0.01184203,0.01202709,0.01211342,0.01210929,0.01201067,0.01182169,0.0115366,0.01115856,0.01068207,0.01011082,0.009440573,0.008676653,0.007817885,0.006873738,0.005850743,0.004769953,0.003655364,0.002553741,0.001524072,0.0006608015,8.642031e-05,-7.137954e-05,-4.639421e-05,-4.049472e-05,-4.002922e-05,NaN,NaN,NaN,NaN,NaN,NaN,NaN,NaN,NaN,NaN,NaN,NaN,NaN,NaN,NaN,NaN,NaN,NaN,NaN,NaN,NaN,NaN,NaN,NaN,NaN,NaN,NaN,NaN,NaN,NaN,NaN,NaN,NaN,NaN,NaN,NaN,NaN,NaN,NaN,NaN,NaN,NaN,NaN,NaN,NaN,NaN,NaN,NaN,NaN,NaN,NaN,NaN,NaN,NaN,NaN,NaN
NaN,NaN,NaN,NaN,NaN,NaN,0.0001053213,0.0001183529,0.0001738065,0.0009833821,0.003813319,0.006441131,0.008365469,0.009801252,0.0108696,0.01168112,0.01229765,0.01276783,0.01311721,0.01336312,0.01351276,0.01356972,0.01353362,0.01340384,0.01317822,0.01285566,0.01243478,0.01191535,0.0112973,0.01058158,0.009769591,0.008864085,0.007869986,0.006795126,0.005653334,0.004466639,0.003269584,0.002114738,0.001078275,0.0002676994,-0.0001708153,-0.0001440076,-5.48217e-05,-4.597235e-05,-4.374201e-05,NaN,NaN,NaN,NaN,NaN,NaN,NaN,NaN,NaN,NaN,NaN,NaN,NaN,NaN,NaN,NaN,NaN,NaN,NaN,NaN,NaN,NaN,NaN,NaN,NaN,NaN,NaN,NaN,NaN,NaN,NaN,NaN,NaN,NaN,NaN,NaN,NaN,NaN,NaN,NaN,NaN,NaN,NaN,NaN,NaN,NaN,NaN,NaN,NaN,NaN,NaN,NaN,NaN,NaN,NaN
NaN,NaN,NaN,NaN,NaN,0.0001138784,0.0001284857,0.0001817736,0.001048545,0.004204839,0.007108025,0.009213956,0.01078395,0.01194978,0.01284377,0.01353011,0.01406898,0.01448317,0.01479659,0.01501122,0.01513473,0.01516098,0.01509283,0.01492262,0.01465334,0.01427897,0.01380406,0.01322461,0.01254664,0.01176766,0.01089467,0.009926735,0.008872403,0.00773453,0.006527783,0.00526566,0.003979515,0.002708001,0.001517982,0.00049752,-0.0002264927,-0.0004838758,-0.0002136149,-6.550162e-05,-5.172359e-05,-4.77798e-05,NaN,NaN,NaN,NaN,NaN,NaN,NaN,NaN,NaN,NaN,NaN,NaN,NaN,NaN,NaN,NaN,NaN,NaN,NaN,NaN,NaN,NaN,NaN,NaN,NaN,NaN,NaN,NaN,NaN,NaN,NaN,NaN,NaN,NaN,NaN,NaN,NaN,NaN,NaN,NaN,NaN,NaN,NaN,NaN,NaN,NaN,NaN,NaN,NaN,NaN,NaN,NaN,NaN,NaN
NaN,NaN,NaN,NaN,0.0001241065,0.0001397827,0.0001943311,0.001133209,0.004652196,0.007843392,0.01014244,0.01185178,0.01312342,0.0141036,0.01486845,0.01548062,0.01596916,0.01635507,0.0166438,0.0168378,0.01693362,0.01692808,0.01681665,0.01659698,0.01626687,0.01582658,0.015277,0.01462077,0.01386098,0.0130016,0.01204666,0.01100053,0.009868374,0.008656097,0.007372851,0.00603199,0.004655234,0.003275974,0.001945813,0.0007395518,-0.0002343475,-0.00083309,-0.0008597571,-0.0003103058,-7.330351e-05,-5.742562e-05,-5.178518e-05,NaN,NaN,NaN,NaN,NaN,NaN,NaN,NaN,NaN,NaN,NaN,NaN,NaN,NaN,NaN,NaN,NaN,NaN,NaN,NaN,NaN,NaN,NaN,NaN,NaN,NaN,NaN,NaN,NaN,NaN,NaN,NaN,NaN,NaN,NaN,NaN,NaN,NaN,NaN,NaN,NaN,NaN,NaN,NaN,NaN,NaN,NaN,NaN,NaN,NaN,NaN,NaN,NaN
NaN,NaN,NaN,0.0001349548,0.0001520787,0.0002116933,0.001249837,0.005166723,0.008665102,0.01116351,0.0130227,0.01440536,0.01548226,0.01633196,0.01702929,0.01759961,0.01807034,0.01844034,0.01871596,0.01888646,0.01895175,0.01890052,0.0187339,0.01844387,0.01803526,0.01750443,0.0168597,0.01610075,0.015238,0.01427271,0.01321568,0.01206847,0.0108413,0.009536335,0.00816535,0.006735205,0.005266368,0.003781218,0.002323708,0.0009520493,-0.0002428717,-0.001136623,-0.001568947,-0.001311356,-0.000394198,-8.479839e-05,-6.322133e-05,-5.575586e-05,NaN,NaN,NaN,NaN,NaN,NaN,NaN,NaN,NaN,NaN,NaN,NaN,NaN,NaN,NaN,NaN,NaN,NaN,NaN,NaN,NaN,NaN,NaN,NaN,NaN,NaN,NaN,NaN,NaN,NaN,NaN,NaN,NaN,NaN,NaN,NaN,NaN,NaN,NaN,NaN,NaN,NaN,NaN,NaN,NaN,NaN,NaN,NaN,NaN,NaN,NaN,NaN
NaN,NaN,0.0001483238,0.0001652097,0.0002356259,0.001410048,0.005769273,0.009588008,0.01229757,0.01431288,0.01581826,0.01699962,0.01794776,0.01873963,0.01940648,0.01997167,0.020437,0.0208024,0.02105914,0.02120024,0.02121684,0.0211035,0.02085576,0.02047308,0.01995646,0.01931012,0.0185397,0.01765268,0.01665727,0.01556208,0.01437567,0.01310579,0.01176024,0.01034544,0.008869228,0.007339915,0.005770942,0.004181308,0.002603264,0.001083735,-0.0003030894,-0.001457071,-0.002230445,-0.002447025,-0.0018448,-0.0005297777,-9.906569e-05,-6.892347e-05,-5.993903e-05,NaN,NaN,NaN,NaN,NaN,NaN,NaN,NaN,NaN,NaN,NaN,NaN,NaN,NaN,NaN,NaN,NaN,NaN,NaN,NaN,NaN,NaN,NaN,NaN,NaN,NaN,NaN,NaN,NaN,NaN,NaN,NaN,NaN,NaN,NaN,NaN,NaN,NaN,NaN,NaN,NaN,NaN,NaN,NaN,NaN,NaN,NaN,NaN,NaN,NaN,NaN
NaN,0.0001625431,0.0001786726,0.0002704303,0.001622161,0.006468412,0.01062919,0.0135568,0.01574174,0.01737838,0.01867981,0.0197375,0.02064104,0.0214162,0.02209254,0.02266353,0.02313291,0.02348302,0.0237102,0.02379731,0.02374258,0.02353455,0.02317731,0.02266606,0.02201098,0.02121319,0.0202873,0.01923821,0.01808257,0.01682647,0.01548615,0.01406674,0.01258216,0.01103564,0.009439128,0.007795801,0.00611992,0.00442196,0.002729288,0.001075396,-0.0004796651,-0.001853654,-0.002927808,-0.003537317,-0.003489664,-0.002495066,-0.0006973256,-0.0001180288,-7.356345e-05,-6.44188e-05,NaN,NaN,NaN,NaN,NaN,NaN,NaN,NaN,NaN,NaN,NaN,NaN,NaN,NaN,NaN,NaN,NaN,NaN,NaN,NaN,NaN,NaN,NaN,NaN,NaN,NaN,NaN,NaN,NaN,NaN,NaN,NaN,NaN,NaN,NaN,NaN,NaN,NaN,NaN,NaN,NaN,NaN,NaN,NaN,NaN,NaN,NaN,NaN,NaN,NaN
0.0001844327,0.0001924599,0.0003251983,0.001947657,0.007292052,0.01180163,0.01496239,0.01732577,0.01911073,0.02054474,0.02173153,0.02276055,0.02366317,0.02446283,0.02515578,0.0257375,0.02619266,0.02650931,0.02667322,0.0266751,0.02650755,0.02616808,0.02565732,0.02498013,0.02414413,0.02315975,0.02203953,0.02079706,0.01944699,0.01800321,0.01647981,0.01488853,0.01324099,0.01154537,0.009810351,0.008041815,0.006248643,0.00444012,0.002634703,0.0008580079,-0.0008436599,-0.002406701,-0.003729234,-0.004683814,-0.005079972,-0.004718727,-0.003267927,-0.0009311401,-0.0001468674,-7.743987e-05,-6.975567e-05,NaN,NaN,NaN,NaN,NaN,NaN,NaN,NaN,NaN,NaN,NaN,NaN,NaN,NaN,NaN,NaN,NaN,NaN,NaN,NaN,NaN,NaN,NaN,NaN,NaN,NaN,NaN,NaN,NaN,NaN,NaN,NaN,NaN,NaN,NaN,NaN,NaN,NaN,NaN,NaN,NaN,NaN,NaN,NaN,NaN,NaN,NaN,NaN,NaN
0.0001969577,0.0004120075,0.002457845,0.008285343,0.01313383,0.01652838,0.01908545,0.02103225,0.02262059,0.02395297,0.02512963,0.02617433,0.02711576,0.02794029,0.02864697,0.02921037,0.02962245,0.02985976,0.02991786,0.0297814,0.02945374,0.02892898,0.02821883,0.02732543,0.02626719,0.02505206,0.02370249,0.02222951,0.02065661,0.01899485,0.01726614,0.01547911,0.01365179,0.0117889,0.009903877,0.007997921,0.006082202,0.004159069,0.002244852,0.0003545605,-0.001475152,-0.003196002,-0.004727857,-0.00596041,-0.006745938,-0.006880152,-0.006148589,-0.004198645,-0.001282611,-0.0001950111,-7.826433e-05,-7.630077e-05,NaN,NaN,NaN,NaN,NaN,NaN,NaN,NaN,NaN,NaN,NaN,NaN,NaN,NaN,NaN,NaN,NaN,NaN,NaN,NaN,NaN,NaN,NaN,NaN,NaN,NaN,NaN,NaN,NaN,NaN,NaN,NaN,NaN,NaN,NaN,NaN,NaN,NaN,NaN,NaN,NaN,NaN,NaN,NaN,NaN,NaN,NaN,0.000202005
0.0006088777,0.003330219,0.009542882,0.01467087,0.01829062,0.02104335,0.02317182,0.02493158,0.0264347,0.02777605,0.02898415,0.03007828,0.03104791,0.03188196,0.03255837,0.03305965,0.03336693,0.03346765,0.03335227,0.03301726,0.03246375,0.03169753,0.03072882,0.02957095,0.02824064,0.02675592,0.0251372,0.02340434,0.02157832,0.01967783,0.01772176,0.01572515,0.01370275,0.01166432,0.009619384,0.007572581,0.005529848,0.00349431,0.001474706,-0.0005179702,-0.00245848,-0.00431066,-0.006010415,-0.007472547,-0.008565712,-0.009134699,-0.008953664,-0.007812078,-0.005342602,-0.001853103,-0.0002796338,-7.690013e-05,-8.357923e-05,NaN,NaN,NaN,NaN,NaN,NaN,NaN,NaN,NaN,NaN,NaN,NaN,NaN,NaN,NaN,NaN,NaN,NaN,NaN,NaN,NaN,NaN,NaN,NaN,NaN,NaN,NaN,NaN,NaN,NaN,NaN,NaN,NaN,NaN,NaN,NaN,NaN,NaN,NaN,NaN,NaN,NaN,NaN,NaN,NaN,0.0002255761,0.0002184509
0.005260081,0.01134568,0.01648959,0.02029865,0.02322988,0.02555573,0.02750549,0.02920195,0.03072924,0.0321161,0.03337606,0.03449443,0.0354578,0.03623883,0.0368207,0.0371794,0.03730577,0.03718564,0.03682091,0.03620858,0.03536125,0.0342855,0.03300245,0.03152524,0.02988051,0.02808507,0.02616798,0.02414684,0.02205004,0.01989307,0.0177012,0.01548562,0.01326639,0.01104886,0.008846894,0.006659774,0.004496445,0.002353138,0.0002390622,-0.00184438,-0.003876192,-0.005834123,-0.007666344,-0.009306624,-0.01064883,-0.01155709,-0.01185588,-0.01132398,-0.00974742,-0.006801035,-0.002803652,-0.0004252612,-7.512929e-05,-8.942104e-05,NaN,NaN,NaN,NaN,NaN,NaN,NaN,NaN,NaN,NaN,NaN,NaN,NaN,NaN,NaN,NaN,NaN,NaN,NaN,NaN,NaN,NaN,NaN,NaN,NaN,NaN,NaN,NaN,NaN,NaN,NaN,NaN,NaN,NaN,NaN,NaN,NaN,NaN,NaN,NaN,NaN,NaN,NaN,0.0002501677,0.0002241721,0.0008189935
0.01358153,0.01876415,0.02261323,0.02570302,0.02821962,0.03037829,0.03228577,0.03401639,0.0355949,0.03702446,0.03829116,0.03937185,0.04024318,0.04088004,0.04126488,0.04138158,0.04122441,0.04078936,0.04008303,0.03911269,0.03789529,0.03644683,0.03479119,0.03294994,0.03095064,0.02881712,0.02657775,0.02425592,0.0218779,0.01946392,0.01703602,0.01460924,0.0121997,0.009815964,0.007467089,0.00515511,0.00288299,0.0006488387,-0.001546013,-0.00370029,-0.005804227,-0.007839728,-0.009771564,-0.01154467,-0.01307616,-0.01425275,-0.01492489,-0.01491542,-0.01401068,-0.01201837,-0.008692037,-0.00427774,-0.0006533689,-8.386209e-05,-9.319391e-05,NaN,NaN,NaN,NaN,NaN,NaN,NaN,NaN,NaN,NaN,NaN,NaN,NaN,NaN,NaN,NaN,NaN,NaN,NaN,NaN,NaN,NaN,NaN,NaN,NaN,NaN,NaN,NaN,NaN,NaN,NaN,NaN,NaN,NaN,NaN,NaN,NaN,NaN,NaN,NaN,NaN,0.0002681016,0.0002630359,0.001131322,0.006730676
0.02123866,0.02527469,0.02849953,0.03120878,0.03358209,0.03571322,0.0376579,0.03942958,0.04102602,0.04242381,0.04360183,0.04452873,0.04518607,0.04554956,0.04561288,0.04536429,0.04481154,0.04395543,0.04281607,0.04140431,0.03974943,0.03786893,0.03579759,0.03355585,0.0311808,0.0286929,0.02612868,0.02350619,0.02085881,0.01819981,0.01555772,0.01293947,0.01036724,0.007840507,0.005374499,0.002960987,0.0006094201,-0.001693904,-0.003941192,-0.006145521,-0.008291641,-0.01038025,-0.01237332,-0.0142417,-0.01590479,-0.01728448,-0.01824151,-0.01864049,-0.01829016,-0.01702,-0.0146449,-0.01101808,-0.006121765,-0.001009814,-0.0001205352,-8.945554e-05,-8.488834e-05,NaN,NaN,NaN,NaN,NaN,NaN,NaN,NaN,NaN,NaN,NaN,NaN,NaN,NaN,NaN,NaN,NaN,NaN,NaN,NaN,NaN,NaN,NaN,NaN,NaN,NaN,NaN,NaN,NaN,NaN,NaN,NaN,NaN,NaN,NaN,NaN,NaN,0.0002697505,0.0002775329,0.0003431019,0.001670825,0.009102564,0.01595169
0.02823254,0.03164145,0.03456052,0.03715424,0.0395137,0.04166545,0.04362226,0.045359,0.04686033,0.04808826,0.04902533,0.04963999,0.04992506,0.04986328,0.04946164,0.04871804,0.04765252,0.04627549,0.04461689,0.04269579,0.04054835,0.03819849,0.03568459,0.03303204,0.03027847,0.02744791,0.02457492,0.02168014,0.01879291,0.01592856,0.01310995,0.0103459,0.007651797,0.0050293,0.002485742,1.594896e-05,-0.002379792,-0.004711049,-0.006980946,-0.009197608,-0.01135972,-0.01346306,-0.0154889,-0.01740479,-0.01915795,-0.02067071,-0.02184236,-0.02254267,-0.02262556,-0.02192681,-0.02028363,-0.01753753,-0.01353966,-0.007990027,-0.001736188,-0.0002485325,-7.469027e-05,-9.502308e-05,NaN,NaN,NaN,NaN,NaN,NaN,NaN,NaN,NaN,NaN,NaN,NaN,NaN,NaN,NaN,NaN,NaN,NaN,NaN,NaN,NaN,NaN,NaN,NaN,NaN,NaN,NaN,NaN,NaN,NaN,NaN,NaN,NaN,NaN,NaN,0.0002928874,0.0002780743,0.0005555294,0.002778712,0.01148921,0.01877188,0.02406247
0.03513733,0.03828231,0.04111885,0.04368856,0.04603638,0.04813489,0.04997528,0.05151416,0.05273378,0.05359741,0.05409687,0.0542106,0.05394586,0.05329758,0.05228811,0.05092625,0.04924594,0.04726561,0.04502663,0.04255276,0.03988888,0.03706019,0.03411156,0.03106636,0.02796698,0.0248328,0.02170183,0.01858792,0.01552307,0.01251425,0.009586749,0.006739935,0.003991763,0.001333704,-0.001223557,-0.003696054,-0.006078893,-0.008393252,-0.0106363,-0.01282905,-0.01496331,-0.01705034,-0.01906481,-0.02099475,-0.02278321,-0.02438061,-0.02568713,-0.02660825,-0.02700459,-0.02674502,-0.02567466,-0.02364361,-0.02048622,-0.01606832,-0.01009337,-0.00357679,-0.0005527823,-8.010561e-05,-9.514709e-05,NaN,NaN,NaN,NaN,NaN,NaN,NaN,NaN,NaN,NaN,NaN,NaN,NaN,NaN,NaN,NaN,NaN,NaN,NaN,NaN,NaN,NaN,NaN,NaN,NaN,NaN,NaN,NaN,NaN,NaN,NaN,NaN,NaN,0.0003012766,0.0003102994,0.001023045,0.005472593,0.01420235,0.02168824,0.027175,0.03151294
0.0424093,0.04547375,0.04823391,0.05072445,0.05290809,0.05476671,0.05626122,0.0573664,0.05806011,0.05832837,0.05817028,0.0575873,0.05659768,0.05521664,0.05347702,0.05140371,0.04903871,0.046412,0.04357005,0.04054382,0.03738043,0.03410861,0.03077276,0.02739709,0.02402136,0.0206636,0.01735779,0.01411481,0.01096182,0.007901824,0.004954966,0.002116073,-0.000601712,-0.003211673,-0.005707251,-0.0081089,-0.01041488,-0.01265032,-0.01481439,-0.01693194,-0.01899589,-0.02102234,-0.02298723,-0.02488679,-0.02666705,-0.02829382,-0.02967234,-0.03073517,-0.03134491,-0.03141405,-0.03077039,-0.02933205,-0.02690597,-0.0234333,-0.01880147,-0.01308883,-0.006900875,-0.001108974,-0.0001627446,-7.630672e-05,-0.0001072225,NaN,NaN,NaN,NaN,NaN,NaN,NaN,NaN,NaN,NaN,NaN,NaN,NaN,NaN,NaN,NaN,NaN,NaN,NaN,NaN,NaN,NaN,NaN,NaN,NaN,NaN,NaN,NaN,NaN,0.0003032889,0.0002911858,0.0004558597,0.001896287,0.01020947,0.01809428,0.02503791,0.03059794,0.03515051,0.03902315
0.05018852,0.05307821,0.05563498,0.05779496,0.0595626,0.06087675,0.0617427,0.06212073,0.0620321,0.06146039,0.06044406,0.05898573,0.05713722,0.05491406,0.0523763,0.04954647,0.04648769,0.04322448,0.03981898,0.03629397,0.03270762,0.02907822,0.02545777,0.0218582,0.01832437,0.01486105,0.01150534,0.008254497,0.005137485,0.002144006,-0.0007048968,-0.003426721,-0.006008077,-0.008473043,-0.01081499,-0.01306314,-0.01521564,-0.01730391,-0.01932716,-0.02131376,-0.02325768,-0.02517597,-0.02704861,-0.02887106,-0.03059999,-0.03219933,-0.03359676,-0.03471989,-0.03547188,-0.03574851,-0.035446,-0.03444193,-0.03264855,-0.02997028,-0.0263622,-0.02187746,-0.01644258,-0.009894464,-0.002809612,-0.000508213,-9.115557e-05,-9.178381e-05,-0.0001181734,NaN,NaN,NaN,NaN,NaN,NaN,NaN,NaN,NaN,NaN,NaN,NaN,NaN,NaN,NaN,NaN,NaN,NaN,NaN,NaN,NaN,NaN,NaN,NaN,NaN,0.0002945736,0.0002727906,0.0003405089,0.0009777443,0.004544293,0.01447953,0.02270897,0.029154,0.03452282,0.03921514,0.04330804,0.04692899
0.05810855,0.06057877,0.06258096,0.06407747,0.06505749,0.06549735,0.06540772,0.06478626,0.06366602,0.0620636,0.06002841,0.05758998,0.05480731,0.05171631,0.04837953,0.04483381,0.04114031,0.0373327,0.03346748,0.02957241,0.02569714,0.0218619,0.01810801,0.01444751,0.01091311,0.007508496,0.004257914,0.001156998,-0.001778201,-0.004559576,-0.00717862,-0.009653982,-0.01198388,-0.01419268,-0.01628407,-0.01828612,-0.02020578,-0.02207156,-0.02388984,-0.02568456,-0.02745554,-0.02921466,-0.03094769,-0.03264617,-0.03427436,-0.03579666,-0.03715166,-0.03827548,-0.03908454,-0.03949524,-0.039415,-0.0387562,-0.03744708,-0.03540396,-0.03263825,-0.02903337,-0.02469994,-0.01939376,-0.01330968,-0.007200897,-0.001316717,-0.0002988739,-8.7311e-05,-0.0001087638,-0.0001355764,NaN,NaN,NaN,NaN,NaN,NaN,NaN,NaN,NaN,NaN,NaN,NaN,NaN,NaN,NaN,NaN,NaN,NaN,NaN,NaN,NaN,0.0002658062,0.0002461477,0.0002986129,0.0006376481,0.002292728,0.01120042,0.01936235,0.02721223,0.0336616,0.0390113,0.04381598,0.04802816,0.0518349,0.05518067
0.06526363,0.06688462,0.06791644,0.06833639,0.06816395,0.06740077,0.06608701,0.06424652,0.0619361,0.05919386,0.05608575,0.05265658,0.04897501,0.04508584,0.04105538,0.03692378,0.03275132,0.02857053,0.02443355,0.02036372,0.01640394,0.0125677,0.00888845,0.005369772,0.002036281,-0.001117649,-0.004075585,-0.006851553,-0.009436392,-0.01185152,-0.01409391,-0.01619121,-0.01814542,-0.01998899,-0.02172704,-0.02339469,-0.0249975,-0.02656999,-0.0281142,-0.02965937,-0.0311984,-0.03274884,-0.03428812,-0.03581591,-0.03728877,-0.03868413,-0.03993615,-0.04100068,-0.04179513,-0.0422619,-0.04231531,-0.0419,-0.04094243,-0.03941801,-0.03725978,-0.03449783,-0.03104653,-0.02695076,-0.02231041,-0.01696956,-0.01102731,-0.00484235,-0.0009141343,-0.0002704147,-9.633713e-05,-0.0001092354,-0.0001465729,NaN,NaN,NaN,NaN,NaN,NaN,NaN,NaN,NaN,NaN,NaN,NaN,NaN,NaN,NaN,NaN,NaN,0.000201396,0.0001870321,0.0002493632,0.0005462181,0.00160504,0.007984767,0.01708155,0.0253246,0.03242187,0.03850235,0.04401516,0.0488769,0.05317466,0.05699573,0.06029127,0.06305502
0.070204,0.07050928,0.07013953,0.06912693,0.06750263,0.06531697,0.06262143,0.05947766,0.05594859,0.05209963,0.04799658,0.04370256,0.03928022,0.03478567,0.03027439,0.02579257,0.0213861,0.01708984,0.0129392,0.008957368,0.005169253,0.001586811,-0.00177502,-0.004914436,-0.007825327,-0.01051487,-0.01298447,-0.01524901,-0.01731601,-0.01920664,-0.0209331,-0.02252145,-0.02398695,-0.02535889,-0.02665341,-0.02790047,-0.02911435,-0.03032245,-0.03153326,-0.03276744,-0.03402266,-0.03530768,-0.03660436,-0.03790551,-0.03917355,-0.04038385,-0.04147925,-0.04242127,-0.04313833,-0.04358852,-0.04369609,-0.04342959,-0.0427254,-0.04156693,-0.03992256,-0.03778002,-0.03513779,-0.0320272,-0.02838592,-0.02436804,-0.01981365,-0.01480482,-0.009795553,-0.004173829,-0.0009240143,-0.0003686404,-0.0001504164,-0.000111947,-0.0001399797,-0.0001597969,NaN,NaN,NaN,NaN,NaN,NaN,NaN,NaN,NaN,NaN,NaN,9.371369e-05,0.0001078408,0.0001201462,0.0002424328,0.0005976123,0.001524926,0.007104491,0.01596675,0.02363414,0.0313407,0.0380423,0.04401486,0.04949336,0.05431163,0.05854803,0.06219022,0.06518694,0.06754094,0.06921574
0.07113153,0.06973288,0.0676758,0.06501701,0.06182555,0.05817089,0.05412906,0.049774,0.04518127,0.04042163,0.03556432,0.03067195,0.02580372,0.02101094,0.01634086,0.01183197,0.007518797,0.003426914,-0.0004214696,-0.004012978,-0.007336736,-0.01039037,-0.01317279,-0.01569113,-0.01795235,-0.01997135,-0.02176156,-0.02334403,-0.02473688,-0.02596558,-0.02705132,-0.02802227,-0.02890099,-0.0297164,-0.03048997,-0.0312488,-0.03201054,-0.03279739,-0.03361966,-0.034491,-0.03541044,-0.03637904,-0.03738137,-0.03840343,-0.03941396,-0.04038405,-0.04126889,-0.04202847,-0.04261144,-0.04297472,-0.04307099,-0.04286459,-0.04231977,-0.04142358,-0.04014635,-0.03851014,-0.03649031,-0.03411748,-0.03141963,-0.02837446,-0.02501133,-0.02147564,-0.01756104,-0.01331766,-0.009482924,-0.005197052,-0.001399421,-0.0005534921,-0.0003323156,-0.0001940672,-0.0001457151,-0.0001332036,-0.000129055,-0.0001290977,-0.0001191647,-0.0001067253,-8.546481e-05,-7.090111e-05,-4.984439e-05,-3.085612e-05,1.982504e-05,0.0001141449,0.0003740955,0.0007211512,0.002279947,0.009037499,0.0161763,0.02315594,0.0309161,0.03782224,0.04414384,0.05005696,0.05531467,0.05987396,0.06377106,0.06692982,0.06931204,0.07093322,0.07176028,0.07182097
0.06632069,0.0630702,0.05926831,0.05500871,0.05036834,0.04544132,0.04030279,0.03504002,0.02972028,0.02441938,0.01919282,0.01410252,0.009190181,0.004503007,6.837007e-05,-0.004081089,-0.007931786,-0.01146449,-0.01467807,-0.01756513,-0.02013527,-0.02239101,-0.02435073,-0.02602467,-0.02743815,-0.02860716,-0.029562,-0.03032264,-0.0309223,-0.03138308,-0.03173953,-0.03201398,-0.03224035,-0.03243922,-0.03264157,-0.03286363,-0.03313098,-0.03345277,-0.03384633,-0.0343109,-0.03485269,-0.03545851,-0.03612176,-0.03681607,-0.03752228,-0.03820269,-0.03882862,-0.03935594,-0.03975239,-0.03997539,-0.03999662,-0.03978259,-0.03931769,-0.038578,-0.03757264,-0.03628049,-0.03473445,-0.032933,-0.03088832,-0.028644,-0.02622294,-0.02359721,-0.02085721,-0.01807985,-0.01515846,-0.01194416,-0.009085823,-0.006722892,-0.003690098,-0.001286121,-0.0005699262,-0.0003939848,-0.0003169295,-0.0002585824,-0.0002052895,-0.0001482183,-7.816411e-05,1.81773e-05,0.0001367789,0.0002982389,0.0006213009,0.002020167,0.006739543,0.01239044,0.01753786,0.02443485,0.03162529,0.0383135,0.0447303,0.05079762,0.05629017,0.06102791,0.06499553,0.0681646,0.07043866,0.07183846,0.072364,0.07202425,0.07086946,0.06894721
0.05465888,0.04972358,0.04444211,0.03890588,0.03321011,0.02743767,0.02167122,0.01598105,0.01043436,0.005086337,-1.232058e-05,-0.004822289,-0.009309264,-0.01344928,-0.01722339,-0.02062182,-0.02363922,-0.02627811,-0.0285447,-0.03045168,-0.03201465,-0.03325417,-0.0341928,-0.03485691,-0.03527383,-0.03547361,-0.03548646,-0.0353442,-0.0350778,-0.03471906,-0.03429807,-0.03384466,-0.03338625,-0.0329488,-0.03255481,-0.03222421,-0.03197255,-0.0318116,-0.0317479,-0.0317832,-0.0319134,-0.03212901,-0.03241506,-0.03275139,-0.03311365,-0.0334736,-0.0338014,-0.03406492,-0.0342347,-0.03428013,-0.03417859,-0.03390617,-0.03344936,-0.03279974,-0.03194796,-0.03090657,-0.02967133,-0.02825798,-0.02669513,-0.02497956,-0.02314287,-0.02123262,-0.0192446,-0.0171832,-0.0151129,-0.01310337,-0.01115848,-0.009090967,-0.006903672,-0.005135938,-0.004007528,-0.003074296,-0.002064692,-0.001029685,-0.0001203467,0.0007465717,0.001845195,0.003454464,0.005584063,0.008059178,0.01104937,0.01526045,0.02105434,0.02731724,0.03350543,0.03981866,0.04602466,0.05191579,0.05730588,0.06193909,0.06573049,0.06865779,0.07062796,0.07160896,0.07164808,0.07075439,0.06897862,0.06640255,0.06309301,0.05914798
0.0362006,0.030089,0.0238733,0.01765084,0.01149837,0.005496979,-0.0002932239,-0.005809303,-0.01100843,-0.01584575,-0.02029532,-0.02432925,-0.02793721,-0.0311065,-0.03384069,-0.03614015,-0.03801998,-0.03949123,-0.04057819,-0.04130021,-0.04168842,-0.04176794,-0.04157443,-0.04113652,-0.04049239,-0.0396721,-0.03871445,-0.03764914,-0.03651354,-0.03533532,-0.03414894,-0.03297827,-0.03185317,-0.03079214,-0.02981863,-0.02894402,-0.028184,-0.02754143,-0.02702302,-0.02662227,-0.02633636,-0.02614944,-0.0260499,-0.02601404,-0.02602356,-0.02604998,-0.02607165,-0.02605935,-0.0259921,-0.02584459,-0.02560001,-0.0252401,-0.02475591,-0.02413446,-0.02338105,-0.02248264,-0.02145708,-0.02030333,-0.01902721,-0.01765332,-0.01619594,-0.01465175,-0.01306317,-0.01145606,-0.009829225,-0.008182135,-0.00654867,-0.004955944,-0.003441443,-0.002016384,-0.000621548,0.0008427075,0.002450294,0.004214621,0.006132294,0.008286646,0.01080161,0.013781,0.01724704,0.02123482,0.02586329,0.03117184,0.03683734,0.04251113,0.04806747,0.0534088,0.05825793,0.06237625,0.06564084,0.06801162,0.06940324,0.06975747,0.06911011,0.06751428,0.06500088,0.06167071,0.05761437,0.05292859,0.0477271,0.04211573
0.01245558,0.005907396,-0.0004936132,-0.006675404,-0.01256982,-0.01812398,-0.0232892,-0.02803081,-0.03231851,-0.03613449,-0.03946502,-0.04230724,-0.04466171,-0.04653835,-0.04794968,-0.04891594,-0.04945896,-0.04960687,-0.04938835,-0.04883699,-0.04798603,-0.04687221,-0.04553095,-0.04400023,-0.04231574,-0.04051478,-0.0386316,-0.03670118,-0.03475463,-0.03282313,-0.03093333,-0.02911117,-0.02737756,-0.02575198,-0.02424829,-0.02287848,-0.02164859,-0.02056247,-0.01961795,-0.01881076,-0.01813087,-0.01756663,-0.01710154,-0.01671842,-0.01639666,-0.01611612,-0.01585512,-0.01559342,-0.01531145,-0.01499117,-0.01461778,-0.01417707,-0.01365886,-0.01305678,-0.0123601,-0.0115735,-0.01068634,-0.009702669,-0.008630289,-0.007461891,-0.00620568,-0.004881895,-0.00348551,-0.002019725,-0.0005086483,0.001029843,0.002606404,0.004232114,0.005901435,0.007612183,0.009392157,0.01129934,0.01338945,0.01571623,0.01833179,0.02127085,0.02454447,0.02814359,0.03206588,0.036319,0.0408666,0.04557201,0.05022738,0.05458427,0.05844073,0.06161748,0.06399394,0.0654941,0.06604438,0.06557448,0.06410325,0.06169819,0.05840618,0.05430484,0.04951684,0.04413974,0.03828906,0.032088,0.02564214,0.01906487
-0.01372772,-0.01989291,-0.02571099,-0.03112407,-0.03609475,-0.04058427,-0.04457326,-0.04804049,-0.0509825,-0.05339336,-0.05528319,-0.05665893,-0.0575418,-0.05794907,-0.0579107,-0.0574517,-0.05660837,-0.05541105,-0.05390003,-0.05210879,-0.05007948,-0.04784667,-0.04545245,-0.04293057,-0.04032152,-0.03765668,-0.03497342,-0.03229937,-0.02966746,-0.02710039,-0.02462565,-0.02226002,-0.02002462,-0.01792957,-0.01598894,-0.01420572,-0.01258678,-0.01112793,-0.009829109,-0.008679562,-0.007673113,-0.006793658,-0.006030451,-0.005363865,-0.004780551,-0.004259571,-0.003787016,-0.003342798,-0.00291399,-0.002483166,-0.002039141,-0.001567794,-0.001061073,-0.0005050991,0.0001014574,0.0007761171,0.001515164,0.00233093,0.003230476,0.00421288,0.005280627,0.006449336,0.007708331,0.009056379,0.01049984,0.01204849,0.01368912,0.01541824,0.01724439,0.01919323,0.02128184,0.02352647,0.02594466,0.02855933,0.03137487,0.03438738,0.03757032,0.04089084,0.04429423,0.04770843,0.05101544,0.05405393,0.05662031,0.05856839,0.0597909,0.06021583,0.05975746,0.05836006,0.05602406,0.05281934,0.04880099,0.04403681,0.03863911,0.03273093,0.02640972,0.01980614,0.01303164,0.006192747,-0.0006061428,-0.007273488
-0.03878096,-0.0438591,-0.04845161,-0.05253162,-0.05607561,-0.05907373,-0.06151837,-0.06341381,-0.06476603,-0.06559105,-0.06590577,-0.06573561,-0.06510585,-0.0640489,-0.0625961,-0.06078457,-0.05864958,-0.05623082,-0.05356539,-0.05069367,-0.04765278,-0.04448218,-0.0412173,-0.03789527,-0.03454852,-0.03121055,-0.02790972,-0.02467486,-0.02152927,-0.01849634,-0.01559364,-0.0128385,-0.01024236,-0.007816173,-0.005565016,-0.00349355,-0.001600723,0.0001146929,0.001659245,0.003039194,0.0042655,0.005348233,0.006301381,0.007137365,0.007871635,0.008517528,0.009090448,0.009603576,0.01007117,0.01050589,0.01092013,0.01132596,0.01173497,0.01215638,0.01260532,0.01308586,0.01361594,0.01420269,0.01485364,0.01558538,0.01640743,0.01732024,0.0183395,0.01947492,0.02072655,0.0220924,0.02358346,0.02520517,0.02695328,0.02881569,0.03078735,0.03286745,0.03505146,0.03732368,0.03965655,0.04200043,0.04429216,0.04645277,0.04839813,0.05003247,0.05124816,0.05193229,0.05199707,0.05135194,0.04992383,0.04766424,0.04458464,0.04073841,0.03618678,0.03098467,0.02523106,0.01904908,0.01254179,0.005814804,-0.001007585,-0.007828384,-0.01454904,-0.02107681,-0.0273369,-0.03325744
-0.0592778,-0.06280333,-0.0657868,-0.06821459,-0.07008886,-0.07140943,-0.07219093,-0.07244436,-0.07219415,-0.07146026,-0.07027451,-0.06866352,-0.06666431,-0.06430799,-0.06163478,-0.05867831,-0.05548029,-0.05207503,-0.04850404,-0.04480082,-0.04100519,-0.0371486,-0.03326799,-0.02939149,-0.02555231,-0.02177439,-0.01808635,-0.01450726,-0.01106059,-0.007760096,-0.004623772,-0.001659847,0.001119311,0.003710942,0.006108082,0.008313135,0.01032407,0.01214787,0.01378668,0.01525117,0.01654666,0.01768644,0.01867801,0.01953619,0.02026965,0.02089374,0.02141757,0.02185632,0.02221929,0.022521,0.02277106,0.02298344,0.02316758,0.02333922,0.02350476,0.02368454,0.02388275,0.02411728,0.02440093,0.02474365,0.02515501,0.02565501,0.02624537,0.0269332,0.02772481,0.02862898,0.02963542,0.03073765,0.03192616,0.0331949,0.03452182,0.03587833,0.03722405,0.03851609,0.03969545,0.04070251,0.0414671,0.04192082,0.04198423,0.04158216,0.04063721,0.03908522,0.03686166,0.03394789,0.0303562,0.0261353,0.02132749,0.01598577,0.01018736,0.004050814,-0.002325374,-0.008849024,-0.01541379,-0.02191255,-0.02826773,-0.03438766,-0.04020175,-0.04564707,-0.05066902,-0.05522348
-0.07277995,-0.07458898,-0.07585825,-0.07659606,-0.07681102,-0.07652176,-0.07574595,-0.07450996,-0.07283842,-0.07076341,-0.06831449,-0.0655274,-0.06243477,-0.05907433,-0.05548009,-0.05169025,-0.04773876,-0.04366294,-0.03949536,-0.0352713,-0.03102097,-0.02677661,-0.02256515,-0.01841514,-0.01434951,-0.01039254,-0.006562683,-0.002879593,0.000643003,0.003990272,0.007153287,0.01012201,0.01289215,0.01545823,0.01782025,0.01997684,0.02193177,0.02368717,0.02524993,0.0266249,0.02782128,0.02884594,0.02970966,0.03042063,0.03099059,0.03142854,0.03174663,0.0319545,0.03206439,0.03208669,0.03203345,0.03191587,0.03174662,0.0315359,0.03129985,0.03104532,0.03079096,0.0305458,0.03032061,0.03013037,0.02998658,0.02989169,0.02985776,0.0298906,0.02998995,0.03014895,0.03036641,0.03063079,0.03092207,0.0312094,0.03146309,0.03164842,0.03172553,0.0316443,0.03135175,0.03078551,0.02988434,0.02858504,0.02683583,0.0245937,0.02183128,0.01853627,0.01472794,0.01042733,0.005664959,0.0004793209,-0.005055177,-0.01084106,-0.01678362,-0.02281042,-0.02883124,-0.03474753,-0.04048162,-0.04596654,-0.05112624,-0.05590932,-0.06026686,-0.06415794,-0.06755438,-0.07043304
-0.07830044,-0.07849254,-0.07820028,-0.07743563,-0.07622205,-0.07457832,-0.07253394,-0.07011282,-0.06734851,-0.06426853,-0.06090884,-0.05729877,-0.05347535,-0.04946845,-0.04531485,-0.04104381,-0.03669081,-0.03228348,-0.02785507,-0.02343081,-0.01904101,-0.01470781,-0.01045809,-0.006310352,-0.002287682,0.001595328,0.005319643,0.008874738,0.01224568,0.01542599,0.01840474,0.02117934,0.02374266,0.02609563,0.02823454,0.03016348,0.03188165,0.03339579,0.03470753,0.0358257,0.03675379,0.03750224,0.03807595,0.0384865,0.03873989,0.03884846,0.03881907,0.03866462,0.03839283,0.03801677,0.03754523,0.03699113,0.03636363,0.03567754,0.03493929,0.03416697,0.03336469,0.03254774,0.0317257,0.03090648,0.03009511,0.02930485,0.02853361,0.02778251,0.027048,0.02632884,0.02560754,0.02486984,0.02409517,0.02326482,0.02234506,0.02129962,0.0200839,0.01865733,0.01697356,0.01499632,0.01268945,0.01003023,0.006997116,0.003583364,-0.0002115994,-0.004371188,-0.008880685,-0.01369427,-0.01874867,-0.02395939,-0.02925834,-0.03458403,-0.03986997,-0.04502447,-0.04997807,-0.05467525,-0.05905766,-0.06306667,-0.06667041,-0.06982824,-0.07251632,-0.07471599,-0.07641558,-0.07760953
-0.07633012,-0.07519975,-0.07366157,-0.0717388,-0.06945244,-0.06683031,-0.06389692,-0.06068302,-0.0572153,-0.05352612,-0.04964319,-0.04559906,-0.04142147,-0.03714227,-0.03278826,-0.02838982,-0.023972,-0.01956303,-0.01518565,-0.0108654,-0.006622252,-0.002478648,0.001548539,0.005440145,0.009182667,0.01276035,0.0161631,0.01937857,0.02240004,0.02521846,0.02783034,0.03022978,0.03241617,0.0343865,0.03614281,0.03768456,0.03901609,0.040139,0.04105956,0.04178113,0.04231155,0.04265563,0.0428225,0.04281813,0.04265262,0.04233296,0.04186994,0.04127145,0.04054872,0.03971042,0.03876799,0.03773053,0.03660966,0.03541378,0.03415642,0.03284246,0.0314866,0.03009411,0.02867247,0.02722972,0.02577249,0.02429838,0.02281187,0.02131175,0.01979359,0.01824596,0.01666222,0.01502661,0.01331965,0.01151458,0.009589393,0.007520046,0.005284272,0.002856313,0.000215607,-0.002660286,-0.005785873,-0.009172468,-0.01281667,-0.01670655,-0.02081573,-0.0251096,-0.0295318,-0.0340328,-0.03856536,-0.04308859,-0.04754131,-0.05185022,-0.05594971,-0.0598015,-0.06335896,-0.06657077,-0.0694023,-0.07183158,-0.07382844,-0.07538132,-0.0764799,-0.0771198,-0.07730324,-0.07703672
-0.06845637,-0.06639074,-0.06400931,-0.0613312,-0.05838382,-0.05518859,-0.05177488,-0.04816548,-0.04439051,-0.04047324,-0.03644361,-0.03232445,-0.02814483,-0.02392646,-0.01969689,-0.01547619,-0.0112899,-0.007156004,-0.003097649,0.0008695694,0.004725168,0.008456159,0.01204486,0.01548108,0.01874995,0.0218441,0.02475149,0.02746752,0.02998289,0.03229563,0.03439903,0.03629359,0.03797501,0.03944603,0.04070451,0.04175519,0.04259784,0.04323898,0.04368003,0.04392902,0.04398881,0.04386871,0.0435728,0.04311142,0.04248966,0.04171864,0.04080433,0.03975836,0.03858742,0.03730319,0.03591304,0.0344282,0.03285588,0.03120827,0.02948964,0.02771403,0.02588295,0.02400732,0.02209203,0.02014147,0.01815601,0.01614355,0.01409948,0.01202247,0.009906445,0.007749491,0.005537858,0.003263688,0.0009149524,-0.001515577,-0.004045101,-0.006687695,-0.009460872,-0.0123735,-0.01543591,-0.01864577,-0.02199949,-0.02548046,-0.02907307,-0.03275155,-0.03649018,-0.04025412,-0.04401831,-0.04773893,-0.05136444,-0.05483083,-0.05809493,-0.06112648,-0.06389668,-0.06635601,-0.06847399,-0.07023376,-0.07161763,-0.07260419,-0.07319392,-0.07337886,-0.07316265,-0.07255076,-0.07155344,-0.07018275
-0.05684428,-0.0542503,-0.05142426,-0.04839008,-0.04516752,-0.04178188,-0.03825359,-0.03460829,-0.03086642,-0.02705324,-0.02318859,-0.01929674,-0.01539641,-0.01151045,-0.007656069,-0.003854316,-0.0001206041,0.003526076,0.007072343,0.01050145,0.01380217,0.01696013,0.01996635,0.0228088,0.02548084,0.02797275,0.03028019,0.03239567,0.03431705,0.03603902,0.03756152,0.03888128,0.04000014,0.04091674,0.04163468,0.04215431,0.04248085,0.04261616,0.04256688,0.04233626,0.04193213,0.04135893,0.04062552,0.0397373,0.03870394,0.03753161,0.03623047,0.03480731,0.03327242,0.03163302,0.02989906,0.02807789,0.02617919,0.02420889,0.02217788,0.02008866,0.01795251,0.01577188,0.01355183,0.01129685,0.00901174,0.006692963,0.004343985,0.001963797,-0.0004485172,-0.002899585,-0.005389662,-0.007925814,-0.01051421,-0.01316499,-0.01588016,-0.01866207,-0.02150806,-0.02441752,-0.02738348,-0.03040144,-0.03346033,-0.0365493,-0.03964726,-0.04273092,-0.04576869,-0.04872827,-0.0515635,-0.05424031,-0.0567323,-0.05902483,-0.06108826,-0.06288377,-0.06437901,-0.06556821,-0.06643862,-0.06697194,-0.06716103,-0.0670106,-0.06651518,-0.06568329,-0.06452227,-0.06304309,-0.06125939,-0.05918755
-0.0437033,-0.04093959,-0.03802227,-0.03496747,-0.03179773,-0.02852939,-0.02518517,-0.02178114,-0.01833956,-0.01487581,-0.01141118,-0.007960052,-0.004542409,-0.0011713,0.002134827,0.005364474,0.008500916,0.01153436,0.01444993,0.01723963,0.01989055,0.02239652,0.02474657,0.02693647,0.02895714,0.03080624,0.03247657,0.03396763,0.03527405,0.03639708,0.03733307,0.03808494,0.03865072,0.03903482,0.03923683,0.03926257,0.03911301,0.03879529,0.03831158,0.03767017,0.03687429,0.03593317,0.03485094,0.03363755,0.03229782,0.03084212,0.0292758,0.02760941,0.02584854,0.02400352,0.02208004,0.02008783,0.01803215,0.01592287,0.0137627,0.01156283,0.009323442,0.007053305,0.004755449,0.002433822,8.830778e-05,-0.002273484,-0.004653843,-0.007051107,-0.009467349,-0.01189892,-0.01435075,-0.01682013,-0.01930716,-0.02180598,-0.02431865,-0.02684245,-0.0293775,-0.03191574,-0.03445126,-0.03696793,-0.03945126,-0.04187789,-0.04422959,-0.04648311,-0.0486202,-0.05061823,-0.0524681,-0.05414711,-0.05562801,-0.0568736,-0.05786686,-0.05860407,-0.05908354,-0.05928321,-0.05919578,-0.05882542,-0.05817485,-0.05724015,-0.05603494,-0.05456442,-0.05284127,-0.05087781,-0.04868984,-0.04629194
-0.0309209,-0.02827129,-0.02552673,-0.02270576,-0.01982199,-0.01689404,-0.01393512,-0.01096338,-0.007991382,-0.005036396,-0.002110082,0.0007714003,0.003597528,0.00635345,0.009029924,0.01161354,0.01409647,0.01646683,0.01871827,0.02084052,0.02282871,0.02467423,0.02637375,0.02792022,0.02931192,0.03054336,0.03161434,0.03252091,0.03326435,0.03384219,0.03425713,0.03450812,0.03459918,0.03453058,0.0343076,0.03393171,0.0334093,0.03274295,0.03194002,0.03100403,0.02994316,0.02876169,0.02746841,0.02606821,0.02457027,0.02297983,0.02130623,0.01955491,0.01773499,0.015852,0.01391447,0.01192785,0.009900188,0.007835506,0.005742863,0.003623401,0.001486675,-0.0006659517,-0.002829671,-0.005000894,-0.007174123,-0.009351335,-0.01152726,-0.01370016,-0.01586624,-0.01802666,-0.02017565,-0.0223135,-0.02443774,-0.02654912,-0.02863988,-0.03070345,-0.03272851,-0.03470729,-0.03662709,-0.03848016,-0.04025451,-0.04194174,-0.04352629,-0.04499421,-0.04632602,-0.04750473,-0.04850236,-0.04930412,-0.04990347,-0.05030629,-0.05050417,-0.05047937,-0.05021817,-0.04973121,-0.04902164,-0.04808579,-0.04692692,-0.04555918,-0.04398505,-0.04221792,-0.04026856,-0.03815012,-0.03587591,-0.03346152
-0.01982631,-0.01747776,-0.0150827,-0.01265125,-0.01019918,-0.007736152,-0.00527759,-0.002832505,-0.0004156264,0.001964835,0.004295077,0.006567831,0.008770385,0.01089653,0.01293473,0.01487992,0.01672185,0.01845665,0.02007537,0.02157538,0.0229491,0.02419513,0.02530722,0.02628527,0.02712432,0.02782556,0.02838529,0.02880594,0.02908507,0.02922629,0.02922832,0.02909593,0.02882895,0.02843317,0.02790948,0.02726459,0.02650029,0.02562412,0.02463865,0.0235521,0.02236767,0.02109406,0.01973493,0.01829931,0.01679113,0.01521949,0.01358847,0.01190703,0.01017921,0.008413543,0.006614003,0.004788431,0.00294033,0.001077675,-0.0007981703,-0.002677929,-0.00456217,-0.006443284,-0.008318944,-0.01018506,-0.01204139,-0.0138799,-0.01570102,-0.01750094,-0.0192793,-0.02102966,-0.0227528,-0.02444172,-0.02609251,-0.02769577,-0.02925003,-0.03074943,-0.03219185,-0.0335684,-0.03487377,-0.03609453,-0.03722079,-0.03823623,-0.03913156,-0.0398944,-0.04051899,-0.04099667,-0.04133229,-0.04151857,-0.0415439,-0.04138669,-0.04104378,-0.04052406,-0.03983771,-0.03897412,-0.0379344,-0.03672925,-0.03536753,-0.0338494,-0.03219013,-0.03039642,-0.02848038,-0.02645262,-0.02432648,-0.02211278
-0.0111447,-0.00919859,-0.007234902,-0.005266066,-0.003299457,-0.001347249,0.0005837934,0.002482034,0.004341381,0.006150942,0.007905394,0.009594725,0.01121446,0.01275556,0.01421448,0.01558319,0.01685913,0.01803533,0.01911022,0.02007796,0.02093797,0.02168551,0.02232103,0.02284087,0.02324652,0.02353537,0.02370991,0.02376855,0.02371477,0.02354792,0.02327242,0.02288855,0.02240153,0.0218125,0.02112744,0.02034819,0.01948142,0.01852957,0.01749982,0.01639512,0.01522302,0.01398682,0.01269428,0.0113489,0.0099585,0.008526633,0.007060984,0.005565043,0.00404615,0.002507705,0.0009564596,-0.0006043289,-0.002168361,-0.003733472,-0.005292402,-0.006845294,-0.008384168,-0.009908685,-0.01141458,-0.01289921,-0.01435715,-0.01579009,-0.01719251,-0.01856229,-0.01989441,-0.02118889,-0.02243917,-0.02364493,-0.02480267,-0.02591247,-0.02696633,-0.02795874,-0.0288801,-0.02972552,-0.03048632,-0.03116005,-0.03174092,-0.03222811,-0.03261455,-0.03289587,-0.03306261,-0.03310867,-0.03301718,-0.03278424,-0.03241324,-0.0319192,-0.03130254,-0.0305539,-0.02966606,-0.02865422,-0.02752574,-0.02628037,-0.02492236,-0.02346616,-0.02191407,-0.02027736,-0.01856428,-0.01678493,-0.01494812,-0.01306522
-0.005037765,-0.003516077,-0.001998656,-0.0004902174,0.0009991621,0.002465289,0.003898441,0.005295,0.006645805,0.007947866,0.009192711,0.01037802,0.0114961,0.01254536,0.01351892,0.01441596,0.01523046,0.0159624,0.01660661,0.0171639,0.01763,0.01800649,0.01829001,0.01848294,0.01858277,0.01859267,0.01851095,0.01834157,0.01808358,0.01774168,0.01731563,0.0168108,0.0162276,0.01557195,0.01484487,0.01405276,0.01319709,0.01228468,0.01131732,0.01030212,0.009241135,0.00814159,0.007005672,0.005840616,0.004648615,0.003436776,0.002207222,0.0009667948,-0.0002825156,-0.001534329,-0.002786742,-0.004033955,-0.00527442,-0.00650214,-0.007717295,-0.00891257,-0.01008965,-0.0112424,-0.01236978,-0.01346839,-0.01453879,-0.01557396,-0.01657461,-0.01753735,-0.01846242,-0.0193441,-0.02018344,-0.02097411,-0.02171334,-0.02239366,-0.02301567,-0.02357606,-0.02407577,-0.02450975,-0.02487708,-0.02516965,-0.02538343,-0.02550878,-0.02554341,-0.02548225,-0.02532694,-0.02507627,-0.02474155,-0.02432221,-0.02381289,-0.02319799,-0.02247886,-0.02166769,-0.0207774,-0.01979995,-0.01873727,-0.0175997,-0.01639568,-0.01512396,-0.01379703,-0.01241906,-0.01099851,-0.009541905,-0.008058316,-0.006553675
-0.001260043,-0.0001343682,0.0009797171,0.00207444,0.003147098,0.004190146,0.005201389,0.006173667,0.007105283,0.007989592,0.008825425,0.009606726,0.01033289,0.01099849,0.01160353,0.01214325,0.01261825,0.01302447,0.01336312,0.01363086,0.01382951,0.01395642,0.01401403,0.01400033,0.01391842,0.01376691,0.01354946,0.0132653,0.01291864,0.01250923,0.01204181,0.01151661,0.01093878,0.010309,0.00963277,0.008911115,0.008149796,0.007350105,0.00651798,0.005654881,0.004766827,0.003855354,0.002926467,0.001981684,0.001026896,6.354247e-05,-0.0009027164,-0.001870571,-0.002834701,-0.003793888,-0.004743318,-0.005681828,-0.006604922,-0.007512309,-0.008398511,-0.00926513,-0.01010589,-0.01092182,-0.01170976,-0.01246859,-0.01319393,-0.01388839,-0.01454762,-0.01517079,-0.01575382,-0.0162979,-0.01679805,-0.01725583,-0.01766942,-0.01804086,-0.01836441,-0.01863758,-0.01885399,-0.01901251,-0.01910846,-0.01914383,-0.01911725,-0.0190326,-0.0188875,-0.0186824,-0.01841238,-0.01807581,-0.01766031,-0.01716586,-0.01659882,-0.01597641,-0.01530094,-0.01456483,-0.01376151,-0.01290564,-0.01200388,-0.01105513,-0.01006136,-0.009034533,-0.007974375,-0.006888612,-0.005781851,-0.004660435,-0.003528737,-0.002394008
0.000686813,0.001481229,0.002258339,0.003017087,0.003751211,0.004460051,0.005137556,0.005783476,0.006392113,0.006963626,0.007492749,0.007980064,0.008420786,0.008815939,0.009161247,0.009458194,0.009703026,0.009897695,0.01003898,0.01012928,0.01016594,0.01015178,0.01008466,0.009967879,0.009799751,0.00958402,0.009319436,0.009010157,0.008655337,0.008259497,0.007822138,0.007348097,0.006837199,0.006294506,0.005720103,0.005119237,0.004492169,0.003844265,0.003175893,0.002492466,0.001794395,0.001087059,0.0003708406,-0.0003489828,-0.001072105,-0.001793433,-0.002512758,-0.00322524,-0.003930776,-0.004624902,-0.005307539,-0.005974666,-0.00662642,-0.00725851,-0.007872512,-0.008462833,-0.009032291,-0.00957624,-0.01009494,-0.01058611,-0.01105146,-0.01148538,-0.01188962,-0.01226198,-0.01260406,-0.0129117,-0.01318718,-0.01342569,-0.01362635,-0.01378392,-0.01390128,-0.01397745,-0.01401583,-0.01401409,-0.01397402,-0.01389049,-0.01376245,-0.01358347,-0.01335426,-0.01307271,-0.01274313,-0.01236673,-0.01195647,-0.01151332,-0.01103325,-0.01050193,-0.009921027,-0.009302279,-0.008657776,-0.00797895,-0.007266165,-0.006527567,-0.005769529,-0.004988388,-0.004193416,-0.003385962,-0.002571084,-0.001751753,-0.0009335781,-0.0001186896
0.001371205,0.00190735,0.002429559,0.002932903,0.00341747,0.003878446,0.004316271,0.004726336,0.005109393,0.005461126,0.005782597,0.006069836,0.006324224,0.006542164,0.006725366,0.006870621,0.006979978,0.007050619,0.007084927,0.007080486,0.007039984,0.00696142,0.006847783,0.006697416,0.006513646,0.006295133,0.00604549,0.005763669,0.005453543,0.005114321,0.004750106,0.00436032,0.003949224,0.00351644,0.003066337,0.002598666,0.002117875,0.001623784,0.001120863,0.0006089574,9.250334e-05,-0.000428671,-0.000950213,-0.001472356,-0.00199088,-0.002506098,-0.003013991,-0.003514961,-0.004005249,-0.004485282,-0.004951674,-0.005404833,-0.005841578,-0.006262985,-0.006664902,-0.007050028,-0.007413379,-0.007757085,-0.008078894,-0.008378976,-0.008653909,-0.008907217,-0.00913565,-0.009339567,-0.009515882,-0.009666903,-0.009789005,-0.009885254,-0.009955112,-0.01000193,-0.01002143,-0.01001286,-0.009971588,-0.009898392,-0.009790437,-0.009651575,-0.009482137,-0.009287645,-0.009067162,-0.008822544,-0.008549998,-0.008248883,-0.007907867,-0.007527585,-0.007114441,-0.006685167,-0.006241508,-0.005775481,-0.005279528,-0.004766581,-0.004241602,-0.003701933,-0.003147174,-0.002586911,-0.002018563,-0.001447079,-0.0008743041,-0.000303881,0.0002628799,0.000821487
0.001323873,0.001676183,0.002014948,0.002341109,0.002650472,0.002944232,0.003218262,0.003474009,0.003707522,0.003920475,0.004109149,0.004275445,0.004415908,0.004532665,0.004622542,0.004687901,0.004725851,0.004738988,0.004724713,0.004685836,0.004620062,0.004530394,0.004414816,0.004276559,0.00411382,0.003930042,0.003723634,0.003498222,0.003252405,0.002989962,0.002709635,0.002415329,0.00210593,0.001785403,0.00145274,0.001111951,0.0007620819,0.0004071573,4.624144e-05,-0.0003166676,-0.000682514,-0.001047367,-0.001412214,-0.001773222,-0.002131437,-0.002483171,-0.002829522,-0.003166981,-0.003496685,-0.003815398,-0.0041242,-0.004420191,-0.004704563,-0.004974084,-0.005231184,-0.005471362,-0.005698123,-0.00590776,-0.00610139,-0.006277424,-0.006438315,-0.006579395,-0.006703085,-0.006807927,-0.006896346,-0.006965109,-0.007017179,-0.00704856,-0.007059304,-0.007045327,-0.007010526,-0.006954885,-0.006882719,-0.006792645,-0.006687304,-0.006562469,-0.006417939,-0.006248164,-0.006054567,-0.005835672,-0.005596211,-0.00533767,-0.005072701,-0.004801997,-0.004521218,-0.004215828,-0.003886784,-0.00354458,-0.003199961,-0.002843371,-0.002473661,-0.002097086,-0.001718347,-0.001332003,-0.0009450947,-0.0005570906,-0.0001708642,0.0002128121,0.0005904268,0.0009621025
0.0009474324,0.001174555,0.001394046,0.001602371,0.001800971,0.001986328,0.002160104,0.002318851,0.002464403,0.00259345,0.002707979,0.002804858,0.002886226,0.002949146,0.002995913,0.003023793,0.003035238,0.003027718,0.003003837,0.00296128,0.002902775,0.002826231,0.002734503,0.002625664,0.00250273,0.002363923,0.002212384,0.002046468,0.001869421,0.001679714,0.001480692,0.001270912,0.001053764,0.0008279002,0.000596731,0.0003589599,0.0001180063,-0.0001274076,-0.0003738776,-0.0006226819,-0.0008704631,-0.001118515,-0.001363547,-0.001606887,-0.00184534,-0.002080266,-0.002308606,-0.002531752,-0.002746821,-0.002955161,-0.003154165,-0.003345096,-0.003525469,-0.00369709,-0.003856511,-0.004006971,-0.004144194,-0.004270852,-0.004385146,-0.004487909,-0.004576203,-0.004653967,-0.004718466,-0.004770637,-0.004807808,-0.00483274,-0.004842395,-0.004840455,-0.004826782,-0.004805113,-0.004771552,-0.004725932,-0.004664075,-0.004587295,-0.004493209,-0.004386083,-0.004266498,-0.004140162,-0.004006191,-0.003866472,-0.003717073,-0.003557205,-0.003375493,-0.003172358,-0.002953596,-0.002735018,-0.002517484,-0.002292403,-0.002051332,-0.001805846,-0.001559632,-0.001308992,-0.001052019,-0.0007968089,-0.0005394482,-0.0002832689,-2.857099e-05,0.0002224621,0.0004701949,0.0007115601
0.0005126757,0.0006620307,0.000804377,0.0009415304,0.001070217,0.001192406,0.001304795,0.001409501,0.001503283,0.00158837,0.001661632,0.001725397,0.001776667,0.001817872,0.001846154,0.001864047,0.001868837,0.00186316,0.001844454,0.001815437,0.001773717,0.001722075,0.001658271,0.001585188,0.001500679,0.001407722,0.001304275,0.001193396,0.001073129,0.0009465955,0.000811903,0.0006722236,0.0005257382,0.0003756236,0.0002201186,6.240453e-05,-9.925491e-05,-0.0002616829,-0.0004266074,-0.0005908782,-0.0007562234,-0.0009195416,-0.001082577,-0.001242291,-0.001400447,-0.0015541,-0.001705013,-0.001850359,-0.001991885,-0.002126958,-0.002257223,-0.002380296,-0.002497867,-0.002607198,-0.002711073,-0.002805521,-0.002894288,-0.002974094,-0.003046426,-0.003109925,-0.003167321,-0.003214351,-0.003253634,-0.003283942,-0.003307959,-0.003322768,-0.003331433,-0.00333013,-0.003319154,-0.003294772,-0.003261091,-0.003218249,-0.003170644,-0.00311698,-0.0030599,-0.00299523,-0.002922767,-0.002837022,-0.002739371,-0.002628261,-0.002508242,-0.00238058,-0.002257311,-0.002138602,-0.002019646,-0.00188563,-0.001736937,-0.001583158,-0.0014341,-0.00127963,-0.001117737,-0.0009535704,-0.0007909256,-0.0006234555,-0.0004570053,-0.0002901241,-0.0001245913,3.990221e-05,0.0002008389,0.0003594242
0.0001556889,0.0002557379,0.000353643,0.0004464395,0.0005361144,0.0006196609,0.0006992143,0.0007717605,0.0008395263,0.0008995471,0.0009541204,0.001000363,0.001040636,0.001072153,0.001097338,0.001113509,0.001123153,0.001123696,0.001117681,0.001102654,0.001081195,0.001050983,0.001014636,0.0009699151,0.0009195213,0.0008612883,0.0007979685,0.0007274635,0.0006525719,0.0005712546,0.0004863578,0.0003958863,0.0003026956,0.0002048535,0.0001052118,1.872722e-06,-0.0001023124,-0.0002092262,-0.0003160294,-0.0004245956,-0.0005321161,-0.0006404588,-0.0007468539,-0.0008531734,-0.0009567035,-0.00105931,-0.00115837,-0.001255736,-0.001348906,-0.001439651,-0.001525683,-0.001608644,-0.00168632,-0.001760818,-0.001828974,-0.001894206,-0.001952525,-0.002006788,-0.002055307,-0.002099174,-0.002135576,-0.002168527,-0.002195419,-0.002217362,-0.002231727,-0.002241333,-0.002243274,-0.002241366,-0.002235447,-0.002229202,-0.002218681,-0.002203785,-0.00218033,-0.002149664,-0.002109389,-0.002063745,-0.002013172,-0.001963221,-0.00191277,-0.0018635,-0.00181119,-0.001754791,-0.001682812,-0.001595481,-0.001498157,-0.001406021,-0.00131937,-0.00122933,-0.00112703,-0.001023303,-0.0009211738,-0.0008165073,-0.0007066574,-0.0005990114,-0.0004890722,-0.0003794259,-0.0002696747,-0.0001613794,-5.341096e-05,5.17489e-05
-7.012194e-05,1.035813e-06,6.919642e-05,0.0001365102,0.0002000817,0.0002621613,0.0003197801,0.0003752823,0.0004257035,0.0004734461,0.0005155889,0.0005545758,0.0005875511,0.0006169959,0.0006401284,0.000659467,0.0006723087,0.0006812089,0.000683549,0.0006819078,0.0006737708,0.0006617212,0.000643339,0.0006212535,0.0005930865,0.0005615129,0.0005242131,0.0004838995,0.0004383017,0.0003901611,0.0003372395,0.0002823048,0.0002231701,0.0001625924,9.843047e-05,3.343892e-05,-3.450121e-05,-0.0001026377,-0.0001730748,-0.0002430758,-0.0003147305,-0.0003853326,-0.0004569661,-0.0005269612,-0.0005973944,-0.0006656562,-0.0007337938,-0.0007992766,-0.0008641042,-0.0009258984,-0.0009865274,-0.001043816,-0.001099639,-0.001151455,-0.001202144,-0.001247963,-0.00129268,-0.001333172,-0.001371036,-0.001404941,-0.001437657,-0.001465055,-0.001489743,-0.001510498,-0.001530019,-0.001545445,-0.001559738,-0.001569034,-0.00157362,-0.001569832,-0.00156175,-0.001549444,-0.001537199,-0.001523626,-0.001511217,-0.001495701,-0.001476759,-0.001448848,-0.001413239,-0.001368277,-0.001318365,-0.001264614,-0.00121866,-0.001180349,-0.00114464,-0.00109666,-0.001036549,-0.0009734378,-0.0009166657,-0.0008559157,-0.0007888225,-0.000720023,-0.0006529373,-0.0005808728,-0.0005091331,-0.0004359159,-0.0003625371,-0.0002882361,-0.0002151316,-0.0001415651
-0.0001746328,-0.0001246381,-7.420146e-05,-2.605194e-05,2.203122e-05,6.725537e-05,0.0001119564,0.0001532998,0.0001936779,0.0002302648,0.0002654846,0.0002965494,0.0003259036,0.0003508111,0.0003737354,0.0003919979,0.0004080818,0.000419369,0.0004283574,0.0004325038,0.0004343002,0.0004312946,0.000425979,0.0004159465,0.0004037352,0.0003869767,0.0003682309,0.0003451679,0.0003203686,0.0002915394,0.0002612884,0.000227349,0.0001923255,0.0001540029,0.0001149745,7.305529e-05,3.083728e-05,-1.384788e-05,-5.841502e-05,-0.000105016,-0.0001510852,-0.0001987559,-0.0002454856,-0.0002933945,-0.0003399756,-0.0003873221,-0.0004329942,-0.0004790493,-0.0005231386,-0.0005672183,-0.0006091189,-0.0006506491,-0.0006896859,-0.0007284551,-0.0007638985,-0.0007994772,-0.0008313142,-0.000862313,-0.0008907813,-0.0009179104,-0.0009408948,-0.0009637211,-0.0009837874,-0.001002243,-0.001016411,-0.001029076,-0.001037341,-0.001045034,-0.001051903,-0.001061528,-0.001069865,-0.001076796,-0.001078083,-0.001075061,-0.001065282,-0.001052947,-0.001038392,-0.001027061,-0.00101769,-0.001011854,-0.001005181,-0.0009965141,-0.000974366,-0.0009389386,-0.0008954012,-0.0008586339,-0.0008286814,-0.0007966284,-0.0007534801,-0.0007097451,-0.0006681651,-0.0006244895,-0.000575765,-0.0005290873,-0.0004797474,-0.0004300227,-0.0003792262,-0.0003286809,-0.0002769216,-0.0002262069
-0.0001825917,-0.0001472947,-0.0001135188,-7.895105e-05,-4.62872e-05,-1.31357e-05,1.771706e-05,4.873512e-05,7.711174e-05,0.0001053448,0.0001306422,0.000155516,0.000177208,0.0001982379,0.0002158887,0.0002326866,0.0002459601,0.0002582408,0.0002669088,0.0002744889,0.0002784332,0.0002812416,0.0002804312,0.00027852,0.0002730406,0.0002665319,0.0002565614,0.0002456837,0.0002314956,0.000216563,0.000198499,0.0001798827,0.0001583665,0.0001365096,0.0001120026,8.739764e-05,6.040521e-05,3.357444e-05,4.632142e-06,-2.388415e-05,-5.422746e-05,-8.388257e-05,-0.0001150875,-0.0001453519,-0.0001768941,-0.0002072689,-0.0002386509,-0.0002686558,-0.0002993959,-0.0003286164,-0.0003582851,-0.0003863255,-0.0004146935,-0.0004409381,-0.0004679732,-0.0004921641,-0.0005172681,-0.000540233,-0.0005626933,-0.0005833157,-0.0006048654,-0.0006232727,-0.0006411169,-0.0006571574,-0.0006740747,-0.0006890238,-0.0007048894,-0.000717768,-0.0007279307,-0.0007317506,-0.0007332829,-0.0007325595,-0.0007338015,-0.0007355773,-0.0007402999,-0.000743669,-0.0007453248,-0.0007397371,-0.0007281565,-0.0007089262,-0.000686415,-0.0006617101,-0.0006462683,-0.0006398181,-0.0006372546,-0.0006237611,-0.0005994255,-0.0005731902,-0.0005541925,-0.0005321014,-0.0005044318,-0.000475603,-0.0004488901,-0.000417483,-0.0003864391,-0.0003538231,-0.000320743,-0.0002862381,-0.0002522468,-0.0002168994
-0.0001318828,-0.0001117451,-9.04475e-05,-7.057034e-05,-4.973403e-05,-3.05883e-05,-1.065088e-05,7.37297e-06,2.600679e-05,4.25356e-05,5.949661e-05,7.419091e-05,8.915528e-05,0.0001017186,0.0001144142,0.0001246033,0.0001348146,0.0001424442,0.0001500113,0.0001549612,0.0001597832,0.000161989,0.0001640443,0.0001634833,0.0001627958,0.0001595332,0.0001561873,0.0001503289,0.0001444537,0.0001361528,0.0001279344,0.0001174034,0.0001070532,9.453003e-05,8.230848e-05,6.80583e-05,5.424795e-05,3.856101e-05,2.345768e-05,6.638381e-06,-9.454217e-06,-2.70977e-05,-4.386717e-05,-6.202093e-05,-7.91614e-05,-9.751186e-05,-0.0001147306,-0.0001329947,-0.0001500399,-0.0001679324,-0.0001845691,-0.0002018591,-0.0002177317,-0.0002344882,-0.0002491297,-0.0002651511,-0.0002787377,-0.0002928282,-0.0003057303,-0.0003186974,-0.0003289307,-0.0003404136,-0.0003505482,-0.0003605169,-0.000367622,-0.0003746442,-0.0003786995,-0.0003836401,-0.0003891748,-0.0003988534,-0.0004085971,-0.0004183104,-0.0004237517,-0.000426283,-0.000423466,-0.0004195214,-0.0004147687,-0.0004146433,-0.0004178483,-0.0004259536,-0.0004345554,-0.0004424969,-0.0004383432,-0.0004223422,-0.000399611,-0.000384919,-0.0003782178,-0.0003706221,-0.000353113,-0.0003360679,-0.000322105,-0.0003069474,-0.0002875006,-0.0002707276,-0.0002518165,-0.0002328949,-0.0002131211,-0.0001936948,-0.0001729618,-0.000153055
-4.653901e-05,-3.915598e-05,-3.301456e-05,-2.566866e-05,-1.965236e-05,-1.244798e-05,-6.686645e-06,2.124546e-07,5.586141e-06,1.203645e-05,1.689932e-05,2.277535e-05,2.701647e-05,3.22124e-05,3.573644e-05,4.016485e-05,4.28948e-05,4.648743e-05,4.836952e-05,5.107375e-05,5.207708e-05,5.386622e-05,5.396166e-05,5.484769e-05,5.404023e-05,5.402511e-05,5.233435e-05,5.14518e-05,4.892226e-05,4.72251e-05,4.390692e-05,4.144715e-05,3.741933e-05,3.427285e-05,2.961007e-05,2.586525e-05,2.065437e-05,1.640382e-05,1.074234e-05,6.082683e-06,7.304714e-08,-4.895201e-06,-1.115685e-05,-1.63418e-05,-2.276073e-05,-2.808269e-05,-3.456811e-05,-3.993811e-05,-4.638352e-05,-5.174349e-05,-5.805694e-05,-6.332817e-05,-6.957331e-05,-7.441672e-05,-8.080798e-05,-8.519292e-05,-9.13432e-05,-9.626713e-05,-0.0001016322,-0.000106132,-0.0001125451,-0.0001168533,-0.0001216373,-0.0001256754,-0.000131655,-0.0001367644,-0.0001438713,-0.0001490862,-0.0001526922,-0.0001511105,-0.0001484085,-0.0001446388,-0.0001440219,-0.0001451485,-0.0001504298,-0.0001555969,-0.0001603066,-0.0001590802,-0.000153195,-0.000141039,-0.0001269999,-0.0001121979,-0.000108042,-0.0001142478,-0.0001257051,-0.0001276521,-0.0001201671,-0.0001121312,-0.0001125966,-0.0001112319,-0.0001054901,-9.969219e-05,-9.702565e-05,-9.061075e-05,-8.536271e-05,-7.925656e-05,-7.326252e-05,-6.629167e-05,-6.014551e-05,-5.281237e-05
4.652814e-05,3.914692e-05,3.300732e-05,2.566322e-05,1.96487e-05,1.244609e-05,6.68642e-06,-2.109815e-07,-5.583077e-06,-1.203184e-05,-1.689325e-05,-2.276788e-05,-2.700768e-05,-3.220244e-05,-3.572531e-05,-4.015272e-05,-4.288177e-05,-4.64736e-05,-4.835499e-05,-5.105866e-05,-5.20615e-05,-5.385034e-05,-5.394555e-05,-5.483148e-05,-5.402403e-05,-5.400905e-05,-5.231856e-05,-5.14364e-05,-4.890732e-05,-4.721075e-05,-4.389329e-05,-4.143432e-05,-3.740741e-05,-3.426191e-05,-2.960023e-05,-2.585657e-05,-2.064693e-05,-1.63977e-05,-1.073759e-05,-6.079361e-06,-7.121464e-08,4.895519e-06,1.115561e-05,1.633895e-05,2.275628e-05,2.80766e-05,3.456039e-05,3.992873e-05,4.637249e-05,5.173083e-05,5.804267e-05,6.331227e-05,6.955585e-05,7.439771e-05,8.078743e-05,8.51709e-05,9.131977e-05,9.62423e-05,0.000101606,0.0001061046,0.0001125165,0.0001168235,0.0001216063,0.0001256435,0.0001316221,0.0001367306,0.0001438366,0.0001490508,0.0001526562,0.0001510739,0.0001483714,0.0001446014,0.0001439841,0.0001451104,0.0001503916,0.0001555587,0.0001602684,0.0001590422,0.0001531572,0.0001410015,0.0001269629,0.0001121613,0.0001080061,0.0001142126,0.0001256707,0.0001276186,0.0001201346,0.0001120999,0.0001125664,0.0001112029,0.0001054625,9.966604e-05,9.7001e-05,9.058769e-05,8.534128e-05,7.923679e-05,7.324447e-05,6.62754e-05,6.013103e-05,5.279967e-05
0.000131872,0.0001117362,9.04404e-05,7.056507e-05,4.973055e-05,3.058661e-05,1.065092e-05,-7.371247e-06,-2.600345e-05,-4.253072e-05,-5.949024e-05,-7.418312e-05,-8.91462e-05,-0.0001017083,-0.0001144028,-0.0001245909,-0.0001348012,-0.0001424301,-0.0001499965,-0.0001549459,-0.0001597675,-0.0001619729,-0.0001640281,-0.000163467,-0.0001627795,-0.0001595171,-0.0001561715,-0.0001503135,-0.0001444389,-0.0001361386,-0.000127921,-0.0001173908,-0.0001070416,-9.451943e-05,-8.2299e-05,-6.805002e-05,-5.424101e-05,-3.85554e-05,-2.345351e-05,-6.635667e-06,9.455387e-06,2.70973e-05,4.386517e-05,6.201729e-05,7.91561e-05,9.750489e-05,0.0001147219,0.0001329844,0.0001500279,0.0001679187,0.0001845537,0.0002018422,0.0002177131,0.000234468,0.000249108,0.0002651279,0.0002787131,0.0002928022,0.000305703,0.0003186688,0.0003289009,0.0003403826,0.0003505162,0.0003604838,0.000367588,0.0003746093,0.0003786638,0.0003836037,0.0003891377,0.0003988158,0.000408559,0.000418272,0.0004237129,0.000426244,0.000423427,0.0004194823,0.0004147297,0.0004146045,0.0004178098,0.0004259154,0.0004345177,0.0004424597,0.0004383066,0.0004223064,0.0003995761,0.000384885,0.0003781848,0.0003705902,0.0003530824,0.0003360386,0.0003220771,0.0003069209,0.0002874757,0.0002707043,0.0002517949,0.000232875,0.000213103,0.0001936785,0.0001729473,0.0001530423
0.0001825814,0.0001472863,0.0001135124,7.894649e-05,4.628453e-05,1.313488e-05,-1.771612e-05,-4.873244e-05,-7.710741e-05,-0.0001053389,-0.0001306348,-0.0001555072,-0.0001771979,-0.0001982266,-0.0002158763,-0.0002326733,-0.0002459458,-0.0002582257,-0.0002668932,-0.0002744728,-0.0002784168,-0.0002812249,-0.0002804144,-0.0002785032,-0.000273024,-0.0002665156,-0.0002565455,-0.0002456683,-0.0002314808,-0.0002165489,-0.0001984859,-0.0001798705,-0.0001583554,-0.0001364996,-0.0001119939,-8.73903e-05,-6.03993e-05,-3.357e-05,-4.629267e-06,2.38854e-05,5.422709e-05,8.388051e-05,0.0001150837,0.0001453463,0.0001768868,0.0002072598,0.0002386401,0.0002686432,0.0002993816,0.0003286003,0.0003582673,0.000386306,0.0004146724,0.0004409154,0.0004679488,0.0004921382,0.0005172407,0.0005402042,0.0005626632,0.0005832843,0.0006048328,0.000623239,0.0006410822,0.0006571217,0.0006740381,0.0006889863,0.0007048512,0.0007177291,0.0007278913,0.0007317106,0.0007332425,0.0007325189,0.0007337607,0.0007355362,0.0007402588,0.000743628,0.000745284,0.0007396965,0.0007281163,0.0007088864,0.0006863758,0.0006616715,0.0006462305,0.0006397812,0.0006372186,0.0006237261,0.0005993916,0.0005731576,0.0005541611,0.0005320716,0.0005044034,0.0004755761,0.0004488649,0.0004174595,0.0003864174,0.0003538032,0.000320725,0.0002862219,0.0002522326,0.0002168872
0.000174624,0.0001246314,7.419689e-05,2.60494e-05,-2.203174e-05,-6.725396e-05,-0.0001119531,-0.0001532947,-0.000193671,-0.0002302563,-0.0002654747,-0.000296538,-0.000325891,-0.0003507972,-0.0003737205,-0.0003919821,-0.0004080652,-0.0004193517,-0.0004283396,-0.0004324857,-0.0004342818,-0.0004312762,-0.0004259606,-0.0004159283,-0.0004037174,-0.0003869594,-0.0003682142,-0.000345152,-0.0003203535,-0.0002915253,-0.0002612755,-0.0002273372,-0.0001923152,-0.0001539939,-0.0001149671,-7.304944e-05,-3.083313e-05,1.38503e-05,5.841564e-05,0.0001050147,0.0001510821,0.0001987508,0.0002454786,0.0002933856,0.0003399646,0.0003873093,0.0004329794,0.0004790325,0.0005231199,0.0005671977,0.0006090965,0.0006506249,0.0006896598,0.0007284274,0.0007638691,0.0007994463,0.0008312818,0.0008622792,0.000890746,0.0009178739,0.000940857,0.0009636823,0.0009837475,0.001002203,0.00101637,0.001029034,0.001037298,0.001044991,0.001051859,0.001061484,0.00106982,0.001076751,0.001078038,0.001075016,0.001065238,0.001052902,0.001038348,0.001027017,0.001017647,0.001011811,0.001005139,0.000996473,0.000974326,0.0009388996,0.0008953634,0.0008585973,0.0008286462,0.0007965945,0.0007534479,0.0007097145,0.0006681362,0.0006244624,0.0005757398,0.0005290641,0.0004797261,0.0004300034,0.0003792089,0.0003286658,0.0002769086,0.0002261961
7.011666e-05,-1.038685e-06,-6.919695e-05,-0.0001365084,-0.0002000777,-0.0002621551,-0.0003197718,-0.0003752721,-0.0004256915,-0.0004734324,-0.0005155736,-0.0005545591,-0.0005875331,-0.0006169767,-0.0006401082,-0.0006594461,-0.000672287,-0.0006811867,-0.0006835265,-0.0006818852,-0.0006737482,-0.0006616989,-0.000643317,-0.0006212321,-0.0005930657,-0.000561493,-0.0005241943,-0.0004838818,-0.0004382854,-0.0003901462,-0.0003372261,-0.0002822932,-0.0002231602,-0.0001625844,-9.842448e-05,-3.343497e-05,3.450301e-05,0.0001026373,0.0001730721,0.0002430708,0.0003147233,0.000385323,0.0004569542,0.0005269469,0.0005973778,0.0006656373,0.0007337724,0.0007992531,0.0008640784,0.0009258704,0.0009864973,0.001043784,0.001099605,0.001151419,0.001202107,0.001247923,0.001292639,0.001333129,0.001370992,0.001404896,0.001437611,0.001465007,0.001489694,0.001510449,0.001529969,0.001545394,0.001559687,0.001568982,0.001573568,0.00156978,0.001561698,0.001549392,0.001537147,0.001523575,0.001511166,0.001495651,0.001476709,0.001448799,0.001413191,0.00136823,0.001318319,0.001264569,0.001218616,0.001180306,0.0011446,0.001096621,0.001036511,0.0009734023,0.0009166321,0.0008558842,0.0007887932,0.0007199959,0.0006529125,0.0005808503,0.0005091131,0.0004358983,0.000362522,0.0002882234,0.0002151214,0.0001415573
-0.000155688,-0.000255734,-0.0003536362,-0.00044643,-0.0005361022,-0.0006196461,-0.0006991971,-0.000771741,-0.0008395048,-0.0008995237,-0.0009540953,-0.001000337,-0.001040608,-0.001072124,-0.001097308,-0.001113479,-0.001123122,-0.001123664,-0.001117649,-0.001102623,-0.001081164,-0.001050953,-0.001014606,-0.0009698867,-0.0009194941,-0.0008612626,-0.0007979444,-0.0007274412,-0.0006525517,-0.0005712365,-0.000486342,-0.000395873,-0.0003026848,-0.0002048454,-0.0001052065,-1.870246e-06,0.0001023119,0.0002092227,0.0003160229,0.0004245861,0.0005321035,0.0006404431,0.0007468351,0.0008531515,0.0009566785,0.001059282,0.001158339,0.001255702,0.00134887,0.001439611,0.001525641,0.001608599,0.001686273,0.001760769,0.001828923,0.001894152,0.00195247,0.002006731,0.002055248,0.002099114,0.002135515,0.002168465,0.002195355,0.002217298,0.002231662,0.002241268,0.002243208,0.0022413,0.002235381,0.002229136,0.002218616,0.00220372,0.002180265,0.0021496,0.002109326,0.002063683,0.002013111,0.001963161,0.001912712,0.001863444,0.001811135,0.001754739,0.001682761,0.001595433,0.001498111,0.001405977,0.001319329,0.001229291,0.001126994,0.00102327,0.0009211436,0.0008164801,0.0007066332,0.0005989904,0.0004890542,0.0003794112,0.0002696631,0.000161371,5.340569e-05,-5.175105e-05
-0.0005126658,-0.0006620167,-0.0008043592,-0.0009415089,-0.001070192,-0.001192377,-0.001304764,-0.001409466,-0.001503246,-0.001588331,-0.00166159,-0.001725354,-0.001776622,-0.001817826,-0.001846107,-0.001863999,-0.001868789,-0.001863112,-0.001844406,-0.00181539,-0.001773671,-0.00172203,-0.001658228,-0.001585146,-0.001500639,-0.001407685,-0.00130424,-0.001193363,-0.0010731,-0.0009465693,-0.0008118803,-0.0006722045,-0.0005257228,-0.0003756121,-0.000220111,-6.240112e-05,9.92541e-05,0.0002616778,0.0004265981,0.0005908645,0.0007562054,0.0009195192,0.001082551,0.00124226,0.001400412,0.00155406,0.00170497,0.001850312,0.001991834,0.002126904,0.002257165,0.002380234,0.002497803,0.00260713,0.002711002,0.002805448,0.002894212,0.002974016,0.003046346,0.003109843,0.003167237,0.003214266,0.003253548,0.003283855,0.003307871,0.00332268,0.003331345,0.003330041,0.003319065,0.003294684,0.003261003,0.003218163,0.003170558,0.003116895,0.003059817,0.002995149,0.002922688,0.002836945,0.002739296,0.002628188,0.002508172,0.002380513,0.002257248,0.002138541,0.002019589,0.001885577,0.001736888,0.001583112,0.001434058,0.001279593,0.001117704,0.0009535414,0.0007909009,0.0006234351,0.0004569894,0.0002901125,0.0001245842,-3.990492e-05,-0.0002008374,-0.0003594184
-0.0009474116,-0.001174529,-0.001394014,-0.001602334,-0.001800929,-0.00198628,-0.002160052,-0.002318795,-0.002464344,-0.002593386,-0.002707913,-0.002804789,-0.002886155,-0.002949073,-0.002995839,-0.003023718,-0.003035163,-0.003027642,-0.003003763,-0.002961206,-0.002902702,-0.00282616,-0.002734434,-0.002625597,-0.002502667,-0.002363864,-0.002212328,-0.002046416,-0.001869373,-0.001679671,-0.001480654,-0.001270879,-0.001053736,-0.0008278783,-0.0005967148,-0.0003589497,-0.0001180021,0.0001274057,0.0003738694,0.0006226675,0.0008704424,0.001118488,0.001363513,0.001606848,0.001845294,0.002080214,0.002308549,0.00253169,0.002746752,0.002955087,0.003154087,0.003345012,0.003525381,0.003696997,0.003856414,0.004006871,0.004144089,0.004270744,0.004385035,0.004487796,0.004576088,0.00465385,0.004718347,0.004770516,0.004807686,0.004832617,0.004842272,0.004840331,0.004826659,0.00480499,0.00477143,0.004725812,0.004663955,0.004587178,0.004493093,0.004385971,0.004266388,0.004140055,0.004006087,0.003866372,0.003716978,0.003557114,0.003375406,0.003172275,0.002953519,0.002734947,0.002517418,0.002292342,0.002051278,0.001805798,0.001559589,0.001308956,0.001051989,0.0007967856,0.0005394314,0.0002832585,2.856702e-05,-0.0002224597,-0.0004701863,-0.0007115453
-0.001323843,-0.001676144,-0.0020149,-0.002341054,-0.002650409,-0.002944162,-0.003218186,-0.003473926,-0.003707433,-0.00392038,-0.00410905,-0.004275342,-0.004415801,-0.004532556,-0.00462243,-0.004687787,-0.004725736,-0.004738873,-0.004724598,-0.004685722,-0.004619949,-0.004530283,-0.004414708,-0.004276454,-0.00411372,-0.003929945,-0.003723542,-0.003498136,-0.003252325,-0.002989888,-0.002709568,-0.002415269,-0.002105878,-0.001785358,-0.001452703,-0.001111923,-0.0007620625,-0.0004071465,-4.623951e-05,0.0003166606,0.000682498,0.001047342,0.00141218,0.001773179,0.002131385,0.00248311,0.002829453,0.003166904,0.003496599,0.003815305,0.004124099,0.004420083,0.004704448,0.004973962,0.005231055,0.005471228,0.005697982,0.005907615,0.00610124,0.00627727,0.006438157,0.006579233,0.00670292,0.006807759,0.006896176,0.006964937,0.007017006,0.007048386,0.007059129,0.007045153,0.007010352,0.006954713,0.006882548,0.006792477,0.006687138,0.006562307,0.00641778,0.006248008,0.006054416,0.005835527,0.005596071,0.005337537,0.005072574,0.004801876,0.004521105,0.004215722,0.003886686,0.003544491,0.00319988,0.002843299,0.002473598,0.002097032,0.001718302,0.001331968,0.0009450689,0.0005570743,0.0001708574,-0.0002128095,-0.0005904149,-0.0009620814
-0.001371174,-0.001907305,-0.002429502,-0.002932833,-0.003417389,-0.003878354,-0.004316168,-0.004726223,-0.005109271,-0.005460995,-0.005782458,-0.00606969,-0.006324072,-0.006542007,-0.006725204,-0.006870456,-0.00697981,-0.007050449,-0.007084756,-0.007080315,-0.007039814,-0.006961252,-0.006847618,-0.006697254,-0.006513488,-0.00629498,-0.006045343,-0.005763529,-0.005453411,-0.005114196,-0.004749991,-0.004360214,-0.003949129,-0.003516354,-0.003066262,-0.002598603,-0.002117823,-0.001623744,-0.001120835,-0.0006089422,-9.250062e-05,0.0004286612,0.0009501904,0.001472321,0.001990833,0.002506038,0.003013918,0.003514876,0.004005152,0.004485174,0.004951554,0.005404702,0.005841436,0.006262833,0.006664741,0.007049857,0.0074132,0.007756897,0.008078698,0.008378772,0.008653698,0.008907,0.009135429,0.00933934,0.009515651,0.009666667,0.009788767,0.009885013,0.00995487,0.01000169,0.01002118,0.01001262,0.009971345,0.00989815,0.009790198,0.00965134,0.009481906,0.009287418,0.00906694,0.008822328,0.008549789,0.008248683,0.007907676,0.007527401,0.007114267,0.006685003,0.006241355,0.005775339,0.005279398,0.004766463,0.004241498,0.003701841,0.003147096,0.002586846,0.002018512,0.001447042,0.000874281,0.0003038718,-0.0002628754,-0.000821469
-0.0006867978,-0.001481195,-0.002258286,-0.003017016,-0.003751122,-0.004459945,-0.005137434,-0.005783338,-0.006391961,-0.006963459,-0.00749257,-0.007979873,-0.008420585,-0.008815727,-0.009161027,-0.009457967,-0.009702793,-0.009897457,-0.01003874,-0.01012904,-0.01016569,-0.01015153,-0.01008441,-0.00996764,-0.009799516,-0.00958379,-0.009319212,-0.009009941,-0.008655129,-0.008259298,-0.00782195,-0.00734792,-0.006837034,-0.006294354,-0.005719965,-0.005119114,-0.00449206,-0.003844172,-0.003175816,-0.002492406,-0.001794352,-0.001087032,-0.0003708313,0.0003489748,0.00107208,0.00179339,0.002512698,0.003225162,0.003930682,0.004624791,0.005307412,0.005974523,0.006626261,0.007258336,0.007872323,0.008462629,0.009032074,0.00957601,0.0100947,0.01058586,0.01105119,0.0114851,0.01188933,0.01226169,0.01260376,0.01291139,0.01318686,0.01342537,0.01362602,0.01378359,0.01390094,0.01397711,0.01401549,0.01401375,0.01397368,0.01389015,0.01376212,0.01358314,0.01335393,0.01307239,0.01274282,0.01236643,0.01195618,0.01151304,0.01103298,0.01050167,0.009920787,0.009302054,0.008657566,0.007978757,0.007265989,0.006527408,0.005769389,0.004988267,0.004193314,0.003385879,0.002571021,0.00175171,0.0009335542,0.0001186853
0.001260012,0.0001343639,-0.0009796947,-0.002074392,-0.003147024,-0.004190047,-0.005201265,-0.00617352,-0.007105113,-0.007989402,-0.008825215,-0.009606497,-0.01033264,-0.01099823,-0.01160325,-0.01214296,-0.01261795,-0.01302416,-0.0133628,-0.01363054,-0.01382918,-0.01395608,-0.01401369,-0.014,-0.01391809,-0.01376658,-0.01354914,-0.01326498,-0.01291833,-0.01250893,-0.01204152,-0.01151633,-0.01093851,-0.01030876,-0.009632539,-0.008910902,-0.008149601,-0.007349929,-0.006517824,-0.005654745,-0.004766713,-0.003855261,-0.002926396,-0.001981636,-0.001026871,-6.354054e-05,0.0009026952,0.001870527,0.002834634,0.003793798,0.004743205,0.005681692,0.006604765,0.007512129,0.008398309,0.009264909,0.01010565,0.01092156,0.01170948,0.01246829,0.01319361,0.01388805,0.01454727,0.01517043,0.01575344,0.01629751,0.01679765,0.01725542,0.017669,0.01804043,0.01836397,0.01863714,0.01885354,0.01901205,0.01910801,0.01914337,0.01911679,0.01903215,0.01888705,0.01868195,0.01841193,0.01807538,0.01765989,0.01716545,0.01659843,0.01597603,0.01530057,0.01456448,0.01376118,0.01290533,0.01200359,0.01105486,0.01006112,0.009034316,0.007974183,0.006888446,0.005781712,0.004660322,0.003528652,0.002393949
0.005037643,0.003515992,0.001998607,0.0004902045,-0.0009991394,-0.002465231,-0.003898349,-0.005294875,-0.006645647,-0.007947678,-0.009192492,-0.01037778,-0.01149583,-0.01254506,-0.0135186,-0.01441562,-0.0152301,-0.01596202,-0.01660622,-0.01716349,-0.01762958,-0.01800606,-0.01828957,-0.0184825,-0.01858232,-0.01859223,-0.01851051,-0.01834113,-0.01808315,-0.01774126,-0.01731522,-0.0168104,-0.01622721,-0.01557158,-0.01484452,-0.01405243,-0.01319678,-0.01228438,-0.01131705,-0.01030187,-0.009240913,-0.008141396,-0.007005503,-0.005840476,-0.004648503,-0.003436694,-0.002207169,-0.0009667712,0.0002825094,0.001534293,0.002786676,0.004033859,0.005274294,0.006501985,0.007717111,0.008912358,0.01008941,0.01124214,0.01236949,0.01346807,0.01453844,0.01557359,0.01657421,0.01753693,0.01846198,0.01934364,0.02018296,0.02097361,0.02171282,0.02239313,0.02301512,0.0235755,0.0240752,0.02450916,0.02487649,0.02516905,0.02538283,0.02550818,0.0255428,0.02548165,0.02532634,0.02507567,0.02474096,0.02432163,0.02381232,0.02319743,0.02247832,0.02166717,0.0207769,0.01979948,0.01873682,0.01759928,0.01639529,0.0151236,0.0137967,0.01241876,0.01099825,0.009541676,0.008058123,0.006553518
0.01114444,0.00919837,0.007234728,0.005265939,0.003299378,0.001347216,-0.0005837808,-0.002481977,-0.004341279,-0.006150797,-0.007905208,-0.009594497,-0.0112142,-0.01275526,-0.01421414,-0.01558282,-0.01685872,-0.0180349,-0.01910977,-0.02007748,-0.02093747,-0.02168499,-0.0223205,-0.02284033,-0.02324597,-0.0235348,-0.02370935,-0.02376798,-0.0237142,-0.02354736,-0.02327187,-0.022888,-0.022401,-0.02181198,-0.02112693,-0.02034771,-0.01948095,-0.01852913,-0.01749941,-0.01639473,-0.01522266,-0.01398648,-0.01269397,-0.01134863,-0.009958262,-0.00852643,-0.007060815,-0.005564909,-0.004046052,-0.002507644,-0.0009564359,0.0006043154,0.00216831,0.003733383,0.005292277,0.006845132,0.008383969,0.009908451,0.0114143,0.0128989,0.01435681,0.01578971,0.0171921,0.01856184,0.01989393,0.02118839,0.02243863,0.02364436,0.02480208,0.02591185,0.02696569,0.02795808,0.02887941,0.02972481,0.03048559,0.0311593,0.03174017,0.03222734,0.03261377,0.03289508,0.03306183,0.03310789,0.0330164,0.03278346,0.03241247,0.03191844,0.03130179,0.03055317,0.02966536,0.02865353,0.02752508,0.02627974,0.02492177,0.0234656,0.02191355,0.02027688,0.01856384,0.01678453,0.01494776,0.01306491
0.01982584,0.01747734,0.01508234,0.01265095,0.01019894,0.007735966,0.005277463,0.002832436,0.000415615,-0.001964789,-0.004294976,-0.006567677,-0.008770178,-0.01089627,-0.01293442,-0.01487957,-0.01672145,-0.01845621,-0.02007489,-0.02157487,-0.02294855,-0.02419455,-0.02530661,-0.02628465,-0.02712368,-0.0278249,-0.02838462,-0.02880526,-0.02908438,-0.02922559,-0.02922763,-0.02909523,-0.02882827,-0.0284325,-0.02790882,-0.02726394,-0.02649966,-0.02562351,-0.02463807,-0.02355154,-0.02236713,-0.02109355,-0.01973446,-0.01829887,-0.01679073,-0.01521912,-0.01358814,-0.01190674,-0.01017897,-0.008413342,-0.006613844,-0.004788316,-0.002940258,-0.001077648,0.0007981528,0.002677867,0.004562063,0.006443132,0.008318747,0.01018482,0.0120411,0.01387957,0.01570065,0.01750052,0.01927885,0.02102917,0.02275226,0.02444114,0.02609189,0.02769512,0.02924933,0.0307487,0.03219108,0.0335676,0.03487294,0.03609367,0.03721991,0.03823533,0.03913063,0.03989345,0.04051803,0.04099569,0.0413313,0.04151759,0.04154291,0.0413857,0.04104281,0.0405231,0.03983677,0.0389732,0.03793349,0.03672838,0.03536669,0.03384859,0.03218936,0.03039569,0.0284797,0.02645198,0.0243259,0.02211225
0.03092016,0.02827062,0.02552612,0.02270522,0.01982152,0.01689363,0.01393479,0.01096312,0.00799119,0.005036274,0.00211003,-0.000771384,-0.003597444,-0.006353301,-0.009029712,-0.01161327,-0.01409614,-0.01646644,-0.01871783,-0.02084003,-0.02282817,-0.02467365,-0.02637312,-0.02791956,-0.02931122,-0.03054264,-0.03161359,-0.03252014,-0.03326356,-0.03384139,-0.03425632,-0.0345073,-0.03459835,-0.03452976,-0.03430678,-0.0339309,-0.03340851,-0.03274217,-0.03193926,-0.0310033,-0.02994245,-0.028761,-0.02746776,-0.02606759,-0.02456968,-0.02297928,-0.02130573,-0.01955444,-0.01773457,-0.01585162,-0.01391414,-0.01192757,-0.009899951,-0.007835317,-0.005742725,-0.003623313,-0.001486638,0.0006659378,0.002829606,0.005000778,0.007173955,0.009351114,0.01152698,0.01369984,0.01586587,0.01802623,0.02017517,0.02231297,0.02443716,0.02654849,0.02863921,0.03070273,0.03272773,0.03470646,0.03662622,0.03847925,0.04025356,0.04194074,0.04352526,0.04499314,0.04632492,0.0475036,0.04850121,0.04930295,0.04990228,0.0503051,0.05050297,0.05047817,0.05021698,0.04973003,0.04902048,0.04808465,0.04692581,0.04555809,0.04398401,0.04221692,0.04026761,0.03814921,0.03587505,0.03346072
0.04370226,0.04093862,0.03802136,0.03496664,0.03179697,0.02852871,0.02518457,0.02178062,0.01833912,0.01487545,0.01141091,0.007959861,0.004542299,0.00117127,-0.002134779,-0.00536435,-0.008500717,-0.01153409,-0.01444959,-0.01723923,-0.01989008,-0.02239599,-0.02474599,-0.02693583,-0.02895646,-0.03080551,-0.0324758,-0.03396682,-0.03527321,-0.03639621,-0.03733219,-0.03808404,-0.0386498,-0.0390339,-0.0392359,-0.03926164,-0.03911209,-0.03879437,-0.03831067,-0.03766927,-0.03687342,-0.03593232,-0.03485012,-0.03363675,-0.03229705,-0.03084139,-0.0292751,-0.02760875,-0.02584793,-0.02400295,-0.02207951,-0.02008735,-0.01803172,-0.01592249,-0.01376237,-0.01156256,-0.009323219,-0.007053135,-0.004755334,-0.002433761,-8.830311e-05,0.002273433,0.004653735,0.007050943,0.009467127,0.01189864,0.01435041,0.01681973,0.01930671,0.02180547,0.02431808,0.02684182,0.02937681,0.03191498,0.03445044,0.03696705,0.03945033,0.0418769,0.04422855,0.046482,0.04861905,0.05061703,0.05246686,0.05414583,0.05562669,0.05687225,0.05786548,0.05860268,0.05908214,0.0592818,0.05919438,0.05882403,0.05817347,0.05723879,0.05603361,0.05456312,0.05284002,0.0508766,0.04868868,0.04629084
0.05684293,0.05424901,0.05142304,0.04838893,0.04516645,0.04178089,0.03825268,0.03460746,0.03086569,0.0270526,0.02318804,0.01929627,0.01539605,0.01151017,0.007655885,0.003854222,0.0001205983,-0.003525995,-0.007072179,-0.0105012,-0.01380185,-0.01695973,-0.01996589,-0.02280826,-0.02548024,-0.02797209,-0.03027947,-0.0323949,-0.03431624,-0.03603817,-0.03756063,-0.03888036,-0.03999919,-0.04091577,-0.04163369,-0.04215331,-0.04247984,-0.04261515,-0.04256587,-0.04233525,-0.04193114,-0.04135795,-0.04062456,-0.03973636,-0.03870302,-0.03753072,-0.03622961,-0.03480648,-0.03327163,-0.03163226,-0.02989835,-0.02807722,-0.02617857,-0.02420831,-0.02217736,-0.02008818,-0.01795209,-0.0157715,-0.01355151,-0.01129658,-0.009011524,-0.006692801,-0.004343879,-0.001963748,0.0004485095,0.002899519,0.005389537,0.007925629,0.01051397,0.01316468,0.01587979,0.01866163,0.02150756,0.02441695,0.02738283,0.03040072,0.03345954,0.03654844,0.03964632,0.04272991,0.04576761,0.04872712,0.05156228,0.05423903,0.05673096,0.05902343,0.06108682,0.06288228,0.06437749,0.06556665,0.06643704,0.06697036,0.06715944,0.06700901,0.06651361,0.06568173,0.06452074,0.0630416,0.06125794,0.05918615
0.06845474,0.06638916,0.06400779,0.06132974,0.05838244,0.05518728,0.05177365,0.04816433,0.04438945,0.04047227,0.03644274,0.03232368,0.02814416,0.02392589,0.01969642,0.01547582,0.01128963,0.007155831,0.003097572,-0.0008695521,-0.004725059,-0.008455963,-0.01204458,-0.01548072,-0.01874951,-0.02184358,-0.02475091,-0.02746688,-0.02998218,-0.03229487,-0.03439821,-0.03629273,-0.03797412,-0.0394451,-0.04070355,-0.0417542,-0.04259684,-0.04323795,-0.043679,-0.04392798,-0.04398777,-0.04386767,-0.04357177,-0.04311039,-0.04248865,-0.04171765,-0.04080336,-0.03975742,-0.0385865,-0.0373023,-0.03591219,-0.03442738,-0.0328551,-0.03120752,-0.02948894,-0.02771338,-0.02588233,-0.02400675,-0.02209151,-0.02014099,-0.01815558,-0.01614316,-0.01409915,-0.01202218,-0.009906207,-0.007749304,-0.005537724,-0.003263607,-0.0009149267,0.001515545,0.00404501,0.006687541,0.009460652,0.01237321,0.01543554,0.01864534,0.02199897,0.02547986,0.02907239,0.03275078,0.03648932,0.04025317,0.04401727,0.04773781,0.05136323,0.05482953,0.05809356,0.06112503,0.06389517,0.06635444,0.06847238,0.0702321,0.07161593,0.07260248,0.07319219,0.07337712,0.07316092,0.07254904,0.07155175,0.07018109
0.07632831,0.07519797,0.07365982,0.0717371,0.0694508,0.06682873,0.0638954,0.06068158,0.05721395,0.05352485,0.04964201,0.04559797,0.04142048,0.03714138,0.03278748,0.02838914,0.02397143,0.01956257,0.01518529,0.01086514,0.006622091,0.002478585,-0.001548506,-0.00544002,-0.009182453,-0.01276005,-0.01616272,-0.01937812,-0.02239951,-0.02521787,-0.02782969,-0.03022906,-0.0324154,-0.03438569,-0.03614195,-0.03768367,-0.03901516,-0.04013805,-0.04105859,-0.04178014,-0.04231054,-0.04265462,-0.04282148,-0.04281712,-0.04265161,-0.04233196,-0.04186895,-0.04127047,-0.04054775,-0.03970949,-0.03876708,-0.03772963,-0.03660879,-0.03541294,-0.03415561,-0.03284168,-0.03148585,-0.03009339,-0.02867179,-0.02722907,-0.02577188,-0.0242978,-0.02281133,-0.02131125,-0.01979312,-0.01824552,-0.01666182,-0.01502625,-0.01331933,-0.01151431,-0.009589163,-0.007519864,-0.005284143,-0.002856241,-0.0002155974,0.002660227,0.005785741,0.009172257,0.01281638,0.01670616,0.02081524,0.02510901,0.02953111,0.03403199,0.03856445,0.04308758,0.04754018,0.051849,0.05594839,0.05980009,0.06335746,0.06656919,0.06940066,0.07182989,0.0738267,0.07537954,0.07647809,0.07711799,0.07730141,0.07703489
0.07829859,0.07849069,0.07819843,0.07743379,0.07622025,0.07457656,0.07253222,0.07011116,0.06734692,0.064267,0.06090739,0.05729741,0.05347408,0.04946728,0.04531378,0.04104284,0.03668994,0.03228271,0.02785441,0.02343025,0.01904056,0.01470746,0.01045784,0.006310198,0.002287624,-0.001595294,-0.00531952,-0.008874531,-0.01224539,-0.01542563,-0.01840431,-0.02117884,-0.0237421,-0.02609502,-0.02823388,-0.03016276,-0.03188089,-0.033395,-0.03470671,-0.03582485,-0.03675292,-0.03750135,-0.03807505,-0.03848559,-0.03873897,-0.03884754,-0.03881815,-0.0386637,-0.03839193,-0.03801587,-0.03754434,-0.03699026,-0.03636277,-0.0356767,-0.03493846,-0.03416616,-0.0333639,-0.03254697,-0.03172495,-0.03090575,-0.03009439,-0.02930415,-0.02853293,-0.02778185,-0.02704736,-0.02632821,-0.02560694,-0.02486925,-0.0240946,-0.02326426,-0.02234453,-0.02129911,-0.02008343,-0.01865689,-0.01697316,-0.01499596,-0.01268914,-0.01002998,-0.006996945,-0.003583274,0.0002116001,0.00437109,0.00888048,0.01369395,0.01874823,0.02395882,0.02925766,0.03458322,0.03986903,0.04502341,0.04997689,0.05467396,0.05905627,0.06306518,0.06666884,0.0698266,0.07251461,0.07471423,0.07641377,0.0776077
0.07277823,0.07458722,0.07585645,0.07659426,0.07680921,0.07651995,0.07574416,0.07450819,0.07283669,0.07076173,0.06831286,0.06552584,0.06243329,0.05907293,0.05547877,0.05168903,0.04773763,0.0436619,0.03949442,0.03527046,0.03102023,0.02677597,0.02256461,0.0184147,0.01434917,0.01039229,0.006562524,0.002879521,-0.0006429916,-0.003990181,-0.007153121,-0.01012177,-0.01289184,-0.01545787,-0.01781983,-0.01997637,-0.02193126,-0.02368662,-0.02524933,-0.02662427,-0.02782063,-0.02884526,-0.02970896,-0.03041992,-0.03098986,-0.0314278,-0.03174588,-0.03195375,-0.03206364,-0.03208593,-0.03203269,-0.03191512,-0.03174587,-0.03153515,-0.03129911,-0.03104458,-0.03079023,-0.03054507,-0.0303199,-0.03012966,-0.02998587,-0.02989098,-0.02985705,-0.02988989,-0.02998924,-0.03014824,-0.03036569,-0.03063007,-0.03092134,-0.03120866,-0.03146234,-0.03164767,-0.03172477,-0.03164355,-0.031351,-0.03078478,-0.02988363,-0.02858436,-0.02683519,-0.02459311,-0.02183076,-0.01853582,-0.01472758,-0.01042707,-0.005664818,-0.0004793026,0.005055064,0.01084081,0.01678323,0.02280989,0.02883057,0.03474671,0.04048067,0.04596546,0.05112504,0.05590801,0.06026544,0.06415643,0.06755278,0.07043137
0.0592764,0.06280185,0.06578525,0.06821298,0.0700872,0.07140775,0.07218923,0.07244264,0.07219245,0.07145857,0.07027285,0.06866189,0.06666274,0.06430647,0.06163332,0.05867692,0.05547898,0.0520738,0.04850288,0.04479976,0.04100422,0.03714772,0.0332672,0.02939079,0.0255517,0.02177387,0.01808592,0.01450691,0.01106033,0.007759909,0.004623659,0.001659804,-0.001119289,-0.003710858,-0.006107941,-0.008312942,-0.01032383,-0.01214759,-0.01378636,-0.01525081,-0.01654627,-0.01768603,-0.01867757,-0.01953573,-0.02026917,-0.02089325,-0.02141706,-0.02185581,-0.02221876,-0.02252047,-0.02277053,-0.0229829,-0.02316704,-0.02333867,-0.02350421,-0.02368398,-0.02388218,-0.02411671,-0.02440036,-0.02474307,-0.02515442,-0.02565441,-0.02624475,-0.02693257,-0.02772416,-0.02862831,-0.02963472,-0.03073693,-0.0319254,-0.03319412,-0.03452101,-0.03587748,-0.03722318,-0.03851518,-0.03969451,-0.04070155,-0.04146612,-0.04191982,-0.04198323,-0.04158118,-0.04063624,-0.03908429,-0.03686079,-0.03394708,-0.03035548,-0.02613468,-0.02132698,-0.01598538,-0.01018711,-0.004050711,0.002325327,0.008848822,0.01541344,0.02191204,0.02826707,0.03438685,0.04020081,0.045646,0.05066783,0.05522218
0.03878006,0.04385807,0.04845047,0.05253039,0.05607429,0.05907234,0.06151692,0.06341231,0.0647645,0.06558951,0.06590421,0.06573406,0.06510431,0.06404739,0.06259462,0.06078314,0.0586482,0.05622949,0.05356412,0.05069247,0.04765166,0.04448112,0.04121633,0.03789437,0.0345477,0.03120981,0.02790906,0.02467427,0.02152876,0.0184959,0.01559327,0.01283819,0.01024212,0.007815985,0.00556488,0.003493464,0.001600681,-0.0001146943,-0.00165921,-0.003039127,-0.004265403,-0.005348111,-0.006301236,-0.0071372,-0.007871453,-0.008517331,-0.009090237,-0.009603352,-0.01007094,-0.01050565,-0.01091987,-0.0113257,-0.0117347,-0.0121561,-0.01260503,-0.01308556,-0.01361562,-0.01420235,-0.01485329,-0.01558501,-0.01640704,-0.01731983,-0.01833907,-0.01947446,-0.02072606,-0.02209189,-0.02358291,-0.02520457,-0.02695264,-0.02881501,-0.03078662,-0.03286668,-0.03505064,-0.0373228,-0.03965561,-0.04199944,-0.04429111,-0.04645167,-0.04839699,-0.05003128,-0.05124694,-0.05193106,-0.05199584,-0.05135072,-0.04992264,-0.04766311,-0.04458358,-0.04073744,-0.03618592,-0.03098393,-0.02523046,-0.01904862,-0.01254148,-0.005814658,0.001007569,0.007828207,0.0145487,0.02107632,0.02733626,0.03325666
0.01372741,0.01989245,0.02571039,0.03112334,0.03609391,0.04058332,0.04457222,0.04803937,0.0509813,0.0533921,0.05528189,0.05665759,0.05754044,0.0579477,0.05790933,0.05745035,0.05660703,0.05540974,0.05389876,0.05210756,0.0500783,0.04784553,0.04545137,0.04292955,0.04032056,0.03765578,0.03497259,0.0322986,0.02966676,0.02709974,0.02462506,0.02225949,0.02002414,0.01792914,0.01598856,0.01420538,0.01258648,0.01112767,0.009828872,0.008679353,0.007672928,0.006793493,0.006030304,0.005363734,0.004780434,0.004259465,0.003786922,0.003342715,0.002913917,0.002483102,0.002039089,0.001567753,0.001061044,0.0005050829,-0.0001014592,-0.000776103,-0.001515133,-0.002330879,-0.003230403,-0.004212784,-0.005280506,-0.006449187,-0.007708153,-0.009056169,-0.0104996,-0.01204821,-0.0136888,-0.01541788,-0.01724399,-0.01919278,-0.02128134,-0.02352592,-0.02594405,-0.02855866,-0.03137413,-0.03438657,-0.03756943,-0.04088988,-0.04429319,-0.0477073,-0.05101424,-0.05405266,-0.05661897,-0.05856701,-0.05978949,-0.0602144,-0.05975605,-0.05835868,-0.05602273,-0.05281809,-0.04879983,-0.04403577,-0.03863819,-0.03273015,-0.02640909,-0.01980567,-0.01303132,-0.006192592,0.0006061366,0.007273324
-0.01245528,-0.005907249,0.0004936096,0.006675255,0.01256953,0.01812357,0.02328866,0.02803016,0.03231775,0.03613364,0.03946409,0.04230624,0.04466066,0.04653726,0.04794855,0.04891479,0.04945779,0.0496057,0.04938718,0.04883584,0.0479849,0.0468711,0.04552987,0.04399919,0.04231474,0.04051382,0.03863068,0.03670031,0.03475381,0.03282236,0.03093259,0.02911048,0.02737691,0.02575137,0.02424771,0.02287794,0.02164807,0.02056198,0.01961749,0.01881031,0.01813044,0.01756621,0.01710114,0.01671802,0.01639627,0.01611573,0.01585474,0.01559305,0.01531109,0.01499081,0.01461743,0.01417673,0.01365853,0.01305647,0.0123598,0.01157322,0.01068608,0.009702435,0.00863008,0.007461709,0.006205529,0.004881774,0.003485423,0.002019673,0.0005086313,-0.001029823,-0.002606348,-0.004232019,-0.005901301,-0.007612009,-0.009391941,-0.01129908,-0.01338914,-0.01571587,-0.01833136,-0.02127035,-0.02454389,-0.02814293,-0.03206513,-0.03631815,-0.04086564,-0.04557094,-0.0502262,-0.05458298,-0.05843935,-0.06161603,-0.06399243,-0.06549256,-0.06604282,-0.06557293,-0.06410173,-0.06169673,-0.0584048,-0.05430355,-0.04951566,-0.04413869,-0.03828815,-0.03208723,-0.02564153,-0.01906441
-0.03619973,-0.03008828,-0.02387273,-0.01765042,-0.01149809,-0.005496842,0.0002932247,0.005809173,0.01100818,0.01584538,0.02029485,0.02432868,0.02793655,0.03110577,0.0338399,0.0361393,0.03801908,0.03949029,0.04057724,0.04129924,0.04168744,0.04176695,0.04157345,0.04113555,0.04049143,0.03967117,0.03871353,0.03764825,0.03651268,0.03533448,0.03414813,0.0329775,0.03185242,0.03079141,0.02981792,0.02894333,0.02818333,0.02754078,0.02702238,0.02662164,0.02633574,0.02614882,0.02604928,0.02601343,0.02602294,0.02604936,0.02607103,0.02605873,0.02599148,0.02584397,0.0255994,0.0252395,0.02475532,0.02413389,0.02338049,0.0224821,0.02145657,0.02030285,0.01902676,0.0176529,0.01619555,0.0146514,0.01306286,0.01145578,0.009828988,0.008181937,0.006548511,0.004955823,0.003441358,0.002016332,0.0006215292,-0.0008426918,-0.002450241,-0.004214525,-0.006132153,-0.008286454,-0.01080136,-0.01378068,-0.01724664,-0.02123432,-0.02586268,-0.03117111,-0.03683648,-0.04251013,-0.04806633,-0.05340754,-0.05825656,-0.06237478,-0.06563929,-0.06801001,-0.0694016,-0.06975581,-0.06910848,-0.06751268,-0.06499934,-0.06166925,-0.05761301,-0.05292734,-0.04772597,-0.04211472
-0.05465758,-0.0497224,-0.04444106,-0.03890496,-0.03320932,-0.02743701,-0.0216707,-0.01598067,-0.0104341,-0.00508621,1.232723e-05,0.004822182,0.009309051,0.01344897,0.01722299,0.02062134,0.02363866,0.02627749,0.02854403,0.03045096,0.0320139,0.03325339,0.03419199,0.03485609,0.035273,0.03547278,0.03548562,0.03534336,0.03507698,0.03471824,0.03429726,0.03384386,0.03338546,0.03294802,0.03255404,0.03222344,0.03197179,0.03181084,0.03174715,0.03178244,0.03191264,0.03212825,0.03241429,0.03275061,0.03311287,0.03347281,0.03380059,0.03406411,0.03423388,0.03427932,0.03417778,0.03390537,0.03344857,0.03279895,0.0319472,0.03090584,0.02967062,0.0282573,0.0266945,0.02497897,0.02314232,0.02123211,0.01924414,0.01718279,0.01511254,0.01310306,0.01115821,0.009090748,0.006903505,0.005135813,0.00400743,0.003074221,0.00206464,0.001029659,0.0001203423,-0.0007465557,-0.001845154,-0.003454384,-0.005583934,-0.00805899,-0.01104911,-0.01526009,-0.02105385,-0.0273166,-0.03350464,-0.03981772,-0.04602358,-0.05191457,-0.05730453,-0.06193763,-0.06572894,-0.06865617,-0.07062629,-0.07160727,-0.07164638,-0.07075272,-0.06897698,-0.06640097,-0.06309152,-0.05914658
-0.06631912,-0.06306871,-0.0592669,-0.05500741,-0.05036714,-0.04544024,-0.04030184,-0.03503918,-0.02971957,-0.0244188,-0.01919236,-0.01410218,-0.009189957,-0.004502894,-6.836215e-05,0.004080998,0.007931604,0.01146423,0.01467773,0.01756472,0.0201348,0.02239048,0.02435015,0.02602406,0.0274375,0.02860649,0.0295613,0.03032192,0.03092157,0.03138234,0.03173878,0.03201322,0.03223959,0.03243845,0.0326408,0.03286285,0.03313019,0.03345197,0.03384553,0.03431008,0.03485186,0.03545767,0.03612091,0.0368152,0.03752139,0.03820178,0.0388277,0.03935501,0.03975145,0.03997444,0.03999567,0.03978165,0.03931675,0.03857709,0.03757175,0.03627963,0.03473363,0.03293222,0.03088759,0.02864332,0.02622232,0.02359665,0.02085671,0.01807942,0.0151581,0.01194387,0.009085606,0.006722732,0.00369001,0.00128609,0.0005699126,0.0003939754,0.0003169219,0.0002585761,0.0002052845,0.0001482147,7.81622e-05,-1.817697e-05,-0.0001367758,-0.000298232,-0.0006212866,-0.00202012,-0.006739386,-0.01239016,-0.01753745,-0.02443428,-0.03162454,-0.03831261,-0.04472925,-0.05079642,-0.05628885,-0.06102648,-0.06499401,-0.06816299,-0.070437,-0.07183677,-0.07236229,-0.07202254,-0.07086778,-0.06894558
-0.07112985,-0.06973124,-0.0676742,-0.06501547,-0.06182409,-0.05816951,-0.05412778,-0.04977283,-0.04518019,-0.04042068,-0.03556348,-0.03067122,-0.0258031,-0.02101044,-0.01634047,-0.01183169,-0.007518614,-0.003426827,0.0004214654,0.004012888,0.007336568,0.01039013,0.01317249,0.01569077,0.01795193,0.01997088,0.02176105,0.02334348,0.02473629,0.02596496,0.02705068,0.02802161,0.02890031,0.0297157,0.03048925,0.03124806,0.03200979,0.03279661,0.03361887,0.03449018,0.0354096,0.03637818,0.03738048,0.03840252,0.03941302,0.04038309,0.04126791,0.04202747,0.04261043,0.0429737,0.04306997,0.04286357,0.04231877,0.0414226,0.0401454,0.03850922,0.03648944,0.03411667,0.03141888,0.02837379,0.02501073,0.02147513,0.01756062,0.01331734,0.009482699,0.005196928,0.001399388,0.0005534789,0.0003323077,0.0001940625,0.0001457115,0.0001332004,0.000129052,0.0001290946,0.0001191618,0.0001067227,8.546269e-05,7.089932e-05,4.98431e-05,3.085527e-05,-1.982465e-05,-0.0001141423,-0.0003740867,-0.0007211342,-0.002279894,-0.009037288,-0.01617592,-0.0231554,-0.03091537,-0.03782135,-0.0441428,-0.05005578,-0.05531337,-0.05987255,-0.06376956,-0.06692824,-0.06931041,-0.07093154,-0.07175859,-0.07181928
-0.07020235,-0.07050761,-0.07013787,-0.06912529,-0.06750103,-0.06531543,-0.06261995,-0.05947625,-0.05594726,-0.0520984,-0.04799544,-0.04370152,-0.03927929,-0.03478484,-0.03027366,-0.02579196,-0.02138559,-0.01708943,-0.01293889,-0.008957151,-0.005169125,-0.001586769,0.001774983,0.004914325,0.007825146,0.01051463,0.01298416,0.01524866,0.0173156,0.01920618,0.02093261,0.02252092,0.02398639,0.02535829,0.02665278,0.02789981,0.02911366,0.03032173,0.03153251,0.03276666,0.03402185,0.03530684,0.0366035,0.03790461,0.03917262,0.04038289,0.04147827,0.04242026,0.0431373,0.04358749,0.04369506,0.04342856,0.04272439,0.04156594,0.03992162,0.03777913,0.03513696,0.03202644,0.02838525,0.02436746,0.01981317,0.01480447,0.009795321,0.00417373,0.0009239923,0.0003686317,0.0001504129,0.0001119444,0.0001399764,0.0001597931,NaN,NaN,NaN,NaN,NaN,NaN,NaN,NaN,NaN,NaN,NaN,-9.371163e-05,-0.0001078385,-0.0001201436,-0.0002424273,-0.0005975983,-0.00152489,-0.007104325,-0.01596638,-0.02363358,-0.03133996,-0.0380414,-0.04401383,-0.0494922,-0.05431036,-0.05854665,-0.06218876,-0.06518541,-0.06753934,-0.06921411
-0.06526209,-0.06688304,-0.06791484,-0.06833477,-0.06816234,-0.06739917,-0.06608545,-0.064245,-0.06193463,-0.05919246,-0.05608443,-0.05265533,-0.04897385,-0.04508477,-0.04105441,-0.0369229,-0.03275054,-0.02856985,-0.02443297,-0.02036324,-0.01640355,-0.0125674,-0.008888234,-0.005369641,-0.002036229,0.001117627,0.004075492,0.006851395,0.009436172,0.01185124,0.01409358,0.01619083,0.01814499,0.01998852,0.02172653,0.02339414,0.02499691,0.02656936,0.02811354,0.02965867,0.03119766,0.03274807,0.03428731,0.03581506,0.03728789,0.03868322,0.03993521,0.04099971,0.04179415,0.0422609,0.04231431,0.04189901,0.04094146,0.03941708,0.03725889,0.03449701,0.0310458,0.02695012,0.02230988,0.01696916,0.01102705,0.004842235,0.0009141125,0.0002704083,9.63348e-05,0.0001092328,0.0001465694,NaN,NaN,NaN,NaN,NaN,NaN,NaN,NaN,NaN,NaN,NaN,NaN,NaN,NaN,NaN,NaN,NaN,-0.0002013913,-0.0001870277,-0.0002493573,-0.0005462053,-0.001605002,-0.00798458,-0.01708115,-0.025324,-0.0324211,-0.03850145,-0.04401412,-0.04887575,-0.05317341,-0.05699439,-0.06028985,-0.06305354
-0.05810718,-0.06057734,-0.06257948,-0.06407595,-0.06505596,-0.06549581,-0.06540617,-0.06478473,-0.06366451,-0.06206214,-0.06002699,-0.05758861,-0.05480601,-0.05171509,-0.04837839,-0.04483275,-0.04113933,-0.03733182,-0.03346669,-0.02957171,-0.02569653,-0.02186138,-0.01810758,-0.01444717,-0.01091285,-0.007508315,-0.004257809,-0.001156967,0.001778162,0.004559471,0.007178454,0.009653756,0.0119836,0.01419234,0.01628369,0.01828569,0.0202053,0.02207104,0.02388928,0.02568395,0.02745489,0.02921397,0.03094695,0.0326454,0.03427355,0.03579582,0.03715078,0.03827457,0.03908361,0.03949431,0.03941407,0.03875528,0.03744619,0.03540312,0.03263748,0.02903268,0.02469935,0.0193933,0.01330937,0.007200726,0.001316686,0.0002988669,8.730898e-05,0.0001087612,0.0001355732,NaN,NaN,NaN,NaN,NaN,NaN,NaN,NaN,NaN,NaN,NaN,NaN,NaN,NaN,NaN,NaN,NaN,NaN,NaN,NaN,NaN,-0.0002658,-0.000246142,-0.0002986059,-0.0006376331,-0.002292675,-0.01120016,-0.01936189,-0.02721159,-0.03366081,-0.03901038,-0.04381495,-0.04802703,-0.05183368,-0.05517937
-0.05018733,-0.05307696,-0.05563367,-0.0577936,-0.0595612,-0.06087531,-0.06174125,-0.06211927,-0.06203063,-0.06145894,-0.06044263,-0.05898434,-0.05713587,-0.05491276,-0.05237506,-0.0495453,-0.04648659,-0.04322345,-0.03981804,-0.03629311,-0.03270684,-0.02907752,-0.02545717,-0.02185768,-0.01832394,-0.0148607,-0.01150506,-0.008254299,-0.005137362,-0.002143952,0.0007048828,0.003426642,0.006007937,0.008472846,0.01081473,0.01306283,0.01521528,0.0173035,0.0193267,0.02131326,0.02325714,0.02517537,0.02704797,0.02887038,0.03059927,0.03219857,0.03359597,0.03471906,0.03547104,0.03574767,0.03544516,0.03444111,0.03264778,0.02996957,0.02636158,0.02187694,0.01644219,0.00989423,0.002809546,0.0005082009,9.115342e-05,9.17816e-05,0.0001181705,NaN,NaN,NaN,NaN,NaN,NaN,NaN,NaN,NaN,NaN,NaN,NaN,NaN,NaN,NaN,NaN,NaN,NaN,NaN,NaN,NaN,NaN,NaN,NaN,NaN,-0.0002945666,-0.0002727841,-0.000340501,-0.0009777213,-0.004544186,-0.01447919,-0.02270844,-0.02915332,-0.03452201,-0.03921422,-0.04330702,-0.04692788
-0.0424083,-0.04547268,-0.04823278,-0.05072325,-0.05290685,-0.05476542,-0.05625989,-0.05736505,-0.05805875,-0.058327,-0.05816891,-0.05758594,-0.05659634,-0.05521534,-0.05347575,-0.05140249,-0.04903755,-0.0464109,-0.04356902,-0.04054286,-0.03737954,-0.0341078,-0.03077203,-0.02739644,-0.02402079,-0.02066311,-0.01735738,-0.01411447,-0.01096156,-0.007901635,-0.004954847,-0.00211602,0.0006017001,0.003211599,0.005707119,0.00810871,0.01041463,0.01265002,0.01481404,0.01693154,0.01899545,0.02102185,0.02298669,0.02488621,0.02666642,0.02829315,0.02967164,0.03073444,0.03134416,0.03141331,0.03076966,0.02933136,0.02690533,0.02343275,0.01880102,0.01308852,0.006900711,0.001108948,0.0001627407,7.630492e-05,0.00010722,NaN,NaN,NaN,NaN,NaN,NaN,NaN,NaN,NaN,NaN,NaN,NaN,NaN,NaN,NaN,NaN,NaN,NaN,NaN,NaN,NaN,NaN,NaN,NaN,NaN,NaN,NaN,NaN,NaN,-0.0003032818,-0.0002911789,-0.000455849,-0.001896242,-0.01020923,-0.01809386,-0.02503732,-0.03059722,-0.03514968,-0.03902224
-0.0351365,-0.03828141,-0.04111788,-0.04368753,-0.0460353,-0.04813375,-0.04997411,-0.05151294,-0.05273254,-0.05359614,-0.0540956,-0.05420933,-0.05394459,-0.05329632,-0.05228687,-0.05092505,-0.04924478,-0.04726449,-0.04502557,-0.04255175,-0.03988793,-0.03705931,-0.03411075,-0.03106563,-0.02796632,-0.02483221,-0.02170131,-0.01858748,-0.01552271,-0.01251396,-0.00958652,-0.006739774,-0.003991666,-0.00133367,0.00122353,0.003695968,0.006078751,0.008393055,0.01063605,0.01282875,0.01496296,0.01704994,0.01906436,0.02099425,0.02278267,0.02438003,0.02568652,0.02660762,0.02700395,0.02674439,0.02567405,0.02364305,0.02048573,0.01606794,0.01009313,0.003576705,0.0005527692,8.01037e-05,9.514482e-05,NaN,NaN,NaN,NaN,NaN,NaN,NaN,NaN,NaN,NaN,NaN,NaN,NaN,NaN,NaN,NaN,NaN,NaN,NaN,NaN,NaN,NaN,NaN,NaN,NaN,NaN,NaN,NaN,NaN,NaN,NaN,NaN,NaN,-0.0003012696,-0.0003102921,-0.001023021,-0.005472464,-0.01420202,-0.02168773,-0.02717436,-0.0315122
-0.02823188,-0.03164071,-0.03455971,-0.03715336,-0.03951277,-0.04166447,-0.04362123,-0.04535793,-0.04685922,-0.04808712,-0.04902418,-0.04963882,-0.04992388,-0.0498621,-0.04946047,-0.04871688,-0.0476514,-0.04627439,-0.04461583,-0.04269477,-0.04054739,-0.03819758,-0.03568374,-0.03303126,-0.03027776,-0.02744726,-0.02457434,-0.02167962,-0.01879247,-0.01592818,-0.01310964,-0.01034565,-0.007651615,-0.005029179,-0.002485682,-1.594713e-05,0.002379737,0.004710939,0.006980782,0.009197392,0.01135946,0.01346275,0.01548853,0.01740438,0.0191575,0.02067022,0.02184185,0.02254214,0.02262503,0.02192629,0.02028315,0.01753712,0.01353934,0.007989838,0.001736147,0.0002485266,7.46885e-05,9.502088e-05,NaN,NaN,NaN,NaN,NaN,NaN,NaN,NaN,NaN,NaN,NaN,NaN,NaN,NaN,NaN,NaN,NaN,NaN,NaN,NaN,NaN,NaN,NaN,NaN,NaN,NaN,NaN,NaN,NaN,NaN,NaN,NaN,NaN,NaN,NaN,-0.0002928805,-0.0002780677,-0.0005555163,-0.002778647,-0.01148895,-0.01877143,-0.0240619
-0.02123816,-0.0252741,-0.02849886,-0.03120805,-0.03358129,-0.03571238,-0.03765701,-0.03942865,-0.04102505,-0.04242281,-0.04360081,-0.04452768,-0.045185,-0.04554849,-0.0456118,-0.04536322,-0.04481048,-0.04395439,-0.04281506,-0.04140333,-0.03974849,-0.03786803,-0.03579674,-0.03355506,-0.03118007,-0.02869222,-0.02612806,-0.02350563,-0.02085831,-0.01819937,-0.01555735,-0.01293917,-0.010367,-0.00784032,-0.005374371,-0.002960916,-0.0006094045,0.001693865,0.0039411,0.006145376,0.008291446,0.01038,0.01237303,0.01424136,0.01590441,0.01728407,0.01824108,0.01864005,0.01828973,0.0170196,0.01464455,0.01101782,0.00612162,0.00100979,0.0001205324,8.945344e-05,8.488631e-05,NaN,NaN,NaN,NaN,NaN,NaN,NaN,NaN,NaN,NaN,NaN,NaN,NaN,NaN,NaN,NaN,NaN,NaN,NaN,NaN,NaN,NaN,NaN,NaN,NaN,NaN,NaN,NaN,NaN,NaN,NaN,NaN,NaN,NaN,NaN,NaN,NaN,-0.0002697441,-0.0002775263,-0.0003430938,-0.001670785,-0.00910235,-0.01595132
-0.01358121,-0.01876371,-0.0226127,-0.02570242,-0.02821896,-0.03037758,-0.03228501,-0.03401559,-0.03559406,-0.03702359,-0.03829025,-0.03937092,-0.04024223,-0.04087907,-0.0412639,-0.04138061,-0.04122344,-0.0407884,-0.04008209,-0.03911177,-0.03789439,-0.03644597,-0.03479037,-0.03294916,-0.03094991,-0.02881644,-0.02657712,-0.02425535,-0.02187739,-0.01946346,-0.01703561,-0.0146089,-0.01219941,-0.009815731,-0.007466912,-0.005154987,-0.002882921,-0.0006488225,0.001545978,0.003700204,0.00580409,0.007839544,0.009771333,0.0115444,0.01307585,0.01425241,0.01492454,0.01491507,0.01401035,0.01201809,0.008691832,0.004277639,0.0006533535,8.386008e-05,9.319169e-05,NaN,NaN,NaN,NaN,NaN,NaN,NaN,NaN,NaN,NaN,NaN,NaN,NaN,NaN,NaN,NaN,NaN,NaN,NaN,NaN,NaN,NaN,NaN,NaN,NaN,NaN,NaN,NaN,NaN,NaN,NaN,NaN,NaN,NaN,NaN,NaN,NaN,NaN,NaN,NaN,NaN,-0.0002680953,-0.0002630297,-0.001131295,-0.006730518
-0.005259957,-0.01134541,-0.01648921,-0.02029817,-0.02322933,-0.02555513,-0.02750484,-0.02920126,-0.03072851,-0.03211534,-0.03337528,-0.03449362,-0.03545697,-0.03623797,-0.03681983,-0.03717852,-0.03730489,-0.03718476,-0.03682004,-0.03620772,-0.03536042,-0.0342847,-0.03300168,-0.03152449,-0.02987981,-0.02808441,-0.02616736,-0.02414627,-0.02204952,-0.0198926,-0.01770078,-0.01548526,-0.01326608,-0.0110486,-0.008846684,-0.006659616,-0.004496338,-0.002353081,-0.0002390559,0.001844337,0.003876101,0.005833986,0.007666164,0.009306405,0.01064858,0.01155682,0.0118556,0.01132371,0.009747189,0.006800874,0.002803586,0.0004252511,7.512753e-05,8.941894e-05,NaN,NaN,NaN,NaN,NaN,NaN,NaN,NaN,NaN,NaN,NaN,NaN,NaN,NaN,NaN,NaN,NaN,NaN,NaN,NaN,NaN,NaN,NaN,NaN,NaN,NaN,NaN,NaN,NaN,NaN,NaN,NaN,NaN,NaN,NaN,NaN,NaN,NaN,NaN,NaN,NaN,NaN,NaN,-0.0002501618,-0.0002241669,-0.0008189742
-0.0006088634,-0.003330141,-0.009542658,-0.01467053,-0.01829019,-0.02104285,-0.02317127,-0.024931,-0.02643408,-0.0277754,-0.02898346,-0.03007757,-0.03104717,-0.03188121,-0.03255761,-0.03305887,-0.03336614,-0.03346686,-0.03335148,-0.03301648,-0.03246298,-0.03169679,-0.0307281,-0.02957026,-0.02823997,-0.02675529,-0.0251366,-0.02340379,-0.02157781,-0.01967737,-0.01772134,-0.01572478,-0.01370242,-0.01166404,-0.009619156,-0.007572401,-0.005529717,-0.003494227,-0.00147467,0.0005179585,0.002458422,0.004310559,0.006010274,0.007472371,0.00856551,0.009134484,0.008953453,0.007811893,0.005342476,0.001853059,0.0002796272,7.689831e-05,8.357729e-05,NaN,NaN,NaN,NaN,NaN,NaN,NaN,NaN,NaN,NaN,NaN,NaN,NaN,NaN,NaN,NaN,NaN,NaN,NaN,NaN,NaN,NaN,NaN,NaN,NaN,NaN,NaN,NaN,NaN,NaN,NaN,NaN,NaN,NaN,NaN,NaN,NaN,NaN,NaN,NaN,NaN,NaN,NaN,NaN,NaN,-0.0002255708,-0.0002184457
-0.0001969531,-0.0004119978,-0.002457787,-0.008285148,-0.01313352,-0.01652799,-0.019085,-0.02103176,-0.02262006,-0.0239524,-0.02512904,-0.02617371,-0.02711513,-0.02793963,-0.02864629,-0.02920968,-0.02962175,-0.02985905,-0.02991716,-0.0297807,-0.02945304,-0.02892829,-0.02821816,-0.02732478,-0.02626657,-0.02505147,-0.02370194,-0.02222898,-0.02065613,-0.01899441,-0.01726573,-0.01547874,-0.01365147,-0.01178862,-0.009903642,-0.007997731,-0.006082057,-0.00415897,-0.002244799,-0.0003545517,0.001475118,0.003195927,0.004727746,0.005960269,0.006745779,0.00687999,0.006148444,0.004198546,0.00128258,0.0001950064,7.826248e-05,7.629896e-05,NaN,NaN,NaN,NaN,NaN,NaN,NaN,NaN,NaN,NaN,NaN,NaN,NaN,NaN,NaN,NaN,NaN,NaN,NaN,NaN,NaN,NaN,NaN,NaN,NaN,NaN,NaN,NaN,NaN,NaN,NaN,NaN,NaN,NaN,NaN,NaN,NaN,NaN,NaN,NaN,NaN,NaN,NaN,NaN,NaN,NaN,NaN,-0.0002020002
-0.0001844284,-0.0001924554,-0.0003251906,-0.001947611,-0.00729188,-0.01180135,-0.01496204,-0.01732536,-0.01911028,-0.02054425,-0.02173102,-0.02276001,-0.02366261,-0.02446226,-0.02515519,-0.02573689,-0.02619204,-0.02650869,-0.02667259,-0.02667447,-0.02650692,-0.02616746,-0.02565672,-0.02497954,-0.02414356,-0.0231592,-0.02203901,-0.02079657,-0.01944653,-0.01800278,-0.01647942,-0.01488818,-0.01324067,-0.01154509,-0.009810118,-0.008041625,-0.006248495,-0.004440015,-0.002634641,-0.0008579873,0.0008436404,0.002406645,0.003729146,0.004683704,0.005079852,0.004718616,0.00326785,0.0009311181,0.000146864,7.743802e-05,6.975403e-05,NaN,NaN,NaN,NaN,NaN,NaN,NaN,NaN,NaN,NaN,NaN,NaN,NaN,NaN,NaN,NaN,NaN,NaN,NaN,NaN,NaN,NaN,NaN,NaN,NaN,NaN,NaN,NaN,NaN,NaN,NaN,NaN,NaN,NaN,NaN,NaN,NaN,NaN,NaN,NaN,NaN,NaN,NaN,NaN,NaN,NaN,NaN,NaN,NaN
NaN,-0.0001625393,-0.0001786684,-0.0002704239,-0.001622122,-0.006468259,-0.01062894,-0.01355648,-0.01574137,-0.01737797,-0.01867937,-0.01973703,-0.02064055,-0.0214157,-0.02209202,-0.022663,-0.02313237,-0.02348247,-0.02370964,-0.02379674,-0.02374202,-0.023534,-0.02317676,-0.02266552,-0.02201046,-0.02121269,-0.02028682,-0.01923775,-0.01808214,-0.01682608,-0.01548578,-0.01406641,-0.01258186,-0.01103538,-0.009438905,-0.007795617,-0.006119776,-0.004421855,-0.002729223,-0.00107537,0.0004796542,0.00185361,0.002927739,0.003537233,0.003489582,0.002495007,0.0006973092,0.000118026,7.356171e-05,6.441728e-05,NaN,NaN,NaN,NaN,NaN,NaN,NaN,NaN,NaN,NaN,NaN,NaN,NaN,NaN,NaN,NaN,NaN,NaN,NaN,NaN,NaN,NaN,NaN,NaN,NaN,NaN,NaN,NaN,NaN,NaN,NaN,NaN,NaN,NaN,NaN,NaN,NaN,NaN,NaN,NaN,NaN,NaN,NaN,NaN,NaN,NaN,NaN,NaN,NaN,NaN
NaN,NaN,-0.0001483203,-0.0001652058,-0.0002356204,-0.001410015,-0.005769138,-0.009587782,-0.01229728,-0.01431254,-0.01581789,-0.01699921,-0.01794733,-0.01873919,-0.01940602,-0.0199712,-0.02043651,-0.02080191,-0.02105865,-0.02119974,-0.02121634,-0.021103,-0.02085527,-0.0204726,-0.01995599,-0.01930967,-0.01853926,-0.01765226,-0.01665688,-0.01556171,-0.01437533,-0.01310548,-0.01175996,-0.01034519,-0.008869017,-0.007339742,-0.005770805,-0.004181209,-0.002603202,-0.001083709,0.0003030826,0.001457037,0.002230393,0.002446967,0.001844756,0.0005297653,9.906336e-05,6.892184e-05,5.993763e-05,NaN,NaN,NaN,NaN,NaN,NaN,NaN,NaN,NaN,NaN,NaN,NaN,NaN,NaN,NaN,NaN,NaN,NaN,NaN,NaN,NaN,NaN,NaN,NaN,NaN,NaN,NaN,NaN,NaN,NaN,NaN,NaN,NaN,NaN,NaN,NaN,NaN,NaN,NaN,NaN,NaN,NaN,NaN,NaN,NaN,NaN,NaN,NaN,NaN,NaN,NaN
NaN,NaN,NaN,-0.0001349517,-0.0001520751,-0.0002116883,-0.001249808,-0.005166602,-0.008664897,-0.01116325,-0.01302239,-0.01440502,-0.0154819,-0.01633158,-0.01702889,-0.0175992,-0.01806991,-0.0184399,-0.01871552,-0.01888602,-0.0189513,-0.01890008,-0.01873346,-0.01844343,-0.01803483,-0.01750402,-0.0168593,-0.01610037,-0.01523764,-0.01427238,-0.01321537,-0.01206819,-0.01084105,-0.00953611,-0.008165157,-0.006735046,-0.005266243,-0.003781128,-0.002323653,-0.0009520264,0.0002428663,0.001136596,0.00156891,0.001311325,0.0003941887,8.479637e-05,6.321981e-05,5.575455e-05,NaN,NaN,NaN,NaN,NaN,NaN,NaN,NaN,NaN,NaN,NaN,NaN,NaN,NaN,NaN,NaN,NaN,NaN,NaN,NaN,NaN,NaN,NaN,NaN,NaN,NaN,NaN,NaN,NaN,NaN,NaN,NaN,NaN,NaN,NaN,NaN,NaN,NaN,NaN,NaN,NaN,NaN,NaN,NaN,NaN,NaN,NaN,NaN,NaN,NaN,NaN,NaN
NaN,NaN,NaN,NaN,-0.0001241036,-0.0001397794,-0.0001943266,-0.001133182,-0.004652086,-0.007843208,-0.0101422,-0.01185151,-0.01312311,-0.01410327,-0.0148681,-0.01548026,-0.01596878,-0.01635468,-0.01664341,-0.0168374,-0.01693322,-0.01692768,-0.01681625,-0.01659659,-0.01626649,-0.01582621,-0.01527663,-0.01462042,-0.01386066,-0.01300129,-0.01204638,-0.01100027,-0.009868141,-0.008655892,-0.007372676,-0.006031848,-0.004655123,-0.003275896,-0.001945767,-0.0007395339,0.0002343423,0.0008330705,0.0008597369,0.0003102985,7.330178e-05,5.742423e-05,5.178396e-05,NaN,NaN,NaN,NaN,NaN,NaN,NaN,NaN,NaN,NaN,NaN,NaN,NaN,NaN,NaN,NaN,NaN,NaN,NaN,NaN,NaN,NaN,NaN,NaN,NaN,NaN,NaN,NaN,NaN,NaN,NaN,NaN,NaN,NaN,NaN,NaN,NaN,NaN,NaN,NaN,NaN,NaN,NaN,NaN,NaN,NaN,NaN,NaN,NaN,NaN,NaN,NaN,NaN
NaN,NaN,NaN,NaN,NaN,-0.0001138757,-0.0001284827,-0.0001817693,-0.00104852,-0.004204739,-0.007107858,-0.009213739,-0.0107837,-0.0119495,-0.01284347,-0.01352979,-0.01406865,-0.01448283,-0.01479624,-0.01501087,-0.01513437,-0.01516062,-0.01509247,-0.01492226,-0.01465299,-0.01427864,-0.01380374,-0.0132243,-0.01254635,-0.01176739,-0.01089441,-0.009926501,-0.008872192,-0.007734347,-0.006527629,-0.005265535,-0.003979421,-0.002707937,-0.001517946,-0.0004975079,0.0002264876,0.0004838645,0.00021361,6.550005e-05,5.172234e-05,4.777869e-05,NaN,NaN,NaN,NaN,NaN,NaN,NaN,NaN,NaN,NaN,NaN,NaN,NaN,NaN,NaN,NaN,NaN,NaN,NaN,NaN,NaN,NaN,NaN,NaN,NaN,NaN,NaN,NaN,NaN,NaN,NaN,NaN,NaN,NaN,NaN,NaN,NaN,NaN,NaN,NaN,NaN,NaN,NaN,NaN,NaN,NaN,NaN,NaN,NaN,NaN,NaN,NaN,NaN,NaN
NaN,NaN,NaN,NaN,NaN,NaN,-0.0001053188,-0.0001183501,-0.0001738024,-0.0009833589,-0.003813229,-0.006440979,-0.008365273,-0.009801022,-0.01086934,-0.01168084,-0.01229736,-0.01276753,-0.0131169,-0.0133628,-0.01351244,-0.0135694,-0.0135333,-0.01340352,-0.01317791,-0.01285536,-0.01243449,-0.01191507,-0.01129703,-0.01058132,-0.009769361,-0.008863876,-0.0078698,-0.006794965,-0.0056532,-0.004466533,-0.003269506,-0.002114688,-0.001078249,-0.0002676928,0.0001708114,0.0001440042,5.482039e-05,4.597126e-05,4.374097e-05,NaN,NaN,NaN,NaN,NaN,NaN,NaN,NaN,NaN,NaN,NaN,NaN,NaN,NaN,NaN,NaN,NaN,NaN,NaN,NaN,NaN,NaN,NaN,NaN,NaN,NaN,NaN,NaN,NaN,NaN,NaN,NaN,NaN,NaN,NaN,NaN,NaN,NaN,NaN,NaN,NaN,NaN,NaN,NaN,NaN,NaN,NaN,NaN,NaN,NaN,NaN,NaN,NaN,NaN,NaN
NaN,NaN,NaN,NaN,NaN,NaN,NaN,-9.709752e-05,-0.0001091804,-0.0001682987,-0.0009325071,-0.003457026,-0.005828969,-0.007579263,-0.008889357,-0.009862523,-0.01059807,-0.0111468,-0.01155496,-0.01184175,-0.01202681,-0.01211314,-0.012109,-0.01201039,-0.01182141,-0.01153633,-0.0111583,-0.01068181,-0.01011058,-0.009440349,-0.008676448,-0.0078177,-0.006873575,-0.005850604,-0.004769841,-0.003655277,-0.00255368,-0.001524035,-0.0006607856,-8.641813e-05,7.137789e-05,4.639313e-05,4.049379e-05,4.002835e-05,NaN,NaN,NaN,NaN,NaN,NaN,NaN,NaN,NaN,NaN,NaN,NaN,NaN,NaN,NaN,NaN,NaN,NaN,NaN,NaN,NaN,NaN,NaN,NaN,NaN,NaN,NaN,NaN,NaN,NaN,NaN,NaN,NaN,NaN,NaN,NaN,NaN,NaN,NaN,NaN,NaN,NaN,NaN,NaN,NaN,NaN,NaN,NaN,NaN,NaN,NaN,NaN,NaN,NaN,NaN,NaN
NaN,NaN,NaN,NaN,NaN,NaN,NaN,NaN,-9.018697e-05,-0.0001011195,-0.0001653933,-0.0008823901,-0.003127951,-0.005258007,-0.006845126,-0.00803262,-0.008916207,-0.009576119,-0.01006127,-0.01040713,-0.01063507,-0.01075863,-0.01078474,-0.0107174,-0.01055724,-0.01030424,-0.009957144,-0.00951497,-0.008976761,-0.008342564,-0.007613519,-0.006793159,-0.005889087,-0.004914095,-0.003890355,-0.002852301,-0.001851329,-0.0009626939,-0.0002929352,1.127772e-05,3.594497e-05,3.532754e-05,3.599103e-05,NaN,NaN,NaN,NaN,NaN,NaN,NaN,NaN,NaN,NaN,NaN,NaN,NaN,NaN,NaN,NaN,NaN,NaN,NaN,NaN,NaN,NaN,NaN,NaN,NaN,NaN,NaN,NaN,NaN,NaN,NaN,NaN,NaN,NaN,NaN,NaN,NaN,NaN,NaN,NaN,NaN,NaN,NaN,NaN,NaN,NaN,NaN,NaN,NaN,NaN,NaN,NaN,NaN,NaN,NaN,NaN,NaN
NaN,NaN,NaN,NaN,NaN,NaN,NaN,NaN,NaN,-8.347345e-05,-9.399029e-05,-0.0001626574,-0.0008327495,-0.002813305,-0.004717649,-0.006147407,-0.007219088,-0.008013137,-0.008600245,-0.009019403,-0.009304467,-0.009470357,-0.009533275,-0.009495333,-0.00936416,-0.009136579,-0.008816564,-0.008399296,-0.007888327,-0.007279916,-0.006580118,-0.005790101,-0.004923051,-0.003992454,-0.00302901,-0.002070751,-0.001183257,-0.0004528957,-4.368884e-05,2.624404e-05,3.010835e-05,3.228561e-05,NaN,NaN,NaN,NaN,NaN,NaN,NaN,NaN,NaN,NaN,NaN,NaN,NaN,NaN,NaN,NaN,NaN,NaN,NaN,NaN,NaN,NaN,NaN,NaN,NaN,NaN,NaN,NaN,NaN,NaN,NaN,NaN,NaN,NaN,NaN,NaN,NaN,NaN,NaN,NaN,NaN,NaN,NaN,NaN,NaN,NaN,NaN,NaN,NaN,NaN,NaN,NaN,NaN,NaN,NaN,NaN,NaN,NaN
NaN,NaN,NaN,NaN,NaN,NaN,NaN,NaN,NaN,-8.31675e-05,-7.778175e-05,-8.776603e-05,-0.0001606923,-0.0007778705,-0.002506546,-0.004195698,-0.005478154,-0.006435631,-0.007142692,-0.007653716,-0.008006353,-0.008225815,-0.008328477,-0.008325052,-0.008220953,-0.008019281,-0.007720925,-0.00732627,-0.006835556,-0.006250205,-0.005573422,-0.004812063,-0.003979262,-0.003095585,-0.002194903,-0.001326321,-0.0005690689,-9.103757e-05,1.585754e-05,2.529224e-05,2.836943e-05,3.046184e-05,NaN,NaN,NaN,NaN,NaN,NaN,NaN,NaN,NaN,NaN,NaN,NaN,NaN,NaN,NaN,NaN,NaN,NaN,NaN,NaN,NaN,NaN,NaN,NaN,NaN,NaN,NaN,NaN,NaN,NaN,NaN,NaN,NaN,NaN,NaN,NaN,NaN,NaN,NaN,NaN,NaN,NaN,NaN,NaN,NaN,NaN,NaN,NaN,NaN,NaN,NaN,NaN,NaN,NaN,NaN,NaN,NaN,NaN
NaN,NaN,NaN,NaN,NaN,NaN,NaN,NaN,NaN,NaN,-7.733479e-05,-7.218775e-05,-8.241913e-05,-0.0001577854,-0.0007152316,-0.0021976,-0.003685705,-0.004825715,-0.005672943,-0.006289627,-0.006723574,-0.007003435,-0.007154847,-0.007187663,-0.007114672,-0.006937074,-0.006661443,-0.006285602,-0.005814906,-0.005248278,-0.004594777,-0.003860343,-0.003064114,-0.002229935,-0.00139938,-0.0006393069,-0.0001300383,5.382257e-06,2.036094e-05,2.470964e-05,2.674668e-05,NaN,NaN,NaN,NaN,NaN,NaN,NaN,NaN,NaN,NaN,NaN,NaN,NaN,NaN,NaN,NaN,NaN,NaN,NaN,NaN,NaN,NaN,NaN,NaN,NaN,NaN,NaN,NaN,NaN,NaN,NaN,NaN,NaN,NaN,NaN,NaN,NaN,NaN,NaN,NaN,NaN,NaN,NaN,NaN,NaN,NaN,NaN,NaN,NaN,NaN,NaN,NaN,NaN,NaN,NaN,NaN,NaN,NaN,NaN
NaN,NaN,NaN,NaN,NaN,NaN,NaN,NaN,NaN,NaN,NaN,-7.187865e-05,-6.738532e-05,-7.769003e-05,-0.000153648,-0.0006408194,-0.001886081,-0.00318046,-0.00418388,-0.004919593,-0.005444543,-0.005795466,-0.005999552,-0.006075379,-0.006034551,-0.005884646,-0.005630379,-0.005275121,-0.004822224,-0.00427638,-0.003644973,-0.002940142,-0.002183272,-0.00140366,-0.0006679335,-0.000155255,-4.951887e-06,1.567157e-05,2.098081e-05,2.336251e-05,NaN,NaN,NaN,NaN,NaN,NaN,NaN,NaN,NaN,NaN,NaN,NaN,NaN,NaN,NaN,NaN,NaN,NaN,NaN,NaN,NaN,NaN,NaN,NaN,NaN,NaN,NaN,NaN,NaN,NaN,NaN,NaN,NaN,NaN,NaN,NaN,NaN,NaN,NaN,NaN,NaN,NaN,NaN,NaN,NaN,NaN,NaN,NaN,NaN,NaN,NaN,NaN,NaN,NaN,NaN,NaN,NaN,NaN,NaN,NaN
NaN,NaN,NaN,NaN,NaN,NaN,NaN,NaN,NaN,NaN,NaN,NaN,-6.683853e-05,-6.267738e-05,-7.35467e-05,-0.0001466477,-0.0005589148,-0.001570002,-0.002675776,-0.003542083,-0.004167224,-0.0045946,-0.004859955,-0.004981404,-0.004977891,-0.004856239,-0.00462691,-0.004291875,-0.003859836,-0.003334066,-0.002728701,-0.002056102,-0.001342966,-0.0006522005,-0.0001710779,-1.401846e-05,1.088308e-05,1.739753e-05,1.983583e-05,NaN,NaN,NaN,NaN,NaN,NaN,NaN,NaN,NaN,NaN,NaN,NaN,NaN,NaN,NaN,NaN,NaN,NaN,NaN,NaN,NaN,NaN,NaN,NaN,NaN,NaN,NaN,NaN,NaN,NaN,NaN,NaN,NaN,NaN,NaN,NaN,NaN,NaN,NaN,NaN,NaN,NaN,NaN,NaN,NaN,NaN,NaN,NaN,NaN,NaN,NaN,NaN,NaN,NaN,NaN,NaN,NaN,NaN,NaN,NaN,NaN
NaN,NaN,NaN,NaN,NaN,NaN,NaN,NaN,NaN,NaN,NaN,NaN,NaN,-6.200974e-05,-5.860236e-05,-6.955316e-05,-0.0001375953,-0.000470407,-0.001253563,-0.002167423,-0.002894366,-0.00340615,-0.003735084,-0.003908084,-0.003943772,-0.003854846,-0.003651023,-0.003339763,-0.002929066,-0.002428134,-0.001850097,-0.00121715,-0.000596607,-0.000171856,-2.241742e-05,6.285524e-06,1.372407e-05,1.661041e-05,NaN,NaN,NaN,NaN,NaN,NaN,NaN,NaN,NaN,NaN,NaN,NaN,NaN,NaN,NaN,NaN,NaN,NaN,NaN,NaN,NaN,NaN,NaN,NaN,NaN,NaN,NaN,NaN,NaN,NaN,NaN,NaN,NaN,NaN,NaN,NaN,NaN,NaN,NaN,NaN,NaN,NaN,NaN,NaN,NaN,NaN,NaN,NaN,NaN,NaN,NaN,NaN,NaN,NaN,NaN,NaN,NaN,NaN,NaN,NaN,NaN,NaN
NaN,NaN,NaN,NaN,NaN,NaN,NaN,NaN,NaN,NaN,NaN,NaN,NaN,-5.916973e-05,-5.757279e-05,-5.455866e-05,-6.574662e-05,-0.0001256637,-0.0003783611,-0.0009466416,-0.001655512,-0.002234502,-0.002632113,-0.002858635,-0.002937667,-0.00288257,-0.002708273,-0.002421993,-0.002036648,-0.001562094,-0.001028989,-0.0005065244,-0.0001602455,-2.832487e-05,1.600702e-06,1.021496e-05,1.322013e-05,1.66517e-05,NaN,NaN,NaN,NaN,NaN,NaN,NaN,NaN,NaN,NaN,NaN,NaN,NaN,NaN,NaN,NaN,NaN,NaN,NaN,NaN,NaN,NaN,NaN,NaN,NaN,NaN,NaN,NaN,NaN,NaN,NaN,NaN,NaN,NaN,NaN,NaN,NaN,NaN,NaN,NaN,NaN,NaN,NaN,NaN,NaN,NaN,NaN,NaN,NaN,NaN,NaN,NaN,NaN,NaN,NaN,NaN,NaN,NaN,NaN,NaN,NaN,NaN
NaN,NaN,NaN,NaN,NaN,NaN,NaN,NaN,NaN,NaN,NaN,NaN,NaN,NaN,-5.529307e-05,-5.324398e-05,-5.103437e-05,-6.154226e-05,-0.000111425,-0.0002887658,-0.0006652175,-0.001152711,-0.001572443,-0.00184499,-0.001966291,-0.001948289,-0.001804637,-0.001548643,-0.001198234,-0.0007862045,-0.0003953712,-0.000138344,-3.198708e-05,-2.612795e-06,6.549659e-06,1.006857e-05,1.349605e-05,NaN,NaN,NaN,NaN,NaN,NaN,NaN,NaN,NaN,NaN,NaN,NaN,NaN,NaN,NaN,NaN,NaN,NaN,NaN,NaN,NaN,NaN,NaN,NaN,NaN,NaN,NaN,NaN,NaN,NaN,NaN,NaN,NaN,NaN,NaN,NaN,NaN,NaN,NaN,NaN,NaN,NaN,NaN,NaN,NaN,NaN,NaN,NaN,NaN,NaN,NaN,NaN,NaN,NaN,NaN,NaN,NaN,NaN,NaN,NaN,NaN,NaN,NaN
NaN,NaN,NaN,NaN,NaN,NaN,NaN,NaN,NaN,NaN,NaN,NaN,NaN,NaN,NaN,-5.127851e-05,-4.926167e-05,-4.750458e-05,-5.70231e-05,-9.534643e-05,-0.0002084943,-0.0004269396,-0.000704487,-0.0009433604,-0.001079088,-0.001089996,-0.0009850665,-0.0007822935,-0.0005252542,-0.0002781298,-0.0001112362,-3.304693e-05,-6.577281e-06,3.064591e-06,6.765153e-06,1.048441e-05,NaN,NaN,NaN,NaN,NaN,NaN,NaN,NaN,NaN,NaN,NaN,NaN,NaN,NaN,NaN,NaN,NaN,NaN,NaN,NaN,NaN,NaN,NaN,NaN,NaN,NaN,NaN,NaN,NaN,NaN,NaN,NaN,NaN,NaN,NaN,NaN,NaN,NaN,NaN,NaN,NaN,NaN,NaN,NaN,NaN,NaN,NaN,NaN,NaN,NaN,NaN,NaN,NaN,NaN,NaN,NaN,NaN,NaN,NaN,NaN,NaN,NaN,NaN,NaN
NaN,NaN,NaN,NaN,NaN,NaN,NaN,NaN,NaN,NaN,NaN,NaN,NaN,NaN,NaN,-5.14966e-05,-4.755531e-05,-4.525083e-05,-4.426458e-05,-5.178165e-05,-7.890688e-05,-0.0001426915,-0.0002483363,-0.000366911,-0.0004505356,-0.0004656613,-0.0004076311,-0.0002977901,-0.000176895,-8.349619e-05,-3.213228e-05,-9.778073e-06,-5.451487e-07,3.701643e-06,7.292275e-06,1.004097e-05,NaN,NaN,NaN,NaN,NaN,NaN,NaN,NaN,NaN,NaN,NaN,NaN,NaN,NaN,NaN,NaN,NaN,NaN,NaN,NaN,NaN,NaN,NaN,NaN,NaN,NaN,NaN,NaN,NaN,NaN,NaN,NaN,NaN,NaN,NaN,NaN,NaN,NaN,NaN,NaN,NaN,NaN,NaN,NaN,NaN,NaN,NaN,NaN,NaN,NaN,NaN,NaN,NaN,NaN,NaN,NaN,NaN,NaN,NaN,NaN,NaN,NaN,NaN,NaN
NaN,NaN,NaN,NaN,NaN,NaN,NaN,NaN,NaN,NaN,NaN,NaN,NaN,NaN,NaN,NaN,-4.750011e-05,-4.359299e-05,-4.145429e-05,-4.070444e-05,-4.625565e-05,-6.272682e-05,-9.394297e-05,-0.0001331157,-0.0001649413,-0.0001704534,-0.0001466014,-0.0001031521,-6.048307e-05,-2.944873e-05,-1.25462e-05,-3.86558e-06,4.87905e-07,4.266793e-06,6.914729e-06,NaN,NaN,NaN,NaN,NaN,NaN,NaN,NaN,NaN,NaN,NaN,NaN,NaN,NaN,NaN,NaN,NaN,NaN,NaN,NaN,NaN,NaN,NaN,NaN,NaN,NaN,NaN,NaN,NaN,NaN,NaN,NaN,NaN,NaN,NaN,NaN,NaN,NaN,NaN,NaN,NaN,NaN,NaN,NaN,NaN,NaN,NaN,NaN,NaN,NaN,NaN,NaN,NaN,NaN,NaN,NaN,NaN,NaN,NaN,NaN,NaN,NaN,NaN,NaN,NaN
NaN,NaN,NaN,NaN,NaN,NaN,NaN,NaN,NaN,NaN,NaN,NaN,NaN,NaN,NaN,NaN,NaN,-4.294414e-05,-3.955261e-05,-3.728812e-05,-3.688068e-05,-4.013193e-05,-4.832198e-05,-6.006149e-05,-6.923723e-05,-6.977526e-05,-5.945197e-05,-4.284686e-05,-2.637151e-05,-1.448343e-05,-7.061085e-06,-2.438372e-06,1.100417e-06,3.988006e-06,NaN,NaN,NaN,NaN,NaN,NaN,NaN,NaN,NaN,NaN,NaN,NaN,NaN,NaN,NaN,NaN,NaN,NaN,NaN,NaN,NaN,NaN,NaN,NaN,NaN,NaN,NaN,NaN,NaN,NaN,NaN,NaN,NaN,NaN,NaN,NaN,NaN,NaN,NaN,NaN,NaN,NaN,NaN,NaN,NaN,NaN,NaN,NaN,NaN,NaN,NaN,NaN,NaN,NaN,NaN,NaN,NaN,NaN,NaN,NaN,NaN,NaN,NaN,NaN,NaN,NaN
NaN,NaN,NaN,NaN,NaN,NaN,NaN,NaN,NaN,NaN,NaN,NaN,NaN,NaN,NaN,NaN,NaN,-4.065014e-05,-3.781202e-05,-3.468612e-05,-3.280173e-05,-3.205408e-05,-3.365989e-05,-3.599707e-05,-3.813248e-05,-3.646932e-05,-3.131227e-05,-2.321699e-05,-1.584351e-05,-9.511385e-06,-5.31465e-06,-1.727712e-06,9.616576e-07,4.064578e-06,NaN,NaN,NaN,NaN,NaN,NaN,NaN,NaN,NaN,NaN,NaN,NaN,NaN,NaN,NaN,NaN,NaN,NaN,NaN,NaN,NaN,NaN,NaN,NaN,NaN,NaN,NaN,NaN,NaN,NaN,NaN,NaN,NaN,NaN,NaN,NaN,NaN,NaN,NaN,NaN,NaN,NaN,NaN,NaN,NaN,NaN,NaN,NaN,NaN,NaN,NaN,NaN,NaN,NaN,NaN,NaN,NaN,NaN,NaN,NaN,NaN,NaN,NaN,NaN,NaN,NaN
NaN,NaN,NaN,NaN,NaN,NaN,NaN,NaN,NaN,NaN,NaN,NaN,NaN,NaN,NaN,NaN,NaN,NaN,-3.401045e-05,-3.129438e-05,-2.889977e-05,-2.719896e-05,-2.631776e-05,-2.623065e-05,-2.569671e-05,-2.391663e-05,-2.029471e-05,-1.577071e-05,-1.115959e-05,-7.394636e-06,-4.233506e-06,-1.535598e-06,1.086811e-06,NaN,NaN,NaN,NaN,NaN,NaN,NaN,NaN,NaN,NaN,NaN,NaN,NaN,NaN,NaN,NaN,NaN,NaN,NaN,NaN,NaN,NaN,NaN,NaN,NaN,NaN,NaN,NaN,NaN,NaN,NaN,NaN,NaN,NaN,NaN,NaN,NaN,NaN,NaN,NaN,NaN,NaN,NaN,NaN,NaN,NaN,NaN,NaN,NaN,NaN,NaN,NaN,NaN,NaN,NaN,NaN,NaN,NaN,NaN,NaN,NaN,NaN,NaN,NaN,NaN,NaN,NaN
NaN,NaN,NaN,NaN,NaN,NaN,NaN,NaN,NaN,NaN,NaN,NaN,NaN,NaN,NaN,NaN,NaN,NaN,-2.819128e-05,-2.564954e-05,-2.365946e-05,-2.173583e-05,-2.06207e-05,-1.941386e-05,-1.851009e-05,-1.660177e-05,-1.430134e-05,-1.11397e-05,-8.407041e-06,-5.57248e-06,-3.416786e-06,-1.108892e-06,7.853276e-07,NaN,NaN,NaN,NaN,NaN,NaN,NaN,NaN,NaN,NaN,NaN,NaN,NaN,NaN,NaN,NaN,NaN,NaN,NaN,NaN,NaN,NaN,NaN,NaN,NaN,NaN,NaN,NaN,NaN,NaN,NaN,NaN,NaN,NaN,NaN,NaN,NaN,NaN,NaN,NaN,NaN,NaN,NaN,NaN,NaN,NaN,NaN,NaN,NaN,NaN,NaN,NaN,NaN,NaN,NaN,NaN,NaN,NaN,NaN,NaN,NaN,NaN,NaN,NaN,NaN,NaN,NaN
NaN,NaN,NaN,NaN,NaN,NaN,NaN,NaN,NaN,NaN,NaN,NaN,NaN,NaN,NaN,NaN,NaN,NaN,NaN,-1.804441e-05,-1.64792e-05,-1.51374e-05,-1.397359e-05,-1.309804e-05,-1.208861e-05,-1.087842e-05,-9.205244e-06,-7.392381e-06,-5.49672e-06,-3.852304e-06,-2.278083e-06,-8.314668e-07,NaN,NaN,NaN,NaN,NaN,NaN,NaN,NaN,NaN,NaN,NaN,NaN,NaN,NaN,NaN,NaN,NaN,NaN,NaN,NaN,NaN,NaN,NaN,NaN,NaN,NaN,NaN,NaN,NaN,NaN,NaN,NaN,NaN,NaN,NaN,NaN,NaN,NaN,NaN,NaN,NaN,NaN,NaN,NaN,NaN,NaN,NaN,NaN,NaN,NaN,NaN,NaN,NaN,NaN,NaN,NaN,NaN,NaN,NaN,NaN,NaN,NaN,NaN,NaN,NaN,NaN,NaN,NaN
NaN,NaN,NaN,NaN,NaN,NaN,NaN,NaN,NaN,NaN,NaN,NaN,NaN,NaN,NaN,NaN,NaN,NaN,NaN,-9.484401e-06,-8.724235e-06,-7.90662e-06,-7.366864e-06,-6.710393e-06,-6.236685e-06,-5.465991e-06,-4.730758e-06,-3.720704e-06,-2.904204e-06,-1.952864e-06,-1.234004e-06,-3.846486e-07,NaN,NaN,NaN,NaN,NaN,NaN,NaN,NaN,NaN,NaN,NaN,NaN,NaN,NaN,NaN,NaN,NaN,NaN,NaN,NaN,NaN,NaN,NaN,NaN,NaN,NaN,NaN,NaN,NaN,NaN,NaN,NaN,NaN,NaN,NaN,NaN,NaN,NaN,NaN,NaN,NaN,NaN,NaN,NaN,NaN,NaN,NaN,NaN,NaN,NaN,NaN,NaN,NaN,NaN,NaN,NaN,NaN,NaN,NaN,NaN,NaN,NaN,NaN,NaN,NaN,NaN,NaN,NaN
NaN,NaN,NaN,NaN,NaN,NaN,NaN,NaN,NaN,NaN,NaN,NaN,NaN,NaN,NaN,NaN,NaN,NaN,NaN,-2.659217e-06,-2.409999e-06,-2.216599e-06,-2.006644e-06,-1.875906e-06,-1.68925e-06,-1.525445e-06,-1.271977e-06,-1.046129e-06,-7.685928e-07,-5.614907e-07,-3.213434e-07,-1.274815e-07,NaN,NaN,NaN,NaN,NaN,NaN,NaN,NaN,NaN,NaN,NaN,NaN,NaN,NaN,NaN,NaN,NaN,NaN,NaN,NaN,NaN,NaN,NaN,NaN,NaN,NaN,NaN,NaN,NaN,NaN,NaN,NaN,NaN,NaN,NaN,NaN,NaN,NaN,NaN,NaN,NaN,NaN,NaN,NaN,NaN,NaN,NaN,NaN,NaN,NaN,NaN,NaN,NaN,NaN,NaN,NaN,NaN,NaN,NaN,NaN,NaN,NaN,NaN,NaN,NaN,NaN,NaN,NaN
NaN,NaN,NaN,NaN,NaN,NaN,NaN,NaN,NaN,NaN,NaN,NaN,NaN,NaN,NaN,NaN,NaN,NaN,NaN,-9.083018e-11,6.879762e-11,1.637407e-10,-7.650922e-11,-2.467965e-10,1.129039e-10,-1.592877e-10,1.495422e-10,1.544994e-10,8.990189e-11,3.182623e-10,5.401669e-11,-7.551312e-11,NaN,NaN,NaN,NaN,NaN,NaN,NaN,NaN,NaN,NaN,NaN,NaN,NaN,NaN,NaN,NaN,NaN,NaN,NaN,NaN,NaN,NaN,NaN,NaN,NaN,NaN,NaN,NaN,NaN,NaN,NaN,NaN,NaN,NaN,NaN,NaN,NaN,NaN,NaN,NaN,NaN,NaN,NaN,NaN,NaN,NaN,NaN,NaN,NaN,NaN,NaN,NaN,NaN,NaN,NaN,NaN,NaN,NaN,NaN,NaN,NaN,NaN,NaN,NaN,NaN,NaN,NaN,NaN
