NaN,NaN,NaN,NaN,NaN,NaN,NaN,NaN,NaN,NaN,NaN,NaN,NaN,NaN,NaN,NaN,NaN,NaN,NaN,NaN,NaN,0,0,0,0,0,0,0,0,0,0,0,0,0,NaN,NaN,NaN,NaN,NaN,NaN,NaN,NaN,NaN,NaN,NaN,NaN,NaN,NaN,NaN,NaN,NaN,NaN,NaN,NaN,NaN,NaN,NaN,NaN,NaN,NaN,NaN,NaN,NaN,NaN,NaN,NaN,NaN,NaN,NaN,NaN,NaN,NaN,NaN,NaN,NaN,NaN,NaN,NaN,NaN,NaN,NaN,NaN,NaN,NaN,NaN,NaN,NaN,NaN,NaN,NaN,NaN,NaN,NaN,NaN,NaN,NaN,NaN,NaN,NaN,NaN,NaN,NaN,NaN,NaN,NaN,NaN,NaN,NaN
NaN,NaN,NaN,NaN,NaN,NaN,NaN,NaN,NaN,NaN,NaN,NaN,NaN,NaN,NaN,NaN,NaN,NaN,NaN,NaN,NaN,3.179186e-09,2.797283e-09,5.639775e-09,5.913251e-09,5.501775e-09,4.303979e-09,3.185898e-09,1.575548e-09,8.282378e-10,1.582188e-10,3.309764e-10,2.689844e-09,2.32384e-09,NaN,NaN,NaN,NaN,NaN,NaN,NaN,NaN,NaN,NaN,NaN,NaN,NaN,NaN,NaN,NaN,NaN,NaN,NaN,NaN,NaN,NaN,NaN,NaN,NaN,NaN,NaN,NaN,NaN,NaN,NaN,NaN,NaN,NaN,NaN,NaN,NaN,NaN,NaN,NaN,NaN,NaN,NaN,NaN,NaN,NaN,NaN,NaN,NaN,NaN,NaN,NaN,NaN,NaN,NaN,NaN,NaN,NaN,NaN,NaN,NaN,NaN,NaN,NaN,NaN,NaN,NaN,NaN,NaN,NaN,NaN,NaN,NaN,NaN
NaN,NaN,NaN,NaN,NaN,NaN,NaN,NaN,NaN,NaN,NaN,NaN,NaN,NaN,NaN,NaN,NaN,NaN,NaN,NaN,NaN,-1.210367e-08,-7.064945e-10,1.040679e-07,1.262418e-07,9.416171e-08,6.7607e-08,4.282694e-08,1.994703e-08,-8.225118e-09,-3.423945e-08,-2.699724e-08,7.878481e-08,8.880785e-08,NaN,NaN,NaN,NaN,NaN,NaN,NaN,NaN,NaN,NaN,NaN,NaN,NaN,NaN,NaN,NaN,NaN,NaN,NaN,NaN,NaN,NaN,NaN,NaN,NaN,NaN,NaN,NaN,NaN,NaN,NaN,NaN,NaN,NaN,NaN,NaN,NaN,NaN,NaN,NaN,NaN,NaN,NaN,NaN,NaN,NaN,NaN,NaN,NaN,NaN,NaN,NaN,NaN,NaN,NaN,NaN,NaN,NaN,NaN,NaN,NaN,NaN,NaN,NaN,NaN,NaN,NaN,NaN,NaN,NaN,NaN,NaN,NaN,NaN
NaN,NaN,NaN,NaN,NaN,NaN,NaN,NaN,NaN,NaN,NaN,NaN,NaN,NaN,NaN,NaN,NaN,NaN,NaN,NaN,1.497303e-07,3.500374e-07,2.944766e-07,3.040702e-07,2.992046e-07,3.506373e-07,2.900816e-07,1.932493e-07,5.48644e-08,2.994619e-08,5.046658e-08,6.359058e-08,3.415898e-08,-2.022843e-08,1.482965e-07,NaN,NaN,NaN,NaN,NaN,NaN,NaN,NaN,NaN,NaN,NaN,NaN,NaN,NaN,NaN,NaN,NaN,NaN,NaN,NaN,NaN,NaN,NaN,NaN,NaN,NaN,NaN,NaN,NaN,NaN,NaN,NaN,NaN,NaN,NaN,NaN,NaN,NaN,NaN,NaN,NaN,NaN,NaN,NaN,NaN,NaN,NaN,NaN,NaN,NaN,NaN,NaN,NaN,NaN,NaN,NaN,NaN,NaN,NaN,NaN,NaN,NaN,NaN,NaN,NaN,NaN,NaN,NaN,NaN,NaN,NaN,NaN,NaN
NaN,NaN,NaN,NaN,NaN,NaN,NaN,NaN,NaN,NaN,NaN,NaN,NaN,NaN,NaN,NaN,NaN,NaN,NaN,5.831774e-07,1.002599e-06,3.875097e-07,4.435165e-07,1.132907e-06,1.320051e-06,1.238387e-06,9.213246e-07,4.711151e-07,-3.026599e-08,-3.090442e-07,-4.043486e-07,-2.607007e-07,3.784027e-07,4.326151e-07,-1.449478e-07,4.295186e-08,NaN,NaN,NaN,NaN,NaN,NaN,NaN,NaN,NaN,NaN,NaN,NaN,NaN,NaN,NaN,NaN,NaN,NaN,NaN,NaN,NaN,NaN,NaN,NaN,NaN,NaN,NaN,NaN,NaN,NaN,NaN,NaN,NaN,NaN,NaN,NaN,NaN,NaN,NaN,NaN,NaN,NaN,NaN,NaN,NaN,NaN,NaN,NaN,NaN,NaN,NaN,NaN,NaN,NaN,NaN,NaN,NaN,NaN,NaN,NaN,NaN,NaN,NaN,NaN,NaN,NaN,NaN,NaN,NaN,NaN,NaN,NaN
NaN,NaN,NaN,NaN,NaN,NaN,NaN,NaN,NaN,NaN,NaN,NaN,NaN,NaN,NaN,NaN,NaN,NaN,NaN,5.126668e-07,8.303498e-07,1.889733e-06,1.896593e-06,2.472732e-06,2.963693e-06,3.440284e-06,2.618239e-06,9.219985e-07,-9.602137e-07,-1.66562e-06,-1.326333e-06,-7.3756e-07,-3.282568e-07,-3.127836e-07,6.14208e-07,8.352727e-07,NaN,NaN,NaN,NaN,NaN,NaN,NaN,NaN,NaN,NaN,NaN,NaN,NaN,NaN,NaN,NaN,NaN,NaN,NaN,NaN,NaN,NaN,NaN,NaN,NaN,NaN,NaN,NaN,NaN,NaN,NaN,NaN,NaN,NaN,NaN,NaN,NaN,NaN,NaN,NaN,NaN,NaN,NaN,NaN,NaN,NaN,NaN,NaN,NaN,NaN,NaN,NaN,NaN,NaN,NaN,NaN,NaN,NaN,NaN,NaN,NaN,NaN,NaN,NaN,NaN,NaN,NaN,NaN,NaN,NaN,NaN,NaN
NaN,NaN,NaN,NaN,NaN,NaN,NaN,NaN,NaN,NaN,NaN,NaN,NaN,NaN,NaN,NaN,NaN,NaN,1.701695e-06,1.815234e-06,3.272827e-06,2.300593e-06,4.035536e-06,8.954083e-06,1.193968e-05,1.269895e-05,8.886585e-06,1.452219e-06,-6.18654e-06,-1.002293e-05,-9.362325e-06,-6.306185e-06,-1.562019e-06,2.211503e-07,-6.817947e-07,1.594171e-07,3.901777e-07,NaN,NaN,NaN,NaN,NaN,NaN,NaN,NaN,NaN,NaN,NaN,NaN,NaN,NaN,NaN,NaN,NaN,NaN,NaN,NaN,NaN,NaN,NaN,NaN,NaN,NaN,NaN,NaN,NaN,NaN,NaN,NaN,NaN,NaN,NaN,NaN,NaN,NaN,NaN,NaN,NaN,NaN,NaN,NaN,NaN,NaN,NaN,NaN,NaN,NaN,NaN,NaN,NaN,NaN,NaN,NaN,NaN,NaN,NaN,NaN,NaN,NaN,NaN,NaN,NaN,NaN,NaN,NaN,NaN,NaN,NaN
NaN,NaN,NaN,NaN,NaN,NaN,NaN,NaN,NaN,NaN,NaN,NaN,NaN,NaN,NaN,NaN,NaN,5.756258e-08,6.526525e-06,1.337727e-06,3.583452e-06,1.140911e-05,1.980658e-05,3.573289e-05,4.865255e-05,5.255465e-05,3.498675e-05,1.940762e-06,-3.118914e-05,-4.943905e-05,-4.586933e-05,-3.191835e-05,-1.630689e-05,-7.682799e-06,-2.346686e-07,1.804695e-06,-3.163655e-06,1.911062e-06,NaN,NaN,NaN,NaN,NaN,NaN,NaN,NaN,NaN,NaN,NaN,NaN,NaN,NaN,NaN,NaN,NaN,NaN,NaN,NaN,NaN,NaN,NaN,NaN,NaN,NaN,NaN,NaN,NaN,NaN,NaN,NaN,NaN,NaN,NaN,NaN,NaN,NaN,NaN,NaN,NaN,NaN,NaN,NaN,NaN,NaN,NaN,NaN,NaN,NaN,NaN,NaN,NaN,NaN,NaN,NaN,NaN,NaN,NaN,NaN,NaN,NaN,NaN,NaN,NaN,NaN,NaN,NaN,NaN,NaN
NaN,NaN,NaN,NaN,NaN,NaN,NaN,NaN,NaN,NaN,NaN,NaN,NaN,NaN,NaN,NaN,7.365396e-06,1.834756e-06,4.13096e-06,7.461684e-06,2.131017e-05,4.542325e-05,0.0001037058,0.0001749467,0.0002002894,0.0001749765,0.0001017866,6.692844e-07,-0.0001001215,-0.000174107,-0.0001982976,-0.0001705236,-9.903171e-05,-4.03951e-05,-1.623745e-05,-3.451272e-06,-1.538614e-09,1.533637e-06,-4.348596e-06,NaN,NaN,NaN,NaN,NaN,NaN,NaN,NaN,NaN,NaN,NaN,NaN,NaN,NaN,NaN,NaN,NaN,NaN,NaN,NaN,NaN,NaN,NaN,NaN,NaN,NaN,NaN,NaN,NaN,NaN,NaN,NaN,NaN,NaN,NaN,NaN,NaN,NaN,NaN,NaN,NaN,NaN,NaN,NaN,NaN,NaN,NaN,NaN,NaN,NaN,NaN,NaN,NaN,NaN,NaN,NaN,NaN,NaN,NaN,NaN,NaN,NaN,NaN,NaN,NaN,NaN,NaN,NaN,NaN
NaN,NaN,NaN,NaN,NaN,NaN,NaN,NaN,NaN,NaN,NaN,NaN,NaN,NaN,NaN,8.888906e-06,5.618341e-06,-1.53633e-06,2.348879e-05,2.897722e-05,0.0001174414,0.0002837687,0.0004246955,0.0004916026,0.0004738479,0.0003636282,0.0001933335,-6.879959e-06,-0.0002066098,-0.0003742694,-0.0004782846,-0.0004879213,-0.0004148287,-0.0002740996,-0.0001110143,-2.291648e-05,-1.701944e-05,4.865575e-06,-1.958672e-06,-4.652181e-06,NaN,NaN,NaN,NaN,NaN,NaN,NaN,NaN,NaN,NaN,NaN,NaN,NaN,NaN,NaN,NaN,NaN,NaN,NaN,NaN,NaN,NaN,NaN,NaN,NaN,NaN,NaN,NaN,NaN,NaN,NaN,NaN,NaN,NaN,NaN,NaN,NaN,NaN,NaN,NaN,NaN,NaN,NaN,NaN,NaN,NaN,NaN,NaN,NaN,NaN,NaN,NaN,NaN,NaN,NaN,NaN,NaN,NaN,NaN,NaN,NaN,NaN,NaN,NaN,NaN,NaN,NaN,NaN
NaN,NaN,NaN,NaN,NaN,NaN,NaN,NaN,NaN,NaN,NaN,NaN,NaN,NaN,6.671438e-06,1.394935e-06,1.590252e-05,1.702887e-05,7.224593e-05,0.0002882953,0.0005757074,0.0008099715,0.0009491487,0.0008946442,0.0007777782,0.0005591132,0.0002828926,-2.811911e-05,-0.0003356948,-0.0006041964,-0.0008054496,-0.0009024389,-0.0009339365,-0.0007880662,-0.0005502671,-0.0002712009,-6.450029e-05,-9.932358e-06,-1.102398e-05,1.694481e-06,-4.039318e-06,NaN,NaN,NaN,NaN,NaN,NaN,NaN,NaN,NaN,NaN,NaN,NaN,NaN,NaN,NaN,NaN,NaN,NaN,NaN,NaN,NaN,NaN,NaN,NaN,NaN,NaN,NaN,NaN,NaN,NaN,NaN,NaN,NaN,NaN,NaN,NaN,NaN,NaN,NaN,NaN,NaN,NaN,NaN,NaN,NaN,NaN,NaN,NaN,NaN,NaN,NaN,NaN,NaN,NaN,NaN,NaN,NaN,NaN,NaN,NaN,NaN,NaN,NaN,NaN,NaN,NaN,NaN
NaN,NaN,NaN,NaN,NaN,NaN,NaN,NaN,NaN,NaN,NaN,NaN,NaN,1.315734e-05,-1.155767e-05,3.93503e-05,8.927491e-06,0.0001921069,0.0005603721,0.0009840558,0.001348248,0.001449306,0.001497123,0.001328158,0.001097779,0.0007554485,0.000360614,-7.156324e-05,-0.000495863,-0.0008744773,-0.001182462,-0.001373788,-0.00149457,-0.001417042,-0.00128573,-0.0009224751,-0.0005134173,-0.0001719622,-4.559719e-06,-2.867453e-05,9.534815e-06,-1.150445e-05,NaN,NaN,NaN,NaN,NaN,NaN,NaN,NaN,NaN,NaN,NaN,NaN,NaN,NaN,NaN,NaN,NaN,NaN,NaN,NaN,NaN,NaN,NaN,NaN,NaN,NaN,NaN,NaN,NaN,NaN,NaN,NaN,NaN,NaN,NaN,NaN,NaN,NaN,NaN,NaN,NaN,NaN,NaN,NaN,NaN,NaN,NaN,NaN,NaN,NaN,NaN,NaN,NaN,NaN,NaN,NaN,NaN,NaN,NaN,NaN,NaN,NaN,NaN,NaN,NaN,NaN
NaN,NaN,NaN,NaN,NaN,NaN,NaN,NaN,NaN,NaN,NaN,NaN,-2.504907e-06,2.21356e-05,7.083228e-06,6.676815e-05,0.0003773968,0.0009676544,0.001510602,0.001908309,0.002127537,0.002159272,0.002064376,0.001780745,0.001406586,0.0009395005,0.0004110472,-0.0001478725,-0.0006954165,-0.001192866,-0.001605405,-0.001909905,-0.002113286,-0.002136764,-0.002040137,-0.001777081,-0.001371139,-0.0008511646,-0.0003242084,-5.580584e-05,-1.157086e-06,-2.079904e-05,1.522673e-08,NaN,NaN,NaN,NaN,NaN,NaN,NaN,NaN,NaN,NaN,NaN,NaN,NaN,NaN,NaN,NaN,NaN,NaN,NaN,NaN,NaN,NaN,NaN,NaN,NaN,NaN,NaN,NaN,NaN,NaN,NaN,NaN,NaN,NaN,NaN,NaN,NaN,NaN,NaN,NaN,NaN,NaN,NaN,NaN,NaN,NaN,NaN,NaN,NaN,NaN,NaN,NaN,NaN,NaN,NaN,NaN,NaN,NaN,NaN,NaN,NaN,NaN,NaN,NaN,NaN
NaN,NaN,NaN,NaN,NaN,NaN,NaN,NaN,NaN,NaN,NaN,-2.155156e-05,5.830776e-05,-2.005774e-05,0.0001850303,0.0006847784,0.001420426,0.002177261,0.002515142,0.002894781,0.002961108,0.002889259,0.002627943,0.002232161,0.00169893,0.001098356,0.0004208962,-0.000269957,-0.000950303,-0.001572248,-0.00209711,-0.002515537,-0.002793297,-0.002921632,-0.002880853,-0.002702643,-0.002272542,-0.001884317,-0.001190696,-0.0005475135,-0.0001464487,1.303209e-05,-4.204901e-05,6.048158e-06,NaN,NaN,NaN,NaN,NaN,NaN,NaN,NaN,NaN,NaN,NaN,NaN,NaN,NaN,NaN,NaN,NaN,NaN,NaN,NaN,NaN,NaN,NaN,NaN,NaN,NaN,NaN,NaN,NaN,NaN,NaN,NaN,NaN,NaN,NaN,NaN,NaN,NaN,NaN,NaN,NaN,NaN,NaN,NaN,NaN,NaN,NaN,NaN,NaN,NaN,NaN,NaN,NaN,NaN,NaN,NaN,NaN,NaN,NaN,NaN,NaN,NaN,NaN,NaN
NaN,NaN,NaN,NaN,NaN,NaN,NaN,NaN,NaN,NaN,9.859491e-06,2.135422e-05,2.811044e-05,0.0003348504,0.001175399,0.001969996,0.002753116,0.003350697,0.003672251,0.003871644,0.003826809,0.003605752,0.003203754,0.002643029,0.001961305,0.001201085,0.0003792393,-0.0004576688,-0.001273011,-0.002021543,-0.002667253,-0.003191658,-0.003571613,-0.003778023,-0.003805664,-0.003668749,-0.003323486,-0.002892989,-0.002257626,-0.001541732,-0.0008596943,-0.0002359981,-2.864202e-05,-1.365173e-05,-2.381683e-05,NaN,NaN,NaN,NaN,NaN,NaN,NaN,NaN,NaN,NaN,NaN,NaN,NaN,NaN,NaN,NaN,NaN,NaN,NaN,NaN,NaN,NaN,NaN,NaN,NaN,NaN,NaN,NaN,NaN,NaN,NaN,NaN,NaN,NaN,NaN,NaN,NaN,NaN,NaN,NaN,NaN,NaN,NaN,NaN,NaN,NaN,NaN,NaN,NaN,NaN,NaN,NaN,NaN,NaN,NaN,NaN,NaN,NaN,NaN,NaN,NaN,NaN,NaN
NaN,NaN,NaN,NaN,NaN,NaN,NaN,NaN,-2.654248e-05,6.8154e-05,-3.545548e-05,0.0001292403,0.000615573,0.001634014,0.00276209,0.003342121,0.004163968,0.00460144,0.004833401,0.004862494,0.004702138,0.004290199,0.00374085,0.003004196,0.002171367,0.001235778,0.0002655775,-0.0007278924,-0.001679192,-0.002562625,-0.003330023,-0.003961908,-0.004435216,-0.004719797,-0.004831373,-0.004725334,-0.004428564,-0.003997758,-0.003396164,-0.002573481,-0.001958238,-0.001072353,-0.0003687718,-8.621316e-05,4.197933e-06,-4.501071e-05,-1.140612e-05,NaN,NaN,NaN,NaN,NaN,NaN,NaN,NaN,NaN,NaN,NaN,NaN,NaN,NaN,NaN,NaN,NaN,NaN,NaN,NaN,NaN,NaN,NaN,NaN,NaN,NaN,NaN,NaN,NaN,NaN,NaN,NaN,NaN,NaN,NaN,NaN,NaN,NaN,NaN,NaN,NaN,NaN,NaN,NaN,NaN,NaN,NaN,NaN,NaN,NaN,NaN,NaN,NaN,NaN,NaN,NaN,NaN,NaN,NaN,NaN,NaN
NaN,NaN,NaN,NaN,NaN,NaN,NaN,-1.391679e-05,5.498804e-05,-1.509653e-05,0.0002523831,0.001141517,0.002115213,0.003380647,0.004267562,0.004951861,0.005538578,0.005899973,0.005983008,0.0058608,0.005505409,0.004950178,0.004206053,0.00330404,0.00228589,0.001188985,5.073666e-05,-0.001092129,-0.002189343,-0.003205084,-0.004093412,-0.004838222,-0.005404225,-0.00577664,-0.005933917,-0.005888972,-0.00562845,-0.005195023,-0.004560843,-0.003784309,-0.00300191,-0.002131134,-0.001211168,-0.0005504987,-0.0001220296,-2.187648e-05,-2.819249e-05,-3.31089e-05,NaN,NaN,NaN,NaN,NaN,NaN,NaN,NaN,NaN,NaN,NaN,NaN,NaN,NaN,NaN,NaN,NaN,NaN,NaN,NaN,NaN,NaN,NaN,NaN,NaN,NaN,NaN,NaN,NaN,NaN,NaN,NaN,NaN,NaN,NaN,NaN,NaN,NaN,NaN,NaN,NaN,NaN,NaN,NaN,NaN,NaN,NaN,NaN,NaN,NaN,NaN,NaN,NaN,NaN,NaN,NaN,NaN,NaN,NaN,NaN
NaN,NaN,NaN,NaN,NaN,NaN,5.930632e-05,-2.687534e-05,6.830084e-05,0.0004672796,0.001686936,0.002977457,0.003839799,0.005130641,0.005933772,0.006523139,0.006960916,0.007190639,0.007080614,0.006807408,0.00625676,0.005521921,0.00457613,0.003506963,0.002296398,0.001035492,-0.0002810002,-0.001569287,-0.002822162,-0.003962635,-0.004983145,-0.005826446,-0.006489507,-0.006933055,-0.007165601,-0.007154915,-0.006916766,-0.006493984,-0.005846247,-0.005023525,-0.004180055,-0.003215266,-0.002135078,-0.001365988,-0.000612614,-0.0001336219,-4.767104e-05,-2.66064e-05,-3.483409e-05,NaN,NaN,NaN,NaN,NaN,NaN,NaN,NaN,NaN,NaN,NaN,NaN,NaN,NaN,NaN,NaN,NaN,NaN,NaN,NaN,NaN,NaN,NaN,NaN,NaN,NaN,NaN,NaN,NaN,NaN,NaN,NaN,NaN,NaN,NaN,NaN,NaN,NaN,NaN,NaN,NaN,NaN,NaN,NaN,NaN,NaN,NaN,NaN,NaN,NaN,NaN,NaN,NaN,NaN,NaN,NaN,NaN,NaN,NaN
NaN,NaN,NaN,NaN,NaN,7.916099e-05,-4.078614e-05,0.000186312,0.0009698,0.002089964,0.003775923,0.004757283,0.005844245,0.006863224,0.007630388,0.008091828,0.008371647,0.008386726,0.008148976,0.007642213,0.006913394,0.005972784,0.00484649,0.003570902,0.002185303,0.0007392386,-0.0007374286,-0.002187269,-0.003580481,-0.004855803,-0.005993939,-0.006944218,-0.00770132,-0.008218522,-0.008502685,-0.008533263,-0.008334818,-0.007885981,-0.007227291,-0.006387685,-0.005432879,-0.004362891,-0.003213796,-0.002185858,-0.001278014,-0.0005205825,-8.817416e-05,-3.697628e-05,-5.15709e-05,-1.413715e-05,NaN,NaN,NaN,NaN,NaN,NaN,NaN,NaN,NaN,NaN,NaN,NaN,NaN,NaN,NaN,NaN,NaN,NaN,NaN,NaN,NaN,NaN,NaN,NaN,NaN,NaN,NaN,NaN,NaN,NaN,NaN,NaN,NaN,NaN,NaN,NaN,NaN,NaN,NaN,NaN,NaN,NaN,NaN,NaN,NaN,NaN,NaN,NaN,NaN,NaN,NaN,NaN,NaN,NaN,NaN,NaN,NaN,NaN
NaN,NaN,NaN,4.785517e-05,-1.146727e-05,2.525185e-05,0.0003675168,0.001629786,0.0029391,0.004139043,0.005753341,0.006819095,0.007771642,0.008659009,0.009307327,0.009583002,0.009707021,0.009514129,0.009074104,0.008361442,0.007443035,0.006275936,0.004964792,0.003484034,0.001928964,0.0002891713,-0.001337976,-0.002958382,-0.004476972,-0.005898577,-0.007137066,-0.008204903,-0.009028754,-0.00963378,-0.00996405,-0.01004514,-0.009839505,-0.009417352,-0.008723632,-0.007836895,-0.006808883,-0.00563697,-0.004345721,-0.003163764,-0.002010727,-0.0009944715,-0.0002647362,0.0001217199,5.656663e-05,-4.668036e-05,-5.644106e-05,-1.49541e-05,NaN,NaN,NaN,NaN,NaN,NaN,NaN,NaN,NaN,NaN,NaN,NaN,NaN,NaN,NaN,NaN,NaN,NaN,NaN,NaN,NaN,NaN,NaN,NaN,NaN,NaN,NaN,NaN,NaN,NaN,NaN,NaN,NaN,NaN,NaN,NaN,NaN,NaN,NaN,NaN,NaN,NaN,NaN,NaN,NaN,NaN,NaN,NaN,NaN,NaN,NaN,NaN,NaN,NaN,NaN,NaN
NaN,NaN,8.606951e-05,-4.971907e-05,0.0001424418,0.0008508133,0.002054519,0.003943671,0.004964749,0.006424931,0.007799755,0.008855718,0.009714339,0.01042662,0.01085898,0.01101811,0.01089195,0.01050012,0.009854996,0.008923458,0.007784025,0.006421039,0.004906863,0.00323003,0.001491725,-0.0003224628,-0.002107762,-0.003880485,-0.005531138,-0.007080088,-0.008423781,-0.009593546,-0.01049824,-0.01117452,-0.01154421,-0.01166706,-0.01148707,-0.0110472,-0.01033327,-0.009421705,-0.008291274,-0.007019557,-0.005638098,-0.004226328,-0.002891877,-0.001597969,-0.0005838389,0.0002951333,0.0004224662,0.0003884888,2.881358e-05,-0.0001029144,2.699077e-05,NaN,NaN,NaN,NaN,NaN,NaN,NaN,NaN,NaN,NaN,NaN,NaN,NaN,NaN,NaN,NaN,NaN,NaN,NaN,NaN,NaN,NaN,NaN,NaN,NaN,NaN,NaN,NaN,NaN,NaN,NaN,NaN,NaN,NaN,NaN,NaN,NaN,NaN,NaN,NaN,NaN,NaN,NaN,NaN,NaN,NaN,NaN,NaN,NaN,NaN,NaN,NaN,NaN,NaN,NaN
5.541915e-05,-1.721669e-05,3.669215e-06,0.0003500885,0.001575167,0.002932556,0.004348141,0.006097136,0.007350763,0.008647046,0.009879515,0.01088281,0.01153855,0.01208878,0.01231189,0.01225847,0.01191413,0.01132272,0.01041366,0.009302521,0.007923604,0.006374479,0.004632669,0.002801291,0.0008556866,-0.001094336,-0.003064972,-0.00494729,-0.006757597,-0.008391079,-0.0098697,-0.01109698,-0.0121053,-0.01281296,-0.01326814,-0.01339034,-0.01324441,-0.01278862,-0.01208155,-0.01108286,-0.009927395,-0.008531928,-0.007035448,-0.005464229,-0.00391375,-0.002371182,-0.001037241,0.0001518045,0.0007868584,0.001179833,0.001020141,0.000275614,-6.17361e-05,-9.657153e-05,3.716996e-05,NaN,NaN,NaN,NaN,NaN,NaN,NaN,NaN,NaN,NaN,NaN,NaN,NaN,NaN,NaN,NaN,NaN,NaN,NaN,NaN,NaN,NaN,NaN,NaN,NaN,NaN,NaN,NaN,NaN,NaN,NaN,NaN,NaN,NaN,NaN,NaN,NaN,NaN,NaN,NaN,NaN,NaN,NaN,NaN,NaN,NaN,NaN,NaN,NaN,NaN,NaN,NaN,NaN
-4.856879e-05,0.0001435276,0.0009017691,0.00207077,0.004057589,0.005166626,0.006826372,0.008417523,0.009661984,0.01087998,0.01193221,0.01273495,0.01326257,0.013575,0.01355037,0.0133224,0.01270543,0.01190589,0.01076307,0.009447387,0.007825856,0.006112429,0.004149274,0.002165999,2.119607e-05,-0.002051269,-0.004195069,-0.006175101,-0.008133247,-0.009840316,-0.01144105,-0.01272084,-0.01382909,-0.01456616,-0.01508199,-0.01521412,-0.01511485,-0.01462535,-0.01391686,-0.01288756,-0.0116532,-0.01017842,-0.008582238,-0.006845406,-0.005093985,-0.003358609,-0.001677922,-0.0002387001,0.0009441043,0.001610592,0.002403185,0.001578086,0.001025253,0.0001348989,-0.000145809,4.855668e-05,NaN,NaN,NaN,NaN,NaN,NaN,NaN,NaN,NaN,NaN,NaN,NaN,NaN,NaN,NaN,NaN,NaN,NaN,NaN,NaN,NaN,NaN,NaN,NaN,NaN,NaN,NaN,NaN,NaN,NaN,NaN,NaN,NaN,NaN,NaN,NaN,NaN,NaN,NaN,NaN,NaN,NaN,NaN,NaN,NaN,NaN,NaN,NaN,NaN,NaN,NaN,6.848597e-05
0.0004788727,0.001634158,0.003184275,0.004500322,0.006373436,0.007775691,0.009285441,0.01071872,0.01196606,0.01296453,0.01382857,0.01445146,0.01474048,0.01482397,0.0145897,0.01407776,0.01326813,0.01221759,0.01085504,0.00931678,0.007515274,0.005581729,0.003460517,0.001294193,-0.0009818455,-0.003215799,-0.005466168,-0.007581851,-0.009621735,-0.01144194,-0.01310288,-0.01447334,-0.01561648,-0.01642419,-0.01696454,-0.01714217,-0.01702566,-0.01657371,-0.01583038,-0.01477395,-0.01348865,-0.01195625,-0.0102276,-0.008401518,-0.006447962,-0.004520389,-0.002574676,-0.0008519394,0.0007351693,0.001921949,0.003019689,0.00296371,0.003151952,0.002079985,0.0007545231,-4.801007e-05,-0.0001741994,0.0001334958,NaN,NaN,NaN,NaN,NaN,NaN,NaN,NaN,NaN,NaN,NaN,NaN,NaN,NaN,NaN,NaN,NaN,NaN,NaN,NaN,NaN,NaN,NaN,NaN,NaN,NaN,NaN,NaN,NaN,NaN,NaN,NaN,NaN,NaN,NaN,NaN,NaN,NaN,NaN,NaN,NaN,NaN,NaN,NaN,NaN,NaN,NaN,7.798057e-05,-4.361268e-05,5.134305e-06
0.002384067,0.004227543,0.005575799,0.007150901,0.008910741,0.01027295,0.01172956,0.01298105,0.01405113,0.01487207,0.01554368,0.01585014,0.01600513,0.01576205,0.01533113,0.01454525,0.01354332,0.01220002,0.01070413,0.008883471,0.006956363,0.004786433,0.002571427,0.000185251,-0.002157146,-0.004579261,-0.006869368,-0.00914858,-0.01120694,-0.01316802,-0.01482931,-0.01632208,-0.01745491,-0.01836489,-0.01887062,-0.01913329,-0.01898606,-0.01857759,-0.01777659,-0.0167634,-0.01537409,-0.01383048,-0.01200227,-0.01007283,-0.007969049,-0.005876983,-0.003707889,-0.00169803,0.0002049723,0.001829388,0.003276209,0.004028309,0.004455192,0.004747226,0.003266447,0.002031735,0.0005537929,-0.0001789,-0.0001088761,0.0001224546,NaN,NaN,NaN,NaN,NaN,NaN,NaN,NaN,NaN,NaN,NaN,NaN,NaN,NaN,NaN,NaN,NaN,NaN,NaN,NaN,NaN,NaN,NaN,NaN,NaN,NaN,NaN,NaN,NaN,NaN,NaN,NaN,NaN,NaN,NaN,NaN,NaN,NaN,NaN,NaN,NaN,NaN,NaN,4.490375e-05,-5.76583e-06,-5.803841e-05,0.0002655021,0.001160153
0.004903414,0.006708384,0.008322037,0.00978463,0.01139147,0.01272884,0.01401149,0.01500155,0.01596365,0.01647273,0.01694352,0.01698877,0.01689615,0.01637786,0.01575619,0.01465664,0.01349555,0.01188943,0.01022299,0.008178717,0.00613089,0.003749215,0.001441196,-0.001114106,-0.003520391,-0.006087662,-0.008418641,-0.01081796,-0.01289758,-0.01495949,-0.01662851,-0.01820493,-0.01933097,-0.02031151,-0.02081301,-0.02112923,-0.02095096,-0.02059613,-0.01976259,-0.01874815,-0.01732853,-0.01576159,-0.01384078,-0.01186536,-0.009626142,-0.007395728,-0.005050014,-0.0028105,-0.0006259577,0.001388333,0.003117244,0.004496904,0.00552504,0.0062229,0.005520004,0.005735259,0.003367969,0.00189482,0.0004014925,-0.000232737,-2.406646e-05,NaN,NaN,NaN,NaN,NaN,NaN,NaN,NaN,NaN,NaN,NaN,NaN,NaN,NaN,NaN,NaN,NaN,NaN,NaN,NaN,NaN,NaN,NaN,NaN,NaN,NaN,NaN,NaN,NaN,NaN,NaN,NaN,NaN,NaN,NaN,NaN,NaN,NaN,NaN,NaN,NaN,2.062256e-05,-7.46145e-05,0.0001485167,0.0008507094,0.001897019,0.003722875
0.007730035,0.009371628,0.0109372,0.01233785,0.01381454,0.01490543,0.01604037,0.01680156,0.01747607,0.01777707,0.01798477,0.01773447,0.01742984,0.0166395,0.0157665,0.01446571,0.0130693,0.01126287,0.009429142,0.007208605,0.005008155,0.002504479,8.026096e-05,-0.002576319,-0.00507008,-0.007706744,-0.01009986,-0.01254779,-0.01467222,-0.01676731,-0.01846876,-0.02007006,-0.02122528,-0.02222387,-0.0227386,-0.02307088,-0.02291828,-0.02255642,-0.02172943,-0.02072761,-0.01927771,-0.01769242,-0.01574863,-0.01369564,-0.01138775,-0.009053996,-0.006562552,-0.004143237,-0.001718788,0.0005368874,0.002660139,0.004454785,0.005917406,0.007133469,0.007422685,0.007682907,0.006664454,0.00621092,0.003548626,0.001869925,0.0002982487,-0.0002470445,-1.863746e-05,NaN,NaN,NaN,NaN,NaN,NaN,NaN,NaN,NaN,NaN,NaN,NaN,NaN,NaN,NaN,NaN,NaN,NaN,NaN,NaN,NaN,NaN,NaN,NaN,NaN,NaN,NaN,NaN,NaN,NaN,NaN,NaN,NaN,NaN,NaN,NaN,NaN,1.199883e-05,-7.788572e-05,8.231802e-05,0.0006973462,0.001631263,0.003237503,0.004515957,0.006150608
0.01046514,0.01192498,0.01347458,0.01467195,0.01590721,0.01685053,0.01770165,0.01819795,0.01865018,0.01865722,0.01858912,0.01812403,0.01751116,0.01651569,0.01540815,0.01388499,0.01229547,0.01033228,0.008305219,0.005975971,0.003639061,0.001044689,-0.001484798,-0.004187681,-0.006756326,-0.009417393,-0.01186407,-0.01431706,-0.01647947,-0.01856919,-0.02030105,-0.02189154,-0.02307017,-0.02405906,-0.02460829,-0.0249307,-0.0247948,-0.02444113,-0.02363864,-0.02261201,-0.02119671,-0.01958849,-0.01762608,-0.01555455,-0.01319503,-0.0107854,-0.008203461,-0.005657244,-0.003052374,-0.0005705353,0.001796699,0.003931617,0.005885961,0.007371347,0.008418771,0.009211639,0.009115051,0.008769349,0.007817702,0.006583009,0.003535925,0.002059879,0.0003375137,-0.0002334049,-0.0001278292,0.0002149967,NaN,NaN,NaN,NaN,NaN,NaN,NaN,NaN,NaN,NaN,NaN,NaN,NaN,NaN,NaN,NaN,NaN,NaN,NaN,NaN,NaN,NaN,NaN,NaN,NaN,NaN,NaN,NaN,NaN,NaN,NaN,4.775368e-05,-2.336869e-05,-8.151444e-05,7.728911e-05,0.0006743089,0.001446165,0.002905281,0.004314408,0.005692692,0.007293108,0.008888113
0.01305703,0.01434682,0.01565707,0.01667402,0.01770969,0.01832455,0.01896399,0.01919052,0.01933617,0.01910191,0.01878175,0.01801805,0.017218,0.01596477,0.01465131,0.01295198,0.01118688,0.009058186,0.006932423,0.004469302,0.002053988,-0.0006172429,-0.003185406,-0.005944398,-0.008523603,-0.01121178,-0.01364689,-0.01611192,-0.01825139,-0.02034577,-0.02205048,-0.02364742,-0.02480586,-0.02580637,-0.02633127,-0.02667621,-0.02654147,-0.02620217,-0.0253954,-0.02441759,-0.02297826,-0.02140379,-0.01944057,-0.01736423,-0.0149783,-0.01255757,-0.009895359,-0.007285468,-0.004541636,-0.001951999,0.0006832085,0.003039098,0.005266848,0.007186274,0.008768359,0.009833295,0.01060176,0.01092089,0.01059336,0.009676592,0.008420927,0.007132994,0.003543502,0.002529207,0.0006041916,-0.0001827839,-0.0002217105,0.0001391428,NaN,NaN,NaN,NaN,NaN,NaN,NaN,NaN,NaN,NaN,NaN,NaN,NaN,NaN,NaN,NaN,NaN,NaN,NaN,NaN,NaN,NaN,NaN,NaN,NaN,NaN,NaN,2.96623e-05,-6.905494e-05,-7.250396e-05,0.000129298,0.0008017782,0.001362337,0.002805428,0.004116358,0.005364186,0.006998604,0.008472533,0.01007387,0.01147392
0.01531118,0.01637048,0.01751903,0.01824899,0.0190009,0.01939448,0.01973536,0.01966132,0.01959473,0.0190499,0.01849207,0.01751153,0.01646401,0.01501488,0.01354216,0.0116427,0.009768037,0.007512811,0.005285192,0.002747093,0.0002905029,-0.002435045,-0.005013896,-0.007783046,-0.01034537,-0.01302434,-0.01542723,-0.01786828,-0.01996837,-0.02203453,-0.02370296,-0.02527391,-0.02640182,-0.02738601,-0.02790591,-0.02824427,-0.02810303,-0.02778439,-0.02699741,-0.02601828,-0.0246276,-0.02306511,-0.0211209,-0.01907094,-0.016699,-0.01426036,-0.01160355,-0.008938928,-0.006154012,-0.00342406,-0.0007223929,0.00185853,0.00432773,0.006491752,0.00839828,0.01006804,0.01118229,0.01198757,0.0123756,0.01232133,0.01144251,0.01048906,0.008428866,0.008154964,0.004052277,0.00279192,0.00136779,5.996674e-05,-0.0001399895,-0.000225227,0.0001567642,NaN,NaN,NaN,NaN,NaN,NaN,NaN,NaN,NaN,NaN,NaN,NaN,NaN,NaN,NaN,NaN,NaN,NaN,NaN,NaN,NaN,3.008068e-05,-7.448407e-05,-5.822557e-05,-1.673352e-05,0.000317518,0.0009338058,0.001436674,0.00303424,0.003921321,0.005202002,0.006714579,0.008137914,0.009736651,0.01109578,0.01264115,0.01395954
0.01713638,0.01804758,0.01879751,0.01937291,0.01979715,0.01993979,0.01995769,0.01971415,0.01926231,0.01859014,0.01771986,0.01657587,0.0152906,0.01373249,0.01201487,0.01009391,0.008014034,0.005752188,0.00339961,0.0008900262,-0.001670145,-0.004311444,-0.006954109,-0.009621336,-0.01222245,-0.01477571,-0.01719978,-0.01950718,-0.02162334,-0.02355727,-0.02524516,-0.02669581,-0.02785901,-0.02873983,-0.02930083,-0.02955892,-0.02949511,-0.02910274,-0.0283987,-0.0273947,-0.02608162,-0.02449484,-0.02266484,-0.02057264,-0.01830501,-0.01583873,-0.01325269,-0.01053418,-0.007786337,-0.004984901,-0.002224495,0.0004980905,0.003021805,0.005504337,0.007638629,0.009537097,0.01111595,0.01247663,0.013173,0.01362882,0.01359559,0.01320525,0.01191441,0.01118641,0.008739281,0.008504934,0.005815887,0.00207483,0.002674293,0.0009794296,9.430592e-05,-7.482029e-05,-0.0001671953,-4.608295e-05,9.279297e-05,4.896805e-05,NaN,NaN,NaN,NaN,NaN,NaN,NaN,NaN,NaN,NaN,NaN,3.731722e-06,1.25995e-05,-2.235241e-05,-5.508224e-05,-4.206825e-05,-5.909442e-06,0.0001839921,0.0007920773,0.0007985887,0.001832736,0.003250298,0.003857082,0.00526029,0.006496083,0.007903161,0.009373144,0.01076546,0.01220844,0.01359656,0.01488505,0.01602669
0.01845967,0.01912859,0.01962483,0.01993709,0.02002119,0.01998828,0.01967657,0.01920489,0.01852183,0.01763293,0.01652031,0.01526257,0.01374063,0.01209487,0.01023648,0.0082302,0.006061949,0.003789818,0.001360835,-0.001111267,-0.00368545,-0.006272475,-0.008899779,-0.01147509,-0.01403462,-0.01648484,-0.01885484,-0.02105417,-0.02311259,-0.02494528,-0.02658269,-0.0279467,-0.0290699,-0.02988719,-0.03043879,-0.03065859,-0.03058936,-0.03020127,-0.02952476,-0.02852171,-0.02726969,-0.02571832,-0.02392762,-0.0219066,-0.01968257,-0.01727071,-0.01472836,-0.01206055,-0.009323043,-0.006527637,-0.003762472,-0.001012427,0.001670722,0.004163169,0.006516657,0.008697108,0.01053211,0.01205836,0.01337592,0.01424746,0.01462069,0.01459794,0.01434281,0.01374325,0.01240626,0.01140599,0.009607236,0.006922147,0.007525202,0.004852126,0.001519395,0.001820794,0.001678597,0.0005160769,5.7578e-05,3.3532e-05,-2.730434e-05,-3.206107e-05,-5.501323e-05,-2.039461e-06,9.957304e-06,3.771717e-05,2.273339e-05,3.103766e-05,5.69944e-06,4.081552e-06,-1.617291e-05,-7.20156e-06,-1.520703e-05,6.288741e-05,0.0003407517,0.0005979061,0.000552072,0.001398346,0.002614113,0.002950428,0.003941367,0.00531202,0.006407676,0.007779241,0.009092001,0.01042766,0.01178496,0.01317601,0.01443566,0.01561459,0.01668644,0.01768787
0.019274,0.01968407,0.01986654,0.01992978,0.01979127,0.01944652,0.01893201,0.01824431,0.01731816,0.0162624,0.01499077,0.01354225,0.01193795,0.01016402,0.008219484,0.006172445,0.003960499,0.001661856,-0.0007341818,-0.003197173,-0.005722029,-0.008247823,-0.01079086,-0.01329093,-0.01574831,-0.01810388,-0.02036151,-0.02246297,-0.02441205,-0.02615332,-0.02769347,-0.02898322,-0.03003432,-0.0308002,-0.03129575,-0.03149267,-0.03141483,-0.03101809,-0.03034971,-0.02939342,-0.02815981,-0.02666295,-0.02494205,-0.02296918,-0.02082213,-0.01848401,-0.01600802,-0.01340195,-0.01072382,-0.007988527,-0.005224182,-0.002485246,0.000164152,0.002785017,0.005221203,0.007446005,0.009531706,0.01138593,0.01283563,0.01401611,0.01493447,0.01542611,0.0154443,0.01518872,0.01465743,0.01402822,0.01254235,0.01078262,0.01009284,0.008231365,0.005561137,0.00549838,0.005522065,0.002707212,0.001024374,0.000631266,0.0006140475,0.0007259526,0.0007048388,0.0004231285,0.0001944991,6.221901e-05,1.85611e-05,-2.436349e-06,5.084714e-05,0.0001256113,0.0002123106,0.0002486012,0.0003496085,0.0006688763,0.001520557,0.002067397,0.002283666,0.00316027,0.004329874,0.005210308,0.006279085,0.007652469,0.008862774,0.01012758,0.0114145,0.01272293,0.01395413,0.01510983,0.0161825,0.0171945,0.01801956,0.01870969
0.01951652,0.01963863,0.01962691,0.01941,0.01901526,0.01848692,0.0177474,0.01683841,0.01578943,0.01453836,0.01313701,0.01159857,0.009876933,0.008038703,0.006071144,0.003965322,0.001775985,-0.0005071282,-0.002872615,-0.00527743,-0.007715376,-0.01016906,-0.01260435,-0.01499886,-0.01732967,-0.01957258,-0.02169926,-0.02368691,-0.02550926,-0.02714695,-0.02857562,-0.02977972,-0.03073798,-0.0314443,-0.03188597,-0.03205276,-0.03193451,-0.03155284,-0.03088833,-0.02994911,-0.02876288,-0.02732432,-0.02564361,-0.02376932,-0.02168438,-0.01943671,-0.01704149,-0.01453286,-0.01192685,-0.009259219,-0.006578594,-0.003892094,-0.001215627,0.001325422,0.003800517,0.00617073,0.008298084,0.01020253,0.01197801,0.0134296,0.01450171,0.01529272,0.01586991,0.01606338,0.01584863,0.01532003,0.01454908,0.01347935,0.01262755,0.01104269,0.009082989,0.008310813,0.007677481,0.00569207,0.003592103,0.002616403,0.002391495,0.002582835,0.002451849,0.001794876,0.001094817,0.000688457,0.0004800993,0.0004488649,0.0005603436,0.0008050638,0.001025427,0.001226213,0.001493047,0.002043047,0.002899026,0.003683223,0.004296712,0.005224484,0.006407166,0.007473031,0.008586483,0.009805029,0.01105358,0.01228751,0.01345937,0.01455992,0.01561101,0.01660625,0.0174642,0.01817148,0.01877237,0.01924487
0.01924642,0.01914712,0.01885665,0.01843901,0.01786816,0.0170983,0.01620692,0.01515926,0.01393052,0.01258825,0.01109504,0.009445704,0.007703094,0.005817909,0.003823098,0.001750355,-0.0004251866,-0.002667558,-0.004950244,-0.007282849,-0.00962882,-0.01196612,-0.01427995,-0.01655054,-0.01874859,-0.02085434,-0.02284326,-0.02469594,-0.02638819,-0.02790211,-0.02921668,-0.03031835,-0.03119113,-0.03182229,-0.03219819,-0.03232185,-0.03218899,-0.0317848,-0.03112583,-0.03022433,-0.02906161,-0.02767453,-0.02607456,-0.0242564,-0.02226644,-0.02011099,-0.01781204,-0.01539711,-0.01289371,-0.0103344,-0.007719172,-0.005112677,-0.002550857,1.030634e-05,0.002455989,0.004746319,0.00696565,0.009021712,0.01078168,0.01235171,0.01375027,0.01483013,0.01553621,0.01599569,0.01624849,0.01622233,0.01572861,0.01502019,0.01417345,0.01312295,0.01183663,0.01085699,0.009963549,0.008265066,0.00645347,0.005181575,0.004601966,0.004404766,0.004161399,0.003560185,0.002845536,0.002273644,0.001954498,0.001839504,0.001932687,0.002154374,0.002450031,0.002766438,0.003198542,0.003832978,0.004717439,0.00560058,0.006431831,0.007377165,0.008449539,0.009562255,0.01068316,0.01184455,0.01295009,0.01399838,0.01501409,0.01597184,0.0168224,0.01753606,0.01815383,0.0186648,0.01900562,0.01918028
0.01852319,0.01818987,0.01774666,0.01712299,0.01635056,0.01547023,0.01442065,0.01322974,0.01194066,0.01048762,0.008924728,0.00726377,0.005465804,0.003586324,0.001624251,-0.0004400156,-0.00254757,-0.004713777,-0.006926039,-0.009150189,-0.01137627,-0.01359746,-0.01577871,-0.01790686,-0.01995899,-0.02192083,-0.02376454,-0.02547668,-0.02703161,-0.02841851,-0.02961363,-0.03060872,-0.03138265,-0.03193489,-0.03225224,-0.03232908,-0.03215311,-0.03174796,-0.03109359,-0.03019722,-0.02908358,-0.02774832,-0.02619613,-0.02447332,-0.02256088,-0.02050054,-0.01830497,-0.01600222,-0.01360517,-0.01114206,-0.008655897,-0.006148829,-0.003630301,-0.00120859,0.001178961,0.003509313,0.005657762,0.007647376,0.00956249,0.01124576,0.01264355,0.01384646,0.01489198,0.01563791,0.0160476,0.01617116,0.0161539,0.01586101,0.01538076,0.01457013,0.01360693,0.01269324,0.01170941,0.0105152,0.009064801,0.007855369,0.007059047,0.006610707,0.006196098,0.005633612,0.004972295,0.004407588,0.004022271,0.003857149,0.003885217,0.004083843,0.004383888,0.004774261,0.005271908,0.005936055,0.006734325,0.007608187,0.008501166,0.009448309,0.01047278,0.01148345,0.01248673,0.01345819,0.01442633,0.0153393,0.01615249,0.01685324,0.01746899,0.01799622,0.01838167,0.01860613,0.01872318,0.01871378
0.01746801,0.01697714,0.01632204,0.01556208,0.0146833,0.01363831,0.01250216,0.01124794,0.00984986,0.008371702,0.006784949,0.005077979,0.003315136,0.001449894,-0.0004897499,-0.002471961,-0.004520588,-0.006606392,-0.008701559,-0.0108197,-0.01292808,-0.01500845,-0.01704852,-0.01903459,-0.02094059,-0.02275245,-0.024449,-0.02601686,-0.02743495,-0.02869092,-0.02976641,-0.03065267,-0.03133569,-0.03180686,-0.03205305,-0.0320798,-0.03188319,-0.03145041,-0.03079464,-0.02993032,-0.02883673,-0.02754792,-0.0260739,-0.02440799,-0.02259009,-0.02062707,-0.01853405,-0.01633678,-0.01405575,-0.01172115,-0.009327658,-0.006931944,-0.004564411,-0.002181439,0.0001213128,0.002304787,0.004452071,0.006486159,0.008292963,0.009966089,0.01153158,0.01286126,0.01390541,0.01476404,0.01546896,0.01594966,0.01608248,0.01601599,0.01573564,0.0153394,0.01477544,0.0140834,0.01330501,0.01226697,0.0111903,0.01017247,0.009382206,0.008782758,0.008300281,0.007790907,0.007262652,0.006767625,0.006414279,0.006218917,0.006208724,0.006343913,0.006620198,0.006998293,0.007499996,0.008115027,0.008859164,0.009655701,0.01048232,0.01133057,0.01219192,0.0130746,0.01393802,0.01477139,0.01552192,0.01618645,0.01678928,0.01730977,0.01771227,0.0179697,0.01812561,0.01817732,0.01807511,0.01781856
0.01619449,0.01553486,0.01479151,0.01390145,0.01289009,0.01180108,0.01058004,0.009247703,0.007850951,0.00632813,0.004726171,0.003061923,0.001296433,-0.0005203412,-0.002384896,-0.004320426,-0.006271587,-0.00825181,-0.01025339,-0.01224509,-0.01421832,-0.0161705,-0.01807081,-0.01990906,-0.02166667,-0.02333344,-0.02488605,-0.02631488,-0.02759864,-0.02872995,-0.02968919,-0.03047084,-0.03105728,-0.03144963,-0.03163742,-0.03161643,-0.03137534,-0.03093694,-0.03028373,-0.02942004,-0.02836992,-0.02712906,-0.0256989,-0.02412252,-0.02238121,-0.02051029,-0.01852145,-0.0164375,-0.01426922,-0.01203896,-0.009784886,-0.007507176,-0.005209191,-0.002987376,-0.0007853895,0.001385029,0.003412604,0.005318334,0.007183892,0.008877608,0.0103503,0.01168442,0.0129147,0.01391979,0.01466336,0.01519058,0.01562322,0.01583442,0.01586981,0.01565184,0.01529288,0.01483438,0.01424084,0.01359734,0.01281599,0.01205877,0.01138972,0.01084875,0.01036659,0.009907785,0.00945793,0.009065939,0.008763558,0.008595075,0.008564238,0.008676401,0.008906503,0.009248217,0.009688144,0.01022782,0.01083633,0.01150627,0.01221327,0.01293438,0.01366919,0.01436356,0.01502533,0.0156244,0.01618801,0.01668299,0.01707149,0.0173424,0.01752225,0.0176147,0.01757823,0.01739499,0.0171164,0.0167326
0.01482614,0.01407899,0.0131965,0.0122328,0.01118222,0.009997113,0.008746362,0.00741123,0.005963546,0.0044627,0.002887388,0.001220955,-0.000473904,-0.00223899,-0.004052854,-0.005883059,-0.007752692,-0.009638328,-0.01151204,-0.0133892,-0.0152418,-0.01705371,-0.01881525,-0.02051693,-0.0221361,-0.02366241,-0.02507815,-0.02637395,-0.02753209,-0.02854389,-0.02939396,-0.03007667,-0.03058044,-0.03089949,-0.03102194,-0.03095458,-0.03069481,-0.03023125,-0.02957469,-0.02874091,-0.02770898,-0.02650934,-0.02515202,-0.02362903,-0.02197497,-0.02019721,-0.0183059,-0.01632473,-0.01426925,-0.01216719,-0.0100103,-0.007847661,-0.005706925,-0.00354557,-0.001443708,0.0005592669,0.0025435,0.004446144,0.006165906,0.007785004,0.00933621,0.01070842,0.01185788,0.01287054,0.01377994,0.01452508,0.01500257,0.01532633,0.01548315,0.01555131,0.01547715,0.01524976,0.01492674,0.014433,0.01393029,0.01340153,0.01291654,0.01246856,0.01208493,0.01172553,0.01140046,0.01110402,0.01088648,0.01075224,0.01073232,0.01081048,0.01099946,0.01127336,0.01163904,0.01207016,0.01257464,0.01310805,0.01365821,0.01420791,0.01473757,0.01525843,0.01574351,0.01618104,0.01653073,0.01678834,0.01698099,0.01709404,0.01710027,0.01697492,0.01675917,0.01645657,0.01602588,0.01546292
0.01346922,0.01261787,0.01170689,0.01068014,0.009556183,0.008379077,0.007101302,0.005736123,0.004332,0.002832158,0.001275701,-0.000316834,-0.001983277,-0.003680227,-0.005399854,-0.007167876,-0.008933241,-0.01070695,-0.0124853,-0.01424011,-0.01596325,-0.0176555,-0.01928966,-0.02085773,-0.02234432,-0.02374254,-0.02503248,-0.0262076,-0.02724992,-0.02815484,-0.0289059,-0.02949987,-0.02992184,-0.03017439,-0.03024911,-0.03014338,-0.02984649,-0.02938051,-0.02873045,-0.02789854,-0.02690753,-0.02575438,-0.02443739,-0.02299698,-0.02141519,-0.01972204,-0.01792821,-0.01605278,-0.01410449,-0.01210148,-0.01007722,-0.008031856,-0.005963389,-0.003958776,-0.001968378,4.528468e-06,0.001860794,0.003616655,0.005351553,0.006953925,0.008377158,0.009695645,0.01094617,0.01202514,0.01289937,0.01360924,0.01426138,0.01474856,0.01510336,0.01525971,0.01529958,0.01525041,0.01508853,0.01490117,0.0146089,0.0142971,0.01398264,0.01369729,0.01342152,0.01316397,0.01292516,0.01272795,0.01257805,0.01249817,0.01249205,0.01256894,0.01271839,0.01293828,0.01321722,0.01354952,0.01391214,0.01430186,0.0147071,0.01510551,0.01549593,0.01583355,0.01612815,0.01635564,0.01654048,0.0166604,0.01668408,0.01660179,0.01643863,0.01620227,0.01585939,0.01539183,0.01484688,0.01422089
0.01219326,0.01131554,0.01032765,0.009277161,0.008164823,0.006943647,0.005675091,0.004347326,0.002930909,0.001479485,-2.153589e-05,-0.001592655,-0.003174384,-0.004803195,-0.006463608,-0.008123472,-0.009804015,-0.01148724,-0.01314536,-0.01479425,-0.01641021,-0.01797869,-0.01949174,-0.02094304,-0.0223128,-0.02359329,-0.02476947,-0.02583498,-0.02677477,-0.02758287,-0.02824628,-0.02876164,-0.02911937,-0.02931589,-0.02934049,-0.02920062,-0.02889497,-0.02841356,-0.02776506,-0.02696612,-0.02599649,-0.02488296,-0.02363588,-0.02224663,-0.02074497,-0.01913895,-0.01743491,-0.01565455,-0.01380973,-0.01192582,-0.009993112,-0.008053666,-0.0061335,-0.004192131,-0.002296301,-0.0004859906,0.00131418,0.003053874,0.004641317,0.006147332,0.007609192,0.008930466,0.01007077,0.01110544,0.01207033,0.01291377,0.01354634,0.0140622,0.01445405,0.01478308,0.01500546,0.01510273,0.01512917,0.01502289,0.01490913,0.01475324,0.01459358,0.01442041,0.01426881,0.01412216,0.01399646,0.01388059,0.01380521,0.01376474,0.01378172,0.01384366,0.01396494,0.01412728,0.01433747,0.0145735,0.01484387,0.01511681,0.01538434,0.01563532,0.01585303,0.01604899,0.01620561,0.01631319,0.01634097,0.01628354,0.0161688,0.0159866,0.01571593,0.01533334,0.01487608,0.01435121,0.01372396,0.01298647
0.01105492,0.01012565,0.009154106,0.0080907,0.006947937,0.005768382,0.004511454,0.003183808,0.001833641,0.0004097385,-0.001056083,-0.002541147,-0.004080745,-0.005638283,-0.007202202,-0.008799345,-0.01038328,-0.01196241,-0.01353582,-0.01507848,-0.01658204,-0.01804973,-0.01945736,-0.02079853,-0.02206006,-0.02323761,-0.02431382,-0.02528449,-0.02613413,-0.0268602,-0.02744864,-0.027898,-0.02819537,-0.02834445,-0.02833833,-0.02817582,-0.02784665,-0.02737197,-0.02673914,-0.0259489,-0.02502215,-0.02395764,-0.02275101,-0.02144004,-0.02000795,-0.01848022,-0.01686658,-0.01518329,-0.01343731,-0.01164364,-0.009831309,-0.008001297,-0.006147378,-0.004347922,-0.002560158,-0.0007811232,0.0009012835,0.002497524,0.004083828,0.005565375,0.006896983,0.008144247,0.00934572,0.01041211,0.01131215,0.01208062,0.01281398,0.0134223,0.01392997,0.01428017,0.01453837,0.01473109,0.01483689,0.01492875,0.01493423,0.01490929,0.01485972,0.01480789,0.01474271,0.01467635,0.01461267,0.01456663,0.0145379,0.01453825,0.0145686,0.01463492,0.0147313,0.01485663,0.01500414,0.01516896,0.01533658,0.01550489,0.01567028,0.01581483,0.01594097,0.01601201,0.01603879,0.01600237,0.01592536,0.01579278,0.01557847,0.01527303,0.01489978,0.01446821,0.01395114,0.0133298,0.01264649,0.01190163
0.01005637,0.009144776,0.008141711,0.007088004,0.005989166,0.004800139,0.003574756,0.002306732,0.0009668219,-0.0003976341,-0.001795279,-0.00324889,-0.004703144,-0.006189072,-0.007695987,-0.009192927,-0.01069842,-0.01219913,-0.01366785,-0.01511993,-0.01653537,-0.01790097,-0.01920973,-0.02045776,-0.0216275,-0.02271315,-0.02370164,-0.0245888,-0.02536165,-0.02601619,-0.02654125,-0.02693509,-0.02718966,-0.027303,-0.02726541,-0.02708452,-0.02675995,-0.02628321,-0.0256609,-0.02491005,-0.02401159,-0.02298875,-0.02185208,-0.02059294,-0.01923659,-0.0177917,-0.01626173,-0.01466648,-0.01301493,-0.01133025,-0.009602194,-0.00786654,-0.006147868,-0.00440865,-0.002703912,-0.001073778,0.0005511441,0.002131188,0.003582842,0.004965715,0.006319486,0.007560329,0.008649635,0.009652626,0.01060602,0.01146598,0.01215337,0.01274647,0.0132432,0.01369311,0.01406301,0.01433087,0.01454544,0.01465004,0.01474631,0.0147994,0.01483549,0.01484358,0.01485427,0.01485583,0.01486269,0.01486256,0.01487743,0.01489828,0.01494172,0.01499602,0.01507406,0.01516172,0.01526623,0.01537024,0.01548364,0.01558263,0.01566233,0.01571632,0.01573192,0.01572093,0.01567219,0.0155775,0.01541329,0.01517335,0.01488482,0.01454044,0.01412382,0.01361251,0.01303926,0.01241288,0.01170402,0.01090194
0.00921156,0.008283623,0.007323791,0.006288718,0.005186167,0.004056046,0.002864496,0.001612972,0.0003480553,-0.0009756165,-0.002332415,-0.003698887,-0.005106769,-0.006525869,-0.007941799,-0.009381253,-0.01080244,-0.01221133,-0.01360869,-0.01497264,-0.01629432,-0.01757853,-0.01880373,-0.01996468,-0.02104972,-0.02205642,-0.0229694,-0.02378616,-0.02449309,-0.02508919,-0.02556215,-0.02591185,-0.02612689,-0.02621165,-0.02616029,-0.02597279,-0.02563922,-0.02517951,-0.02458306,-0.02384962,-0.02299786,-0.02202826,-0.02093447,-0.01975141,-0.01846375,-0.01709308,-0.01564809,-0.0141429,-0.01258289,-0.01098072,-0.009361253,-0.007726606,-0.006067522,-0.004454276,-0.002850645,-0.001249412,0.0002721444,0.001718902,0.003162773,0.004523294,0.005756691,0.006919454,0.008050727,0.009072977,0.00995604,0.01072847,0.01147776,0.01212805,0.0126972,0.01313592,0.01349726,0.0138073,0.01404535,0.01427274,0.01442569,0.01454448,0.01463262,0.01470661,0.01475815,0.01479694,0.01482732,0.01485972,0.01489255,0.01493187,0.01497756,0.01503258,0.01509347,0.01515901,0.01522569,0.01528917,0.01534097,0.01537891,0.01540445,0.01540275,0.01537884,0.01530229,0.01518358,0.01500717,0.01479388,0.01453377,0.01420466,0.0137968,0.01333143,0.0128186,0.01223592,0.01156418,0.01084064,0.01006838
0.008484059,0.007597812,0.006633297,0.005624948,0.004581749,0.003461502,0.002310881,0.001127828,-0.0001155124,-0.001378093,-0.002663575,-0.003995621,-0.005323523,-0.006673225,-0.008037626,-0.009387649,-0.01073876,-0.01208147,-0.01338954,-0.01467725,-0.01592767,-0.01712892,-0.01827445,-0.01936218,-0.02037641,-0.02131277,-0.02215965,-0.02291449,-0.02356591,-0.02411138,-0.02454107,-0.02485446,-0.02504451,-0.02511054,-0.0250436,-0.0248512,-0.02453352,-0.02408345,-0.02350571,-0.0228172,-0.02200023,-0.02107476,-0.02005113,-0.01892118,-0.017706,-0.01641472,-0.01504858,-0.01362557,-0.0121524,-0.01065014,-0.009108571,-0.007558037,-0.006021513,-0.00446503,-0.0029335,-0.001466424,-1.012801e-06,0.001431888,0.002756646,0.004022436,0.005269561,0.006425271,0.007452365,0.008406418,0.009323737,0.01016703,0.0108653,0.01148292,0.0120213,0.012521,0.01295728,0.01330538,0.01360863,0.01381493,0.01400945,0.01416118,0.01429055,0.01438662,0.01447501,0.01454604,0.01461257,0.01466293,0.01471466,0.01475812,0.01480628,0.01484809,0.01489512,0.0149363,0.01497851,0.01500747,0.01503368,0.01503813,0.01501801,0.01496904,0.0148818,0.01476749,0.01461859,0.01442764,0.01417657,0.01385842,0.01349847,0.01309132,0.01262417,0.01207537,0.01147319,0.01082708,0.01011241,0.009316436
0.007875437,0.00698972,0.006077932,0.00510257,0.004067952,0.003010622,0.001902994,0.0007426452,-0.0004263439,-0.00164364,-0.002888666,-0.004138241,-0.005420098,-0.006709767,-0.007991061,-0.009289551,-0.01056799,-0.01183028,-0.01307809,-0.01429256,-0.01546437,-0.01659925,-0.01767798,-0.01869628,-0.01964362,-0.02051893,-0.02130848,-0.02201097,-0.02261433,-0.02311863,-0.02351293,-0.02379809,-0.02396381,-0.02401485,-0.02394612,-0.0237585,-0.02344232,-0.0230161,-0.02247093,-0.02180602,-0.02103752,-0.02016738,-0.0191879,-0.01813097,-0.0169828,-0.0157616,-0.01447501,-0.01313543,-0.01174687,-0.01032015,-0.008876397,-0.007418737,-0.005936051,-0.004490892,-0.003052967,-0.001612493,-0.0002368214,0.001074273,0.002387453,0.003634672,0.004774027,0.005853347,0.00691114,0.007880136,0.008731149,0.009486899,0.01022631,0.01088504,0.01147524,0.01195423,0.01236448,0.01273067,0.01303336,0.01332435,0.01354867,0.01373583,0.01389018,0.01402384,0.01413005,0.01421599,0.01428674,0.01435029,0.01440565,0.01445592,0.01450095,0.01454171,0.01457679,0.01460531,0.0146252,0.01463226,0.0146222,0.01459181,0.01454613,0.01447123,0.01437447,0.01422954,0.01404525,0.01380863,0.01353903,0.01322956,0.01286121,0.01242377,0.01193639,0.01140867,0.01082239,0.01015809,0.009448334,0.008697824
0.007341438,0.006503789,0.005598002,0.004652718,0.003679386,0.002639078,0.001572093,0.0004793258,-0.0006648373,-0.001825379,-0.003002007,-0.004218251,-0.00542821,-0.006653315,-0.007889054,-0.009108706,-0.01032475,-0.01153083,-0.01270196,-0.01385125,-0.01496419,-0.01603028,-0.01704321,-0.01800227,-0.01889338,-0.01971327,-0.0204515,-0.02110667,-0.02166868,-0.02213616,-0.02250028,-0.02276146,-0.02291333,-0.02295614,-0.0228816,-0.02269694,-0.02240248,-0.0219925,-0.02146995,-0.02085134,-0.02012029,-0.01929387,-0.01838188,-0.01737693,-0.01629637,-0.01514946,-0.01393587,-0.01267179,-0.01136216,-0.01002605,-0.008653575,-0.007270465,-0.005897847,-0.004505605,-0.003130044,-0.001809273,-0.0004872177,0.0008123471,0.002021489,0.003180138,0.004327866,0.005401728,0.00636623,0.007268192,0.008142611,0.008957841,0.009650024,0.01027134,0.01082538,0.01134592,0.01181426,0.01220404,0.01255366,0.01281542,0.01306159,0.01326549,0.0134441,0.01358678,0.0137151,0.01382069,0.01391521,0.01398812,0.01405435,0.01410482,0.01415042,0.01418108,0.01420743,0.01422063,0.014227,0.0142146,0.01419357,0.01414835,0.01407749,0.01397718,0.01384106,0.01367857,0.01348448,0.01325219,0.01296791,0.01262365,0.01224255,0.01182059,0.01134784,0.01080339,0.01021167,0.009581972,0.008893967,0.008133682
0.006888805,0.006055097,0.005199172,0.004288842,0.003326084,0.002343638,0.001319618,0.0002487522,-0.0008278423,-0.001944552,-0.003084878,-0.004226699,-0.005393766,-0.006566559,-0.007727899,-0.008901794,-0.01005527,-0.01119076,-0.01231013,-0.01339749,-0.01444318,-0.01545347,-0.01641118,-0.01731295,-0.01814909,-0.01891961,-0.01961217,-0.02022639,-0.02075136,-0.02118808,-0.02152661,-0.02176862,-0.02190464,-0.02193962,-0.02186895,-0.02169427,-0.02140612,-0.0210216,-0.02053302,-0.01993954,-0.01925465,-0.01848153,-0.01761159,-0.01667372,-0.01565555,-0.01457252,-0.01343111,-0.01224235,-0.01100906,-0.009740671,-0.008454835,-0.007155602,-0.005830768,-0.004535808,-0.003245403,-0.001948573,-0.0007035047,0.0004863532,0.00168201,0.002825971,0.003878964,0.004880829,0.005868728,0.006784336,0.007599903,0.008332836,0.009053928,0.009708368,0.01030436,0.01080457,0.01124256,0.01164135,0.01198298,0.01231141,0.01257943,0.0128091,0.01300494,0.01317583,0.0133169,0.01343282,0.01352893,0.0136112,0.01367975,0.01373596,0.01378046,0.01381306,0.01383378,0.01384116,0.01383488,0.01381089,0.01376704,0.01369994,0.01361616,0.01350291,0.01336865,0.0131901,0.01297487,0.01271213,0.01241942,0.01209175,0.01171308,0.01127307,0.01078868,0.01026876,0.009698945,0.009059988,0.008380278,0.0076654
0.006476935,0.005687618,0.004838963,0.00395447,0.003047196,0.002081681,0.001092637,8.285471e-05,-0.0009705425,-0.002038083,-0.00311651,-0.004228541,-0.00533306,-0.006447664,-0.007569547,-0.008674727,-0.009772904,-0.01086032,-0.01191342,-0.01294416,-0.01394,-0.01489189,-0.01579362,-0.01664557,-0.01743507,-0.01815981,-0.01881032,-0.01938612,-0.01987807,-0.02028582,-0.02060126,-0.02082563,-0.02095299,-0.02098436,-0.02091194,-0.02074267,-0.02047676,-0.02010984,-0.01964328,-0.01909296,-0.0184438,-0.01771046,-0.0169018,-0.01601148,-0.01505351,-0.0140371,-0.01296071,-0.01183898,-0.01067531,-0.009486983,-0.008264526,-0.007029893,-0.005802097,-0.004554962,-0.003317523,-0.002125903,-0.0009304635,0.0002504571,0.001356494,0.002419583,0.003477679,0.004476419,0.005382601,0.006235196,0.007067393,0.007852236,0.008532543,0.009150155,0.009710283,0.01024099,0.01072817,0.01114514,0.0115257,0.01182644,0.01210892,0.01235063,0.01256546,0.01274319,0.01290256,0.01303589,0.0131535,0.01324555,0.01332509,0.01338383,0.01343149,0.01345907,0.01347622,0.01347512,0.01346209,0.01342709,0.01337924,0.01330599,0.01320641,0.01307722,0.01291413,0.01272472,0.01250601,0.01225218,0.01195259,0.0115985,0.01121097,0.01078717,0.0103195,0.00978812,0.009214279,0.008606817,0.007949381,0.007227435
0.006119356,0.005332073,0.004525677,0.003672715,0.002773731,0.001857566,0.0009072932,-8.425331e-05,-0.001079214,-0.0021072,-0.003154914,-0.004201855,-0.005267978,-0.006337985,-0.007394387,-0.008459371,-0.009503908,-0.01052943,-0.01153765,-0.01251546,-0.01345301,-0.01435688,-0.01521169,-0.01601494,-0.01675764,-0.01744068,-0.0180529,-0.01859468,-0.01905606,-0.01943878,-0.01973374,-0.01994325,-0.02005852,-0.02008462,-0.02001721,-0.01985858,-0.01959955,-0.0192558,-0.0188206,-0.01829324,-0.01768479,-0.01699932,-0.0162278,-0.0153962,-0.01449346,-0.01353276,-0.01251942,-0.01146338,-0.01036641,-0.009236878,-0.008089326,-0.006928519,-0.005741813,-0.004578196,-0.003416478,-0.002245472,-0.001115041,-3.130396e-05,0.001060966,0.002113191,0.003089248,0.004021917,0.004946414,0.005812256,0.00659355,0.007303116,0.008004118,0.008649847,0.009245759,0.009758941,0.01021589,0.01063756,0.01100784,0.0113639,0.01166546,0.01192882,0.01215845,0.0123606,0.01253196,0.01267514,0.01279534,0.01289674,0.01298026,0.01304609,0.01309568,0.01312797,0.01314403,0.01314164,0.01312184,0.01308069,0.01301744,0.01292864,0.01282158,0.01268461,0.01252667,0.01232704,0.01209263,0.01181434,0.01150801,0.01116985,0.01078666,0.0103483,0.009869767,0.009359084,0.008805353,0.008190074,0.00753806,0.006855231
0.005780466,0.005031545,0.004231241,0.003398617,0.002547627,0.001646346,0.0007246734,-0.0002135126,-0.001188145,-0.002174707,-0.003167816,-0.004188916,-0.005201445,-0.006219842,-0.00724236,-0.008247862,-0.009243594,-0.01022785,-0.01117868,-0.01210693,-0.01300167,-0.01385528,-0.01466162,-0.01542196,-0.01612481,-0.01676878,-0.01734514,-0.01785423,-0.01828767,-0.01864597,-0.0189216,-0.01911647,-0.01922496,-0.01924874,-0.01918042,-0.01902668,-0.01878749,-0.01845971,-0.01804341,-0.01755368,-0.01697671,-0.01632518,-0.01560686,-0.01481653,-0.01396529,-0.01306221,-0.01210485,-0.01110644,-0.01006916,-0.009008641,-0.007915906,-0.00680979,-0.005707107,-0.004585456,-0.003467842,-0.002388017,-0.001302321,-0.0002249578,0.0007909688,0.001770649,0.002749759,0.003681431,0.004535148,0.005342996,0.006135978,0.006891083,0.007557511,0.008168483,0.008730169,0.009265793,0.009764933,0.01020142,0.01060487,0.010936,0.01124734,0.01151978,0.01176484,0.01197269,0.01215965,0.01231847,0.01245827,0.01256972,0.01266425,0.01273421,0.01278842,0.01281872,0.01283389,0.01282683,0.01280373,0.01275595,0.01269173,0.01260073,0.01248253,0.01233411,0.01215287,0.01194467,0.01170849,0.01143918,0.01112872,0.01076798,0.01037611,0.00995115,0.009487593,0.008966946,0.008407839,0.007818446,0.00718601,0.006496029
0.005478673,0.004730156,0.003965195,0.003160452,0.002315767,0.00145617,0.0005689599,-0.0003541384,-0.001278619,-0.002229882,-0.003197052,-0.004161587,-0.005139923,-0.006120286,-0.007085409,-0.008055535,-0.009005166,-0.009935154,-0.01084679,-0.01172947,-0.01257339,-0.0133852,-0.01415111,-0.01486944,-0.01553176,-0.0161397,-0.01668307,-0.01716295,-0.01757015,-0.017907,-0.01816512,-0.01834733,-0.01844543,-0.01846456,-0.01840055,-0.01825623,-0.01802276,-0.01771449,-0.0173254,-0.01685512,-0.01631251,-0.01570231,-0.01501535,-0.01427492,-0.01347108,-0.01261524,-0.01171161,-0.01076924,-0.009789001,-0.008778452,-0.007749419,-0.006707174,-0.005639107,-0.004588334,-0.003537053,-0.002474569,-0.001443283,-0.0004511223,0.0005514382,0.001523308,0.002431821,0.003303603,0.004171495,0.004991842,0.005740931,0.006427742,0.007108332,0.007742864,0.008334918,0.008855304,0.00932502,0.009762672,0.01015413,0.0105307,0.01085817,0.01114827,0.01140539,0.01163358,0.01183075,0.01199779,0.01213971,0.01225911,0.01235753,0.01243416,0.01249109,0.01252657,0.01254239,0.01253576,0.01250864,0.01245714,0.01238156,0.01227835,0.01215514,0.01200132,0.01182601,0.01161072,0.01136194,0.01107189,0.01075498,0.0104082,0.01002098,0.009583589,0.009109391,0.008605494,0.008064045,0.007467641,0.006838061,0.006181147
0.005183853,0.004468946,0.003709795,0.00292169,0.00211892,0.001273012,0.0004097875,-0.0004664124,-0.001372548,-0.00228844,-0.003207268,-0.004148915,-0.005081018,-0.006015478,-0.006951088,-0.007869537,-0.00877593,-0.00967013,-0.01053188,-0.01137097,-0.01217778,-0.01294606,-0.01366972,-0.01435072,-0.0149786,-0.01555278,-0.01606515,-0.01651672,-0.01689976,-0.01721547,-0.01745683,-0.01762626,-0.01771843,-0.01773553,-0.01767055,-0.01752991,-0.01731328,-0.01701865,-0.01664507,-0.01620671,-0.01569099,-0.01510899,-0.01446734,-0.01376195,-0.01300143,-0.01219463,-0.01133849,-0.010445,-0.00951531,-0.008563615,-0.00758145,-0.006585111,-0.005589209,-0.004574884,-0.003560178,-0.00257626,-0.001584926,-0.0005973136,0.0003403256,0.001247544,0.002157327,0.003029289,0.003835846,0.004603092,0.005359605,0.006085661,0.006736549,0.007338328,0.00789763,0.008433525,0.008938543,0.009387585,0.009806548,0.01015998,0.01049278,0.01078852,0.01105694,0.01128857,0.01149764,0.01167725,0.01183545,0.01196339,0.01207112,0.01215148,0.01221251,0.01224675,0.01226219,0.01225232,0.01222311,0.012167,0.01209148,0.01198787,0.01185626,0.0116937,0.01149903,0.0112766,0.01102696,0.01074549,0.01042642,0.01006052,0.009665227,0.009239134,0.008778605,0.00826661,0.007719629,0.007145005,0.006533117,0.005869942
0.004917718,0.004203256,0.003474644,0.002712047,0.00191513,0.001105314,0.0002734241,-0.000589322,-0.001451726,-0.002335546,-0.003231674,-0.004123706,-0.005024882,-0.005926326,-0.00681136,-0.007698277,-0.00856467,-0.009411113,-0.01023833,-0.01103795,-0.01180032,-0.01253202,-0.01322065,-0.01386526,-0.01445793,-0.01500083,-0.01548463,-0.01591096,-0.01627132,-0.0165685,-0.01679471,-0.01695319,-0.01703625,-0.01704905,-0.01698753,-0.01685497,-0.01664289,-0.01636445,-0.01601414,-0.01559204,-0.01510505,-0.0145584,-0.01394301,-0.01327972,-0.0125596,-0.01179265,-0.01098202,-0.01013611,-0.009254983,-0.008345623,-0.007417479,-0.006476183,-0.005509496,-0.004555272,-0.003598473,-0.002629374,-0.001683742,-0.0007706427,0.0001539649,0.001055237,0.001904106,0.00272188,0.003538749,0.004316973,0.005035228,0.005699326,0.006358731,0.006979402,0.007563712,0.008085672,0.008561998,0.009008829,0.009414034,0.009803735,0.01014909,0.01045821,0.01073535,0.01098276,0.01119932,0.01138455,0.01154327,0.01167672,0.01178694,0.01187232,0.01193541,0.01197392,0.0119902,0.01198099,0.01194893,0.01189014,0.01180572,0.01169205,0.01155686,0.01139047,0.01120197,0.01097488,0.01071537,0.01041669,0.010092,0.009738773,0.009348826,0.008912939,0.008443153,0.007945579,0.007414951,0.006835157,0.006225395,0.00559112
0.00465513,0.003970973,0.003248891,0.002500987,0.001741453,0.0009450822,0.0001342726,-0.0006866422,-0.001531741,-0.002384601,-0.003237506,-0.004108632,-0.004969414,-0.005829751,-0.006688591,-0.00753033,-0.008358233,-0.009173337,-0.009957048,-0.01071825,-0.01144829,-0.01214223,-0.01279403,-0.01340618,-0.01396907,-0.01448282,-0.01493988,-0.01534178,-0.01568131,-0.01596026,-0.01617202,-0.01631944,-0.01639738,-0.01640848,-0.01634606,-0.01621633,-0.0160186,-0.01575186,-0.01541436,-0.01501934,-0.01455537,-0.01403224,-0.01345541,-0.01282193,-0.0121383,-0.01141308,-0.0106428,-0.009838394,-0.009000156,-0.008141012,-0.007253033,-0.006350453,-0.005445745,-0.004523329,-0.003597182,-0.002695809,-0.001785939,-0.0008765029,-7.370353e-06,0.000836322,0.001684644,0.002502776,0.003266202,0.00399583,0.004717684,0.005414749,0.006048078,0.006637802,0.007190675,0.007722161,0.008227123,0.008681931,0.009109152,0.009476942,0.009823648,0.01013499,0.01041936,0.01066764,0.01089231,0.01108672,0.01125808,0.01139796,0.01151528,0.01160327,0.01166933,0.01170651,0.01172222,0.01171034,0.01167664,0.01161441,0.01153053,0.01141753,0.01127605,0.01110312,0.01089876,0.01066603,0.01040668,0.01011653,0.009791659,0.00942304,0.009026485,0.008600931,0.008144348,0.007641204,0.007106197,0.006545706,0.005952808,0.005314225
0.004418629,0.003735881,0.003040926,0.002316874,0.001563579,0.0007990989,1.717776e-05,-0.0007910494,-0.001597556,-0.002420979,-0.003253474,-0.004080824,-0.004913413,-0.005744723,-0.006558914,-0.007372383,-0.008165401,-0.008938497,-0.009691739,-0.01041869,-0.01110996,-0.01177195,-0.01239345,-0.01297418,-0.01350663,-0.01399338,-0.01442585,-0.01480611,-0.01512623,-0.01538936,-0.01558822,-0.01572635,-0.01579653,-0.0158039,-0.01574445,-0.01562181,-0.01542793,-0.01517481,-0.01485736,-0.01447615,-0.01403638,-0.01354357,-0.01298895,-0.01239113,-0.01174204,-0.01105061,-0.01031902,-0.009555139,-0.008758374,-0.007935284,-0.007093268,-0.006238198,-0.005358441,-0.004487169,-0.003611592,-0.00272327,-0.001852112,-0.001007799,-0.0001514932,0.0006871601,0.001482707,0.002251888,0.003022094,0.003760695,0.004448866,0.005089842,0.005726985,0.006331141,0.006903977,0.007422316,0.007899543,0.008349318,0.008761435,0.009157443,0.009513251,0.009834072,0.01012406,0.01038396,0.01061349,0.01081108,0.01098137,0.01112449,0.01124284,0.01133418,0.01140145,0.01144191,0.01145833,0.0114471,0.01141134,0.01134719,0.01125639,0.01113523,0.01099142,0.0108161,0.01061819,0.01038298,0.01011644,0.009812602,0.009483503,0.00912687,0.008736642,0.008304191,0.007840445,0.007350483,0.006831208,0.006267869,0.005677476,0.005064861
0.004186373,0.003531227,0.002843676,0.002133131,0.001413389,0.0006622671,-0.0001007039,-0.0008715323,-0.001661569,-0.002457632,-0.003251513,-0.004059636,-0.004856841,-0.005651458,-0.006442316,-0.007216352,-0.007975253,-0.008720916,-0.009436352,-0.01012964,-0.01079284,-0.01142226,-0.01201188,-0.01256456,-0.01307144,-0.01353326,-0.01394286,-0.01430227,-0.01460467,-0.01485232,-0.01503896,-0.01516776,-0.01523372,-0.01523987,-0.01517982,-0.01505958,-0.01487806,-0.01463517,-0.01432854,-0.01397043,-0.01355049,-0.01307751,-0.01255579,-0.01198347,-0.01136528,-0.01070944,-0.01001224,-0.009283712,-0.008523449,-0.007743272,-0.006935782,-0.006113552,-0.005287022,-0.004443623,-0.003594013,-0.002764047,-0.00192489,-0.001083945,-0.0002751894,0.0005123457,0.001305721,0.002074894,0.002798456,0.003492837,0.004181466,0.00484953,0.005463515,0.006038662,0.006581634,0.007104719,0.007604613,0.008059412,0.008488725,0.008864081,0.009218195,0.009538514,0.009832378,0.01009102,0.0103255,0.01052941,0.01070927,0.01085698,0.01098055,0.01107351,0.0111428,0.01118192,0.01119772,0.01118433,0.01114739,0.01108082,0.01099104,0.01087146,0.01072327,0.01054342,0.01033292,0.01009366,0.009828415,0.00953326,0.009205844,0.008837435,0.008442427,0.008019883,0.007569143,0.007076143,0.0065541,0.006008359,0.005434289,0.004819519
0.003979366,0.003326658,0.002663335,0.001974984,0.001261879,0.0005389887,-0.0001975359,-0.0009563512,-0.001712414,-0.002481696,-0.003257209,-0.004026918,-0.004798657,-0.005567836,-0.00631957,-0.007068481,-0.007797121,-0.008506148,-0.009194923,-0.009858693,-0.01048839,-0.01109017,-0.0116538,-0.01217964,-0.01266045,-0.01309921,-0.0134879,-0.01382899,-0.01411501,-0.01434938,-0.01452524,-0.01464636,-0.01470591,-0.01470903,-0.01465167,-0.01453777,-0.01435967,-0.01412839,-0.01383907,-0.0134928,-0.01309333,-0.01264638,-0.01214355,-0.01160148,-0.0110128,-0.01038566,-0.009721355,-0.009027338,-0.008302466,-0.007553033,-0.006784635,-0.006003323,-0.00519821,-0.004398324,-0.003592702,-0.002774389,-0.001968116,-0.001183822,-0.0003875328,0.0003954124,0.001143134,0.001868427,0.002595871,0.00329722,0.003956198,0.004573924,0.005188148,0.005773856,0.006332461,0.006843152,0.007316779,0.007764625,0.008178242,0.008575185,0.008935483,0.009262225,0.009559269,0.009826103,0.01006337,0.01026868,0.01044646,0.01059573,0.01071925,0.01081426,0.01088416,0.0109259,0.01094252,0.01092984,0.01089153,0.01082386,0.01072887,0.010603,0.01045358,0.01027274,0.01006887,0.009828989,0.009559058,0.00925354,0.008923371,0.008566407,0.008178547,0.007751743,0.007295948,0.006815253,0.00630834,0.005761841,0.005190909,0.004599609
0.003777913,0.003150116,0.002494687,0.001818761,0.00113549,0.0004255247,-0.0002940393,-0.001019766,-0.001760465,-0.002505745,-0.003247172,-0.00399947,-0.004740483,-0.00547735,-0.006208531,-0.006923384,-0.007622182,-0.008307454,-0.008963737,-0.009598368,-0.01020399,-0.01077797,-0.01131433,-0.01181623,-0.01227536,-0.01269303,-0.01306243,-0.01338596,-0.01365712,-0.01387854,-0.01404424,-0.01415765,-0.01421386,-0.01421625,-0.01415862,-0.01404685,-0.01387943,-0.01365713,-0.013377,-0.01305039,-0.01266798,-0.01223776,-0.01176289,-0.01124257,-0.01067998,-0.0100831,-0.009447985,-0.008783982,-0.008090067,-0.007377142,-0.006638293,-0.00588479,-0.005125127,-0.004349536,-0.003565932,-0.002797612,-0.002019697,-0.001238642,-0.0004829618,0.0002550306,0.000999428,0.001724249,0.002411233,0.00307287,0.003730054,0.004369682,0.004963402,0.005522405,0.006053287,0.006565209,0.007056481,0.007507101,0.007933935,0.008311808,0.008668386,0.008992811,0.00929127,0.00955538,0.009795287,0.01000478,0.01018972,0.0103422,0.01046951,0.01056546,0.01063676,0.01067732,0.01069347,0.0106791,0.01064009,0.01057094,0.0104774,0.01035384,0.01020164,0.01001809,0.009804428,0.009561967,0.009294365,0.008997569,0.008670431,0.008304811,0.007913896,0.007496605,0.007053407,0.006571776,0.006063576,0.005533136,0.004977761,0.004386108
0.003600433,0.002975777,0.002341763,0.001686069,0.001009486,0.0003242338,-0.0003715916,-0.0010862,-0.001797364,-0.002518757,-0.003243921,-0.00396297,-0.004681416,-0.005396273,-0.006093663,-0.00678656,-0.00745947,-0.008113236,-0.008746556,-0.009356078,-0.009933116,-0.01048353,-0.01099791,-0.01147714,-0.01191428,-0.01231253,-0.01266437,-0.01297259,-0.01323012,-0.01344055,-0.0135974,-0.01370457,-0.0137556,-0.01375559,-0.01370044,-0.0135943,-0.01342995,-0.01321747,-0.01295219,-0.01263572,-0.01227053,-0.01186245,-0.01140355,-0.0109087,-0.01037115,-0.009798455,-0.009191124,-0.008556291,-0.00789235,-0.007205435,-0.006499599,-0.005781004,-0.005039616,-0.00430077,-0.003555038,-0.002797039,-0.002046917,-0.001314618,-0.000570702,0.0001630802,0.0008683103,0.001554394,0.002243109,0.002909976,0.003541275,0.004136411,0.004727995,0.005294543,0.00583744,0.006337897,0.006804997,0.007247621,0.007659024,0.008053151,0.008413783,0.008742225,0.009042148,0.009312091,0.00955335,0.00976293,0.00994509,0.01009799,0.01022466,0.01032192,0.01039349,0.01043606,0.01045289,0.01043944,0.01039977,0.01033007,0.01023289,0.01010456,0.009952136,0.009768574,0.009561605,0.009320001,0.009049635,0.008745125,0.008416465,0.00806165,0.007678277,0.007258774,0.006812342,0.006342138,0.005848203,0.005318589,0.004766814,0.004196148
0.003429204,0.002826629,0.002200492,0.001555998,0.0009054989,0.000232291,-0.0004486146,-0.001134454,-0.001831695,-0.00253236,-0.003227982,-0.00393163,-0.004623801,-0.00531071,-0.005990338,-0.00665425,-0.007301528,-0.007935061,-0.008540871,-0.009125583,-0.009682275,-0.01020931,-0.0107007,-0.0111598,-0.01157881,-0.01195949,-0.01229527,-0.0125889,-0.01283413,-0.01303391,-0.01318243,-0.01328333,-0.01333178,-0.01333139,-0.01327623,-0.01317198,-0.01301675,-0.01281201,-0.01255448,-0.01225458,-0.01190388,-0.01150978,-0.01107439,-0.01059788,-0.01008214,-0.009534871,-0.008952067,-0.008342437,-0.007704481,-0.007048274,-0.006367434,-0.00567215,-0.004969134,-0.004251157,-0.003523936,-0.00280827,-0.002082871,-0.001353615,-0.000644028,5.084725e-05,0.0007521418,0.001437424,0.002091454,0.002723323,0.003351415,0.003964077,0.004537793,0.005080389,0.005598124,0.006097514,0.00657819,0.007021974,0.007443451,0.007820379,0.008176245,0.008501226,0.008800947,0.009067496,0.009309836,0.009521953,0.009709312,0.009864386,0.009993838,0.0100917,0.01016428,0.01020575,0.01022207,0.01020742,0.01016749,0.01009696,0.01000157,0.009875933,0.009722022,0.00953701,0.009322703,0.009079717,0.008812195,0.008516015,0.008191207,0.007830273,0.00744519,0.007034604,0.006600047,0.006130399,0.005636331,0.005121156,0.004583802,0.00401402
0.003280019,0.002680907,0.002073355,0.001446822,0.0008027233,0.0001507621,-0.0005093374,-0.001185202,-0.001857218,-0.002537069,-0.003218605,-0.003893979,-0.004566611,-0.005234824,-0.005885785,-0.006530907,-0.007156395,-0.007763319,-0.008349705,-0.008913407,-0.009446126,-0.009953392,-0.01042647,-0.01086674,-0.01126746,-0.01163203,-0.01195329,-0.01223432,-0.01246837,-0.01265917,-0.01280052,-0.01289643,-0.01294074,-0.0129385,-0.01288555,-0.0127862,-0.01263366,-0.01243712,-0.01219213,-0.01190076,-0.01156437,-0.01118883,-0.01076674,-0.01031139,-0.009816584,-0.009289442,-0.008729769,-0.008144455,-0.007531529,-0.006897033,-0.006243697,-0.005577755,-0.004890101,-0.004202764,-0.003507619,-0.002800913,-0.002098715,-0.001410768,-0.0007118916,-2.080582e-05,0.0006473761,0.001299125,0.001953443,0.002589153,0.003195031,0.003769151,0.004339364,0.004887177,0.005414042,0.005903136,0.00636219,0.006797751,0.007204733,0.007593764,0.007952075,0.008279425,0.008579477,0.008850018,0.009092758,0.009304193,0.009488523,0.009643284,0.009771735,0.00987033,0.009942961,0.009985986,0.01000295,0.009989228,0.009949082,0.009878474,0.009780564,0.009651421,0.009497919,0.009313589,0.009105689,0.008864438,0.008595535,0.008293767,0.007968359,0.007617307,0.00723966,0.006828333,0.006391912,0.005932604,0.00545157,0.004938212,0.004404629,0.003853235
0.003137415,0.002557411,0.001957283,0.001340587,0.0007188002,7.765163e-05,-0.0005696163,-0.001221004,-0.00188079,-0.002543102,-0.003199579,-0.00386168,-0.004512275,-0.00515684,-0.005792785,-0.006413702,-0.007017624,-0.007607649,-0.008171163,-0.008714152,-0.009229993,-0.009717927,-0.01017199,-0.01059561,-0.01098144,-0.01133158,-0.0116397,-0.01190881,-0.01213284,-0.01231499,-0.01244961,-0.01254049,-0.01258282,-0.01258045,-0.01252765,-0.01242993,-0.01228502,-0.01209503,-0.01185645,-0.0115788,-0.01125449,-0.01089044,-0.01048778,-0.01004763,-0.009570773,-0.009064636,-0.008525226,-0.007960725,-0.007369252,-0.006760165,-0.006127602,-0.005480895,-0.004825095,-0.004155334,-0.003475507,-0.002804043,-0.00212292,-0.001437734,-0.0007674113,-0.0001093173,0.0005547868,0.001205555,0.001830678,0.002436269,0.003038276,0.003626243,0.004181189,0.004708085,0.005212794,0.00569949,0.006168839,0.006604514,0.007019075,0.00739304,0.007746208,0.008069631,0.008368502,0.008635359,0.008878144,0.009090995,0.009279074,0.009435251,0.009565688,0.009664593,0.009737904,0.009779974,0.009796509,0.009781934,0.009741762,0.009670807,0.00957475,0.009448396,0.009294273,0.009109378,0.008896044,0.008654207,0.008388327,0.008094229,0.007772985,0.007417735,0.007039334,0.006636099,0.006210457,0.005752599,0.005272173,0.00477147,0.004250805,0.003701021
0.003014755,0.002438203,0.001853815,0.001252587,0.0006366317,1.33282e-05,-0.0006162081,-0.001258936,-0.001897665,-0.002542329,-0.003186915,-0.003825508,-0.004459628,-0.005088667,-0.005700836,-0.006306059,-0.006892025,-0.007460065,-0.008007515,-0.008533279,-0.009029428,-0.00950113,-0.009940236,-0.01034851,-0.01071943,-0.01105647,-0.01135281,-0.01161172,-0.01182673,-0.01200169,-0.01213058,-0.01221753,-0.01225661,-0.01225282,-0.01220191,-0.01210834,-0.01196571,-0.01178245,-0.0115542,-0.01128358,-0.01097092,-0.01062212,-0.01023032,-0.009807417,-0.009347699,-0.00885798,-0.008337456,-0.00779283,-0.007221846,-0.006630524,-0.00602044,-0.00539789,-0.004754738,-0.004110045,-0.003456801,-0.002792912,-0.002130799,-0.001479868,-0.0008189367,-0.0001641533,0.0004725269,0.001094992,0.001719532,0.002327883,0.002911262,0.003466675,0.004017537,0.004547923,0.005059465,0.005537206,0.005987833,0.006415674,0.006817214,0.007200046,0.007554533,0.007879198,0.008177701,0.008447192,0.008689776,0.008901533,0.009086638,0.009242083,0.009371347,0.009470566,0.009543763,0.009587033,0.009604147,0.009590439,0.009550309,0.009479552,0.009381788,0.009252904,0.009099531,0.00891568,0.008708178,0.008468479,0.008202132,0.007904083,0.007582856,0.007236333,0.006864847,0.006461812,0.006035265,0.005586466,0.005117525,0.004619122,0.004102112,0.003568018
0.002898991,0.002338473,0.001760723,0.001167854,0.0005704486,-4.35272e-05,-0.0006623445,-0.001284823,-0.001913178,-0.00254339,-0.003167303,-0.003794808,-0.004410913,-0.005020487,-0.005620304,-0.006205817,-0.006774115,-0.007328395,-0.007857292,-0.008366195,-0.008848677,-0.009304777,-0.009728505,-0.01012335,-0.0104823,-0.01080778,-0.0110936,-0.01134297,-0.01155,-0.01171806,-0.01184164,-0.01192462,-0.01196221,-0.01195843,-0.01190775,-0.01181553,-0.01167913,-0.01150124,-0.01127818,-0.01101865,-0.0107158,-0.01037623,-0.01000012,-0.009589492,-0.009144207,-0.008671437,-0.008167262,-0.007639424,-0.007085744,-0.006514954,-0.005921719,-0.005314679,-0.004697347,-0.004067068,-0.003426211,-0.002790964,-0.002146309,-0.00149778,-0.0008600479,-0.0002324845,0.000400333,0.001021772,0.001622357,0.002205562,0.002784972,0.003351119,0.00388929,0.004402007,0.004894709,0.005369464,0.005827752,0.006255095,0.006662236,0.007032308,0.007381815,0.007702562,0.007999404,0.008265293,0.008507314,0.008719736,0.008907482,0.009063798,0.009194434,0.009293754,0.009367382,0.009409839,0.009426599,0.009412277,0.009372246,0.009301429,0.009205417,0.009079169,0.008925711,0.008741839,0.008530381,0.008290595,0.008027157,0.007735857,0.007418686,0.007069382,0.006697766,0.006301786,0.005884627,0.005437697,0.004969768,0.004482102,0.003976228,0.003444054
0.002801147,0.002243805,0.001678943,0.001098899,0.0005065395,-9.292543e-05,-0.0006971661,-0.001312419,-0.001923743,-0.00253951,-0.003153721,-0.00376228,-0.004364964,-0.004962039,-0.005542739,-0.006115564,-0.006669501,-0.007206162,-0.007722173,-0.008217363,-0.008684139,-0.009127295,-0.009539154,-0.009921842,-0.01026897,-0.01058408,-0.0108606,-0.01110195,-0.01130189,-0.01146433,-0.01158344,-0.0116634,-0.01169849,-0.01169364,-0.01164452,-0.01155569,-0.01142115,-0.01124861,-0.01103382,-0.0107799,-0.01048629,-0.01015885,-0.009791366,-0.009394404,-0.008962753,-0.008503004,-0.008013815,-0.007501765,-0.006964381,-0.006407718,-0.00583234,-0.005244608,-0.004637386,-0.004027046,-0.003407553,-0.002778492,-0.002148983,-0.001528004,-0.0008981585,-0.0002733784,0.0003373979,0.0009357478,0.001535318,0.002120452,0.002684734,0.003224308,0.003758417,0.004273377,0.004771078,0.005238348,0.005681056,0.006101425,0.006497425,0.006873852,0.007223939,0.007545201,0.007841321,0.008108876,0.008350377,0.008561566,0.008746608,0.008902017,0.00903147,0.009130836,0.009204257,0.009247605,0.009264851,0.009251277,0.009211414,0.009140923,0.009043781,0.008915743,0.008763155,0.00858044,0.008374014,0.008136407,0.007873045,0.007579028,0.007262223,0.006920302,0.006554751,0.006159486,0.005742043,0.005302736,0.004844501,0.004359222,0.003856656,0.003337407
0.002710607,0.002166162,0.001606894,0.001033647,0.0004560962,-0.00013571,-0.0007313571,-0.001330511,-0.001933428,-0.002537741,-0.003135559,-0.003735238,-0.004323737,-0.004905407,-0.005476337,-0.006033694,-0.006573703,-0.007099569,-0.007601069,-0.008083036,-0.00853914,-0.00897014,-0.009370009,-0.00974224,-0.01008008,-0.01038622,-0.0106546,-0.01088858,-0.01108238,-0.01123951,-0.01135454,-0.01143147,-0.01146547,-0.0114607,-0.01141182,-0.01132407,-0.01119442,-0.01102612,-0.01081536,-0.01057009,-0.01028416,-0.009963888,-0.009608614,-0.009221231,-0.008800787,-0.008354237,-0.007877779,-0.007378799,-0.006854889,-0.006314237,-0.005752037,-0.00517638,-0.004589344,-0.00399038,-0.003380558,-0.002773943,-0.002158322,-0.001539334,-0.0009276705,-0.0003244798,0.0002829169,0.0008803079,0.001460952,0.002025952,0.002586596,0.003134242,0.003658219,0.004158903,0.004641302,0.005105569,0.005553817,0.005973411,0.00637344,0.006739534,0.007085206,0.007402931,0.007697298,0.007961645,0.008202317,0.008413707,0.008600549,0.008756453,0.008886822,0.008986167,0.009059842,0.009102514,0.009119459,0.009105446,0.00906573,0.008995324,0.008899709,0.008773967,0.008621582,0.008439127,0.008229904,0.007992477,0.007731679,0.007443281,0.007130091,0.006786408,0.006421078,0.006031662,0.005621988,0.005184599,0.004727504,0.004250944,0.003757521,0.00324018
0.002636112,0.002094354,0.00154512,0.0009819469,0.0004084897,-0.0001720836,-0.0007563568,-0.001349807,-0.001939599,-0.002532681,-0.003122971,-0.003708096,-0.0042862,-0.004858275,-0.005414547,-0.005962134,-0.006491175,-0.007003571,-0.007495214,-0.007966748,-0.008410889,-0.00883203,-0.009222893,-0.00958591,-0.009914789,-0.01021309,-0.01047444,-0.01070238,-0.01089083,-0.01104375,-0.01115545,-0.01123014,-0.01126229,-0.01125675,-0.01120909,-0.01112396,-0.01099575,-0.01083152,-0.01062708,-0.01038609,-0.01010714,-0.009796117,-0.009447381,-0.009070348,-0.008660267,-0.00822359,-0.007758503,-0.007271513,-0.00675999,-0.006230074,-0.005681437,-0.005120515,-0.004541196,-0.003957393,-0.003363946,-0.002762136,-0.002158051,-0.001560195,-0.0009547833,-0.0003538073,0.0002366871,0.000816168,0.0013957,0.001961994,0.002510942,0.00303797,0.003558362,0.004060419,0.004546346,0.005004691,0.005440671,0.005854507,0.006245581,0.006616076,0.006961894,0.007279721,0.007573278,0.00783864,0.008078709,0.008288936,0.008473501,0.008628502,0.00875782,0.008857082,0.008930526,0.008973815,0.008991119,0.008977691,0.008938177,0.008868124,0.008771781,0.008644818,0.008493259,0.008311889,0.008106734,0.007871257,0.007610785,0.007320575,0.007007887,0.006670098,0.006309734,0.005921213,0.005511602,0.005080277,0.004630906,0.004156515,0.003665866,0.003158632
0.002569451,0.002037406,0.001492529,0.0009345161,0.0003721474,-0.0002025709,-0.0007803884,-0.001361825,-0.001945254,-0.002529805,-0.003107891,-0.003686354,-0.004253953,-0.004814572,-0.005363582,-0.005899733,-0.006418459,-0.006922886,-0.007403841,-0.007865615,-0.0083019,-0.008714112,-0.009096163,-0.009451495,-0.009773577,-0.01006533,-0.01032074,-0.01054328,-0.01072726,-0.01087632,-0.01098506,-0.01105757,-0.01108896,-0.01108351,-0.01103607,-0.01095175,-0.01082715,-0.01066605,-0.01046456,-0.01022994,-0.009956671,-0.009650872,-0.009311105,-0.008941107,-0.008539239,-0.008112252,-0.007656518,-0.007179125,-0.006677496,-0.006159347,-0.00562042,-0.005068361,-0.004503914,-0.003928545,-0.003342221,-0.002756976,-0.002163264,-0.001566938,-0.0009749508,-0.0003900529,0.0001977413,0.0007764235,0.001341891,0.00189308,0.002439033,0.002971831,0.003484645,0.00397593,0.004450227,0.004905979,0.005345787,0.005758815,0.006152666,0.006515328,0.006857624,0.007172536,0.007464541,0.007727388,0.007966654,0.008176808,0.008362486,0.008517728,0.008647654,0.008746901,0.0088205,0.008863208,0.008880169,0.00886646,0.008827129,0.008757181,0.008662079,0.008536923,0.008385698,0.008204645,0.007997643,0.007762456,0.007503989,0.007218081,0.006908328,0.006569509,0.0062095,0.005825481,0.005421857,0.004992213,0.004543893,0.004076124,0.00359247,0.003086884
0.002517122,0.001987112,0.001449408,0.0008986396,0.0003392876,-0.0002274354,-0.0007971124,-0.001374432,-0.001948552,-0.002525083,-0.003097807,-0.003665969,-0.004226172,-0.00478,-0.005318657,-0.005847873,-0.006358881,-0.006853815,-0.00732782,-0.007782267,-0.008210137,-0.008615417,-0.008991158,-0.009340029,-0.009655843,-0.009942103,-0.01019261,-0.01041093,-0.01059119,-0.01073733,-0.01084377,-0.01091473,-0.01094486,-0.01093888,-0.01089232,-0.01080987,-0.01068629,-0.01052803,-0.01033099,-0.01009939,-0.009831018,-0.009531702,-0.00919652,-0.008833764,-0.008439175,-0.008019103,-0.007571344,-0.007102361,-0.006609433,-0.006098812,-0.005569404,-0.005027716,-0.004468706,-0.00390398,-0.003329226,-0.002747409,-0.002161815,-0.001580422,-0.0009929629,-0.0004096697,0.0001661733,0.0007320964,0.001296593,0.001848598,0.002386225,0.002904341,0.003414385,0.003906465,0.004383053,0.004834541,0.005265517,0.005674244,0.006061566,0.006427068,0.006769345,0.007084128,0.007375426,0.007638928,0.007877679,0.008086855,0.008270764,0.008425255,0.008554383,0.008653564,0.008726973,0.008770026,0.00878713,0.008773894,0.008734778,0.008665089,0.008569582,0.008443614,0.008293102,0.008112858,0.007908911,0.00767525,0.007417092,0.007130022,0.006820776,0.006486277,0.006129937,0.005746732,0.005343319,0.004918071,0.00447537,0.004009317,0.003527757,0.003029417
0.002473281,0.001949767,0.001415045,0.0008677441,0.0003157811,-0.0002469899,-0.0008123557,-0.001381698,-0.001951549,-0.00252242,-0.00308705,-0.003650769,-0.004204033,-0.004750276,-0.005284125,-0.005805806,-0.006309986,-0.006799671,-0.007266638,-0.007714657,-0.008137362,-0.008536778,-0.008906728,-0.00925056,-0.009561915,-0.009843889,-0.0100905,-0.01030531,-0.01048264,-0.01062626,-0.01073078,-0.01080033,-0.01082997,-0.01082408,-0.01077767,-0.01069576,-0.01057456,-0.01041838,-0.01022327,-0.009995854,-0.009731214,-0.009435331,-0.009106033,-0.008747901,-0.008358692,-0.007944983,-0.007503361,-0.007040679,-0.006554245,-0.006051361,-0.005528341,-0.004992475,-0.004443251,-0.003884109,-0.003314036,-0.002743136,-0.002164433,-0.001584084,-0.001005473,-0.0004328454,0.0001411269,0.0007064751,0.001261659,0.001803595,0.002339114,0.002860936,0.003365929,0.003850781,0.004319571,0.004769173,0.005202534,0.005610635,0.005999675,0.006359942,0.006699732,0.007012499,0.007302658,0.007564342,0.007802449,0.008011517,0.008196119,0.008350717,0.008480184,0.008579286,0.008652762,0.008695455,0.008712388,0.008698935,0.008659919,0.008590377,0.008495691,0.008371001,0.008220754,0.008040825,0.00783572,0.007602298,0.007345553,0.007061432,0.006754247,0.006419175,0.006063158,0.005683022,0.005283669,0.004859647,0.004417738,0.003956134,0.003479302,0.002982151
0.00244224,0.001919994,0.001389579,0.0008466438,0.0002965276,-0.0002614572,-0.0008219321,-0.001388788,-0.001953079,-0.00251914,-0.003080556,-0.003638133,-0.004186971,-0.00472917,-0.005256854,-0.005774401,-0.006273988,-0.006758027,-0.007220857,-0.007664531,-0.008082243,-0.008477546,-0.008843754,-0.009183766,-0.009491408,-0.009770131,-0.01001385,-0.01022617,-0.01040131,-0.0105432,-0.01064636,-0.01071501,-0.01074391,-0.01073771,-0.01069183,-0.01061103,-0.01049045,-0.01033597,-0.0101435,-0.009917866,-0.009656122,-0.009364094,-0.009037509,-0.008683666,-0.008298771,-0.007889159,-0.00745226,-0.006994561,-0.006513285,-0.006014869,-0.005497492,-0.00496779,-0.004421797,-0.003868973,-0.003305787,-0.002736942,-0.00216306,-0.001591609,-0.001015736,-0.0004440842,0.0001227695,0.0006804735,0.001235012,0.001777395,0.002307939,0.002820962,0.0033242,0.003809443,0.004279545,0.004726568,0.005154595,0.005560057,0.005945115,0.006306984,0.006646681,0.00695933,0.007249017,0.007510984,0.007748716,0.00795718,0.008140725,0.008294843,0.008423785,0.008522779,0.008596108,0.008639032,0.008656115,0.008642931,0.008604027,0.008534686,0.008439766,0.008314635,0.008164826,0.007985442,0.007782176,0.007549704,0.007293225,0.007008497,0.006701665,0.006369203,0.006015438,0.005635866,0.005236697,0.004815338,0.004376836,0.003916322,0.003440786,0.002947989
0.002420506,0.001901512,0.001372611,0.0008314181,0.0002849936,-0.0002710004,-0.000829318,-0.001392195,-0.001954343,-0.002517583,-0.003074965,-0.00363032,-0.004175708,-0.00471413,-0.005239421,-0.005753226,-0.006249417,-0.006730848,-0.007190187,-0.007630668,-0.00804582,-0.008438218,-0.008801557,-0.009139074,-0.009444509,-0.009721112,-0.009962908,-0.01017349,-0.01034718,-0.01048784,-0.01059004,-0.01065799,-0.01068667,-0.01068052,-0.01063471,-0.01055418,-0.01043478,-0.01028134,-0.01008983,-0.009866265,-0.009606372,-0.009316042,-0.008992371,-0.008640821,-0.008258589,-0.007852129,-0.007418269,-0.006963691,-0.006485631,-0.005991051,-0.005476844,-0.004950027,-0.004408889,-0.003858844,-0.003297981,-0.002734556,-0.002164112,-0.001593189,-0.001021711,-0.0004553751,0.0001105216,0.0006679267,0.001217828,0.001755179,0.002284634,0.002799469,0.003300181,0.003781798,0.004247986,0.00469402,0.005123192,0.005528311,0.005914194,0.006273435,0.006611856,0.006923467,0.007212549,0.007473571,0.007710943,0.007919329,0.008103204,0.008257365,0.008386455,0.008485392,0.008558742,0.008601492,0.008618503,0.008605218,0.008566367,0.008497109,0.008402609,0.008278129,0.008128473,0.007949267,0.007745447,0.007513111,0.007257364,0.006974134,0.006668366,0.006335653,0.005982076,0.005604057,0.005206937,0.004786224,0.004348143,0.003889863,0.003416708,0.002924533
0.002410222,0.001891657,0.001364192,0.0008244572,0.000278654,-0.0002757464,-0.0008324328,-0.001394478,-0.001954777,-0.002516414,-0.003072725,-0.00362604,-0.004169954,-0.004707033,-0.005230277,-0.005742708,-0.006237375,-0.006716933,-0.007174898,-0.007613939,-0.008027435,-0.00841847,-0.00878057,-0.009116822,-0.009421027,-0.009696554,-0.009937392,-0.01014715,-0.01032012,-0.0104602,-0.01056196,-0.01062962,-0.01065804,-0.0106518,-0.01060617,-0.01052601,-0.01040682,-0.01025393,-0.01006329,-0.009840325,-0.00958139,-0.009292338,-0.008969567,-0.008619436,-0.008238634,-0.00783353,-0.007401235,-0.006948308,-0.006471957,-0.005978857,-0.00546652,-0.004941748,-0.004401682,-0.003853732,-0.003295156,-0.002732415,-0.00216357,-0.001595603,-0.001025041,-0.0004590325,0.0001044995,0.0006593589,0.001209035,0.001746528,0.002274327,0.002786231,0.003286343,0.003768077,0.00423469,0.004679861,0.005107251,0.005511479,0.005896025,0.006255782,0.006594162,0.006905723,0.007194637,0.007455742,0.00769298,0.007901157,0.008084676,0.008238671,0.008367581,0.008466475,0.008539773,0.008582599,0.008599663,0.00858647,0.008547658,0.00847847,0.008383897,0.008259276,0.008109771,0.007930752,0.007727549,0.007495539,0.007239891,0.006956471,0.00665083,0.006318992,0.005966174,0.005588355,0.005191306,0.004771485,0.004334546,0.00387664,0.003403923,0.002913201
0.002410221,0.001891657,0.001364191,0.0008244569,0.0002786539,-0.0002757465,-0.0008324328,-0.001394478,-0.001954777,-0.002516414,-0.003072725,-0.003626039,-0.004169954,-0.004707032,-0.005230276,-0.005742707,-0.006237374,-0.006716931,-0.007174897,-0.007613938,-0.008027433,-0.008418469,-0.008780569,-0.00911682,-0.009421025,-0.009696553,-0.00993739,-0.01014715,-0.01032012,-0.0104602,-0.01056196,-0.01062961,-0.01065804,-0.01065179,-0.01060617,-0.01052601,-0.01040681,-0.01025392,-0.01006329,-0.009840323,-0.009581388,-0.009292336,-0.008969565,-0.008619434,-0.008238632,-0.007833529,-0.007401234,-0.006948307,-0.006471956,-0.005978856,-0.005466519,-0.004941747,-0.004401682,-0.003853731,-0.003295155,-0.002732415,-0.00216357,-0.001595602,-0.001025042,-0.0004590327,0.0001044994,0.0006593587,0.001209034,0.001746527,0.002274326,0.00278623,0.003286342,0.003768076,0.004234689,0.004679861,0.00510725,0.005511478,0.005896023,0.006255781,0.00659416,0.006905722,0.007194636,0.00745574,0.007692978,0.007901156,0.008084675,0.008238669,0.008367579,0.008466473,0.008539771,0.008582599,0.008599661,0.008586468,0.008547657,0.008478468,0.008383895,0.008259274,0.008109769,0.00793075,0.007727548,0.007495538,0.007239889,0.00695647,0.006650828,0.006318992,0.005966173,0.005588354,0.005191305,0.004771485,0.004334545,0.003876639,0.003403922,0.0029132
0.002420505,0.001901511,0.001372609,0.0008314173,0.000284993,-0.0002710006,-0.0008293179,-0.001392194,-0.001954342,-0.002517581,-0.003074963,-0.003630318,-0.004175706,-0.004714127,-0.005239418,-0.005753223,-0.006249413,-0.006730844,-0.007190182,-0.007630664,-0.008045815,-0.008438213,-0.008801552,-0.009139068,-0.009444503,-0.009721106,-0.009962901,-0.01017349,-0.01034718,-0.01048783,-0.01059004,-0.01065799,-0.01068666,-0.01068051,-0.01063471,-0.01055418,-0.01043478,-0.01028133,-0.01008982,-0.009866259,-0.009606366,-0.009316036,-0.008992366,-0.008640816,-0.008258584,-0.007852125,-0.007418265,-0.006963687,-0.006485628,-0.005991047,-0.005476841,-0.004950024,-0.004408887,-0.003858842,-0.003297979,-0.002734555,-0.002164111,-0.001593188,-0.001021711,-0.0004553752,0.000110521,0.0006679257,0.001217827,0.001755178,0.002284632,0.002799467,0.003300178,0.003781796,0.004247983,0.004694017,0.005123189,0.005528308,0.00591419,0.006273431,0.006611852,0.006923463,0.007212545,0.007473567,0.007710939,0.007919325,0.008103199,0.008257359,0.008386451,0.008485387,0.008558737,0.008601488,0.008618498,0.008605214,0.008566363,0.008497104,0.008402605,0.008278124,0.008128468,0.007949262,0.007745442,0.007513107,0.00725736,0.00697413,0.006668362,0.00633565,0.005982072,0.005604053,0.005206933,0.004786221,0.004348141,0.003889861,0.003416706,0.002924531
0.002442238,0.001919992,0.001389577,0.0008466422,0.0002965267,-0.0002614577,-0.000821932,-0.001388788,-0.001953078,-0.002519138,-0.003080554,-0.00363813,-0.004186968,-0.004729166,-0.005256849,-0.005774396,-0.006273983,-0.006758021,-0.007220851,-0.007664524,-0.008082235,-0.008477538,-0.008843746,-0.009183758,-0.009491399,-0.009770121,-0.01001384,-0.01022616,-0.0104013,-0.01054319,-0.01064635,-0.010715,-0.0107439,-0.0107377,-0.01069182,-0.01061102,-0.01049044,-0.01033596,-0.01014349,-0.009917857,-0.009656114,-0.009364085,-0.009037499,-0.008683658,-0.008298763,-0.007889152,-0.007452253,-0.006994555,-0.006513279,-0.006014864,-0.005497487,-0.004967785,-0.004421793,-0.00386897,-0.003305785,-0.00273694,-0.002163058,-0.001591608,-0.001015736,-0.0004440847,0.0001227686,0.0006804721,0.00123501,0.001777393,0.002307936,0.002820959,0.003324196,0.003809438,0.00427954,0.004726563,0.00515459,0.005560051,0.005945109,0.006306977,0.006646674,0.006959324,0.00724901,0.007510977,0.007748709,0.007957173,0.008140717,0.008294836,0.008423777,0.008522771,0.0085961,0.008639025,0.008656108,0.008642922,0.008604019,0.008534678,0.008439758,0.008314627,0.008164818,0.007985434,0.007782168,0.007549697,0.007293218,0.00700849,0.006701659,0.006369197,0.006015432,0.005635861,0.005236691,0.004815333,0.004376831,0.003916318,0.003440782,0.002947986
0.002473277,0.001949763,0.001415042,0.000867742,0.0003157797,-0.0002469904,-0.0008123555,-0.001381697,-0.001951547,-0.002522417,-0.003087047,-0.003650765,-0.004204029,-0.00475027,-0.005284119,-0.005805799,-0.006309978,-0.006799662,-0.007266629,-0.007714647,-0.008137352,-0.008536767,-0.008906716,-0.009250548,-0.009561903,-0.009843876,-0.01009049,-0.0103053,-0.01048263,-0.01062625,-0.01073076,-0.01080031,-0.01082996,-0.01082407,-0.01077766,-0.01069574,-0.01057455,-0.01041837,-0.01022326,-0.009995841,-0.009731201,-0.009435319,-0.00910602,-0.00874789,-0.008358681,-0.007944973,-0.007503352,-0.00704067,-0.006554237,-0.006051354,-0.005528335,-0.004992469,-0.004443246,-0.003884105,-0.003314032,-0.002743134,-0.002164432,-0.001584083,-0.001005472,-0.0004328459,0.0001411254,0.0007064729,0.001261656,0.001803591,0.00233911,0.002860931,0.003365924,0.003850776,0.004319564,0.004769166,0.005202526,0.005610627,0.005999667,0.006359933,0.006699723,0.007012489,0.007302648,0.007564332,0.007802438,0.008011507,0.008196108,0.008350707,0.008480173,0.008579275,0.00865275,0.008695444,0.008712376,0.008698924,0.008659908,0.008590366,0.00849568,0.00837099,0.008220743,0.008040815,0.007835709,0.007602287,0.007345544,0.007061422,0.006754238,0.006419166,0.006063149,0.005683014,0.005283661,0.00485964,0.004417732,0.003956128,0.003479297,0.002982147
0.002517116,0.001987107,0.001449405,0.0008986368,0.0003392858,-0.0002274362,-0.0007971122,-0.00137443,-0.00194855,-0.00252508,-0.003097803,-0.003665964,-0.004226165,-0.004779993,-0.005318649,-0.005847864,-0.006358871,-0.006853804,-0.007327808,-0.007782254,-0.008210124,-0.008615403,-0.008991143,-0.009340013,-0.009655827,-0.009942086,-0.01019259,-0.01041091,-0.01059117,-0.01073731,-0.01084375,-0.01091472,-0.01094484,-0.01093886,-0.0108923,-0.01080985,-0.01068627,-0.01052801,-0.01033097,-0.01009937,-0.009831002,-0.009531686,-0.009196504,-0.008833749,-0.008439161,-0.00801909,-0.007571332,-0.007102349,-0.006609423,-0.006098803,-0.005569395,-0.005027708,-0.004468699,-0.003903975,-0.003329221,-0.002747406,-0.002161813,-0.001580421,-0.0009929627,-0.0004096706,0.0001661716,0.0007320938,0.001296589,0.001848593,0.00238622,0.002904335,0.003414378,0.003906457,0.004383044,0.004834532,0.005265507,0.005674234,0.006061555,0.006427057,0.006769333,0.007084116,0.007375413,0.007638915,0.007877665,0.008086842,0.00827075,0.00842524,0.008554369,0.008653549,0.008726958,0.008770012,0.008787115,0.008773879,0.008734764,0.008665075,0.008569568,0.0084436,0.008293089,0.008112844,0.007908897,0.007675237,0.007417079,0.00713001,0.006820765,0.006486266,0.006129926,0.005746721,0.00534331,0.004918062,0.004475361,0.004009309,0.00352775,0.003029411
0.002569445,0.0020374,0.001492524,0.0009345128,0.0003721452,-0.0002025719,-0.0007803882,-0.001361824,-0.001945252,-0.002529802,-0.003107886,-0.003686348,-0.004253945,-0.004814563,-0.005363572,-0.005899722,-0.006418446,-0.006922872,-0.007403826,-0.007865599,-0.008301883,-0.008714094,-0.009096145,-0.009451476,-0.009773556,-0.01006531,-0.01032071,-0.01054326,-0.01072724,-0.0108763,-0.01098504,-0.01105755,-0.01108894,-0.01108349,-0.01103605,-0.01095173,-0.01082713,-0.01066603,-0.01046454,-0.01022992,-0.00995665,-0.009650853,-0.009311086,-0.00894109,-0.008539222,-0.008112236,-0.007656503,-0.007179111,-0.006677484,-0.006159335,-0.005620409,-0.005068352,-0.004503906,-0.003928538,-0.003342215,-0.002756972,-0.002163261,-0.001566937,-0.0009749506,-0.0003900538,0.000197739,0.00077642,0.001341886,0.001893074,0.002439026,0.002971823,0.003484636,0.003975921,0.004450216,0.004905968,0.005345775,0.005758802,0.006152652,0.006515314,0.006857609,0.007172521,0.007464525,0.007727372,0.007966639,0.008176791,0.008362469,0.008517711,0.008647637,0.008746883,0.008820483,0.00886319,0.008880151,0.008866442,0.008827112,0.008757163,0.008662062,0.008536906,0.008385682,0.008204628,0.007997626,0.00776244,0.007503974,0.007218066,0.006908313,0.006569496,0.006209487,0.005825469,0.005421845,0.004992202,0.004543882,0.004076114,0.003592462,0.003086876
0.002636104,0.002094347,0.001545115,0.000981943,0.0004084871,-0.0001720849,-0.0007563567,-0.001349806,-0.001939596,-0.002532677,-0.003122965,-0.003708089,-0.004286191,-0.004858265,-0.005414535,-0.00596212,-0.006491161,-0.007003555,-0.007495197,-0.00796673,-0.008410869,-0.00883201,-0.009222872,-0.009585886,-0.009914765,-0.01021306,-0.01047442,-0.01070235,-0.01089081,-0.01104373,-0.01115543,-0.01123011,-0.01126226,-0.01125672,-0.01120907,-0.01112394,-0.01099572,-0.0108315,-0.01062705,-0.01038606,-0.01010712,-0.009796093,-0.009447359,-0.009070327,-0.008660248,-0.008223572,-0.007758486,-0.007271497,-0.006759975,-0.006230061,-0.005681425,-0.005120504,-0.004541187,-0.003957386,-0.00336394,-0.002762132,-0.002158048,-0.001560194,-0.0009547832,-0.0003538087,0.0002366845,0.0008161641,0.001395695,0.001961987,0.002510934,0.003037961,0.003558352,0.004060408,0.004546333,0.005004677,0.005440657,0.005854493,0.006245565,0.00661606,0.006961877,0.007279703,0.007573259,0.007838621,0.00807869,0.008288915,0.00847348,0.008628482,0.0087578,0.00885706,0.008930504,0.008973795,0.008991099,0.00897767,0.008938156,0.008868103,0.00877176,0.008644798,0.008493238,0.008311869,0.008106714,0.007871238,0.007610767,0.007320558,0.00700787,0.006670081,0.006309718,0.005921199,0.005511588,0.005080264,0.004630894,0.004156503,0.003665856,0.003158623
0.002710598,0.002166155,0.001606888,0.001033642,0.000456093,-0.0001357115,-0.000731357,-0.00133051,-0.001933425,-0.002537736,-0.003135552,-0.003735229,-0.004323727,-0.004905396,-0.005476324,-0.006033679,-0.006573685,-0.00709955,-0.007601049,-0.008083015,-0.008539117,-0.008970115,-0.009369984,-0.009742214,-0.01008005,-0.0103862,-0.01065458,-0.01088856,-0.01108234,-0.01123948,-0.01135451,-0.01143144,-0.01146544,-0.01146066,-0.01141179,-0.01132404,-0.01119439,-0.01102609,-0.01081533,-0.01057006,-0.01028413,-0.009963861,-0.009608588,-0.009221206,-0.008800764,-0.008354215,-0.007877759,-0.007378781,-0.006854871,-0.006314221,-0.005752023,-0.005176368,-0.004589334,-0.003990371,-0.003380551,-0.002773937,-0.002158319,-0.001539333,-0.0009276703,-0.0003244812,0.0002829136,0.0008803031,0.001460945,0.002025944,0.002586587,0.003134232,0.003658207,0.00415889,0.004641287,0.005105553,0.005553801,0.005973393,0.006373422,0.006739515,0.007085186,0.00740291,0.007697276,0.007961622,0.008202295,0.008413684,0.008600526,0.008756429,0.008886798,0.008986142,0.009059818,0.00910249,0.009119435,0.009105422,0.009065706,0.0089953,0.008899685,0.008773943,0.008621559,0.008439104,0.008229882,0.007992455,0.007731658,0.00744326,0.007130072,0.006786389,0.006421059,0.006031645,0.005621972,0.005184584,0.004727489,0.004250931,0.003757509,0.003240169
0.002801137,0.002243796,0.001678936,0.001098894,0.0005065359,-9.292729e-05,-0.0006971661,-0.001312417,-0.001923739,-0.002539504,-0.003153713,-0.003762271,-0.004364952,-0.004962026,-0.005542724,-0.006115547,-0.006669482,-0.007206141,-0.007722151,-0.008217338,-0.008684113,-0.009127268,-0.009539125,-0.009921812,-0.01026894,-0.01058404,-0.01086056,-0.01110191,-0.01130186,-0.0114643,-0.01158341,-0.01166336,-0.01169845,-0.0116936,-0.01164449,-0.01155565,-0.01142111,-0.01124858,-0.01103379,-0.01077987,-0.01048625,-0.01015882,-0.009791337,-0.009394376,-0.008962727,-0.00850298,-0.008013791,-0.007501743,-0.006964361,-0.0064077,-0.005832324,-0.005244594,-0.004637374,-0.004027036,-0.003407545,-0.002778487,-0.002148979,-0.001528002,-0.0008981585,-0.0002733804,0.0003373943,0.0009357423,0.00153531,0.002120442,0.002684723,0.003224296,0.003758403,0.004273362,0.004771062,0.00523833,0.005681037,0.006101405,0.006497404,0.00687383,0.007223916,0.007545177,0.007841296,0.008108851,0.008350352,0.008561539,0.008746582,0.00890199,0.009031443,0.009130809,0.00920423,0.009247577,0.009264823,0.00925125,0.009211387,0.009140895,0.009043754,0.008915716,0.008763128,0.008580414,0.008373989,0.008136382,0.007873021,0.007579004,0.007262201,0.00692028,0.00655473,0.006159467,0.005742024,0.005302718,0.004844485,0.004359208,0.003856643,0.003337395
0.002898979,0.002338463,0.001760715,0.001167848,0.0005704444,-4.352934e-05,-0.0006623446,-0.001284821,-0.001913174,-0.002543384,-0.003167295,-0.003794797,-0.0044109,-0.005020472,-0.005620287,-0.006205798,-0.006774093,-0.007328372,-0.007857266,-0.008366168,-0.008848649,-0.009304746,-0.009728474,-0.01012332,-0.01048226,-0.01080774,-0.01109356,-0.01134293,-0.01154996,-0.01171802,-0.0118416,-0.01192458,-0.01196217,-0.01195839,-0.01190771,-0.01181549,-0.01167909,-0.0115012,-0.01127814,-0.01101861,-0.01071577,-0.01037619,-0.01000008,-0.009589461,-0.009144177,-0.008671409,-0.008167236,-0.0076394,-0.007085722,-0.006514935,-0.005921701,-0.005314664,-0.004697333,-0.004067056,-0.003426202,-0.002790957,-0.002146304,-0.001497778,-0.000860048,-0.0002324867,0.0004003286,0.001021766,0.001622348,0.002205552,0.00278496,0.003351105,0.003889275,0.00440199,0.004894691,0.005369445,0.005827731,0.006255073,0.006662212,0.007032284,0.007381789,0.007702535,0.007999377,0.008265265,0.008507285,0.008719706,0.008907452,0.009063768,0.009194403,0.009293723,0.009367351,0.009409809,0.009426569,0.009412246,0.009372217,0.009301398,0.009205386,0.009079139,0.008925681,0.00874181,0.008530353,0.008290567,0.00802713,0.007735831,0.00741866,0.007069358,0.006697742,0.006301764,0.005884606,0.005437678,0.00496975,0.004482085,0.003976212,0.003444041
0.003014742,0.002438192,0.001853806,0.00125258,0.000636627,1.332564e-05,-0.0006162084,-0.001258934,-0.001897661,-0.002542322,-0.003186906,-0.003825496,-0.004459614,-0.005088651,-0.005700817,-0.006306038,-0.006892002,-0.007460039,-0.008007486,-0.008533249,-0.009029396,-0.009501097,-0.0099402,-0.01034847,-0.01071939,-0.01105643,-0.01135277,-0.01161168,-0.01182669,-0.01200164,-0.01213054,-0.01221748,-0.01225656,-0.01225277,-0.01220187,-0.01210829,-0.01196567,-0.0117824,-0.01155416,-0.01128354,-0.01097088,-0.01062208,-0.01023029,-0.009807382,-0.009347666,-0.00885795,-0.008337427,-0.007792803,-0.007221822,-0.006630502,-0.00602042,-0.005397873,-0.004754724,-0.004110033,-0.003456792,-0.002792905,-0.002130795,-0.001479866,-0.000818937,-0.000164156,0.000472522,0.001094985,0.001719522,0.002327872,0.002911249,0.00346666,0.00401752,0.004547904,0.005059444,0.005537183,0.005987809,0.00641565,0.006817188,0.007200019,0.007554505,0.007879169,0.008177672,0.008447161,0.008689744,0.008901501,0.009086605,0.009242049,0.009371313,0.009470532,0.009543729,0.009586998,0.009604113,0.009590405,0.009550274,0.009479517,0.009381754,0.00925287,0.009099498,0.008915649,0.008708146,0.008468448,0.008202102,0.007904055,0.007582828,0.007236306,0.006864821,0.006461787,0.006035242,0.005586444,0.005117505,0.004619103,0.004102095,0.003568003
0.003137401,0.002557398,0.001957273,0.001340579,0.0007187948,7.764871e-05,-0.0005696167,-0.001221002,-0.001880786,-0.002543094,-0.003199568,-0.003861667,-0.004512259,-0.005156822,-0.005792764,-0.006413679,-0.007017598,-0.00760762,-0.008171133,-0.008714118,-0.009229957,-0.00971789,-0.01017195,-0.01059557,-0.01098139,-0.01133154,-0.01163966,-0.01190876,-0.01213279,-0.01231494,-0.01244956,-0.01254044,-0.01258277,-0.0125804,-0.0125276,-0.01242988,-0.01228497,-0.01209498,-0.0118564,-0.01157876,-0.01125445,-0.0108904,-0.01048774,-0.01004759,-0.009570736,-0.009064602,-0.008525195,-0.007960696,-0.007369226,-0.00676014,-0.006127581,-0.005480876,-0.004825079,-0.004155321,-0.003475497,-0.002804036,-0.002122916,-0.001437732,-0.0007674117,-0.0001093203,0.000554781,0.001205546,0.001830667,0.002436257,0.003038261,0.003626226,0.00418117,0.004708064,0.005212772,0.005699466,0.006168813,0.006604486,0.007019046,0.00739301,0.007746177,0.008069599,0.00836847,0.008635325,0.00887811,0.00909096,0.009279039,0.009435215,0.00956565,0.009664556,0.009737867,0.009779937,0.009796471,0.009781897,0.009741724,0.009670771,0.009574713,0.00944836,0.009294238,0.009109342,0.008896009,0.008654173,0.008388293,0.008094196,0.007772955,0.007417705,0.007039306,0.006636072,0.006210431,0.005752575,0.005272151,0.004771449,0.004250787,0.003701004
0.003280003,0.002680893,0.002073344,0.001446813,0.0008027172,0.0001507586,-0.0005093381,-0.001185199,-0.001857213,-0.002537061,-0.003218594,-0.003893965,-0.004566594,-0.005234804,-0.005885763,-0.006530881,-0.007156366,-0.007763288,-0.008349671,-0.008913371,-0.009446088,-0.009953351,-0.01042643,-0.01086669,-0.01126742,-0.01163198,-0.01195324,-0.01223427,-0.01246831,-0.01265912,-0.01280046,-0.01289638,-0.01294069,-0.01293845,-0.01288549,-0.01278614,-0.0126336,-0.01243707,-0.01219208,-0.01190071,-0.01156432,-0.01118878,-0.01076669,-0.01031135,-0.009816544,-0.009289404,-0.008729734,-0.008144422,-0.007531499,-0.006897007,-0.006243674,-0.005577735,-0.004890084,-0.00420275,-0.003507608,-0.002800905,-0.00209871,-0.001410766,-0.0007118924,-2.080953e-05,0.0006473698,0.001299116,0.001953432,0.002589139,0.003195015,0.003769132,0.004339343,0.004887153,0.005414017,0.005903109,0.006362162,0.006797722,0.007204702,0.00759373,0.00795204,0.008279391,0.00857944,0.008849981,0.009092721,0.009304155,0.009488484,0.009643244,0.009771695,0.00987029,0.00994292,0.009985945,0.01000291,0.009989187,0.009949041,0.009878434,0.009780525,0.009651382,0.00949788,0.009313551,0.009105652,0.008864401,0.008595499,0.008293732,0.007968325,0.007617275,0.007239629,0.006828303,0.006391884,0.005932578,0.005451546,0.004938189,0.004404609,0.003853217
0.003429187,0.002826614,0.002200479,0.001555989,0.0009054919,0.000232287,-0.0004486156,-0.001134452,-0.00183169,-0.002532352,-0.00322797,-0.003931615,-0.004623783,-0.005310689,-0.005990313,-0.006654223,-0.007301498,-0.007935028,-0.008540833,-0.009125544,-0.009682233,-0.01020926,-0.01070066,-0.01115975,-0.01157876,-0.01195943,-0.01229521,-0.01258885,-0.01283408,-0.01303385,-0.01318237,-0.01328327,-0.01333172,-0.01333133,-0.01327617,-0.01317192,-0.0130167,-0.01281195,-0.01255443,-0.01225452,-0.01190383,-0.01150973,-0.01107434,-0.01059783,-0.0100821,-0.009534831,-0.00895203,-0.008342402,-0.007704449,-0.007048246,-0.006367409,-0.005672128,-0.004969116,-0.004251142,-0.003523924,-0.002808261,-0.002082865,-0.001353613,-0.0006440291,5.084316e-05,0.0007521345,0.001437414,0.002091442,0.002723308,0.003351396,0.003964056,0.004537771,0.005080364,0.005598097,0.006097485,0.006578159,0.007021941,0.007443417,0.007820344,0.008176208,0.008501188,0.008800909,0.009067456,0.009309795,0.009521911,0.00970927,0.009864343,0.009993794,0.01009166,0.01016424,0.0102057,0.01022202,0.01020738,0.01016745,0.01009692,0.01000153,0.00987589,0.00972198,0.009536969,0.009322662,0.009079677,0.008812156,0.008515977,0.00819117,0.007830238,0.007445156,0.007034571,0.006600017,0.00613037,0.005636304,0.005121131,0.00458378,0.004014
0.003600414,0.00297576,0.002341749,0.001686058,0.001009478,0.0003242291,-0.000371593,-0.001086198,-0.001797359,-0.002518748,-0.003243909,-0.003962955,-0.004681397,-0.005396251,-0.006093637,-0.00678653,-0.007459437,-0.0081132,-0.008746517,-0.009356036,-0.00993307,-0.01048348,-0.01099786,-0.01147709,-0.01191422,-0.01231247,-0.01266431,-0.01297253,-0.01323005,-0.01344049,-0.01359734,-0.01370451,-0.01375554,-0.01375553,-0.01370038,-0.01359423,-0.01342989,-0.01321741,-0.01295213,-0.01263566,-0.01227047,-0.0118624,-0.0114035,-0.01090865,-0.0103711,-0.009798411,-0.009191083,-0.008556252,-0.007892315,-0.007205404,-0.006499572,-0.00578098,-0.005039596,-0.004300754,-0.003555026,-0.00279703,-0.002046912,-0.001314616,-0.0005707036,0.0001630753,0.0008683023,0.001554383,0.002243094,0.002909959,0.003541255,0.004136389,0.00472797,0.005294515,0.00583741,0.006337866,0.006804963,0.007247586,0.007658987,0.008053113,0.008413744,0.008742184,0.009042107,0.009312049,0.009553306,0.009762885,0.009945044,0.01009795,0.01022462,0.01032187,0.01039345,0.01043601,0.01045284,0.01043939,0.01039972,0.01033002,0.01023285,0.01010451,0.009952091,0.00976853,0.009561561,0.009319957,0.009049593,0.008745084,0.008416426,0.008061611,0.007678241,0.007258739,0.006812308,0.006342106,0.005848174,0.005318562,0.00476679,0.004196126
0.003777891,0.003150098,0.002494672,0.001818749,0.001135481,0.0004255194,-0.0002940411,-0.001019765,-0.001760459,-0.002505736,-0.003247159,-0.003999453,-0.004740462,-0.005477326,-0.006208503,-0.006923353,-0.007622147,-0.008307415,-0.008963695,-0.009598322,-0.01020394,-0.01077792,-0.01131428,-0.01181617,-0.0122753,-0.01269297,-0.01306236,-0.0133859,-0.01365705,-0.01387848,-0.01404417,-0.01415758,-0.01421379,-0.01421618,-0.01415855,-0.01404678,-0.01387937,-0.01365706,-0.01337694,-0.01305033,-0.01266791,-0.0122377,-0.01176283,-0.01124252,-0.01067993,-0.01008305,-0.009447942,-0.008783942,-0.00809003,-0.007377109,-0.006638264,-0.005884766,-0.005125106,-0.004349519,-0.003565919,-0.002797602,-0.002019692,-0.001238641,-0.0004829638,0.0002550251,0.0009994188,0.001724236,0.002411217,0.003072851,0.003730032,0.004369657,0.004963375,0.005522375,0.006053255,0.006565175,0.007056444,0.007507063,0.007933895,0.008311767,0.008668344,0.008992767,0.009291225,0.009555333,0.00979524,0.01000473,0.01018967,0.01034215,0.01046946,0.01056541,0.01063671,0.01067727,0.01069342,0.01067905,0.01064004,0.01057089,0.01047735,0.01035379,0.01020159,0.01001804,0.009804381,0.009561921,0.009294319,0.008997525,0.008670389,0.00830477,0.007913856,0.007496567,0.007053371,0.006571742,0.006063545,0.005533107,0.004977735,0.004386085
0.003979343,0.003326638,0.002663318,0.001974971,0.00126187,0.0005389826,-0.0001975382,-0.0009563496,-0.001712409,-0.002481686,-0.003257195,-0.0040269,-0.004798635,-0.00556781,-0.00631954,-0.007068447,-0.007797083,-0.008506106,-0.009194878,-0.009858644,-0.01048833,-0.01109011,-0.01165374,-0.01217957,-0.01266039,-0.01309914,-0.01348783,-0.01382892,-0.01411493,-0.0143493,-0.01452516,-0.01464628,-0.01470583,-0.01470895,-0.01465159,-0.01453769,-0.0143596,-0.01412832,-0.013839,-0.01349273,-0.01309327,-0.01264632,-0.01214349,-0.01160142,-0.01101274,-0.01038561,-0.009721307,-0.009027294,-0.008302427,-0.007552997,-0.006784604,-0.006003296,-0.005198187,-0.004398305,-0.003592688,-0.002774379,-0.00196811,-0.001183821,-0.0003875354,0.0003954058,0.001143123,0.001868414,0.002595854,0.003297199,0.003956174,0.004573898,0.005188118,0.005773824,0.006332427,0.006843115,0.007316741,0.007764584,0.0081782,0.008575141,0.008935438,0.009262178,0.009559221,0.009826055,0.01006332,0.01026863,0.01044641,0.01059568,0.0107192,0.01081421,0.0108841,0.01092584,0.01094247,0.01092979,0.01089148,0.01082381,0.01072882,0.01060294,0.01045353,0.01027269,0.01006882,0.00982894,0.00955901,0.009253493,0.008923326,0.008566363,0.008178504,0.007751703,0.00729591,0.006815217,0.006308306,0.00576181,0.005190881,0.004599584
0.004186349,0.003531205,0.002843658,0.002133117,0.001413378,0.0006622603,-0.0001007068,-0.0008715311,-0.001661564,-0.002457623,-0.003251499,-0.004059617,-0.004856818,-0.005651431,-0.006442285,-0.007216316,-0.007975213,-0.008720872,-0.009436305,-0.01012958,-0.01079279,-0.0114222,-0.01201181,-0.01256449,-0.01307137,-0.01353318,-0.01394279,-0.01430219,-0.01460459,-0.01485224,-0.01503888,-0.01516768,-0.01523364,-0.01523979,-0.01517974,-0.0150595,-0.01487798,-0.0146351,-0.01432846,-0.01397035,-0.01355042,-0.01307744,-0.01255573,-0.01198341,-0.01136522,-0.01070939,-0.01001219,-0.009283666,-0.008523408,-0.007743234,-0.006935749,-0.006113524,-0.005286999,-0.004443604,-0.003593998,-0.002764037,-0.001924884,-0.001083944,-0.0002751925,0.0005123384,0.001305709,0.002074878,0.002798437,0.003492815,0.00418144,0.004849501,0.005463484,0.006038627,0.006581597,0.007104679,0.007604571,0.008059368,0.00848868,0.008864035,0.009218146,0.009538464,0.009832326,0.01009096,0.01032545,0.01052935,0.01070921,0.01085692,0.01098049,0.01107346,0.01114275,0.01118186,0.01119766,0.01118427,0.01114733,0.01108077,0.01099098,0.0108714,0.01072321,0.01054337,0.01033287,0.01009361,0.009828364,0.009533211,0.009205795,0.008837389,0.008442381,0.00801984,0.007569102,0.007076104,0.006554064,0.006008325,0.005434257,0.004819491
0.004418602,0.003735858,0.003040906,0.002316858,0.001563567,0.000799091,1.717413e-05,-0.0007910486,-0.001597551,-0.00242097,-0.00325346,-0.004080805,-0.004913389,-0.005744695,-0.006558881,-0.007372345,-0.008165359,-0.00893845,-0.009691687,-0.01041863,-0.0111099,-0.01177189,-0.01239338,-0.01297411,-0.01350655,-0.01399331,-0.01442577,-0.01480602,-0.01512614,-0.01538928,-0.01558814,-0.01572627,-0.01579644,-0.01580381,-0.01574437,-0.01562173,-0.01542785,-0.01517473,-0.01485728,-0.01447607,-0.0140363,-0.01354349,-0.01298888,-0.01239107,-0.01174198,-0.01105055,-0.01031897,-0.009555089,-0.008758329,-0.007935245,-0.007093233,-0.006238168,-0.005358417,-0.004487148,-0.003611577,-0.00272326,-0.001852107,-0.001007799,-0.0001514973,0.0006871515,0.001482695,0.002251871,0.003022073,0.003760671,0.004448838,0.005089811,0.00572695,0.006331103,0.006903937,0.007422274,0.007899499,0.008349271,0.008761386,0.009157393,0.009513199,0.009834019,0.010124,0.0103839,0.01061343,0.01081102,0.01098132,0.01112443,0.01124278,0.01133412,0.01140139,0.01144185,0.01145827,0.01144704,0.01141128,0.01134713,0.01125633,0.01113517,0.01099136,0.01081604,0.01061813,0.01038293,0.01011639,0.009812548,0.009483451,0.00912682,0.008736594,0.008304145,0.007840401,0.007350441,0.006831168,0.006267833,0.005677443,0.005064831
0.004655101,0.003970948,0.00324887,0.002500969,0.00174144,0.0009450733,0.0001342682,-0.000686642,-0.001531736,-0.002384591,-0.003237492,-0.004108612,-0.004969389,-0.005829721,-0.006688556,-0.00753029,-0.008358188,-0.009173287,-0.009956993,-0.01071819,-0.01144823,-0.01214216,-0.01279396,-0.0134061,-0.01396899,-0.01448274,-0.01493979,-0.01534169,-0.01568122,-0.01596017,-0.01617193,-0.01631935,-0.01639728,-0.01640838,-0.01634597,-0.01621624,-0.01601851,-0.01575177,-0.01541428,-0.01501926,-0.01455529,-0.01403216,-0.01345534,-0.01282186,-0.01213824,-0.01141302,-0.01064274,-0.009838342,-0.009000109,-0.00814097,-0.007252996,-0.006350421,-0.005445719,-0.004523308,-0.003597166,-0.002695798,-0.001785934,-0.000876503,-7.375152e-06,0.0008363125,0.00168463,0.002502757,0.00326618,0.003995803,0.004717654,0.005414716,0.00604804,0.006637763,0.007190633,0.007722116,0.008227075,0.008681881,0.0091091,0.009476889,0.009823593,0.01013493,0.0104193,0.01066758,0.01089225,0.01108666,0.01125802,0.0113979,0.01151522,0.0116032,0.01166927,0.01170645,0.01172216,0.01171027,0.01167658,0.01161434,0.01153047,0.01141747,0.01127599,0.01110306,0.0108987,0.01066597,0.01040662,0.01011647,0.009791604,0.009422987,0.009026433,0.008600881,0.0081443,0.007641159,0.007106155,0.006545667,0.005952771,0.005314192
0.004917687,0.004203228,0.00347462,0.002712028,0.001915116,0.001105304,0.0002734188,-0.0005893223,-0.001451721,-0.002335536,-0.003231659,-0.004123685,-0.005024857,-0.005926295,-0.006811324,-0.007698235,-0.008564622,-0.009411061,-0.01023827,-0.01103789,-0.01180025,-0.01253195,-0.01322057,-0.01386518,-0.01445785,-0.01500074,-0.01548454,-0.01591087,-0.01627123,-0.01656841,-0.01679461,-0.01695309,-0.01703615,-0.01704895,-0.01698743,-0.01685487,-0.0166428,-0.01636436,-0.01601405,-0.01559195,-0.01510497,-0.01455831,-0.01394293,-0.01327965,-0.01255953,-0.01179258,-0.01098196,-0.01013605,-0.009254933,-0.008345578,-0.00741744,-0.00647615,-0.005509468,-0.004555251,-0.003598457,-0.002629364,-0.001683738,-0.0007706433,0.0001539589,0.001055226,0.00190409,0.00272186,0.003538724,0.004316944,0.005035195,0.005699289,0.006358691,0.006979359,0.007563666,0.008085624,0.008561947,0.009008777,0.009413979,0.009803678,0.01014903,0.01045815,0.01073528,0.0109827,0.01119926,0.01138449,0.0115432,0.01167665,0.01178688,0.01187226,0.01193535,0.01197386,0.01199013,0.01198093,0.01194886,0.01189007,0.01180566,0.01169198,0.01155679,0.01139041,0.01120191,0.01097482,0.01071531,0.01041663,0.01009194,0.009738716,0.009348772,0.008912886,0.008443103,0.007945531,0.007414907,0.006835115,0.006225357,0.005591084
0.005183819,0.004468916,0.00370977,0.00292167,0.002118904,0.001273001,0.0004097813,-0.0004664134,-0.001372543,-0.00228843,-0.003207253,-0.004148894,-0.005080991,-0.006015445,-0.006951049,-0.007869493,-0.00877588,-0.009670074,-0.01053181,-0.0113709,-0.01217771,-0.01294598,-0.01366963,-0.01435063,-0.01497851,-0.01555268,-0.01606506,-0.01651663,-0.01689966,-0.01721537,-0.01745672,-0.01762616,-0.01771832,-0.01773542,-0.01767044,-0.01752981,-0.01731318,-0.01701855,-0.01664497,-0.01620661,-0.0156909,-0.0151089,-0.01446726,-0.01376187,-0.01300136,-0.01219456,-0.01133842,-0.01044494,-0.009515257,-0.008563568,-0.00758141,-0.006585076,-0.00558918,-0.004574862,-0.003560163,-0.00257625,-0.001584921,-0.0005973154,0.0003403186,0.001247532,0.00215731,0.003029266,0.003835819,0.00460306,0.00535957,0.006085622,0.006736506,0.007338282,0.007897582,0.008433474,0.008938489,0.009387529,0.00980649,0.01015992,0.01049272,0.01078846,0.01105688,0.0112885,0.01149758,0.01167718,0.01183538,0.01196332,0.01207105,0.01215141,0.01221244,0.01224668,0.01226212,0.01225225,0.01222304,0.01216693,0.01209142,0.0119878,0.01185619,0.01169364,0.01149896,0.01127654,0.0110269,0.01074543,0.01042635,0.01006046,0.009665169,0.009239078,0.008778551,0.00826656,0.007719581,0.00714496,0.006533076,0.005869905
0.005478637,0.004730124,0.003965167,0.003160429,0.00231575,0.001456158,0.0005689528,-0.0003541399,-0.001278614,-0.002229872,-0.003197036,-0.004161564,-0.005139894,-0.006120252,-0.007085369,-0.008055489,-0.009005114,-0.009935095,-0.01084672,-0.0117294,-0.01257332,-0.01338511,-0.01415102,-0.01486935,-0.01553167,-0.0161396,-0.01668297,-0.01716284,-0.01757004,-0.01790689,-0.01816501,-0.01834722,-0.01844532,-0.01846445,-0.01840044,-0.01825612,-0.01802265,-0.01771438,-0.0173253,-0.01685502,-0.01631241,-0.01570222,-0.01501526,-0.01427483,-0.013471,-0.01261517,-0.01171154,-0.01076918,-0.009788945,-0.008778403,-0.007749376,-0.006707137,-0.005639077,-0.004588312,-0.003537037,-0.00247456,-0.001443279,-0.0004511248,0.0005514295,0.001523294,0.002431801,0.003303578,0.004171465,0.004991807,0.005740892,0.006427699,0.007108286,0.007742814,0.008334866,0.008855249,0.009324962,0.009762611,0.01015407,0.01053063,0.0108581,0.0111482,0.01140532,0.01163351,0.01183068,0.01199772,0.01213964,0.01225904,0.01235746,0.01243409,0.01249101,0.01252649,0.01254231,0.01253569,0.01250857,0.01245707,0.01238149,0.01227827,0.01215506,0.01200125,0.01182594,0.01161065,0.01136187,0.01107183,0.01075491,0.01040814,0.01002092,0.009583529,0.009109334,0.00860544,0.008063993,0.007467594,0.006838017,0.006181107
0.005780427,0.005031511,0.004231211,0.003398592,0.002547607,0.001646332,0.0007246653,-0.0002135148,-0.001188141,-0.002174697,-0.003167799,-0.004188892,-0.005201416,-0.006219806,-0.007242317,-0.008247813,-0.00924354,-0.01022779,-0.01117861,-0.01210685,-0.01300159,-0.0138552,-0.01466153,-0.01542186,-0.01612471,-0.01676867,-0.01734503,-0.01785412,-0.01828756,-0.01864585,-0.01892148,-0.01911635,-0.01922484,-0.01924862,-0.0191803,-0.01902656,-0.01878738,-0.01845959,-0.0180433,-0.01755358,-0.01697661,-0.01632508,-0.01560677,-0.01481644,-0.0139652,-0.01306213,-0.01210478,-0.01110638,-0.0100691,-0.009008589,-0.007915861,-0.006809753,-0.005707076,-0.004585432,-0.003467826,-0.002388008,-0.001302318,-0.0002249619,0.0007909586,0.001770633,0.002749737,0.003681404,0.004535116,0.005342959,0.006135936,0.006891036,0.007557462,0.00816843,0.008730114,0.009265733,0.009764872,0.01020135,0.01060481,0.01093593,0.01124727,0.01151971,0.01176477,0.01197262,0.01215957,0.0123184,0.01245819,0.01256965,0.01266418,0.01273414,0.01278834,0.01281865,0.01283381,0.01282676,0.01280365,0.01275587,0.01269165,0.01260066,0.01248246,0.01233403,0.01215279,0.0119446,0.01170842,0.01143911,0.01112865,0.01076791,0.01037604,0.009951087,0.009487532,0.008966889,0.008407784,0.007818395,0.007185963,0.006495986
0.006119315,0.005332036,0.004525645,0.003672688,0.002773711,0.001857551,0.000907284,-8.425622e-05,-0.00107921,-0.00210719,-0.003154897,-0.004201831,-0.005267947,-0.006337948,-0.007394343,-0.008459318,-0.009503849,-0.01052937,-0.01153758,-0.01251538,-0.01345292,-0.01435679,-0.01521159,-0.01601484,-0.01675753,-0.01744057,-0.01805278,-0.01859456,-0.01905594,-0.01943866,-0.01973361,-0.01994312,-0.02005839,-0.02008449,-0.02001708,-0.01985845,-0.01959942,-0.01925568,-0.01882048,-0.01829312,-0.01768468,-0.01699922,-0.0162277,-0.01539611,-0.01449337,-0.01353268,-0.01251935,-0.01146331,-0.01036635,-0.009236823,-0.00808928,-0.006928481,-0.005741782,-0.004578173,-0.003416462,-0.002245463,-0.00111504,-3.130931e-05,0.001060953,0.002113172,0.003089224,0.004021887,0.004946379,0.005812215,0.006593504,0.007303067,0.008004065,0.00864979,0.009245698,0.009758878,0.01021583,0.01063749,0.01100777,0.01136383,0.01166539,0.01192875,0.01215837,0.01236052,0.01253189,0.01267506,0.01279526,0.01289666,0.01298019,0.01304601,0.0130956,0.01312789,0.01314395,0.01314156,0.01312176,0.0130806,0.01301736,0.01292856,0.0128215,0.01268453,0.01252659,0.01232696,0.01209256,0.01181426,0.01150793,0.01116977,0.01078659,0.01034824,0.009869703,0.009359024,0.008805295,0.008190019,0.007538009,0.006855185
0.00647689,0.005687578,0.004838928,0.003954441,0.003047173,0.002081664,0.001092626,8.285089e-05,-0.0009705393,-0.002038073,-0.003116492,-0.004228516,-0.005333028,-0.006447623,-0.0075695,-0.008674672,-0.009772842,-0.01086025,-0.01191335,-0.01294407,-0.01393991,-0.0148918,-0.01579352,-0.01664547,-0.01743495,-0.01815969,-0.0188102,-0.01938599,-0.01987794,-0.02028569,-0.02060113,-0.0208255,-0.02095285,-0.02098422,-0.0209118,-0.02074253,-0.02047663,-0.02010971,-0.01964315,-0.01909284,-0.01844368,-0.01771034,-0.0169017,-0.01601138,-0.01505341,-0.01403701,-0.01296063,-0.0118389,-0.01067524,-0.009486926,-0.008264477,-0.007029853,-0.005802065,-0.004554938,-0.003317507,-0.002125895,-0.0009304634,0.0002504497,0.001356479,0.002419562,0.003477651,0.004476385,0.005382562,0.006235151,0.007067343,0.007852182,0.008532485,0.009150093,0.009710219,0.01024092,0.0107281,0.01114507,0.01152563,0.01182636,0.01210884,0.01235055,0.01256538,0.01274311,0.01290248,0.01303581,0.01315341,0.01324547,0.01332501,0.01338375,0.0134314,0.01345899,0.01347613,0.01347504,0.01346201,0.01342701,0.01337915,0.01330591,0.01320632,0.01307714,0.01291405,0.01272464,0.01250593,0.0122521,0.01195251,0.01159842,0.0112109,0.0107871,0.01031943,0.009788055,0.009214217,0.008606758,0.007949327,0.007227385
0.006888756,0.006055054,0.005199134,0.004288811,0.003326058,0.002343619,0.001319606,0.0002487475,-0.0008278399,-0.001944542,-0.00308486,-0.004226673,-0.005393732,-0.006566518,-0.00772785,-0.008901737,-0.01005521,-0.01119069,-0.01231004,-0.01339741,-0.01444308,-0.01545337,-0.01641107,-0.01731284,-0.01814897,-0.01891949,-0.01961204,-0.02022626,-0.02075122,-0.02118794,-0.02152646,-0.02176847,-0.02190449,-0.02193948,-0.0218688,-0.02169412,-0.02140598,-0.02102146,-0.02053289,-0.01993941,-0.01925453,-0.01848141,-0.01761148,-0.01667361,-0.01565545,-0.01457242,-0.01343102,-0.01224227,-0.01100899,-0.009740612,-0.008454785,-0.00715556,-0.005830735,-0.004535784,-0.003245388,-0.001948566,-0.0007035059,0.0004863442,0.001681994,0.002825947,0.003878933,0.004880792,0.005868685,0.006784287,0.00759985,0.008332778,0.009053865,0.009708301,0.01030429,0.0108045,0.01124249,0.01164127,0.01198291,0.01231133,0.01257935,0.01280902,0.01300485,0.01317575,0.01331681,0.01343274,0.01352884,0.01361111,0.01367966,0.01373587,0.01378038,0.01381297,0.01383369,0.01384107,0.01383479,0.0138108,0.01376695,0.01369985,0.01361607,0.01350283,0.01336856,0.01319001,0.01297478,0.01271204,0.01241934,0.01209167,0.011713,0.011273,0.0107886,0.01026869,0.009698878,0.009059926,0.008380219,0.007665346
0.007341386,0.006503742,0.005597961,0.004652683,0.003679358,0.002639057,0.001572079,0.0004793197,-0.0006648356,-0.001825369,-0.003001989,-0.004218225,-0.005428176,-0.006653272,-0.007889002,-0.009108646,-0.01032468,-0.01153075,-0.01270187,-0.01385115,-0.01496409,-0.01603017,-0.0170431,-0.01800215,-0.01889325,-0.01971313,-0.02045136,-0.02110653,-0.02166853,-0.02213601,-0.02250012,-0.02276131,-0.02291317,-0.02295598,-0.02288145,-0.02269678,-0.02240233,-0.02199235,-0.0214698,-0.0208512,-0.02012015,-0.01929375,-0.01838176,-0.01737681,-0.01629626,-0.01514936,-0.01393578,-0.01267171,-0.01136209,-0.01002599,-0.008653522,-0.007270422,-0.005897813,-0.00450558,-0.003130029,-0.001809267,-0.0004872205,0.0008123357,0.00202147,0.003180111,0.004327831,0.005401687,0.006366183,0.007268139,0.008142552,0.008957778,0.009649956,0.01027127,0.0108253,0.01134584,0.01181418,0.01220396,0.01255358,0.01281533,0.0130615,0.0132654,0.01344401,0.01358669,0.01371501,0.0138206,0.01391512,0.01398802,0.01405425,0.01410473,0.01415033,0.01418099,0.01420734,0.01422054,0.01422691,0.01421451,0.01419348,0.01414826,0.0140774,0.01397709,0.01384097,0.01367848,0.01348439,0.0132521,0.01296782,0.01262357,0.01224246,0.01182051,0.01134777,0.01080332,0.0102116,0.009581905,0.008893904,0.008133625
0.00787538,0.006989669,0.006077887,0.005102532,0.004067921,0.003010598,0.001902978,0.0007426373,-0.0004263436,-0.001643631,-0.002888649,-0.004138214,-0.005420063,-0.006709722,-0.007991007,-0.009289488,-0.01056792,-0.0118302,-0.013078,-0.01429247,-0.01546426,-0.01659914,-0.01767785,-0.01869615,-0.01964348,-0.02051879,-0.02130833,-0.02201082,-0.02261417,-0.02311847,-0.02351277,-0.02379792,-0.02396364,-0.02401468,-0.02394596,-0.02375833,-0.02344216,-0.02301595,-0.02247078,-0.02180588,-0.02103738,-0.02016724,-0.01918777,-0.01813085,-0.01698268,-0.0157615,-0.01447492,-0.01313534,-0.0117468,-0.01032009,-0.008876342,-0.007418692,-0.005936016,-0.004490868,-0.003052953,-0.001612489,-0.0002368258,0.00107426,0.002387431,0.003634641,0.004773989,0.005853302,0.006911088,0.007880079,0.008731086,0.009486831,0.01022624,0.01088496,0.01147516,0.01195414,0.01236439,0.01273059,0.01303327,0.01332426,0.01354858,0.01373574,0.01389009,0.01402375,0.01412996,0.0142159,0.01428665,0.01435019,0.01440555,0.01445582,0.01450085,0.01454161,0.0145767,0.01460521,0.0146251,0.01463216,0.0146221,0.01459171,0.01454603,0.01447114,0.01437438,0.01422944,0.01404515,0.01380853,0.01353894,0.01322947,0.01286113,0.01242368,0.01193631,0.01140859,0.01082231,0.01015802,0.009448267,0.008697761
0.008483997,0.007597757,0.006633247,0.005624906,0.004581713,0.003461475,0.002310862,0.001127817,-0.0001155141,-0.001378085,-0.002663558,-0.003995595,-0.005323488,-0.00667318,-0.008037571,-0.009387583,-0.01073868,-0.01208139,-0.01338944,-0.01467715,-0.01592756,-0.0171288,-0.01827432,-0.01936204,-0.02037627,-0.02131262,-0.0221595,-0.02291433,-0.02356574,-0.02411121,-0.0245409,-0.02485429,-0.02504434,-0.02511036,-0.02504342,-0.02485102,-0.02453335,-0.02408329,-0.02350555,-0.02281704,-0.02200008,-0.02107462,-0.02005099,-0.01892105,-0.01770588,-0.01641461,-0.01504848,-0.01362548,-0.01215232,-0.01065007,-0.009108514,-0.00755799,-0.006021477,-0.004465005,-0.002933486,-0.00146642,-1.01897e-06,0.001431873,0.002756621,0.004022402,0.005269519,0.006425221,0.007452309,0.008406356,0.009323668,0.01016695,0.01086522,0.01148283,0.01202122,0.01252091,0.01295719,0.01330528,0.01360853,0.01381484,0.01400935,0.01416109,0.01429045,0.01438653,0.01447491,0.01454594,0.01461247,0.01466284,0.01471457,0.01475802,0.01480618,0.01484799,0.01489502,0.0149362,0.0149784,0.01500737,0.01503357,0.01503802,0.0150179,0.01496893,0.0148817,0.01476739,0.01461849,0.01442754,0.01417647,0.01385832,0.01349837,0.01309122,0.01262408,0.01207528,0.01147311,0.01082701,0.01011233,0.009316369
0.009211491,0.008283561,0.007323736,0.00628867,0.005186127,0.004056015,0.002864473,0.001612958,0.0003480502,-0.0009756119,-0.002332401,-0.003698863,-0.005106735,-0.006525824,-0.007941744,-0.009381188,-0.01080237,-0.01221124,-0.0136086,-0.01497253,-0.0162942,-0.01757841,-0.01880359,-0.01996453,-0.02104957,-0.02205626,-0.02296923,-0.02378599,-0.02449291,-0.02508901,-0.02556196,-0.02591166,-0.0261267,-0.02621147,-0.0261601,-0.02597261,-0.02563904,-0.02517933,-0.02458289,-0.02384945,-0.0229977,-0.02202811,-0.02093432,-0.01975128,-0.01846362,-0.01709297,-0.01564798,-0.01414281,-0.01258281,-0.01098065,-0.009361194,-0.007726558,-0.006067486,-0.004454251,-0.002850631,-0.00124941,0.0002721364,0.001718884,0.003162745,0.004523256,0.005756645,0.006919401,0.008050665,0.009072909,0.009955968,0.01072839,0.01147768,0.01212796,0.01269711,0.01313583,0.01349717,0.0138072,0.01404526,0.01427264,0.01442559,0.01454438,0.01463252,0.01470651,0.01475805,0.01479684,0.01482722,0.01485961,0.01489245,0.01493176,0.01497746,0.01503248,0.01509336,0.0151589,0.01522558,0.01528907,0.01534086,0.01537881,0.01540434,0.01540264,0.01537873,0.01530218,0.01518347,0.01500706,0.01479378,0.01453367,0.01420456,0.0137967,0.01333134,0.01281851,0.01223583,0.0115641,0.01084056,0.0100683
0.0100563,0.009144707,0.00814165,0.00708795,0.005989119,0.004800102,0.003574727,0.002306713,0.0009668123,-0.0003976337,-0.001795269,-0.003248869,-0.004703111,-0.006189029,-0.007695932,-0.009192862,-0.01069834,-0.01219904,-0.01366775,-0.01511982,-0.01653525,-0.01790084,-0.01920959,-0.02045761,-0.02162734,-0.02271298,-0.02370146,-0.02458863,-0.02536147,-0.026016,-0.02654105,-0.0269349,-0.02718946,-0.0273028,-0.02726522,-0.02708432,-0.02675976,-0.02628303,-0.02566072,-0.02490987,-0.02401142,-0.02298859,-0.02185193,-0.02059279,-0.01923645,-0.01779157,-0.01626162,-0.01466638,-0.01301485,-0.01133018,-0.009602131,-0.00786649,-0.00614783,-0.004408624,-0.002703899,-0.001073777,0.0005511339,0.002131167,0.00358281,0.004965674,0.006319436,0.00756027,0.008649569,0.009652553,0.01060594,0.0114659,0.01215328,0.01274637,0.01324311,0.01369301,0.01406291,0.01433077,0.01454534,0.01464994,0.01474621,0.0147993,0.01483539,0.01484348,0.01485417,0.01485572,0.01486258,0.01486245,0.01487733,0.01489817,0.01494162,0.01499591,0.01507395,0.01516161,0.01526612,0.01537013,0.01548353,0.01558252,0.01566222,0.01571621,0.0157318,0.01572081,0.01567208,0.01557739,0.01541318,0.01517324,0.01488471,0.01454033,0.01412372,0.01361241,0.01303917,0.01241279,0.01170393,0.01090186
0.01105484,0.01012558,0.009154036,0.008090638,0.006947883,0.005768337,0.004511418,0.003183782,0.001833625,0.0004097329,-0.001056078,-0.002541131,-0.004080717,-0.005638244,-0.007202151,-0.008799282,-0.0103832,-0.01196232,-0.01353572,-0.01507837,-0.01658192,-0.0180496,-0.01945721,-0.02079838,-0.0220599,-0.02323744,-0.02431364,-0.02528431,-0.02613394,-0.02686001,-0.02744844,-0.02789779,-0.02819517,-0.02834425,-0.02833812,-0.02817561,-0.02784645,-0.02737177,-0.02673895,-0.02594871,-0.02502198,-0.02395747,-0.02275085,-0.02143989,-0.02000781,-0.0184801,-0.01686646,-0.01518319,-0.01343722,-0.01164356,-0.009831244,-0.008001246,-0.00614734,-0.004347898,-0.002560147,-0.0007811242,0.0009012706,0.0024975,0.004083792,0.005565329,0.006896928,0.008144184,0.009345648,0.01041203,0.01131207,0.01208053,0.01281388,0.0134222,0.01392987,0.01428007,0.01453826,0.01473098,0.01483679,0.01492864,0.01493412,0.01490919,0.01485962,0.01480778,0.01474261,0.01467625,0.01461257,0.01456653,0.0145378,0.01453814,0.0145685,0.01463481,0.0147312,0.01485653,0.01500404,0.01516885,0.01533647,0.01550478,0.01567016,0.01581472,0.01594086,0.0160119,0.01603867,0.01600225,0.01592524,0.01579266,0.01557835,0.01527292,0.01489967,0.0144681,0.01395104,0.0133297,0.01264639,0.01190154
0.01219317,0.01131545,0.01032757,0.009277089,0.00816476,0.006943593,0.005675046,0.00434729,0.002930884,0.001479472,-2.153819e-05,-0.001592646,-0.003174363,-0.004803161,-0.006463562,-0.008123414,-0.009803944,-0.01148715,-0.01314527,-0.01479414,-0.01641009,-0.01797856,-0.01949159,-0.02094289,-0.02231263,-0.02359311,-0.02476928,-0.02583479,-0.02677457,-0.02758266,-0.02824607,-0.02876142,-0.02911916,-0.02931567,-0.02934028,-0.02920041,-0.02889475,-0.02841335,-0.02776486,-0.02696592,-0.02599631,-0.02488277,-0.02363571,-0.02224647,-0.02074483,-0.01913881,-0.01743479,-0.01565444,-0.01380963,-0.01192574,-0.009993046,-0.008053614,-0.006133462,-0.004192107,-0.002296291,-0.0004859938,0.001314164,0.003053845,0.004641278,0.006147281,0.007609132,0.008930397,0.01007069,0.01110535,0.01207024,0.01291367,0.01354624,0.0140621,0.01445394,0.01478297,0.01500535,0.01510262,0.01512906,0.01502278,0.01490902,0.01475314,0.01459348,0.01442031,0.01426871,0.01412207,0.01399636,0.0138805,0.01380512,0.01376464,0.01378162,0.01384357,0.01396484,0.01412718,0.01433737,0.01457339,0.01484376,0.0151167,0.01538423,0.0156352,0.01585292,0.01604887,0.01620549,0.01631307,0.01634085,0.01628342,0.01616868,0.01598649,0.01571581,0.01533322,0.01487597,0.0143511,0.01372385,0.01298637
0.01346912,0.01261778,0.0117068,0.01068006,0.009556108,0.008379011,0.007101246,0.005736077,0.004331965,0.002832134,0.001275689,-0.0003168339,-0.001983264,-0.003680202,-0.005399816,-0.007167824,-0.008933175,-0.01070687,-0.01248521,-0.01424001,-0.01596313,-0.01765537,-0.01928952,-0.02085758,-0.02234416,-0.02374237,-0.02503229,-0.0262074,-0.02724972,-0.02815463,-0.02890568,-0.02949965,-0.02992162,-0.03017417,-0.03024889,-0.03014316,-0.02984627,-0.02938029,-0.02873024,-0.02789833,-0.02690733,-0.02575419,-0.02443721,-0.02299682,-0.02141504,-0.0197219,-0.01792808,-0.01605267,-0.01410439,-0.0121014,-0.01007716,-0.008031804,-0.005963353,-0.003958754,-0.001968371,4.521353e-06,0.001860774,0.003616621,0.005351507,0.006953869,0.008377091,0.00969557,0.01094608,0.01202505,0.01289927,0.01360913,0.01426128,0.01474845,0.01510325,0.0152596,0.01529947,0.0152503,0.01508843,0.01490106,0.0146088,0.01429699,0.01398254,0.01369719,0.01342143,0.01316388,0.01292507,0.01272786,0.01257796,0.01249809,0.01249196,0.01256885,0.0127183,0.01293819,0.01321713,0.01354942,0.01391204,0.01430176,0.01470699,0.0151054,0.01549581,0.01583344,0.01612803,0.01635551,0.01654036,0.01666028,0.01668395,0.01660166,0.0164385,0.01620215,0.01585926,0.01539171,0.01484676,0.01422078
0.01482603,0.01407888,0.0131964,0.01223271,0.01118214,0.009997034,0.008746293,0.007411172,0.005963499,0.004462664,0.002887364,0.001220943,-0.0004739025,-0.002238975,-0.004052825,-0.005883017,-0.007752635,-0.009638256,-0.01151195,-0.0133891,-0.01524168,-0.01705358,-0.01881511,-0.02051677,-0.02213594,-0.02366224,-0.02507796,-0.02637376,-0.02753188,-0.02854367,-0.02939374,-0.03007644,-0.03058021,-0.03089926,-0.0310217,-0.03095435,-0.03069459,-0.03023103,-0.02957447,-0.0287407,-0.02770878,-0.02650915,-0.02515184,-0.02362886,-0.02197481,-0.02019707,-0.01830577,-0.01632461,-0.01426915,-0.01216711,-0.01001024,-0.007847611,-0.005706891,-0.003545552,-0.001443705,0.0005592552,0.002543475,0.004446104,0.006165854,0.00778494,0.009336135,0.01070834,0.01185779,0.01287044,0.01377984,0.01452497,0.01500246,0.01532622,0.01548303,0.0155512,0.01547703,0.01524965,0.01492663,0.0144329,0.01393019,0.01340144,0.01291645,0.01246847,0.01208485,0.01172545,0.01140038,0.01110394,0.0108864,0.01075216,0.01073225,0.01081041,0.01099938,0.01127328,0.01163896,0.01207008,0.01257455,0.01310795,0.01365811,0.0142078,0.01473747,0.01525832,0.0157434,0.01618092,0.01653061,0.01678821,0.01698087,0.01709391,0.01710015,0.01697479,0.01675905,0.01645645,0.01602576,0.0154628
0.01619437,0.01553474,0.0147914,0.01390135,0.01288999,0.01180099,0.01057996,0.009247631,0.007850889,0.00632808,0.004726132,0.003061897,0.001296421,-0.0005203389,-0.002384879,-0.004320395,-0.006271541,-0.008251749,-0.01025332,-0.012245,-0.01421821,-0.01617038,-0.01807067,-0.01990891,-0.0216665,-0.02333327,-0.02488586,-0.02631468,-0.02759843,-0.02872974,-0.02968897,-0.03047061,-0.03105704,-0.0314494,-0.03163718,-0.0316162,-0.03137511,-0.03093671,-0.03028351,-0.02941983,-0.02836971,-0.02712886,-0.02569872,-0.02412234,-0.02238105,-0.02051014,-0.01852132,-0.01643739,-0.01426912,-0.01203888,-0.00978482,-0.007507128,-0.005209161,-0.002987362,-0.0007853918,0.001385011,0.003412571,0.005318288,0.007183832,0.008877536,0.01035022,0.01168433,0.0129146,0.01391968,0.01466324,0.01519047,0.0156231,0.0158343,0.0158697,0.01565173,0.01529277,0.01483428,0.01424074,0.01359724,0.0128159,0.01205869,0.01138964,0.01084867,0.01036652,0.009907717,0.009457865,0.009065876,0.008763497,0.008595014,0.008564179,0.00867634,0.008906439,0.00924815,0.009688074,0.01022775,0.01083625,0.01150618,0.01221318,0.01293429,0.01366909,0.01436345,0.01502521,0.01562429,0.01618789,0.01668286,0.01707136,0.01734227,0.01752212,0.01761456,0.0175781,0.01739486,0.01711627,0.01673247
0.01746788,0.01697701,0.01632191,0.01556196,0.01468319,0.01363821,0.01250206,0.01124785,0.009849784,0.008371637,0.006784895,0.005077938,0.003315109,0.001449882,-0.0004897472,-0.002471943,-0.004520554,-0.006606341,-0.008701492,-0.01081962,-0.01292798,-0.01500833,-0.01704838,-0.01903445,-0.02094043,-0.02275228,-0.02444882,-0.02601666,-0.02743473,-0.0286907,-0.02976618,-0.03065243,-0.03133545,-0.03180663,-0.03205281,-0.03207956,-0.03188295,-0.03145017,-0.03079441,-0.0299301,-0.02883652,-0.02754772,-0.02607371,-0.02440781,-0.02258992,-0.02062692,-0.01853392,-0.01633667,-0.01405565,-0.01172107,-0.009327597,-0.006931901,-0.004564386,-0.002181432,0.0001213034,0.002304761,0.00445203,0.006486103,0.008292894,0.009966008,0.01153149,0.01286116,0.01390531,0.01476392,0.01546884,0.01594954,0.01608236,0.01601587,0.01573553,0.01533929,0.01477533,0.0140833,0.01330492,0.01226689,0.01119023,0.0101724,0.009382141,0.008782698,0.008300224,0.007790854,0.007262602,0.006767578,0.006414235,0.006218873,0.00620868,0.006343867,0.00662015,0.006998243,0.007499941,0.008114967,0.008859099,0.009655629,0.01048224,0.01133048,0.01219183,0.01307451,0.01393791,0.01477128,0.0155218,0.01618632,0.01678916,0.01730964,0.01771213,0.01796957,0.01812548,0.01817718,0.01807497,0.01781843
0.01852305,0.01818973,0.01774653,0.01712286,0.01635043,0.01547011,0.01442054,0.01322964,0.01194057,0.01048754,0.008924659,0.007263714,0.005465761,0.003586296,0.001624238,-0.0004400126,-0.002547551,-0.004713741,-0.006925985,-0.009150119,-0.01137618,-0.01359736,-0.01577859,-0.01790672,-0.01995884,-0.02192066,-0.02376436,-0.02547648,-0.0270314,-0.0284183,-0.02961341,-0.03060849,-0.03138241,-0.03193465,-0.032252,-0.03232883,-0.03215287,-0.03174772,-0.03109335,-0.03019699,-0.02908337,-0.02774811,-0.02619594,-0.02447314,-0.02256072,-0.0205004,-0.01830484,-0.01600211,-0.01360508,-0.01114199,-0.008655841,-0.006148792,-0.003630284,-0.00120859,0.001178944,0.003509278,0.005657712,0.007647311,0.009562411,0.01124567,0.01264345,0.01384635,0.01489186,0.01563779,0.01604748,0.01617104,0.01615378,0.0158609,0.01538064,0.01457003,0.01360683,0.01269315,0.01170932,0.01051513,0.009064738,0.007855314,0.007058999,0.006610662,0.006196056,0.005633574,0.004972261,0.004407559,0.004022244,0.003857122,0.003885189,0.004083813,0.004383856,0.004774226,0.005271869,0.005936012,0.006734275,0.007608131,0.008501102,0.00944824,0.0104727,0.01148336,0.01248663,0.01345809,0.01442622,0.01533918,0.01615236,0.01685311,0.01746886,0.01799609,0.01838153,0.01860598,0.01872304,0.01871364
0.01924627,0.01914697,0.0188565,0.01843886,0.01786802,0.01709817,0.0162068,0.01515914,0.01393042,0.01258816,0.01109495,0.009445631,0.007703035,0.005817864,0.003823068,0.001750342,-0.0004251829,-0.002667537,-0.004950206,-0.007282792,-0.009628745,-0.01196603,-0.01427984,-0.01655041,-0.01874844,-0.02085418,-0.02284309,-0.02469574,-0.02638799,-0.0279019,-0.02921646,-0.03031811,-0.03119089,-0.03182205,-0.03219795,-0.0323216,-0.03218874,-0.03178456,-0.0311256,-0.03022411,-0.02906139,-0.02767432,-0.02607437,-0.02425622,-0.02226628,-0.02011085,-0.01781191,-0.01539701,-0.01289363,-0.01033433,-0.007719124,-0.005112648,-0.002550848,1.029672e-05,0.002455961,0.004746275,0.006965589,0.009021636,0.01078159,0.01235161,0.01375017,0.01483001,0.01553609,0.01599556,0.01624836,0.01622221,0.01572849,0.01502009,0.01417335,0.01312285,0.01183655,0.01085691,0.00996348,0.008265009,0.006453426,0.00518154,0.004601935,0.004404737,0.004161372,0.003560162,0.002845517,0.002273628,0.001954484,0.001839491,0.001932673,0.002154358,0.002450013,0.002766417,0.003198519,0.00383295,0.004717404,0.005600538,0.006431783,0.00737711,0.008449475,0.009562183,0.01068308,0.01184446,0.01294999,0.01399827,0.01501397,0.01597171,0.01682227,0.01753593,0.01815369,0.01866465,0.01900547,0.01918013
0.01951637,0.01963848,0.01962676,0.01940985,0.01901512,0.01848678,0.01774726,0.01683828,0.01578931,0.01453824,0.0131369,0.01159848,0.009876857,0.008038642,0.006071098,0.003965293,0.001775972,-0.0005071229,-0.002872592,-0.005277388,-0.007715315,-0.01016898,-0.01260425,-0.01499874,-0.01732953,-0.01957243,-0.0216991,-0.02368672,-0.02550907,-0.02714674,-0.0285754,-0.02977949,-0.03073774,-0.03144406,-0.03188572,-0.03205251,-0.03193427,-0.0315526,-0.0308881,-0.02994889,-0.02876266,-0.02732411,-0.02564342,-0.02376914,-0.02168423,-0.01943658,-0.01704137,-0.01453276,-0.01192677,-0.00925916,-0.006578555,-0.003892075,-0.001215628,0.001325402,0.003800479,0.006170675,0.008298013,0.01020244,0.01197791,0.01342949,0.01450159,0.0152926,0.01586979,0.01606326,0.01584851,0.01531992,0.01454898,0.01347926,0.01262746,0.01104262,0.009082925,0.008310755,0.007677428,0.005692032,0.003592079,0.002616385,0.002391479,0.002582819,0.002451834,0.001794865,0.00109481,0.0006884525,0.0004800959,0.0004488612,0.0005603388,0.0008050571,0.001025419,0.001226204,0.001493036,0.002043031,0.002899004,0.003683195,0.00429668,0.005224445,0.006407117,0.007472975,0.008586419,0.009804956,0.0110535,0.01228741,0.01345927,0.01455981,0.01561089,0.01660612,0.01746406,0.01817134,0.01877223,0.01924472
0.01927385,0.01968392,0.01986639,0.01992963,0.01979112,0.01944637,0.01893186,0.01824418,0.01731803,0.01626227,0.01499065,0.01354214,0.01193786,0.01016394,0.008219423,0.006172399,0.00396047,0.001661845,-0.0007341739,-0.003197146,-0.005721982,-0.008247756,-0.01079077,-0.01329082,-0.01574818,-0.01810374,-0.02036135,-0.0224628,-0.02441186,-0.02615312,-0.02769326,-0.028983,-0.03003409,-0.03079996,-0.03129551,-0.03149243,-0.03141459,-0.03101785,-0.03034949,-0.0293932,-0.0281596,-0.02666275,-0.02494187,-0.02296901,-0.02082198,-0.01848388,-0.01600791,-0.01340185,-0.01072375,-0.007988477,-0.005224153,-0.002485238,0.0001641406,0.002784986,0.005221155,0.00744594,0.009531626,0.01138584,0.01283552,0.014016,0.01493436,0.015426,0.01544418,0.01518861,0.01465733,0.01402812,0.01254226,0.01078254,0.01009277,0.008231308,0.005561098,0.005498342,0.005522029,0.002707193,0.001024367,0.0006312617,0.0006140434,0.0007259479,0.0007048344,0.0004231259,0.0001944979,6.221863e-05,1.856095e-05,-2.436485e-06,5.084649e-05,0.0001256101,0.0002123088,0.0002485993,0.0003496059,0.000668871,0.001520545,0.002067381,0.002283649,0.003160246,0.004329841,0.005210269,0.006279038,0.007652412,0.008862708,0.0101275,0.01141441,0.01272284,0.01395403,0.01510972,0.01618237,0.01719437,0.01801942,0.01870955
0.01845953,0.01912845,0.01962468,0.01993694,0.02002104,0.01998813,0.01967642,0.01920474,0.01852169,0.0176328,0.01652019,0.01526245,0.01374053,0.01209478,0.0102364,0.008230139,0.006061905,0.003789791,0.001360827,-0.001111255,-0.003685418,-0.006272423,-0.008899706,-0.01147499,-0.01403451,-0.01648471,-0.01885469,-0.02105401,-0.02311241,-0.02494509,-0.02658249,-0.02794649,-0.02906967,-0.02988696,-0.03043856,-0.03065836,-0.03058913,-0.03020104,-0.02952453,-0.0285215,-0.02726949,-0.02571814,-0.02392744,-0.02190645,-0.01968243,-0.01727059,-0.01472826,-0.01206047,-0.009322982,-0.006527598,-0.003762454,-0.00101243,0.001670699,0.004163128,0.006516599,0.008697035,0.01053202,0.01205827,0.01337581,0.01424735,0.01462058,0.01459783,0.0143427,0.01374315,0.01240617,0.01140591,0.009607167,0.006922098,0.007525149,0.004852093,0.001519384,0.001820782,0.001678586,0.0005160735,5.757765e-05,3.35318e-05,-2.730415e-05,-3.206085e-05,-5.501288e-05,-2.039448e-06,9.957248e-06,3.771695e-05,2.273328e-05,3.103751e-05,5.699472e-06,4.081589e-06,-1.617276e-05,-7.201482e-06,-1.520691e-05,6.288689e-05,0.0003407489,0.0005979014,0.0005520678,0.001398336,0.002614093,0.002950406,0.003941337,0.00531198,0.006407627,0.007779182,0.009091932,0.01042758,0.01178487,0.01317591,0.01443555,0.01561447,0.01668631,0.01768774
0.01713625,0.01804745,0.01879737,0.01937276,0.019797,0.01993964,0.01995754,0.019714,0.01926216,0.01858999,0.01771972,0.01657575,0.01529048,0.01373239,0.01201478,0.01009384,0.008013976,0.005752146,0.003399587,0.0008900231,-0.001670128,-0.004311407,-0.006954051,-0.009621258,-0.01222235,-0.01477559,-0.01719965,-0.01950702,-0.02162317,-0.02355708,-0.02524496,-0.02669561,-0.02785879,-0.02873961,-0.0293006,-0.0295587,-0.02949489,-0.02910252,-0.02839849,-0.0273945,-0.02608142,-0.02449466,-0.02266467,-0.02057249,-0.01830488,-0.01583862,-0.0132526,-0.01053411,-0.007786289,-0.004984874,-0.002224488,0.0004980765,0.003021773,0.005504287,0.007638563,0.009537018,0.01111586,0.01247653,0.01317289,0.01362872,0.01359548,0.01320516,0.01191432,0.01118632,0.008739217,0.008504873,0.005815846,0.002074815,0.002674274,0.0009794229,9.430532e-05,-7.481976e-05,-0.0001671941,-4.608267e-05,9.279235e-05,4.896772e-05,NaN,NaN,NaN,NaN,NaN,NaN,NaN,NaN,NaN,NaN,NaN,3.731699e-06,1.259942e-05,-2.235221e-05,-5.508176e-05,-4.20679e-05,-5.909385e-06,0.0001839907,0.0007920712,0.0007985827,0.001832722,0.003250274,0.003857053,0.005260251,0.006496034,0.007903103,0.009373074,0.01076538,0.01220835,0.01359646,0.01488494,0.01602657
0.01531107,0.01637036,0.01751889,0.01824885,0.01900075,0.01939434,0.01973522,0.01966117,0.01959458,0.01904976,0.01849193,0.0175114,0.01646389,0.01501476,0.01354206,0.01164261,0.009767965,0.007512757,0.005285155,0.002747076,0.0002905052,-0.002435022,-0.005013852,-0.007782981,-0.01034529,-0.01302423,-0.01542711,-0.01786814,-0.01996821,-0.02203436,-0.02370277,-0.02527371,-0.02640162,-0.0273858,-0.0279057,-0.02824405,-0.02810281,-0.02778418,-0.02699721,-0.02601809,-0.02462742,-0.02306495,-0.02112074,-0.0190708,-0.01669888,-0.01426027,-0.01160347,-0.00893887,-0.006153977,-0.003424045,-0.0007223978,0.001858506,0.004327688,0.006491695,0.008398209,0.01006796,0.0111822,0.01198747,0.0123755,0.01232123,0.01144242,0.01048898,0.008428805,0.008154905,0.004052247,0.0027919,0.001367781,5.996638e-05,-0.0001399885,-0.0002252254,0.0001567631,NaN,NaN,NaN,NaN,NaN,NaN,NaN,NaN,NaN,NaN,NaN,NaN,NaN,NaN,NaN,NaN,NaN,NaN,NaN,NaN,NaN,3.008045e-05,-7.448348e-05,-5.82251e-05,-1.673338e-05,0.0003175156,0.0009337987,0.001436663,0.003034217,0.003921292,0.005201963,0.006714529,0.008137853,0.009736578,0.0110957,0.01264106,0.01395944
0.01305693,0.01434671,0.01565695,0.01667389,0.01770956,0.01832441,0.01896384,0.01919037,0.01933603,0.01910177,0.01878161,0.01801791,0.01721787,0.01596465,0.0146512,0.01295188,0.0111868,0.00905812,0.006932374,0.004469271,0.002053977,-0.0006172332,-0.003185377,-0.005944347,-0.008523532,-0.01121168,-0.01364678,-0.01611179,-0.01825124,-0.02034561,-0.0220503,-0.02364724,-0.02480567,-0.02580617,-0.02633107,-0.026676,-0.02654126,-0.02620197,-0.02539521,-0.02441741,-0.02297809,-0.02140363,-0.01944043,-0.01736411,-0.0149782,-0.01255748,-0.009895294,-0.007285423,-0.004541612,-0.001951995,0.0006831936,0.003039066,0.0052668,0.007186213,0.008768287,0.009833216,0.01060168,0.01092081,0.01059328,0.00967652,0.008420864,0.007132942,0.003543476,0.002529189,0.0006041874,-0.0001827825,-0.0002217089,0.0001391418,NaN,NaN,NaN,NaN,NaN,NaN,NaN,NaN,NaN,NaN,NaN,NaN,NaN,NaN,NaN,NaN,NaN,NaN,NaN,NaN,NaN,NaN,NaN,NaN,NaN,NaN,NaN,2.966206e-05,-6.90544e-05,-7.25034e-05,0.000129297,0.0008017721,0.001362327,0.002805407,0.004116327,0.005364146,0.006998552,0.008472471,0.01007379,0.01147383
0.01046506,0.01192489,0.01347448,0.01467184,0.0159071,0.0168504,0.01770152,0.01819781,0.01865004,0.01865708,0.01858898,0.0181239,0.01751103,0.01651557,0.01540804,0.01388488,0.01229538,0.01033221,0.008305159,0.00597593,0.003639038,0.001044686,-0.001484781,-0.004187643,-0.006756268,-0.009417316,-0.01186397,-0.01431695,-0.01647934,-0.01856904,-0.02030089,-0.02189137,-0.02306999,-0.02405888,-0.02460811,-0.02493051,-0.02479461,-0.02444095,-0.02363847,-0.02261184,-0.02119655,-0.01958835,-0.01762596,-0.01555444,-0.01319494,-0.01078532,-0.008203409,-0.005657211,-0.003052361,-0.0005705406,0.001796676,0.003931579,0.005885909,0.007371286,0.008418702,0.009211566,0.009114981,0.008769282,0.007817644,0.00658296,0.003535899,0.002059864,0.0003375114,-0.0002334033,-0.0001278284,0.0002149951,NaN,NaN,NaN,NaN,NaN,NaN,NaN,NaN,NaN,NaN,NaN,NaN,NaN,NaN,NaN,NaN,NaN,NaN,NaN,NaN,NaN,NaN,NaN,NaN,NaN,NaN,NaN,NaN,NaN,NaN,NaN,4.77533e-05,-2.336851e-05,-8.151382e-05,7.728855e-05,0.0006743039,0.001446154,0.002905259,0.004314376,0.005692649,0.007293053,0.008888046
0.007729977,0.009371558,0.01093712,0.01233776,0.01381444,0.01490532,0.01604025,0.01680144,0.01747594,0.01777694,0.01798463,0.01773434,0.01742971,0.01663937,0.01576638,0.0144656,0.0130692,0.01126279,0.009429074,0.007208555,0.005008121,0.002504465,8.026576e-05,-0.002576293,-0.005070035,-0.007706679,-0.01009978,-0.01254769,-0.01467211,-0.01676718,-0.01846862,-0.02006991,-0.02122512,-0.0222237,-0.02273843,-0.02307071,-0.02291811,-0.02255625,-0.02172927,-0.02072746,-0.01927757,-0.0176923,-0.01574852,-0.01369554,-0.01138767,-0.009053937,-0.006562512,-0.004143215,-0.001718785,0.0005368745,0.00266011,0.004454745,0.005917355,0.007133411,0.007422625,0.007682846,0.006664403,0.006210872,0.003548599,0.001869911,0.0002982465,-0.0002470427,-1.863741e-05,NaN,NaN,NaN,NaN,NaN,NaN,NaN,NaN,NaN,NaN,NaN,NaN,NaN,NaN,NaN,NaN,NaN,NaN,NaN,NaN,NaN,NaN,NaN,NaN,NaN,NaN,NaN,NaN,NaN,NaN,NaN,NaN,NaN,NaN,NaN,NaN,NaN,1.199873e-05,-7.788512e-05,8.231743e-05,0.000697341,0.00163125,0.003237479,0.004515923,0.006150562
0.004903378,0.006708334,0.008321974,0.009784556,0.01139139,0.01272875,0.01401139,0.01500143,0.01596353,0.0164726,0.01694339,0.01698864,0.01689602,0.01637774,0.01575607,0.01465653,0.01349545,0.01188935,0.01022291,0.008178659,0.006130849,0.003749191,0.00144119,-0.001114092,-0.003520359,-0.00608761,-0.008418571,-0.01081787,-0.01289747,-0.01495937,-0.01662838,-0.01820479,-0.01933081,-0.02031135,-0.02081285,-0.02112907,-0.0209508,-0.02059598,-0.01976245,-0.01874802,-0.0173284,-0.01576148,-0.01384068,-0.01186528,-0.009626077,-0.007395681,-0.005049985,-0.002810488,-0.0006259615,0.001388315,0.003117213,0.004496864,0.005524993,0.00622285,0.00551996,0.005735214,0.003367943,0.001894806,0.0004014895,-0.0002327353,-2.406637e-05,NaN,NaN,NaN,NaN,NaN,NaN,NaN,NaN,NaN,NaN,NaN,NaN,NaN,NaN,NaN,NaN,NaN,NaN,NaN,NaN,NaN,NaN,NaN,NaN,NaN,NaN,NaN,NaN,NaN,NaN,NaN,NaN,NaN,NaN,NaN,NaN,NaN,NaN,NaN,NaN,NaN,2.062239e-05,-7.461393e-05,0.0001485156,0.0008507031,0.001897005,0.003722848
0.002384049,0.004227512,0.005575758,0.007150848,0.008910674,0.01027287,0.01172948,0.01298095,0.01405102,0.01487195,0.01554356,0.01585002,0.01600501,0.01576193,0.01533101,0.01454514,0.01354322,0.01219993,0.01070405,0.008883406,0.006956314,0.004786402,0.002571413,0.0001852548,-0.002157124,-0.004579221,-0.006869311,-0.009148506,-0.01120685,-0.01316792,-0.0148292,-0.01632195,-0.01745477,-0.01836475,-0.01887047,-0.01913314,-0.01898592,-0.01857745,-0.01777646,-0.01676328,-0.01537398,-0.01383038,-0.01200219,-0.01007277,-0.007968997,-0.005876947,-0.00370787,-0.001698026,0.0002049632,0.001829367,0.003276179,0.004028273,0.004455155,0.004747188,0.003266421,0.002031719,0.0005537886,-0.0001788986,-0.0001088754,0.0001224536,NaN,NaN,NaN,NaN,NaN,NaN,NaN,NaN,NaN,NaN,NaN,NaN,NaN,NaN,NaN,NaN,NaN,NaN,NaN,NaN,NaN,NaN,NaN,NaN,NaN,NaN,NaN,NaN,NaN,NaN,NaN,NaN,NaN,NaN,NaN,NaN,NaN,NaN,NaN,NaN,NaN,NaN,NaN,4.490341e-05,-5.765797e-06,-5.803796e-05,0.0002655001,0.001160144
0.0004788691,0.001634146,0.003184251,0.004500288,0.006373389,0.007775634,0.009285371,0.01071864,0.01196597,0.01296443,0.01382847,0.01445135,0.01474037,0.01482385,0.01458959,0.01407766,0.01326803,0.0122175,0.01085496,0.009316713,0.00751522,0.005581691,0.003460495,0.001294188,-0.000981833,-0.00321577,-0.005466121,-0.007581789,-0.009621656,-0.01144185,-0.01310278,-0.01447323,-0.01561636,-0.01642406,-0.01696441,-0.01714204,-0.01702553,-0.01657359,-0.01583027,-0.01477385,-0.01348856,-0.01195616,-0.01022753,-0.008401462,-0.006447921,-0.004520363,-0.002574664,-0.00085194,0.0007351575,0.001921929,0.003019661,0.002963684,0.003151926,0.002079968,0.0007545171,-4.800972e-05,-0.0001741981,0.0001334947,NaN,NaN,NaN,NaN,NaN,NaN,NaN,NaN,NaN,NaN,NaN,NaN,NaN,NaN,NaN,NaN,NaN,NaN,NaN,NaN,NaN,NaN,NaN,NaN,NaN,NaN,NaN,NaN,NaN,NaN,NaN,NaN,NaN,NaN,NaN,NaN,NaN,NaN,NaN,NaN,NaN,NaN,NaN,NaN,NaN,NaN,NaN,7.797998e-05,-4.361236e-05,5.134286e-06
-4.856842e-05,0.0001435265,0.0009017623,0.002070755,0.004057558,0.005166587,0.006826321,0.00841746,0.009661911,0.0108799,0.01193212,0.01273485,0.01326247,0.0135749,0.01355026,0.01332231,0.01270533,0.0119058,0.01076299,0.009447319,0.0078258,0.006112387,0.004149247,0.002165987,2.12005e-05,-0.002051249,-0.004195032,-0.00617505,-0.008133181,-0.009840238,-0.01144096,-0.01272074,-0.01382899,-0.01456605,-0.01508188,-0.015214,-0.01511474,-0.01462525,-0.01391676,-0.01288747,-0.01165312,-0.01017835,-0.00858218,-0.006845362,-0.005093953,-0.003358591,-0.001677916,-0.0002387042,0.0009440921,0.001610576,0.002403163,0.001578073,0.001025245,0.0001348978,-0.0001458079,4.855621e-05,NaN,NaN,NaN,NaN,NaN,NaN,NaN,NaN,NaN,NaN,NaN,NaN,NaN,NaN,NaN,NaN,NaN,NaN,NaN,NaN,NaN,NaN,NaN,NaN,NaN,NaN,NaN,NaN,NaN,NaN,NaN,NaN,NaN,NaN,NaN,NaN,NaN,NaN,NaN,NaN,NaN,NaN,NaN,NaN,NaN,NaN,NaN,NaN,NaN,NaN,NaN,6.848544e-05
5.541874e-05,-1.721657e-05,3.669203e-06,0.0003500859,0.001575155,0.002932534,0.004348108,0.00609709,0.007350708,0.008646981,0.009879441,0.01088273,0.01153846,0.01208869,0.0123118,0.01225838,0.01191404,0.01132264,0.01041358,0.009302453,0.007923547,0.006374435,0.004632638,0.002801273,0.0008556842,-0.001094323,-0.003064945,-0.004947249,-0.006757542,-0.008391012,-0.009869623,-0.01109689,-0.01210521,-0.01281286,-0.01326804,-0.01339024,-0.01324431,-0.01278853,-0.01208146,-0.01108278,-0.009927325,-0.008531869,-0.007035401,-0.005464195,-0.003913727,-0.00237117,-0.001037238,0.0001517986,0.0007868489,0.001179822,0.001020132,0.0002756116,-6.173564e-05,-9.657082e-05,3.716961e-05,NaN,NaN,NaN,NaN,NaN,NaN,NaN,NaN,NaN,NaN,NaN,NaN,NaN,NaN,NaN,NaN,NaN,NaN,NaN,NaN,NaN,NaN,NaN,NaN,NaN,NaN,NaN,NaN,NaN,NaN,NaN,NaN,NaN,NaN,NaN,NaN,NaN,NaN,NaN,NaN,NaN,NaN,NaN,NaN,NaN,NaN,NaN,NaN,NaN,NaN,NaN,NaN,NaN
NaN,NaN,8.606885e-05,-4.97187e-05,0.0001424407,0.000850807,0.002054504,0.003943642,0.004964712,0.006424883,0.007799697,0.008855652,0.009714267,0.01042654,0.0108589,0.01101803,0.01089186,0.01050005,0.009854924,0.008923393,0.007783969,0.006420994,0.00490683,0.003230009,0.001491718,-0.0003224567,-0.002107743,-0.003880452,-0.005531093,-0.007080032,-0.008423715,-0.009593472,-0.01049816,-0.01117443,-0.01154413,-0.01166697,-0.01148698,-0.01104712,-0.0103332,-0.009421639,-0.008291217,-0.007019509,-0.005638061,-0.004226301,-0.002891861,-0.001597961,-0.0005838383,0.0002951277,0.0004224612,0.0003884851,2.881322e-05,-0.0001029136,2.699046e-05,NaN,NaN,NaN,NaN,NaN,NaN,NaN,NaN,NaN,NaN,NaN,NaN,NaN,NaN,NaN,NaN,NaN,NaN,NaN,NaN,NaN,NaN,NaN,NaN,NaN,NaN,NaN,NaN,NaN,NaN,NaN,NaN,NaN,NaN,NaN,NaN,NaN,NaN,NaN,NaN,NaN,NaN,NaN,NaN,NaN,NaN,NaN,NaN,NaN,NaN,NaN,NaN,NaN,NaN,NaN
NaN,NaN,NaN,4.785482e-05,-1.14672e-05,2.525168e-05,0.0003675141,0.001629774,0.002939078,0.004139013,0.005753298,0.006819045,0.007771585,0.008658944,0.009307258,0.00958293,0.009706949,0.009514058,0.009074038,0.008361381,0.007442981,0.006275891,0.004964757,0.00348401,0.001928952,0.0002891723,-0.001337963,-0.002958357,-0.004476936,-0.00589853,-0.00713701,-0.00820484,-0.009028685,-0.009633708,-0.009963975,-0.01004507,-0.009839432,-0.009417284,-0.00872357,-0.007836839,-0.006808836,-0.005636932,-0.004345693,-0.003163745,-0.002010716,-0.0009944673,-0.0002647368,0.0001217175,5.656584e-05,-4.668003e-05,-5.644063e-05,-1.495405e-05,NaN,NaN,NaN,NaN,NaN,NaN,NaN,NaN,NaN,NaN,NaN,NaN,NaN,NaN,NaN,NaN,NaN,NaN,NaN,NaN,NaN,NaN,NaN,NaN,NaN,NaN,NaN,NaN,NaN,NaN,NaN,NaN,NaN,NaN,NaN,NaN,NaN,NaN,NaN,NaN,NaN,NaN,NaN,NaN,NaN,NaN,NaN,NaN,NaN,NaN,NaN,NaN,NaN,NaN,NaN,NaN
NaN,NaN,NaN,NaN,NaN,7.916039e-05,-4.078583e-05,0.0001863106,0.0009697928,0.002089949,0.003775895,0.004757247,0.005844201,0.006863173,0.007630331,0.008091768,0.008371586,0.008386664,0.008148915,0.007642157,0.006913344,0.005972741,0.004846455,0.003570877,0.002185289,0.0007392356,-0.0007374205,-0.002187249,-0.003580452,-0.004855764,-0.005993892,-0.006944165,-0.007701261,-0.008218461,-0.008502622,-0.0085332,-0.008334758,-0.007885925,-0.00722724,-0.006387641,-0.005432842,-0.004362862,-0.003213776,-0.002185845,-0.001278008,-0.0005205804,-8.817441e-05,-3.697618e-05,-5.157047e-05,-1.413712e-05,NaN,NaN,NaN,NaN,NaN,NaN,NaN,NaN,NaN,NaN,NaN,NaN,NaN,NaN,NaN,NaN,NaN,NaN,NaN,NaN,NaN,NaN,NaN,NaN,NaN,NaN,NaN,NaN,NaN,NaN,NaN,NaN,NaN,NaN,NaN,NaN,NaN,NaN,NaN,NaN,NaN,NaN,NaN,NaN,NaN,NaN,NaN,NaN,NaN,NaN,NaN,NaN,NaN,NaN,NaN,NaN,NaN,NaN
NaN,NaN,NaN,NaN,NaN,NaN,5.930587e-05,-2.687515e-05,6.830035e-05,0.0004672761,0.001686924,0.002977434,0.003839771,0.005130603,0.005933728,0.006523091,0.006960865,0.007190586,0.007080562,0.006807358,0.006256714,0.005521881,0.004576098,0.003506939,0.002296383,0.001035487,-0.0002809959,-0.001569273,-0.002822139,-0.003962604,-0.004983106,-0.005826402,-0.006489458,-0.006933004,-0.007165549,-0.007154863,-0.006916716,-0.006493938,-0.005846206,-0.00502349,-0.004180027,-0.003215245,-0.002135065,-0.00136598,-0.0006126108,-0.0001336213,-4.767075e-05,-2.660616e-05,-3.483389e-05,NaN,NaN,NaN,NaN,NaN,NaN,NaN,NaN,NaN,NaN,NaN,NaN,NaN,NaN,NaN,NaN,NaN,NaN,NaN,NaN,NaN,NaN,NaN,NaN,NaN,NaN,NaN,NaN,NaN,NaN,NaN,NaN,NaN,NaN,NaN,NaN,NaN,NaN,NaN,NaN,NaN,NaN,NaN,NaN,NaN,NaN,NaN,NaN,NaN,NaN,NaN,NaN,NaN,NaN,NaN,NaN,NaN,NaN,NaN
NaN,NaN,NaN,NaN,NaN,NaN,NaN,-1.391668e-05,5.498761e-05,-1.509641e-05,0.0002523813,0.001141509,0.002115197,0.003380622,0.00426753,0.004951824,0.005538537,0.005899929,0.005982963,0.005860757,0.005505369,0.004950142,0.004206023,0.003304017,0.002285875,0.001188978,5.073796e-05,-0.001092119,-0.002189325,-0.003205059,-0.004093381,-0.004838184,-0.005404184,-0.005776598,-0.005933873,-0.005888929,-0.00562841,-0.005194987,-0.004560811,-0.003784283,-0.00300189,-0.00213112,-0.00121116,-0.0005504956,-0.0001220289,-2.187629e-05,-2.819232e-05,-3.310863e-05,NaN,NaN,NaN,NaN,NaN,NaN,NaN,NaN,NaN,NaN,NaN,NaN,NaN,NaN,NaN,NaN,NaN,NaN,NaN,NaN,NaN,NaN,NaN,NaN,NaN,NaN,NaN,NaN,NaN,NaN,NaN,NaN,NaN,NaN,NaN,NaN,NaN,NaN,NaN,NaN,NaN,NaN,NaN,NaN,NaN,NaN,NaN,NaN,NaN,NaN,NaN,NaN,NaN,NaN,NaN,NaN,NaN,NaN,NaN,NaN
NaN,NaN,NaN,NaN,NaN,NaN,NaN,NaN,-2.654228e-05,6.815348e-05,-3.545521e-05,0.0001292393,0.0006155684,0.001634002,0.002762069,0.003342096,0.004163937,0.004601406,0.004833365,0.004862458,0.004702104,0.004290168,0.003740823,0.003004175,0.002171352,0.00123577,0.0002655768,-0.0007278857,-0.001679179,-0.002562605,-0.003329997,-0.003961878,-0.004435183,-0.004719762,-0.004831338,-0.0047253,-0.004428532,-0.00399773,-0.00339614,-0.002573464,-0.001958225,-0.001072346,-0.0003687695,-8.621262e-05,4.197951e-06,-4.501042e-05,-1.1406e-05,NaN,NaN,NaN,NaN,NaN,NaN,NaN,NaN,NaN,NaN,NaN,NaN,NaN,NaN,NaN,NaN,NaN,NaN,NaN,NaN,NaN,NaN,NaN,NaN,NaN,NaN,NaN,NaN,NaN,NaN,NaN,NaN,NaN,NaN,NaN,NaN,NaN,NaN,NaN,NaN,NaN,NaN,NaN,NaN,NaN,NaN,NaN,NaN,NaN,NaN,NaN,NaN,NaN,NaN,NaN,NaN,NaN,NaN,NaN,NaN,NaN
NaN,NaN,NaN,NaN,NaN,NaN,NaN,NaN,NaN,NaN,9.85942e-06,2.135406e-05,2.811023e-05,0.0003348479,0.00117539,0.001969981,0.002753096,0.003350672,0.003672224,0.003871616,0.003826781,0.003605725,0.003203731,0.00264301,0.001961291,0.001201077,0.0003792375,-0.0004576645,-0.001273001,-0.002021527,-0.002667233,-0.003191634,-0.003571587,-0.003777995,-0.003805637,-0.003668722,-0.003323462,-0.002892969,-0.00225761,-0.001541722,-0.0008596887,-0.0002359966,-2.864182e-05,-1.365163e-05,-2.381665e-05,NaN,NaN,NaN,NaN,NaN,NaN,NaN,NaN,NaN,NaN,NaN,NaN,NaN,NaN,NaN,NaN,NaN,NaN,NaN,NaN,NaN,NaN,NaN,NaN,NaN,NaN,NaN,NaN,NaN,NaN,NaN,NaN,NaN,NaN,NaN,NaN,NaN,NaN,NaN,NaN,NaN,NaN,NaN,NaN,NaN,NaN,NaN,NaN,NaN,NaN,NaN,NaN,NaN,NaN,NaN,NaN,NaN,NaN,NaN,NaN,NaN,NaN,NaN
NaN,NaN,NaN,NaN,NaN,NaN,NaN,NaN,NaN,NaN,NaN,-2.155139e-05,5.830732e-05,-2.005759e-05,0.000185029,0.0006847733,0.001420415,0.002177245,0.002515123,0.00289476,0.002961086,0.002889237,0.002627924,0.002232145,0.001698918,0.001098348,0.0004208937,-0.0002699544,-0.0009502954,-0.001572236,-0.002097094,-0.002515518,-0.002793276,-0.002921611,-0.002880833,-0.002702624,-0.002272526,-0.001884304,-0.001190688,-0.0005475099,-0.0001464477,1.303202e-05,-4.204873e-05,6.048139e-06,NaN,NaN,NaN,NaN,NaN,NaN,NaN,NaN,NaN,NaN,NaN,NaN,NaN,NaN,NaN,NaN,NaN,NaN,NaN,NaN,NaN,NaN,NaN,NaN,NaN,NaN,NaN,NaN,NaN,NaN,NaN,NaN,NaN,NaN,NaN,NaN,NaN,NaN,NaN,NaN,NaN,NaN,NaN,NaN,NaN,NaN,NaN,NaN,NaN,NaN,NaN,NaN,NaN,NaN,NaN,NaN,NaN,NaN,NaN,NaN,NaN,NaN,NaN,NaN
NaN,NaN,NaN,NaN,NaN,NaN,NaN,NaN,NaN,NaN,NaN,NaN,-2.504885e-06,2.213544e-05,7.083172e-06,6.676765e-05,0.000377394,0.0009676472,0.00151059,0.001908295,0.002127521,0.002159256,0.002064361,0.001780733,0.001406576,0.0009394939,0.0004110446,-0.0001478709,-0.0006954111,-0.001192857,-0.001605393,-0.001909891,-0.002113271,-0.002136748,-0.002040122,-0.001777068,-0.001371129,-0.0008511588,-0.0003242062,-5.580546e-05,-1.157067e-06,-2.079889e-05,1.523751e-08,NaN,NaN,NaN,NaN,NaN,NaN,NaN,NaN,NaN,NaN,NaN,NaN,NaN,NaN,NaN,NaN,NaN,NaN,NaN,NaN,NaN,NaN,NaN,NaN,NaN,NaN,NaN,NaN,NaN,NaN,NaN,NaN,NaN,NaN,NaN,NaN,NaN,NaN,NaN,NaN,NaN,NaN,NaN,NaN,NaN,NaN,NaN,NaN,NaN,NaN,NaN,NaN,NaN,NaN,NaN,NaN,NaN,NaN,NaN,NaN,NaN,NaN,NaN,NaN,NaN
NaN,NaN,NaN,NaN,NaN,NaN,NaN,NaN,NaN,NaN,NaN,NaN,NaN,1.315724e-05,-1.155759e-05,3.935e-05,8.927425e-06,0.0001921055,0.0005603679,0.0009840485,0.001348238,0.001449296,0.001497112,0.001328149,0.001097771,0.0007554431,0.0003606116,-7.156246e-05,-0.0004958591,-0.0008744706,-0.001182453,-0.001373778,-0.001494559,-0.001417032,-0.001285721,-0.0009224687,-0.0005134137,-0.000171961,-4.559683e-06,-2.867432e-05,9.534758e-06,-1.150436e-05,NaN,NaN,NaN,NaN,NaN,NaN,NaN,NaN,NaN,NaN,NaN,NaN,NaN,NaN,NaN,NaN,NaN,NaN,NaN,NaN,NaN,NaN,NaN,NaN,NaN,NaN,NaN,NaN,NaN,NaN,NaN,NaN,NaN,NaN,NaN,NaN,NaN,NaN,NaN,NaN,NaN,NaN,NaN,NaN,NaN,NaN,NaN,NaN,NaN,NaN,NaN,NaN,NaN,NaN,NaN,NaN,NaN,NaN,NaN,NaN,NaN,NaN,NaN,NaN,NaN,NaN
NaN,NaN,NaN,NaN,NaN,NaN,NaN,NaN,NaN,NaN,NaN,NaN,NaN,NaN,6.671386e-06,1.394926e-06,1.59024e-05,1.702874e-05,7.22454e-05,0.0002882932,0.0005757031,0.0008099655,0.0009491417,0.0008946377,0.0007777726,0.0005591092,0.0002828906,-2.811877e-05,-0.0003356923,-0.0006041919,-0.0008054436,-0.0009024324,-0.0009339298,-0.0007880606,-0.0005502632,-0.000271199,-6.449984e-05,-9.932283e-06,-1.10239e-05,1.694473e-06,-4.039282e-06,NaN,NaN,NaN,NaN,NaN,NaN,NaN,NaN,NaN,NaN,NaN,NaN,NaN,NaN,NaN,NaN,NaN,NaN,NaN,NaN,NaN,NaN,NaN,NaN,NaN,NaN,NaN,NaN,NaN,NaN,NaN,NaN,NaN,NaN,NaN,NaN,NaN,NaN,NaN,NaN,NaN,NaN,NaN,NaN,NaN,NaN,NaN,NaN,NaN,NaN,NaN,NaN,NaN,NaN,NaN,NaN,NaN,NaN,NaN,NaN,NaN,NaN,NaN,NaN,NaN,NaN,NaN
NaN,NaN,NaN,NaN,NaN,NaN,NaN,NaN,NaN,NaN,NaN,NaN,NaN,NaN,NaN,8.888837e-06,5.6183e-06,-1.536318e-06,2.348861e-05,2.8977e-05,0.0001174405,0.0002837666,0.0004246923,0.000491599,0.0004738445,0.0003636256,0.0001933321,-6.879846e-06,-0.0002066083,-0.0003742666,-0.0004782811,-0.0004879177,-0.0004148257,-0.0002740977,-0.0001110135,-2.291632e-05,-1.701932e-05,4.865543e-06,-1.958653e-06,-4.652145e-06,NaN,NaN,NaN,NaN,NaN,NaN,NaN,NaN,NaN,NaN,NaN,NaN,NaN,NaN,NaN,NaN,NaN,NaN,NaN,NaN,NaN,NaN,NaN,NaN,NaN,NaN,NaN,NaN,NaN,NaN,NaN,NaN,NaN,NaN,NaN,NaN,NaN,NaN,NaN,NaN,NaN,NaN,NaN,NaN,NaN,NaN,NaN,NaN,NaN,NaN,NaN,NaN,NaN,NaN,NaN,NaN,NaN,NaN,NaN,NaN,NaN,NaN,NaN,NaN,NaN,NaN,NaN,NaN
NaN,NaN,NaN,NaN,NaN,NaN,NaN,NaN,NaN,NaN,NaN,NaN,NaN,NaN,NaN,NaN,7.36534e-06,1.834742e-06,4.130931e-06,7.461628e-06,2.131001e-05,4.542292e-05,0.0001037051,0.0001749454,0.000200288,0.0001749752,0.0001017858,6.693007e-07,-0.0001001207,-0.0001741057,-0.0001982962,-0.0001705224,-9.9031e-05,-4.039481e-05,-1.623734e-05,-3.451246e-06,-1.536982e-09,1.53363e-06,-4.348562e-06,NaN,NaN,NaN,NaN,NaN,NaN,NaN,NaN,NaN,NaN,NaN,NaN,NaN,NaN,NaN,NaN,NaN,NaN,NaN,NaN,NaN,NaN,NaN,NaN,NaN,NaN,NaN,NaN,NaN,NaN,NaN,NaN,NaN,NaN,NaN,NaN,NaN,NaN,NaN,NaN,NaN,NaN,NaN,NaN,NaN,NaN,NaN,NaN,NaN,NaN,NaN,NaN,NaN,NaN,NaN,NaN,NaN,NaN,NaN,NaN,NaN,NaN,NaN,NaN,NaN,NaN,NaN,NaN,NaN
NaN,NaN,NaN,NaN,NaN,NaN,NaN,NaN,NaN,NaN,NaN,NaN,NaN,NaN,NaN,NaN,NaN,5.756254e-08,6.526476e-06,1.337718e-06,3.583426e-06,1.140903e-05,1.980643e-05,3.573263e-05,4.865219e-05,5.255427e-05,3.49865e-05,1.940753e-06,-3.118891e-05,-4.943869e-05,-4.5869e-05,-3.191811e-05,-1.630677e-05,-7.682743e-06,-2.34666e-07,1.804684e-06,-3.16363e-06,1.911051e-06,NaN,NaN,NaN,NaN,NaN,NaN,NaN,NaN,NaN,NaN,NaN,NaN,NaN,NaN,NaN,NaN,NaN,NaN,NaN,NaN,NaN,NaN,NaN,NaN,NaN,NaN,NaN,NaN,NaN,NaN,NaN,NaN,NaN,NaN,NaN,NaN,NaN,NaN,NaN,NaN,NaN,NaN,NaN,NaN,NaN,NaN,NaN,NaN,NaN,NaN,NaN,NaN,NaN,NaN,NaN,NaN,NaN,NaN,NaN,NaN,NaN,NaN,NaN,NaN,NaN,NaN,NaN,NaN,NaN,NaN
NaN,NaN,NaN,NaN,NaN,NaN,NaN,NaN,NaN,NaN,NaN,NaN,NaN,NaN,NaN,NaN,NaN,NaN,1.701683e-06,1.81522e-06,3.272803e-06,2.300576e-06,4.035507e-06,8.954016e-06,1.193959e-05,1.269886e-05,8.886521e-06,1.45221e-06,-6.186494e-06,-1.002286e-05,-9.362257e-06,-6.306138e-06,-1.562007e-06,2.211495e-07,-6.817885e-07,1.594171e-07,3.901757e-07,NaN,NaN,NaN,NaN,NaN,NaN,NaN,NaN,NaN,NaN,NaN,NaN,NaN,NaN,NaN,NaN,NaN,NaN,NaN,NaN,NaN,NaN,NaN,NaN,NaN,NaN,NaN,NaN,NaN,NaN,NaN,NaN,NaN,NaN,NaN,NaN,NaN,NaN,NaN,NaN,NaN,NaN,NaN,NaN,NaN,NaN,NaN,NaN,NaN,NaN,NaN,NaN,NaN,NaN,NaN,NaN,NaN,NaN,NaN,NaN,NaN,NaN,NaN,NaN,NaN,NaN,NaN,NaN,NaN,NaN,NaN
NaN,NaN,NaN,NaN,NaN,NaN,NaN,NaN,NaN,NaN,NaN,NaN,NaN,NaN,NaN,NaN,NaN,NaN,NaN,5.126632e-07,8.303439e-07,1.889719e-06,1.896579e-06,2.472714e-06,2.963671e-06,3.440259e-06,2.618221e-06,9.219921e-07,-9.602062e-07,-1.665607e-06,-1.326323e-06,-7.375543e-07,-3.282538e-07,-3.127808e-07,6.142041e-07,8.352674e-07,NaN,NaN,NaN,NaN,NaN,NaN,NaN,NaN,NaN,NaN,NaN,NaN,NaN,NaN,NaN,NaN,NaN,NaN,NaN,NaN,NaN,NaN,NaN,NaN,NaN,NaN,NaN,NaN,NaN,NaN,NaN,NaN,NaN,NaN,NaN,NaN,NaN,NaN,NaN,NaN,NaN,NaN,NaN,NaN,NaN,NaN,NaN,NaN,NaN,NaN,NaN,NaN,NaN,NaN,NaN,NaN,NaN,NaN,NaN,NaN,NaN,NaN,NaN,NaN,NaN,NaN,NaN,NaN,NaN,NaN,NaN,NaN
NaN,NaN,NaN,NaN,NaN,NaN,NaN,NaN,NaN,NaN,NaN,NaN,NaN,NaN,NaN,NaN,NaN,NaN,NaN,5.831728e-07,1.002592e-06,3.87507e-07,4.435134e-07,1.132899e-06,1.320041e-06,1.238378e-06,9.21318e-07,4.711118e-07,-3.026555e-08,-3.090417e-07,-4.043454e-07,-2.606986e-07,3.784002e-07,4.326123e-07,-1.449462e-07,4.295192e-08,NaN,NaN,NaN,NaN,NaN,NaN,NaN,NaN,NaN,NaN,NaN,NaN,NaN,NaN,NaN,NaN,NaN,NaN,NaN,NaN,NaN,NaN,NaN,NaN,NaN,NaN,NaN,NaN,NaN,NaN,NaN,NaN,NaN,NaN,NaN,NaN,NaN,NaN,NaN,NaN,NaN,NaN,NaN,NaN,NaN,NaN,NaN,NaN,NaN,NaN,NaN,NaN,NaN,NaN,NaN,NaN,NaN,NaN,NaN,NaN,NaN,NaN,NaN,NaN,NaN,NaN,NaN,NaN,NaN,NaN,NaN,NaN
NaN,NaN,NaN,NaN,NaN,NaN,NaN,NaN,NaN,NaN,NaN,NaN,NaN,NaN,NaN,NaN,NaN,NaN,NaN,NaN,1.497292e-07,3.500348e-07,2.944744e-07,3.04068e-07,2.992024e-07,3.506347e-07,2.900796e-07,1.932479e-07,5.486408e-08,2.994601e-08,5.04663e-08,6.359019e-08,3.415887e-08,-2.022816e-08,1.482955e-07,NaN,NaN,NaN,NaN,NaN,NaN,NaN,NaN,NaN,NaN,NaN,NaN,NaN,NaN,NaN,NaN,NaN,NaN,NaN,NaN,NaN,NaN,NaN,NaN,NaN,NaN,NaN,NaN,NaN,NaN,NaN,NaN,NaN,NaN,NaN,NaN,NaN,NaN,NaN,NaN,NaN,NaN,NaN,NaN,NaN,NaN,NaN,NaN,NaN,NaN,NaN,NaN,NaN,NaN,NaN,NaN,NaN,NaN,NaN,NaN,NaN,NaN,NaN,NaN,NaN,NaN,NaN,NaN,NaN,NaN,NaN,NaN,NaN
NaN,NaN,NaN,NaN,NaN,NaN,NaN,NaN,NaN,NaN,NaN,NaN,NaN,NaN,NaN,NaN,NaN,NaN,NaN,NaN,NaN,-1.210353e-08,-7.064563e-10,1.040671e-07,1.262408e-07,9.416102e-08,6.760653e-08,4.282664e-08,1.994691e-08,-8.225036e-09,-3.423917e-08,-2.699702e-08,7.878423e-08,8.880723e-08,NaN,NaN,NaN,NaN,NaN,NaN,NaN,NaN,NaN,NaN,NaN,NaN,NaN,NaN,NaN,NaN,NaN,NaN,NaN,NaN,NaN,NaN,NaN,NaN,NaN,NaN,NaN,NaN,NaN,NaN,NaN,NaN,NaN,NaN,NaN,NaN,NaN,NaN,NaN,NaN,NaN,NaN,NaN,NaN,NaN,NaN,NaN,NaN,NaN,NaN,NaN,NaN,NaN,NaN,NaN,NaN,NaN,NaN,NaN,NaN,NaN,NaN,NaN,NaN,NaN,NaN,NaN,NaN,NaN,NaN,NaN,NaN,NaN,NaN
NaN,NaN,NaN,NaN,NaN,NaN,NaN,NaN,NaN,NaN,NaN,NaN,NaN,NaN,NaN,NaN,NaN,NaN,NaN,NaN,NaN,3.179163e-09,2.797263e-09,5.639734e-09,5.913208e-09,5.501735e-09,4.303949e-09,3.185875e-09,1.575538e-09,8.282327e-10,1.582194e-10,3.309755e-10,2.689826e-09,2.323825e-09,NaN,NaN,NaN,NaN,NaN,NaN,NaN,NaN,NaN,NaN,NaN,NaN,NaN,NaN,NaN,NaN,NaN,NaN,NaN,NaN,NaN,NaN,NaN,NaN,NaN,NaN,NaN,NaN,NaN,NaN,NaN,NaN,NaN,NaN,NaN,NaN,NaN,NaN,NaN,NaN,NaN,NaN,NaN,NaN,NaN,NaN,NaN,NaN,NaN,NaN,NaN,NaN,NaN,NaN,NaN,NaN,NaN,NaN,NaN,NaN,NaN,NaN,NaN,NaN,NaN,NaN,NaN,NaN,NaN,NaN,NaN,NaN,NaN,NaN
NaN,NaN,NaN,NaN,NaN,NaN,NaN,NaN,NaN,NaN,NaN,NaN,NaN,NaN,NaN,NaN,NaN,NaN,NaN,NaN,NaN,0,0,0,0,0,0,0,0,0,0,0,0,0,NaN,NaN,NaN,NaN,NaN,NaN,NaN,NaN,NaN,NaN,NaN,NaN,NaN,NaN,NaN,NaN,NaN,NaN,NaN,NaN,NaN,NaN,NaN,NaN,NaN,NaN,NaN,NaN,NaN,NaN,NaN,NaN,NaN,NaN,NaN,NaN,NaN,NaN,NaN,NaN,NaN,NaN,NaN,NaN,NaN,NaN,NaN,NaN,NaN,NaN,NaN,NaN,NaN,NaN,NaN,NaN,NaN,NaN,NaN,NaN,NaN,NaN,NaN,NaN,NaN,NaN,NaN,NaN,NaN,NaN,NaN,NaN,NaN,NaN
