NaN,NaN,NaN,NaN,NaN,NaN,NaN,NaN,NaN,NaN,NaN,NaN,NaN,NaN,NaN,NaN,NaN,NaN,NaN,NaN,NaN,0,0,0,0,0,0,0,0,0,0,0,0,0,NaN,NaN,NaN,NaN,NaN,NaN,NaN,NaN,NaN,NaN,NaN,NaN,NaN,NaN,NaN,NaN,NaN,NaN,NaN,NaN,NaN,NaN,NaN,NaN,NaN,NaN,NaN,NaN,NaN,NaN,NaN,NaN,NaN,NaN,NaN,NaN,NaN,NaN,NaN,NaN,NaN,NaN,NaN,NaN,NaN,NaN,NaN,NaN,NaN,NaN,NaN,NaN,NaN,NaN,NaN,NaN,NaN,NaN,NaN,NaN,NaN,NaN,NaN,NaN,NaN,NaN,NaN,NaN,NaN,NaN,NaN,NaN,NaN,NaN
NaN,NaN,NaN,NaN,NaN,NaN,NaN,NaN,NaN,NaN,NaN,NaN,NaN,NaN,NaN,NaN,NaN,NaN,NaN,NaN,NaN,2.916665e-11,2.706949e-11,-1.492019e-10,-1.947553e-10,-1.780435e-10,-1.438093e-10,-7.998133e-11,-2.05961e-11,2.774613e-11,2.986942e-11,1.904297e-11,-2.123419e-10,-2.024795e-10,NaN,NaN,NaN,NaN,NaN,NaN,NaN,NaN,NaN,NaN,NaN,NaN,NaN,NaN,NaN,NaN,NaN,NaN,NaN,NaN,NaN,NaN,NaN,NaN,NaN,NaN,NaN,NaN,NaN,NaN,NaN,NaN,NaN,NaN,NaN,NaN,NaN,NaN,NaN,NaN,NaN,NaN,NaN,NaN,NaN,NaN,NaN,NaN,NaN,NaN,NaN,NaN,NaN,NaN,NaN,NaN,NaN,NaN,NaN,NaN,NaN,NaN,NaN,NaN,NaN,NaN,NaN,NaN,NaN,NaN,NaN,NaN,NaN,NaN
NaN,NaN,NaN,NaN,NaN,NaN,NaN,NaN,NaN,NaN,NaN,NaN,NaN,NaN,NaN,NaN,NaN,NaN,NaN,NaN,NaN,4.117947e-09,2.345124e-09,-3.314262e-09,-5.550342e-09,-3.214832e-09,-2.694186e-09,-7.536167e-10,-3.928648e-10,1.937397e-09,2.777676e-09,2.808963e-09,-6.312274e-09,-7.256964e-09,NaN,NaN,NaN,NaN,NaN,NaN,NaN,NaN,NaN,NaN,NaN,NaN,NaN,NaN,NaN,NaN,NaN,NaN,NaN,NaN,NaN,NaN,NaN,NaN,NaN,NaN,NaN,NaN,NaN,NaN,NaN,NaN,NaN,NaN,NaN,NaN,NaN,NaN,NaN,NaN,NaN,NaN,NaN,NaN,NaN,NaN,NaN,NaN,NaN,NaN,NaN,NaN,NaN,NaN,NaN,NaN,NaN,NaN,NaN,NaN,NaN,NaN,NaN,NaN,NaN,NaN,NaN,NaN,NaN,NaN,NaN,NaN,NaN,NaN
NaN,NaN,NaN,NaN,NaN,NaN,NaN,NaN,NaN,NaN,NaN,NaN,NaN,NaN,NaN,NaN,NaN,NaN,NaN,NaN,5.249679e-09,-8.241614e-09,-5.119686e-09,-7.242266e-09,-8.02085e-09,-1.2416e-08,-1.026045e-08,-5.377323e-09,1.629905e-09,2.515144e-09,-9.283062e-10,-2.583901e-09,-2.730383e-09,5.562525e-10,-1.655254e-08,NaN,NaN,NaN,NaN,NaN,NaN,NaN,NaN,NaN,NaN,NaN,NaN,NaN,NaN,NaN,NaN,NaN,NaN,NaN,NaN,NaN,NaN,NaN,NaN,NaN,NaN,NaN,NaN,NaN,NaN,NaN,NaN,NaN,NaN,NaN,NaN,NaN,NaN,NaN,NaN,NaN,NaN,NaN,NaN,NaN,NaN,NaN,NaN,NaN,NaN,NaN,NaN,NaN,NaN,NaN,NaN,NaN,NaN,NaN,NaN,NaN,NaN,NaN,NaN,NaN,NaN,NaN,NaN,NaN,NaN,NaN,NaN,NaN
NaN,NaN,NaN,NaN,NaN,NaN,NaN,NaN,NaN,NaN,NaN,NaN,NaN,NaN,NaN,NaN,NaN,NaN,NaN,1.994066e-09,-2.331585e-08,1.054369e-08,1.68019e-09,-3.8494e-08,-5.548483e-08,-5.071108e-08,-3.921294e-08,-1.122455e-08,1.294987e-08,3.300624e-08,3.309035e-08,2.548778e-08,-3.072435e-08,-3.699612e-08,2.086309e-09,-1.844827e-08,NaN,NaN,NaN,NaN,NaN,NaN,NaN,NaN,NaN,NaN,NaN,NaN,NaN,NaN,NaN,NaN,NaN,NaN,NaN,NaN,NaN,NaN,NaN,NaN,NaN,NaN,NaN,NaN,NaN,NaN,NaN,NaN,NaN,NaN,NaN,NaN,NaN,NaN,NaN,NaN,NaN,NaN,NaN,NaN,NaN,NaN,NaN,NaN,NaN,NaN,NaN,NaN,NaN,NaN,NaN,NaN,NaN,NaN,NaN,NaN,NaN,NaN,NaN,NaN,NaN,NaN,NaN,NaN,NaN,NaN,NaN,NaN
NaN,NaN,NaN,NaN,NaN,NaN,NaN,NaN,NaN,NaN,NaN,NaN,NaN,NaN,NaN,NaN,NaN,NaN,NaN,3.894693e-08,1.811941e-08,-5.115691e-08,-5.301639e-08,-9.32196e-08,-1.289735e-07,-1.643456e-07,-1.252101e-07,-2.620122e-08,8.404007e-08,1.30508e-07,1.011312e-07,6.145672e-08,2.272179e-08,1.967161e-08,-7.149293e-08,-1.053307e-07,NaN,NaN,NaN,NaN,NaN,NaN,NaN,NaN,NaN,NaN,NaN,NaN,NaN,NaN,NaN,NaN,NaN,NaN,NaN,NaN,NaN,NaN,NaN,NaN,NaN,NaN,NaN,NaN,NaN,NaN,NaN,NaN,NaN,NaN,NaN,NaN,NaN,NaN,NaN,NaN,NaN,NaN,NaN,NaN,NaN,NaN,NaN,NaN,NaN,NaN,NaN,NaN,NaN,NaN,NaN,NaN,NaN,NaN,NaN,NaN,NaN,NaN,NaN,NaN,NaN,NaN,NaN,NaN,NaN,NaN,NaN,NaN
NaN,NaN,NaN,NaN,NaN,NaN,NaN,NaN,NaN,NaN,NaN,NaN,NaN,NaN,NaN,NaN,NaN,NaN,2.274009e-08,3.843445e-09,-8.12557e-08,-3.279026e-08,-1.475866e-07,-4.369616e-07,-6.323757e-07,-6.882842e-07,-4.91695e-07,-4.188902e-08,4.22267e-07,6.921184e-07,6.517849e-07,4.66004e-07,1.074922e-07,-2.854757e-08,2.626434e-08,-6.047677e-08,-1.146496e-07,NaN,NaN,NaN,NaN,NaN,NaN,NaN,NaN,NaN,NaN,NaN,NaN,NaN,NaN,NaN,NaN,NaN,NaN,NaN,NaN,NaN,NaN,NaN,NaN,NaN,NaN,NaN,NaN,NaN,NaN,NaN,NaN,NaN,NaN,NaN,NaN,NaN,NaN,NaN,NaN,NaN,NaN,NaN,NaN,NaN,NaN,NaN,NaN,NaN,NaN,NaN,NaN,NaN,NaN,NaN,NaN,NaN,NaN,NaN,NaN,NaN,NaN,NaN,NaN,NaN,NaN,NaN,NaN,NaN,NaN,NaN
NaN,NaN,NaN,NaN,NaN,NaN,NaN,NaN,NaN,NaN,NaN,NaN,NaN,NaN,NaN,NaN,NaN,1.757768e-07,-1.922375e-07,8.443082e-08,-5.132453e-08,-5.200621e-07,-1.00537e-06,-1.950324e-06,-2.741684e-06,-3.036037e-06,-2.06551e-06,-8.596299e-08,1.997981e-06,3.267976e-06,3.130501e-06,2.273224e-06,1.201718e-06,5.850295e-07,-2.901474e-08,-2.384878e-07,2.063785e-07,-3.400046e-07,NaN,NaN,NaN,NaN,NaN,NaN,NaN,NaN,NaN,NaN,NaN,NaN,NaN,NaN,NaN,NaN,NaN,NaN,NaN,NaN,NaN,NaN,NaN,NaN,NaN,NaN,NaN,NaN,NaN,NaN,NaN,NaN,NaN,NaN,NaN,NaN,NaN,NaN,NaN,NaN,NaN,NaN,NaN,NaN,NaN,NaN,NaN,NaN,NaN,NaN,NaN,NaN,NaN,NaN,NaN,NaN,NaN,NaN,NaN,NaN,NaN,NaN,NaN,NaN,NaN,NaN,NaN,NaN,NaN,NaN
NaN,NaN,NaN,NaN,NaN,NaN,NaN,NaN,NaN,NaN,NaN,NaN,NaN,NaN,NaN,NaN,-1.800845e-07,1.692237e-07,-7.554333e-10,-2.14264e-07,-1.00666e-06,-2.391275e-06,-5.758477e-06,-9.870996e-06,-1.148019e-05,-1.020661e-05,-6.149983e-06,-1.499028e-07,6.147259e-06,1.124755e-05,1.337275e-05,1.206974e-05,7.31707e-06,3.106526e-06,1.281151e-06,2.049632e-07,-1.556463e-07,-3.319605e-07,1.871019e-07,NaN,NaN,NaN,NaN,NaN,NaN,NaN,NaN,NaN,NaN,NaN,NaN,NaN,NaN,NaN,NaN,NaN,NaN,NaN,NaN,NaN,NaN,NaN,NaN,NaN,NaN,NaN,NaN,NaN,NaN,NaN,NaN,NaN,NaN,NaN,NaN,NaN,NaN,NaN,NaN,NaN,NaN,NaN,NaN,NaN,NaN,NaN,NaN,NaN,NaN,NaN,NaN,NaN,NaN,NaN,NaN,NaN,NaN,NaN,NaN,NaN,NaN,NaN,NaN,NaN,NaN,NaN,NaN,NaN
NaN,NaN,NaN,NaN,NaN,NaN,NaN,NaN,NaN,NaN,NaN,NaN,NaN,NaN,NaN,-1.206747e-07,2.181967e-08,4.147934e-07,-1.037778e-06,-1.347693e-06,-6.411197e-06,-1.570092e-05,-2.356226e-05,-2.742738e-05,-2.686079e-05,-2.108315e-05,-1.180216e-05,-2.103452e-07,1.206177e-05,2.339054e-05,3.151522e-05,3.392089e-05,3.051613e-05,2.134686e-05,9.064963e-06,1.847004e-06,1.43438e-06,-7.309506e-07,-2.215311e-07,2.701537e-07,NaN,NaN,NaN,NaN,NaN,NaN,NaN,NaN,NaN,NaN,NaN,NaN,NaN,NaN,NaN,NaN,NaN,NaN,NaN,NaN,NaN,NaN,NaN,NaN,NaN,NaN,NaN,NaN,NaN,NaN,NaN,NaN,NaN,NaN,NaN,NaN,NaN,NaN,NaN,NaN,NaN,NaN,NaN,NaN,NaN,NaN,NaN,NaN,NaN,NaN,NaN,NaN,NaN,NaN,NaN,NaN,NaN,NaN,NaN,NaN,NaN,NaN,NaN,NaN,NaN,NaN,NaN,NaN
NaN,NaN,NaN,NaN,NaN,NaN,NaN,NaN,NaN,NaN,NaN,NaN,NaN,NaN,9.71088e-08,4.415761e-07,-5.59132e-07,-4.86564e-07,-3.791831e-06,-1.582503e-05,-3.139609e-05,-4.389772e-05,-5.143744e-05,-4.871364e-05,-4.319731e-05,-3.212251e-05,-1.751448e-05,-1.398516e-07,1.837002e-05,3.597254e-05,5.118213e-05,6.078447e-05,6.736922e-05,6.042087e-05,4.531568e-05,2.365849e-05,5.822465e-06,6.809237e-07,7.533627e-07,-7.18588e-07,-1.762872e-07,NaN,NaN,NaN,NaN,NaN,NaN,NaN,NaN,NaN,NaN,NaN,NaN,NaN,NaN,NaN,NaN,NaN,NaN,NaN,NaN,NaN,NaN,NaN,NaN,NaN,NaN,NaN,NaN,NaN,NaN,NaN,NaN,NaN,NaN,NaN,NaN,NaN,NaN,NaN,NaN,NaN,NaN,NaN,NaN,NaN,NaN,NaN,NaN,NaN,NaN,NaN,NaN,NaN,NaN,NaN,NaN,NaN,NaN,NaN,NaN,NaN,NaN,NaN,NaN,NaN,NaN,NaN
NaN,NaN,NaN,NaN,NaN,NaN,NaN,NaN,NaN,NaN,NaN,NaN,NaN,-1.163327e-07,1.249092e-06,-1.69435e-06,4.122107e-08,-1.056061e-05,-3.049341e-05,-5.27274e-05,-7.112636e-05,-7.573682e-05,-7.841433e-05,-7.042177e-05,-5.95934e-05,-4.318033e-05,-2.286172e-05,1.57724e-07,2.52254e-05,4.905719e-05,7.195022e-05,8.87898e-05,0.0001043506,0.0001054156,0.0001041422,7.99504e-05,4.855138e-05,1.693835e-05,-2.09638e-09,2.773812e-06,-1.971875e-06,2.277406e-07,NaN,NaN,NaN,NaN,NaN,NaN,NaN,NaN,NaN,NaN,NaN,NaN,NaN,NaN,NaN,NaN,NaN,NaN,NaN,NaN,NaN,NaN,NaN,NaN,NaN,NaN,NaN,NaN,NaN,NaN,NaN,NaN,NaN,NaN,NaN,NaN,NaN,NaN,NaN,NaN,NaN,NaN,NaN,NaN,NaN,NaN,NaN,NaN,NaN,NaN,NaN,NaN,NaN,NaN,NaN,NaN,NaN,NaN,NaN,NaN,NaN,NaN,NaN,NaN,NaN,NaN
NaN,NaN,NaN,NaN,NaN,NaN,NaN,NaN,NaN,NaN,NaN,NaN,1.07397e-06,-7.419505e-07,5.069194e-07,-3.398452e-06,-2.072048e-05,-5.220452e-05,-7.905989e-05,-9.752747e-05,-0.0001072171,-0.0001083737,-0.0001042975,-9.162013e-05,-7.480008e-05,-5.340356e-05,-2.753135e-05,1.264241e-06,3.227012e-05,6.292548e-05,9.236274e-05,0.0001181047,0.0001412638,0.0001537204,0.0001594499,0.0001509541,0.000127248,8.663636e-05,3.559505e-05,5.80708e-06,-6.207717e-07,1.450415e-06,-1.327638e-06,NaN,NaN,NaN,NaN,NaN,NaN,NaN,NaN,NaN,NaN,NaN,NaN,NaN,NaN,NaN,NaN,NaN,NaN,NaN,NaN,NaN,NaN,NaN,NaN,NaN,NaN,NaN,NaN,NaN,NaN,NaN,NaN,NaN,NaN,NaN,NaN,NaN,NaN,NaN,NaN,NaN,NaN,NaN,NaN,NaN,NaN,NaN,NaN,NaN,NaN,NaN,NaN,NaN,NaN,NaN,NaN,NaN,NaN,NaN,NaN,NaN,NaN,NaN,NaN,NaN
NaN,NaN,NaN,NaN,NaN,NaN,NaN,NaN,NaN,NaN,NaN,2.199558e-06,-2.517573e-06,2.115277e-06,-1.019393e-05,-3.761474e-05,-7.507081e-05,-0.0001112739,-0.0001239272,-0.0001403616,-0.0001421151,-0.0001386198,-0.0001278365,-0.0001111428,-8.879733e-05,-6.219548e-05,-3.118532e-05,3.629845e-06,3.986726e-05,7.788449e-05,0.0001131468,0.0001482842,0.0001772412,0.0002021315,0.0002157064,0.0002227337,0.0002035713,0.0001894239,0.0001306153,6.767797e-05,1.833392e-05,-3.407526e-06,5.211296e-06,-3.20056e-06,NaN,NaN,NaN,NaN,NaN,NaN,NaN,NaN,NaN,NaN,NaN,NaN,NaN,NaN,NaN,NaN,NaN,NaN,NaN,NaN,NaN,NaN,NaN,NaN,NaN,NaN,NaN,NaN,NaN,NaN,NaN,NaN,NaN,NaN,NaN,NaN,NaN,NaN,NaN,NaN,NaN,NaN,NaN,NaN,NaN,NaN,NaN,NaN,NaN,NaN,NaN,NaN,NaN,NaN,NaN,NaN,NaN,NaN,NaN,NaN,NaN,NaN,NaN,NaN
NaN,NaN,NaN,NaN,NaN,NaN,NaN,NaN,NaN,NaN,1.580761e-07,2.240598e-07,-9.192062e-07,-1.856848e-05,-6.414407e-05,-0.0001017277,-0.0001356867,-0.0001598034,-0.0001703013,-0.0001769152,-0.0001741706,-0.0001649644,-0.0001495821,-0.0001273539,-0.0001004461,-6.867086e-05,-3.281401e-05,7.22093e-06,4.917639e-05,9.288578e-05,0.000135314,0.0001773017,0.0002154492,0.0002485437,0.0002729545,0.0002892012,0.0002881712,0.0002797634,0.0002435262,0.0001869201,0.0001191657,3.541589e-05,2.202377e-06,8.467779e-07,7.95252e-07,NaN,NaN,NaN,NaN,NaN,NaN,NaN,NaN,NaN,NaN,NaN,NaN,NaN,NaN,NaN,NaN,NaN,NaN,NaN,NaN,NaN,NaN,NaN,NaN,NaN,NaN,NaN,NaN,NaN,NaN,NaN,NaN,NaN,NaN,NaN,NaN,NaN,NaN,NaN,NaN,NaN,NaN,NaN,NaN,NaN,NaN,NaN,NaN,NaN,NaN,NaN,NaN,NaN,NaN,NaN,NaN,NaN,NaN,NaN,NaN,NaN,NaN,NaN
NaN,NaN,NaN,NaN,NaN,NaN,NaN,NaN,3.01876e-06,-3.00548e-06,3.724829e-06,-6.997058e-06,-3.452711e-05,-8.678284e-05,-0.0001396351,-0.0001578565,-0.000190352,-0.0002038298,-0.0002093504,-0.0002087397,-0.0002019773,-0.0001865394,-0.000166656,-0.0001400656,-0.0001086113,-7.249453e-05,-3.148503e-05,1.266943e-05,6.069193e-05,0.0001089024,0.0001590702,0.0002062931,0.0002537029,0.0002933173,0.0003309174,0.0003540519,0.0003689735,0.0003695987,0.0003548908,0.0003007259,0.0002691483,0.0001675324,6.807158e-05,1.421271e-05,-5.35469e-06,7.664749e-06,-3.207158e-06,NaN,NaN,NaN,NaN,NaN,NaN,NaN,NaN,NaN,NaN,NaN,NaN,NaN,NaN,NaN,NaN,NaN,NaN,NaN,NaN,NaN,NaN,NaN,NaN,NaN,NaN,NaN,NaN,NaN,NaN,NaN,NaN,NaN,NaN,NaN,NaN,NaN,NaN,NaN,NaN,NaN,NaN,NaN,NaN,NaN,NaN,NaN,NaN,NaN,NaN,NaN,NaN,NaN,NaN,NaN,NaN,NaN,NaN,NaN,NaN,NaN
NaN,NaN,NaN,NaN,NaN,NaN,NaN,1.80375e-06,-1.348944e-06,2.18785e-06,-1.40201e-05,-6.369671e-05,-0.0001087167,-0.0001635562,-0.0001949783,-0.0002149972,-0.0002319141,-0.0002416447,-0.0002406826,-0.0002349821,-0.000221686,-0.0002033176,-0.0001781698,-0.0001479039,-0.0001120098,-7.198709e-05,-2.694665e-05,2.176378e-05,7.387498e-05,0.0001278119,0.0001826571,0.0002374929,0.0002906543,0.0003403246,0.0003838284,0.0004202831,0.0004452638,0.0004598348,0.0004534383,0.0004286563,0.0003935576,0.000330727,0.0002203318,0.0001278773,2.907376e-05,-2.01178e-06,5.629942e-06,-3.768509e-07,NaN,NaN,NaN,NaN,NaN,NaN,NaN,NaN,NaN,NaN,NaN,NaN,NaN,NaN,NaN,NaN,NaN,NaN,NaN,NaN,NaN,NaN,NaN,NaN,NaN,NaN,NaN,NaN,NaN,NaN,NaN,NaN,NaN,NaN,NaN,NaN,NaN,NaN,NaN,NaN,NaN,NaN,NaN,NaN,NaN,NaN,NaN,NaN,NaN,NaN,NaN,NaN,NaN,NaN,NaN,NaN,NaN,NaN,NaN,NaN
NaN,NaN,NaN,NaN,NaN,NaN,-2.505407e-06,3.954557e-06,-3.187009e-06,-2.643046e-05,-9.059259e-05,-0.0001493288,-0.0001741716,-0.0002230564,-0.0002443188,-0.0002567408,-0.0002660431,-0.0002699187,-0.0002624131,-0.0002525621,-0.0002347469,-0.0002118924,-0.0001829288,-0.0001491982,-0.0001100497,-6.615609e-05,-1.789977e-05,3.496478e-05,9.050001e-05,0.0001494943,0.0002086445,0.0002698262,0.0003280684,0.0003860883,0.0004372815,0.0004842113,0.0005175829,0.0005467341,0.000551745,0.0005435012,0.0005222764,0.0004778527,0.0003752577,0.0003143966,0.0001862008,5.473549e-05,8.797867e-06,-3.404065e-06,8.717333e-06,NaN,NaN,NaN,NaN,NaN,NaN,NaN,NaN,NaN,NaN,NaN,NaN,NaN,NaN,NaN,NaN,NaN,NaN,NaN,NaN,NaN,NaN,NaN,NaN,NaN,NaN,NaN,NaN,NaN,NaN,NaN,NaN,NaN,NaN,NaN,NaN,NaN,NaN,NaN,NaN,NaN,NaN,NaN,NaN,NaN,NaN,NaN,NaN,NaN,NaN,NaN,NaN,NaN,NaN,NaN,NaN,NaN,NaN,NaN
NaN,NaN,NaN,NaN,NaN,-2.482314e-06,4.282615e-06,-1.016882e-05,-5.438049e-05,-0.0001056102,-0.0001794389,-0.000205917,-0.0002364897,-0.0002630269,-0.0002810832,-0.0002859308,-0.0002893087,-0.000284704,-0.0002759177,-0.0002588683,-0.0002385075,-0.0002113515,-0.0001801285,-0.0001423908,-0.0001008717,-5.375879e-05,-2.777989e-06,5.303463e-05,0.0001120774,0.0001741632,0.0002381636,0.0003031056,0.0003683449,0.0004310537,0.0004908175,0.0005440519,0.0005914457,0.0006255461,0.0006478083,0.0006524393,0.0006459266,0.0006087484,0.0005450624,0.0004687975,0.0003926867,0.0002261473,0.0001105538,2.299705e-05,-2.941967e-06,9.972308e-06,NaN,NaN,NaN,NaN,NaN,NaN,NaN,NaN,NaN,NaN,NaN,NaN,NaN,NaN,NaN,NaN,NaN,NaN,NaN,NaN,NaN,NaN,NaN,NaN,NaN,NaN,NaN,NaN,NaN,NaN,NaN,NaN,NaN,NaN,NaN,NaN,NaN,NaN,NaN,NaN,NaN,NaN,NaN,NaN,NaN,NaN,NaN,NaN,NaN,NaN,NaN,NaN,NaN,NaN,NaN,NaN,NaN,NaN
NaN,NaN,NaN,-1.922277e-06,3.580542e-06,-3.803377e-07,-2.021662e-05,-8.609739e-05,-0.0001420926,-0.0001766876,-0.0002340984,-0.0002560986,-0.0002731764,-0.0002911432,-0.0003019013,-0.0002999506,-0.0002982575,-0.0002888023,-0.0002745558,-0.0002548695,-0.0002309275,-0.0002007626,-0.0001665417,-0.000126985,-8.285825e-05,-3.383255e-05,1.976648e-05,7.751644e-05,0.0001394014,0.0002039877,0.0002716426,0.0003399889,0.0004097082,0.0004773729,0.0005442327,0.0006042764,0.000659308,0.0007043242,0.0007382988,0.0007538195,0.0007625261,0.0007389386,0.0006919053,0.0006372117,0.0005627189,0.0004161468,0.0003103552,0.0001749918,4.181875e-05,6.112021e-06,1.170112e-06,9.242376e-06,NaN,NaN,NaN,NaN,NaN,NaN,NaN,NaN,NaN,NaN,NaN,NaN,NaN,NaN,NaN,NaN,NaN,NaN,NaN,NaN,NaN,NaN,NaN,NaN,NaN,NaN,NaN,NaN,NaN,NaN,NaN,NaN,NaN,NaN,NaN,NaN,NaN,NaN,NaN,NaN,NaN,NaN,NaN,NaN,NaN,NaN,NaN,NaN,NaN,NaN,NaN,NaN,NaN,NaN,NaN,NaN
NaN,NaN,-2.356956e-06,4.869249e-06,-7.552733e-06,-4.496349e-05,-9.722292e-05,-0.0001761228,-0.0001939529,-0.000233625,-0.0002650342,-0.0002834194,-0.0002921549,-0.0003022931,-0.0003027918,-0.0003006759,-0.0002900243,-0.0002782727,-0.0002597643,-0.0002377317,-0.0002096898,-0.000178785,-0.0001416353,-0.0001008373,-5.448941e-05,-4.37895e-06,5.093235e-05,0.0001101175,0.0001735843,0.0002403162,0.0003098108,0.0003815955,0.0004541292,0.0005269276,0.0005968098,0.0006647176,0.0007261363,0.0007800582,0.0008216464,0.0008545297,0.0008670715,0.0008634413,0.000832953,0.0007907922,0.0007218476,0.0006124551,0.0004848964,0.0003934922,0.0002052321,8.318395e-05,1.844555e-05,1.039974e-06,1.084706e-05,NaN,NaN,NaN,NaN,NaN,NaN,NaN,NaN,NaN,NaN,NaN,NaN,NaN,NaN,NaN,NaN,NaN,NaN,NaN,NaN,NaN,NaN,NaN,NaN,NaN,NaN,NaN,NaN,NaN,NaN,NaN,NaN,NaN,NaN,NaN,NaN,NaN,NaN,NaN,NaN,NaN,NaN,NaN,NaN,NaN,NaN,NaN,NaN,NaN,NaN,NaN,NaN,NaN,NaN,NaN
-2.098875e-06,3.840169e-06,6.527889e-07,-1.759523e-05,-7.432731e-05,-0.0001265623,-0.0001621069,-0.0002166936,-0.0002349657,-0.0002559264,-0.0002760037,-0.0002888997,-0.000288771,-0.0002927069,-0.0002881968,-0.000279841,-0.0002667324,-0.0002512445,-0.0002290027,-0.0002053134,-0.0001753378,-0.0001424055,-0.0001037811,-6.222454e-05,-1.476432e-05,3.600891e-05,9.238013e-05,0.0001520451,0.0002166906,0.0002841508,0.0003554313,0.0004284703,0.0005034444,0.0005786102,0.0006533783,0.0007250424,0.0007917825,0.0008534004,0.0009044009,0.0009437856,0.00097107,0.0009782122,0.0009621014,0.0009365465,0.0008762213,0.0007835359,0.000680418,0.0005700509,0.000400904,0.0002631819,0.0001306612,3.08264e-05,7.736041e-06,6.130639e-06,9.026175e-06,NaN,NaN,NaN,NaN,NaN,NaN,NaN,NaN,NaN,NaN,NaN,NaN,NaN,NaN,NaN,NaN,NaN,NaN,NaN,NaN,NaN,NaN,NaN,NaN,NaN,NaN,NaN,NaN,NaN,NaN,NaN,NaN,NaN,NaN,NaN,NaN,NaN,NaN,NaN,NaN,NaN,NaN,NaN,NaN,NaN,NaN,NaN,NaN,NaN,NaN,NaN,NaN,NaN
3.915191e-06,-7.501496e-06,-3.765267e-05,-8.10187e-05,-0.0001488507,-0.000162675,-0.0001992435,-0.0002290924,-0.0002415755,-0.0002536151,-0.0002643291,-0.0002665275,-0.0002660534,-0.000260814,-0.0002523698,-0.00024119,-0.0002243177,-0.0002055048,-0.0001825513,-0.0001559963,-0.0001248284,-9.1109e-05,-5.18599e-05,-9.540357e-06,3.826851e-05,8.907726e-05,0.0001456009,0.0002050612,0.0002699777,0.0003372419,0.000409205,0.0004825411,0.0005593536,0.0006356101,0.000712682,0.0007871093,0.0008598494,0.0009244359,0.0009832701,0.001031988,0.001066481,0.001084912,0.001087087,0.001065611,0.0010245,0.0009494409,0.0008544301,0.0007486168,0.0005968196,0.0004355986,0.0003097841,0.0001477921,4.454674e-05,1.475877e-05,8.662114e-06,8.963706e-06,NaN,NaN,NaN,NaN,NaN,NaN,NaN,NaN,NaN,NaN,NaN,NaN,NaN,NaN,NaN,NaN,NaN,NaN,NaN,NaN,NaN,NaN,NaN,NaN,NaN,NaN,NaN,NaN,NaN,NaN,NaN,NaN,NaN,NaN,NaN,NaN,NaN,NaN,NaN,NaN,NaN,NaN,NaN,NaN,NaN,NaN,NaN,NaN,NaN,NaN,NaN,-4.184197e-07
-1.646873e-05,-5.387656e-05,-9.949468e-05,-0.0001178862,-0.0001632472,-0.0001771168,-0.0001948449,-0.0002106157,-0.000220669,-0.0002214115,-0.0002249632,-0.0002233286,-0.0002157886,-0.0002076925,-0.0001960414,-0.0001803234,-0.0001625442,-0.0001416777,-0.0001163701,-8.942136e-05,-5.76662e-05,-2.306135e-05,1.631676e-05,5.831484e-05,0.0001057808,0.0001561299,0.000212065,0.00027079,0.0003349642,0.000401556,0.0004729829,0.0005459265,0.0006223894,0.000699091,0.0007777044,0.000853691,0.0009278574,0.0009978049,0.001061403,0.001114364,0.001159224,0.001186794,0.00119709,0.00119277,0.00115975,0.001100994,0.001024283,0.0009181773,0.0007792116,0.0006300904,0.000472752,0.0003013851,0.0001536406,5.067109e-05,3.488401e-06,1.23754e-05,1.497585e-05,3.265471e-06,NaN,NaN,NaN,NaN,NaN,NaN,NaN,NaN,NaN,NaN,NaN,NaN,NaN,NaN,NaN,NaN,NaN,NaN,NaN,NaN,NaN,NaN,NaN,NaN,NaN,NaN,NaN,NaN,NaN,NaN,NaN,NaN,NaN,NaN,NaN,NaN,NaN,NaN,NaN,NaN,NaN,NaN,NaN,NaN,NaN,NaN,NaN,-1.101185e-06,3.205189e-06,-1.246232e-06
-5.235852e-05,-8.466956e-05,-0.0001002279,-0.0001179523,-0.0001419405,-0.0001469169,-0.000157718,-0.0001636256,-0.0001643496,-0.0001627719,-0.0001598538,-0.0001512749,-0.0001439514,-0.0001300851,-0.0001164718,-9.916784e-05,-7.977956e-05,-5.639069e-05,-3.258681e-05,-2.979539e-06,2.754025e-05,6.312503e-05,0.0001004845,0.0001436798,0.0001885976,0.000239523,0.0002923994,0.0003514788,0.0004123433,0.0004791956,0.0005472487,0.0006207467,0.0006944516,0.0007722412,0.0008479555,0.0009263714,0.001000662,0.001073071,0.001137878,0.001199399,0.001245111,0.001283331,0.001303674,0.001306205,0.00128708,0.001246181,0.001173896,0.001086437,0.0009578159,0.0008112465,0.0006517308,0.0004705492,0.0002872871,0.0001333094,2.138998e-05,-3.51714e-05,-1.162633e-05,1.987327e-05,1.761585e-05,-1.144553e-06,NaN,NaN,NaN,NaN,NaN,NaN,NaN,NaN,NaN,NaN,NaN,NaN,NaN,NaN,NaN,NaN,NaN,NaN,NaN,NaN,NaN,NaN,NaN,NaN,NaN,NaN,NaN,NaN,NaN,NaN,NaN,NaN,NaN,NaN,NaN,NaN,NaN,NaN,NaN,NaN,NaN,NaN,NaN,-2.327819e-07,1.299134e-06,6.643319e-07,-7.432026e-06,-2.303272e-05
-3.591062e-05,-5.41065e-05,-6.651522e-05,-6.87717e-05,-8.090539e-05,-8.26826e-05,-8.49991e-05,-8.133701e-05,-8.27341e-05,-7.153334e-05,-6.773702e-05,-5.523772e-05,-4.532543e-05,-2.840755e-05,-1.597557e-05,6.657813e-06,2.311895e-05,4.954978e-05,7.201567e-05,0.0001032767,0.0001308545,0.0001686249,0.0002026992,0.0002468326,0.0002880202,0.0003395918,0.0003884675,0.0004476671,0.0005042917,0.0005709467,0.0006347946,0.0007078701,0.0007773321,0.0008549084,0.0009279939,0.001006578,0.001077867,0.00115337,0.001218258,0.001281107,0.00133263,0.001376196,0.001400435,0.001416747,0.001404519,0.001375013,0.001321536,0.001238904,0.001127019,0.0009934055,0.0008302671,0.0006466661,0.0004539684,0.0002571639,9.707655e-05,-7.357416e-05,-9.017776e-05,-9.252007e-05,-1.738592e-05,3.002734e-05,1.420154e-05,NaN,NaN,NaN,NaN,NaN,NaN,NaN,NaN,NaN,NaN,NaN,NaN,NaN,NaN,NaN,NaN,NaN,NaN,NaN,NaN,NaN,NaN,NaN,NaN,NaN,NaN,NaN,NaN,NaN,NaN,NaN,NaN,NaN,NaN,NaN,NaN,NaN,NaN,NaN,NaN,NaN,1.095921e-07,-9.077739e-07,-3.560361e-06,2.756293e-07,-1.395735e-05,-3.046972e-05
2.458333e-05,2.201539e-05,1.789802e-05,1.986947e-05,1.407005e-05,2.237086e-05,2.001208e-05,2.951862e-05,3.318301e-05,4.536301e-05,5.11842e-05,6.874128e-05,7.626167e-05,9.714434e-05,0.0001095255,0.0001324617,0.0001490364,0.0001767668,0.0001966269,0.0002293661,0.0002548613,0.0002924602,0.0003237895,0.0003679158,0.0004058872,0.0004566997,0.0005018071,0.0005598298,0.0006123087,0.000677402,0.000736798,0.0008082159,0.0008735045,0.0009494804,0.001017813,0.001095537,0.001164559,0.001238649,0.001301741,0.001368603,0.001417787,0.001466818,0.001497274,0.001516546,0.001515142,0.001498615,0.00145,0.001386906,0.001286829,0.001161859,0.001011431,0.0008317757,0.0006304618,0.0004204017,0.0002133603,6.054754e-06,-0.0001234981,-0.0002680915,-0.0002075438,-0.0001438024,-2.038556e-05,4.029931e-05,1.447675e-05,NaN,NaN,NaN,NaN,NaN,NaN,NaN,NaN,NaN,NaN,NaN,NaN,NaN,NaN,NaN,NaN,NaN,NaN,NaN,NaN,NaN,NaN,NaN,NaN,NaN,NaN,NaN,NaN,NaN,NaN,NaN,NaN,NaN,NaN,NaN,NaN,NaN,-6.0499e-07,-5.197849e-06,-1.44462e-06,1.745911e-05,2.465742e-05,3.063657e-05,3.388128e-05,3.035077e-05
0.0001375837,0.0001435493,0.0001386434,0.0001494836,0.0001475147,0.000156789,0.0001588382,0.0001724411,0.0001740786,0.0001917532,0.0001971183,0.0002150046,0.0002246408,0.000245424,0.0002565992,0.000281846,0.0002960245,0.0003239465,0.0003431861,0.0003749268,0.0003983488,0.0004355396,0.0004645475,0.0005070429,0.0005422202,0.0005910831,0.0006330216,0.0006884866,0.0007373475,0.000799408,0.0008548897,0.000922817,0.000983699,0.001056071,0.001121012,0.001195144,0.001259663,0.001332567,0.001393399,0.001456992,0.001508606,0.001558076,0.001588428,0.001616802,0.001618261,0.001609234,0.001575701,0.001519206,0.001433401,0.001326858,0.001181878,0.001015655,0.0008195841,0.0006044182,0.0003756084,0.0001395845,-6.848574e-05,-0.0002592617,-0.0003895263,-0.0004692796,-0.000308124,-0.0002204572,-3.605831e-05,4.714511e-05,3.355289e-05,-2.963629e-05,NaN,NaN,NaN,NaN,NaN,NaN,NaN,NaN,NaN,NaN,NaN,NaN,NaN,NaN,NaN,NaN,NaN,NaN,NaN,NaN,NaN,NaN,NaN,NaN,NaN,NaN,NaN,NaN,NaN,NaN,NaN,7.120477e-06,-7.362291e-06,-1.048817e-05,1.353094e-06,4.183917e-05,6.579206e-05,9.938446e-05,0.0001199089,0.000129752,0.0001321971,0.0001383504
0.0002909847,0.0003020257,0.0003011959,0.000312363,0.0003105929,0.0003264218,0.0003252444,0.0003414752,0.0003447363,0.0003621402,0.0003663179,0.0003881846,0.0003930009,0.0004172075,0.0004259341,0.0004515534,0.0004634938,0.000493177,0.0005075485,0.0005414551,0.0005605462,0.0005985022,0.0006224196,0.0006660054,0.000695509,0.0007448033,0.0007803269,0.0008358351,0.0008776432,0.0009392981,0.0009870722,0.001054342,0.001107348,0.001178866,0.001234789,0.001308393,0.001365682,0.00143706,0.001490266,0.001557105,0.001599861,0.00165331,0.001682401,0.001712478,0.001716648,0.001719032,0.001683922,0.001647277,0.001568205,0.001475772,0.001345351,0.001195911,0.001004321,0.0008017281,0.0005630215,0.0003234155,6.812263e-05,-0.0001772036,-0.0003924539,-0.0005456021,-0.000649777,-0.0007110153,-0.0004052342,-0.0003545895,-9.130466e-05,4.424314e-05,5.952394e-05,-1.878236e-05,NaN,NaN,NaN,NaN,NaN,NaN,NaN,NaN,NaN,NaN,NaN,NaN,NaN,NaN,NaN,NaN,NaN,NaN,NaN,NaN,NaN,NaN,NaN,NaN,NaN,NaN,NaN,5.24979e-06,-2.190644e-05,-1.549241e-05,1.387996e-05,9.021068e-05,0.0001147689,0.0001896981,0.0002277063,0.0002465369,0.0002631594,0.0002782652,0.000281996,0.0002937882
0.0004805855,0.0004980661,0.0004893552,0.0005089722,0.0005031297,0.0005209231,0.0005176973,0.0005386858,0.0005348237,0.0005585675,0.0005578847,0.0005812128,0.0005842009,0.0006096662,0.0006138192,0.0006429348,0.0006497537,0.0006807005,0.0006921014,0.0007260055,0.0007410315,0.0007793439,0.0007993325,0.0008417775,0.0008671813,0.0009146875,0.0009460258,0.0009987347,0.001036143,0.001094015,0.001137283,0.001199696,0.001247831,0.001313606,0.001365713,0.001432693,0.001485026,0.001550971,0.00160141,0.001659481,0.001703839,0.001750798,0.001779077,0.001809504,0.001816362,0.001816216,0.001796817,0.001757103,0.001695701,0.00161229,0.00149904,0.001357692,0.001192987,0.000990096,0.0007735413,0.0005172871,0.0002673906,-1.333423e-05,-0.0002680797,-0.0005335119,-0.0006998074,-0.0008701191,-0.000844284,-0.001069827,-0.0005713379,-0.0004897664,-0.0002641919,-1.026399e-05,5.038875e-05,7.09189e-05,-3.030341e-05,NaN,NaN,NaN,NaN,NaN,NaN,NaN,NaN,NaN,NaN,NaN,NaN,NaN,NaN,NaN,NaN,NaN,NaN,NaN,NaN,NaN,3.50469e-06,-3.415243e-05,-2.78067e-05,-4.786637e-06,6.322438e-05,0.0001703761,0.0001852971,0.0003414168,0.0003481738,0.0003952128,0.0004160226,0.0004481723,0.0004507799,0.0004740756,0.0004682312,0.0004868433
0.0007039785,0.000711822,0.0007145646,0.0007214678,0.0007240803,0.0007344966,0.0007380173,0.0007479066,0.0007558503,0.0007661433,0.0007750619,0.000788966,0.0007987357,0.0008141231,0.0008278068,0.0008439341,0.0008606993,0.000880093,0.0008991108,0.000921761,0.000945163,0.0009708249,0.0009985,0.001028588,0.001061177,0.001095631,0.0011334,0.00117261,0.001215734,0.001259572,0.001307723,0.001355704,0.001408273,0.001459232,0.001514222,0.001566374,0.001622787,0.001672585,0.001725855,0.001771958,0.001817134,0.001852108,0.001887535,0.001903492,0.001919985,0.001914554,0.001900287,0.001863773,0.001815633,0.001732683,0.001642317,0.001509322,0.001363715,0.001175496,0.0009760719,0.0007327146,0.000486325,0.0001943819,-7.003523e-05,-0.0003634467,-0.0006197035,-0.0008735179,-0.001002338,-0.001208051,-0.001089233,-0.001349356,-0.001051532,-0.0003854821,-0.0006381358,-0.0002622978,-2.328654e-05,3.164462e-05,7.320983e-05,2.920137e-05,-2.509926e-05,-1.641765e-05,NaN,NaN,NaN,NaN,NaN,NaN,NaN,NaN,NaN,NaN,NaN,-4.561376e-06,-8.823687e-06,-3.63375e-05,-5.376168e-05,-2.883956e-05,-4.621865e-06,7.402535e-05,0.0002490516,0.0001815886,0.0003607232,0.0005350909,0.0005045756,0.0005786085,0.0006060263,0.0006378036,0.0006553521,0.0006737476,0.0006796445,0.0006923349,0.000694982,0.000704165
0.0009503307,0.0009462328,0.0009554926,0.0009537505,0.0009653944,0.0009626739,0.0009761439,0.0009769204,0.0009893411,0.0009930034,0.00100801,0.001011693,0.001029574,0.001035777,0.001054075,0.001064115,0.001084325,0.001096313,0.00112006,0.001135082,0.001161248,0.001180529,0.001210272,0.001233412,0.001266977,0.001294768,0.001332481,0.001364938,0.001406768,0.001443804,0.001489425,0.001530442,0.001578876,0.001622871,0.001673372,0.001718592,0.001767754,0.001812543,0.001858951,0.00189757,0.001937835,0.001968501,0.001994179,0.002013141,0.002020774,0.002016615,0.002002958,0.001969525,0.00192103,0.001855906,0.001763721,0.001653719,0.001515614,0.001354034,0.001161789,0.0009474626,0.000702597,0.000446196,0.0001547616,-0.0001328969,-0.0004225634,-0.0006851259,-0.000963159,-0.001192921,-0.001325206,-0.001485018,-0.001458603,-0.001174258,-0.001642938,-0.001152468,-0.0003546814,-0.0005359172,-0.000604708,-0.0002017921,-3.037038e-05,-1.374067e-05,1.2069e-05,2.67021e-05,3.740038e-05,1.237935e-05,-7.9111e-06,-2.631007e-05,-3.484208e-05,-4.906758e-05,-5.32303e-05,-4.397005e-05,-2.639874e-05,-1.432566e-05,-1.027217e-06,6.289906e-05,0.0002577645,0.0002973872,0.0001981923,0.0004371767,0.0007236803,0.0006237348,0.0006959142,0.0007921577,0.0008292284,0.0008543413,0.0008885291,0.000892889,0.0009157074,0.0009186589,0.0009345219,0.0009319822,0.0009433341,0.000938898
0.001198852,0.001198859,0.001204558,0.001204369,0.001209671,0.001213173,0.001219239,0.001222527,0.001232442,0.001236565,0.001246989,0.001254883,0.001265881,0.001275326,0.001289728,0.00130008,0.001316894,0.001330516,0.001348871,0.00136549,0.001387348,0.001406622,0.001431604,0.001454742,0.001483373,0.001510155,0.001542492,0.001573139,0.001609199,0.001643477,0.001682816,0.001720186,0.001762196,0.001801597,0.001844403,0.001884254,0.001927138,0.001964453,0.002003365,0.00203749,0.002068518,0.002093108,0.002115666,0.00212473,0.002131226,0.002124273,0.002105391,0.002074969,0.002029742,0.001963637,0.001885268,0.001781511,0.001657966,0.00151049,0.001339597,0.00114344,0.0009226047,0.0006742855,0.0004140091,0.0001350238,-0.0001622953,-0.0004580179,-0.0007329284,-0.0009971523,-0.001244332,-0.001493327,-0.001566055,-0.001564694,-0.001780562,-0.001613239,-0.00115637,-0.001457099,-0.001752288,-0.0008884326,-0.0002832313,-0.0001724059,-0.0002151989,-0.0003638761,-0.0004215365,-0.000293955,-0.0001421917,-4.221619e-05,3.461884e-05,0.0001310111,0.000235566,0.0002587625,0.0001846351,0.0001223477,0.0001300614,0.0003538945,0.0008004917,0.0008588841,0.0006925854,0.0007910803,0.0009696695,0.0009902291,0.0010236,0.001091909,0.001118647,0.001134138,0.001154254,0.001166724,0.001178173,0.001182197,0.001188811,0.001190388,0.001195475,0.001195759
0.001455451,0.001456465,0.001457966,0.001460768,0.001464758,0.001466506,0.001472222,0.001477167,0.001482082,0.001489375,0.001497006,0.00150407,0.001514478,0.001523802,0.001534579,0.001547188,0.001559878,0.001573864,0.0015898,0.001606163,0.001624082,0.001643785,0.001664704,0.001687173,0.001711133,0.001736994,0.001764171,0.00179327,0.001823463,0.001855543,0.001888329,0.00192272,0.001957116,0.001992814,0.002028141,0.00206359,0.00209673,0.002130484,0.002160543,0.002187575,0.002211773,0.002231223,0.002242412,0.002251497,0.002247912,0.002237171,0.002217157,0.002182841,0.002135516,0.00207717,0.001996687,0.00190356,0.001789151,0.001655788,0.001499382,0.001322556,0.001121796,0.0009047514,0.0006568552,0.0003961964,0.0001261843,-0.0001513138,-0.0004511159,-0.0007379823,-0.001001256,-0.001230651,-0.001432381,-0.001586538,-0.001788979,-0.001757085,-0.001589823,-0.001753457,-0.001900609,-0.001447442,-0.0008324933,-0.0005969995,-0.0006996143,-0.0010416,-0.001196937,-0.0009193595,-0.0004999273,-0.0001716418,0.0001025759,0.0004002897,0.0006854512,0.0007588362,0.0006100248,0.0004552056,0.0004334977,0.0006284703,0.0009523073,0.001104069,0.001071999,0.001121452,0.001239675,0.001284494,0.001311777,0.001346603,0.001382382,0.0014038,0.001419194,0.001426882,0.001435759,0.001441582,0.001447086,0.001449128,0.001451697,0.001452285
0.001709322,0.001712332,0.001715404,0.001717951,0.001720234,0.001725829,0.001728803,0.001733812,0.00174022,0.001745901,0.001752505,0.001761541,0.001768682,0.001778815,0.001789075,0.00179978,0.001812042,0.001825589,0.001839014,0.001854848,0.001871218,0.001888949,0.00190765,0.001928252,0.001949693,0.001972811,0.001996875,0.002022571,0.002049111,0.002076986,0.002105447,0.002134885,0.002164632,0.002194592,0.002223791,0.002252756,0.002280884,0.002306235,0.002329545,0.002350987,0.002366425,0.002378325,0.002385956,0.002383696,0.002377096,0.002361432,0.002333436,0.002298528,0.002250133,0.002186702,0.002113286,0.002021717,0.001914203,0.001790245,0.001647896,0.001487227,0.001306766,0.00110414,0.0008901609,0.000656795,0.0004014679,0.0001356078,-0.0001247688,-0.0003929448,-0.0006698217,-0.0009417455,-0.001154342,-0.001345651,-0.001511839,-0.00162078,-0.001661049,-0.001787169,-0.001886438,-0.001614977,-0.001206166,-0.0009625538,-0.0009945196,-0.001211951,-0.001351155,-0.001183314,-0.0008033376,-0.0003941814,-1.546716e-05,0.0003565045,0.0006800437,0.0008446455,0.000821188,0.0007351231,0.0007242478,0.0008644241,0.001112418,0.001277146,0.00132713,0.001372798,0.001441898,0.001507678,0.001552317,0.001594947,0.001620986,0.001641998,0.001658762,0.001674561,0.001683918,0.001691542,0.001696306,0.001701539,0.001704608,0.00170831
0.001961224,0.001965759,0.001968836,0.00197401,0.001978822,0.001982406,0.001988123,0.001994321,0.001998918,0.002006692,0.002013622,0.002020767,0.00202991,0.002038975,0.002048052,0.002059755,0.00207041,0.002082934,0.002096243,0.002110543,0.002125145,0.00214194,0.002158743,0.002177329,0.002196174,0.00221704,0.002237991,0.00226085,0.002283545,0.002307979,0.002331892,0.002357167,0.002381293,0.00240639,0.002430042,0.002453542,0.002473807,0.002494351,0.002510655,0.002523773,0.002533679,0.002539166,0.002536483,0.002532091,0.002516216,0.00249397,0.002464182,0.002422181,0.002369623,0.002308922,0.002230434,0.002142783,0.002039528,0.001922187,0.001788507,0.001639944,0.001474615,0.001297695,0.001097273,0.0008855609,0.0006656364,0.000434468,0.000180525,-7.278696e-05,-0.0003163932,-0.0005445381,-0.0007845335,-0.001001588,-0.001203398,-0.001332745,-0.001427663,-0.001531101,-0.001583857,-0.001511303,-0.001295017,-0.001128358,-0.00111742,-0.001238011,-0.001318537,-0.001203842,-0.0009040179,-0.0005236084,-0.0001270961,0.0002618083,0.0006043621,0.0008273075,0.0009071844,0.0009154186,0.0009457766,0.00105502,0.001215899,0.001373482,0.001479773,0.001560741,0.001640821,0.001702198,0.00175159,0.001790947,0.001830416,0.001861607,0.001884224,0.001900498,0.00191496,0.001927402,0.001937332,0.00194493,0.001950866,0.00195581
0.002207185,0.002215075,0.002222407,0.002228829,0.002234215,0.002242449,0.002247821,0.002254639,0.002262481,0.002269452,0.002276717,0.002286288,0.00229367,0.002303647,0.002313501,0.00232354,0.002334669,0.002346981,0.002358681,0.002372481,0.002386369,0.002401288,0.002416566,0.002433367,0.002450362,0.0024686,0.002487061,0.002506677,0.00252633,0.002546788,0.002566984,0.002587606,0.002607688,0.002627459,0.002645624,0.002663057,0.002678903,0.00269168,0.002701658,0.002709666,0.002711418,0.002709551,0.002703466,0.002688171,0.002668581,0.002641329,0.002602694,0.002558652,0.002503213,0.002435376,0.002360007,0.002270611,0.002168893,0.002055676,0.001929075,0.001790022,0.001637185,0.001469035,0.001294446,0.001106645,0.000901641,0.0006885316,0.0004791805,0.0002612734,3.119796e-05,-0.0002018977,-0.0004041103,-0.0005966277,-0.0007662577,-0.0009325726,-0.001072376,-0.001185561,-0.001259275,-0.001218144,-0.001128617,-0.001040533,-0.001018126,-0.001049749,-0.001072682,-0.0009965734,-0.0007919737,-0.0004905303,-0.0001482503,0.0001993097,0.0005123928,0.0007575838,0.0009162057,0.001012864,0.001097698,0.001212303,0.001362047,0.001501994,0.001614019,0.001706214,0.001783832,0.001861692,0.001926199,0.001982928,0.002023089,0.00205786,0.002087557,0.002115105,0.002135623,0.002153264,0.002167067,0.002180297,0.002190479,0.002200462
0.002454116,0.002465451,0.002474403,0.002484707,0.002494075,0.002501789,0.002510741,0.002520046,0.002527155,0.00253691,0.002545561,0.002554006,0.002563945,0.002573702,0.002582884,0.002594394,0.002604567,0.002616183,0.002628204,0.002640884,0.002653371,0.00266762,0.002681413,0.002696462,0.002711237,0.002727466,0.002743222,0.002760263,0.002776527,0.002793839,0.002810008,0.002826818,0.002841889,0.002857184,0.002870467,0.002882965,0.002891737,0.002900105,0.002904027,0.002904293,0.002901133,0.002893561,0.002877931,0.002860536,0.002832631,0.002798587,0.002758116,0.002706809,0.00264635,0.002579605,0.002497902,0.002409246,0.002308676,0.002197563,0.002074638,0.00194142,0.00179685,0.001645872,0.001478391,0.001304583,0.001127496,0.0009438238,0.0007430363,0.000543638,0.0003524535,0.0001711751,-2.560348e-05,-0.0002090171,-0.0003845074,-0.0005204303,-0.0006377632,-0.0007356853,-0.0007945998,-0.000830378,-0.0008080289,-0.0007770032,-0.0007667289,-0.0007794123,-0.0007699591,-0.0006917538,-0.0005286782,-0.0002946815,-1.517902e-05,0.0002802013,0.0005610024,0.0007973259,0.0009763039,0.001113588,0.001233426,0.001358268,0.001484958,0.001618566,0.001742572,0.001851284,0.001948511,0.002027052,0.002095097,0.002152294,0.002206716,0.002253452,0.002291159,0.002322061,0.002349583,0.002374304,0.002395336,0.002413248,0.002428282,0.002441518
0.002704841,0.002719928,0.002733866,0.002746265,0.002756918,0.002769636,0.002779301,0.002789556,0.002800457,0.002810116,0.002819464,0.002830706,0.002839539,0.002850307,0.002860749,0.002870924,0.002881751,0.002893447,0.002904144,0.002916425,0.002928453,0.002941024,0.002953462,0.002966902,0.002980031,0.002993849,0.003007325,0.003021385,0.003034862,0.003048542,0.003061309,0.003073892,0.003085295,0.003095829,0.003104139,0.003111172,0.003116072,0.003117585,0.003115728,0.003111691,0.003101317,0.003087095,0.003068744,0.003041666,0.003010231,0.00297212,0.002923346,0.002869979,0.002806765,0.002732827,0.002652854,0.002561609,0.002460329,0.002350711,0.002231045,0.002102803,0.001965035,0.001817007,0.001666617,0.00150882,0.00133945,0.001166745,0.001000709,0.0008309408,0.000652534,0.0004723897,0.000316993,0.0001688729,3.577294e-05,-0.0001008964,-0.000220676,-0.0003139604,-0.0003845649,-0.0003994688,-0.0004054305,-0.0003984362,-0.0003919944,-0.0003787304,-0.0003511003,-0.0002840416,-0.0001618134,1.797104e-05,0.0002351503,0.0004708523,0.0007012307,0.0009139335,0.001098464,0.001255745,0.00139497,0.001530048,0.001668491,0.001796694,0.001911819,0.002017319,0.002108802,0.002198823,0.002277386,0.002348296,0.002403882,0.002453097,0.00249696,0.002538001,0.00257187,0.002601862,0.00262734,0.002651131,0.002671135,0.002689881
0.002968671,0.002987108,0.003002442,0.003018381,0.003032904,0.003045331,0.003058152,0.00307109,0.003081327,0.003093573,0.00310445,0.003114667,0.003125813,0.003136616,0.003146269,0.003157865,0.003167838,0.003178766,0.003189699,0.003200937,0.003211495,0.003223362,0.003234331,0.003246046,0.00325698,0.00326883,0.003279692,0.003291273,0.003301537,0.003312242,0.003321255,0.003330295,0.003337087,0.003343492,0.003347409,0.003350049,0.003348566,0.003346135,0.003339126,0.003328146,0.003313518,0.003294603,0.003267748,0.003239062,0.003200724,0.003156432,0.003106488,0.003046885,0.002979023,0.002906205,0.002820437,0.002729105,0.002628278,0.002519245,0.002401226,0.002275867,0.002142512,0.002006151,0.001858108,0.001707344,0.001557155,0.001404937,0.001241204,0.001081795,0.0009327267,0.0007949228,0.0006457224,0.000508186,0.0003770459,0.0002769873,0.0001917993,0.0001209981,7.407521e-05,2.847208e-05,1.491193e-05,1.353803e-05,1.893553e-05,3.10699e-05,6.691711e-05,0.0001398779,0.0002526288,0.0004015599,0.0005795831,0.0007746528,0.0009720904,0.001157803,0.001323969,0.001474748,0.001613565,0.001746896,0.001870105,0.001994214,0.002113673,0.002223888,0.002325702,0.002411989,0.002489043,0.002556638,0.002621058,0.002678772,0.002727828,0.002770364,0.002808867,0.002844271,0.002875484,0.002903124,0.002927106,0.002948637
0.003248756,0.003269559,0.003288802,0.003306114,0.003321163,0.003337596,0.003350881,0.00336403,0.003377453,0.003389366,0.003400395,0.003412913,0.00342283,0.003434051,0.003444713,0.003454737,0.003464948,0.003475704,0.003485108,0.003495584,0.003505483,0.003515479,0.00352488,0.003534803,0.003543965,0.003553312,0.003561815,0.003570397,0.003577882,0.003585053,0.003590771,0.003595792,0.003599117,0.00360113,0.003600464,0.003598083,0.003593162,0.003584672,0.003572421,0.003557838,0.003536995,0.003512164,0.003483361,0.003446378,0.003405007,0.00335783,0.003300726,0.003239599,0.003169963,0.003090902,0.003006837,0.002913565,0.002811824,0.002703835,0.002588018,0.002466022,0.00233718,0.002201226,0.002065222,0.001925544,0.001778081,0.001630365,0.001491424,0.001352864,0.001209531,0.001067346,0.0009486505,0.0008389699,0.0007430309,0.0006452713,0.0005608689,0.0004981526,0.0004488906,0.0004379553,0.0004289952,0.0004332777,0.0004479288,0.0004793034,0.0005246068,0.0005920588,0.0006870286,0.0008130482,0.0009601387,0.001121334,0.001285002,0.001447837,0.001603545,0.00174955,0.001885172,0.00201549,0.002144056,0.002262818,0.002370729,0.002472704,0.002563648,0.002654067,0.002735681,0.002811146,0.002873572,0.002929796,0.002981127,0.003029901,0.003072025,0.003110029,0.003143488,0.003174785,0.003202035,0.003227405
0.003549479,0.003572304,0.00359165,0.003611083,0.003628843,0.003644248,0.003659394,0.003674475,0.003686549,0.003700071,0.003712019,0.003722973,0.003734316,0.003745196,0.003754445,0.003765277,0.003774255,0.003783728,0.003792837,0.003801936,0.003809938,0.003818826,0.003826439,0.003834357,0.003841057,0.003848201,0.003853919,0.003859877,0.003864085,0.003868241,0.003870263,0.003871826,0.003870746,0.003868819,0.003864064,0.003857686,0.003846928,0.00383484,0.003818178,0.003797412,0.003772855,0.003744272,0.00370801,0.003669916,0.003623059,0.003570527,0.003513028,0.003447022,0.003373539,0.003296184,0.003207578,0.003114452,0.003013634,0.00290634,0.002792001,0.00267229,0.002546676,0.002420106,0.002284932,0.002149011,0.002015693,0.001883074,0.001742477,0.001607797,0.001484707,0.001374342,0.001256515,0.001150338,0.001051553,0.0009806801,0.0009241335,0.0008793388,0.0008527809,0.0008242761,0.000820632,0.0008303439,0.0008516095,0.0008836358,0.0009350259,0.001010734,0.001108582,0.001225495,0.001358534,0.001503109,0.001652248,0.001798952,0.00193801,0.002071568,0.002198433,0.00232124,0.002434164,0.002546831,0.002656398,0.002759387,0.002856244,0.002940575,0.00301739,0.003086649,0.003153241,0.003214394,0.003267782,0.003315471,0.003359106,0.003399778,0.003436367,0.003469417,0.00349857,0.003525002
0.003867769,0.003891488,0.003913401,0.003933217,0.003950487,0.003968597,0.003983581,0.003997893,0.004012163,0.004024791,0.004036065,0.004048482,0.004058167,0.004068625,0.004078298,0.00408709,0.004095636,0.004104421,0.004111576,0.004119339,0.004126249,0.004132889,0.004138535,0.004144302,0.004148932,0.004153327,0.00415646,0.004159254,0.004160553,0.004161137,0.004159849,0.004157475,0.004153012,0.004146932,0.004137881,0.004126811,0.004112929,0.004095454,0.004074023,0.004050205,0.004020344,0.003986517,0.003948959,0.003903886,0.003854508,0.003800161,0.00373674,0.003669812,0.003595648,0.003513258,0.003426706,0.003332715,0.00323153,0.003125687,0.003013709,0.002897226,0.002775729,0.002649219,0.00252386,0.002397115,0.002264896,0.002133913,0.00201234,0.001893507,0.001772193,0.001653515,0.001556783,0.001470335,0.001397186,0.001324482,0.001263225,0.00122164,0.001190806,0.001192538,0.001197103,0.001215227,0.001245946,0.001293524,0.001352448,0.001425693,0.001514873,0.001622872,0.001742969,0.001872604,0.002005157,0.00214068,0.002274907,0.002405322,0.002528946,0.002648736,0.002766268,0.002875699,0.002975458,0.003070978,0.003157303,0.003243542,0.003323099,0.003397926,0.003461814,0.003519846,0.003573454,0.003624966,0.003670456,0.003711835,0.003748921,0.00378372,0.003814527,0.003843152
0.004200147,0.004225234,0.004246615,0.004267675,0.004286917,0.004303636,0.004319572,0.00433526,0.004347761,0.004361223,0.004372931,0.004383412,0.004393765,0.004403554,0.004411329,0.004420366,0.004427359,0.004434415,0.004440778,0.004446855,0.004451496,0.004456643,0.004460207,0.004463715,0.004465654,0.004467631,0.004467824,0.004467857,0.004465822,0.004463356,0.004458433,0.004452687,0.004444017,0.00443418,0.004421312,0.004406605,0.004387405,0.004366652,0.004341464,0.004312208,0.004279115,0.004242369,0.004198364,0.004152609,0.004099024,0.004040173,0.003977025,0.003906538,0.003829381,0.003749298,0.003659524,0.003566167,0.003466608,0.003362034,0.003251949,0.003138001,0.003019663,0.00290172,0.002777299,0.002653243,0.002532776,0.002414559,0.002290519,0.002172848,0.002066785,0.001973717,0.00187542,0.001787895,0.001708028,0.00165341,0.001612694,0.001582683,0.001568866,0.001554019,0.001561136,0.00158243,0.001616345,0.001661359,0.001722463,0.00180196,0.001896191,0.002002239,0.002118242,0.002242516,0.002371003,0.002499686,0.002624413,0.002746972,0.002864958,0.002980231,0.003086676,0.003192388,0.003295556,0.003393438,0.00348624,0.003568296,0.003643888,0.003713326,0.003780456,0.003842939,0.003898252,0.003948478,0.003994555,0.004037661,0.004076855,0.004112625,0.004144452,0.004173426
0.004538577,0.0045643,0.004587966,0.004609404,0.004628068,0.00464705,0.004662898,0.004677597,0.004691906,0.004704485,0.004715286,0.004726886,0.004735591,0.00474459,0.004752584,0.004759517,0.004765769,0.004771928,0.004776225,0.004780709,0.004784074,0.004786859,0.004788317,0.004789561,0.004789351,0.004788552,0.004786132,0.004783009,0.004778107,0.004772189,0.004764098,0.004754642,0.004742796,0.004729143,0.00471237,0.00469338,0.004671432,0.004646003,0.004616598,0.004584846,0.004547354,0.004506077,0.004461357,0.004409902,0.004354332,0.004294599,0.004226752,0.004155928,0.004079083,0.003995139,0.003907794,0.00381459,0.003715356,0.00361276,0.003505425,0.00339499,0.003280957,0.003163441,0.003047704,0.002932098,0.00281264,0.002695218,0.002587161,0.002483208,0.002378058,0.002275943,0.002193402,0.002121121,0.002061212,0.002003133,0.001954441,0.001923922,0.001902905,0.001911067,0.001923498,0.001949142,0.001987469,0.002041613,0.002105699,0.002180749,0.002266918,0.002366685,0.002474795,0.002590425,0.002708943,0.002831479,0.002954663,0.003076697,0.003193941,0.003308537,0.003420965,0.003526816,0.003623601,0.003716892,0.003802051,0.003886649,0.003965897,0.004041511,0.00410774,0.004168123,0.004224071,0.00427802,0.00432621,0.004370103,0.004409812,0.004447122,0.004480546,0.004511595
0.004876933,0.004904363,0.004927923,0.004950762,0.004971553,0.004989673,0.005006463,0.005022736,0.005035625,0.00504902,0.005060432,0.005070399,0.005079661,0.005088209,0.005094466,0.005101609,0.005106482,0.005110985,0.005114468,0.005117418,0.005118582,0.005119908,0.005119393,0.005118522,0.005115753,0.005112682,0.005107504,0.005101793,0.005093806,0.005085085,0.005073695,0.005061211,0.00504559,0.005028587,0.00500846,0.004986354,0.004959793,0.00493157,0.004899142,0.00486283,0.004822689,0.004779347,0.004729244,0.004677598,0.00461902,0.004555703,0.004488739,0.004415612,0.004336639,0.004255501,0.004166169,0.004074105,0.003977167,0.003876434,0.00377142,0.003663968,0.003553309,0.003443916,0.003329591,0.003216349,0.003107256,0.003001469,0.00289148,0.002787862,0.002695349,0.002615394,0.002531291,0.002456364,0.002388872,0.002344002,0.002311922,0.002289623,0.00228193,0.002273958,0.002285409,0.002310757,0.002348074,0.0023961,0.002457983,0.002535226,0.002623976,0.002721773,0.002827047,0.002939423,0.003055921,0.003173902,0.003289608,0.003405146,0.003517869,0.003628971,0.003732784,0.003836022,0.003937031,0.004033719,0.004126213,0.004208725,0.004285508,0.004357428,0.00442716,0.00449264,0.00455116,0.0046048,0.004653989,0.004700014,0.004742094,0.004780863,0.004815701,0.004847671
0.005208685,0.005237146,0.00526329,0.005287079,0.005307788,0.005328354,0.005345657,0.005361395,0.005376284,0.005389346,0.005400221,0.005411498,0.005419679,0.005427682,0.005434444,0.005439918,0.005444254,0.005448171,0.005449962,0.005451568,0.005451728,0.005451043,0.005448713,0.005445881,0.005441279,0.005435803,0.005428372,0.005419928,0.005409458,0.005397745,0.005383638,0.005367975,0.005349687,0.005329488,0.005306081,0.005280368,0.005251655,0.005219651,0.00518374,0.00514562,0.005102118,0.005055111,0.005004942,0.004948891,0.004888982,0.004825683,0.004755237,0.004682383,0.004604575,0.004520745,0.004434221,0.004343214,0.004247275,0.004149031,0.004047184,0.003943522,0.003837393,0.003728931,0.003622587,0.003517439,0.003409693,0.003304538,0.003208495,0.003117351,0.003025841,0.002937324,0.002865916,0.002804181,0.002753715,0.002705744,0.00266524,0.002641135,0.002625436,0.002635624,0.002650704,0.002677838,0.002716468,0.00276949,0.002831307,0.002902218,0.002981841,0.003072637,0.003170295,0.003274759,0.003382291,0.003494327,0.003608022,0.003722373,0.003833867,0.003943788,0.004052354,0.004156054,0.004251661,0.004344445,0.004430298,0.004515233,0.004595744,0.004673602,0.004743297,0.00480738,0.004866924,0.004924303,0.004976084,0.005023496,0.005066607,0.005107261,0.005144089,0.005178509
0.005530695,0.005561216,0.0055877,0.005613115,0.005636181,0.005656502,0.005674956,0.005692647,0.005706723,0.005720837,0.005732734,0.005742943,0.005751941,0.005760021,0.005765519,0.005771472,0.005774926,0.005777653,0.005778975,0.005779526,0.00577795,0.005776198,0.005772342,0.005767852,0.005761169,0.005753885,0.005744222,0.005733733,0.005720738,0.005706775,0.005689975,0.005671897,0.005650553,0.005627686,0.00560162,0.005573556,0.005541146,0.00550705,0.005468971,0.005427302,0.005381932,0.005333778,0.005279419,0.005223741,0.005162012,0.005096138,0.005027182,0.00495318,0.004874091,0.004793566,0.004706189,0.004616845,0.004523755,0.004427955,0.004328906,0.004228549,0.004125975,0.004025308,0.003920978,0.003818232,0.003719871,0.003625524,0.003528234,0.003437062,0.003356229,0.003287259,0.003215072,0.003150742,0.003093153,0.003055428,0.003029572,0.003012326,0.003008133,0.003003947,0.003016496,0.003041861,0.003077847,0.003123611,0.003181224,0.003252069,0.003332512,0.003420667,0.003515124,0.003616101,0.003721157,0.003828496,0.003934755,0.004042045,0.004148028,0.004253503,0.00435342,0.00445326,0.004551708,0.004646807,0.004738622,0.00482198,0.004900058,0.004974139,0.005046145,0.005114657,0.005176663,0.00523395,0.005286674,0.005336291,0.005381838,0.005424184,0.005462561,0.005498142
0.005840612,0.005872129,0.005901094,0.005927634,0.005950824,0.005973515,0.005992821,0.006010276,0.006026427,0.006040633,0.006052316,0.006063996,0.006072446,0.006080295,0.006086607,0.006091395,0.006094628,0.006097179,0.006097321,0.006096937,0.006094787,0.006091548,0.006086354,0.006080388,0.00607237,0.006063241,0.006051884,0.006039286,0.006024405,0.006008108,0.005989234,0.005968688,0.00594537,0.005920091,0.005891545,0.005860716,0.005826897,0.005790018,0.005749333,0.00570663,0.005658988,0.00560814,0.005554413,0.005495617,0.005433286,0.005368279,0.005297029,0.005223911,0.005146742,0.005064624,0.004980422,0.00489291,0.004801436,0.004708569,0.004613061,0.004516718,0.004418827,0.004319569,0.004222679,0.004127749,0.004031151,0.00393748,0.003852459,0.003772701,0.003693087,0.003616327,0.003554637,0.003502163,0.003459695,0.003419832,0.003386083,0.003366825,0.003354901,0.003365769,0.003381519,0.00340786,0.003444204,0.00349327,0.003549951,0.003614345,0.003685831,0.003766904,0.003853966,0.003947304,0.004043738,0.00414483,0.004248222,0.004353314,0.004456978,0.004560084,0.004662703,0.004762001,0.00485456,0.004945019,0.005029708,0.005113967,0.005194532,0.005273043,0.005344471,0.005410975,0.005473215,0.005533286,0.005588122,0.005638856,0.005685241,0.005729166,0.005769301,0.00580708
0.006138032,0.006171299,0.006200485,0.006228367,0.006253655,0.006276222,0.006296513,0.006315858,0.006331434,0.00634664,0.006359442,0.006370362,0.006379669,0.00638787,0.006393248,0.006398652,0.006401364,0.006403079,0.00640303,0.006402,0.006398544,0.006394608,0.006388335,0.006381179,0.006371582,0.006361141,0.00634811,0.006334031,0.006317246,0.006299305,0.006278414,0.006256121,0.006230514,0.006203298,0.006172851,0.00614046,0.006103897,0.006065673,0.006023685,0.005978454,0.005929732,0.005878611,0.005821851,0.005764008,0.005700926,0.005634317,0.005565106,0.005491862,0.005414221,0.005335789,0.005251707,0.005166316,0.005078131,0.004988164,0.004895799,0.004803026,0.004708837,0.004617014,0.004522581,0.004430099,0.004342029,0.004258391,0.004172761,0.004092847,0.004022367,0.00396296,0.003901222,0.003846381,0.003797507,0.003765889,0.003745272,0.003732178,0.003730632,0.003729204,0.003741963,0.00376623,0.003799648,0.00384178,0.003893951,0.003957603,0.004029411,0.004108018,0.00419209,0.004282145,0.004376057,0.004472635,0.004568878,0.004666797,0.004764424,0.004862351,0.004956195,0.005050454,0.005144159,0.005235472,0.005324364,0.005406532,0.005483924,0.005557965,0.005630049,0.005699527,0.005763229,0.005822571,0.005877519,0.005929677,0.005977785,0.006022892,0.006064075,0.006102637
0.006422391,0.006456158,0.006487248,0.00651595,0.006541128,0.006565582,0.006586598,0.006605607,0.006622944,0.006638266,0.00665084,0.006663065,0.006672002,0.006680002,0.006686215,0.0066907,0.006693285,0.006694994,0.00669406,0.006692331,0.006688548,0.006683488,0.006676219,0.006667957,0.006657409,0.006645582,0.006631318,0.006615654,0.006597498,0.006577809,0.006555424,0.00653131,0.006504354,0.006475438,0.006443247,0.006408865,0.006371564,0.006331459,0.006287679,0.00624211,0.006192066,0.006139141,0.006083597,0.006023761,0.005960731,0.005895666,0.005825183,0.005753339,0.005678196,0.005599092,0.005518436,0.005435447,0.005349353,0.005262611,0.005173993,0.005085346,0.004995883,0.004905816,0.004818257,0.004733186,0.004647152,0.004564239,0.004489406,0.004419907,0.004350867,0.004284523,0.004231504,0.004187264,0.004151869,0.004119008,0.004091238,0.004076149,0.004067431,0.004078682,0.004094555,0.004119654,0.004153283,0.004198078,0.004249407,0.004307335,0.004371105,0.004443224,0.00452063,0.004603791,0.004689898,0.004780539,0.004873734,0.004969175,0.005064154,0.005159228,0.00525447,0.00534759,0.00543522,0.00552138,0.005602825,0.005684457,0.005763003,0.005839959,0.005910767,0.005977482,0.006040386,0.006101262,0.006157401,0.006209928,0.006258187,0.00630411,0.006346363,0.006386444
0.006693382,0.006728339,0.006759281,0.006788805,0.006815555,0.006839704,0.006861295,0.006881828,0.006898525,0.006914539,0.006928033,0.006939519,0.0069491,0.006957429,0.006962785,0.006967787,0.006969954,0.006970951,0.00696988,0.006967684,0.00696282,0.006957238,0.006949142,0.006939976,0.006928182,0.00691537,0.006899825,0.006883081,0.006863485,0.006842608,0.006818732,0.006793397,0.006764768,0.006734504,0.006701024,0.006665713,0.006626457,0.006585613,0.006541221,0.006493971,0.006443484,0.006390957,0.006333343,0.006274893,0.006211933,0.006146056,0.006077982,0.006006778,0.005931799,0.005856573,0.005776748,0.005696172,0.005613595,0.005530004,0.00544469,0.005359702,0.005273946,0.005190844,0.005105967,0.005023289,0.004944913,0.00487118,0.004796199,0.004726469,0.004665232,0.004614233,0.004561696,0.004515332,0.00447419,0.004447953,0.004431891,0.00442238,0.004423049,0.004423906,0.004436704,0.004459752,0.004490585,0.004529159,0.004576231,0.004633313,0.004697379,0.004767527,0.004842465,0.004922868,0.005006805,0.005093518,0.005180323,0.005269093,0.00535822,0.005448099,0.00553503,0.005622708,0.005710461,0.005796595,0.005881003,0.005960297,0.006035252,0.006107353,0.006177589,0.006246068,0.006309559,0.006369113,0.006424576,0.006477689,0.006526857,0.006573302,0.006615953,0.00665626
0.006950202,0.006985185,0.007017443,0.007047418,0.007073766,0.007099264,0.007121322,0.007141321,0.007159356,0.007175351,0.007188474,0.007200962,0.007210167,0.007218187,0.007224228,0.007228382,0.007230366,0.007231355,0.007229518,0.007226699,0.007221587,0.00721507,0.007206158,0.007196097,0.007183571,0.007169666,0.007153184,0.007135211,0.007114596,0.007092389,0.007067434,0.007040756,0.007011232,0.006979798,0.006945128,0.00690842,0.006868911,0.006826872,0.006781319,0.006734228,0.00668313,0.006629486,0.006573463,0.006513875,0.006451432,0.006387524,0.006318938,0.006249455,0.006177295,0.006102056,0.006025719,0.005947848,0.005867614,0.005787329,0.005705762,0.005624821,0.005543642,0.005462445,0.005383799,0.005307969,0.005231705,0.005158663,0.005093081,0.005032719,0.004973002,0.004915835,0.00487048,0.004833472,0.004804247,0.004777394,0.004754895,0.004743408,0.004737462,0.004748974,0.004764757,0.004788609,0.004819678,0.004860564,0.004907058,0.004959263,0.005016316,0.005080709,0.005149797,0.005224144,0.005301214,0.005382564,0.005466506,0.005552939,0.005639558,0.00572664,0.005814332,0.005900763,0.005982761,0.00606376,0.006140907,0.006218832,0.006294098,0.006368089,0.006436703,0.006502069,0.00656412,0.006624307,0.006680269,0.006733188,0.006781972,0.006828607,0.006871731,0.006912946
0.007191919,0.007227663,0.007259511,0.007289904,0.007317383,0.007342431,0.00736473,0.007385904,0.007403234,0.007419637,0.00743346,0.007445195,0.007454824,0.007463087,0.007468295,0.007472823,0.007474416,0.007474745,0.007472757,0.007469553,0.007463496,0.007456541,0.007446954,0.007436169,0.00742262,0.007407947,0.007390457,0.007371675,0.007349951,0.00732688,0.007300819,0.007273295,0.007242557,0.007210205,0.007174693,0.007137508,0.007096642,0.007054297,0.007008616,0.006960475,0.006909382,0.006856572,0.006799203,0.006741244,0.006679419,0.00661526,0.006549241,0.006480883,0.0064093,0.006337917,0.006262841,0.006187474,0.006110757,0.006033652,0.005955343,0.005877948,0.005800306,0.005725469,0.005649506,0.005575894,0.005506377,0.005441564,0.005376087,0.005315385,0.005262241,0.005218488,0.005173901,0.005134942,0.005100516,0.005078892,0.00506667,0.005060145,0.005062584,0.005065304,0.005078046,0.005099913,0.005128365,0.005163729,0.005206307,0.00525766,0.005315022,0.005377886,0.005444982,0.005517069,0.005592349,0.005670387,0.005748779,0.005829234,0.005910471,0.005992676,0.006072801,0.006153865,0.006235443,0.006315982,0.00639531,0.006470958,0.006542615,0.006611777,0.006679122,0.006745465,0.00680758,0.006866172,0.006921012,0.006973979,0.007023127,0.007069843,0.007112933,0.007153995
0.007417633,0.00745312,0.007485874,0.007516482,0.007543405,0.007569415,0.007592012,0.007612558,0.007630907,0.007647216,0.007660596,0.007673103,0.00768237,0.007690268,0.007696039,0.0076998,0.007701181,0.0077015,0.007698853,0.007695101,0.007688855,0.007681128,0.007670873,0.007659363,0.007645254,0.007629721,0.007611526,0.007591798,0.007569329,0.007545259,0.007518435,0.007489941,0.007458647,0.007425528,0.007389247,0.00735112,0.007310341,0.007267311,0.007220939,0.007173289,0.007122085,0.007068664,0.00701308,0.006954595,0.006893579,0.006831593,0.006765579,0.00669908,0.00663041,0.006559435,0.006487735,0.006415147,0.006340822,0.006266915,0.006192173,0.006118577,0.006045193,0.005972235,0.005901793,0.005834346,0.005766856,0.005702616,0.005645198,0.00559276,0.005541068,0.005491799,0.005453028,0.005422172,0.005398135,0.005376266,0.005358243,0.005349729,0.005346063,0.005357638,0.005373117,0.005395717,0.005424405,0.005461769,0.005503966,0.005551172,0.005602435,0.005660207,0.00572216,0.005788921,0.005858172,0.005931415,0.006007187,0.006085528,0.006164506,0.006244135,0.006324671,0.006404556,0.006480896,0.006556584,0.00662911,0.006702951,0.006774414,0.006844797,0.006910433,0.006973624,0.007033991,0.007092659,0.007147583,0.007200048,0.007248526,0.007295063,0.007338256,0.007379824
0.007626495,0.00766246,0.007694679,0.007725458,0.007753213,0.007778727,0.007801371,0.007822851,0.007840517,0.007857067,0.007871007,0.007882815,0.007892379,0.007900487,0.007905507,0.007909567,0.007910624,0.007910378,0.00790761,0.007903574,0.007896547,0.007888488,0.007877717,0.007865661,0.007850748,0.007834648,0.007815693,0.007795399,0.007772114,0.007747457,0.007719855,0.007690823,0.007658693,0.007625005,0.007588238,0.00754998,0.007508316,0.007465303,0.007419151,0.007370928,0.007320042,0.007267729,0.007211346,0.007154601,0.007094549,0.007032697,0.006969254,0.00690415,0.006836301,0.006769006,0.006698785,0.006628645,0.006557672,0.006486813,0.006415138,0.006344833,0.006274689,0.006207402,0.006139497,0.006074024,0.006012377,0.005955374,0.00589816,0.005845253,0.005799,0.0057613,0.005723385,0.005690695,0.005661915,0.005644073,0.005634913,0.005630716,0.005634416,0.005638531,0.005651052,0.00567172,0.005697948,0.005730388,0.005768979,0.00581531,0.005866841,0.005923392,0.005983703,0.006048575,0.00611632,0.006186765,0.006257747,0.006330794,0.0064049,0.006480055,0.006553802,0.006628591,0.006704184,0.006779173,0.006853315,0.006925041,0.006993063,0.007058855,0.007122846,0.00718648,0.007246589,0.007303578,0.007357172,0.007409364,0.007457878,0.007504244,0.007547155,0.007588352
0.00781814,0.007853684,0.007886521,0.007917367,0.007944508,0.007970715,0.007993555,0.008014397,0.008032865,0.008049305,0.008062804,0.008075234,0.008084496,0.008092255,0.00809777,0.00810119,0.008102069,0.008101854,0.008098568,0.008094099,0.008086978,0.008078333,0.008067067,0.00805447,0.008039177,0.008022447,0.00800301,0.007982042,0.007958271,0.007932919,0.007904839,0.007875161,0.007842761,0.007808645,0.007771463,0.007732642,0.007691324,0.007648025,0.007601555,0.007554053,0.007503415,0.007450876,0.007396364,0.007339539,0.007280478,0.007220858,0.007157769,0.007094543,0.007029549,0.006962922,0.006895866,0.006828429,0.006759769,0.006691891,0.006623503,0.006556646,0.006490337,0.006424798,0.006361707,0.006301693,0.006241915,0.006185349,0.006134947,0.006089198,0.006044236,0.006001594,0.0059683,0.005942506,0.005922663,0.005904778,0.005890402,0.005884217,0.005882306,0.005893693,0.005908623,0.005929911,0.005956338,0.005990455,0.006028757,0.006071548,0.00611779,0.00616984,0.006225602,0.006285749,0.006348171,0.006414337,0.006482951,0.006554101,0.006626172,0.006698995,0.006772915,0.006846613,0.006917521,0.006988036,0.007055928,0.007125613,0.007193123,0.007259664,0.00732196,0.007382531,0.007440744,0.007497446,0.007550861,0.007602389,0.007650107,0.007696087,0.00773887,0.007780279
0.007992248,0.008028079,0.008060325,0.008091156,0.008118915,0.00814461,0.008167379,0.008188964,0.008206812,0.008223395,0.008237351,0.008249163,0.008258654,0.008266628,0.008271487,0.008275181,0.008275835,0.008275171,0.008271833,0.008267187,0.00825948,0.008250634,0.00823902,0.008226053,0.008210178,0.008193067,0.008173108,0.008151808,0.008127502,0.00810182,0.008073253,0.0080433,0.008010388,0.007976,0.007938641,0.00789997,0.007858149,0.007815116,0.007769134,0.007721416,0.007671316,0.007620048,0.007565174,0.007510116,0.007452233,0.007393007,0.007332405,0.007270689,0.007206646,0.007143454,0.007077955,0.007012832,0.006947259,0.006882206,0.006816657,0.006752742,0.006689281,0.006628708,0.006567958,0.006509695,0.006454944,0.006404648,0.00635444,0.006308106,0.006267579,0.006234793,0.006202321,0.006174815,0.006150687,0.006135827,0.006128973,0.00612651,0.006130957,0.006136051,0.00614815,0.006167575,0.006191744,0.006221418,0.006256375,0.006298291,0.006344785,0.006395853,0.006450213,0.006508693,0.006569786,0.006633603,0.006698193,0.006764696,0.006832311,0.006901135,0.006969003,0.007037961,0.007107909,0.007177633,0.007246632,0.007314366,0.00737873,0.007441022,0.007501495,0.007562081,0.007619789,0.007674841,0.007726867,0.007777919,0.007825494,0.007871166,0.007913514,0.007954342
0.008149102,0.008184449,0.008217093,0.008247845,0.008275019,0.008301171,0.008324067,0.008345014,0.008363504,0.008379989,0.008393513,0.008405847,0.008415084,0.008422758,0.008428026,0.00843123,0.008431783,0.00843117,0.008427473,0.008422486,0.008414805,0.008405551,0.008393605,0.008380264,0.008364188,0.008346649,0.008326408,0.00830467,0.00828012,0.008254017,0.008225218,0.008194892,0.008161938,0.008127396,0.008089932,0.008051006,0.008009698,0.007966673,0.007920699,0.007873836,0.007824216,0.007773008,0.007720036,0.007665207,0.007608425,0.00755137,0.007491365,0.00743145,0.00737013,0.007307768,0.007245151,0.007182584,0.007119146,0.007056791,0.006994252,0.006933365,0.006873229,0.006814232,0.00675763,0.006704139,0.006651081,0.006601087,0.00655652,0.006516325,0.006476963,0.006439873,0.006411016,0.00638923,0.006372677,0.006357965,0.006346401,0.006342079,0.006341404,0.006352443,0.006366599,0.006386506,0.006410892,0.0064419,0.006476607,0.006515527,0.006557509,0.006604635,0.006654962,0.006709237,0.006765634,0.006825695,0.006888199,0.006953022,0.007018688,0.007085531,0.007153355,0.007221351,0.007287118,0.007352873,0.007416225,0.007481687,0.007545348,0.007608095,0.007667084,0.007724759,0.007780477,0.007835055,0.007886756,0.007936959,0.007983705,0.008028853,0.008070934,0.008111659
0.008288991,0.008324447,0.008356475,0.008387069,0.008414719,0.008440359,0.008463111,0.008484618,0.008502545,0.008519126,0.008533011,0.00854484,0.008554224,0.008562085,0.008566792,0.008570271,0.008570711,0.008569728,0.008566044,0.00856096,0.008552859,0.008543513,0.008531364,0.008517807,0.008501356,0.008483606,0.008463039,0.008441129,0.008416284,0.008390071,0.008361032,0.008330652,0.00829743,0.008262841,0.008225455,0.008186863,0.008145328,0.008102723,0.008057438,0.008010645,0.007961667,0.007911797,0.007858779,0.007805682,0.007750175,0.007693662,0.007636007,0.007577622,0.00751734,0.007458086,0.007396995,0.007336562,0.007275895,0.007216072,0.007156073,0.007097792,0.007040107,0.006985383,0.006930813,0.006878786,0.006829962,0.00678532,0.00674091,0.00670015,0.006664498,0.006635888,0.006607792,0.006584253,0.006563777,0.006551495,0.006546146,0.006545012,0.006549795,0.006555512,0.006567113,0.006585238,0.00660755,0.006634698,0.006666423,0.006704457,0.006746585,0.006792891,0.006842027,0.006894938,0.006950229,0.007008304,0.007067247,0.00712808,0.007189812,0.007253098,0.007315599,0.007379352,0.007444022,0.007508924,0.007573202,0.007636629,0.007697326,0.007756367,0.00781376,0.007871264,0.007926282,0.007979281,0.008029581,0.008079025,0.008125425,0.00817012,0.00821169,0.008251731
0.008412728,0.008447615,0.008479852,0.008510285,0.008537364,0.008563305,0.008586115,0.008607014,0.008625425,0.008641917,0.00865541,0.008667671,0.008676835,0.008684418,0.008689481,0.008692584,0.008692977,0.008692071,0.008688135,0.008682809,0.00867479,0.008665175,0.008652827,0.008639042,0.008622527,0.008604526,0.00858383,0.008561657,0.008536738,0.008510319,0.008481241,0.008450708,0.008417607,0.008383062,0.008345776,0.008307145,0.008266223,0.008223823,0.00817875,0.008132897,0.008084533,0.008034908,0.007983708,0.007931044,0.007876653,0.007822183,0.007765251,0.007708566,0.0076508,0.007592422,0.0075339,0.00747579,0.007417051,0.007359606,0.007302234,0.0072466,0.007191784,0.007138421,0.00708731,0.007039313,0.006991923,0.00694747,0.00690773,0.006872208,0.00683765,0.006805412,0.006780164,0.006761278,0.0067471,0.006735088,0.006725618,0.006722738,0.006723001,0.006733493,0.006746863,0.00676537,0.006787842,0.006816147,0.006847729,0.006883232,0.006921476,0.006964349,0.007009996,0.00705931,0.007110578,0.007165355,0.007222342,0.007281684,0.007341749,0.007403278,0.00746565,0.007528575,0.007589621,0.007650993,0.007710366,0.00777147,0.00783126,0.007890579,0.007946758,0.00800172,0.008054842,0.008107217,0.008157046,0.008205519,0.008250981,0.008295022,0.008336201,0.008376012
0.008520983,0.008555845,0.00858746,0.008617653,0.008645053,0.008670505,0.008693117,0.008714437,0.00873234,0.00874887,0.008762651,0.00877448,0.008783744,0.00879149,0.008796085,0.008799433,0.008799769,0.008798582,0.008794693,0.008789336,0.008781018,0.008771384,0.008758936,0.008745052,0.008728308,0.008710223,0.00868935,0.008667137,0.008642089,0.008615701,0.008586556,0.008556119,0.008522937,0.0084885,0.008451434,0.008413247,0.008372297,0.008330408,0.008286096,0.008240485,0.008192823,0.008144509,0.008093455,0.008042407,0.007989283,0.007935432,0.00788063,0.007825415,0.007768665,0.007713033,0.007655938,0.007599723,0.00754341,0.007488179,0.007433009,0.007379617,0.007326885,0.00727712,0.007227736,0.007180928,0.007137029,0.00709706,0.007057469,0.007021407,0.006989882,0.00696476,0.006940218,0.006919763,0.006902147,0.006891945,0.00688763,0.006887416,0.006892294,0.00689838,0.00690948,0.00692639,0.006947023,0.006972019,0.007001005,0.007035685,0.007074012,0.007116207,0.007160875,0.007209073,0.007259435,0.007312556,0.007366529,0.007422448,0.007479116,0.007537551,0.007595347,0.007654531,0.007714488,0.007775016,0.007835052,0.007894358,0.007951514,0.008007588,0.008062271,0.00811697,0.008169387,0.008220302,0.00826877,0.008316409,0.008361389,0.008404882,0.008445477,0.008484568
0.008614883,0.008649158,0.008680848,0.00871083,0.008737681,0.00876331,0.008785926,0.008806689,0.008824947,0.008841384,0.00885481,0.008866979,0.008876059,0.008883562,0.00888846,0.008891514,0.008891826,0.008890731,0.008886669,0.008881144,0.008872941,0.00886314,0.008850583,0.008836574,0.008819851,0.008801638,0.008780744,0.008758403,0.008733391,0.008706938,0.008677873,0.008647426,0.008614467,0.008580195,0.008543348,0.00850526,0.008464956,0.008423386,0.008379393,0.008334709,0.008287717,0.008239749,0.008190352,0.008139828,0.008087762,0.008035759,0.007981705,0.00792802,0.007873497,0.007818715,0.007763844,0.007709664,0.007655035,0.007601841,0.00754891,0.00749776,0.007447442,0.007398818,0.007352279,0.007308819,0.00726611,0.007226245,0.007190465,0.007158767,0.007128181,0.007099992,0.007077664,0.007061011,0.007048605,0.007038689,0.00703087,0.007029087,0.007030063,0.007039961,0.007052543,0.007069771,0.007090549,0.007116521,0.007145432,0.007178034,0.007213114,0.007252401,0.007294119,0.007339277,0.007386241,0.007436543,0.007488813,0.007543445,0.007598695,0.007655632,0.007713265,0.007771745,0.007828641,0.007886129,0.007941952,0.007999129,0.008055379,0.008111574,0.00816519,0.00821768,0.008268387,0.008318629,0.008366571,0.008413261,0.008457312,0.008500114,0.008540252,0.008579028
0.008695327,0.0087295,0.008760599,0.008790306,0.008817357,0.008842538,0.008864932,0.008886004,0.008903814,0.008920246,0.008933892,0.008945693,0.008954838,0.008962478,0.008966995,0.008970257,0.008970542,0.008969236,0.008965236,0.008959723,0.00895131,0.008941535,0.008928947,0.008914912,0.008898062,0.008879846,0.008858877,0.008836582,0.008811545,0.008785208,0.008756181,0.008725912,0.008692989,0.008658911,0.008622353,0.008584744,0.008544534,0.008503499,0.008460256,0.008415896,0.008369598,0.008322836,0.008273684,0.008224597,0.008173704,0.00812232,0.008070122,0.008017766,0.00796417,0.007911731,0.007858128,0.007805568,0.007752996,0.007701676,0.007650594,0.007601314,0.007552722,0.007507057,0.007461948,0.007419433,0.00737955,0.007343364,0.007307711,0.007275508,0.007247337,0.007224973,0.007203263,0.007185268,0.007169947,0.007161361,0.007157741,0.007158149,0.007162952,0.007169274,0.007179912,0.007195766,0.007214971,0.007238173,0.007264887,0.007296764,0.0073319,0.007370648,0.007411585,0.007455849,0.007502086,0.007551044,0.007600836,0.007652616,0.007705016,0.007759336,0.007813135,0.007868419,0.007924309,0.00798102,0.008037318,0.008092983,0.008146994,0.008200421,0.008252672,0.008304842,0.008354883,0.008403829,0.00845053,0.008496411,0.008539945,0.008582186,0.008621735,0.00865982
0.008763594,0.008797215,0.008828309,0.008857791,0.008884341,0.008909614,0.008931976,0.00895256,0.008970625,0.008986963,0.009000299,0.009012361,0.009021356,0.009028791,0.009033558,0.009036589,0.009036864,0.009035652,0.009031534,0.009025909,0.009017621,0.009007747,0.008995111,0.00898102,0.008964238,0.008945974,0.008925047,0.008902713,0.008877773,0.008851456,0.00882257,0.008792373,0.008759715,0.00872586,0.008689569,0.00865213,0.008612539,0.008571863,0.008528974,0.008485463,0.008439814,0.008393427,0.008345716,0.008297159,0.008247208,0.008197419,0.008145921,0.00809488,0.008043172,0.007991496,0.00793975,0.007888902,0.007837742,0.007788108,0.007738868,0.007691427,0.007644807,0.007600066,0.00755724,0.007517434,0.007478506,0.007442363,0.007409749,0.007381081,0.007353675,0.007328771,0.007308751,0.007293805,0.007282703,0.007274389,0.007267879,0.007266934,0.007268474,0.007277787,0.007289638,0.00730576,0.007325099,0.007349113,0.007375804,0.007406021,0.007438519,0.00747488,0.007513396,0.007555163,0.007598608,0.007645231,0.007693595,0.007744303,0.007795542,0.007848626,0.007902266,0.007956976,0.008010359,0.008064539,0.008117337,0.008171162,0.008224346,0.008277792,0.00832912,0.008379425,0.008427988,0.008476284,0.00852247,0.008567495,0.008610183,0.008651769,0.008690858,0.00872861
0.008820699,0.008854185,0.008884759,0.008913971,0.008940635,0.008965518,0.008987663,0.009008468,0.009026154,0.009042462,0.009055963,0.009067722,0.009076758,0.009084306,0.00908877,0.00909197,0.009092232,0.009090866,0.009086814,0.009081222,0.009072791,0.009062965,0.009050338,0.009036264,0.00901942,0.009001199,0.008980262,0.008958017,0.008933111,0.008906944,0.008878152,0.008848164,0.008815603,0.008781972,0.008745981,0.008709,0.008669563,0.008629387,0.008587175,0.008544003,0.008498983,0.008453642,0.008406202,0.008358861,0.008309927,0.008260702,0.008210748,0.00816084,0.008109923,0.008060167,0.008009488,0.007959966,0.007910482,0.007862371,0.007814623,0.007768688,0.007723447,0.007681063,0.007639377,0.007600297,0.007563588,0.007530369,0.007497855,0.007468733,0.007443191,0.007422911,0.007403407,0.007387365,0.007373884,0.007366523,0.007363345,0.00736415,0.00736877,0.007375264,0.007385517,0.007400511,0.007418559,0.007440337,0.007465237,0.007494851,0.007527388,0.007563336,0.007601251,0.007642327,0.007685209,0.007730775,0.007777167,0.007825574,0.007874506,0.007925457,0.007975995,0.008028079,0.008080594,0.008134105,0.00818724,0.008239855,0.008291212,0.008342378,0.008392511,0.008442486,0.008490463,0.008537662,0.008582778,0.008627089,0.008669288,0.008710356,0.008748909,0.008786051
0.008867938,0.008900947,0.008931475,0.008960481,0.008986715,0.009011636,0.009033736,0.009054135,0.009071997,0.00908822,0.009101467,0.009113419,0.009122336,0.009129719,0.009134383,0.009137405,0.009137663,0.009136382,0.009132254,0.009126593,0.009118277,0.009108397,0.009095758,0.009081669,0.00906491,0.009046689,0.009025823,0.009003589,0.008978803,0.008952696,0.008924062,0.008894184,0.008861885,0.008828485,0.008792758,0.008755967,0.008717072,0.008677241,0.008635362,0.008592914,0.00854847,0.008503479,0.008457221,0.008410357,0.008362208,0.008314288,0.008264935,0.008216099,0.008166705,0.008117585,0.008068387,0.008020235,0.00797188,0.007925103,0.007878805,0.007834316,0.007790625,0.007748958,0.007709034,0.007672058,0.007636081,0.007602862,0.007572689,0.007546321,0.007521369,0.007499059,0.007480815,0.007467148,0.007456968,0.00744984,0.007444379,0.007444071,0.00744608,0.007454852,0.007466066,0.007481281,0.007499452,0.007521893,0.007546812,0.007575149,0.00760562,0.007639686,0.007675697,0.007714809,0.007755488,0.00779919,0.007844429,0.00789198,0.007940001,0.007989971,0.008040376,0.00809201,0.008142562,0.008194054,0.008244404,0.008295527,0.008346179,0.008397298,0.008446656,0.008495123,0.008541889,0.008588516,0.008633172,0.008676769,0.008718249,0.008758748,0.008796888,0.008833732
0.008906323,0.008939201,0.008969302,0.008998075,0.009024366,0.009048971,0.00907088,0.009091433,0.009108994,0.009125178,0.009138545,0.009150259,0.009159205,0.009166672,0.009171107,0.009174255,0.009174506,0.009173121,0.009169052,0.009163434,0.009155021,0.009145193,0.009132579,0.009118528,0.009101746,0.009083586,0.009062744,0.00904061,0.009015882,0.008989923,0.0089614,0.008931722,0.008899542,0.008866355,0.008830896,0.008794499,0.008755767,0.008716361,0.008675041,0.008632898,0.008588983,0.008544835,0.008498825,0.008452924,0.008405595,0.008358145,0.008310003,0.008262074,0.00821331,0.008165678,0.008117322,0.008070194,0.008023133,0.007977529,0.00793237,0.007889033,0.007846399,0.00780652,0.007767457,0.007731005,0.007696689,0.007665685,0.007635586,0.007608833,0.007585253,0.007566445,0.00754862,0.00753412,0.007522103,0.007515626,0.007512699,0.007513725,0.0075181,0.00752475,0.007534717,0.007549063,0.007566235,0.007586973,0.007610525,0.00763839,0.007668879,0.007702634,0.007738211,0.007776825,0.007817096,0.007859992,0.007903716,0.00794948,0.00799573,0.00804405,0.008092063,0.008141655,0.008191508,0.008242469,0.008293052,0.008343275,0.008392507,0.008441824,0.008490183,0.008538352,0.008584648,0.008630401,0.008674193,0.008717212,0.008758275,0.008798341,0.008836034,0.008872393
0.008937046,0.008969543,0.008999583,0.009028192,0.009054136,0.009078754,0.009100612,0.009120858,0.009138534,0.009154649,0.009167825,0.009179678,0.009188536,0.009195874,0.009200457,0.009203465,0.009203715,0.00920241,0.009198293,0.009192639,0.009184313,0.009174458,0.009161847,0.0091478,0.009131098,0.009112967,0.0090922,0.009070098,0.009045476,0.009019592,0.008991211,0.008961649,0.008929698,0.008896711,0.008861472,0.008825248,0.00878695,0.008747827,0.008706773,0.008665213,0.008621764,0.008577902,0.008532784,0.008487267,0.008440538,0.008394087,0.008346414,0.008299305,0.008251685,0.008204536,0.008157283,0.008111179,0.008064957,0.008020341,0.007976242,0.007933987,0.007892504,0.007853144,0.007815349,0.00778043,0.007746632,0.007715615,0.007687223,0.007662481,0.007639308,0.007618982,0.007602083,0.007589365,0.007579755,0.00757345,0.007568852,0.007569005,0.007571439,0.007579714,0.007590426,0.007604918,0.007622184,0.00764351,0.007667138,0.007694044,0.007722951,0.007755295,0.007789491,0.007826714,0.007865375,0.007906824,0.007949581,0.007994718,0.008040348,0.008087897,0.008135838,0.008185085,0.008233521,0.008282937,0.008331481,0.008380623,0.008429261,0.008478452,0.008526187,0.008573244,0.008618631,0.008663911,0.008707338,0.008749817,0.008790315,0.008829931,0.008867292,0.008903442
0.008960996,0.008993368,0.009023087,0.009051532,0.009077479,0.009101872,0.009123578,0.009143935,0.009161386,0.00917746,0.009190725,0.009202406,0.009211283,0.009218677,0.009223107,0.009226184,0.009226429,0.009225074,0.009220996,0.009215393,0.009206991,0.00919718,0.009184595,0.009170589,0.009153879,0.009135819,0.009115081,0.009093071,0.009068496,0.009042739,0.009014449,0.008985057,0.008953217,0.008920401,0.008885359,0.00884944,0.008811287,0.008772483,0.008731824,0.008690524,0.008647479,0.008604229,0.008559292,0.008514474,0.008468336,0.008422248,0.008375436,0.008328998,0.008281824,0.00823573,0.008189084,0.008143701,0.0080984,0.008054618,0.0080113,0.007969874,0.007929151,0.007891039,0.007853832,0.007819258,0.007786595,0.007757142,0.007728814,0.007703766,0.007681498,0.007663607,0.007647051,0.00763381,0.007622866,0.007616943,0.007614178,0.007615222,0.00761936,0.007626128,0.007635989,0.007649835,0.00766637,0.007686588,0.00770928,0.007735811,0.007764664,0.007796784,0.007830718,0.007867666,0.007906069,0.007946895,0.007988489,0.008032382,0.008076838,0.008123138,0.00816944,0.008217189,0.00826517,0.008314133,0.008362865,0.008411473,0.008459056,0.008506881,0.008553819,0.008600679,0.008645752,0.008690372,0.008733165,0.008775254,0.008815422,0.008854713,0.008891728,0.00892757
0.008979089,0.009011197,0.009040862,0.009069202,0.009094893,0.009119289,0.009140955,0.009161109,0.00917863,0.009194643,0.009207785,0.009219544,0.009228374,0.009235684,0.009240224,0.009243206,0.009243432,0.009242143,0.009238031,0.009232416,0.009224073,0.009214247,0.009201672,0.00918768,0.009171026,0.009152994,0.009132322,0.00911035,0.009085852,0.009060146,0.009031964,0.009002659,0.008970991,0.008938324,0.008903431,0.00886764,0.008829797,0.008791206,0.008750724,0.008709812,0.008667106,0.00862406,0.008579715,0.008535162,0.008489429,0.008444017,0.008397521,0.008351632,0.008305215,0.008259446,0.008213538,0.008168826,0.008124092,0.008080967,0.008038335,0.007997616,0.007957675,0.007919902,0.007883529,0.007849948,0.007817613,0.007788129,0.007760934,0.007737195,0.007715171,0.007696218,0.007680253,0.007668227,0.007658921,0.007653059,0.007649215,0.007649666,0.0076525,0.007660346,0.007670664,0.007684655,0.007701256,0.007721832,0.00774458,0.007770513,0.007798349,0.007829537,0.007862557,0.007898557,0.007935892,0.007975774,0.008016785,0.008060213,0.008104259,0.008150058,0.008196299,0.008243824,0.008290867,0.008338825,0.008386142,0.008434103,0.008481326,0.008529027,0.008575454,0.008621549,0.008666045,0.008710338,0.008752861,0.008794623,0.008834401,0.008873378,0.008910146,0.008945855
0.00899198,0.009024016,0.009053485,0.009081722,0.009107407,0.009131663,0.009153237,0.009173453,0.009190839,0.009206819,0.009220012,0.009231661,0.009240506,0.009247854,0.00925231,0.009255336,0.00925555,0.009254232,0.009250144,0.009244563,0.009236179,0.009226381,0.009213827,0.009199865,0.00918321,0.009165222,0.009144578,0.009122671,0.009098207,0.009072577,0.009044455,0.009015256,0.008983666,0.008951108,0.008916338,0.008880736,0.008842993,0.008804607,0.008764368,0.008723609,0.008681156,0.008638486,0.008594257,0.008550122,0.008504749,0.008459559,0.008413579,0.008368093,0.008321943,0.008276804,0.008231264,0.00818698,0.008142798,0.008100173,0.008058004,0.008017772,0.00797829,0.007941262,0.007905244,0.007871861,0.007840192,0.007811624,0.00778447,0.007760539,0.007739034,0.007721493,0.007705719,0.00769339,0.00768332,0.00767766,0.007674901,0.007675891,0.007679731,0.007686701,0.007696489,0.007710119,0.007726288,0.00774616,0.00776833,0.007794059,0.007821896,0.007852964,0.007885822,0.00792163,0.007958802,0.007998344,0.008038727,0.008081399,0.008124722,0.008169794,0.00821504,0.008261675,0.008308427,0.00835613,0.008403522,0.008451185,0.008497818,0.008544705,0.00859061,0.008636548,0.008680856,0.008724757,0.008766891,0.008808427,0.008848006,0.008886781,0.00892333,0.008958848
0.009000274,0.009032179,0.00906162,0.009089801,0.009115356,0.00913961,0.009161163,0.009181277,0.009198694,0.009214642,0.009227773,0.009239458,0.009248281,0.009255589,0.009260101,0.009263081,0.009263285,0.009261998,0.009257894,0.009252309,0.009243957,0.009234152,0.009221604,0.009207653,0.009191028,0.009173056,0.009152449,0.009130564,0.009106142,0.009080539,0.009052474,0.00902332,0.008991819,0.00895934,0.008924647,0.008889113,0.008851529,0.008813256,0.008773108,0.008732545,0.008690264,0.008647702,0.008603769,0.00855977,0.008514602,0.008469749,0.008423929,0.008378716,0.008332943,0.008287968,0.008242795,0.008198847,0.008154948,0.00811265,0.008070822,0.00803094,0.007991848,0.00795499,0.007919386,0.007886495,0.007854985,0.007826398,0.007799801,0.007776516,0.007755126,0.007737048,0.007721555,0.00770983,0.007700578,0.007694952,0.007691655,0.007692348,0.007695536,0.007703037,0.007713053,0.007726757,0.00774296,0.007763004,0.007785197,0.007810634,0.007837976,0.007868585,0.007900987,0.007936316,0.007972953,0.008012031,0.008052135,0.008094581,0.0081377,0.008182523,0.008227739,0.008274263,0.00832055,0.00836775,0.008414436,0.008461777,0.008508236,0.00855506,0.008600702,0.008646248,0.008690262,0.008733998,0.008775994,0.008817369,0.008856752,0.008895366,0.00893179,0.008967238
0.009004318,0.009036197,0.009065573,0.00909372,0.009119271,0.009143479,0.009164999,0.009185134,0.009202506,0.009218442,0.009231589,0.009243238,0.009252066,0.009259386,0.00926387,0.009266865,0.009267066,0.009265769,0.009261672,0.009256098,0.009247734,0.009237939,0.009225399,0.009211458,0.009194834,0.009176877,0.009156281,0.009134418,0.009110009,0.009084432,0.009056388,0.009027271,0.008995797,0.008963355,0.008928704,0.008893234,0.008855686,0.008817482,0.008777416,0.008736905,0.008694709,0.008652273,0.00860838,0.008564521,0.008519473,0.008474695,0.008429047,0.008383968,0.008338284,0.008293519,0.008248469,0.008204662,0.008160948,0.008118817,0.008077141,0.00803742,0.00799848,0.007961869,0.007926384,0.007893558,0.007862269,0.007833984,0.007807401,0.007784049,0.007762828,0.007745216,0.007729786,0.007717959,0.007708454,0.007702893,0.007699956,0.007700827,0.00770435,0.007711561,0.007721401,0.007734985,0.007751044,0.007770851,0.007792851,0.00781822,0.007845565,0.007876135,0.007908483,0.007943748,0.007980331,0.008019299,0.008059198,0.008101393,0.008144273,0.008188854,0.00823374,0.008279967,0.008326155,0.008373271,0.008419981,0.008467225,0.008513491,0.008560043,0.008605507,0.008650999,0.008694949,0.008738554,0.008780421,0.008821719,0.008861036,0.008899583,0.008935932,0.008971317
0.009004317,0.009036197,0.009065572,0.00909372,0.009119271,0.009143479,0.009164999,0.009185134,0.009202506,0.009218442,0.009231589,0.009243238,0.009252065,0.009259386,0.00926387,0.009266865,0.009267065,0.009265769,0.009261672,0.009256098,0.009247733,0.009237939,0.009225398,0.009211458,0.009194834,0.009176877,0.00915628,0.009134418,0.009110008,0.009084432,0.009056388,0.009027271,0.008995796,0.008963355,0.008928704,0.008893234,0.008855685,0.008817482,0.008777416,0.008736905,0.008694709,0.008652273,0.00860838,0.008564521,0.008519473,0.008474695,0.008429047,0.008383968,0.008338284,0.008293519,0.008248469,0.008204662,0.008160948,0.008118817,0.008077141,0.00803742,0.00799848,0.007961869,0.007926384,0.007893558,0.007862268,0.007833984,0.007807401,0.007784049,0.007762828,0.007745216,0.007729786,0.007717959,0.007708454,0.007702893,0.007699956,0.007700827,0.00770435,0.007711561,0.007721401,0.007734985,0.007751044,0.007770851,0.007792851,0.00781822,0.007845565,0.007876135,0.007908483,0.007943748,0.007980331,0.008019299,0.008059197,0.008101393,0.008144273,0.008188854,0.00823374,0.008279967,0.008326155,0.008373271,0.008419981,0.008467225,0.008513491,0.008560043,0.008605507,0.008650999,0.008694949,0.008738553,0.008780421,0.008821719,0.008861036,0.008899582,0.008935932,0.008971316
0.009000274,0.009032178,0.009061619,0.009089801,0.009115356,0.00913961,0.009161162,0.009181277,0.009198694,0.009214642,0.009227772,0.009239458,0.009248281,0.009255588,0.0092601,0.00926308,0.009263285,0.009261998,0.009257894,0.009252308,0.009243956,0.009234152,0.009221603,0.009207652,0.009191028,0.009173055,0.009152448,0.009130564,0.009106142,0.009080539,0.009052473,0.00902332,0.008991819,0.00895934,0.008924647,0.008889113,0.008851529,0.008813255,0.008773108,0.008732544,0.008690264,0.008647701,0.008603769,0.00855977,0.008514601,0.008469749,0.008423929,0.008378716,0.008332943,0.008287968,0.008242795,0.008198847,0.008154947,0.00811265,0.008070821,0.00803094,0.007991848,0.007954989,0.007919385,0.007886494,0.007854985,0.007826397,0.007799801,0.007776516,0.007755126,0.007737048,0.007721555,0.007709829,0.007700577,0.007694951,0.007691655,0.007692347,0.007695536,0.007703036,0.007713052,0.007726757,0.00774296,0.007763003,0.007785197,0.007810634,0.007837975,0.007868585,0.007900987,0.007936316,0.007972952,0.008012031,0.008052135,0.008094581,0.0081377,0.008182523,0.008227739,0.008274263,0.008320549,0.008367749,0.008414436,0.008461777,0.008508236,0.00855506,0.008600701,0.008646247,0.008690262,0.008733997,0.008775994,0.008817369,0.008856752,0.008895366,0.00893179,0.008967238
0.008991979,0.009024015,0.009053485,0.009081721,0.009107406,0.009131663,0.009153236,0.009173453,0.009190838,0.009206818,0.009220012,0.009231661,0.009240506,0.009247853,0.00925231,0.009255335,0.00925555,0.009254231,0.009250143,0.009244562,0.009236179,0.009226381,0.009213826,0.009199864,0.009183209,0.009165221,0.009144578,0.00912267,0.009098207,0.009072576,0.009044455,0.009015255,0.008983665,0.008951108,0.008916338,0.008880735,0.008842992,0.008804607,0.008764368,0.008723608,0.008681155,0.008638486,0.008594257,0.008550121,0.008504749,0.008459559,0.008413578,0.008368092,0.008321942,0.008276803,0.008231264,0.00818698,0.008142798,0.008100173,0.008058003,0.008017771,0.007978289,0.007941262,0.007905244,0.00787186,0.007840191,0.007811623,0.00778447,0.007760538,0.007739033,0.007721493,0.007705718,0.007693389,0.00768332,0.00767766,0.0076749,0.00767589,0.007679731,0.007686701,0.007696489,0.007710118,0.007726288,0.00774616,0.007768329,0.007794058,0.007821896,0.007852963,0.007885822,0.00792163,0.007958801,0.007998344,0.008038726,0.008081399,0.008124722,0.008169794,0.00821504,0.008261675,0.008308426,0.008356129,0.008403521,0.008451184,0.008497818,0.008544705,0.008590609,0.008636547,0.008680855,0.008724757,0.008766891,0.008808427,0.008848006,0.008886781,0.00892333,0.008958847
0.008979088,0.009011196,0.009040861,0.009069201,0.009094893,0.009119288,0.009140954,0.009161108,0.009178629,0.009194642,0.009207785,0.009219543,0.009228373,0.009235683,0.009240223,0.009243205,0.009243431,0.009242143,0.00923803,0.009232415,0.009224072,0.009214246,0.009201671,0.009187679,0.009171025,0.009152993,0.009132321,0.009110349,0.009085851,0.009060145,0.009031963,0.009002658,0.008970991,0.008938323,0.00890343,0.008867639,0.008829796,0.008791205,0.008750723,0.008709811,0.008667105,0.008624059,0.008579714,0.008535161,0.008489428,0.008444016,0.008397521,0.008351631,0.008305214,0.008259445,0.008213537,0.008168825,0.008124091,0.008080966,0.008038334,0.007997615,0.007957675,0.007919902,0.007883529,0.007849948,0.007817612,0.007788128,0.007760933,0.007737194,0.00771517,0.007696217,0.007680252,0.007668226,0.00765892,0.007653058,0.007649214,0.007649666,0.0076525,0.007660345,0.007670664,0.007684655,0.007701255,0.007721832,0.007744579,0.007770512,0.007798348,0.007829536,0.007862556,0.007898556,0.007935891,0.007975773,0.008016785,0.008060213,0.008104258,0.008150058,0.008196298,0.008243824,0.008290866,0.008338824,0.008386141,0.008434102,0.008481325,0.008529027,0.008575454,0.008621548,0.008666044,0.008710337,0.00875286,0.008794623,0.0088344,0.008873377,0.008910146,0.008945854
0.008960995,0.008993367,0.009023086,0.009051532,0.009077478,0.009101871,0.009123577,0.009143934,0.009161385,0.009177459,0.009190723,0.009202405,0.009211281,0.009218676,0.009223106,0.009226183,0.009226427,0.009225073,0.009220995,0.009215392,0.00920699,0.009197179,0.009184594,0.009170588,0.009153878,0.009135817,0.00911508,0.00909307,0.009068495,0.009042737,0.009014447,0.008985056,0.008953216,0.008920399,0.008885358,0.008849439,0.008811286,0.008772482,0.008731822,0.008690523,0.008647478,0.008604228,0.008559291,0.008514473,0.008468335,0.008422247,0.008375435,0.008328997,0.008281823,0.008235729,0.008189083,0.0081437,0.008098399,0.008054616,0.008011299,0.007969873,0.00792915,0.007891038,0.007853831,0.007819257,0.007786594,0.007757141,0.007728813,0.007703765,0.007681497,0.007663606,0.00764705,0.007633809,0.007622865,0.007616942,0.007614177,0.007615221,0.007619359,0.007626127,0.007635988,0.007649834,0.007666369,0.007686588,0.007709279,0.00773581,0.007764663,0.007796783,0.007830717,0.007867665,0.007906068,0.007946894,0.007988488,0.008032382,0.008076837,0.008123137,0.008169439,0.008217188,0.008265169,0.008314132,0.008362864,0.008411472,0.008459055,0.00850688,0.008553818,0.008600678,0.008645752,0.008690371,0.008733165,0.008775253,0.008815421,0.008854712,0.008891727,0.008927569
0.008937045,0.008969541,0.008999582,0.009028191,0.009054136,0.009078752,0.009100611,0.009120857,0.009138533,0.009154648,0.009167824,0.009179677,0.009188534,0.009195873,0.009200456,0.009203464,0.009203713,0.00920241,0.009198292,0.009192637,0.009184312,0.009174456,0.009161846,0.009147799,0.009131096,0.009112966,0.009092199,0.009070097,0.009045475,0.009019591,0.00899121,0.008961648,0.008929696,0.008896709,0.008861471,0.008825246,0.008786949,0.008747826,0.008706772,0.008665212,0.008621763,0.008577901,0.008532782,0.008487266,0.008440536,0.008394086,0.008346413,0.008299303,0.008251683,0.008204535,0.008157281,0.008111177,0.008064955,0.00802034,0.007976241,0.007933986,0.007892503,0.007853143,0.007815348,0.007780429,0.007746631,0.007715615,0.007687222,0.00766248,0.007639307,0.007618981,0.007602082,0.007589364,0.007579754,0.007573449,0.007568851,0.007569004,0.007571437,0.007579713,0.007590425,0.007604917,0.007622182,0.007643509,0.007667136,0.007694043,0.00772295,0.007755294,0.00778949,0.007826713,0.007865374,0.007906822,0.00794958,0.007994717,0.008040347,0.008087896,0.008135838,0.008185083,0.00823352,0.008282936,0.00833148,0.008380622,0.00842926,0.008478451,0.008526186,0.008573242,0.00861863,0.00866391,0.008707337,0.008749816,0.008790314,0.00882993,0.008867291,0.008903441
0.008906321,0.008939199,0.008969301,0.008998073,0.009024365,0.009048969,0.009070879,0.009091432,0.009108992,0.009125176,0.009138543,0.009150257,0.009159203,0.009166671,0.009171106,0.009174254,0.009174504,0.009173119,0.00916905,0.009163432,0.009155019,0.009145191,0.009132577,0.009118526,0.009101744,0.009083584,0.009062742,0.009040608,0.009015881,0.008989921,0.008961399,0.00893172,0.008899541,0.008866353,0.008830894,0.008794497,0.008755765,0.008716359,0.008675039,0.008632896,0.008588981,0.008544834,0.008498823,0.008452922,0.008405593,0.008358144,0.008310002,0.008262072,0.008213309,0.008165676,0.008117321,0.008070193,0.008023132,0.007977528,0.007932369,0.007889032,0.007846398,0.007806518,0.007767455,0.007731003,0.007696688,0.007665684,0.007635585,0.007608832,0.007585252,0.007566444,0.007548619,0.007534118,0.007522102,0.007515625,0.007512698,0.007513724,0.007518098,0.007524748,0.007534716,0.007549061,0.007566234,0.007586972,0.007610525,0.007638389,0.007668877,0.007702632,0.007738209,0.007776824,0.007817094,0.00785999,0.007903714,0.007949478,0.007995729,0.008044048,0.008092063,0.008141655,0.008191507,0.008242468,0.008293051,0.008343274,0.008392506,0.008441823,0.008490182,0.00853835,0.008584647,0.0086304,0.008674192,0.00871721,0.008758274,0.008798339,0.008836033,0.008872392
0.008867936,0.008900945,0.008931473,0.008960479,0.008986713,0.009011635,0.009033734,0.009054133,0.009071996,0.009088218,0.009101465,0.009113417,0.009122335,0.009129717,0.009134381,0.009137404,0.009137661,0.009136381,0.009132252,0.009126591,0.009118276,0.009108395,0.009095756,0.009081667,0.009064908,0.009046687,0.009025821,0.009003587,0.008978801,0.008952694,0.008924061,0.008894182,0.008861884,0.008828484,0.008792756,0.008755965,0.00871707,0.00867724,0.00863536,0.008592912,0.008548468,0.008503477,0.008457219,0.008410355,0.008362206,0.008314287,0.008264933,0.008216098,0.008166703,0.008117583,0.008068386,0.008020234,0.007971878,0.007925102,0.007878803,0.007834314,0.007790624,0.007748956,0.007709032,0.007672057,0.00763608,0.00760286,0.007572687,0.00754632,0.007521367,0.007499058,0.007480814,0.007467146,0.007456966,0.007449838,0.007444378,0.00744407,0.007446079,0.007454851,0.007466064,0.007481279,0.007499451,0.007521892,0.007546811,0.007575148,0.007605618,0.007639684,0.007675695,0.007714808,0.007755486,0.007799189,0.007844429,0.007891978,0.00794,0.00798997,0.008040374,0.008092009,0.00814256,0.008194053,0.008244402,0.008295526,0.008346177,0.008397296,0.008446654,0.008495122,0.008541888,0.008588514,0.008633171,0.008676767,0.008718248,0.008758747,0.008796887,0.008833731
0.008820697,0.008854183,0.008884757,0.008913969,0.008940634,0.008965516,0.008987661,0.009008466,0.009026152,0.00904246,0.009055961,0.00906772,0.009076756,0.009084304,0.009088769,0.009091968,0.00909223,0.009090864,0.009086812,0.00908122,0.009072789,0.009062964,0.009050336,0.009036263,0.009019419,0.009001197,0.00898026,0.008958015,0.008933109,0.008906942,0.00887815,0.008848162,0.008815601,0.00878197,0.00874598,0.008708999,0.008669561,0.008629384,0.008587173,0.008544001,0.008498981,0.008453639,0.0084062,0.008358859,0.008309925,0.0082607,0.008210746,0.008160838,0.008109921,0.008060165,0.008009486,0.007959965,0.00791048,0.00786237,0.007814622,0.007768686,0.007723446,0.007681062,0.007639376,0.007600295,0.007563586,0.007530367,0.007497854,0.007468732,0.007443189,0.007422909,0.007403406,0.007387364,0.007373882,0.007366521,0.007363343,0.007364148,0.007368769,0.007375262,0.007385516,0.007400509,0.007418558,0.007440335,0.007465235,0.00749485,0.007527387,0.007563335,0.00760125,0.007642326,0.007685207,0.007730774,0.007777166,0.007825573,0.007874504,0.007925456,0.007975994,0.008028077,0.008080592,0.008134103,0.008187238,0.008239854,0.00829121,0.008342376,0.008392509,0.008442484,0.008490461,0.008537661,0.008582776,0.008627087,0.008669286,0.008710355,0.008748907,0.008786049
0.008763592,0.008797213,0.008828307,0.008857789,0.00888434,0.008909612,0.008931974,0.008952557,0.008970622,0.00898696,0.009000298,0.009012359,0.009021354,0.009028789,0.009033556,0.009036588,0.009036862,0.009035649,0.009031532,0.009025907,0.009017619,0.009007744,0.008995109,0.008981018,0.008964235,0.008945972,0.008925045,0.00890271,0.008877771,0.008851453,0.008822568,0.008792371,0.008759713,0.008725858,0.008689567,0.008652128,0.008612537,0.008571861,0.008528972,0.008485461,0.008439812,0.008393425,0.008345714,0.008297157,0.008247206,0.008197417,0.008145919,0.008094878,0.00804317,0.007991494,0.007939748,0.0078889,0.00783774,0.007788106,0.007738866,0.007691425,0.007644805,0.007600064,0.007557238,0.007517432,0.007478505,0.007442361,0.007409747,0.007381079,0.007353673,0.00732877,0.007308749,0.007293804,0.007282701,0.007274387,0.007267877,0.007266933,0.007268472,0.007277785,0.007289636,0.007305758,0.007325097,0.007349111,0.007375802,0.00740602,0.007438517,0.007474878,0.007513394,0.007555162,0.007598606,0.007645229,0.007693593,0.007744302,0.00779554,0.007848624,0.007902264,0.007956974,0.008010358,0.008064537,0.008117335,0.00817116,0.008224344,0.008277791,0.008329118,0.008379423,0.008427986,0.008476282,0.008522468,0.008567493,0.008610182,0.008651766,0.008690856,0.008728608
0.008695325,0.008729498,0.008760598,0.008790304,0.008817355,0.008842536,0.00886493,0.008886001,0.008903812,0.008920244,0.008933889,0.00894569,0.008954836,0.008962477,0.008966993,0.008970254,0.008970539,0.008969233,0.008965233,0.00895972,0.008951307,0.008941532,0.008928944,0.00891491,0.00889806,0.008879844,0.008858875,0.00883658,0.008811543,0.008785205,0.008756179,0.00872591,0.008692987,0.008658908,0.00862235,0.008584742,0.008544532,0.008503497,0.008460254,0.008415895,0.008369596,0.008322834,0.008273682,0.008224595,0.008173702,0.008122318,0.008070121,0.008017764,0.007964168,0.007911729,0.007858126,0.007805566,0.007752994,0.007701674,0.007650592,0.007601312,0.007552719,0.007507055,0.007461946,0.007419432,0.007379548,0.007343362,0.007307709,0.007275506,0.007247334,0.007224971,0.007203261,0.007185266,0.007169945,0.007161359,0.007157739,0.007158148,0.00716295,0.007169272,0.00717991,0.007195764,0.007214969,0.007238172,0.007264885,0.007296762,0.007331898,0.007370646,0.007411583,0.007455848,0.007502084,0.007551042,0.007600834,0.007652614,0.007705014,0.007759335,0.007813133,0.007868418,0.007924307,0.007981018,0.008037317,0.008092981,0.008146992,0.008200419,0.00825267,0.008304839,0.008354881,0.008403827,0.008450528,0.008496409,0.008539943,0.008582184,0.008621734,0.008659818
0.008614881,0.008649156,0.008680846,0.008710828,0.008737679,0.008763308,0.008785923,0.008806687,0.008824945,0.008841381,0.008854807,0.008866977,0.008876056,0.008883559,0.008888458,0.008891511,0.008891824,0.008890728,0.008886666,0.008881141,0.008872939,0.008863137,0.008850581,0.008836572,0.008819849,0.008801636,0.008780741,0.008758401,0.008733388,0.008706936,0.008677871,0.008647424,0.008614465,0.008580192,0.008543345,0.008505257,0.008464953,0.008423383,0.008379391,0.008334707,0.008287715,0.008239747,0.008190351,0.008139825,0.00808776,0.008035756,0.007981702,0.007928018,0.007873495,0.007818712,0.007763842,0.007709661,0.007655032,0.007601839,0.007548908,0.007497757,0.00744744,0.007398815,0.007352277,0.007308817,0.007266107,0.007226243,0.007190463,0.007158765,0.007128179,0.00709999,0.007077662,0.007061009,0.007048603,0.007038687,0.007030868,0.007029085,0.007030061,0.007039959,0.007052541,0.007069769,0.007090548,0.007116519,0.00714543,0.007178032,0.007213112,0.007252399,0.007294117,0.007339275,0.007386239,0.007436541,0.00748881,0.007543443,0.007598693,0.00765563,0.007713263,0.007771743,0.007828639,0.007886127,0.00794195,0.007999127,0.008055377,0.008111572,0.008165187,0.008217678,0.008268385,0.008318627,0.008366569,0.008413258,0.00845731,0.008500112,0.00854025,0.008579025
0.008520981,0.008555843,0.008587457,0.00861765,0.00864505,0.008670503,0.008693115,0.008714436,0.008732338,0.008748868,0.008762648,0.008774477,0.008783741,0.008791487,0.008796082,0.008799431,0.008799766,0.00879858,0.00879469,0.008789334,0.008781015,0.008771381,0.008758933,0.008745049,0.008728305,0.00871022,0.008689348,0.008667135,0.008642086,0.008615699,0.008586554,0.008556117,0.008522934,0.008488497,0.008451431,0.008413244,0.008372294,0.008330406,0.008286093,0.008240483,0.008192821,0.008144506,0.008093452,0.008042404,0.00798928,0.00793543,0.007880627,0.007825412,0.007768663,0.007713031,0.007655935,0.00759972,0.007543408,0.007488177,0.007433007,0.007379614,0.007326883,0.007277118,0.007227734,0.007180925,0.007137026,0.007097058,0.007057467,0.007021405,0.00698988,0.006964758,0.006940216,0.006919761,0.006902145,0.006891943,0.006887628,0.006887414,0.006892292,0.006898378,0.006909478,0.006926388,0.006947021,0.006972017,0.007001003,0.007035683,0.007074011,0.007116205,0.007160873,0.007209071,0.007259433,0.007312553,0.007366527,0.007422446,0.007479114,0.007537549,0.007595345,0.007654529,0.007714486,0.007775014,0.00783505,0.007894356,0.007951512,0.008007585,0.00806227,0.008116968,0.008169386,0.0082203,0.008268768,0.008316407,0.008361386,0.00840488,0.008445474,0.008484566
0.008412725,0.008447613,0.00847985,0.008510283,0.008537362,0.008563302,0.008586112,0.008607011,0.008625423,0.008641914,0.008655407,0.008667669,0.008676833,0.008684415,0.008689478,0.008692581,0.008692974,0.008692068,0.008688132,0.008682806,0.008674787,0.008665173,0.008652824,0.008639039,0.008622524,0.008604524,0.008583827,0.008561654,0.008536736,0.008510316,0.008481238,0.008450706,0.008417604,0.008383059,0.008345773,0.008307142,0.008266221,0.00822382,0.008178747,0.008132895,0.00808453,0.008034905,0.007983705,0.007931042,0.00787665,0.007822181,0.007765248,0.007708564,0.007650797,0.00759242,0.007533897,0.007475787,0.007417049,0.007359604,0.007302232,0.007246598,0.007191782,0.007138418,0.007087308,0.007039311,0.006991921,0.006947468,0.006907729,0.006872206,0.006837647,0.00680541,0.006780162,0.006761275,0.006747098,0.006735086,0.006725616,0.006722736,0.006722999,0.006733491,0.006746861,0.006765368,0.00678784,0.006816145,0.006847728,0.006883231,0.006921474,0.006964346,0.007009994,0.007059308,0.007110576,0.007165353,0.00722234,0.007281682,0.007341747,0.007403276,0.007465648,0.007528572,0.007589619,0.007650991,0.007710364,0.007771468,0.007831258,0.007890577,0.007946756,0.008001718,0.00805484,0.008107214,0.008157043,0.008205516,0.008250978,0.008295019,0.008336199,0.008376009
0.008288989,0.008324444,0.008356472,0.008387066,0.008414717,0.008440357,0.008463108,0.008484615,0.008502542,0.008519123,0.008533009,0.008544837,0.008554221,0.008562082,0.008566789,0.008570268,0.008570708,0.008569725,0.008566041,0.008560957,0.008552856,0.00854351,0.008531361,0.008517805,0.008501353,0.008483604,0.008463036,0.008441126,0.008416282,0.008390068,0.008361029,0.00833065,0.008297428,0.008262838,0.008225452,0.00818686,0.008145325,0.008102721,0.008057435,0.008010643,0.007961664,0.007911794,0.007858776,0.007805679,0.007750173,0.007693659,0.007636005,0.00757762,0.007517338,0.007458083,0.007396993,0.00733656,0.007275892,0.007216069,0.00715607,0.00709779,0.007040105,0.006985381,0.00693081,0.006878784,0.006829959,0.006785318,0.006740908,0.006700148,0.006664496,0.006635885,0.00660779,0.00658425,0.006563775,0.006551492,0.006546144,0.00654501,0.006549792,0.00655551,0.00656711,0.006585236,0.006607548,0.006634696,0.006666421,0.006704454,0.006746582,0.006792889,0.006842025,0.006894936,0.006950227,0.007008302,0.007067245,0.007128078,0.00718981,0.007253096,0.007315597,0.007379349,0.00744402,0.007508921,0.0075732,0.007636626,0.007697323,0.007756365,0.007813758,0.007871261,0.007926279,0.007979278,0.008029578,0.008079022,0.008125423,0.008170118,0.008211687,0.008251728
0.0081491,0.008184446,0.00821709,0.008247842,0.008275016,0.008301169,0.008324064,0.008345012,0.008363501,0.008379987,0.00839351,0.008405845,0.008415082,0.008422756,0.008428023,0.008431227,0.00843178,0.008431167,0.00842747,0.008422483,0.008414802,0.008405549,0.008393602,0.008380261,0.008364186,0.008346646,0.008326406,0.008304668,0.008280117,0.008254014,0.008225216,0.008194889,0.008161935,0.008127393,0.008089929,0.008051003,0.008009695,0.00796667,0.007920696,0.007873833,0.007824213,0.007773005,0.007720034,0.007665205,0.007608423,0.007551367,0.007491363,0.007431448,0.007370127,0.007307765,0.007245149,0.007182581,0.007119143,0.007056789,0.00699425,0.006933363,0.006873226,0.006814229,0.006757627,0.006704136,0.006651079,0.006601085,0.006556518,0.006516322,0.006476961,0.006439871,0.006411014,0.006389228,0.006372675,0.006357963,0.006346399,0.006342076,0.006341401,0.00635244,0.006366597,0.006386504,0.00641089,0.006441898,0.006476604,0.006515524,0.006557507,0.006604632,0.006654959,0.006709235,0.006765631,0.006825693,0.006888197,0.00695302,0.007018685,0.007085529,0.007153352,0.007221349,0.007287116,0.007352871,0.007416223,0.007481685,0.007545345,0.007608093,0.007667081,0.007724756,0.007780475,0.007835052,0.007886754,0.007936956,0.007983702,0.00802885,0.008070931,0.008111658
0.007992245,0.008028076,0.008060323,0.008091155,0.008118913,0.008144607,0.008167377,0.008188961,0.008206809,0.008223392,0.008237348,0.00824916,0.008258651,0.008266625,0.008271485,0.008275178,0.008275832,0.008275168,0.00827183,0.008267184,0.008259477,0.008250631,0.008239017,0.00822605,0.008210175,0.008193064,0.008173105,0.008151805,0.008127499,0.008101817,0.00807325,0.008043298,0.008010386,0.007975997,0.007938638,0.007899967,0.007858146,0.007815113,0.007769132,0.007721413,0.007671313,0.007620045,0.007565171,0.007510114,0.00745223,0.007393004,0.007332402,0.007270686,0.007206643,0.007143451,0.007077952,0.007012829,0.006947257,0.006882203,0.006816654,0.00675274,0.006689278,0.006628706,0.006567956,0.006509692,0.006454941,0.006404645,0.006354438,0.006308104,0.006267577,0.006234791,0.006202319,0.006174813,0.006150684,0.006135825,0.006128971,0.006126508,0.006130954,0.006136049,0.006148147,0.006167572,0.006191741,0.006221416,0.006256373,0.006298289,0.006344782,0.006395851,0.00645021,0.006508691,0.006569783,0.006633601,0.006698191,0.006764694,0.006832309,0.006901132,0.006969001,0.007037959,0.007107907,0.00717763,0.00724663,0.007314363,0.007378728,0.00744102,0.007501493,0.007562079,0.007619786,0.007674838,0.007726865,0.007777916,0.007825491,0.007871164,0.007913511,0.007954339
0.007818137,0.007853682,0.007886518,0.007917364,0.007944506,0.007970712,0.007993553,0.008014394,0.008032862,0.008049302,0.008062801,0.008075232,0.008084493,0.008092253,0.008097767,0.008101187,0.008102066,0.008101851,0.008098565,0.008094097,0.008086976,0.00807833,0.008067064,0.008054467,0.008039175,0.008022444,0.008003008,0.007982039,0.007958268,0.007932916,0.007904836,0.007875158,0.007842759,0.007808642,0.00777146,0.007732639,0.007691321,0.007648022,0.007601553,0.00755405,0.007503413,0.007450873,0.007396361,0.007339537,0.007280475,0.007220855,0.007157766,0.00709454,0.007029546,0.00696292,0.006895863,0.006828426,0.006759766,0.006691888,0.006623501,0.006556644,0.006490335,0.006424795,0.006361704,0.00630169,0.006241913,0.006185346,0.006134945,0.006089196,0.006044234,0.006001592,0.005968298,0.005942503,0.00592266,0.005904776,0.0058904,0.005884215,0.005882304,0.005893691,0.005908621,0.005929908,0.005956335,0.005990453,0.006028756,0.006071545,0.006117787,0.006169837,0.0062256,0.006285747,0.006348168,0.006414334,0.006482949,0.006554099,0.00662617,0.006698993,0.006772913,0.006846611,0.006917518,0.006988034,0.007055926,0.00712561,0.007193121,0.007259662,0.007321957,0.007382528,0.007440741,0.007497443,0.007550859,0.007602387,0.007650104,0.007696085,0.007738867,0.007780277
0.007626493,0.007662458,0.007694677,0.007725456,0.007753211,0.007778724,0.007801368,0.007822848,0.007840514,0.007857064,0.007871005,0.007882812,0.007892377,0.007900484,0.007905504,0.007909564,0.007910621,0.007910375,0.007907608,0.007903571,0.007896544,0.007888485,0.007877714,0.007865658,0.007850746,0.007834645,0.00781569,0.007795396,0.007772111,0.007747455,0.007719852,0.00769082,0.00765869,0.007625002,0.007588236,0.007549977,0.007508313,0.007465301,0.007419148,0.007370926,0.007320039,0.007267726,0.007211343,0.007154598,0.007094546,0.007032694,0.006969252,0.006904148,0.006836299,0.006769003,0.006698782,0.006628642,0.006557669,0.00648681,0.006415135,0.006344831,0.006274687,0.0062074,0.006139494,0.006074021,0.006012375,0.005955372,0.005898158,0.005845251,0.005798997,0.005761297,0.005723382,0.005690693,0.005661912,0.005644071,0.005634911,0.005630714,0.005634414,0.005638529,0.00565105,0.005671718,0.005697946,0.005730385,0.005768977,0.005815308,0.005866839,0.00592339,0.005983701,0.006048572,0.006116318,0.006186762,0.006257745,0.006330791,0.006404898,0.006480053,0.0065538,0.006628588,0.006704182,0.006779171,0.006853312,0.006925039,0.00699306,0.007058852,0.007122844,0.007186478,0.007246586,0.007303576,0.007357169,0.007409361,0.007457875,0.007504242,0.007547152,0.007588349
0.007417631,0.007453118,0.007485871,0.00751648,0.007543402,0.007569413,0.007592009,0.007612555,0.007630905,0.007647213,0.007660593,0.007673101,0.007682367,0.007690265,0.007696036,0.007699797,0.007701179,0.007701497,0.007698851,0.007695098,0.007688852,0.007681125,0.007670871,0.00765936,0.007645252,0.007629719,0.007611523,0.007591796,0.007569326,0.007545256,0.007518433,0.007489938,0.007458644,0.007425526,0.007389244,0.007351117,0.007310338,0.007267308,0.007220936,0.007173286,0.007122083,0.007068661,0.007013077,0.006954592,0.006893576,0.00683159,0.006765576,0.006699077,0.006630407,0.006559432,0.006487732,0.006415145,0.006340819,0.006266913,0.006192171,0.006118574,0.006045191,0.005972232,0.00590179,0.005834344,0.005766854,0.005702613,0.005645196,0.005592757,0.005541065,0.005491796,0.005453026,0.00542217,0.005398132,0.005376264,0.005358241,0.005349726,0.005346061,0.005357636,0.005373114,0.005395715,0.005424403,0.005461767,0.005503964,0.00555117,0.005602433,0.005660204,0.005722158,0.005788919,0.005858169,0.005931413,0.006007185,0.006085525,0.006164503,0.006244133,0.006324669,0.006404554,0.006480894,0.006556581,0.006629108,0.006702948,0.006774412,0.006844794,0.00691043,0.006973621,0.007033988,0.007092657,0.007147581,0.007200045,0.007248524,0.00729506,0.007338254,0.007379822
0.007191917,0.007227661,0.007259509,0.007289902,0.007317381,0.007342428,0.007364728,0.007385902,0.007403232,0.007419635,0.007433457,0.007445192,0.007454821,0.007463084,0.007468292,0.00747282,0.007474413,0.007474742,0.007472754,0.00746955,0.007463493,0.007456538,0.007446951,0.007436167,0.007422618,0.007407944,0.007390454,0.007371672,0.007349949,0.007326878,0.007300816,0.007273292,0.007242554,0.007210203,0.007174691,0.007137505,0.007096639,0.007054294,0.007008614,0.006960472,0.006909379,0.006856569,0.006799201,0.006741241,0.006679416,0.006615257,0.006549238,0.00648088,0.006409298,0.006337914,0.006262838,0.006187472,0.006110754,0.006033649,0.00595534,0.005877946,0.005800304,0.005725466,0.005649504,0.005575892,0.005506374,0.005441561,0.005376084,0.005315382,0.005262238,0.005218485,0.005173899,0.00513494,0.005100514,0.005078889,0.005066667,0.005060142,0.005062582,0.005065302,0.005078044,0.00509991,0.005128363,0.005163726,0.005206305,0.005257657,0.005315019,0.005377884,0.00544498,0.005517067,0.005592347,0.005670385,0.005748776,0.005829231,0.005910469,0.005992674,0.006072799,0.006153863,0.006235441,0.00631598,0.006395308,0.006470955,0.006542612,0.006611774,0.00667912,0.006745463,0.006807577,0.00686617,0.00692101,0.006973976,0.007023124,0.007069841,0.007112931,0.007153993
0.0069502,0.006985183,0.007017442,0.007047416,0.007073763,0.007099262,0.00712132,0.007141319,0.007159353,0.007175348,0.007188471,0.00720096,0.007210164,0.007218185,0.007224225,0.00722838,0.007230364,0.007231352,0.007229516,0.007226697,0.007221584,0.007215068,0.007206156,0.007196094,0.007183569,0.007169664,0.007153182,0.007135209,0.007114593,0.007092387,0.007067431,0.007040753,0.007011229,0.006979795,0.006945125,0.006908417,0.006868908,0.00682687,0.006781316,0.006734225,0.006683128,0.006629483,0.006573461,0.006513872,0.006451429,0.006387522,0.006318936,0.006249452,0.006177292,0.006102054,0.006025716,0.005947846,0.005867612,0.005787326,0.00570576,0.005624818,0.00554364,0.005462443,0.005383797,0.005307967,0.005231703,0.005158661,0.005093079,0.005032716,0.004972999,0.004915833,0.004870478,0.004833469,0.004804245,0.004777391,0.004754893,0.004743406,0.00473746,0.004748971,0.004764755,0.004788607,0.004819675,0.004860562,0.004907056,0.004959261,0.005016313,0.005080707,0.005149795,0.005224141,0.005301211,0.005382563,0.005466504,0.005552936,0.005639556,0.005726637,0.00581433,0.005900762,0.005982758,0.006063758,0.006140905,0.006218829,0.006294096,0.006368087,0.006436701,0.006502066,0.006564118,0.006624305,0.006680267,0.006733187,0.00678197,0.006828605,0.006871729,0.006912944
0.00669338,0.006728337,0.006759279,0.006788803,0.006815553,0.006839702,0.006861293,0.006881826,0.006898523,0.006914536,0.006928031,0.006939516,0.006949098,0.006957427,0.006962782,0.006967784,0.006969952,0.006970949,0.006969878,0.006967681,0.006962817,0.006957235,0.006949139,0.006939974,0.006928179,0.006915368,0.006899823,0.006883078,0.006863482,0.006842606,0.00681873,0.006793394,0.006764765,0.006734502,0.006701021,0.00666571,0.006626455,0.00658561,0.006541219,0.006493968,0.006443481,0.006390954,0.00633334,0.00627489,0.00621193,0.006146053,0.00607798,0.006006775,0.005931797,0.005856571,0.005776746,0.00569617,0.005613592,0.005530002,0.005444688,0.005359699,0.005273943,0.005190841,0.005105964,0.005023287,0.00494491,0.004871177,0.004796196,0.004726467,0.004665229,0.00461423,0.004561694,0.004515329,0.004474188,0.004447951,0.004431889,0.004422378,0.004423047,0.004423904,0.004436702,0.00445975,0.004490582,0.004529157,0.004576229,0.004633311,0.004697377,0.004767525,0.004842462,0.004922866,0.005006803,0.005093516,0.005180321,0.005269091,0.005358218,0.005448097,0.005535027,0.005622705,0.005710459,0.005796593,0.005881001,0.005960295,0.00603525,0.006107351,0.006177587,0.006246065,0.006309557,0.006369112,0.006424573,0.006477687,0.006526855,0.006573299,0.00661595,0.006656258
0.006422389,0.006456155,0.006487246,0.006515948,0.006541126,0.00656558,0.006586595,0.006605605,0.006622942,0.006638264,0.006650838,0.006663064,0.006672,0.00668,0.006686213,0.006690697,0.006693283,0.006694992,0.006694058,0.006692328,0.006688546,0.006683486,0.006676217,0.006667955,0.006657407,0.006645579,0.006631315,0.006615651,0.006597496,0.006577807,0.006555421,0.006531308,0.006504351,0.006475436,0.006443244,0.006408863,0.006371561,0.006331456,0.006287676,0.006242107,0.006192063,0.006139138,0.006083595,0.006023759,0.005960728,0.005895664,0.005825181,0.005753336,0.005678194,0.00559909,0.005518434,0.005435444,0.005349351,0.005262608,0.005173991,0.005085344,0.004995881,0.004905813,0.004818255,0.004733184,0.004647149,0.004564237,0.004489403,0.004419905,0.004350864,0.004284521,0.004231501,0.004187262,0.004151867,0.004119006,0.004091236,0.004076147,0.004067428,0.00407868,0.004094553,0.004119652,0.004153281,0.004198076,0.004249405,0.004307333,0.004371102,0.004443221,0.004520629,0.004603789,0.004689896,0.004780537,0.004873731,0.004969173,0.005064152,0.005159225,0.005254467,0.005347589,0.005435218,0.005521378,0.005602824,0.005684455,0.005763001,0.005839956,0.005910765,0.00597748,0.006040385,0.006101259,0.006157399,0.006209926,0.006258185,0.006304109,0.006346361,0.006386442
0.00613803,0.006171297,0.006200483,0.006228365,0.006253653,0.00627622,0.006296511,0.006315856,0.006331432,0.006346638,0.00635944,0.00637036,0.006379667,0.006387867,0.006393245,0.00639865,0.006401362,0.006403077,0.006403028,0.006401998,0.006398541,0.006394607,0.006388333,0.006381177,0.00637158,0.006361139,0.006348107,0.006334029,0.006317244,0.006299303,0.006278411,0.006256118,0.006230511,0.006203296,0.006172848,0.006140458,0.006103895,0.00606567,0.006023682,0.005978452,0.005929729,0.005878609,0.005821848,0.005764006,0.005700924,0.005634315,0.005565104,0.005491859,0.005414218,0.005335787,0.005251705,0.005166314,0.005078129,0.004988161,0.004895797,0.004803023,0.004708834,0.004617012,0.004522579,0.004430097,0.004342026,0.004258389,0.004172759,0.004092845,0.004022365,0.003962957,0.003901219,0.003846379,0.003797505,0.003765887,0.00374527,0.003732175,0.00373063,0.003729202,0.003741961,0.003766228,0.003799646,0.003841778,0.003893949,0.0039576,0.004029409,0.004108016,0.004192088,0.004282143,0.004376055,0.004472633,0.004568876,0.004666795,0.004764422,0.004862349,0.004956193,0.005050452,0.005144157,0.00523547,0.005324362,0.005406531,0.005483923,0.005557963,0.005630048,0.005699526,0.005763228,0.00582257,0.005877518,0.005929675,0.005977783,0.006022891,0.006064073,0.006102635
0.00584061,0.005872128,0.005901092,0.005927632,0.005950822,0.005973513,0.005992819,0.006010274,0.006026425,0.006040631,0.006052314,0.006063994,0.006072444,0.006080294,0.006086605,0.006091393,0.006094627,0.006097177,0.00609732,0.006096935,0.006094785,0.006091546,0.006086351,0.006080385,0.006072368,0.006063239,0.006051882,0.006039284,0.006024403,0.006008106,0.005989232,0.005968686,0.005945368,0.005920088,0.005891543,0.005860713,0.005826895,0.005790016,0.00574933,0.005706628,0.005658986,0.005608138,0.005554411,0.005495614,0.005433284,0.005368277,0.005297027,0.005223908,0.005146739,0.005064622,0.00498042,0.004892908,0.004801434,0.004708567,0.004613058,0.004516716,0.004418825,0.004319567,0.004222677,0.004127747,0.004031148,0.003937477,0.003852457,0.003772699,0.003693085,0.003616325,0.003554635,0.003502161,0.003459693,0.00341983,0.00338608,0.003366823,0.003354899,0.003365767,0.003381517,0.003407858,0.003444202,0.003493269,0.003549949,0.003614343,0.003685829,0.003766902,0.003853965,0.003947302,0.004043736,0.004144828,0.00424822,0.004353312,0.004456976,0.004560082,0.004662701,0.004761999,0.004854558,0.004945017,0.005029706,0.005113965,0.00519453,0.005273042,0.00534447,0.005410974,0.005473213,0.005533284,0.00558812,0.005638855,0.00568524,0.005729164,0.005769299,0.005807078
0.005530694,0.005561214,0.005587698,0.005613113,0.00563618,0.0056565,0.005674955,0.005692645,0.005706721,0.005720835,0.005732732,0.005742942,0.005751939,0.005760019,0.005765517,0.00577147,0.005774924,0.005777651,0.005778973,0.005779524,0.005777948,0.005776196,0.00577234,0.00576785,0.005761167,0.005753883,0.005744219,0.005733731,0.005720736,0.005706773,0.005689973,0.005671895,0.005650552,0.005627683,0.005601618,0.005573553,0.005541144,0.005507047,0.005468968,0.0054273,0.00538193,0.005333776,0.005279417,0.005223738,0.00516201,0.005096136,0.005027181,0.004953179,0.004874089,0.004793563,0.004706187,0.004616843,0.004523753,0.004427952,0.004328904,0.004228547,0.004125973,0.004025306,0.003920976,0.00381823,0.003719868,0.003625522,0.003528232,0.00343706,0.003356227,0.003287257,0.003215069,0.00315074,0.003093151,0.003055426,0.00302957,0.003012324,0.003008131,0.003003946,0.003016494,0.003041859,0.003077845,0.003123609,0.003181222,0.003252067,0.00333251,0.003420665,0.003515122,0.003616099,0.003721155,0.003828495,0.003934753,0.004042043,0.004148026,0.004253502,0.004353418,0.004453259,0.004551706,0.004646806,0.00473862,0.004821979,0.004900056,0.004974138,0.005046144,0.005114655,0.005176662,0.005233948,0.005286673,0.005336289,0.005381837,0.005424182,0.005462559,0.00549814
0.005208684,0.005237144,0.005263289,0.005287078,0.005307786,0.005328353,0.005345655,0.005361394,0.005376282,0.005389344,0.00540022,0.005411496,0.005419677,0.00542768,0.005434442,0.005439916,0.005444252,0.00544817,0.00544996,0.005451566,0.005451726,0.005451041,0.005448711,0.005445879,0.005441277,0.005435801,0.005428371,0.005419926,0.005409456,0.005397743,0.005383636,0.005367973,0.005349685,0.005329486,0.005306079,0.005280366,0.005251653,0.005219649,0.005183738,0.005145617,0.005102116,0.005055109,0.00500494,0.004948889,0.004888979,0.004825681,0.004755235,0.00468238,0.004604573,0.004520743,0.004434219,0.004343212,0.004247272,0.004149029,0.004047181,0.00394352,0.003837391,0.003728929,0.003622585,0.003517437,0.003409691,0.003304536,0.003208493,0.003117349,0.00302584,0.002937322,0.002865914,0.002804179,0.002753713,0.002705742,0.002665238,0.002641133,0.002625434,0.002635622,0.002650702,0.002677836,0.002716466,0.002769488,0.002831305,0.002902217,0.00298184,0.003072635,0.003170294,0.003274757,0.003382289,0.003494325,0.00360802,0.003722371,0.003833866,0.003943786,0.004052353,0.004156053,0.00425166,0.004344444,0.004430296,0.004515231,0.004595743,0.004673601,0.004743296,0.004807379,0.004866922,0.004924302,0.004976083,0.005023495,0.005066606,0.005107259,0.005144088,0.005178507
0.004876932,0.004904361,0.004927921,0.00495076,0.004971552,0.004989672,0.005006462,0.005022735,0.005035623,0.005049018,0.005060431,0.005070398,0.00507966,0.005088207,0.005094465,0.005101607,0.005106481,0.005110983,0.005114466,0.005117416,0.00511858,0.005119906,0.005119391,0.00511852,0.005115751,0.005112681,0.005107502,0.005101791,0.005093805,0.005085083,0.005073693,0.005061209,0.005045588,0.005028585,0.005008459,0.004986352,0.004959791,0.004931568,0.00489914,0.004862828,0.004822687,0.004779345,0.004729242,0.004677596,0.004619018,0.004555701,0.004488737,0.004415609,0.004336637,0.004255499,0.004166166,0.004074103,0.003977166,0.003876432,0.003771418,0.003663966,0.003553306,0.003443914,0.003329589,0.003216346,0.003107255,0.003001467,0.002891478,0.00278786,0.002695347,0.002615392,0.002531289,0.002456362,0.00238887,0.002344001,0.00231192,0.002289621,0.002281928,0.002273956,0.002285408,0.002310756,0.002348072,0.002396099,0.002457981,0.002535224,0.002623975,0.002721771,0.002827046,0.002939422,0.00305592,0.003173901,0.003289606,0.003405144,0.003517868,0.00362897,0.003732783,0.00383602,0.00393703,0.004033717,0.004126211,0.004208724,0.004285507,0.004357426,0.004427158,0.004492639,0.004551158,0.004604798,0.004653988,0.004700013,0.004742093,0.004780862,0.0048157,0.00484767
0.004538576,0.004564298,0.004587965,0.004609402,0.004628067,0.004647048,0.004662897,0.004677596,0.004691905,0.004704484,0.004715284,0.004726884,0.004735589,0.004744588,0.004752582,0.004759516,0.004765768,0.004771926,0.004776224,0.004780707,0.004784073,0.004786858,0.004788315,0.00478956,0.00478935,0.004788551,0.004786131,0.004783007,0.004778105,0.004772187,0.004764096,0.00475464,0.004742794,0.004729141,0.004712368,0.004693378,0.00467143,0.004646001,0.004616596,0.004584844,0.004547352,0.004506075,0.004461355,0.0044099,0.00435433,0.004294597,0.00422675,0.004155926,0.00407908,0.003995137,0.003907792,0.003814589,0.003715354,0.003612758,0.003505423,0.003394989,0.003280954,0.003163439,0.003047702,0.002932095,0.002812638,0.002695216,0.002587159,0.002483206,0.002378057,0.002275941,0.0021934,0.00212112,0.002061211,0.002003132,0.001954439,0.00192392,0.001902903,0.001911065,0.001923496,0.00194914,0.001987468,0.002041612,0.002105698,0.002180747,0.002266916,0.002366684,0.002474794,0.002590424,0.002708941,0.002831478,0.002954662,0.003076696,0.00319394,0.003308536,0.003420964,0.003526815,0.0036236,0.003716891,0.00380205,0.003886648,0.003965896,0.00404151,0.004107739,0.004168122,0.004224069,0.004278019,0.004326209,0.004370102,0.004409811,0.004447121,0.004480545,0.004511594
0.004200146,0.004225233,0.004246613,0.004267674,0.004286916,0.004303635,0.00431957,0.004335258,0.00434776,0.004361222,0.004372929,0.004383411,0.004393764,0.004403553,0.004411328,0.004420365,0.004427358,0.004434413,0.004440777,0.004446853,0.004451494,0.004456641,0.004460205,0.004463714,0.004465652,0.004467629,0.004467823,0.004467856,0.00446582,0.004463355,0.004458431,0.004452685,0.004444016,0.004434178,0.00442131,0.004406603,0.004387403,0.004366651,0.004341462,0.004312206,0.004279113,0.004242367,0.004198362,0.004152607,0.004099022,0.004040171,0.003977024,0.003906536,0.00382938,0.003749297,0.003659522,0.003566165,0.003466606,0.003362032,0.003251947,0.003137999,0.003019661,0.002901718,0.002777297,0.002653241,0.002532774,0.002414558,0.002290518,0.002172847,0.002066783,0.001973715,0.001875418,0.001787893,0.001708026,0.001653409,0.001612693,0.001582681,0.001568864,0.001554017,0.001561135,0.001582429,0.001616344,0.001661358,0.001722462,0.001801958,0.00189619,0.002002238,0.002118241,0.002242514,0.002371002,0.002499684,0.002624412,0.00274697,0.002864956,0.00298023,0.003086675,0.003192387,0.003295555,0.003393437,0.003486239,0.003568295,0.003643887,0.003713325,0.003780456,0.003842938,0.003898251,0.003948477,0.003994554,0.00403766,0.004076853,0.004112624,0.004144451,0.004173425
0.003867768,0.003891486,0.0039134,0.003933216,0.003950485,0.003968596,0.00398358,0.003997892,0.004012162,0.00402479,0.004036064,0.004048481,0.004058166,0.004068623,0.004078296,0.004087088,0.004095634,0.00410442,0.004111575,0.004119338,0.004126248,0.004132887,0.004138534,0.0041443,0.004148931,0.004153325,0.004156459,0.004159253,0.004160551,0.004161135,0.004159847,0.004157473,0.004153011,0.00414693,0.00413788,0.00412681,0.004112927,0.004095452,0.004074021,0.004050203,0.004020343,0.003986516,0.003948957,0.003903884,0.003854506,0.00380016,0.003736739,0.00366981,0.003595646,0.003513256,0.003426705,0.003332713,0.003231528,0.003125685,0.003013707,0.002897224,0.002775728,0.002649217,0.002523859,0.002397114,0.002264894,0.002133912,0.002012338,0.001893505,0.001772191,0.001653513,0.001556781,0.001470333,0.001397185,0.00132448,0.001263223,0.001221638,0.001190805,0.001192537,0.001197102,0.001215226,0.001245945,0.001293523,0.001352447,0.001425692,0.001514872,0.001622871,0.001742968,0.001872604,0.002005156,0.002140679,0.002274906,0.002405321,0.002528945,0.002648735,0.002766267,0.002875698,0.002975457,0.003070977,0.003157302,0.003243541,0.003323098,0.003397925,0.003461813,0.003519845,0.003573454,0.003624965,0.003670455,0.003711834,0.00374892,0.003783719,0.003814526,0.003843151
0.003549478,0.003572303,0.003591649,0.003611082,0.003628842,0.003644247,0.003659393,0.003674474,0.003686548,0.00370007,0.003712018,0.003722972,0.003734315,0.003745195,0.003754444,0.003765276,0.003774254,0.003783727,0.003792836,0.003801934,0.003809937,0.003818825,0.003826438,0.003834355,0.003841056,0.0038482,0.003853918,0.003859875,0.003864083,0.00386824,0.003870262,0.003871825,0.003870744,0.003868817,0.003864062,0.003857685,0.003846926,0.003834839,0.003818176,0.00379741,0.003772853,0.00374427,0.003708009,0.003669915,0.003623057,0.003570525,0.003513026,0.00344702,0.003373537,0.003296182,0.003207576,0.00311445,0.003013632,0.002906338,0.002792,0.002672288,0.002546675,0.002420105,0.00228493,0.002149009,0.002015691,0.001883072,0.001742476,0.001607796,0.001484706,0.00137434,0.001256514,0.001150336,0.001051551,0.0009806787,0.0009241322,0.0008793375,0.0008527797,0.000824275,0.0008206309,0.0008303428,0.0008516085,0.0008836348,0.000935025,0.001010733,0.001108581,0.001225495,0.001358533,0.001503109,0.001652247,0.001798951,0.00193801,0.002071567,0.002198432,0.00232124,0.002434164,0.00254683,0.002656397,0.002759387,0.002856243,0.002940574,0.003017389,0.003086648,0.00315324,0.003214394,0.003267781,0.00331547,0.003359105,0.003399777,0.003436366,0.003469417,0.003498569,0.003525001
0.003248755,0.003269559,0.003288801,0.003306113,0.003321162,0.003337595,0.00335088,0.003364029,0.003377452,0.003389365,0.003400394,0.003412912,0.003422829,0.00343405,0.003444712,0.003454736,0.003464947,0.003475703,0.003485108,0.003495583,0.003505482,0.003515478,0.003524879,0.003534802,0.003543963,0.00355331,0.003561814,0.003570396,0.00357788,0.003585052,0.003590769,0.003595791,0.003599116,0.003601128,0.003600462,0.003598082,0.003593161,0.003584671,0.00357242,0.003557837,0.003536993,0.003512162,0.003483359,0.003446376,0.003405005,0.003357829,0.003300724,0.003239597,0.003169962,0.0030909,0.003006835,0.002913563,0.002811823,0.002703834,0.002588016,0.002466021,0.002337178,0.002201225,0.00206522,0.001925542,0.00177808,0.001630364,0.001491423,0.001352862,0.00120953,0.001067344,0.0009486492,0.0008389686,0.0007430296,0.0006452701,0.0005608678,0.0004981515,0.0004488896,0.0004379543,0.0004289943,0.0004332768,0.000447928,0.0004793026,0.0005246061,0.0005920581,0.000687028,0.0008130476,0.0009601382,0.001121333,0.001285001,0.001447836,0.001603544,0.00174955,0.001885171,0.002015489,0.002144056,0.002262818,0.002370728,0.002472704,0.002563647,0.002654067,0.00273568,0.002811145,0.002873572,0.002929796,0.002981127,0.0030299,0.003072025,0.003110028,0.003143488,0.003174784,0.003202034,0.003227404
0.002968671,0.002987107,0.003002441,0.00301838,0.003032904,0.00304533,0.003058151,0.003071089,0.003081326,0.003093573,0.003104449,0.003114666,0.003125812,0.003136616,0.003146268,0.003157864,0.003167837,0.003178765,0.003189698,0.003200936,0.003211495,0.003223361,0.003234329,0.003246045,0.003256979,0.003268829,0.003279691,0.003291272,0.003301536,0.003312241,0.003321254,0.003330294,0.003337085,0.003343491,0.003347408,0.003350048,0.003348564,0.003346134,0.003339125,0.003328145,0.003313516,0.003294601,0.003267746,0.003239061,0.003200723,0.00315643,0.003106487,0.003046884,0.002979022,0.002906203,0.002820435,0.002729103,0.002628277,0.002519243,0.002401224,0.002275866,0.002142511,0.00200615,0.001858107,0.001707342,0.001557153,0.001404935,0.001241203,0.001081794,0.0009327254,0.0007949216,0.0006457212,0.0005081849,0.0003770448,0.0002769862,0.0001917984,0.0001209972,7.407439e-05,2.847132e-05,1.491123e-05,1.353737e-05,1.893493e-05,3.106934e-05,6.691659e-05,0.0001398774,0.0002526283,0.0004015595,0.0005795826,0.0007746523,0.0009720899,0.001157803,0.001323968,0.001474748,0.001613565,0.001746895,0.001870105,0.001994213,0.002113672,0.002223887,0.002325702,0.002411989,0.002489042,0.002556638,0.002621058,0.002678771,0.002727827,0.002770363,0.002808867,0.002844271,0.002875483,0.002903123,0.002927106,0.002948637
0.00270484,0.002719927,0.002733866,0.002746265,0.002756917,0.002769635,0.002779301,0.002789555,0.002800456,0.002810115,0.002819463,0.002830705,0.002839539,0.002850306,0.002860748,0.002870923,0.00288175,0.002893446,0.002904143,0.002916425,0.002928452,0.002941023,0.002953461,0.002966901,0.00298003,0.002993848,0.003007324,0.003021384,0.003034861,0.003048541,0.003061308,0.003073891,0.003085294,0.003095828,0.003104138,0.003111171,0.003116071,0.003117584,0.003115727,0.00311169,0.003101316,0.003087094,0.003068743,0.003041665,0.00301023,0.002972119,0.002923344,0.002869978,0.002806764,0.002732825,0.002652853,0.002561607,0.002460328,0.00235071,0.002231044,0.002102802,0.001965033,0.001817005,0.001666616,0.001508819,0.001339449,0.001166744,0.001000708,0.0008309396,0.0006525328,0.0004723886,0.000316992,0.000168872,3.577207e-05,-0.0001008972,-0.0002206768,-0.000313961,-0.0003845655,-0.0003994694,-0.000405431,-0.0003984366,-0.0003919948,-0.0003787308,-0.0003511007,-0.0002840419,-0.0001618137,1.797072e-05,0.0002351499,0.000470852,0.0007012303,0.0009139332,0.001098464,0.001255745,0.00139497,0.001530048,0.00166849,0.001796694,0.001911819,0.002017319,0.002108802,0.002198823,0.002277385,0.002348295,0.002403881,0.002453096,0.002496959,0.002538,0.00257187,0.002601862,0.00262734,0.002651131,0.002671134,0.002689881
0.002454115,0.00246545,0.002474403,0.002484706,0.002494074,0.002501788,0.002510741,0.002520046,0.002527154,0.002536909,0.00254556,0.002554005,0.002563945,0.002573702,0.002582884,0.002594393,0.002604566,0.002616183,0.002628203,0.002640883,0.00265337,0.002667619,0.002681412,0.002696461,0.002711236,0.002727465,0.002743221,0.002760262,0.002776526,0.002793838,0.002810007,0.002826817,0.002841888,0.002857183,0.002870466,0.002882964,0.002891735,0.002900104,0.002904026,0.002904292,0.002901131,0.00289356,0.00287793,0.002860535,0.00283263,0.002798586,0.002758114,0.002706808,0.002646348,0.002579604,0.0024979,0.002409244,0.002308675,0.002197562,0.002074636,0.001941418,0.001796849,0.001645871,0.001478389,0.001304581,0.001127494,0.0009438227,0.0007430353,0.000543637,0.0003524525,0.0001711742,-2.560428e-05,-0.0002090178,-0.0003845081,-0.0005204309,-0.0006377637,-0.0007356858,-0.0007946002,-0.0008303784,-0.0008080293,-0.0007770036,-0.0007667292,-0.0007794126,-0.0007699593,-0.000691754,-0.0005286785,-0.0002946817,-1.517927e-05,0.000280201,0.0005610021,0.0007973255,0.0009763037,0.001113588,0.001233426,0.001358268,0.001484958,0.001618566,0.001742571,0.001851284,0.00194851,0.002027052,0.002095097,0.002152294,0.002206716,0.002253452,0.002291158,0.002322061,0.002349583,0.002374304,0.002395335,0.002413247,0.002428281,0.002441518
0.002207184,0.002215075,0.002222406,0.002228829,0.002234215,0.002242449,0.002247821,0.002254639,0.002262481,0.002269452,0.002276716,0.002286287,0.002293669,0.002303646,0.002313501,0.002323539,0.002334668,0.00234698,0.00235868,0.00237248,0.002386369,0.002401287,0.002416565,0.002433366,0.002450361,0.002468599,0.00248706,0.002506676,0.002526329,0.002546787,0.002566983,0.002587605,0.002607687,0.002627457,0.002645623,0.002663055,0.002678902,0.002691679,0.002701657,0.002709665,0.002711417,0.00270955,0.002703464,0.002688169,0.00266858,0.002641327,0.002602693,0.00255865,0.002503212,0.002435375,0.002360006,0.002270609,0.002168892,0.002055674,0.001929074,0.00179002,0.001637184,0.001469034,0.001294445,0.001106644,0.00090164,0.0006885306,0.0004791796,0.0002612726,3.119721e-05,-0.0002018984,-0.0004041109,-0.0005966282,-0.0007662582,-0.000932573,-0.001072376,-0.001185562,-0.001259275,-0.001218144,-0.001128617,-0.001040533,-0.001018126,-0.001049749,-0.001072682,-0.0009965735,-0.0007919738,-0.0004905305,-0.0001482505,0.0001993095,0.0005123926,0.0007575835,0.0009162055,0.001012864,0.001097698,0.001212303,0.001362047,0.001501994,0.001614019,0.001706214,0.001783832,0.001861692,0.001926199,0.001982928,0.002023088,0.002057859,0.002087557,0.002115104,0.002135622,0.002153264,0.002167066,0.002180297,0.002190478,0.002200462
0.001961224,0.001965759,0.001968836,0.00197401,0.001978822,0.001982406,0.001988123,0.001994321,0.001998918,0.002006692,0.002013622,0.002020766,0.00202991,0.002038974,0.002048051,0.002059754,0.002070409,0.002082934,0.002096242,0.002110543,0.002125144,0.00214194,0.002158742,0.002177329,0.002196173,0.002217039,0.00223799,0.002260849,0.002283544,0.002307978,0.002331891,0.002357166,0.002381292,0.002406389,0.002430041,0.002453541,0.002473806,0.002494351,0.002510655,0.002523772,0.002533678,0.002539165,0.002536481,0.002532089,0.002516215,0.002493968,0.00246418,0.00242218,0.002369622,0.00230892,0.002230432,0.002142782,0.002039527,0.001922186,0.001788506,0.001639943,0.001474614,0.001297694,0.001097272,0.00088556,0.0006656356,0.0004344672,0.0001805243,-7.27876e-05,-0.0003163937,-0.0005445386,-0.0007845339,-0.001001588,-0.001203399,-0.001332745,-0.001427663,-0.001531101,-0.001583857,-0.001511303,-0.001295018,-0.001128358,-0.00111742,-0.001238011,-0.001318537,-0.001203842,-0.0009040179,-0.0005236085,-0.0001270963,0.0002618081,0.0006043619,0.0008273072,0.0009071842,0.0009154184,0.0009457765,0.00105502,0.001215899,0.001373482,0.001479773,0.001560741,0.00164082,0.001702198,0.00175159,0.001790947,0.001830416,0.001861607,0.001884224,0.001900498,0.00191496,0.001927402,0.001937332,0.001944929,0.001950866,0.001955809
0.001709321,0.001712332,0.001715404,0.001717951,0.001720234,0.001725829,0.001728803,0.001733812,0.00174022,0.001745901,0.001752505,0.00176154,0.001768681,0.001778814,0.001789075,0.00179978,0.001812041,0.001825588,0.001839013,0.001854848,0.001871218,0.001888948,0.001907649,0.001928252,0.001949692,0.00197281,0.001996874,0.00202257,0.00204911,0.002076985,0.002105447,0.002134884,0.002164632,0.002194591,0.00222379,0.002252755,0.002280883,0.002306234,0.002329544,0.002350986,0.002366424,0.002378324,0.002385955,0.002383695,0.002377095,0.002361431,0.002333435,0.002298527,0.002250132,0.0021867,0.002113285,0.002021716,0.001914202,0.001790244,0.001647895,0.001487226,0.001306765,0.001104139,0.00089016,0.0006567942,0.0004014672,0.0001356072,-0.0001247694,-0.0003929453,-0.0006698221,-0.0009417458,-0.001154343,-0.001345651,-0.001511839,-0.00162078,-0.001661049,-0.001787169,-0.001886438,-0.001614977,-0.001206166,-0.0009625539,-0.0009945196,-0.001211951,-0.001351155,-0.001183314,-0.0008033376,-0.0003941814,-1.546725e-05,0.0003565044,0.0006800435,0.0008446453,0.0008211879,0.000735123,0.0007242477,0.0008644239,0.001112418,0.001277146,0.00132713,0.001372798,0.001441898,0.001507678,0.001552316,0.001594946,0.001620986,0.001641998,0.001658761,0.00167456,0.001683918,0.001691542,0.001696306,0.001701539,0.001704608,0.00170831
0.001455451,0.001456465,0.001457966,0.001460768,0.001464758,0.001466505,0.001472222,0.001477167,0.001482082,0.001489375,0.001497005,0.00150407,0.001514478,0.001523802,0.001534578,0.001547188,0.001559878,0.001573864,0.0015898,0.001606162,0.001624082,0.001643784,0.001664704,0.001687172,0.001711132,0.001736994,0.00176417,0.001793269,0.001823462,0.001855542,0.001888328,0.001922719,0.001957115,0.001992814,0.00202814,0.002063589,0.002096729,0.002130483,0.002160542,0.002187574,0.002211772,0.002231222,0.002242411,0.002251496,0.002247911,0.00223717,0.002217156,0.00218284,0.002135515,0.002077169,0.001996686,0.001903559,0.00178915,0.001655787,0.001499381,0.001322556,0.001121795,0.0009047507,0.0006568545,0.0003961958,0.0001261838,-0.0001513143,-0.0004511163,-0.0007379826,-0.001001256,-0.001230651,-0.001432381,-0.001586538,-0.001788979,-0.001757086,-0.001589823,-0.001753457,-0.001900609,-0.001447442,-0.0008324934,-0.0005969995,-0.0006996143,-0.0010416,-0.001196937,-0.0009193595,-0.0004999273,-0.0001716419,0.0001025758,0.0004002896,0.0006854511,0.0007588361,0.0006100248,0.0004552056,0.0004334977,0.0006284702,0.0009523071,0.001104069,0.001071999,0.001121452,0.001239675,0.001284494,0.001311777,0.001346602,0.001382382,0.001403799,0.001419194,0.001426882,0.001435759,0.001441582,0.001447086,0.001449127,0.001451697,0.001452285
0.001198852,0.001198859,0.001204558,0.001204369,0.001209671,0.001213173,0.001219239,0.001222527,0.001232442,0.001236565,0.001246988,0.001254883,0.001265881,0.001275326,0.001289727,0.00130008,0.001316894,0.001330515,0.001348871,0.00136549,0.001387347,0.001406621,0.001431604,0.001454741,0.001483372,0.001510154,0.001542492,0.001573138,0.001609199,0.001643477,0.001682815,0.001720185,0.001762195,0.001801597,0.001844403,0.001884253,0.001927137,0.001964452,0.002003364,0.002037489,0.002068517,0.002093107,0.002115665,0.002124729,0.002131225,0.002124272,0.00210539,0.002074968,0.002029741,0.001963636,0.001885267,0.00178151,0.001657965,0.001510489,0.001339596,0.00114344,0.000922604,0.0006742849,0.0004140086,0.0001350233,-0.0001622957,-0.0004580182,-0.0007329286,-0.0009971525,-0.001244332,-0.001493327,-0.001566055,-0.001564694,-0.001780562,-0.001613239,-0.00115637,-0.001457099,-0.001752288,-0.0008884326,-0.0002832313,-0.0001724059,-0.0002151989,-0.000363876,-0.0004215365,-0.000293955,-0.0001421917,-4.22162e-05,3.461883e-05,0.0001310111,0.000235566,0.0002587624,0.000184635,0.0001223477,0.0001300614,0.0003538945,0.0008004916,0.0008588839,0.0006925853,0.0007910801,0.0009696694,0.0009902288,0.0010236,0.001091908,0.001118647,0.001134138,0.001154254,0.001166724,0.001178173,0.001182197,0.001188811,0.001190388,0.001195475,0.001195759
0.0009503306,0.0009462327,0.0009554925,0.0009537504,0.0009653943,0.0009626737,0.0009761438,0.0009769202,0.0009893409,0.0009930031,0.00100801,0.001011693,0.001029574,0.001035776,0.001054075,0.001064115,0.001084324,0.001096313,0.00112006,0.001135081,0.001161248,0.001180529,0.001210272,0.001233411,0.001266977,0.001294767,0.00133248,0.001364937,0.001406768,0.001443803,0.001489424,0.001530441,0.001578876,0.001622871,0.001673371,0.001718592,0.001767753,0.001812542,0.00185895,0.001897569,0.001937834,0.0019685,0.001994178,0.00201314,0.002020773,0.002016614,0.002002957,0.001969524,0.001921029,0.001855905,0.00176372,0.001653718,0.001515613,0.001354034,0.001161788,0.000947462,0.0007025964,0.0004461956,0.0001547612,-0.0001328972,-0.0004225636,-0.0006851261,-0.0009631591,-0.001192921,-0.001325206,-0.001485018,-0.001458604,-0.001174258,-0.001642938,-0.001152469,-0.0003546814,-0.0005359172,-0.000604708,-0.0002017921,-3.037038e-05,-1.374068e-05,1.2069e-05,2.670209e-05,3.740038e-05,1.237935e-05,-7.911102e-06,-2.631007e-05,-3.484208e-05,-4.906758e-05,-5.32303e-05,-4.397005e-05,-2.639874e-05,-1.432566e-05,-1.027218e-06,6.289905e-05,0.0002577645,0.0002973872,0.0001981923,0.0004371766,0.0007236801,0.0006237347,0.0006959141,0.0007921576,0.0008292282,0.0008543411,0.0008885289,0.0008928889,0.0009157072,0.0009186587,0.0009345217,0.0009319821,0.000943334,0.0009388978
0.0007039784,0.0007118218,0.0007145646,0.0007214677,0.0007240802,0.0007344966,0.0007380172,0.0007479065,0.0007558502,0.0007661432,0.0007750618,0.0007889659,0.0007987355,0.000814123,0.0008278067,0.0008439339,0.0008606991,0.0008800927,0.0008991105,0.0009217607,0.0009451627,0.0009708246,0.0009984997,0.001028588,0.001061176,0.00109563,0.0011334,0.001172609,0.001215733,0.001259572,0.001307723,0.001355703,0.001408272,0.001459231,0.001514221,0.001566373,0.001622786,0.001672584,0.001725854,0.001771957,0.001817133,0.001852107,0.001887534,0.001903491,0.001919984,0.001914553,0.001900286,0.001863772,0.001815632,0.001732683,0.001642316,0.001509322,0.001363714,0.001175495,0.0009760714,0.0007327141,0.0004863246,0.0001943816,-7.003549e-05,-0.0003634469,-0.0006197036,-0.000873518,-0.001002338,-0.001208051,-0.001089234,-0.001349356,-0.001051532,-0.0003854821,-0.0006381358,-0.0002622978,-2.328654e-05,3.164462e-05,7.320983e-05,2.920136e-05,-2.509927e-05,-1.641766e-05,NaN,NaN,NaN,NaN,NaN,NaN,NaN,NaN,NaN,NaN,NaN,-4.561376e-06,-8.823688e-06,-3.63375e-05,-5.376167e-05,-2.883956e-05,-4.621866e-06,7.402534e-05,0.0002490516,0.0001815886,0.0003607231,0.0005350908,0.0005045755,0.0005786084,0.0006060262,0.0006378035,0.000655352,0.0006737474,0.0006796443,0.0006923347,0.0006949818,0.0007041649
0.0004805854,0.000498066,0.0004893551,0.0005089721,0.0005031296,0.0005209231,0.0005176972,0.0005386857,0.0005348236,0.0005585675,0.0005578846,0.0005812127,0.0005842008,0.0006096661,0.000613819,0.0006429346,0.0006497536,0.0006807002,0.0006921011,0.0007260052,0.0007410313,0.0007793437,0.0007993321,0.0008417771,0.000867181,0.0009146871,0.0009460254,0.0009987343,0.001036143,0.001094015,0.001137283,0.001199695,0.00124783,0.001313605,0.001365713,0.001432693,0.001485025,0.00155097,0.00160141,0.00165948,0.001703839,0.001750797,0.001779077,0.001809503,0.001816362,0.001816215,0.001796816,0.001757102,0.0016957,0.00161229,0.001499039,0.001357692,0.001192986,0.0009900955,0.0007735409,0.0005172868,0.0002673903,-1.333444e-05,-0.0002680799,-0.000533512,-0.0006998075,-0.0008701192,-0.000844284,-0.001069827,-0.0005713379,-0.0004897664,-0.0002641919,-1.026399e-05,5.038875e-05,7.09189e-05,-3.030341e-05,NaN,NaN,NaN,NaN,NaN,NaN,NaN,NaN,NaN,NaN,NaN,NaN,NaN,NaN,NaN,NaN,NaN,NaN,NaN,NaN,NaN,3.504688e-06,-3.415242e-05,-2.78067e-05,-4.786637e-06,6.322437e-05,0.0001703761,0.0001852971,0.0003414167,0.0003481737,0.0003952127,0.0004160225,0.0004481722,0.0004507798,0.0004740754,0.0004682311,0.0004868432
0.0002909846,0.0003020256,0.0003011958,0.0003123629,0.0003105929,0.0003264218,0.0003252444,0.0003414752,0.0003447362,0.0003621401,0.0003663178,0.0003881846,0.0003930008,0.0004172074,0.000425934,0.0004515532,0.0004634937,0.0004931768,0.0005075483,0.0005414549,0.0005605459,0.000598502,0.0006224193,0.000666005,0.0006955087,0.0007448029,0.0007803265,0.0008358347,0.0008776428,0.0009392976,0.0009870718,0.001054341,0.001107347,0.001178865,0.001234788,0.001308393,0.001365682,0.001437059,0.001490265,0.001557104,0.001599861,0.001653309,0.0016824,0.001712478,0.001716647,0.001719031,0.001683922,0.001647277,0.001568204,0.001475772,0.00134535,0.00119591,0.00100432,0.0008017278,0.0005630212,0.0003234152,6.812246e-05,-0.0001772037,-0.000392454,-0.0005456022,-0.0006497771,-0.0007110153,-0.0004052342,-0.0003545895,-9.130467e-05,4.424315e-05,5.952394e-05,-1.878236e-05,NaN,NaN,NaN,NaN,NaN,NaN,NaN,NaN,NaN,NaN,NaN,NaN,NaN,NaN,NaN,NaN,NaN,NaN,NaN,NaN,NaN,NaN,NaN,NaN,NaN,NaN,NaN,5.249789e-06,-2.190643e-05,-1.549241e-05,1.387995e-05,9.021064e-05,0.0001147689,0.000189698,0.0002277062,0.0002465369,0.0002631593,0.0002782651,0.0002819959,0.0002937881
0.0001375836,0.0001435493,0.0001386434,0.0001494836,0.0001475147,0.000156789,0.0001588382,0.0001724411,0.0001740786,0.0001917532,0.0001971183,0.0002150046,0.0002246407,0.000245424,0.0002565991,0.0002818459,0.0002960243,0.0003239464,0.0003431859,0.0003749266,0.0003983486,0.0004355394,0.0004645473,0.0005070426,0.0005422199,0.0005910828,0.0006330213,0.0006884862,0.0007373471,0.0007994075,0.0008548892,0.0009228166,0.0009836985,0.001056071,0.001121012,0.001195143,0.001259663,0.001332566,0.001393399,0.001456992,0.001508605,0.001558076,0.001588427,0.001616802,0.001618261,0.001609234,0.001575701,0.001519205,0.0014334,0.001326858,0.001181877,0.001015655,0.0008195838,0.0006044179,0.0003756082,0.0001395843,-6.848585e-05,-0.0002592618,-0.0003895263,-0.0004692797,-0.000308124,-0.0002204572,-3.605832e-05,4.714511e-05,3.355289e-05,-2.963629e-05,NaN,NaN,NaN,NaN,NaN,NaN,NaN,NaN,NaN,NaN,NaN,NaN,NaN,NaN,NaN,NaN,NaN,NaN,NaN,NaN,NaN,NaN,NaN,NaN,NaN,NaN,NaN,NaN,NaN,NaN,NaN,7.120474e-06,-7.362289e-06,-1.048817e-05,1.353091e-06,4.183915e-05,6.579202e-05,9.93844e-05,0.0001199088,0.0001297519,0.000132197,0.0001383504
2.458329e-05,2.201535e-05,1.789799e-05,1.986945e-05,1.407004e-05,2.237087e-05,2.00121e-05,2.951865e-05,3.318304e-05,4.536304e-05,5.118422e-05,6.87413e-05,7.626167e-05,9.714432e-05,0.0001095254,0.0001324617,0.0001490363,0.0001767667,0.0001966268,0.000229366,0.0002548611,0.00029246,0.0003237893,0.0003679155,0.0004058869,0.0004566994,0.0005018068,0.0005598295,0.0006123084,0.0006774017,0.0007367976,0.0008082155,0.000873504,0.0009494799,0.001017813,0.001095537,0.001164558,0.001238648,0.00130174,0.001368602,0.001417787,0.001466818,0.001497274,0.001516545,0.001515141,0.001498615,0.001449999,0.001386905,0.001286828,0.001161859,0.00101143,0.0008317755,0.0006304616,0.0004204016,0.0002133602,6.054669e-06,-0.0001234982,-0.0002680916,-0.0002075439,-0.0001438024,-2.038557e-05,4.029931e-05,1.447675e-05,NaN,NaN,NaN,NaN,NaN,NaN,NaN,NaN,NaN,NaN,NaN,NaN,NaN,NaN,NaN,NaN,NaN,NaN,NaN,NaN,NaN,NaN,NaN,NaN,NaN,NaN,NaN,NaN,NaN,NaN,NaN,NaN,NaN,NaN,NaN,NaN,NaN,-6.049891e-07,-5.197845e-06,-1.444622e-06,1.745909e-05,2.46574e-05,3.063652e-05,3.388123e-05,3.035072e-05
-3.591065e-05,-5.410652e-05,-6.651524e-05,-6.877171e-05,-8.090539e-05,-8.268259e-05,-8.499907e-05,-8.133698e-05,-8.273406e-05,-7.153329e-05,-6.773698e-05,-5.523769e-05,-4.532541e-05,-2.840754e-05,-1.597557e-05,6.657788e-06,2.311891e-05,4.954972e-05,7.201559e-05,0.0001032766,0.0001308544,0.0001686247,0.0002026991,0.0002468324,0.00028802,0.0003395916,0.0003884673,0.0004476668,0.0005042913,0.0005709463,0.0006347942,0.0007078697,0.0007773317,0.000854908,0.0009279934,0.001006578,0.001077866,0.00115337,0.001218258,0.001281106,0.001332629,0.001376195,0.001400435,0.001416747,0.001404518,0.001375012,0.001321535,0.001238904,0.001127019,0.0009934052,0.0008302669,0.0006466659,0.0004539683,0.0002571638,9.70765e-05,-7.35742e-05,-9.017778e-05,-9.252008e-05,-1.738592e-05,3.002734e-05,1.420154e-05,NaN,NaN,NaN,NaN,NaN,NaN,NaN,NaN,NaN,NaN,NaN,NaN,NaN,NaN,NaN,NaN,NaN,NaN,NaN,NaN,NaN,NaN,NaN,NaN,NaN,NaN,NaN,NaN,NaN,NaN,NaN,NaN,NaN,NaN,NaN,NaN,NaN,NaN,NaN,NaN,NaN,1.095928e-07,-9.077713e-07,-3.560363e-06,2.756158e-07,-1.395737e-05,-3.046975e-05
-5.235854e-05,-8.466958e-05,-0.0001002279,-0.0001179523,-0.0001419405,-0.0001469169,-0.000157718,-0.0001636256,-0.0001643495,-0.0001627719,-0.0001598537,-0.0001512748,-0.0001439513,-0.000130085,-0.0001164718,-9.916784e-05,-7.977957e-05,-5.639072e-05,-3.258686e-05,-2.979607e-06,2.754016e-05,6.312493e-05,0.0001004843,0.0001436797,0.0001885974,0.0002395228,0.0002923992,0.0003514785,0.0004123431,0.0004791953,0.0005472483,0.0006207464,0.0006944513,0.0007722407,0.0008479552,0.000926371,0.001000662,0.00107307,0.001137878,0.001199399,0.001245111,0.00128333,0.001303674,0.001306204,0.001287079,0.001246181,0.001173895,0.001086437,0.0009578157,0.0008112463,0.0006517306,0.0004705491,0.000287287,0.0001333094,2.138996e-05,-3.517141e-05,-1.162634e-05,1.987327e-05,1.761585e-05,-1.144553e-06,NaN,NaN,NaN,NaN,NaN,NaN,NaN,NaN,NaN,NaN,NaN,NaN,NaN,NaN,NaN,NaN,NaN,NaN,NaN,NaN,NaN,NaN,NaN,NaN,NaN,NaN,NaN,NaN,NaN,NaN,NaN,NaN,NaN,NaN,NaN,NaN,NaN,NaN,NaN,NaN,NaN,NaN,NaN,-2.327823e-07,1.299135e-06,6.643337e-07,-7.432029e-06,-2.303273e-05
-1.646873e-05,-5.387657e-05,-9.949469e-05,-0.0001178862,-0.0001632472,-0.0001771168,-0.0001948449,-0.0002106156,-0.0002206689,-0.0002214115,-0.0002249632,-0.0002233285,-0.0002157885,-0.0002076925,-0.0001960414,-0.0001803234,-0.0001625442,-0.0001416777,-0.0001163701,-8.94214e-05,-5.766626e-05,-2.306143e-05,1.631666e-05,5.831472e-05,0.0001057806,0.0001561297,0.0002120648,0.0002707898,0.000334964,0.0004015557,0.0004729826,0.0005459262,0.0006223891,0.0006990907,0.0007777041,0.0008536907,0.0009278571,0.0009978045,0.001061403,0.001114364,0.001159223,0.001186793,0.00119709,0.001192769,0.00115975,0.001100993,0.001024282,0.0009181771,0.0007792115,0.0006300903,0.0004727519,0.000301385,0.0001536406,5.067107e-05,3.488397e-06,1.23754e-05,1.497585e-05,3.265471e-06,NaN,NaN,NaN,NaN,NaN,NaN,NaN,NaN,NaN,NaN,NaN,NaN,NaN,NaN,NaN,NaN,NaN,NaN,NaN,NaN,NaN,NaN,NaN,NaN,NaN,NaN,NaN,NaN,NaN,NaN,NaN,NaN,NaN,NaN,NaN,NaN,NaN,NaN,NaN,NaN,NaN,NaN,NaN,NaN,NaN,NaN,NaN,-1.101185e-06,3.205191e-06,-1.246231e-06
3.915192e-06,-7.501495e-06,-3.765267e-05,-8.10187e-05,-0.0001488506,-0.000162675,-0.0001992435,-0.0002290923,-0.0002415755,-0.000253615,-0.0002643291,-0.0002665274,-0.0002660533,-0.0002608139,-0.0002523698,-0.0002411899,-0.0002243177,-0.0002055048,-0.0001825513,-0.0001559963,-0.0001248284,-9.110905e-05,-5.185998e-05,-9.540454e-06,3.826839e-05,8.907713e-05,0.0001456008,0.000205061,0.0002699775,0.0003372417,0.0004092048,0.0004825409,0.0005593533,0.0006356098,0.0007126817,0.000787109,0.0008598492,0.0009244356,0.0009832698,0.001031987,0.001066481,0.001084912,0.001087087,0.00106561,0.0010245,0.0009494408,0.0008544299,0.0007486166,0.0005968194,0.0004355986,0.000309784,0.000147792,4.454673e-05,1.475877e-05,8.662115e-06,8.963706e-06,NaN,NaN,NaN,NaN,NaN,NaN,NaN,NaN,NaN,NaN,NaN,NaN,NaN,NaN,NaN,NaN,NaN,NaN,NaN,NaN,NaN,NaN,NaN,NaN,NaN,NaN,NaN,NaN,NaN,NaN,NaN,NaN,NaN,NaN,NaN,NaN,NaN,NaN,NaN,NaN,NaN,NaN,NaN,NaN,NaN,NaN,NaN,NaN,NaN,NaN,NaN,-4.184195e-07
-2.098875e-06,3.840169e-06,6.527895e-07,-1.759523e-05,-7.432731e-05,-0.0001265623,-0.0001621069,-0.0002166935,-0.0002349657,-0.0002559264,-0.0002760037,-0.0002888997,-0.000288771,-0.0002927068,-0.0002881968,-0.0002798409,-0.0002667324,-0.0002512445,-0.0002290027,-0.0002053134,-0.0001753378,-0.0001424056,-0.0001037811,-6.222462e-05,-1.476442e-05,3.60088e-05,9.238e-05,0.0001520449,0.0002166904,0.0002841506,0.0003554311,0.00042847,0.0005034442,0.0005786099,0.000653378,0.0007250421,0.0007917822,0.0008534002,0.0009044007,0.0009437854,0.0009710698,0.000978212,0.0009621012,0.0009365462,0.0008762212,0.0007835358,0.0006804179,0.0005700508,0.0004009039,0.0002631819,0.0001306612,3.08264e-05,7.736041e-06,6.130639e-06,9.026175e-06,NaN,NaN,NaN,NaN,NaN,NaN,NaN,NaN,NaN,NaN,NaN,NaN,NaN,NaN,NaN,NaN,NaN,NaN,NaN,NaN,NaN,NaN,NaN,NaN,NaN,NaN,NaN,NaN,NaN,NaN,NaN,NaN,NaN,NaN,NaN,NaN,NaN,NaN,NaN,NaN,NaN,NaN,NaN,NaN,NaN,NaN,NaN,NaN,NaN,NaN,NaN,NaN,NaN
NaN,NaN,-2.356956e-06,4.869249e-06,-7.552731e-06,-4.496349e-05,-9.722291e-05,-0.0001761227,-0.0001939528,-0.000233625,-0.0002650341,-0.0002834194,-0.0002921548,-0.000302293,-0.0003027917,-0.0003006759,-0.0002900243,-0.0002782727,-0.0002597642,-0.0002377317,-0.0002096898,-0.000178785,-0.0001416353,-0.0001008373,-5.448948e-05,-4.379039e-06,5.093224e-05,0.0001101173,0.0001735841,0.0002403161,0.0003098106,0.0003815953,0.000454129,0.0005269275,0.0005968096,0.0006647173,0.0007261361,0.0007800579,0.0008216462,0.0008545294,0.0008670713,0.0008634411,0.0008329529,0.000790792,0.0007218475,0.000612455,0.0004848964,0.0003934921,0.0002052321,8.318394e-05,1.844555e-05,1.039975e-06,1.084706e-05,NaN,NaN,NaN,NaN,NaN,NaN,NaN,NaN,NaN,NaN,NaN,NaN,NaN,NaN,NaN,NaN,NaN,NaN,NaN,NaN,NaN,NaN,NaN,NaN,NaN,NaN,NaN,NaN,NaN,NaN,NaN,NaN,NaN,NaN,NaN,NaN,NaN,NaN,NaN,NaN,NaN,NaN,NaN,NaN,NaN,NaN,NaN,NaN,NaN,NaN,NaN,NaN,NaN,NaN,NaN
NaN,NaN,NaN,-1.922277e-06,3.580542e-06,-3.803372e-07,-2.021662e-05,-8.609738e-05,-0.0001420926,-0.0001766876,-0.0002340983,-0.0002560986,-0.0002731764,-0.0002911431,-0.0003019013,-0.0002999505,-0.0002982575,-0.0002888023,-0.0002745557,-0.0002548694,-0.0002309275,-0.0002007626,-0.0001665417,-0.000126985,-8.28583e-05,-3.383262e-05,1.976639e-05,7.751634e-05,0.0001394013,0.0002039876,0.0002716425,0.0003399888,0.0004097081,0.0004773727,0.0005442325,0.0006042762,0.0006593078,0.000704324,0.0007382986,0.0007538192,0.000762526,0.0007389385,0.0006919051,0.0006372116,0.0005627188,0.0004161467,0.0003103552,0.0001749917,4.181874e-05,6.112021e-06,1.170112e-06,9.242375e-06,NaN,NaN,NaN,NaN,NaN,NaN,NaN,NaN,NaN,NaN,NaN,NaN,NaN,NaN,NaN,NaN,NaN,NaN,NaN,NaN,NaN,NaN,NaN,NaN,NaN,NaN,NaN,NaN,NaN,NaN,NaN,NaN,NaN,NaN,NaN,NaN,NaN,NaN,NaN,NaN,NaN,NaN,NaN,NaN,NaN,NaN,NaN,NaN,NaN,NaN,NaN,NaN,NaN,NaN,NaN,NaN
NaN,NaN,NaN,NaN,NaN,-2.482313e-06,4.282615e-06,-1.016881e-05,-5.438048e-05,-0.0001056102,-0.0001794389,-0.000205917,-0.0002364896,-0.0002630268,-0.0002810832,-0.0002859307,-0.0002893086,-0.000284704,-0.0002759177,-0.0002588682,-0.0002385075,-0.0002113514,-0.0001801285,-0.0001423908,-0.0001008717,-5.375884e-05,-2.778056e-06,5.303455e-05,0.0001120773,0.0001741631,0.0002381635,0.0003031055,0.0003683447,0.0004310535,0.0004908174,0.0005440518,0.0005914455,0.000625546,0.0006478081,0.0006524391,0.0006459265,0.0006087483,0.0005450624,0.0004687974,0.0003926866,0.0002261473,0.0001105538,2.299705e-05,-2.941967e-06,9.972307e-06,NaN,NaN,NaN,NaN,NaN,NaN,NaN,NaN,NaN,NaN,NaN,NaN,NaN,NaN,NaN,NaN,NaN,NaN,NaN,NaN,NaN,NaN,NaN,NaN,NaN,NaN,NaN,NaN,NaN,NaN,NaN,NaN,NaN,NaN,NaN,NaN,NaN,NaN,NaN,NaN,NaN,NaN,NaN,NaN,NaN,NaN,NaN,NaN,NaN,NaN,NaN,NaN,NaN,NaN,NaN,NaN,NaN,NaN
NaN,NaN,NaN,NaN,NaN,NaN,-2.505407e-06,3.954556e-06,-3.187009e-06,-2.643045e-05,-9.059258e-05,-0.0001493288,-0.0001741716,-0.0002230564,-0.0002443188,-0.0002567408,-0.000266043,-0.0002699186,-0.000262413,-0.0002525621,-0.0002347469,-0.0002118924,-0.0001829288,-0.0001491982,-0.0001100497,-6.615613e-05,-1.789983e-05,3.496472e-05,9.049993e-05,0.0001494942,0.0002086444,0.0002698261,0.0003280683,0.0003860882,0.0004372814,0.0004842112,0.0005175828,0.000546734,0.0005517449,0.0005435011,0.0005222763,0.0004778526,0.0003752577,0.0003143966,0.0001862008,5.473548e-05,8.797866e-06,-3.404065e-06,8.717332e-06,NaN,NaN,NaN,NaN,NaN,NaN,NaN,NaN,NaN,NaN,NaN,NaN,NaN,NaN,NaN,NaN,NaN,NaN,NaN,NaN,NaN,NaN,NaN,NaN,NaN,NaN,NaN,NaN,NaN,NaN,NaN,NaN,NaN,NaN,NaN,NaN,NaN,NaN,NaN,NaN,NaN,NaN,NaN,NaN,NaN,NaN,NaN,NaN,NaN,NaN,NaN,NaN,NaN,NaN,NaN,NaN,NaN,NaN,NaN
NaN,NaN,NaN,NaN,NaN,NaN,NaN,1.80375e-06,-1.348944e-06,2.187849e-06,-1.40201e-05,-6.36967e-05,-0.0001087167,-0.0001635561,-0.0001949783,-0.0002149972,-0.000231914,-0.0002416446,-0.0002406826,-0.0002349821,-0.000221686,-0.0002033176,-0.0001781698,-0.0001479039,-0.0001120099,-7.198712e-05,-2.694668e-05,2.176373e-05,7.387492e-05,0.0001278118,0.000182657,0.0002374928,0.0002906543,0.0003403245,0.0003838282,0.000420283,0.0004452636,0.0004598347,0.0004534383,0.0004286562,0.0003935575,0.0003307269,0.0002203317,0.0001278773,2.907375e-05,-2.01178e-06,5.629941e-06,-3.768507e-07,NaN,NaN,NaN,NaN,NaN,NaN,NaN,NaN,NaN,NaN,NaN,NaN,NaN,NaN,NaN,NaN,NaN,NaN,NaN,NaN,NaN,NaN,NaN,NaN,NaN,NaN,NaN,NaN,NaN,NaN,NaN,NaN,NaN,NaN,NaN,NaN,NaN,NaN,NaN,NaN,NaN,NaN,NaN,NaN,NaN,NaN,NaN,NaN,NaN,NaN,NaN,NaN,NaN,NaN,NaN,NaN,NaN,NaN,NaN,NaN
NaN,NaN,NaN,NaN,NaN,NaN,NaN,NaN,3.01876e-06,-3.005479e-06,3.724829e-06,-6.997057e-06,-3.45271e-05,-8.678283e-05,-0.0001396351,-0.0001578564,-0.0001903519,-0.0002038298,-0.0002093504,-0.0002087397,-0.0002019773,-0.0001865394,-0.0001666559,-0.0001400656,-0.0001086113,-7.249454e-05,-3.148506e-05,1.266939e-05,6.069188e-05,0.0001089023,0.0001590701,0.000206293,0.0002537028,0.0002933172,0.0003309174,0.0003540518,0.0003689734,0.0003695987,0.0003548908,0.0003007259,0.0002691483,0.0001675324,6.807157e-05,1.421271e-05,-5.35469e-06,7.664748e-06,-3.207157e-06,NaN,NaN,NaN,NaN,NaN,NaN,NaN,NaN,NaN,NaN,NaN,NaN,NaN,NaN,NaN,NaN,NaN,NaN,NaN,NaN,NaN,NaN,NaN,NaN,NaN,NaN,NaN,NaN,NaN,NaN,NaN,NaN,NaN,NaN,NaN,NaN,NaN,NaN,NaN,NaN,NaN,NaN,NaN,NaN,NaN,NaN,NaN,NaN,NaN,NaN,NaN,NaN,NaN,NaN,NaN,NaN,NaN,NaN,NaN,NaN,NaN
NaN,NaN,NaN,NaN,NaN,NaN,NaN,NaN,NaN,NaN,1.580763e-07,2.2406e-07,-9.192059e-07,-1.856848e-05,-6.414406e-05,-0.0001017277,-0.0001356867,-0.0001598033,-0.0001703013,-0.0001769152,-0.0001741706,-0.0001649644,-0.0001495821,-0.0001273539,-0.0001004461,-6.867087e-05,-3.281403e-05,7.220904e-06,4.917636e-05,9.288573e-05,0.0001353139,0.0001773016,0.0002154491,0.0002485437,0.0002729544,0.0002892011,0.0002881711,0.0002797634,0.0002435262,0.0001869201,0.0001191657,3.541588e-05,2.202377e-06,8.467775e-07,7.952519e-07,NaN,NaN,NaN,NaN,NaN,NaN,NaN,NaN,NaN,NaN,NaN,NaN,NaN,NaN,NaN,NaN,NaN,NaN,NaN,NaN,NaN,NaN,NaN,NaN,NaN,NaN,NaN,NaN,NaN,NaN,NaN,NaN,NaN,NaN,NaN,NaN,NaN,NaN,NaN,NaN,NaN,NaN,NaN,NaN,NaN,NaN,NaN,NaN,NaN,NaN,NaN,NaN,NaN,NaN,NaN,NaN,NaN,NaN,NaN,NaN,NaN,NaN,NaN
NaN,NaN,NaN,NaN,NaN,NaN,NaN,NaN,NaN,NaN,NaN,2.199557e-06,-2.517573e-06,2.115277e-06,-1.019393e-05,-3.761474e-05,-7.50708e-05,-0.0001112738,-0.0001239272,-0.0001403616,-0.0001421151,-0.0001386197,-0.0001278365,-0.0001111428,-8.879732e-05,-6.219548e-05,-3.118533e-05,3.629827e-06,3.986723e-05,7.788446e-05,0.0001131468,0.0001482842,0.0001772411,0.0002021314,0.0002157063,0.0002227336,0.0002035712,0.0001894239,0.0001306153,6.767797e-05,1.833392e-05,-3.407526e-06,5.211295e-06,-3.20056e-06,NaN,NaN,NaN,NaN,NaN,NaN,NaN,NaN,NaN,NaN,NaN,NaN,NaN,NaN,NaN,NaN,NaN,NaN,NaN,NaN,NaN,NaN,NaN,NaN,NaN,NaN,NaN,NaN,NaN,NaN,NaN,NaN,NaN,NaN,NaN,NaN,NaN,NaN,NaN,NaN,NaN,NaN,NaN,NaN,NaN,NaN,NaN,NaN,NaN,NaN,NaN,NaN,NaN,NaN,NaN,NaN,NaN,NaN,NaN,NaN,NaN,NaN,NaN,NaN
NaN,NaN,NaN,NaN,NaN,NaN,NaN,NaN,NaN,NaN,NaN,NaN,1.07397e-06,-7.419503e-07,5.069193e-07,-3.398451e-06,-2.072047e-05,-5.22045e-05,-7.905987e-05,-9.752745e-05,-0.000107217,-0.0001083737,-0.0001042975,-9.162012e-05,-7.480007e-05,-5.340356e-05,-2.753135e-05,1.26423e-06,3.22701e-05,6.292546e-05,9.236271e-05,0.0001181047,0.0001412638,0.0001537204,0.0001594499,0.0001509541,0.000127248,8.663636e-05,3.559504e-05,5.807079e-06,-6.207719e-07,1.450415e-06,-1.327638e-06,NaN,NaN,NaN,NaN,NaN,NaN,NaN,NaN,NaN,NaN,NaN,NaN,NaN,NaN,NaN,NaN,NaN,NaN,NaN,NaN,NaN,NaN,NaN,NaN,NaN,NaN,NaN,NaN,NaN,NaN,NaN,NaN,NaN,NaN,NaN,NaN,NaN,NaN,NaN,NaN,NaN,NaN,NaN,NaN,NaN,NaN,NaN,NaN,NaN,NaN,NaN,NaN,NaN,NaN,NaN,NaN,NaN,NaN,NaN,NaN,NaN,NaN,NaN,NaN,NaN
NaN,NaN,NaN,NaN,NaN,NaN,NaN,NaN,NaN,NaN,NaN,NaN,NaN,-1.163326e-07,1.249091e-06,-1.69435e-06,4.122107e-08,-1.056061e-05,-3.049341e-05,-5.272739e-05,-7.112634e-05,-7.57368e-05,-7.841432e-05,-7.042176e-05,-5.95934e-05,-4.318033e-05,-2.286172e-05,1.577171e-07,2.522539e-05,4.905718e-05,7.195021e-05,8.878978e-05,0.0001043506,0.0001054156,0.0001041422,7.995039e-05,4.855137e-05,1.693834e-05,-2.096535e-09,2.773812e-06,-1.971875e-06,2.277404e-07,NaN,NaN,NaN,NaN,NaN,NaN,NaN,NaN,NaN,NaN,NaN,NaN,NaN,NaN,NaN,NaN,NaN,NaN,NaN,NaN,NaN,NaN,NaN,NaN,NaN,NaN,NaN,NaN,NaN,NaN,NaN,NaN,NaN,NaN,NaN,NaN,NaN,NaN,NaN,NaN,NaN,NaN,NaN,NaN,NaN,NaN,NaN,NaN,NaN,NaN,NaN,NaN,NaN,NaN,NaN,NaN,NaN,NaN,NaN,NaN,NaN,NaN,NaN,NaN,NaN,NaN
NaN,NaN,NaN,NaN,NaN,NaN,NaN,NaN,NaN,NaN,NaN,NaN,NaN,NaN,9.710881e-08,4.41576e-07,-5.591319e-07,-4.865639e-07,-3.791831e-06,-1.582503e-05,-3.139608e-05,-4.389771e-05,-5.143743e-05,-4.871363e-05,-4.31973e-05,-3.212251e-05,-1.751448e-05,-1.398552e-07,1.837001e-05,3.597253e-05,5.118212e-05,6.078446e-05,6.736921e-05,6.042086e-05,4.531567e-05,2.365849e-05,5.822465e-06,6.809235e-07,7.533625e-07,-7.18588e-07,-1.762873e-07,NaN,NaN,NaN,NaN,NaN,NaN,NaN,NaN,NaN,NaN,NaN,NaN,NaN,NaN,NaN,NaN,NaN,NaN,NaN,NaN,NaN,NaN,NaN,NaN,NaN,NaN,NaN,NaN,NaN,NaN,NaN,NaN,NaN,NaN,NaN,NaN,NaN,NaN,NaN,NaN,NaN,NaN,NaN,NaN,NaN,NaN,NaN,NaN,NaN,NaN,NaN,NaN,NaN,NaN,NaN,NaN,NaN,NaN,NaN,NaN,NaN,NaN,NaN,NaN,NaN,NaN,NaN
NaN,NaN,NaN,NaN,NaN,NaN,NaN,NaN,NaN,NaN,NaN,NaN,NaN,NaN,NaN,-1.206746e-07,2.181967e-08,4.147934e-07,-1.037778e-06,-1.347693e-06,-6.411195e-06,-1.570091e-05,-2.356226e-05,-2.742738e-05,-2.686079e-05,-2.108315e-05,-1.180216e-05,-2.103469e-07,1.206177e-05,2.339054e-05,3.151522e-05,3.392088e-05,3.051612e-05,2.134686e-05,9.064961e-06,1.847003e-06,1.43438e-06,-7.309506e-07,-2.215312e-07,2.701535e-07,NaN,NaN,NaN,NaN,NaN,NaN,NaN,NaN,NaN,NaN,NaN,NaN,NaN,NaN,NaN,NaN,NaN,NaN,NaN,NaN,NaN,NaN,NaN,NaN,NaN,NaN,NaN,NaN,NaN,NaN,NaN,NaN,NaN,NaN,NaN,NaN,NaN,NaN,NaN,NaN,NaN,NaN,NaN,NaN,NaN,NaN,NaN,NaN,NaN,NaN,NaN,NaN,NaN,NaN,NaN,NaN,NaN,NaN,NaN,NaN,NaN,NaN,NaN,NaN,NaN,NaN,NaN,NaN
NaN,NaN,NaN,NaN,NaN,NaN,NaN,NaN,NaN,NaN,NaN,NaN,NaN,NaN,NaN,NaN,-1.800844e-07,1.692237e-07,-7.554364e-10,-2.14264e-07,-1.00666e-06,-2.391275e-06,-5.758476e-06,-9.870994e-06,-1.148019e-05,-1.020661e-05,-6.149983e-06,-1.499034e-07,6.147257e-06,1.124755e-05,1.337275e-05,1.206974e-05,7.317069e-06,3.106526e-06,1.281151e-06,2.049631e-07,-1.556464e-07,-3.319605e-07,1.871018e-07,NaN,NaN,NaN,NaN,NaN,NaN,NaN,NaN,NaN,NaN,NaN,NaN,NaN,NaN,NaN,NaN,NaN,NaN,NaN,NaN,NaN,NaN,NaN,NaN,NaN,NaN,NaN,NaN,NaN,NaN,NaN,NaN,NaN,NaN,NaN,NaN,NaN,NaN,NaN,NaN,NaN,NaN,NaN,NaN,NaN,NaN,NaN,NaN,NaN,NaN,NaN,NaN,NaN,NaN,NaN,NaN,NaN,NaN,NaN,NaN,NaN,NaN,NaN,NaN,NaN,NaN,NaN,NaN,NaN
NaN,NaN,NaN,NaN,NaN,NaN,NaN,NaN,NaN,NaN,NaN,NaN,NaN,NaN,NaN,NaN,NaN,1.757767e-07,-1.922374e-07,8.44308e-08,-5.132452e-08,-5.20062e-07,-1.00537e-06,-1.950324e-06,-2.741683e-06,-3.036036e-06,-2.065509e-06,-8.596312e-08,1.997981e-06,3.267975e-06,3.1305e-06,2.273224e-06,1.201718e-06,5.850293e-07,-2.901478e-08,-2.384878e-07,2.063784e-07,-3.400046e-07,NaN,NaN,NaN,NaN,NaN,NaN,NaN,NaN,NaN,NaN,NaN,NaN,NaN,NaN,NaN,NaN,NaN,NaN,NaN,NaN,NaN,NaN,NaN,NaN,NaN,NaN,NaN,NaN,NaN,NaN,NaN,NaN,NaN,NaN,NaN,NaN,NaN,NaN,NaN,NaN,NaN,NaN,NaN,NaN,NaN,NaN,NaN,NaN,NaN,NaN,NaN,NaN,NaN,NaN,NaN,NaN,NaN,NaN,NaN,NaN,NaN,NaN,NaN,NaN,NaN,NaN,NaN,NaN,NaN,NaN
NaN,NaN,NaN,NaN,NaN,NaN,NaN,NaN,NaN,NaN,NaN,NaN,NaN,NaN,NaN,NaN,NaN,NaN,2.274008e-08,3.843445e-09,-8.125568e-08,-3.279026e-08,-1.475866e-07,-4.369615e-07,-6.323756e-07,-6.88284e-07,-4.916949e-07,-4.188905e-08,4.222669e-07,6.921182e-07,6.517848e-07,4.660039e-07,1.074922e-07,-2.854759e-08,2.62643e-08,-6.047679e-08,-1.146496e-07,NaN,NaN,NaN,NaN,NaN,NaN,NaN,NaN,NaN,NaN,NaN,NaN,NaN,NaN,NaN,NaN,NaN,NaN,NaN,NaN,NaN,NaN,NaN,NaN,NaN,NaN,NaN,NaN,NaN,NaN,NaN,NaN,NaN,NaN,NaN,NaN,NaN,NaN,NaN,NaN,NaN,NaN,NaN,NaN,NaN,NaN,NaN,NaN,NaN,NaN,NaN,NaN,NaN,NaN,NaN,NaN,NaN,NaN,NaN,NaN,NaN,NaN,NaN,NaN,NaN,NaN,NaN,NaN,NaN,NaN,NaN
NaN,NaN,NaN,NaN,NaN,NaN,NaN,NaN,NaN,NaN,NaN,NaN,NaN,NaN,NaN,NaN,NaN,NaN,NaN,3.894692e-08,1.81194e-08,-5.11569e-08,-5.301639e-08,-9.321959e-08,-1.289735e-07,-1.643456e-07,-1.252101e-07,-2.620123e-08,8.404003e-08,1.305079e-07,1.011312e-07,6.145669e-08,2.272177e-08,1.967159e-08,-7.149293e-08,-1.053307e-07,NaN,NaN,NaN,NaN,NaN,NaN,NaN,NaN,NaN,NaN,NaN,NaN,NaN,NaN,NaN,NaN,NaN,NaN,NaN,NaN,NaN,NaN,NaN,NaN,NaN,NaN,NaN,NaN,NaN,NaN,NaN,NaN,NaN,NaN,NaN,NaN,NaN,NaN,NaN,NaN,NaN,NaN,NaN,NaN,NaN,NaN,NaN,NaN,NaN,NaN,NaN,NaN,NaN,NaN,NaN,NaN,NaN,NaN,NaN,NaN,NaN,NaN,NaN,NaN,NaN,NaN,NaN,NaN,NaN,NaN,NaN,NaN
NaN,NaN,NaN,NaN,NaN,NaN,NaN,NaN,NaN,NaN,NaN,NaN,NaN,NaN,NaN,NaN,NaN,NaN,NaN,1.994066e-09,-2.331585e-08,1.054369e-08,1.680187e-09,-3.8494e-08,-5.548483e-08,-5.071108e-08,-3.921294e-08,-1.122455e-08,1.294986e-08,3.300623e-08,3.309034e-08,2.548777e-08,-3.072436e-08,-3.699612e-08,2.086298e-09,-1.844828e-08,NaN,NaN,NaN,NaN,NaN,NaN,NaN,NaN,NaN,NaN,NaN,NaN,NaN,NaN,NaN,NaN,NaN,NaN,NaN,NaN,NaN,NaN,NaN,NaN,NaN,NaN,NaN,NaN,NaN,NaN,NaN,NaN,NaN,NaN,NaN,NaN,NaN,NaN,NaN,NaN,NaN,NaN,NaN,NaN,NaN,NaN,NaN,NaN,NaN,NaN,NaN,NaN,NaN,NaN,NaN,NaN,NaN,NaN,NaN,NaN,NaN,NaN,NaN,NaN,NaN,NaN,NaN,NaN,NaN,NaN,NaN,NaN
NaN,NaN,NaN,NaN,NaN,NaN,NaN,NaN,NaN,NaN,NaN,NaN,NaN,NaN,NaN,NaN,NaN,NaN,NaN,NaN,5.249678e-09,-8.241613e-09,-5.119686e-09,-7.242266e-09,-8.02085e-09,-1.2416e-08,-1.026045e-08,-5.377324e-09,1.629903e-09,2.515141e-09,-9.283088e-10,-2.583904e-09,-2.730386e-09,5.562489e-10,-1.655254e-08,NaN,NaN,NaN,NaN,NaN,NaN,NaN,NaN,NaN,NaN,NaN,NaN,NaN,NaN,NaN,NaN,NaN,NaN,NaN,NaN,NaN,NaN,NaN,NaN,NaN,NaN,NaN,NaN,NaN,NaN,NaN,NaN,NaN,NaN,NaN,NaN,NaN,NaN,NaN,NaN,NaN,NaN,NaN,NaN,NaN,NaN,NaN,NaN,NaN,NaN,NaN,NaN,NaN,NaN,NaN,NaN,NaN,NaN,NaN,NaN,NaN,NaN,NaN,NaN,NaN,NaN,NaN,NaN,NaN,NaN,NaN,NaN,NaN
NaN,NaN,NaN,NaN,NaN,NaN,NaN,NaN,NaN,NaN,NaN,NaN,NaN,NaN,NaN,NaN,NaN,NaN,NaN,NaN,NaN,4.117946e-09,2.345123e-09,-3.314261e-09,-5.550341e-09,-3.214832e-09,-2.694186e-09,-7.536168e-10,-3.928655e-10,1.937396e-09,2.777675e-09,2.808962e-09,-6.312273e-09,-7.256964e-09,NaN,NaN,NaN,NaN,NaN,NaN,NaN,NaN,NaN,NaN,NaN,NaN,NaN,NaN,NaN,NaN,NaN,NaN,NaN,NaN,NaN,NaN,NaN,NaN,NaN,NaN,NaN,NaN,NaN,NaN,NaN,NaN,NaN,NaN,NaN,NaN,NaN,NaN,NaN,NaN,NaN,NaN,NaN,NaN,NaN,NaN,NaN,NaN,NaN,NaN,NaN,NaN,NaN,NaN,NaN,NaN,NaN,NaN,NaN,NaN,NaN,NaN,NaN,NaN,NaN,NaN,NaN,NaN,NaN,NaN,NaN,NaN,NaN,NaN
NaN,NaN,NaN,NaN,NaN,NaN,NaN,NaN,NaN,NaN,NaN,NaN,NaN,NaN,NaN,NaN,NaN,NaN,NaN,NaN,NaN,2.916663e-11,2.706947e-11,-1.492019e-10,-1.947553e-10,-1.780435e-10,-1.438093e-10,-7.998134e-11,-2.059614e-11,2.774609e-11,2.986937e-11,1.904292e-11,-2.123419e-10,-2.024795e-10,NaN,NaN,NaN,NaN,NaN,NaN,NaN,NaN,NaN,NaN,NaN,NaN,NaN,NaN,NaN,NaN,NaN,NaN,NaN,NaN,NaN,NaN,NaN,NaN,NaN,NaN,NaN,NaN,NaN,NaN,NaN,NaN,NaN,NaN,NaN,NaN,NaN,NaN,NaN,NaN,NaN,NaN,NaN,NaN,NaN,NaN,NaN,NaN,NaN,NaN,NaN,NaN,NaN,NaN,NaN,NaN,NaN,NaN,NaN,NaN,NaN,NaN,NaN,NaN,NaN,NaN,NaN,NaN,NaN,NaN,NaN,NaN,NaN,NaN
NaN,NaN,NaN,NaN,NaN,NaN,NaN,NaN,NaN,NaN,NaN,NaN,NaN,NaN,NaN,NaN,NaN,NaN,NaN,NaN,NaN,0,0,0,0,0,0,0,0,0,0,0,0,0,NaN,NaN,NaN,NaN,NaN,NaN,NaN,NaN,NaN,NaN,NaN,NaN,NaN,NaN,NaN,NaN,NaN,NaN,NaN,NaN,NaN,NaN,NaN,NaN,NaN,NaN,NaN,NaN,NaN,NaN,NaN,NaN,NaN,NaN,NaN,NaN,NaN,NaN,NaN,NaN,NaN,NaN,NaN,NaN,NaN,NaN,NaN,NaN,NaN,NaN,NaN,NaN,NaN,NaN,NaN,NaN,NaN,NaN,NaN,NaN,NaN,NaN,NaN,NaN,NaN,NaN,NaN,NaN,NaN,NaN,NaN,NaN,NaN,NaN
