NaN,NaN,NaN,NaN,NaN,NaN,NaN,NaN,NaN,NaN,NaN,NaN,NaN,NaN,NaN,NaN,NaN,NaN,NaN,NaN,NaN,0,0,0,0,0,0,0,0,0,0,0,0,0,NaN,NaN,NaN,NaN,NaN,NaN,NaN,NaN,NaN,NaN,NaN,NaN,NaN,NaN,NaN,NaN,NaN,NaN,NaN,NaN,NaN,NaN,NaN,NaN,NaN,NaN,NaN,NaN,NaN,NaN,NaN,NaN,NaN,NaN,NaN,NaN,NaN,NaN,NaN,NaN,NaN,NaN,NaN,NaN,NaN,NaN,NaN,NaN,NaN,NaN,NaN,NaN,NaN,NaN,NaN,NaN,NaN,NaN,NaN,NaN,NaN,NaN,NaN,NaN,NaN,NaN,NaN,NaN,NaN,NaN,NaN,NaN,NaN,NaN
NaN,NaN,NaN,NaN,NaN,NaN,NaN,NaN,NaN,NaN,NaN,NaN,NaN,NaN,NaN,NaN,NaN,NaN,NaN,NaN,NaN,6.458325e-07,5.670463e-07,5.862977e-07,6.401925e-07,7.12311e-07,7.377544e-07,7.742921e-07,7.742268e-07,7.830229e-07,7.409161e-07,7.079346e-07,7.129839e-07,8.486666e-07,NaN,NaN,NaN,NaN,NaN,NaN,NaN,NaN,NaN,NaN,NaN,NaN,NaN,NaN,NaN,NaN,NaN,NaN,NaN,NaN,NaN,NaN,NaN,NaN,NaN,NaN,NaN,NaN,NaN,NaN,NaN,NaN,NaN,NaN,NaN,NaN,NaN,NaN,NaN,NaN,NaN,NaN,NaN,NaN,NaN,NaN,NaN,NaN,NaN,NaN,NaN,NaN,NaN,NaN,NaN,NaN,NaN,NaN,NaN,NaN,NaN,NaN,NaN,NaN,NaN,NaN,NaN,NaN,NaN,NaN,NaN,NaN,NaN,NaN
NaN,NaN,NaN,NaN,NaN,NaN,NaN,NaN,NaN,NaN,NaN,NaN,NaN,NaN,NaN,NaN,NaN,NaN,NaN,NaN,NaN,2.022057e-06,2.049218e-06,2.113619e-06,2.183812e-06,2.297253e-06,2.400415e-06,2.493436e-06,2.518063e-06,2.525329e-06,2.521134e-06,2.555897e-06,2.587918e-06,2.657145e-06,NaN,NaN,NaN,NaN,NaN,NaN,NaN,NaN,NaN,NaN,NaN,NaN,NaN,NaN,NaN,NaN,NaN,NaN,NaN,NaN,NaN,NaN,NaN,NaN,NaN,NaN,NaN,NaN,NaN,NaN,NaN,NaN,NaN,NaN,NaN,NaN,NaN,NaN,NaN,NaN,NaN,NaN,NaN,NaN,NaN,NaN,NaN,NaN,NaN,NaN,NaN,NaN,NaN,NaN,NaN,NaN,NaN,NaN,NaN,NaN,NaN,NaN,NaN,NaN,NaN,NaN,NaN,NaN,NaN,NaN,NaN,NaN,NaN,NaN
NaN,NaN,NaN,NaN,NaN,NaN,NaN,NaN,NaN,NaN,NaN,NaN,NaN,NaN,NaN,NaN,NaN,NaN,NaN,NaN,3.430539e-06,3.513042e-06,3.455534e-06,3.597711e-06,3.852995e-06,4.17705e-06,4.438109e-06,4.634517e-06,4.658025e-06,4.593894e-06,4.449999e-06,4.348786e-06,4.363245e-06,4.620548e-06,4.701951e-06,NaN,NaN,NaN,NaN,NaN,NaN,NaN,NaN,NaN,NaN,NaN,NaN,NaN,NaN,NaN,NaN,NaN,NaN,NaN,NaN,NaN,NaN,NaN,NaN,NaN,NaN,NaN,NaN,NaN,NaN,NaN,NaN,NaN,NaN,NaN,NaN,NaN,NaN,NaN,NaN,NaN,NaN,NaN,NaN,NaN,NaN,NaN,NaN,NaN,NaN,NaN,NaN,NaN,NaN,NaN,NaN,NaN,NaN,NaN,NaN,NaN,NaN,NaN,NaN,NaN,NaN,NaN,NaN,NaN,NaN,NaN,NaN,NaN
NaN,NaN,NaN,NaN,NaN,NaN,NaN,NaN,NaN,NaN,NaN,NaN,NaN,NaN,NaN,NaN,NaN,NaN,NaN,4.483602e-06,4.283225e-06,4.429759e-06,4.589334e-06,4.900168e-06,5.322496e-06,5.96149e-06,6.575261e-06,6.974829e-06,6.910756e-06,6.573671e-06,6.156408e-06,5.932975e-06,5.79911e-06,5.821025e-06,5.870763e-06,6.377139e-06,NaN,NaN,NaN,NaN,NaN,NaN,NaN,NaN,NaN,NaN,NaN,NaN,NaN,NaN,NaN,NaN,NaN,NaN,NaN,NaN,NaN,NaN,NaN,NaN,NaN,NaN,NaN,NaN,NaN,NaN,NaN,NaN,NaN,NaN,NaN,NaN,NaN,NaN,NaN,NaN,NaN,NaN,NaN,NaN,NaN,NaN,NaN,NaN,NaN,NaN,NaN,NaN,NaN,NaN,NaN,NaN,NaN,NaN,NaN,NaN,NaN,NaN,NaN,NaN,NaN,NaN,NaN,NaN,NaN,NaN,NaN,NaN
NaN,NaN,NaN,NaN,NaN,NaN,NaN,NaN,NaN,NaN,NaN,NaN,NaN,NaN,NaN,NaN,NaN,NaN,NaN,4.812882e-06,4.874972e-06,5.083274e-06,5.261296e-06,6.153747e-06,7.73503e-06,9.746609e-06,1.161218e-05,1.260468e-05,1.223362e-05,1.078908e-05,8.973505e-06,7.462242e-06,6.65822e-06,6.695205e-06,6.678983e-06,6.828959e-06,NaN,NaN,NaN,NaN,NaN,NaN,NaN,NaN,NaN,NaN,NaN,NaN,NaN,NaN,NaN,NaN,NaN,NaN,NaN,NaN,NaN,NaN,NaN,NaN,NaN,NaN,NaN,NaN,NaN,NaN,NaN,NaN,NaN,NaN,NaN,NaN,NaN,NaN,NaN,NaN,NaN,NaN,NaN,NaN,NaN,NaN,NaN,NaN,NaN,NaN,NaN,NaN,NaN,NaN,NaN,NaN,NaN,NaN,NaN,NaN,NaN,NaN,NaN,NaN,NaN,NaN,NaN,NaN,NaN,NaN,NaN,NaN
NaN,NaN,NaN,NaN,NaN,NaN,NaN,NaN,NaN,NaN,NaN,NaN,NaN,NaN,NaN,NaN,NaN,NaN,4.96696e-06,5.204834e-06,4.955778e-06,5.698729e-06,7.292976e-06,1.052919e-05,1.596699e-05,2.334998e-05,3.049192e-05,3.404317e-05,3.222676e-05,2.604173e-05,1.863936e-05,1.285746e-05,9.28138e-06,7.517571e-06,6.807245e-06,7.410872e-06,7.284383e-06,NaN,NaN,NaN,NaN,NaN,NaN,NaN,NaN,NaN,NaN,NaN,NaN,NaN,NaN,NaN,NaN,NaN,NaN,NaN,NaN,NaN,NaN,NaN,NaN,NaN,NaN,NaN,NaN,NaN,NaN,NaN,NaN,NaN,NaN,NaN,NaN,NaN,NaN,NaN,NaN,NaN,NaN,NaN,NaN,NaN,NaN,NaN,NaN,NaN,NaN,NaN,NaN,NaN,NaN,NaN,NaN,NaN,NaN,NaN,NaN,NaN,NaN,NaN,NaN,NaN,NaN,NaN,NaN,NaN,NaN,NaN
NaN,NaN,NaN,NaN,NaN,NaN,NaN,NaN,NaN,NaN,NaN,NaN,NaN,NaN,NaN,NaN,NaN,5.223737e-06,4.977801e-06,5.201835e-06,6.180895e-06,8.869283e-06,1.585849e-05,3.243178e-05,5.846446e-05,8.813498e-05,0.0001135159,0.0001254342,0.0001200615,9.849309e-05,6.852972e-05,3.986357e-05,2.037519e-05,1.185506e-05,8.537582e-06,7.386881e-06,7.356639e-06,7.871253e-06,NaN,NaN,NaN,NaN,NaN,NaN,NaN,NaN,NaN,NaN,NaN,NaN,NaN,NaN,NaN,NaN,NaN,NaN,NaN,NaN,NaN,NaN,NaN,NaN,NaN,NaN,NaN,NaN,NaN,NaN,NaN,NaN,NaN,NaN,NaN,NaN,NaN,NaN,NaN,NaN,NaN,NaN,NaN,NaN,NaN,NaN,NaN,NaN,NaN,NaN,NaN,NaN,NaN,NaN,NaN,NaN,NaN,NaN,NaN,NaN,NaN,NaN,NaN,NaN,NaN,NaN,NaN,NaN,NaN,NaN
NaN,NaN,NaN,NaN,NaN,NaN,NaN,NaN,NaN,NaN,NaN,NaN,NaN,NaN,NaN,NaN,5.418196e-06,4.905357e-06,5.36926e-06,6.977285e-06,1.120063e-05,2.979182e-05,7.131408e-05,0.0001382119,0.0002162309,0.0002866566,0.0003359726,0.0003601553,0.0003549781,0.0003195681,0.0002539663,0.0001706845,9.243005e-05,4.049139e-05,1.576918e-05,1.005247e-05,7.922865e-06,7.388745e-06,8.447252e-06,NaN,NaN,NaN,NaN,NaN,NaN,NaN,NaN,NaN,NaN,NaN,NaN,NaN,NaN,NaN,NaN,NaN,NaN,NaN,NaN,NaN,NaN,NaN,NaN,NaN,NaN,NaN,NaN,NaN,NaN,NaN,NaN,NaN,NaN,NaN,NaN,NaN,NaN,NaN,NaN,NaN,NaN,NaN,NaN,NaN,NaN,NaN,NaN,NaN,NaN,NaN,NaN,NaN,NaN,NaN,NaN,NaN,NaN,NaN,NaN,NaN,NaN,NaN,NaN,NaN,NaN,NaN,NaN,NaN
NaN,NaN,NaN,NaN,NaN,NaN,NaN,NaN,NaN,NaN,NaN,NaN,NaN,NaN,NaN,5.059135e-06,5.229806e-06,5.899666e-06,7.143588e-06,1.864081e-05,5.840196e-05,0.0001465902,0.0002720942,0.0003934779,0.0004945856,0.0005770295,0.0006345361,0.0006672991,0.0006703392,0.0006434881,0.000581751,0.000487419,0.0003546498,0.0002007952,8.351013e-05,2.758139e-05,1.081236e-05,8.932101e-06,8.091137e-06,7.98104e-06,NaN,NaN,NaN,NaN,NaN,NaN,NaN,NaN,NaN,NaN,NaN,NaN,NaN,NaN,NaN,NaN,NaN,NaN,NaN,NaN,NaN,NaN,NaN,NaN,NaN,NaN,NaN,NaN,NaN,NaN,NaN,NaN,NaN,NaN,NaN,NaN,NaN,NaN,NaN,NaN,NaN,NaN,NaN,NaN,NaN,NaN,NaN,NaN,NaN,NaN,NaN,NaN,NaN,NaN,NaN,NaN,NaN,NaN,NaN,NaN,NaN,NaN,NaN,NaN,NaN,NaN,NaN,NaN
NaN,NaN,NaN,NaN,NaN,NaN,NaN,NaN,NaN,NaN,NaN,NaN,NaN,NaN,5.128188e-06,5.233428e-06,6.272573e-06,8.87014e-06,3.384634e-05,0.0001116936,0.0002637191,0.0004227089,0.0005665142,0.0006940743,0.0007981285,0.0008832915,0.0009457361,0.0009861253,0.0009994179,0.0009859104,0.0009402362,0.0008617694,0.0007404232,0.0005803015,0.0003793736,0.0001679915,5.26566e-05,1.383747e-05,9.968679e-06,8.143266e-06,8.099407e-06,NaN,NaN,NaN,NaN,NaN,NaN,NaN,NaN,NaN,NaN,NaN,NaN,NaN,NaN,NaN,NaN,NaN,NaN,NaN,NaN,NaN,NaN,NaN,NaN,NaN,NaN,NaN,NaN,NaN,NaN,NaN,NaN,NaN,NaN,NaN,NaN,NaN,NaN,NaN,NaN,NaN,NaN,NaN,NaN,NaN,NaN,NaN,NaN,NaN,NaN,NaN,NaN,NaN,NaN,NaN,NaN,NaN,NaN,NaN,NaN,NaN,NaN,NaN,NaN,NaN,NaN,NaN
NaN,NaN,NaN,NaN,NaN,NaN,NaN,NaN,NaN,NaN,NaN,NaN,NaN,5.473072e-06,5.85253e-06,5.603898e-06,1.466347e-05,6.045011e-05,0.000203621,0.0003899219,0.0005679528,0.0007285378,0.0008696211,0.0009929258,0.001099937,0.001187052,0.00125629,0.001303115,0.001328243,0.001326378,0.00129789,0.001235712,0.001139759,0.001003352,0.0008200562,0.0005884698,0.0003199488,9.846425e-05,2.408273e-05,8.999703e-06,9.275283e-06,8.622282e-06,NaN,NaN,NaN,NaN,NaN,NaN,NaN,NaN,NaN,NaN,NaN,NaN,NaN,NaN,NaN,NaN,NaN,NaN,NaN,NaN,NaN,NaN,NaN,NaN,NaN,NaN,NaN,NaN,NaN,NaN,NaN,NaN,NaN,NaN,NaN,NaN,NaN,NaN,NaN,NaN,NaN,NaN,NaN,NaN,NaN,NaN,NaN,NaN,NaN,NaN,NaN,NaN,NaN,NaN,NaN,NaN,NaN,NaN,NaN,NaN,NaN,NaN,NaN,NaN,NaN,NaN
NaN,NaN,NaN,NaN,NaN,NaN,NaN,NaN,NaN,NaN,NaN,NaN,5.3322e-06,6.526164e-06,6.123153e-06,2.559572e-05,0.0001118786,0.0003130146,0.000514718,0.0007020619,0.0008718004,0.001023274,0.001162169,0.001282684,0.00139099,0.001479916,0.001554971,0.001608669,0.001645052,0.001655762,0.001644471,0.00160049,0.001527836,0.001414556,0.001264172,0.001064664,0.0008132743,0.0005137305,0.0001892903,4.387713e-05,9.838191e-06,1.072315e-05,8.050905e-06,NaN,NaN,NaN,NaN,NaN,NaN,NaN,NaN,NaN,NaN,NaN,NaN,NaN,NaN,NaN,NaN,NaN,NaN,NaN,NaN,NaN,NaN,NaN,NaN,NaN,NaN,NaN,NaN,NaN,NaN,NaN,NaN,NaN,NaN,NaN,NaN,NaN,NaN,NaN,NaN,NaN,NaN,NaN,NaN,NaN,NaN,NaN,NaN,NaN,NaN,NaN,NaN,NaN,NaN,NaN,NaN,NaN,NaN,NaN,NaN,NaN,NaN,NaN,NaN,NaN
NaN,NaN,NaN,NaN,NaN,NaN,NaN,NaN,NaN,NaN,NaN,5.77353e-06,5.8454e-06,9.224532e-06,4.456751e-05,0.0002020227,0.0004183515,0.0006317708,0.0008222724,0.0009965147,0.001155385,0.001301778,0.001433376,0.001553036,0.001659537,0.001752727,0.001830726,0.001893601,0.001938215,0.001963866,0.001966274,0.001943505,0.001891305,0.001807338,0.001683449,0.00151954,0.00130754,0.001043375,0.0007141581,0.0003543332,7.905293e-05,1.559568e-05,9.381356e-06,8.537035e-06,NaN,NaN,NaN,NaN,NaN,NaN,NaN,NaN,NaN,NaN,NaN,NaN,NaN,NaN,NaN,NaN,NaN,NaN,NaN,NaN,NaN,NaN,NaN,NaN,NaN,NaN,NaN,NaN,NaN,NaN,NaN,NaN,NaN,NaN,NaN,NaN,NaN,NaN,NaN,NaN,NaN,NaN,NaN,NaN,NaN,NaN,NaN,NaN,NaN,NaN,NaN,NaN,NaN,NaN,NaN,NaN,NaN,NaN,NaN,NaN,NaN,NaN,NaN,NaN
NaN,NaN,NaN,NaN,NaN,NaN,NaN,NaN,NaN,NaN,7.025215e-06,5.069088e-06,1.578293e-05,8.189333e-05,0.0003028249,0.0005271244,0.0007359891,0.000926573,0.001100285,0.001264333,0.001410078,0.001549678,0.001674589,0.001792468,0.001896507,0.001992611,0.00207326,0.002144259,0.002196962,0.002236611,0.002253047,0.002250924,0.002219049,0.002162332,0.002066776,0.001940419,0.001761967,0.001542312,0.0012675,0.0009335481,0.0005490659,0.0001499173,2.785653e-05,7.579694e-06,1.076322e-05,NaN,NaN,NaN,NaN,NaN,NaN,NaN,NaN,NaN,NaN,NaN,NaN,NaN,NaN,NaN,NaN,NaN,NaN,NaN,NaN,NaN,NaN,NaN,NaN,NaN,NaN,NaN,NaN,NaN,NaN,NaN,NaN,NaN,NaN,NaN,NaN,NaN,NaN,NaN,NaN,NaN,NaN,NaN,NaN,NaN,NaN,NaN,NaN,NaN,NaN,NaN,NaN,NaN,NaN,NaN,NaN,NaN,NaN,NaN,NaN,NaN,NaN,NaN
NaN,NaN,NaN,NaN,NaN,NaN,NaN,NaN,5.894213e-06,7.147434e-06,6.565332e-06,2.786343e-05,0.0001604235,0.0003930949,0.0006251449,0.0008266114,0.001015011,0.001183408,0.001343409,0.001489357,0.001627952,0.00175518,0.001876409,0.001987035,0.002092421,0.002186225,0.002273195,0.002346852,0.002411422,0.002459199,0.002493687,0.002505808,0.002499542,0.002464299,0.002402682,0.002303765,0.002170155,0.001987912,0.001765172,0.001480392,0.001145972,0.000732891,0.0003013432,5.065448e-05,1.001757e-05,1.058739e-05,6.889255e-06,NaN,NaN,NaN,NaN,NaN,NaN,NaN,NaN,NaN,NaN,NaN,NaN,NaN,NaN,NaN,NaN,NaN,NaN,NaN,NaN,NaN,NaN,NaN,NaN,NaN,NaN,NaN,NaN,NaN,NaN,NaN,NaN,NaN,NaN,NaN,NaN,NaN,NaN,NaN,NaN,NaN,NaN,NaN,NaN,NaN,NaN,NaN,NaN,NaN,NaN,NaN,NaN,NaN,NaN,NaN,NaN,NaN,NaN,NaN,NaN,NaN
NaN,NaN,NaN,NaN,NaN,NaN,NaN,7.375965e-06,5.519457e-06,1.00664e-05,5.078725e-05,0.0002632593,0.000490953,0.0007078974,0.000900673,0.001078123,0.001244893,0.001391732,0.001534772,0.001666271,0.001792078,0.00190949,0.00202339,0.002128994,0.002231182,0.002324656,0.002413476,0.002491978,0.002563758,0.002622081,0.002669904,0.002699192,0.002712968,0.002701693,0.00266857,0.002602932,0.002505606,0.002365392,0.002191604,0.001955263,0.001673886,0.001338632,0.000936044,0.0005026816,9.428153e-05,1.581201e-05,6.867519e-06,8.939495e-06,NaN,NaN,NaN,NaN,NaN,NaN,NaN,NaN,NaN,NaN,NaN,NaN,NaN,NaN,NaN,NaN,NaN,NaN,NaN,NaN,NaN,NaN,NaN,NaN,NaN,NaN,NaN,NaN,NaN,NaN,NaN,NaN,NaN,NaN,NaN,NaN,NaN,NaN,NaN,NaN,NaN,NaN,NaN,NaN,NaN,NaN,NaN,NaN,NaN,NaN,NaN,NaN,NaN,NaN,NaN,NaN,NaN,NaN,NaN,NaN
NaN,NaN,NaN,NaN,NaN,NaN,8.519638e-06,6.211811e-06,1.772117e-05,0.0001091342,0.000345155,0.0005777921,0.0007760851,0.0009594668,0.001118149,0.001272031,0.001410077,0.001542131,0.001662314,0.001781461,0.001891428,0.002001097,0.002102922,0.00220536,0.002300373,0.002395319,0.002481607,0.002566596,0.002640887,0.002711408,0.002767353,0.002815563,0.002844187,0.002860117,0.002849014,0.002818524,0.002752513,0.002659818,0.002521703,0.002345664,0.002112936,0.001845146,0.00150712,0.001122461,0.0006657296,0.000203441,2.89822e-05,7.26821e-06,1.016054e-05,NaN,NaN,NaN,NaN,NaN,NaN,NaN,NaN,NaN,NaN,NaN,NaN,NaN,NaN,NaN,NaN,NaN,NaN,NaN,NaN,NaN,NaN,NaN,NaN,NaN,NaN,NaN,NaN,NaN,NaN,NaN,NaN,NaN,NaN,NaN,NaN,NaN,NaN,NaN,NaN,NaN,NaN,NaN,NaN,NaN,NaN,NaN,NaN,NaN,NaN,NaN,NaN,NaN,NaN,NaN,NaN,NaN,NaN,NaN
NaN,NaN,NaN,NaN,NaN,6.725854e-06,8.290551e-06,3.293928e-05,0.0002131157,0.0004321189,0.0006415491,0.0008202443,0.0009863352,0.001135933,0.001264076,0.001389792,0.001505355,0.001614044,0.001717576,0.001819073,0.001915777,0.00201235,0.002105932,0.002199459,0.002290064,0.002380446,0.002467049,0.002552286,0.002631978,0.002708084,0.002775404,0.002835492,0.002882162,0.002916667,0.002932033,0.002929255,0.002898195,0.002841634,0.002750317,0.002619659,0.002443994,0.002235008,0.001958717,0.001632003,0.001264347,0.0008317698,0.0003939049,5.546501e-05,9.352516e-06,6.055112e-06,NaN,NaN,NaN,NaN,NaN,NaN,NaN,NaN,NaN,NaN,NaN,NaN,NaN,NaN,NaN,NaN,NaN,NaN,NaN,NaN,NaN,NaN,NaN,NaN,NaN,NaN,NaN,NaN,NaN,NaN,NaN,NaN,NaN,NaN,NaN,NaN,NaN,NaN,NaN,NaN,NaN,NaN,NaN,NaN,NaN,NaN,NaN,NaN,NaN,NaN,NaN,NaN,NaN,NaN,NaN,NaN,NaN,NaN
NaN,NaN,NaN,9.541815e-06,6.986051e-06,1.314143e-05,7.470405e-05,0.0002929172,0.000506673,0.0006870667,0.0008458281,0.0009789236,0.00111087,0.001220858,0.001326369,0.00141898,0.001513539,0.001598315,0.001685178,0.001765987,0.001851531,0.001931741,0.002017246,0.002098584,0.002185525,0.002267792,0.002355014,0.002436476,0.002521705,0.002598932,0.002677499,0.002744463,0.002809495,0.0028581,0.002899646,0.002917808,0.002923585,0.00289791,0.002851072,0.002762431,0.002647118,0.002481675,0.002278901,0.002009131,0.001717591,0.001363504,0.0009666981,0.0005321959,0.0001216319,1.527237e-05,5.045984e-06,6.715362e-06,NaN,NaN,NaN,NaN,NaN,NaN,NaN,NaN,NaN,NaN,NaN,NaN,NaN,NaN,NaN,NaN,NaN,NaN,NaN,NaN,NaN,NaN,NaN,NaN,NaN,NaN,NaN,NaN,NaN,NaN,NaN,NaN,NaN,NaN,NaN,NaN,NaN,NaN,NaN,NaN,NaN,NaN,NaN,NaN,NaN,NaN,NaN,NaN,NaN,NaN,NaN,NaN,NaN,NaN,NaN,NaN
NaN,NaN,7.752446e-06,8.633928e-06,2.490985e-05,0.0001702191,0.0003657305,0.0005459521,0.0006942805,0.0008303325,0.0009436691,0.001036618,0.001128147,0.001209029,0.001280709,0.00135014,0.001417415,0.001481789,0.001547171,0.001612562,0.001679274,0.001747872,0.001819088,0.001892256,0.001968143,0.002046063,0.002126291,0.002207743,0.002290357,0.002372538,0.002453713,0.002531627,0.002605141,0.002671312,0.002728952,0.002774052,0.002803452,0.002813499,0.002801898,0.002759624,0.002687883,0.002582344,0.002430086,0.002232343,0.002004472,0.001718801,0.001381952,0.001025387,0.0006317602,0.0002596936,3.042269e-05,5.255818e-06,3.004664e-06,NaN,NaN,NaN,NaN,NaN,NaN,NaN,NaN,NaN,NaN,NaN,NaN,NaN,NaN,NaN,NaN,NaN,NaN,NaN,NaN,NaN,NaN,NaN,NaN,NaN,NaN,NaN,NaN,NaN,NaN,NaN,NaN,NaN,NaN,NaN,NaN,NaN,NaN,NaN,NaN,NaN,NaN,NaN,NaN,NaN,NaN,NaN,NaN,NaN,NaN,NaN,NaN,NaN,NaN,NaN
1.002333e-05,8.449644e-06,1.188867e-05,6.0039e-05,0.0002394828,0.0004131049,0.0005549433,0.0006687513,0.000760951,0.0008515256,0.0009155659,0.0009769386,0.001026955,0.00107729,0.001119566,0.001163161,0.001203622,0.001248808,0.001291226,0.001339776,0.001388608,0.001443573,0.001499448,0.001562368,0.001626736,0.001697778,0.001770003,0.001848319,0.001927021,0.002010483,0.002092506,0.002177067,0.002257533,0.002337413,0.002408636,0.002474403,0.002526869,0.002567848,0.002586303,0.002587239,0.002558352,0.00250164,0.002405237,0.002273499,0.002099462,0.001889218,0.001614894,0.001325349,0.001007007,0.0006590587,0.0003307766,6.152632e-05,6.023175e-06,1.603942e-06,8.292948e-07,NaN,NaN,NaN,NaN,NaN,NaN,NaN,NaN,NaN,NaN,NaN,NaN,NaN,NaN,NaN,NaN,NaN,NaN,NaN,NaN,NaN,NaN,NaN,NaN,NaN,NaN,NaN,NaN,NaN,NaN,NaN,NaN,NaN,NaN,NaN,NaN,NaN,NaN,NaN,NaN,NaN,NaN,NaN,NaN,NaN,NaN,NaN,NaN,NaN,NaN,NaN,NaN,NaN
9.493902e-06,2.349051e-05,0.0001397471,0.0002857227,0.0004066441,0.0005033414,0.0005841801,0.0006448813,0.0006850907,0.0007258077,0.0007535748,0.0007736444,0.0007919144,0.0008098838,0.0008234762,0.0008409504,0.0008583058,0.00087905,0.0009028422,0.0009314776,0.0009632485,0.001001403,0.001043984,0.00109275,0.001146269,0.001206188,0.001270916,0.001341564,0.001416479,0.001496283,0.001579105,0.001664941,0.001751469,0.001838097,0.001922598,0.002003404,0.002076249,0.002139998,0.002191085,0.002223848,0.002236311,0.002225456,0.002180289,0.00210388,0.001994984,0.001839606,0.00164055,0.001415567,0.001152481,0.000858604,0.0005723517,0.0002999891,9.239449e-05,7.413265e-06,-4.965253e-07,-1.031482e-06,NaN,NaN,NaN,NaN,NaN,NaN,NaN,NaN,NaN,NaN,NaN,NaN,NaN,NaN,NaN,NaN,NaN,NaN,NaN,NaN,NaN,NaN,NaN,NaN,NaN,NaN,NaN,NaN,NaN,NaN,NaN,NaN,NaN,NaN,NaN,NaN,NaN,NaN,NaN,NaN,NaN,NaN,NaN,NaN,NaN,NaN,NaN,NaN,NaN,NaN,NaN,8.951399e-06
5.897955e-05,0.0001713774,0.0002690916,0.0003442329,0.0003893012,0.0004186634,0.0004448942,0.0004467583,0.0004479913,0.0004402374,0.0004302676,0.0004158762,0.0004023782,0.0003873861,0.0003775156,0.0003662292,0.0003616269,0.0003596294,0.0003636183,0.0003713818,0.0003873475,0.0004072172,0.0004353818,0.0004686725,0.0005106386,0.0005577593,0.0006134444,0.0006742544,0.0007432527,0.0008167701,0.000897444,0.0009813729,0.001070911,0.001161676,0.001254824,0.00134558,0.001435881,0.001518826,0.001593882,0.001657188,0.001706114,0.001732141,0.001737851,0.001712508,0.001656922,0.001565523,0.00143253,0.001265019,0.001069085,0.000828298,0.0005826462,0.0003479027,0.0001289721,-3.353738e-06,-3.409488e-05,-5.230979e-06,-4.579244e-06,-5.241466e-06,NaN,NaN,NaN,NaN,NaN,NaN,NaN,NaN,NaN,NaN,NaN,NaN,NaN,NaN,NaN,NaN,NaN,NaN,NaN,NaN,NaN,NaN,NaN,NaN,NaN,NaN,NaN,NaN,NaN,NaN,NaN,NaN,NaN,NaN,NaN,NaN,NaN,NaN,NaN,NaN,NaN,NaN,NaN,NaN,NaN,NaN,NaN,9.934507e-06,9.92593e-06,1.288479e-05
0.000136264,0.0001675613,0.0001793753,0.0001785449,0.0001671683,0.0001342335,0.0001051341,6.447812e-05,1.964627e-05,-2.699163e-05,-7.114741e-05,-0.0001203276,-0.0001630915,-0.0002052107,-0.0002434389,-0.0002771006,-0.0003051738,-0.0003291058,-0.0003452109,-0.0003556637,-0.0003593059,-0.0003553343,-0.0003439069,-0.0003246207,-0.0002980023,-0.0002625787,-0.0002199592,-0.0001681417,-0.0001096723,-4.192581e-05,3.151923e-05,0.0001137508,0.0001998627,0.000293471,0.0003889644,0.0004900646,0.0005880774,0.0006884352,0.000782236,0.000871191,0.0009464795,0.001013449,0.00105413,0.001079636,0.001074494,0.001039474,0.0009661748,0.0008672494,0.0007203186,0.0005482518,0.0003479273,0.0001441412,-6.453086e-05,-0.0002125798,-0.0003068111,-0.0002364934,-6.261337e-05,-7.14308e-06,-9.522822e-06,-1.171319e-05,NaN,NaN,NaN,NaN,NaN,NaN,NaN,NaN,NaN,NaN,NaN,NaN,NaN,NaN,NaN,NaN,NaN,NaN,NaN,NaN,NaN,NaN,NaN,NaN,NaN,NaN,NaN,NaN,NaN,NaN,NaN,NaN,NaN,NaN,NaN,NaN,NaN,NaN,NaN,NaN,NaN,NaN,NaN,9.885831e-06,1.089973e-05,1.00037e-05,2.282841e-05,8.126321e-05
-4.901144e-05,-0.0001011317,-0.0001565921,-0.0002209497,-0.0002944121,-0.0003722893,-0.0004504928,-0.0005351549,-0.0006151155,-0.0006975197,-0.0007763427,-0.0008520462,-0.0009241082,-0.0009927165,-0.001053283,-0.001111228,-0.001160813,-0.001204302,-0.00124062,-0.001270101,-0.00129049,-0.001304118,-0.001308806,-0.001305375,-0.001292652,-0.001271517,-0.001241079,-0.001201758,-0.001153211,-0.001095653,-0.001029371,-0.0009543188,-0.0008713116,-0.0007802712,-0.000683568,-0.0005808658,-0.000473979,-0.00036429,-0.0002565466,-0.0001481317,-4.723931e-05,4.483298e-05,0.0001253855,0.000189243,0.0002290486,0.0002485733,0.0002323137,0.0001873819,0.000107841,-8.888069e-06,-0.0001567401,-0.0003193682,-0.0005002419,-0.0006638734,-0.0007856591,-0.000808035,-0.0007210496,-0.0004104096,-7.380648e-05,-9.778304e-06,-1.403918e-05,NaN,NaN,NaN,NaN,NaN,NaN,NaN,NaN,NaN,NaN,NaN,NaN,NaN,NaN,NaN,NaN,NaN,NaN,NaN,NaN,NaN,NaN,NaN,NaN,NaN,NaN,NaN,NaN,NaN,NaN,NaN,NaN,NaN,NaN,NaN,NaN,NaN,NaN,NaN,NaN,NaN,1.149855e-05,9.958952e-06,1.064535e-05,1.182907e-05,5.376773e-06,-1.925534e-05
-0.000541636,-0.0006527348,-0.0007731955,-0.0008911506,-0.001009585,-0.001133056,-0.001252384,-0.001369074,-0.00148589,-0.00159727,-0.001703155,-0.001807022,-0.00190276,-0.001993168,-0.002078041,-0.002154714,-0.002224536,-0.002287749,-0.002341757,-0.002388346,-0.00242679,-0.002456332,-0.002476789,-0.002488518,-0.002490912,-0.002483789,-0.002466904,-0.002440136,-0.002403428,-0.002356578,-0.002299773,-0.002232913,-0.00215672,-0.002071135,-0.00197664,-0.001873736,-0.001765188,-0.001650287,-0.001530909,-0.001411351,-0.001292143,-0.001174839,-0.001068363,-0.0009702074,-0.0008869291,-0.0008269437,-0.0007881733,-0.0007770935,-0.0008019375,-0.0008573618,-0.0009457122,-0.001066929,-0.001208149,-0.001359624,-0.001490368,-0.00158755,-0.001602067,-0.001450649,-0.001138415,-0.0005387408,-9.06625e-05,-1.275537e-05,-1.969756e-05,NaN,NaN,NaN,NaN,NaN,NaN,NaN,NaN,NaN,NaN,NaN,NaN,NaN,NaN,NaN,NaN,NaN,NaN,NaN,NaN,NaN,NaN,NaN,NaN,NaN,NaN,NaN,NaN,NaN,NaN,NaN,NaN,NaN,NaN,NaN,NaN,NaN,1.156095e-05,1.042229e-05,2.94237e-06,-4.587994e-05,-0.0001356892,-0.0002332077,-0.000326285,-0.0004353912
-0.001361262,-0.001528287,-0.001691164,-0.001853363,-0.002014178,-0.002169166,-0.002320905,-0.002470276,-0.00261075,-0.002748283,-0.00287945,-0.003002706,-0.003120396,-0.003231528,-0.003332948,-0.003429463,-0.003516446,-0.003595625,-0.003666684,-0.003729745,-0.003782657,-0.003828072,-0.003863432,-0.003890095,-0.003906083,-0.003913196,-0.003909244,-0.003895892,-0.003870999,-0.00383635,-0.003789908,-0.003733517,-0.003665092,-0.003586792,-0.003497544,-0.003399546,-0.003290349,-0.003174443,-0.003051679,-0.002922644,-0.002790279,-0.002659755,-0.002527164,-0.002403616,-0.002289249,-0.002186374,-0.002104384,-0.002046066,-0.002010605,-0.002012148,-0.002043751,-0.002108433,-0.002204437,-0.002326256,-0.002452077,-0.002574328,-0.002643227,-0.002648227,-0.002524883,-0.002184717,-0.001641541,-0.0007478665,-0.0001332899,-1.752878e-05,-2.386191e-05,-2.768295e-05,NaN,NaN,NaN,NaN,NaN,NaN,NaN,NaN,NaN,NaN,NaN,NaN,NaN,NaN,NaN,NaN,NaN,NaN,NaN,NaN,NaN,NaN,NaN,NaN,NaN,NaN,NaN,NaN,NaN,NaN,NaN,9.417681e-06,1.136524e-05,1.107862e-05,-9.951557e-06,-0.0001208552,-0.0003189711,-0.0005090545,-0.0006820685,-0.000858643,-0.001027097,-0.001193332
-0.002540728,-0.002745511,-0.002945419,-0.003140839,-0.003325683,-0.003511611,-0.003686141,-0.003856071,-0.004019046,-0.004176324,-0.0043225,-0.004466772,-0.004598387,-0.004725308,-0.004843144,-0.004953559,-0.005054206,-0.005149309,-0.005232777,-0.005309751,-0.005376776,-0.005435558,-0.005483799,-0.005523694,-0.005553144,-0.005572961,-0.005582138,-0.005580715,-0.005568617,-0.005544859,-0.005510403,-0.005463373,-0.005406128,-0.005335714,-0.005255068,-0.005160625,-0.005058738,-0.004943084,-0.004820073,-0.004687352,-0.004550938,-0.004403924,-0.004262828,-0.00411463,-0.003975592,-0.003842129,-0.003723968,-0.00361603,-0.003541317,-0.003480359,-0.003460401,-0.003465672,-0.003513941,-0.003582578,-0.003688667,-0.003796424,-0.003915065,-0.003978116,-0.003990127,-0.003898537,-0.00363563,-0.003094866,-0.002401973,-0.001227807,-0.0002458166,-4.028949e-05,-2.850805e-05,-3.216679e-05,NaN,NaN,NaN,NaN,NaN,NaN,NaN,NaN,NaN,NaN,NaN,NaN,NaN,NaN,NaN,NaN,NaN,NaN,NaN,NaN,NaN,NaN,NaN,NaN,NaN,NaN,NaN,5.102341e-06,1.285481e-05,5.431868e-06,-4.357892e-05,-0.0002846584,-0.0006225067,-0.0009095938,-0.001174317,-0.001431142,-0.001666927,-0.001894642,-0.002115388,-0.002333197
-0.004101932,-0.004339761,-0.004551842,-0.004773828,-0.004974363,-0.005179877,-0.005363755,-0.005557385,-0.005724378,-0.005901472,-0.006055409,-0.006215106,-0.006352738,-0.006498462,-0.006618034,-0.006747948,-0.0068521,-0.006964059,-0.007051701,-0.007147458,-0.007216565,-0.007294723,-0.007346127,-0.007405635,-0.007437376,-0.007477347,-0.007488711,-0.007507975,-0.007497562,-0.007494797,-0.007461352,-0.00743534,-0.007377427,-0.007326831,-0.007244261,-0.007169764,-0.007061367,-0.006962451,-0.006832216,-0.006710695,-0.006559072,-0.006423263,-0.006255513,-0.006109643,-0.005940393,-0.005793744,-0.005633443,-0.005508097,-0.005369846,-0.005282752,-0.005192819,-0.005158694,-0.005131925,-0.005169348,-0.005209284,-0.005310358,-0.005392177,-0.0055202,-0.005592474,-0.005643319,-0.005547581,-0.005430382,-0.005004817,-0.00434114,-0.00349517,-0.002203686,-0.0006470867,-0.0001516151,-3.908728e-05,-2.829606e-05,-3.483671e-05,NaN,NaN,NaN,NaN,NaN,NaN,NaN,NaN,NaN,NaN,NaN,NaN,NaN,NaN,NaN,NaN,NaN,NaN,NaN,NaN,NaN,6.198573e-06,7.850517e-06,1.096605e-05,-3.79076e-05,-0.0001741494,-0.0006704333,-0.001150864,-0.001540392,-0.001895511,-0.002247384,-0.002538083,-0.002835995,-0.003104466,-0.003376046,-0.003621345,-0.0038723
-0.006075655,-0.006311319,-0.006545424,-0.006765891,-0.006980026,-0.007186403,-0.007386032,-0.007573723,-0.007758679,-0.007932195,-0.008098292,-0.008258143,-0.0084085,-0.008550958,-0.008686932,-0.008813531,-0.00893195,-0.009044314,-0.009145576,-0.009240952,-0.009325993,-0.009404548,-0.009470927,-0.009531945,-0.009579681,-0.009621918,-0.009649329,-0.009671425,-0.009677201,-0.009677736,-0.009660291,-0.009637751,-0.00959589,-0.009549348,-0.009481286,-0.009408756,-0.009315127,-0.009217742,-0.009096198,-0.008975687,-0.008831173,-0.008686816,-0.008524301,-0.008365512,-0.008186924,-0.008025442,-0.007844986,-0.007687611,-0.007525045,-0.007391554,-0.007258929,-0.007174484,-0.007093971,-0.007072316,-0.007059879,-0.007112663,-0.0071694,-0.007279593,-0.007365563,-0.007498839,-0.007549819,-0.007574121,-0.007404048,-0.007241302,-0.006808471,-0.006001358,-0.005081008,-0.003937348,-0.002436928,-0.0006544486,-0.0001784783,-9.916846e-05,-3.647757e-05,-2.49654e-05,-2.329805e-05,3.495268e-06,NaN,NaN,NaN,NaN,NaN,NaN,NaN,NaN,NaN,NaN,NaN,1.616718e-05,-4.038214e-08,8.432649e-06,6.383274e-06,-1.833668e-05,-7.020742e-05,-0.0002320075,-0.0008998571,-0.001558924,-0.002096518,-0.002543663,-0.003012615,-0.003416222,-0.003766578,-0.004113882,-0.004437899,-0.004738424,-0.005029007,-0.0053028,-0.005571438,-0.005826879
-0.008454129,-0.008687695,-0.008914971,-0.009131685,-0.009346507,-0.009546262,-0.009743907,-0.00993173,-0.01011279,-0.01028429,-0.0104531,-0.01060797,-0.01076144,-0.01090351,-0.01104024,-0.01116768,-0.01129066,-0.01140142,-0.01150957,-0.01160563,-0.01169692,-0.01177676,-0.01185215,-0.01191466,-0.01197204,-0.01201624,-0.01205483,-0.01207939,-0.0120976,-0.01210089,-0.01209716,-0.01207752,-0.01204986,-0.01200525,-0.01195275,-0.01188294,-0.01180318,-0.01170604,-0.01160152,-0.01147674,-0.01134529,-0.01119857,-0.01104219,-0.01087375,-0.01070337,-0.01051767,-0.01033892,-0.01015352,-0.009974711,-0.009802622,-0.009648056,-0.009503369,-0.009391631,-0.009300736,-0.009250453,-0.009228408,-0.009250152,-0.00930621,-0.009404396,-0.0095049,-0.009625774,-0.00974079,-0.009811422,-0.009791448,-0.009646296,-0.009377594,-0.009150415,-0.008306442,-0.007317723,-0.006341011,-0.005123502,-0.003914957,-0.00198499,-0.0005419296,-0.0002069003,-0.0001572679,-0.0001382697,-0.0001125806,-7.924852e-05,-4.919851e-05,-3.198238e-05,-2.072276e-05,-1.888803e-05,-1.977691e-05,-3.11045e-05,-5.205954e-05,-7.860689e-05,-9.64467e-05,-0.0001288832,-0.0002836817,-0.0009148481,-0.001872563,-0.00258547,-0.003167047,-0.003662386,-0.004197395,-0.004747229,-0.005116114,-0.005500169,-0.005877075,-0.006224196,-0.006544126,-0.006853516,-0.007143993,-0.00742886,-0.007697249,-0.007960184,-0.00820813
-0.01123195,-0.01144951,-0.01166189,-0.01186703,-0.01206288,-0.0122561,-0.01244074,-0.01261747,-0.01279045,-0.01295536,-0.01311247,-0.01326581,-0.01341036,-0.01354827,-0.01368148,-0.01380564,-0.01392407,-0.01403604,-0.01414023,-0.01423704,-0.01432786,-0.01440974,-0.01448457,-0.01455066,-0.01460951,-0.01465846,-0.01469949,-0.0147298,-0.01475159,-0.01476162,-0.01476235,-0.01475029,-0.01472847,-0.01469298,-0.01464626,-0.01458452,-0.01451281,-0.01442503,-0.01432455,-0.01421079,-0.0140849,-0.01394189,-0.01379295,-0.01362713,-0.01345316,-0.01327215,-0.01308303,-0.01288813,-0.01269886,-0.01250446,-0.0123224,-0.01215037,-0.0119961,-0.01186113,-0.01175752,-0.01168297,-0.01165139,-0.01164948,-0.01169254,-0.01177885,-0.01189819,-0.01201561,-0.01214548,-0.01228188,-0.01237819,-0.01237875,-0.01229734,-0.01197592,-0.01166207,-0.01140398,-0.01054249,-0.009430794,-0.0085144,-0.007432181,-0.006465528,-0.005873113,-0.005277017,-0.004377091,-0.003113949,-0.001988168,-0.001332088,-0.001098005,-0.001142104,-0.001472751,-0.002113891,-0.00294429,-0.003642071,-0.004110597,-0.004436539,-0.00480734,-0.005231948,-0.005695587,-0.00629661,-0.006855687,-0.00718716,-0.007532614,-0.007935216,-0.008294373,-0.008610342,-0.008918376,-0.009209864,-0.009496947,-0.009771276,-0.01003596,-0.01028901,-0.01053616,-0.01077465,-0.01100843
-0.01437797,-0.0145704,-0.01475534,-0.01493695,-0.0151154,-0.01528558,-0.0154519,-0.01561496,-0.01576954,-0.01592045,-0.01606719,-0.01620552,-0.01634067,-0.01647004,-0.01659205,-0.0167101,-0.01682184,-0.01692633,-0.01702634,-0.01711927,-0.01720537,-0.01728492,-0.01735801,-0.01742303,-0.01748077,-0.0175301,-0.01757165,-0.0176039,-0.01762755,-0.01764098,-0.01764502,-0.01763779,-0.01762002,-0.01758982,-0.01754902,-0.0174953,-0.01742844,-0.01734825,-0.01725713,-0.0171491,-0.0170299,-0.01689831,-0.01675105,-0.01659331,-0.01642624,-0.01624325,-0.01605769,-0.01586278,-0.01566165,-0.01546226,-0.01526454,-0.01506907,-0.01488874,-0.01472071,-0.01457556,-0.01445349,-0.01436329,-0.01431206,-0.01430336,-0.01432386,-0.01439255,-0.01450937,-0.01465414,-0.0147953,-0.01494374,-0.01511246,-0.01527161,-0.0152787,-0.01524028,-0.0151456,-0.01478652,-0.01432803,-0.0141452,-0.01380788,-0.01300826,-0.01221075,-0.01150091,-0.0108229,-0.01012638,-0.009383007,-0.008695028,-0.008223315,-0.007994733,-0.007992718,-0.008156387,-0.008446706,-0.008828083,-0.009244123,-0.009638397,-0.00999019,-0.01016335,-0.01027649,-0.01055025,-0.01091078,-0.0112032,-0.01145318,-0.01172016,-0.01196625,-0.01220614,-0.01244842,-0.01268441,-0.01291131,-0.01313315,-0.01335213,-0.01356698,-0.01377717,-0.01398201,-0.01418147
-0.01783445,-0.01799124,-0.0181483,-0.01830125,-0.01844936,-0.01859747,-0.01874115,-0.01887911,-0.01901679,-0.01914885,-0.01927575,-0.01940127,-0.01952046,-0.01963502,-0.0197471,-0.01985222,-0.01995321,-0.02005005,-0.0201404,-0.02022557,-0.0203059,-0.02037957,-0.02044699,-0.02050808,-0.02056254,-0.02060959,-0.02064911,-0.02068052,-0.02070361,-0.0207177,-0.02072247,-0.02071735,-0.02070226,-0.02067653,-0.02063906,-0.02058959,-0.02052943,-0.02045622,-0.02036887,-0.02027119,-0.0201594,-0.02003267,-0.01989724,-0.01974644,-0.01958286,-0.01941289,-0.01922806,-0.01903599,-0.01884058,-0.01863589,-0.01843128,-0.01823015,-0.01803089,-0.01784218,-0.01766685,-0.0175114,-0.01738144,-0.01727611,-0.01720521,-0.01718315,-0.01719794,-0.01724257,-0.01733388,-0.01748333,-0.01766307,-0.01783998,-0.01800556,-0.01817975,-0.01836312,-0.01852979,-0.0185163,-0.01841852,-0.0184063,-0.01831761,-0.01796309,-0.01742771,-0.01692242,-0.01658464,-0.01641416,-0.01620403,-0.01584118,-0.01542724,-0.01507523,-0.01479553,-0.01455076,-0.01436939,-0.0143498,-0.01449855,-0.0147347,-0.01495763,-0.0150951,-0.01515254,-0.01525577,-0.01542005,-0.01556539,-0.01570727,-0.01586504,-0.01603714,-0.01619959,-0.01635785,-0.01651909,-0.01668576,-0.01685322,-0.01701912,-0.01718383,-0.01734812,-0.01751182,-0.01767492
-0.02151704,-0.02164087,-0.02176164,-0.02188323,-0.02200571,-0.02212381,-0.02224108,-0.02235888,-0.02247097,-0.02258241,-0.02269241,-0.02279679,-0.02290005,-0.02300046,-0.02309518,-0.02318853,-0.02327726,-0.02336102,-0.02344174,-0.02351775,-0.02358807,-0.02365411,-0.02371482,-0.02376967,-0.02381819,-0.02386054,-0.02389601,-0.02392443,-0.02394509,-0.02395782,-0.02396196,-0.02395721,-0.02394264,-0.02391803,-0.02388355,-0.02383864,-0.02378111,-0.02371263,-0.02363376,-0.02354011,-0.02343528,-0.02332019,-0.02318867,-0.02304805,-0.02289679,-0.02272964,-0.0225572,-0.02237427,-0.02217992,-0.0219842,-0.02178238,-0.02157655,-0.02137506,-0.02117656,-0.0209867,-0.02080821,-0.02064546,-0.02050952,-0.02040056,-0.0203137,-0.02026815,-0.02027455,-0.02031752,-0.0203848,-0.02049624,-0.02067108,-0.02088684,-0.02108954,-0.02128991,-0.02147434,-0.02165047,-0.02181733,-0.02203112,-0.02218906,-0.02212428,-0.02189612,-0.02163663,-0.02147081,-0.0214257,-0.02141169,-0.02131175,-0.02111179,-0.02085796,-0.02058654,-0.02030379,-0.02004331,-0.0198688,-0.01982746,-0.01988995,-0.01998237,-0.02001122,-0.01999235,-0.01999054,-0.02003223,-0.02010243,-0.02016877,-0.02023876,-0.02031008,-0.02039513,-0.02049212,-0.02059384,-0.02069709,-0.02080443,-0.0209175,-0.02103434,-0.0211535,-0.02127369,-0.0213943
-0.02532767,-0.02541608,-0.02550895,-0.02560159,-0.02569291,-0.02578746,-0.02588121,-0.0259719,-0.02606534,-0.02615602,-0.02624397,-0.02633305,-0.02641832,-0.02650091,-0.02658341,-0.02666091,-0.02673617,-0.02680923,-0.02687761,-0.02694243,-0.02700424,-0.02706097,-0.02711307,-0.02716038,-0.0272027,-0.02723913,-0.02726959,-0.02729346,-0.02731062,-0.02732031,-0.02732232,-0.02731602,-0.02730145,-0.02727792,-0.02724437,-0.02720046,-0.02714769,-0.02708363,-0.02700704,-0.02692186,-0.02682428,-0.02671297,-0.0265945,-0.02646171,-0.02631671,-0.02616595,-0.02600008,-0.02582601,-0.02564734,-0.02545658,-0.02526231,-0.02506662,-0.02486625,-0.0246683,-0.02447411,-0.02428821,-0.02411482,-0.02395171,-0.02380856,-0.02369914,-0.02361333,-0.0235484,-0.02352613,-0.02356127,-0.02363515,-0.02372565,-0.02384477,-0.02402507,-0.02424867,-0.02449935,-0.02471996,-0.02493613,-0.02515106,-0.02534944,-0.02548555,-0.02551086,-0.0254945,-0.02552743,-0.02564958,-0.02579669,-0.02588261,-0.0258676,-0.0257627,-0.02558245,-0.02534523,-0.02508803,-0.02487656,-0.02474866,-0.02470099,-0.02469151,-0.02469185,-0.02466916,-0.02463433,-0.02460881,-0.02458716,-0.02458319,-0.02459479,-0.02462426,-0.02465679,-0.02469185,-0.02473618,-0.02479184,-0.02485517,-0.0249228,-0.02499522,-0.02507243,-0.02515441,-0.02524041
-0.02915469,-0.02921963,-0.0292843,-0.02935245,-0.02942429,-0.02949457,-0.0295661,-0.02964095,-0.0297123,-0.02978509,-0.02985874,-0.02992883,-0.02999952,-0.03006959,-0.03013549,-0.03020188,-0.03026536,-0.03032545,-0.03038398,-0.03043951,-0.03049063,-0.03053906,-0.03058351,-0.03062364,-0.03065873,-0.03068917,-0.03071405,-0.03073345,-0.03074642,-0.03075311,-0.03075263,-0.03074495,-0.03072895,-0.0307047,-0.03067217,-0.0306312,-0.03057923,-0.03051825,-0.03044877,-0.03036651,-0.03027465,-0.03017481,-0.03005997,-0.02993779,-0.02980655,-0.02966056,-0.02951009,-0.02934999,-0.02917791,-0.02900412,-0.02882247,-0.02863428,-0.02844653,-0.02825687,-0.02806879,-0.02788403,-0.02770459,-0.02754037,-0.02738914,-0.02724595,-0.02712886,-0.02704881,-0.02699111,-0.02694864,-0.02694417,-0.02700102,-0.02710301,-0.02721558,-0.02734843,-0.02750301,-0.02771257,-0.02795129,-0.02822021,-0.02847287,-0.02865943,-0.02880077,-0.02891554,-0.02904095,-0.02919739,-0.02938316,-0.02955586,-0.02967276,-0.02971157,-0.02967773,-0.02958404,-0.02945501,-0.02931725,-0.0292062,-0.02913354,-0.02908973,-0.0290378,-0.02897978,-0.02892663,-0.02888299,-0.02885783,-0.02883424,-0.02881333,-0.02879383,-0.02878824,-0.02879734,-0.02881348,-0.0288339,-0.02886062,-0.02889614,-0.02893845,-0.02898642,-0.02903843,-0.02909411
-0.03290106,-0.03294592,-0.03299674,-0.03304904,-0.03310141,-0.03315838,-0.03321651,-0.03327277,-0.03333332,-0.03339281,-0.0334508,-0.03351136,-0.03356971,-0.03362641,-0.03368456,-0.03373896,-0.03379229,-0.03384472,-0.03389372,-0.03394018,-0.03398494,-0.03402574,-0.03406307,-0.03409674,-0.03412668,-0.03415185,-0.03417236,-0.03418744,-0.03419717,-0.0342007,-0.03419803,-0.0341884,-0.03417211,-0.03414837,-0.03411634,-0.03407552,-0.03402775,-0.03397055,-0.03390265,-0.03382808,-0.03374335,-0.03364656,-0.03354483,-0.03343079,-0.03330621,-0.03317779,-0.03303592,-0.03288681,-0.03273451,-0.0325704,-0.03240272,-0.03223294,-0.03205686,-0.03188036,-0.03170394,-0.03153031,-0.03136245,-0.03119609,-0.03103963,-0.03090451,-0.03077955,-0.03066096,-0.03057038,-0.03052105,-0.030496,-0.03047659,-0.03048196,-0.0305444,-0.03065216,-0.03079702,-0.03093937,-0.03110051,-0.03126717,-0.03145181,-0.03165342,-0.03183595,-0.03201425,-0.03220975,-0.03243538,-0.03266834,-0.03288206,-0.03305321,-0.03316925,-0.03322079,-0.03321284,-0.03316155,-0.03309759,-0.03303819,-0.03299248,-0.03295618,-0.03293562,-0.03291302,-0.03287908,-0.03284039,-0.03279403,-0.03275742,-0.03273161,-0.03271875,-0.03270757,-0.03269646,-0.03269275,-0.03269914,-0.03271323,-0.03273156,-0.03275505,-0.03278393,-0.03281863,-0.03285845
-0.03648418,-0.03652382,-0.03656331,-0.03660633,-0.03665357,-0.03669995,-0.03674773,-0.03679974,-0.03684892,-0.0369,-0.03695288,-0.03700297,-0.03705416,-0.03710579,-0.03715384,-0.03720314,-0.03725043,-0.03729504,-0.0373388,-0.03738053,-0.03741851,-0.03745463,-0.03748764,-0.03751723,-0.0375426,-0.03756431,-0.03758137,-0.03759401,-0.03760126,-0.0376034,-0.03759951,-0.03758977,-0.03757297,-0.03754935,-0.03751891,-0.03748173,-0.03743513,-0.03738122,-0.03732072,-0.0372494,-0.03717021,-0.03708534,-0.03698736,-0.03688401,-0.03677391,-0.03665088,-0.03652516,-0.03639196,-0.03624795,-0.0361037,-0.03595258,-0.03579524,-0.0356382,-0.03547853,-0.0353185,-0.03515917,-0.03500098,-0.03485272,-0.03471035,-0.03456764,-0.03444066,-0.03433885,-0.03424578,-0.03415418,-0.0340858,-0.03406365,-0.0340711,-0.03407979,-0.03410127,-0.03414286,-0.03423978,-0.03436639,-0.03452706,-0.03468955,-0.03483487,-0.03498853,-0.03514819,-0.03531687,-0.03549461,-0.03568918,-0.03588842,-0.03607268,-0.03622309,-0.03633575,-0.03641068,-0.03645433,-0.03646966,-0.03647133,-0.03646809,-0.03646505,-0.03644761,-0.03642439,-0.03640517,-0.0363881,-0.03638041,-0.03636843,-0.03635237,-0.03633239,-0.0363201,-0.03631882,-0.03632145,-0.03632556,-0.03633305,-0.03634735,-0.0363669,-0.0363911,-0.03641849,-0.03644912
-0.03986286,-0.03989824,-0.03993881,-0.03998053,-0.0400218,-0.04006717,-0.04011392,-0.04015848,-0.04020724,-0.04025529,-0.04030176,-0.04035093,-0.04039839,-0.04044415,-0.04049179,-0.04053606,-0.04057948,-0.04062245,-0.04066246,-0.04070022,-0.04073684,-0.04076998,-0.04080018,-0.04082723,-0.04085126,-0.04087115,-0.04088712,-0.04089841,-0.04090521,-0.0409067,-0.040903,-0.04089338,-0.04087827,-0.04085693,-0.04082867,-0.04079293,-0.0407518,-0.04070288,-0.04064489,-0.04058193,-0.04051091,-0.04042946,-0.04034515,-0.0402507,-0.04014748,-0.04004258,-0.03992641,-0.03980454,-0.03968167,-0.03954855,-0.03941316,-0.03927696,-0.03913524,-0.0389932,-0.03885111,-0.03871061,-0.03857411,-0.03843612,-0.03830396,-0.03818759,-0.03807476,-0.03795993,-0.0378634,-0.03779639,-0.03774107,-0.03767815,-0.03762761,-0.03761913,-0.0376429,-0.03769198,-0.03773108,-0.03778367,-0.03783875,-0.03791923,-0.03803268,-0.03815157,-0.03828386,-0.03843562,-0.0386093,-0.03878695,-0.03895736,-0.03911258,-0.03924796,-0.03935472,-0.03943168,-0.0394827,-0.03952187,-0.03955311,-0.03957959,-0.03960025,-0.03962713,-0.03965115,-0.03966241,-0.03966546,-0.03965635,-0.0396505,-0.03965069,-0.03965883,-0.03966553,-0.0396679,-0.03967348,-0.03968555,-0.03970267,-0.03972133,-0.03974272,-0.03976732,-0.03979611,-0.03982857
-0.04302001,-0.0430605,-0.04309991,-0.04314175,-0.04318718,-0.04323137,-0.0432761,-0.04332481,-0.0433705,-0.04341753,-0.04346634,-0.04351229,-0.04355899,-0.04360634,-0.04365001,-0.04369486,-0.04373798,-0.04377843,-0.04381811,-0.04385607,-0.04389044,-0.0439232,-0.04395317,-0.04398013,-0.04400324,-0.04402316,-0.04403896,-0.04405095,-0.04405819,-0.04406106,-0.04405872,-0.04405143,-0.04403805,-0.04401891,-0.04399407,-0.04396383,-0.04392549,-0.04388118,-0.0438319,-0.0437735,-0.04370867,-0.04364019,-0.04356041,-0.04347692,-0.04338893,-0.04328984,-0.04318981,-0.04308462,-0.0429702,-0.04285731,-0.0427394,-0.04261653,-0.04249514,-0.04237214,-0.04224913,-0.04212693,-0.04200521,-0.04189216,-0.04178297,-0.0416705,-0.04156944,-0.0414884,-0.04140968,-0.04132492,-0.04125428,-0.04121957,-0.04120249,-0.04117585,-0.04115001,-0.04113287,-0.04115883,-0.04120312,-0.04127397,-0.04134371,-0.04140183,-0.0414744,-0.04155661,-0.04164652,-0.04174108,-0.04184986,-0.041969,-0.04208894,-0.04219874,-0.04229722,-0.04238282,-0.04245623,-0.04251226,-0.04255646,-0.04259251,-0.04262471,-0.04264214,-0.04265262,-0.04266721,-0.04268343,-0.04270737,-0.04272631,-0.04273862,-0.0427446,-0.04275458,-0.04277324,-0.04279371,-0.04281335,-0.04283362,-0.04285834,-0.04288625,-0.04291701,-0.04294921,-0.04298315
-0.04597406,-0.04601298,-0.0460563,-0.04610036,-0.04614336,-0.04618971,-0.04623738,-0.04628233,-0.04633101,-0.046379,-0.04642503,-0.04647349,-0.04652037,-0.04656519,-0.04661188,-0.04665528,-0.04669768,-0.04673972,-0.04677895,-0.04681587,-0.04685185,-0.04688456,-0.04691451,-0.04694154,-0.04696593,-0.04698655,-0.0470037,-0.04701661,-0.04702564,-0.04702994,-0.0470298,-0.04702448,-0.04701458,-0.04699939,-0.04697838,-0.04695091,-0.04691928,-0.04688127,-0.04683551,-0.04678616,-0.04673057,-0.04666596,-0.04660017,-0.04652625,-0.04644506,-0.04636408,-0.04627391,-0.04617946,-0.04608605,-0.04598419,-0.04588144,-0.04577954,-0.0456735,-0.04556808,-0.04546361,-0.04536115,-0.04526293,-0.04516292,-0.04506774,-0.04498676,-0.0449074,-0.04482294,-0.04475271,-0.04470706,-0.0446676,-0.04461395,-0.04456535,-0.04454922,-0.0445559,-0.04457778,-0.04458025,-0.04458699,-0.04458768,-0.04460799,-0.04465643,-0.04470791,-0.04476904,-0.04484338,-0.04493263,-0.0450221,-0.04510606,-0.04518285,-0.04525305,-0.04531128,-0.04535663,-0.04539033,-0.04542183,-0.04545135,-0.04547933,-0.04550388,-0.04553598,-0.04556914,-0.04559251,-0.04560957,-0.04561594,-0.04562498,-0.0456403,-0.04566318,-0.04568512,-0.04570185,-0.04572045,-0.04574424,-0.04577231,-0.04580077,-0.04583072,-0.04586258,-0.04589757,-0.04593525
-0.04874159,-0.048782,-0.04882127,-0.04886255,-0.04890737,-0.04895107,-0.04899492,-0.04904278,-0.04908776,-0.04913374,-0.04918165,-0.04922681,-0.0492725,-0.04931905,-0.04936198,-0.04940602,-0.04944861,-0.04948858,-0.04952785,-0.04956564,-0.04960001,-0.04963292,-0.04966335,-0.04969108,-0.0497153,-0.04973672,-0.04975446,-0.04976888,-0.04977909,-0.04978557,-0.04978751,-0.04978528,-0.04977779,-0.04976541,-0.04974831,-0.04972693,-0.04969859,-0.04966538,-0.04962861,-0.04958419,-0.04953457,-0.04948295,-0.04942171,-0.04935805,-0.04929186,-0.0492162,-0.04914103,-0.04906276,-0.04897675,-0.04889376,-0.04880756,-0.04871765,-0.04863048,-0.04854299,-0.04845633,-0.04837125,-0.0482871,-0.04821165,-0.04814001,-0.04806442,-0.04799872,-0.0479514,-0.04790455,-0.04784898,-0.04780376,-0.04779021,-0.04778939,-0.04777407,-0.04775314,-0.04773404,-0.04775024,-0.04777717,-0.04782388,-0.04786337,-0.04788665,-0.04791847,-0.04795321,-0.04798808,-0.04802012,-0.0480602,-0.04810812,-0.0481588,-0.04820535,-0.04824886,-0.04828868,-0.0483248,-0.04835059,-0.04836904,-0.04838248,-0.04839469,-0.04839614,-0.04839303,-0.04839697,-0.04840549,-0.04842396,-0.04844037,-0.04845142,-0.04845728,-0.04846708,-0.0484863,-0.04850819,-0.04852964,-0.04855141,-0.04857732,-0.04860623,-0.04863777,-0.04867049,-0.04870474
-0.05134346,-0.0513751,-0.05141131,-0.05144876,-0.05148544,-0.05152551,-0.05156749,-0.05160696,-0.05165024,-0.05169334,-0.05173469,-0.0517786,-0.05182149,-0.05186236,-0.0519054,-0.05194561,-0.05198497,-0.05202428,-0.05206117,-0.05209595,-0.05213017,-0.05216148,-0.05219042,-0.05221682,-0.05224108,-0.05226205,-0.05228012,-0.05229447,-0.05230556,-0.05231259,-0.05231592,-0.05231486,-0.05231008,-0.05230095,-0.05228701,-0.05226759,-0.05224511,-0.05221755,-0.05218346,-0.05214699,-0.05210589,-0.05205706,-0.05200843,-0.05195346,-0.05189253,-0.05183333,-0.05176682,-0.05169721,-0.05163036,-0.05155667,-0.05148319,-0.05141202,-0.05133801,-0.05126555,-0.05119499,-0.05112712,-0.05106416,-0.05099982,-0.05094009,-0.0508941,-0.05084949,-0.05079878,-0.05076069,-0.05074552,-0.0507351,-0.05070833,-0.05068357,-0.05068706,-0.05070953,-0.05074327,-0.05075365,-0.05076348,-0.05076247,-0.05077615,-0.05081265,-0.05084747,-0.05088597,-0.05093061,-0.05098319,-0.05103048,-0.05106867,-0.05109848,-0.05112286,-0.0511384,-0.05114499,-0.05114341,-0.05114197,-0.05114043,-0.05113904,-0.05113582,-0.05114093,-0.05114987,-0.05115157,-0.05114876,-0.05113744,-0.05112946,-0.05112914,-0.05113762,-0.05114729,-0.05115276,-0.05116054,-0.05117392,-0.05119232,-0.05121163,-0.05123269,-0.05125582,-0.05128241,-0.05131207
-0.0537691,-0.05379514,-0.05382065,-0.05384845,-0.0538803,-0.05391176,-0.05394364,-0.05398002,-0.05401425,-0.05404967,-0.05408764,-0.05412344,-0.05416004,-0.05419812,-0.0542331,-0.05426949,-0.05430507,-0.05433846,-0.05437156,-0.05440376,-0.05443304,-0.05446127,-0.05448763,-0.05451184,-0.05453313,-0.05455219,-0.05456826,-0.05458167,-0.05459161,-0.05459854,-0.05460178,-0.0546017,-0.05459731,-0.05458895,-0.05457688,-0.05456163,-0.05454064,-0.05451582,-0.05448874,-0.05445543,-0.05441807,-0.05438017,-0.05433422,-0.05428696,-0.05423887,-0.05418279,-0.05412837,-0.0540726,-0.05401042,-0.05395235,-0.05389268,-0.05383033,-0.05377174,-0.05371395,-0.05365773,-0.0536038,-0.05355135,-0.05350777,-0.05346836,-0.05342491,-0.05339061,-0.05337408,-0.05335777,-0.05333179,-0.05331442,-0.05332688,-0.05335066,-0.05335859,-0.05335855,-0.05335752,-0.05338863,-0.05342792,-0.05348432,-0.05353107,-0.05355882,-0.05359098,-0.05362155,-0.05364731,-0.05366527,-0.05368631,-0.0537116,-0.05373767,-0.05375928,-0.0537783,-0.05379458,-0.05380806,-0.05381197,-0.05380821,-0.05379892,-0.05378771,-0.05376619,-0.05373953,-0.05371989,-0.05370551,-0.05370153,-0.05369719,-0.05368811,-0.05367441,-0.05366433,-0.05366411,-0.05366755,-0.05367124,-0.05367543,-0.05368407,-0.05369618,-0.0537114,-0.05372828,-0.05374717
-0.05599899,-0.05601198,-0.05602977,-0.05604939,-0.05606865,-0.05609149,-0.05611693,-0.05614035,-0.05616789,-0.05619597,-0.05622278,-0.0562525,-0.05628197,-0.05630988,-0.05634046,-0.05636891,-0.05639692,-0.05642546,-0.05645229,-0.05647749,-0.05650274,-0.05652577,-0.05654702,-0.05656636,-0.05658422,-0.05659952,-0.05661264,-0.05662283,-0.05663057,-0.05663507,-0.05663675,-0.05663493,-0.05663036,-0.05662248,-0.05661087,-0.05659484,-0.05657687,-0.05655513,-0.05652805,-0.05649971,-0.05646828,-0.05643038,-0.05639389,-0.05635271,-0.05630673,-0.05626379,-0.05621521,-0.05616451,-0.0561179,-0.05606587,-0.05601494,-0.05596748,-0.05591826,-0.05587129,-0.05582707,-0.05578606,-0.05575042,-0.05571383,-0.05568178,-0.05566335,-0.05564653,-0.05562324,-0.05561145,-0.05562171,-0.05563627,-0.05563363,-0.05563134,-0.05565552,-0.05569775,-0.05575013,-0.05577833,-0.05580426,-0.05581767,-0.0558436,-0.05589026,-0.05593358,-0.05597812,-0.05602575,-0.05607815,-0.05612275,-0.05615608,-0.05617937,-0.05619624,-0.05620397,-0.05620255,-0.05619253,-0.05618171,-0.05616994,-0.05615713,-0.05614138,-0.05613205,-0.05612604,-0.05611224,-0.05609312,-0.05606475,-0.05603843,-0.05601957,-0.05600898,-0.0559997,-0.05598581,-0.05597365,-0.05596673,-0.05596496,-0.05596436,-0.05596568,-0.05596914,-0.05597623,-0.05598653
-0.05798441,-0.05799121,-0.05799767,-0.05800635,-0.05801917,-0.05803202,-0.05804533,-0.0580634,-0.05807989,-0.05809771,-0.05811849,-0.05813767,-0.05815788,-0.05818016,-0.0581999,-0.05822139,-0.05824269,-0.05826234,-0.05828219,-0.0583018,-0.05831911,-0.05833594,-0.05835156,-0.05836572,-0.05837763,-0.058388,-0.05839614,-0.05840242,-0.05840609,-0.05840758,-0.05840628,-0.05840258,-0.05839556,-0.05838557,-0.05837291,-0.05835817,-0.05833891,-0.05831688,-0.05829382,-0.05826587,-0.05823497,-0.05820484,-0.05816815,-0.05813112,-0.05809474,-0.05805172,-0.0580113,-0.057971,-0.05792541,-0.05788477,-0.05784385,-0.0578011,-0.05776285,-0.05772626,-0.05769186,-0.05766028,-0.05763049,-0.05760961,-0.05759327,-0.05757303,-0.05756137,-0.05756707,-0.05757306,-0.0575688,-0.05757172,-0.05760308,-0.05764537,-0.05767171,-0.05768922,-0.0577043,-0.05775001,-0.05780352,-0.05787345,-0.05793366,-0.05797418,-0.05801742,-0.05805762,-0.05809157,-0.05811612,-0.05814189,-0.05817071,-0.05819977,-0.0582243,-0.05824612,-0.05826511,-0.05828109,-0.05828732,-0.05828489,-0.05827544,-0.05826228,-0.05823782,-0.05820603,-0.05817927,-0.05815655,-0.05814268,-0.0581281,-0.05810792,-0.05808198,-0.05805765,-0.05804186,-0.05802915,-0.05801615,-0.05800287,-0.05799342,-0.05798716,-0.05798381,-0.05798189,-0.05798177
-0.05968444,-0.05968084,-0.05968156,-0.05968405,-0.05968603,-0.05969125,-0.0596992,-0.05970519,-0.05971515,-0.05972597,-0.05973565,-0.0597483,-0.05976113,-0.05977261,-0.05978703,-0.05979982,-0.05981242,-0.05982598,-0.05983835,-0.05984952,-0.05986124,-0.05987134,-0.05988019,-0.05988771,-0.05989438,-0.05989917,-0.05990247,-0.0599036,-0.05990304,-0.05990005,-0.05989507,-0.05988749,-0.05987807,-0.05986632,-0.05985188,-0.05983401,-0.05981524,-0.0597939,-0.05976835,-0.05974254,-0.05971498,-0.05968215,-0.05965169,-0.05961803,-0.05958058,-0.0595472,-0.05950962,-0.05947073,-0.05943694,-0.05939893,-0.05936264,-0.05933072,-0.05929786,-0.05926775,-0.05924094,-0.05921772,-0.05920011,-0.05918189,-0.059168,-0.05916753,-0.05916888,-0.05916354,-0.05916869,-0.05919512,-0.05922571,-0.05923876,-0.05925081,-0.05928796,-0.05934272,-0.05940756,-0.05944837,-0.05948599,-0.05951056,-0.05954646,-0.0596025,-0.05965529,-0.05970888,-0.05976495,-0.05982523,-0.05987766,-0.05991871,-0.0599496,-0.05997407,-0.05998969,-0.05999639,-0.0599944,-0.05999107,-0.05998634,-0.05997991,-0.0599697,-0.05996418,-0.05996111,-0.05994932,-0.05993066,-0.05990136,-0.05987186,-0.05984834,-0.05983165,-0.05981544,-0.05979332,-0.05977127,-0.05975301,-0.05973896,-0.05972535,-0.05971288,-0.05970178,-0.05969365,-0.05968815
-0.06104876,-0.06104304,-0.06103659,-0.06103171,-0.06103051,-0.06102917,-0.06102787,-0.06103104,-0.06103268,-0.06103535,-0.06104092,-0.06104505,-0.06105006,-0.06105731,-0.06106224,-0.06106893,-0.06107573,-0.06108115,-0.06108697,-0.06109295,-0.06109702,-0.06110094,-0.06110413,-0.06110635,-0.06110683,-0.06110629,-0.06110413,-0.06110074,-0.06109541,-0.06108862,-0.06107979,-0.06106934,-0.06105642,-0.06104138,-0.06102453,-0.06100658,-0.06098513,-0.06096182,-0.0609385,-0.06091145,-0.06088236,-0.06085511,-0.06082254,-0.06079043,-0.06076012,-0.06072432,-0.06069179,-0.06066054,-0.0606249,-0.06059477,-0.06056536,-0.06053473,-0.06050906,-0.06048566,-0.06046479,-0.06044703,-0.06043122,-0.06042421,-0.0604219,-0.0604157,-0.06041741,-0.06043599,-0.06045493,-0.06046323,-0.06047746,-0.06051891,-0.06057117,-0.06060759,-0.06063446,-0.06065786,-0.06071066,-0.06077139,-0.06084831,-0.06091615,-0.06096428,-0.06101439,-0.06106117,-0.06110161,-0.06113257,-0.06116446,-0.06119955,-0.06123551,-0.06126776,-0.06129801,-0.06132607,-0.0613517,-0.06136816,-0.06137591,-0.06137615,-0.06137191,-0.06135601,-0.06133143,-0.06131031,-0.0612922,-0.06128164,-0.06126991,-0.06125147,-0.06122601,-0.06120015,-0.0611812,-0.06116432,-0.06114615,-0.06112641,-0.06110926,-0.06109433,-0.06108147,-0.06106924,-0.06105802
-0.06205191,-0.06204008,-0.06203176,-0.06202476,-0.06201677,-0.06201135,-0.06200835,-0.06200312,-0.06200133,-0.06200032,-0.06199795,-0.06199825,-0.06199877,-0.06199785,-0.06199974,-0.06200019,-0.0620004,-0.06200167,-0.06200197,-0.06200123,-0.06200121,-0.06199993,-0.06199768,-0.06199443,-0.0619907,-0.06198555,-0.06197936,-0.06197154,-0.06196254,-0.06195174,-0.06193954,-0.06192542,-0.06191014,-0.06189331,-0.06187457,-0.06185322,-0.06183171,-0.06180862,-0.06178218,-0.06175627,-0.06172964,-0.06169868,-0.06167078,-0.06164086,-0.0616079,-0.06157975,-0.06154848,-0.06151648,-0.06149023,-0.0614607,-0.06143323,-0.06141068,-0.06138775,-0.06136781,-0.06135143,-0.06133877,-0.06133176,-0.06132429,-0.06132077,-0.06133028,-0.06134165,-0.06134608,-0.06135991,-0.06139427,-0.06143267,-0.06145342,-0.06147191,-0.0615142,-0.06157368,-0.06164329,-0.06168922,-0.0617312,-0.06175978,-0.06179867,-0.0618574,-0.06191344,-0.06197046,-0.06203008,-0.06209416,-0.06215115,-0.06219738,-0.06223399,-0.06226469,-0.0622873,-0.06230169,-0.06230798,-0.06231306,-0.06231712,-0.0623197,-0.06231866,-0.0623216,-0.06232694,-0.06232346,-0.06231233,-0.06228982,-0.06226548,-0.06224594,-0.06223214,-0.06221825,-0.06219754,-0.06217546,-0.06215584,-0.0621394,-0.06212258,-0.06210592,-0.06208969,-0.0620755,-0.06206315
-0.062667,-0.06265619,-0.06264415,-0.06263303,-0.06262497,-0.0626165,-0.0626075,-0.06260251,-0.06259581,-0.06258972,-0.06258623,-0.06258124,-0.06257679,-0.06257449,-0.06256984,-0.06256678,-0.06256386,-0.06255963,-0.06255575,-0.06255218,-0.06254686,-0.06254152,-0.06253565,-0.06252909,-0.06252106,-0.06251235,-0.06250235,-0.06249154,-0.06247923,-0.06246594,-0.06245111,-0.06243523,-0.06241746,-0.0623982,-0.06237774,-0.06235688,-0.06233329,-0.0623085,-0.0622844,-0.06225748,-0.06222913,-0.0622034,-0.06217327,-0.06214413,-0.06211757,-0.06208639,-0.06205884,-0.0620334,-0.06200418,-0.06198071,-0.06195862,-0.06193568,-0.06191783,-0.06190258,-0.06188994,-0.06188046,-0.06187288,-0.06187377,-0.0618793,-0.06188083,-0.06188947,-0.06191432,-0.06193952,-0.0619537,-0.0619726,-0.06201751,-0.06207311,-0.06211301,-0.06214271,-0.06216792,-0.06222128,-0.06228273,-0.06236015,-0.06242922,-0.06247869,-0.06252959,-0.06257709,-0.06261847,-0.06265059,-0.06268372,-0.06272046,-0.06275892,-0.06279467,-0.06282932,-0.06286264,-0.06289444,-0.06291801,-0.06293339,-0.06294146,-0.06294499,-0.06293721,-0.06292026,-0.06290597,-0.06289437,-0.0628897,-0.06288397,-0.0628711,-0.06285054,-0.06282823,-0.06281173,-0.06279664,-0.06277968,-0.0627602,-0.06274236,-0.06272589,-0.06271081,-0.06269559,-0.06268071
-0.06289271,-0.06287789,-0.06286591,-0.0628549,-0.06284248,-0.06283208,-0.06282376,-0.06281299,-0.06280511,-0.0627979,-0.06278907,-0.06278259,-0.06277625,-0.06276833,-0.06276298,-0.06275629,-0.06274919,-0.06274315,-0.06273621,-0.06272828,-0.06272109,-0.06271285,-0.06270374,-0.06269386,-0.06268366,-0.06267236,-0.06266028,-0.06264693,-0.06263272,-0.06261715,-0.06260056,-0.06258256,-0.06256382,-0.06254411,-0.06252302,-0.06249993,-0.06247716,-0.06245354,-0.06242718,-0.06240188,-0.06237656,-0.06234761,-0.06232212,-0.06229546,-0.06226624,-0.06224226,-0.0622159,-0.06218917,-0.06216848,-0.06214516,-0.06212396,-0.06210795,-0.06209181,-0.06207869,-0.0620691,-0.06206317,-0.06206267,-0.06206169,-0.06206413,-0.06207904,-0.06209566,-0.06210504,-0.06212269,-0.06216003,-0.06220123,-0.06222471,-0.06224472,-0.06228724,-0.06234642,-0.06241576,-0.06246178,-0.06250309,-0.06253066,-0.0625675,-0.06262385,-0.06267809,-0.06273354,-0.06279182,-0.06285489,-0.06291173,-0.06295847,-0.06299615,-0.0630284,-0.0630533,-0.06307065,-0.06308056,-0.06308958,-0.06309817,-0.06310582,-0.0631104,-0.06311884,-0.06313007,-0.0631329,-0.06312793,-0.06311141,-0.06309212,-0.06307691,-0.06306692,-0.06305671,-0.06303938,-0.06301979,-0.06300181,-0.06298637,-0.06297009,-0.06295332,-0.06293635,-0.06292076,-0.06290643
-0.06272155,-0.06270868,-0.06269427,-0.06268033,-0.06266899,-0.06265711,-0.06264427,-0.0626351,-0.06262413,-0.06261346,-0.06260512,-0.06259527,-0.06258568,-0.06257816,-0.06256828,-0.06255983,-0.06255151,-0.06254195,-0.06253266,-0.06252381,-0.0625133,-0.06250286,-0.062492,-0.06248068,-0.06246807,-0.06245501,-0.06244089,-0.06242628,-0.06241047,-0.06239404,-0.06237642,-0.06235818,-0.06233846,-0.06231772,-0.06229619,-0.06227478,-0.06225117,-0.06222686,-0.0622037,-0.06217838,-0.06215205,-0.06212882,-0.06210186,-0.06207621,-0.06205362,-0.06202703,-0.06200418,-0.06198395,-0.0619603,-0.06194245,-0.06192629,-0.06190946,-0.06189759,-0.06188844,-0.06188175,-0.0618781,-0.06187608,-0.06188209,-0.06189246,-0.06189864,-0.06191105,-0.06193894,-0.06196701,-0.06198372,-0.06200395,-0.06204899,-0.0621045,-0.06214447,-0.06217358,-0.06219725,-0.06224775,-0.06230641,-0.06238076,-0.06244747,-0.06249468,-0.06254282,-0.06258743,-0.06262614,-0.06265578,-0.06268648,-0.0627211,-0.06275818,-0.06279338,-0.06282828,-0.06286257,-0.06289618,-0.06292247,-0.06294119,-0.06295293,-0.06296033,-0.06295691,-0.06294429,-0.06293383,-0.06292609,-0.06292502,-0.06292332,-0.06291445,-0.06289769,-0.06287833,-0.06286413,-0.06285104,-0.06283586,-0.06281765,-0.06280048,-0.06278416,-0.06276883,-0.06275292,-0.06273693
-0.06216611,-0.0621498,-0.06213581,-0.06212263,-0.06210778,-0.06209459,-0.06208324,-0.06206939,-0.062058,-0.06204728,-0.06203477,-0.06202441,-0.06201415,-0.0620023,-0.06199281,-0.06198211,-0.06197091,-0.06196082,-0.06194988,-0.06193805,-0.06192698,-0.06191509,-0.06190242,-0.06188918,-0.06187576,-0.06186154,-0.06184672,-0.06183096,-0.06181458,-0.06179722,-0.06177912,-0.06176002,-0.06174049,-0.06172047,-0.06169944,-0.0616769,-0.061655,-0.06163282,-0.06160831,-0.06158527,-0.06156266,-0.06153697,-0.06151491,-0.06149232,-0.06146744,-0.06144805,-0.06142673,-0.06140525,-0.06138984,-0.06137225,-0.06135666,-0.06134632,-0.06133589,-0.06132837,-0.06132415,-0.06132339,-0.06132769,-0.06133137,-0.06133785,-0.06135617,-0.06137594,-0.06138818,-0.06140754,-0.06144574,-0.06148754,-0.0615116,-0.06153105,-0.06157175,-0.06162851,-0.06169542,-0.06173935,-0.06177787,-0.06180228,-0.06183498,-0.06188673,-0.06193689,-0.06198842,-0.06204302,-0.06210266,-0.06215681,-0.06220142,-0.06223745,-0.06226835,-0.06229249,-0.06230958,-0.06231977,-0.06232933,-0.06233901,-0.06234825,-0.06235506,-0.06236573,-0.06237969,-0.06238582,-0.06238429,-0.06237123,-0.06235483,-0.06234203,-0.06233419,-0.06232621,-0.06231115,-0.06229326,-0.06227648,-0.06226182,-0.06224614,-0.06222958,-0.06221249,-0.0621963,-0.06218108
-0.06122816,-0.06121395,-0.061198,-0.06118226,-0.06116876,-0.0611547,-0.06113939,-0.06112754,-0.06111383,-0.06110027,-0.06108883,-0.06107598,-0.06106316,-0.06105244,-0.06103935,-0.06102766,-0.06101611,-0.06100345,-0.06099102,-0.06097919,-0.0609658,-0.06095264,-0.06093916,-0.06092547,-0.06091064,-0.06089563,-0.06087973,-0.06086366,-0.06084662,-0.06082932,-0.0608111,-0.06079265,-0.06077303,-0.0607528,-0.06073207,-0.06071192,-0.06068996,-0.06066769,-0.06064688,-0.06062446,-0.06060126,-0.06058154,-0.06055855,-0.06053708,-0.06051893,-0.06049725,-0.06047926,-0.06046424,-0.06044596,-0.0604334,-0.06042266,-0.0604113,-0.06040464,-0.06040065,-0.06039887,-0.06039992,-0.06040221,-0.06041203,-0.06042586,-0.06043526,-0.06045004,-0.06047958,-0.06050906,-0.0605269,-0.06054713,-0.06059102,-0.06064513,-0.06068384,-0.06071109,-0.06073207,-0.06077857,-0.06083327,-0.06090334,-0.06096644,-0.06101014,-0.06105432,-0.06109482,-0.06112957,-0.06115536,-0.06118223,-0.06121318,-0.0612472,-0.06127999,-0.06131314,-0.06134622,-0.06137934,-0.06140591,-0.06142553,-0.06143845,-0.0614473,-0.06144579,-0.06143517,-0.06142635,-0.06142038,-0.06142093,-0.06142135,-0.06141473,-0.06140027,-0.06138263,-0.06136971,-0.06135771,-0.06134361,-0.06132615,-0.06130939,-0.06129312,-0.06127764,-0.06126129,-0.06124463
-0.05992709,-0.05990983,-0.05989448,-0.05987987,-0.05986338,-0.05984833,-0.05983491,-0.05981901,-0.05980523,-0.05979216,-0.0597772,-0.05976428,-0.0597514,-0.059737,-0.05972479,-0.05971156,-0.05969775,-0.05968516,-0.05967176,-0.05965766,-0.05964431,-0.0596304,-0.05961579,-0.05960087,-0.05958587,-0.05957037,-0.05955442,-0.05953787,-0.05952087,-0.05950328,-0.05948515,-0.05946642,-0.05944749,-0.05942848,-0.05940875,-0.05938794,-0.05936799,-0.05934823,-0.05932645,-0.05930643,-0.05928715,-0.05926524,-0.05924701,-0.05922874,-0.05920833,-0.05919353,-0.05917711,-0.05916062,-0.05915009,-0.05913769,-0.05912706,-0.05912166,-0.05911607,-0.0591132,-0.05911333,-0.05911669,-0.05912463,-0.05913175,-0.05914105,-0.05916161,-0.05918333,-0.05919728,-0.0592173,-0.05925534,-0.0592967,-0.05932034,-0.05933835,-0.05937646,-0.05943003,-0.05949377,-0.05953484,-0.05956994,-0.0595906,-0.05961865,-0.05966529,-0.0597108,-0.05975781,-0.05980812,-0.05986361,-0.05991428,-0.05995589,-0.05998937,-0.06001792,-0.06004018,-0.06005571,-0.06006481,-0.06007346,-0.06008277,-0.06009204,-0.06009948,-0.06011081,-0.06012595,-0.06013382,-0.06013428,-0.06012334,-0.06010866,-0.0600972,-0.06009061,-0.06008401,-0.0600705,-0.06005376,-0.06003777,-0.06002362,-0.06000841,-0.05999207,-0.05997504,-0.05995857,-0.05994286
-0.05827048,-0.05825558,-0.0582388,-0.05822205,-0.05820722,-0.05819186,-0.058175,-0.05816144,-0.05814599,-0.05813059,-0.05811713,-0.05810236,-0.05808744,-0.05807466,-0.05805952,-0.05804576,-0.05803217,-0.05801761,-0.05800326,-0.05798967,-0.05797459,-0.05795994,-0.05794505,-0.05793019,-0.05791432,-0.0578985,-0.05788196,-0.05786552,-0.05784832,-0.05783118,-0.05781335,-0.05779562,-0.05777695,-0.05775802,-0.05773883,-0.05772059,-0.05770084,-0.05768109,-0.057663,-0.05764375,-0.05762385,-0.05760768,-0.05758857,-0.05757115,-0.05755715,-0.05754,-0.05752639,-0.05751594,-0.05750229,-0.05749425,-0.057488,-0.05748113,-0.05747862,-0.05747868,-0.05748064,-0.05748522,-0.05749055,-0.0575029,-0.05751887,-0.05753026,-0.05754625,-0.05757635,-0.05760612,-0.057624,-0.0576433,-0.05768525,-0.05773714,-0.05777384,-0.05779858,-0.05781639,-0.05785846,-0.05790882,-0.05797425,-0.05803336,-0.05807324,-0.0581132,-0.05814939,-0.05817998,-0.05820161,-0.05822432,-0.05825128,-0.05828188,-0.05831177,-0.05834256,-0.05837366,-0.05840545,-0.05843141,-0.0584511,-0.05846426,-0.0584736,-0.05847307,-0.05846355,-0.05845557,-0.05845061,-0.05845213,-0.05845392,-0.05844891,-0.05843624,-0.05842004,-0.05840825,-0.0583972,-0.05838414,-0.05836757,-0.05835147,-0.05833559,-0.05832044,-0.05830419,-0.05828747
-0.05628321,-0.05626575,-0.05624994,-0.05623474,-0.05621757,-0.05620163,-0.05618718,-0.05617024,-0.05615516,-0.05614082,-0.05612451,-0.05611014,-0.05609582,-0.05607996,-0.05606618,-0.05605148,-0.05603623,-0.05602223,-0.05600752,-0.05599218,-0.05597764,-0.05596273,-0.05594724,-0.05593158,-0.05591599,-0.05590012,-0.05588396,-0.05586741,-0.05585063,-0.0558335,-0.05581607,-0.05579832,-0.05578057,-0.05576302,-0.05574503,-0.05572626,-0.05570852,-0.05569125,-0.05567224,-0.05565519,-0.0556391,-0.05562063,-0.05560588,-0.0555914,-0.05557491,-0.055564,-0.05555167,-0.05553927,-0.05553269,-0.05552442,-0.05551768,-0.05551602,-0.05551405,-0.05551452,-0.05551768,-0.05552381,-0.05553403,-0.05554318,-0.05555395,-0.05557535,-0.05559763,-0.05561192,-0.05563134,-0.05566801,-0.05570786,-0.05573019,-0.05574616,-0.0557811,-0.05583085,-0.05589081,-0.05592857,-0.05595982,-0.05597649,-0.05599969,-0.05604113,-0.05608181,-0.05612418,-0.05617005,-0.05622131,-0.05626835,-0.05630679,-0.05633746,-0.05636343,-0.05638346,-0.05639712,-0.05640475,-0.05641209,-0.05642049,-0.05642925,-0.05643668,-0.05644821,-0.05646394,-0.05647305,-0.05647498,-0.05646588,-0.05645267,-0.05644226,-0.05643667,-0.05643148,-0.05641976,-0.05640454,-0.05638979,-0.05637676,-0.05636256,-0.056347,-0.05633058,-0.05631451,-0.05629902
-0.053978,-0.05396328,-0.05394667,-0.05392983,-0.05391479,-0.05389914,-0.05388191,-0.05386774,-0.05385172,-0.0538356,-0.05382136,-0.05380582,-0.05379007,-0.05377635,-0.05376037,-0.05374565,-0.05373123,-0.05371587,-0.05370075,-0.05368644,-0.05367079,-0.05365558,-0.0536403,-0.05362515,-0.05360918,-0.05359339,-0.05357707,-0.05356098,-0.05354434,-0.05352794,-0.0535111,-0.05349455,-0.05347732,-0.05345999,-0.05344266,-0.05342644,-0.05340901,-0.05339168,-0.05337622,-0.05335984,-0.05334299,-0.05332989,-0.05331416,-0.05330008,-0.05328955,-0.05327599,-0.05326588,-0.05325894,-0.05324891,-0.0532442,-0.05324128,-0.05323756,-0.05323794,-0.05324063,-0.05324495,-0.05325152,-0.05325857,-0.05327203,-0.05328879,-0.0533006,-0.05331635,-0.05334547,-0.05337413,-0.05339067,-0.05340802,-0.05344715,-0.05349621,-0.05353013,-0.05355167,-0.05356567,-0.05360305,-0.05364859,-0.05370913,-0.05376383,-0.05379963,-0.05383517,-0.0538669,-0.05389313,-0.05391069,-0.05392927,-0.05395224,-0.05397915,-0.05400592,-0.05403407,-0.05406313,-0.05409337,-0.05411839,-0.05413747,-0.05415051,-0.05415992,-0.05415995,-0.05415117,-0.05414386,-0.05413962,-0.05414205,-0.05414514,-0.05414158,-0.05413049,-0.05411593,-0.05410569,-0.0540963,-0.05408488,-0.05406996,-0.05405518,-0.05404039,-0.0540261,-0.05401064,-0.05399453
-0.05138461,-0.05136792,-0.05135272,-0.05133797,-0.05132126,-0.05130552,-0.05129124,-0.0512744,-0.05125929,-0.05124482,-0.05122843,-0.05121379,-0.05119927,-0.05118314,-0.05116906,-0.05115407,-0.05113859,-0.05112429,-0.05110943,-0.05109394,-0.05107933,-0.0510644,-0.05104904,-0.05103356,-0.05101831,-0.05100287,-0.05098734,-0.05097152,-0.05095565,-0.05093957,-0.0509234,-0.05090703,-0.05089091,-0.0508751,-0.05085909,-0.05084242,-0.05082696,-0.05081209,-0.05079572,-0.05078132,-0.05076809,-0.05075259,-0.05074082,-0.05072941,-0.05071611,-0.0507082,-0.05069905,-0.05068969,-0.05068603,-0.05068066,-0.05067663,-0.05067738,-0.05067774,-0.05068017,-0.05068504,-0.05069245,-0.05070363,-0.05071341,-0.05072435,-0.05074522,-0.05076674,-0.05077994,-0.0507976,-0.05083176,-0.05086906,-0.05088891,-0.05090189,-0.05093287,-0.0509783,-0.05103381,-0.05106765,-0.05109455,-0.05110682,-0.05112489,-0.05116092,-0.05119649,-0.05123403,-0.05127521,-0.05132213,-0.05136531,-0.05140041,-0.05142798,-0.05145114,-0.05146867,-0.05148027,-0.05148613,-0.05149195,-0.05149905,-0.05150701,-0.05151407,-0.05152549,-0.05154148,-0.05155154,-0.05155467,-0.05154715,-0.05153534,-0.05152622,-0.05152182,-0.05151819,-0.05150832,-0.05149502,-0.05148199,-0.05147064,-0.05145803,-0.051444,-0.05142888,-0.05141399,-0.05139947
-0.04852016,-0.04850658,-0.04849115,-0.04847527,-0.04846111,-0.04844625,-0.04842979,-0.04841616,-0.04840076,-0.04838509,-0.04837128,-0.04835611,-0.04834074,-0.04832726,-0.04831166,-0.04829717,-0.04828309,-0.04826803,-0.04825329,-0.04823931,-0.04822417,-0.04820942,-0.04819475,-0.04818023,-0.04816508,-0.04815011,-0.04813482,-0.04811979,-0.04810442,-0.04808934,-0.04807404,-0.04805909,-0.04804369,-0.04802825,-0.04801301,-0.04799892,-0.04798386,-0.04796891,-0.04795597,-0.0479422,-0.04792808,-0.04791763,-0.04790479,-0.04789344,-0.0478857,-0.04787493,-0.0478675,-0.04786311,-0.04785569,-0.04785321,-0.04785248,-0.04785071,-0.04785276,-0.04785681,-0.04786225,-0.04786953,-0.04787701,-0.04789033,-0.04790667,-0.0479177,-0.04793213,-0.04795922,-0.04798576,-0.04799996,-0.04801442,-0.04804977,-0.04809499,-0.0481252,-0.04814289,-0.04815248,-0.04818468,-0.04822498,-0.04828022,-0.04833005,-0.04836138,-0.04839216,-0.04841921,-0.04844083,-0.04845404,-0.04846823,-0.04848702,-0.04851004,-0.04853347,-0.04855866,-0.04858532,-0.04861357,-0.04863726,-0.04865541,-0.04866796,-0.04867706,-0.04867733,-0.04866894,-0.04866207,-0.04865838,-0.04866154,-0.04866572,-0.04866374,-0.0486544,-0.04864161,-0.04863294,-0.04862531,-0.04861575,-0.04860277,-0.04858974,-0.04857668,-0.04856395,-0.04855005,-0.04853535
-0.04541761,-0.0454025,-0.04538879,-0.04537541,-0.04536011,-0.04534556,-0.04533248,-0.04531677,-0.04530271,-0.04528918,-0.04527381,-0.04525999,-0.04524637,-0.04523107,-0.04521781,-0.04520361,-0.045189,-0.04517547,-0.0451615,-0.04514685,-0.04513318,-0.04511919,-0.0451049,-0.04509047,-0.04507643,-0.0450622,-0.04504805,-0.04503364,-0.04501935,-0.04500487,-0.04499049,-0.04497594,-0.04496181,-0.04494802,-0.04493422,-0.04491979,-0.04490668,-0.04489418,-0.04488037,-0.04486842,-0.04485779,-0.04484488,-0.04483568,-0.04482681,-0.04481609,-0.04481052,-0.04480381,-0.04479665,-0.04479505,-0.04479159,-0.04478929,-0.04479141,-0.04479303,-0.04479631,-0.04480178,-0.04480936,-0.04482041,-0.0448297,-0.04483975,-0.0448591,-0.04487891,-0.04489008,-0.04490516,-0.04493604,-0.04496998,-0.04498648,-0.04499568,-0.04502204,-0.0450626,-0.04511314,-0.04514251,-0.04516458,-0.04517206,-0.04518469,-0.04521511,-0.0452453,-0.04527777,-0.04531401,-0.04535632,-0.0453953,-0.04542674,-0.04545089,-0.04547096,-0.04548565,-0.04549484,-0.04549855,-0.0455025,-0.04550798,-0.0455148,-0.04552112,-0.04553213,-0.04554802,-0.04555868,-0.04556269,-0.04555648,-0.04554589,-0.04553807,-0.04553492,-0.0455329,-0.04552485,-0.04551353,-0.04550233,-0.04549287,-0.04548213,-0.04547005,-0.04545674,-0.04544366,-0.04543078
-0.04209586,-0.04208406,-0.0420705,-0.04205634,-0.04204387,-0.04203062,-0.04201579,-0.04200359,-0.04198974,-0.04197545,-0.04196301,-0.04194917,-0.04193515,-0.04192289,-0.04190863,-0.04189534,-0.04188256,-0.04186873,-0.04185531,-0.04184258,-0.04182883,-0.0418154,-0.04180219,-0.04178908,-0.04177551,-0.04176209,-0.0417485,-0.04173515,-0.04172165,-0.0417084,-0.04169512,-0.04168215,-0.04166894,-0.04165565,-0.0416427,-0.04163088,-0.04161825,-0.04160567,-0.04159519,-0.04158387,-0.04157226,-0.04156416,-0.04155383,-0.04154477,-0.04153931,-0.04153074,-0.04152537,-0.04152281,-0.04151723,-0.04151618,-0.0415168,-0.04151607,-0.04151891,-0.04152337,-0.04152901,-0.04153604,-0.04154305,-0.04155531,-0.04157035,-0.04157974,-0.04159207,-0.0416164,-0.04164011,-0.04165126,-0.04166219,-0.04169321,-0.04173401,-0.04175991,-0.04177324,-0.04177802,-0.04180476,-0.04183953,-0.04188921,-0.04193386,-0.0419604,-0.04198617,-0.04200834,-0.04202513,-0.0420338,-0.0420434,-0.04205785,-0.04207674,-0.0420966,-0.04211855,-0.04214248,-0.04216836,-0.04219035,-0.04220716,-0.04221882,-0.04222723,-0.04222735,-0.04221899,-0.0422123,-0.04220888,-0.04221257,-0.04221765,-0.04221708,-0.04220936,-0.04219828,-0.04219116,-0.04218533,-0.04217764,-0.04216671,-0.04215562,-0.04214459,-0.04213379,-0.04212191,-0.04210911
-0.03858815,-0.03857508,-0.03856344,-0.03855201,-0.03853877,-0.03852607,-0.03851491,-0.03850102,-0.03848879,-0.03847697,-0.03846341,-0.03845122,-0.03843933,-0.03842565,-0.03841406,-0.03840147,-0.03838854,-0.03837657,-0.03836431,-0.03835128,-0.03833933,-0.03832699,-0.0383145,-0.0383018,-0.03828963,-0.03827722,-0.03826505,-0.03825257,-0.03824037,-0.03822793,-0.03821575,-0.03820335,-0.03819151,-0.03817997,-0.03816856,-0.03815646,-0.03814578,-0.03813564,-0.0381243,-0.03811467,-0.03810645,-0.03809586,-0.03808891,-0.03808218,-0.03807361,-0.03806988,-0.03806505,-0.0380595,-0.03805932,-0.03805707,-0.0380558,-0.03805855,-0.03806067,-0.03806402,-0.03806933,-0.03807629,-0.03808647,-0.03809451,-0.03810299,-0.03812015,-0.03813761,-0.03814611,-0.03815807,-0.03818518,-0.03821529,-0.03822789,-0.03823287,-0.03825428,-0.03828971,-0.03833498,-0.03835956,-0.03837655,-0.03837901,-0.03838611,-0.03841085,-0.03843555,-0.03846284,-0.038494,-0.03853158,-0.03856617,-0.03859373,-0.03861421,-0.03863097,-0.03864256,-0.03864909,-0.03865034,-0.03865217,-0.03865574,-0.03866114,-0.03866637,-0.03867668,-0.03869215,-0.03870306,-0.0387076,-0.03870238,-0.03869277,-0.0386861,-0.03868411,-0.03868359,-0.03867723,-0.03866781,-0.03865844,-0.03865094,-0.03864217,-0.03863223,-0.03862098,-0.03861003,-0.03859917
-0.03491244,-0.03490279,-0.03489153,-0.03487954,-0.03486928,-0.03485814,-0.03484552,-0.03483532,-0.03482363,-0.03481133,-0.03480095,-0.03478906,-0.03477707,-0.03476669,-0.03475447,-0.03474306,-0.03473225,-0.03472032,-0.03470889,-0.03469805,-0.03468633,-0.03467483,-0.03466368,-0.03465255,-0.03464111,-0.03462973,-0.03461835,-0.03460712,-0.03459589,-0.03458484,-0.03457391,-0.03456321,-0.03455241,-0.03454144,-0.03453094,-0.03452144,-0.03451129,-0.03450105,-0.03449297,-0.03448393,-0.03447466,-0.03446868,-0.03446057,-0.03445346,-0.03444991,-0.03444308,-0.03443931,-0.03443807,-0.03443379,-0.03443359,-0.03443497,-0.03443464,-0.03443766,-0.0344419,-0.03444711,-0.03445326,-0.03445917,-0.0344698,-0.034483,-0.03449017,-0.03449992,-0.03452105,-0.03454151,-0.03454914,-0.03455621,-0.0345826,-0.03461874,-0.03464,-0.03464874,-0.03464849,-0.03466972,-0.03469888,-0.03474298,-0.03478232,-0.03480394,-0.03482461,-0.03484184,-0.03485373,-0.0348578,-0.03486276,-0.03487283,-0.03488752,-0.03490368,-0.03492222,-0.03494325,-0.03496654,-0.03498654,-0.03500168,-0.03501215,-0.03501956,-0.03501921,-0.03501056,-0.03500379,-0.03500041,-0.03500443,-0.03501017,-0.0350108,-0.03500447,-0.03499496,-0.03498928,-0.03498516,-0.03497929,-0.03497041,-0.0349613,-0.03495241,-0.03494369,-0.03493405,-0.0349234
-0.03109996,-0.03108921,-0.03107996,-0.03107082,-0.03106002,-0.03104959,-0.03104079,-0.03102919,-0.03101928,-0.03100966,-0.03099844,-0.03098839,-0.03097878,-0.03096727,-0.03095791,-0.03094746,-0.03093676,-0.0309269,-0.03091689,-0.03090599,-0.03089629,-0.03088611,-0.0308759,-0.03086539,-0.03085553,-0.03084536,-0.03083555,-0.03082536,-0.03081558,-0.03080547,-0.03079575,-0.03078571,-0.03077635,-0.03076718,-0.03075826,-0.03074853,-0.03074028,-0.03073245,-0.03072352,-0.03071607,-0.03071009,-0.03070158,-0.03069665,-0.03069174,-0.030685,-0.03068272,-0.03067937,-0.03067497,-0.03067577,-0.03067424,-0.03067351,-0.03067636,-0.03067846,-0.03068136,-0.03068601,-0.03069185,-0.03070068,-0.03070698,-0.03071346,-0.03072803,-0.03074277,-0.03074821,-0.03075675,-0.03077984,-0.03080587,-0.03081428,-0.03081485,-0.0308312,-0.03086146,-0.0309014,-0.03092107,-0.03093289,-0.0309303,-0.03093188,-0.03095105,-0.0309703,-0.03099245,-0.03101854,-0.03105141,-0.03108156,-0.03110518,-0.03112188,-0.03113522,-0.03114357,-0.0311473,-0.03114595,-0.03114551,-0.03114698,-0.03115077,-0.03115468,-0.03116406,-0.03117887,-0.03118974,-0.03119452,-0.03119,-0.03118114,-0.03117546,-0.03117446,-0.03117528,-0.03117044,-0.0311628,-0.03115517,-0.03114961,-0.0311428,-0.03113505,-0.03112593,-0.03111726,-0.0311086
-0.02716592,-0.02715862,-0.02714991,-0.02714032,-0.02713258,-0.02712387,-0.0271138,-0.02710597,-0.02709682,-0.0270869,-0.02707899,-0.02706948,-0.02705996,-0.02705191,-0.02704216,-0.02703306,-0.02702468,-0.02701507,-0.02700607,-0.02699753,-0.02698828,-0.0269791,-0.0269704,-0.02696162,-0.02695266,-0.02694365,-0.02693478,-0.02692595,-0.02691726,-0.02690862,-0.02690023,-0.02689194,-0.02688369,-0.02687514,-0.02686716,-0.02686,-0.02685231,-0.02684435,-0.02683858,-0.02683169,-0.0268246,-0.02682055,-0.02681442,-0.02680898,-0.02680706,-0.02680162,-0.02679912,-0.02679883,-0.02679545,-0.0267957,-0.02679743,-0.02679707,-0.02679985,-0.02680344,-0.02680781,-0.02681267,-0.02681712,-0.02682576,-0.02683678,-0.02684139,-0.0268483,-0.02686599,-0.02688297,-0.02688685,-0.02688988,-0.02691156,-0.02694297,-0.0269595,-0.02696355,-0.02695825,-0.02697409,-0.02699771,-0.02703632,-0.02707037,-0.02708707,-0.02710264,-0.02711499,-0.027122,-0.02712154,-0.02712194,-0.02712771,-0.02713821,-0.02715067,-0.02716574,-0.02718383,-0.02720442,-0.02722229,-0.02723551,-0.02724456,-0.02725073,-0.02724965,-0.02724045,-0.0272334,-0.02722988,-0.02723407,-0.02724028,-0.02724192,-0.02723675,-0.0272286,-0.02722421,-0.02722171,-0.02721753,-0.02721063,-0.02720346,-0.02719673,-0.02719013,-0.02718281,-0.02717443
-0.02313825,-0.02312997,-0.02312329,-0.02311665,-0.0231085,-0.02310058,-0.02309441,-0.02308535,-0.02307808,-0.02307097,-0.02306239,-0.02305484,-0.02304785,-0.02303885,-0.02303207,-0.02302411,-0.02301599,-0.02300858,-0.02300116,-0.02299275,-0.02298562,-0.02297791,-0.02297029,-0.02296226,-0.02295499,-0.0229473,-0.02294011,-0.02293242,-0.02292525,-0.02291764,-0.02291051,-0.02290294,-0.02289616,-0.02288943,-0.02288303,-0.02287566,-0.02286983,-0.02286424,-0.0228576,-0.02285221,-0.02284834,-0.02284172,-0.02283862,-0.0228353,-0.0228301,-0.02282902,-0.02282684,-0.02282327,-0.02282476,-0.02282359,-0.02282305,-0.02282568,-0.02282742,-0.02282953,-0.02283318,-0.02283758,-0.02284478,-0.02284906,-0.02285329,-0.02286506,-0.02287686,-0.02287902,-0.02288403,-0.02290303,-0.02292489,-0.02292897,-0.02292507,-0.02293644,-0.02296165,-0.02299631,-0.02301108,-0.02301776,-0.02301014,-0.02300634,-0.0230201,-0.02303405,-0.02305111,-0.02307224,-0.02310054,-0.02312634,-0.02314597,-0.02315879,-0.02316863,-0.02317371,-0.02317463,-0.02317062,-0.02316779,-0.02316696,-0.02316901,-0.02317144,-0.02317972,-0.02319369,-0.02320431,-0.02320908,-0.02320499,-0.02319672,-0.0231919,-0.02319174,-0.02319372,-0.0231902,-0.02318422,-0.02317824,-0.02317453,-0.02316965,-0.02316407,-0.02315709,-0.02315074,-0.02314437
-0.01902867,-0.0190239,-0.01901778,-0.01901081,-0.01900571,-0.01899963,-0.01899225,-0.01898707,-0.01898062,-0.01897337,-0.01896813,-0.01896129,-0.01895445,-0.01894903,-0.01894197,-0.01893552,-0.01892979,-0.01892282,-0.01891647,-0.01891056,-0.01890397,-0.01889741,-0.01889135,-0.01888519,-0.01887888,-0.01887249,-0.01886626,-0.01886005,-0.01885399,-0.01884794,-0.01884215,-0.01883641,-0.01883071,-0.01882466,-0.01881914,-0.01881436,-0.01880903,-0.01880334,-0.01879976,-0.01879494,-0.01878985,-0.01878763,-0.01878324,-0.01877933,-0.01877877,-0.01877454,-0.01877302,-0.01877347,-0.01877066,-0.01877115,-0.0187729,-0.01877228,-0.0187745,-0.01877724,-0.01878047,-0.01878384,-0.01878654,-0.01879307,-0.0188017,-0.01880365,-0.01880753,-0.01882179,-0.01883518,-0.01883529,-0.01883421,-0.01885129,-0.01887795,-0.01888977,-0.01888911,-0.01887884,-0.01888936,-0.01890765,-0.01894088,-0.01896977,-0.01898151,-0.01899211,-0.01899957,-0.01900182,-0.01899679,-0.0189927,-0.01899415,-0.01900055,-0.01900926,-0.01902088,-0.01903589,-0.01905371,-0.01906923,-0.01908046,-0.01908788,-0.01909271,-0.01909066,-0.0190808,-0.01907327,-0.01906953,-0.0190737,-0.01908028,-0.01908273,-0.01907863,-0.01907166,-0.01906851,-0.01906747,-0.01906498,-0.01905992,-0.01905473,-0.01905012,-0.01904571,-0.01904069,-0.01903469
-0.01486154,-0.01485587,-0.01485174,-0.01484779,-0.01484229,-0.0148371,-0.0148336,-0.01482734,-0.01482276,-0.01481845,-0.01481258,-0.0148078,-0.0148035,-0.0147973,-0.01479321,-0.01478806,-0.01478264,-0.01477801,-0.01477326,-0.01476762,-0.01476317,-0.01475822,-0.01475327,-0.01474799,-0.01474339,-0.01473844,-0.01473389,-0.01472892,-0.01472438,-0.01471946,-0.0147149,-0.01470996,-0.01470567,-0.01470149,-0.0146975,-0.01469256,-0.014689,-0.0146857,-0.01468118,-0.01467787,-0.01467586,-0.0146711,-0.01466957,-0.01466778,-0.01466385,-0.0146639,-0.01466259,-0.01465974,-0.01466158,-0.01466065,-0.01465998,-0.01466228,-0.01466334,-0.01466457,-0.01466695,-0.01466986,-0.01467515,-0.01467735,-0.01467909,-0.01468813,-0.01469685,-0.0146958,-0.01469714,-0.01471223,-0.0147299,-0.01472978,-0.0147213,-0.01472783,-0.01474795,-0.0147776,-0.01478734,-0.01478904,-0.01477634,-0.01476739,-0.01477583,-0.01478468,-0.01479675,-0.01481307,-0.01483658,-0.01485797,-0.01487345,-0.01488251,-0.01488873,-0.01489049,-0.01488824,-0.01488144,-0.0148761,-0.01487322,-0.01487336,-0.01487435,-0.01488139,-0.01489454,-0.01490465,-0.01490935,-0.01490543,-0.01489758,-0.01489335,-0.01489411,-0.01489717,-0.01489503,-0.01489051,-0.01488623,-0.01488428,-0.01488142,-0.01487793,-0.01487323,-0.01486917,-0.01486523
-0.01064516,-0.01064298,-0.01063944,-0.01063519,-0.01063272,-0.01062944,-0.01062477,-0.0106224,-0.0106187,-0.0106143,-0.01061179,-0.01060782,-0.01060372,-0.01060115,-0.01059685,-0.01059326,-0.01059027,-0.01058616,-0.01058253,-0.01057946,-0.0105756,-0.01057187,-0.01056852,-0.01056518,-0.01056157,-0.01055798,-0.01055442,-0.01055098,-0.01054756,-0.01054423,-0.01054101,-0.01053794,-0.01053473,-0.01053124,-0.01052811,-0.01052576,-0.01052268,-0.01051926,-0.01051773,-0.01051499,-0.01051172,-0.01051127,-0.01050842,-0.01050599,-0.0105066,-0.01050348,-0.01050272,-0.01050382,-0.01050133,-0.01050196,-0.0105035,-0.01050252,-0.01050398,-0.01050577,-0.01050765,-0.0105095,-0.01051025,-0.01051462,-0.01052068,-0.01051995,-0.01052071,-0.01053164,-0.01054135,-0.01053772,-0.01053251,-0.01054523,-0.01056724,-0.01057446,-0.01056897,-0.01055386,-0.01055917,-0.01057233,-0.01060028,-0.01062415,-0.0106309,-0.01063665,-0.01063923,-0.01063681,-0.01062713,-0.01061862,-0.01061573,-0.01061817,-0.01062308,-0.01063129,-0.01064305,-0.01065808,-0.01067111,-0.01068034,-0.01068596,-0.01068941,-0.01068621,-0.01067562,-0.01066747,-0.01066348,-0.01066756,-0.01067446,-0.01067742,-0.01067427,-0.01066837,-0.01066655,-0.01066691,-0.01066613,-0.01066286,-0.01065969,-0.01065712,-0.010655,-0.01065227,-0.01064875
-0.006400833,-0.00639778,-0.006396209,-0.006394985,-0.006392145,-0.00638977,-0.006388981,-0.006385595,-0.00638376,-0.00638233,-0.006379244,-0.006377359,-0.006375842,-0.006372545,-0.006371232,-0.006368978,-0.006366348,-0.006364605,-0.006362631,-0.006359873,-0.006358175,-0.006356097,-0.006353901,-0.006351479,-0.006349594,-0.006347479,-0.00634562,-0.00634345,-0.006341558,-0.006339374,-0.006337406,-0.006335136,-0.006333343,-0.006331715,-0.006330106,-0.006327604,-0.006326264,-0.006325216,-0.006322734,-0.006321453,-0.006321221,-0.006318225,-0.006318173,-0.006317814,-0.006315023,-0.00631611,-0.006315526,-0.00631329,-0.006315368,-0.006314566,-0.006313638,-0.006315511,-0.006315766,-0.006316012,-0.006316988,-0.006318331,-0.00632162,-0.00632166,-0.006320822,-0.006327088,-0.006332653,-0.006328351,-0.006326012,-0.006337233,-0.006350729,-0.006346448,-0.006333474,-0.006335353,-0.006350519,-0.006375252,-0.006380013,-0.006376786,-0.00635903,-0.006345063,-0.006348335,-0.006352251,-0.00635939,-0.006371024,-0.006389875,-0.006406958,-0.006418266,-0.006423531,-0.006426065,-0.006424513,-0.006419098,-0.006409558,-0.006401639,-0.006396614,-0.006394807,-0.006394308,-0.006400048,-0.006412333,-0.00642182,-0.006426335,-0.006422438,-0.006414952,-0.006411162,-0.006412719,-0.006416731,-0.006415945,-0.006412839,-0.00641026,-0.006410055,-0.006409211,-0.00640775,-0.00640534,-0.006403544,-0.006402093
-0.00213444,-0.002134876,-0.00213389,-0.002132381,-0.00213256,-0.002132109,-0.002130167,-0.00213067,-0.002129734,-0.002128248,-0.002128532,-0.002127483,-0.002126186,-0.002126544,-0.002125048,-0.00212437,-0.002124186,-0.002122997,-0.002122167,-0.002122004,-0.002120915,-0.002120083,-0.002119504,-0.002119038,-0.002118174,-0.002117431,-0.002116578,-0.002115938,-0.002115172,-0.0021146,-0.002113974,-0.002113568,-0.002112865,-0.002111934,-0.002111172,-0.002111251,-0.002110384,-0.002109202,-0.002109683,-0.002108957,-0.002107445,-0.00210872,-0.002107337,-0.002106302,-0.00210801,-0.00210592,-0.002105839,-0.002107511,-0.002105239,-0.002105962,-0.002107203,-0.002105787,-0.002106391,-0.002107169,-0.00210763,-0.002107887,-0.002106629,-0.00210879,-0.002112246,-0.00210876,-0.002106364,-0.002113961,-0.002119989,-0.002112583,-0.002103235,-0.002111703,-0.002129168,-0.002131853,-0.002121544,-0.002101634,-0.002101871,-0.002110029,-0.002132846,-0.002151762,-0.002153531,-0.002154459,-0.002152186,-0.002145165,-0.002130897,-0.002118084,-0.002110956,-0.002109512,-0.002110678,-0.002115543,-0.002124117,-0.002136394,-0.002146874,-0.002154021,-0.002157759,-0.002159748,-0.002155304,-0.002143884,-0.002135066,-0.002130804,-0.00213477,-0.002141955,-0.002145346,-0.002143014,-0.002138076,-0.002137557,-0.002139288,-0.00214019,-0.002138666,-0.002137507,-0.002136956,-0.002137098,-0.002136634,-0.002135603
0.002134446,0.002134882,0.002133896,0.002132387,0.002132566,0.002132115,0.002130173,0.002130677,0.00212974,0.002128254,0.002128538,0.002127489,0.002126192,0.00212655,0.002125053,0.002124376,0.002124192,0.002123003,0.002122173,0.00212201,0.002120921,0.002120089,0.00211951,0.002119045,0.002118181,0.002117437,0.002116584,0.002115944,0.002115178,0.002114606,0.002113981,0.002113575,0.002112871,0.002111941,0.002111178,0.002111258,0.002110391,0.002109208,0.00210969,0.002108963,0.002107451,0.002108726,0.002107343,0.002106309,0.002108017,0.002105927,0.002105846,0.002107518,0.002105245,0.002105969,0.002107209,0.002105794,0.002106398,0.002107176,0.002107637,0.002107894,0.002106636,0.002108797,0.002112253,0.002108767,0.002106371,0.002113968,0.002119995,0.00211259,0.002103242,0.00211171,0.002129175,0.00213186,0.00212155,0.002101641,0.002101877,0.002110035,0.002132852,0.002151769,0.002153538,0.002154466,0.002152193,0.002145171,0.002130904,0.002118091,0.002110963,0.002109519,0.002110684,0.00211555,0.002124124,0.0021364,0.002146881,0.002154028,0.002157766,0.002159754,0.00215531,0.00214389,0.002135072,0.00213081,0.002134776,0.002141962,0.002145352,0.00214302,0.002138082,0.002137563,0.002139294,0.002140197,0.002138672,0.002137513,0.002136962,0.002137104,0.00213664,0.00213561
0.006400838,0.006397786,0.006396214,0.00639499,0.00639215,0.006389774,0.006388986,0.0063856,0.006383765,0.006382335,0.006379249,0.006377364,0.006375847,0.006372551,0.006371237,0.006368983,0.006366353,0.00636461,0.006362637,0.006359878,0.00635818,0.006356102,0.006353906,0.006351484,0.006349599,0.006347484,0.006345626,0.006343456,0.006341563,0.00633938,0.006337411,0.006335142,0.006333349,0.00633172,0.006330112,0.006327609,0.006326269,0.006325221,0.00632274,0.006321459,0.006321227,0.006318231,0.006318178,0.00631782,0.006315029,0.006316117,0.006315532,0.006313296,0.006315374,0.006314572,0.006313644,0.006315517,0.006315772,0.006316018,0.006316994,0.006318337,0.006321626,0.006321666,0.006320828,0.006327094,0.006332659,0.006328357,0.006326018,0.006337239,0.006350735,0.006346454,0.00633348,0.006335359,0.006350524,0.006375258,0.006380018,0.006376792,0.006359036,0.006345069,0.006348341,0.006352257,0.006359397,0.006371029,0.006389881,0.006406964,0.006418272,0.006423536,0.006426071,0.006424519,0.006419103,0.006409563,0.006401644,0.006396619,0.006394812,0.006394314,0.006400054,0.006412338,0.006421825,0.006426341,0.006422443,0.006414957,0.006411167,0.006412724,0.006416736,0.00641595,0.006412844,0.006410265,0.00641006,0.006409216,0.006407755,0.006405345,0.006403549,0.006402098
0.01064516,0.01064299,0.01063944,0.01063519,0.01063272,0.01062944,0.01062477,0.01062241,0.0106187,0.0106143,0.0106118,0.01060782,0.01060372,0.01060116,0.01059685,0.01059326,0.01059027,0.01058616,0.01058254,0.01057947,0.0105756,0.01057187,0.01056853,0.01056518,0.01056158,0.01055798,0.01055442,0.01055098,0.01054756,0.01054424,0.01054102,0.01053794,0.01053474,0.01053125,0.01052811,0.01052577,0.01052268,0.01051926,0.01051774,0.01051499,0.01051172,0.01051127,0.01050843,0.01050599,0.0105066,0.01050349,0.01050273,0.01050382,0.01050133,0.01050197,0.01050351,0.01050253,0.01050398,0.01050577,0.01050766,0.0105095,0.01051026,0.01051462,0.01052069,0.01051995,0.01052072,0.01053164,0.01054135,0.01053773,0.01053251,0.01054524,0.01056724,0.01057447,0.01056897,0.01055386,0.01055918,0.01057233,0.01060029,0.01062416,0.01063091,0.01063665,0.01063923,0.01063682,0.01062713,0.01061863,0.01061574,0.01061817,0.01062308,0.0106313,0.01064306,0.01065809,0.01067111,0.01068034,0.01068597,0.01068941,0.01068622,0.01067562,0.01066747,0.01066349,0.01066756,0.01067446,0.01067742,0.01067427,0.01066838,0.01066656,0.01066692,0.01066613,0.01066286,0.01065969,0.01065713,0.010655,0.01065227,0.01064875
0.01486154,0.01485587,0.01485174,0.01484779,0.01484229,0.0148371,0.0148336,0.01482734,0.01482276,0.01481845,0.01481258,0.0148078,0.0148035,0.0147973,0.01479321,0.01478806,0.01478264,0.01477801,0.01477326,0.01476762,0.01476317,0.01475822,0.01475327,0.01474799,0.01474339,0.01473844,0.01473389,0.01472893,0.01472439,0.01471946,0.0147149,0.01470996,0.01470567,0.01470149,0.0146975,0.01469256,0.014689,0.0146857,0.01468118,0.01467787,0.01467586,0.0146711,0.01466958,0.01466778,0.01466385,0.0146639,0.01466259,0.01465974,0.01466158,0.01466065,0.01465999,0.01466228,0.01466335,0.01466457,0.01466695,0.01466986,0.01467515,0.01467735,0.01467909,0.01468814,0.01469685,0.0146958,0.01469714,0.01471223,0.0147299,0.01472978,0.0147213,0.01472783,0.01474795,0.0147776,0.01478734,0.01478905,0.01477634,0.01476739,0.01477583,0.01478468,0.01479676,0.01481307,0.01483658,0.01485797,0.01487345,0.01488251,0.01488874,0.01489049,0.01488824,0.01488144,0.0148761,0.01487322,0.01487336,0.01487435,0.01488139,0.01489454,0.01490465,0.01490935,0.01490543,0.01489758,0.01489335,0.01489411,0.01489717,0.01489503,0.01489051,0.01488623,0.01488428,0.01488142,0.01487793,0.01487323,0.01486917,0.01486523
0.01902867,0.0190239,0.01901778,0.01901081,0.0190057,0.01899963,0.01899225,0.01898706,0.01898062,0.01897337,0.01896813,0.01896129,0.01895444,0.01894903,0.01894197,0.01893552,0.01892979,0.01892282,0.01891647,0.01891056,0.01890397,0.0188974,0.01889135,0.01888519,0.01887888,0.01887249,0.01886626,0.01886005,0.01885399,0.01884794,0.01884214,0.01883641,0.01883071,0.01882466,0.01881914,0.01881436,0.01880903,0.01880334,0.01879976,0.01879494,0.01878985,0.01878762,0.01878324,0.01877933,0.01877877,0.01877454,0.01877302,0.01877347,0.01877066,0.01877114,0.0187729,0.01877228,0.0187745,0.01877723,0.01878047,0.01878384,0.01878654,0.01879307,0.01880169,0.01880364,0.01880753,0.01882179,0.01883517,0.01883528,0.01883421,0.01885129,0.01887795,0.01888977,0.0188891,0.01887884,0.01888936,0.01890765,0.01894088,0.01896977,0.01898151,0.01899211,0.01899957,0.01900182,0.01899678,0.0189927,0.01899415,0.01900055,0.01900925,0.01902088,0.01903588,0.01905371,0.01906923,0.01908046,0.01908788,0.01909271,0.01909066,0.0190808,0.01907327,0.01906953,0.0190737,0.01908028,0.01908272,0.01907862,0.01907166,0.0190685,0.01906747,0.01906498,0.01905992,0.01905472,0.01905011,0.0190457,0.01904069,0.01903469
0.02313825,0.02312996,0.02312328,0.02311664,0.02310849,0.02310057,0.0230944,0.02308535,0.02307807,0.02307096,0.02306239,0.02305483,0.02304784,0.02303884,0.02303206,0.0230241,0.02301598,0.02300858,0.02300115,0.02299274,0.02298562,0.0229779,0.02297029,0.02296225,0.02295498,0.02294729,0.0229401,0.02293241,0.02292525,0.02291763,0.0229105,0.02290294,0.02289616,0.02288942,0.02288303,0.02287565,0.02286983,0.02286424,0.0228576,0.0228522,0.02284833,0.02284172,0.02283861,0.02283529,0.02283009,0.02282901,0.02282684,0.02282326,0.02282475,0.02282358,0.02282305,0.02282567,0.02282741,0.02282953,0.02283317,0.02283758,0.02284478,0.02284906,0.02285328,0.02286506,0.02287685,0.02287902,0.02288402,0.02290302,0.02292489,0.02292896,0.02292506,0.02293644,0.02296165,0.02299631,0.02301107,0.02301775,0.02301014,0.02300633,0.0230201,0.02303405,0.02305111,0.02307223,0.02310053,0.02312634,0.02314597,0.02315879,0.02316863,0.0231737,0.02317463,0.02317061,0.02316778,0.02316695,0.02316901,0.02317143,0.02317972,0.02319369,0.02320431,0.02320907,0.02320498,0.02319672,0.0231919,0.02319173,0.02319371,0.02319019,0.02318421,0.02317823,0.02317452,0.02316964,0.02316406,0.02315708,0.02315073,0.02314436
0.02716591,0.02715861,0.0271499,0.02714031,0.02713257,0.02712386,0.02711379,0.02710596,0.02709681,0.02708689,0.02707898,0.02706947,0.02705995,0.02705189,0.02704215,0.02703305,0.02702467,0.02701506,0.02700606,0.02699752,0.02698827,0.02697909,0.02697039,0.02696161,0.02695265,0.02694364,0.02693477,0.02692594,0.02691725,0.02690861,0.02690022,0.02689193,0.02688368,0.02687513,0.02686715,0.02685999,0.0268523,0.02684434,0.02683857,0.02683168,0.02682459,0.02682054,0.02681441,0.02680897,0.02680705,0.02680161,0.02679911,0.02679882,0.02679543,0.02679569,0.02679742,0.02679706,0.02679984,0.02680343,0.0268078,0.02681266,0.02681711,0.02682575,0.02683677,0.02684138,0.02684829,0.02686598,0.02688296,0.02688684,0.02688987,0.02691155,0.02694296,0.02695949,0.02696354,0.02695824,0.02697407,0.02699769,0.02703631,0.02707036,0.02708706,0.02710263,0.02711498,0.02712199,0.02712153,0.02712193,0.02712769,0.0271382,0.02715066,0.02716573,0.02718382,0.02720441,0.02722227,0.0272355,0.02724455,0.02725072,0.02724964,0.02724044,0.02723339,0.02722987,0.02723406,0.02724027,0.02724191,0.02723674,0.02722859,0.0272242,0.02722169,0.02721752,0.02721062,0.02720345,0.02719672,0.02719011,0.02718279,0.02717442
0.03109995,0.03108919,0.03107995,0.03107081,0.03106,0.03104957,0.03104077,0.03102917,0.03101926,0.03100965,0.03099842,0.03098837,0.03097876,0.03096725,0.03095789,0.03094744,0.03093675,0.03092689,0.03091687,0.03090598,0.03089627,0.03088609,0.03087589,0.03086537,0.03085552,0.03084534,0.03083554,0.03082534,0.03081557,0.03080546,0.03079573,0.03078569,0.03077633,0.03076716,0.03075825,0.03074851,0.03074027,0.03073243,0.0307235,0.03071605,0.03071008,0.03070156,0.03069664,0.03069173,0.03068498,0.03068271,0.03067936,0.03067495,0.03067576,0.03067422,0.03067349,0.03067634,0.03067845,0.03068135,0.03068599,0.03069184,0.03070067,0.03070696,0.03071344,0.03072802,0.03074275,0.03074819,0.03075674,0.03077983,0.03080585,0.03081426,0.03081483,0.03083118,0.03086144,0.03090139,0.03092105,0.03093288,0.03093028,0.03093187,0.03095103,0.03097029,0.03099243,0.03101853,0.03105139,0.03108155,0.03110516,0.03112186,0.0311352,0.03114356,0.03114729,0.03114593,0.03114549,0.03114696,0.03115075,0.03115466,0.03116404,0.03117885,0.03118973,0.0311945,0.03118998,0.03118112,0.03117544,0.03117444,0.03117527,0.03117042,0.03116279,0.03115516,0.03114959,0.03114278,0.03113503,0.03112591,0.03111724,0.03110858
0.03491242,0.03490277,0.03489151,0.03487951,0.03486925,0.03485812,0.0348455,0.0348353,0.03482361,0.03481131,0.03480092,0.03478904,0.03477705,0.03476667,0.03475445,0.03474304,0.03473223,0.0347203,0.03470887,0.03469802,0.03468631,0.03467481,0.03466366,0.03465253,0.03464109,0.03462971,0.03461833,0.0346071,0.03459587,0.03458482,0.03457388,0.03456318,0.03455238,0.03454142,0.03453092,0.03452142,0.03451127,0.03450103,0.03449295,0.03448391,0.03447464,0.03446867,0.03446055,0.03445343,0.03444989,0.03444305,0.03443929,0.03443805,0.03443377,0.03443357,0.03443495,0.03443462,0.03443764,0.03444188,0.03444709,0.03445324,0.03445915,0.03446978,0.03448297,0.03449015,0.03449991,0.03452103,0.03454149,0.03454912,0.03455619,0.03458258,0.03461872,0.03463998,0.03464871,0.03464846,0.0346697,0.03469886,0.03474296,0.0347823,0.03480392,0.03482458,0.03484182,0.0348537,0.03485778,0.03486273,0.0348728,0.0348875,0.03490366,0.03492219,0.03494323,0.03496651,0.03498652,0.03500166,0.03501213,0.03501954,0.03501919,0.03501054,0.03500376,0.03500039,0.03500441,0.03501015,0.03501078,0.03500445,0.03499493,0.03498926,0.03498514,0.03497927,0.03497039,0.03496128,0.03495239,0.03494367,0.03493403,0.03492338
0.03858812,0.03857506,0.03856342,0.03855198,0.03853874,0.03852604,0.03851488,0.038501,0.03848877,0.03847695,0.03846339,0.03845119,0.0384393,0.03842563,0.03841403,0.03840144,0.03838851,0.03837654,0.03836428,0.03835125,0.0383393,0.03832696,0.03831447,0.03830177,0.0382896,0.03827719,0.03826502,0.03825254,0.03824034,0.0382279,0.03821572,0.03820333,0.03819149,0.03817994,0.03816853,0.03815643,0.03814575,0.03813561,0.03812427,0.03811464,0.03810642,0.03809583,0.03808888,0.03808215,0.03807359,0.03806985,0.03806503,0.03805947,0.03805929,0.03805704,0.03805578,0.03805852,0.03806064,0.03806399,0.0380693,0.03807627,0.03808644,0.03809448,0.03810296,0.03812012,0.03813758,0.03814609,0.03815805,0.03818515,0.03821526,0.03822786,0.03823285,0.03825425,0.03828968,0.03833495,0.03835953,0.03837652,0.03837899,0.03838608,0.03841082,0.03843553,0.03846281,0.03849397,0.03853155,0.03856614,0.03859371,0.03861419,0.03863095,0.03864253,0.03864906,0.03865031,0.03865214,0.03865571,0.03866111,0.03866635,0.03867665,0.03869212,0.03870303,0.03870757,0.03870235,0.03869274,0.03868607,0.03868408,0.03868356,0.0386772,0.03866778,0.03865841,0.03865091,0.03864215,0.03863221,0.03862095,0.03861,0.03859914
0.04209583,0.04208403,0.04207047,0.04205631,0.04204384,0.04203058,0.04201576,0.04200355,0.04198971,0.04197541,0.04196298,0.04194914,0.04193512,0.04192285,0.0419086,0.04189531,0.04188252,0.0418687,0.04185528,0.04184255,0.0418288,0.04181537,0.04180216,0.04178905,0.04177548,0.04176205,0.04174847,0.04173512,0.04172161,0.04170837,0.04169508,0.04168212,0.04166891,0.04165561,0.04164267,0.04163084,0.04161822,0.04160564,0.04159516,0.04158383,0.04157222,0.04156413,0.0415538,0.04154474,0.04153928,0.04153071,0.04152533,0.04152278,0.0415172,0.04151615,0.04151677,0.04151603,0.04151888,0.04152334,0.04152898,0.04153601,0.04154301,0.04155528,0.04157032,0.0415797,0.04159204,0.04161637,0.04164008,0.04165123,0.04166216,0.04169317,0.04173398,0.04175987,0.04177321,0.04177798,0.04180473,0.04183949,0.04188918,0.04193383,0.04196037,0.04198614,0.04200831,0.0420251,0.04203377,0.04204337,0.04205782,0.04207671,0.04209657,0.04211851,0.04214245,0.04216833,0.04219032,0.04220712,0.04221878,0.0422272,0.04222732,0.04221896,0.04221227,0.04220885,0.04221253,0.04221762,0.04221704,0.04220932,0.04219824,0.04219113,0.04218529,0.04217761,0.04216668,0.04215559,0.04214456,0.04213376,0.04212188,0.04210908
0.04541758,0.04540246,0.04538875,0.04537537,0.04536007,0.04534552,0.04533244,0.04531673,0.04530267,0.04528914,0.04527377,0.04525995,0.04524634,0.04523103,0.04521777,0.04520358,0.04518896,0.04517543,0.04516146,0.04514682,0.04513315,0.04511915,0.04510486,0.04509043,0.04507639,0.04506217,0.04504801,0.0450336,0.04501931,0.04500483,0.04499045,0.04497591,0.04496177,0.04494799,0.04493418,0.04491975,0.04490665,0.04489415,0.04488033,0.04486838,0.04485776,0.04484485,0.04483564,0.04482677,0.04481605,0.04481048,0.04480377,0.04479662,0.04479501,0.04479155,0.04478925,0.04479137,0.04479299,0.04479627,0.04480174,0.04480932,0.04482037,0.04482966,0.04483972,0.04485907,0.04487888,0.04489005,0.04490513,0.04493601,0.04496995,0.04498644,0.04499565,0.04502201,0.04506256,0.04511311,0.04514247,0.04516454,0.04517202,0.04518466,0.04521507,0.04524526,0.04527773,0.04531397,0.04535628,0.04539527,0.0454267,0.04545085,0.04547092,0.04548561,0.0454948,0.04549851,0.04550246,0.04550794,0.04551476,0.04552108,0.04553209,0.04554798,0.04555865,0.04556265,0.04555644,0.04554585,0.04553803,0.04553489,0.04553286,0.04552481,0.04551349,0.04550229,0.04549283,0.04548209,0.04547001,0.0454567,0.04544362,0.04543075
0.04852012,0.04850654,0.0484911,0.04847523,0.04846106,0.04844621,0.04842975,0.04841612,0.04840072,0.04838505,0.04837124,0.04835607,0.0483407,0.04832722,0.04831162,0.04829713,0.04828304,0.04826799,0.04825325,0.04823927,0.04822413,0.04820938,0.04819471,0.04818019,0.04816504,0.04815007,0.04813478,0.04811975,0.04810438,0.0480893,0.048074,0.04805905,0.04804365,0.04802821,0.04801296,0.04799888,0.04798381,0.04796887,0.04795593,0.04794216,0.04792804,0.04791759,0.04790475,0.0478934,0.04788566,0.04787489,0.04786746,0.04786307,0.04785565,0.04785317,0.04785244,0.04785066,0.04785272,0.04785677,0.04786221,0.04786949,0.04787697,0.04789029,0.04790663,0.04791766,0.04793209,0.04795917,0.04798572,0.04799992,0.04801438,0.04804973,0.04809495,0.04812516,0.04814285,0.04815244,0.04818464,0.04822494,0.04828018,0.04833001,0.04836133,0.04839212,0.04841917,0.04844079,0.048454,0.04846819,0.04848698,0.04851,0.04853342,0.04855862,0.04858528,0.04861353,0.04863722,0.04865537,0.04866792,0.04867702,0.04867729,0.04866889,0.04866203,0.04865833,0.04866149,0.04866568,0.04866369,0.04865436,0.04864157,0.0486329,0.04862527,0.04861571,0.04860273,0.0485897,0.04857663,0.04856391,0.04855001,0.04853531
0.05138456,0.05136788,0.05135268,0.05133793,0.05132122,0.05130548,0.0512912,0.05127436,0.05125925,0.05124477,0.05122839,0.05121374,0.05119922,0.0511831,0.05116901,0.05115402,0.05113855,0.05112425,0.05110939,0.05109389,0.05107928,0.05106435,0.05104899,0.05103351,0.05101827,0.05100283,0.05098729,0.05097147,0.0509556,0.05093952,0.05092335,0.05090699,0.05089086,0.05087505,0.05085904,0.05084238,0.05082692,0.05081205,0.05079568,0.05078128,0.05076805,0.05075254,0.05074077,0.05072937,0.05071606,0.05070815,0.05069901,0.05068965,0.05068599,0.05068062,0.05067659,0.05067734,0.0506777,0.05068013,0.05068499,0.0506924,0.05070359,0.05071337,0.0507243,0.05074518,0.0507667,0.0507799,0.05079756,0.05083172,0.05086901,0.05088887,0.05090185,0.05093283,0.05097825,0.05103377,0.05106761,0.05109451,0.05110678,0.05112484,0.05116088,0.05119645,0.05123399,0.05127517,0.05132209,0.05136527,0.05140036,0.05142794,0.0514511,0.05146863,0.05148023,0.05148609,0.05149191,0.05149901,0.05150696,0.05151402,0.05152545,0.05154143,0.05155149,0.05155462,0.05154711,0.05153529,0.05152618,0.05152177,0.05151815,0.05150827,0.05149498,0.05148195,0.0514706,0.05145798,0.05144396,0.05142884,0.05141395,0.05139943
0.05397795,0.05396324,0.05394663,0.05392979,0.05391474,0.05389909,0.05388186,0.0538677,0.05385168,0.05383556,0.05382131,0.05380577,0.05379003,0.0537763,0.05376032,0.05374561,0.05373118,0.05371582,0.05370071,0.05368639,0.05367074,0.05365553,0.05364026,0.0536251,0.05360914,0.05359334,0.05357702,0.05356093,0.05354429,0.0535279,0.05351106,0.0534945,0.05347728,0.05345995,0.05344261,0.0534264,0.05340897,0.05339164,0.05337617,0.0533598,0.05334295,0.05332984,0.05331412,0.05330003,0.0532895,0.05327595,0.05326584,0.05325889,0.05324886,0.05324415,0.05324123,0.05323752,0.05323789,0.05324058,0.0532449,0.05325148,0.05325852,0.05327199,0.05328875,0.05330056,0.0533163,0.05334542,0.05337408,0.05339063,0.05340797,0.0534471,0.05349616,0.05353009,0.05355163,0.05356562,0.053603,0.05364854,0.05370909,0.05376378,0.05379958,0.05383513,0.05386686,0.05389309,0.05391064,0.05392922,0.05395219,0.05397911,0.05400588,0.05403402,0.05406309,0.05409333,0.05411834,0.05413743,0.05415047,0.05415987,0.05415991,0.05415112,0.05414382,0.05413957,0.05414201,0.05414509,0.05414153,0.05413045,0.05411588,0.05410564,0.05409625,0.05408484,0.05406991,0.05405513,0.05404034,0.05402606,0.05401059,0.05399448
0.05628316,0.0562657,0.05624989,0.05623469,0.05621753,0.05620158,0.05618713,0.0561702,0.05615512,0.05614077,0.05612446,0.05611009,0.05609577,0.05607991,0.05606613,0.05605143,0.05603619,0.05602218,0.05600747,0.05599213,0.05597759,0.05596268,0.05594719,0.05593153,0.05591594,0.05590007,0.05588391,0.05586737,0.05585058,0.05583346,0.05581602,0.05579827,0.05578053,0.05576298,0.05574498,0.05572622,0.05570847,0.0556912,0.05567219,0.05565514,0.05563905,0.05562058,0.05560583,0.05559136,0.05557486,0.05556395,0.05555162,0.05553922,0.05553265,0.05552438,0.05551763,0.05551597,0.055514,0.05551447,0.05551764,0.05552376,0.05553398,0.05554314,0.0555539,0.0555753,0.05559758,0.05561187,0.05563129,0.05566797,0.05570782,0.05573015,0.05574611,0.05578106,0.0558308,0.05589077,0.05592852,0.05595977,0.05597644,0.05599965,0.05604108,0.05608176,0.05612413,0.05617,0.05622127,0.0562683,0.05630674,0.05633742,0.05636338,0.05638341,0.05639707,0.0564047,0.05641205,0.05642044,0.0564292,0.05643664,0.05644816,0.05646389,0.05647301,0.05647493,0.05646583,0.05645262,0.05644222,0.05643662,0.05643144,0.05641971,0.05640449,0.05638974,0.05637671,0.05636251,0.05634695,0.05633053,0.05631446,0.05629897
0.05827043,0.05825553,0.05823876,0.058222,0.05820717,0.05819181,0.05817495,0.0581614,0.05814594,0.05813054,0.05811708,0.05810231,0.05808739,0.05807461,0.05805948,0.05804571,0.05803212,0.05801756,0.05800321,0.05798962,0.05797454,0.05795989,0.057945,0.05793015,0.05791427,0.05789845,0.05788191,0.05786547,0.05784826,0.05783113,0.0578133,0.05779557,0.0577769,0.05775797,0.05773878,0.05772054,0.05770079,0.05768104,0.05766295,0.0576437,0.0576238,0.05760763,0.05758853,0.0575711,0.0575571,0.05753995,0.05752634,0.05751589,0.05750224,0.0574942,0.05748795,0.05748108,0.05747857,0.05747863,0.0574806,0.05748516,0.0574905,0.05750285,0.05751882,0.05753021,0.0575462,0.0575763,0.05760607,0.05762395,0.05764325,0.0576852,0.05773709,0.05777379,0.05779853,0.05781634,0.05785841,0.05790877,0.05797421,0.05803331,0.05807319,0.05811315,0.05814934,0.05817993,0.05820156,0.05822427,0.05825123,0.05828184,0.05831172,0.05834251,0.05837361,0.0584054,0.05843136,0.05845105,0.05846421,0.05847356,0.05847302,0.05846351,0.05845552,0.05845056,0.05845208,0.05845387,0.05844886,0.0584362,0.05841999,0.0584082,0.05839716,0.05838409,0.05836752,0.05835142,0.05833554,0.05832039,0.05830415,0.05828742
0.05992704,0.05990978,0.05989443,0.05987982,0.05986334,0.05984828,0.05983486,0.05981896,0.05980518,0.05979212,0.05977715,0.05976423,0.05975135,0.05973695,0.05972474,0.05971152,0.05969771,0.05968511,0.05967172,0.05965761,0.05964426,0.05963035,0.05961575,0.05960082,0.05958582,0.05957032,0.05955437,0.05953782,0.05952083,0.05950323,0.0594851,0.05946637,0.05944744,0.05942843,0.05940871,0.0593879,0.05936794,0.05934818,0.0593264,0.05930638,0.0592871,0.05926519,0.05924696,0.05922869,0.05920828,0.05919348,0.05917706,0.05916057,0.05915004,0.05913764,0.05912701,0.05912161,0.05911602,0.05911315,0.05911328,0.05911664,0.05912458,0.0591317,0.059141,0.05916157,0.05918328,0.05919724,0.05921726,0.05925529,0.05929665,0.05932029,0.0593383,0.05937641,0.05942998,0.05949372,0.05953479,0.0595699,0.05959056,0.05961861,0.05966524,0.05971075,0.05975777,0.05980808,0.05986356,0.05991424,0.05995584,0.05998932,0.06001788,0.06004013,0.06005566,0.06006476,0.06007341,0.06008272,0.06009199,0.06009943,0.06011077,0.06012591,0.06013377,0.06013424,0.06012329,0.06010861,0.06009715,0.06009056,0.06008396,0.06007046,0.06005371,0.06003772,0.06002357,0.06000837,0.05999203,0.05997499,0.05995852,0.05994281
0.06122811,0.0612139,0.06119796,0.06118222,0.06116872,0.06115465,0.06113934,0.06112749,0.06111379,0.06110022,0.06108878,0.06107593,0.06106311,0.06105239,0.0610393,0.06102761,0.06101606,0.0610034,0.06099097,0.06097915,0.06096575,0.06095259,0.06093911,0.06092542,0.06091059,0.06089558,0.06087968,0.06086361,0.06084657,0.06082927,0.06081106,0.06079261,0.06077299,0.06075275,0.06073203,0.06071187,0.06068991,0.06066765,0.06064683,0.06062441,0.06060122,0.06058149,0.0605585,0.06053703,0.06051888,0.06049721,0.06047922,0.06046419,0.06044591,0.06043336,0.06042262,0.06041125,0.06040459,0.06040061,0.06039882,0.06039987,0.06040217,0.06041198,0.06042581,0.06043522,0.06044999,0.06047953,0.06050901,0.06052685,0.06054708,0.06059098,0.06064508,0.06068379,0.06071104,0.06073203,0.06077852,0.06083323,0.0609033,0.0609664,0.0610101,0.06105428,0.06109478,0.06112953,0.06115532,0.06118218,0.06121314,0.06124716,0.06127994,0.06131309,0.06134617,0.0613793,0.06140587,0.06142548,0.06143841,0.06144725,0.06144575,0.06143512,0.0614263,0.06142033,0.06142089,0.0614213,0.06141469,0.06140023,0.06138259,0.06136966,0.06135766,0.06134356,0.06132611,0.06130935,0.06129307,0.0612776,0.06126124,0.06124459
0.06216607,0.06214976,0.06213576,0.06212259,0.06210774,0.06209454,0.0620832,0.06206934,0.06205796,0.06204723,0.06203472,0.06202437,0.06201411,0.06200225,0.06199276,0.06198207,0.06197086,0.06196077,0.06194983,0.06193801,0.06192694,0.06191504,0.06190237,0.06188913,0.06187572,0.0618615,0.06184667,0.06183092,0.06181454,0.06179718,0.06177907,0.06175997,0.06174045,0.06172043,0.0616994,0.06167686,0.06165496,0.06163277,0.06160827,0.06158522,0.06156261,0.06153692,0.06151487,0.06149228,0.0614674,0.061448,0.06142669,0.0614052,0.0613898,0.06137221,0.06135661,0.06134628,0.06133585,0.06132832,0.0613241,0.06132335,0.06132765,0.06133132,0.0613378,0.06135613,0.0613759,0.06138813,0.0614075,0.06144569,0.0614875,0.06151156,0.061531,0.06157171,0.06162847,0.06169538,0.06173931,0.06177783,0.06180224,0.06183494,0.06188669,0.06193685,0.06198838,0.06204298,0.06210262,0.06215677,0.06220138,0.0622374,0.06226831,0.06229245,0.06230954,0.06231973,0.06232929,0.06233897,0.06234821,0.06235502,0.06236568,0.06237964,0.06238578,0.06238424,0.06237119,0.06235479,0.06234199,0.06233415,0.06232617,0.06231111,0.06229322,0.06227643,0.06226177,0.06224609,0.06222954,0.06221244,0.06219626,0.06218104
0.06272151,0.06270864,0.06269423,0.0626803,0.06266896,0.06265707,0.06264423,0.06263506,0.06262409,0.06261342,0.06260508,0.06259523,0.06258564,0.06257813,0.06256823,0.06255979,0.06255148,0.06254191,0.06253263,0.06252377,0.06251325,0.06250282,0.06249196,0.06248064,0.06246803,0.06245497,0.06244085,0.06242624,0.06241043,0.062394,0.06237638,0.06235814,0.06233842,0.06231768,0.06229614,0.06227474,0.06225113,0.06222682,0.06220366,0.06217834,0.06215201,0.06212878,0.06210182,0.06207617,0.06205358,0.06202699,0.06200414,0.06198391,0.06196026,0.06194241,0.06192625,0.06190942,0.06189755,0.0618884,0.06188171,0.06187806,0.06187604,0.06188205,0.06189242,0.0618986,0.06191101,0.0619389,0.06196697,0.06198368,0.06200391,0.06204895,0.06210446,0.06214443,0.06217353,0.06219721,0.0622477,0.06230637,0.06238072,0.06244743,0.06249464,0.06254277,0.0625874,0.0626261,0.06265574,0.06268644,0.06272107,0.06275814,0.06279334,0.06282824,0.06286253,0.06289614,0.06292243,0.06294116,0.06295289,0.06296029,0.06295688,0.06294425,0.06293379,0.06292605,0.06292498,0.06292327,0.0629144,0.06289765,0.0628783,0.06286409,0.062851,0.06283582,0.0628176,0.06280044,0.06278412,0.06276879,0.06275288,0.06273689
0.06289267,0.06287786,0.06286587,0.06285486,0.06284245,0.06283204,0.06282372,0.06281295,0.06280507,0.06279787,0.06278903,0.06278256,0.06277622,0.0627683,0.06276295,0.06275625,0.06274915,0.06274311,0.06273617,0.06272824,0.06272105,0.06271281,0.0627037,0.06269381,0.06268362,0.06267232,0.06266024,0.0626469,0.06263269,0.06261712,0.06260052,0.06258252,0.06256378,0.06254408,0.06252299,0.06249989,0.06247712,0.0624535,0.06242714,0.06240184,0.06237652,0.06234758,0.06232209,0.06229543,0.0622662,0.06224222,0.06221586,0.06218914,0.06216844,0.06214512,0.06212392,0.06210791,0.06209178,0.06207865,0.06206907,0.06206313,0.06206263,0.06206165,0.06206409,0.062079,0.06209562,0.062105,0.06212265,0.06215999,0.06220119,0.06222467,0.06224468,0.0622872,0.06234638,0.06241572,0.06246174,0.06250305,0.06253062,0.06256747,0.06262381,0.06267805,0.0627335,0.06279178,0.06285486,0.06291169,0.06295843,0.06299611,0.06302837,0.06305327,0.06307062,0.06308052,0.06308954,0.06309813,0.06310578,0.06311037,0.0631188,0.06313003,0.06313286,0.0631279,0.06311137,0.06309208,0.06307688,0.06306688,0.06305667,0.06303935,0.06301975,0.06300177,0.06298633,0.06297005,0.06295329,0.06293631,0.06292072,0.06290639
0.06266696,0.06265616,0.06264412,0.062633,0.06262494,0.06261647,0.06260747,0.06260247,0.06259578,0.06258969,0.0625862,0.0625812,0.06257676,0.06257446,0.06256981,0.06256675,0.06256383,0.06255959,0.06255572,0.06255215,0.06254683,0.06254149,0.06253561,0.06252906,0.06252103,0.06251232,0.06250232,0.06249151,0.06247919,0.0624659,0.06245108,0.06243519,0.06241743,0.06239817,0.06237771,0.06235684,0.06233325,0.06230846,0.06228437,0.06225744,0.0622291,0.06220336,0.06217324,0.06214409,0.06211754,0.06208636,0.06205881,0.06203337,0.06200414,0.06198068,0.06195859,0.06193565,0.06191779,0.06190254,0.0618899,0.06188043,0.06187285,0.06187374,0.06187926,0.06188079,0.06188943,0.06191429,0.06193949,0.06195367,0.06197256,0.06201748,0.06207307,0.06211298,0.06214267,0.06216789,0.06222125,0.06228269,0.06236011,0.06242919,0.06247866,0.06252956,0.06257706,0.06261843,0.06265056,0.06268369,0.06272043,0.06275889,0.06279464,0.06282929,0.0628626,0.0628944,0.06291799,0.06293336,0.06294143,0.06294496,0.06293717,0.06292024,0.06290594,0.06289434,0.06288967,0.06288394,0.06287107,0.06285051,0.06282819,0.0628117,0.06279662,0.06277964,0.06276017,0.06274233,0.06272586,0.06271077,0.06269556,0.06268068
0.06205188,0.06204005,0.06203173,0.06202473,0.06201674,0.06201132,0.06200832,0.06200309,0.0620013,0.06200029,0.06199792,0.06199822,0.06199874,0.06199782,0.06199971,0.06200016,0.06200037,0.06200164,0.06200194,0.0620012,0.06200119,0.0619999,0.06199765,0.0619944,0.06199067,0.06198552,0.06197933,0.06197151,0.06196251,0.06195171,0.06193951,0.06192539,0.06191011,0.06189328,0.06187454,0.06185319,0.06183168,0.06180859,0.06178216,0.06175624,0.06172961,0.06169865,0.06167075,0.06164083,0.06160787,0.06157972,0.06154845,0.06151645,0.0614902,0.06146067,0.0614332,0.06141065,0.06138772,0.06136778,0.0613514,0.06133874,0.06133173,0.06132426,0.06132074,0.06133026,0.06134162,0.06134605,0.06135988,0.06139424,0.06143264,0.06145339,0.06147188,0.06151417,0.06157365,0.06164326,0.06168919,0.06173117,0.06175975,0.06179864,0.06185737,0.06191341,0.06197044,0.06203005,0.06209413,0.06215112,0.06219735,0.06223396,0.06226466,0.06228728,0.06230167,0.06230795,0.06231304,0.06231709,0.06231967,0.06231863,0.06232157,0.06232691,0.06232343,0.0623123,0.06228979,0.06226545,0.06224591,0.06223211,0.06221822,0.06219751,0.06217543,0.06215581,0.06213937,0.06212255,0.0621059,0.06208966,0.06207547,0.06206312
0.06104873,0.06104302,0.06103656,0.06103168,0.06103048,0.06102915,0.06102785,0.06103101,0.06103265,0.06103532,0.0610409,0.06104502,0.06105004,0.06105729,0.06106221,0.0610689,0.0610757,0.06108112,0.06108695,0.06109292,0.06109699,0.06110092,0.0611041,0.06110632,0.0611068,0.06110627,0.0611041,0.06110071,0.06109539,0.0610886,0.06107976,0.06106931,0.06105639,0.06104135,0.06102451,0.06100655,0.06098511,0.0609618,0.06093848,0.06091143,0.06088233,0.06085509,0.06082252,0.0607904,0.06076009,0.06072429,0.06069176,0.06066051,0.06062488,0.06059474,0.06056534,0.06053471,0.06050903,0.06048563,0.06046476,0.060447,0.0604312,0.06042419,0.06042187,0.06041568,0.06041739,0.06043597,0.06045491,0.0604632,0.06047744,0.06051889,0.06057115,0.06060756,0.06063444,0.06065783,0.06071064,0.06077136,0.06084829,0.06091613,0.06096426,0.06101437,0.06106114,0.06110159,0.06113254,0.06116443,0.06119953,0.06123548,0.06126774,0.06129799,0.06132604,0.06135168,0.06136814,0.06137589,0.06137613,0.06137188,0.06135599,0.06133141,0.06131028,0.06129218,0.06128161,0.06126988,0.06125145,0.06122599,0.06120012,0.06118118,0.06116429,0.06114613,0.06112638,0.06110924,0.0610943,0.06108145,0.06106921,0.06105799
0.05968442,0.05968082,0.05968154,0.05968403,0.05968601,0.05969123,0.05969918,0.05970517,0.05971513,0.05972595,0.05973563,0.05974828,0.05976111,0.05977259,0.05978701,0.0597998,0.0598124,0.05982595,0.05983833,0.0598495,0.05986122,0.05987132,0.05988017,0.05988769,0.05989436,0.05989915,0.05990245,0.05990358,0.05990301,0.05990003,0.05989505,0.05988747,0.05987804,0.0598663,0.05985186,0.05983399,0.05981521,0.05979388,0.05976833,0.05974252,0.05971497,0.05968212,0.05965167,0.05961801,0.05958055,0.05954719,0.0595096,0.05947071,0.05943691,0.05939891,0.05936262,0.05933069,0.05929784,0.05926773,0.05924093,0.0592177,0.05920009,0.05918187,0.05916798,0.05916751,0.05916886,0.05916352,0.05916866,0.0591951,0.05922569,0.05923874,0.05925078,0.05928794,0.0593427,0.05940754,0.05944834,0.05948597,0.05951054,0.05954643,0.05960248,0.05965526,0.05970886,0.05976493,0.05982522,0.05987764,0.05991869,0.05994958,0.05997405,0.05998968,0.05999636,0.05999438,0.05999105,0.05998632,0.05997989,0.05996968,0.05996416,0.05996109,0.0599493,0.05993063,0.05990134,0.05987184,0.05984832,0.05983163,0.05981542,0.0597933,0.05977125,0.05975299,0.05973894,0.05972533,0.05971286,0.05970176,0.05969362,0.05968814
0.0579844,0.05799119,0.05799766,0.05800633,0.05801915,0.058032,0.05804532,0.05806339,0.05807988,0.05809769,0.05811847,0.05813765,0.05815786,0.05818015,0.05819989,0.05822137,0.05824267,0.05826233,0.05828217,0.05830178,0.0583191,0.05833592,0.05835154,0.0583657,0.05837761,0.05838798,0.05839612,0.0584024,0.05840607,0.05840756,0.05840626,0.05840256,0.05839554,0.05838555,0.05837289,0.05835816,0.0583389,0.05831686,0.0582938,0.05826585,0.05823495,0.05820483,0.05816813,0.0581311,0.05809472,0.0580517,0.05801128,0.05797099,0.05792539,0.05788475,0.05784383,0.05780108,0.05776283,0.05772625,0.05769184,0.05766026,0.05763047,0.0576096,0.05759325,0.05757301,0.05756135,0.05756706,0.05757304,0.05756878,0.05757171,0.05760306,0.05764535,0.0576717,0.0576892,0.05770428,0.05774999,0.0578035,0.05787344,0.05793364,0.05797416,0.0580174,0.05805761,0.05809155,0.0581161,0.05814187,0.05817069,0.05819975,0.05822428,0.05824611,0.05826509,0.05828108,0.0582873,0.05828488,0.05827542,0.05826226,0.0582378,0.05820601,0.05817926,0.05815653,0.05814266,0.05812808,0.0581079,0.05808196,0.05805764,0.05804184,0.05802913,0.05801614,0.05800286,0.0579934,0.05798714,0.05798379,0.05798187,0.05798175
0.05599897,0.05601197,0.05602976,0.05604937,0.05606864,0.05609147,0.05611691,0.05614034,0.05616787,0.05619596,0.05622276,0.05625249,0.05628196,0.05630986,0.05634044,0.05636889,0.0563969,0.05642544,0.05645227,0.05647747,0.05650273,0.05652576,0.05654701,0.05656634,0.05658421,0.0565995,0.05661262,0.05662282,0.05663056,0.05663506,0.05663673,0.05663491,0.05663035,0.05662246,0.05661086,0.05659482,0.05657686,0.05655511,0.05652804,0.05649969,0.05646826,0.05643037,0.05639387,0.0563527,0.05630672,0.05626377,0.0562152,0.0561645,0.05611789,0.05606585,0.05601492,0.05596746,0.05591824,0.05587127,0.05582706,0.05578605,0.0557504,0.05571381,0.05568177,0.05566334,0.05564652,0.05562322,0.05561144,0.05562169,0.05563625,0.05563362,0.05563133,0.05565551,0.05569773,0.05575011,0.05577831,0.05580425,0.05581766,0.05584358,0.05589025,0.05593357,0.0559781,0.05602573,0.05607814,0.05612274,0.05615607,0.05617935,0.05619622,0.05620395,0.05620254,0.05619252,0.0561817,0.05616992,0.05615712,0.05614137,0.05613204,0.05612602,0.05611222,0.0560931,0.05606474,0.05603841,0.05601955,0.05600896,0.05599969,0.0559858,0.05597364,0.05596672,0.05596494,0.05596435,0.05596567,0.05596913,0.05597621,0.05598652
0.05376909,0.05379513,0.05382064,0.05384844,0.05388029,0.05391175,0.05394363,0.05398001,0.05401424,0.05404966,0.05408762,0.05412343,0.05416003,0.0541981,0.05423308,0.05426948,0.05430506,0.05433845,0.05437154,0.05440374,0.05443302,0.05446126,0.05448761,0.05451183,0.05453312,0.05455218,0.05456825,0.05458165,0.0545916,0.05459853,0.05460177,0.05460169,0.0545973,0.05458894,0.05457687,0.05456162,0.05454062,0.0545158,0.05448873,0.05445541,0.05441806,0.05438016,0.0543342,0.05428695,0.05423886,0.05418278,0.05412836,0.05407259,0.0540104,0.05395234,0.05389267,0.05383032,0.05377173,0.05371394,0.05365771,0.05360379,0.05355133,0.05350776,0.05346834,0.0534249,0.0533906,0.05337407,0.05335776,0.05333178,0.05331441,0.05332687,0.05335065,0.05335858,0.05335854,0.0533575,0.05338862,0.05342791,0.05348431,0.05353106,0.0535588,0.05359096,0.05362153,0.05364729,0.05366526,0.0536863,0.05371159,0.05373766,0.05375927,0.05377828,0.05379457,0.05380804,0.05381196,0.05380819,0.05379891,0.05378769,0.05376618,0.05373951,0.05371988,0.0537055,0.05370152,0.05369718,0.05368809,0.0536744,0.05366431,0.0536641,0.05366754,0.05367123,0.05367542,0.05368405,0.05369617,0.05371139,0.05372826,0.05374716
0.05134345,0.05137509,0.0514113,0.05144875,0.05148543,0.0515255,0.05156748,0.05160695,0.05165023,0.05169333,0.05173468,0.05177859,0.05182148,0.05186235,0.05190539,0.0519456,0.05198496,0.05202426,0.05206116,0.05209594,0.05213016,0.05216147,0.05219041,0.05221681,0.05224107,0.05226204,0.05228011,0.05229446,0.05230555,0.05231258,0.05231591,0.05231485,0.05231007,0.05230094,0.052287,0.05226758,0.0522451,0.05221754,0.05218345,0.05214698,0.05210588,0.05205705,0.05200842,0.05195345,0.05189252,0.05183332,0.05176681,0.0516972,0.05163035,0.05155665,0.05148318,0.05141201,0.051338,0.05126554,0.05119498,0.05112711,0.05106415,0.05099981,0.05094008,0.05089409,0.05084948,0.05079877,0.05076068,0.05074552,0.05073509,0.05070833,0.05068356,0.05068704,0.05070952,0.05074326,0.05075364,0.05076347,0.05076246,0.05077614,0.05081264,0.05084746,0.05088596,0.0509306,0.05098318,0.05103047,0.05106866,0.05109847,0.05112286,0.05113839,0.05114498,0.0511434,0.05114197,0.05114042,0.05113903,0.05113582,0.05114092,0.05114987,0.05115156,0.05114875,0.05113743,0.05112945,0.05112913,0.05113761,0.05114728,0.05115275,0.05116053,0.05117391,0.05119231,0.05121163,0.05123268,0.05125581,0.0512824,0.05131206
0.04874158,0.04878199,0.04882126,0.04886254,0.04890735,0.04895106,0.04899492,0.04904278,0.04908775,0.04913373,0.04918164,0.0492268,0.04927249,0.04931905,0.04936197,0.04940601,0.0494486,0.04948857,0.04952784,0.04956564,0.04960001,0.04963291,0.04966335,0.04969108,0.0497153,0.04973671,0.04975445,0.04976887,0.04977909,0.04978556,0.0497875,0.04978527,0.04977778,0.0497654,0.0497483,0.04972691,0.04969859,0.04966537,0.0496286,0.04958418,0.04953457,0.04948295,0.0494217,0.04935805,0.04929186,0.0492162,0.04914102,0.04906275,0.04897674,0.04889375,0.04880755,0.04871764,0.04863047,0.04854298,0.04845631,0.04837124,0.04828709,0.04821164,0.04814,0.04806441,0.04799871,0.0479514,0.04790454,0.04784897,0.04780376,0.04779021,0.04778938,0.04777406,0.04775313,0.04773403,0.04775023,0.04777716,0.04782388,0.04786336,0.04788665,0.04791846,0.04795321,0.04798807,0.04802011,0.04806019,0.04810811,0.04815879,0.04820534,0.04824885,0.04828867,0.0483248,0.04835059,0.04836903,0.04838247,0.04839468,0.04839614,0.04839302,0.04839696,0.04840548,0.04842395,0.04844037,0.04845142,0.04845727,0.04846708,0.0484863,0.04850819,0.04852962,0.0485514,0.04857732,0.04860622,0.04863776,0.04867048,0.04870473
0.04597405,0.04601297,0.0460563,0.04610035,0.04614335,0.04618971,0.04623737,0.04628232,0.046331,0.04637899,0.04642503,0.04647348,0.04652036,0.04656518,0.04661187,0.04665527,0.04669768,0.04673971,0.04677894,0.04681586,0.04685185,0.04688455,0.0469145,0.04694154,0.04696592,0.04698654,0.04700369,0.04701661,0.04702563,0.04702993,0.04702979,0.04702447,0.04701457,0.04699939,0.04697837,0.0469509,0.04691928,0.04688127,0.0468355,0.04678616,0.04673056,0.04666596,0.04660017,0.04652625,0.04644506,0.04636407,0.0462739,0.04617945,0.04608605,0.04598418,0.04588143,0.04577953,0.04567349,0.04556808,0.0454636,0.04536114,0.04526292,0.04516291,0.04506774,0.04498675,0.04490739,0.04482294,0.04475271,0.04470705,0.0446676,0.04461395,0.04456534,0.04454922,0.0445559,0.04457777,0.04458024,0.04458698,0.04458768,0.04460799,0.04465642,0.0447079,0.04476903,0.04484337,0.04493262,0.04502209,0.04510605,0.04518285,0.04525305,0.04531127,0.04535662,0.04539032,0.04542182,0.04545134,0.04547933,0.04550387,0.04553597,0.04556913,0.0455925,0.04560957,0.04561593,0.04562497,0.04564029,0.04566317,0.04568511,0.04570185,0.04572045,0.04574424,0.0457723,0.04580076,0.04583071,0.04586257,0.04589757,0.04593524
0.04302001,0.0430605,0.04309991,0.04314174,0.04318717,0.04323137,0.04327609,0.04332481,0.04337049,0.04341752,0.04346634,0.04351228,0.04355898,0.04360634,0.04365001,0.04369486,0.04373797,0.04377842,0.04381811,0.04385607,0.04389044,0.04392319,0.04395317,0.04398013,0.04400323,0.04402316,0.04403895,0.04405094,0.04405818,0.04406106,0.04405871,0.04405143,0.04403805,0.0440189,0.04399407,0.04396383,0.04392549,0.04388117,0.0438319,0.0437735,0.04370867,0.04364018,0.0435604,0.04347691,0.04338892,0.04328984,0.04318981,0.04308461,0.04297019,0.0428573,0.0427394,0.04261653,0.04249513,0.04237214,0.04224912,0.04212692,0.04200521,0.04189215,0.04178296,0.04167049,0.04156943,0.04148839,0.04140967,0.04132492,0.04125427,0.04121957,0.04120249,0.04117584,0.04115001,0.04113287,0.04115883,0.04120312,0.04127396,0.0413437,0.04140182,0.04147439,0.04155661,0.04164651,0.04174107,0.04184986,0.04196899,0.04208893,0.04219873,0.04229721,0.04238282,0.04245622,0.04251225,0.04255646,0.04259251,0.0426247,0.04264214,0.04265261,0.0426672,0.04268342,0.04270737,0.0427263,0.04273861,0.0427446,0.04275458,0.04277324,0.0427937,0.04281334,0.04283362,0.04285833,0.04288625,0.042917,0.0429492,0.04298314
0.03986286,0.03989824,0.03993881,0.03998052,0.0400218,0.04006717,0.04011391,0.04015847,0.04020723,0.04025528,0.04030176,0.04035093,0.04039839,0.04044415,0.04049178,0.04053606,0.04057947,0.04062244,0.04066246,0.04070022,0.04073683,0.04076998,0.04080017,0.04082723,0.04085125,0.04087114,0.04088712,0.0408984,0.04090521,0.0409067,0.040903,0.04089337,0.04087826,0.04085693,0.04082867,0.04079292,0.04075179,0.04070288,0.04064489,0.04058193,0.0405109,0.04042945,0.04034515,0.0402507,0.04014748,0.04004258,0.03992641,0.03980454,0.03968166,0.03954854,0.03941315,0.03927696,0.03913523,0.0389932,0.03885111,0.03871061,0.03857411,0.03843611,0.03830395,0.03818758,0.03807475,0.03795993,0.0378634,0.03779639,0.03774107,0.03767815,0.03762761,0.03761913,0.0376429,0.03769198,0.03773108,0.03778367,0.03783875,0.03791923,0.03803267,0.03815156,0.03828386,0.03843562,0.03860929,0.03878695,0.03895735,0.03911258,0.03924795,0.03935471,0.03943168,0.03948269,0.03952187,0.0395531,0.03957959,0.03960025,0.03962712,0.03965115,0.0396624,0.03966545,0.03965634,0.0396505,0.03965069,0.03965883,0.03966552,0.0396679,0.03967348,0.03968554,0.03970267,0.03972132,0.03974272,0.03976732,0.0397961,0.03982857
0.03648417,0.03652382,0.0365633,0.03660633,0.03665357,0.03669995,0.03674772,0.03679973,0.03684891,0.0369,0.03695288,0.03700296,0.03705415,0.03710579,0.03715384,0.03720313,0.03725043,0.03729504,0.0373388,0.03738052,0.0374185,0.03745463,0.03748764,0.03751723,0.0375426,0.0375643,0.03758136,0.03759401,0.03760125,0.0376034,0.03759951,0.03758976,0.03757296,0.03754934,0.0375189,0.03748173,0.03743512,0.03738122,0.03732072,0.0372494,0.0371702,0.03708534,0.03698736,0.03688401,0.03677391,0.03665088,0.03652516,0.03639195,0.03624794,0.03610369,0.03595257,0.03579523,0.03563819,0.03547852,0.0353185,0.03515916,0.03500098,0.03485272,0.03471035,0.03456764,0.03444065,0.03433885,0.03424578,0.03415418,0.03408579,0.03406365,0.0340711,0.03407979,0.03410127,0.03414285,0.03423977,0.03436639,0.03452706,0.03468955,0.03483487,0.03498853,0.03514818,0.03531687,0.03549461,0.03568917,0.03588842,0.03607267,0.03622309,0.03633574,0.03641067,0.03645433,0.03646966,0.03647133,0.03646808,0.03646504,0.03644761,0.03642439,0.03640517,0.03638809,0.03638041,0.03636842,0.03635237,0.03633238,0.03632009,0.03631882,0.03632144,0.03632555,0.03633305,0.03634734,0.0363669,0.0363911,0.03641849,0.03644912
0.03290106,0.03294592,0.03299674,0.03304903,0.03310141,0.03315838,0.03321651,0.03327277,0.03333332,0.03339281,0.03345079,0.03351135,0.03356971,0.03362641,0.03368455,0.03373896,0.03379228,0.03384471,0.03389372,0.03394018,0.03398494,0.03402574,0.03406307,0.03409673,0.03412667,0.03415185,0.03417235,0.03418744,0.03419716,0.0342007,0.03419802,0.0341884,0.03417211,0.03414837,0.03411634,0.03407552,0.03402775,0.03397054,0.03390265,0.03382808,0.03374334,0.03364656,0.03354483,0.03343079,0.03330621,0.03317779,0.03303592,0.03288681,0.03273451,0.03257039,0.03240272,0.03223294,0.03205686,0.03188036,0.03170394,0.0315303,0.03136244,0.03119609,0.03103963,0.0309045,0.03077955,0.03066096,0.03057038,0.03052105,0.030496,0.03047659,0.03048195,0.0305444,0.03065216,0.03079702,0.03093936,0.03110051,0.03126716,0.0314518,0.03165342,0.03183595,0.03201425,0.03220975,0.03243538,0.03266834,0.03288206,0.03305321,0.03316924,0.03322078,0.03321284,0.03316154,0.03309759,0.03303818,0.03299248,0.03295618,0.03293561,0.03291301,0.03287908,0.03284038,0.03279403,0.03275742,0.0327316,0.03271874,0.03270757,0.03269646,0.03269274,0.03269913,0.03271323,0.03273156,0.03275505,0.03278393,0.03281862,0.03285845
0.02915469,0.02921963,0.02928429,0.02935245,0.02942429,0.02949457,0.0295661,0.02964095,0.02971229,0.02978509,0.02985873,0.02992882,0.02999952,0.03006959,0.03013549,0.03020188,0.03026536,0.03032545,0.03038397,0.03043951,0.03049063,0.03053905,0.03058351,0.03062364,0.03065873,0.03068917,0.03071405,0.03073344,0.03074642,0.03075311,0.03075262,0.03074495,0.03072895,0.0307047,0.03067217,0.0306312,0.03057923,0.03051825,0.03044877,0.03036651,0.03027465,0.03017481,0.03005997,0.02993778,0.02980655,0.02966056,0.02951009,0.02934999,0.02917791,0.02900412,0.02882247,0.02863428,0.02844653,0.02825686,0.02806879,0.02788403,0.02770459,0.02754037,0.02738914,0.02724595,0.02712886,0.02704881,0.02699111,0.02694864,0.02694417,0.02700102,0.02710301,0.02721558,0.02734843,0.02750301,0.02771257,0.02795129,0.02822021,0.02847286,0.02865943,0.02880076,0.02891553,0.02904095,0.02919738,0.02938316,0.02955586,0.02967275,0.02971157,0.02967773,0.02958404,0.029455,0.02931724,0.0292062,0.02913354,0.02908973,0.02903779,0.02897977,0.02892663,0.02888299,0.02885782,0.02883424,0.02881333,0.02879383,0.02878824,0.02879733,0.02881348,0.02883389,0.02886062,0.02889614,0.02893845,0.02898642,0.02903843,0.02909411
0.02532767,0.02541608,0.02550895,0.02560159,0.02569291,0.02578746,0.02588121,0.0259719,0.02606534,0.02615602,0.02624397,0.02633305,0.02641832,0.02650091,0.02658341,0.02666091,0.02673617,0.02680923,0.02687761,0.02694243,0.02700424,0.02706097,0.02711306,0.02716038,0.0272027,0.02723912,0.02726959,0.02729346,0.02731062,0.0273203,0.02732232,0.02731602,0.02730145,0.02727792,0.02724436,0.02720045,0.02714769,0.02708363,0.02700704,0.02692186,0.02682428,0.02671297,0.0265945,0.02646171,0.02631671,0.02616595,0.02600008,0.025826,0.02564734,0.02545658,0.02526231,0.02506662,0.02486625,0.0246683,0.02447411,0.02428821,0.02411482,0.02395171,0.02380856,0.02369914,0.02361333,0.0235484,0.02352613,0.02356127,0.02363515,0.02372565,0.02384477,0.02402507,0.02424866,0.02449935,0.02471996,0.02493613,0.02515106,0.02534944,0.02548555,0.02551086,0.0254945,0.02552743,0.02564958,0.02579669,0.0258826,0.0258676,0.0257627,0.02558245,0.02534522,0.02508803,0.02487656,0.02474865,0.02470098,0.02469151,0.02469185,0.02466916,0.02463433,0.02460881,0.02458716,0.02458319,0.02459479,0.02462426,0.02465678,0.02469184,0.02473617,0.02479183,0.02485517,0.0249228,0.02499522,0.02507243,0.02515441,0.0252404
0.02151704,0.02164087,0.02176164,0.02188323,0.0220057,0.02212381,0.02224108,0.02235888,0.02247097,0.02258241,0.02269241,0.02279679,0.02290005,0.02300046,0.02309518,0.02318853,0.02327726,0.02336102,0.02344174,0.02351775,0.02358807,0.02365411,0.02371482,0.02376966,0.02381819,0.02386054,0.02389601,0.02392443,0.02394509,0.02395782,0.02396196,0.0239572,0.02394264,0.02391803,0.02388355,0.02383863,0.02378111,0.02371262,0.02363375,0.02354011,0.02343528,0.02332019,0.02318867,0.02304805,0.02289679,0.02272964,0.0225572,0.02237427,0.02217992,0.0219842,0.02178238,0.02157655,0.02137506,0.02117656,0.0209867,0.02080821,0.02064546,0.02050952,0.02040056,0.0203137,0.02026815,0.02027455,0.02031752,0.0203848,0.02049624,0.02067108,0.02088684,0.02108954,0.02128991,0.02147434,0.02165047,0.02181733,0.02203112,0.02218906,0.02212428,0.02189612,0.02163663,0.02147081,0.0214257,0.02141169,0.02131175,0.02111179,0.02085795,0.02058654,0.02030379,0.02004331,0.0198688,0.01982746,0.01988995,0.01998237,0.02001121,0.01999234,0.01999054,0.02003223,0.02010243,0.02016877,0.02023876,0.02031008,0.02039513,0.02049212,0.02059384,0.02069709,0.02080443,0.0209175,0.02103433,0.0211535,0.02127368,0.0213943
0.01783445,0.01799124,0.0181483,0.01830125,0.01844936,0.01859747,0.01874115,0.01887911,0.01901679,0.01914885,0.01927575,0.01940127,0.01952045,0.01963502,0.0197471,0.01985222,0.01995321,0.02005005,0.0201404,0.02022557,0.0203059,0.02037957,0.02044699,0.02050808,0.02056254,0.02060959,0.02064911,0.02068052,0.02070361,0.0207177,0.02072247,0.02071735,0.02070226,0.02067653,0.02063906,0.02058959,0.02052943,0.02045622,0.02036887,0.02027119,0.0201594,0.02003267,0.01989724,0.01974644,0.01958286,0.01941289,0.01922806,0.01903599,0.01884058,0.01863589,0.01843128,0.01823015,0.01803089,0.01784218,0.01766685,0.0175114,0.01738144,0.01727611,0.01720521,0.01718315,0.01719794,0.01724257,0.01733388,0.01748333,0.01766307,0.01783998,0.01800556,0.01817975,0.01836312,0.01852979,0.0185163,0.01841852,0.0184063,0.01831761,0.01796309,0.01742771,0.01692242,0.01658464,0.01641416,0.01620403,0.01584118,0.01542724,0.01507523,0.01479553,0.01455076,0.01436939,0.0143498,0.01449855,0.0147347,0.01495763,0.0150951,0.01515254,0.01525577,0.01542005,0.01556539,0.01570727,0.01586504,0.01603714,0.01619959,0.01635785,0.01651909,0.01668576,0.01685322,0.01701912,0.01718383,0.01734812,0.01751182,0.01767492
0.01437797,0.0145704,0.01475534,0.01493695,0.0151154,0.01528558,0.0154519,0.01561496,0.01576954,0.01592045,0.01606719,0.01620552,0.01634067,0.01647004,0.01659205,0.0167101,0.01682184,0.01692633,0.01702634,0.01711927,0.01720537,0.01728492,0.01735801,0.01742302,0.01748077,0.0175301,0.01757165,0.0176039,0.01762755,0.01764098,0.01764502,0.01763779,0.01762002,0.01758982,0.01754902,0.0174953,0.01742844,0.01734825,0.01725713,0.0171491,0.0170299,0.01689831,0.01675105,0.01659331,0.01642624,0.01624325,0.01605769,0.01586278,0.01566165,0.01546226,0.01526454,0.01506907,0.01488874,0.01472071,0.01457556,0.01445349,0.01436329,0.01431206,0.01430337,0.01432386,0.01439255,0.01450937,0.01465414,0.0147953,0.01494374,0.01511246,0.01527161,0.0152787,0.01524028,0.0151456,0.01478652,0.01432803,0.0141452,0.01380788,0.01300826,0.01221075,0.01150091,0.0108229,0.01012638,0.009383007,0.008695027,0.008223314,0.007994732,0.007992717,0.008156386,0.008446706,0.008828082,0.009244122,0.009638396,0.009990189,0.01016334,0.01027649,0.01055025,0.01091078,0.01120319,0.01145318,0.01172016,0.01196625,0.01220614,0.01244842,0.0126844,0.01291131,0.01313314,0.01335213,0.01356698,0.01377717,0.01398201,0.01418147
0.01123195,0.01144951,0.01166189,0.01186703,0.01206288,0.0122561,0.01244074,0.01261747,0.01279045,0.01295536,0.01311247,0.01326581,0.01341036,0.01354827,0.01368148,0.01380564,0.01392407,0.01403604,0.01414023,0.01423704,0.01432786,0.01440974,0.01448457,0.01455066,0.01460951,0.01465846,0.01469949,0.0147298,0.01475159,0.01476162,0.01476235,0.01475029,0.01472847,0.01469298,0.01464626,0.01458452,0.01451281,0.01442503,0.01432455,0.01421079,0.0140849,0.01394189,0.01379295,0.01362713,0.01345316,0.01327215,0.01308303,0.01288813,0.01269886,0.01250447,0.0123224,0.01215037,0.0119961,0.01186113,0.01175753,0.01168297,0.01165139,0.01164948,0.01169254,0.01177885,0.01189819,0.01201561,0.01214548,0.01228188,0.01237819,0.01237875,0.01229734,0.01197592,0.01166207,0.01140398,0.01054248,0.009430793,0.0085144,0.00743218,0.006465528,0.005873112,0.005277017,0.00437709,0.003113949,0.001988168,0.001332088,0.001098005,0.001142104,0.001472751,0.002113891,0.00294429,0.00364207,0.004110597,0.004436539,0.00480734,0.005231947,0.005695587,0.006296609,0.006855686,0.007187159,0.007532613,0.007935215,0.008294372,0.008610341,0.008918375,0.009209863,0.009496946,0.009771275,0.01003595,0.01028901,0.01053615,0.01077465,0.01100843
0.008454128,0.008687695,0.008914971,0.009131685,0.009346507,0.009546262,0.009743907,0.00993173,0.01011279,0.01028428,0.0104531,0.01060797,0.01076144,0.01090351,0.01104024,0.01116768,0.01129066,0.01140142,0.01150957,0.01160562,0.01169692,0.01177676,0.01185215,0.01191466,0.01197204,0.01201624,0.01205483,0.01207939,0.0120976,0.01210089,0.01209716,0.01207752,0.01204986,0.01200525,0.01195275,0.01188294,0.01180318,0.01170604,0.01160152,0.01147674,0.01134529,0.01119857,0.01104219,0.01087375,0.01070337,0.01051767,0.01033892,0.01015352,0.009974712,0.009802623,0.009648057,0.009503369,0.009391632,0.009300737,0.009250454,0.009228409,0.009250152,0.00930621,0.009404396,0.009504901,0.009625775,0.00974079,0.009811422,0.009791447,0.009646296,0.009377594,0.009150415,0.008306442,0.007317723,0.006341011,0.005123502,0.003914957,0.00198499,0.0005419296,0.0002069003,0.0001572679,0.0001382696,0.0001125806,7.924852e-05,4.919851e-05,3.198238e-05,2.072275e-05,1.888802e-05,1.97769e-05,3.11045e-05,5.205953e-05,7.860688e-05,9.644669e-05,0.0001288832,0.0002836816,0.0009148479,0.001872562,0.002585469,0.003167046,0.003662385,0.004197394,0.004747228,0.005116113,0.005500169,0.005877074,0.006224195,0.006544125,0.006853515,0.007143992,0.007428859,0.007697248,0.007960184,0.008208129
0.006075655,0.006311318,0.006545424,0.006765891,0.006980025,0.007186403,0.007386031,0.007573723,0.007758678,0.007932195,0.008098292,0.008258143,0.008408499,0.008550957,0.008686932,0.008813531,0.00893195,0.009044314,0.009145575,0.009240952,0.009325992,0.009404548,0.009470926,0.009531945,0.009579681,0.009621918,0.009649329,0.009671425,0.009677201,0.009677736,0.009660291,0.009637752,0.00959589,0.009549348,0.009481286,0.009408757,0.009315128,0.009217743,0.009096199,0.008975688,0.008831174,0.008686817,0.008524302,0.008365513,0.008186925,0.008025443,0.007844987,0.007687612,0.007525046,0.007391555,0.00725893,0.007174485,0.007093971,0.007072316,0.00705988,0.007112663,0.0071694,0.007279594,0.007365563,0.007498839,0.007549819,0.007574121,0.007404048,0.007241302,0.006808471,0.006001358,0.005081008,0.003937348,0.002436928,0.0006544486,0.0001784783,9.916846e-05,3.647757e-05,2.49654e-05,2.329805e-05,-3.495268e-06,NaN,NaN,NaN,NaN,NaN,NaN,NaN,NaN,NaN,NaN,NaN,-1.616719e-05,4.037992e-08,-8.432651e-06,-6.383277e-06,1.833667e-05,7.02074e-05,0.0002320075,0.0008998569,0.001558924,0.002096518,0.002543662,0.003012615,0.003416222,0.003766577,0.004113882,0.004437898,0.004738424,0.005029006,0.005302799,0.005571438,0.005826879
0.004101932,0.00433976,0.004551841,0.004773828,0.004974363,0.005179877,0.005363755,0.005557385,0.005724377,0.005901472,0.006055409,0.006215106,0.006352737,0.006498462,0.006618033,0.006747948,0.0068521,0.006964059,0.0070517,0.007147458,0.007216565,0.007294723,0.007346127,0.007405635,0.007437376,0.007477347,0.007488711,0.007507975,0.007497562,0.007494797,0.007461352,0.00743534,0.007377427,0.007326831,0.007244262,0.007169765,0.007061368,0.006962452,0.006832217,0.006710696,0.006559073,0.006423265,0.006255514,0.006109644,0.005940394,0.005793745,0.005633444,0.005508098,0.005369847,0.005282753,0.00519282,0.005158694,0.005131925,0.005169348,0.005209285,0.005310358,0.005392178,0.0055202,0.005592474,0.005643319,0.005547581,0.005430382,0.005004817,0.00434114,0.00349517,0.002203686,0.0006470867,0.0001516151,3.908728e-05,2.829607e-05,3.483671e-05,NaN,NaN,NaN,NaN,NaN,NaN,NaN,NaN,NaN,NaN,NaN,NaN,NaN,NaN,NaN,NaN,NaN,NaN,NaN,NaN,NaN,-6.198577e-06,-7.850519e-06,-1.096606e-05,3.790759e-05,0.0001741494,0.0006704332,0.001150864,0.001540391,0.001895511,0.002247383,0.002538082,0.002835994,0.003104465,0.003376045,0.003621344,0.0038723
0.002540727,0.00274551,0.002945419,0.003140839,0.003325683,0.003511611,0.003686141,0.003856071,0.004019046,0.004176324,0.0043225,0.004466772,0.004598387,0.004725308,0.004843144,0.004953559,0.005054206,0.005149309,0.005232777,0.005309751,0.005376776,0.005435558,0.005483799,0.005523694,0.005553144,0.005572962,0.005582138,0.005580715,0.005568618,0.005544859,0.005510404,0.005463373,0.005406129,0.005335715,0.005255069,0.005160626,0.005058739,0.004943084,0.004820074,0.004687353,0.004550939,0.004403925,0.004262829,0.004114631,0.003975593,0.00384213,0.003723969,0.003616031,0.003541318,0.00348036,0.003460401,0.003465673,0.003513941,0.003582578,0.003688667,0.003796424,0.003915065,0.003978116,0.003990127,0.003898537,0.00363563,0.003094866,0.002401973,0.001227807,0.0002458166,4.028949e-05,2.850806e-05,3.216679e-05,NaN,NaN,NaN,NaN,NaN,NaN,NaN,NaN,NaN,NaN,NaN,NaN,NaN,NaN,NaN,NaN,NaN,NaN,NaN,NaN,NaN,NaN,NaN,NaN,NaN,NaN,NaN,-5.102343e-06,-1.285481e-05,-5.431871e-06,4.35789e-05,0.0002846583,0.0006225065,0.0009095936,0.001174317,0.001431142,0.001666927,0.001894642,0.002115388,0.002333196
0.001361262,0.001528286,0.001691164,0.001853363,0.002014178,0.002169165,0.002320904,0.002470276,0.00261075,0.002748283,0.00287945,0.003002706,0.003120396,0.003231528,0.003332948,0.003429464,0.003516446,0.003595626,0.003666684,0.003729745,0.003782657,0.003828073,0.003863432,0.003890095,0.003906083,0.003913197,0.003909245,0.003895892,0.003871,0.003836351,0.003789908,0.003733517,0.003665093,0.003586793,0.003497544,0.003399546,0.00329035,0.003174444,0.00305168,0.002922646,0.00279028,0.002659756,0.002527165,0.002403617,0.00228925,0.002186375,0.002104385,0.002046067,0.002010605,0.002012148,0.002043752,0.002108434,0.002204438,0.002326256,0.002452078,0.002574328,0.002643227,0.002648227,0.002524883,0.002184717,0.001641541,0.0007478665,0.0001332899,1.752879e-05,2.386191e-05,2.768295e-05,NaN,NaN,NaN,NaN,NaN,NaN,NaN,NaN,NaN,NaN,NaN,NaN,NaN,NaN,NaN,NaN,NaN,NaN,NaN,NaN,NaN,NaN,NaN,NaN,NaN,NaN,NaN,NaN,NaN,NaN,NaN,-9.417683e-06,-1.136524e-05,-1.107863e-05,9.951546e-06,0.0001208551,0.000318971,0.0005090542,0.0006820683,0.0008586427,0.001027096,0.001193332
0.0005416358,0.0006527346,0.0007731953,0.0008911504,0.001009585,0.001133056,0.001252384,0.001369074,0.00148589,0.00159727,0.001703155,0.001807022,0.00190276,0.001993168,0.002078041,0.002154714,0.002224536,0.002287749,0.002341757,0.002388346,0.00242679,0.002456333,0.002476789,0.002488519,0.002490913,0.00248379,0.002466905,0.002440136,0.002403428,0.002356579,0.002299773,0.002232914,0.002156721,0.002071136,0.001976641,0.001873737,0.001765189,0.001650288,0.00153091,0.001411351,0.001292144,0.00117484,0.001068364,0.0009702084,0.00088693,0.0008269447,0.0007881742,0.0007770943,0.0008019382,0.0008573624,0.0009457127,0.00106693,0.001208149,0.001359624,0.001490369,0.001587551,0.001602067,0.001450649,0.001138415,0.0005387408,9.06625e-05,1.275537e-05,1.969756e-05,NaN,NaN,NaN,NaN,NaN,NaN,NaN,NaN,NaN,NaN,NaN,NaN,NaN,NaN,NaN,NaN,NaN,NaN,NaN,NaN,NaN,NaN,NaN,NaN,NaN,NaN,NaN,NaN,NaN,NaN,NaN,NaN,NaN,NaN,NaN,NaN,NaN,-1.156095e-05,-1.042229e-05,-2.942378e-06,4.587989e-05,0.0001356891,0.0002332075,0.0003262848,0.000435391
4.90113e-05,0.0001011315,0.0001565919,0.0002209496,0.000294412,0.0003722892,0.0004504928,0.0005351549,0.0006151155,0.0006975198,0.0007763428,0.0008520464,0.0009241083,0.0009927166,0.001053284,0.001111228,0.001160813,0.001204302,0.00124062,0.001270102,0.00129049,0.001304118,0.001308806,0.001305375,0.001292653,0.001271518,0.00124108,0.001201758,0.001153212,0.001095654,0.001029372,0.0009543195,0.0008713123,0.000780272,0.0006835689,0.0005808667,0.0004739799,0.0003642909,0.0002565476,0.0001481326,4.724026e-05,-4.483205e-05,-0.0001253846,-0.0001892421,-0.0002290478,-0.0002485725,-0.000232313,-0.0001873812,-0.0001078404,8.888579e-06,0.0001567406,0.0003193686,0.0005002422,0.0006638737,0.0007856592,0.000808035,0.0007210496,0.0004104097,7.380648e-05,9.778305e-06,1.403918e-05,NaN,NaN,NaN,NaN,NaN,NaN,NaN,NaN,NaN,NaN,NaN,NaN,NaN,NaN,NaN,NaN,NaN,NaN,NaN,NaN,NaN,NaN,NaN,NaN,NaN,NaN,NaN,NaN,NaN,NaN,NaN,NaN,NaN,NaN,NaN,NaN,NaN,NaN,NaN,NaN,NaN,-1.149855e-05,-9.958952e-06,-1.064536e-05,-1.182912e-05,-5.376866e-06,1.925522e-05
-0.000136264,-0.0001675614,-0.0001793754,-0.000178545,-0.0001671683,-0.0001342335,-0.0001051341,-6.447808e-05,-1.96462e-05,2.699173e-05,7.114754e-05,0.0001203278,0.0001630917,0.0002052109,0.0002434392,0.0002771009,0.0003051741,0.0003291061,0.0003452113,0.0003556641,0.0003593063,0.0003553347,0.0003439073,0.0003246212,0.0002980028,0.0002625793,0.0002199598,0.0001681423,0.000109673,4.192652e-05,-3.15185e-05,-0.00011375,-0.0001998619,-0.0002934702,-0.0003889635,-0.0004900637,-0.0005880765,-0.0006884343,-0.0007822351,-0.0008711901,-0.0009464786,-0.001013448,-0.001054129,-0.001079635,-0.001074493,-0.001039473,-0.0009661742,-0.0008672489,-0.0007203181,-0.0005482514,-0.000347927,-0.000144141,6.453104e-05,0.0002125799,0.0003068112,0.0002364934,6.261338e-05,7.14308e-06,9.522822e-06,1.171319e-05,NaN,NaN,NaN,NaN,NaN,NaN,NaN,NaN,NaN,NaN,NaN,NaN,NaN,NaN,NaN,NaN,NaN,NaN,NaN,NaN,NaN,NaN,NaN,NaN,NaN,NaN,NaN,NaN,NaN,NaN,NaN,NaN,NaN,NaN,NaN,NaN,NaN,NaN,NaN,NaN,NaN,NaN,NaN,-9.885832e-06,-1.089973e-05,-1.00037e-05,-2.282842e-05,-8.126325e-05
-5.897956e-05,-0.0001713774,-0.0002690916,-0.0003442329,-0.0003893012,-0.0004186634,-0.0004448942,-0.0004467583,-0.0004479912,-0.0004402373,-0.0004302674,-0.000415876,-0.000402378,-0.0003873858,-0.0003775153,-0.0003662289,-0.0003616266,-0.000359629,-0.0003636179,-0.0003713813,-0.0003873471,-0.0004072167,-0.0004353813,-0.0004686719,-0.0005106381,-0.0005577587,-0.0006134437,-0.0006742537,-0.0007432521,-0.0008167694,-0.0008974433,-0.0009813721,-0.001070911,-0.001161675,-0.001254824,-0.00134558,-0.00143588,-0.001518825,-0.001593881,-0.001657188,-0.001706113,-0.00173214,-0.00173785,-0.001712507,-0.001656922,-0.001565523,-0.00143253,-0.001265019,-0.001069084,-0.0008282977,-0.0005826459,-0.0003479026,-0.000128972,3.353783e-06,3.409489e-05,5.23098e-06,4.579244e-06,5.241466e-06,NaN,NaN,NaN,NaN,NaN,NaN,NaN,NaN,NaN,NaN,NaN,NaN,NaN,NaN,NaN,NaN,NaN,NaN,NaN,NaN,NaN,NaN,NaN,NaN,NaN,NaN,NaN,NaN,NaN,NaN,NaN,NaN,NaN,NaN,NaN,NaN,NaN,NaN,NaN,NaN,NaN,NaN,NaN,NaN,NaN,NaN,NaN,-9.934507e-06,-9.92593e-06,-1.288479e-05
-9.493902e-06,-2.349051e-05,-0.0001397471,-0.0002857227,-0.0004066441,-0.0005033413,-0.00058418,-0.0006448812,-0.0006850906,-0.0007258076,-0.0007535747,-0.0007736441,-0.0007919141,-0.0008098835,-0.0008234758,-0.00084095,-0.0008583054,-0.0008790496,-0.0009028417,-0.0009314772,-0.0009632481,-0.001001402,-0.001043983,-0.001092749,-0.001146268,-0.001206187,-0.001270915,-0.001341563,-0.001416478,-0.001496282,-0.001579104,-0.001664941,-0.001751468,-0.001838097,-0.001922597,-0.002003404,-0.002076248,-0.002139997,-0.002191084,-0.002223847,-0.00223631,-0.002225455,-0.002180289,-0.002103879,-0.001994984,-0.001839606,-0.001640549,-0.001415566,-0.001152481,-0.0008586038,-0.0005723516,-0.0002999891,-9.239446e-05,-7.413263e-06,4.965249e-07,1.031482e-06,NaN,NaN,NaN,NaN,NaN,NaN,NaN,NaN,NaN,NaN,NaN,NaN,NaN,NaN,NaN,NaN,NaN,NaN,NaN,NaN,NaN,NaN,NaN,NaN,NaN,NaN,NaN,NaN,NaN,NaN,NaN,NaN,NaN,NaN,NaN,NaN,NaN,NaN,NaN,NaN,NaN,NaN,NaN,NaN,NaN,NaN,NaN,NaN,NaN,NaN,NaN,-8.951399e-06
-1.002333e-05,-8.449644e-06,-1.188867e-05,-6.0039e-05,-0.0002394827,-0.0004131049,-0.0005549433,-0.0006687511,-0.0007609509,-0.0008515255,-0.0009155657,-0.0009769384,-0.001026955,-0.001077289,-0.001119565,-0.00116316,-0.001203621,-0.001248807,-0.001291226,-0.001339776,-0.001388607,-0.001443573,-0.001499448,-0.001562367,-0.001626735,-0.001697777,-0.001770002,-0.001848318,-0.00192702,-0.002010482,-0.002092505,-0.002177066,-0.002257533,-0.002337412,-0.002408635,-0.002474402,-0.002526868,-0.002567847,-0.002586302,-0.002587239,-0.002558352,-0.002501639,-0.002405236,-0.002273498,-0.002099461,-0.001889218,-0.001614893,-0.001325349,-0.001007007,-0.0006590586,-0.0003307766,-6.152631e-05,-6.023175e-06,-1.603942e-06,-8.29295e-07,NaN,NaN,NaN,NaN,NaN,NaN,NaN,NaN,NaN,NaN,NaN,NaN,NaN,NaN,NaN,NaN,NaN,NaN,NaN,NaN,NaN,NaN,NaN,NaN,NaN,NaN,NaN,NaN,NaN,NaN,NaN,NaN,NaN,NaN,NaN,NaN,NaN,NaN,NaN,NaN,NaN,NaN,NaN,NaN,NaN,NaN,NaN,NaN,NaN,NaN,NaN,NaN,NaN
NaN,NaN,-7.752446e-06,-8.633928e-06,-2.490985e-05,-0.0001702191,-0.0003657305,-0.000545952,-0.0006942804,-0.0008303323,-0.0009436689,-0.001036617,-0.001128146,-0.001209029,-0.001280708,-0.00135014,-0.001417414,-0.001481789,-0.00154717,-0.001612561,-0.001679273,-0.001747872,-0.001819087,-0.001892255,-0.001968142,-0.002046062,-0.00212629,-0.002207742,-0.002290357,-0.002372538,-0.002453713,-0.002531627,-0.00260514,-0.002671311,-0.002728951,-0.002774051,-0.002803451,-0.002813498,-0.002801898,-0.002759624,-0.002687883,-0.002582343,-0.002430085,-0.002232342,-0.002004472,-0.0017188,-0.001381951,-0.001025387,-0.0006317601,-0.0002596936,-3.042269e-05,-5.255818e-06,-3.004664e-06,NaN,NaN,NaN,NaN,NaN,NaN,NaN,NaN,NaN,NaN,NaN,NaN,NaN,NaN,NaN,NaN,NaN,NaN,NaN,NaN,NaN,NaN,NaN,NaN,NaN,NaN,NaN,NaN,NaN,NaN,NaN,NaN,NaN,NaN,NaN,NaN,NaN,NaN,NaN,NaN,NaN,NaN,NaN,NaN,NaN,NaN,NaN,NaN,NaN,NaN,NaN,NaN,NaN,NaN,NaN
NaN,NaN,NaN,-9.541815e-06,-6.98605e-06,-1.314143e-05,-7.470404e-05,-0.0002929172,-0.0005066729,-0.0006870666,-0.0008458279,-0.0009789234,-0.001110869,-0.001220857,-0.001326369,-0.00141898,-0.001513538,-0.001598314,-0.001685178,-0.001765986,-0.001851531,-0.001931741,-0.002017246,-0.002098584,-0.002185525,-0.002267792,-0.002355014,-0.002436475,-0.002521704,-0.002598931,-0.002677498,-0.002744462,-0.002809495,-0.002858099,-0.002899646,-0.002917807,-0.002923585,-0.002897909,-0.002851071,-0.002762431,-0.002647118,-0.002481675,-0.002278901,-0.002009131,-0.001717591,-0.001363504,-0.000966698,-0.0005321958,-0.0001216319,-1.527236e-05,-5.045984e-06,-6.715362e-06,NaN,NaN,NaN,NaN,NaN,NaN,NaN,NaN,NaN,NaN,NaN,NaN,NaN,NaN,NaN,NaN,NaN,NaN,NaN,NaN,NaN,NaN,NaN,NaN,NaN,NaN,NaN,NaN,NaN,NaN,NaN,NaN,NaN,NaN,NaN,NaN,NaN,NaN,NaN,NaN,NaN,NaN,NaN,NaN,NaN,NaN,NaN,NaN,NaN,NaN,NaN,NaN,NaN,NaN,NaN,NaN
NaN,NaN,NaN,NaN,NaN,-6.725853e-06,-8.29055e-06,-3.293928e-05,-0.0002131156,-0.0004321189,-0.000641549,-0.0008202441,-0.000986335,-0.001135933,-0.001264075,-0.001389792,-0.001505355,-0.001614044,-0.001717576,-0.001819072,-0.001915777,-0.00201235,-0.002105931,-0.002199458,-0.002290064,-0.002380446,-0.002467049,-0.002552286,-0.002631977,-0.002708083,-0.002775403,-0.002835491,-0.002882162,-0.002916666,-0.002932033,-0.002929254,-0.002898194,-0.002841634,-0.002750317,-0.002619659,-0.002443993,-0.002235008,-0.001958716,-0.001632002,-0.001264346,-0.0008317697,-0.0003939049,-5.546501e-05,-9.352516e-06,-6.055112e-06,NaN,NaN,NaN,NaN,NaN,NaN,NaN,NaN,NaN,NaN,NaN,NaN,NaN,NaN,NaN,NaN,NaN,NaN,NaN,NaN,NaN,NaN,NaN,NaN,NaN,NaN,NaN,NaN,NaN,NaN,NaN,NaN,NaN,NaN,NaN,NaN,NaN,NaN,NaN,NaN,NaN,NaN,NaN,NaN,NaN,NaN,NaN,NaN,NaN,NaN,NaN,NaN,NaN,NaN,NaN,NaN,NaN,NaN
NaN,NaN,NaN,NaN,NaN,NaN,-8.519637e-06,-6.211811e-06,-1.772116e-05,-0.0001091342,-0.000345155,-0.000577792,-0.000776085,-0.0009594666,-0.001118148,-0.00127203,-0.001410076,-0.001542131,-0.001662313,-0.001781461,-0.001891428,-0.002001097,-0.002102922,-0.00220536,-0.002300373,-0.002395318,-0.002481606,-0.002566596,-0.002640887,-0.002711407,-0.002767352,-0.002815563,-0.002844186,-0.002860116,-0.002849014,-0.002818524,-0.002752512,-0.002659817,-0.002521703,-0.002345664,-0.002112936,-0.001845146,-0.001507119,-0.001122461,-0.0006657296,-0.0002034409,-2.89822e-05,-7.268211e-06,-1.016054e-05,NaN,NaN,NaN,NaN,NaN,NaN,NaN,NaN,NaN,NaN,NaN,NaN,NaN,NaN,NaN,NaN,NaN,NaN,NaN,NaN,NaN,NaN,NaN,NaN,NaN,NaN,NaN,NaN,NaN,NaN,NaN,NaN,NaN,NaN,NaN,NaN,NaN,NaN,NaN,NaN,NaN,NaN,NaN,NaN,NaN,NaN,NaN,NaN,NaN,NaN,NaN,NaN,NaN,NaN,NaN,NaN,NaN,NaN,NaN
NaN,NaN,NaN,NaN,NaN,NaN,NaN,-7.375964e-06,-5.519457e-06,-1.00664e-05,-5.078724e-05,-0.0002632593,-0.0004909529,-0.0007078973,-0.0009006729,-0.001078122,-0.001244893,-0.001391732,-0.001534772,-0.001666271,-0.001792077,-0.00190949,-0.00202339,-0.002128993,-0.002231181,-0.002324656,-0.002413475,-0.002491977,-0.002563757,-0.002622081,-0.002669903,-0.002699191,-0.002712968,-0.002701692,-0.00266857,-0.002602932,-0.002505606,-0.002365391,-0.002191604,-0.001955263,-0.001673886,-0.001338632,-0.0009360439,-0.0005026815,-9.428152e-05,-1.581201e-05,-6.867519e-06,-8.939495e-06,NaN,NaN,NaN,NaN,NaN,NaN,NaN,NaN,NaN,NaN,NaN,NaN,NaN,NaN,NaN,NaN,NaN,NaN,NaN,NaN,NaN,NaN,NaN,NaN,NaN,NaN,NaN,NaN,NaN,NaN,NaN,NaN,NaN,NaN,NaN,NaN,NaN,NaN,NaN,NaN,NaN,NaN,NaN,NaN,NaN,NaN,NaN,NaN,NaN,NaN,NaN,NaN,NaN,NaN,NaN,NaN,NaN,NaN,NaN,NaN
NaN,NaN,NaN,NaN,NaN,NaN,NaN,NaN,-5.894213e-06,-7.147433e-06,-6.565331e-06,-2.786343e-05,-0.0001604235,-0.0003930948,-0.0006251448,-0.0008266112,-0.001015011,-0.001183408,-0.001343408,-0.001489356,-0.001627951,-0.001755179,-0.001876408,-0.001987035,-0.002092421,-0.002186224,-0.002273194,-0.002346852,-0.002411422,-0.002459198,-0.002493687,-0.002505808,-0.002499541,-0.002464299,-0.002402681,-0.002303764,-0.002170155,-0.001987912,-0.001765171,-0.001480392,-0.001145972,-0.000732891,-0.0003013432,-5.065447e-05,-1.001757e-05,-1.058739e-05,-6.889255e-06,NaN,NaN,NaN,NaN,NaN,NaN,NaN,NaN,NaN,NaN,NaN,NaN,NaN,NaN,NaN,NaN,NaN,NaN,NaN,NaN,NaN,NaN,NaN,NaN,NaN,NaN,NaN,NaN,NaN,NaN,NaN,NaN,NaN,NaN,NaN,NaN,NaN,NaN,NaN,NaN,NaN,NaN,NaN,NaN,NaN,NaN,NaN,NaN,NaN,NaN,NaN,NaN,NaN,NaN,NaN,NaN,NaN,NaN,NaN,NaN,NaN
NaN,NaN,NaN,NaN,NaN,NaN,NaN,NaN,NaN,NaN,-7.025214e-06,-5.069087e-06,-1.578293e-05,-8.18933e-05,-0.0003028248,-0.0005271243,-0.000735989,-0.0009265728,-0.001100285,-0.001264333,-0.001410078,-0.001549678,-0.001674589,-0.001792468,-0.001896506,-0.00199261,-0.00207326,-0.002144259,-0.002196961,-0.002236611,-0.002253047,-0.002250923,-0.002219049,-0.002162331,-0.002066776,-0.001940419,-0.001761967,-0.001542311,-0.001267499,-0.000933548,-0.0005490659,-0.0001499172,-2.785653e-05,-7.579694e-06,-1.076322e-05,NaN,NaN,NaN,NaN,NaN,NaN,NaN,NaN,NaN,NaN,NaN,NaN,NaN,NaN,NaN,NaN,NaN,NaN,NaN,NaN,NaN,NaN,NaN,NaN,NaN,NaN,NaN,NaN,NaN,NaN,NaN,NaN,NaN,NaN,NaN,NaN,NaN,NaN,NaN,NaN,NaN,NaN,NaN,NaN,NaN,NaN,NaN,NaN,NaN,NaN,NaN,NaN,NaN,NaN,NaN,NaN,NaN,NaN,NaN,NaN,NaN,NaN,NaN
NaN,NaN,NaN,NaN,NaN,NaN,NaN,NaN,NaN,NaN,NaN,-5.773529e-06,-5.845398e-06,-9.22453e-06,-4.45675e-05,-0.0002020226,-0.0004183514,-0.0006317707,-0.0008222723,-0.0009965145,-0.001155385,-0.001301778,-0.001433375,-0.001553036,-0.001659536,-0.001752727,-0.001830725,-0.001893601,-0.001938214,-0.001963865,-0.001966273,-0.001943504,-0.001891305,-0.001807338,-0.001683449,-0.00151954,-0.00130754,-0.001043375,-0.0007141581,-0.0003543332,-7.905292e-05,-1.559568e-05,-9.381356e-06,-8.537035e-06,NaN,NaN,NaN,NaN,NaN,NaN,NaN,NaN,NaN,NaN,NaN,NaN,NaN,NaN,NaN,NaN,NaN,NaN,NaN,NaN,NaN,NaN,NaN,NaN,NaN,NaN,NaN,NaN,NaN,NaN,NaN,NaN,NaN,NaN,NaN,NaN,NaN,NaN,NaN,NaN,NaN,NaN,NaN,NaN,NaN,NaN,NaN,NaN,NaN,NaN,NaN,NaN,NaN,NaN,NaN,NaN,NaN,NaN,NaN,NaN,NaN,NaN,NaN,NaN
NaN,NaN,NaN,NaN,NaN,NaN,NaN,NaN,NaN,NaN,NaN,NaN,-5.332199e-06,-6.526163e-06,-6.123151e-06,-2.559571e-05,-0.0001118786,-0.0003130146,-0.0005147179,-0.0007020617,-0.0008718002,-0.001023274,-0.001162169,-0.001282683,-0.00139099,-0.001479916,-0.001554971,-0.001608668,-0.001645051,-0.001655762,-0.001644471,-0.001600489,-0.001527836,-0.001414556,-0.001264172,-0.001064664,-0.0008132742,-0.0005137304,-0.0001892903,-4.387712e-05,-9.838191e-06,-1.072315e-05,-8.050906e-06,NaN,NaN,NaN,NaN,NaN,NaN,NaN,NaN,NaN,NaN,NaN,NaN,NaN,NaN,NaN,NaN,NaN,NaN,NaN,NaN,NaN,NaN,NaN,NaN,NaN,NaN,NaN,NaN,NaN,NaN,NaN,NaN,NaN,NaN,NaN,NaN,NaN,NaN,NaN,NaN,NaN,NaN,NaN,NaN,NaN,NaN,NaN,NaN,NaN,NaN,NaN,NaN,NaN,NaN,NaN,NaN,NaN,NaN,NaN,NaN,NaN,NaN,NaN,NaN,NaN
NaN,NaN,NaN,NaN,NaN,NaN,NaN,NaN,NaN,NaN,NaN,NaN,NaN,-5.473071e-06,-5.852528e-06,-5.603896e-06,-1.466347e-05,-6.045009e-05,-0.000203621,-0.0003899218,-0.0005679526,-0.0007285376,-0.0008696209,-0.0009929257,-0.001099937,-0.001187052,-0.001256289,-0.001303114,-0.001328242,-0.001326377,-0.00129789,-0.001235712,-0.001139759,-0.001003352,-0.0008200561,-0.0005884697,-0.0003199487,-9.846423e-05,-2.408272e-05,-8.999703e-06,-9.275283e-06,-8.622282e-06,NaN,NaN,NaN,NaN,NaN,NaN,NaN,NaN,NaN,NaN,NaN,NaN,NaN,NaN,NaN,NaN,NaN,NaN,NaN,NaN,NaN,NaN,NaN,NaN,NaN,NaN,NaN,NaN,NaN,NaN,NaN,NaN,NaN,NaN,NaN,NaN,NaN,NaN,NaN,NaN,NaN,NaN,NaN,NaN,NaN,NaN,NaN,NaN,NaN,NaN,NaN,NaN,NaN,NaN,NaN,NaN,NaN,NaN,NaN,NaN,NaN,NaN,NaN,NaN,NaN,NaN
NaN,NaN,NaN,NaN,NaN,NaN,NaN,NaN,NaN,NaN,NaN,NaN,NaN,NaN,-5.128187e-06,-5.233427e-06,-6.272571e-06,-8.870138e-06,-3.384633e-05,-0.0001116936,-0.000263719,-0.0004227088,-0.000566514,-0.0006940742,-0.0007981284,-0.0008832913,-0.0009457359,-0.0009861251,-0.0009994176,-0.0009859102,-0.000940236,-0.0008617693,-0.000740423,-0.0005803014,-0.0003793736,-0.0001679914,-5.265659e-05,-1.383747e-05,-9.968679e-06,-8.143265e-06,-8.099407e-06,NaN,NaN,NaN,NaN,NaN,NaN,NaN,NaN,NaN,NaN,NaN,NaN,NaN,NaN,NaN,NaN,NaN,NaN,NaN,NaN,NaN,NaN,NaN,NaN,NaN,NaN,NaN,NaN,NaN,NaN,NaN,NaN,NaN,NaN,NaN,NaN,NaN,NaN,NaN,NaN,NaN,NaN,NaN,NaN,NaN,NaN,NaN,NaN,NaN,NaN,NaN,NaN,NaN,NaN,NaN,NaN,NaN,NaN,NaN,NaN,NaN,NaN,NaN,NaN,NaN,NaN,NaN
NaN,NaN,NaN,NaN,NaN,NaN,NaN,NaN,NaN,NaN,NaN,NaN,NaN,NaN,NaN,-5.059134e-06,-5.229805e-06,-5.899665e-06,-7.143587e-06,-1.86408e-05,-5.840195e-05,-0.0001465901,-0.0002720942,-0.0003934778,-0.0004945855,-0.0005770294,-0.000634536,-0.000667299,-0.0006703391,-0.000643488,-0.0005817509,-0.0004874189,-0.0003546498,-0.0002007952,-8.351012e-05,-2.758138e-05,-1.081236e-05,-8.9321e-06,-8.091136e-06,-7.98104e-06,NaN,NaN,NaN,NaN,NaN,NaN,NaN,NaN,NaN,NaN,NaN,NaN,NaN,NaN,NaN,NaN,NaN,NaN,NaN,NaN,NaN,NaN,NaN,NaN,NaN,NaN,NaN,NaN,NaN,NaN,NaN,NaN,NaN,NaN,NaN,NaN,NaN,NaN,NaN,NaN,NaN,NaN,NaN,NaN,NaN,NaN,NaN,NaN,NaN,NaN,NaN,NaN,NaN,NaN,NaN,NaN,NaN,NaN,NaN,NaN,NaN,NaN,NaN,NaN,NaN,NaN,NaN,NaN
NaN,NaN,NaN,NaN,NaN,NaN,NaN,NaN,NaN,NaN,NaN,NaN,NaN,NaN,NaN,NaN,-5.418196e-06,-4.905356e-06,-5.369259e-06,-6.977284e-06,-1.120063e-05,-2.979181e-05,-7.131407e-05,-0.0001382119,-0.0002162308,-0.0002866566,-0.0003359726,-0.0003601552,-0.0003549781,-0.0003195681,-0.0002539662,-0.0001706845,-9.243004e-05,-4.049138e-05,-1.576918e-05,-1.005247e-05,-7.922865e-06,-7.388745e-06,-8.447251e-06,NaN,NaN,NaN,NaN,NaN,NaN,NaN,NaN,NaN,NaN,NaN,NaN,NaN,NaN,NaN,NaN,NaN,NaN,NaN,NaN,NaN,NaN,NaN,NaN,NaN,NaN,NaN,NaN,NaN,NaN,NaN,NaN,NaN,NaN,NaN,NaN,NaN,NaN,NaN,NaN,NaN,NaN,NaN,NaN,NaN,NaN,NaN,NaN,NaN,NaN,NaN,NaN,NaN,NaN,NaN,NaN,NaN,NaN,NaN,NaN,NaN,NaN,NaN,NaN,NaN,NaN,NaN,NaN,NaN
NaN,NaN,NaN,NaN,NaN,NaN,NaN,NaN,NaN,NaN,NaN,NaN,NaN,NaN,NaN,NaN,NaN,-5.223736e-06,-4.9778e-06,-5.201834e-06,-6.180894e-06,-8.869281e-06,-1.585849e-05,-3.243178e-05,-5.846445e-05,-8.813497e-05,-0.0001135159,-0.0001254342,-0.0001200615,-9.849307e-05,-6.852971e-05,-3.986357e-05,-2.037519e-05,-1.185506e-05,-8.53758e-06,-7.38688e-06,-7.356638e-06,-7.871252e-06,NaN,NaN,NaN,NaN,NaN,NaN,NaN,NaN,NaN,NaN,NaN,NaN,NaN,NaN,NaN,NaN,NaN,NaN,NaN,NaN,NaN,NaN,NaN,NaN,NaN,NaN,NaN,NaN,NaN,NaN,NaN,NaN,NaN,NaN,NaN,NaN,NaN,NaN,NaN,NaN,NaN,NaN,NaN,NaN,NaN,NaN,NaN,NaN,NaN,NaN,NaN,NaN,NaN,NaN,NaN,NaN,NaN,NaN,NaN,NaN,NaN,NaN,NaN,NaN,NaN,NaN,NaN,NaN,NaN,NaN
NaN,NaN,NaN,NaN,NaN,NaN,NaN,NaN,NaN,NaN,NaN,NaN,NaN,NaN,NaN,NaN,NaN,NaN,-4.966959e-06,-5.204833e-06,-4.955777e-06,-5.698727e-06,-7.292975e-06,-1.052919e-05,-1.596699e-05,-2.334997e-05,-3.049191e-05,-3.404317e-05,-3.222676e-05,-2.604173e-05,-1.863936e-05,-1.285746e-05,-9.281379e-06,-7.51757e-06,-6.807244e-06,-7.410871e-06,-7.284383e-06,NaN,NaN,NaN,NaN,NaN,NaN,NaN,NaN,NaN,NaN,NaN,NaN,NaN,NaN,NaN,NaN,NaN,NaN,NaN,NaN,NaN,NaN,NaN,NaN,NaN,NaN,NaN,NaN,NaN,NaN,NaN,NaN,NaN,NaN,NaN,NaN,NaN,NaN,NaN,NaN,NaN,NaN,NaN,NaN,NaN,NaN,NaN,NaN,NaN,NaN,NaN,NaN,NaN,NaN,NaN,NaN,NaN,NaN,NaN,NaN,NaN,NaN,NaN,NaN,NaN,NaN,NaN,NaN,NaN,NaN,NaN
NaN,NaN,NaN,NaN,NaN,NaN,NaN,NaN,NaN,NaN,NaN,NaN,NaN,NaN,NaN,NaN,NaN,NaN,NaN,-4.812881e-06,-4.87497e-06,-5.083273e-06,-5.261295e-06,-6.153746e-06,-7.735028e-06,-9.746607e-06,-1.161217e-05,-1.260468e-05,-1.223362e-05,-1.078908e-05,-8.973504e-06,-7.462241e-06,-6.658219e-06,-6.695204e-06,-6.678983e-06,-6.828958e-06,NaN,NaN,NaN,NaN,NaN,NaN,NaN,NaN,NaN,NaN,NaN,NaN,NaN,NaN,NaN,NaN,NaN,NaN,NaN,NaN,NaN,NaN,NaN,NaN,NaN,NaN,NaN,NaN,NaN,NaN,NaN,NaN,NaN,NaN,NaN,NaN,NaN,NaN,NaN,NaN,NaN,NaN,NaN,NaN,NaN,NaN,NaN,NaN,NaN,NaN,NaN,NaN,NaN,NaN,NaN,NaN,NaN,NaN,NaN,NaN,NaN,NaN,NaN,NaN,NaN,NaN,NaN,NaN,NaN,NaN,NaN,NaN
NaN,NaN,NaN,NaN,NaN,NaN,NaN,NaN,NaN,NaN,NaN,NaN,NaN,NaN,NaN,NaN,NaN,NaN,NaN,-4.483601e-06,-4.283224e-06,-4.429758e-06,-4.589333e-06,-4.900167e-06,-5.322495e-06,-5.961489e-06,-6.57526e-06,-6.974828e-06,-6.910755e-06,-6.57367e-06,-6.156407e-06,-5.932974e-06,-5.799109e-06,-5.821025e-06,-5.870762e-06,-6.377138e-06,NaN,NaN,NaN,NaN,NaN,NaN,NaN,NaN,NaN,NaN,NaN,NaN,NaN,NaN,NaN,NaN,NaN,NaN,NaN,NaN,NaN,NaN,NaN,NaN,NaN,NaN,NaN,NaN,NaN,NaN,NaN,NaN,NaN,NaN,NaN,NaN,NaN,NaN,NaN,NaN,NaN,NaN,NaN,NaN,NaN,NaN,NaN,NaN,NaN,NaN,NaN,NaN,NaN,NaN,NaN,NaN,NaN,NaN,NaN,NaN,NaN,NaN,NaN,NaN,NaN,NaN,NaN,NaN,NaN,NaN,NaN,NaN
NaN,NaN,NaN,NaN,NaN,NaN,NaN,NaN,NaN,NaN,NaN,NaN,NaN,NaN,NaN,NaN,NaN,NaN,NaN,NaN,-3.430539e-06,-3.513042e-06,-3.455533e-06,-3.59771e-06,-3.852995e-06,-4.177049e-06,-4.438109e-06,-4.634516e-06,-4.658024e-06,-4.593894e-06,-4.449998e-06,-4.348785e-06,-4.363244e-06,-4.620548e-06,-4.70195e-06,NaN,NaN,NaN,NaN,NaN,NaN,NaN,NaN,NaN,NaN,NaN,NaN,NaN,NaN,NaN,NaN,NaN,NaN,NaN,NaN,NaN,NaN,NaN,NaN,NaN,NaN,NaN,NaN,NaN,NaN,NaN,NaN,NaN,NaN,NaN,NaN,NaN,NaN,NaN,NaN,NaN,NaN,NaN,NaN,NaN,NaN,NaN,NaN,NaN,NaN,NaN,NaN,NaN,NaN,NaN,NaN,NaN,NaN,NaN,NaN,NaN,NaN,NaN,NaN,NaN,NaN,NaN,NaN,NaN,NaN,NaN,NaN,NaN
NaN,NaN,NaN,NaN,NaN,NaN,NaN,NaN,NaN,NaN,NaN,NaN,NaN,NaN,NaN,NaN,NaN,NaN,NaN,NaN,NaN,-2.022057e-06,-2.049217e-06,-2.113619e-06,-2.183812e-06,-2.297253e-06,-2.400415e-06,-2.493435e-06,-2.518062e-06,-2.525329e-06,-2.521133e-06,-2.555897e-06,-2.587918e-06,-2.657144e-06,NaN,NaN,NaN,NaN,NaN,NaN,NaN,NaN,NaN,NaN,NaN,NaN,NaN,NaN,NaN,NaN,NaN,NaN,NaN,NaN,NaN,NaN,NaN,NaN,NaN,NaN,NaN,NaN,NaN,NaN,NaN,NaN,NaN,NaN,NaN,NaN,NaN,NaN,NaN,NaN,NaN,NaN,NaN,NaN,NaN,NaN,NaN,NaN,NaN,NaN,NaN,NaN,NaN,NaN,NaN,NaN,NaN,NaN,NaN,NaN,NaN,NaN,NaN,NaN,NaN,NaN,NaN,NaN,NaN,NaN,NaN,NaN,NaN,NaN
NaN,NaN,NaN,NaN,NaN,NaN,NaN,NaN,NaN,NaN,NaN,NaN,NaN,NaN,NaN,NaN,NaN,NaN,NaN,NaN,NaN,-6.458324e-07,-5.670462e-07,-5.862976e-07,-6.401924e-07,-7.123109e-07,-7.377543e-07,-7.742919e-07,-7.742267e-07,-7.830228e-07,-7.40916e-07,-7.079345e-07,-7.129838e-07,-8.486664e-07,NaN,NaN,NaN,NaN,NaN,NaN,NaN,NaN,NaN,NaN,NaN,NaN,NaN,NaN,NaN,NaN,NaN,NaN,NaN,NaN,NaN,NaN,NaN,NaN,NaN,NaN,NaN,NaN,NaN,NaN,NaN,NaN,NaN,NaN,NaN,NaN,NaN,NaN,NaN,NaN,NaN,NaN,NaN,NaN,NaN,NaN,NaN,NaN,NaN,NaN,NaN,NaN,NaN,NaN,NaN,NaN,NaN,NaN,NaN,NaN,NaN,NaN,NaN,NaN,NaN,NaN,NaN,NaN,NaN,NaN,NaN,NaN,NaN,NaN
NaN,NaN,NaN,NaN,NaN,NaN,NaN,NaN,NaN,NaN,NaN,NaN,NaN,NaN,NaN,NaN,NaN,NaN,NaN,NaN,NaN,0,0,0,0,0,0,0,0,0,0,0,0,0,NaN,NaN,NaN,NaN,NaN,NaN,NaN,NaN,NaN,NaN,NaN,NaN,NaN,NaN,NaN,NaN,NaN,NaN,NaN,NaN,NaN,NaN,NaN,NaN,NaN,NaN,NaN,NaN,NaN,NaN,NaN,NaN,NaN,NaN,NaN,NaN,NaN,NaN,NaN,NaN,NaN,NaN,NaN,NaN,NaN,NaN,NaN,NaN,NaN,NaN,NaN,NaN,NaN,NaN,NaN,NaN,NaN,NaN,NaN,NaN,NaN,NaN,NaN,NaN,NaN,NaN,NaN,NaN,NaN,NaN,NaN,NaN,NaN,NaN
