NaN,NaN,NaN,NaN,NaN,NaN,NaN,NaN,NaN,NaN,NaN,NaN,NaN,NaN,NaN,NaN,NaN,NaN,NaN,NaN,NaN,0,0,0,0,0,0,0,0,0,0,0,0,0,NaN,NaN,NaN,NaN,NaN,NaN,NaN,NaN,NaN,NaN,NaN,NaN,NaN,NaN,NaN,NaN,NaN,NaN,NaN,NaN,NaN,NaN,NaN,NaN,NaN,NaN,NaN,NaN,NaN,NaN,NaN,NaN,NaN,NaN,NaN,NaN,NaN,NaN,NaN,NaN,NaN,NaN,NaN,NaN,NaN,NaN,NaN,NaN,NaN,NaN,NaN,NaN,NaN,NaN,NaN,NaN,NaN,NaN,NaN,NaN,NaN,NaN,NaN,NaN,NaN,NaN,NaN,NaN,NaN,NaN,NaN,NaN,NaN,NaN
NaN,NaN,NaN,NaN,NaN,NaN,NaN,NaN,NaN,NaN,NaN,NaN,NaN,NaN,NaN,NaN,NaN,NaN,NaN,NaN,NaN,-6.857454e-09,-7.444596e-09,-9.209626e-09,-1.120588e-08,-1.077194e-08,-1.143405e-08,-9.687568e-09,-9.314181e-09,-7.441157e-09,-7.722754e-09,-7.120858e-09,-1.251791e-08,-1.194971e-08,NaN,NaN,NaN,NaN,NaN,NaN,NaN,NaN,NaN,NaN,NaN,NaN,NaN,NaN,NaN,NaN,NaN,NaN,NaN,NaN,NaN,NaN,NaN,NaN,NaN,NaN,NaN,NaN,NaN,NaN,NaN,NaN,NaN,NaN,NaN,NaN,NaN,NaN,NaN,NaN,NaN,NaN,NaN,NaN,NaN,NaN,NaN,NaN,NaN,NaN,NaN,NaN,NaN,NaN,NaN,NaN,NaN,NaN,NaN,NaN,NaN,NaN,NaN,NaN,NaN,NaN,NaN,NaN,NaN,NaN,NaN,NaN,NaN,NaN
NaN,NaN,NaN,NaN,NaN,NaN,NaN,NaN,NaN,NaN,NaN,NaN,NaN,NaN,NaN,NaN,NaN,NaN,NaN,NaN,NaN,-7.149442e-08,-7.27475e-08,-1.426706e-07,-1.955735e-07,-1.732696e-07,-1.736402e-07,-1.405834e-07,-1.320553e-07,-8.25564e-08,-5.456576e-08,-5.174993e-08,-2.452824e-07,-2.758192e-07,NaN,NaN,NaN,NaN,NaN,NaN,NaN,NaN,NaN,NaN,NaN,NaN,NaN,NaN,NaN,NaN,NaN,NaN,NaN,NaN,NaN,NaN,NaN,NaN,NaN,NaN,NaN,NaN,NaN,NaN,NaN,NaN,NaN,NaN,NaN,NaN,NaN,NaN,NaN,NaN,NaN,NaN,NaN,NaN,NaN,NaN,NaN,NaN,NaN,NaN,NaN,NaN,NaN,NaN,NaN,NaN,NaN,NaN,NaN,NaN,NaN,NaN,NaN,NaN,NaN,NaN,NaN,NaN,NaN,NaN,NaN,NaN,NaN,NaN
NaN,NaN,NaN,NaN,NaN,NaN,NaN,NaN,NaN,NaN,NaN,NaN,NaN,NaN,NaN,NaN,NaN,NaN,NaN,NaN,-3.829628e-07,-4.822116e-07,-5.463455e-07,-5.444664e-07,-6.270764e-07,-6.635325e-07,-7.233872e-07,-5.92749e-07,-5.227994e-07,-4.301265e-07,-5.366207e-07,-5.024631e-07,-5.355299e-07,-4.146285e-07,-8.293404e-07,NaN,NaN,NaN,NaN,NaN,NaN,NaN,NaN,NaN,NaN,NaN,NaN,NaN,NaN,NaN,NaN,NaN,NaN,NaN,NaN,NaN,NaN,NaN,NaN,NaN,NaN,NaN,NaN,NaN,NaN,NaN,NaN,NaN,NaN,NaN,NaN,NaN,NaN,NaN,NaN,NaN,NaN,NaN,NaN,NaN,NaN,NaN,NaN,NaN,NaN,NaN,NaN,NaN,NaN,NaN,NaN,NaN,NaN,NaN,NaN,NaN,NaN,NaN,NaN,NaN,NaN,NaN,NaN,NaN,NaN,NaN,NaN,NaN
NaN,NaN,NaN,NaN,NaN,NaN,NaN,NaN,NaN,NaN,NaN,NaN,NaN,NaN,NaN,NaN,NaN,NaN,NaN,-8.699025e-07,-1.329195e-06,-9.927861e-07,-1.123863e-06,-1.602134e-06,-2.094802e-06,-2.097367e-06,-2.132592e-06,-1.605387e-06,-1.220569e-06,-6.629498e-07,-6.114246e-07,-6.265065e-07,-1.850365e-06,-1.962995e-06,-1.019256e-06,-1.532968e-06,NaN,NaN,NaN,NaN,NaN,NaN,NaN,NaN,NaN,NaN,NaN,NaN,NaN,NaN,NaN,NaN,NaN,NaN,NaN,NaN,NaN,NaN,NaN,NaN,NaN,NaN,NaN,NaN,NaN,NaN,NaN,NaN,NaN,NaN,NaN,NaN,NaN,NaN,NaN,NaN,NaN,NaN,NaN,NaN,NaN,NaN,NaN,NaN,NaN,NaN,NaN,NaN,NaN,NaN,NaN,NaN,NaN,NaN,NaN,NaN,NaN,NaN,NaN,NaN,NaN,NaN,NaN,NaN,NaN,NaN,NaN,NaN
NaN,NaN,NaN,NaN,NaN,NaN,NaN,NaN,NaN,NaN,NaN,NaN,NaN,NaN,NaN,NaN,NaN,NaN,NaN,-1.650166e-06,-1.890836e-06,-2.439802e-06,-2.973106e-06,-3.451613e-06,-4.500919e-06,-5.196918e-06,-5.299081e-06,-3.508883e-06,-1.669965e-06,-1.798386e-07,-6.618192e-07,-9.765909e-07,-1.820362e-06,-1.630443e-06,-3.781601e-06,-4.513764e-06,NaN,NaN,NaN,NaN,NaN,NaN,NaN,NaN,NaN,NaN,NaN,NaN,NaN,NaN,NaN,NaN,NaN,NaN,NaN,NaN,NaN,NaN,NaN,NaN,NaN,NaN,NaN,NaN,NaN,NaN,NaN,NaN,NaN,NaN,NaN,NaN,NaN,NaN,NaN,NaN,NaN,NaN,NaN,NaN,NaN,NaN,NaN,NaN,NaN,NaN,NaN,NaN,NaN,NaN,NaN,NaN,NaN,NaN,NaN,NaN,NaN,NaN,NaN,NaN,NaN,NaN,NaN,NaN,NaN,NaN,NaN,NaN
NaN,NaN,NaN,NaN,NaN,NaN,NaN,NaN,NaN,NaN,NaN,NaN,NaN,NaN,NaN,NaN,NaN,NaN,-2.857152e-06,-2.71226e-06,-4.181307e-06,-3.697484e-06,-5.368185e-06,-9.47711e-06,-1.421709e-05,-1.677477e-05,-1.578106e-05,-8.392974e-06,3.52252e-07,7.387487e-06,8.018237e-06,5.671006e-06,-1.551974e-06,-4.179838e-06,-2.719851e-06,-4.789238e-06,-5.926179e-06,NaN,NaN,NaN,NaN,NaN,NaN,NaN,NaN,NaN,NaN,NaN,NaN,NaN,NaN,NaN,NaN,NaN,NaN,NaN,NaN,NaN,NaN,NaN,NaN,NaN,NaN,NaN,NaN,NaN,NaN,NaN,NaN,NaN,NaN,NaN,NaN,NaN,NaN,NaN,NaN,NaN,NaN,NaN,NaN,NaN,NaN,NaN,NaN,NaN,NaN,NaN,NaN,NaN,NaN,NaN,NaN,NaN,NaN,NaN,NaN,NaN,NaN,NaN,NaN,NaN,NaN,NaN,NaN,NaN,NaN,NaN
NaN,NaN,NaN,NaN,NaN,NaN,NaN,NaN,NaN,NaN,NaN,NaN,NaN,NaN,NaN,NaN,NaN,-2.78029e-06,-5.177659e-06,-4.031125e-06,-5.149041e-06,-9.899472e-06,-1.810004e-05,-3.355522e-05,-5.274391e-05,-6.590846e-05,-5.861768e-05,-2.618967e-05,1.471828e-05,4.680819e-05,5.098615e-05,3.928862e-05,1.943718e-05,7.721121e-06,-5.770364e-06,-1.051132e-05,3.202005e-07,-1.276391e-05,NaN,NaN,NaN,NaN,NaN,NaN,NaN,NaN,NaN,NaN,NaN,NaN,NaN,NaN,NaN,NaN,NaN,NaN,NaN,NaN,NaN,NaN,NaN,NaN,NaN,NaN,NaN,NaN,NaN,NaN,NaN,NaN,NaN,NaN,NaN,NaN,NaN,NaN,NaN,NaN,NaN,NaN,NaN,NaN,NaN,NaN,NaN,NaN,NaN,NaN,NaN,NaN,NaN,NaN,NaN,NaN,NaN,NaN,NaN,NaN,NaN,NaN,NaN,NaN,NaN,NaN,NaN,NaN,NaN,NaN
NaN,NaN,NaN,NaN,NaN,NaN,NaN,NaN,NaN,NaN,NaN,NaN,NaN,NaN,NaN,NaN,-4.814142e-06,-4.588922e-06,-5.966975e-06,-6.627205e-06,-1.582048e-05,-3.22787e-05,-8.232229e-05,-0.0001605082,-0.0002226825,-0.0002373037,-0.0001937685,-9.16399e-05,3.735007e-05,0.0001623629,0.0002333419,0.0002312119,0.0001443666,5.965006e-05,2.192221e-05,-2.09962e-06,-1.013414e-05,-1.417172e-05,-1.841183e-06,NaN,NaN,NaN,NaN,NaN,NaN,NaN,NaN,NaN,NaN,NaN,NaN,NaN,NaN,NaN,NaN,NaN,NaN,NaN,NaN,NaN,NaN,NaN,NaN,NaN,NaN,NaN,NaN,NaN,NaN,NaN,NaN,NaN,NaN,NaN,NaN,NaN,NaN,NaN,NaN,NaN,NaN,NaN,NaN,NaN,NaN,NaN,NaN,NaN,NaN,NaN,NaN,NaN,NaN,NaN,NaN,NaN,NaN,NaN,NaN,NaN,NaN,NaN,NaN,NaN,NaN,NaN,NaN,NaN
NaN,NaN,NaN,NaN,NaN,NaN,NaN,NaN,NaN,NaN,NaN,NaN,NaN,NaN,NaN,-2.856072e-06,-7.875395e-06,-3.495097e-06,-1.31997e-05,-1.703673e-05,-6.626463e-05,-0.0001926256,-0.0003609163,-0.0005040774,-0.0005943451,-0.0005749798,-0.0004595001,-0.0002509051,1.018594e-05,0.0002916511,0.0005236242,0.0006424946,0.0006221307,0.0004553488,0.0001926759,3.313883e-05,2.532949e-05,-2.533339e-05,-1.446453e-05,-1.577513e-07,NaN,NaN,NaN,NaN,NaN,NaN,NaN,NaN,NaN,NaN,NaN,NaN,NaN,NaN,NaN,NaN,NaN,NaN,NaN,NaN,NaN,NaN,NaN,NaN,NaN,NaN,NaN,NaN,NaN,NaN,NaN,NaN,NaN,NaN,NaN,NaN,NaN,NaN,NaN,NaN,NaN,NaN,NaN,NaN,NaN,NaN,NaN,NaN,NaN,NaN,NaN,NaN,NaN,NaN,NaN,NaN,NaN,NaN,NaN,NaN,NaN,NaN,NaN,NaN,NaN,NaN,NaN,NaN
NaN,NaN,NaN,NaN,NaN,NaN,NaN,NaN,NaN,NaN,NaN,NaN,NaN,NaN,-6.34247e-06,-5.709898e-06,-6.910028e-06,-1.159996e-05,-2.560012e-05,-0.0001306636,-0.000351015,-0.0006335731,-0.0009164806,-0.001070449,-0.001141035,-0.001068307,-0.0008621466,-0.0005347996,-0.0001194856,0.0003285109,0.0007608141,0.001088029,0.001348023,0.00128382,0.00100306,0.0005333973,0.000124119,6.398726e-06,7.207089e-06,-2.669621e-05,-1.541461e-05,NaN,NaN,NaN,NaN,NaN,NaN,NaN,NaN,NaN,NaN,NaN,NaN,NaN,NaN,NaN,NaN,NaN,NaN,NaN,NaN,NaN,NaN,NaN,NaN,NaN,NaN,NaN,NaN,NaN,NaN,NaN,NaN,NaN,NaN,NaN,NaN,NaN,NaN,NaN,NaN,NaN,NaN,NaN,NaN,NaN,NaN,NaN,NaN,NaN,NaN,NaN,NaN,NaN,NaN,NaN,NaN,NaN,NaN,NaN,NaN,NaN,NaN,NaN,NaN,NaN,NaN,NaN
NaN,NaN,NaN,NaN,NaN,NaN,NaN,NaN,NaN,NaN,NaN,NaN,NaN,-9.849774e-06,-3.174907e-06,-1.029544e-05,-4.958305e-06,-4.618077e-05,-0.0002009244,-0.0005433348,-0.0009639042,-0.001351343,-0.001678144,-0.001853911,-0.001878309,-0.001745321,-0.00141882,-0.00096654,-0.0003685998,0.0002539339,0.0009194651,0.001464148,0.001998724,0.002178513,0.002288967,0.001813569,0.001128263,0.0003899583,-1.361715e-05,5.633579e-05,-6.103372e-05,-8.444967e-06,NaN,NaN,NaN,NaN,NaN,NaN,NaN,NaN,NaN,NaN,NaN,NaN,NaN,NaN,NaN,NaN,NaN,NaN,NaN,NaN,NaN,NaN,NaN,NaN,NaN,NaN,NaN,NaN,NaN,NaN,NaN,NaN,NaN,NaN,NaN,NaN,NaN,NaN,NaN,NaN,NaN,NaN,NaN,NaN,NaN,NaN,NaN,NaN,NaN,NaN,NaN,NaN,NaN,NaN,NaN,NaN,NaN,NaN,NaN,NaN,NaN,NaN,NaN,NaN,NaN,NaN
NaN,NaN,NaN,NaN,NaN,NaN,NaN,NaN,NaN,NaN,NaN,NaN,-5.804605e-06,-2.436442e-06,-8.908449e-06,-2.3722e-06,-4.3948e-05,-0.0002868995,-0.0007201115,-0.001295844,-0.001838624,-0.002336575,-0.002689534,-0.002862585,-0.002825588,-0.002605729,-0.002154517,-0.001545843,-0.0007697641,6.492003e-05,0.000947106,0.001766953,0.002552057,0.00307032,0.003417601,0.003384114,0.002948863,0.002047377,0.0008493753,0.0001243497,-2.836383e-05,1.861557e-05,-4.741298e-05,NaN,NaN,NaN,NaN,NaN,NaN,NaN,NaN,NaN,NaN,NaN,NaN,NaN,NaN,NaN,NaN,NaN,NaN,NaN,NaN,NaN,NaN,NaN,NaN,NaN,NaN,NaN,NaN,NaN,NaN,NaN,NaN,NaN,NaN,NaN,NaN,NaN,NaN,NaN,NaN,NaN,NaN,NaN,NaN,NaN,NaN,NaN,NaN,NaN,NaN,NaN,NaN,NaN,NaN,NaN,NaN,NaN,NaN,NaN,NaN,NaN,NaN,NaN,NaN,NaN
NaN,NaN,NaN,NaN,NaN,NaN,NaN,NaN,NaN,NaN,NaN,-9.390837e-06,7.445636e-06,-9.611867e-06,1.672063e-05,-8.188978e-06,-0.0003409703,-0.0008894906,-0.001593556,-0.002342822,-0.003038592,-0.003580885,-0.00396857,-0.004093468,-0.004010447,-0.003651463,-0.003088673,-0.002273516,-0.001337755,-0.0002387632,0.0008406172,0.001982434,0.002972469,0.003882613,0.004479734,0.004906171,0.004636544,0.004459777,0.003127778,0.001640874,0.0004358106,-0.0001047018,0.0001135995,-0.0001013206,NaN,NaN,NaN,NaN,NaN,NaN,NaN,NaN,NaN,NaN,NaN,NaN,NaN,NaN,NaN,NaN,NaN,NaN,NaN,NaN,NaN,NaN,NaN,NaN,NaN,NaN,NaN,NaN,NaN,NaN,NaN,NaN,NaN,NaN,NaN,NaN,NaN,NaN,NaN,NaN,NaN,NaN,NaN,NaN,NaN,NaN,NaN,NaN,NaN,NaN,NaN,NaN,NaN,NaN,NaN,NaN,NaN,NaN,NaN,NaN,NaN,NaN,NaN,NaN
NaN,NaN,NaN,NaN,NaN,NaN,NaN,NaN,NaN,NaN,4.442801e-07,-1.78864e-06,6.360618e-06,7.975662e-05,5.881398e-05,-0.0003116768,-0.00103317,-0.001871363,-0.002825475,-0.003729338,-0.004531495,-0.005120679,-0.005505128,-0.005575649,-0.005399271,-0.004911432,-0.004186862,-0.003188603,-0.002034649,-0.0007126121,0.0006351245,0.002036564,0.003343934,0.004542021,0.005487804,0.006214242,0.006458099,0.006487968,0.005779963,0.004518607,0.002921387,0.0008696525,2.996221e-05,9.649808e-07,-8.822281e-06,NaN,NaN,NaN,NaN,NaN,NaN,NaN,NaN,NaN,NaN,NaN,NaN,NaN,NaN,NaN,NaN,NaN,NaN,NaN,NaN,NaN,NaN,NaN,NaN,NaN,NaN,NaN,NaN,NaN,NaN,NaN,NaN,NaN,NaN,NaN,NaN,NaN,NaN,NaN,NaN,NaN,NaN,NaN,NaN,NaN,NaN,NaN,NaN,NaN,NaN,NaN,NaN,NaN,NaN,NaN,NaN,NaN,NaN,NaN,NaN,NaN,NaN,NaN
NaN,NaN,NaN,NaN,NaN,NaN,NaN,NaN,-2.048087e-05,3.745075e-05,-2.888502e-05,5.796365e-05,0.0002216064,0.0001620608,-0.0002184805,-0.001099671,-0.002109153,-0.003279706,-0.004391057,-0.005471849,-0.006316942,-0.006960388,-0.007272763,-0.007312765,-0.006982634,-0.006388014,-0.005441003,-0.004287101,-0.002858051,-0.001343687,0.0003292834,0.001948511,0.003613371,0.005052582,0.006433336,0.007393898,0.008121252,0.008422472,0.008322042,0.007168085,0.006562452,0.004141694,0.001697689,0.0003363619,-0.000170546,0.0001685266,-0.0001228298,NaN,NaN,NaN,NaN,NaN,NaN,NaN,NaN,NaN,NaN,NaN,NaN,NaN,NaN,NaN,NaN,NaN,NaN,NaN,NaN,NaN,NaN,NaN,NaN,NaN,NaN,NaN,NaN,NaN,NaN,NaN,NaN,NaN,NaN,NaN,NaN,NaN,NaN,NaN,NaN,NaN,NaN,NaN,NaN,NaN,NaN,NaN,NaN,NaN,NaN,NaN,NaN,NaN,NaN,NaN,NaN,NaN,NaN,NaN,NaN,NaN
NaN,NaN,NaN,NaN,NaN,NaN,NaN,-1.087417e-05,3.050516e-05,-1.347271e-05,0.0001489267,0.0004846622,0.000361585,-0.0001514802,-0.00105984,-0.002293052,-0.003648723,-0.005042564,-0.006344798,-0.007516265,-0.008413502,-0.009045426,-0.009310633,-0.009242478,-0.008787308,-0.008014021,-0.006888233,-0.005501673,-0.00385649,-0.002064683,-0.0001480994,0.00179232,0.003721892,0.005526386,0.007158402,0.008538897,0.009592238,0.0103059,0.01046492,0.010097,0.009456883,0.008090472,0.0054731,0.003226991,0.000726763,-9.659918e-05,0.0001122421,-6.473313e-05,NaN,NaN,NaN,NaN,NaN,NaN,NaN,NaN,NaN,NaN,NaN,NaN,NaN,NaN,NaN,NaN,NaN,NaN,NaN,NaN,NaN,NaN,NaN,NaN,NaN,NaN,NaN,NaN,NaN,NaN,NaN,NaN,NaN,NaN,NaN,NaN,NaN,NaN,NaN,NaN,NaN,NaN,NaN,NaN,NaN,NaN,NaN,NaN,NaN,NaN,NaN,NaN,NaN,NaN,NaN,NaN,NaN,NaN,NaN,NaN
NaN,NaN,NaN,NaN,NaN,NaN,6.072102e-05,-3.824565e-05,5.877785e-05,0.0003401511,0.0007716935,0.0007712241,-6.695128e-05,-0.0009945073,-0.002400562,-0.003934008,-0.005608486,-0.007169196,-0.008645105,-0.009846032,-0.01080351,-0.0113538,-0.01157751,-0.01135099,-0.01078424,-0.009784481,-0.00849296,-0.006834443,-0.004987518,-0.002886705,-0.0007383543,0.001539154,0.00371131,0.005882471,0.007796318,0.009565694,0.01088783,0.01205692,0.01252709,0.01264025,0.01236405,0.0115302,0.009157836,0.007865296,0.00475233,0.001414523,0.0001877651,-0.0001531303,0.0001822748,NaN,NaN,NaN,NaN,NaN,NaN,NaN,NaN,NaN,NaN,NaN,NaN,NaN,NaN,NaN,NaN,NaN,NaN,NaN,NaN,NaN,NaN,NaN,NaN,NaN,NaN,NaN,NaN,NaN,NaN,NaN,NaN,NaN,NaN,NaN,NaN,NaN,NaN,NaN,NaN,NaN,NaN,NaN,NaN,NaN,NaN,NaN,NaN,NaN,NaN,NaN,NaN,NaN,NaN,NaN,NaN,NaN,NaN,NaN
NaN,NaN,NaN,NaN,NaN,7.699196e-05,-4.463146e-05,0.0001776801,0.0007653061,0.001034904,0.001113959,0.0002844639,-0.0009260326,-0.002433767,-0.004172522,-0.006037999,-0.00792421,-0.009661332,-0.01122663,-0.01247072,-0.01339957,-0.01389705,-0.014009,-0.01364611,-0.01289817,-0.01170894,-0.01018643,-0.008302963,-0.006186131,-0.003838004,-0.001386072,0.001153238,0.003665735,0.006102595,0.008367777,0.01040848,0.01217648,0.01354244,0.01449972,0.01496744,0.01509423,0.01445127,0.01312243,0.01148189,0.009881534,0.005813715,0.002941445,0.0005838981,-0.0001685768,0.0002181341,NaN,NaN,NaN,NaN,NaN,NaN,NaN,NaN,NaN,NaN,NaN,NaN,NaN,NaN,NaN,NaN,NaN,NaN,NaN,NaN,NaN,NaN,NaN,NaN,NaN,NaN,NaN,NaN,NaN,NaN,NaN,NaN,NaN,NaN,NaN,NaN,NaN,NaN,NaN,NaN,NaN,NaN,NaN,NaN,NaN,NaN,NaN,NaN,NaN,NaN,NaN,NaN,NaN,NaN,NaN,NaN,NaN,NaN
NaN,NaN,NaN,7.520462e-05,-3.142405e-05,3.830533e-05,0.0003890263,0.001296043,0.001685567,0.001194853,0.000665578,-0.0007040141,-0.002389006,-0.004338843,-0.006382362,-0.008542711,-0.01056843,-0.01247054,-0.01404767,-0.01533603,-0.01617873,-0.01662289,-0.01656356,-0.01608425,-0.01510706,-0.01374703,-0.01195156,-0.009862712,-0.007444849,-0.004864962,-0.002089796,0.0006981544,0.003539741,0.006240802,0.008866738,0.01118108,0.01328057,0.01497428,0.0163125,0.01706286,0.01761472,0.01729273,0.01641261,0.01533167,0.01384727,0.01043158,0.008115107,0.004789858,0.001161706,8.264306e-05,-8.684795e-05,0.0001853877,NaN,NaN,NaN,NaN,NaN,NaN,NaN,NaN,NaN,NaN,NaN,NaN,NaN,NaN,NaN,NaN,NaN,NaN,NaN,NaN,NaN,NaN,NaN,NaN,NaN,NaN,NaN,NaN,NaN,NaN,NaN,NaN,NaN,NaN,NaN,NaN,NaN,NaN,NaN,NaN,NaN,NaN,NaN,NaN,NaN,NaN,NaN,NaN,NaN,NaN,NaN,NaN,NaN,NaN,NaN,NaN
NaN,NaN,0.0001094819,-6.426242e-05,0.000189049,0.0009278709,0.001608995,0.00236531,0.001692903,0.0008420313,-0.0004551934,-0.00225388,-0.00435986,-0.006670696,-0.009003228,-0.01136091,-0.01352354,-0.01550451,-0.01709454,-0.01836259,-0.01910914,-0.01945932,-0.01923369,-0.01859312,-0.01739474,-0.0158304,-0.01378008,-0.01145411,-0.008760277,-0.005918364,-0.002856029,0.0002166045,0.003355139,0.006358585,0.009256598,0.01190141,0.01430679,0.01630774,0.01792323,0.01913805,0.01981157,0.01997801,0.01950074,0.01872792,0.01736679,0.01502666,0.01222989,0.01051786,0.005733925,0.002543449,0.0004870691,-0.0001545108,0.0002526641,NaN,NaN,NaN,NaN,NaN,NaN,NaN,NaN,NaN,NaN,NaN,NaN,NaN,NaN,NaN,NaN,NaN,NaN,NaN,NaN,NaN,NaN,NaN,NaN,NaN,NaN,NaN,NaN,NaN,NaN,NaN,NaN,NaN,NaN,NaN,NaN,NaN,NaN,NaN,NaN,NaN,NaN,NaN,NaN,NaN,NaN,NaN,NaN,NaN,NaN,NaN,NaN,NaN,NaN,NaN
0.0001037967,-3.941549e-05,2.524513e-05,0.0004641312,0.001653742,0.002433148,0.00240348,0.002352875,0.001233095,-0.0002619099,-0.002111719,-0.00429376,-0.006810303,-0.00936345,-0.01196466,-0.01443594,-0.01672596,-0.01870126,-0.02031307,-0.021475,-0.0221668,-0.02233034,-0.02198284,-0.02110771,-0.0197433,-0.01790329,-0.01565337,-0.01302742,-0.0101126,-0.006954037,-0.00365398,-0.0002575069,0.003121486,0.006452784,0.009619567,0.01258669,0.01522687,0.0175902,0.01948232,0.02096359,0.02198338,0.02245607,0.0222668,0.02191,0.02068903,0.01879381,0.01669974,0.01461425,0.01074323,0.007771252,0.00435549,0.001074301,6.75529e-05,-5.550982e-05,0.0002152344,NaN,NaN,NaN,NaN,NaN,NaN,NaN,NaN,NaN,NaN,NaN,NaN,NaN,NaN,NaN,NaN,NaN,NaN,NaN,NaN,NaN,NaN,NaN,NaN,NaN,NaN,NaN,NaN,NaN,NaN,NaN,NaN,NaN,NaN,NaN,NaN,NaN,NaN,NaN,NaN,NaN,NaN,NaN,NaN,NaN,NaN,NaN,NaN,NaN,NaN,NaN,NaN,NaN
-6.070708e-05,0.0002357778,0.001143953,0.002044228,0.00332119,0.002925263,0.002551281,0.001663139,4.620831e-05,-0.001913362,-0.00425262,-0.00680898,-0.009608123,-0.01238159,-0.01518007,-0.01770937,-0.02009295,-0.02200733,-0.02362513,-0.02463803,-0.02525757,-0.02521084,-0.02474288,-0.02360356,-0.02207862,-0.01994467,-0.01750849,-0.01456842,-0.01144796,-0.007964532,-0.004445017,-0.0007177247,0.002898433,0.006557082,0.009948886,0.01324191,0.01615635,0.01878968,0.02094761,0.0227771,0.02398494,0.02476452,0.02499071,0.02467474,0.02387832,0.02234591,0.02046948,0.01844867,0.01540082,0.0119369,0.009894028,0.005230116,0.002309879,0.0004910962,-7.242937e-05,0.0001940635,NaN,NaN,NaN,NaN,NaN,NaN,NaN,NaN,NaN,NaN,NaN,NaN,NaN,NaN,NaN,NaN,NaN,NaN,NaN,NaN,NaN,NaN,NaN,NaN,NaN,NaN,NaN,NaN,NaN,NaN,NaN,NaN,NaN,NaN,NaN,NaN,NaN,NaN,NaN,NaN,NaN,NaN,NaN,NaN,NaN,NaN,NaN,NaN,NaN,NaN,NaN,9.292676e-05
0.0006910777,0.001901788,0.003152967,0.003246143,0.003684729,0.002949483,0.001853402,0.0003332527,-0.00166767,-0.004125122,-0.006809691,-0.009676686,-0.01270529,-0.01565144,-0.01854255,-0.02114728,-0.02350743,-0.02540299,-0.026913,-0.02783122,-0.02828787,-0.02808616,-0.02740603,-0.02607935,-0.02431252,-0.02196146,-0.01926062,-0.01608606,-0.01268753,-0.008957249,-0.005149947,-0.001170775,0.002729698,0.006643385,0.01034016,0.01388181,0.01705778,0.0199794,0.02242027,0.02443935,0.02599297,0.02699994,0.0274308,0.02746531,0.02680639,0.02555233,0.02408389,0.02193896,0.01929654,0.01640365,0.01375244,0.009731418,0.007074698,0.003673091,0.001101573,0.0001484433,-2.635485e-05,0.0002105003,NaN,NaN,NaN,NaN,NaN,NaN,NaN,NaN,NaN,NaN,NaN,NaN,NaN,NaN,NaN,NaN,NaN,NaN,NaN,NaN,NaN,NaN,NaN,NaN,NaN,NaN,NaN,NaN,NaN,NaN,NaN,NaN,NaN,NaN,NaN,NaN,NaN,NaN,NaN,NaN,NaN,NaN,NaN,NaN,NaN,NaN,NaN,0.0001376793,-6.737755e-05,5.373958e-05
0.00259117,0.003815926,0.003935158,0.003775891,0.00337301,0.002104499,0.0005438099,-0.001512751,-0.003947948,-0.006734969,-0.009698417,-0.01286018,-0.01597533,-0.01910386,-0.02198305,-0.0246562,-0.02691356,-0.0287965,-0.03013039,-0.0309794,-0.03119825,-0.03089059,-0.02993938,-0.02847056,-0.02640568,-0.02389414,-0.02088058,-0.01753054,-0.01380948,-0.00989344,-0.005759576,-0.001584957,0.002649382,0.00676271,0.01076833,0.01451814,0.01803411,0.0211238,0.02386804,0.02614573,0.02790695,0.02914822,0.02991435,0.03000526,0.02966999,0.02870605,0.02722133,0.02541785,0.02295531,0.02014792,0.01748272,0.01397969,0.0106554,0.008102302,0.004471791,0.002001069,0.0005686458,4.911152e-05,7.784359e-05,0.0001279168,NaN,NaN,NaN,NaN,NaN,NaN,NaN,NaN,NaN,NaN,NaN,NaN,NaN,NaN,NaN,NaN,NaN,NaN,NaN,NaN,NaN,NaN,NaN,NaN,NaN,NaN,NaN,NaN,NaN,NaN,NaN,NaN,NaN,NaN,NaN,NaN,NaN,NaN,NaN,NaN,NaN,NaN,NaN,0.0001061248,-1.478834e-05,-4.518361e-05,0.0004319306,0.001500233
0.003855094,0.00443919,0.004198106,0.003391688,0.002324755,0.0006918393,-0.001382022,-0.003875016,-0.006583918,-0.009715828,-0.01285938,-0.01619996,-0.01940893,-0.0226047,-0.02545717,-0.02812893,-0.03026997,-0.03208645,-0.03324243,-0.033975,-0.03398157,-0.03351904,-0.03232321,-0.03068397,-0.02835803,-0.02565857,-0.02237037,-0.01882273,-0.01481944,-0.01069779,-0.006275584,-0.001892035,0.002625535,0.006951119,0.01125967,0.01521645,0.01899134,0.02232679,0.02534728,0.02777454,0.02987157,0.03128936,0.03223391,0.03262866,0.03242609,0.03161488,0.03046757,0.02860233,0.02636862,0.02384669,0.02088114,0.01765496,0.01448752,0.01139188,0.00774219,0.005523333,0.002622374,0.0009620275,0.0002889613,8.753922e-05,0.0001155377,NaN,NaN,NaN,NaN,NaN,NaN,NaN,NaN,NaN,NaN,NaN,NaN,NaN,NaN,NaN,NaN,NaN,NaN,NaN,NaN,NaN,NaN,NaN,NaN,NaN,NaN,NaN,NaN,NaN,NaN,NaN,NaN,NaN,NaN,NaN,NaN,NaN,NaN,NaN,NaN,NaN,2.801097e-05,-6.971583e-05,0.000281349,0.001152724,0.002163436,0.003787371
0.004526949,0.004323614,0.003524043,0.002313131,0.0007469734,-0.001388867,-0.003767399,-0.006590266,-0.009613874,-0.0128946,-0.0162109,-0.01964908,-0.02288761,-0.02608361,-0.02889717,-0.03147595,-0.03352039,-0.03518572,-0.03620053,-0.03674669,-0.03657509,-0.03590824,-0.03452047,-0.03265643,-0.03012577,-0.0271955,-0.02369714,-0.01991252,-0.01569375,-0.01133117,-0.006690202,-0.002060322,0.002686245,0.007259583,0.01177798,0.0159876,0.02001119,0.02355646,0.02679699,0.02951581,0.03175451,0.03342143,0.03463357,0.03510869,0.0351788,0.03459086,0.03343688,0.03186698,0.02975294,0.02715198,0.02441625,0.02119992,0.01782884,0.0146648,0.01111788,0.008091315,0.005144829,0.003102179,0.001193303,0.0003274591,0.0001387729,0.000159736,0.0001118869,NaN,NaN,NaN,NaN,NaN,NaN,NaN,NaN,NaN,NaN,NaN,NaN,NaN,NaN,NaN,NaN,NaN,NaN,NaN,NaN,NaN,NaN,NaN,NaN,NaN,NaN,NaN,NaN,NaN,NaN,NaN,NaN,NaN,NaN,NaN,NaN,NaN,2.586949e-05,-6.795794e-05,0.0001928777,0.0009705976,0.001897193,0.003444127,0.003812597,0.004528561
0.004199841,0.003408158,0.0022688,0.0005533393,-0.001451582,-0.003847561,-0.0065919,-0.009643602,-0.01282947,-0.0162622,-0.01966187,-0.02309471,-0.02636025,-0.02946173,-0.03221196,-0.03464908,-0.0365718,-0.03805437,-0.03891349,-0.03924909,-0.03891124,-0.03801537,-0.03644825,-0.03435595,-0.03164446,-0.02848125,-0.02479857,-0.02078035,-0.0163754,-0.01177715,-0.006945733,-0.002079812,0.002853909,0.007665897,0.01239586,0.01684043,0.02103879,0.02485757,0.02829914,0.03119893,0.0337038,0.0355759,0.03690942,0.03771137,0.03787171,0.03743667,0.03657376,0.03499012,0.03302385,0.03064924,0.02775581,0.02462435,0.02136509,0.01781089,0.01424713,0.01097341,0.007682528,0.004918691,0.002608449,0.001018266,5.429804e-05,-0.0002308674,2.80096e-05,0.0002172579,0.0001684241,-4.32473e-05,NaN,NaN,NaN,NaN,NaN,NaN,NaN,NaN,NaN,NaN,NaN,NaN,NaN,NaN,NaN,NaN,NaN,NaN,NaN,NaN,NaN,NaN,NaN,NaN,NaN,NaN,NaN,NaN,NaN,NaN,NaN,0.0001119942,-2.361687e-05,-5.380529e-05,0.0001806305,0.0009367605,0.00164092,0.003115758,0.003772523,0.004355902,0.004617291,0.00469752
0.003155843,0.001910379,0.0002619829,-0.001719191,-0.004050221,-0.006773082,-0.009694356,-0.01289027,-0.01624766,-0.01967598,-0.02312069,-0.02651013,-0.02970483,-0.03269066,-0.03532686,-0.03758156,-0.03935875,-0.04062689,-0.04132109,-0.04143068,-0.04091365,-0.03979435,-0.03805403,-0.03573504,-0.03285318,-0.02947064,-0.02562402,-0.02138961,-0.01682311,-0.01201007,-0.007017899,-0.001933511,0.003170828,0.008204815,0.01308912,0.01776476,0.02216127,0.02617649,0.02979284,0.03297733,0.03559022,0.03770953,0.03927887,0.04018157,0.04058062,0.04037903,0.03950698,0.03823621,0.03634971,0.03395388,0.0312774,0.02815139,0.02470003,0.02123267,0.01753063,0.01384297,0.01036256,0.007189025,0.004265438,0.001980963,0.0001653807,-0.000909842,-0.0008219614,-0.0009593731,-0.000196223,0.0002253705,0.0002795877,-2.625592e-05,NaN,NaN,NaN,NaN,NaN,NaN,NaN,NaN,NaN,NaN,NaN,NaN,NaN,NaN,NaN,NaN,NaN,NaN,NaN,NaN,NaN,NaN,NaN,NaN,NaN,NaN,NaN,7.288509e-05,-6.58866e-05,-3.234512e-05,0.0002568144,0.001040889,0.001473105,0.002951153,0.003529758,0.004100065,0.004549042,0.004730444,0.004493617,0.00395661
0.001332617,-0.0002451079,-0.002179936,-0.00447334,-0.007099729,-0.009908356,-0.01305397,-0.01630436,-0.01969103,-0.02311525,-0.02652393,-0.02977741,-0.03289601,-0.03568606,-0.03817814,-0.04021687,-0.04181506,-0.04285332,-0.04335717,-0.04323434,-0.04253691,-0.04118987,-0.03927395,-0.03674765,-0.03370378,-0.0301255,-0.02612467,-0.02170612,-0.01699096,-0.01199983,-0.00685828,-0.001599538,0.00365138,0.008861864,0.01392123,0.01877368,0.02331576,0.02755057,0.03135005,0.0346717,0.03753972,0.03983174,0.04152793,0.04272758,0.04323969,0.04317195,0.04261335,0.04134144,0.03962769,0.03745277,0.03471253,0.03165545,0.02836435,0.02464854,0.02090999,0.01711509,0.0133473,0.009676018,0.006449829,0.003457836,0.001080809,-0.0008257964,-0.001790293,-0.003111601,-0.001767255,-0.001731008,-0.0008704428,3.019997e-05,0.0002571121,0.0003137763,-7.008627e-05,NaN,NaN,NaN,NaN,NaN,NaN,NaN,NaN,NaN,NaN,NaN,NaN,NaN,NaN,NaN,NaN,NaN,NaN,NaN,NaN,NaN,6.949769e-05,-8.400127e-05,-3.59816e-05,5.216259e-05,0.000512559,0.001101793,0.001516495,0.003050362,0.00315413,0.003856265,0.004236519,0.004543603,0.004469171,0.004144194,0.003530714,0.002673402
-0.0009910133,-0.002887737,-0.005139167,-0.007601902,-0.0103513,-0.01336148,-0.01649759,-0.01978051,-0.02315013,-0.02648274,-0.02976393,-0.03290522,-0.03580352,-0.0384324,-0.04068364,-0.04252005,-0.0438684,-0.04469757,-0.04495483,-0.04463514,-0.04369833,-0.0421784,-0.04004888,-0.03736568,-0.0341278,-0.03041603,-0.02624152,-0.02170501,-0.01682875,-0.0117294,-0.006433838,-0.001067314,0.004345326,0.00966776,0.01487457,0.01985149,0.02459024,0.02892502,0.03290435,0.03642362,0.03942026,0.04188265,0.04384411,0.04509285,0.04587796,0.04600341,0.0455006,0.04450666,0.04294247,0.04075815,0.03830102,0.03527075,0.03191366,0.0283317,0.02454115,0.02050544,0.01663329,0.01272935,0.009066438,0.005601585,0.002653696,5.895924e-05,-0.001776396,-0.003441671,-0.0036352,-0.004968938,-0.003923465,-0.001463534,-0.002429903,-0.0009249692,-2.357993e-05,0.0001788561,0.000326002,0.0001465651,-4.934999e-05,-1.489862e-05,NaN,NaN,NaN,NaN,NaN,NaN,NaN,NaN,NaN,NaN,NaN,3.624966e-05,2.676555e-05,-5.373419e-05,-9.520714e-05,-2.274895e-05,5.607651e-05,0.0003852167,0.001095467,0.0008271228,0.001961086,0.002996249,0.002932034,0.00366111,0.003877604,0.004163755,0.00418406,0.003962728,0.003545478,0.002909214,0.001876656,0.0005663133
-0.003873256,-0.006035338,-0.008357346,-0.01104359,-0.01386654,-0.01687995,-0.02002323,-0.02328113,-0.02648653,-0.0297414,-0.03281678,-0.0357657,-0.03843995,-0.04083623,-0.04282138,-0.04442302,-0.04549727,-0.04609625,-0.04609444,-0.0455601,-0.04439933,-0.04268681,-0.04036145,-0.03752122,-0.03412294,-0.03027851,-0.02597024,-0.02132209,-0.01633336,-0.0111343,-0.005737377,-0.0002761728,0.00522725,0.01064923,0.01597129,0.02105702,0.02588169,0.03037761,0.03448573,0.03810151,0.04129954,0.04391701,0.0459626,0.04750405,0.04837558,0.04865818,0.04843818,0.04751011,0.04609587,0.04421216,0.04170492,0.03885855,0.03565784,0.03203153,0.02820802,0.02428731,0.02017032,0.01610978,0.01215661,0.00842094,0.004922383,0.001895363,-0.0008035493,-0.00293824,-0.004397546,-0.005631679,-0.005820206,-0.004843966,-0.006615343,-0.004569166,-0.00142991,-0.002077385,-0.002209167,-0.0006676929,-4.552521e-05,1.106334e-05,0.0001018868,0.0001451356,0.0001774357,8.968965e-05,2.71697e-05,-2.918989e-05,-4.782273e-05,-8.514248e-05,-8.988167e-05,-6.151154e-05,-1.135039e-05,2.104719e-05,5.827316e-05,0.0002614521,0.0008508848,0.0009460028,0.0006351261,0.001644007,0.002747035,0.002309803,0.00281302,0.003367204,0.003540421,0.003738175,0.003749186,0.003504411,0.003230711,0.002701225,0.00194235,0.0008283751,-0.0004211433,-0.00200515
-0.007157147,-0.009442121,-0.0119657,-0.01463954,-0.0174758,-0.02049905,-0.02353949,-0.02665178,-0.02975319,-0.0327608,-0.03563713,-0.03833569,-0.04073989,-0.04285593,-0.04457067,-0.04587288,-0.04668703,-0.04700176,-0.04676286,-0.04597814,-0.04460701,-0.04268838,-0.04019716,-0.03718653,-0.03365855,-0.02968486,-0.02528195,-0.02053539,-0.0154762,-0.01020063,-0.004748327,0.0007804027,0.006343091,0.01183289,0.0172009,0.02236554,0.0272904,0.0318473,0.03604572,0.03982548,0.04308163,0.04584232,0.04809615,0.04968238,0.05078076,0.05126524,0.05109132,0.05045193,0.04920302,0.04735807,0.04515778,0.04240853,0.03922894,0.03580835,0.03205102,0.02802801,0.02396222,0.01982052,0.01567894,0.01167062,0.007882149,0.004372574,0.001259838,-0.00143647,-0.003681962,-0.005587523,-0.006473284,-0.006794959,-0.007744756,-0.007026961,-0.0050993,-0.006067451,-0.006895277,-0.00345909,-0.001168099,-0.0007173019,-0.0008194092,-0.001258045,-0.001378004,-0.0009043902,-0.0003954729,-7.66099e-05,0.0001510576,0.0004203611,0.0006945852,0.0007269652,0.0004954693,0.0003085528,0.0003333475,0.0009965404,0.00230363,0.002370746,0.001834869,0.002261939,0.002885132,0.002851663,0.002977269,0.003216146,0.003129005,0.002923558,0.002643826,0.002196801,0.001543092,0.0006322862,-0.0004332453,-0.001723902,-0.003305821,-0.005153926
-0.01081062,-0.01317833,-0.01567084,-0.01837779,-0.02118577,-0.02404367,-0.02698889,-0.02992313,-0.03277661,-0.03556604,-0.03817015,-0.04055779,-0.04268483,-0.04447256,-0.04588456,-0.04687627,-0.04739699,-0.04742606,-0.04692588,-0.04589126,-0.04431043,-0.04218463,-0.03952761,-0.0363646,-0.03272157,-0.0286382,-0.0241603,-0.01934147,-0.01423974,-0.008917541,-0.003441964,0.002117979,0.007689032,0.01320768,0.01860785,0.02380926,0.02874108,0.03338527,0.03764423,0.04145388,0.04484905,0.04771115,0.05000607,0.05183244,0.05300261,0.05360682,0.0537104,0.05313079,0.05205052,0.0505017,0.04832251,0.04577047,0.04283356,0.03943201,0.035774,0.03192884,0.02782276,0.02364128,0.01945964,0.01532739,0.01131134,0.007536971,0.003999721,0.0008361973,-0.00190049,-0.004143181,-0.005907415,-0.007153606,-0.00830733,-0.008317064,-0.007619029,-0.008084762,-0.008405308,-0.006444756,-0.003955465,-0.002923625,-0.003100562,-0.004065577,-0.004364494,-0.003280353,-0.001830131,-0.0007610269,7.438109e-05,0.0009113284,0.001657143,0.001767791,0.001270383,0.0007852822,0.0006956076,0.001227802,0.002084446,0.002367633,0.002126621,0.002222016,0.002491869,0.002405037,0.00224979,0.00207462,0.001822395,0.001409118,0.0008081212,7.026645e-06,-0.0009184679,-0.002013532,-0.003350469,-0.004936797,-0.006668198,-0.008610475
-0.01466928,-0.01702842,-0.01956174,-0.02214305,-0.02481451,-0.02756814,-0.03028313,-0.03297144,-0.03560413,-0.03806849,-0.04037219,-0.04244674,-0.04422353,-0.0456828,-0.04676206,-0.04742288,-0.04763721,-0.04736667,-0.04659947,-0.04531495,-0.0435104,-0.04119376,-0.03837429,-0.03507148,-0.03131772,-0.02714992,-0.02261148,-0.01775228,-0.01262763,-0.007298043,-0.001825833,0.003723851,0.009287035,0.01479105,0.02016566,0.0253604,0.03031944,0.03494477,0.03922102,0.04311834,0.04651197,0.04944631,0.05189609,0.05372076,0.05506766,0.05584272,0.05597206,0.05565423,0.05474036,0.05324273,0.05137251,0.04896211,0.04609448,0.04295321,0.03943868,0.03561043,0.03165637,0.02754797,0.02334156,0.01914905,0.01504252,0.0110658,0.007336856,0.003873998,0.0007172603,-0.002083982,-0.004308662,-0.006107402,-0.00749156,-0.008368023,-0.008722879,-0.009225041,-0.009492553,-0.008290389,-0.0065552,-0.005427103,-0.005283594,-0.005765274,-0.005970227,-0.005184779,-0.003785892,-0.002390658,-0.001187853,-0.0001000403,0.0007632347,0.001116297,0.0009258512,0.0005728416,0.0004462805,0.0007353246,0.001281861,0.001504961,0.001376028,0.00124236,0.001140811,0.0009579935,0.0006480699,0.0002669852,-0.000298408,-0.001007469,-0.001831022,-0.002789192,-0.003957377,-0.005326827,-0.006839008,-0.008500256,-0.01040122,-0.01248183
-0.01871011,-0.02102966,-0.0233978,-0.02588649,-0.02840662,-0.03089351,-0.03339614,-0.03582168,-0.03811238,-0.04028438,-0.04224139,-0.04394945,-0.04538748,-0.04648083,-0.04721061,-0.04753679,-0.04742565,-0.04685814,-0.04581132,-0.04427816,-0.04225845,-0.03974929,-0.03677115,-0.03334304,-0.02949457,-0.02525681,-0.02067621,-0.01579637,-0.01067379,-0.005360081,8.053954e-05,0.005590043,0.01109872,0.01655301,0.02189083,0.02704183,0.03193705,0.03656494,0.0408346,0.04468323,0.04814564,0.05111419,0.05354684,0.05554263,0.05692432,0.05776471,0.05813445,0.05785475,0.05708673,0.05586748,0.05403778,0.05182489,0.04922624,0.04615426,0.04279508,0.03920678,0.03532009,0.0312864,0.02717653,0.02302054,0.01887885,0.01484735,0.01093845,0.007258887,0.00387729,0.0008615613,-0.001867628,-0.004176357,-0.006100883,-0.007444079,-0.008377956,-0.009110471,-0.009470356,-0.009216196,-0.008320623,-0.007546463,-0.007285141,-0.007456934,-0.007478789,-0.006873754,-0.005717283,-0.004386679,-0.003099376,-0.001938805,-0.001009197,-0.0005002601,-0.0004376368,-0.0005917959,-0.0006931577,-0.0006006446,-0.000423689,-0.0003264225,-0.0004319906,-0.0006402579,-0.000899525,-0.001306026,-0.001828148,-0.002471232,-0.003188686,-0.004042778,-0.005077209,-0.006283746,-0.007605538,-0.009053555,-0.01069241,-0.01251573,-0.01443338,-0.01648019
-0.02278452,-0.02497039,-0.02725474,-0.02951756,-0.03179175,-0.03407881,-0.03626795,-0.03836863,-0.04036643,-0.0421584,-0.04375756,-0.04511121,-0.04616056,-0.04689573,-0.04726787,-0.04724638,-0.04681439,-0.0459413,-0.04462274,-0.0428435,-0.04060508,-0.03791735,-0.03479163,-0.03124563,-0.02731061,-0.02301958,-0.01841251,-0.01353302,-0.008431237,-0.00315994,0.002224563,0.007665628,0.01310568,0.01848108,0.02372725,0.02880087,0.03365276,0.03819304,0.04240571,0.0462702,0.04966668,0.05263461,0.05515777,0.05709825,0.05858994,0.05955546,0.0599103,0.05984269,0.05921748,0.05803167,0.05648307,0.05441939,0.05190039,0.04909819,0.04591913,0.04240654,0.03872593,0.03485133,0.03082268,0.02673606,0.02264904,0.01859729,0.01467911,0.01091498,0.007341982,0.00400833,0.00107161,-0.00153198,-0.003742157,-0.005641006,-0.007149056,-0.008301171,-0.00908028,-0.009249344,-0.00908858,-0.008811745,-0.00868384,-0.008690452,-0.008640323,-0.008256858,-0.007478266,-0.006442153,-0.005352393,-0.004333863,-0.003507201,-0.002959125,-0.002720331,-0.002700907,-0.002749769,-0.002761896,-0.002734914,-0.002816508,-0.00304513,-0.003396697,-0.003858215,-0.004385914,-0.005035468,-0.005793222,-0.006720502,-0.00777768,-0.008935323,-0.01020079,-0.01163387,-0.01322383,-0.01491146,-0.01668832,-0.01863145,-0.02068853
-0.02684578,-0.0288897,-0.03091365,-0.03298357,-0.03502615,-0.03697447,-0.03887925,-0.040663,-0.0422713,-0.04372695,-0.04495012,-0.0459111,-0.04660211,-0.04696,-0.0469741,-0.04661536,-0.04585881,-0.04469314,-0.04310292,-0.04108535,-0.03864511,-0.03578145,-0.0325155,-0.02886594,-0.02486065,-0.02052759,-0.01590884,-0.01104302,-0.005980411,-0.0007661922,0.00454287,0.009895986,0.01523145,0.02050253,0.02565532,0.03062734,0.03535555,0.03983264,0.04397875,0.04773157,0.05112812,0.05407259,0.05651772,0.05856197,0.06004264,0.06101499,0.06155608,0.06149418,0.06096849,0.06002409,0.05850488,0.05661105,0.05434963,0.05162905,0.0486133,0.04535725,0.04179206,0.03804525,0.03418083,0.03021905,0.02620882,0.02222944,0.01829145,0.01448281,0.01086477,0.007491347,0.0042982,0.001411296,-0.001174798,-0.003338976,-0.005166017,-0.006666448,-0.007788255,-0.00861531,-0.009040714,-0.009284968,-0.009478143,-0.009664346,-0.009715826,-0.009513393,-0.00903086,-0.008347071,-0.007565042,-0.00679964,-0.006149664,-0.005704837,-0.005490663,-0.005453089,-0.005518543,-0.005629857,-0.005805349,-0.006032856,-0.006363305,-0.006808095,-0.007355486,-0.00804922,-0.008855453,-0.009782761,-0.01078445,-0.01189549,-0.01315313,-0.01454659,-0.01602181,-0.01757595,-0.01926147,-0.02107169,-0.022921,-0.02482824
-0.03075779,-0.03257902,-0.03443612,-0.03621879,-0.03795091,-0.03964387,-0.04119734,-0.04261884,-0.0439061,-0.04496743,-0.04581815,-0.04642104,-0.04672514,-0.04672942,-0.04639651,-0.0457033,-0.0446415,-0.04318848,-0.04134533,-0.03910279,-0.03646519,-0.03344496,-0.03005463,-0.02631126,-0.02224416,-0.01788368,-0.01326578,-0.008429074,-0.003417927,0.001721475,0.006939619,0.01218733,0.01741444,0.02256563,0.0275833,0.03243056,0.03706634,0.04140921,0.04544371,0.04915811,0.0524408,0.05532531,0.05780617,0.05975027,0.06127806,0.06232991,0.06281409,0.06290695,0.06249045,0.06154721,0.06026296,0.05850197,0.05630345,0.05382891,0.05099346,0.04782559,0.04447309,0.04091375,0.03717446,0.03333876,0.02945398,0.02554836,0.02170302,0.01793604,0.014275,0.0107604,0.007523292,0.004520022,0.001801857,-0.0006950796,-0.002885076,-0.004742532,-0.00628841,-0.007422424,-0.008336052,-0.009034223,-0.009593229,-0.01001766,-0.01031184,-0.01041963,-0.01031704,-0.01002479,-0.009631784,-0.009217535,-0.00886801,-0.008628797,-0.008530913,-0.008570192,-0.008718226,-0.008941971,-0.009220152,-0.009602956,-0.01009411,-0.01068876,-0.01139688,-0.012174,-0.01305791,-0.0140352,-0.01515126,-0.01637131,-0.01766117,-0.01902001,-0.02049518,-0.02207772,-0.02371006,-0.0253751,-0.02713868,-0.02895802
-0.03445143,-0.03607423,-0.03762429,-0.03916202,-0.04062966,-0.04196058,-0.04320531,-0.04430164,-0.04519865,-0.04592366,-0.04641216,-0.0466379,-0.04660349,-0.04625654,-0.04559252,-0.04459187,-0.0432368,-0.04152242,-0.0394398,-0.03698963,-0.03418072,-0.03101436,-0.02751206,-0.02369228,-0.01958144,-0.01520471,-0.01060026,-0.00580216,-0.0008551045,0.004201735,0.009318479,0.01445127,0.01954597,0.02456257,0.02945489,0.03416875,0.03864707,0.04288663,0.04681905,0.05038397,0.05361944,0.05644343,0.05880462,0.06080009,0.06228389,0.06329539,0.0639165,0.06398668,0.06362289,0.06287891,0.0616041,0.059973,0.05800227,0.05559939,0.05290719,0.04998029,0.04675076,0.0433265,0.03976625,0.03608435,0.03231972,0.02853978,0.02475161,0.02102752,0.01741938,0.01397137,0.01062758,0.007493324,0.004569002,0.00195661,-0.0003983787,-0.00249669,-0.004305311,-0.005916888,-0.007225395,-0.008328506,-0.009260295,-0.01004802,-0.01065559,-0.01107003,-0.01130395,-0.01139587,-0.0113868,-0.01133714,-0.01130486,-0.01134541,-0.01148548,-0.0117174,-0.01203382,-0.01242315,-0.01290121,-0.01343662,-0.01404813,-0.01474924,-0.01553168,-0.01643397,-0.01742637,-0.01851051,-0.01964408,-0.02084775,-0.02215363,-0.0235505,-0.02498791,-0.02645502,-0.02799587,-0.02960609,-0.03120661,-0.0328048
-0.03780494,-0.0391707,-0.04052368,-0.04176499,-0.04291116,-0.04398122,-0.04488663,-0.04563246,-0.04622634,-0.04658787,-0.04673301,-0.04663752,-0.04625762,-0.04559851,-0.04463279,-0.04334326,-0.04172837,-0.03977208,-0.0374797,-0.03484696,-0.03188039,-0.02859431,-0.02500235,-0.02112097,-0.0169776,-0.01260026,-0.008021397,-0.003275201,0.001599076,0.00656112,0.0115676,0.01657603,0.02154306,0.02642109,0.03115926,0.0357264,0.04008916,0.04417486,0.04796863,0.05146644,0.05456667,0.0572967,0.05966103,0.06153402,0.06302203,0.06408285,0.06462118,0.06479965,0.06451887,0.06374952,0.06266461,0.06114607,0.05921553,0.05702342,0.05449552,0.05164741,0.04861141,0.04536992,0.04193981,0.03839407,0.034773,0.03109887,0.02743951,0.0238103,0.02023095,0.0167341,0.01343057,0.01028592,0.007340503,0.004544178,0.001968266,-0.0003569316,-0.002457894,-0.004251793,-0.005879346,-0.007307935,-0.008563844,-0.009643015,-0.01057457,-0.011351,-0.01197429,-0.01245379,-0.01283965,-0.01317163,-0.01349962,-0.01384746,-0.01424149,-0.01469541,-0.01521393,-0.01579096,-0.01641516,-0.01711807,-0.01789919,-0.01874967,-0.01967945,-0.02065012,-0.02169161,-0.02279015,-0.02398137,-0.02523685,-0.02652218,-0.02783167,-0.02920436,-0.03063433,-0.0320687,-0.03348574,-0.03494284,-0.03640665
-0.04074056,-0.04190579,-0.04296049,-0.04395942,-0.04485906,-0.04559533,-0.04621687,-0.04667537,-0.04692397,-0.04699215,-0.04682909,-0.0464114,-0.04574901,-0.0447992,-0.0435617,-0.04202448,-0.04017554,-0.03801464,-0.03553819,-0.03274932,-0.02965996,-0.02627309,-0.02261016,-0.01868926,-0.01453547,-0.01017148,-0.00563198,-0.0009470228,0.00384353,0.008705785,0.01359591,0.01847619,0.02329922,0.02803096,0.03263203,0.03705602,0.04125151,0.04521842,0.04889926,0.05223664,0.05526801,0.05792525,0.06015465,0.06204997,0.06348304,0.06447937,0.06512308,0.06526771,0.06500886,0.06440734,0.06332093,0.06189957,0.06016838,0.05803676,0.05562749,0.05299552,0.05007521,0.04695744,0.04369651,0.04030326,0.03680843,0.03327031,0.02969342,0.0261378,0.02264766,0.01926032,0.01592513,0.01272949,0.009676373,0.006851031,0.00421209,0.001754357,-0.0004934091,-0.002608495,-0.004490803,-0.006197121,-0.007739901,-0.009136991,-0.01037029,-0.01144456,-0.01237966,-0.0132035,-0.01393685,-0.01461141,-0.01525915,-0.01591432,-0.01659809,-0.0173116,-0.01806186,-0.01884975,-0.01969334,-0.02056554,-0.0214757,-0.02243632,-0.02343713,-0.02451255,-0.02563878,-0.02681318,-0.02799874,-0.02920795,-0.03047023,-0.03177594,-0.03307983,-0.03436708,-0.03567597,-0.03700543,-0.03828473,-0.03951349
-0.04317314,-0.04410017,-0.044978,-0.04571968,-0.0463361,-0.04685142,-0.0471891,-0.04735187,-0.04735456,-0.04712766,-0.04668665,-0.04601746,-0.04508286,-0.04389192,-0.0424255,-0.0406709,-0.03863142,-0.03629622,-0.0336735,-0.0307628,-0.02757216,-0.02411696,-0.02041152,-0.0164716,-0.01232278,-0.007990835,-0.003505155,0.001103995,0.005801787,0.01055303,0.01531975,0.02006523,0.02475205,0.02933935,0.03378235,0.03805467,0.04212952,0.04594269,0.04947966,0.05274235,0.05563974,0.05819312,0.06041479,0.06218862,0.06360657,0.06464177,0.06519884,0.06542508,0.06523923,0.06460328,0.06367607,0.06235716,0.06065392,0.05870469,0.0564464,0.05388418,0.05113582,0.04818844,0.0450513,0.04178805,0.03843384,0.03500637,0.03156295,0.02811711,0.02468303,0.02128685,0.01802368,0.01486637,0.01184647,0.008921917,0.006148986,0.003559211,0.001126789,-0.001072355,-0.00314883,-0.005066051,-0.006835991,-0.008452442,-0.00994426,-0.01131295,-0.01256403,-0.0137005,-0.01475429,-0.01574541,-0.01670347,-0.01763916,-0.01857126,-0.01951336,-0.0204754,-0.02145717,-0.02245221,-0.02348394,-0.02455354,-0.02565051,-0.02678285,-0.02791702,-0.02907806,-0.03025282,-0.03147076,-0.03270955,-0.03393709,-0.03514529,-0.03636767,-0.03760169,-0.03880063,-0.03994098,-0.04107337,-0.04217306
-0.04505567,-0.04582093,-0.04645055,-0.0469935,-0.04741843,-0.04766532,-0.04777972,-0.04772512,-0.04745912,-0.04701145,-0.04634294,-0.04543267,-0.04429533,-0.04289642,-0.04123851,-0.03931516,-0.03711891,-0.03465263,-0.03191671,-0.02891586,-0.02566399,-0.02216524,-0.01844056,-0.01450735,-0.01038931,-0.006106797,-0.00169134,0.0028306,0.0074234,0.01205773,0.01669499,0.02130275,0.02583946,0.03027616,0.03457915,0.03870892,0.04261921,0.0463119,0.04973917,0.05284725,0.05567142,0.0581563,0.06024747,0.06203324,0.06340285,0.06437032,0.0650188,0.06521736,0.06504206,0.06455779,0.06363294,0.06239443,0.06087355,0.05898399,0.05682978,0.05446551,0.05182904,0.04899627,0.04601719,0.04290048,0.03967015,0.03637698,0.0330238,0.02966087,0.02632649,0.02305318,0.01979522,0.01662565,0.01354953,0.01063839,0.007860751,0.005208349,0.002708697,0.0002971213,-0.001936811,-0.004030936,-0.005992529,-0.00783438,-0.009543816,-0.0111265,-0.01260027,-0.01398507,-0.01529161,-0.01653623,-0.01773657,-0.01891346,-0.0200819,-0.02124263,-0.02240304,-0.02356507,-0.02474555,-0.02592116,-0.02709628,-0.0282824,-0.0294678,-0.03068271,-0.03190855,-0.03313996,-0.03434521,-0.03553152,-0.03672635,-0.03792229,-0.03907981,-0.04018229,-0.04126354,-0.04232568,-0.04330677,-0.0442013
-0.04637645,-0.04695179,-0.04745233,-0.04780257,-0.04800908,-0.04809881,-0.04800658,-0.04773307,-0.04729768,-0.04664094,-0.04577724,-0.04470003,-0.0433779,-0.04182196,-0.04001962,-0.03796148,-0.0356542,-0.03309077,-0.03028113,-0.02722748,-0.02393875,-0.0204305,-0.01671736,-0.0128141,-0.008744412,-0.004531807,-0.0002028856,0.00421563,0.008692835,0.01319802,0.01769787,0.02216064,0.02655393,0.03084271,0.03498753,0.03896591,0.04275631,0.0463024,0.04958988,0.05262469,0.0553262,0.05771,0.05979364,0.06147155,0.06282168,0.06382938,0.06440204,0.06467079,0.06457046,0.06405763,0.06327569,0.06214055,0.06064872,0.05892547,0.05691823,0.05462416,0.05214704,0.04947823,0.04662128,0.04363132,0.04053919,0.03735909,0.03413957,0.03089286,0.02762937,0.02437031,0.02119817,0.01809225,0.01507758,0.01211891,0.009261118,0.006536934,0.003923196,0.00148975,-0.0008535778,-0.0030739,-0.005177408,-0.007156861,-0.009036559,-0.01081901,-0.01250875,-0.01410461,-0.01562798,-0.01708854,-0.01850417,-0.01987765,-0.02122135,-0.02254604,-0.02385985,-0.02516235,-0.02644913,-0.02773703,-0.02902895,-0.03031317,-0.03159632,-0.03284796,-0.03408881,-0.03530689,-0.03652746,-0.03773303,-0.03889414,-0.04000135,-0.04108404,-0.04214234,-0.04313578,-0.04404038,-0.0449009,-0.04569985
-0.04715285,-0.04761743,-0.04793228,-0.04814047,-0.04822043,-0.04811693,-0.04787165,-0.04745762,-0.04683685,-0.04603793,-0.04503134,-0.04379824,-0.04235604,-0.04067694,-0.03876533,-0.03661872,-0.03423316,-0.03161329,-0.02876226,-0.02568567,-0.02239837,-0.01890521,-0.01522616,-0.01137759,-0.007381688,-0.003256605,0.000969182,0.005272437,0.009621429,0.01399078,0.01834651,0.02266078,0.0268971,0.03103076,0.03503293,0.03886998,0.04250032,0.04592688,0.04911008,0.05200031,0.05462936,0.0569528,0.05891718,0.06060357,0.06191741,0.0628635,0.06352143,0.06377564,0.06368542,0.06331638,0.06254867,0.06148846,0.06017042,0.05851426,0.05660677,0.05450087,0.052139,0.04958378,0.04688076,0.04403702,0.04107103,0.03802698,0.03490647,0.03175176,0.02859643,0.02546957,0.02233046,0.01924012,0.01620526,0.01328739,0.01046379,0.007724673,0.005097297,0.002526835,9.244016e-05,-0.002232048,-0.004451933,-0.0065759,-0.008592874,-0.01050599,-0.01232959,-0.01407816,-0.01575716,-0.01737478,-0.01894037,-0.02046636,-0.02196322,-0.02343123,-0.0248745,-0.0262934,-0.02770332,-0.02908309,-0.0304348,-0.03176728,-0.03307043,-0.03436863,-0.03564693,-0.03689936,-0.03809918,-0.03924924,-0.0403744,-0.04146935,-0.04250034,-0.0434494,-0.04434637,-0.0451957,-0.04594382,-0.04658182
-0.047453,-0.04777702,-0.04801026,-0.04808779,-0.04801267,-0.04781282,-0.0474333,-0.04687294,-0.04615354,-0.04522458,-0.04409909,-0.04277568,-0.04122816,-0.03946809,-0.03748806,-0.03528107,-0.03285591,-0.03020824,-0.02734877,-0.02428146,-0.02101558,-0.01756622,-0.01394783,-0.01017402,-0.006266532,-0.002246507,0.001862044,0.006035667,0.01024703,0.01446943,0.01867362,0.02283228,0.02691725,0.03089852,0.03474145,0.03842673,0.04193686,0.04522284,0.04827047,0.05108841,0.05360538,0.05583223,0.05778937,0.05938202,0.0606754,0.06166353,0.06225895,0.06257635,0.06256443,0.06217686,0.06154113,0.06058761,0.05930485,0.05780507,0.05604427,0.0540141,0.0518054,0.04941262,0.04683518,0.04412021,0.04129475,0.03837024,0.03538768,0.03235825,0.02928974,0.02619971,0.02316012,0.02015547,0.01720561,0.01428202,0.01142124,0.008656137,0.005967289,0.003418576,0.0009359322,-0.001452361,-0.00374855,-0.005944317,-0.008058847,-0.01009339,-0.01205044,-0.01392608,-0.01573507,-0.0174817,-0.01917706,-0.02081957,-0.02241723,-0.02397843,-0.0255087,-0.02700655,-0.02846855,-0.02990674,-0.03132564,-0.03271211,-0.03407368,-0.03538129,-0.03665121,-0.037874,-0.03907169,-0.04023025,-0.04132253,-0.04233832,-0.04330344,-0.04421964,-0.0450521,-0.04577704,-0.04643369,-0.04701047
-0.04734416,-0.04759895,-0.04769876,-0.04768105,-0.04753174,-0.04720069,-0.04672532,-0.04608608,-0.04524922,-0.04424124,-0.04304046,-0.04162982,-0.04002801,-0.03821245,-0.03618866,-0.03395689,-0.03151571,-0.02887062,-0.02602656,-0.02298945,-0.0197744,-0.01638642,-0.01284425,-0.009162977,-0.005363163,-0.001460759,0.002518617,0.006554728,0.0106194,0.0146908,0.01873904,0.02274033,0.02666263,0.03048487,0.03418233,0.03772648,0.04107995,0.04424627,0.04719254,0.04987379,0.05231762,0.05448882,0.056336,0.05793224,0.05919738,0.06012925,0.06080206,0.06111472,0.06111274,0.06085969,0.06024771,0.05936491,0.05824685,0.0568205,0.0551568,0.05330608,0.05121609,0.04893786,0.04651219,0.04394482,0.0412497,0.03846516,0.03559188,0.03266556,0.02971551,0.02676823,0.02378773,0.02082513,0.01788776,0.01502966,0.01223538,0.009494714,0.006834274,0.00420775,0.001684663,-0.0007525808,-0.003107319,-0.005384667,-0.007574344,-0.009676186,-0.01170082,-0.01365823,-0.01555093,-0.01738235,-0.01915759,-0.02088391,-0.02256876,-0.02421082,-0.02581264,-0.02737319,-0.02890533,-0.03039099,-0.03183024,-0.03323001,-0.03458214,-0.03590628,-0.03718985,-0.03842741,-0.03959633,-0.04069635,-0.04174962,-0.04275248,-0.04367609,-0.04450205,-0.04525616,-0.04594433,-0.04652063,-0.04697402
-0.0469329,-0.04708387,-0.04713535,-0.04703205,-0.04677439,-0.04638979,-0.04583239,-0.04509953,-0.04421386,-0.04313264,-0.04186746,-0.04042041,-0.03876979,-0.03692681,-0.03488789,-0.03264789,-0.03021667,-0.02759179,-0.02478414,-0.02179868,-0.01864467,-0.01533624,-0.0118874,-0.008310422,-0.004625112,-0.0008502355,0.002992616,0.006883022,0.01079685,0.01471105,0.01859994,0.02244016,0.02620718,0.0298754,0.03341439,0.03680762,0.04004069,0.04307133,0.04588547,0.04849335,0.05083231,0.05290939,0.05474594,0.05625788,0.05749908,0.05846961,0.05908836,0.05945457,0.05952815,0.0592622,0.05876854,0.05798997,0.05690965,0.05562709,0.05410527,0.05233235,0.05038727,0.04826682,0.04596734,0.04352877,0.04097462,0.03831419,0.035582,0.03278836,0.02993896,0.02704857,0.02417987,0.0213217,0.01848974,0.01566135,0.01286643,0.01013732,0.007457946,0.004886649,0.002362286,-9.075061e-05,-0.002471657,-0.004771108,-0.007003899,-0.009169488,-0.01126827,-0.01329403,-0.01525697,-0.01715804,-0.01900454,-0.02079265,-0.02252734,-0.02421393,-0.02585685,-0.02745384,-0.0290014,-0.03050871,-0.03198081,-0.03340451,-0.03478749,-0.03610298,-0.03736339,-0.03856147,-0.03971633,-0.0408169,-0.04183864,-0.04277086,-0.04363589,-0.04443662,-0.04514321,-0.04573258,-0.04623883,-0.04665488
-0.04628926,-0.04639791,-0.0463522,-0.04618434,-0.04588595,-0.04541206,-0.04479581,-0.04402336,-0.04306507,-0.04194493,-0.04064745,-0.03915729,-0.03749332,-0.03563729,-0.0335953,-0.03136941,-0.02895998,-0.02637284,-0.02361408,-0.02068957,-0.01761417,-0.0143928,-0.01104284,-0.007577946,-0.004017029,-0.0003739928,0.003328229,0.007072126,0.01083274,0.01459138,0.0183218,0.02200377,0.02560916,0.02912007,0.03251521,0.03577054,0.03885255,0.04176503,0.04448054,0.04695881,0.04922334,0.05124639,0.05297953,0.05448772,0.05570325,0.05661919,0.05730321,0.05766765,0.05774678,0.05760049,0.05713267,0.05641603,0.05548528,0.05427498,0.05284249,0.05123469,0.04940477,0.04739409,0.04523861,0.04294308,0.04051779,0.03799589,0.03537736,0.03269253,0.02996684,0.02722441,0.02443357,0.02163719,0.01884279,0.01609822,0.01339333,0.01071842,0.00809865,0.00549503,0.002968327,0.0005074575,-0.001889252,-0.004223997,-0.006486949,-0.008675192,-0.0107961,-0.01285598,-0.0148554,-0.0167947,-0.01867649,-0.02050468,-0.02228452,-0.0240131,-0.02569193,-0.02731898,-0.02890462,-0.03043346,-0.03190417,-0.03332204,-0.0346806,-0.03599576,-0.03725692,-0.03845921,-0.03958345,-0.04062726,-0.04161022,-0.04252992,-0.04336176,-0.04408759,-0.04472945,-0.04529404,-0.0457423,-0.04606204
-0.04550957,-0.04553894,-0.04546459,-0.04523973,-0.04486305,-0.04436055,-0.04369434,-0.04286071,-0.04188219,-0.04072282,-0.03939286,-0.0378966,-0.03621633,-0.0343625,-0.03233442,-0.03012834,-0.02775459,-0.0252121,-0.02251163,-0.01965861,-0.01666217,-0.01353526,-0.01029124,-0.006941126,-0.003502852,7.052639e-06,0.003569203,0.007165912,0.01077585,0.01437922,0.01795347,0.02147869,0.02493347,0.02829607,0.03153975,0.03465036,0.03761596,0.04040027,0.04298959,0.04539478,0.0475611,0.04949266,0.05121049,0.05264071,0.05382739,0.05477461,0.05540835,0.05581377,0.05595964,0.05580035,0.05543293,0.05481068,0.05391353,0.05282895,0.05152581,0.04999034,0.04829064,0.04642525,0.0443885,0.04221409,0.0399223,0.03752081,0.03503863,0.0324853,0.0298649,0.02718994,0.02451477,0.02183164,0.01915311,0.01646146,0.01378092,0.01114265,0.00853337,0.006006001,0.003509978,0.001066436,-0.001321791,-0.003644748,-0.005913539,-0.008126107,-0.0102812,-0.01237105,-0.01440248,-0.01637418,-0.01829094,-0.02014757,-0.0219469,-0.02369171,-0.02538539,-0.02702506,-0.02860704,-0.0301381,-0.0316234,-0.03304997,-0.03442533,-0.03572504,-0.03695836,-0.03811965,-0.03922551,-0.04026711,-0.04122257,-0.04208107,-0.04286176,-0.04356813,-0.04417482,-0.04465992,-0.04505289,-0.04534996
-0.04463473,-0.04463787,-0.04449021,-0.04421921,-0.04382079,-0.04325503,-0.04255112,-0.04169956,-0.04067469,-0.03949792,-0.03815861,-0.03664318,-0.03497004,-0.03312453,-0.03111307,-0.0289389,-0.02660375,-0.02411343,-0.02147481,-0.01869354,-0.01578397,-0.01275086,-0.009610226,-0.006374336,-0.003060539,0.0003190775,0.003743993,0.007199091,0.01066223,0.01411746,0.01754168,0.02091775,0.02422091,0.02743601,0.03054461,0.03352648,0.03635174,0.03902412,0.04152067,0.04380567,0.04589882,0.0477784,0.0493995,0.05081922,0.05198055,0.05287357,0.05355895,0.05396121,0.05410575,0.05404778,0.05370243,0.05312953,0.05236179,0.05134135,0.05011428,0.04872354,0.04712761,0.04536,0.04345205,0.04140785,0.03923484,0.03696166,0.03458785,0.0321393,0.02963802,0.02710591,0.02451515,0.02190175,0.01927314,0.01667186,0.01409142,0.01152308,0.008990063,0.006459592,0.003984514,0.001558596,-0.0008186033,-0.003147087,-0.005417438,-0.00762476,-0.009773888,-0.0118683,-0.01390729,-0.01588904,-0.0178145,-0.01968519,-0.02150469,-0.02326882,-0.02497822,-0.02662999,-0.02823223,-0.02977159,-0.03124577,-0.03265841,-0.03400437,-0.03529635,-0.0365253,-0.03768684,-0.03876467,-0.03975491,-0.04067467,-0.04152239,-0.04227718,-0.04292154,-0.04347426,-0.04394223,-0.04429254,-0.04451261
-0.04373121,-0.04367145,-0.04350599,-0.04319547,-0.04273762,-0.04215649,-0.04142108,-0.04052716,-0.03949645,-0.03829892,-0.03694369,-0.03543643,-0.03376292,-0.03193276,-0.02994737,-0.02780422,-0.02551371,-0.02307577,-0.02050093,-0.01779482,-0.01496637,-0.01202734,-0.008990454,-0.005865538,-0.002668889,0.0005849811,0.00387861,0.007196681,0.01052025,0.01383236,0.01711308,0.02034548,0.02351078,0.02659052,0.02956117,0.03241062,0.03512879,0.0376847,0.04006514,0.04228095,0.04428454,0.04607785,0.04768073,0.04902881,0.05015787,0.05107447,0.05171194,0.0521429,0.05234307,0.05226943,0.05200544,0.05151321,0.05077117,0.04985559,0.04874042,0.04741117,0.04592619,0.04428544,0.04248204,0.04054446,0.03849012,0.03632551,0.03407498,0.03174748,0.02934587,0.02688088,0.02439938,0.02189635,0.01938198,0.01684267,0.01429786,0.01177703,0.009269238,0.006822137,0.004393904,0.002002951,-0.0003466823,-0.002644795,-0.004899537,-0.007107722,-0.009266984,-0.01136864,-0.01341701,-0.01540922,-0.0173482,-0.01922794,-0.02104968,-0.02281414,-0.02452379,-0.02617509,-0.02776422,-0.02929582,-0.03077477,-0.03218846,-0.03354391,-0.03481888,-0.03601996,-0.03714269,-0.03820132,-0.03918866,-0.04008536,-0.04088075,-0.0415911,-0.04222006,-0.04274628,-0.04314929,-0.04345449,-0.04366037
-0.0428086,-0.0427318,-0.04250895,-0.04216331,-0.04169392,-0.04106577,-0.04030448,-0.03940376,-0.03834181,-0.03713751,-0.03578404,-0.03426958,-0.03261169,-0.03079876,-0.02883738,-0.02673156,-0.02448406,-0.02210056,-0.01958846,-0.01695315,-0.01420837,-0.01135869,-0.008418919,-0.005400051,-0.002318035,0.0008165796,0.003985357,0.007175215,0.01036642,0.01354532,0.0166915,0.01979038,0.02282015,0.02576789,0.0286175,0.031352,0.03394474,0.03639923,0.03869613,0.04080403,0.04273916,0.04448454,0.04599917,0.04733273,0.04843726,0.0493013,0.04997841,0.05040406,0.0505967,0.05060642,0.05035887,0.04990321,0.0492695,0.04840718,0.04735307,0.04614604,0.04474965,0.04319108,0.04149745,0.03967242,0.03772133,0.03566896,0.03351459,0.03128054,0.02898574,0.0266501,0.02424931,0.02181371,0.01935049,0.01689749,0.01445079,0.0120029,0.009574866,0.007139303,0.004741954,0.002380181,5.443662e-05,-0.002233658,-0.004475163,-0.006663847,-0.008802629,-0.01089284,-0.01293292,-0.01491955,-0.01685253,-0.01873155,-0.02055892,-0.02232951,-0.02404324,-0.02569641,-0.02729519,-0.02882771,-0.03029102,-0.03168715,-0.03301199,-0.03427541,-0.03546957,-0.0365904,-0.03762401,-0.03856548,-0.03942959,-0.04021524,-0.04090478,-0.04148166,-0.04196183,-0.04235198,-0.04262458,-0.04276721
-0.04190791,-0.04177944,-0.04154452,-0.04117013,-0.04065372,-0.04001703,-0.03923503,-0.0383033,-0.03724239,-0.03602736,-0.03466648,-0.03316615,-0.03151518,-0.02972237,-0.0277907,-0.02571862,-0.02351643,-0.02118481,-0.01873406,-0.01616977,-0.01350075,-0.01073762,-0.007892487,-0.004974168,-0.001997556,0.00102459,0.004076436,0.007144672,0.01021235,0.01326487,0.01628455,0.01925691,0.02216534,0.02499415,0.02772252,0.0303401,0.03283813,0.03519024,0.03738379,0.03942917,0.04128508,0.04295193,0.04444781,0.04571711,0.04678858,0.04767014,0.04830242,0.04874702,0.04898503,0.04897684,0.04879371,0.04840504,0.04778906,0.04701189,0.04605169,0.04489427,0.04358928,0.04213778,0.0405324,0.03879723,0.03694719,0.03498798,0.03294002,0.03081177,0.02860526,0.02632984,0.02402577,0.02169024,0.01933165,0.01693988,0.01453047,0.01213087,0.009732219,0.00737715,0.00503118,0.002710493,0.0004197984,-0.001830712,-0.004046844,-0.006224562,-0.008360798,-0.01044638,-0.01248379,-0.01446898,-0.01640354,-0.01828089,-0.02010113,-0.02186332,-0.02356911,-0.02521439,-0.02679519,-0.02831436,-0.02977627,-0.03116871,-0.03249805,-0.03374405,-0.0349112,-0.0359957,-0.03700975,-0.03794727,-0.03879127,-0.03953144,-0.04018153,-0.04074501,-0.04120402,-0.04153979,-0.04177411,-0.04190692
-0.04101916,-0.04087885,-0.04059771,-0.0401953,-0.03967288,-0.03900007,-0.0381993,-0.03726663,-0.03618389,-0.03496758,-0.03361386,-0.03211261,-0.03048036,-0.02870804,-0.02680234,-0.02476771,-0.02260773,-0.0203279,-0.01793595,-0.01543699,-0.01284418,-0.01016189,-0.007403858,-0.004579969,-0.001704946,0.001211933,0.004154002,0.007109874,0.01006184,0.01299814,0.01590062,0.01875681,0.02154736,0.02426121,0.02688413,0.02940184,0.03179058,0.03405347,0.03617402,0.03812486,0.03991903,0.0415433,0.04296064,0.04421389,0.04526269,0.04609508,0.04675764,0.04719563,0.04742211,0.04748186,0.04731025,0.04694766,0.0464211,0.04568693,0.04477442,0.04371837,0.04248707,0.04110272,0.03958856,0.03794808,0.03618504,0.03432097,0.03235509,0.03030673,0.0281922,0.02602953,0.02379771,0.02152251,0.01921072,0.01689605,0.01457638,0.01224565,0.00992272,0.00758501,0.005271944,0.002983571,0.0007210249,-0.001512831,-0.003709572,-0.005862084,-0.007971832,-0.01003844,-0.0120598,-0.01403148,-0.01595251,-0.01782114,-0.01963869,-0.02139928,-0.02310228,-0.02474331,-0.02632693,-0.02784239,-0.02928632,-0.03065934,-0.03195809,-0.03319,-0.03434821,-0.03542884,-0.03642,-0.03731611,-0.03812979,-0.03886018,-0.03949242,-0.04001115,-0.04042987,-0.04075474,-0.04096295,-0.04104263
-0.04016887,-0.03998542,-0.03969553,-0.03927167,-0.03871137,-0.03803396,-0.03721946,-0.03626361,-0.03518551,-0.03396461,-0.03260851,-0.03112386,-0.0295022,-0.02775148,-0.02587585,-0.02387456,-0.02175768,-0.01952647,-0.01719096,-0.01475665,-0.0122322,-0.009627204,-0.006953208,-0.004218163,-0.001435776,0.001382695,0.004222779,0.007072851,0.009917597,0.0127444,0.01553742,0.0182842,0.02096992,0.02358117,0.02609945,0.02851582,0.03082247,0.032997,0.0350274,0.03692317,0.03864861,0.0402031,0.04160257,0.04279935,0.04381628,0.04466179,0.04528354,0.04573351,0.04599685,0.04603795,0.04591707,0.04560966,0.04509469,0.04442906,0.04359454,0.04257783,0.04142095,0.04012578,0.03868496,0.03711895,0.03544046,0.03365471,0.03177883,0.02982089,0.02778233,0.02567146,0.02352271,0.02133517,0.01911591,0.01685775,0.01457306,0.0122872,0.009993113,0.007728772,0.005465944,0.003219036,0.0009930932,-0.001201838,-0.003369676,-0.005505728,-0.007606488,-0.009662548,-0.01167496,-0.01363885,-0.01555479,-0.01741588,-0.01922136,-0.02096883,-0.02265926,-0.0242881,-0.02585133,-0.02735022,-0.02878855,-0.0301546,-0.03145397,-0.03266834,-0.03380065,-0.03484741,-0.03581881,-0.03670955,-0.03750499,-0.03819529,-0.03879201,-0.03929823,-0.03969917,-0.0399778,-0.0401528,-0.04022497
-0.03933955,-0.03914778,-0.03882052,-0.03837414,-0.03781138,-0.03710617,-0.03627812,-0.03532498,-0.03423188,-0.03301318,-0.0316673,-0.03018574,-0.02858395,-0.02685492,-0.02500544,-0.02304009,-0.02096308,-0.01877974,-0.01649801,-0.01412275,-0.01166648,-0.009133409,-0.006536373,-0.00388426,-0.001190731,0.001535981,0.004280693,0.007033438,0.009778186,0.01250474,0.0151968,0.01784364,0.02042796,0.02294028,0.02536777,0.0276984,0.02991099,0.03200819,0.03397565,0.03578965,0.03746052,0.03897792,0.04030864,0.04148927,0.04248586,0.04328666,0.04393156,0.04437448,0.04462438,0.04472073,0.04460781,0.04431875,0.0438773,0.04324631,0.04244886,0.04151579,0.04041987,0.0391793,0.0378138,0.03632682,0.03472101,0.03301514,0.03120856,0.02931817,0.0273578,0.02534377,0.02325816,0.02112324,0.01894552,0.01675462,0.01454972,0.01232657,0.01010166,0.007856954,0.005626098,0.003411355,0.001214244,-0.000961297,-0.003107404,-0.005216406,-0.007288683,-0.009322369,-0.01131494,-0.01326115,-0.01515962,-0.01700762,-0.01880559,-0.02054659,-0.02222984,-0.02385072,-0.02541202,-0.02690421,-0.02832339,-0.02966944,-0.03093884,-0.03213746,-0.03325965,-0.03430109,-0.03525135,-0.03610459,-0.03687187,-0.03755222,-0.03813312,-0.03860066,-0.0389662,-0.03923519,-0.03938889,-0.03941625
-0.03855208,-0.03832464,-0.03799129,-0.0375292,-0.03693627,-0.0362294,-0.03539295,-0.03442293,-0.0333369,-0.03211804,-0.03077349,-0.02930973,-0.02772079,-0.02601379,-0.02419372,-0.02226042,-0.0202236,-0.01808511,-0.01585465,-0.01353755,-0.01114235,-0.008677701,-0.00615465,-0.003580405,-0.0009676749,0.001673563,0.004329962,0.006991334,0.009643684,0.01227605,0.01487409,0.01742702,0.01992145,0.02234593,0.02468382,0.0269274,0.02906946,0.03109108,0.03298073,0.03474678,0.03635864,0.03781496,0.03912916,0.04026086,0.0412278,0.04203841,0.04264697,0.04309707,0.04337684,0.04345507,0.04338209,0.04313837,0.04270432,0.04212845,0.04139556,0.04049382,0.03945844,0.03829193,0.03698726,0.0355619,0.03402664,0.03238641,0.03065572,0.02884222,0.02694685,0.02497707,0.02296223,0.02090334,0.01880671,0.01666689,0.01449404,0.0123117,0.01011397,0.007934914,0.005751311,0.003576541,0.001415411,-0.0007219946,-0.002838187,-0.004927902,-0.006987494,-0.009007274,-0.01098728,-0.01292186,-0.01481114,-0.01664809,-0.01843129,-0.02015642,-0.02182438,-0.02343062,-0.02497047,-0.02644447,-0.02785507,-0.02919222,-0.03045915,-0.03164047,-0.03273851,-0.03374889,-0.0346797,-0.03552647,-0.03627721,-0.03692247,-0.03747165,-0.03792762,-0.03827818,-0.03850811,-0.03863334,-0.03865496
-0.03778918,-0.03755628,-0.0371933,-0.03671364,-0.03612106,-0.03539341,-0.03454784,-0.0335832,-0.03248777,-0.03127379,-0.0299415,-0.02848385,-0.02691516,-0.02523021,-0.02343578,-0.02153636,-0.01953676,-0.01744206,-0.01526034,-0.01299622,-0.01066154,-0.008260454,-0.005804965,-0.003303102,-0.0007676033,0.001794134,0.00436818,0.006945739,0.009512202,0.01205862,0.01457026,0.01703776,0.01944558,0.02178549,0.0240458,0.02621626,0.02827803,0.03023312,0.03206895,0.03376503,0.03532926,0.0367535,0.03800828,0.0391245,0.04007346,0.04084432,0.04147049,0.04191368,0.04217954,0.04230252,0.04223503,0.04200411,0.04163032,0.04108233,0.04037842,0.0395456,0.03856056,0.03743846,0.0361959,0.03483643,0.03336192,0.03178877,0.03011656,0.02836003,0.02653094,0.02464397,0.02268425,0.0206713,0.01861132,0.01652985,0.01442741,0.01230138,0.0101661,0.008007631,0.005854533,0.003710733,0.001578004,-0.0005387787,-0.002632354,-0.004694672,-0.006725312,-0.008721165,-0.01067946,-0.01259431,-0.01446406,-0.01628513,-0.01805724,-0.01977288,-0.02143097,-0.02302662,-0.02456146,-0.02602665,-0.02741808,-0.02873519,-0.02997394,-0.03113896,-0.03222602,-0.03322994,-0.03414161,-0.03495517,-0.03568032,-0.03631585,-0.03685133,-0.03727431,-0.03759441,-0.03781616,-0.03792442,-0.03790896
-0.0370701,-0.03680841,-0.03644175,-0.03595124,-0.03533534,-0.03460852,-0.03375883,-0.0327827,-0.03169608,-0.03048536,-0.02915727,-0.02771793,-0.0261635,-0.02450037,-0.02273408,-0.02086492,-0.01890235,-0.01684857,-0.01471298,-0.01250069,-0.01022011,-0.007879091,-0.005488214,-0.003054061,-0.0005885053,0.001899545,0.004397691,0.006896922,0.009384361,0.01185039,0.01428188,0.01666943,0.01900079,0.02126608,0.02345031,0.02554668,0.02754837,0.02943931,0.03120869,0.03286353,0.03437757,0.03574904,0.03698887,0.03806315,0.03898533,0.03976341,0.04035784,0.0408049,0.04109488,0.04120101,0.04116486,0.04097102,0.04060178,0.040098,0.03944732,0.03863954,0.03770368,0.0366428,0.03545059,0.03414208,0.03272634,0.03120818,0.02959974,0.02790827,0.02613459,0.02428559,0.02238625,0.02043898,0.01844933,0.01641363,0.01434053,0.0122513,0.01014149,0.008041176,0.005931819,0.003825655,0.001727423,-0.0003529778,-0.002416862,-0.004458466,-0.006474056,-0.008454014,-0.01039757,-0.01229861,-0.01415659,-0.0159643,-0.01771985,-0.0194183,-0.02105981,-0.0226394,-0.02415287,-0.02559929,-0.02698054,-0.02828738,-0.02952194,-0.03067057,-0.03173521,-0.03271096,-0.03360437,-0.03441127,-0.03512179,-0.0357271,-0.03623505,-0.03664783,-0.0369557,-0.03714515,-0.03722967,-0.03721033
-0.03638051,-0.03611587,-0.03572636,-0.03522275,-0.03460937,-0.03386771,-0.03301263,-0.03204378,-0.03095223,-0.02974831,-0.02843362,-0.02700246,-0.02546799,-0.02382647,-0.02208466,-0.02024685,-0.01831838,-0.01630409,-0.01421203,-0.01204663,-0.009819126,-0.007533592,-0.005201346,-0.002829664,-0.0004304962,0.001989428,0.00441723,0.006845063,0.009259514,0.01165264,0.01401097,0.01632627,0.01858446,0.02077828,0.02289694,0.02493164,0.02686555,0.02870003,0.03042386,0.03201956,0.03349268,0.03483675,0.03602597,0.03708594,0.0379925,0.03873595,0.03934366,0.03978422,0.04006081,0.04020291,0.04017047,0.03998544,0.03966518,0.03918382,0.03855574,0.03780429,0.03690979,0.03588498,0.03474373,0.03348979,0.03212453,0.03066232,0.02910293,0.02745933,0.02574153,0.02396281,0.02211118,0.02020379,0.01824635,0.01626099,0.01424926,0.01221001,0.01015574,0.008076125,0.005995307,0.003918344,0.001847302,-0.0002122317,-0.002253584,-0.004268477,-0.006255844,-0.008211639,-0.01013294,-0.01201343,-0.01385111,-0.01564161,-0.01738412,-0.01907113,-0.02070113,-0.02226882,-0.02377516,-0.0252117,-0.02657445,-0.02786214,-0.02907081,-0.03020354,-0.03125713,-0.03222599,-0.03310242,-0.03388051,-0.03456853,-0.03516495,-0.03566138,-0.0360467,-0.03632902,-0.03651191,-0.03658332,-0.036534
-0.03573865,-0.0354514,-0.03506025,-0.03454971,-0.03391889,-0.03317989,-0.03232392,-0.0313479,-0.03026611,-0.0290677,-0.0277591,-0.0263459,-0.0248261,-0.02320538,-0.02148969,-0.01967969,-0.01778457,-0.01580678,-0.01375541,-0.01163535,-0.009454909,-0.007221231,-0.004944485,-0.00263074,-0.0002911825,0.002066185,0.004429737,0.006791431,0.009139294,0.01146481,0.01375583,0.01600406,0.01819815,0.02032952,0.02238453,0.02435712,0.02624062,0.02802148,0.02968949,0.03125027,0.03268135,0.03398069,0.0351567,0.03618135,0.03706439,0.03781302,0.03839359,0.03883581,0.03913161,0.03925867,0.03925061,0.03909554,0.03877793,0.03833173,0.037747,0.03701543,0.03616053,0.03518583,0.03408586,0.03287367,0.03155683,0.03014018,0.02863379,0.02704462,0.02537353,0.02362712,0.02182638,0.01997491,0.01807764,0.01613259,0.01414724,0.01214065,0.01010973,0.008080811,0.006039466,0.003997002,0.001958004,-6.785279e-05,-0.002080909,-0.004074983,-0.006046336,-0.007985532,-0.00989121,-0.01175689,-0.01358149,-0.01535769,-0.0170833,-0.01875291,-0.02036613,-0.0219176,-0.02340351,-0.02482178,-0.0261737,-0.02745078,-0.02865421,-0.02977192,-0.03080544,-0.03174954,-0.03260944,-0.03338112,-0.03405659,-0.03462766,-0.03510085,-0.03547759,-0.03575025,-0.03590702,-0.03595921,-0.0359076
-0.03513305,-0.03484474,-0.03443643,-0.03391653,-0.0332896,-0.03254046,-0.03168194,-0.03071409,-0.02963058,-0.02843994,-0.02714479,-0.02574069,-0.02423965,-0.02263914,-0.02094591,-0.01916399,-0.01729915,-0.01535596,-0.01334246,-0.01126289,-0.009127917,-0.006941579,-0.004714605,-0.002453639,-0.0001699656,0.002130212,0.00443488,0.006736954,0.009024001,0.01128888,0.01351913,0.01570744,0.01784088,0.019913,0.02191366,0.02383522,0.02566264,0.02739652,0.02902673,0.03053851,0.03193522,0.03321164,0.03434546,0.03535738,0.03622715,0.0369464,0.03753682,0.03797317,0.03825678,0.03841231,0.03840667,0.03825755,0.03797913,0.03755072,0.03698344,0.03629719,0.03547576,0.03452998,0.03347123,0.03230353,0.03102797,0.02965721,0.02819129,0.02664171,0.02501695,0.02332909,0.02156883,0.01975131,0.01788177,0.01597933,0.0140463,0.01208301,0.01010023,0.008091011,0.006075494,0.004059586,0.002045595,3.968291e-05,-0.001952059,-0.003921266,-0.005866368,-0.007782539,-0.009666775,-0.01151245,-0.01331732,-0.01507638,-0.01678841,-0.01844593,-0.02004718,-0.02158652,-0.02306433,-0.02447255,-0.02580742,-0.02706696,-0.02824741,-0.02935038,-0.03037348,-0.03131086,-0.03215614,-0.0329035,-0.03355978,-0.03412314,-0.03458694,-0.03494138,-0.0351932,-0.03534496,-0.03538731,-0.03531203
-0.03457987,-0.03427428,-0.03386576,-0.0333418,-0.03270221,-0.03195674,-0.03109936,-0.03012749,-0.02905372,-0.02786961,-0.02658134,-0.02519382,-0.02370675,-0.02212509,-0.02045504,-0.01869763,-0.01686173,-0.01494999,-0.01297122,-0.0109301,-0.008834859,-0.006692016,-0.004511402,-0.002298671,-6.446191e-05,0.002183979,0.004435641,0.00668327,0.008915599,0.01112501,0.01330011,0.01543351,0.01751454,0.01953563,0.02148432,0.02335509,0.02514123,0.02683137,0.02841584,0.02989883,0.03126117,0.03250069,0.03362323,0.03460615,0.03545596,0.03617884,0.0367467,0.03718333,0.03748194,0.03762454,0.03763755,0.03751213,0.03723508,0.03683415,0.03630144,0.0356307,0.03484057,0.03393492,0.03290933,0.03177514,0.03053863,0.02920478,0.02778193,0.02627683,0.02469052,0.02302948,0.02131111,0.01953997,0.01772054,0.01585248,0.01394236,0.01200713,0.01004493,0.008078599,0.006097387,0.004111827,0.002126311,0.0001502498,-0.001815885,-0.003765562,-0.005695099,-0.007595313,-0.009464394,-0.0112956,-0.01308745,-0.01483255,-0.01652856,-0.0181697,-0.01975512,-0.02127919,-0.02273847,-0.02412992,-0.02545427,-0.02670368,-0.0278786,-0.02896837,-0.02997415,-0.03089049,-0.03172144,-0.032463,-0.03310887,-0.03365156,-0.03409633,-0.03444381,-0.03468823,-0.03481939,-0.0348466,-0.03477023
-0.03406972,-0.03376428,-0.03334321,-0.0328128,-0.03217759,-0.03142548,-0.03056739,-0.02960358,-0.02853004,-0.02735365,-0.0260778,-0.02469922,-0.02322874,-0.02166489,-0.02001438,-0.01828097,-0.0164708,-0.01458815,-0.01264104,-0.01063357,-0.008575887,-0.00647202,-0.004332216,-0.002162597,2.610036e-05,0.002228072,0.004432002,0.006631396,0.008814612,0.01097512,0.01310129,0.01518648,0.01721875,0.01919222,0.0210972,0.022927,0.0246681,0.02632037,0.02787443,0.02931802,0.03065243,0.03187337,0.03296183,0.03393395,0.03477287,0.03547168,0.03604668,0.03647826,0.03676634,0.03693094,0.03694544,0.0368239,0.03657743,0.03619025,0.03567071,0.0350355,0.03427171,0.03338869,0.03239555,0.03129663,0.03009294,0.02879568,0.02740524,0.02593192,0.02438289,0.02276915,0.02108397,0.01934074,0.01754432,0.01571116,0.01384409,0.01194493,0.01002288,0.008074125,0.006115174,0.004152578,0.002188858,0.000230639,-0.001716552,-0.003644372,-0.00555085,-0.007430503,-0.009280294,-0.01109337,-0.01286735,-0.01459669,-0.01627988,-0.01790948,-0.0194836,-0.02099635,-0.02244761,-0.02382968,-0.02513913,-0.0263733,-0.02752869,-0.02860555,-0.02960208,-0.03051233,-0.03133114,-0.03205286,-0.03268299,-0.03321927,-0.03365664,-0.03398654,-0.03421449,-0.03434195,-0.034362,-0.03426743
-0.03361588,-0.03329762,-0.03287715,-0.03234459,-0.03170047,-0.03095223,-0.03009627,-0.02913048,-0.02806576,-0.02689583,-0.02562662,-0.02426232,-0.02280411,-0.02125628,-0.0196252,-0.01791223,-0.01612591,-0.01426905,-0.01235023,-0.0103739,-0.008348296,-0.006279372,-0.00417669,-0.002045593,0.0001037015,0.00226457,0.00442647,0.00658277,0.008722738,0.01083946,0.01292214,0.01496408,0.01695507,0.01888839,0.02075251,0.02254232,0.02425091,0.02586878,0.02738678,0.02880756,0.03011491,0.03130659,0.03238587,0.03333506,0.03415781,0.03485907,0.03541607,0.03584718,0.03614661,0.03630062,0.03632898,0.03622559,0.03597967,0.0356133,0.03512041,0.0344969,0.03375706,0.03290509,0.03193765,0.0308647,0.02969141,0.02842298,0.02706625,0.02562794,0.02410934,0.02251698,0.02086498,0.01915871,0.01740231,0.01559713,0.01374896,0.01187276,0.00996786,0.008053798,0.006123157,0.004185827,0.00224599,0.0003127671,-0.00161267,-0.003523495,-0.00541612,-0.007281668,-0.009117992,-0.01091816,-0.01268036,-0.01439725,-0.01606636,-0.01768166,-0.01924193,-0.02074135,-0.02217681,-0.02354448,-0.02484457,-0.0260698,-0.02722002,-0.02828586,-0.02926814,-0.03016129,-0.03096828,-0.03168507,-0.03230691,-0.03282696,-0.03324936,-0.03357385,-0.03379631,-0.03390806,-0.03391659,-0.03382171
-0.03321064,-0.03289311,-0.03246379,-0.03192695,-0.03128697,-0.03053456,-0.02967887,-0.02872017,-0.02765663,-0.02649352,-0.02523481,-0.02387835,-0.02243377,-0.02090053,-0.01928532,-0.0175916,-0.01582584,-0.01399206,-0.01209824,-0.01014837,-0.008152151,-0.006113652,-0.004042731,-0.001945087,0.0001689739,0.00229393,0.004419008,0.006538157,0.008640351,0.01071951,0.01276463,0.01476959,0.01672323,0.01862004,0.02045066,0.02220909,0.02388319,0.02547198,0.02696663,0.02835722,0.02964298,0.03082033,0.03187338,0.03281395,0.0336282,0.03431074,0.03487275,0.03529978,0.03559069,0.03576102,0.03579022,0.03568925,0.03546618,0.03511,0.03462668,0.03402985,0.03330985,0.0324748,0.03153181,0.03048557,0.0293372,0.02809662,0.02676466,0.02535067,0.02386067,0.02230472,0.02067855,0.01899407,0.01725574,0.01547768,0.0136631,0.01181533,0.009942073,0.008042532,0.006129859,0.004211108,0.002288997,0.0003705418,-0.001539283,-0.003432223,-0.005305986,-0.007154528,-0.008974829,-0.01075987,-0.01250715,-0.01421072,-0.0158688,-0.01747411,-0.01902468,-0.02051446,-0.02194283,-0.02330252,-0.02459043,-0.02580329,-0.02693788,-0.02799318,-0.02896778,-0.02985578,-0.0306532,-0.0313546,-0.03196419,-0.03247921,-0.03289601,-0.03320726,-0.03341728,-0.03352642,-0.03352994,-0.03342164
-0.03286422,-0.03253764,-0.03210919,-0.03157137,-0.03092538,-0.0301764,-0.02932297,-0.0283635,-0.02730714,-0.02614956,-0.02489649,-0.0235513,-0.02211653,-0.02059581,-0.01899563,-0.01731766,-0.01557018,-0.01375608,-0.01188373,-0.009957415,-0.007985394,-0.00597316,-0.003930069,-0.001861252,0.0002233804,0.002317696,0.004411495,0.006498607,0.008568689,0.01061537,0.01262826,0.01460119,0.01652427,0.01839138,0.02019178,0.02192061,0.02357061,0.02513394,0.02660185,0.0279755,0.02924125,0.03039678,0.03144286,0.03236638,0.03316841,0.03385253,0.03440109,0.03482739,0.03512644,0.03528867,0.03532765,0.0352398,0.03501683,0.03467555,0.03421163,0.0336232,0.03292051,0.03210811,0.03118388,0.03015663,0.02903056,0.02781122,0.0265041,0.02511597,0.02364856,0.02210864,0.02050726,0.01885042,0.01714195,0.0153851,0.01358504,0.0117547,0.009894717,0.008021351,0.006130407,0.004231107,0.002327508,0.000428403,-0.001464417,-0.003343864,-0.005206437,-0.007043662,-0.008853146,-0.01062785,-0.01236558,-0.014059,-0.01570566,-0.01729961,-0.0188392,-0.02031827,-0.02173431,-0.02308259,-0.02436303,-0.02556859,-0.02669903,-0.02774587,-0.02870937,-0.02958422,-0.03037259,-0.03107025,-0.03167364,-0.03217662,-0.03258239,-0.03288968,-0.03309583,-0.03319366,-0.03318891,-0.03308074
-0.03257061,-0.03224485,-0.03181054,-0.03127005,-0.03062739,-0.02987595,-0.02902314,-0.02806915,-0.02701414,-0.02586187,-0.02461672,-0.02327759,-0.02185292,-0.02034298,-0.01875445,-0.01709052,-0.01535801,-0.01356062,-0.01170631,-0.009799026,-0.007848069,-0.00585761,-0.003837194,-0.001792214,0.0002673567,0.002336158,0.004403834,0.006464613,0.008507952,0.01052806,0.0125144,0.01446122,0.01635793,0.01819925,0.019976,0.02168269,0.02330835,0.02485106,0.02630248,0.02765485,0.02890527,0.03005059,0.0310781,0.03199533,0.03279128,0.03346204,0.03401389,0.0344372,0.03473002,0.03490347,0.03494288,0.03485643,0.03464928,0.03431499,0.03385756,0.03328769,0.03259881,0.03179812,0.03089091,0.02988236,0.02877377,0.02757402,0.02628432,0.02491329,0.02346607,0.02195199,0.02036919,0.01872795,0.01703233,0.01529484,0.01351886,0.01170893,0.009871807,0.008009188,0.006131462,0.004245742,0.002355208,0.0004670916,-0.001414135,-0.003280372,-0.005128968,-0.006953539,-0.008751072,-0.01051453,-0.0122411,-0.01392439,-0.01556244,-0.01714883,-0.0186811,-0.02015275,-0.02156336,-0.02290551,-0.02417708,-0.02537333,-0.02649259,-0.0275317,-0.02848924,-0.02936006,-0.03014158,-0.0308284,-0.03142302,-0.03192234,-0.03232427,-0.03262231,-0.03281978,-0.03291591,-0.03290787,-0.03279055
-0.03233693,-0.03200543,-0.0315719,-0.03103103,-0.0303847,-0.02963579,-0.0287848,-0.02783062,-0.02678066,-0.02563239,-0.02439128,-0.02305991,-0.02164207,-0.0201407,-0.01856241,-0.0169092,-0.01518903,-0.0134049,-0.01156502,-0.009673511,-0.007738745,-0.005765809,-0.003763933,-0.001738128,0.0003018887,0.002350363,0.004397309,0.00643688,0.008458969,0.0104576,0.01242265,0.0143483,0.01622484,0.01804655,0.01980336,0.0214905,0.02310024,0.02462617,0.02605991,0.02740104,0.02863823,0.02976911,0.03079193,0.03169788,0.03248564,0.03315732,0.03370021,0.03412285,0.03442091,0.03458891,0.03463456,0.03455663,0.03434939,0.03402475,0.03357995,0.03301545,0.03233783,0.03155196,0.03065705,0.0296609,0.02856693,0.02738111,0.02610775,0.0247538,0.02332155,0.02181812,0.0202517,0.01862881,0.0169531,0.01522986,0.01346366,0.01166551,0.00983736,0.007992306,0.006129233,0.004256745,0.00237882,0.0005038804,-0.001365691,-0.003222584,-0.005063386,-0.006880071,-0.008670043,-0.01042621,-0.01214606,-0.01382229,-0.01545252,-0.01703095,-0.01855554,-0.02001983,-0.02142189,-0.02275624,-0.0240225,-0.02521376,-0.02632995,-0.02736329,-0.0283134,-0.02917543,-0.02995079,-0.03063499,-0.0312255,-0.03171692,-0.03211154,-0.03240702,-0.03260202,-0.03269079,-0.03267739,-0.03256027
-0.03215915,-0.03182828,-0.03139143,-0.03084911,-0.03020492,-0.02945473,-0.02860429,-0.02765356,-0.02660461,-0.02545968,-0.02422349,-0.02289593,-0.02148429,-0.01998954,-0.01841838,-0.01677371,-0.01506262,-0.01328859,-0.01145959,-0.009579547,-0.007657448,-0.005697587,-0.003709308,-0.001697776,0.000327248,0.002360475,0.004391822,0.006415682,0.008421823,0.01040462,0.01235385,0.01426395,0.01612478,0.01793115,0.01967387,0.02134784,0.02294309,0.02445676,0.02588067,0.02720911,0.02843713,0.02956192,0.03057366,0.0314758,0.03225991,0.03292357,0.03346832,0.03388912,0.03418337,0.03435795,0.03440379,0.03432658,0.03412864,0.03380811,0.03336705,0.03281346,0.03214398,0.03136502,0.03048017,0.0294951,0.02841147,0.02723723,0.02597422,0.02463046,0.02321024,0.02172222,0.02016687,0.01855332,0.01688539,0.01517378,0.01342201,0.01163619,0.009821812,0.00798339,0.006128351,0.004264168,0.002394234,0.0005260631,-0.001336376,-0.003185165,-0.005017416,-0.006826306,-0.008608886,-0.01035804,-0.01207096,-0.01374095,-0.01536592,-0.01693957,-0.01845954,-0.01991926,-0.02131785,-0.0226484,-0.02390918,-0.02509482,-0.02620411,-0.02723268,-0.02817922,-0.02903884,-0.02981004,-0.03048769,-0.03107295,-0.0315622,-0.03195454,-0.03224455,-0.03243442,-0.03252221,-0.03250692,-0.03238443
-0.03204153,-0.03170787,-0.03127147,-0.03072904,-0.03008311,-0.02933426,-0.02848483,-0.02753409,-0.02648775,-0.0253449,-0.02411081,-0.02278721,-0.02137906,-0.01988868,-0.0183227,-0.01668344,-0.01497858,-0.01321121,-0.01138946,-0.009517323,-0.007603334,-0.005652238,-0.003673222,-0.001671265,0.0003440047,0.0023671,0.004388119,0.006401422,0.008396988,0.0103691,0.01230773,0.01420732,0.01605812,0.01785474,0.01958755,0.02125181,0.02283914,0.02434448,0.0257596,0.02708243,0.02830387,0.02942147,0.03043086,0.03132738,0.03210738,0.03277147,0.03331174,0.03373215,0.03402897,0.03420079,0.03424967,0.03417666,0.03397863,0.03366283,0.03322801,0.03267704,0.0320131,0.03124147,0.0303627,0.02938377,0.02830737,0.02714003,0.02588512,0.02454985,0.02313709,0.02165437,0.02010716,0.01850276,0.01684477,0.01514032,0.01339347,0.01161358,0.009803736,0.007974118,0.006126463,0.004268967,0.00240542,0.0005439186,-0.001312598,-0.003156613,-0.004984862,-0.006789708,-0.008568396,-0.0103138,-0.01202324,-0.01368961,-0.0153106,-0.01688019,-0.01839622,-0.01985217,-0.02124642,-0.02257299,-0.02383103,-0.02501411,-0.0261218,-0.02714745,-0.02809027,-0.02894549,-0.0297136,-0.0303899,-0.03097311,-0.03145845,-0.03184715,-0.03213589,-0.03232456,-0.03240873,-0.0323908,-0.03226844
-0.03198201,-0.03164858,-0.0312111,-0.03066822,-0.03002303,-0.02927379,-0.02842456,-0.02747501,-0.02642903,-0.02528732,-0.0240549,-0.02273259,-0.02132653,-0.01983838,-0.0182748,-0.01663841,-0.01493659,-0.0131726,-0.01135449,-0.00948618,-0.007576417,-0.005629681,-0.003655196,-0.001657991,0.0003522894,0.002370312,0.004386145,0.006394225,0.008384492,0.01035134,0.01228472,0.01417914,0.01602473,0.01781626,0.01954439,0.02120427,0.0227868,0.02428806,0.02569992,0.02701854,0.02823692,0.0293525,0.0303582,0.03125345,0.03203223,0.03269365,0.03323452,0.03365431,0.03394984,0.03412384,0.03417277,0.03409998,0.03390502,0.03359057,0.03315697,0.03260961,0.03194836,0.03117901,0.03030357,0.0293283,0.02825532,0.02709183,0.02584034,0.02450846,0.02309969,0.02162209,0.02007856,0.01847727,0.01682189,0.0151213,0.01337927,0.0116035,0.009798256,0.007970876,0.00612592,0.004271214,0.002410356,0.0005511401,-0.00130297,-0.003144255,-0.004969624,-0.006771837,-0.008548025,-0.01029105,-0.01199815,-0.01366241,-0.01528162,-0.01684958,-0.01836403,-0.01981844,-0.0212115,-0.02253678,-0.02379297,-0.02497416,-0.02607953,-0.02710357,-0.02804519,-0.02889961,-0.02966633,-0.03034045,-0.0309219,-0.03140652,-0.03179447,-0.03208141,-0.03226838,-0.03235222,-0.03233368,-0.03220955
-0.03198201,-0.03164858,-0.0312111,-0.03066822,-0.03002303,-0.02927379,-0.02842456,-0.02747501,-0.02642903,-0.02528732,-0.0240549,-0.02273259,-0.02132653,-0.01983838,-0.0182748,-0.01663841,-0.01493659,-0.0131726,-0.01135449,-0.00948618,-0.007576417,-0.005629681,-0.003655196,-0.001657991,0.0003522893,0.002370312,0.004386145,0.006394225,0.008384491,0.01035134,0.01228472,0.01417914,0.01602473,0.01781626,0.01954439,0.02120427,0.0227868,0.02428806,0.02569992,0.02701854,0.02823692,0.0293525,0.0303582,0.03125345,0.03203223,0.03269365,0.03323452,0.03365431,0.03394984,0.03412384,0.03417277,0.03409998,0.03390502,0.03359057,0.03315697,0.0326096,0.03194836,0.03117901,0.03030357,0.0293283,0.02825532,0.02709182,0.02584034,0.02450846,0.02309969,0.02162209,0.02007856,0.01847727,0.01682189,0.0151213,0.01337927,0.0116035,0.009798256,0.007970876,0.00612592,0.004271214,0.002410356,0.0005511402,-0.00130297,-0.003144255,-0.004969624,-0.006771836,-0.008548024,-0.01029105,-0.01199815,-0.01366241,-0.01528162,-0.01684958,-0.01836403,-0.01981844,-0.0212115,-0.02253678,-0.02379297,-0.02497416,-0.02607953,-0.02710357,-0.02804519,-0.02889961,-0.02966633,-0.03034044,-0.0309219,-0.03140652,-0.03179447,-0.03208141,-0.03226838,-0.03235222,-0.03233368,-0.03220955
-0.03204152,-0.03170786,-0.03127147,-0.03072904,-0.03008311,-0.02933426,-0.02848483,-0.02753409,-0.02648775,-0.0253449,-0.02411081,-0.02278721,-0.02137906,-0.01988868,-0.01832269,-0.01668344,-0.01497858,-0.01321121,-0.01138946,-0.009517322,-0.007603334,-0.005652238,-0.003673222,-0.001671265,0.0003440046,0.002367099,0.004388119,0.006401421,0.008396987,0.0103691,0.01230773,0.01420732,0.01605811,0.01785474,0.01958755,0.02125181,0.02283914,0.02434448,0.0257596,0.02708243,0.02830387,0.02942147,0.03043085,0.03132738,0.03210737,0.03277147,0.03331174,0.03373214,0.03402896,0.03420079,0.03424967,0.03417666,0.03397863,0.03366283,0.03322801,0.03267704,0.0320131,0.03124147,0.0303627,0.02938377,0.02830737,0.02714003,0.02588512,0.02454985,0.02313709,0.02165437,0.02010716,0.01850276,0.01684477,0.01514032,0.01339347,0.01161358,0.009803735,0.007974117,0.006126463,0.004268967,0.00240542,0.0005439189,-0.001312597,-0.003156612,-0.004984862,-0.006789707,-0.008568395,-0.0103138,-0.01202324,-0.01368961,-0.0153106,-0.01688019,-0.01839622,-0.01985217,-0.02124642,-0.02257298,-0.02383103,-0.02501411,-0.0261218,-0.02714744,-0.02809026,-0.02894549,-0.0297136,-0.0303899,-0.0309731,-0.03145844,-0.03184715,-0.03213589,-0.03232456,-0.03240873,-0.0323908,-0.03226843
-0.03215915,-0.03182827,-0.03139142,-0.0308491,-0.03020491,-0.02945473,-0.02860429,-0.02765356,-0.02660461,-0.02545967,-0.02422348,-0.02289592,-0.02148428,-0.01998954,-0.01841838,-0.01677371,-0.01506262,-0.01328858,-0.01145959,-0.009579546,-0.007657447,-0.005697587,-0.003709308,-0.001697776,0.0003272478,0.002360474,0.004391821,0.006415681,0.008421822,0.01040462,0.01235384,0.01426395,0.01612478,0.01793115,0.01967387,0.02134784,0.02294309,0.02445676,0.02588067,0.02720911,0.02843712,0.02956192,0.03057366,0.0314758,0.0322599,0.03292357,0.03346832,0.03388912,0.03418337,0.03435794,0.03440379,0.03432658,0.03412864,0.0338081,0.03336705,0.03281346,0.03214398,0.03136502,0.03048017,0.02949509,0.02841147,0.02723723,0.02597422,0.02463046,0.02321024,0.02172222,0.02016687,0.01855332,0.01688539,0.01517377,0.01342201,0.01163619,0.009821812,0.00798339,0.006128351,0.004264168,0.002394234,0.0005260636,-0.001336375,-0.003185164,-0.005017415,-0.006826305,-0.008608884,-0.01035804,-0.01207096,-0.01374095,-0.01536592,-0.01693957,-0.01845954,-0.01991926,-0.02131785,-0.0226484,-0.02390917,-0.02509481,-0.02620411,-0.02723268,-0.02817922,-0.02903884,-0.02981004,-0.03048768,-0.03107294,-0.0315622,-0.03195453,-0.03224455,-0.03243442,-0.03252221,-0.03250692,-0.03238443
-0.03233692,-0.03200542,-0.03157189,-0.03103103,-0.03038469,-0.02963578,-0.0287848,-0.02783061,-0.02678066,-0.02563238,-0.02439127,-0.02305991,-0.02164206,-0.0201407,-0.01856241,-0.0169092,-0.01518903,-0.0134049,-0.01156502,-0.00967351,-0.007738744,-0.005765809,-0.003763932,-0.001738128,0.0003018884,0.002350363,0.004397308,0.006436878,0.008458967,0.0104576,0.01242264,0.0143483,0.01622483,0.01804655,0.01980335,0.0214905,0.02310024,0.02462617,0.02605991,0.02740104,0.02863823,0.0297691,0.03079192,0.03169788,0.03248563,0.03315732,0.03370021,0.03412285,0.03442091,0.03458891,0.03463455,0.03455663,0.03434938,0.03402475,0.03357995,0.03301545,0.03233782,0.03155196,0.03065704,0.0296609,0.02856693,0.0273811,0.02610775,0.0247538,0.02332154,0.02181812,0.02025169,0.01862881,0.0169531,0.01522986,0.01346366,0.01166551,0.009837359,0.007992306,0.006129233,0.004256745,0.002378821,0.0005038811,-0.00136569,-0.003222583,-0.005063385,-0.006880069,-0.008670041,-0.01042621,-0.01214606,-0.01382228,-0.01545252,-0.01703094,-0.01855554,-0.02001983,-0.02142189,-0.02275623,-0.0240225,-0.02521376,-0.02632994,-0.02736329,-0.0283134,-0.02917543,-0.02995079,-0.03063498,-0.0312255,-0.03171692,-0.03211154,-0.03240701,-0.03260202,-0.03269079,-0.03267739,-0.03256027
-0.03257061,-0.03224484,-0.03181054,-0.03127004,-0.03062739,-0.02987595,-0.02902313,-0.02806914,-0.02701414,-0.02586186,-0.02461671,-0.02327758,-0.02185292,-0.02034297,-0.01875445,-0.01709052,-0.01535801,-0.01356062,-0.01170631,-0.009799024,-0.007848068,-0.00585761,-0.003837194,-0.001792214,0.0002673563,0.002336157,0.004403833,0.006464611,0.008507949,0.01052806,0.0125144,0.01446122,0.01635793,0.01819924,0.019976,0.02168269,0.02330835,0.02485106,0.02630247,0.02765485,0.02890526,0.03005058,0.03107809,0.03199533,0.03279128,0.03346203,0.03401389,0.03443719,0.03473001,0.03490346,0.03494288,0.03485642,0.03464928,0.03431499,0.03385756,0.03328768,0.0325988,0.03179811,0.03089091,0.02988235,0.02877377,0.02757401,0.02628432,0.02491328,0.02346606,0.02195199,0.02036918,0.01872795,0.01703233,0.01529484,0.01351886,0.01170893,0.009871806,0.008009187,0.006131462,0.004245742,0.002355208,0.0004670924,-0.001414134,-0.003280371,-0.005128966,-0.006953537,-0.00875107,-0.01051452,-0.0122411,-0.01392438,-0.01556244,-0.01714883,-0.0186811,-0.02015274,-0.02156335,-0.02290551,-0.02417707,-0.02537333,-0.02649258,-0.02753169,-0.02848923,-0.02936005,-0.03014157,-0.0308284,-0.03142301,-0.03192233,-0.03232426,-0.0326223,-0.03281977,-0.0329159,-0.03290786,-0.03279054
-0.03286421,-0.03253763,-0.03210918,-0.03157136,-0.03092538,-0.0301764,-0.02932297,-0.02836349,-0.02730714,-0.02614956,-0.02489648,-0.02355129,-0.02211653,-0.0205958,-0.01899562,-0.01731766,-0.01557018,-0.01375608,-0.01188373,-0.009957413,-0.007985393,-0.005973159,-0.003930068,-0.001861252,0.0002233799,0.002317695,0.004411493,0.006498605,0.008568686,0.01061537,0.01262826,0.01460119,0.01652427,0.01839137,0.02019178,0.02192061,0.02357061,0.02513393,0.02660185,0.0279755,0.02924124,0.03039677,0.03144285,0.03236638,0.0331684,0.03385253,0.03440108,0.03482738,0.03512643,0.03528866,0.03532764,0.03523979,0.03501682,0.03467555,0.03421162,0.03362319,0.0329205,0.03210811,0.03118388,0.03015662,0.02903056,0.02781122,0.0265041,0.02511596,0.02364855,0.02210864,0.02050726,0.01885042,0.01714195,0.0153851,0.01358504,0.0117547,0.009894715,0.00802135,0.006130407,0.004231107,0.002327509,0.000428404,-0.001464416,-0.003343862,-0.005206435,-0.00704366,-0.008853143,-0.01062785,-0.01236558,-0.014059,-0.01570566,-0.01729961,-0.0188392,-0.02031826,-0.0217343,-0.02308259,-0.02436302,-0.02556858,-0.02669903,-0.02774587,-0.02870936,-0.02958421,-0.03037258,-0.03107025,-0.03167363,-0.03217661,-0.03258238,-0.03288967,-0.03309583,-0.03319366,-0.03318891,-0.03308073
-0.03321064,-0.03289311,-0.03246379,-0.03192694,-0.03128697,-0.03053456,-0.02967886,-0.02872016,-0.02765662,-0.02649351,-0.02523481,-0.02387834,-0.02243377,-0.02090053,-0.01928532,-0.0175916,-0.01582583,-0.01399205,-0.01209823,-0.01014836,-0.00815215,-0.006113651,-0.00404273,-0.001945087,0.0001689732,0.002293929,0.004419006,0.006538155,0.008640347,0.0107195,0.01276462,0.01476959,0.01672322,0.01862004,0.02045065,0.02220909,0.02388318,0.02547197,0.02696662,0.02835721,0.02964297,0.03082032,0.03187337,0.03281394,0.03362819,0.03431073,0.03487274,0.03529977,0.03559068,0.03576101,0.03579022,0.03568923,0.03546617,0.03510999,0.03462667,0.03402984,0.03330984,0.03247479,0.0315318,0.03048557,0.0293372,0.02809661,0.02676465,0.02535066,0.02386066,0.02230471,0.02067855,0.01899407,0.01725574,0.01547767,0.0136631,0.01181532,0.009942072,0.008042531,0.006129858,0.004211109,0.002288998,0.0003705431,-0.001539282,-0.003432221,-0.005305984,-0.007154525,-0.008974826,-0.01075987,-0.01250715,-0.01421071,-0.0158688,-0.01747411,-0.01902468,-0.02051446,-0.02194282,-0.02330252,-0.02459043,-0.02580328,-0.02693788,-0.02799317,-0.02896778,-0.02985577,-0.03065319,-0.03135459,-0.03196418,-0.0324792,-0.032896,-0.03320725,-0.03341727,-0.03352642,-0.03352993,-0.03342164
-0.03361586,-0.03329761,-0.03287714,-0.03234459,-0.03170047,-0.03095222,-0.03009626,-0.02913047,-0.02806576,-0.02689582,-0.02562661,-0.02426231,-0.02280411,-0.02125628,-0.0196252,-0.01791223,-0.01612591,-0.01426905,-0.01235023,-0.0103739,-0.008348295,-0.006279371,-0.004176689,-0.002045593,0.0001037006,0.002264568,0.004426468,0.006582768,0.008722735,0.01083946,0.01292214,0.01496407,0.01695506,0.01888838,0.0207525,0.02254231,0.0242509,0.02586877,0.02738677,0.02880755,0.0301149,0.03130658,0.03238586,0.03333505,0.0341578,0.03485906,0.03541606,0.03584717,0.0361466,0.03630061,0.03632896,0.03622558,0.03597966,0.03561329,0.03512039,0.03449689,0.03375705,0.03290508,0.03193764,0.03086469,0.0296914,0.02842297,0.02706625,0.02562794,0.02410934,0.02251698,0.02086498,0.01915871,0.01740231,0.01559712,0.01374896,0.01187276,0.009967858,0.008053798,0.006123157,0.004185827,0.002245991,0.0003127685,-0.001612668,-0.003523493,-0.005416117,-0.007281665,-0.009117988,-0.01091816,-0.01268036,-0.01439724,-0.01606636,-0.01768165,-0.01924192,-0.02074134,-0.0221768,-0.02354447,-0.02484456,-0.02606979,-0.02722001,-0.02828586,-0.02926813,-0.03016128,-0.03096827,-0.03168507,-0.0323069,-0.03282695,-0.03324934,-0.03357384,-0.0337963,-0.03390805,-0.03391659,-0.0338217
-0.03406971,-0.03376427,-0.0333432,-0.03281279,-0.03217759,-0.03142548,-0.03056738,-0.02960357,-0.02853003,-0.02735364,-0.02607779,-0.02469921,-0.02322873,-0.02166488,-0.02001437,-0.01828096,-0.01647079,-0.01458815,-0.01264104,-0.01063357,-0.008575886,-0.006472019,-0.004332216,-0.002162597,2.609941e-05,0.002228071,0.004431999,0.006631393,0.008814609,0.01097512,0.01310128,0.01518647,0.01721874,0.01919221,0.02109719,0.02292699,0.02466809,0.02632036,0.02787441,0.02931801,0.03065242,0.03187336,0.03296182,0.03393394,0.03477285,0.03547167,0.03604667,0.03647825,0.03676632,0.03693093,0.03694543,0.03682389,0.03657742,0.03619024,0.0356707,0.03503549,0.0342717,0.03338867,0.03239553,0.03129661,0.03009293,0.02879567,0.02740523,0.02593191,0.02438289,0.02276914,0.02108396,0.01934074,0.01754432,0.01571115,0.01384409,0.01194493,0.01002288,0.008074124,0.006115174,0.004152578,0.002188859,0.0002306407,-0.00171655,-0.003644369,-0.005550847,-0.007430499,-0.00928029,-0.01109337,-0.01286734,-0.01459669,-0.01627987,-0.01790948,-0.01948359,-0.02099635,-0.0224476,-0.02382968,-0.02513912,-0.0263733,-0.02752868,-0.02860554,-0.02960207,-0.03051233,-0.03133113,-0.03205285,-0.03268298,-0.03321926,-0.03365663,-0.03398653,-0.03421448,-0.03434194,-0.03436199,-0.03426742
-0.03457985,-0.03427427,-0.03386575,-0.03334179,-0.0327022,-0.03195673,-0.03109935,-0.03012748,-0.02905371,-0.0278696,-0.02658133,-0.02519381,-0.02370674,-0.02212508,-0.02045503,-0.01869763,-0.01686173,-0.01494999,-0.01297122,-0.01093009,-0.008834857,-0.006692015,-0.004511401,-0.002298671,-6.446297e-05,0.002183977,0.004435638,0.006683266,0.008915594,0.011125,0.0133001,0.01543351,0.01751453,0.01953562,0.02148431,0.02335508,0.02514122,0.02683135,0.02841583,0.02989882,0.03126116,0.03250068,0.03362321,0.03460614,0.03545595,0.03617882,0.03674669,0.03718331,0.03748192,0.03762453,0.03763753,0.03751212,0.03723507,0.03683414,0.03630143,0.03563069,0.03484055,0.03393491,0.03290932,0.03177513,0.03053863,0.02920478,0.02778192,0.02627682,0.02469051,0.02302947,0.02131111,0.01953997,0.01772054,0.01585248,0.01394236,0.01200713,0.01004493,0.008078598,0.006097387,0.004111828,0.002126312,0.0001502516,-0.001815883,-0.003765559,-0.005695095,-0.007595309,-0.00946439,-0.0112956,-0.01308744,-0.01483255,-0.01652855,-0.01816969,-0.01975511,-0.02127918,-0.02273846,-0.02412991,-0.02545426,-0.02670367,-0.02787859,-0.02896836,-0.02997414,-0.03089048,-0.03172143,-0.03246298,-0.03310886,-0.03365155,-0.03409632,-0.0344438,-0.03468822,-0.03481938,-0.03484659,-0.03477022
-0.03513303,-0.03484473,-0.03443642,-0.03391651,-0.03328959,-0.03254045,-0.03168193,-0.03071408,-0.02963057,-0.02843993,-0.02714478,-0.02574069,-0.02423964,-0.02263913,-0.0209459,-0.01916398,-0.01729915,-0.01535596,-0.01334245,-0.01126288,-0.009127915,-0.006941578,-0.004714604,-0.002453639,-0.0001699668,0.00213021,0.004434878,0.00673695,0.009023996,0.01128887,0.01351913,0.01570743,0.01784088,0.019913,0.02191365,0.02383521,0.02566263,0.02739651,0.02902672,0.0305385,0.0319352,0.03321163,0.03434544,0.03535736,0.03622713,0.03694639,0.03753681,0.03797315,0.03825676,0.0384123,0.03840666,0.03825753,0.03797911,0.03755071,0.03698343,0.03629718,0.03547574,0.03452997,0.03347122,0.03230352,0.03102796,0.0296572,0.02819129,0.0266417,0.02501695,0.02332908,0.02156883,0.0197513,0.01788177,0.01597933,0.0140463,0.01208301,0.01010023,0.008091011,0.006075494,0.004059586,0.002045597,3.968493e-05,-0.001952056,-0.003921262,-0.005866364,-0.007782534,-0.00966677,-0.01151244,-0.01331732,-0.01507637,-0.0167884,-0.01844592,-0.02004717,-0.02158651,-0.02306432,-0.02447254,-0.02580741,-0.02706695,-0.0282474,-0.02935037,-0.03037347,-0.03131085,-0.03215612,-0.03290349,-0.03355977,-0.03412313,-0.03458693,-0.03494137,-0.03519319,-0.03534494,-0.0353873,-0.03531201
-0.03573863,-0.03545138,-0.03506024,-0.0345497,-0.03391888,-0.03317988,-0.03232391,-0.03134789,-0.0302661,-0.02906769,-0.02775909,-0.02634589,-0.02482609,-0.02320538,-0.02148968,-0.01967968,-0.01778456,-0.01580677,-0.0137554,-0.01163535,-0.009454907,-0.007221229,-0.004944485,-0.00263074,-0.0002911837,0.002066183,0.004429734,0.006791427,0.009139289,0.0114648,0.01375582,0.01600405,0.01819815,0.02032951,0.02238452,0.02435711,0.02624061,0.02802146,0.02968947,0.03125026,0.03268134,0.03398068,0.03515668,0.03618134,0.03706437,0.037813,0.03839358,0.03883579,0.0391316,0.03925866,0.03925059,0.03909553,0.03877791,0.03833172,0.03774698,0.03701542,0.03616052,0.03518581,0.03408584,0.03287366,0.03155682,0.03014017,0.02863378,0.02704461,0.02537352,0.02362711,0.02182638,0.01997491,0.01807764,0.01613258,0.01414723,0.01214065,0.01010973,0.008080811,0.006039466,0.003997002,0.001958005,-6.785065e-05,-0.002080907,-0.00407498,-0.006046331,-0.007985528,-0.009891205,-0.01175688,-0.01358149,-0.01535769,-0.01708329,-0.0187529,-0.02036612,-0.02191759,-0.0234035,-0.02482177,-0.02617369,-0.02745077,-0.0286542,-0.02977191,-0.03080543,-0.03174952,-0.03260943,-0.0333811,-0.03405657,-0.03462765,-0.03510084,-0.03547757,-0.03575024,-0.03590701,-0.0359592,-0.03590759
-0.0363805,-0.03611586,-0.03572635,-0.03522274,-0.03460935,-0.03386769,-0.03301262,-0.03204377,-0.03095222,-0.0297483,-0.02843361,-0.02700245,-0.02546798,-0.02382646,-0.02208465,-0.02024685,-0.01831838,-0.01630408,-0.01421202,-0.01204662,-0.009819123,-0.00753359,-0.005201345,-0.002829664,-0.0004304974,0.001989426,0.004417227,0.006845058,0.009259509,0.01165264,0.01401097,0.01632627,0.01858445,0.02077827,0.02289693,0.02493163,0.02686554,0.02870002,0.03042385,0.03201955,0.03349267,0.03483674,0.03602595,0.03708592,0.03799248,0.03873594,0.03934364,0.0397842,0.0400608,0.04020289,0.04017046,0.03998543,0.03966517,0.03918381,0.03855573,0.03780428,0.03690977,0.03588497,0.03474372,0.03348978,0.03212452,0.03066231,0.02910293,0.02745932,0.02574152,0.0239628,0.02211118,0.02020379,0.01824635,0.01626099,0.01424925,0.01221001,0.01015574,0.008076125,0.005995307,0.003918345,0.001847303,-0.0002122294,-0.002253581,-0.004268473,-0.006255839,-0.008211634,-0.01013293,-0.01201342,-0.0138511,-0.0156416,-0.01738411,-0.01907112,-0.02070113,-0.02226881,-0.02377515,-0.02521169,-0.02657444,-0.02786213,-0.0290708,-0.03020352,-0.03125712,-0.03222598,-0.0331024,-0.0338805,-0.03456851,-0.03516493,-0.03566136,-0.03604668,-0.036329,-0.0365119,-0.03658331,-0.03653399
-0.03707009,-0.03680839,-0.03644174,-0.03595123,-0.03533533,-0.03460851,-0.03375881,-0.03278269,-0.03169607,-0.03048535,-0.02915726,-0.02771793,-0.02616349,-0.02450036,-0.02273407,-0.02086491,-0.01890234,-0.01684857,-0.01471298,-0.01250069,-0.01022011,-0.00787909,-0.005488213,-0.003054061,-0.0005885065,0.001899543,0.004397688,0.006896918,0.009384356,0.01185038,0.01428187,0.01666942,0.01900078,0.02126607,0.0234503,0.02554667,0.02754835,0.0294393,0.03120868,0.03286352,0.03437756,0.03574903,0.03698885,0.03806314,0.03898532,0.03976339,0.04035782,0.04080488,0.04109486,0.041201,0.04116485,0.04097101,0.04060177,0.04009799,0.0394473,0.03863953,0.03770366,0.03664279,0.03545058,0.03414207,0.03272633,0.03120817,0.02959974,0.02790826,0.02613458,0.02428559,0.02238624,0.02043897,0.01844933,0.01641363,0.01434052,0.0122513,0.01014149,0.008041175,0.005931819,0.003825656,0.001727424,-0.0003529754,-0.002416859,-0.004458462,-0.006474051,-0.008454009,-0.01039757,-0.0122986,-0.01415658,-0.01596429,-0.01771984,-0.01941829,-0.0210598,-0.0226394,-0.02415286,-0.02559928,-0.02698052,-0.02828737,-0.02952193,-0.03067056,-0.0317352,-0.03271095,-0.03360436,-0.03441126,-0.03512178,-0.03572708,-0.03623503,-0.03664782,-0.03695568,-0.03714513,-0.03722966,-0.03721032
-0.03778916,-0.03755626,-0.03719329,-0.03671362,-0.03612104,-0.0353934,-0.03454782,-0.03358319,-0.03248775,-0.03127378,-0.02994149,-0.02848384,-0.02691515,-0.0252302,-0.02343578,-0.02153635,-0.01953675,-0.01744206,-0.01526034,-0.01299621,-0.01066154,-0.008260451,-0.005804964,-0.003303102,-0.0007676044,0.001794132,0.004368176,0.006945735,0.009512196,0.01205862,0.01457025,0.01703775,0.01944557,0.02178548,0.02404578,0.02621625,0.02827801,0.03023311,0.03206893,0.03376501,0.03532925,0.03675349,0.03800826,0.03912448,0.04007344,0.0408443,0.04147048,0.04191366,0.04217953,0.0423025,0.04223501,0.04200409,0.0416303,0.04108231,0.0403784,0.03954558,0.03856054,0.03743844,0.03619589,0.03483642,0.0333619,0.03178876,0.03011655,0.02836002,0.02653093,0.02464396,0.02268424,0.0206713,0.01861131,0.01652984,0.0144274,0.01230138,0.0101661,0.008007631,0.005854533,0.003710733,0.001578006,-0.0005387762,-0.002632351,-0.004694669,-0.006725307,-0.00872116,-0.01067945,-0.0125943,-0.01446406,-0.01628512,-0.01805723,-0.01977287,-0.02143096,-0.02302661,-0.02456145,-0.02602664,-0.02741807,-0.02873518,-0.02997393,-0.03113894,-0.03222601,-0.03322992,-0.0341416,-0.03495516,-0.03568031,-0.03631584,-0.03685132,-0.0372743,-0.0375944,-0.03781614,-0.0379244,-0.03790895
-0.03855206,-0.03832462,-0.03799127,-0.03752918,-0.03693626,-0.03622939,-0.03539294,-0.03442291,-0.03333688,-0.03211803,-0.03077347,-0.02930972,-0.02772078,-0.02601378,-0.02419371,-0.02226041,-0.02022359,-0.0180851,-0.01585464,-0.01353755,-0.01114235,-0.008677699,-0.006154649,-0.003580405,-0.0009676761,0.001673561,0.004329958,0.00699133,0.009643679,0.01227605,0.01487408,0.01742701,0.01992144,0.02234592,0.02468381,0.02692738,0.02906945,0.03109106,0.03298071,0.03474677,0.03635862,0.03781495,0.03912915,0.04026084,0.04122778,0.0420384,0.04264695,0.04309705,0.04337683,0.04345505,0.04338207,0.04313836,0.0427043,0.04212843,0.04139554,0.0404938,0.03945842,0.03829191,0.03698725,0.03556189,0.03402663,0.0323864,0.03065571,0.02884221,0.02694684,0.02497706,0.02296222,0.02090334,0.01880671,0.01666688,0.01449403,0.0123117,0.01011397,0.007934913,0.005751312,0.003576542,0.001415413,-0.0007219919,-0.002838183,-0.004927898,-0.006987489,-0.009007269,-0.01098727,-0.01292185,-0.01481113,-0.01664808,-0.01843128,-0.02015641,-0.02182437,-0.02343061,-0.02497046,-0.02644446,-0.02785506,-0.02919221,-0.03045914,-0.03164046,-0.0327385,-0.03374888,-0.03467969,-0.03552646,-0.0362772,-0.03692245,-0.03747163,-0.0379276,-0.03827817,-0.0385081,-0.03863333,-0.03865495
-0.03933954,-0.03914776,-0.03882051,-0.03837412,-0.03781137,-0.03710616,-0.03627811,-0.03532496,-0.03423187,-0.03301316,-0.03166729,-0.03018573,-0.02858393,-0.02685491,-0.02500543,-0.02304008,-0.02096308,-0.01877973,-0.016498,-0.01412275,-0.01166647,-0.009133406,-0.006536372,-0.003884259,-0.001190732,0.001535979,0.00428069,0.007033434,0.00977818,0.01250473,0.0151968,0.01784363,0.02042795,0.02294027,0.02536776,0.02769839,0.02991098,0.03200817,0.03397563,0.03578964,0.0374605,0.03897791,0.04030862,0.04148925,0.04248584,0.04328664,0.04393154,0.04437447,0.04462436,0.04472071,0.0446078,0.04431873,0.04387728,0.04324629,0.04244884,0.04151578,0.04041985,0.03917928,0.03781379,0.0363268,0.034721,0.03301513,0.03120855,0.02931816,0.02735779,0.02534376,0.02325815,0.02112323,0.01894551,0.01675461,0.01454972,0.01232657,0.01010166,0.007856953,0.005626099,0.003411357,0.001214246,-0.0009612941,-0.0031074,-0.005216402,-0.007288678,-0.009322364,-0.01131494,-0.01326115,-0.01515961,-0.01700761,-0.01880558,-0.02054658,-0.02222983,-0.02385071,-0.02541201,-0.0269042,-0.02832338,-0.02966943,-0.03093883,-0.03213745,-0.03325964,-0.03430108,-0.03525133,-0.03610457,-0.03687185,-0.03755221,-0.03813311,-0.03860064,-0.03896619,-0.03923517,-0.03938888,-0.03941623
-0.04016885,-0.03998541,-0.03969552,-0.03927166,-0.03871135,-0.03803394,-0.03721945,-0.0362636,-0.03518549,-0.0339646,-0.0326085,-0.03112385,-0.02950219,-0.02775146,-0.02587584,-0.02387455,-0.02175767,-0.01952646,-0.01719096,-0.01475664,-0.0122322,-0.009627202,-0.006953206,-0.004218162,-0.001435777,0.001382693,0.004222776,0.007072846,0.009917591,0.0127444,0.01553741,0.01828419,0.02096991,0.02358116,0.02609944,0.02851581,0.03082246,0.03299699,0.03502738,0.03692315,0.03864859,0.04020308,0.04160256,0.04279933,0.04381626,0.04466176,0.04528352,0.04573349,0.04599683,0.04603793,0.04591705,0.04560964,0.04509467,0.04442904,0.04359452,0.04257781,0.04142093,0.04012576,0.03868495,0.03711894,0.03544044,0.03365469,0.03177882,0.02982088,0.02778232,0.02567145,0.02352271,0.02133516,0.01911591,0.01685775,0.01457305,0.0122872,0.009993112,0.007728772,0.005465945,0.003219038,0.0009930955,-0.001201835,-0.003369672,-0.005505723,-0.007606483,-0.009662542,-0.01167496,-0.01363884,-0.01555478,-0.01741587,-0.01922135,-0.02096882,-0.02265925,-0.02428809,-0.02585132,-0.02735021,-0.02878854,-0.03015459,-0.03145396,-0.03266833,-0.03380064,-0.0348474,-0.0358188,-0.03670954,-0.03750498,-0.03819527,-0.038792,-0.03929822,-0.03969915,-0.03997778,-0.04015278,-0.04022495
-0.04101914,-0.04087883,-0.04059769,-0.04019528,-0.03967287,-0.03900005,-0.03819928,-0.03726662,-0.03618387,-0.03496757,-0.03361385,-0.03211259,-0.03048035,-0.02870802,-0.02680233,-0.0247677,-0.02260772,-0.02032789,-0.01793594,-0.01543699,-0.01284417,-0.01016188,-0.007403855,-0.004579969,-0.001704947,0.001211931,0.004153999,0.007109869,0.01006183,0.01299814,0.01590062,0.0187568,0.02154735,0.02426119,0.02688412,0.02940183,0.03179057,0.03405346,0.03617401,0.03812484,0.039919,0.04154329,0.04296062,0.04421386,0.04526267,0.04609506,0.04675762,0.04719561,0.04742209,0.04748184,0.04731023,0.04694764,0.04642108,0.04568691,0.04477441,0.04371835,0.04248705,0.0411027,0.03958854,0.03794806,0.03618502,0.03432096,0.03235507,0.03030672,0.02819219,0.02602952,0.02379771,0.0215225,0.01921072,0.01689605,0.01457637,0.01224565,0.00992272,0.00758501,0.005271945,0.002983572,0.0007210272,-0.001512828,-0.003709568,-0.00586208,-0.007971826,-0.01003844,-0.01205979,-0.01403148,-0.0159525,-0.01782113,-0.01963868,-0.02139927,-0.02310227,-0.02474329,-0.02632692,-0.02784238,-0.02928631,-0.03065933,-0.03195808,-0.03318999,-0.0343482,-0.03542883,-0.03641999,-0.03731609,-0.03812978,-0.03886016,-0.0394924,-0.04001113,-0.04042985,-0.04075472,-0.04096293,-0.04104262
-0.0419079,-0.04177942,-0.0415445,-0.04117012,-0.04065371,-0.04001702,-0.03923501,-0.03830328,-0.03724237,-0.03602734,-0.03466647,-0.03316613,-0.03151517,-0.02972235,-0.02779069,-0.02571861,-0.02351642,-0.0211848,-0.01873405,-0.01616976,-0.01350074,-0.01073761,-0.007892484,-0.004974167,-0.001997556,0.001024588,0.004076432,0.007144667,0.01021234,0.01326486,0.01628454,0.0192569,0.02216533,0.02499413,0.02772251,0.03034008,0.03283811,0.03519022,0.03738378,0.03942915,0.04128506,0.0429519,0.04444779,0.04571709,0.04678855,0.04767012,0.0483024,0.048747,0.048985,0.04897682,0.04879369,0.04840502,0.04778904,0.04701187,0.04605167,0.04489425,0.04358926,0.04213776,0.04053239,0.03879722,0.03694718,0.03498796,0.03294,0.03081176,0.02860525,0.02632983,0.02402577,0.02169024,0.01933164,0.01693988,0.01453046,0.01213087,0.009732218,0.007377149,0.005031181,0.002710494,0.0004198008,-0.001830709,-0.004046841,-0.006224557,-0.008360793,-0.01044638,-0.01248378,-0.01446897,-0.01640353,-0.01828088,-0.02010112,-0.02186331,-0.0235691,-0.02521437,-0.02679518,-0.02831435,-0.02977626,-0.03116869,-0.03249804,-0.03374403,-0.03491118,-0.03599569,-0.03700974,-0.03794725,-0.03879125,-0.03953142,-0.04018151,-0.04074499,-0.04120401,-0.04153977,-0.04177409,-0.0419069
-0.04280858,-0.04273178,-0.04250893,-0.04216329,-0.0416939,-0.04106575,-0.04030446,-0.03940374,-0.03834179,-0.03713749,-0.03578402,-0.03426956,-0.03261168,-0.03079874,-0.02883737,-0.02673155,-0.02448404,-0.02210055,-0.01958846,-0.01695314,-0.01420836,-0.01135868,-0.008418916,-0.00540005,-0.002318035,0.0008165779,0.003985353,0.00717521,0.01036641,0.01354531,0.01669149,0.01979037,0.02282014,0.02576787,0.02861748,0.03135198,0.03394472,0.03639922,0.03869611,0.04080401,0.04273913,0.04448452,0.04599915,0.04733271,0.04843724,0.04930128,0.04997838,0.05040404,0.05059668,0.0506064,0.05035885,0.04990318,0.04926948,0.04840716,0.04735305,0.04614602,0.04474963,0.04319106,0.04149743,0.0396724,0.03772131,0.03566894,0.03351458,0.03128053,0.02898574,0.0266501,0.0242493,0.02181371,0.01935048,0.01689749,0.01445079,0.0120029,0.009574864,0.007139303,0.004741955,0.002380183,5.443913e-05,-0.002233655,-0.004475159,-0.006663842,-0.008802623,-0.01089283,-0.01293291,-0.01491954,-0.01685252,-0.01873154,-0.02055891,-0.0223295,-0.02404323,-0.02569639,-0.02729518,-0.0288277,-0.030291,-0.03168714,-0.03301198,-0.0342754,-0.03546955,-0.03659039,-0.037624,-0.03856547,-0.03942958,-0.04021522,-0.04090476,-0.04148164,-0.04196182,-0.04235196,-0.04262456,-0.04276719
-0.04373119,-0.04367143,-0.04350597,-0.04319545,-0.0427376,-0.04215647,-0.04142106,-0.04052714,-0.03949643,-0.0382989,-0.03694367,-0.03543641,-0.0337629,-0.03193274,-0.02994736,-0.02780421,-0.0255137,-0.02307576,-0.02050092,-0.01779481,-0.01496636,-0.01202733,-0.008990452,-0.005865536,-0.002668888,0.0005849795,0.003878606,0.007196675,0.01052024,0.01383235,0.01711307,0.02034547,0.02351077,0.02659051,0.02956115,0.0324106,0.03512877,0.03768468,0.04006512,0.04228093,0.04428452,0.04607783,0.0476807,0.04902879,0.05015785,0.05107445,0.05171191,0.05214287,0.05234305,0.05226941,0.05200542,0.05151319,0.05077114,0.04985557,0.04874039,0.04741115,0.04592618,0.04428542,0.04248203,0.04054444,0.0384901,0.0363255,0.03407497,0.03174747,0.02934586,0.02688087,0.02439937,0.02189635,0.01938197,0.01684267,0.01429786,0.01177702,0.009269237,0.006822137,0.004393905,0.002002952,-0.0003466795,-0.002644791,-0.004899533,-0.007107716,-0.009266978,-0.01136863,-0.013417,-0.01540921,-0.01734819,-0.01922793,-0.02104967,-0.02281413,-0.02452378,-0.02617508,-0.0277642,-0.02929581,-0.03077476,-0.03218845,-0.0335439,-0.03481886,-0.03601995,-0.03714267,-0.0382013,-0.03918865,-0.04008534,-0.04088073,-0.04159108,-0.04222004,-0.04274626,-0.04314927,-0.04345447,-0.04366035
-0.0446347,-0.04463785,-0.04449019,-0.0442192,-0.04382077,-0.04325501,-0.0425511,-0.04169954,-0.04067467,-0.0394979,-0.03815859,-0.03664316,-0.03497002,-0.03312451,-0.03111306,-0.02893889,-0.02660373,-0.02411342,-0.0214748,-0.01869353,-0.01578396,-0.01275085,-0.009610223,-0.006374334,-0.003060539,0.000319076,0.003743989,0.007199086,0.01066222,0.01411745,0.01754167,0.02091773,0.0242209,0.02743599,0.03054459,0.03352646,0.03635172,0.0390241,0.04152065,0.04380565,0.0458988,0.04777837,0.04939947,0.0508192,0.05198052,0.05287354,0.05355892,0.05396119,0.05410572,0.05404775,0.0537024,0.0531295,0.05236177,0.05134133,0.05011426,0.04872352,0.04712759,0.04535998,0.04345204,0.04140783,0.03923482,0.03696165,0.03458783,0.03213929,0.02963801,0.0271059,0.02451514,0.02190174,0.01927313,0.01667185,0.01409142,0.01152308,0.008990062,0.006459592,0.003984515,0.001558598,-0.0008186001,-0.003147082,-0.005417433,-0.007624754,-0.00977388,-0.01186829,-0.01390728,-0.01588903,-0.01781449,-0.01968518,-0.02150468,-0.0232688,-0.02497821,-0.02662998,-0.02823222,-0.02977158,-0.03124576,-0.03265839,-0.03400435,-0.03529633,-0.03652528,-0.03768682,-0.03876465,-0.03975489,-0.04067465,-0.04152238,-0.04227716,-0.04292152,-0.04347424,-0.04394221,-0.04429252,-0.04451258
-0.04550954,-0.04553891,-0.04546456,-0.04523971,-0.04486303,-0.04436052,-0.04369431,-0.04286069,-0.04188217,-0.0407228,-0.03939284,-0.03789658,-0.03621631,-0.03436248,-0.0323344,-0.03012832,-0.02775458,-0.02521209,-0.02251162,-0.0196586,-0.01666217,-0.01353525,-0.01029124,-0.006941124,-0.003502852,7.050999e-06,0.0035692,0.007165906,0.01077584,0.01437921,0.01795346,0.02147868,0.02493346,0.02829605,0.03153973,0.03465034,0.03761594,0.04040025,0.04298957,0.04539475,0.04756108,0.04949263,0.05121046,0.05264068,0.05382736,0.05477458,0.05540832,0.05581374,0.05595961,0.05580032,0.0554329,0.05481065,0.05391351,0.05282892,0.05152578,0.04999031,0.04829061,0.04642523,0.04438848,0.04221407,0.03992229,0.0375208,0.03503862,0.03248529,0.02986489,0.02718993,0.02451476,0.02183164,0.01915311,0.01646146,0.01378092,0.01114265,0.008533369,0.006006001,0.003509979,0.001066439,-0.001321788,-0.003644743,-0.005913533,-0.008126101,-0.01028119,-0.01237104,-0.01440247,-0.01637417,-0.01829093,-0.02014755,-0.02194689,-0.0236917,-0.02538538,-0.02702505,-0.02860702,-0.03013809,-0.03162338,-0.03304995,-0.03442531,-0.03572503,-0.03695834,-0.03811963,-0.03922549,-0.04026709,-0.04122255,-0.04208105,-0.04286174,-0.0435681,-0.0441748,-0.04465989,-0.04505286,-0.04534994
-0.04628924,-0.04639789,-0.04635217,-0.04618431,-0.04588593,-0.04541203,-0.04479578,-0.04402334,-0.04306505,-0.04194491,-0.04064742,-0.03915726,-0.0374933,-0.03563727,-0.03359528,-0.03136939,-0.02895996,-0.02637282,-0.02361407,-0.02068956,-0.01761416,-0.01439279,-0.01104284,-0.007577943,-0.004017028,-0.0003739945,0.003328225,0.00707212,0.01083273,0.01459137,0.01832178,0.02200376,0.02560914,0.02912005,0.03251519,0.03577051,0.03885252,0.041765,0.04448051,0.04695878,0.0492233,0.05124636,0.0529795,0.05448769,0.05570322,0.05661916,0.05730318,0.05766761,0.05774674,0.05760046,0.05713264,0.056416,0.05548525,0.05427495,0.05284246,0.05123466,0.04940474,0.04739406,0.04523858,0.04294306,0.04051777,0.03799587,0.03537735,0.03269251,0.02996683,0.0272244,0.02443356,0.02163718,0.01884278,0.01609821,0.01339333,0.01071841,0.008098649,0.005495031,0.002968329,0.0005074607,-0.001889247,-0.004223992,-0.006486943,-0.008675184,-0.01079609,-0.01285597,-0.01485539,-0.01679469,-0.01867647,-0.02050466,-0.02228451,-0.02401309,-0.02569192,-0.02731897,-0.0289046,-0.03043344,-0.03190416,-0.03332203,-0.03468059,-0.03599574,-0.0372569,-0.03845919,-0.03958343,-0.04062724,-0.0416102,-0.0425299,-0.04336174,-0.04408756,-0.04472943,-0.04529401,-0.04574227,-0.04606202
-0.04693287,-0.04708384,-0.04713532,-0.04703203,-0.04677436,-0.04638976,-0.04583237,-0.0450995,-0.04421384,-0.04313262,-0.04186744,-0.04042038,-0.03876977,-0.03692679,-0.03488787,-0.03264787,-0.03021665,-0.02759178,-0.02478413,-0.02179867,-0.01864466,-0.01533624,-0.01188739,-0.008310419,-0.004625111,-0.0008502373,0.002992611,0.006883015,0.01079684,0.01471104,0.01859993,0.02244014,0.02620716,0.02987538,0.03341437,0.0368076,0.04004066,0.0430713,0.04588544,0.04849332,0.05083228,0.05290936,0.05474591,0.05625784,0.05749905,0.05846957,0.05908832,0.05945454,0.05952812,0.05926217,0.05876851,0.05798994,0.05690961,0.05562706,0.05410524,0.05233232,0.05038725,0.0482668,0.04596732,0.04352875,0.0409746,0.03831417,0.03558199,0.03278835,0.02993895,0.02704855,0.02417986,0.02132169,0.01848973,0.01566135,0.01286643,0.01013732,0.007457946,0.00488665,0.002362289,-9.074673e-05,-0.002471652,-0.004771102,-0.007003892,-0.00916948,-0.01126826,-0.01329402,-0.01525696,-0.01715802,-0.01900453,-0.02079264,-0.02252732,-0.02421392,-0.02585683,-0.02745382,-0.02900138,-0.03050869,-0.03198079,-0.03340449,-0.03478747,-0.03610296,-0.03736337,-0.03856145,-0.03971631,-0.04081687,-0.04183862,-0.04277084,-0.04363587,-0.0444366,-0.04514319,-0.04573256,-0.0462388,-0.04665486
-0.04734413,-0.04759892,-0.04769873,-0.04768102,-0.04753171,-0.04720066,-0.04672529,-0.04608605,-0.04524919,-0.04424121,-0.04304043,-0.04162979,-0.04002798,-0.03821243,-0.03618864,-0.03395687,-0.03151569,-0.0288706,-0.02602654,-0.02298944,-0.01977439,-0.01638641,-0.01284425,-0.009162975,-0.005363162,-0.00146076,0.002518612,0.006554721,0.01061939,0.01469079,0.01873902,0.02274032,0.02666261,0.03048485,0.0341823,0.03772646,0.04107992,0.04424624,0.04719251,0.04987375,0.05231759,0.05448879,0.05633596,0.0579322,0.05919734,0.06012921,0.06080202,0.06111469,0.0611127,0.06085965,0.06024767,0.05936487,0.05824681,0.05682046,0.05515677,0.05330605,0.05121606,0.04893784,0.04651217,0.04394479,0.04124968,0.03846515,0.03559187,0.03266554,0.0297155,0.02676822,0.02378772,0.02082512,0.01788775,0.01502966,0.01223537,0.009494713,0.006834275,0.004207752,0.001684666,-0.0007525761,-0.003107313,-0.00538466,-0.007574336,-0.009676177,-0.01170081,-0.01365822,-0.01555091,-0.01738234,-0.01915757,-0.02088389,-0.02256875,-0.02421081,-0.02581262,-0.02737318,-0.02890531,-0.03039097,-0.03183022,-0.03322999,-0.03458212,-0.03590626,-0.03718983,-0.03842739,-0.0395963,-0.04069633,-0.04174959,-0.04275246,-0.04367606,-0.04450203,-0.04525613,-0.0459443,-0.0465206,-0.046974
-0.04745297,-0.047777,-0.04801023,-0.04808776,-0.04801264,-0.04781279,-0.04743327,-0.04687291,-0.04615351,-0.04522455,-0.04409906,-0.04277566,-0.04122813,-0.03946806,-0.03748804,-0.03528105,-0.03285589,-0.03020822,-0.02734875,-0.02428145,-0.02101557,-0.01756621,-0.01394782,-0.01017401,-0.00626653,-0.002246508,0.00186204,0.006035659,0.01024702,0.01446942,0.0186736,0.02283226,0.02691723,0.0308985,0.03474143,0.0384267,0.04193683,0.0452228,0.04827044,0.05108837,0.05360534,0.05583219,0.05778933,0.05938198,0.06067536,0.06166349,0.06225891,0.06257632,0.0625644,0.06217682,0.0615411,0.06058757,0.05930481,0.05780503,0.05604424,0.05401407,0.05180537,0.04941259,0.04683516,0.04412019,0.04129473,0.03837022,0.03538767,0.03235823,0.02928972,0.0261997,0.02316011,0.02015546,0.01720561,0.01428202,0.01142123,0.008656137,0.00596729,0.003418579,0.0009359364,-0.001452356,-0.003748544,-0.005944309,-0.008058838,-0.01009338,-0.01205043,-0.01392607,-0.01573506,-0.01748169,-0.01917705,-0.02081955,-0.02241722,-0.02397841,-0.02550869,-0.02700653,-0.02846853,-0.02990672,-0.03132562,-0.03271209,-0.03407366,-0.03538127,-0.03665119,-0.03787398,-0.03907167,-0.04023022,-0.04132251,-0.04233829,-0.04330342,-0.04421961,-0.04505207,-0.04577702,-0.04643367,-0.04701044
-0.04715282,-0.0476174,-0.04793225,-0.04814044,-0.0482204,-0.0481169,-0.04787162,-0.04745759,-0.04683682,-0.0460379,-0.04503131,-0.04379821,-0.04235601,-0.04067691,-0.0387653,-0.03661869,-0.03423314,-0.03161326,-0.02876224,-0.02568565,-0.02239836,-0.0189052,-0.01522615,-0.01137758,-0.007381686,-0.003256606,0.0009691776,0.005272429,0.009621418,0.01399076,0.01834649,0.02266075,0.02689708,0.03103073,0.0350329,0.03886995,0.04250029,0.04592684,0.04911004,0.05200027,0.05462932,0.05695276,0.05891714,0.06060353,0.06191736,0.06286346,0.06352139,0.06377559,0.06368537,0.06331635,0.06254864,0.06148842,0.06017038,0.05851422,0.05660673,0.05450084,0.05213897,0.04958375,0.04688074,0.04403699,0.04107101,0.03802696,0.03490645,0.03175175,0.02859642,0.02546956,0.02233045,0.01924011,0.01620525,0.01328739,0.01046379,0.007724674,0.005097299,0.002526838,9.244527e-05,-0.002232042,-0.004451926,-0.006575891,-0.008592864,-0.01050598,-0.01232958,-0.01407814,-0.01575714,-0.01737477,-0.01894036,-0.02046634,-0.02196321,-0.02343122,-0.02487448,-0.02629338,-0.02770331,-0.02908307,-0.03043478,-0.03176726,-0.03307042,-0.03436862,-0.03564691,-0.03689934,-0.03809916,-0.03924922,-0.04037438,-0.04146933,-0.04250032,-0.04344937,-0.04434634,-0.04519567,-0.04594379,-0.04658179
-0.04637642,-0.04695176,-0.0474523,-0.04780254,-0.04800904,-0.04809877,-0.04800655,-0.04773304,-0.04729765,-0.04664091,-0.04577721,-0.0447,-0.04337787,-0.04182193,-0.04001959,-0.03796145,-0.03565417,-0.03309075,-0.03028111,-0.02722747,-0.02393873,-0.02043049,-0.01671735,-0.01281409,-0.008744409,-0.004531807,-0.0002028894,0.004215623,0.008692825,0.01319801,0.01769785,0.02216062,0.02655391,0.03084268,0.0349875,0.03896588,0.04275627,0.04630236,0.04958984,0.05262465,0.05532616,0.05770996,0.0597936,0.0614715,0.06282163,0.06382933,0.064402,0.06467075,0.06457042,0.06405758,0.06327566,0.06214051,0.06064868,0.05892543,0.05691819,0.05462412,0.05214701,0.0494782,0.04662126,0.0436313,0.04053917,0.03735907,0.03413956,0.03089284,0.02762936,0.0243703,0.02119816,0.01809224,0.01507758,0.01211891,0.009261119,0.006536936,0.003923199,0.001489755,-0.0008535717,-0.003073893,-0.0051774,-0.007156852,-0.009036549,-0.010819,-0.01250874,-0.0141046,-0.01562797,-0.01708853,-0.01850416,-0.01987763,-0.02122133,-0.02254603,-0.02385983,-0.02516233,-0.02644912,-0.02773701,-0.02902893,-0.03031315,-0.0315963,-0.03284794,-0.03408879,-0.03530687,-0.03652744,-0.03773301,-0.03889412,-0.04000133,-0.04108402,-0.04214231,-0.04313575,-0.04404036,-0.04490087,-0.04569982
-0.04505564,-0.0458209,-0.04645052,-0.04699347,-0.0474184,-0.04766528,-0.04777968,-0.04772509,-0.04745909,-0.04701141,-0.04634291,-0.04543264,-0.0442953,-0.04289639,-0.04123848,-0.03931513,-0.03711889,-0.03465261,-0.03191669,-0.02891584,-0.02566397,-0.02216523,-0.01844055,-0.01450735,-0.0103893,-0.006106796,-0.001691343,0.002830593,0.007423391,0.01205771,0.01669497,0.02130273,0.02583944,0.03027613,0.03457912,0.03870889,0.04261917,0.04631186,0.04973913,0.05284721,0.05567138,0.05815626,0.06024742,0.0620332,0.0634028,0.06437027,0.06501876,0.06521732,0.06504201,0.06455775,0.06363289,0.06239439,0.06087352,0.05898396,0.05682975,0.05446548,0.05182901,0.04899624,0.04601716,0.04290046,0.03967013,0.03637696,0.03302379,0.02966086,0.02632648,0.02305317,0.01979521,0.01662565,0.01354953,0.01063839,0.007860753,0.005208353,0.002708701,0.0002971271,-0.001936805,-0.004030928,-0.00599252,-0.007834369,-0.009543805,-0.01112649,-0.01260026,-0.01398505,-0.01529159,-0.01653622,-0.01773656,-0.01891345,-0.02008189,-0.02124261,-0.02240303,-0.02356506,-0.02474554,-0.02592114,-0.02709626,-0.02828239,-0.02946779,-0.03068269,-0.03190853,-0.03313994,-0.03434519,-0.0355315,-0.03672633,-0.03792226,-0.03907979,-0.04018226,-0.04126352,-0.04232565,-0.04330675,-0.04420128
-0.04317311,-0.04410014,-0.04497797,-0.04571965,-0.04633607,-0.04685139,-0.04718906,-0.04735184,-0.04735453,-0.04712762,-0.04668661,-0.04601743,-0.04508283,-0.04389188,-0.04242547,-0.04067088,-0.0386314,-0.03629619,-0.03367348,-0.03076278,-0.02757214,-0.02411694,-0.02041151,-0.01647159,-0.01232277,-0.007990833,-0.003505156,0.00110399,0.005801778,0.01055301,0.01531973,0.02006521,0.02475203,0.02933933,0.03378232,0.03805464,0.04212948,0.04594265,0.04947962,0.05274231,0.0556397,0.05819307,0.06041474,0.06218857,0.06360652,0.06464172,0.06519879,0.06542504,0.06523918,0.06460324,0.06367604,0.06235712,0.06065388,0.05870465,0.05644636,0.05388414,0.05113579,0.04818841,0.04505127,0.04178803,0.03843382,0.03500635,0.03156293,0.0281171,0.02468302,0.02128685,0.01802368,0.01486637,0.01184647,0.008921918,0.006148988,0.003559215,0.001126795,-0.001072348,-0.003148822,-0.005066042,-0.006835981,-0.008452432,-0.009944249,-0.01131294,-0.01256402,-0.01370049,-0.01475428,-0.0157454,-0.01670345,-0.01763915,-0.01857125,-0.01951335,-0.02047539,-0.02145716,-0.0224522,-0.02348393,-0.02455352,-0.02565049,-0.02678283,-0.027917,-0.02907804,-0.03025281,-0.03147074,-0.03270954,-0.03393707,-0.03514527,-0.03636765,-0.03760166,-0.03880061,-0.03994096,-0.04107334,-0.04217303
-0.04074054,-0.04190577,-0.04296046,-0.04395939,-0.04485903,-0.0455953,-0.04621684,-0.04667534,-0.04692394,-0.04699212,-0.04682906,-0.04641137,-0.04574898,-0.04479917,-0.04356167,-0.04202445,-0.04017551,-0.03801461,-0.03553816,-0.0327493,-0.02965994,-0.02627307,-0.02261014,-0.01868925,-0.01453546,-0.01017148,-0.00563198,-0.0009470265,0.003843522,0.008705774,0.0135959,0.01847617,0.02329919,0.02803093,0.032632,0.03705599,0.04125147,0.04521838,0.04889922,0.05223659,0.05526796,0.05792521,0.0601546,0.06204992,0.06348299,0.06447932,0.06512304,0.06526767,0.06500881,0.0644073,0.06332089,0.06189953,0.06016834,0.05803672,0.05562746,0.05299549,0.05007518,0.04695742,0.04369649,0.04030324,0.03680841,0.0332703,0.02969341,0.02613778,0.02264765,0.01926032,0.01592513,0.01272949,0.009676374,0.006851034,0.004212095,0.001754362,-0.0004934021,-0.002608487,-0.004490795,-0.006197111,-0.007739891,-0.00913698,-0.01037028,-0.01144455,-0.01237965,-0.01320349,-0.01393684,-0.0146114,-0.01525914,-0.01591431,-0.01659808,-0.01731159,-0.01806185,-0.01884973,-0.01969333,-0.02056553,-0.02147569,-0.02243631,-0.02343712,-0.02451254,-0.02563876,-0.02681316,-0.02799873,-0.02920794,-0.03047021,-0.03177592,-0.03307981,-0.03436706,-0.03567595,-0.03700541,-0.03828471,-0.03951347
-0.03780492,-0.03917067,-0.04052366,-0.04176496,-0.04291113,-0.04398119,-0.0448866,-0.04563243,-0.04622631,-0.04658784,-0.04673298,-0.04663749,-0.04625759,-0.04559848,-0.04463275,-0.04334323,-0.04172834,-0.03977205,-0.03747967,-0.03484694,-0.03188036,-0.02859429,-0.02500233,-0.02112095,-0.01697759,-0.01260026,-0.008021395,-0.003275203,0.00159907,0.00656111,0.01156759,0.01657601,0.02154304,0.02642106,0.03115923,0.03572637,0.04008913,0.04417482,0.04796859,0.0514664,0.05456663,0.05729666,0.05966099,0.06153397,0.06302198,0.0640828,0.06462114,0.06479961,0.06451883,0.06374948,0.06266457,0.06114604,0.0592155,0.05702339,0.05449549,0.05164738,0.04861139,0.0453699,0.04193979,0.03839405,0.03477298,0.03109886,0.0274395,0.02381029,0.02023095,0.0167341,0.01343057,0.01028592,0.007340506,0.004544183,0.001968272,-0.0003569246,-0.002457886,-0.004251784,-0.005879337,-0.007307924,-0.008563833,-0.009643003,-0.01057456,-0.01135099,-0.01197428,-0.01245378,-0.01283964,-0.01317162,-0.01349961,-0.01384745,-0.01424148,-0.0146954,-0.01521392,-0.01579095,-0.01641516,-0.01711806,-0.01789919,-0.01874966,-0.01967944,-0.02065011,-0.0216916,-0.02279014,-0.02398136,-0.02523684,-0.02652217,-0.02783165,-0.02920434,-0.03063431,-0.03206868,-0.03348573,-0.03494282,-0.03640663
-0.03445141,-0.03607421,-0.03762427,-0.039162,-0.04062963,-0.04196056,-0.04320528,-0.04430161,-0.04519862,-0.04592362,-0.04641212,-0.04663787,-0.04660345,-0.0462565,-0.04559248,-0.04459183,-0.04323677,-0.04152239,-0.03943978,-0.03698961,-0.03418069,-0.03101434,-0.02751204,-0.02369227,-0.01958143,-0.01520471,-0.01060025,-0.005802161,-0.0008551091,0.004201727,0.009318467,0.01445125,0.01954595,0.02456254,0.02945487,0.03416872,0.03864703,0.0428866,0.04681901,0.05038393,0.0536194,0.05644339,0.05880458,0.06080005,0.06228385,0.06329534,0.06391646,0.06398664,0.06362285,0.06287886,0.06160406,0.05997296,0.05800223,0.05559935,0.05290717,0.04998026,0.04675074,0.04332648,0.03976623,0.03608433,0.03231971,0.02853977,0.0247516,0.02102752,0.01741938,0.01397137,0.01062758,0.007493327,0.004569007,0.001956616,-0.0003983716,-0.002496682,-0.004305302,-0.005916879,-0.007225385,-0.008328496,-0.009260286,-0.01004801,-0.01065558,-0.01107002,-0.01130395,-0.01139586,-0.01138679,-0.01133714,-0.01130485,-0.0113454,-0.01148547,-0.01171739,-0.01203382,-0.01242315,-0.01290121,-0.01343661,-0.01404812,-0.01474924,-0.01553168,-0.01643397,-0.01742636,-0.0185105,-0.01964407,-0.02084774,-0.02215362,-0.02355049,-0.0249879,-0.02645501,-0.02799586,-0.02960607,-0.03120659,-0.03280478
-0.03075777,-0.032579,-0.0344361,-0.03621877,-0.03795088,-0.03964384,-0.04119731,-0.04261881,-0.04390607,-0.04496739,-0.04581812,-0.046421,-0.0467251,-0.04672939,-0.04639647,-0.04570327,-0.04464147,-0.04318845,-0.0413453,-0.03910277,-0.03646516,-0.03344493,-0.03005461,-0.02631125,-0.02224415,-0.01788368,-0.01326578,-0.008429073,-0.00341793,0.001721468,0.006939608,0.01218732,0.01741442,0.0225656,0.02758328,0.03243053,0.0370663,0.04140917,0.04544367,0.04915807,0.05244075,0.05532527,0.05780612,0.05975022,0.06127802,0.06232987,0.06281405,0.06290691,0.06249041,0.06154717,0.06026292,0.05850193,0.05630342,0.05382888,0.05099344,0.04782556,0.04447306,0.04091373,0.03717444,0.03333875,0.02945397,0.02554835,0.02170302,0.01793604,0.014275,0.0107604,0.007523295,0.004520027,0.001801863,-0.0006950722,-0.002885068,-0.004742523,-0.006288401,-0.007422415,-0.008336042,-0.009034214,-0.009593219,-0.01001765,-0.01031183,-0.01041963,-0.01031703,-0.01002478,-0.009631777,-0.009217529,-0.008868004,-0.008628792,-0.008530908,-0.008570189,-0.008718221,-0.008941967,-0.009220148,-0.009602953,-0.0100941,-0.01068875,-0.01139688,-0.012174,-0.01305791,-0.01403519,-0.01515126,-0.01637131,-0.01766117,-0.01902,-0.02049517,-0.02207771,-0.02371005,-0.02537509,-0.02713867,-0.028958
-0.02684577,-0.02888968,-0.03091363,-0.03298355,-0.03502613,-0.03697444,-0.03887922,-0.04066297,-0.04227127,-0.04372692,-0.04495009,-0.04591106,-0.04660208,-0.04695996,-0.04697406,-0.04661533,-0.04585877,-0.0446931,-0.04310289,-0.04108532,-0.03864509,-0.03578143,-0.03251548,-0.02886592,-0.02486063,-0.02052758,-0.01590883,-0.01104302,-0.005980412,-0.0007661982,0.00454286,0.009895972,0.01523143,0.0205025,0.02565529,0.03062731,0.03535551,0.0398326,0.04397872,0.04773153,0.05112807,0.05407255,0.05651768,0.05856193,0.0600426,0.06101495,0.06155604,0.06149413,0.06096845,0.06002405,0.05850484,0.05661101,0.0543496,0.05162902,0.04861327,0.04535723,0.04179205,0.03804523,0.03418082,0.03021904,0.02620881,0.02222943,0.01829145,0.01448281,0.01086477,0.00749135,0.004298205,0.001411302,-0.00117479,-0.003338967,-0.005166008,-0.006666439,-0.007788246,-0.008615301,-0.009040706,-0.009284959,-0.009478136,-0.009664338,-0.009715819,-0.009513386,-0.009030853,-0.008347065,-0.007565037,-0.006799635,-0.00614966,-0.005704834,-0.00549066,-0.005453086,-0.005518541,-0.005629854,-0.005805347,-0.006032854,-0.006363303,-0.006808093,-0.007355485,-0.008049218,-0.008855451,-0.009782759,-0.01078444,-0.01189548,-0.01315313,-0.01454658,-0.0160218,-0.01757594,-0.01926146,-0.02107168,-0.02292098,-0.02482823
-0.02278451,-0.02497037,-0.02725472,-0.02951754,-0.03179173,-0.03407879,-0.03626793,-0.03836861,-0.0403664,-0.04215837,-0.04375753,-0.04511118,-0.04616053,-0.0468957,-0.04726783,-0.04724635,-0.04681436,-0.04594126,-0.04462271,-0.04284347,-0.04060506,-0.03791733,-0.03479161,-0.03124561,-0.02731059,-0.02301957,-0.01841251,-0.01353302,-0.008431237,-0.003159945,0.002224554,0.007665615,0.01310566,0.01848106,0.02372723,0.02880084,0.03365272,0.038193,0.04240567,0.04627016,0.04966664,0.05263457,0.05515772,0.05709821,0.0585899,0.05955542,0.05991026,0.05984265,0.05921744,0.05803163,0.05648304,0.05441935,0.05190036,0.04909816,0.04591911,0.04240651,0.03872591,0.03485132,0.03082266,0.02673605,0.02264904,0.01859729,0.01467911,0.01091498,0.007341985,0.004008335,0.001071616,-0.001531972,-0.003742148,-0.005640998,-0.007149047,-0.008301163,-0.009080271,-0.009249335,-0.009088572,-0.008811737,-0.008683833,-0.008690446,-0.008640317,-0.008256853,-0.007478262,-0.006442149,-0.00535239,-0.004333861,-0.003507199,-0.002959124,-0.002720329,-0.002700906,-0.002749768,-0.002761895,-0.002734913,-0.002816508,-0.00304513,-0.003396697,-0.003858215,-0.004385914,-0.005035468,-0.005793222,-0.006720501,-0.007777678,-0.008935321,-0.01020078,-0.01163387,-0.01322382,-0.01491146,-0.01668831,-0.01863144,-0.02068852
-0.0187101,-0.02102965,-0.02339779,-0.02588648,-0.0284066,-0.03089349,-0.03339611,-0.03582166,-0.03811236,-0.04028435,-0.04224136,-0.04394942,-0.04538744,-0.0464808,-0.04721057,-0.04753675,-0.04742562,-0.0468581,-0.04581129,-0.04427813,-0.04225842,-0.03974926,-0.03677113,-0.03334302,-0.02949456,-0.02525679,-0.0206762,-0.01579636,-0.01067379,-0.005360085,8.053151e-05,0.00559003,0.01109871,0.01655299,0.02189081,0.0270418,0.03193701,0.03656491,0.04083456,0.04468319,0.04814561,0.05111415,0.0535468,0.05554259,0.05692428,0.05776467,0.05813441,0.05785471,0.05708669,0.05586744,0.05403774,0.05182486,0.04922621,0.04615423,0.04279505,0.03920676,0.03532007,0.03128638,0.02717652,0.02302053,0.01887885,0.01484735,0.01093845,0.00725889,0.003877294,0.0008615674,-0.00186762,-0.004176349,-0.006100874,-0.007444071,-0.008377947,-0.009110463,-0.009470347,-0.009216188,-0.008320617,-0.007546457,-0.007285136,-0.007456929,-0.007478785,-0.00687375,-0.005717279,-0.004386676,-0.003099374,-0.001938805,-0.001009196,-0.0005002601,-0.0004376368,-0.0005917959,-0.0006931578,-0.000600645,-0.0004236896,-0.0003264234,-0.0004319917,-0.0006402591,-0.0008995263,-0.001306027,-0.001828149,-0.002471233,-0.003188687,-0.004042778,-0.005077209,-0.006283745,-0.007605537,-0.009053553,-0.01069241,-0.01251573,-0.01443338,-0.01648019
-0.01466927,-0.01702841,-0.01956173,-0.02214303,-0.02481449,-0.02756812,-0.0302831,-0.03297142,-0.0356041,-0.03806846,-0.04037216,-0.04244671,-0.0442235,-0.04568277,-0.04676202,-0.04742284,-0.04763717,-0.04736664,-0.04659944,-0.04531492,-0.04351037,-0.04119374,-0.03837427,-0.03507146,-0.03131771,-0.0271499,-0.02261147,-0.01775227,-0.01262763,-0.007298046,-0.001825841,0.003723839,0.009287019,0.01479104,0.02016564,0.02536038,0.03031941,0.03494473,0.03922099,0.04311831,0.04651194,0.04944627,0.05189605,0.05372072,0.05506762,0.05584269,0.05597202,0.0556542,0.05474032,0.0532427,0.05137248,0.04896209,0.04609446,0.04295319,0.03943866,0.03561041,0.03165635,0.02754796,0.02334155,0.01914904,0.01504252,0.0110658,0.007336859,0.003874003,0.0007172663,-0.002083975,-0.004308654,-0.006107394,-0.007491552,-0.008368015,-0.008722872,-0.009225033,-0.009492546,-0.008290383,-0.006555196,-0.005427099,-0.005283591,-0.00576527,-0.005970223,-0.005184777,-0.00378589,-0.002390656,-0.001187853,-0.0001000404,0.0007632342,0.001116296,0.0009258506,0.0005728411,0.00044628,0.0007353238,0.00128186,0.001504959,0.001376026,0.001242358,0.001140809,0.0009579913,0.0006480676,0.0002669829,-0.0002984102,-0.001007471,-0.001831024,-0.002789193,-0.003957377,-0.005326827,-0.006839007,-0.008500254,-0.01040122,-0.01248183
-0.01081061,-0.01317832,-0.01567083,-0.01837778,-0.02118575,-0.02404365,-0.02698887,-0.02992311,-0.03277659,-0.03556601,-0.03817012,-0.04055776,-0.04268479,-0.04447253,-0.04588453,-0.04687623,-0.04739695,-0.04742602,-0.04692585,-0.04589123,-0.0443104,-0.04218461,-0.03952758,-0.03636458,-0.03272155,-0.02863818,-0.02416029,-0.01934147,-0.01423974,-0.008917544,-0.00344197,0.002117968,0.007689017,0.01320766,0.01860782,0.02380924,0.02874106,0.03338524,0.0376442,0.04145385,0.04484901,0.04771111,0.05000604,0.0518324,0.05300258,0.05360678,0.05371036,0.05313075,0.05205049,0.05050167,0.04832248,0.04577045,0.04283354,0.03943199,0.03577399,0.03192883,0.02782275,0.02364127,0.01945964,0.01532739,0.01131135,0.007536974,0.003999725,0.0008362029,-0.001900484,-0.004143174,-0.005907407,-0.007153599,-0.008307323,-0.008317058,-0.007619024,-0.008084756,-0.008405303,-0.006444753,-0.003955463,-0.002923623,-0.003100561,-0.004065575,-0.004364492,-0.003280352,-0.00183013,-0.0007610265,7.438101e-05,0.000911328,0.001657142,0.00176779,0.001270382,0.0007852818,0.0006956072,0.001227801,0.002084445,0.002367631,0.002126619,0.002222014,0.002491867,0.002405035,0.002249788,0.002074617,0.001822392,0.001409115,0.0008081185,7.02418e-06,-0.00091847,-0.002013534,-0.00335047,-0.004936797,-0.006668197,-0.008610471
-0.007157144,-0.009442117,-0.01196569,-0.01463953,-0.01747579,-0.02049904,-0.02353947,-0.02665176,-0.02975317,-0.03276077,-0.0356371,-0.03833566,-0.04073986,-0.04285589,-0.04457063,-0.04587284,-0.046687,-0.04700173,-0.04676282,-0.04597811,-0.04460698,-0.04268835,-0.04019713,-0.03718651,-0.03365853,-0.02968485,-0.02528194,-0.02053539,-0.01547619,-0.01020064,-0.004748333,0.0007803927,0.006343077,0.01183287,0.01720087,0.02236552,0.02729038,0.03184727,0.03604569,0.03982545,0.0430816,0.04584228,0.04809611,0.04968235,0.05078073,0.0512652,0.05109129,0.0504519,0.04920299,0.04735804,0.04515776,0.04240851,0.03922892,0.03580834,0.032051,0.028028,0.02396221,0.01982052,0.01567894,0.01167062,0.007882151,0.004372578,0.001259843,-0.001436464,-0.003681955,-0.005587516,-0.006473278,-0.006794953,-0.00774475,-0.007026956,-0.005099296,-0.006067447,-0.006895273,-0.003459088,-0.001168098,-0.0007173015,-0.0008194087,-0.001258044,-0.001378003,-0.0009043898,-0.0003954728,-7.660989e-05,0.0001510575,0.0004203608,0.0006945849,0.0007269648,0.0004954691,0.0003085526,0.0003333473,0.0009965398,0.002303629,0.002370744,0.001834868,0.002261938,0.00288513,0.002851661,0.002977266,0.003216143,0.003129001,0.002923554,0.002643823,0.002196797,0.001543089,0.0006322836,-0.0004332474,-0.001723904,-0.003305821,-0.005153925
-0.003873255,-0.006035335,-0.008357342,-0.01104358,-0.01386654,-0.01687994,-0.02002322,-0.02328112,-0.02648651,-0.02974138,-0.03281676,-0.03576568,-0.03843992,-0.0408362,-0.04282136,-0.04442299,-0.04549723,-0.04609622,-0.04609441,-0.04556006,-0.04439931,-0.04268679,-0.04036142,-0.0375212,-0.03412292,-0.03027849,-0.02597023,-0.02132209,-0.01633336,-0.0111343,-0.005737382,-0.0002761822,0.005227237,0.01064921,0.01597127,0.021057,0.02588166,0.03037758,0.03448571,0.03810147,0.04129951,0.04391697,0.04596256,0.04750402,0.04837555,0.04865815,0.04843815,0.04751008,0.04609585,0.04421214,0.0417049,0.03885853,0.03565782,0.03203152,0.02820801,0.0242873,0.02017032,0.01610978,0.01215661,0.008420941,0.004922387,0.001895367,-0.0008035442,-0.002938234,-0.004397541,-0.005631674,-0.005820201,-0.004843962,-0.006615338,-0.004569163,-0.001429909,-0.002077384,-0.002209166,-0.0006676926,-4.55252e-05,1.106332e-05,0.0001018868,0.0001451355,0.0001774356,8.96896e-05,2.716968e-05,-2.918989e-05,-4.782272e-05,-8.514245e-05,-8.988164e-05,-6.151151e-05,-1.135038e-05,2.104718e-05,5.827312e-05,0.000261452,0.0008508843,0.0009460023,0.0006351257,0.001644006,0.002747033,0.002309801,0.002813018,0.003367201,0.003540418,0.003738171,0.003749182,0.003504407,0.003230707,0.002701221,0.001942347,0.0008283726,-0.0004211449,-0.002005151
-0.0009910139,-0.002887736,-0.005139165,-0.007601898,-0.0103513,-0.01336147,-0.01649758,-0.0197805,-0.02315011,-0.02648272,-0.02976391,-0.0329052,-0.0358035,-0.03843238,-0.04068361,-0.04252002,-0.04386837,-0.04469754,-0.0449548,-0.04463511,-0.0436983,-0.04217837,-0.04004886,-0.03736566,-0.03412778,-0.03041601,-0.02624151,-0.021705,-0.01682875,-0.0117294,-0.006433843,-0.001067323,0.004345313,0.009667744,0.01487455,0.01985147,0.02459021,0.02892499,0.03290432,0.03642359,0.03942023,0.04188262,0.04384409,0.04509282,0.04587793,0.04600338,0.04550058,0.04450664,0.04294245,0.04075813,0.038301,0.03527074,0.03191365,0.0283317,0.02454114,0.02050544,0.01663329,0.01272935,0.009066439,0.005601588,0.0026537,5.896345e-05,-0.001776392,-0.003441666,-0.003635196,-0.004968934,-0.003923462,-0.001463533,-0.002429901,-0.0009249686,-2.357992e-05,0.000178856,0.0003260019,0.000146565,-4.934997e-05,-1.489862e-05,NaN,NaN,NaN,NaN,NaN,NaN,NaN,NaN,NaN,NaN,NaN,3.624964e-05,2.676553e-05,-5.373416e-05,-9.520708e-05,-2.274893e-05,5.607648e-05,0.0003852164,0.001095467,0.0008271222,0.001961084,0.002996246,0.002932032,0.003661107,0.003877601,0.004163751,0.004184056,0.003962724,0.003545474,0.002909211,0.001876653,0.0005663115
0.001332615,-0.0002451087,-0.002179935,-0.004473338,-0.007099724,-0.009908349,-0.01305396,-0.01630434,-0.01969102,-0.02311523,-0.02652391,-0.02977739,-0.03289598,-0.03568604,-0.03817811,-0.04021684,-0.04181503,-0.04285329,-0.04335715,-0.04323431,-0.04253688,-0.04118985,-0.03927393,-0.03674763,-0.03370376,-0.03012548,-0.02612466,-0.02170611,-0.01699095,-0.01199983,-0.006858285,-0.001599546,0.003651368,0.008861849,0.01392121,0.01877366,0.02331574,0.02755054,0.03135003,0.03467168,0.03753969,0.03983171,0.04152791,0.04272755,0.04323966,0.04317193,0.04261332,0.04134142,0.03962767,0.03745275,0.03471251,0.03165544,0.02836435,0.02464853,0.02090998,0.01711509,0.0133473,0.009676019,0.006449831,0.003457839,0.001080812,-0.000825793,-0.00179029,-0.003111598,-0.001767253,-0.001731007,-0.0008704421,3.019996e-05,0.000257112,0.0003137761,-7.008622e-05,NaN,NaN,NaN,NaN,NaN,NaN,NaN,NaN,NaN,NaN,NaN,NaN,NaN,NaN,NaN,NaN,NaN,NaN,NaN,NaN,NaN,6.949765e-05,-8.40012e-05,-3.598157e-05,5.216257e-05,0.0005125586,0.001101792,0.001516494,0.00305036,0.003154128,0.003856262,0.004236515,0.0045436,0.004469167,0.00414419,0.003530711,0.002673399
0.00315584,0.001910377,0.0002619823,-0.00171919,-0.004050219,-0.006773077,-0.009694349,-0.01289026,-0.01624765,-0.01967596,-0.02312067,-0.02651011,-0.02970481,-0.03269063,-0.03532683,-0.03758154,-0.03935872,-0.04062686,-0.04132106,-0.04143065,-0.04091362,-0.03979433,-0.03805401,-0.03573502,-0.03285316,-0.02947063,-0.02562401,-0.02138961,-0.01682311,-0.01201007,-0.007017903,-0.001933519,0.003170817,0.008204801,0.01308911,0.01776475,0.02216125,0.02617646,0.02979282,0.0329773,0.03559019,0.0377095,0.03927885,0.04018155,0.0405806,0.04037901,0.03950695,0.03823619,0.03634969,0.03395387,0.03127738,0.02815139,0.02470002,0.02123267,0.01753063,0.01384297,0.01036256,0.007189026,0.00426544,0.001980965,0.0001653831,-0.0009098398,-0.0008219602,-0.0009593721,-0.0001962228,0.0002253704,0.0002795875,-2.625588e-05,NaN,NaN,NaN,NaN,NaN,NaN,NaN,NaN,NaN,NaN,NaN,NaN,NaN,NaN,NaN,NaN,NaN,NaN,NaN,NaN,NaN,NaN,NaN,NaN,NaN,NaN,NaN,7.288505e-05,-6.588654e-05,-3.234508e-05,0.0002568142,0.001040889,0.001473104,0.002951151,0.003529755,0.004100062,0.004549039,0.00473044,0.004493614,0.003956607
0.004199837,0.003408156,0.002268798,0.0005533388,-0.00145158,-0.003847558,-0.006591895,-0.009643595,-0.01282946,-0.01626219,-0.01966185,-0.0230947,-0.02636023,-0.02946171,-0.03221194,-0.03464906,-0.03657177,-0.03805434,-0.03891347,-0.03924907,-0.03891122,-0.03801534,-0.03644823,-0.03435593,-0.03164444,-0.02848124,-0.02479856,-0.02078035,-0.0163754,-0.01177715,-0.006945737,-0.002079819,0.002853898,0.007665884,0.01239584,0.01684042,0.02103877,0.02485755,0.02829911,0.03119891,0.03370378,0.03557587,0.03690939,0.03771134,0.03787169,0.03743665,0.03657374,0.03499011,0.03302384,0.03064923,0.0277558,0.02462434,0.02136509,0.01781088,0.01424713,0.01097341,0.007682529,0.004918692,0.00260845,0.001018268,5.4299e-05,-0.0002308668,2.800966e-05,0.0002172577,0.000168424,-4.324722e-05,NaN,NaN,NaN,NaN,NaN,NaN,NaN,NaN,NaN,NaN,NaN,NaN,NaN,NaN,NaN,NaN,NaN,NaN,NaN,NaN,NaN,NaN,NaN,NaN,NaN,NaN,NaN,NaN,NaN,NaN,NaN,0.0001119941,-2.361685e-05,-5.380524e-05,0.0001806304,0.0009367599,0.001640919,0.003115756,0.003772521,0.004355899,0.004617287,0.004697517
0.004526946,0.004323611,0.003524041,0.002313129,0.0007469733,-0.001388866,-0.003767396,-0.006590261,-0.009613867,-0.01289459,-0.01621089,-0.01964907,-0.02288759,-0.02608359,-0.02889715,-0.03147593,-0.03352036,-0.0351857,-0.0362005,-0.03674667,-0.03657507,-0.03590822,-0.03452045,-0.03265642,-0.03012576,-0.02719549,-0.02369713,-0.01991252,-0.01569375,-0.01133117,-0.006690206,-0.002060329,0.002686236,0.007259571,0.01177796,0.01598758,0.02001117,0.02355644,0.02679697,0.02951578,0.03175449,0.03342141,0.03463355,0.03510867,0.03517878,0.03459084,0.03343687,0.03186696,0.02975293,0.02715197,0.02441625,0.02119992,0.01782883,0.0146648,0.01111788,0.008091314,0.005144829,0.00310218,0.001193303,0.0003274595,0.0001387729,0.0001597358,0.0001118869,NaN,NaN,NaN,NaN,NaN,NaN,NaN,NaN,NaN,NaN,NaN,NaN,NaN,NaN,NaN,NaN,NaN,NaN,NaN,NaN,NaN,NaN,NaN,NaN,NaN,NaN,NaN,NaN,NaN,NaN,NaN,NaN,NaN,NaN,NaN,NaN,NaN,2.586948e-05,-6.795788e-05,0.0001928776,0.0009705969,0.001897191,0.003444125,0.003812594,0.004528557
0.003855092,0.004439187,0.004198103,0.003391685,0.002324754,0.0006918394,-0.001382021,-0.003875013,-0.006583912,-0.00971582,-0.01285937,-0.01619994,-0.01940891,-0.02260469,-0.02545715,-0.02812891,-0.03026995,-0.03208643,-0.03324241,-0.03397498,-0.03398155,-0.03351903,-0.03232319,-0.03068396,-0.02835802,-0.02565856,-0.02237036,-0.01882273,-0.01481943,-0.01069779,-0.006275588,-0.001892042,0.002625526,0.006951108,0.01125965,0.01521643,0.01899132,0.02232677,0.02534727,0.02777452,0.02987155,0.03128934,0.03223389,0.03262864,0.03242607,0.03161487,0.03046756,0.02860232,0.02636861,0.02384669,0.02088114,0.01765495,0.01448752,0.01139188,0.007742189,0.005523333,0.002622374,0.0009620276,0.0002889613,8.753913e-05,0.0001155376,NaN,NaN,NaN,NaN,NaN,NaN,NaN,NaN,NaN,NaN,NaN,NaN,NaN,NaN,NaN,NaN,NaN,NaN,NaN,NaN,NaN,NaN,NaN,NaN,NaN,NaN,NaN,NaN,NaN,NaN,NaN,NaN,NaN,NaN,NaN,NaN,NaN,NaN,NaN,NaN,NaN,2.801096e-05,-6.971578e-05,0.0002813489,0.001152723,0.002163435,0.003787368
0.002591169,0.003815924,0.003935156,0.003775888,0.003373008,0.002104498,0.0005438104,-0.001512749,-0.003947944,-0.006734963,-0.009698409,-0.01286017,-0.01597532,-0.01910384,-0.02198303,-0.02465619,-0.02691354,-0.02879648,-0.03013037,-0.03097938,-0.03119823,-0.03089057,-0.02993936,-0.02847055,-0.02640567,-0.02389413,-0.02088057,-0.01753054,-0.01380948,-0.00989344,-0.005759579,-0.001584963,0.002649374,0.0067627,0.01076832,0.01451813,0.01803409,0.02112379,0.02386802,0.02614571,0.02790693,0.02914821,0.02991433,0.03000524,0.02966997,0.02870603,0.02722132,0.02541783,0.0229553,0.02014791,0.01748272,0.01397969,0.01065539,0.0081023,0.004471791,0.002001069,0.0005686457,4.911147e-05,7.784354e-05,0.0001279168,NaN,NaN,NaN,NaN,NaN,NaN,NaN,NaN,NaN,NaN,NaN,NaN,NaN,NaN,NaN,NaN,NaN,NaN,NaN,NaN,NaN,NaN,NaN,NaN,NaN,NaN,NaN,NaN,NaN,NaN,NaN,NaN,NaN,NaN,NaN,NaN,NaN,NaN,NaN,NaN,NaN,NaN,NaN,0.0001061247,-1.478833e-05,-4.518357e-05,0.0004319303,0.001500232
0.0006910773,0.001901787,0.003152965,0.003246142,0.003684727,0.002949482,0.001853402,0.0003332535,-0.001667668,-0.004125117,-0.006809685,-0.009676678,-0.01270528,-0.01565143,-0.01854254,-0.02114727,-0.02350741,-0.02540298,-0.02691299,-0.02783121,-0.02828785,-0.02808615,-0.02740601,-0.02607933,-0.02431251,-0.02196145,-0.01926061,-0.01608606,-0.01268753,-0.00895725,-0.005149949,-0.00117078,0.00272969,0.006643375,0.01034014,0.0138818,0.01705776,0.01997939,0.02242026,0.02443934,0.02599296,0.02699992,0.02743079,0.0274653,0.02680637,0.02555232,0.02408388,0.02193895,0.01929654,0.01640364,0.01375244,0.009731416,0.007074697,0.00367309,0.001101572,0.0001484433,-2.635488e-05,0.0002105003,NaN,NaN,NaN,NaN,NaN,NaN,NaN,NaN,NaN,NaN,NaN,NaN,NaN,NaN,NaN,NaN,NaN,NaN,NaN,NaN,NaN,NaN,NaN,NaN,NaN,NaN,NaN,NaN,NaN,NaN,NaN,NaN,NaN,NaN,NaN,NaN,NaN,NaN,NaN,NaN,NaN,NaN,NaN,NaN,NaN,NaN,NaN,0.0001376792,-6.737751e-05,5.373955e-05
-6.070704e-05,0.0002357777,0.001143952,0.002044227,0.003321188,0.002925261,0.00255128,0.001663138,4.620938e-05,-0.001913359,-0.004252615,-0.006808973,-0.009608115,-0.01238158,-0.01518006,-0.01770936,-0.02009293,-0.02200731,-0.02362511,-0.02463801,-0.02525755,-0.02521083,-0.02474287,-0.02360355,-0.02207861,-0.01994466,-0.01750848,-0.01456841,-0.01144795,-0.007964532,-0.00444502,-0.0007177295,0.002898426,0.006557073,0.009948876,0.0132419,0.01615634,0.01878967,0.0209476,0.02277709,0.02398493,0.0247645,0.0249907,0.02467472,0.02387831,0.0223459,0.02046947,0.01844867,0.01540081,0.01193689,0.009894026,0.005230115,0.002309879,0.0004910961,-7.242938e-05,0.0001940634,NaN,NaN,NaN,NaN,NaN,NaN,NaN,NaN,NaN,NaN,NaN,NaN,NaN,NaN,NaN,NaN,NaN,NaN,NaN,NaN,NaN,NaN,NaN,NaN,NaN,NaN,NaN,NaN,NaN,NaN,NaN,NaN,NaN,NaN,NaN,NaN,NaN,NaN,NaN,NaN,NaN,NaN,NaN,NaN,NaN,NaN,NaN,NaN,NaN,NaN,NaN,9.29267e-05
0.0001037967,-3.941547e-05,2.524511e-05,0.0004641309,0.001653741,0.002433147,0.00240348,0.002352874,0.001233095,-0.0002619086,-0.002111716,-0.004293756,-0.006810296,-0.009363443,-0.01196465,-0.01443593,-0.01672595,-0.01870124,-0.02031306,-0.02147498,-0.02216678,-0.02233032,-0.02198282,-0.0211077,-0.01974329,-0.01790329,-0.01565336,-0.01302742,-0.0101126,-0.006954037,-0.003653982,-0.0002575112,0.00312148,0.006452776,0.009619557,0.01258668,0.01522686,0.01759019,0.01948231,0.02096358,0.02198337,0.02245606,0.02226679,0.02191,0.02068902,0.0187938,0.01669974,0.01461424,0.01074323,0.00777125,0.004355488,0.001074301,6.755287e-05,-5.550983e-05,0.0002152344,NaN,NaN,NaN,NaN,NaN,NaN,NaN,NaN,NaN,NaN,NaN,NaN,NaN,NaN,NaN,NaN,NaN,NaN,NaN,NaN,NaN,NaN,NaN,NaN,NaN,NaN,NaN,NaN,NaN,NaN,NaN,NaN,NaN,NaN,NaN,NaN,NaN,NaN,NaN,NaN,NaN,NaN,NaN,NaN,NaN,NaN,NaN,NaN,NaN,NaN,NaN,NaN,NaN
NaN,NaN,0.0001094818,-6.426239e-05,0.0001890488,0.0009278704,0.001608994,0.002365309,0.001692902,0.0008420316,-0.0004551919,-0.002253877,-0.004359856,-0.00667069,-0.00900322,-0.0113609,-0.01352353,-0.0155045,-0.01709453,-0.01836258,-0.01910913,-0.01945931,-0.01923368,-0.01859311,-0.01739473,-0.01583039,-0.01378007,-0.01145411,-0.008760275,-0.005918364,-0.002856032,0.0002166006,0.003355133,0.006358578,0.009256589,0.0119014,0.01430678,0.01630773,0.01792322,0.01913804,0.01981156,0.019978,0.01950073,0.01872791,0.01736678,0.01502665,0.01222989,0.01051786,0.005733923,0.002543448,0.0004870689,-0.0001545107,0.000252664,NaN,NaN,NaN,NaN,NaN,NaN,NaN,NaN,NaN,NaN,NaN,NaN,NaN,NaN,NaN,NaN,NaN,NaN,NaN,NaN,NaN,NaN,NaN,NaN,NaN,NaN,NaN,NaN,NaN,NaN,NaN,NaN,NaN,NaN,NaN,NaN,NaN,NaN,NaN,NaN,NaN,NaN,NaN,NaN,NaN,NaN,NaN,NaN,NaN,NaN,NaN,NaN,NaN,NaN,NaN
NaN,NaN,NaN,7.520458e-05,-3.142404e-05,3.830531e-05,0.0003890262,0.001296043,0.001685566,0.001194853,0.0006655785,-0.0007040125,-0.002389004,-0.004338839,-0.006382356,-0.008542704,-0.01056842,-0.01247053,-0.01404766,-0.01533602,-0.01617871,-0.01662288,-0.01656355,-0.01608424,-0.01510705,-0.01374702,-0.01195156,-0.009862709,-0.007444848,-0.004864962,-0.002089798,0.0006981509,0.003539736,0.006240795,0.00886673,0.01118107,0.01328056,0.01497427,0.01631249,0.01706285,0.01761471,0.01729272,0.0164126,0.01533167,0.01384727,0.01043158,0.008115104,0.004789856,0.001161705,8.264303e-05,-8.684793e-05,0.0001853876,NaN,NaN,NaN,NaN,NaN,NaN,NaN,NaN,NaN,NaN,NaN,NaN,NaN,NaN,NaN,NaN,NaN,NaN,NaN,NaN,NaN,NaN,NaN,NaN,NaN,NaN,NaN,NaN,NaN,NaN,NaN,NaN,NaN,NaN,NaN,NaN,NaN,NaN,NaN,NaN,NaN,NaN,NaN,NaN,NaN,NaN,NaN,NaN,NaN,NaN,NaN,NaN,NaN,NaN,NaN,NaN
NaN,NaN,NaN,NaN,NaN,7.699193e-05,-4.463144e-05,0.00017768,0.0007653057,0.001034904,0.001113959,0.0002844645,-0.000926031,-0.002433765,-0.004172518,-0.006037994,-0.007924204,-0.009661324,-0.01122663,-0.01247072,-0.01339956,-0.01389704,-0.01400899,-0.0136461,-0.01289816,-0.01170894,-0.01018642,-0.008302961,-0.00618613,-0.003838004,-0.001386074,0.001153235,0.003665731,0.00610259,0.00836777,0.01040847,0.01217647,0.01354244,0.01449971,0.01496743,0.01509422,0.01445126,0.01312242,0.01148189,0.00988153,0.005813712,0.002941444,0.0005838979,-0.0001685768,0.000218134,NaN,NaN,NaN,NaN,NaN,NaN,NaN,NaN,NaN,NaN,NaN,NaN,NaN,NaN,NaN,NaN,NaN,NaN,NaN,NaN,NaN,NaN,NaN,NaN,NaN,NaN,NaN,NaN,NaN,NaN,NaN,NaN,NaN,NaN,NaN,NaN,NaN,NaN,NaN,NaN,NaN,NaN,NaN,NaN,NaN,NaN,NaN,NaN,NaN,NaN,NaN,NaN,NaN,NaN,NaN,NaN,NaN,NaN
NaN,NaN,NaN,NaN,NaN,NaN,6.072099e-05,-3.824563e-05,5.877783e-05,0.000340151,0.0007716933,0.0007712242,-6.695051e-05,-0.0009945057,-0.002400559,-0.003934004,-0.005608481,-0.007169191,-0.008645099,-0.009846024,-0.0108035,-0.01135379,-0.01157751,-0.01135098,-0.01078423,-0.009784476,-0.008492956,-0.006834441,-0.004987517,-0.002886705,-0.000738356,0.001539151,0.003711306,0.005882466,0.007796312,0.009565688,0.01088782,0.01205691,0.01252708,0.01264024,0.01236405,0.01153019,0.009157831,0.007865293,0.004752329,0.001414522,0.000187765,-0.0001531302,0.0001822747,NaN,NaN,NaN,NaN,NaN,NaN,NaN,NaN,NaN,NaN,NaN,NaN,NaN,NaN,NaN,NaN,NaN,NaN,NaN,NaN,NaN,NaN,NaN,NaN,NaN,NaN,NaN,NaN,NaN,NaN,NaN,NaN,NaN,NaN,NaN,NaN,NaN,NaN,NaN,NaN,NaN,NaN,NaN,NaN,NaN,NaN,NaN,NaN,NaN,NaN,NaN,NaN,NaN,NaN,NaN,NaN,NaN,NaN,NaN
NaN,NaN,NaN,NaN,NaN,NaN,NaN,-1.087417e-05,3.050515e-05,-1.34727e-05,0.0001489267,0.0004846621,0.0003615852,-0.0001514794,-0.001059839,-0.00229305,-0.003648719,-0.005042559,-0.006344794,-0.00751626,-0.008413496,-0.009045419,-0.009310627,-0.009242472,-0.008787303,-0.008014018,-0.00688823,-0.005501671,-0.003856489,-0.002064683,-0.000148101,0.001792317,0.003721888,0.005526382,0.007158397,0.008538892,0.009592232,0.01030589,0.01046491,0.01009699,0.009456879,0.008090468,0.005473097,0.00322699,0.0007267628,-9.659916e-05,0.000112242,-6.473311e-05,NaN,NaN,NaN,NaN,NaN,NaN,NaN,NaN,NaN,NaN,NaN,NaN,NaN,NaN,NaN,NaN,NaN,NaN,NaN,NaN,NaN,NaN,NaN,NaN,NaN,NaN,NaN,NaN,NaN,NaN,NaN,NaN,NaN,NaN,NaN,NaN,NaN,NaN,NaN,NaN,NaN,NaN,NaN,NaN,NaN,NaN,NaN,NaN,NaN,NaN,NaN,NaN,NaN,NaN,NaN,NaN,NaN,NaN,NaN,NaN
NaN,NaN,NaN,NaN,NaN,NaN,NaN,NaN,-2.048086e-05,3.745074e-05,-2.8885e-05,5.796365e-05,0.0002216064,0.0001620611,-0.0002184798,-0.001099669,-0.00210915,-0.003279703,-0.004391054,-0.005471845,-0.006316938,-0.006960383,-0.007272758,-0.007312761,-0.00698263,-0.00638801,-0.005441,-0.0042871,-0.002858051,-0.001343687,0.000329282,0.001948508,0.003613368,0.005052578,0.006433331,0.007393893,0.008121247,0.008422467,0.008322039,0.007168082,0.006562449,0.004141693,0.001697688,0.0003363617,-0.0001705459,0.0001685265,-0.0001228297,NaN,NaN,NaN,NaN,NaN,NaN,NaN,NaN,NaN,NaN,NaN,NaN,NaN,NaN,NaN,NaN,NaN,NaN,NaN,NaN,NaN,NaN,NaN,NaN,NaN,NaN,NaN,NaN,NaN,NaN,NaN,NaN,NaN,NaN,NaN,NaN,NaN,NaN,NaN,NaN,NaN,NaN,NaN,NaN,NaN,NaN,NaN,NaN,NaN,NaN,NaN,NaN,NaN,NaN,NaN,NaN,NaN,NaN,NaN,NaN,NaN
NaN,NaN,NaN,NaN,NaN,NaN,NaN,NaN,NaN,NaN,4.442826e-07,-1.788634e-06,6.360621e-06,7.975665e-05,5.881421e-05,-0.0003116762,-0.001033169,-0.001871362,-0.002825473,-0.003729335,-0.004531492,-0.005120676,-0.005505125,-0.005575646,-0.005399268,-0.00491143,-0.00418686,-0.003188601,-0.002034648,-0.0007126125,0.0006351232,0.002036562,0.003343932,0.004542018,0.0054878,0.006214239,0.006458095,0.006487965,0.005779961,0.004518605,0.002921386,0.0008696521,2.996219e-05,9.649727e-07,-8.822285e-06,NaN,NaN,NaN,NaN,NaN,NaN,NaN,NaN,NaN,NaN,NaN,NaN,NaN,NaN,NaN,NaN,NaN,NaN,NaN,NaN,NaN,NaN,NaN,NaN,NaN,NaN,NaN,NaN,NaN,NaN,NaN,NaN,NaN,NaN,NaN,NaN,NaN,NaN,NaN,NaN,NaN,NaN,NaN,NaN,NaN,NaN,NaN,NaN,NaN,NaN,NaN,NaN,NaN,NaN,NaN,NaN,NaN,NaN,NaN,NaN,NaN,NaN,NaN
NaN,NaN,NaN,NaN,NaN,NaN,NaN,NaN,NaN,NaN,NaN,-9.390835e-06,7.445644e-06,-9.611864e-06,1.672066e-05,-8.188811e-06,-0.0003409698,-0.0008894897,-0.001593554,-0.00234282,-0.00303859,-0.003580882,-0.003968567,-0.004093466,-0.004010445,-0.003651461,-0.003088672,-0.002273516,-0.001337755,-0.0002387637,0.0008406161,0.001982433,0.002972467,0.00388261,0.004479731,0.004906169,0.004636541,0.004459775,0.003127776,0.001640873,0.0004358104,-0.0001047018,0.0001135994,-0.0001013205,NaN,NaN,NaN,NaN,NaN,NaN,NaN,NaN,NaN,NaN,NaN,NaN,NaN,NaN,NaN,NaN,NaN,NaN,NaN,NaN,NaN,NaN,NaN,NaN,NaN,NaN,NaN,NaN,NaN,NaN,NaN,NaN,NaN,NaN,NaN,NaN,NaN,NaN,NaN,NaN,NaN,NaN,NaN,NaN,NaN,NaN,NaN,NaN,NaN,NaN,NaN,NaN,NaN,NaN,NaN,NaN,NaN,NaN,NaN,NaN,NaN,NaN,NaN,NaN
NaN,NaN,NaN,NaN,NaN,NaN,NaN,NaN,NaN,NaN,NaN,NaN,-5.804601e-06,-2.436434e-06,-8.908441e-06,-2.372182e-06,-4.394788e-05,-0.0002868991,-0.0007201107,-0.001295843,-0.001838623,-0.002336573,-0.002689532,-0.002862583,-0.002825586,-0.002605727,-0.002154516,-0.001545842,-0.000769764,6.491956e-05,0.0009471051,0.001766951,0.002552055,0.003070318,0.003417599,0.003384112,0.002948862,0.002047376,0.0008493749,0.0001243496,-2.836382e-05,1.861555e-05,-4.741297e-05,NaN,NaN,NaN,NaN,NaN,NaN,NaN,NaN,NaN,NaN,NaN,NaN,NaN,NaN,NaN,NaN,NaN,NaN,NaN,NaN,NaN,NaN,NaN,NaN,NaN,NaN,NaN,NaN,NaN,NaN,NaN,NaN,NaN,NaN,NaN,NaN,NaN,NaN,NaN,NaN,NaN,NaN,NaN,NaN,NaN,NaN,NaN,NaN,NaN,NaN,NaN,NaN,NaN,NaN,NaN,NaN,NaN,NaN,NaN,NaN,NaN,NaN,NaN,NaN,NaN
NaN,NaN,NaN,NaN,NaN,NaN,NaN,NaN,NaN,NaN,NaN,NaN,NaN,-9.849764e-06,-3.174906e-06,-1.029542e-05,-4.958299e-06,-4.61807e-05,-0.0002009242,-0.0005433342,-0.0009639033,-0.001351342,-0.001678143,-0.00185391,-0.001878308,-0.00174532,-0.00141882,-0.0009665396,-0.0003685998,0.0002539335,0.0009194643,0.001464147,0.001998723,0.002178511,0.002288966,0.001813567,0.001128262,0.0003899581,-1.361715e-05,5.633576e-05,-6.103369e-05,-8.444968e-06,NaN,NaN,NaN,NaN,NaN,NaN,NaN,NaN,NaN,NaN,NaN,NaN,NaN,NaN,NaN,NaN,NaN,NaN,NaN,NaN,NaN,NaN,NaN,NaN,NaN,NaN,NaN,NaN,NaN,NaN,NaN,NaN,NaN,NaN,NaN,NaN,NaN,NaN,NaN,NaN,NaN,NaN,NaN,NaN,NaN,NaN,NaN,NaN,NaN,NaN,NaN,NaN,NaN,NaN,NaN,NaN,NaN,NaN,NaN,NaN,NaN,NaN,NaN,NaN,NaN,NaN
NaN,NaN,NaN,NaN,NaN,NaN,NaN,NaN,NaN,NaN,NaN,NaN,NaN,NaN,-6.342465e-06,-5.709894e-06,-6.910019e-06,-1.159995e-05,-2.560009e-05,-0.0001306634,-0.0003510147,-0.0006335726,-0.0009164799,-0.001070448,-0.001141034,-0.001068306,-0.0008621461,-0.0005347994,-0.0001194857,0.0003285106,0.0007608135,0.001088029,0.001348022,0.001283819,0.00100306,0.000533397,0.0001241189,6.398719e-06,7.207081e-06,-2.669619e-05,-1.541461e-05,NaN,NaN,NaN,NaN,NaN,NaN,NaN,NaN,NaN,NaN,NaN,NaN,NaN,NaN,NaN,NaN,NaN,NaN,NaN,NaN,NaN,NaN,NaN,NaN,NaN,NaN,NaN,NaN,NaN,NaN,NaN,NaN,NaN,NaN,NaN,NaN,NaN,NaN,NaN,NaN,NaN,NaN,NaN,NaN,NaN,NaN,NaN,NaN,NaN,NaN,NaN,NaN,NaN,NaN,NaN,NaN,NaN,NaN,NaN,NaN,NaN,NaN,NaN,NaN,NaN,NaN,NaN
NaN,NaN,NaN,NaN,NaN,NaN,NaN,NaN,NaN,NaN,NaN,NaN,NaN,NaN,NaN,-2.856068e-06,-7.875388e-06,-3.495095e-06,-1.319968e-05,-1.703672e-05,-6.626455e-05,-0.0001926254,-0.000360916,-0.0005040769,-0.0005943447,-0.0005749794,-0.0004594998,-0.0002509049,1.018586e-05,0.0002916508,0.0005236238,0.0006424941,0.0006221303,0.0004553485,0.0001926758,3.313881e-05,2.532947e-05,-2.533339e-05,-1.446453e-05,-1.577541e-07,NaN,NaN,NaN,NaN,NaN,NaN,NaN,NaN,NaN,NaN,NaN,NaN,NaN,NaN,NaN,NaN,NaN,NaN,NaN,NaN,NaN,NaN,NaN,NaN,NaN,NaN,NaN,NaN,NaN,NaN,NaN,NaN,NaN,NaN,NaN,NaN,NaN,NaN,NaN,NaN,NaN,NaN,NaN,NaN,NaN,NaN,NaN,NaN,NaN,NaN,NaN,NaN,NaN,NaN,NaN,NaN,NaN,NaN,NaN,NaN,NaN,NaN,NaN,NaN,NaN,NaN,NaN,NaN
NaN,NaN,NaN,NaN,NaN,NaN,NaN,NaN,NaN,NaN,NaN,NaN,NaN,NaN,NaN,NaN,-4.814137e-06,-4.588919e-06,-5.966971e-06,-6.627199e-06,-1.582046e-05,-3.227867e-05,-8.232221e-05,-0.0001605081,-0.0002226823,-0.0002373035,-0.0001937684,-9.163986e-05,3.735002e-05,0.0001623628,0.0002333418,0.0002312117,0.0001443665,5.965002e-05,2.192219e-05,-2.099621e-06,-1.013414e-05,-1.417171e-05,-1.841185e-06,NaN,NaN,NaN,NaN,NaN,NaN,NaN,NaN,NaN,NaN,NaN,NaN,NaN,NaN,NaN,NaN,NaN,NaN,NaN,NaN,NaN,NaN,NaN,NaN,NaN,NaN,NaN,NaN,NaN,NaN,NaN,NaN,NaN,NaN,NaN,NaN,NaN,NaN,NaN,NaN,NaN,NaN,NaN,NaN,NaN,NaN,NaN,NaN,NaN,NaN,NaN,NaN,NaN,NaN,NaN,NaN,NaN,NaN,NaN,NaN,NaN,NaN,NaN,NaN,NaN,NaN,NaN,NaN,NaN
NaN,NaN,NaN,NaN,NaN,NaN,NaN,NaN,NaN,NaN,NaN,NaN,NaN,NaN,NaN,NaN,NaN,-2.780288e-06,-5.177654e-06,-4.031122e-06,-5.149036e-06,-9.899464e-06,-1.810003e-05,-3.35552e-05,-5.274387e-05,-6.590842e-05,-5.861765e-05,-2.618966e-05,1.471826e-05,4.680815e-05,5.098611e-05,3.928859e-05,1.943717e-05,7.721114e-06,-5.770362e-06,-1.051131e-05,3.201987e-07,-1.27639e-05,NaN,NaN,NaN,NaN,NaN,NaN,NaN,NaN,NaN,NaN,NaN,NaN,NaN,NaN,NaN,NaN,NaN,NaN,NaN,NaN,NaN,NaN,NaN,NaN,NaN,NaN,NaN,NaN,NaN,NaN,NaN,NaN,NaN,NaN,NaN,NaN,NaN,NaN,NaN,NaN,NaN,NaN,NaN,NaN,NaN,NaN,NaN,NaN,NaN,NaN,NaN,NaN,NaN,NaN,NaN,NaN,NaN,NaN,NaN,NaN,NaN,NaN,NaN,NaN,NaN,NaN,NaN,NaN,NaN,NaN
NaN,NaN,NaN,NaN,NaN,NaN,NaN,NaN,NaN,NaN,NaN,NaN,NaN,NaN,NaN,NaN,NaN,NaN,-2.85715e-06,-2.712258e-06,-4.181304e-06,-3.697481e-06,-5.368181e-06,-9.477103e-06,-1.421708e-05,-1.677476e-05,-1.578105e-05,-8.39297e-06,3.522497e-07,7.38748e-06,8.018231e-06,5.671001e-06,-1.551975e-06,-4.179837e-06,-2.71985e-06,-4.789237e-06,-5.926177e-06,NaN,NaN,NaN,NaN,NaN,NaN,NaN,NaN,NaN,NaN,NaN,NaN,NaN,NaN,NaN,NaN,NaN,NaN,NaN,NaN,NaN,NaN,NaN,NaN,NaN,NaN,NaN,NaN,NaN,NaN,NaN,NaN,NaN,NaN,NaN,NaN,NaN,NaN,NaN,NaN,NaN,NaN,NaN,NaN,NaN,NaN,NaN,NaN,NaN,NaN,NaN,NaN,NaN,NaN,NaN,NaN,NaN,NaN,NaN,NaN,NaN,NaN,NaN,NaN,NaN,NaN,NaN,NaN,NaN,NaN,NaN
NaN,NaN,NaN,NaN,NaN,NaN,NaN,NaN,NaN,NaN,NaN,NaN,NaN,NaN,NaN,NaN,NaN,NaN,NaN,-1.650165e-06,-1.890835e-06,-2.4398e-06,-2.973104e-06,-3.451611e-06,-4.500916e-06,-5.196915e-06,-5.299078e-06,-3.508881e-06,-1.669964e-06,-1.798391e-07,-6.618195e-07,-9.765909e-07,-1.820361e-06,-1.630443e-06,-3.781599e-06,-4.513762e-06,NaN,NaN,NaN,NaN,NaN,NaN,NaN,NaN,NaN,NaN,NaN,NaN,NaN,NaN,NaN,NaN,NaN,NaN,NaN,NaN,NaN,NaN,NaN,NaN,NaN,NaN,NaN,NaN,NaN,NaN,NaN,NaN,NaN,NaN,NaN,NaN,NaN,NaN,NaN,NaN,NaN,NaN,NaN,NaN,NaN,NaN,NaN,NaN,NaN,NaN,NaN,NaN,NaN,NaN,NaN,NaN,NaN,NaN,NaN,NaN,NaN,NaN,NaN,NaN,NaN,NaN,NaN,NaN,NaN,NaN,NaN,NaN
NaN,NaN,NaN,NaN,NaN,NaN,NaN,NaN,NaN,NaN,NaN,NaN,NaN,NaN,NaN,NaN,NaN,NaN,NaN,-8.699018e-07,-1.329194e-06,-9.927854e-07,-1.123863e-06,-1.602133e-06,-2.0948e-06,-2.097365e-06,-2.132591e-06,-1.605386e-06,-1.220569e-06,-6.629496e-07,-6.114246e-07,-6.265063e-07,-1.850364e-06,-1.962994e-06,-1.019256e-06,-1.532967e-06,NaN,NaN,NaN,NaN,NaN,NaN,NaN,NaN,NaN,NaN,NaN,NaN,NaN,NaN,NaN,NaN,NaN,NaN,NaN,NaN,NaN,NaN,NaN,NaN,NaN,NaN,NaN,NaN,NaN,NaN,NaN,NaN,NaN,NaN,NaN,NaN,NaN,NaN,NaN,NaN,NaN,NaN,NaN,NaN,NaN,NaN,NaN,NaN,NaN,NaN,NaN,NaN,NaN,NaN,NaN,NaN,NaN,NaN,NaN,NaN,NaN,NaN,NaN,NaN,NaN,NaN,NaN,NaN,NaN,NaN,NaN,NaN
NaN,NaN,NaN,NaN,NaN,NaN,NaN,NaN,NaN,NaN,NaN,NaN,NaN,NaN,NaN,NaN,NaN,NaN,NaN,NaN,-3.829626e-07,-4.822112e-07,-5.463451e-07,-5.44466e-07,-6.27076e-07,-6.635321e-07,-7.233867e-07,-5.927487e-07,-5.227992e-07,-4.301263e-07,-5.366205e-07,-5.024629e-07,-5.355298e-07,-4.146283e-07,-8.2934e-07,NaN,NaN,NaN,NaN,NaN,NaN,NaN,NaN,NaN,NaN,NaN,NaN,NaN,NaN,NaN,NaN,NaN,NaN,NaN,NaN,NaN,NaN,NaN,NaN,NaN,NaN,NaN,NaN,NaN,NaN,NaN,NaN,NaN,NaN,NaN,NaN,NaN,NaN,NaN,NaN,NaN,NaN,NaN,NaN,NaN,NaN,NaN,NaN,NaN,NaN,NaN,NaN,NaN,NaN,NaN,NaN,NaN,NaN,NaN,NaN,NaN,NaN,NaN,NaN,NaN,NaN,NaN,NaN,NaN,NaN,NaN,NaN,NaN
NaN,NaN,NaN,NaN,NaN,NaN,NaN,NaN,NaN,NaN,NaN,NaN,NaN,NaN,NaN,NaN,NaN,NaN,NaN,NaN,NaN,-7.149438e-08,-7.274747e-08,-1.426705e-07,-1.955734e-07,-1.732695e-07,-1.736401e-07,-1.405833e-07,-1.320552e-07,-8.255638e-08,-5.456575e-08,-5.174992e-08,-2.452823e-07,-2.75819e-07,NaN,NaN,NaN,NaN,NaN,NaN,NaN,NaN,NaN,NaN,NaN,NaN,NaN,NaN,NaN,NaN,NaN,NaN,NaN,NaN,NaN,NaN,NaN,NaN,NaN,NaN,NaN,NaN,NaN,NaN,NaN,NaN,NaN,NaN,NaN,NaN,NaN,NaN,NaN,NaN,NaN,NaN,NaN,NaN,NaN,NaN,NaN,NaN,NaN,NaN,NaN,NaN,NaN,NaN,NaN,NaN,NaN,NaN,NaN,NaN,NaN,NaN,NaN,NaN,NaN,NaN,NaN,NaN,NaN,NaN,NaN,NaN,NaN,NaN
NaN,NaN,NaN,NaN,NaN,NaN,NaN,NaN,NaN,NaN,NaN,NaN,NaN,NaN,NaN,NaN,NaN,NaN,NaN,NaN,NaN,-6.857449e-09,-7.444592e-09,-9.20962e-09,-1.120587e-08,-1.077193e-08,-1.143404e-08,-9.687563e-09,-9.314177e-09,-7.441153e-09,-7.72275e-09,-7.120855e-09,-1.25179e-08,-1.194971e-08,NaN,NaN,NaN,NaN,NaN,NaN,NaN,NaN,NaN,NaN,NaN,NaN,NaN,NaN,NaN,NaN,NaN,NaN,NaN,NaN,NaN,NaN,NaN,NaN,NaN,NaN,NaN,NaN,NaN,NaN,NaN,NaN,NaN,NaN,NaN,NaN,NaN,NaN,NaN,NaN,NaN,NaN,NaN,NaN,NaN,NaN,NaN,NaN,NaN,NaN,NaN,NaN,NaN,NaN,NaN,NaN,NaN,NaN,NaN,NaN,NaN,NaN,NaN,NaN,NaN,NaN,NaN,NaN,NaN,NaN,NaN,NaN,NaN,NaN
NaN,NaN,NaN,NaN,NaN,NaN,NaN,NaN,NaN,NaN,NaN,NaN,NaN,NaN,NaN,NaN,NaN,NaN,NaN,NaN,NaN,0,0,0,0,0,0,0,0,0,0,0,0,0,NaN,NaN,NaN,NaN,NaN,NaN,NaN,NaN,NaN,NaN,NaN,NaN,NaN,NaN,NaN,NaN,NaN,NaN,NaN,NaN,NaN,NaN,NaN,NaN,NaN,NaN,NaN,NaN,NaN,NaN,NaN,NaN,NaN,NaN,NaN,NaN,NaN,NaN,NaN,NaN,NaN,NaN,NaN,NaN,NaN,NaN,NaN,NaN,NaN,NaN,NaN,NaN,NaN,NaN,NaN,NaN,NaN,NaN,NaN,NaN,NaN,NaN,NaN,NaN,NaN,NaN,NaN,NaN,NaN,NaN,NaN,NaN,NaN,NaN
