NaN,NaN,NaN,NaN,NaN,NaN,NaN,NaN,NaN,NaN,NaN,NaN,NaN,NaN,NaN,NaN,NaN,NaN,NaN,NaN,NaN,0,0,0,0,0,0,0,0,0,0,0,0,0,NaN,NaN,NaN,NaN,NaN,NaN,NaN,NaN,NaN,NaN,NaN,NaN,NaN,NaN,NaN,NaN,NaN,NaN,NaN,NaN,NaN,NaN,NaN,NaN,NaN,NaN,NaN,NaN,NaN,NaN,NaN,NaN,NaN,NaN,NaN,NaN,NaN,NaN,NaN,NaN,NaN,NaN,NaN,NaN,NaN,NaN,NaN,NaN,NaN,NaN,NaN,NaN,NaN,NaN,NaN,NaN,NaN,NaN,NaN,NaN,NaN,NaN,NaN,NaN,NaN,NaN,NaN,NaN,NaN,NaN,NaN,NaN,NaN,NaN
NaN,NaN,NaN,NaN,NaN,NaN,NaN,NaN,NaN,NaN,NaN,NaN,NaN,NaN,NaN,NaN,NaN,NaN,NaN,NaN,NaN,-2.627783e-06,-1.290592e-06,-1.334669e-06,-2.583408e-06,-3.639393e-06,-4.251755e-06,-4.453745e-06,-4.409598e-06,-3.937595e-06,-3.027826e-06,-1.88914e-06,-1.967032e-06,-3.495214e-06,NaN,NaN,NaN,NaN,NaN,NaN,NaN,NaN,NaN,NaN,NaN,NaN,NaN,NaN,NaN,NaN,NaN,NaN,NaN,NaN,NaN,NaN,NaN,NaN,NaN,NaN,NaN,NaN,NaN,NaN,NaN,NaN,NaN,NaN,NaN,NaN,NaN,NaN,NaN,NaN,NaN,NaN,NaN,NaN,NaN,NaN,NaN,NaN,NaN,NaN,NaN,NaN,NaN,NaN,NaN,NaN,NaN,NaN,NaN,NaN,NaN,NaN,NaN,NaN,NaN,NaN,NaN,NaN,NaN,NaN,NaN,NaN,NaN,NaN
NaN,NaN,NaN,NaN,NaN,NaN,NaN,NaN,NaN,NaN,NaN,NaN,NaN,NaN,NaN,NaN,NaN,NaN,NaN,NaN,NaN,-5.722192e-06,-6.953094e-06,-7.936226e-06,-9.122906e-06,-1.062833e-05,-1.230411e-05,-1.30862e-05,-1.284158e-05,-1.167347e-05,-1.061441e-05,-9.884238e-06,-9.344985e-06,-8.516879e-06,NaN,NaN,NaN,NaN,NaN,NaN,NaN,NaN,NaN,NaN,NaN,NaN,NaN,NaN,NaN,NaN,NaN,NaN,NaN,NaN,NaN,NaN,NaN,NaN,NaN,NaN,NaN,NaN,NaN,NaN,NaN,NaN,NaN,NaN,NaN,NaN,NaN,NaN,NaN,NaN,NaN,NaN,NaN,NaN,NaN,NaN,NaN,NaN,NaN,NaN,NaN,NaN,NaN,NaN,NaN,NaN,NaN,NaN,NaN,NaN,NaN,NaN,NaN,NaN,NaN,NaN,NaN,NaN,NaN,NaN,NaN,NaN,NaN,NaN
NaN,NaN,NaN,NaN,NaN,NaN,NaN,NaN,NaN,NaN,NaN,NaN,NaN,NaN,NaN,NaN,NaN,NaN,NaN,NaN,-1.026333e-05,-1.111323e-05,-1.105744e-05,-1.325608e-05,-1.790356e-05,-2.295406e-05,-2.734164e-05,-2.922329e-05,-2.830366e-05,-2.478404e-05,-2.049596e-05,-1.656854e-05,-1.509305e-05,-1.592666e-05,-1.578956e-05,NaN,NaN,NaN,NaN,NaN,NaN,NaN,NaN,NaN,NaN,NaN,NaN,NaN,NaN,NaN,NaN,NaN,NaN,NaN,NaN,NaN,NaN,NaN,NaN,NaN,NaN,NaN,NaN,NaN,NaN,NaN,NaN,NaN,NaN,NaN,NaN,NaN,NaN,NaN,NaN,NaN,NaN,NaN,NaN,NaN,NaN,NaN,NaN,NaN,NaN,NaN,NaN,NaN,NaN,NaN,NaN,NaN,NaN,NaN,NaN,NaN,NaN,NaN,NaN,NaN,NaN,NaN,NaN,NaN,NaN,NaN,NaN,NaN
NaN,NaN,NaN,NaN,NaN,NaN,NaN,NaN,NaN,NaN,NaN,NaN,NaN,NaN,NaN,NaN,NaN,NaN,NaN,-1.212578e-05,-1.14002e-05,-1.301978e-05,-1.779491e-05,-2.306958e-05,-3.079221e-05,-4.109667e-05,-5.169076e-05,-5.625512e-05,-5.310801e-05,-4.372611e-05,-3.425286e-05,-2.744907e-05,-2.308674e-05,-1.912815e-05,-1.833186e-05,-1.999814e-05,NaN,NaN,NaN,NaN,NaN,NaN,NaN,NaN,NaN,NaN,NaN,NaN,NaN,NaN,NaN,NaN,NaN,NaN,NaN,NaN,NaN,NaN,NaN,NaN,NaN,NaN,NaN,NaN,NaN,NaN,NaN,NaN,NaN,NaN,NaN,NaN,NaN,NaN,NaN,NaN,NaN,NaN,NaN,NaN,NaN,NaN,NaN,NaN,NaN,NaN,NaN,NaN,NaN,NaN,NaN,NaN,NaN,NaN,NaN,NaN,NaN,NaN,NaN,NaN,NaN,NaN,NaN,NaN,NaN,NaN,NaN,NaN
NaN,NaN,NaN,NaN,NaN,NaN,NaN,NaN,NaN,NaN,NaN,NaN,NaN,NaN,NaN,NaN,NaN,NaN,NaN,-1.087115e-05,-1.5563e-05,-1.842675e-05,-2.343691e-05,-3.977648e-05,-6.914268e-05,-0.000104769,-0.0001371876,-0.0001505799,-0.0001394707,-0.0001086428,-7.365793e-05,-4.495042e-05,-2.935097e-05,-2.531065e-05,-2.338491e-05,-1.939256e-05,NaN,NaN,NaN,NaN,NaN,NaN,NaN,NaN,NaN,NaN,NaN,NaN,NaN,NaN,NaN,NaN,NaN,NaN,NaN,NaN,NaN,NaN,NaN,NaN,NaN,NaN,NaN,NaN,NaN,NaN,NaN,NaN,NaN,NaN,NaN,NaN,NaN,NaN,NaN,NaN,NaN,NaN,NaN,NaN,NaN,NaN,NaN,NaN,NaN,NaN,NaN,NaN,NaN,NaN,NaN,NaN,NaN,NaN,NaN,NaN,NaN,NaN,NaN,NaN,NaN,NaN,NaN,NaN,NaN,NaN,NaN,NaN
NaN,NaN,NaN,NaN,NaN,NaN,NaN,NaN,NaN,NaN,NaN,NaN,NaN,NaN,NaN,NaN,NaN,NaN,-1.231359e-05,-1.549889e-05,-1.504935e-05,-2.711113e-05,-6.085769e-05,-0.0001212021,-0.0002236493,-0.0003573968,-0.0004844256,-0.0005357931,-0.0004902107,-0.0003664886,-0.0002313647,-0.0001285803,-6.825742e-05,-3.469946e-05,-2.305737e-05,-2.456476e-05,-2.211732e-05,NaN,NaN,NaN,NaN,NaN,NaN,NaN,NaN,NaN,NaN,NaN,NaN,NaN,NaN,NaN,NaN,NaN,NaN,NaN,NaN,NaN,NaN,NaN,NaN,NaN,NaN,NaN,NaN,NaN,NaN,NaN,NaN,NaN,NaN,NaN,NaN,NaN,NaN,NaN,NaN,NaN,NaN,NaN,NaN,NaN,NaN,NaN,NaN,NaN,NaN,NaN,NaN,NaN,NaN,NaN,NaN,NaN,NaN,NaN,NaN,NaN,NaN,NaN,NaN,NaN,NaN,NaN,NaN,NaN,NaN,NaN
NaN,NaN,NaN,NaN,NaN,NaN,NaN,NaN,NaN,NaN,NaN,NaN,NaN,NaN,NaN,NaN,NaN,-1.366851e-05,-1.159991e-05,-1.416732e-05,-3.858667e-05,-8.750539e-05,-0.0002260454,-0.0005441609,-0.001044623,-0.00159972,-0.002055884,-0.002228582,-0.002074878,-0.001629333,-0.00106823,-0.0005621635,-0.0002388071,-9.806668e-05,-4.809722e-05,-2.332336e-05,-2.140217e-05,-2.465441e-05,NaN,NaN,NaN,NaN,NaN,NaN,NaN,NaN,NaN,NaN,NaN,NaN,NaN,NaN,NaN,NaN,NaN,NaN,NaN,NaN,NaN,NaN,NaN,NaN,NaN,NaN,NaN,NaN,NaN,NaN,NaN,NaN,NaN,NaN,NaN,NaN,NaN,NaN,NaN,NaN,NaN,NaN,NaN,NaN,NaN,NaN,NaN,NaN,NaN,NaN,NaN,NaN,NaN,NaN,NaN,NaN,NaN,NaN,NaN,NaN,NaN,NaN,NaN,NaN,NaN,NaN,NaN,NaN,NaN,NaN
NaN,NaN,NaN,NaN,NaN,NaN,NaN,NaN,NaN,NaN,NaN,NaN,NaN,NaN,NaN,NaN,-1.229066e-05,-6.966827e-06,-2.031761e-05,-4.732686e-05,-0.000136481,-0.0004920868,-0.001329755,-0.002651673,-0.004195713,-0.005536707,-0.006418538,-0.00673084,-0.006462763,-0.005608903,-0.004276568,-0.002722425,-0.001379983,-0.0005235631,-0.0001520275,-5.899385e-05,-3.099957e-05,-1.722985e-05,-2.400318e-05,NaN,NaN,NaN,NaN,NaN,NaN,NaN,NaN,NaN,NaN,NaN,NaN,NaN,NaN,NaN,NaN,NaN,NaN,NaN,NaN,NaN,NaN,NaN,NaN,NaN,NaN,NaN,NaN,NaN,NaN,NaN,NaN,NaN,NaN,NaN,NaN,NaN,NaN,NaN,NaN,NaN,NaN,NaN,NaN,NaN,NaN,NaN,NaN,NaN,NaN,NaN,NaN,NaN,NaN,NaN,NaN,NaN,NaN,NaN,NaN,NaN,NaN,NaN,NaN,NaN,NaN,NaN,NaN,NaN
NaN,NaN,NaN,NaN,NaN,NaN,NaN,NaN,NaN,NaN,NaN,NaN,NaN,NaN,NaN,-7.551938e-06,-7.255913e-06,-2.731708e-05,-5.2823e-05,-0.0002660876,-0.001077615,-0.002835761,-0.005472613,-0.007973257,-0.01003182,-0.01160322,-0.01259144,-0.01294661,-0.01266595,-0.01173875,-0.01021248,-0.008175869,-0.005667241,-0.002981034,-0.001149989,-0.0002967532,-6.676415e-05,-3.99838e-05,-1.832065e-05,-1.931344e-05,NaN,NaN,NaN,NaN,NaN,NaN,NaN,NaN,NaN,NaN,NaN,NaN,NaN,NaN,NaN,NaN,NaN,NaN,NaN,NaN,NaN,NaN,NaN,NaN,NaN,NaN,NaN,NaN,NaN,NaN,NaN,NaN,NaN,NaN,NaN,NaN,NaN,NaN,NaN,NaN,NaN,NaN,NaN,NaN,NaN,NaN,NaN,NaN,NaN,NaN,NaN,NaN,NaN,NaN,NaN,NaN,NaN,NaN,NaN,NaN,NaN,NaN,NaN,NaN,NaN,NaN,NaN,NaN
NaN,NaN,NaN,NaN,NaN,NaN,NaN,NaN,NaN,NaN,NaN,NaN,NaN,NaN,-2.752965e-06,-1.31695e-05,-2.565928e-05,-7.814045e-05,-0.0005661303,-0.002096491,-0.005324475,-0.008707385,-0.01191594,-0.01467803,-0.01686034,-0.01848724,-0.01951213,-0.01989118,-0.01961965,-0.018693,-0.0171527,-0.01503973,-0.01232095,-0.009109046,-0.005645054,-0.002274311,-0.0006303699,-9.826859e-05,-3.94475e-05,-2.602431e-05,-1.41262e-05,NaN,NaN,NaN,NaN,NaN,NaN,NaN,NaN,NaN,NaN,NaN,NaN,NaN,NaN,NaN,NaN,NaN,NaN,NaN,NaN,NaN,NaN,NaN,NaN,NaN,NaN,NaN,NaN,NaN,NaN,NaN,NaN,NaN,NaN,NaN,NaN,NaN,NaN,NaN,NaN,NaN,NaN,NaN,NaN,NaN,NaN,NaN,NaN,NaN,NaN,NaN,NaN,NaN,NaN,NaN,NaN,NaN,NaN,NaN,NaN,NaN,NaN,NaN,NaN,NaN,NaN,NaN
NaN,NaN,NaN,NaN,NaN,NaN,NaN,NaN,NaN,NaN,NaN,NaN,NaN,-2.089564e-06,-1.880549e-05,-1.701103e-05,-0.000167309,-0.001070226,-0.003911426,-0.007958075,-0.01202326,-0.01578052,-0.01912233,-0.02198045,-0.02427244,-0.02597586,-0.02705219,-0.02746028,-0.02719788,-0.02626077,-0.02468882,-0.02251576,-0.01975841,-0.01648039,-0.0127195,-0.008562825,-0.004294414,-0.001217307,-0.0002040591,-3.061422e-05,-3.411101e-05,-1.369125e-05,NaN,NaN,NaN,NaN,NaN,NaN,NaN,NaN,NaN,NaN,NaN,NaN,NaN,NaN,NaN,NaN,NaN,NaN,NaN,NaN,NaN,NaN,NaN,NaN,NaN,NaN,NaN,NaN,NaN,NaN,NaN,NaN,NaN,NaN,NaN,NaN,NaN,NaN,NaN,NaN,NaN,NaN,NaN,NaN,NaN,NaN,NaN,NaN,NaN,NaN,NaN,NaN,NaN,NaN,NaN,NaN,NaN,NaN,NaN,NaN,NaN,NaN,NaN,NaN,NaN,NaN
NaN,NaN,NaN,NaN,NaN,NaN,NaN,NaN,NaN,NaN,NaN,NaN,-6.141468e-06,-1.600222e-05,-1.789181e-05,-0.0003703634,-0.001911509,-0.0061773,-0.01054711,-0.01514223,-0.01942622,-0.02334727,-0.02686502,-0.02985755,-0.03226168,-0.03404177,-0.03517399,-0.03561508,-0.03536748,-0.0344242,-0.03282773,-0.03059761,-0.02776589,-0.02437855,-0.02053894,-0.01625983,-0.01154602,-0.006933364,-0.002219859,-0.0004529632,-3.309674e-05,-3.196118e-05,-1.960084e-05,NaN,NaN,NaN,NaN,NaN,NaN,NaN,NaN,NaN,NaN,NaN,NaN,NaN,NaN,NaN,NaN,NaN,NaN,NaN,NaN,NaN,NaN,NaN,NaN,NaN,NaN,NaN,NaN,NaN,NaN,NaN,NaN,NaN,NaN,NaN,NaN,NaN,NaN,NaN,NaN,NaN,NaN,NaN,NaN,NaN,NaN,NaN,NaN,NaN,NaN,NaN,NaN,NaN,NaN,NaN,NaN,NaN,NaN,NaN,NaN,NaN,NaN,NaN,NaN,NaN
NaN,NaN,NaN,NaN,NaN,NaN,NaN,NaN,NaN,NaN,NaN,-1.101291e-05,-6.746737e-06,-5.180357e-05,-0.0006776705,-0.00350962,-0.008003014,-0.01312346,-0.01796594,-0.02274391,-0.02728217,-0.0314213,-0.03510142,-0.03823562,-0.04076456,-0.04264238,-0.04384208,-0.04432829,-0.0440996,-0.04315375,-0.04152478,-0.03923624,-0.03633023,-0.03285329,-0.0288763,-0.02443538,-0.01966195,-0.01469795,-0.009227564,-0.004198361,-0.0008558097,-7.943185e-05,-2.032174e-05,-2.809406e-05,NaN,NaN,NaN,NaN,NaN,NaN,NaN,NaN,NaN,NaN,NaN,NaN,NaN,NaN,NaN,NaN,NaN,NaN,NaN,NaN,NaN,NaN,NaN,NaN,NaN,NaN,NaN,NaN,NaN,NaN,NaN,NaN,NaN,NaN,NaN,NaN,NaN,NaN,NaN,NaN,NaN,NaN,NaN,NaN,NaN,NaN,NaN,NaN,NaN,NaN,NaN,NaN,NaN,NaN,NaN,NaN,NaN,NaN,NaN,NaN,NaN,NaN,NaN,NaN
NaN,NaN,NaN,NaN,NaN,NaN,NaN,NaN,NaN,NaN,-1.017395e-05,4.141417e-06,-0.0001489553,-0.001132824,-0.005342367,-0.009905181,-0.01513568,-0.02048868,-0.02569384,-0.03077022,-0.03554052,-0.03989894,-0.0437731,-0.04707344,-0.04973918,-0.05172736,-0.05300881,-0.0535535,-0.05335579,-0.05241739,-0.05076518,-0.0484254,-0.04543551,-0.0418475,-0.03773606,-0.03315715,-0.02818887,-0.02298297,-0.01745187,-0.01182678,-0.006661449,-0.001502285,-0.0002218449,-4.724659e-06,-2.88491e-05,NaN,NaN,NaN,NaN,NaN,NaN,NaN,NaN,NaN,NaN,NaN,NaN,NaN,NaN,NaN,NaN,NaN,NaN,NaN,NaN,NaN,NaN,NaN,NaN,NaN,NaN,NaN,NaN,NaN,NaN,NaN,NaN,NaN,NaN,NaN,NaN,NaN,NaN,NaN,NaN,NaN,NaN,NaN,NaN,NaN,NaN,NaN,NaN,NaN,NaN,NaN,NaN,NaN,NaN,NaN,NaN,NaN,NaN,NaN,NaN,NaN,NaN,NaN
NaN,NaN,NaN,NaN,NaN,NaN,NaN,NaN,-3.650296e-06,-4.787816e-06,-1.34665e-06,-0.0003098546,-0.002141162,-0.006421674,-0.01165318,-0.01688451,-0.02244419,-0.02816458,-0.033724,-0.03908051,-0.0441244,-0.04872552,-0.0528066,-0.05628965,-0.05911746,-0.06123951,-0.06262658,-0.06324849,-0.06310034,-0.06218111,-0.06051591,-0.05812885,-0.0550645,-0.05137123,-0.0471152,-0.04235877,-0.03721331,-0.03176167,-0.02599741,-0.02022109,-0.01454765,-0.008458726,-0.003038519,-0.000486167,-1.353334e-05,-2.106835e-05,-2.054699e-05,NaN,NaN,NaN,NaN,NaN,NaN,NaN,NaN,NaN,NaN,NaN,NaN,NaN,NaN,NaN,NaN,NaN,NaN,NaN,NaN,NaN,NaN,NaN,NaN,NaN,NaN,NaN,NaN,NaN,NaN,NaN,NaN,NaN,NaN,NaN,NaN,NaN,NaN,NaN,NaN,NaN,NaN,NaN,NaN,NaN,NaN,NaN,NaN,NaN,NaN,NaN,NaN,NaN,NaN,NaN,NaN,NaN,NaN,NaN,NaN,NaN
NaN,NaN,NaN,NaN,NaN,NaN,NaN,-2.550642e-06,3.298622e-06,-3.156584e-05,-0.0004787108,-0.003575232,-0.007423929,-0.01257774,-0.01817808,-0.02394496,-0.02995503,-0.03600687,-0.04192986,-0.04760871,-0.05293413,-0.05779492,-0.06211727,-0.06581255,-0.06882851,-0.07110975,-0.07263049,-0.07335559,-0.07328284,-0.07240503,-0.07074903,-0.06833201,-0.06520184,-0.06140026,-0.05700616,-0.05207914,-0.0467163,-0.04100334,-0.03502807,-0.02892625,-0.02286475,-0.01665373,-0.01051577,-0.005506511,-0.0008300019,-7.501179e-05,-2.698726e-06,-2.302198e-05,NaN,NaN,NaN,NaN,NaN,NaN,NaN,NaN,NaN,NaN,NaN,NaN,NaN,NaN,NaN,NaN,NaN,NaN,NaN,NaN,NaN,NaN,NaN,NaN,NaN,NaN,NaN,NaN,NaN,NaN,NaN,NaN,NaN,NaN,NaN,NaN,NaN,NaN,NaN,NaN,NaN,NaN,NaN,NaN,NaN,NaN,NaN,NaN,NaN,NaN,NaN,NaN,NaN,NaN,NaN,NaN,NaN,NaN,NaN,NaN
NaN,NaN,NaN,NaN,NaN,NaN,4.964029e-07,4.542567e-06,-9.629461e-05,-0.0008564465,-0.00411582,-0.008357026,-0.01311899,-0.01868238,-0.02477813,-0.03104833,-0.03746928,-0.04391699,-0.05020233,-0.05621484,-0.06185507,-0.06700985,-0.07159634,-0.07553807,-0.07877604,-0.08125652,-0.08294518,-0.08381137,-0.08384489,-0.08304168,-0.08141886,-0.07899822,-0.07582153,-0.07193604,-0.06740633,-0.06230329,-0.05672682,-0.05075962,-0.04448891,-0.03808409,-0.03163065,-0.02507962,-0.01877813,-0.01297954,-0.007116148,-0.001735821,-0.0002499917,3.991692e-06,-1.830642e-05,NaN,NaN,NaN,NaN,NaN,NaN,NaN,NaN,NaN,NaN,NaN,NaN,NaN,NaN,NaN,NaN,NaN,NaN,NaN,NaN,NaN,NaN,NaN,NaN,NaN,NaN,NaN,NaN,NaN,NaN,NaN,NaN,NaN,NaN,NaN,NaN,NaN,NaN,NaN,NaN,NaN,NaN,NaN,NaN,NaN,NaN,NaN,NaN,NaN,NaN,NaN,NaN,NaN,NaN,NaN,NaN,NaN,NaN,NaN
NaN,NaN,NaN,NaN,NaN,1.591183e-06,-1.651541e-07,-0.0001305875,-0.001578131,-0.00417241,-0.008331442,-0.01316995,-0.01860059,-0.02472004,-0.03125999,-0.03801727,-0.04488517,-0.05172083,-0.05839198,-0.06477081,-0.07074963,-0.07622737,-0.08112199,-0.0853501,-0.08885262,-0.09157276,-0.09347527,-0.09452508,-0.09471038,-0.09402216,-0.09247543,-0.09008701,-0.08689638,-0.0829472,-0.07830813,-0.07304876,-0.06725687,-0.06102781,-0.05447285,-0.04770759,-0.04084818,-0.03396555,-0.02722357,-0.02089122,-0.01469154,-0.008548388,-0.003977754,-0.0004572464,-1.864346e-05,-3.396042e-06,NaN,NaN,NaN,NaN,NaN,NaN,NaN,NaN,NaN,NaN,NaN,NaN,NaN,NaN,NaN,NaN,NaN,NaN,NaN,NaN,NaN,NaN,NaN,NaN,NaN,NaN,NaN,NaN,NaN,NaN,NaN,NaN,NaN,NaN,NaN,NaN,NaN,NaN,NaN,NaN,NaN,NaN,NaN,NaN,NaN,NaN,NaN,NaN,NaN,NaN,NaN,NaN,NaN,NaN,NaN,NaN,NaN,NaN
NaN,NaN,NaN,7.194888e-06,-1.469916e-06,4.370327e-06,-0.0001398424,-0.00158319,-0.004071425,-0.007634811,-0.0122959,-0.01776444,-0.02382402,-0.03044006,-0.03747074,-0.04469505,-0.05199967,-0.05925918,-0.06633218,-0.073097,-0.0794547,-0.08529592,-0.09053756,-0.09509774,-0.09891526,-0.1019285,-0.1040985,-0.1053865,-0.1057773,-0.1052572,-0.1038367,-0.101529,-0.09837133,-0.09440389,-0.08968964,-0.08429626,-0.07831948,-0.07184656,-0.06498691,-0.05787162,-0.05060964,-0.04328805,-0.03611781,-0.02920805,-0.02249891,-0.01618164,-0.01063967,-0.005673566,-0.000956659,-0.0001300361,5.540718e-06,-1.187999e-05,NaN,NaN,NaN,NaN,NaN,NaN,NaN,NaN,NaN,NaN,NaN,NaN,NaN,NaN,NaN,NaN,NaN,NaN,NaN,NaN,NaN,NaN,NaN,NaN,NaN,NaN,NaN,NaN,NaN,NaN,NaN,NaN,NaN,NaN,NaN,NaN,NaN,NaN,NaN,NaN,NaN,NaN,NaN,NaN,NaN,NaN,NaN,NaN,NaN,NaN,NaN,NaN,NaN,NaN,NaN,NaN
NaN,NaN,-6.994922e-07,2.262384e-06,5.59096e-05,7.54169e-05,-0.0008517242,-0.003117516,-0.006379621,-0.01063863,-0.01591567,-0.02193349,-0.028558,-0.03569325,-0.04318475,-0.05087481,-0.05863374,-0.06631991,-0.07382092,-0.08100709,-0.0877752,-0.09402024,-0.09966008,-0.104605,-0.1087929,-0.1121569,-0.1146565,-0.116246,-0.1169077,-0.1166207,-0.1153929,-0.1132298,-0.1101659,-0.1062346,-0.1015006,-0.09602597,-0.08989927,-0.0832114,-0.07608239,-0.06861638,-0.06094788,-0.05319611,-0.04550714,-0.03802507,-0.03080549,-0.02393412,-0.01779209,-0.01216506,-0.006678824,-0.002743157,-0.0002711558,-4.928156e-06,1.940066e-07,NaN,NaN,NaN,NaN,NaN,NaN,NaN,NaN,NaN,NaN,NaN,NaN,NaN,NaN,NaN,NaN,NaN,NaN,NaN,NaN,NaN,NaN,NaN,NaN,NaN,NaN,NaN,NaN,NaN,NaN,NaN,NaN,NaN,NaN,NaN,NaN,NaN,NaN,NaN,NaN,NaN,NaN,NaN,NaN,NaN,NaN,NaN,NaN,NaN,NaN,NaN,NaN,NaN,NaN,NaN
1.072169e-05,-7.970295e-06,6.812461e-05,0.0002836751,0.0009925296,0.0004476086,-0.001310056,-0.004224576,-0.008187698,-0.0131035,-0.01891661,-0.02547432,-0.03261941,-0.04023075,-0.04819293,-0.05633888,-0.06454573,-0.07268529,-0.08063234,-0.08826585,-0.09548495,-0.10218,-0.1082643,-0.1136498,-0.1182684,-0.1220504,-0.1249477,-0.1269121,-0.1279183,-0.1279418,-0.1269827,-0.1250428,-0.1221501,-0.1183344,-0.1136516,-0.108161,-0.1019519,-0.09510893,-0.08774368,-0.07997555,-0.07193034,-0.06372739,-0.05553823,-0.04747486,-0.03964074,-0.03220474,-0.02531769,-0.01897456,-0.01318505,-0.00824721,-0.004311097,-0.0006199553,-8.460523e-05,4.141285e-06,-3.862314e-06,NaN,NaN,NaN,NaN,NaN,NaN,NaN,NaN,NaN,NaN,NaN,NaN,NaN,NaN,NaN,NaN,NaN,NaN,NaN,NaN,NaN,NaN,NaN,NaN,NaN,NaN,NaN,NaN,NaN,NaN,NaN,NaN,NaN,NaN,NaN,NaN,NaN,NaN,NaN,NaN,NaN,NaN,NaN,NaN,NaN,NaN,NaN,NaN,NaN,NaN,NaN,NaN,NaN
1.433751e-05,0.0002031601,0.001695597,0.00252905,0.002517494,0.001257214,-0.00119343,-0.004745377,-0.009305492,-0.01478089,-0.02111511,-0.02814783,-0.03576661,-0.04384143,-0.05224441,-0.06083943,-0.06950252,-0.07809555,-0.08651103,-0.09462146,-0.1023239,-0.1095089,-0.1160905,-0.1219719,-0.127084,-0.1313498,-0.1347195,-0.1371358,-0.1385707,-0.1389904,-0.1383917,-0.1367668,-0.1341396,-0.1305306,-0.1259948,-0.1205825,-0.1143761,-0.1074572,-0.09994142,-0.09192898,-0.08355893,-0.07495937,-0.06627372,-0.05764401,-0.04920788,-0.04108408,-0.03346589,-0.02639126,-0.01988993,-0.01427727,-0.009465049,-0.005036106,-0.002124698,-0.0001756211,-6.354738e-06,3.83053e-06,NaN,NaN,NaN,NaN,NaN,NaN,NaN,NaN,NaN,NaN,NaN,NaN,NaN,NaN,NaN,NaN,NaN,NaN,NaN,NaN,NaN,NaN,NaN,NaN,NaN,NaN,NaN,NaN,NaN,NaN,NaN,NaN,NaN,NaN,NaN,NaN,NaN,NaN,NaN,NaN,NaN,NaN,NaN,NaN,NaN,NaN,NaN,NaN,NaN,NaN,NaN,-9.395436e-06
0.0009779453,0.003702128,0.005130565,0.005404329,0.004618976,0.002690421,-0.0003471465,-0.00444723,-0.009520452,-0.01549189,-0.02226202,-0.02973576,-0.0377767,-0.04627061,-0.05509792,-0.06412615,-0.07322881,-0.08228828,-0.0911778,-0.09978457,-0.1079983,-0.1157135,-0.1228313,-0.1292631,-0.1349258,-0.1397461,-0.1436592,-0.1466115,-0.1485594,-0.1494716,-0.1493289,-0.1481255,-0.1458698,-0.1425842,-0.1383055,-0.1330864,-0.126997,-0.120119,-0.1125486,-0.104402,-0.09579828,-0.08686779,-0.0777626,-0.06861793,-0.05957325,-0.05079566,-0.04240992,-0.0345309,-0.02727811,-0.02077117,-0.01506504,-0.01013142,-0.006142713,-0.003060876,-0.0005352045,-5.932411e-05,2.404198e-06,3.756558e-06,NaN,NaN,NaN,NaN,NaN,NaN,NaN,NaN,NaN,NaN,NaN,NaN,NaN,NaN,NaN,NaN,NaN,NaN,NaN,NaN,NaN,NaN,NaN,NaN,NaN,NaN,NaN,NaN,NaN,NaN,NaN,NaN,NaN,NaN,NaN,NaN,NaN,NaN,NaN,NaN,NaN,NaN,NaN,NaN,NaN,NaN,NaN,-3.224632e-06,-1.017958e-05,0.0001666848
0.006370196,0.008351429,0.009183979,0.008802873,0.007430308,0.004940894,0.001411166,-0.003152807,-0.008646271,-0.0150199,-0.02217365,-0.03001425,-0.03842263,-0.04729801,-0.0565058,-0.06594069,-0.07546987,-0.08497802,-0.09434313,-0.1034548,-0.1121941,-0.1204619,-0.1281525,-0.1351759,-0.1414411,-0.1468739,-0.1514011,-0.1549658,-0.1575154,-0.1590144,-0.1594339,-0.158763,-0.1569995,-0.15416,-0.1502725,-0.1453833,-0.1395492,-0.1328485,-0.1253713,-0.1172195,-0.1085111,-0.09937946,-0.0899533,-0.08038654,-0.07082402,-0.06140897,-0.05230446,-0.04363722,-0.03551464,-0.02810817,-0.02146966,-0.01562022,-0.01075456,-0.006779375,-0.003487102,-0.00160324,-0.0001270798,-1.080217e-05,1.650573e-06,4.876389e-06,NaN,NaN,NaN,NaN,NaN,NaN,NaN,NaN,NaN,NaN,NaN,NaN,NaN,NaN,NaN,NaN,NaN,NaN,NaN,NaN,NaN,NaN,NaN,NaN,NaN,NaN,NaN,NaN,NaN,NaN,NaN,NaN,NaN,NaN,NaN,NaN,NaN,NaN,NaN,NaN,NaN,NaN,NaN,5.218712e-06,-1.519869e-05,0.0001185213,0.0005160078,0.004287602
0.01246663,0.01357524,0.01381527,0.01295107,0.01107397,0.008148043,0.004219918,-0.0006973824,-0.006525701,-0.01321475,-0.02066427,-0.02880582,-0.03751789,-0.04670682,-0.05625341,-0.06604841,-0.07596521,-0.08589842,-0.09571847,-0.1053205,-0.1145856,-0.1234125,-0.1316906,-0.1393305,-0.1462351,-0.1523274,-0.1575264,-0.1617721,-0.1650033,-0.16718,-0.168264,-0.1682389,-0.1670926,-0.1648353,-0.1614828,-0.1570743,-0.1516579,-0.1453017,-0.1380816,-0.1300996,-0.1214585,-0.1122805,-0.1027009,-0.09285691,-0.08289073,-0.07296665,-0.0632199,-0.05380289,-0.04486225,-0.03651791,-0.02888683,-0.02207165,-0.01613664,-0.01112614,-0.007062028,-0.004027812,-0.001755037,-0.0005222084,-1.756395e-05,6.954474e-06,1.482588e-06,NaN,NaN,NaN,NaN,NaN,NaN,NaN,NaN,NaN,NaN,NaN,NaN,NaN,NaN,NaN,NaN,NaN,NaN,NaN,NaN,NaN,NaN,NaN,NaN,NaN,NaN,NaN,NaN,NaN,NaN,NaN,NaN,NaN,NaN,NaN,NaN,NaN,NaN,NaN,NaN,NaN,-1.78879e-05,7.535949e-05,0.0003740418,0.003855905,0.007161302,0.01044632
0.01877565,0.01943749,0.01916315,0.01789659,0.01564365,0.01239643,0.008172955,0.003003428,-0.00306206,-0.009963001,-0.01763242,-0.02597994,-0.03491972,-0.04434977,-0.05416382,-0.06425333,-0.07450746,-0.08480673,-0.09504288,-0.1050978,-0.1148625,-0.1242259,-0.1330875,-0.141343,-0.1489028,-0.1556761,-0.1615877,-0.1665623,-0.1705426,-0.173473,-0.1753175,-0.1760429,-0.1756376,-0.1740942,-0.171429,-0.1676624,-0.162838,-0.1570069,-0.1502443,-0.1426262,-0.134257,-0.1252439,-0.1157086,-0.1057831,-0.09561305,-0.08533247,-0.07510667,-0.06507549,-0.05538208,-0.04618177,-0.03759691,-0.02972688,-0.02270649,-0.01658398,-0.01139515,-0.007233534,-0.004033274,-0.001775658,-0.0004446058,6.544452e-05,3.295919e-05,1.615336e-05,2.177993e-08,NaN,NaN,NaN,NaN,NaN,NaN,NaN,NaN,NaN,NaN,NaN,NaN,NaN,NaN,NaN,NaN,NaN,NaN,NaN,NaN,NaN,NaN,NaN,NaN,NaN,NaN,NaN,NaN,NaN,NaN,NaN,NaN,NaN,NaN,NaN,NaN,NaN,-2.184673e-05,7.204532e-05,0.0003317953,0.003129385,0.007698805,0.01157452,0.01481089,0.0172479
0.02562799,0.02587488,0.02523782,0.02367407,0.02115364,0.01768957,0.01328163,0.007963519,0.001765662,-0.00525275,-0.01303201,-0.02149723,-0.03056631,-0.04014266,-0.05013595,-0.06043489,-0.07093742,-0.08153123,-0.09210671,-0.1025496,-0.1127542,-0.1226077,-0.1320086,-0.140853,-0.1490485,-0.1565016,-0.1631326,-0.1688632,-0.17363,-0.1773727,-0.1800477,-0.1816162,-0.1820576,-0.1813573,-0.1795193,-0.1765558,-0.1724995,-0.1673896,-0.1612849,-0.1542559,-0.1463879,-0.1377741,-0.1285305,-0.1187706,-0.108626,-0.09823848,-0.08774526,-0.07729392,-0.06704102,-0.05711807,-0.0476745,-0.0388457,-0.03073606,-0.02345273,-0.01708723,-0.01168373,-0.007268836,-0.003873054,-0.001466296,2.762702e-06,0.0006569651,0.0004609741,7.581444e-05,3.684435e-05,-1.390459e-06,3.371246e-07,NaN,NaN,NaN,NaN,NaN,NaN,NaN,NaN,NaN,NaN,NaN,NaN,NaN,NaN,NaN,NaN,NaN,NaN,NaN,NaN,NaN,NaN,NaN,NaN,NaN,NaN,NaN,NaN,NaN,NaN,NaN,-1.330769e-05,-2.300174e-05,0.0001200408,0.0003612031,0.003218135,0.008336159,0.01229424,0.01651396,0.01991236,0.02253652,0.02451653
0.03290082,0.03286064,0.03196947,0.03019272,0.0275223,0.02393823,0.01945698,0.01408705,0.007869654,0.0008399786,-0.006942083,-0.01541387,-0.0244975,-0.03411476,-0.04416813,-0.05456766,-0.06520846,-0.07598694,-0.0867966,-0.09753016,-0.1080787,-0.1183365,-0.1282004,-0.1375677,-0.1463438,-0.1544349,-0.1617589,-0.1682338,-0.1737935,-0.1783715,-0.1819211,-0.1843939,-0.1857653,-0.1860084,-0.1851238,-0.1831076,-0.1799857,-0.1757797,-0.1705445,-0.1643238,-0.1572,-0.1492443,-0.1405594,-0.1312405,-0.1214172,-0.1111937,-0.1007246,-0.09012896,-0.07956013,-0.0691551,-0.05906904,-0.04941583,-0.04036121,-0.03199559,-0.02443772,-0.01776843,-0.01206966,-0.007347764,-0.003659163,-0.0009548114,0.0007939146,0.001583766,0.001761357,0.001193351,0.0001530482,7.72581e-05,5.661622e-06,-5.094223e-06,NaN,NaN,NaN,NaN,NaN,NaN,NaN,NaN,NaN,NaN,NaN,NaN,NaN,NaN,NaN,NaN,NaN,NaN,NaN,NaN,NaN,NaN,NaN,NaN,NaN,NaN,NaN,-2.553715e-05,-7.309857e-07,0.0002016866,0.0005117438,0.004749748,0.009480883,0.01342692,0.01813925,0.02200148,0.02540896,0.02834395,0.03060183,0.03213026
0.04050044,0.0402269,0.03918339,0.03728746,0.03455869,0.03094925,0.02649625,0.02117746,0.01504891,0.008115266,0.0004540084,-0.007908987,-0.01687921,-0.02640632,-0.03638735,-0.0467529,-0.05738977,-0.06821991,-0.07912356,-0.09001447,-0.1007755,-0.1113161,-0.1215229,-0.1313077,-0.1405658,-0.1492137,-0.1571587,-0.1643265,-0.1706402,-0.1760376,-0.1804606,-0.1838621,-0.1862058,-0.1874623,-0.1876185,-0.1866648,-0.1846144,-0.1814781,-0.1772939,-0.1720963,-0.1659491,-0.1589043,-0.1510562,-0.1424739,-0.1332719,-0.1235438,-0.11342,-0.1030048,-0.09245643,-0.08187616,-0.07143451,-0.06124511,-0.05146546,-0.04219837,-0.03360748,-0.0257516,-0.01876825,-0.01269349,-0.007618969,-0.003517013,-0.0004360658,0.001714796,0.002997914,0.003371028,0.003086798,0.002604743,0.0004927298,0.0001263019,8.40455e-05,-6.718279e-07,-7.998346e-06,NaN,NaN,NaN,NaN,NaN,NaN,NaN,NaN,NaN,NaN,NaN,NaN,NaN,NaN,NaN,NaN,NaN,NaN,NaN,NaN,NaN,-2.441175e-05,-1.321295e-05,0.0001584714,0.0002955121,0.00125882,0.007506883,0.01120343,0.01544139,0.02017599,0.02409208,0.0279124,0.03135933,0.03440442,0.03687188,0.03876328,0.03997995
0.04814506,0.04774845,0.04660223,0.04468083,0.04196118,0.03842958,0.03408155,0.02892549,0.02297757,0.016268,0.008831132,0.0007201723,-0.008012245,-0.01729773,-0.02706423,-0.03723071,-0.04771444,-0.05842128,-0.06926222,-0.08013782,-0.09095322,-0.1016084,-0.1120094,-0.1220576,-0.1316633,-0.1407344,-0.149189,-0.1569448,-0.1639308,-0.1700778,-0.175329,-0.1796307,-0.1829427,-0.1852293,-0.1864694,-0.1866471,-0.1857602,-0.1838146,-0.1808298,-0.176831,-0.1718594,-0.1659634,-0.1592008,-0.1516424,-0.1433682,-0.1344621,-0.1250268,-0.1151657,-0.1049887,-0.09462301,-0.08419079,-0.07381866,-0.06364796,-0.05380605,-0.04441727,-0.03561304,-0.02750281,-0.02017993,-0.0137311,-0.008213243,-0.003655202,-6.993745e-05,0.002592451,0.004364433,0.005371847,0.005624217,0.004726,0.004208119,0.003058017,0.0005045302,0.000162991,0.0001338323,4.132395e-05,-7.144515e-06,-1.295654e-05,-1.277642e-05,NaN,NaN,NaN,NaN,NaN,NaN,NaN,NaN,NaN,NaN,NaN,-2.234843e-05,-2.557272e-05,-1.775307e-05,5.223561e-05,0.000210263,0.0003077124,0.0009752664,0.006265319,0.01029628,0.01317975,0.01828289,0.02264663,0.02651301,0.0304295,0.03408073,0.03749517,0.04053399,0.04314255,0.04528323,0.04687222,0.04783787
0.05556138,0.05506756,0.05389571,0.05200057,0.04936938,0.04597761,0.04182792,0.03691392,0.03125548,0.02486589,0.01778463,0.01004228,0.001695232,-0.007206165,-0.01659391,-0.02640157,-0.0365486,-0.04695961,-0.05754474,-0.0682204,-0.07889433,-0.08947839,-0.09987957,-0.1100105,-0.1197817,-0.129109,-0.1379101,-0.1461077,-0.1536295,-0.1604085,-0.166385,-0.1715046,-0.1757227,-0.1789995,-0.1813074,-0.1826224,-0.182936,-0.1822408,-0.1805461,-0.1778639,-0.1742219,-0.1696475,-0.1641905,-0.1578936,-0.1508227,-0.1430424,-0.1346324,-0.1256717,-0.1162648,-0.1064979,-0.09649245,-0.08635624,-0.07621341,-0.06618103,-0.05640081,-0.04697822,-0.03805058,-0.02972179,-0.0221058,-0.01527413,-0.009312059,-0.004236189,-7.973854e-05,0.003175191,0.00556292,0.007163997,0.007926392,0.008209496,0.007765408,0.006354847,0.005720784,0.005055103,0.002125817,0.0004351102,0.0002166808,0.0001891066,0.0001809771,0.0001462819,8.362743e-05,3.598856e-05,1.618169e-05,1.077787e-05,1.588885e-05,3.46581e-05,8.205318e-05,0.0001568265,0.0002219613,0.000262692,0.0003281644,0.0006828768,0.003128617,0.008262347,0.01098771,0.01315349,0.01751595,0.02177435,0.02533999,0.0291924,0.03307115,0.0367272,0.04025574,0.04351873,0.04650602,0.04917461,0.05146953,0.05329661,0.05462571,0.05539523
0.06235259,0.06181492,0.06065369,0.05883574,0.05634423,0.05315704,0.04927019,0.04467851,0.03939291,0.03342606,0.02680288,0.01955507,0.01172235,0.003350921,-0.005503932,-0.01478283,-0.02442061,-0.03434473,-0.04448313,-0.05475568,-0.06508431,-0.07538487,-0.08557849,-0.09557909,-0.1053097,-0.1146867,-0.1236382,-0.1320857,-0.1399653,-0.1472062,-0.1537554,-0.1595521,-0.1645559,-0.1687181,-0.1720128,-0.1744048,-0.1758829,-0.1764265,-0.1760412,-0.1747193,-0.1724829,-0.1693406,-0.1653276,-0.160468,-0.154815,-0.1484021,-0.1413021,-0.1335637,-0.1252702,-0.1164909,-0.1073256,-0.09785046,-0.08819038,-0.07843306,-0.06870814,-0.05911969,-0.04980539,-0.04085877,-0.03241918,-0.02456683,-0.01741614,-0.01101849,-0.005448232,-0.0006960211,0.003205401,0.006286043,0.008512012,0.01008751,0.01099873,0.0112483,0.01124885,0.01098032,0.009406284,0.007976227,0.007513467,0.007460499,0.007285889,0.006153356,0.00401506,0.002366782,0.001644854,0.001464343,0.001652417,0.002352014,0.004024422,0.006683065,0.009026417,0.01044479,0.01144954,0.01264997,0.01514802,0.01923057,0.02265305,0.02551131,0.02883787,0.03239387,0.03583969,0.03932491,0.04277956,0.04604935,0.04915593,0.05205591,0.05471038,0.05704126,0.05901629,0.06058476,0.06169971,0.06229852
0.06814795,0.06758667,0.06646914,0.06476348,0.06245118,0.05951352,0.05594354,0.05173498,0.04689405,0.04142814,0.0353586,0.02870585,0.02150495,0.01379132,0.005610923,-0.002988096,-0.01194807,-0.0212125,-0.03071437,-0.04038936,-0.05016574,-0.05997416,-0.06973966,-0.07939174,-0.08885551,-0.09806152,-0.1069377,-0.1154186,-0.1234377,-0.1309359,-0.1378543,-0.1441424,-0.1497509,-0.1546395,-0.1587697,-0.1621125,-0.1646421,-0.1663409,-0.1671948,-0.1672002,-0.166355,-0.1646662,-0.1621467,-0.1588147,-0.1546934,-0.1498173,-0.1442193,-0.1379453,-0.131047,-0.1235784,-0.115606,-0.1072048,-0.09844924,-0.08943062,-0.0802457,-0.07099191,-0.06177749,-0.05271571,-0.04391501,-0.03548591,-0.02753321,-0.02014624,-0.01340509,-0.007374605,-0.002090953,0.002436801,0.006206819,0.009231593,0.01155038,0.01318517,0.01434854,0.0151194,0.01528368,0.01504321,0.01495302,0.01511608,0.01525844,0.01484634,0.01370455,0.01255406,0.01193512,0.01182522,0.0121447,0.01296417,0.01454249,0.01689823,0.01937538,0.02142766,0.02314875,0.0248769,0.02707093,0.02991188,0.03293993,0.03584431,0.03888118,0.04202959,0.04515341,0.04821347,0.05123088,0.05414437,0.05690037,0.05944566,0.06174766,0.06377129,0.06547416,0.06680016,0.06771516,0.0681776
0.07257383,0.07201369,0.07095949,0.06938995,0.06728451,0.06462909,0.0614126,0.05763143,0.05328523,0.04838209,0.04293218,0.03695621,0.03047595,0.02352244,0.01612963,0.008338608,0.0001922083,-0.008258373,-0.01696302,-0.02586394,-0.0349044,-0.04402224,-0.05315764,-0.06224566,-0.07122539,-0.08003217,-0.08860644,-0.09688585,-0.1048144,-0.1123343,-0.119395,-0.1259451,-0.1319412,-0.1373396,-0.1421056,-0.1462044,-0.1496102,-0.1522977,-0.1542516,-0.1554553,-0.1559034,-0.1555904,-0.1545186,-0.1526929,-0.1501271,-0.146832,-0.1428341,-0.1381552,-0.1328279,-0.1268901,-0.120386,-0.113361,-0.1058798,-0.09800137,-0.08979971,-0.08135551,-0.07275819,-0.0640962,-0.05547465,-0.04699105,-0.03875056,-0.03085157,-0.02338886,-0.01643449,-0.0100608,-0.004320965,0.0007421603,0.005141438,0.008881467,0.01198602,0.01449093,0.01648616,0.01793423,0.01893224,0.01972727,0.0204931,0.02122437,0.02175496,0.02193045,0.02187326,0.02187457,0.02210954,0.0226285,0.02348174,0.02476139,0.02651033,0.02856207,0.03064942,0.03264784,0.03462822,0.03678222,0.03925323,0.04190603,0.04459396,0.047296,0.05004575,0.05280408,0.05553367,0.05818684,0.06072312,0.06311158,0.06532201,0.067315,0.06904693,0.07048237,0.071591,0.07233258,0.07267046
0.07533512,0.07478763,0.073817,0.07239913,0.07052069,0.06816537,0.06532709,0.06199739,0.05817867,0.05387088,0.04908636,0.04383366,0.03813427,0.03200684,0.02548093,0.01858408,0.01135468,0.003826957,-0.003953203,-0.011945,-0.02009771,-0.02836569,-0.03669422,-0.0450352,-0.05333215,-0.061536,-0.0695903,-0.07744711,-0.08505194,-0.09235968,-0.09931939,-0.1058904,-0.1120267,-0.1176933,-0.1228503,-0.1274691,-0.1315172,-0.1349728,-0.1378101,-0.1400159,-0.1415712,-0.1424693,-0.1427004,-0.1422639,-0.1411562,-0.139387,-0.1369576,-0.1338846,-0.1301813,-0.125869,-0.1209702,-0.1155211,-0.1095499,-0.1031059,-0.09623568,-0.08899757,-0.08145297,-0.0736801,-0.06575148,-0.05775796,-0.04978568,-0.04192906,-0.03427604,-0.02692322,-0.01994463,-0.01340942,-0.007366616,-0.001877415,0.003039392,0.007369483,0.01115017,0.01440779,0.01718029,0.01947062,0.02137609,0.02303549,0.02453191,0.02584651,0.02692637,0.02779249,0.02856265,0.02935655,0.03026438,0.03134491,0.03266694,0.03427164,0.03612371,0.03811124,0.04014625,0.04219696,0.04430015,0.04650604,0.04884237,0.05124886,0.05369343,0.05614129,0.05856894,0.06094022,0.06324092,0.06544102,0.06750629,0.06939771,0.07108847,0.07254943,0.07375164,0.07465751,0.07524272,0.07547723
0.07620531,0.07569458,0.07482146,0.0735722,0.07193159,0.06989017,0.06743841,0.06457272,0.06128981,0.05759312,0.05348552,0.04897794,0.04408056,0.03881073,0.03318635,0.02723152,0.02097025,0.01443364,0.007651227,0.000659256,-0.006507398,-0.01380843,-0.02120561,-0.02865546,-0.0361175,-0.04354687,-0.05090239,-0.05813912,-0.06521656,-0.07209116,-0.07872449,-0.08507556,-0.09110916,-0.09678803,-0.1020813,-0.1069561,-0.1113862,-0.1153439,-0.1188088,-0.1217575,-0.1241753,-0.1260452,-0.1273561,-0.1280972,-0.1282637,-0.1278474,-0.1268508,-0.1252718,-0.1231153,-0.1203886,-0.117103,-0.1132693,-0.1089117,-0.1040495,-0.09871339,-0.09293894,-0.08676953,-0.08025064,-0.07344321,-0.06640746,-0.05921553,-0.05194292,-0.04467133,-0.03747596,-0.03044094,-0.02364448,-0.01716216,-0.0110402,-0.005329712,-6.176889e-05,0.004728471,0.009045954,0.01289088,0.01629586,0.01929961,0.0219622,0.02435402,0.02652584,0.02848786,0.03023957,0.03181475,0.03328458,0.03471819,0.0361764,0.0377066,0.03935304,0.04113784,0.04304701,0.04503451,0.04706581,0.04913035,0.05124079,0.05338801,0.05556385,0.05774006,0.05990501,0.06203897,0.06412273,0.06612328,0.06801538,0.0697767,0.07138604,0.07281557,0.07403773,0.07502699,0.0757632,0.07621982,0.07637434
0.07507919,0.07462588,0.07387354,0.0728058,0.07141601,0.06969195,0.0676307,0.06522433,0.06247452,0.05937766,0.05594094,0.05216553,0.04806359,0.04364215,0.0389181,0.03390371,0.02862139,0.02308777,0.01733018,0.01136986,0.00523783,-0.001040871,-0.007431752,-0.01390718,-0.02043038,-0.02697182,-0.03349342,-0.03996495,-0.04634813,-0.05261307,-0.05872227,-0.06464717,-0.07035204,-0.07581049,-0.08098922,-0.08586478,-0.0904073,-0.09459642,-0.09840543,-0.1018184,-0.104812,-0.1073732,-0.1094838,-0.1111339,-0.1123077,-0.1130012,-0.1132003,-0.1129043,-0.1121058,-0.1108048,-0.1089986,-0.1066953,-0.1038936,-0.1006088,-0.09685022,-0.09263776,-0.08799082,-0.08294336,-0.07752399,-0.07177966,-0.06575475,-0.05950669,-0.05309221,-0.04658457,-0.04004698,-0.03355024,-0.02715583,-0.02094284,-0.01496582,-0.009280986,-0.003913597,0.001101192,0.005756313,0.01003057,0.01393107,0.01748257,0.02072483,0.02368987,0.02641081,0.02891138,0.03122018,0.03336449,0.03538895,0.03733319,0.03924319,0.04115124,0.04308479,0.04505032,0.04704997,0.04906724,0.05109073,0.05310717,0.0551264,0.05713679,0.05913294,0.06109033,0.06299485,0.06482468,0.06657109,0.06821378,0.06973408,0.07110672,0.07231621,0.07334213,0.07416833,0.07477049,0.07513525,0.07524268
0.07195323,0.07159167,0.07098092,0.07011449,0.06898276,0.06758128,0.06590339,0.06394739,0.06170957,0.05919185,0.05639341,0.05331991,0.04997436,0.04636559,0.04250074,0.03839239,0.03405099,0.02949323,0.02473293,0.01979,0.01468177,0.009431091,0.004057897,-0.001412332,-0.006957446,-0.01255018,-0.01816694,-0.02377927,-0.02936282,-0.03488877,-0.04033275,-0.04566628,-0.05086568,-0.05590351,-0.06075757,-0.06540193,-0.06981599,-0.07397613,-0.07786422,-0.08145818,-0.08474264,-0.08769864,-0.09031195,-0.09256674,-0.09445196,-0.09595203,-0.0970599,-0.09776258,-0.09805282,-0.09792284,-0.09736751,-0.09637911,-0.0949594,-0.09310362,-0.09081528,-0.0880985,-0.08496288,-0.0814174,-0.07748313,-0.07317878,-0.06853434,-0.06358302,-0.05836726,-0.05292762,-0.04731859,-0.04159589,-0.03582243,-0.03004683,-0.02432936,-0.01872154,-0.01328394,-0.008054491,-0.003072952,0.001646503,0.006088891,0.01024645,0.01412369,0.01773935,0.02111044,0.02425218,0.02717881,0.02991403,0.03248069,0.03490783,0.03722036,0.03944734,0.04161379,0.04374201,0.04583906,0.04790943,0.0499502,0.05196075,0.05392745,0.05584852,0.0577138,0.059521,0.06125961,0.06292085,0.06448618,0.06594251,0.06727683,0.06847863,0.06953159,0.0704214,0.07113281,0.07165568,0.07197445,0.07207787
0.06696416,0.06672344,0.06628253,0.06563123,0.06476847,0.06368601,0.06238424,0.0608569,0.05910648,0.05712843,0.05492784,0.05250233,0.04985914,0.04699875,0.04393062,0.04065776,0.03719253,0.03354018,0.02971572,0.02572708,0.02159146,0.01731918,0.01292981,0.008435585,0.003857939,-0.0007891332,-0.005482696,-0.01020755,-0.01493977,-0.0196634,-0.02435399,-0.02899542,-0.03356322,-0.03804154,-0.04240632,-0.04664249,-0.05072715,-0.05464604,-0.05837725,-0.06190851,-0.06521897,-0.0682973,-0.07112537,-0.07369259,-0.07598159,-0.07798509,-0.07968547,-0.08107659,-0.08214437,-0.08288145,-0.08327553,-0.08332307,-0.08301025,-0.08233639,-0.08129245,-0.07987774,-0.07808744,-0.07592772,-0.07339685,-0.07050806,-0.06726936,-0.06370021,-0.05981799,-0.05565666,-0.05124335,-0.04661713,-0.041813,-0.03688682,-0.03188159,-0.0268505,-0.02182962,-0.01686951,-0.01200411,-0.007279508,-0.002723275,0.001642164,0.005806323,0.009756993,0.01349766,0.01703279,0.0203752,0.02352927,0.02651036,0.02932884,0.03200563,0.03455356,0.03699091,0.03932719,0.04157969,0.04375341,0.04585582,0.04788296,0.04984387,0.05173185,0.05354891,0.05528293,0.05693064,0.0584806,0.05993237,0.06127533,0.06250253,0.06359968,0.06456167,0.06537703,0.06604012,0.06653684,0.06686299,0.06700695
0.0603678,0.0602801,0.06002637,0.05960539,0.05901165,0.05824457,0.05729998,0.05617828,0.05487635,0.05339627,0.05173589,0.0498988,0.04788461,0.04569808,0.04334066,0.04081888,0.03813558,0.03529935,0.0323147,0.02919181,0.02593717,0.02256263,0.01907622,0.01549152,0.0118181,0.008070909,0.00426081,0.0004039434,-0.00348781,-0.007397427,-0.01131234,-0.015215,-0.01909248,-0.02292707,-0.02670596,-0.03041151,-0.03403105,-0.03754766,-0.04094945,-0.04421953,-0.04734714,-0.05031674,-0.05311734,-0.05573495,-0.05815999,-0.06037762,-0.06238052,-0.06415468,-0.06569152,-0.06697993,-0.0680114,-0.06877339,-0.06926088,-0.06946123,-0.06936844,-0.06897389,-0.06827271,-0.06725666,-0.06592619,-0.06427632,-0.06231042,-0.06003161,-0.05745032,-0.05457347,-0.05142034,-0.04801124,-0.04437586,-0.04053551,-0.03652545,-0.03237841,-0.02814048,-0.02384644,-0.01953886,-0.01524635,-0.01100237,-0.006837328,-0.002778205,0.001158547,0.0049567,0.008606081,0.01209822,0.01543467,0.01861503,0.02164526,0.02452822,0.02727349,0.02988888,0.03238642,0.03477092,0.03705147,0.03923214,0.0413202,0.0433108,0.0452073,0.04700591,0.04871022,0.05031712,0.05182618,0.05322864,0.05452069,0.05569711,0.05675607,0.05768988,0.05849374,0.05916035,0.05968743,0.06006712,0.06029604
0.05256648,0.05264466,0.05259063,0.05239797,0.05206912,0.05159849,0.05098878,0.05023516,0.04934118,0.04830238,0.04712342,0.04580064,0.04433934,0.04273717,0.04100025,0.03912719,0.03712551,0.0349947,0.03274348,0.03037271,0.02789216,0.02530391,0.02261908,0.01984084,0.01698146,0.01404528,0.01104565,0.007987876,0.004886204,0.001746758,-0.001415494,-0.004593858,-0.007772874,-0.01094548,-0.01409588,-0.01721699,-0.0202932,-0.02331728,-0.02627365,-0.02915594,-0.03194859,-0.03464523,-0.03723177,-0.03970163,-0.04204069,-0.04424435,-0.04629753,-0.04819591,-0.04992647,-0.05148306,-0.05285333,-0.05403302,-0.05500732,-0.05577299,-0.05631704,-0.05663408,-0.05671238,-0.05654892,-0.05613095,-0.0554578,-0.05452076,-0.05331988,-0.05184983,-0.05011883,-0.04812667,-0.04588376,-0.04339533,-0.04068552,-0.03776897,-0.03467268,-0.03141281,-0.02802192,-0.02452342,-0.0209556,-0.01734615,-0.0137256,-0.01011676,-0.006549189,-0.003040499,0.0003898742,0.00373281,0.006972481,0.01010466,0.01312001,0.01602029,0.01880052,0.02146406,0.02400756,0.02643837,0.02875573,0.03096602,0.03306656,0.03506738,0.03696545,0.03876649,0.04046395,0.04206026,0.04354975,0.04493733,0.04621848,0.04739359,0.04845516,0.04940477,0.05023696,0.05095277,0.05154442,0.0520136,0.05235396
0.04406441,0.04430951,0.04444333,0.04446749,0.04437857,0.04417817,0.04386344,0.04343619,0.04289378,0.04223878,0.04146868,0.04058658,0.03959075,0.03848454,0.03726701,0.03594225,0.03450976,0.03297462,0.03133705,0.02960278,0.02777302,0.02585435,0.02384873,0.02176367,0.01960201,0.01737209,0.01507752,0.01272745,0.01032623,0.007883704,0.005404847,0.002900045,0.0003747669,-0.002160239,-0.004699282,-0.007231297,-0.009750301,-0.01224541,-0.01471083,-0.0171352,-0.0195132,-0.02183412,-0.02409194,-0.02627681,-0.02838342,-0.03040077,-0.03232509,-0.03414556,-0.035857,-0.03745062,-0.03892066,-0.04025676,-0.04145539,-0.04250503,-0.04340061,-0.04413267,-0.04469514,-0.04507721,-0.04527514,-0.04527783,-0.04508067,-0.04467607,-0.04406167,-0.04322905,-0.04217916,-0.04091097,-0.03943123,-0.03773831,-0.03584233,-0.03375093,-0.03148445,-0.02905598,-0.02648815,-0.02379568,-0.02100135,-0.01812764,-0.01519991,-0.01223759,-0.009264203,-0.006299091,-0.003363382,-0.0004696221,0.002366819,0.005137374,0.007830216,0.01044082,0.01296269,0.01539547,0.01773348,0.01997758,0.02212507,0.02417916,0.02613419,0.02799292,0.02975226,0.03141669,0.03298499,0.03445976,0.03583618,0.03711465,0.03829335,0.03937468,0.04035515,0.04123482,0.0420103,0.04268349,0.04325042,0.04371178
0.03545321,0.03583704,0.03613347,0.03633755,0.03645316,0.03647574,0.03640901,0.03624872,0.03599897,0.03565535,0.03522253,0.03469639,0.03408163,0.03337485,0.03258099,0.03169693,0.03072838,0.02967248,0.02853548,0.02731523,0.02601839,0.02464342,0.0231977,0.02168023,0.02009899,0.01845364,0.01675279,0.01499667,0.01319446,0.01134691,0.009463707,0.007546034,0.005603976,0.003639078,0.001661783,-0.0003262162,-0.002314488,-0.004301024,-0.006275198,-0.008235528,-0.01017114,-0.0120803,-0.01395315,-0.01578753,-0.01757338,-0.01930996,-0.02098619,-0.02260149,-0.02414626,-0.02561821,-0.0270083,-0.02831542,-0.02952824,-0.03064646,-0.03165954,-0.03256478,-0.03335222,-0.03401993,-0.03455557,-0.0349578,-0.03521583,-0.03532631,-0.03527839,-0.03507257,-0.03469927,-0.03415746,-0.03343855,-0.03254933,-0.03148653,-0.03025771,-0.02886011,-0.02730567,-0.02559853,-0.02375725,-0.02179265,-0.01972225,-0.01755791,-0.01532144,-0.01302618,-0.01069175,-0.008329666,-0.005960254,-0.003594039,-0.00124835,0.001069807,0.00334614,0.005575295,0.007744933,0.009853662,0.01189267,0.01386185,0.01575308,0.01757101,0.01930965,0.02097252,0.02255257,0.02405217,0.02546591,0.02679908,0.02804814,0.0292156,0.03029588,0.03129267,0.0322023,0.03302823,0.03376497,0.03441639,0.03497808
0.02731403,0.02779644,0.02820531,0.02854307,0.02880664,0.02899824,0.02911516,0.02915967,0.029129,0.02902593,0.02884761,0.028597,0.02827176,0.02787478,0.02740412,0.02686313,0.02624993,0.02556841,0.02481708,0.02400005,0.02311642,0.02217074,0.02116241,0.02009655,0.01897304,0.01779742,0.01657,0.01529679,0.01397854,0.01262166,0.01122728,0.009802161,0.008347751,0.006871059,0.005373667,0.003862855,0.002340481,0.0008136866,-0.0007157912,-0.002240306,-0.003758473,-0.005263117,-0.006752133,-0.008219053,-0.009662279,-0.01107431,-0.01245486,-0.01379649,-0.01509776,-0.01635298,-0.01756014,-0.0187124,-0.01980961,-0.02084376,-0.02181358,-0.02271269,-0.0235384,-0.02428303,-0.02494552,-0.0255169,-0.0259942,-0.02637026,-0.02664253,-0.02680106,-0.02684357,-0.0267637,-0.02656141,-0.02622738,-0.02576143,-0.02515897,-0.02442564,-0.0235599,-0.02256836,-0.02145075,-0.02021464,-0.01886672,-0.01741898,-0.01587886,-0.01426018,-0.01257373,-0.01083527,-0.009054216,-0.007245183,-0.005417241,-0.003584465,-0.001754521,6.132951e-05,0.001858002,0.003624802,0.005357714,0.007048704,0.008696334,0.01029146,0.01183328,0.01331565,0.01474029,0.01610369,0.01740724,0.01864552,0.01981874,0.02092435,0.02196489,0.02293701,0.02384162,0.02467562,0.02544167,0.02613636,0.02676139
0.02016178,0.02068394,0.02115189,0.02156054,0.02191378,0.0222069,0.02244361,0.02261945,0.02273846,0.02279592,0.02279633,0.02273517,0.02261683,0.02243735,0.02220121,0.02190456,0.02155245,0.02114109,0.02067583,0.02015337,0.01957922,0.01895046,0.01827306,0.01754434,0.01677063,0.01594967,0.01508813,0.01418408,0.01324453,0.01226782,0.01126128,0.0102235,0.009162032,0.008075685,0.006972242,0.005850571,0.004718384,0.003574805,0.002427694,0.001275671,0.000126829,-0.001019989,-0.002157609,-0.003286772,-0.004400172,-0.00549983,-0.006577522,-0.007635573,-0.008667034,-0.009672804,-0.01064671,-0.01159062,-0.01249656,-0.01336745,-0.01419589,-0.01498282,-0.01572174,-0.01641405,-0.01705093,-0.01763431,-0.01815645,-0.01861681,-0.01900664,-0.01932778,-0.01957139,-0.01973647,-0.01981306,-0.01980429,-0.0197026,-0.01950973,-0.01921644,-0.01882578,-0.01833215,-0.01774235,-0.01705507,-0.01627629,-0.01540563,-0.014453,-0.01342047,-0.01231826,-0.01114916,-0.009926096,-0.008653578,-0.007344692,-0.006003529,-0.004642826,-0.003267027,-0.00188877,-0.0005106127,0.0008567152,0.002211241,0.003542518,0.004852092,0.006131453,0.007381721,0.008593965,0.009768769,0.0108989,0.01198777,0.0130303,0.01402823,0.01497508,0.01587387,0.01672003,0.01751677,0.01825822,0.01894804,0.01958149
0.01433604,0.01484688,0.01531347,0.01573799,0.01611682,0.016452,0.01674031,0.01698388,0.01717942,0.01732959,0.01743101,0.01748647,0.01749308,0.01745352,0.01736523,0.01723126,0.01704902,0.01682202,0.01654794,0.01623037,0.01586745,0.01546308,0.01501554,0.01452913,0.01400246,0.01344007,0.01284085,0.01220963,0.01154556,0.01085372,0.0101335,0.009390198,0.008623369,0.007838435,0.007035004,0.00621866,0.005389213,0.004552054,0.003706837,0.002859374,0.002008951,0.001160945,0.0003152595,-0.0005234295,-0.001355664,-0.002175933,-0.002986028,-0.003780474,-0.004560255,-0.005321555,-0.006064824,-0.006785602,-0.007486147,-0.00816094,-0.008811705,-0.009434603,-0.01003005,-0.01059343,-0.01112691,-0.01162466,-0.01208707,-0.01250993,-0.01289394,-0.01323199,-0.01352423,-0.01376586,-0.01395801,-0.01409242,-0.01416859,-0.01418042,-0.01413035,-0.01401317,-0.01383047,-0.01357654,-0.01325237,-0.01285623,-0.01239186,-0.01185776,-0.01125893,-0.01059666,-0.009878185,-0.00910483,-0.00828416,-0.007418634,-0.006516919,-0.005581982,-0.004621912,-0.003639067,-0.002642239,-0.001634108,-0.0006224439,0.0003913707,0.001398212,0.002396629,0.003379484,0.004347194,0.005294678,0.006222271,0.007123466,0.007997641,0.008840684,0.009654167,0.01043361,0.01117937,0.01188728,0.01255939,0.01319148,0.01378486
0.009983637,0.01043537,0.01085824,0.01124666,0.01160415,0.01192555,0.01221428,0.01246542,0.01268275,0.01286116,0.01300487,0.01310898,0.01317762,0.01320643,0.01319959,0.01315282,0.01307086,0.01294941,0.01279346,0.01259915,0.01237154,0.01210706,0.01181114,0.01148039,0.01112047,0.01072828,0.01030976,0.009862015,0.009391204,0.008894639,0.008378665,0.007840749,0.007287374,0.00671615,0.006133719,0.005537675,0.004934545,0.004322121,0.003707031,0.003086562,0.002467529,0.001847391,0.001232098,0.0006194746,1.550874e-05,-0.0005831415,-0.001169694,-0.001747922,-0.002312171,-0.002865033,-0.003401807,-0.003925932,-0.00443127,-0.004922561,-0.005394203,-0.005849357,-0.006283698,-0.006700924,-0.007094688,-0.007469549,-0.00782044,-0.008149765,-0.008451523,-0.008730206,-0.008979798,-0.009202111,-0.009389644,-0.009546926,-0.009667853,-0.009755091,-0.009800204,-0.009805637,-0.009764611,-0.009681225,-0.009550791,-0.00937579,-0.009151127,-0.008881288,-0.008562382,-0.008198785,-0.007786933,-0.007333251,-0.006835779,-0.006301618,-0.005729185,-0.005126134,-0.004492032,-0.003835443,-0.003155479,-0.002460193,-0.001749113,-0.00103089,-0.0003031223,0.0004264953,0.001159567,0.001887604,0.002611297,0.00332314,0.004025946,0.00471395,0.005388594,0.006042788,0.006678926,0.007291613,0.007883527,0.00844817,0.008988637,0.009499539
0.007026006,0.007396752,0.007743635,0.008068723,0.008367969,0.008643313,0.00889111,0.009113411,0.00930653,0.009473031,0.009609157,0.009717617,0.009795132,0.009844282,0.009862114,0.00985157,0.009809617,0.009739636,0.009638827,0.009510614,0.009352608,0.009168469,0.008955912,0.008718914,0.00845547,0.008169734,0.007859885,0.007530311,0.007179394,0.006811706,0.006425785,0.006026359,0.005612091,0.005187779,0.004752091,0.004309945,0.003860171,0.003407483,0.002950545,0.002494439,0.002037469,0.00158432,0.001133842,0.0006900371,0.0002513782,-0.0001774315,-0.0005991107,-0.001008937,-0.001409044,-0.00179628,-0.002172238,-0.002533451,-0.002883245,-0.00321715,-0.003538359,-0.003844133,-0.004136456,-0.0044122,-0.004675329,-0.004921708,-0.005153813,-0.005369296,-0.005571193,-0.005754731,-0.005922406,-0.006071423,-0.006205183,-0.006317975,-0.006411441,-0.006481146,-0.006530594,-0.006555548,-0.006558158,-0.006533019,-0.006480959,-0.006398632,-0.00628818,-0.006145665,-0.005973383,-0.005768816,-0.005535428,-0.005270375,-0.004977125,-0.004653573,-0.004304106,-0.003927247,-0.003527318,-0.003102795,-0.002658998,-0.002195251,-0.001716736,-0.001222327,-0.0007188196,-0.0002058018,0.0003109116,0.0008327884,0.00135529,0.001879531,0.002399499,0.002915115,0.003422042,0.003921955,0.004410147,0.004887118,0.005348264,0.005795523,0.006224285,0.006635769
0.005237638,0.005517035,0.005782622,0.006028733,0.006258886,0.006467833,0.006658997,0.006827316,0.00697657,0.007101509,0.007206316,0.00728595,0.007344474,0.007377356,0.007388723,0.007374076,0.007338049,0.00727613,0.007193141,0.007084982,0.006956514,0.006803843,0.006632186,0.006437779,0.006225997,0.005993329,0.005745372,0.005478781,0.005199314,0.004903778,0.004598081,0.00427914,0.003952967,0.003616588,0.003276142,0.002928624,0.002580045,0.002227582,0.00187733,0.001525988,0.001179834,0.0008357133,0.0004991132,0.000167237,-0.0001544411,-0.0004697537,-0.0007724857,-0.001066965,-0.001347939,-0.001618681,-0.001874979,-0.002120776,-0.002350632,-0.002569935,-0.00277365,-0.002965815,-0.003142915,-0.003309517,-0.003460295,-0.003600904,-0.003727476,-0.003843846,-0.003945397,-0.004038034,-0.004117435,-0.004187322,-0.004242094,-0.004287682,-0.004319722,-0.004342627,-0.004349995,-0.004345702,-0.004324316,-0.004290607,-0.004240299,-0.004176493,-0.004093959,-0.003996679,-0.003879777,-0.00374662,-0.003592019,-0.003420397,-0.003227407,-0.003017703,-0.002787004,-0.002540251,-0.002274004,-0.001993987,-0.001696567,-0.001387277,-0.001063048,-0.0007302084,-0.0003845357,-3.187237e-05,0.0003310611,0.0006974182,0.001069314,0.001440294,0.001813954,0.002185147,0.002556153,0.002920386,0.003280674,0.003631781,0.003976725,0.004309159,0.004632329,0.004940854
0.004289572,0.004491114,0.004678379,0.004853784,0.005013313,0.005159208,0.005287788,0.005401386,0.005496241,0.005575155,0.005634275,0.005676503,0.00569844,0.005702821,0.005686535,0.005652655,0.005597939,0.00552586,0.005433385,0.005323972,0.005194956,0.005049998,0.004886482,0.004708339,0.004513189,0.004305094,0.004081815,0.003847598,0.003600367,0.003344514,0.003078083,0.002805589,0.002525173,0.002241395,0.001952386,0.001662808,0.001370943,0.001081252,0.0007918656,0.0005075952,0.0002262311,-4.775863e-05,-0.0003160704,-0.0005748786,-0.000826169,-0.001065493,-0.001295946,-0.001512967,-0.001719198,-0.001911531,-0.002091993,-0.002257349,-0.002411235,-0.002549373,-0.002675488,-0.00278699,-0.002886379,-0.002970892,-0.003045084,-0.00310529,-0.003154751,-0.003191644,-0.003219976,-0.003235893,-0.003242953,-0.003239167,-0.003229098,-0.003208503,-0.00318046,-0.003141746,-0.003096941,-0.003043012,-0.002983377,-0.00291393,-0.002836847,-0.002749287,-0.002654199,-0.002547989,-0.002433351,-0.002307373,-0.002173271,-0.002027529,-0.001872994,-0.001706373,-0.001530936,-0.00134365,-0.001147574,-0.0009394917,-0.0007231392,-0.0004959598,-0.0002616428,-1.732264e-05,0.0002319366,0.0004882219,0.0007470442,0.0010112,0.001277131,0.001547221,0.001816489,0.002086028,0.002352035,0.002617031,0.002876815,0.003132708,0.003380405,0.003622416,0.003854396,0.004078066
0.003864495,0.004002504,0.004131929,0.004247396,0.004352748,0.004442968,0.004521783,0.004584298,0.004634554,0.004667435,0.004687335,0.004689319,0.00467761,0.004647744,0.004603975,0.00454182,0.004466005,0.004371991,0.004264642,0.004139799,0.004002314,0.003848184,0.003682576,0.003501577,0.003310458,0.003105513,0.0028922,0.002666936,0.0024353,0.002193825,0.001948205,0.001695057,0.00144015,0.001180191,0.0009210589,0.0006594205,0.0004010268,0.0001427165,-0.0001096776,-0.0003597588,-0.0006015084,-0.0008383908,-0.001065105,-0.001284742,-0.00149204,-0.001691,-0.001875626,-0.002050446,-0.002210255,-0.00235858,-0.002491287,-0.002612381,-0.002716597,-0.002809432,-0.002885865,-0.002950127,-0.002998821,-0.003036636,-0.003058431,-0.00307006,-0.003067893,-0.003056157,-0.003030556,-0.002997315,-0.002952631,-0.002900943,-0.002837384,-0.002768297,-0.002690042,-0.00260786,-0.002516523,-0.002420815,-0.002316281,-0.002208408,-0.002093597,-0.00197602,-0.001851184,-0.001723749,-0.001589336,-0.001451958,-0.001306765,-0.001158341,-0.001002267,-0.0008430899,-0.0006762168,-0.0005061999,-0.000328896,-0.0001493213,3.694337e-05,0.0002251526,0.0004193767,0.0006142706,0.0008148348,0.001016176,0.001222544,0.001428165,0.00163621,0.001841077,0.002047109,0.002249841,0.002452473,0.002649122,0.002843298,0.003030262,0.003213684,0.003387725,0.00355613,0.003713924
0.003684525,0.003783759,0.003870795,0.003948519,0.004013108,0.004067244,0.004107374,0.004136252,0.004150207,0.004152417,0.00413909,0.004113461,0.004072162,0.004018215,0.0039485,0.003866349,0.003768457,0.003658519,0.003533409,0.003396749,0.003245743,0.003084181,0.002909265,0.002725007,0.00252881,0.002324778,0.002110411,0.001889956,0.001661043,0.001428028,0.001188633,0.0009473084,0.0007018496,0.0004567351,0.0002097327,-3.458952e-05,-0.0002783226,-0.0005170917,-0.0007531253,-0.000981716,-0.001205409,-0.001419791,-0.001626916,-0.001822976,-0.002010229,-0.002184295,-0.002348467,-0.002498156,-0.002636282,-0.002759596,-0.00287031,-0.002965159,-0.003047835,-0.003113946,-0.003167391,-0.003205382,-0.003230523,-0.003239943,-0.003238284,-0.003221794,-0.00319386,-0.003152522,-0.003102014,-0.003038594,-0.002966064,-0.002882404,-0.002792455,-0.002692438,-0.002585958,-0.002470104,-0.002349784,-0.002222374,-0.002091911,-0.001954952,-0.001814577,-0.001668287,-0.001519785,-0.001365976,-0.001210309,-0.00105012,-0.0008891752,-0.0007242413,-0.0005586641,-0.0003892393,-0.0002195046,-4.632789e-05,0.0001270432,0.0003040251,0.0004809787,0.0006609038,0.0008402764,0.001022451,0.001202875,0.001384278,0.001562576,0.001741134,0.001916724,0.00209243,0.002263804,0.002432718,0.002595673,0.00275583,0.002909377,0.003058347,0.003198734,0.003333635,0.003459026,0.003577198
0.003577319,0.003651137,0.003716921,0.00376956,0.003813185,0.003843013,0.003863059,0.003868619,0.003863994,0.003844244,0.003813988,0.003768441,0.003712017,0.003640378,0.003557933,0.003460283,0.003352287,0.003229454,0.003096733,0.002949989,0.002794121,0.002625099,0.002448109,0.002259177,0.002063547,0.001857416,0.001646179,0.001426124,0.001202735,0.0009723839,0.0007406424,0.0005039416,0.0002679045,2.903478e-05,-0.0002069482,-0.0004435895,-0.0006753001,-0.0009054603,-0.001128405,-0.001347926,-0.001558169,-0.001762796,-0.001956606,-0.002142877,-0.002316465,-0.002481448,-0.002631951,-0.002772594,-0.002898147,-0.003012255,-0.00311077,-0.003197646,-0.003267647,-0.003326232,-0.003368258,-0.003397946,-0.003411803,-0.003414418,-0.003400566,-0.003375988,-0.003336954,-0.003287681,-0.003223774,-0.003151318,-0.003066501,-0.002973877,-0.002868692,-0.002757136,-0.002635628,-0.002509546,-0.002374065,-0.002234211,-0.002085827,-0.001934562,-0.00177698,-0.00161777,-0.001452793,-0.001287105,-0.001116664,-0.0009460283,-0.00077076,-0.0005958243,-0.0004170855,-0.0002394357,-5.853824e-05,0.0001207892,0.0003026113,0.0004818087,0.000662738,0.0008405868,0.001019518,0.001194294,0.001369895,0.001541562,0.001713744,0.001880986,0.002046828,0.002205927,0.002362852,0.002513355,0.002661089,0.002800502,0.002935459,0.003061469,0.003182601,0.003293334,0.003397749,0.003491158
0.003440048,0.003504918,0.003557596,0.003601294,0.003632257,0.003653494,0.003661486,0.00365931,0.003643317,0.003616983,0.003576527,0.003525454,0.003460393,0.003384609,0.00329495,0.003194976,0.003081312,0.002957853,0.002821386,0.002675689,0.002517852,0.002351798,0.002174572,0.001990286,0.001796163,0.001596373,0.001388204,0.001175939,0.0009569689,0.0007356601,0.0005094726,0.0002828453,5.329333e-05,-0.0001747313,-0.0004037515,-0.000629238,-0.0008535807,-0.001072438,-0.001288326,-0.001496584,-0.00170003,-0.001894255,-0.002081606,-0.00225825,-0.002426669,-0.002582495,-0.002729184,-0.002862081,-0.002984327,-0.003092516,-0.003188994,-0.003270415,-0.003340499,-0.003394692,-0.003436985,-0.00346435,-0.00347941,-0.003479086,-0.003467993,-0.003442162,-0.003404965,-0.003354132,-0.003293901,-0.003220375,-0.003137331,-0.003042431,-0.002940457,-0.002827645,-0.002707709,-0.00257761,-0.002442178,-0.002298701,-0.002151359,-0.001996812,-0.001838526,-0.001673917,-0.001506996,-0.001334759,-0.001161043,-0.000983187,-0.0008052867,-0.0006242386,-0.000443793,-0.0002608494,-7.928859e-05,0.000103954,0.0002852489,0.0004679276,0.0006481006,0.0008288066,0.001006277,0.001183901,0.00135712,0.001528816,0.001694829,0.001858632,0.00201688,0.002172889,0.002322295,0.002467314,0.002604398,0.002736982,0.002861315,0.00297981,0.003088492,0.003190784,0.003282752,0.003367032
0.003255324,0.003313632,0.003364197,0.003402021,0.003431367,0.003447551,0.003454735,0.003448293,0.003432662,0.003402978,0.003363975,0.003310937,0.003248369,0.003171989,0.003086283,0.002986877,0.002878695,0.002757246,0.002627514,0.002485352,0.002335664,0.002174375,0.002006658,0.001828469,0.001645007,0.001452374,0.001255899,0.00105175,0.0008453206,0.0006328445,0.0004197806,0.0002024055,-1.378574e-05,-0.0002324561,-0.0004480253,-0.0006642089,-0.0008755563,-0.001085624,-0.001288891,-0.001489299,-0.001681132,-0.001868213,-0.00204543,-0.002216207,-0.002375505,-0.002527465,-0.002666314,-0.002796747,-0.002913523,-0.003020375,-0.00311315,-0.003195757,-0.00326298,-0.003320239,-0.003362283,-0.003393302,-0.003409707,-0.003415971,-0.003406768,-0.003387687,-0.003354858,-0.003312412,-0.003255792,-0.003190855,-0.003113658,-0.003028699,-0.002931158,-0.002826933,-0.002712282,-0.002592477,-0.00246277,-0.002328137,-0.002184401,-0.002037082,-0.001882606,-0.001725783,-0.001562495,-0.001397852,-0.001227837,-0.001057201,-0.0008816346,-0.0007062259,-0.0005269228,-0.0003487703,-0.0001675579,1.173531e-05,0.0001931143,0.0003713578,0.0005507179,0.0007262486,0.0009020685,0.001072895,0.001243543,0.001409186,0.001574247,0.001733331,0.001890077,0.002039155,0.002185115,0.002323689,0.00245869,0.002584656,0.00270555,0.002816914,0.002922972,0.003018304,0.003107115,0.003184813
0.003025788,0.003084421,0.003131544,0.003170558,0.003197666,0.003216072,0.003222188,0.003219292,0.003203663,0.00317896,0.003141325,0.003094432,0.003034824,0.002965917,0.002884457,0.002794147,0.002691478,0.002580475,0.002457784,0.002327277,0.002185885,0.002037612,0.001879316,0.001715165,0.001542179,0.001364563,0.001179383,0.0009909321,0.0007963604,0.0006000312,0.0003991474,0.00019813,-5.773581e-06,-0.0002081386,-0.0004117618,-0.0006121481,-0.0008119663,-0.001006902,-0.001199739,-0.001385855,-0.001568321,-0.001742733,-0.001911705,-0.002071385,-0.002224465,-0.002366592,-0.002501386,-0.002624135,-0.002738192,-0.002840027,-0.002932128,-0.003011075,-0.003080651,-0.003136165,-0.00318171,-0.003214059,-0.003235878,-0.0032439,-0.003242739,-0.003228229,-0.003203735,-0.003166702,-0.003121354,-0.00306362,-0.002997227,-0.002919509,-0.002835147,-0.002740273,-0.002638615,-0.002526901,-0.002409805,-0.00228438,-0.002154788,-0.00201758,-0.001876372,-0.001728326,-0.001577526,-0.00142083,-0.001262211,-0.001098813,-0.0009348265,-0.0007670543,-0.0005994221,-0.0004287416,-0.000259051,-8.720013e-05,8.296258e-05,0.0002548016,0.0004242671,0.0005944893,0.0007615085,0.000928767,0.001091659,0.001253186,0.001409066,0.001562823,0.001710931,0.001856834,0.001996128,0.002131243,0.002258476,0.002381406,0.002496209,0.002605523,0.002705284,0.002799092,0.002882968,0.002959751
0.002787023,0.002841657,0.002889716,0.002926247,0.00295556,0.002973003,0.002982797,0.002980334,0.002970097,0.002947238,0.002916525,0.002873246,0.002821927,0.002758281,0.0026868,0.002603084,0.002512053,0.002409173,0.002299401,0.002178539,0.002051442,0.001913958,0.001771198,0.001619027,0.001462559,0.001297784,0.00112993,0.0009550402,0.0007783902,0.000596073,0.0004134173,0.0002265483,4.082077e-05,-0.0001475868,-0.000333241,-0.0005200164,-0.0007026062,-0.0008847301,-0.001061012,-0.001235534,-0.001402719,-0.001566541,-0.001721984,-0.001872608,-0.002013487,-0.00214883,-0.002272972,-0.002390687,-0.002496752,-0.002594989,-0.002681266,-0.002759481,-0.002824455,-0.002881592,-0.002925593,-0.002960631,-0.002983064,-0.002997293,-0.002997931,-0.002990456,-0.002970899,-0.00294333,-0.002903073,-0.002855798,-0.00279745,-0.002732466,-0.00265596,-0.00257357,-0.002481392,-0.00238456,-0.002278329,-0.002167574,-0.002048028,-0.001925031,-0.001794808,-0.001662154,-0.001522863,-0.001381968,-0.001235355,-0.001087793,-0.0009349483,-0.0007818771,-0.0006244709,-0.0004677646,-0.0003075308,-0.0001487561,1.26178e-05,0.0001713952,0.0003318324,0.0004889652,0.0006469404,0.0008005062,0.0009543943,0.001103764,0.001253039,0.001396893,0.00153905,0.001674197,0.001806862,0.001932745,0.002055762,0.002170502,0.002280972,0.002382707,0.002480009,0.002567508,0.002649453,0.002721289
0.002552713,0.002606853,0.002650851,0.002688259,0.002715206,0.002735046,0.002744095,0.002745783,0.002736285,0.002719396,0.002691149,0.002655338,0.002608391,0.002553826,0.002488256,0.002415483,0.002331842,0.00224144,0.002140759,0.002033727,0.001917095,0.001794914,0.00166384,0.001528066,0.001384399,0.001237055,0.001082868,0.0009261277,0.0007637385,0.0006000466,0.0004320005,0.0002639936,9.301153e-05,-7.655443e-05,-0.0002477655,-0.0004161647,-0.0005846886,-0.000749053,-0.0009122993,-0.001069844,-0.001225002,-0.001373378,-0.001517843,-0.001654536,-0.00178636,-0.001908974,-0.002026173,-0.002133206,-0.002233635,-0.002323834,-0.002406449,-0.002478007,-0.00254238,-0.002594777,-0.002639411,-0.002672903,-0.002697999,-0.002711283,-0.002717407,-0.002712056,-0.002698632,-0.002674347,-0.002643452,-0.002601732,-0.002552911,-0.002494053,-0.002429778,-0.002356115,-0.002276818,-0.002188404,-0.002095437,-0.001994732,-0.001890436,-0.001778949,-0.001663987,-0.001542446,-0.001418433,-0.001288618,-0.001157033,-0.001020579,-0.0008834669,-0.0007423253,-0.0006011536,-0.0004565917,-0.0003127374,-0.0001662693,-2.114107e-05,0.0001261408,0.0002714547,0.0004180964,0.0005620107,0.0007067623,0.0008477502,0.0009881451,0.001123604,0.001257753,0.001386941,0.001514763,0.001636795,0.001755677,0.001867585,0.001976239,0.002077747,0.002174952,0.002263699,0.002347742,0.002423047,0.002492618
0.002346403,0.002394601,0.002437738,0.002470907,0.002498448,0.002515737,0.002527035,0.002527744,0.002522374,0.002506084,0.002483652,0.002450366,0.002410743,0.002360488,0.002304073,0.002237065,0.00216436,0.002081376,0.001993017,0.001895033,0.00179221,0.00168032,0.001564395,0.00144021,0.001312781,0.00117799,0.001040956,0.0008976037,0.0007530844,0.0006033621,0.0004536303,0.0002998769,0.0001473147,-8.021041e-06,-0.0001608436,-0.0003151698,-0.0004658368,-0.0006167088,-0.0007625548,-0.0009075825,-0.001046355,-0.001182978,-0.00131254,-0.001438724,-0.001556722,-0.001670807,-0.00177543,-0.00187544,-0.001965656,-0.002049983,-0.002124334,-0.002192611,-0.002249694,-0.002300986,-0.002341179,-0.002374448,-0.002397132,-0.002413593,-0.002418427,-0.002417034,-0.002405393,-0.002387542,-0.002358736,-0.002324508,-0.002280738,-0.002231822,-0.002172846,-0.00210925,-0.002037013,-0.001961162,-0.00187696,-0.001789196,-0.001693536,-0.001595168,-0.001490156,-0.001383251,-0.001270167,-0.001155844,-0.001036072,-0.0009155848,-0.0007900032,-0.000664309,-0.0005343134,-0.0004049878,-0.0002720503,-0.000140435,-5.997392e-06,0.0001261524,0.0002603177,0.0003915807,0.0005241584,0.0006528791,0.0007824574,0.00090809,0.001034244,0.00115569,0.001276252,0.001390685,0.001503529,0.001610492,0.001715589,0.001813485,0.001908247,0.001995426,0.002079395,0.002154849,0.002226079,0.002288572
0.002161471,0.002207579,0.002244979,0.002277367,0.002300804,0.00231879,0.002327554,0.002330666,0.002324208,0.0023121,0.002290271,0.002262628,0.002225486,0.002182459,0.002130034,0.002072101,0.002004849,0.001932456,0.00185125,0.001765209,0.001670914,0.001572458,0.001466307,0.001356677,0.001240177,0.001121033,0.000995864,0.0008689564,0.0007369894,0.0006042962,0.0004675903,0.0003312439,0.000192002,5.422952e-05,-8.537759e-05,-0.0002223918,-0.0003599958,-0.0004939288,-0.000627469,-0.0007560631,-0.000883252,-0.001004647,-0.001123357,-0.001235511,-0.00134421,-0.001445124,-0.001542219,-0.001630712,-0.001714361,-0.001789465,-0.001858828,-0.00191893,-0.00197375,-0.002018418,-0.002057271,-0.002086811,-0.002109882,-0.002122947,-0.002130722,-0.002128775,-0.002120572,-0.00210314,-0.00208078,-0.002049163,-0.002012049,-0.001966282,-0.00191647,-0.001858546,-0.001796319,-0.001726133,-0.001652498,-0.001572029,-0.001488881,-0.001399317,-0.001307153,-0.001209055,-0.001109166,-0.001003981,-0.000897586,-0.0007866632,-0.0006754422,-0.0005603769,-0.0004455221,-0.0003273416,-0.0002099743,-8.99192e-05,2.87997e-05,0.0001498283,0.0002689989,0.0003897854,0.000508076,0.0006275788,0.0007437128,0.0008598313,0.0009715632,0.001082664,0.001189393,0.001295512,0.001396595,0.001495496,0.001588302,0.001678887,0.001763312,0.001844622,0.001918596,0.001989145,0.002052191,0.002110906
0.002004118,0.002043412,0.00207903,0.002106122,0.002129057,0.002143248,0.002152988,0.002153706,0.00214993,0.002136838,0.002119213,0.002092356,0.002060771,0.002020165,0.001974988,0.001920789,0.001862436,0.001795314,0.001724275,0.00164503,0.0015623,0.001471799,0.00137848,0.00127805,0.00117543,0.001066421,0.0009560357,0.0008401041,0.0007236621,0.0006025705,0.000481897,0.0003575192,0.0002345181,0.0001088135,-1.444332e-05,-0.0001393845,-0.0002609802,-0.0003832121,-0.0005009843,-0.0006186054,-0.0007307694,-0.0008416892,-0.0009465566,-0.001049154,-0.001144784,-0.001237778,-0.001322693,-0.001404443,-0.001477899,-0.001547034,-0.001607816,-0.001664154,-0.00171099,-0.001753732,-0.001787086,-0.001815229,-0.001834502,-0.001849244,-0.001854054,-0.001854274,-0.001845862,-0.001832832,-0.001810407,-0.001784012,-0.001749494,-0.00171122,-0.001664273,-0.001613939,-0.001556123,-0.001495768,-0.001428155,-0.001358006,-0.00128095,-0.001202057,-0.001117274,-0.001031313,-0.0009398308,-0.0008476927,-0.0007506128,-0.000653289,-0.0005513077,-0.0004495795,-0.0003438535,-0.0002390334,-0.0001307917,-2.400136e-05,8.555421e-05,0.0001928567,0.0003022548,0.0004088922,0.0005170511,0.0006216498,0.0007274026,0.0008295606,0.0009326381,0.001031506,0.001130081,0.001223202,0.001315432,0.001402511,0.001488541,0.00156828,0.001645847,0.001716834,0.00178568,0.001847157,0.001905594,0.001956537
0.001856716,0.001893831,0.001923472,0.001949473,0.001967837,0.001982203,0.00198872,0.001991094,0.001985322,0.001975446,0.001957302,0.001934904,0.001904465,0.001869697,0.001826969,0.001780259,0.001725626,0.001667319,0.001601529,0.001532285,0.001456017,0.001376862,0.001291119,0.001203034,0.001109037,0.001013374,0.0009124712,0.0008106246,0.0007043122,0.0005978662,0.0004877916,0.0003784527,0.000266381,0.0001559289,4.35771e-05,-6.626223e-05,-0.0001769901,-0.0002843561,-0.0003918494,-0.0004949328,-0.0005973502,-0.0006947097,-0.0007903313,-0.0008803284,-0.0009679837,-0.001048968,-0.001127403,-0.001198474,-0.001266116,-0.001326562,-0.001382764,-0.001431154,-0.001475821,-0.001511822,-0.001543616,-0.0015676,-0.001586721,-0.001597335,-0.00160423,-0.001602874,-0.001596808,-0.001582899,-0.00156551,-0.001540215,-0.001510821,-0.001473993,-0.001434349,-0.001387732,-0.001338017,-0.001281403,-0.001222379,-0.001157387,-0.001090615,-0.001018197,-0.0009440467,-0.0008646398,-0.0007841641,-0.0006989599,-0.0006131729,-0.0005232982,-0.0004335951,-0.0003403608,-0.0002477061,-0.0001519362,-5.72341e-05,4.006424e-05,0.0001358711,0.0002339762,0.0003301668,0.0004280809,0.000523556,0.0006204387,0.0007141564,0.0008082339,0.0008982756,0.0009881662,0.001074089,0.001159966,0.001241363,0.001321336,0.001395897,0.001469068,0.001536871,0.001602537,0.001661793,0.001718698,0.001769134,0.001816436
0.001721743,0.001752393,0.001780542,0.001801399,0.00181935,0.001829856,0.001837231,0.001836935,0.001833507,0.001822157,0.001807659,0.001785339,0.001759684,0.001726411,0.001689947,0.001645834,0.001598908,0.001544537,0.001487522,0.00142355,0.001357278,0.00128438,0.001209736,0.001129003,0.001047016,0.0009595139,0.0008714104,0.0007784674,0.0006856137,0.0005886322,0.0004924758,0.0003929385,0.0002949813,0.0001944359,9.63302e-05,-3.555577e-06,-0.0001003129,-0.0001980133,-0.0002916836,-0.0003857093,-0.0004749036,-0.0005635616,-0.0006469717,-0.000728991,-0.0008050278,-0.000879452,-0.0009469245,-0.001012401,-0.001070814,-0.001126181,-0.00117453,-0.001219772,-0.001256913,-0.001291354,-0.001317832,-0.001340518,-0.001355767,-0.001367893,-0.001371513,-0.001371916,-0.001365053,-0.001354915,-0.001336711,-0.001315775,-0.001287937,-0.001257533,-0.001219653,-0.001179461,-0.001132811,-0.001084569,-0.001030038,-0.0009738835,-0.0009117109,-0.0008484897,-0.0007800899,-0.0007111746,-0.0006373693,-0.0005634665,-0.000485132,-0.0004070202,-0.0003246988,-0.0002430106,-0.0001576631,-7.349399e-05,1.385399e-05,9.95694e-05,0.0001879193,0.0002739723,0.000362109,0.0004475361,0.0005345836,0.000618256,0.000703266,0.0007849226,0.0008677736,0.0009467845,0.001025944,0.001100175,0.001174059,0.001243373,0.001312291,0.001375656,0.001437634,0.001493861,0.001548828,0.001597385,0.00164389,0.00168395
0.001582304,0.001611381,0.001634044,0.001654253,0.001667953,0.001678912,0.001683202,0.001684657,0.001679192,0.00167096,0.001655711,0.00163756,0.001612626,0.001584707,0.001550068,0.001512769,0.001468749,0.001422327,0.001369565,0.001314548,0.001253563,0.001190799,0.001122399,0.001052644,0.0009778027,0.000902146,0.0008219295,0.000741463,0.000657046,0.000573018,0.0004856983,0.0003994531,0.0003106238,0.0002235612,0.0001345548,4.801219e-05,-3.966113e-05,-0.0001242152,-0.0002093264,-0.0002904625,-0.0003715485,-0.0004481815,-0.0005238687,-0.0005947031,-0.0006641301,-0.0007278111,-0.0007900124,-0.0008458846,-0.0008995209,-0.0009470918,-0.0009916838,-0.001029681,-0.001065278,-0.001093463,-0.001118806,-0.001137611,-0.001152923,-0.001161001,-0.001166703,-0.001165408,-0.001160728,-0.001149394,-0.00113583,-0.001115516,-0.001092315,-0.001062734,-0.001031411,-0.0009941015,-0.0009547445,-0.0009094085,-0.0008625829,-0.0008105543,-0.0007575477,-0.0006995774,-0.0006406431,-0.0005770552,-0.0005130477,-0.0004448211,-0.0003765782,-0.0003046497,-0.0002333296,-0.000158772,-8.514186e-05,-8.600384e-06,6.662424e-05,0.0001443434,0.0002204105,0.0002987486,0.0003750992,0.0004532481,0.0005289845,0.0006062834,0.0006805681,0.0007555188,0.0008267122,0.0008981556,0.0009659632,0.001034201,0.001098423,0.001161861,0.001220461,0.001278382,0.001331605,0.001383529,0.001429829,0.001474703,0.001513991,0.001551175
0.001444408,0.001467617,0.001489356,0.001504895,0.001518626,0.001526058,0.001531512,0.001530488,0.001527521,0.001517854,0.001506249,0.001488058,0.001467742,0.001441037,0.001412336,0.001377187,0.001340384,0.001297292,0.001252653,0.001202143,0.001150354,0.001092932,0.001034684,0.0009712325,0.000907326,0.0008386597,0.0007700523,0.0006972152,0.0006249743,0.0005490551,0.0004743011,0.0003964441,0.0003203315,0.0002417293,0.0001655493,8.750588e-05,1.239353e-05,-6.392648e-05,-0.0001365963,-0.0002100578,-0.0002792365,-0.0003484876,-0.0004131938,-0.0004772663,-0.0005362127,-0.0005944294,-0.000646674,-0.0006979306,-0.0007431944,-0.0007865138,-0.0008239761,-0.0008594883,-0.0008881197,-0.0009152596,-0.0009356797,-0.00095354,-0.0009652168,-0.0009749942,-0.0009775189,-0.0009780227,-0.0009724622,-0.0009648009,-0.0009502457,-0.0009340454,-0.0009120267,-0.0008884859,-0.0008585282,-0.0008272069,-0.0007903432,-0.0007527302,-0.0007096929,-0.0006658323,-0.0006167452,-0.0005673076,-0.0005133349,-0.0004594347,-0.0004012126,-0.0003433875,-0.0002815929,-0.0002204308,-0.0001554586,-9.144901e-05,-2.40824e-05,4.1873e-05,0.0001107925,0.0001779303,0.000247587,0.0003149174,0.0003843216,0.0004510735,0.000519535,0.0005847954,0.0006515622,0.0007152061,0.0007802957,0.0008418866,0.0009040166,0.0009616941,0.001019509,0.001073287,0.001127244,0.001176313,0.001224689,0.001268059,0.001310946,0.001348278,0.001384431,0.001415073
0.001294926,0.001317119,0.001333855,0.00134921,0.001359071,0.001367321,0.001369962,0.001370939,0.001366091,0.00135967,0.001347347,0.001333324,0.001313632,0.00129215,0.001265042,0.001236444,0.001202183,0.00116664,0.001125758,0.001083675,0.001036547,0.0009886072,0.0009358598,0.0008826177,0.0008250033,0.0007673114,0.0007056422,0.0006443223,0.0005794886,0.0005154914,0.0004484821,0.0003828327,0.0003147135,0.0002484779,0.0001802435,0.0001144189,4.723528e-05,-1.705273e-05,-8.229045e-05,-0.0001439442,-0.0002061028,-0.000264349,-0.0003223579,-0.0003761999,-0.0004294691,-0.0004778119,-0.0005256282,-0.0005680328,-0.000609262,-0.0006454288,-0.0006797446,-0.0007085439,-0.0007361219,-0.0007574027,-0.0007770582,-0.0007913089,-0.0008032921,-0.0008091756,-0.0008138889,-0.0008127242,-0.0008093672,-0.0008004216,-0.0007903745,-0.0007746153,-0.0007570616,-0.0007340793,-0.0007103352,-0.0006814948,-0.0006515561,-0.0006164671,-0.0005807275,-0.0005404836,-0.0004999969,-0.000455166,-0.0004100643,-0.000360853,-0.0003118095,-0.0002590037,-0.000206689,-0.0001510477,-9.640746e-05,-3.878912e-05,1.759461e-05,7.671629e-05,0.000134306,0.0001943114,0.0002525342,0.000313024,0.0003714794,0.0004318222,0.0004897978,0.0005495018,0.0006063466,0.000664154,0.0007184726,0.0007734266,0.0008250679,0.0008775959,0.0009265447,0.0009753057,0.001019766,0.001064208,0.001104573,0.00114441,0.001179345,0.001213701,0.001243278,0.001271691
0.001143423,0.001160175,0.001176403,0.001187443,0.001197677,0.001202669,0.001206731,0.00120541,0.001203222,0.001195453,0.001186836,0.001172757,0.001157642,0.001137252,0.001115936,0.001089255,0.001061955,0.001029404,0.0009962821,0.0009582615,0.000919863,0.00087672,0.000833559,0.0007859818,0.0007386482,0.0006872234,0.0006364298,0.000581943,0.0005284863,0.0004717438,0.0004164508,0.0003582933,0.0003020075,0.0002433106,0.000187001,0.0001287447,7.322426e-05,1.625178e-05,-3.742738e-05,-9.229552e-05,-0.000143388,-0.0001951026,-0.0002429172,-0.0002907804,-0.0003342976,-0.0003778811,-0.000416383,-0.0004548034,-0.0004882058,-0.0005206543,-0.0005483004,-0.0005750408,-0.0005960095,-0.0006165765,-0.0006315584,-0.0006450941,-0.0006535907,-0.0006612987,-0.0006628991,-0.0006635679,-0.0006592775,-0.0006539543,-0.0006428154,-0.0006310292,-0.0006144278,-0.0005972607,-0.0005746516,-0.0005515533,-0.0005237695,-0.000496018,-0.0004636444,-0.0004311823,-0.0003942267,-0.0003575625,-0.0003169697,-0.0002769912,-0.0002332218,-0.0001903027,-0.0001438476,-9.839488e-05,-4.949839e-05,-1.854903e-06,4.887157e-05,9.798836e-05,0.0001498805,0.0001998745,0.0002522921,0.000302376,0.0003545376,0.0004041233,0.0004555158,0.0005038898,0.0005539461,0.0006011233,0.0006500012,0.0006957243,0.0007423624,0.0007850102,0.0008282596,0.0008679921,0.0009084512,0.0009446563,0.0009808183,0.001012684,0.001044793,0.001072152,0.00109914,0.001121491
0.00097917,0.000995261,0.001006791,0.001017943,0.001024546,0.00103059,0.00103201,0.001032849,0.001028877,0.001024435,0.001015115,0.001005203,0.0009906421,0.0009753875,0.0009555075,0.0009352037,0.0009102002,0.0008849343,0.0008552385,0.0008252947,0.0007911416,0.0007570498,0.0007188952,0.00068102,0.0006394109,0.0005983856,0.0005539006,0.0005102984,0.000463567,0.0004180673,0.0003697967,0.0003231341,0.0002740928,0.0002270307,0.0001779077,0.0001311354,8.278612e-05,3.712012e-05,-9.862268e-06,-5.362367e-05,-9.840288e-05,-0.0001397683,-0.0001815476,-0.0002197895,-0.0002582254,-0.0002924845,-0.0003270911,-0.0003571273,-0.0003869584,-0.0004126469,-0.0004375194,-0.0004578631,-0.0004780687,-0.0004930021,-0.000507429,-0.0005174947,-0.0005264231,-0.0005302997,-0.0005341217,-0.0005331021,-0.0005309938,-0.0005242904,-0.0005175368,-0.0005060361,-0.0004937582,-0.000476945,-0.0004602939,-0.0004393808,-0.0004182576,-0.0003927595,-0.0003674034,-0.0003382073,-0.0003094678,-0.0002769717,-0.0002448534,-0.0002091392,-0.0001741445,-0.0001358167,-9.845224e-05,-5.809843e-05,-1.911355e-05,2.260699e-05,6.28098e-05,0.0001055931,0.0001466505,0.0001900573,0.0002315717,0.0002753637,0.0003170943,0.0003608119,0.0004022247,0.0004455431,0.0004861653,0.0005280433,0.0005666996,0.0006063705,0.0006430559,0.0006810784,0.0007159497,0.0007512043,0.0007826778,0.0008147702,0.000843383,0.0008722014,0.0008968062,0.0009216367,0.0009424507,0.0009629845
0.0008135024,0.0008244088,0.0008356824,0.0008427256,0.0008499046,0.0008528409,0.0008558273,0.0008544604,0.0008532297,0.0008474665,0.0008418688,0.0008318604,0.0008218233,0.0008075492,0.0007933375,0.0007747684,0.0007565306,0.0007340036,0.0007117986,0.0006855949,0.000659836,0.0006301513,0.000601183,0.0005685225,0.0005367371,0.0005014738,0.000467356,0.0004300356,0.0003941316,0.000355299,0.0003181642,0.000278381,0.0002405735,0.0002004241,0.0001626175,0.0001227852,8.549736e-05,4.653118e-05,1.05196e-05,-2.704781e-05,-6.131602e-05,-9.67115e-05,-0.0001288105,-0.0001615852,-0.00019074,-0.0002206944,-0.0002463953,-0.0002728483,-0.0002951918,-0.0003174933,-0.0003359742,-0.0003545143,-0.000368316,-0.0003827239,-0.0003926071,-0.0004020758,-0.0004075774,-0.0004133235,-0.0004140357,-0.0004148326,-0.0004117126,-0.0004085564,-0.000400602,-0.0003929401,-0.0003814174,-0.000370227,-0.0003545161,-0.0003391439,-0.0003199108,-0.0003014551,-0.000279144,-0.0002574387,-0.0002319381,-0.0002073378,-0.0001793981,-0.0001525892,-0.0001225031,-9.369823e-05,-6.177948e-05,-3.1212e-05,2.448611e-06,3.458749e-05,6.954764e-05,0.0001027183,0.0001384877,0.0001722624,0.0002083744,0.0002421553,0.0002780211,0.0003113994,0.000346681,0.0003791313,0.0004134404,0.0004451247,0.0004787646,0.0005095972,0.0005417107,0.0005702868,0.0005999116,0.000626534,0.0006544116,0.0006786517,0.0007034688,0.000724678,0.0007468225,0.00076499,0.0007835547,0.0007983199
0.0006366009,0.0006470603,0.0006538153,0.000661144,0.0006648271,0.0006689469,0.000669378,0.000670253,0.0006672752,0.0006648669,0.0006585495,0.0006526804,0.000643125,0.0006339031,0.0006209951,0.0006086619,0.0005925296,0.0005770863,0.0005580616,0.0005396777,0.0005178618,0.0004969184,0.0004726038,0.0004492858,0.0004228248,0.0003975579,0.0003693095,0.0003424348,0.0003127841,0.0002847264,0.0002541178,0.0002253417,0.0001942673,0.0001652553,0.0001341202,0.0001052756,7.464783e-05,4.65011e-05,1.669333e-05,-1.023479e-05,-3.866052e-05,-6.414083e-05,-9.064202e-05,-0.0001141952,-0.0001386588,-0.0001596454,-0.0001817961,-0.0002001636,-0.0002192314,-0.0002350186,-0.000250958,-0.0002632935,-0.0002765065,-0.0002854099,-0.0002948561,-0.0003009234,-0.0003069169,-0.0003088475,-0.000311777,-0.0003108441,-0.0003098646,-0.0003052348,-0.0003015545,-0.0002940437,-0.000286721,-0.0002757174,-0.0002657635,-0.0002523476,-0.0002395689,-0.0002231558,-0.0002076468,-0.0001889446,-0.0001713759,-0.0001506228,-0.0001308659,-0.0001080115,-8.64064e-05,-6.188275e-05,-3.877355e-05,-1.30028e-05,1.104479e-05,3.759069e-05,6.234835e-05,8.953317e-05,0.0001148098,0.0001423727,0.0001679453,0.0001958079,0.000221593,0.0002494688,0.0002751091,0.0003028379,0.0003280342,0.000354775,0.000378553,0.0004037178,0.0004262291,0.0004505207,0.0004720804,0.0004945718,0.0005137913,0.0005342477,0.0005518062,0.0005702751,0.0005851956,0.0006011137,0.00061375,0.0006269508
0.0004604491,0.0004658757,0.0004725223,0.0004758628,0.0004802372,0.0004813305,0.0004834067,0.0004821186,0.0004819194,0.0004781919,0.0004755901,0.0004695823,0.0004644995,0.00045617,0.0004488346,0.0004381018,0.0004285927,0.0004157091,0.0004039868,0.0003891192,0.0003754671,0.0003586648,0.0003432648,0.0003248577,0.0003079132,0.0002880703,0.0002698501,0.0002488907,0.000229703,0.0002079242,0.0001880689,0.0001657694,0.0001455353,0.0001230262,0.0001028102,8.049578e-05,6.053804e-05,3.869119e-05,1.947352e-05,-1.643397e-06,-1.991613e-05,-3.978826e-05,-5.693899e-05,-7.535304e-05,-9.083619e-05,-0.0001078077,-0.0001213116,-0.0001363496,-0.0001481424,-0.0001607501,-0.0001704697,-0.0001811585,-0.0001880913,-0.0001965815,-0.0002015576,-0.0002070941,-0.0002096879,-0.0002135053,-0.0002133146,-0.0002141749,-0.0002121194,-0.0002109747,-0.0002060088,-0.000202236,-0.0001955257,-0.0001900056,-0.0001808499,-0.0001728293,-0.0001617536,-0.0001521769,-0.0001394891,-0.000128073,-0.0001135374,-0.0001004885,-8.468077e-05,-7.050468e-05,-5.355652e-05,-3.830637e-05,-2.036113e-05,-4.103255e-06,1.490468e-05,3.213574e-05,5.193104e-05,6.976817e-05,9.003212e-05,0.0001082178,0.000128657,0.0001467712,0.0001669753,0.0001847866,0.0002045922,0.0002217539,0.0002409472,0.0002577771,0.0002768137,0.0002933925,0.0003116077,0.0003267295,0.0003433317,0.000357442,0.0003733211,0.0003861664,0.0004001846,0.0004112695,0.000423956,0.0004334166,0.0004440117,0.0004516205
0.0002754797,0.0002805808,0.0002828093,0.0002865324,0.0002874842,0.0002898327,0.0002893984,0.0002903937,0.0002884624,0.0002880993,0.0002847605,0.0002828686,0.0002782167,0.0002748824,0.0002687651,0.0002641769,0.0002566537,0.0002507276,0.0002420328,0.000234826,0.0002249312,0.0002166803,0.000205719,0.0001964356,0.000184573,0.0001744828,0.0001618667,0.0001510885,0.0001378704,0.0001265855,0.0001129588,0.0001013744,8.756769e-05,7.589875e-05,6.204698e-05,5.042442e-05,3.682235e-05,2.550521e-05,1.219828e-05,1.443131e-06,-1.126652e-05,-2.148065e-05,-3.329284e-05,-4.272175e-05,-5.374431e-05,-6.195858e-05,-7.211573e-05,-7.924426e-05,-8.793508e-05,-9.417237e-05,-0.0001014865,-0.0001060825,-0.0001125277,-0.0001155876,-0.0001201943,-0.0001223673,-0.0001254856,-0.0001254937,-0.0001275143,-0.0001266165,-0.0001266731,-0.0001239955,-0.0001232333,-0.0001195269,-0.0001169382,-0.0001115008,-0.0001079782,-0.0001017725,-9.702249e-05,-8.935652e-05,-8.333652e-05,-7.476091e-05,-6.798276e-05,-5.858406e-05,-5.077956e-05,-4.03668e-05,-3.171806e-05,-2.055797e-05,-1.124802e-05,4.000015e-07,9.979047e-06,2.181971e-05,3.160955e-05,4.367355e-05,5.365342e-05,6.585513e-05,7.597503e-05,8.839791e-05,9.87338e-05,0.0001112634,0.0001216325,0.0001342743,0.0001445486,0.0001566474,0.0001660375,0.0001771776,0.0001859983,0.0001970377,0.0002057599,0.0002159442,0.0002233578,0.0002326124,0.0002395419,0.0002480652,0.0002536906,0.0002610635,0.0002658718,0.000272062
9.389324e-05,9.403592e-05,9.62285e-05,9.602113e-05,9.772037e-05,9.708099e-05,9.832897e-05,9.718048e-05,9.804416e-05,9.636045e-05,9.673188e-05,9.467792e-05,9.447097e-05,9.198298e-05,9.138823e-05,8.833106e-05,8.735804e-05,8.390026e-05,8.241189e-05,7.860785e-05,7.676004e-05,7.251577e-05,7.033208e-05,6.58065e-05,6.330567e-05,5.846969e-05,5.571155e-05,5.066473e-05,4.772697e-05,4.25265e-05,3.946141e-05,3.415214e-05,3.098906e-05,2.561808e-05,2.248685e-05,1.718983e-05,1.406236e-05,8.845413e-06,5.938548e-06,8.035711e-07,-1.93172e-06,-6.718163e-06,-9.344506e-06,-1.379794e-05,-1.599001e-05,-2.033376e-05,-2.197337e-05,-2.589892e-05,-2.742106e-05,-3.058236e-05,-3.176242e-05,-3.479027e-05,-3.501718e-05,-3.771995e-05,-3.789333e-05,-3.956863e-05,-3.930078e-05,-4.120424e-05,-4.009945e-05,-4.098309e-05,-3.993156e-05,-4.07077e-05,-3.861732e-05,-3.859799e-05,-3.655011e-05,-3.652593e-05,-3.372976e-05,-3.284564e-05,-2.970405e-05,-2.877054e-05,-2.545884e-05,-2.406554e-05,-2.021571e-05,-1.842322e-05,-1.445144e-05,-1.260154e-05,-8.482001e-06,-6.468784e-06,-2.180171e-06,9.361219e-08,4.777392e-06,7.438845e-06,1.240877e-05,1.525991e-05,2.036723e-05,2.332133e-05,2.844434e-05,3.125228e-05,3.615099e-05,3.875506e-05,4.343925e-05,4.566559e-05,5.009281e-05,5.242305e-05,5.721051e-05,5.989178e-05,6.455459e-05,6.656226e-05,7.047152e-05,7.240051e-05,7.660133e-05,7.83647e-05,8.188088e-05,8.313203e-05,8.663566e-05,8.765272e-05,9.05227e-05,9.120788e-05
-9.382018e-05,-9.396264e-05,-9.615503e-05,-9.594753e-05,-9.764665e-05,-9.700724e-05,-9.825519e-05,-9.710675e-05,-9.797049e-05,-9.628691e-05,-9.665848e-05,-9.460474e-05,-9.439804e-05,-9.191035e-05,-9.131592e-05,-8.825914e-05,-8.728653e-05,-8.382921e-05,-8.234132e-05,-7.853781e-05,-7.669054e-05,-7.244688e-05,-7.026379e-05,-6.573887e-05,-6.323871e-05,-5.840342e-05,-5.564599e-05,-5.059992e-05,-4.766288e-05,-4.246318e-05,-3.939885e-05,-3.409038e-05,-3.092805e-05,-2.555787e-05,-2.24274e-05,-1.713117e-05,-1.400445e-05,-8.78827e-06,-5.882134e-06,-7.478919e-07,1.986705e-06,6.772454e-06,9.398148e-06,1.385094e-05,1.604241e-05,2.038558e-05,2.202466e-05,2.594969e-05,2.747137e-05,3.063223e-05,3.181191e-05,3.48394e-05,3.506601e-05,3.776849e-05,3.794166e-05,3.961677e-05,3.934879e-05,4.125215e-05,4.014732e-05,4.103093e-05,3.997946e-05,4.075567e-05,3.866542e-05,3.864625e-05,3.659859e-05,3.657465e-05,3.377877e-05,3.289497e-05,2.975376e-05,2.882063e-05,2.550937e-05,2.411653e-05,2.026721e-05,1.847524e-05,1.450402e-05,1.265469e-05,8.535768e-06,6.523165e-06,2.235209e-06,-3.792236e-08,-4.721011e-06,-7.381783e-06,-1.235099e-05,-1.520143e-05,-2.030802e-05,-2.326141e-05,-2.838367e-05,-3.11909e-05,-3.608887e-05,-3.869223e-05,-4.337568e-05,-4.560133e-05,-5.002785e-05,-5.235741e-05,-5.714418e-05,-5.982482e-05,-6.448697e-05,-6.649404e-05,-7.04027e-05,-7.233113e-05,-7.65314e-05,-7.829427e-05,-8.180996e-05,-8.306067e-05,-8.656389e-05,-8.758058e-05,-9.045019e-05,-9.113509e-05
-0.0002754066,-0.0002805075,-0.0002827357,-0.0002864587,-0.0002874105,-0.0002897589,-0.0002893245,-0.0002903198,-0.0002883887,-0.0002880257,-0.000284687,-0.0002827954,-0.0002781437,-0.0002748097,-0.0002686927,-0.0002641049,-0.0002565821,-0.0002506565,-0.0002419621,-0.0002347559,-0.0002248616,-0.0002166113,-0.0002056507,-0.0001963679,-0.000184506,-0.0001744166,-0.0001618012,-0.0001510237,-0.0001378063,-0.0001265222,-0.0001128962,-0.0001013126,-8.750671e-05,-7.583857e-05,-6.198757e-05,-5.036579e-05,-3.676449e-05,-2.544812e-05,-1.214192e-05,-1.387509e-06,1.132145e-05,2.153488e-05,3.334642e-05,4.277467e-05,5.379664e-05,6.201032e-05,7.216695e-05,7.929494e-05,8.79853e-05,9.422215e-05,0.0001015359,0.0001061315,0.0001125764,0.000115636,0.0001202425,0.0001224153,0.0001255335,0.0001255415,0.0001275621,0.0001266642,0.0001267209,0.0001240433,0.0001232813,0.0001195751,0.0001169866,0.0001115494,0.0001080271,0.0001018217,9.707212e-05,8.940655e-05,8.338699e-05,7.481185e-05,6.803421e-05,5.863602e-05,5.08321e-05,4.041991e-05,3.177179e-05,2.061231e-05,1.130302e-05,-3.443405e-07,-9.922691e-06,-2.176267e-05,-3.155179e-05,-4.361508e-05,-5.359421e-05,-6.579521e-05,-7.591437e-05,-8.833652e-05,-9.867167e-05,-0.0001112006,-0.0001215689,-0.00013421,-0.0001444836,-0.0001565817,-0.0001659711,-0.0001771106,-0.0001859306,-0.0001969694,-0.000205691,-0.0002158748,-0.0002232878,-0.0002325419,-0.000239471,-0.0002479939,-0.0002536188,-0.0002609913,-0.0002657993,-0.0002719891
-0.0004603758,-0.0004658022,-0.0004724487,-0.000475789,-0.0004801633,-0.0004812565,-0.0004833328,-0.0004820446,-0.0004818455,-0.0004781182,-0.0004755165,-0.0004695089,-0.0004644264,-0.0004560972,-0.0004487622,-0.0004380297,-0.000428521,-0.0004156379,-0.0004039161,-0.000389049,-0.0003753975,-0.0003585957,-0.0003431964,-0.00032479,-0.0003078461,-0.000288004,-0.0002697845,-0.0002488259,-0.000229639,-0.0002078609,-0.0001880064,-0.0001657077,-0.0001454744,-0.000122966,-0.0001027509,-8.043722e-05,-6.048025e-05,-3.863417e-05,-1.941725e-05,1.698919e-06,1.997094e-05,3.984237e-05,5.699244e-05,7.540583e-05,9.088837e-05,0.0001078593,0.0001213627,0.0001364001,0.0001481925,0.0001607997,0.0001705189,0.0001812074,0.0001881399,0.0001966298,0.0002016057,0.000207142,0.0002097356,0.0002135529,0.0002133622,0.0002142225,0.0002121671,0.0002110224,0.0002060567,0.000202284,0.0001955739,0.0001900541,0.0001808987,0.0001728785,0.0001618031,0.0001522268,0.0001395394,0.0001281238,0.0001135887,0.0001005403,8.473321e-05,7.05577e-05,5.361017e-05,3.836064e-05,2.041607e-05,4.158854e-06,-1.484838e-05,-3.207874e-05,-5.187332e-05,-6.970973e-05,-8.997295e-05,-0.0001081579,-0.0001285963,-0.0001467099,-0.0001669132,-0.0001847237,-0.0002045286,-0.0002216896,-0.0002408821,-0.0002577113,-0.0002767472,-0.0002933254,-0.00031154,-0.0003266612,-0.0003432627,-0.0003573725,-0.0003732511,-0.0003860959,-0.0004001136,-0.000411198,-0.0004238841,-0.0004333443,-0.000443939,-0.0004515475
-0.0006365274,-0.0006469866,-0.0006537414,-0.0006610701,-0.000664753,-0.0006688728,-0.0006693038,-0.0006701789,-0.0006672011,-0.000664793,-0.0006584757,-0.0006526069,-0.0006430518,-0.0006338301,-0.0006209224,-0.0006085897,-0.0005924578,-0.0005770149,-0.0005579907,-0.0005396074,-0.0005177921,-0.0004968493,-0.0004725354,-0.000449218,-0.0004227577,-0.0003974916,-0.0003692438,-0.0003423699,-0.00031272,-0.0002846631,-0.0002540553,-0.00022528,-0.0001942064,-0.0001651952,-0.000134061,-0.0001052171,-7.459013e-05,-4.644419e-05,-1.663718e-05,1.029017e-05,3.871519e-05,6.419477e-05,9.069528e-05,0.0001142478,0.0001387108,0.0001596968,0.0001818469,0.000200214,0.0002192812,0.000235068,0.000251007,0.0002633421,0.0002765548,0.0002854579,0.0002949039,0.0003009711,0.0003069644,0.0003088949,0.0003118243,0.0003108914,0.000309912,0.0003052823,0.0003016021,0.0002940915,0.0002867689,0.0002757657,0.000265812,0.0002523965,0.0002396182,0.0002232055,0.0002076969,0.0001889952,0.000171427,0.0001506745,0.0001309182,0.0001080644,8.645991e-05,6.193689e-05,3.882837e-05,1.305829e-05,-1.098858e-05,-3.753377e-05,-6.22907e-05,-8.947479e-05,-0.0001147506,-0.0001423129,-0.0001678846,-0.0001957465,-0.0002215308,-0.0002494059,-0.0002750454,-0.0003027735,-0.0003279692,-0.0003547092,-0.0003784866,-0.0004036507,-0.0004261612,-0.0004504523,-0.0004720114,-0.0004945021,-0.0005137211,-0.000534177,-0.0005517351,-0.0005702034,-0.0005851235,-0.0006010412,-0.0006136771,-0.0006268776
-0.0008134288,-0.0008243349,-0.0008356083,-0.0008426514,-0.0008498302,-0.0008527665,-0.0008557528,-0.000854386,-0.0008531553,-0.0008473923,-0.0008417948,-0.0008317865,-0.0008217498,-0.000807476,-0.0007932647,-0.0007746959,-0.0007564586,-0.000733932,-0.0007117275,-0.0006855244,-0.0006597661,-0.000630082,-0.0006011144,-0.0005684546,-0.0005366699,-0.0005014073,-0.0004672903,-0.0004299707,-0.0003940674,-0.0003552357,-0.0003181017,-0.0002783194,-0.0002405126,-0.000200364,-0.0001625583,-0.0001227268,-8.543978e-05,-4.647442e-05,-1.046362e-05,2.710301e-05,6.137048e-05,9.676523e-05,0.0001288635,0.0001616375,0.0001907918,0.0002207455,0.0002464459,0.0002728983,0.0002952413,0.0003175424,0.0003360228,0.0003545625,0.0003683639,0.0003827716,0.0003926545,0.000402123,0.0004076245,0.0004133705,0.0004140827,0.0004148796,0.0004117596,0.0004086035,0.0004006493,0.0003929876,0.0003814651,0.0003702749,0.0003545643,0.0003391925,0.0003199598,0.0003015045,0.0002791939,0.0002574891,0.000231989,0.0002073893,0.0001794501,0.0001526418,0.0001225564,9.37522e-05,6.183414e-05,3.126735e-05,-2.392534e-06,-3.453069e-05,-6.949009e-05,-0.00010266,-0.0001384286,-0.0001722026,-0.0002083138,-0.000242094,-0.000277959,-0.0003113365,-0.0003466173,-0.0003790669,-0.0004133752,-0.0004450589,-0.000478698,-0.00050953,-0.0005416428,-0.0005702182,-0.0005998425,-0.0006264643,-0.0006543412,-0.0006785808,-0.0007033974,-0.0007246062,-0.0007467502,-0.0007649173,-0.0007834817,-0.0007982465
-0.000979096,-0.000995187,-0.001006717,-0.001017868,-0.001024471,-0.001030516,-0.001031935,-0.001032775,-0.001028802,-0.00102436,-0.001015041,-0.001005129,-0.0009905684,-0.0009753141,-0.0009554343,-0.000935131,-0.0009101279,-0.0008848625,-0.0008551672,-0.000825224,-0.0007910715,-0.0007569804,-0.0007188265,-0.000680952,-0.0006393436,-0.000598319,-0.0005538348,-0.0005102335,-0.0004635029,-0.000418004,-0.0003697342,-0.0003230725,-0.000274032,-0.0002269708,-0.0001778486,-0.0001310772,-8.272874e-05,-3.706357e-05,9.91802e-06,5.367862e-05,9.845707e-05,0.0001398218,0.0001816003,0.0002198415,0.0002582768,0.0002925352,0.0003271413,0.0003571769,0.0003870075,0.0004126955,0.0004375676,0.0004579109,0.0004781162,0.0004930493,0.000507476,0.0005175415,0.0005264697,0.0005303462,0.0005341682,0.0005331485,0.0005310403,0.000524337,0.0005175836,0.000506083,0.0004938054,0.0004769925,0.0004603417,0.000439429,0.0004183062,0.0003928085,0.0003674529,0.0003382573,0.0003095184,0.0002770229,0.0002449052,0.0002091915,0.0001741976,0.0001358704,9.850666e-05,5.815356e-05,1.916943e-05,-2.255037e-05,-6.27524e-05,-0.0001055349,-0.0001465916,-0.0001899976,-0.0002315111,-0.0002753024,-0.0003170322,-0.0003607491,-0.0004021611,-0.0004454787,-0.0004861001,-0.0005279774,-0.000566633,-0.0006063032,-0.000642988,-0.0006810097,-0.0007158804,-0.0007511344,-0.0007826074,-0.0008146992,-0.0008433114,-0.0008721293,-0.0008967337,-0.0009215638,-0.0009423774,-0.0009629108
-0.001143349,-0.001160101,-0.001176329,-0.001187368,-0.001197602,-0.001202594,-0.001206656,-0.001205335,-0.001203147,-0.001195378,-0.001186762,-0.001172683,-0.001157568,-0.001137178,-0.001115862,-0.001089182,-0.001061883,-0.001029333,-0.0009962106,-0.0009581907,-0.0009197927,-0.0008766504,-0.00083349,-0.0007859137,-0.0007385808,-0.0006871567,-0.000636364,-0.0005818779,-0.0005284221,-0.0004716805,-0.0004163883,-0.0003582318,-0.0003019469,-0.0002432508,-0.0001869421,-0.0001286867,-7.316711e-05,-1.61955e-05,3.748284e-05,9.235015e-05,0.0001434419,0.0001951557,0.0002429695,0.000290832,0.0003343485,0.0003779314,0.0004164327,0.0004548525,0.0004882544,0.0005207024,0.0005483481,0.000575088,0.0005960564,0.0006166231,0.0006316048,0.0006451402,0.0006536367,0.0006613446,0.000662945,0.0006636138,0.0006593235,0.0006540003,0.0006428616,0.0006310756,0.0006144745,0.0005973076,0.0005746988,0.000551601,0.0005238176,0.0004960665,0.0004636934,0.0004312318,0.0003942768,0.0003576132,0.000317021,0.0002770431,0.0002332745,0.0001903561,0.0001439017,9.844971e-05,4.955399e-05,1.911267e-06,-4.881441e-05,-9.793042e-05,-0.0001498217,-0.0001998149,-0.0002522317,-0.0003023148,-0.0003544756,-0.0004040605,-0.0004554522,-0.0005038254,-0.000553881,-0.0006010573,-0.0006499345,-0.0006956569,-0.0007422943,-0.0007849414,-0.0008281902,-0.000867922,-0.0009083805,-0.0009445851,-0.0009807465,-0.001012612,-0.00104472,-0.001072079,-0.001099067,-0.001121418
-0.001294851,-0.001317044,-0.00133378,-0.001349135,-0.001358995,-0.001367245,-0.001369887,-0.001370863,-0.001366015,-0.001359595,-0.001347272,-0.00133325,-0.001313557,-0.001292076,-0.001264969,-0.001236371,-0.00120211,-0.001166568,-0.001125687,-0.001083603,-0.001036477,-0.0009885374,-0.0009357907,-0.0008825494,-0.0008249357,-0.0007672447,-0.0007055763,-0.0006442573,-0.0005794244,-0.0005154281,-0.0004484197,-0.0003827713,-0.0003146529,-0.0002484183,-0.0001801848,-0.0001143611,-4.717841e-05,1.71087e-05,8.234556e-05,0.0001439985,0.0002061563,0.0002644016,0.0003224098,0.0003762509,0.0004295195,0.0004778616,0.0005256772,0.0005680813,0.00060931,0.0006454763,0.0006797916,0.0007085905,0.0007361682,0.0007574487,0.0007771038,0.0007913544,0.0008033374,0.0008092208,0.000813934,0.0008127694,0.0008094124,0.0008004669,0.00079042,0.000774661,0.0007571075,0.0007341256,0.0007103818,0.0006815417,0.0006516036,0.000616515,0.000580776,0.0005405326,0.0005000465,0.0004552161,0.0004101151,0.0003609045,0.0003118617,0.0002590567,0.0002067427,0.0001511021,9.646269e-05,3.884514e-05,-1.753776e-05,-7.665864e-05,-0.0001342475,-0.0001942521,-0.000252474,-0.000312963,-0.0003714176,-0.0004317595,-0.0004897343,-0.0005494375,-0.0006062815,-0.0006640881,-0.000718406,-0.0007733592,-0.0008249998,-0.000877527,-0.000926475,-0.0009752355,-0.001019695,-0.001064137,-0.001104501,-0.001144337,-0.001179272,-0.001213628,-0.001243204,-0.001271616
-0.001444333,-0.001467542,-0.00148928,-0.00150482,-0.00151855,-0.001525983,-0.001531436,-0.001530413,-0.001527445,-0.001517778,-0.001506174,-0.001487983,-0.001467667,-0.001440962,-0.001412262,-0.001377113,-0.001340311,-0.001297219,-0.001252581,-0.001202072,-0.001150283,-0.001092862,-0.001034615,-0.000971164,-0.0009072584,-0.0008385929,-0.0007699864,-0.0006971502,-0.0006249101,-0.0005489919,-0.0004742389,-0.0003963828,-0.0003202712,-0.0002416699,-0.0001654908,-8.744843e-05,-1.2337e-05,6.398206e-05,0.000136651,0.0002101115,0.0002792895,0.0003485397,0.0004132451,0.0004773168,0.0005362624,0.0005944785,0.0006467223,0.0006979784,0.0007432416,0.0007865605,0.0008240223,0.0008595341,0.0008881651,0.0009153047,0.0009357245,0.0009535846,0.0009652612,0.0009750384,0.0009775631,0.0009780671,0.0009725066,0.0009648454,0.0009502904,0.0009340903,0.0009120718,0.0008885313,0.000858574,0.0008272532,0.0007903898,0.0007527774,0.0007097406,0.0006658805,0.0006167941,0.0005673572,0.000513385,0.0004594856,0.0004012642,0.0003434398,0.0002816461,0.0002204847,0.0001555134,9.150459e-05,2.413884e-05,-4.181572e-05,-0.0001107343,-0.0001778713,-0.0002475271,-0.0003148566,-0.00038426,-0.000451011,-0.0005194717,-0.0005847312,-0.0006514972,-0.0007151402,-0.000780229,-0.0008418191,-0.0009039484,-0.0009616251,-0.00101944,-0.001073217,-0.001127173,-0.001176242,-0.001224617,-0.001267986,-0.001310873,-0.001348205,-0.001384357,-0.001414998
-0.001582228,-0.001611305,-0.001633968,-0.001654177,-0.001667876,-0.001678835,-0.001683126,-0.001684581,-0.001679116,-0.001670884,-0.001655635,-0.001637485,-0.00161255,-0.001584632,-0.001549993,-0.001512695,-0.001468676,-0.001422254,-0.001369493,-0.001314476,-0.001253492,-0.001190728,-0.001122329,-0.001052575,-0.0009777349,-0.0009020791,-0.0008218635,-0.000741398,-0.000656982,-0.0005729549,-0.0004856362,-0.000399392,-0.0003105637,-0.0002235021,-0.0001344967,-4.795511e-05,3.971723e-05,0.0001242703,0.0002093806,0.0002905157,0.0003716008,0.0004482329,0.0005239193,0.0005947528,0.0006641791,0.0007278593,0.00079006,0.0008459315,0.0008995672,0.0009471375,0.0009917291,0.001029726,0.001065323,0.001093507,0.00111885,0.001137655,0.001152967,0.001161044,0.001166746,0.001165451,0.001160772,0.001149437,0.001135873,0.00111556,0.001092359,0.001062778,0.001031456,0.0009941468,0.0009547903,0.0009094548,0.0008626297,0.0008106017,0.0007575958,0.0006996261,0.0006406926,0.0005771054,0.0005130986,0.0004448729,0.0003766308,0.0003047031,0.0002333838,0.0001588271,8.519784e-05,8.657249e-06,-6.656646e-05,-0.0001442848,-0.0002203509,-0.0002986881,-0.0003750378,-0.0004531858,-0.0005289213,-0.0006062193,-0.0006805031,-0.000755453,-0.0008266455,-0.0008980881,-0.0009658949,-0.001034132,-0.001098353,-0.00116179,-0.00122039,-0.001278311,-0.001331532,-0.001383456,-0.001429755,-0.001474629,-0.001513916,-0.0015511
-0.001721667,-0.001752317,-0.001780465,-0.001801322,-0.001819273,-0.001829779,-0.001837154,-0.001836858,-0.00183343,-0.00182208,-0.001807583,-0.001785263,-0.001759608,-0.001726336,-0.001689872,-0.001645759,-0.001598833,-0.001544463,-0.001487449,-0.001423478,-0.001357207,-0.001284309,-0.001209666,-0.001128934,-0.001046948,-0.0009594469,-0.0008713444,-0.0007784024,-0.0006855497,-0.0005885693,-0.0004924139,-0.0003928776,-0.0002949215,-0.0001943771,-9.627252e-05,3.612199e-06,0.0001003685,0.0001980678,0.0002917372,0.0003857618,0.0004749552,0.0005636122,0.0006470215,0.0007290399,0.0008050759,0.0008794994,0.0009469711,0.001012447,0.001070859,0.001126226,0.001174574,0.001219816,0.001256956,0.001291397,0.001317875,0.001340561,0.00135581,0.001367935,0.001371555,0.001371959,0.001365095,0.001354957,0.001336754,0.001315818,0.00128798,0.001257576,0.001219697,0.001179506,0.001132855,0.001084614,0.001030084,0.00097393,0.000911758,0.0008485375,0.0007801385,0.0007112239,0.0006374195,0.0005635174,0.0004851838,0.0004070729,0.0003247524,0.0002430651,0.0001577186,7.355037e-05,-1.379666e-05,-9.951113e-05,-0.00018786,-0.0002739121,-0.0003620478,-0.000447474,-0.0005345205,-0.000618192,-0.0007032011,-0.0007848568,-0.0008677069,-0.0009467169,-0.001025875,-0.001100105,-0.001173989,-0.001243303,-0.001312219,-0.001375583,-0.001437561,-0.001493787,-0.001548754,-0.00159731,-0.001643815,-0.001683875
-0.00185664,-0.001893754,-0.001923395,-0.001949396,-0.00196776,-0.001982126,-0.001988642,-0.001991017,-0.001985245,-0.001975369,-0.001957225,-0.001934827,-0.001904389,-0.001869621,-0.001826893,-0.001780184,-0.001725551,-0.001667246,-0.001601455,-0.001532213,-0.001455945,-0.001376791,-0.001291049,-0.001202965,-0.001108969,-0.001013307,-0.0009124051,-0.0008105595,-0.0007042483,-0.0005978033,-0.0004877298,-0.0003783921,-0.0002663214,-0.0001558705,-4.351986e-05,6.631835e-05,0.0001770451,0.00028441,0.0003919023,0.0004949846,0.000597401,0.0006947595,0.0007903801,0.0008803764,0.0009680308,0.001049014,0.001127448,0.001198519,0.00126616,0.001326606,0.001382807,0.001431196,0.001475863,0.001511864,0.001543657,0.001567641,0.001586762,0.001597376,0.001604271,0.001602915,0.001596849,0.00158294,0.001565552,0.001540256,0.001510863,0.001474035,0.001434392,0.001387775,0.00133806,0.001281447,0.001222424,0.001157432,0.001090661,0.001018244,0.0009440943,0.0008646882,0.0007842134,0.0006990101,0.0006132241,0.0005233502,0.000433648,0.0003404147,0.000247761,0.0001519921,5.729096e-05,-4.000639e-05,-0.0001358123,-0.0002339164,-0.000330106,-0.0004280191,-0.0005234931,-0.0006203748,-0.0007140916,-0.0008081681,-0.0008982089,-0.0009880986,-0.001074021,-0.001159896,-0.001241293,-0.001321265,-0.001395826,-0.001468996,-0.001536798,-0.001602464,-0.001661718,-0.001718623,-0.001769059,-0.00181636
-0.002004041,-0.002043335,-0.002078953,-0.002106044,-0.002128978,-0.00214317,-0.00215291,-0.002153628,-0.002149851,-0.00213676,-0.002119135,-0.002092278,-0.002060694,-0.002020088,-0.001974912,-0.001920713,-0.001862361,-0.001795239,-0.001724201,-0.001644957,-0.001562228,-0.001471727,-0.001378409,-0.00127798,-0.001175362,-0.001066354,-0.0009559695,-0.000840039,-0.0007235982,-0.0006025077,-0.0004818354,-0.0003574588,-0.000234459,-0.0001087556,1.450009e-05,0.0001394401,0.0002610346,0.0003832653,0.0005010364,0.0006186563,0.0007308192,0.0008417381,0.0009466044,0.0010492,0.00114483,0.001237823,0.001322738,0.001404486,0.001477942,0.001547076,0.001607857,0.001664195,0.001711031,0.001753772,0.001787125,0.001815269,0.001834542,0.001849283,0.001854093,0.001854314,0.001845901,0.001832871,0.001810446,0.001784052,0.001749535,0.001711261,0.001664314,0.001613981,0.001556166,0.001495811,0.001428198,0.00135805,0.001280995,0.001202102,0.001117321,0.00103136,0.0009398792,0.000847742,0.000750663,0.0006533402,0.00055136,0.0004496327,0.0003439077,0.0002390887,0.000130848,2.405879e-05,-8.54957e-05,-0.0001927971,-0.0003021942,-0.0004088305,-0.0005169883,-0.000621586,-0.0007273377,-0.0008294948,-0.0009325712,-0.001031438,-0.001130012,-0.001223132,-0.001315362,-0.001402439,-0.001488469,-0.001568207,-0.001645774,-0.001716759,-0.001785605,-0.001847081,-0.001905518,-0.00195646
-0.002161393,-0.002207501,-0.002244901,-0.002277288,-0.002300725,-0.002318711,-0.002327475,-0.002330587,-0.002324129,-0.002312021,-0.002290192,-0.00226255,-0.002225407,-0.002182381,-0.002129957,-0.002072024,-0.002004773,-0.00193238,-0.001851175,-0.001765136,-0.001670842,-0.001572386,-0.001466236,-0.001356607,-0.001240109,-0.001120966,-0.0009957977,-0.0008688912,-0.0007369255,-0.0006042335,-0.0004675288,-0.0003311837,-0.0001919431,-5.417195e-05,8.543387e-05,0.0002224468,0.0003600496,0.0004939812,0.0006275203,0.0007561131,0.0008833009,0.001004695,0.001123404,0.001235556,0.001344254,0.001445168,0.001542262,0.001630754,0.001714402,0.001789506,0.001858868,0.001918969,0.001973789,0.002018456,0.002057309,0.002086849,0.00210992,0.002122985,0.00213076,0.002128812,0.00212061,0.002103178,0.002080818,0.002049201,0.002012087,0.001966321,0.00191651,0.001858586,0.00179636,0.001726174,0.001652541,0.001572071,0.001488925,0.001399362,0.001307198,0.001209101,0.001109214,0.001004029,0.0008976355,0.0007867137,0.0006754937,0.0005604295,0.0004455759,0.0003273964,0.0002100303,8.997629e-05,-2.874147e-05,-0.0001497689,-0.0002689384,-0.0003897238,-0.0005080132,-0.000627515,-0.0007436479,-0.0008597653,-0.0009714961,-0.001082596,-0.001189324,-0.001295442,-0.001396524,-0.001495424,-0.001588229,-0.001678813,-0.001763237,-0.001844547,-0.00191852,-0.001989069,-0.002052114,-0.002110829
-0.002346324,-0.002394522,-0.002437658,-0.002470826,-0.002498368,-0.002515657,-0.002526955,-0.002527663,-0.002522294,-0.002506004,-0.002483571,-0.002450286,-0.002410664,-0.002360409,-0.002303995,-0.002236987,-0.002164283,-0.0020813,-0.001992942,-0.001894958,-0.001792137,-0.001680248,-0.001564324,-0.00144014,-0.001312711,-0.001177922,-0.00104089,-0.0008975384,-0.0007530203,-0.0006032994,-0.0004535689,-0.000299817,-0.0001472561,8.078227e-06,0.0001608994,0.0003152242,0.0004658898,0.0006167605,0.0007626052,0.0009076316,0.001046403,0.001183025,0.001312586,0.001438769,0.001556765,0.00167085,0.001775472,0.00187548,0.001965696,0.002050022,0.002124373,0.002192649,0.002249731,0.002301022,0.002341215,0.002374485,0.002397168,0.002413629,0.002418463,0.00241707,0.002405429,0.002387578,0.002358772,0.002324544,0.002280775,0.002231859,0.002172885,0.002109289,0.002037053,0.001961202,0.001877001,0.001789238,0.001693578,0.001595212,0.0014902,0.001383297,0.001270213,0.001155892,0.00103612,0.0009156346,0.0007900542,0.0006643611,0.0005343667,0.0004050423,0.000272106,0.0001404919,6.055558e-06,-0.0001260931,-0.0002602571,-0.0003915188,-0.0005240953,-0.0006528149,-0.000782392,-0.0009080234,-0.001034177,-0.001155621,-0.001276182,-0.001390614,-0.001503458,-0.001610419,-0.001715515,-0.001813411,-0.001908172,-0.001995349,-0.002079318,-0.002154772,-0.002226001,-0.002288493
-0.002552632,-0.002606771,-0.002650769,-0.002688177,-0.002715124,-0.002734964,-0.002744013,-0.0027457,-0.002736202,-0.002719314,-0.002691067,-0.002655257,-0.00260831,-0.002553745,-0.002488176,-0.002415404,-0.002331764,-0.002241362,-0.002140682,-0.002033651,-0.001917021,-0.00179484,-0.001663767,-0.001527995,-0.001384329,-0.001236987,-0.001082801,-0.0009260621,-0.0007636743,-0.0005999838,-0.0004319392,-0.0002639338,-9.29532e-05,7.661126e-05,0.0002478209,0.0004162186,0.000584741,0.0007491039,0.0009123489,0.001069892,0.001225049,0.001373423,0.001517887,0.00165458,0.001786402,0.001909015,0.002026213,0.002133245,0.002233673,0.002323871,0.002406486,0.002478043,0.002542416,0.002594813,0.002639446,0.002672938,0.002698034,0.002711317,0.002717442,0.00271209,0.002698667,0.002674382,0.002643487,0.002601767,0.002552947,0.002494089,0.002429815,0.002356153,0.002276856,0.002188443,0.002095477,0.001994773,0.001890478,0.001778992,0.001664031,0.00154249,0.001418479,0.001288665,0.001157081,0.001020628,0.0008835177,0.0007423772,0.0006012068,0.0004566462,0.0003127932,0.0001663264,2.119947e-05,-0.0001260811,-0.0002713937,-0.0004180341,-0.0005619472,-0.0007066975,-0.000847684,-0.0009880778,-0.001123535,-0.001257683,-0.001386871,-0.001514691,-0.001636722,-0.001755603,-0.00186751,-0.001976163,-0.00207767,-0.002174875,-0.00226362,-0.002347663,-0.002422967,-0.002492538
-0.002786941,-0.002841574,-0.002889633,-0.002926163,-0.002955477,-0.002972919,-0.002982713,-0.002980249,-0.002970014,-0.002947154,-0.002916441,-0.002873163,-0.002821844,-0.002758199,-0.002686719,-0.002603003,-0.002511973,-0.002409095,-0.002299323,-0.002178462,-0.002051366,-0.001913883,-0.001771125,-0.001618955,-0.001462489,-0.001297715,-0.001129863,-0.0009549742,-0.0007783257,-0.0005960101,-0.0004133559,-0.0002264885,-4.076261e-05,0.0001476434,0.000333296,0.0005200697,0.000702658,0.0008847803,0.00106106,0.001235581,0.001402765,0.001566586,0.001722027,0.00187265,0.002013528,0.00214887,0.002273011,0.002390725,0.002496789,0.002595025,0.002681301,0.002759515,0.002824489,0.002881625,0.002925626,0.002960664,0.002983096,0.002997326,0.002997963,0.002990489,0.002970932,0.002943364,0.002903107,0.002855832,0.002797485,0.002732501,0.002655996,0.002573607,0.002481429,0.002384598,0.002278368,0.002167614,0.002048069,0.001925073,0.001794851,0.001662199,0.001522909,0.001382015,0.001235403,0.001087842,0.0009349991,0.0007819292,0.0006245245,0.0004678195,0.0003075871,0.0001488137,-1.255876e-05,-0.0001713348,-0.0003317706,-0.0004889021,-0.0006468759,-0.0008004404,-0.0009543271,-0.001103696,-0.001252969,-0.001396822,-0.001538977,-0.001674123,-0.001806788,-0.00193267,-0.002055686,-0.002170424,-0.002280893,-0.002382628,-0.002479929,-0.002567427,-0.002649372,-0.002721207
-0.003025704,-0.003084336,-0.003131458,-0.003170472,-0.003197581,-0.003215986,-0.003222102,-0.003219206,-0.003203577,-0.003178874,-0.00314124,-0.003094347,-0.00303474,-0.002965834,-0.002884374,-0.002794065,-0.002691397,-0.002580395,-0.002457705,-0.0023272,-0.002185809,-0.002037537,-0.001879242,-0.001715092,-0.001542108,-0.001364494,-0.001179315,-0.0009908656,-0.0007962956,-0.000599968,-0.0003990859,-0.0001980702,5.831722e-06,0.0002081951,0.0004118166,0.0006122011,0.0008120177,0.001006951,0.001199787,0.001385902,0.001568367,0.001742777,0.001911747,0.002071426,0.002224505,0.00236663,0.002501423,0.002624172,0.002738228,0.002840061,0.002932161,0.003011109,0.003080684,0.003136197,0.003181742,0.00321409,0.003235909,0.003243932,0.00324277,0.00322826,0.003203767,0.003166734,0.003121387,0.003063653,0.002997261,0.002919544,0.002835182,0.002740309,0.002638652,0.002526939,0.002409844,0.00228442,0.002154829,0.002017622,0.001876416,0.001728371,0.001577572,0.001420877,0.00126226,0.001098863,0.000934878,0.0007671072,0.0005994765,0.0004287973,0.0002591082,8.725878e-05,-8.290246e-05,-0.0002547401,-0.0004242041,-0.0005944249,-0.0007614427,-0.0009286998,-0.00109159,-0.001253116,-0.001408995,-0.00156275,-0.001710857,-0.001856759,-0.001996052,-0.002131166,-0.002258398,-0.002381327,-0.002496128,-0.002605442,-0.002705202,-0.002799009,-0.002882885,-0.002959667
-0.003255238,-0.003313545,-0.00336411,-0.003401933,-0.00343128,-0.003447464,-0.003454647,-0.003448205,-0.003432575,-0.003402891,-0.003363888,-0.00331085,-0.003248283,-0.003171904,-0.003086199,-0.002986794,-0.002878613,-0.002757165,-0.002627434,-0.002485273,-0.002335586,-0.002174298,-0.002006582,-0.001828395,-0.001644935,-0.001452303,-0.00125583,-0.001051683,-0.0008452549,-0.0006327807,-0.0004197185,-0.0002023452,1.38443e-05,0.0002325129,0.0004480803,0.0006642621,0.0008756078,0.001085674,0.001288939,0.001489346,0.001681176,0.001868257,0.002045472,0.002216247,0.002375544,0.002527503,0.002666351,0.002796783,0.002913558,0.003020409,0.003113183,0.00319579,0.003263013,0.00332027,0.003362315,0.003393334,0.003409738,0.003416002,0.003406799,0.003387719,0.00335489,0.003312444,0.003255825,0.003190889,0.003113692,0.003028733,0.002931194,0.002826969,0.002712319,0.002592515,0.002462809,0.002328177,0.002184442,0.002037125,0.00188265,0.001725829,0.001562542,0.0013979,0.001227886,0.001057252,0.0008816873,0.0007062799,0.0005269783,0.0003488273,0.0001676165,-1.167531e-05,-0.0001930529,-0.0003712949,-0.0005506534,-0.0007261827,-0.0009020012,-0.001072826,-0.001243473,-0.001409115,-0.001574174,-0.001733257,-0.001890002,-0.002039078,-0.002185037,-0.00232361,-0.00245861,-0.002584575,-0.002705468,-0.002816831,-0.002922888,-0.003018219,-0.00310703,-0.003184727
-0.00343996,-0.00350483,-0.003557507,-0.003601205,-0.003632168,-0.003653405,-0.003661397,-0.00365922,-0.003643228,-0.003616894,-0.003576438,-0.003525366,-0.003460305,-0.003384521,-0.003294864,-0.003194891,-0.003081227,-0.002957769,-0.002821303,-0.002675608,-0.002517772,-0.002351719,-0.002174495,-0.00199021,-0.001796089,-0.0015963,-0.001388134,-0.00117587,-0.0009569017,-0.0007355948,-0.0005094091,-0.0002827836,-5.323347e-05,0.0001747893,0.0004038077,0.0006292923,0.0008536332,0.001072488,0.001288375,0.001496632,0.001700076,0.0018943,0.002081649,0.002258292,0.002426709,0.002582533,0.002729222,0.002862118,0.002984362,0.003092551,0.003189028,0.003270449,0.003340532,0.003394725,0.003437018,0.003464383,0.003479442,0.003479118,0.003468025,0.003442195,0.003404998,0.003354165,0.003293934,0.003220409,0.003137366,0.003042466,0.002940494,0.002827683,0.002707748,0.002577649,0.002442218,0.002298743,0.002151402,0.001996856,0.001838571,0.001673964,0.001507044,0.001334809,0.001161094,0.0009832396,0.0008053408,0.000624294,0.0004438499,0.0002609078,7.934846e-05,-0.0001038927,-0.0002851861,-0.0004678634,-0.0006480349,-0.0008287395,-0.001006208,-0.001183831,-0.001357048,-0.001528743,-0.001694755,-0.001858557,-0.002016803,-0.002172811,-0.002322216,-0.002467234,-0.002604316,-0.0027369,-0.002861232,-0.002979726,-0.003088407,-0.003190699,-0.003282666,-0.003366945
-0.00357723,-0.003651047,-0.003716831,-0.003769469,-0.003813094,-0.003842922,-0.003862968,-0.003868527,-0.003863902,-0.003844152,-0.003813897,-0.003768351,-0.003711927,-0.003640288,-0.003557844,-0.003460195,-0.0033522,-0.003229368,-0.003096648,-0.002949905,-0.002794038,-0.002625017,-0.00244803,-0.002259099,-0.002063471,-0.00185734,-0.001646106,-0.001426052,-0.001202665,-0.0009723157,-0.0007405761,-0.0005038771,-0.0002678419,-2.897405e-05,0.000207007,0.0004436465,0.0006753553,0.0009055137,0.001128457,0.001347976,0.001558217,0.001762843,0.001956651,0.002142921,0.002316507,0.002481489,0.002631991,0.002772633,0.002898185,0.003012292,0.003110806,0.003197681,0.003267681,0.003326267,0.003368292,0.00339798,0.003411837,0.003414452,0.003400601,0.003376023,0.003336989,0.003287716,0.00322381,0.003151354,0.003066538,0.002973914,0.00286873,0.002757176,0.002635668,0.002509587,0.002374107,0.002234254,0.002085872,0.001934608,0.001777028,0.001617818,0.001452842,0.001287156,0.001116716,0.0009460819,0.0007708149,0.0005958806,0.0004171433,0.0002394948,5.859878e-05,-0.0001207273,-0.0003025479,-0.0004817439,-0.0006626719,-0.0008405192,-0.001019449,-0.001194224,-0.001369824,-0.001541489,-0.00171367,-0.00188091,-0.002046751,-0.002205848,-0.002362772,-0.002513275,-0.002661007,-0.002800419,-0.002935375,-0.003061383,-0.003182515,-0.003293247,-0.003397661,-0.00349107
-0.003684434,-0.003783668,-0.003870702,-0.003948426,-0.004013014,-0.00406715,-0.00410728,-0.004136158,-0.004150112,-0.004152323,-0.004138996,-0.004113367,-0.004072068,-0.004018121,-0.003948407,-0.003866257,-0.003768365,-0.003658428,-0.003533319,-0.00339666,-0.003245655,-0.003084095,-0.00290918,-0.002724923,-0.002528728,-0.002324698,-0.002110333,-0.001889879,-0.001660968,-0.001427955,-0.001188562,-0.0009472391,-0.0007017821,-0.0004566695,-0.000209669,3.465124e-05,0.0002783824,0.0005171496,0.0007531814,0.0009817703,0.001205462,0.001419842,0.001626965,0.001823023,0.002010276,0.00218434,0.002348511,0.002498199,0.002636323,0.002759637,0.00287035,0.002965198,0.003047873,0.003113984,0.003167428,0.003205419,0.00323056,0.00323998,0.003238321,0.003221831,0.003193898,0.003152559,0.003102051,0.003038632,0.002966103,0.002882444,0.002792496,0.002692479,0.002586,0.002470147,0.002349828,0.002222418,0.002091957,0.001954998,0.001814624,0.001668335,0.001519835,0.001366027,0.001210361,0.001050173,0.0008892298,0.0007242971,0.0005587211,0.0003892977,0.0002195643,4.638891e-05,-0.0001269808,-0.0003039613,-0.0004809136,-0.0006608372,-0.0008402085,-0.001022382,-0.001202804,-0.001384206,-0.001562502,-0.001741059,-0.001916648,-0.002092352,-0.002263725,-0.002432637,-0.002595591,-0.002755747,-0.002909293,-0.003058262,-0.003198647,-0.003333548,-0.003458937,-0.003577108
-0.003864401,-0.004002409,-0.004131834,-0.0042473,-0.004352651,-0.00444287,-0.004521685,-0.004584199,-0.004634454,-0.004667335,-0.004687235,-0.004689218,-0.004677509,-0.004647645,-0.004603875,-0.004541721,-0.004465906,-0.004371894,-0.004264544,-0.004139703,-0.004002219,-0.00384809,-0.003682483,-0.003501485,-0.003310368,-0.003105425,-0.002892114,-0.002666851,-0.002435217,-0.002193744,-0.001948126,-0.00169498,-0.001440075,-0.001180118,-0.0009209879,-0.0006593515,-0.0004009598,-0.0001426516,0.0001097406,0.0003598198,0.0006015674,0.0008384481,0.00106516,0.001284796,0.001492092,0.00169105,0.001875675,0.002050493,0.002210302,0.002358625,0.002491331,0.002612424,0.00271664,0.002809474,0.002885906,0.002950168,0.002998861,0.003036675,0.00305847,0.003070099,0.003067932,0.003056196,0.003030596,0.002997354,0.00295267,0.002900983,0.002837424,0.002768338,0.002690084,0.002607902,0.002516566,0.002420858,0.002316325,0.002208452,0.002093643,0.001976067,0.001851231,0.001723797,0.001589385,0.001452009,0.001306816,0.001158394,0.00100232,0.000843145,0.0006762733,0.0005062576,0.0003289551,0.0001493818,-3.68814e-05,-0.0002250892,-0.0004193117,-0.000614204,-0.0008147667,-0.001016106,-0.001222473,-0.001428092,-0.001636135,-0.001841,-0.00204703,-0.002249761,-0.002452392,-0.002649039,-0.002843213,-0.003030176,-0.003213596,-0.003387636,-0.00355604,-0.003713832
-0.004289474,-0.004491013,-0.004678277,-0.004853681,-0.005013208,-0.005159102,-0.005287681,-0.005401278,-0.005496132,-0.005575046,-0.005634165,-0.005676392,-0.005698329,-0.005702711,-0.005686425,-0.005652545,-0.005597829,-0.005525751,-0.005433276,-0.005323864,-0.005194848,-0.005049893,-0.004886378,-0.004708236,-0.004513088,-0.004304994,-0.004081717,-0.003847501,-0.003600273,-0.003344422,-0.003077993,-0.002805501,-0.002525087,-0.002241312,-0.001952305,-0.001662729,-0.001370866,-0.001081178,-0.0007917937,-0.0005075255,-0.0002261637,4.782388e-05,0.0003161335,0.0005749397,0.000826228,0.00106555,0.001296001,0.001513021,0.001719249,0.001911582,0.002092042,0.002257396,0.002411281,0.002549418,0.002675532,0.002787032,0.002886421,0.002970933,0.003045124,0.003105329,0.00315479,0.003191683,0.003220015,0.003235932,0.003242991,0.003239205,0.003229135,0.003208541,0.003180498,0.003141785,0.00309698,0.00304305,0.002983416,0.002913969,0.002836887,0.002749328,0.002654241,0.002548031,0.002433394,0.002307416,0.002173316,0.002027575,0.001873042,0.001706421,0.001530986,0.001343701,0.001147627,0.0009395465,0.0007231957,0.0004960183,0.0002617032,1.738505e-05,-0.0002318721,-0.0004881553,-0.0007469755,-0.00101113,-0.001277057,-0.001547145,-0.001816411,-0.002085948,-0.002351953,-0.002616946,-0.002876729,-0.003132619,-0.003380314,-0.003622324,-0.003854301,-0.00407797
-0.005237529,-0.005516924,-0.005782509,-0.006028618,-0.006258769,-0.006467714,-0.006658877,-0.006827194,-0.006976448,-0.007101385,-0.00720619,-0.007285824,-0.007344348,-0.00737723,-0.007388595,-0.00737395,-0.007337923,-0.007276004,-0.007193016,-0.007084858,-0.00695639,-0.006803721,-0.006632065,-0.00643766,-0.006225879,-0.005993213,-0.005745259,-0.005478669,-0.005199204,-0.00490367,-0.004597976,-0.004279039,-0.003952868,-0.003616491,-0.003276048,-0.002928533,-0.002579957,-0.002227497,-0.001877248,-0.001525909,-0.001179757,-0.0008356396,-0.0004990422,-0.0001671688,0.0001545066,0.0004698167,0.0007725462,0.001067023,0.001347995,0.001618735,0.00187503,0.002120825,0.002350679,0.00256998,0.002773694,0.002965857,0.003142955,0.003309555,0.003460332,0.00360094,0.003727511,0.00384388,0.00394543,0.004038066,0.004117466,0.004187352,0.004242124,0.004287711,0.004319751,0.004342655,0.004350023,0.00434573,0.004324344,0.004290636,0.004240328,0.004176522,0.004093988,0.003996709,0.003879809,0.003746653,0.003592053,0.003420432,0.003227444,0.003017742,0.002787045,0.002540293,0.002274049,0.001994034,0.001696617,0.00138733,0.001063104,0.0007302667,0.000384597,3.193669e-05,-0.0003309937,-0.0006973477,-0.00106924,-0.001440217,-0.001813874,-0.002185064,-0.002556067,-0.002920297,-0.003280582,-0.003631686,-0.003976626,-0.004309058,-0.004632225,-0.004940748
-0.007025879,-0.007396623,-0.007743503,-0.008068588,-0.008367831,-0.008643174,-0.008890969,-0.009113268,-0.009306384,-0.009472885,-0.009609009,-0.009717469,-0.009794983,-0.009844133,-0.009861965,-0.00985142,-0.009809468,-0.009739487,-0.00963868,-0.009510468,-0.009352462,-0.009168326,-0.008955769,-0.008718775,-0.008455332,-0.008169599,-0.007859752,-0.007530181,-0.007179267,-0.006811582,-0.006425665,-0.006026241,-0.005611977,-0.005187669,-0.004751984,-0.004309842,-0.003860072,-0.003407387,-0.002950453,-0.002494351,-0.002037385,-0.00158424,-0.001133765,-0.000689964,-0.0002513088,0.0001774972,0.000599173,0.001008996,0.001409099,0.001796332,0.002172287,0.002533497,0.002883287,0.003217189,0.003538396,0.003844167,0.004136488,0.00441223,0.004675356,0.004921732,0.005153836,0.005369317,0.005571212,0.005754748,0.005922422,0.006071437,0.006205196,0.006317988,0.006411452,0.006481157,0.006530604,0.006555559,0.006558168,0.006533029,0.006480969,0.006398643,0.006288193,0.006145679,0.005973398,0.005768834,0.005535448,0.005270397,0.00497715,0.004653601,0.004304136,0.00392728,0.003527355,0.003102836,0.002659043,0.0021953,0.001716789,0.001222384,0.0007188812,0.0002058677,-0.0003108412,-0.0008327136,-0.001355211,-0.001879448,-0.002399411,-0.002915023,-0.003421945,-0.003921855,-0.004410042,-0.00488701,-0.005348152,-0.005795407,-0.006224165,-0.006635646
-0.009983483,-0.01043521,-0.01085808,-0.0112465,-0.01160398,-0.01192538,-0.01221411,-0.01246525,-0.01268257,-0.01286098,-0.01300469,-0.0131088,-0.01317744,-0.01320625,-0.01319941,-0.01315264,-0.01307068,-0.01294924,-0.01279328,-0.01259898,-0.01237137,-0.01210689,-0.01181098,-0.01148023,-0.01112031,-0.01072812,-0.0103096,-0.009861864,-0.009391057,-0.008894497,-0.008378527,-0.007840615,-0.007287246,-0.006716026,-0.0061336,-0.005537561,-0.004934436,-0.004322018,-0.003706933,-0.003086469,-0.002467441,-0.001847308,-0.001232021,-0.0006194023,-1.544156e-05,0.0005832036,0.001169751,0.001747974,0.002312218,0.002865076,0.003401845,0.003925966,0.004431299,0.004922586,0.005394224,0.005849374,0.006283712,0.006700933,0.007094695,0.007469552,0.00782044,0.008149763,0.008451518,0.008730198,0.008979789,0.009202099,0.009389631,0.009546912,0.009667838,0.009755075,0.009800188,0.009805622,0.009764596,0.00968121,0.009550778,0.009375779,0.009151119,0.008881281,0.008562379,0.008198784,0.007786937,0.007333259,0.006835791,0.006301635,0.005729207,0.005126161,0.004492065,0.003835482,0.003155524,0.002460244,0.00174917,0.001030953,0.0003031915,-0.00042642,-0.001159486,-0.001887517,-0.002611203,-0.003323041,-0.004025841,-0.004713838,-0.005388477,-0.006042666,-0.006678798,-0.00729148,-0.007883389,-0.008448029,-0.008988491,-0.009499388
-0.01433584,-0.01484669,-0.01531327,-0.01573779,-0.01611661,-0.01645179,-0.0167401,-0.01698366,-0.01717921,-0.01732937,-0.01743079,-0.01748625,-0.01749287,-0.0174533,-0.01736502,-0.01723105,-0.01704881,-0.01682181,-0.01654773,-0.01623016,-0.01586725,-0.01546288,-0.01501535,-0.01452894,-0.01400228,-0.01343989,-0.01284068,-0.01220946,-0.01154539,-0.01085356,-0.01013335,-0.009390051,-0.008623229,-0.007838301,-0.007034877,-0.006218541,-0.005389101,-0.004551949,-0.003706739,-0.002859283,-0.002008867,-0.001160868,-0.0003151904,0.0005234914,0.001355719,0.002175981,0.00298607,0.003780508,0.004560282,0.005321576,0.006064839,0.006785611,0.00748615,0.008160938,0.008811696,0.009434589,0.01003004,0.0105934,0.01112688,0.01162462,0.01208703,0.01250989,0.01289389,0.01323195,0.01352419,0.01376581,0.01395796,0.01409237,0.01416854,0.01418037,0.0141303,0.01401312,0.01383042,0.01357649,0.01325233,0.01285619,0.01239183,0.01185773,0.0112589,0.01059665,0.009878174,0.009104827,0.008284165,0.007418646,0.006516939,0.00558201,0.004621949,0.003639112,0.002642293,0.00163417,0.0006225149,-0.0003912912,-0.001398124,-0.002396533,-0.00337938,-0.004347081,-0.005294558,-0.006222142,-0.007123331,-0.007997498,-0.008840534,-0.009654011,-0.01043344,-0.0111792,-0.01188711,-0.01255921,-0.01319129,-0.01378467
-0.02016154,-0.02068369,-0.02115164,-0.02156029,-0.02191352,-0.02220663,-0.02244335,-0.02261919,-0.02273819,-0.02279566,-0.02279606,-0.0227349,-0.02261657,-0.02243709,-0.02220095,-0.02190431,-0.0215522,-0.02114084,-0.02067558,-0.02015313,-0.01957899,-0.01895023,-0.01827283,-0.01754413,-0.01677043,-0.01594947,-0.01508794,-0.0141839,-0.01324435,-0.01226765,-0.01126112,-0.01022335,-0.009161889,-0.008075551,-0.006972117,-0.005850456,-0.004718279,-0.003574709,-0.002427608,-0.001275594,-0.0001267625,0.001020045,0.002157656,0.00328681,0.0044002,0.005499848,0.006577532,0.007635575,0.008667027,0.009672788,0.01064668,0.01159059,0.01249652,0.0133674,0.01419584,0.01498276,0.01572167,0.01641398,0.01705085,0.01763423,0.01815636,0.01861672,0.01900655,0.01932768,0.0195713,0.01973637,0.01981296,0.01980419,0.01970251,0.01950964,0.01921635,0.01882569,0.01833207,0.01774227,0.017055,0.01627623,0.01540558,0.01445295,0.01342044,0.01231823,0.01114914,0.009926091,0.008653586,0.007344711,0.006003559,0.004642868,0.003267081,0.001888835,0.0005106895,-0.000856627,-0.002211141,-0.003542408,-0.004851971,-0.006131321,-0.007381578,-0.008593813,-0.009768607,-0.01089873,-0.01198759,-0.01303011,-0.01402803,-0.01497488,-0.01587366,-0.01671981,-0.01751655,-0.01825799,-0.0189478,-0.01958125
-0.02731373,-0.02779613,-0.028205,-0.02854276,-0.02880632,-0.02899792,-0.02911484,-0.02915935,-0.02912868,-0.02902562,-0.0288473,-0.02859669,-0.02827145,-0.02787447,-0.02740382,-0.02686284,-0.02624964,-0.02556813,-0.0248168,-0.02399978,-0.02311616,-0.02217048,-0.02116216,-0.02009631,-0.01897281,-0.0177972,-0.01656979,-0.0152966,-0.01397835,-0.01262149,-0.01122712,-0.009802014,-0.008347616,-0.006870936,-0.005373557,-0.003862757,-0.002340397,-0.0008136153,0.0007158496,0.002240351,0.003758506,0.005263137,0.00675214,0.008219048,0.009662262,0.01107429,0.01245482,0.01379643,0.01509769,0.01635291,0.01756005,0.0187123,0.01980951,0.02084365,0.02181347,0.02271256,0.02353827,0.02428289,0.02494538,0.02551676,0.02599405,0.02637011,0.02664238,0.02680091,0.02684341,0.02676355,0.02656126,0.02622724,0.02576129,0.02515883,0.02442552,0.02355978,0.02256825,0.02145065,0.02021455,0.01886665,0.01741892,0.01587882,0.01426014,0.01257371,0.01083526,0.009054225,0.007245208,0.005417281,0.00358452,0.001754592,-6.124318e-05,-0.001857901,-0.003624686,-0.005357584,-0.007048559,-0.008696176,-0.01029129,-0.01183309,-0.01331546,-0.01474008,-0.01610347,-0.01740701,-0.01864528,-0.01981849,-0.02092409,-0.02196462,-0.02293673,-0.02384134,-0.02467533,-0.02544137,-0.02613607,-0.02676109
-0.03545284,-0.03583666,-0.03613309,-0.03633717,-0.03645278,-0.03647536,-0.03640863,-0.03624834,-0.03599859,-0.03565498,-0.03522216,-0.03469602,-0.03408128,-0.0333745,-0.03258064,-0.03169659,-0.03072805,-0.02967216,-0.02853517,-0.02731493,-0.0260181,-0.02464314,-0.02319744,-0.02167998,-0.02009875,-0.01845342,-0.01675258,-0.01499648,-0.01319428,-0.01134675,-0.009463564,-0.007545907,-0.005603864,-0.003638984,-0.001661706,0.000326277,0.002314532,0.004301051,0.006275209,0.008235522,0.01017112,0.01208026,0.0139531,0.01578746,0.01757329,0.01930987,0.02098607,0.02260137,0.02414613,0.02561807,0.02700813,0.02831525,0.02952806,0.03064627,0.03165935,0.03256457,0.03335201,0.03401971,0.03455535,0.03495758,0.03521561,0.03532609,0.03527816,0.03507236,0.03469906,0.03415725,0.03343835,0.03254914,0.03148635,0.03025754,0.02885995,0.02730552,0.0255984,0.02375714,0.02179256,0.01972218,0.01755786,0.0153214,0.01302616,0.01069175,0.008329687,0.005960294,0.003594099,0.00124843,-0.001069708,-0.003346022,-0.005575159,-0.007744779,-0.009853491,-0.01189248,-0.01386165,-0.01575286,-0.01757078,-0.0193094,-0.02097226,-0.02255229,-0.02405188,-0.02546562,-0.02679877,-0.02804782,-0.02921527,-0.03029555,-0.03129233,-0.03220195,-0.03302788,-0.03376461,-0.03441603,-0.03497771
-0.04406396,-0.04430906,-0.04444288,-0.04446704,-0.04437812,-0.04417772,-0.043863,-0.04343576,-0.04289335,-0.04223835,-0.04146826,-0.04058617,-0.03959035,-0.03848415,-0.03726663,-0.03594188,-0.0345094,-0.03297428,-0.03133672,-0.02960246,-0.02777272,-0.02585407,-0.02384846,-0.02176342,-0.01960178,-0.01737188,-0.01507733,-0.01272727,-0.01032608,-0.007883575,-0.005404738,-0.002899957,-0.0003747004,0.002160284,0.004699305,0.007231299,0.009750282,0.01224537,0.01471077,0.01713512,0.0195131,0.021834,0.02409181,0.02627666,0.02838325,0.03040058,0.03232488,0.03414534,0.03585676,0.03745037,0.0389204,0.0402565,0.04145511,0.04250475,0.04340032,0.04413238,0.04469483,0.04507691,0.04527484,0.04527753,0.04508037,0.04467577,0.04406139,0.04322878,0.04217889,0.04091072,0.03943099,0.03773808,0.03584212,0.03375074,0.03148427,0.02905583,0.02648802,0.02379557,0.02100127,0.01812758,0.01519988,0.01223758,0.00926422,0.006299132,0.003363448,0.0004697117,-0.002366706,-0.005137239,-0.007830058,-0.01044065,-0.01296249,-0.01539525,-0.01773324,-0.01997732,-0.0221248,-0.02417887,-0.02613388,-0.02799259,-0.02975192,-0.03141635,-0.03298463,-0.03445939,-0.0358358,-0.03711426,-0.03829295,-0.03937427,-0.04035474,-0.0412344,-0.04200987,-0.04268305,-0.04324998,-0.04371134
-0.05256597,-0.05264415,-0.05259011,-0.05239746,-0.05206861,-0.05159798,-0.05098828,-0.05023467,-0.0493407,-0.04830191,-0.04712296,-0.04580018,-0.0443389,-0.04273674,-0.04099984,-0.0391268,-0.03712514,-0.03499434,-0.03274314,-0.03037239,-0.02789186,-0.02530363,-0.02261882,-0.01984061,-0.01698125,-0.0140451,-0.01104549,-0.007987745,-0.004886099,-0.00174668,0.001415546,0.004593883,0.007772872,0.01094545,0.01409583,0.01721691,0.02029309,0.02331715,0.02627349,0.02915576,0.03194839,0.03464501,0.03723152,0.03970136,0.04204041,0.04424405,0.04629721,0.04819558,0.04992612,0.0514827,0.05285296,0.05403265,0.05500693,0.0557726,0.05631665,0.05663369,0.05671199,0.05654853,0.05613056,0.05545742,0.05452039,0.05331952,0.05184949,0.0501185,0.04812636,0.04588347,0.04339506,0.04068528,0.03776875,0.03467249,0.03141264,0.02802178,0.02452331,0.02095552,0.01734611,0.01372558,0.01011677,0.006549232,0.00304057,-0.0003897753,-0.003732685,-0.006972329,-0.01010449,-0.01311981,-0.01602007,-0.01880027,-0.0214638,-0.02400727,-0.02643806,-0.02875541,-0.03096567,-0.0330662,-0.035067,-0.03696506,-0.03876608,-0.04046353,-0.04205983,-0.04354931,-0.04493688,-0.04621802,-0.04739311,-0.04845467,-0.04940428,-0.05023646,-0.05095226,-0.05154391,-0.05201309,-0.05235345
-0.06036722,-0.06027953,-0.0600258,-0.05960482,-0.05901108,-0.05824401,-0.05729942,-0.05617774,-0.05487582,-0.05339575,-0.05173538,-0.04989832,-0.04788414,-0.04569763,-0.04334023,-0.04081847,-0.0381352,-0.03529898,-0.03231436,-0.0291915,-0.02593689,-0.02256237,-0.01907599,-0.01549132,-0.01181793,-0.008070776,-0.004260709,-0.0004038749,0.003487846,0.00739743,0.01131231,0.01521494,0.01909238,0.02292695,0.0267058,0.03041132,0.03403084,0.03754741,0.04094917,0.04421923,0.04734681,0.05031639,0.05311697,0.05573455,0.05815957,0.06037719,0.06238007,0.06415422,0.06569105,0.06697945,0.06801091,0.06877289,0.06926038,0.06946073,0.06936795,0.0689734,0.06827223,0.06725618,0.06592573,0.06427588,0.06230999,0.06003121,0.05744994,0.05457311,0.05142001,0.04801093,0.04437559,0.04053527,0.03652525,0.03237825,0.02814034,0.02384635,0.0195388,0.01524632,0.01100238,0.00683737,0.00277828,-0.001158441,-0.004956563,-0.008605916,-0.01209802,-0.01543445,-0.01861479,-0.02164499,-0.02452792,-0.02727318,-0.02988855,-0.03238607,-0.03477055,-0.03705107,-0.03923174,-0.04131978,-0.04331036,-0.04520684,-0.04700544,-0.04870974,-0.05031663,-0.05182568,-0.05322812,-0.05452016,-0.05569657,-0.05675552,-0.05768932,-0.05849318,-0.05915978,-0.05968685,-0.06006655,-0.06029546
-0.06696353,-0.06672282,-0.06628191,-0.06563061,-0.06476786,-0.06368542,-0.06238365,-0.06085632,-0.05910591,-0.05712788,-0.05492731,-0.05250182,-0.04985865,-0.04699828,-0.04393019,-0.04065735,-0.03719216,-0.03353983,-0.02971541,-0.0257268,-0.02159121,-0.01731896,-0.01292964,-0.008435446,-0.003857839,0.0007891941,0.005482717,0.01020754,0.01493971,0.0196633,0.02435386,0.02899524,0.03356301,0.03804129,0.04240604,0.04664217,0.0507268,0.05464566,0.05837683,0.06190806,0.06521849,0.06829681,0.07112484,0.07369205,0.07598103,0.07798451,0.07968488,0.081076,0.08214378,0.08288085,0.08327492,0.08332246,0.08300965,0.08233579,0.08129187,0.07987717,0.07808689,0.07592718,0.07339634,0.07050758,0.0672689,0.06369977,0.0598176,0.0556563,0.05124303,0.04661685,0.04181276,0.03688662,0.03188143,0.02685038,0.02182955,0.01686947,0.01200411,0.007279547,0.00272335,-0.001642055,-0.00580618,-0.009756819,-0.01349746,-0.01703256,-0.02037494,-0.02352899,-0.02651005,-0.02932852,-0.03200528,-0.03455319,-0.03699053,-0.03932678,-0.04157927,-0.04375297,-0.04585537,-0.04788248,-0.04984339,-0.05173135,-0.0535484,-0.0552824,-0.0569301,-0.05848004,-0.0599318,-0.06127475,-0.06250194,-0.06359909,-0.06456107,-0.06537642,-0.0660395,-0.06653623,-0.06686237,-0.06700632
-0.07195256,-0.071591,-0.07098027,-0.07011384,-0.06898212,-0.06758066,-0.06590277,-0.06394679,-0.06170898,-0.05919129,-0.05639287,-0.05331939,-0.04997387,-0.04636513,-0.04250031,-0.038392,-0.03405064,-0.02949291,-0.02473265,-0.01978976,-0.01468158,-0.009430942,-0.004057793,0.00141239,0.006957459,0.01255015,0.01816685,0.02377914,0.02936265,0.03488855,0.04033248,0.04566597,0.05086533,0.05590312,0.06075714,0.06540146,0.06981549,0.07397559,0.07786365,0.08145759,0.08474202,0.08769799,0.09031128,0.09256606,0.09445126,0.09595131,0.09705918,0.09776185,0.09805209,0.09792212,0.09736679,0.09637841,0.09495871,0.09310295,0.09081463,0.08809787,0.08496228,0.08141684,0.07748259,0.07317828,0.06853388,0.06358261,0.05836688,0.05292729,0.04731831,0.04159565,0.03582224,0.03004668,0.02432927,0.01872149,0.01328393,0.008054524,0.003073023,-0.001646395,-0.006088749,-0.01024628,-0.01412349,-0.01773912,-0.02111018,-0.0242519,-0.02717851,-0.0299137,-0.03248035,-0.03490746,-0.03721998,-0.03944694,-0.04161338,-0.04374158,-0.04583861,-0.04790897,-0.04994972,-0.05196026,-0.05392693,-0.05584799,-0.05771326,-0.05952045,-0.06125904,-0.06292026,-0.06448558,-0.0659419,-0.0672762,-0.068478,-0.06953095,-0.07042075,-0.07113215,-0.07165502,-0.07197379,-0.0720772
-0.07507849,-0.0746252,-0.07387286,-0.07280513,-0.07141535,-0.06969131,-0.06763007,-0.06522372,-0.06247393,-0.0593771,-0.05594041,-0.05216503,-0.04806313,-0.04364172,-0.03891771,-0.03390335,-0.02862108,-0.02308751,-0.01732997,-0.0113697,-0.005237713,0.001040937,0.007431766,0.01390714,0.02043029,0.02697167,0.03349321,0.03996469,0.04634782,0.05261271,0.05872186,0.06464671,0.07035153,0.07580995,0.08098862,0.08586415,0.09040663,0.09459572,0.09840469,0.1018176,0.1048112,0.1073724,0.109483,0.111133,0.1123068,0.1130003,0.1131995,0.1129035,0.112105,0.110804,0.1089978,0.1066945,0.1038929,0.100608,0.09684952,0.09263711,0.0879902,0.08294278,0.07752346,0.07177918,0.06575432,0.05950631,0.05309188,0.04658429,0.04004676,0.03355007,0.02715571,0.02094277,0.0149658,0.009281007,0.003913659,-0.001101091,-0.005756177,-0.0100304,-0.01393087,-0.01748235,-0.02072458,-0.0236896,-0.02641052,-0.02891107,-0.03121986,-0.03336415,-0.03538859,-0.03733282,-0.03924281,-0.04115085,-0.04308437,-0.04504988,-0.04704952,-0.04906677,-0.05109025,-0.05310667,-0.05512588,-0.05713626,-0.0591324,-0.06108977,-0.06299427,-0.06482408,-0.06657048,-0.06821316,-0.06973345,-0.07110607,-0.07231556,-0.07334146,-0.07416765,-0.0747698,-0.07513455,-0.07524198
-0.07620461,-0.07569389,-0.07482078,-0.07357153,-0.07193093,-0.06988953,-0.06743778,-0.06457212,-0.06128924,-0.05759257,-0.053485,-0.04897746,-0.04408013,-0.03881033,-0.033186,-0.02723121,-0.02096999,-0.01443344,-0.007651085,-0.0006591718,0.006507423,0.01380839,0.02120552,0.0286553,0.03611728,0.04354659,0.05090205,0.05813872,0.06521611,0.07209065,0.07872391,0.08507494,0.09110849,0.09678731,0.1020805,0.1069553,0.1113853,0.1153431,0.1188079,0.1217566,0.1241743,0.1260443,0.1273551,0.1280962,0.1282627,0.1278464,0.1268499,0.1252709,0.1231144,0.1203877,0.1171021,0.1132685,0.1089109,0.1040488,0.09871269,0.09293828,0.08676893,0.08025008,0.07344272,0.06640702,0.05921516,0.0519426,0.04467108,0.03747576,0.03044079,0.02364439,0.01716212,0.01104021,0.00532976,6.185702e-05,-0.004728348,-0.009045798,-0.01289069,-0.01629565,-0.01929938,-0.02196195,-0.02435376,-0.02652556,-0.02848756,-0.03023927,-0.03181443,-0.03328425,-0.03471785,-0.03617605,-0.03770624,-0.03935267,-0.04113745,-0.0430466,-0.04503408,-0.04706537,-0.04912989,-0.05124031,-0.05338752,-0.05556334,-0.05773953,-0.05990446,-0.06203841,-0.06412215,-0.06612268,-0.06801476,-0.06977607,-0.0713854,-0.07281491,-0.07403706,-0.07502631,-0.07576252,-0.07621913,-0.07637364
-0.07533444,-0.07478695,-0.07381633,-0.07239847,-0.07052004,-0.06816474,-0.06532648,-0.0619968,-0.05817812,-0.05387037,-0.04908588,-0.04383322,-0.03813387,-0.0320065,-0.02548064,-0.01858384,-0.0113545,-0.003826843,0.003953254,0.01194498,0.02009763,0.02836554,0.036694,0.04503492,0.0533318,0.06153557,0.06958982,0.07744656,0.08505133,0.09235901,0.09931867,0.1058896,0.1120259,0.1176924,0.1228493,0.1274681,0.1315162,0.1349718,0.1378091,0.1400148,0.1415702,0.1424682,0.1426993,0.1422629,0.1411552,0.139386,0.1369566,0.1338836,0.1301804,0.1258681,0.1209693,0.1155202,0.1095491,0.1031051,0.09623501,0.08899695,0.08145241,0.07367961,0.06575105,0.05775759,0.04978538,0.04192882,0.03427586,0.0269231,0.01994457,0.0134094,0.007366646,0.001877484,-0.003039286,-0.007369346,-0.01115,-0.0144076,-0.01718009,-0.0194704,-0.02137585,-0.02303525,-0.02453166,-0.02584625,-0.0269261,-0.02779222,-0.02856237,-0.02935627,-0.03026409,-0.03134461,-0.03266663,-0.03427132,-0.03612338,-0.03811088,-0.04014588,-0.04219657,-0.04429974,-0.04650562,-0.04884192,-0.05124839,-0.05369295,-0.05614078,-0.05856841,-0.06093967,-0.06324035,-0.06544043,-0.06750569,-0.06939708,-0.07108783,-0.07254878,-0.07375098,-0.07465684,-0.07524204,-0.07547655
-0.07257317,-0.07201304,-0.07095885,-0.06938932,-0.06728389,-0.06462849,-0.06141203,-0.05763088,-0.05328471,-0.04838162,-0.04293174,-0.03695582,-0.03047562,-0.02352216,-0.01612942,-0.008338453,-0.0001921197,0.008258393,0.01696297,0.02586382,0.03490421,0.04402197,0.05315729,0.06224524,0.0712249,0.08003161,0.08860581,0.09688514,0.1048136,0.1123335,0.1193942,0.1259442,0.1319402,0.1373385,0.1421046,0.1462033,0.149609,0.1522966,0.1542505,0.1554541,0.1559022,0.1555892,0.1545174,0.1526918,0.150126,0.1468309,0.142833,0.1381542,0.1328269,0.1268892,0.1203851,0.1133602,0.105879,0.09800068,0.08979909,0.08135496,0.07275771,0.06409579,0.05547431,0.04699077,0.03875035,0.03085142,0.02338876,0.01643445,0.01006081,0.004321012,-0.0007420768,-0.005141323,-0.008881327,-0.01198586,-0.01449076,-0.01648597,-0.01793404,-0.01893204,-0.01972707,-0.02049289,-0.02122416,-0.02175475,-0.02193024,-0.02187305,-0.02187436,-0.02210933,-0.02262828,-0.02348152,-0.02476116,-0.02651009,-0.02856181,-0.03064914,-0.03264754,-0.03462791,-0.03678188,-0.03925287,-0.04190565,-0.04459356,-0.04729558,-0.0500453,-0.0528036,-0.05553317,-0.05818632,-0.06072258,-0.06311102,-0.06532143,-0.0673144,-0.06904631,-0.07048174,-0.07159036,-0.07233193,-0.0726698
-0.06814733,-0.06758605,-0.06646853,-0.06476288,-0.06245061,-0.05951296,-0.055943,-0.05173448,-0.04689359,-0.04142772,-0.03535823,-0.02870553,-0.02150469,-0.01379112,-0.005610788,0.002988162,0.01194806,0.02121242,0.03071421,0.04038912,0.05016542,0.05997377,0.06973919,0.07939119,0.08885489,0.09806082,0.1069369,0.1154178,0.1234368,0.1309349,0.1378532,0.1441413,0.1497498,0.1546384,0.1587685,0.1621113,0.1646408,0.1663397,0.1671936,0.167199,0.1663537,0.1646649,0.1621455,0.1588135,0.1546922,0.1498162,0.1442182,0.1379443,0.1310461,0.1235776,0.1156052,0.107204,0.09844855,0.08943,0.08024515,0.07099144,0.0617771,0.05271539,0.04391476,0.03548572,0.02753308,0.02014617,0.01340507,0.007374624,0.00209101,-0.002436713,-0.006206706,-0.009231459,-0.01155023,-0.01318502,-0.01434838,-0.01511924,-0.01528352,-0.01504305,-0.01495287,-0.01511593,-0.01525829,-0.01484619,-0.01370442,-0.01255394,-0.01193501,-0.01182511,-0.01214459,-0.01296405,-0.01454235,-0.01689808,-0.01937521,-0.02142747,-0.02314854,-0.02487668,-0.02707069,-0.02991161,-0.03293964,-0.03584399,-0.03888083,-0.04202921,-0.045153,-0.04821304,-0.05123042,-0.05414388,-0.05689986,-0.05944513,-0.0617471,-0.06377071,-0.06547358,-0.06679957,-0.06771456,-0.06817699
-0.06235203,-0.06181436,-0.06065313,-0.0588352,-0.0563437,-0.05315654,-0.04926971,-0.04467807,-0.0393925,-0.03342571,-0.02680257,-0.01955482,-0.01172217,-0.003350802,0.005503981,0.0147828,0.02442051,0.03434454,0.04448286,0.05475533,0.06508388,0.07538436,0.08557789,0.09557841,0.105309,0.1146859,0.1236373,0.1320847,0.1399642,0.1472051,0.1537542,0.1595509,0.1645546,0.1687168,0.1720115,0.1744035,0.1758816,0.1764252,0.1760399,0.1747179,0.1724816,0.1693393,0.1653264,0.1604668,0.1548139,0.148401,0.1413011,0.1335628,0.1252693,0.1164901,0.1073248,0.09784979,0.08818978,0.07843253,0.06870768,0.05911931,0.04980509,0.04085854,0.03241901,0.02456672,0.01741608,0.01101847,0.005448259,0.0006960812,-0.003205315,-0.006285938,-0.008511894,-0.01008738,-0.0109986,-0.01124818,-0.01124873,-0.01098021,-0.009406189,-0.007976146,-0.007513394,-0.007460427,-0.007285819,-0.006153298,-0.004015022,-0.00236676,-0.001644839,-0.00146433,-0.001652402,-0.002351992,-0.004024385,-0.006683005,-0.009026335,-0.0104447,-0.01144943,-0.01264986,-0.01514789,-0.0192304,-0.02265285,-0.02551108,-0.02883762,-0.03239359,-0.03583937,-0.03932456,-0.04277918,-0.04604894,-0.04915549,-0.05205544,-0.0547099,-0.05704075,-0.05901576,-0.06058422,-0.06169916,-0.06229796
-0.05556087,-0.05506705,-0.05389521,-0.05200009,-0.04936891,-0.04597717,-0.0418275,-0.03691354,-0.03125515,-0.0248656,-0.0177844,-0.0100421,-0.001695125,0.007206201,0.01659388,0.02640145,0.03654841,0.04695933,0.05754438,0.06821995,0.0788938,0.08947777,0.09987887,0.1100097,0.1197808,0.1291081,0.137909,0.1461066,0.1536284,0.1604073,0.1663838,0.1715033,0.1757214,0.1789982,0.181306,0.182621,0.1829346,0.1822394,0.1805447,0.1778625,0.1742206,0.1696462,0.1641892,0.1578924,0.1508216,0.1430413,0.1346314,0.1256708,0.1162639,0.1064972,0.09649178,0.08635565,0.0762129,0.0661806,0.05640045,0.04697794,0.03805036,0.02972163,0.0221057,0.01527408,0.009312053,0.004236219,7.979513e-05,-0.003175114,-0.00556283,-0.0071639,-0.007926296,-0.008209402,-0.007765323,-0.006354779,-0.005720725,-0.005055052,-0.002125795,-0.0004351059,-0.0002166787,-0.0001891048,-0.0001809754,-0.0001462805,-8.362667e-05,-3.598825e-05,-1.618156e-05,-1.077779e-05,-1.588872e-05,-3.46578e-05,-8.205246e-05,-0.0001568251,-0.0002219593,-0.0002626896,-0.0003281615,-0.0006828707,-0.00312859,-0.008262274,-0.01098761,-0.01315337,-0.01751579,-0.02177416,-0.02533977,-0.02919215,-0.03307086,-0.03672688,-0.04025538,-0.04351835,-0.04650561,-0.04917417,-0.05146907,-0.05329613,-0.05462522,-0.05539473
-0.04814462,-0.047748,-0.0466018,-0.04468041,-0.04196077,-0.0384292,-0.0340812,-0.02892518,-0.0229773,-0.01626778,-0.008830972,-0.000720075,0.008012275,0.01729769,0.02706411,0.03723051,0.04771416,0.05842092,0.06926177,0.08013728,0.09095259,0.1016077,0.1120086,0.1220568,0.1316624,0.1407334,0.1491879,0.1569436,0.1639296,0.1700766,0.1753277,0.1796294,0.1829413,0.185228,0.186468,0.1866457,0.1857588,0.1838132,0.1808285,0.1768297,0.1718581,0.1659622,0.1591996,0.1516413,0.1433672,0.1344611,0.1250259,0.1151649,0.104988,0.09462236,0.08419022,0.07381816,0.06364754,0.05380571,0.044417,0.03561284,0.02750267,0.02017985,0.01373105,0.008213239,0.003655227,6.998569e-05,-0.002592388,-0.004364362,-0.005371774,-0.005624148,-0.004725945,-0.004208073,-0.003057985,-0.000504525,-0.0001629894,-0.000133831,-4.132357e-05,7.144416e-06,1.295639e-05,1.277627e-05,NaN,NaN,NaN,NaN,NaN,NaN,NaN,NaN,NaN,NaN,NaN,2.234821e-05,2.557247e-05,1.77529e-05,-5.223517e-05,-0.0002102611,-0.0003077097,-0.0009752578,-0.006265264,-0.01029619,-0.01317963,-0.01828273,-0.02264643,-0.02651277,-0.03042923,-0.03408043,-0.03749483,-0.04053363,-0.04314216,-0.04528282,-0.04687179,-0.04783744
-0.04050006,-0.04022652,-0.03918301,-0.0372871,-0.03455834,-0.03094893,-0.02649597,-0.02117721,-0.0150487,-0.008115116,-0.0004539163,0.007909015,0.01687917,0.0264062,0.03638715,0.04675263,0.0573894,0.06821947,0.07912303,0.09001385,0.1007748,0.1113153,0.121522,0.1313068,0.1405648,0.1492126,0.1571575,0.1643253,0.1706389,0.1760363,0.1804592,0.1838608,0.1862044,0.1874609,0.1876171,0.1866634,0.1846131,0.1814767,0.1772926,0.172095,0.1659478,0.1589032,0.1510551,0.1424728,0.1332709,0.1235429,0.1134192,0.1030041,0.09245578,0.08187559,0.07143403,0.06124471,0.05146514,0.04219811,0.03360729,0.02575147,0.01876816,0.01269344,0.007618962,0.003517032,0.0004361031,-0.001714748,-0.002997862,-0.00337098,-0.003086759,-0.002604713,-0.0004927242,-0.0001263005,-8.404464e-05,6.717867e-07,7.998234e-06,NaN,NaN,NaN,NaN,NaN,NaN,NaN,NaN,NaN,NaN,NaN,NaN,NaN,NaN,NaN,NaN,NaN,NaN,NaN,NaN,NaN,2.441152e-05,1.321281e-05,-0.0001584701,-0.0002955095,-0.001258809,-0.007506817,-0.01120333,-0.01544125,-0.02017581,-0.02409187,-0.02791215,-0.03135905,-0.03440411,-0.03687155,-0.03876292,-0.03997959
-0.03290051,-0.03286033,-0.03196916,-0.03019242,-0.02752201,-0.02393798,-0.01945675,-0.01408686,-0.007869512,-0.0008398888,0.006942114,0.01541383,0.0244974,0.03411459,0.04416787,0.05456732,0.06520804,0.07598644,0.08679601,0.09752949,0.1080779,0.1183357,0.1281995,0.1375668,0.1463427,0.1544337,0.1617577,0.1682325,0.1737923,0.1783702,0.1819197,0.1843925,0.1857639,0.186007,0.1851224,0.1831062,0.1799843,0.1757784,0.1705433,0.1643225,0.1571988,0.1492432,0.1405583,0.1312395,0.1214163,0.1111929,0.1007239,0.09012833,0.07955958,0.06915464,0.05906865,0.04941551,0.04036096,0.0319954,0.02443759,0.01776835,0.01206962,0.007347752,0.003659174,0.0009548371,-0.0007938818,-0.001583734,-0.001761331,-0.001193335,-0.0001530464,-7.725724e-05,-5.661592e-06,5.094133e-06,NaN,NaN,NaN,NaN,NaN,NaN,NaN,NaN,NaN,NaN,NaN,NaN,NaN,NaN,NaN,NaN,NaN,NaN,NaN,NaN,NaN,NaN,NaN,NaN,NaN,NaN,NaN,2.553691e-05,7.309634e-07,-0.0002016849,-0.0005117393,-0.004749706,-0.0094808,-0.0134268,-0.01813909,-0.02200128,-0.02540873,-0.02834369,-0.03060156,-0.03212996
-0.02562775,-0.02587464,-0.02523757,-0.02367383,-0.02115342,-0.01768937,-0.01328146,-0.007963384,-0.001765572,0.005252788,0.01303199,0.02149715,0.03056616,0.04014243,0.05013565,0.06043451,0.07093695,0.08153068,0.09210607,0.1025488,0.1127534,0.1226068,0.1320077,0.140852,0.1490474,0.1565004,0.1631314,0.168862,0.1736287,0.1773714,0.1800464,0.1816149,0.1820563,0.181356,0.179518,0.1765545,0.1724982,0.1673883,0.1612837,0.1542548,0.1463869,0.1377731,0.1285296,0.1187697,0.1086253,0.09823779,0.08774465,0.07729338,0.06704057,0.0571177,0.04767419,0.03884546,0.03073588,0.0234526,0.01708715,0.01168369,0.007268818,0.003873056,0.00146631,-2.744134e-06,-0.0006569478,-0.000460966,-7.581337e-05,-3.684391e-05,1.390405e-06,-3.371553e-07,NaN,NaN,NaN,NaN,NaN,NaN,NaN,NaN,NaN,NaN,NaN,NaN,NaN,NaN,NaN,NaN,NaN,NaN,NaN,NaN,NaN,NaN,NaN,NaN,NaN,NaN,NaN,NaN,NaN,NaN,NaN,1.330756e-05,2.300152e-05,-0.0001200398,-0.0003612,-0.003218107,-0.008336086,-0.01229413,-0.01651381,-0.01991218,-0.02253632,-0.0245163
-0.01877548,-0.0194373,-0.01916295,-0.0178964,-0.01564347,-0.01239627,-0.008172829,-0.003003338,0.003062106,0.009962997,0.01763237,0.02597982,0.03491953,0.04434951,0.05416349,0.06425292,0.07450697,0.08480616,0.09504223,0.1050971,0.1148617,0.124225,0.1330865,0.141342,0.1489018,0.155675,0.1615865,0.166561,0.1705414,0.1734717,0.1753162,0.1760416,0.1756363,0.1740929,0.1714277,0.1676611,0.1628368,0.1570057,0.1502432,0.1426252,0.134256,0.125243,0.1157078,0.1057824,0.09561238,0.08533187,0.07510615,0.06507505,0.05538171,0.04618147,0.03759668,0.0297267,0.02270636,0.0165839,0.0113951,0.00723351,0.004033269,0.001775663,0.0004446146,-6.543927e-05,-3.295846e-05,-1.615315e-05,-2.181856e-08,NaN,NaN,NaN,NaN,NaN,NaN,NaN,NaN,NaN,NaN,NaN,NaN,NaN,NaN,NaN,NaN,NaN,NaN,NaN,NaN,NaN,NaN,NaN,NaN,NaN,NaN,NaN,NaN,NaN,NaN,NaN,NaN,NaN,NaN,NaN,NaN,NaN,2.184653e-05,-7.20447e-05,-0.0003317924,-0.003129357,-0.007698736,-0.01157442,-0.01481075,-0.01724774
-0.01246651,-0.0135751,-0.01381513,-0.01295093,-0.01107384,-0.00814793,-0.00421983,0.0006974365,0.006525714,0.01321471,0.02066418,0.02880567,0.03751767,0.04670653,0.05625305,0.06604797,0.0759647,0.08589783,0.09571781,0.1053198,0.1145848,0.1234116,0.1316896,0.1393295,0.1462341,0.1523263,0.1575252,0.1617709,0.1650021,0.1671788,0.1682628,0.1682376,0.1670914,0.1648341,0.1614816,0.1570731,0.1516568,0.1453006,0.1380806,0.1300986,0.1214576,0.1122797,0.1027002,0.09285625,0.08289015,0.07296614,0.06321947,0.05380252,0.04486196,0.03651768,0.02888665,0.02207152,0.01613655,0.01112608,0.007062,0.004027801,0.001755036,0.0005222108,1.75644e-05,-6.954314e-06,-1.48261e-06,NaN,NaN,NaN,NaN,NaN,NaN,NaN,NaN,NaN,NaN,NaN,NaN,NaN,NaN,NaN,NaN,NaN,NaN,NaN,NaN,NaN,NaN,NaN,NaN,NaN,NaN,NaN,NaN,NaN,NaN,NaN,NaN,NaN,NaN,NaN,NaN,NaN,NaN,NaN,NaN,NaN,1.788773e-05,-7.535883e-05,-0.0003740384,-0.00385587,-0.007161236,-0.01044622
-0.006370135,-0.008351346,-0.009183883,-0.008802774,-0.007430215,-0.004940814,-0.001411109,0.003152835,0.00864626,0.01501984,0.02217354,0.03001408,0.0384224,0.04729772,0.05650544,0.06594025,0.07546935,0.08497743,0.09434248,0.1034541,0.1121933,0.120461,0.1281516,0.1351749,0.1414401,0.1468729,0.1514,0.1549647,0.1575142,0.1590132,0.1594327,0.1587619,0.1569984,0.1541588,0.1502714,0.1453823,0.1395482,0.1328475,0.1253704,0.1172186,0.1085103,0.09937875,0.08995266,0.08038598,0.07082353,0.06140855,0.05230411,0.04363693,0.03551441,0.028108,0.02146953,0.01562013,0.0107545,0.006779343,0.003487088,0.001603236,0.0001270798,1.080228e-05,-1.650587e-06,-4.876353e-06,NaN,NaN,NaN,NaN,NaN,NaN,NaN,NaN,NaN,NaN,NaN,NaN,NaN,NaN,NaN,NaN,NaN,NaN,NaN,NaN,NaN,NaN,NaN,NaN,NaN,NaN,NaN,NaN,NaN,NaN,NaN,NaN,NaN,NaN,NaN,NaN,NaN,NaN,NaN,NaN,NaN,NaN,NaN,-5.218679e-06,1.519855e-05,-0.0001185202,-0.000516003,-0.004287562
-0.0009779359,-0.003702091,-0.005130511,-0.005404267,-0.004618913,-0.002690367,0.0003471817,0.004447239,0.009520426,0.01549183,0.0222619,0.02973559,0.03777647,0.04627031,0.05509756,0.06412572,0.07322831,0.08228771,0.09117717,0.09978387,0.1079975,0.1157126,0.1228305,0.1292622,0.1349248,0.1397451,0.1436582,0.1466104,0.1485583,0.1494705,0.1493278,0.1481244,0.1458687,0.1425832,0.1383045,0.1330854,0.1269961,0.1201181,0.1125478,0.1044013,0.09579758,0.08686717,0.07776206,0.06861745,0.05957283,0.05079532,0.04240964,0.03453067,0.02727794,0.02077104,0.01506495,0.01013136,0.006142682,0.003060862,0.0005352024,5.932398e-05,-2.404199e-06,-3.756541e-06,NaN,NaN,NaN,NaN,NaN,NaN,NaN,NaN,NaN,NaN,NaN,NaN,NaN,NaN,NaN,NaN,NaN,NaN,NaN,NaN,NaN,NaN,NaN,NaN,NaN,NaN,NaN,NaN,NaN,NaN,NaN,NaN,NaN,NaN,NaN,NaN,NaN,NaN,NaN,NaN,NaN,NaN,NaN,NaN,NaN,NaN,NaN,3.22459e-06,1.017948e-05,-0.0001666832
-1.433739e-05,-0.0002031581,-0.001695579,-0.00252902,-0.002517457,-0.001257182,0.001193449,0.004745375,0.009305459,0.01478082,0.02111499,0.02814766,0.03576639,0.04384115,0.05224407,0.06083902,0.06950204,0.07809501,0.08651042,0.09462079,0.1023231,0.1095081,0.1160896,0.121971,0.1270831,0.1313489,0.1347185,0.1371348,0.1385697,0.1389894,0.1383907,0.1367658,0.1341386,0.1305296,0.1259939,0.1205817,0.1143753,0.1074564,0.09994069,0.09192832,0.08355834,0.07495885,0.06627325,0.05764361,0.04920754,0.04108381,0.03346566,0.02639109,0.0198898,0.01427719,0.009464994,0.005036078,0.002124687,0.0001756203,6.354717e-06,-3.830521e-06,NaN,NaN,NaN,NaN,NaN,NaN,NaN,NaN,NaN,NaN,NaN,NaN,NaN,NaN,NaN,NaN,NaN,NaN,NaN,NaN,NaN,NaN,NaN,NaN,NaN,NaN,NaN,NaN,NaN,NaN,NaN,NaN,NaN,NaN,NaN,NaN,NaN,NaN,NaN,NaN,NaN,NaN,NaN,NaN,NaN,NaN,NaN,NaN,NaN,NaN,NaN,9.395337e-06
-1.07216e-05,7.970205e-06,-6.812389e-05,-0.0002836717,-0.0009925141,-0.0004475916,0.001310065,0.004224569,0.008187666,0.01310343,0.0189165,0.02547416,0.0326192,0.04023049,0.04819261,0.0563385,0.06454529,0.07268478,0.08063178,0.08826523,0.09548427,0.1021793,0.1082635,0.113649,0.1182676,0.1220495,0.1249468,0.1269112,0.1279174,0.1279409,0.1269818,0.1250419,0.1221492,0.1183335,0.1136508,0.1081602,0.1019511,0.09510824,0.08774305,0.07997499,0.07192983,0.06372694,0.05553784,0.04747453,0.03964047,0.03220453,0.02531752,0.01897443,0.01318496,0.00824716,0.004311072,0.0006199519,8.46048e-05,-4.141273e-06,3.862304e-06,NaN,NaN,NaN,NaN,NaN,NaN,NaN,NaN,NaN,NaN,NaN,NaN,NaN,NaN,NaN,NaN,NaN,NaN,NaN,NaN,NaN,NaN,NaN,NaN,NaN,NaN,NaN,NaN,NaN,NaN,NaN,NaN,NaN,NaN,NaN,NaN,NaN,NaN,NaN,NaN,NaN,NaN,NaN,NaN,NaN,NaN,NaN,NaN,NaN,NaN,NaN,NaN,NaN
NaN,NaN,6.994744e-07,-2.262372e-06,-5.590869e-05,-7.541187e-05,0.0008517274,0.003117508,0.006379594,0.01063857,0.01591558,0.02193336,0.02855782,0.03569302,0.04318447,0.05087447,0.05863334,0.06631945,0.0738204,0.08100653,0.08777457,0.09401956,0.09965937,0.1046042,0.1087921,0.1121561,0.1146556,0.1162452,0.1169068,0.1166198,0.1153921,0.113229,0.1101651,0.1062338,0.1014999,0.09602528,0.08989862,0.0832108,0.07608184,0.0686159,0.06094745,0.05319574,0.04550683,0.03802481,0.03080529,0.02393396,0.01779198,0.01216498,0.006678783,0.002743141,0.0002711542,4.928126e-06,-1.940076e-07,NaN,NaN,NaN,NaN,NaN,NaN,NaN,NaN,NaN,NaN,NaN,NaN,NaN,NaN,NaN,NaN,NaN,NaN,NaN,NaN,NaN,NaN,NaN,NaN,NaN,NaN,NaN,NaN,NaN,NaN,NaN,NaN,NaN,NaN,NaN,NaN,NaN,NaN,NaN,NaN,NaN,NaN,NaN,NaN,NaN,NaN,NaN,NaN,NaN,NaN,NaN,NaN,NaN,NaN,NaN
NaN,NaN,NaN,-7.194818e-06,1.469878e-06,-4.370096e-06,0.0001398427,0.001583185,0.004071407,0.00763477,0.01229583,0.01776433,0.02382387,0.03043986,0.03747049,0.04469475,0.05199932,0.05925877,0.06633172,0.07309648,0.07945414,0.08529531,0.09053691,0.09509705,0.09891454,0.1019277,0.1040977,0.1053858,0.1057765,0.1052564,0.103836,0.1015282,0.09837061,0.09440321,0.08968899,0.08429566,0.07831891,0.07184605,0.06498645,0.05787122,0.05060929,0.04328775,0.03611756,0.02920785,0.02249876,0.01618153,0.0106396,0.00567353,0.000956653,0.0001300354,-5.540691e-06,1.187992e-05,NaN,NaN,NaN,NaN,NaN,NaN,NaN,NaN,NaN,NaN,NaN,NaN,NaN,NaN,NaN,NaN,NaN,NaN,NaN,NaN,NaN,NaN,NaN,NaN,NaN,NaN,NaN,NaN,NaN,NaN,NaN,NaN,NaN,NaN,NaN,NaN,NaN,NaN,NaN,NaN,NaN,NaN,NaN,NaN,NaN,NaN,NaN,NaN,NaN,NaN,NaN,NaN,NaN,NaN,NaN,NaN
NaN,NaN,NaN,NaN,NaN,-1.59118e-06,1.651664e-07,0.0001305871,0.001578123,0.004172387,0.008331393,0.01316987,0.01860047,0.02471988,0.03125978,0.03801701,0.04488486,0.05172047,0.05839157,0.06477036,0.07074913,0.07622682,0.08112141,0.08534948,0.08885198,0.0915721,0.09347459,0.09452439,0.09470969,0.09402148,0.09247476,0.09008636,0.08689576,0.0829466,0.07830757,0.07304823,0.06725639,0.06102737,0.05447246,0.04770726,0.04084789,0.03396531,0.02722338,0.02089108,0.01469144,0.008548331,0.003977728,0.0004572435,1.864334e-05,3.396019e-06,NaN,NaN,NaN,NaN,NaN,NaN,NaN,NaN,NaN,NaN,NaN,NaN,NaN,NaN,NaN,NaN,NaN,NaN,NaN,NaN,NaN,NaN,NaN,NaN,NaN,NaN,NaN,NaN,NaN,NaN,NaN,NaN,NaN,NaN,NaN,NaN,NaN,NaN,NaN,NaN,NaN,NaN,NaN,NaN,NaN,NaN,NaN,NaN,NaN,NaN,NaN,NaN,NaN,NaN,NaN,NaN,NaN,NaN
NaN,NaN,NaN,NaN,NaN,NaN,-4.96385e-07,-4.542552e-06,9.629416e-05,0.0008564417,0.004115796,0.008356974,0.0131189,0.01868226,0.02477797,0.03104812,0.03746902,0.04391668,0.05020198,0.05621444,0.06185463,0.06700937,0.07159583,0.07553753,0.07877547,0.08125594,0.08294457,0.08381077,0.08384428,0.08304108,0.08141828,0.07899765,0.07582098,0.07193552,0.06740585,0.06230284,0.05672641,0.05075926,0.0444886,0.03808383,0.03163043,0.02507945,0.018778,0.01297945,0.007116101,0.001735809,0.0002499901,-3.991669e-06,1.830631e-05,NaN,NaN,NaN,NaN,NaN,NaN,NaN,NaN,NaN,NaN,NaN,NaN,NaN,NaN,NaN,NaN,NaN,NaN,NaN,NaN,NaN,NaN,NaN,NaN,NaN,NaN,NaN,NaN,NaN,NaN,NaN,NaN,NaN,NaN,NaN,NaN,NaN,NaN,NaN,NaN,NaN,NaN,NaN,NaN,NaN,NaN,NaN,NaN,NaN,NaN,NaN,NaN,NaN,NaN,NaN,NaN,NaN,NaN,NaN
NaN,NaN,NaN,NaN,NaN,NaN,NaN,2.550639e-06,-3.298606e-06,3.156566e-05,0.0004787079,0.00357521,0.007423881,0.01257766,0.01817795,0.0239448,0.02995482,0.03600661,0.04192957,0.04760838,0.05293375,0.05779452,0.06211683,0.06581208,0.06882802,0.07110924,0.07262997,0.07335506,0.07328231,0.07240451,0.07074852,0.06833152,0.06520137,0.06139982,0.05700575,0.05207876,0.04671596,0.04100304,0.03502782,0.02892605,0.02286459,0.01665361,0.0105157,0.005506474,0.0008299963,7.50113e-05,2.698708e-06,2.302183e-05,NaN,NaN,NaN,NaN,NaN,NaN,NaN,NaN,NaN,NaN,NaN,NaN,NaN,NaN,NaN,NaN,NaN,NaN,NaN,NaN,NaN,NaN,NaN,NaN,NaN,NaN,NaN,NaN,NaN,NaN,NaN,NaN,NaN,NaN,NaN,NaN,NaN,NaN,NaN,NaN,NaN,NaN,NaN,NaN,NaN,NaN,NaN,NaN,NaN,NaN,NaN,NaN,NaN,NaN,NaN,NaN,NaN,NaN,NaN,NaN
NaN,NaN,NaN,NaN,NaN,NaN,NaN,NaN,3.650279e-06,4.787791e-06,1.346641e-06,0.0003098526,0.002141148,0.006421631,0.0116531,0.0168844,0.02244404,0.02816439,0.03372376,0.03908023,0.04412409,0.04872517,0.05280622,0.05628925,0.05911703,0.06123907,0.06262613,0.06324804,0.06309988,0.06218066,0.06051547,0.05812843,0.0550641,0.05137086,0.04711486,0.04235847,0.03721305,0.03176145,0.02599723,0.02022095,0.01454754,0.008458667,0.003038498,0.0004861637,1.353325e-05,2.106821e-05,2.054686e-05,NaN,NaN,NaN,NaN,NaN,NaN,NaN,NaN,NaN,NaN,NaN,NaN,NaN,NaN,NaN,NaN,NaN,NaN,NaN,NaN,NaN,NaN,NaN,NaN,NaN,NaN,NaN,NaN,NaN,NaN,NaN,NaN,NaN,NaN,NaN,NaN,NaN,NaN,NaN,NaN,NaN,NaN,NaN,NaN,NaN,NaN,NaN,NaN,NaN,NaN,NaN,NaN,NaN,NaN,NaN,NaN,NaN,NaN,NaN,NaN,NaN
NaN,NaN,NaN,NaN,NaN,NaN,NaN,NaN,NaN,NaN,1.017389e-05,-4.141392e-06,0.0001489543,0.001132817,0.005342331,0.009905114,0.01513558,0.02048854,0.02569366,0.03077,0.03554027,0.03989866,0.04377278,0.0470731,0.04973883,0.05172699,0.05300843,0.05355312,0.0533554,0.05241701,0.05076481,0.04842505,0.04543518,0.0418472,0.03773579,0.03315691,0.02818868,0.02298281,0.01745175,0.0118267,0.006661403,0.001502275,0.0002218434,4.724627e-06,2.884891e-05,NaN,NaN,NaN,NaN,NaN,NaN,NaN,NaN,NaN,NaN,NaN,NaN,NaN,NaN,NaN,NaN,NaN,NaN,NaN,NaN,NaN,NaN,NaN,NaN,NaN,NaN,NaN,NaN,NaN,NaN,NaN,NaN,NaN,NaN,NaN,NaN,NaN,NaN,NaN,NaN,NaN,NaN,NaN,NaN,NaN,NaN,NaN,NaN,NaN,NaN,NaN,NaN,NaN,NaN,NaN,NaN,NaN,NaN,NaN,NaN,NaN,NaN,NaN
NaN,NaN,NaN,NaN,NaN,NaN,NaN,NaN,NaN,NaN,NaN,1.101284e-05,6.746693e-06,5.180322e-05,0.0006776659,0.003509596,0.008002959,0.01312337,0.01796581,0.02274375,0.02728197,0.03142108,0.03510117,0.03823535,0.04076426,0.04264207,0.04384177,0.04432797,0.04409928,0.04315344,0.04152447,0.03923595,0.03632997,0.03285305,0.02887609,0.02443521,0.01966181,0.01469784,0.009227498,0.004198331,0.0008558038,7.94313e-05,2.032161e-05,2.809387e-05,NaN,NaN,NaN,NaN,NaN,NaN,NaN,NaN,NaN,NaN,NaN,NaN,NaN,NaN,NaN,NaN,NaN,NaN,NaN,NaN,NaN,NaN,NaN,NaN,NaN,NaN,NaN,NaN,NaN,NaN,NaN,NaN,NaN,NaN,NaN,NaN,NaN,NaN,NaN,NaN,NaN,NaN,NaN,NaN,NaN,NaN,NaN,NaN,NaN,NaN,NaN,NaN,NaN,NaN,NaN,NaN,NaN,NaN,NaN,NaN,NaN,NaN,NaN,NaN
NaN,NaN,NaN,NaN,NaN,NaN,NaN,NaN,NaN,NaN,NaN,NaN,6.141428e-06,1.600211e-05,1.789169e-05,0.0003703609,0.001911496,0.006177257,0.01054704,0.01514212,0.01942608,0.0233471,0.02686483,0.02985733,0.03226145,0.03404153,0.03517373,0.03561482,0.03536722,0.03442395,0.0328275,0.03059739,0.02776569,0.02437837,0.0205388,0.01625971,0.01154594,0.006933314,0.002219844,0.00045296,3.309651e-05,3.196096e-05,1.960071e-05,NaN,NaN,NaN,NaN,NaN,NaN,NaN,NaN,NaN,NaN,NaN,NaN,NaN,NaN,NaN,NaN,NaN,NaN,NaN,NaN,NaN,NaN,NaN,NaN,NaN,NaN,NaN,NaN,NaN,NaN,NaN,NaN,NaN,NaN,NaN,NaN,NaN,NaN,NaN,NaN,NaN,NaN,NaN,NaN,NaN,NaN,NaN,NaN,NaN,NaN,NaN,NaN,NaN,NaN,NaN,NaN,NaN,NaN,NaN,NaN,NaN,NaN,NaN,NaN,NaN
NaN,NaN,NaN,NaN,NaN,NaN,NaN,NaN,NaN,NaN,NaN,NaN,NaN,2.089549e-06,1.880536e-05,1.701092e-05,0.0001673078,0.001070219,0.003911399,0.007958019,0.01202318,0.01578041,0.01912219,0.0219803,0.02427226,0.02597567,0.02705199,0.02746008,0.02719769,0.02626059,0.02468864,0.02251559,0.01975827,0.01648027,0.01271941,0.008562764,0.004294383,0.001217298,0.0002040577,3.061401e-05,3.411077e-05,1.369116e-05,NaN,NaN,NaN,NaN,NaN,NaN,NaN,NaN,NaN,NaN,NaN,NaN,NaN,NaN,NaN,NaN,NaN,NaN,NaN,NaN,NaN,NaN,NaN,NaN,NaN,NaN,NaN,NaN,NaN,NaN,NaN,NaN,NaN,NaN,NaN,NaN,NaN,NaN,NaN,NaN,NaN,NaN,NaN,NaN,NaN,NaN,NaN,NaN,NaN,NaN,NaN,NaN,NaN,NaN,NaN,NaN,NaN,NaN,NaN,NaN,NaN,NaN,NaN,NaN,NaN,NaN
NaN,NaN,NaN,NaN,NaN,NaN,NaN,NaN,NaN,NaN,NaN,NaN,NaN,NaN,2.752946e-06,1.316941e-05,2.56591e-05,7.813991e-05,0.0005661263,0.002096476,0.005324437,0.008707323,0.01191585,0.01467792,0.01686022,0.01848711,0.01951199,0.01989104,0.01961951,0.01869287,0.01715258,0.01503962,0.01232086,0.009108981,0.005645014,0.002274295,0.0006303655,9.82679e-05,3.944723e-05,2.602413e-05,1.41261e-05,NaN,NaN,NaN,NaN,NaN,NaN,NaN,NaN,NaN,NaN,NaN,NaN,NaN,NaN,NaN,NaN,NaN,NaN,NaN,NaN,NaN,NaN,NaN,NaN,NaN,NaN,NaN,NaN,NaN,NaN,NaN,NaN,NaN,NaN,NaN,NaN,NaN,NaN,NaN,NaN,NaN,NaN,NaN,NaN,NaN,NaN,NaN,NaN,NaN,NaN,NaN,NaN,NaN,NaN,NaN,NaN,NaN,NaN,NaN,NaN,NaN,NaN,NaN,NaN,NaN,NaN,NaN
NaN,NaN,NaN,NaN,NaN,NaN,NaN,NaN,NaN,NaN,NaN,NaN,NaN,NaN,NaN,7.551886e-06,7.255863e-06,2.731689e-05,5.282263e-05,0.0002660857,0.001077608,0.002835741,0.005472574,0.0079732,0.01003174,0.01160314,0.01259135,0.01294652,0.01266586,0.01173866,0.01021241,0.00817581,0.0056672,0.002981013,0.001149981,0.0002967511,6.676368e-05,3.998352e-05,1.832052e-05,1.931331e-05,NaN,NaN,NaN,NaN,NaN,NaN,NaN,NaN,NaN,NaN,NaN,NaN,NaN,NaN,NaN,NaN,NaN,NaN,NaN,NaN,NaN,NaN,NaN,NaN,NaN,NaN,NaN,NaN,NaN,NaN,NaN,NaN,NaN,NaN,NaN,NaN,NaN,NaN,NaN,NaN,NaN,NaN,NaN,NaN,NaN,NaN,NaN,NaN,NaN,NaN,NaN,NaN,NaN,NaN,NaN,NaN,NaN,NaN,NaN,NaN,NaN,NaN,NaN,NaN,NaN,NaN,NaN,NaN
NaN,NaN,NaN,NaN,NaN,NaN,NaN,NaN,NaN,NaN,NaN,NaN,NaN,NaN,NaN,NaN,1.229058e-05,6.966778e-06,2.031747e-05,4.732652e-05,0.0001364801,0.0004920833,0.001329746,0.002651654,0.004195684,0.005536668,0.006418492,0.006730792,0.006462716,0.005608863,0.004276537,0.002722405,0.001379973,0.0005235593,0.0001520264,5.899343e-05,3.099936e-05,1.722973e-05,2.400301e-05,NaN,NaN,NaN,NaN,NaN,NaN,NaN,NaN,NaN,NaN,NaN,NaN,NaN,NaN,NaN,NaN,NaN,NaN,NaN,NaN,NaN,NaN,NaN,NaN,NaN,NaN,NaN,NaN,NaN,NaN,NaN,NaN,NaN,NaN,NaN,NaN,NaN,NaN,NaN,NaN,NaN,NaN,NaN,NaN,NaN,NaN,NaN,NaN,NaN,NaN,NaN,NaN,NaN,NaN,NaN,NaN,NaN,NaN,NaN,NaN,NaN,NaN,NaN,NaN,NaN,NaN,NaN,NaN,NaN
NaN,NaN,NaN,NaN,NaN,NaN,NaN,NaN,NaN,NaN,NaN,NaN,NaN,NaN,NaN,NaN,NaN,1.366841e-05,1.159983e-05,1.416722e-05,3.858639e-05,8.750477e-05,0.0002260438,0.000544157,0.001044615,0.001599709,0.002055869,0.002228566,0.002074863,0.001629321,0.001068222,0.0005621595,0.0002388054,9.806598e-05,4.809688e-05,2.33232e-05,2.140202e-05,2.465424e-05,NaN,NaN,NaN,NaN,NaN,NaN,NaN,NaN,NaN,NaN,NaN,NaN,NaN,NaN,NaN,NaN,NaN,NaN,NaN,NaN,NaN,NaN,NaN,NaN,NaN,NaN,NaN,NaN,NaN,NaN,NaN,NaN,NaN,NaN,NaN,NaN,NaN,NaN,NaN,NaN,NaN,NaN,NaN,NaN,NaN,NaN,NaN,NaN,NaN,NaN,NaN,NaN,NaN,NaN,NaN,NaN,NaN,NaN,NaN,NaN,NaN,NaN,NaN,NaN,NaN,NaN,NaN,NaN,NaN,NaN
NaN,NaN,NaN,NaN,NaN,NaN,NaN,NaN,NaN,NaN,NaN,NaN,NaN,NaN,NaN,NaN,NaN,NaN,1.23135e-05,1.549878e-05,1.504925e-05,2.711093e-05,6.085726e-05,0.0001212013,0.0002236477,0.0003573942,0.0004844221,0.0005357893,0.0004902072,0.0003664859,0.000231363,0.0001285794,6.825694e-05,3.469922e-05,2.305721e-05,2.456459e-05,2.211717e-05,NaN,NaN,NaN,NaN,NaN,NaN,NaN,NaN,NaN,NaN,NaN,NaN,NaN,NaN,NaN,NaN,NaN,NaN,NaN,NaN,NaN,NaN,NaN,NaN,NaN,NaN,NaN,NaN,NaN,NaN,NaN,NaN,NaN,NaN,NaN,NaN,NaN,NaN,NaN,NaN,NaN,NaN,NaN,NaN,NaN,NaN,NaN,NaN,NaN,NaN,NaN,NaN,NaN,NaN,NaN,NaN,NaN,NaN,NaN,NaN,NaN,NaN,NaN,NaN,NaN,NaN,NaN,NaN,NaN,NaN,NaN
NaN,NaN,NaN,NaN,NaN,NaN,NaN,NaN,NaN,NaN,NaN,NaN,NaN,NaN,NaN,NaN,NaN,NaN,NaN,1.087107e-05,1.556289e-05,1.842662e-05,2.343675e-05,3.977619e-05,6.914219e-05,0.0001047682,0.0001371866,0.0001505788,0.0001394697,0.0001086421,7.36574e-05,4.495009e-05,2.935076e-05,2.531047e-05,2.338475e-05,1.939242e-05,NaN,NaN,NaN,NaN,NaN,NaN,NaN,NaN,NaN,NaN,NaN,NaN,NaN,NaN,NaN,NaN,NaN,NaN,NaN,NaN,NaN,NaN,NaN,NaN,NaN,NaN,NaN,NaN,NaN,NaN,NaN,NaN,NaN,NaN,NaN,NaN,NaN,NaN,NaN,NaN,NaN,NaN,NaN,NaN,NaN,NaN,NaN,NaN,NaN,NaN,NaN,NaN,NaN,NaN,NaN,NaN,NaN,NaN,NaN,NaN,NaN,NaN,NaN,NaN,NaN,NaN,NaN,NaN,NaN,NaN,NaN,NaN
NaN,NaN,NaN,NaN,NaN,NaN,NaN,NaN,NaN,NaN,NaN,NaN,NaN,NaN,NaN,NaN,NaN,NaN,NaN,1.21257e-05,1.140013e-05,1.301969e-05,1.779479e-05,2.306942e-05,3.079199e-05,4.109638e-05,5.169039e-05,5.625472e-05,5.310763e-05,4.37258e-05,3.425261e-05,2.744888e-05,2.308658e-05,1.912801e-05,1.833173e-05,1.999799e-05,NaN,NaN,NaN,NaN,NaN,NaN,NaN,NaN,NaN,NaN,NaN,NaN,NaN,NaN,NaN,NaN,NaN,NaN,NaN,NaN,NaN,NaN,NaN,NaN,NaN,NaN,NaN,NaN,NaN,NaN,NaN,NaN,NaN,NaN,NaN,NaN,NaN,NaN,NaN,NaN,NaN,NaN,NaN,NaN,NaN,NaN,NaN,NaN,NaN,NaN,NaN,NaN,NaN,NaN,NaN,NaN,NaN,NaN,NaN,NaN,NaN,NaN,NaN,NaN,NaN,NaN,NaN,NaN,NaN,NaN,NaN,NaN
NaN,NaN,NaN,NaN,NaN,NaN,NaN,NaN,NaN,NaN,NaN,NaN,NaN,NaN,NaN,NaN,NaN,NaN,NaN,NaN,1.026326e-05,1.111316e-05,1.105736e-05,1.325599e-05,1.790343e-05,2.29539e-05,2.734144e-05,2.922308e-05,2.830346e-05,2.478387e-05,2.049582e-05,1.656842e-05,1.509295e-05,1.592655e-05,1.578945e-05,NaN,NaN,NaN,NaN,NaN,NaN,NaN,NaN,NaN,NaN,NaN,NaN,NaN,NaN,NaN,NaN,NaN,NaN,NaN,NaN,NaN,NaN,NaN,NaN,NaN,NaN,NaN,NaN,NaN,NaN,NaN,NaN,NaN,NaN,NaN,NaN,NaN,NaN,NaN,NaN,NaN,NaN,NaN,NaN,NaN,NaN,NaN,NaN,NaN,NaN,NaN,NaN,NaN,NaN,NaN,NaN,NaN,NaN,NaN,NaN,NaN,NaN,NaN,NaN,NaN,NaN,NaN,NaN,NaN,NaN,NaN,NaN,NaN
NaN,NaN,NaN,NaN,NaN,NaN,NaN,NaN,NaN,NaN,NaN,NaN,NaN,NaN,NaN,NaN,NaN,NaN,NaN,NaN,NaN,5.722151e-06,6.953045e-06,7.93617e-06,9.122841e-06,1.062825e-05,1.230402e-05,1.308611e-05,1.284149e-05,1.167339e-05,1.061434e-05,9.884168e-06,9.34492e-06,8.516819e-06,NaN,NaN,NaN,NaN,NaN,NaN,NaN,NaN,NaN,NaN,NaN,NaN,NaN,NaN,NaN,NaN,NaN,NaN,NaN,NaN,NaN,NaN,NaN,NaN,NaN,NaN,NaN,NaN,NaN,NaN,NaN,NaN,NaN,NaN,NaN,NaN,NaN,NaN,NaN,NaN,NaN,NaN,NaN,NaN,NaN,NaN,NaN,NaN,NaN,NaN,NaN,NaN,NaN,NaN,NaN,NaN,NaN,NaN,NaN,NaN,NaN,NaN,NaN,NaN,NaN,NaN,NaN,NaN,NaN,NaN,NaN,NaN,NaN,NaN
NaN,NaN,NaN,NaN,NaN,NaN,NaN,NaN,NaN,NaN,NaN,NaN,NaN,NaN,NaN,NaN,NaN,NaN,NaN,NaN,NaN,2.627764e-06,1.290583e-06,1.33466e-06,2.58339e-06,3.639367e-06,4.251725e-06,4.453713e-06,4.409567e-06,3.937567e-06,3.027804e-06,1.889127e-06,1.967019e-06,3.49519e-06,NaN,NaN,NaN,NaN,NaN,NaN,NaN,NaN,NaN,NaN,NaN,NaN,NaN,NaN,NaN,NaN,NaN,NaN,NaN,NaN,NaN,NaN,NaN,NaN,NaN,NaN,NaN,NaN,NaN,NaN,NaN,NaN,NaN,NaN,NaN,NaN,NaN,NaN,NaN,NaN,NaN,NaN,NaN,NaN,NaN,NaN,NaN,NaN,NaN,NaN,NaN,NaN,NaN,NaN,NaN,NaN,NaN,NaN,NaN,NaN,NaN,NaN,NaN,NaN,NaN,NaN,NaN,NaN,NaN,NaN,NaN,NaN,NaN,NaN
NaN,NaN,NaN,NaN,NaN,NaN,NaN,NaN,NaN,NaN,NaN,NaN,NaN,NaN,NaN,NaN,NaN,NaN,NaN,NaN,NaN,0,0,0,0,0,0,0,0,0,0,0,0,0,NaN,NaN,NaN,NaN,NaN,NaN,NaN,NaN,NaN,NaN,NaN,NaN,NaN,NaN,NaN,NaN,NaN,NaN,NaN,NaN,NaN,NaN,NaN,NaN,NaN,NaN,NaN,NaN,NaN,NaN,NaN,NaN,NaN,NaN,NaN,NaN,NaN,NaN,NaN,NaN,NaN,NaN,NaN,NaN,NaN,NaN,NaN,NaN,NaN,NaN,NaN,NaN,NaN,NaN,NaN,NaN,NaN,NaN,NaN,NaN,NaN,NaN,NaN,NaN,NaN,NaN,NaN,NaN,NaN,NaN,NaN,NaN,NaN,NaN
