NaN,NaN,NaN,NaN,NaN,NaN,NaN,NaN,NaN,NaN,NaN,NaN,NaN,NaN,NaN,NaN,NaN,NaN,NaN,NaN,NaN,0,0,0,0,0,0,0,0,0,0,0,0,0,NaN,NaN,NaN,NaN,NaN,NaN,NaN,NaN,NaN,NaN,NaN,NaN,NaN,NaN,NaN,NaN,NaN,NaN,NaN,NaN,NaN,NaN,NaN,NaN,NaN,NaN,NaN,NaN,NaN,NaN,NaN,NaN,NaN,NaN,NaN,NaN,NaN,NaN,NaN,NaN,NaN,NaN,NaN,NaN,NaN,NaN,NaN,NaN,NaN,NaN,NaN,NaN,NaN,NaN,NaN,NaN,NaN,NaN,NaN,NaN,NaN,NaN,NaN,NaN,NaN,NaN,NaN,NaN,NaN,NaN,NaN,NaN,NaN,NaN
NaN,NaN,NaN,NaN,NaN,NaN,NaN,NaN,NaN,NaN,NaN,NaN,NaN,NaN,NaN,NaN,NaN,NaN,NaN,NaN,NaN,-3.686e-08,-1.186615e-07,-1.191464e-07,-8.268051e-08,-4.384247e-08,-3.891105e-08,-3.650774e-08,-5.636258e-08,-7.631504e-08,-1.21829e-07,-1.579179e-07,-1.676434e-07,-1.248716e-07,NaN,NaN,NaN,NaN,NaN,NaN,NaN,NaN,NaN,NaN,NaN,NaN,NaN,NaN,NaN,NaN,NaN,NaN,NaN,NaN,NaN,NaN,NaN,NaN,NaN,NaN,NaN,NaN,NaN,NaN,NaN,NaN,NaN,NaN,NaN,NaN,NaN,NaN,NaN,NaN,NaN,NaN,NaN,NaN,NaN,NaN,NaN,NaN,NaN,NaN,NaN,NaN,NaN,NaN,NaN,NaN,NaN,NaN,NaN,NaN,NaN,NaN,NaN,NaN,NaN,NaN,NaN,NaN,NaN,NaN,NaN,NaN,NaN,NaN
NaN,NaN,NaN,NaN,NaN,NaN,NaN,NaN,NaN,NaN,NaN,NaN,NaN,NaN,NaN,NaN,NaN,NaN,NaN,NaN,NaN,-2.753891e-07,-2.620181e-07,-2.424713e-07,-2.380739e-07,-2.040208e-07,-1.875186e-07,-1.860739e-07,-2.399373e-07,-3.014285e-07,-3.749196e-07,-4.159526e-07,-4.693142e-07,-5.101758e-07,NaN,NaN,NaN,NaN,NaN,NaN,NaN,NaN,NaN,NaN,NaN,NaN,NaN,NaN,NaN,NaN,NaN,NaN,NaN,NaN,NaN,NaN,NaN,NaN,NaN,NaN,NaN,NaN,NaN,NaN,NaN,NaN,NaN,NaN,NaN,NaN,NaN,NaN,NaN,NaN,NaN,NaN,NaN,NaN,NaN,NaN,NaN,NaN,NaN,NaN,NaN,NaN,NaN,NaN,NaN,NaN,NaN,NaN,NaN,NaN,NaN,NaN,NaN,NaN,NaN,NaN,NaN,NaN,NaN,NaN,NaN,NaN,NaN,NaN
NaN,NaN,NaN,NaN,NaN,NaN,NaN,NaN,NaN,NaN,NaN,NaN,NaN,NaN,NaN,NaN,NaN,NaN,NaN,NaN,-4.029006e-07,-4.03356e-07,-4.855089e-07,-4.292978e-07,-3.1413e-07,-1.623147e-07,-8.646277e-08,-7.440511e-08,-1.948794e-07,-3.58389e-07,-5.691443e-07,-7.219126e-07,-8.264464e-07,-8.30486e-07,-8.988303e-07,NaN,NaN,NaN,NaN,NaN,NaN,NaN,NaN,NaN,NaN,NaN,NaN,NaN,NaN,NaN,NaN,NaN,NaN,NaN,NaN,NaN,NaN,NaN,NaN,NaN,NaN,NaN,NaN,NaN,NaN,NaN,NaN,NaN,NaN,NaN,NaN,NaN,NaN,NaN,NaN,NaN,NaN,NaN,NaN,NaN,NaN,NaN,NaN,NaN,NaN,NaN,NaN,NaN,NaN,NaN,NaN,NaN,NaN,NaN,NaN,NaN,NaN,NaN,NaN,NaN,NaN,NaN,NaN,NaN,NaN,NaN,NaN,NaN
NaN,NaN,NaN,NaN,NaN,NaN,NaN,NaN,NaN,NaN,NaN,NaN,NaN,NaN,NaN,NaN,NaN,NaN,NaN,-4.519247e-07,-5.981968e-07,-5.716014e-07,-4.488477e-07,-2.763058e-07,-7.157402e-08,2.539037e-07,5.11298e-07,5.750031e-07,3.248309e-07,-6.364976e-08,-4.703355e-07,-7.264709e-07,-9.419684e-07,-1.093006e-06,-1.190959e-06,-1.18193e-06,NaN,NaN,NaN,NaN,NaN,NaN,NaN,NaN,NaN,NaN,NaN,NaN,NaN,NaN,NaN,NaN,NaN,NaN,NaN,NaN,NaN,NaN,NaN,NaN,NaN,NaN,NaN,NaN,NaN,NaN,NaN,NaN,NaN,NaN,NaN,NaN,NaN,NaN,NaN,NaN,NaN,NaN,NaN,NaN,NaN,NaN,NaN,NaN,NaN,NaN,NaN,NaN,NaN,NaN,NaN,NaN,NaN,NaN,NaN,NaN,NaN,NaN,NaN,NaN,NaN,NaN,NaN,NaN,NaN,NaN,NaN,NaN
NaN,NaN,NaN,NaN,NaN,NaN,NaN,NaN,NaN,NaN,NaN,NaN,NaN,NaN,NaN,NaN,NaN,NaN,NaN,-6.408706e-07,-5.008617e-07,-4.287463e-07,-3.171292e-07,3.085664e-07,1.359561e-06,2.589748e-06,3.534589e-06,3.763101e-06,3.092704e-06,1.882624e-06,5.932917e-07,-3.691421e-07,-9.229329e-07,-1.083231e-06,-1.224591e-06,-1.376176e-06,NaN,NaN,NaN,NaN,NaN,NaN,NaN,NaN,NaN,NaN,NaN,NaN,NaN,NaN,NaN,NaN,NaN,NaN,NaN,NaN,NaN,NaN,NaN,NaN,NaN,NaN,NaN,NaN,NaN,NaN,NaN,NaN,NaN,NaN,NaN,NaN,NaN,NaN,NaN,NaN,NaN,NaN,NaN,NaN,NaN,NaN,NaN,NaN,NaN,NaN,NaN,NaN,NaN,NaN,NaN,NaN,NaN,NaN,NaN,NaN,NaN,NaN,NaN,NaN,NaN,NaN,NaN,NaN,NaN,NaN,NaN,NaN
NaN,NaN,NaN,NaN,NaN,NaN,NaN,NaN,NaN,NaN,NaN,NaN,NaN,NaN,NaN,NaN,NaN,NaN,-5.313017e-07,-4.175481e-07,-5.758143e-07,-5.700628e-08,1.339999e-06,3.783733e-06,7.625822e-06,1.23792e-05,1.635905e-05,1.73697e-05,1.49043e-05,1.018314e-05,5.421826e-06,2.073825e-06,1.300728e-07,-8.878691e-07,-1.297493e-06,-1.29401e-06,-1.458054e-06,NaN,NaN,NaN,NaN,NaN,NaN,NaN,NaN,NaN,NaN,NaN,NaN,NaN,NaN,NaN,NaN,NaN,NaN,NaN,NaN,NaN,NaN,NaN,NaN,NaN,NaN,NaN,NaN,NaN,NaN,NaN,NaN,NaN,NaN,NaN,NaN,NaN,NaN,NaN,NaN,NaN,NaN,NaN,NaN,NaN,NaN,NaN,NaN,NaN,NaN,NaN,NaN,NaN,NaN,NaN,NaN,NaN,NaN,NaN,NaN,NaN,NaN,NaN,NaN,NaN,NaN,NaN,NaN,NaN,NaN,NaN
NaN,NaN,NaN,NaN,NaN,NaN,NaN,NaN,NaN,NaN,NaN,NaN,NaN,NaN,NaN,NaN,NaN,-3.112662e-07,-5.685886e-07,-5.145876e-07,6.385299e-07,2.866878e-06,8.873208e-06,2.208554e-05,4.145175e-05,6.125437e-05,7.537634e-05,7.816961e-05,6.927788e-05,5.161842e-05,3.162254e-05,1.502982e-05,5.00171e-06,8.554199e-07,-6.36879e-07,-1.356195e-06,-1.477886e-06,-1.449983e-06,NaN,NaN,NaN,NaN,NaN,NaN,NaN,NaN,NaN,NaN,NaN,NaN,NaN,NaN,NaN,NaN,NaN,NaN,NaN,NaN,NaN,NaN,NaN,NaN,NaN,NaN,NaN,NaN,NaN,NaN,NaN,NaN,NaN,NaN,NaN,NaN,NaN,NaN,NaN,NaN,NaN,NaN,NaN,NaN,NaN,NaN,NaN,NaN,NaN,NaN,NaN,NaN,NaN,NaN,NaN,NaN,NaN,NaN,NaN,NaN,NaN,NaN,NaN,NaN,NaN,NaN,NaN,NaN,NaN,NaN
NaN,NaN,NaN,NaN,NaN,NaN,NaN,NaN,NaN,NaN,NaN,NaN,NaN,NaN,NaN,NaN,-3.045206e-07,-7.509705e-07,-7.2859e-08,1.336468e-06,5.673374e-06,2.254112e-05,5.974056e-05,0.0001145578,0.0001731857,0.0002186208,0.0002420942,0.0002429278,0.0002228045,0.0001848403,0.0001341488,8.100236e-05,3.821677e-05,1.266012e-05,2.108949e-06,-4.139269e-07,-1.260838e-06,-1.636802e-06,-1.559799e-06,NaN,NaN,NaN,NaN,NaN,NaN,NaN,NaN,NaN,NaN,NaN,NaN,NaN,NaN,NaN,NaN,NaN,NaN,NaN,NaN,NaN,NaN,NaN,NaN,NaN,NaN,NaN,NaN,NaN,NaN,NaN,NaN,NaN,NaN,NaN,NaN,NaN,NaN,NaN,NaN,NaN,NaN,NaN,NaN,NaN,NaN,NaN,NaN,NaN,NaN,NaN,NaN,NaN,NaN,NaN,NaN,NaN,NaN,NaN,NaN,NaN,NaN,NaN,NaN,NaN,NaN,NaN,NaN,NaN
NaN,NaN,NaN,NaN,NaN,NaN,NaN,NaN,NaN,NaN,NaN,NaN,NaN,NaN,NaN,-4.979112e-07,-6.605241e-07,5.705842e-07,1.888997e-06,1.34293e-05,5.475042e-05,0.0001380927,0.0002536321,0.0003522244,0.0004223556,0.0004667208,0.00048399,0.0004764363,0.0004460031,0.0003959593,0.000329443,0.0002522037,0.000166362,8.266096e-05,2.919385e-05,5.699796e-06,-3.454113e-07,-1.070455e-06,-1.705385e-06,-1.713672e-06,NaN,NaN,NaN,NaN,NaN,NaN,NaN,NaN,NaN,NaN,NaN,NaN,NaN,NaN,NaN,NaN,NaN,NaN,NaN,NaN,NaN,NaN,NaN,NaN,NaN,NaN,NaN,NaN,NaN,NaN,NaN,NaN,NaN,NaN,NaN,NaN,NaN,NaN,NaN,NaN,NaN,NaN,NaN,NaN,NaN,NaN,NaN,NaN,NaN,NaN,NaN,NaN,NaN,NaN,NaN,NaN,NaN,NaN,NaN,NaN,NaN,NaN,NaN,NaN,NaN,NaN,NaN,NaN
NaN,NaN,NaN,NaN,NaN,NaN,NaN,NaN,NaN,NaN,NaN,NaN,NaN,NaN,-8.331035e-07,-7.621409e-08,6.534873e-07,3.814425e-06,3.263716e-05,0.0001162233,0.0002793919,0.0004331023,0.0005621284,0.0006592702,0.0007218833,0.0007565003,0.0007635618,0.0007458286,0.0007047843,0.0006441296,0.0005663899,0.0004761173,0.0003731046,0.0002636951,0.0001550546,5.841261e-05,1.390988e-05,3.130779e-07,-1.177472e-06,-1.56984e-06,-1.938707e-06,NaN,NaN,NaN,NaN,NaN,NaN,NaN,NaN,NaN,NaN,NaN,NaN,NaN,NaN,NaN,NaN,NaN,NaN,NaN,NaN,NaN,NaN,NaN,NaN,NaN,NaN,NaN,NaN,NaN,NaN,NaN,NaN,NaN,NaN,NaN,NaN,NaN,NaN,NaN,NaN,NaN,NaN,NaN,NaN,NaN,NaN,NaN,NaN,NaN,NaN,NaN,NaN,NaN,NaN,NaN,NaN,NaN,NaN,NaN,NaN,NaN,NaN,NaN,NaN,NaN,NaN,NaN
NaN,NaN,NaN,NaN,NaN,NaN,NaN,NaN,NaN,NaN,NaN,NaN,NaN,-7.780265e-07,5.930108e-07,2.399591e-07,1.061102e-05,6.865978e-05,0.000236041,0.0004514968,0.0006424258,0.0007979068,0.0009172865,0.001003856,0.001057286,0.001081853,0.001078401,0.001049669,0.0009972653,0.0009247639,0.0008346397,0.0007311318,0.0006154795,0.0004923447,0.0003633077,0.0002334929,0.0001102263,2.83991e-05,2.685829e-06,-1.447038e-06,-1.446913e-06,-2.00301e-06,NaN,NaN,NaN,NaN,NaN,NaN,NaN,NaN,NaN,NaN,NaN,NaN,NaN,NaN,NaN,NaN,NaN,NaN,NaN,NaN,NaN,NaN,NaN,NaN,NaN,NaN,NaN,NaN,NaN,NaN,NaN,NaN,NaN,NaN,NaN,NaN,NaN,NaN,NaN,NaN,NaN,NaN,NaN,NaN,NaN,NaN,NaN,NaN,NaN,NaN,NaN,NaN,NaN,NaN,NaN,NaN,NaN,NaN,NaN,NaN,NaN,NaN,NaN,NaN,NaN,NaN
NaN,NaN,NaN,NaN,NaN,NaN,NaN,NaN,NaN,NaN,NaN,NaN,-2.814437e-07,6.583397e-07,4.067126e-07,2.795691e-05,0.0001355362,0.0004078171,0.0006492257,0.0008738305,0.001055784,0.001200619,0.001311002,0.001387567,0.001430694,0.001444245,0.001429432,0.001389074,0.001324672,0.001239855,0.001136881,0.001019712,0.0008897375,0.0007513122,0.0006074802,0.0004612833,0.0003127003,0.0001786168,5.272527e-05,8.541273e-06,-1.5353e-06,-1.531494e-06,-1.96475e-06,NaN,NaN,NaN,NaN,NaN,NaN,NaN,NaN,NaN,NaN,NaN,NaN,NaN,NaN,NaN,NaN,NaN,NaN,NaN,NaN,NaN,NaN,NaN,NaN,NaN,NaN,NaN,NaN,NaN,NaN,NaN,NaN,NaN,NaN,NaN,NaN,NaN,NaN,NaN,NaN,NaN,NaN,NaN,NaN,NaN,NaN,NaN,NaN,NaN,NaN,NaN,NaN,NaN,NaN,NaN,NaN,NaN,NaN,NaN,NaN,NaN,NaN,NaN,NaN,NaN
NaN,NaN,NaN,NaN,NaN,NaN,NaN,NaN,NaN,NaN,NaN,6.652591e-07,-1.152275e-07,4.034606e-06,5.83955e-05,0.0002777881,0.0005817413,0.0008826103,0.001125896,0.001336076,0.001509389,0.001644877,0.001744309,0.001809887,0.001842217,0.001844502,0.001817961,0.001765511,0.001688645,0.001590915,0.001474422,0.001343013,0.001198475,0.001044865,0.0008843812,0.0007205005,0.000556558,0.0003986793,0.0002388138,0.0001017029,1.813787e-05,-5.831974e-07,-1.874184e-06,-1.787612e-06,NaN,NaN,NaN,NaN,NaN,NaN,NaN,NaN,NaN,NaN,NaN,NaN,NaN,NaN,NaN,NaN,NaN,NaN,NaN,NaN,NaN,NaN,NaN,NaN,NaN,NaN,NaN,NaN,NaN,NaN,NaN,NaN,NaN,NaN,NaN,NaN,NaN,NaN,NaN,NaN,NaN,NaN,NaN,NaN,NaN,NaN,NaN,NaN,NaN,NaN,NaN,NaN,NaN,NaN,NaN,NaN,NaN,NaN,NaN,NaN,NaN,NaN,NaN,NaN
NaN,NaN,NaN,NaN,NaN,NaN,NaN,NaN,NaN,NaN,9.690078e-07,-1.459539e-06,1.603443e-05,0.0001118235,0.0004752402,0.0008015223,0.001121666,0.00140491,0.001640973,0.001842126,0.002003835,0.002128726,0.002217237,0.002271825,0.002292607,0.002283256,0.002244528,0.002179835,0.002090166,0.001979444,0.001849188,0.001703531,0.001543774,0.001374312,0.001197084,0.001016154,0.0008331434,0.00065457,0.0004774134,0.0003094672,0.0001652462,3.36645e-05,2.63322e-06,-2.333609e-06,-1.826905e-06,NaN,NaN,NaN,NaN,NaN,NaN,NaN,NaN,NaN,NaN,NaN,NaN,NaN,NaN,NaN,NaN,NaN,NaN,NaN,NaN,NaN,NaN,NaN,NaN,NaN,NaN,NaN,NaN,NaN,NaN,NaN,NaN,NaN,NaN,NaN,NaN,NaN,NaN,NaN,NaN,NaN,NaN,NaN,NaN,NaN,NaN,NaN,NaN,NaN,NaN,NaN,NaN,NaN,NaN,NaN,NaN,NaN,NaN,NaN,NaN,NaN,NaN,NaN
NaN,NaN,NaN,NaN,NaN,NaN,NaN,NaN,5.858797e-07,5.12944e-07,-6.661602e-07,4.104794e-05,0.0002470331,0.0006528776,0.001060519,0.00139535,0.001699318,0.001971827,0.002198827,0.002387894,0.00253899,0.002652738,0.002729786,0.002772664,0.002782032,0.002760809,0.002710109,0.002632952,0.002530679,0.002406726,0.002262842,0.002102687,0.00192803,0.001742706,0.001548628,0.001349601,0.001148339,0.0009489179,0.0007507424,0.0005629826,0.0003886263,0.0002166369,7.157051e-05,9.213638e-06,-2.3066e-06,-2.013182e-06,-2.148177e-06,NaN,NaN,NaN,NaN,NaN,NaN,NaN,NaN,NaN,NaN,NaN,NaN,NaN,NaN,NaN,NaN,NaN,NaN,NaN,NaN,NaN,NaN,NaN,NaN,NaN,NaN,NaN,NaN,NaN,NaN,NaN,NaN,NaN,NaN,NaN,NaN,NaN,NaN,NaN,NaN,NaN,NaN,NaN,NaN,NaN,NaN,NaN,NaN,NaN,NaN,NaN,NaN,NaN,NaN,NaN,NaN,NaN,NaN,NaN,NaN,NaN
NaN,NaN,NaN,NaN,NaN,NaN,NaN,1.284663e-06,-1.544212e-06,5.965315e-06,7.767059e-05,0.0004915895,0.0008814337,0.001311065,0.001695795,0.002026198,0.002321666,0.002579431,0.002796073,0.002974061,0.003113207,0.003215343,0.003280994,0.00331237,0.003310109,0.003277182,0.003214556,0.003125328,0.00301063,0.002873931,0.002716698,0.002542595,0.002353121,0.002152122,0.001941455,0.00172498,0.001504604,0.001284626,0.001066307,0.0008549538,0.0006542118,0.0004608661,0.0002791918,0.0001383868,1.804136e-05,-9.265996e-07,-2.586211e-06,-2.060921e-06,NaN,NaN,NaN,NaN,NaN,NaN,NaN,NaN,NaN,NaN,NaN,NaN,NaN,NaN,NaN,NaN,NaN,NaN,NaN,NaN,NaN,NaN,NaN,NaN,NaN,NaN,NaN,NaN,NaN,NaN,NaN,NaN,NaN,NaN,NaN,NaN,NaN,NaN,NaN,NaN,NaN,NaN,NaN,NaN,NaN,NaN,NaN,NaN,NaN,NaN,NaN,NaN,NaN,NaN,NaN,NaN,NaN,NaN,NaN,NaN
NaN,NaN,NaN,NaN,NaN,NaN,1.08711e-06,-2.446854e-06,2.724528e-05,0.0001811645,0.0006956507,0.001185674,0.001602627,0.002005231,0.002376752,0.002698904,0.002981176,0.003227159,0.003431646,0.003597542,0.003724986,0.003815642,0.003869627,0.003889628,0.003876104,0.003831941,0.003757943,0.003657191,0.003530714,0.003381863,0.003211955,0.003024525,0.002821028,0.002605146,0.002378432,0.002144719,0.001906055,0.001666198,0.00142653,0.001192812,0.0009663897,0.0007474762,0.0005434591,0.0003629187,0.0001920824,4.227852e-05,3.847294e-06,-2.926691e-06,-2.185276e-06,NaN,NaN,NaN,NaN,NaN,NaN,NaN,NaN,NaN,NaN,NaN,NaN,NaN,NaN,NaN,NaN,NaN,NaN,NaN,NaN,NaN,NaN,NaN,NaN,NaN,NaN,NaN,NaN,NaN,NaN,NaN,NaN,NaN,NaN,NaN,NaN,NaN,NaN,NaN,NaN,NaN,NaN,NaN,NaN,NaN,NaN,NaN,NaN,NaN,NaN,NaN,NaN,NaN,NaN,NaN,NaN,NaN,NaN,NaN
NaN,NaN,NaN,NaN,NaN,-1.058489e-06,8.584218e-07,5.684336e-05,0.0004652823,0.000923456,0.001464888,0.001937789,0.00235182,0.002743399,0.003096143,0.003407384,0.003677776,0.003909976,0.004102087,0.004256259,0.004371557,0.004450793,0.004493618,0.004502848,0.00447852,0.004423858,0.004339212,0.004227933,0.004090577,0.003930719,0.003749167,0.003549652,0.003333096,0.003103385,0.002861686,0.002612028,0.002355606,0.002096729,0.001836807,0.001580419,0.001329099,0.001086061,0.0008539408,0.0006416801,0.0004409015,0.0002505152,0.0001096475,1.044282e-05,-2.491834e-06,-2.679961e-06,NaN,NaN,NaN,NaN,NaN,NaN,NaN,NaN,NaN,NaN,NaN,NaN,NaN,NaN,NaN,NaN,NaN,NaN,NaN,NaN,NaN,NaN,NaN,NaN,NaN,NaN,NaN,NaN,NaN,NaN,NaN,NaN,NaN,NaN,NaN,NaN,NaN,NaN,NaN,NaN,NaN,NaN,NaN,NaN,NaN,NaN,NaN,NaN,NaN,NaN,NaN,NaN,NaN,NaN,NaN,NaN,NaN,NaN
NaN,NaN,NaN,1.446701e-06,-2.885943e-06,1.971245e-05,0.0001360184,0.00074015,0.001274272,0.00177459,0.002271768,0.002730775,0.003139418,0.003512752,0.003851594,0.004148569,0.004405657,0.004624602,0.00480429,0.004945862,0.005050037,0.005117996,0.005150439,0.005149271,0.00511543,0.00505104,0.004957237,0.004836394,0.004689797,0.00452004,0.004328578,0.004118189,0.003890455,0.003648299,0.003393383,0.003128821,0.002856608,0.002579895,0.002300646,0.002022864,0.001748324,0.001479823,0.001221696,0.0009775944,0.0007454206,0.0005301256,0.0003420511,0.0001792286,2.697489e-05,1.381555e-06,-3.231659e-06,-2.322985e-06,NaN,NaN,NaN,NaN,NaN,NaN,NaN,NaN,NaN,NaN,NaN,NaN,NaN,NaN,NaN,NaN,NaN,NaN,NaN,NaN,NaN,NaN,NaN,NaN,NaN,NaN,NaN,NaN,NaN,NaN,NaN,NaN,NaN,NaN,NaN,NaN,NaN,NaN,NaN,NaN,NaN,NaN,NaN,NaN,NaN,NaN,NaN,NaN,NaN,NaN,NaN,NaN,NaN,NaN,NaN,NaN
NaN,NaN,-1.381342e-06,-5.429385e-07,4.848238e-05,0.0004499071,0.0009828247,0.001615295,0.002151572,0.002641148,0.00311997,0.003557896,0.003953319,0.004312695,0.004633958,0.00491674,0.005160184,0.005365453,0.005532476,0.005662566,0.005755402,0.005813155,0.005835872,0.005825814,0.005783266,0.005710849,0.005609031,0.005480598,0.005326157,0.005148672,0.004948908,0.004729971,0.004492722,0.004240408,0.003974079,0.003697124,0.003410656,0.003118326,0.002821604,0.002524152,0.002227633,0.001935904,0.001650959,0.0013776,0.001115568,0.0008682386,0.0006448482,0.0004411577,0.0002437971,9.64093e-05,7.705898e-06,-2.980801e-06,-2.968128e-06,NaN,NaN,NaN,NaN,NaN,NaN,NaN,NaN,NaN,NaN,NaN,NaN,NaN,NaN,NaN,NaN,NaN,NaN,NaN,NaN,NaN,NaN,NaN,NaN,NaN,NaN,NaN,NaN,NaN,NaN,NaN,NaN,NaN,NaN,NaN,NaN,NaN,NaN,NaN,NaN,NaN,NaN,NaN,NaN,NaN,NaN,NaN,NaN,NaN,NaN,NaN,NaN,NaN,NaN,NaN
1.281627e-06,-2.907273e-06,2.085602e-05,0.0001303539,0.0008105368,0.001381945,0.001957801,0.00253145,0.003055522,0.003539341,0.00399133,0.004412009,0.004790699,0.005133007,0.005437978,0.005705699,0.005934363,0.006126935,0.006281358,0.006400288,0.00648279,0.006531405,0.006545453,0.006527829,0.006478171,0.006399423,0.00629148,0.006157384,0.005997241,0.005814162,0.005608444,0.005383263,0.00513909,0.004879149,0.004604046,0.004317105,0.004019252,0.003713859,0.003401998,0.003087517,0.002771592,0.00245791,0.002148822,0.001847935,0.001556148,0.001278743,0.001018352,0.0007764056,0.0005504469,0.0003518565,0.0001877798,2.519845e-05,1.46713e-06,-3.486463e-06,-2.407837e-06,NaN,NaN,NaN,NaN,NaN,NaN,NaN,NaN,NaN,NaN,NaN,NaN,NaN,NaN,NaN,NaN,NaN,NaN,NaN,NaN,NaN,NaN,NaN,NaN,NaN,NaN,NaN,NaN,NaN,NaN,NaN,NaN,NaN,NaN,NaN,NaN,NaN,NaN,NaN,NaN,NaN,NaN,NaN,NaN,NaN,NaN,NaN,NaN,NaN,NaN,NaN,NaN,NaN
2.114384e-06,5.235606e-05,0.0005474886,0.001107178,0.001796955,0.002386836,0.002935728,0.003483415,0.003984784,0.004449959,0.004882676,0.00528127,0.005641541,0.00596706,0.00625446,0.006506847,0.006721504,0.00690092,0.007043663,0.007152356,0.007225475,0.007266087,0.007273098,0.007249539,0.007194585,0.007111451,0.00699952,0.006862067,0.006698638,0.006512576,0.006303579,0.00607504,0.005826775,0.005562237,0.005281421,0.004987853,0.004681628,0.00436648,0.004042845,0.003714462,0.003382093,0.003049923,0.002718804,0.002393409,0.002074569,0.001766738,0.001472776,0.001195233,0.0009325325,0.0006969723,0.0004829489,0.0002753524,0.0001197812,8.901142e-06,-2.713041e-06,-3.398958e-06,NaN,NaN,NaN,NaN,NaN,NaN,NaN,NaN,NaN,NaN,NaN,NaN,NaN,NaN,NaN,NaN,NaN,NaN,NaN,NaN,NaN,NaN,NaN,NaN,NaN,NaN,NaN,NaN,NaN,NaN,NaN,NaN,NaN,NaN,NaN,NaN,NaN,NaN,NaN,NaN,NaN,NaN,NaN,NaN,NaN,NaN,NaN,NaN,NaN,NaN,NaN,-2.559631e-06
0.0002121498,0.0009488582,0.001595145,0.002209951,0.002825045,0.003397337,0.003936131,0.004446638,0.00492679,0.005370057,0.005779983,0.006156641,0.006498273,0.006804023,0.007075666,0.007311654,0.007512921,0.007679512,0.007811964,0.007910599,0.007976434,0.008009931,0.008012098,0.007983856,0.007926257,0.007840429,0.007727447,0.007588669,0.007425163,0.007238481,0.007029668,0.006800452,0.00655186,0.006285779,0.006003192,0.005706191,0.005395864,0.00507449,0.004743178,0.004404694,0.004060233,0.003712774,0.003364152,0.003017551,0.002674652,0.002339824,0.002014727,0.001702933,0.001406362,0.001129464,0.0008728062,0.0006346295,0.000421975,0.0002349967,4.411897e-05,4.541179e-06,-3.659858e-06,-3.00818e-06,NaN,NaN,NaN,NaN,NaN,NaN,NaN,NaN,NaN,NaN,NaN,NaN,NaN,NaN,NaN,NaN,NaN,NaN,NaN,NaN,NaN,NaN,NaN,NaN,NaN,NaN,NaN,NaN,NaN,NaN,NaN,NaN,NaN,NaN,NaN,NaN,NaN,NaN,NaN,NaN,NaN,NaN,NaN,NaN,NaN,NaN,NaN,-1.190194e-06,-2.403142e-06,3.136332e-05
0.001362559,0.002068636,0.002709845,0.003292419,0.003877917,0.004419635,0.004931833,0.005415047,0.005867966,0.006285647,0.006673682,0.007026775,0.007348324,0.007635455,0.007890007,0.008110553,0.008298855,0.008453399,0.008576298,0.008666661,0.008726135,0.008754507,0.008753398,0.008722883,0.008664477,0.008578675,0.008466862,0.008329838,0.00816884,0.007984957,0.007779273,0.007553141,0.007307474,0.007043888,0.006763177,0.006467224,0.006156659,0.00583375,0.005499155,0.005155399,0.004803238,0.004445834,0.004083851,0.003721166,0.003358745,0.003000673,0.002648702,0.002306997,0.001976349,0.001663113,0.001366609,0.0010881,0.0008349846,0.0006001035,0.0003711176,0.000209259,1.975521e-05,1.900752e-06,-3.811699e-06,-2.437139e-06,NaN,NaN,NaN,NaN,NaN,NaN,NaN,NaN,NaN,NaN,NaN,NaN,NaN,NaN,NaN,NaN,NaN,NaN,NaN,NaN,NaN,NaN,NaN,NaN,NaN,NaN,NaN,NaN,NaN,NaN,NaN,NaN,NaN,NaN,NaN,NaN,NaN,NaN,NaN,NaN,NaN,NaN,NaN,2.899394e-07,-2.812906e-06,1.86187e-05,9.011933e-05,0.0008244074
0.002600434,0.00321208,0.003819041,0.004382698,0.00492419,0.005435578,0.005919499,0.006370931,0.006795787,0.007188028,0.007550405,0.007881253,0.008181863,0.008449888,0.008687912,0.008893635,0.0090691,0.009213124,0.009327292,0.009410788,0.00946541,0.009490559,0.009487907,0.009457297,0.009400322,0.009317069,0.009209044,0.009076593,0.008921109,0.00874316,0.008544014,0.008324434,0.008085566,0.007828355,0.0075538,0.007263061,0.006957105,0.006637295,0.006304527,0.005960604,0.00560644,0.005244141,0.004875038,0.004501626,0.004125377,0.003749803,0.003376387,0.003009,0.002649926,0.002302801,0.001969723,0.001654255,0.00135759,0.001080112,0.0008247169,0.0005947356,0.000362657,0.0001711115,1.377076e-05,2.186661e-07,-3.8083e-06,NaN,NaN,NaN,NaN,NaN,NaN,NaN,NaN,NaN,NaN,NaN,NaN,NaN,NaN,NaN,NaN,NaN,NaN,NaN,NaN,NaN,NaN,NaN,NaN,NaN,NaN,NaN,NaN,NaN,NaN,NaN,NaN,NaN,NaN,NaN,NaN,NaN,NaN,NaN,NaN,NaN,-2.915255e-06,1.072981e-05,5.753436e-05,0.0006287014,0.001246669,0.001975489
0.003778304,0.004361794,0.004920341,0.005448912,0.005954736,0.006431867,0.006880818,0.007303467,0.007697177,0.008062645,0.008399672,0.008707675,0.008986636,0.009236968,0.009457712,0.009649974,0.00981311,0.009947889,0.0100541,0.01013275,0.01018348,0.01020761,0.01020492,0.01017676,0.010123,0.01004513,0.009943069,0.00981837,0.009670975,0.009502497,0.009312883,0.009103779,0.008875126,0.008628593,0.008364144,0.008083469,0.007786527,0.007475114,0.007149328,0.006810992,0.00646043,0.006099788,0.005729517,0.005352226,0.004968917,0.004582355,0.004194405,0.00380829,0.003425916,0.003051621,0.002687338,0.002336192,0.002001825,0.001685291,0.001387387,0.001113373,0.0008547702,0.0006074502,0.0003794992,0.0001411291,1.304585e-05,6.132927e-07,-3.886337e-06,NaN,NaN,NaN,NaN,NaN,NaN,NaN,NaN,NaN,NaN,NaN,NaN,NaN,NaN,NaN,NaN,NaN,NaN,NaN,NaN,NaN,NaN,NaN,NaN,NaN,NaN,NaN,NaN,NaN,NaN,NaN,NaN,NaN,NaN,NaN,NaN,NaN,-3.261806e-06,9.999584e-06,4.775605e-05,0.0004652847,0.001188937,0.00187241,0.002540589,0.003179524
0.004942304,0.005478622,0.005994628,0.006486473,0.006951043,0.00739255,0.007807891,0.008197358,0.008561093,0.008899131,0.009209967,0.009495237,0.009753378,0.009985233,0.01019031,0.01036913,0.01052117,0.01064744,0.01074733,0.01082185,0.01087077,0.01089502,0.0108945,0.01087023,0.01082225,0.01075157,0.01065832,0.01054352,0.01040739,0.01025091,0.01007438,0.009878715,0.009664275,0.009431917,0.009182029,0.008915413,0.008632578,0.008334248,0.008021031,0.007693752,0.007353194,0.007000199,0.006636051,0.006261717,0.005878898,0.005489168,0.005094646,0.004697288,0.004300351,0.003905688,0.003517306,0.003137744,0.002770344,0.002417194,0.002083016,0.001766733,0.001468088,0.001189556,0.0009257333,0.0006539506,0.0004308507,0.0001594158,1.654837e-05,4.16937e-06,-3.896091e-06,-2.705471e-06,NaN,NaN,NaN,NaN,NaN,NaN,NaN,NaN,NaN,NaN,NaN,NaN,NaN,NaN,NaN,NaN,NaN,NaN,NaN,NaN,NaN,NaN,NaN,NaN,NaN,NaN,NaN,NaN,NaN,NaN,NaN,-1.723652e-06,-3.189099e-06,1.68837e-05,5.085873e-05,0.000458445,0.001207681,0.001822825,0.002529131,0.003175624,0.003781866,0.004380176
0.006059759,0.006554715,0.007026463,0.007474874,0.007902318,0.008305321,0.008685553,0.009042525,0.009375979,0.009685352,0.009971606,0.01023326,0.0104714,0.01068532,0.01087531,0.01104124,0.01118348,0.01130178,0.01139668,0.01146819,0.01151662,0.01154234,0.01154558,0.01152689,0.01148642,0.01142492,0.01134245,0.01123994,0.01111732,0.01097566,0.01081476,0.01063584,0.01043853,0.01022417,0.009992241,0.009744194,0.009479349,0.009199314,0.00890333,0.008593109,0.008267893,0.007929712,0.007577739,0.007214481,0.006839392,0.006455299,0.006062236,0.005663719,0.005259952,0.004855648,0.004451425,0.00405209,0.003659419,0.003278278,0.002909086,0.002557832,0.002223432,0.001906939,0.001605934,0.001323213,0.001055635,0.0007676563,0.0005368958,0.0002716742,2.8393e-05,1.130485e-05,-2.353417e-06,-3.270391e-06,NaN,NaN,NaN,NaN,NaN,NaN,NaN,NaN,NaN,NaN,NaN,NaN,NaN,NaN,NaN,NaN,NaN,NaN,NaN,NaN,NaN,NaN,NaN,NaN,NaN,NaN,NaN,-3.340924e-06,2.269985e-07,2.887276e-05,7.238087e-05,0.0006696809,0.001339248,0.001910475,0.00261659,0.003236884,0.003840775,0.004436236,0.005003195,0.0055429
0.007126732,0.007571891,0.008001514,0.008407433,0.008794976,0.009159577,0.009506186,0.009828771,0.01013319,0.01041412,0.0106758,0.01091435,0.01113344,0.01132922,0.01150551,0.01165873,0.0117922,0.01190311,0.01199423,0.0120632,0.01211263,0.01214049,0.01214905,0.01213678,0.0121056,0.01205438,0.01198471,0.01189583,0.011789,0.01166383,0.0115212,0.01136107,0.01118396,0.01099013,0.01077972,0.01055331,0.01031068,0.01005273,0.009778837,0.009490369,0.009186314,0.008868464,0.008535655,0.008190198,0.00783073,0.007460506,0.007077972,0.00668733,0.006287401,0.005883188,0.00547375,0.005065767,0.004657669,0.00425736,0.003863862,0.003484505,0.003116364,0.002768748,0.002435273,0.002120615,0.001820604,0.001538224,0.001271768,0.0009849753,0.0007184703,0.0005062368,8.693029e-05,2.036798e-05,1.168495e-05,-2.554953e-06,-2.908394e-06,NaN,NaN,NaN,NaN,NaN,NaN,NaN,NaN,NaN,NaN,NaN,NaN,NaN,NaN,NaN,NaN,NaN,NaN,NaN,NaN,NaN,-2.962332e-06,-1.171632e-06,2.400754e-05,4.341943e-05,0.0001815613,0.001069006,0.001583537,0.002174691,0.002844298,0.003414698,0.003998657,0.004565694,0.005122552,0.005652634,0.006165296,0.006655339
0.008121789,0.008524313,0.008907666,0.009272655,0.009620102,0.009948715,0.01025893,0.01055106,0.0108244,0.01107922,0.01131559,0.0115331,0.01173197,0.01191218,0.01207352,0.01221622,0.0123402,0.0124455,0.01253225,0.01260054,0.01265045,0.01268217,0.01269584,0.01269166,0.01266982,0.01263052,0.012574,0.01250048,0.0124102,0.01230334,0.01218019,0.01204088,0.01188568,0.01171467,0.01152813,0.01132605,0.01110869,0.01087599,0.01062823,0.01036526,0.01008743,0.009794631,0.009487217,0.009165252,0.008829353,0.008479655,0.00811729,0.007742791,0.007357596,0.006963099,0.006561382,0.006154162,0.00574482,0.005335675,0.004929921,0.004531164,0.004143015,0.00376684,0.003406041,0.003063344,0.002738301,0.002428001,0.002137362,0.001859127,0.001599235,0.001334637,0.0009904683,0.0007906918,0.0005252572,8.426594e-05,2.697493e-05,2.106382e-05,5.602708e-06,-2.217362e-06,-2.458638e-06,-2.141504e-06,NaN,NaN,NaN,NaN,NaN,NaN,NaN,NaN,NaN,NaN,NaN,-2.470928e-06,-2.901152e-06,-1.492045e-06,9.54854e-06,3.352243e-05,4.762974e-05,0.0001475773,0.0009271334,0.001498571,0.001892575,0.002599224,0.003196815,0.003727658,0.004277027,0.004807498,0.005331902,0.005838489,0.006328307,0.006804477,0.007263271,0.007701414
0.00904445,0.009399852,0.00974102,0.01006519,0.01037395,0.01066616,0.01094338,0.01120345,0.01144857,0.01167684,0.01188963,0.01208576,0.01226636,0.01243011,0.01257837,0.01270982,0.01282562,0.01292482,0.01300831,0.01307531,0.0131267,0.01316181,0.01318139,0.01318496,0.01317317,0.01314567,0.01310301,0.01304496,0.01297193,0.01288385,0.01278098,0.01266334,0.01253106,0.01238423,0.01222281,0.012047,0.01185658,0.01165181,0.0114323,0.01119846,0.01094972,0.01068657,0.01040843,0.01011594,0.009808453,0.009487078,0.009151116,0.008802149,0.00843991,0.008066395,0.007681794,0.007289283,0.006889121,0.006485502,0.00607985,0.005676501,0.005276704,0.004886741,0.004506988,0.004141606,0.003791534,0.003462289,0.003149845,0.002854274,0.002574781,0.002311547,0.002045638,0.001809309,0.001536249,0.001192237,0.001019949,0.0008570305,0.0003553492,7.473065e-05,3.778937e-05,3.261284e-05,3.09072e-05,2.498471e-05,1.483892e-05,7.236726e-06,4.215201e-06,3.52408e-06,4.594702e-06,7.947275e-06,1.601083e-05,2.824073e-05,3.835972e-05,4.428378e-05,5.429191e-05,0.0001112759,0.0004979598,0.001282142,0.001671902,0.001967494,0.002581208,0.003164336,0.003638557,0.004150987,0.004668877,0.005161651,0.005649721,0.006119538,0.006577343,0.00702392,0.007459637,0.007877918,0.008282382,0.008671056
0.00988479,0.01019768,0.01049689,0.01078184,0.01105391,0.01131165,0.01155606,0.01178672,0.01200383,0.01220707,0.01239694,0.01257284,0.01273521,0.0128838,0.01301862,0.01313972,0.01324702,0.01334058,0.0134203,0.01348638,0.01353855,0.01357719,0.01360195,0.01361332,0.01361082,0.01359509,0.01356555,0.01352296,0.0134666,0.01339734,0.01331435,0.01321859,0.01310907,0.01298685,0.01285078,0.01270201,0.0125392,0.01236358,0.01217366,0.01197072,0.01175313,0.0115223,0.0112764,0.01101706,0.01074238,0.01045415,0.01015058,0.009833843,0.009502108,0.009158319,0.008800893,0.008433267,0.008054672,0.007669465,0.007276829,0.006882743,0.006487159,0.006095728,0.005708737,0.005333917,0.004969691,0.004621776,0.004289724,0.003980422,0.003688897,0.003415738,0.003149938,0.00290962,0.002675342,0.002440156,0.002242954,0.002050627,0.001705509,0.001431687,0.001328208,0.001292263,0.001238028,0.001034576,0.0006787431,0.0004081446,0.0002892455,0.0002602706,0.0002944088,0.0004167733,0.0007021175,0.00114015,0.001506482,0.001710704,0.001845636,0.00201076,0.00237493,0.002967569,0.003440013,0.003816452,0.004254892,0.004719209,0.005163327,0.005612664,0.006061647,0.006492699,0.006914657,0.007326804,0.007730176,0.008119844,0.008498123,0.008864366,0.009218671,0.009558028
0.01064582,0.01091697,0.01117717,0.01142547,0.01166224,0.01188736,0.0121013,0.01230331,0.01249427,0.01267349,0.01284146,0.01299781,0.01314292,0.01327629,0.01339846,0.01350884,0.01360793,0.01369527,0.01377124,0.0138354,0.0138882,0.01392916,0.01395871,0.01397643,0.01398273,0.01397721,0.01396025,0.01393147,0.01389122,0.01383915,0.01377557,0.01370011,0.01361306,0.01351403,0.01340326,0.01328033,0.01314543,0.01299811,0.01283849,0.01266612,0.01248104,0.01228275,0.01207133,0.01184624,0.01160754,0.01135485,0.01108821,0.01080739,0.01051275,0.01020416,0.009882335,0.009547841,0.009201551,0.008844679,0.008479238,0.008106702,0.007729495,0.007350869,0.006973678,0.006600341,0.006234962,0.005881571,0.005542159,0.005218383,0.004913195,0.004629422,0.004367243,0.004122939,0.003893808,0.003675433,0.003484477,0.003312496,0.003121974,0.002937964,0.002819962,0.002761105,0.002711044,0.002588351,0.002372244,0.002175183,0.002073105,0.002055548,0.002107506,0.002239735,0.002491268,0.00285661,0.003223156,0.003508257,0.003735229,0.003960678,0.004253028,0.004633621,0.005030635,0.005400318,0.005783744,0.006178891,0.006568606,0.006950647,0.00733195,0.007707883,0.008075637,0.008432598,0.00877962,0.009117273,0.009445479,0.009761917,0.01006766,0.01036241
0.01132819,0.01156171,0.01178519,0.01199905,0.01220335,0.01239798,0.01258294,0.01275857,0.01292453,0.01308114,0.01322825,0.01336598,0.01349419,0.0136131,0.01372239,0.01382237,0.01391272,0.01399366,0.01406492,0.01412673,0.01417877,0.01422129,0.01425397,0.01427706,0.01429022,0.01429372,0.0142872,0.01427093,0.01424455,0.0142083,0.01416182,0.01410533,0.01403843,0.01396135,0.01387365,0.01377551,0.01366644,0.01354663,0.01341554,0.01327327,0.01311928,0.01295367,0.01277578,0.01258575,0.01238294,0.01216742,0.01193867,0.01169686,0.01144142,0.0111729,0.0108909,0.01059607,0.01028868,0.009969858,0.009639961,0.009301179,0.008954846,0.008603055,0.008247947,0.007893508,0.007541673,0.007195562,0.006858711,0.006535784,0.006228467,0.005938481,0.005666113,0.005416589,0.005189658,0.00498536,0.004800594,0.004636591,0.004479778,0.00433781,0.004231278,0.004165833,0.004127277,0.004086718,0.004023235,0.00395507,0.003918967,0.003931999,0.003995122,0.004111717,0.004291858,0.00453695,0.004817447,0.005092725,0.005347521,0.005595549,0.005865861,0.00617742,0.006508189,0.0068377,0.007164934,0.00749678,0.007829951,0.008161965,0.008489363,0.008810025,0.009123662,0.00943034,0.009729151,0.0100187,0.01029894,0.01057058,0.01083288,0.0110853
0.01193989,0.01213788,0.01232826,0.01251034,0.01268461,0.01285076,0.01300936,0.01315978,0.0133028,0.0134378,0.01356537,0.01368503,0.01379731,0.01390163,0.01399862,0.01408761,0.01416921,0.01424279,0.0143089,0.01436689,0.01441736,0.0144596,0.0144942,0.01452048,0.01453899,0.01454905,0.0145512,0.01454476,0.01453026,0.01450699,0.0144755,0.01443503,0.01438613,0.01432802,0.0142612,0.01418489,0.01409958,0.01400441,0.01389986,0.01378507,0.01366044,0.01352508,0.01337941,0.01322246,0.01305464,0.01287504,0.01268401,0.01248069,0.01226558,0.01203777,0.01179796,0.01154558,0.01128136,0.01100504,0.01071814,0.01042051,0.01011394,0.009799638,0.009480043,0.009156,0.008831228,0.008508354,0.008190527,0.007879369,0.007579342,0.007293795,0.007026783,0.006777139,0.006547459,0.00633792,0.006153232,0.00599292,0.005857485,0.005741096,0.00564722,0.00558187,0.005544493,0.005524337,0.005510609,0.005504237,0.005517229,0.005558985,0.005634792,0.005746698,0.005899494,0.006094248,0.006321701,0.006563686,0.006808133,0.007051666,0.007299946,0.007559533,0.007834303,0.008115858,0.008401018,0.008686301,0.008970423,0.009250621,0.009527819,0.009800901,0.01006854,0.01032885,0.01058199,0.01082781,0.01106643,0.01129657,0.01151898,0.01173338
0.01248617,0.01265283,0.01281261,0.0129659,0.01311263,0.01325294,0.01338674,0.01351438,0.01363558,0.01375069,0.01385952,0.01396229,0.01405883,0.01414938,0.01423366,0.01431196,0.01438398,0.01444995,0.01450959,0.01456311,0.01461019,0.01465105,0.01468536,0.01471333,0.0147346,0.01474937,0.01475728,0.01475853,0.01475274,0.01474008,0.01472016,0.01469316,0.01465867,0.01461683,0.01456724,0.01451,0.01444468,0.0143714,0.01428968,0.01419959,0.01410066,0.01399295,0.01387591,0.01374964,0.01361356,0.01346772,0.01331159,0.01314524,0.01296809,0.01278037,0.01258156,0.01237186,0.0121511,0.01191972,0.01167748,0.01142545,0.01116404,0.01089417,0.01061678,0.0103343,0.01004785,0.009759415,0.009471597,0.009188167,0.00891122,0.008643182,0.00838599,0.008144853,0.00792192,0.007719817,0.007537521,0.007377227,0.007238341,0.007123223,0.007032549,0.006966796,0.006926969,0.006912733,0.00692022,0.006944792,0.006985831,0.007046614,0.007129574,0.007236265,0.00736712,0.007523177,0.00770378,0.007904404,0.008117177,0.008336657,0.008561159,0.008792151,0.00902786,0.009267431,0.009507613,0.009748083,0.00998776,0.01022594,0.01046028,0.01068974,0.01091401,0.01113313,0.01134634,0.01155301,0.01175287,0.0119464,0.01213314,0.01231304
0.01297605,0.01311377,0.01324642,0.01337336,0.01349525,0.01361165,0.0137232,0.01382931,0.01393076,0.01402691,0.01411845,0.01420481,0.01428663,0.01436329,0.01443545,0.01450246,0.01456495,0.01462225,0.01467498,0.01472246,0.01476529,0.01480275,0.01483545,0.01486266,0.01488497,0.01490163,0.01491321,0.01491897,0.01491946,0.01491392,0.0149029,0.01488562,0.01486262,0.0148331,0.0147976,0.0147553,0.01470673,0.01465105,0.01458876,0.01451904,0.01444235,0.01435784,0.01426602,0.01416595,0.01405816,0.01394176,0.01381719,0.01368359,0.0135415,0.01338996,0.01322959,0.01305963,0.01288061,0.01269187,0.01249442,0.01228756,0.0120723,0.01184883,0.01161857,0.01138133,0.0111394,0.01089407,0.01064747,0.01040032,0.01015599,0.009917011,0.009687278,0.009466922,0.009259143,0.00906543,0.0088905,0.008735331,0.008602922,0.008491724,0.00840183,0.008333869,0.008289187,0.008267229,0.00826792,0.008290082,0.008333015,0.008394795,0.008475436,0.008574002,0.008691012,0.008825547,0.008976977,0.009142738,0.009320933,0.009507569,0.009699853,0.009894906,0.01009395,0.01029524,0.01049854,0.01070107,0.01090197,0.01109954,0.01129437,0.01148553,0.01167266,0.01185443,0.01203117,0.01220244,0.01236861,0.01252871,0.01268346,0.01283242
0.01341329,0.01352569,0.01363344,0.01373698,0.01383613,0.01393117,0.01402196,0.01410886,0.0141916,0.01427058,0.01434554,0.01441679,0.01448411,0.01454779,0.01460755,0.01466371,0.01471595,0.01476455,0.0148092,0.01485015,0.01488707,0.01492022,0.01494922,0.01497433,0.01499517,0.01501197,0.01502433,0.01503248,0.01503601,0.01503513,0.01502943,0.01501911,0.01500373,0.01498349,0.01495797,0.01492733,0.01489113,0.01484955,0.01480214,0.01474907,0.01468987,0.01462472,0.01455312,0.01447529,0.01439071,0.01429956,0.01420139,0.01409637,0.01398399,0.01386455,0.01373754,0.01360317,0.01346115,0.01331179,0.01315464,0.01299034,0.01281883,0.01264049,0.01245541,0.01226504,0.01206954,0.01186985,0.01166714,0.01146383,0.01126098,0.01106014,0.01086249,0.01067207,0.01049086,0.01032163,0.01016459,0.01002217,0.009895182,0.009786576,0.009697678,0.009628671,0.009579874,0.009552563,0.009546979,0.009562228,0.009596568,0.00964897,0.009717781,0.009801872,0.009899521,0.01000995,0.01013256,0.01026704,0.0104115,0.01056431,0.01072337,0.01088734,0.0110532,0.0112202,0.01138675,0.01155282,0.01171761,0.0118808,0.01204093,0.01219742,0.01234998,0.01249876,0.01264325,0.01278321,0.01291837,0.01304914,0.01317515,0.01329655
0.0138018,0.01389095,0.01397691,0.01405902,0.014138,0.01421336,0.01428575,0.01435459,0.01442066,0.0144833,0.01454324,0.01459989,0.01465389,0.01470464,0.01475282,0.01479775,0.01484012,0.01487924,0.01491575,0.01494898,0.01497955,0.01500675,0.0150312,0.01505218,0.0150703,0.01508481,0.01509631,0.01510405,0.01510861,0.01510924,0.01510652,0.01509966,0.01508925,0.0150745,0.01505597,0.0150329,0.01500584,0.01497399,0.01493794,0.01489688,0.01485138,0.01480065,0.01474529,0.01468446,0.01461878,0.01454747,0.01447109,0.01438889,0.01430152,0.01420814,0.01410943,0.01400471,0.01389456,0.01377829,0.01365681,0.01352932,0.01339658,0.01325833,0.0131156,0.01296763,0.01281585,0.01266059,0.0125031,0.01234306,0.01218251,0.01202263,0.01186608,0.01171247,0.01156409,0.01142182,0.01128944,0.01116797,0.01106017,0.01096581,0.01088594,0.01082131,0.01077327,0.01074156,0.01072717,0.01073018,0.01075114,0.01078836,0.01084111,0.01090732,0.01098637,0.01107629,0.01117613,0.01128394,0.01139951,0.01152115,0.01164793,0.01177751,0.01191017,0.01204404,0.01217905,0.01231318,0.01244608,0.01257641,0.01270472,0.01283024,0.01295299,0.01307189,0.01318742,0.01329907,0.01340735,0.01351142,0.01361202,0.01370863
0.01413776,0.01420687,0.01427293,0.01433638,0.01439699,0.01445508,0.01451046,0.01456349,0.0146139,0.01466209,0.01470776,0.01475128,0.01479238,0.01483138,0.01486798,0.01490253,0.01493468,0.01496477,0.01499246,0.01501805,0.01504118,0.01506217,0.01508062,0.01509682,0.01511039,0.01512162,0.01513008,0.01513605,0.01513913,0.01513957,0.01513695,0.01513154,0.01512289,0.01511127,0.01509625,0.01507807,0.01505631,0.01503124,0.01500241,0.01497008,0.01493384,0.01489396,0.01485,0.0148023,0.0147504,0.01469462,0.01463458,0.0145706,0.01450227,0.01443,0.0143534,0.01427279,0.01418794,0.01409925,0.01400628,0.01390965,0.0138092,0.0137052,0.01359748,0.01348704,0.01337368,0.0132578,0.01313971,0.01302092,0.01290159,0.01278237,0.01266337,0.01254712,0.01243462,0.01232766,0.01222604,0.0121314,0.01204427,0.01196692,0.01190075,0.01184653,0.01180467,0.01177635,0.01176192,0.01176148,0.01177433,0.0118004,0.01183864,0.01188829,0.01194771,0.01201601,0.01209206,0.01217542,0.01226468,0.01235915,0.01245773,0.01256006,0.01266402,0.01276905,0.0128738,0.01297826,0.01308181,0.01318439,0.01328489,0.01338299,0.01347835,0.01357127,0.01366125,0.01374832,0.01383214,0.01391316,0.013991,0.01406593
0.01441596,0.01446698,0.01451613,0.01456274,0.01460753,0.01464996,0.01469069,0.01472912,0.01476601,0.01480069,0.01483389,0.014865,0.01489467,0.0149223,0.01494855,0.01497276,0.01499563,0.01501645,0.0150359,0.0150533,0.01506929,0.01508316,0.01509557,0.0151058,0.01511448,0.01512088,0.01512564,0.01512799,0.01512859,0.01512667,0.01512286,0.0151164,0.01510792,0.01509664,0.01508319,0.01506681,0.01504814,0.0150264,0.01500225,0.01497493,0.01494507,0.01491194,0.01487623,0.01483717,0.01479547,0.01475043,0.01470272,0.01465167,0.01459805,0.01454112,0.01448168,0.01441912,0.01435417,0.01428619,0.01421614,0.01414332,0.01406847,0.01399127,0.01391267,0.01383179,0.01374976,0.0136665,0.01358293,0.0134982,0.01341359,0.01332938,0.01324731,0.01316637,0.01308779,0.01301147,0.01293991,0.01287336,0.01281371,0.01276049,0.01271453,0.01267621,0.01264684,0.01262612,0.01261502,0.01261352,0.01262262,0.01264142,0.01267008,0.01270732,0.01275311,0.01280594,0.01286529,0.01292942,0.01299827,0.01307045,0.01314571,0.01322243,0.01330119,0.01338068,0.01346116,0.01354102,0.01362025,0.01369767,0.01377389,0.01384823,0.01392091,0.01399097,0.01405895,0.0141243,0.01418762,0.01424811,0.01430651,0.01436227
0.01462353,0.01465976,0.01469399,0.01472667,0.0147575,0.01478685,0.01481447,0.01484073,0.01486531,0.01488864,0.01491038,0.01493092,0.01494994,0.01496781,0.01498418,0.01499944,0.01501322,0.01502587,0.01503705,0.01504708,0.0150556,0.01506295,0.01506873,0.01507328,0.0150762,0.01507782,0.01507772,0.01507622,0.01507292,0.01506813,0.01506142,0.01505312,0.0150428,0.01503078,0.01501663,0.01500069,0.01498252,0.01496247,0.01494013,0.01491582,0.01488916,0.01486051,0.01482947,0.01479645,0.01476105,0.01472369,0.01468404,0.01464252,0.01459878,0.01455334,0.01450587,0.01445683,0.01440601,0.01435395,0.01430025,0.0142456,0.01418986,0.01413339,0.01407594,0.01401844,0.01396061,0.01390276,0.01384484,0.01378799,0.01373202,0.01367717,0.01362294,0.01357095,0.01352146,0.01347548,0.01343223,0.01339243,0.01335594,0.01332405,0.0132975,0.01327681,0.01326198,0.01325389,0.01325264,0.01325844,0.01327074,0.0132898,0.01331505,0.01334643,0.01338298,0.01342442,0.01347,0.01351965,0.01357234,0.01362779,0.0136852,0.01374462,0.01380461,0.01386501,0.01392485,0.01398433,0.01404303,0.01410112,0.01415773,0.01421276,0.01426587,0.01431742,0.01436699,0.01441471,0.01446024,0.01450405,0.01454575,0.01458566
0.0147486,0.01477224,0.01479478,0.01481554,0.01483527,0.01485336,0.01487049,0.01488606,0.01490079,0.01491402,0.01492648,0.01493752,0.01494782,0.01495675,0.014965,0.01497187,0.01497809,0.01498295,0.01498714,0.01498996,0.0149921,0.01499283,0.01499284,0.01499141,0.01498921,0.0149855,0.01498095,0.01497483,0.01496779,0.01495911,0.01494945,0.01493806,0.0149256,0.01491134,0.01489594,0.01487867,0.01486021,0.01483981,0.01481818,0.01479461,0.01476977,0.01474297,0.01471496,0.01468501,0.0146539,0.01462097,0.01458696,0.01455126,0.01451469,0.01447658,0.01443779,0.01439778,0.01435734,0.01431589,0.01427445,0.01423239,0.0141905,0.01414844,0.01410719,0.01406593,0.01402569,0.01398628,0.01394855,0.01391157,0.01387628,0.01384262,0.01381193,0.01378294,0.01375638,0.01373158,0.0137102,0.01369193,0.01367792,0.01366734,0.01366047,0.01365705,0.01365794,0.01366252,0.01367142,0.01368428,0.01370199,0.01372377,0.01375005,0.01377991,0.01381377,0.01385059,0.01389042,0.01393195,0.01397549,0.01401998,0.01406557,0.01411099,0.01415702,0.01420271,0.01424861,0.01429352,0.01433769,0.01438017,0.01442166,0.01446157,0.01450031,0.01453702,0.0145723,0.01460563,0.01463765,0.01466762,0.01469629,0.01472308
0.01477561,0.01479015,0.01480318,0.01481519,0.01482584,0.01483552,0.01484395,0.01485153,0.0148579,0.01486353,0.01486803,0.01487181,0.01487454,0.0148766,0.01487763,0.01487804,0.01487742,0.01487619,0.01487395,0.01487108,0.01486719,0.01486266,0.01485707,0.01485082,0.01484348,0.01483542,0.01482622,0.01481626,0.01480511,0.01479314,0.01477992,0.01476583,0.01475044,0.01473412,0.01471647,0.01469784,0.01467783,0.01465686,0.01463448,0.01461112,0.01458639,0.01456072,0.0145337,0.01450584,0.01447673,0.01444686,0.01441591,0.01438438,0.01435194,0.01431915,0.01428571,0.01425216,0.01421828,0.01418469,0.01415101,0.01411796,0.01408542,0.01405382,0.01402287,0.01399351,0.01396546,0.01393906,0.01391412,0.01389168,0.01387147,0.01385365,0.01383751,0.01382428,0.01381392,0.01380714,0.0138029,0.01380149,0.01380234,0.01380615,0.01381311,0.01382345,0.0138367,0.01385335,0.01387312,0.01389608,0.01392152,0.01394961,0.01397979,0.01401217,0.014046,0.01408131,0.01411755,0.01415496,0.01419283,0.01423122,0.01426956,0.01430819,0.01434605,0.01438326,0.01441908,0.01445389,0.0144874,0.01452001,0.01455104,0.01458057,0.0146083,0.0146347,0.01465938,0.01468261,0.01470405,0.01472421,0.01474272,0.01475994
0.01469541,0.01470298,0.01470972,0.01471496,0.01471945,0.01472258,0.01472505,0.01472622,0.01472687,0.01472629,0.01472524,0.01472306,0.01472045,0.01471675,0.01471268,0.01470753,0.01470205,0.01469552,0.01468864,0.01468072,0.01467247,0.01466316,0.01465349,0.01464276,0.01463165,0.01461944,0.01460681,0.01459305,0.01457884,0.01456346,0.0145476,0.01453054,0.01451296,0.01449415,0.0144748,0.0144542,0.01443306,0.01441066,0.01438774,0.01436361,0.01433897,0.01431317,0.01428696,0.01425967,0.01423209,0.01420359,0.01417493,0.01414554,0.01411625,0.01408642,0.01405693,0.01402726,0.01399822,0.01396926,0.01394138,0.013914,0.01388791,0.01386276,0.01383954,0.01381746,0.0137975,0.01377943,0.01376412,0.01375062,0.01373978,0.01373139,0.01372668,0.01372439,0.01372508,0.0137279,0.01373411,0.01374325,0.01375613,0.01377178,0.01379025,0.01381089,0.01383425,0.01385942,0.01388681,0.01391572,0.01394682,0.01397923,0.01401338,0.01404833,0.01408456,0.01412117,0.01415841,0.01419516,0.01423191,0.01426775,0.01430307,0.01433681,0.01436983,0.01440139,0.0144322,0.01446128,0.01448911,0.01451485,0.01453927,0.01456186,0.01458317,0.01460243,0.01462032,0.01463632,0.01465117,0.01466413,0.014676,0.01468621
0.01450007,0.01450373,0.01450594,0.01450726,0.01450731,0.01450653,0.0145046,0.01450197,0.01449825,0.01449393,0.01448862,0.01448276,0.01447597,0.0144687,0.01446054,0.01445195,0.0144425,0.01443262,0.01442192,0.01441081,0.01439887,0.01438653,0.01437336,0.01435978,0.01434535,0.0143305,0.01431479,0.01429864,0.0142816,0.01426411,0.01424571,0.01422683,0.01420703,0.01418675,0.01416556,0.01414387,0.01412127,0.01409822,0.01407429,0.01404994,0.01402478,0.01399927,0.01397302,0.01394657,0.0139195,0.01389236,0.0138648,0.01383736,0.01380969,0.0137824,0.01375517,0.01372857,0.01370234,0.01367713,0.01365257,0.01362936,0.01360734,0.013587,0.013568,0.01355124,0.01353646,0.013524,0.0135136,0.01350625,0.01350165,0.0135,0.01350053,0.01350429,0.01351117,0.0135218,0.01353516,0.01355139,0.01356981,0.01359088,0.01361455,0.01364098,0.01366951,0.01370045,0.0137333,0.01376807,0.0138039,0.01384088,0.01387833,0.01391635,0.01395419,0.01399193,0.01402901,0.01406576,0.01410152,0.01413651,0.0141702,0.01420307,0.01423423,0.01426395,0.01429156,0.01431753,0.01434161,0.01436432,0.01438508,0.01440411,0.0144211,0.0144366,0.01445025,0.01446241,0.01447273,0.01448179,0.0144892,0.01449539
0.01419186,0.01419285,0.01419302,0.01419168,0.01418959,0.01418616,0.01418209,0.01417675,0.01417092,0.0141639,0.01415645,0.01414791,0.014139,0.01412906,0.01411882,0.01410759,0.01409609,0.01408364,0.01407094,0.01405731,0.01404347,0.01402869,0.0140137,0.0139978,0.01398168,0.01396464,0.01394737,0.01392918,0.01391076,0.0138914,0.01387182,0.01385131,0.01383057,0.01380889,0.013787,0.0137642,0.01374121,0.01371734,0.01369333,0.01366851,0.01364361,0.01361798,0.0135924,0.01356618,0.01354015,0.01351367,0.01348752,0.01346111,0.01343529,0.01340943,0.01338439,0.01335963,0.01333598,0.01331287,0.01329127,0.01327059,0.01325163,0.01323397,0.01321861,0.01320475,0.01319331,0.01318401,0.01317772,0.01317351,0.01317216,0.01317338,0.01317836,0.01318592,0.01319655,0.01320936,0.01322549,0.01324441,0.01326689,0.01329197,0.0133197,0.01334927,0.01338119,0.01341445,0.01344938,0.01348517,0.01352238,0.0135601,0.01359873,0.01363731,0.01367631,0.01371482,0.01375316,0.01379026,0.0138266,0.01386132,0.01389485,0.01392621,0.01395622,0.01398421,0.01401093,0.01403552,0.01405851,0.01407911,0.01409811,0.01411501,0.01413044,0.01414367,0.01415541,0.01416514,0.01417363,0.01418016,0.01418555,0.01418922
0.01377524,0.01377555,0.01377438,0.01377228,0.01376887,0.01376462,0.01375918,0.01375305,0.01374578,0.01373793,0.01372905,0.01371964,0.01370929,0.01369848,0.01368677,0.01367468,0.01366172,0.0136484,0.01363428,0.01361981,0.01360456,0.01358899,0.01357266,0.01355602,0.01353861,0.01352091,0.01350246,0.01348372,0.01346422,0.01344445,0.01342393,0.01340314,0.01338162,0.01335984,0.01333737,0.01331467,0.0132913,0.01326776,0.01324361,0.01321934,0.01319456,0.01316976,0.01314452,0.01311942,0.01309403,0.01306889,0.01304367,0.0130189,0.01299422,0.01297026,0.01294663,0.01292395,0.0129019,0.01288114,0.01286125,0.01284293,0.01282596,0.01281086,0.01279721,0.0127859,0.01277661,0.0127697,0.01276483,0.01276294,0.01276371,0.01276739,0.01277317,0.01278201,0.01279375,0.01280903,0.01282689,0.01284746,0.01287003,0.01289501,0.01292226,0.01295202,0.01298359,0.01301728,0.0130525,0.01308936,0.01312697,0.01316542,0.01320398,0.0132428,0.0132811,0.01331901,0.01335593,0.01339219,0.01342717,0.01346111,0.01349347,0.01352475,0.01355414,0.01358192,0.01360744,0.01363118,0.01365283,0.01367296,0.01369101,0.01370728,0.0137214,0.01373397,0.0137446,0.01375371,0.0137609,0.01376679,0.01377097,0.01377389
0.01326377,0.01326348,0.01326236,0.01325973,0.01325632,0.01325156,0.01324615,0.01323945,0.01323223,0.01322381,0.01321494,0.01320497,0.01319462,0.01318323,0.01317153,0.01315884,0.01314589,0.01313199,0.01311787,0.01310284,0.01308762,0.01307151,0.01305523,0.01303809,0.0130208,0.01300265,0.01298437,0.01296525,0.01294601,0.01292595,0.01290579,0.01288482,0.01286378,0.01284197,0.0128201,0.0127975,0.01277491,0.01275163,0.01272842,0.0127046,0.01268093,0.01265675,0.01263285,0.01260854,0.01258465,0.01256052,0.01253696,0.01251335,0.01249053,0.01246786,0.01244619,0.01242496,0.01240499,0.01238566,0.01236793,0.01235118,0.01233619,0.01232249,0.01231104,0.01230106,0.01229338,0.01228766,0.01228478,0.0122838,0.01228543,0.01228935,0.01229669,0.01230635,0.0123188,0.01233312,0.01235037,0.01237005,0.01239291,0.01241807,0.01244562,0.01247474,0.01250594,0.01253825,0.01257203,0.01260642,0.01264203,0.01267797,0.01271468,0.01275123,0.01278813,0.01282447,0.01286065,0.01289561,0.01292986,0.01296252,0.01299407,0.01302352,0.01305166,0.0130778,0.01310271,0.01312557,0.01314691,0.01316593,0.0131834,0.0131988,0.01321278,0.01322462,0.01323501,0.01324343,0.01325062,0.01325587,0.01325999,0.01326239
0.01266985,0.01266999,0.01266868,0.01266649,0.01266301,0.01265873,0.01265324,0.01264709,0.01263981,0.01263195,0.01262307,0.01261366,0.0126033,0.0125925,0.01258079,0.01256871,0.01255577,0.01254248,0.0125284,0.012514,0.01249883,0.01248339,0.0124672,0.01245076,0.01243359,0.0124162,0.0123981,0.0123798,0.01236081,0.01234164,0.01232181,0.01230183,0.01228121,0.01226047,0.01223914,0.01221774,0.01219579,0.01217384,0.01215141,0.01212904,0.01210629,0.0120837,0.01206082,0.01203825,0.01201553,0.01199323,0.01197096,0.0119493,0.01192783,0.01190719,0.01188697,0.01186777,0.01184924,0.01183201,0.01181565,0.01180083,0.01178726,0.01177549,0.01176502,0.01175671,0.0117502,0.01174586,0.01174325,0.0117433,0.01174564,0.01175056,0.01175723,0.01176654,0.01177828,0.01179312,0.01181013,0.01182949,0.01185047,0.01187347,0.01189832,0.01192533,0.01195383,0.01198418,0.0120158,0.01204889,0.01208259,0.01211708,0.01215161,0.01218641,0.01222072,0.01225475,0.01228787,0.01232047,0.01235192,0.01238254,0.01241176,0.01244009,0.01246677,0.01249209,0.0125154,0.01253715,0.012557,0.0125755,0.0125921,0.01260713,0.01262018,0.01263184,0.01264168,0.01265015,0.01265681,0.01266227,0.01266608,0.01266872
0.01201141,0.01201138,0.0120106,0.01200839,0.01200549,0.01200128,0.0119965,0.01199046,0.01198396,0.01197629,0.01196821,0.01195906,0.01194955,0.01193903,0.01192823,0.01191646,0.01190446,0.01189154,0.01187842,0.01186442,0.01185026,0.01183525,0.01182012,0.01180416,0.0117881,0.01177124,0.0117543,0.01173659,0.01171882,0.01170031,0.01168178,0.01166254,0.01164331,0.01162339,0.01160354,0.01158305,0.01156269,0.01154174,0.01152098,0.01149974,0.01147876,0.01145738,0.01143639,0.01141511,0.01139435,0.01137345,0.01135319,0.01133297,0.01131359,0.01129441,0.01127625,0.01125854,0.01124206,0.01122619,0.01121184,0.01119837,0.01118652,0.0111758,0.01116713,0.01115971,0.01115432,0.01115058,0.01114933,0.01114964,0.01115218,0.01115657,0.01116392,0.01117318,0.01118479,0.01119782,0.0112133,0.01123071,0.01125082,0.01127282,0.01129688,0.01132213,0.01134914,0.01137699,0.01140607,0.01143555,0.01146607,0.01149681,0.01152826,0.01155955,0.01159123,0.01162243,0.01165363,0.01168383,0.01171353,0.0117419,0.01176943,0.01179516,0.01181986,0.01184283,0.01186483,0.01188509,0.01190413,0.01192113,0.01193686,0.01195074,0.01196347,0.01197428,0.01198388,0.0119917,0.01199847,0.01200347,0.01200747,0.01200989
0.0113017,0.01130214,0.01130125,0.01129961,0.01129678,0.01129325,0.01128861,0.0112834,0.01127711,0.01127033,0.01126258,0.01125437,0.01124526,0.01123576,0.0112254,0.01121471,0.01120321,0.01119142,0.01117886,0.01116605,0.0111525,0.01113874,0.01112426,0.0111096,0.01109425,0.01107875,0.01106259,0.01104631,0.01102939,0.01101238,0.01099476,0.01097708,0.01095884,0.01094057,0.01092179,0.01090304,0.01088381,0.01086469,0.01084517,0.01082581,0.01080615,0.01078674,0.01076713,0.01074789,0.01072857,0.01070974,0.01069098,0.01067286,0.01065496,0.01063789,0.01062122,0.01060554,0.01059045,0.01057661,0.01056351,0.01055182,0.01054119,0.01053218,0.01052426,0.01051822,0.01051368,0.01051101,0.01050971,0.01051067,0.01051351,0.01051853,0.01052489,0.01053342,0.01054388,0.01055694,0.01057175,0.01058848,0.01060641,0.01062594,0.01064686,0.01066958,0.01069344,0.01071884,0.01074524,0.01077291,0.01080105,0.01082988,0.01085871,0.01088782,0.01091648,0.01094496,0.01097265,0.01099999,0.01102637,0.01105216,0.01107679,0.01110081,0.01112349,0.01114515,0.01116511,0.01118386,0.01120097,0.01121703,0.01123148,0.01124468,0.01125617,0.01126654,0.01127534,0.01128302,0.0112891,0.01129419,0.01129781,0.01130044
0.01055739,0.01055755,0.01055712,0.01055541,0.01055313,0.01054966,0.01054574,0.01054066,0.01053522,0.01052869,0.01052184,0.010514,0.01050588,0.0104968,0.01048752,0.01047733,0.01046697,0.01045575,0.0104444,0.01043222,0.01041994,0.01040687,0.01039373,0.01037982,0.01036588,0.01035119,0.0103365,0.01032109,0.01030571,0.01028964,0.01027363,0.01025697,0.01024041,0.01022324,0.01020621,0.01018862,0.01017122,0.01015333,0.0101357,0.01011765,0.01009994,0.01008189,0.01006429,0.01004645,0.01002917,0.01001179,0.00999507,0.009978391,0.009962551,0.009946883,0.009932206,0.009917898,0.009904749,0.009892103,0.009880841,0.009870302,0.009861216,0.00985303,0.009846656,0.009841273,0.009837632,0.009835294,0.0098351,0.009836101,0.009838956,0.009843226,0.009850004,0.009858281,0.009868494,0.009879702,0.009892885,0.009907542,0.009924456,0.009942855,0.009962965,0.009983925,0.01000634,0.01002931,0.01005328,0.01007743,0.01010245,0.01012756,0.01015331,0.01017888,0.01020485,0.01023042,0.0102561,0.01028095,0.01030552,0.01032896,0.01035183,0.01037317,0.01039375,0.01041288,0.01043132,0.01044831,0.01046441,0.01047878,0.01049216,0.01050398,0.01051492,0.01052423,0.0105326,0.01053942,0.01054543,0.0105499,0.01055357,0.01055584
0.009789194,0.009789755,0.00978913,0.009787911,0.009785629,0.009782798,0.009778949,0.009774662,0.009769397,0.009763744,0.009757201,0.009750301,0.009742569,0.009734547,0.009725716,0.00971665,0.009706825,0.009696792,0.009686045,0.009675125,0.009663514,0.009651767,0.009639362,0.009626844,0.009613695,0.009600465,0.009586635,0.009572754,0.0095583,0.009543824,0.009528806,0.009513802,0.009498293,0.009482841,0.009466934,0.00945113,0.009434915,0.00941887,0.009402484,0.009386323,0.009369908,0.009353809,0.009337525,0.00932167,0.009305738,0.009290325,0.009274975,0.009260271,0.009245739,0.009232015,0.009218616,0.009206146,0.009194159,0.009183301,0.009173048,0.009164037,0.009155895,0.009149166,0.009143283,0.009139024,0.009135959,0.00913448,0.00913403,0.009135465,0.009138394,0.00914315,0.009148866,0.009156351,0.009165308,0.009176454,0.009188952,0.009203002,0.009217881,0.009234,0.009251121,0.009269711,0.009289135,0.009309849,0.009331303,0.009353863,0.009376746,0.009400253,0.009423686,0.0094474,0.009470674,0.009493855,0.009516323,0.009538583,0.009560013,0.009581061,0.009601148,0.009620856,0.009639473,0.009657367,0.009673846,0.00968941,0.009703593,0.009716997,0.009729057,0.009740165,0.009749822,0.009758627,0.009766101,0.00977271,0.009777941,0.009782408,0.009785594,0.009788
0.00901127,0.009011517,0.009011332,0.009010001,0.009008246,0.009005429,0.009002276,0.008998078,0.008993622,0.008988188,0.008982516,0.008975941,0.008969177,0.008961539,0.008953772,0.008945163,0.008936465,0.008926974,0.008917416,0.008907096,0.008896749,0.008885666,0.00887458,0.00886279,0.008851029,0.008838587,0.008826203,0.008813167,0.008800217,0.008786647,0.008773196,0.008759159,0.008745281,0.008730855,0.008716625,0.008701899,0.008687428,0.008672505,0.008657895,0.008642915,0.008628311,0.008613405,0.00859898,0.008584326,0.008570245,0.00855606,0.008542533,0.008529017,0.0085163,0.008503704,0.008492032,0.008480637,0.008470299,0.008460339,0.008451615,0.008443448,0.008436551,0.008430339,0.008425705,0.008421821,0.008419408,0.008417987,0.008418396,0.008419684,0.008422492,0.008426346,0.008432325,0.008439451,0.008448159,0.008457509,0.00846845,0.008480483,0.008494406,0.008509485,0.008525997,0.008543081,0.008561367,0.008579983,0.008599416,0.008618861,0.008639032,0.008659177,0.008679921,0.008700449,0.008721401,0.008741992,0.008762798,0.008782906,0.008802889,0.008821923,0.008840594,0.008857964,0.008874798,0.008890398,0.00890555,0.008919507,0.008932834,0.008944696,0.008955829,0.008965644,0.008974836,0.008982635,0.008989736,0.008995508,0.009000693,0.00900453,0.009007772,0.009009789
0.008231894,0.00823258,0.008232217,0.008231403,0.008229649,0.008227476,0.00822439,0.008220982,0.008216691,0.008212114,0.00820673,0.008201084,0.008194678,0.008188069,0.008180716,0.008173208,0.008165002,0.008156662,0.008147665,0.008138565,0.008128829,0.008119026,0.008108616,0.00809816,0.008087123,0.008076072,0.00806447,0.008052883,0.00804077,0.008028701,0.008016137,0.008003648,0.007990702,0.007977872,0.00796463,0.007951546,0.00793809,0.007924853,0.007911305,0.007898023,0.007884509,0.007871338,0.007857991,0.007845087,0.007832097,0.007819623,0.007807178,0.007795352,0.007783644,0.007772689,0.007761973,0.007752103,0.007742597,0.007734098,0.007726057,0.007719098,0.007712812,0.007707749,0.00770331,0.007700255,0.007698127,0.007697331,0.007697269,0.00769878,0.007701457,0.007705659,0.007710512,0.007716796,0.007724189,0.007733428,0.007743704,0.007755241,0.007767313,0.007780345,0.007794071,0.007809012,0.007824552,0.007841186,0.007858369,0.007876529,0.007894913,0.007913868,0.007932707,0.007951832,0.00797054,0.00798922,0.008007264,0.008025207,0.008042442,0.008059455,0.008075673,0.008091699,0.008106848,0.008121512,0.008134998,0.008147818,0.008159471,0.008170572,0.008180557,0.008189844,0.008197903,0.008205338,0.00821165,0.008217318,0.008221801,0.008225719,0.00822853,0.008230741
0.007463295,0.007463716,0.007463843,0.007462953,0.007461762,0.007459621,0.007457257,0.007453946,0.007450474,0.007446114,0.007441604,0.007436267,0.007430824,0.007424574,0.007418271,0.007411187,0.007404081,0.007396241,0.007388397,0.007379845,0.007371329,0.007362125,0.007352978,0.007343175,0.007333458,0.007323109,0.00731287,0.007302028,0.007291322,0.007280041,0.00726893,0.007257277,0.007245829,0.007233873,0.007222157,0.007209979,0.007198093,0.007185785,0.007173819,0.007161502,0.007149581,0.007137367,0.007125639,0.007113676,0.007102276,0.007090746,0.007079847,0.007068911,0.007058722,0.007048581,0.007039285,0.007030166,0.007021995,0.007014074,0.007007245,0.00700081,0.006995476,0.006990627,0.006987145,0.006984192,0.006982477,0.006981489,0.006982063,0.006983252,0.006985683,0.006988854,0.006993838,0.006999679,0.007006824,0.007014325,0.007023118,0.0070327,0.007043889,0.007055975,0.007069285,0.007082955,0.007097643,0.007112492,0.007128027,0.00714345,0.007159499,0.007175451,0.00719197,0.007208264,0.007225009,0.007241438,0.007258171,0.007274321,0.007290486,0.007305852,0.00732103,0.007335096,0.007348817,0.007361489,0.007373913,0.007385352,0.007396387,0.00740618,0.007415466,0.007423638,0.007431401,0.007437977,0.007444062,0.007449009,0.007453558,0.007456935,0.007459892,0.007461781
0.006711826,0.006712739,0.00671273,0.006712396,0.006711232,0.006709766,0.00670748,0.006704976,0.006701674,0.006698176,0.006693948,0.00668954,0.006684437,0.006679207,0.006673292,0.006667288,0.006660641,0.006653923,0.006646595,0.006639225,0.006631263,0.00662329,0.006614753,0.006606223,0.006597152,0.006588118,0.006578571,0.006569087,0.006559114,0.00654923,0.006538885,0.006528658,0.006518004,0.006507505,0.006496619,0.006485926,0.00647488,0.006464079,0.00645298,0.006442165,0.006431118,0.006420422,0.006409538,0.006399089,0.006388526,0.006378456,0.00636837,0.006358858,0.006349397,0.006340621,0.006331992,0.006324117,0.006316489,0.006309744,0.006303314,0.006297819,0.006292817,0.006288862,0.006285333,0.006282974,0.006281313,0.006280765,0.006280709,0.006281966,0.006284117,0.006287543,0.006291365,0.006296347,0.00630215,0.006309526,0.006317688,0.006326884,0.006336391,0.00634664,0.00635735,0.006369084,0.006381237,0.006394337,0.006407852,0.006422256,0.006436813,0.006451914,0.006466879,0.006482147,0.006497027,0.006511947,0.006526298,0.006540646,0.006554393,0.006568056,0.006581064,0.006594043,0.00660632,0.006618318,0.006629338,0.006639898,0.006649481,0.00665871,0.006667016,0.006674837,0.006681622,0.006687979,0.006693388,0.006698344,0.006702284,0.006705831,0.006708428,0.006710588
0.005987927,0.005988598,0.005989101,0.005988703,0.005988116,0.005986679,0.00598512,0.005982704,0.005980215,0.005976918,0.00597355,0.005969426,0.005965268,0.005960363,0.005955471,0.005949854,0.005944272,0.005938006,0.005931791,0.005924913,0.00591812,0.005910682,0.005903348,0.005895398,0.005887578,0.005879161,0.005870896,0.00586206,0.005853401,0.005844196,0.005835196,0.005825681,0.005816403,0.005806639,0.005797142,0.005787199,0.00577757,0.005767528,0.005757841,0.005747804,0.005738165,0.005728222,0.005718754,0.00570903,0.005699842,0.005690486,0.005681717,0.005672856,0.005664677,0.00565647,0.005649023,0.005641649,0.005635118,0.005628712,0.00562326,0.005618053,0.005613795,0.005609842,0.005607066,0.005604627,0.005603226,0.005602326,0.005602767,0.005603602,0.005605453,0.005607792,0.005611684,0.005616195,0.00562179,0.00562752,0.005634301,0.005641635,0.005650351,0.005659765,0.005670241,0.005680921,0.005692476,0.005704068,0.005716254,0.005728238,0.005740782,0.005753178,0.005766123,0.005778845,0.00579205,0.005804987,0.005818305,0.005831138,0.005844108,0.005856406,0.005868666,0.005879976,0.0058911,0.005901337,0.005911494,0.005920838,0.005929976,0.005938069,0.005945845,0.00595268,0.005959288,0.005964886,0.005970171,0.005974479,0.005978555,0.005981619,0.005984415,0.005986287
0.00529584,0.005297007,0.005297362,0.00529751,0.005296927,0.005296149,0.005294637,0.005293003,0.005290648,0.00528818,0.005285052,0.00528182,0.005277951,0.005274025,0.005269466,0.005264882,0.0052597,0.005254503,0.005248738,0.005242984,0.005236675,0.005230403,0.005223601,0.005216852,0.005209592,0.005202411,0.005194744,0.005187178,0.005179146,0.00517124,0.005162892,0.005154695,0.005146085,0.005137657,0.005128853,0.005120263,0.005111324,0.005102644,0.005093662,0.00508497,0.00507603,0.005067436,0.005058629,0.005050237,0.005041693,0.005033608,0.005025452,0.005017819,0.005010166,0.005003125,0.00499614,0.004989819,0.00498363,0.00497821,0.004972971,0.004968533,0.004964427,0.004961214,0.00495825,0.004956273,0.004954796,0.004954251,0.004953991,0.004954832,0.004956343,0.004958923,0.004961687,0.004965388,0.00496968,0.00497533,0.004981561,0.004988651,0.004995872,0.005003669,0.005011742,0.005020694,0.005029921,0.005039986,0.005050363,0.005061565,0.005072872,0.005084705,0.005096389,0.005108398,0.005120048,0.0051318,0.005143041,0.005154361,0.005165168,0.005176009,0.005186311,0.005196722,0.005206575,0.005216321,0.005225257,0.005233905,0.005241739,0.005249395,0.005256292,0.005262886,0.005268604,0.005274063,0.005278725,0.005283098,0.005286601,0.005289866,0.005292318,0.00529448
0.0046438,0.004644692,0.004645528,0.004645569,0.004645524,0.004644721,0.00464389,0.004642284,0.004640685,0.004638356,0.004636028,0.00463301,0.004630023,0.00462635,0.004622747,0.004618473,0.004614284,0.00460946,0.004604734,0.004599388,0.004594169,0.004588346,0.004582664,0.004576402,0.004570304,0.004563643,0.004557164,0.004550142,0.004543324,0.004535986,0.004528876,0.004521272,0.004513924,0.004506106,0.004498567,0.004490592,0.004482938,0.004474875,0.004467164,0.004459098,0.004451419,0.004443421,0.004435874,0.004428043,0.004420714,0.004413175,0.004406173,0.004399022,0.004392487,0.004385847,0.004379885,0.004373902,0.004368657,0.004363426,0.004359024,0.004354736,0.004351258,0.004347931,0.004345615,0.004343474,0.004342198,0.004341236,0.004341427,0.004341831,0.004343064,0.00434458,0.004347431,0.004350708,0.004354891,0.004359032,0.00436403,0.004369393,0.004375959,0.004383063,0.004391101,0.00439922,0.004408102,0.004416925,0.004426267,0.004435344,0.004444927,0.004454322,0.004464252,0.004473964,0.004484184,0.004494176,0.004504612,0.004514641,0.004524906,0.004534605,0.004544385,0.004553352,0.004562258,0.004570414,0.004578629,0.004586172,0.004593675,0.0046003,0.004606768,0.004612444,0.004618045,0.004622789,0.004627368,0.004631114,0.004634769,0.004637551,0.0046402,0.004642053
0.004033489,0.004034834,0.004035466,0.004035999,0.004035888,0.004035684,0.004034822,0.004033927,0.004032382,0.004030806,0.00402863,0.004026425,0.004023637,0.004020858,0.004017496,0.004014168,0.004010286,0.004006441,0.004002068,0.003997754,0.003992919,0.003988167,0.003982915,0.003977757,0.003972115,0.003966589,0.003960598,0.003954742,0.003948439,0.003942291,0.003935717,0.003929318,0.003922515,0.003915915,0.003908942,0.003902197,0.003895101,0.003888273,0.00388113,0.003874276,0.003867155,0.00386037,0.00385334,0.003846705,0.003839874,0.003833467,0.003826934,0.003820874,0.003814724,0.003809119,0.003803483,0.003798429,0.003793403,0.003789046,0.003784749,0.003781137,0.003777717,0.003775057,0.003772496,0.003770768,0.003769371,0.003768753,0.003768248,0.003768672,0.003769577,0.003771385,0.003773199,0.003775773,0.003778748,0.003782908,0.003787481,0.003792775,0.003798051,0.003803774,0.003809621,0.003816232,0.003823,0.003830519,0.003838264,0.003846786,0.003855369,0.003864466,0.003873399,0.003882674,0.00389161,0.003900698,0.003909317,0.00391808,0.003926397,0.003934843,0.003942838,0.003951055,0.003958823,0.003966628,0.003973755,0.003980739,0.003987039,0.00399331,0.003998955,0.004004451,0.004009205,0.004013843,0.00401781,0.004021632,0.004024706,0.004027677,0.004029954,0.004032069
0.003470556,0.003471564,0.003472612,0.003472965,0.00347332,0.003473004,0.003472741,0.003471783,0.003470907,0.003469371,0.003467903,0.00346581,0.003463808,0.003461177,0.003458671,0.003455547,0.003452555,0.003448976,0.003445537,0.003441522,0.003437672,0.003433257,0.003429018,0.003424235,0.003419646,0.003414525,0.003409613,0.003404185,0.003398983,0.003393285,0.003387833,0.003381907,0.003376249,0.003370135,0.003364308,0.003358053,0.00335212,0.003345779,0.003339785,0.003333428,0.003327443,0.003321123,0.00331523,0.003309026,0.003303287,0.003297299,0.003291801,0.0032861,0.003280954,0.003275636,0.003270919,0.003266098,0.003261924,0.003257667,0.003254129,0.003250594,0.003247749,0.003244926,0.003242974,0.003241061,0.003239867,0.003238832,0.003238794,0.00323882,0.003239518,0.003240334,0.003242307,0.003244547,0.003247547,0.003250362,0.003253876,0.003257603,0.003262386,0.003267578,0.003273596,0.003279598,0.003286269,0.003292801,0.003299789,0.003306459,0.003313587,0.003320494,0.003327916,0.003335122,0.003342847,0.003350376,0.00335839,0.003366059,0.003374035,0.003381528,0.003389192,0.003396148,0.003403144,0.003409497,0.003416014,0.003421978,0.003428031,0.003433345,0.003438629,0.003443245,0.003447911,0.003451847,0.003455744,0.003458928,0.00346214,0.003464599,0.003467041,0.003468798
0.0029539,0.002955298,0.00295607,0.002956837,0.00295704,0.00295724,0.002956852,0.002956514,0.00295559,0.002954709,0.002953287,0.002951906,0.002949991,0.002948151,0.002945772,0.002943487,0.002940686,0.002937978,0.002934775,0.002931683,0.0029281,0.002924645,0.002920717,0.002916927,0.002912674,0.002908576,0.002904032,0.002899657,0.002894851,0.002890229,0.002885192,0.002880356,0.002875121,0.002870111,0.002864728,0.002859587,0.00285409,0.002848868,0.00284332,0.00283806,0.002832513,0.002827292,0.002821798,0.002816678,0.002811323,0.002806362,0.002801222,0.002796514,0.002791651,0.002787278,0.002782795,0.002778827,0.002774794,0.002771346,0.002767854,0.002764952,0.002762119,0.00275994,0.00275773,0.00275623,0.002754917,0.002754259,0.00275357,0.00275367,0.002754094,0.002755284,0.002756335,0.002758004,0.002759916,0.002762873,0.002766103,0.002769943,0.002773641,0.002777682,0.00278172,0.002786428,0.002791192,0.002796635,0.002802228,0.002808556,0.002814903,0.002821749,0.002828412,0.002835426,0.002842108,0.002848978,0.002855405,0.002862023,0.002868239,0.002874656,0.002880684,0.002887019,0.002892989,0.002899108,0.002904647,0.00291016,0.002915093,0.002920114,0.002924613,0.002929089,0.002932931,0.002936777,0.002940055,0.002943308,0.002945915,0.002948534,0.002950557,0.002952531
0.002486489,0.002487481,0.002488597,0.002489103,0.00248969,0.002489686,0.002489806,0.002489306,0.002488951,0.002488007,0.002487189,0.002485809,0.002484574,0.002482767,0.002481135,0.002478939,0.002476917,0.002474357,0.002471976,0.002469064,0.002466353,0.002463118,0.00246009,0.002456555,0.002453242,0.00244943,0.002445851,0.002441785,0.002437966,0.002433676,0.002429649,0.002425167,0.002420965,0.002416323,0.002411974,0.002407207,0.002402763,0.002397915,0.002393406,0.002388531,0.002384013,0.002379149,0.002374688,0.002369896,0.002365536,0.002360894,0.002356699,0.00235226,0.002348319,0.002344152,0.002340519,0.002336714,0.002333477,0.002330078,0.002327304,0.002324441,0.002322167,0.002319811,0.002318208,0.002316533,0.002315455,0.002314412,0.002314232,0.002313998,0.002314304,0.002314593,0.002315892,0.002317333,0.002319409,0.002321185,0.002323527,0.002325961,0.002329326,0.002332996,0.002337398,0.002341703,0.002346595,0.002351281,0.002356364,0.002361083,0.002366212,0.00237109,0.002376458,0.002381602,0.002387268,0.002392755,0.002398752,0.002404446,0.002410493,0.002416119,0.002421978,0.00242721,0.002432552,0.002437337,0.002442362,0.002446926,0.002451678,0.002455799,0.00245999,0.002463613,0.002467385,0.002470533,0.002473741,0.002476338,0.002479061,0.002481132,0.002483279,0.002484838
0.00206451,0.00206583,0.002066595,0.002067443,0.002067792,0.00206822,0.002068121,0.002068148,0.002067647,0.002067259,0.002066381,0.002065611,0.002064353,0.002063232,0.002061615,0.002060148,0.002058204,0.002056406,0.002054146,0.002052047,0.002049487,0.002047102,0.00204427,0.002041617,0.002038525,0.002035626,0.0020323,0.002029178,0.002025641,0.002022319,0.002018594,0.002015095,0.002011206,0.002007562,0.002003547,0.001999791,0.001995675,0.001991845,0.001987678,0.001983802,0.001979621,0.001975763,0.001971605,0.001967809,0.001963742,0.001960046,0.001956128,0.001952607,0.001948876,0.001945592,0.00194213,0.001939129,0.001935985,0.001933358,0.001930599,0.001928352,0.001926073,0.001924362,0.001922511,0.00192127,0.001920098,0.00191948,0.001918709,0.001918614,0.001918711,0.001919466,0.001919959,0.001920955,0.001922064,0.001924103,0.001926297,0.001929009,0.001931474,0.001934196,0.001936806,0.001940008,0.001943177,0.001946963,0.001950828,0.001955391,0.001959928,0.001964947,0.001969757,0.00197492,0.001979745,0.00198478,0.001989382,0.001994206,0.001998653,0.002003353,0.002007703,0.002012424,0.002016836,0.002021481,0.002025619,0.002029822,0.002033519,0.002037399,0.002040834,0.002044348,0.00204731,0.002050377,0.002052955,0.00205561,0.0020577,0.0020599,0.002061582,0.002063312
0.001688429,0.00168928,0.001690322,0.001690834,0.001691491,0.00169163,0.001691956,0.001691729,0.001691705,0.001691157,0.001690787,0.001689916,0.001689238,0.001688046,0.001687072,0.001685587,0.001684318,0.001682559,0.001681017,0.001678989,0.001677196,0.00167492,0.001672883,0.001670377,0.00166812,0.001665399,0.001662934,0.001660015,0.001657363,0.001654267,0.00165145,0.001648202,0.001645246,0.001641869,0.001638792,0.001635311,0.001632154,0.001628601,0.001625383,0.0016218,0.001618562,0.001614973,0.001611768,0.001608217,0.001605071,0.00160162,0.001598579,0.001595262,0.001592395,0.001589261,0.001586603,0.00158372,0.001581337,0.001578731,0.00157667,0.001574448,0.001572728,0.001570842,0.001569612,0.001568221,0.001567325,0.001566363,0.001566153,0.00156579,0.001565857,0.001565799,0.001566628,0.001567496,0.001568894,0.001569895,0.001571352,0.001572801,0.001575074,0.001577563,0.001580702,0.001583676,0.001587161,0.001590382,0.001593943,0.001597097,0.001600615,0.001603849,0.001607542,0.001611,0.001614969,0.001618767,0.001623084,0.001627123,0.001631542,0.001635582,0.001639895,0.001643639,0.001647542,0.00165095,0.001654652,0.001657964,0.001661535,0.00166456,0.001667728,0.001670409,0.001673314,0.001675682,0.001678188,0.00168017,0.001682352,0.00168397,0.001685738,0.001687001
0.001352015,0.001353138,0.001353767,0.001354554,0.0013549,0.001355399,0.001355424,0.001355645,0.001355387,0.001355309,0.001354787,0.001354437,0.00135364,0.001353041,0.001351985,0.001351135,0.001349843,0.00134875,0.001347229,0.001345918,0.001344175,0.001342653,0.001340711,0.001338992,0.001336856,0.001334953,0.001332644,0.001330575,0.001328107,0.001325888,0.001323278,0.001320924,0.001318187,0.00131572,0.001312888,0.001310333,0.001307416,0.0013048,0.00130184,0.001299179,0.0012962,0.001293543,0.001290567,0.001287946,0.001285026,0.001282461,0.001279636,0.001277186,0.001274479,0.001272185,0.001269657,0.001267548,0.00126523,0.001263376,0.001261316,0.001259706,0.001257979,0.00125675,0.001255292,0.001254364,0.001253404,0.001252916,0.001252172,0.001252012,0.001251933,0.001252422,0.001252544,0.001253078,0.001253612,0.001254983,0.001256405,0.001258269,0.001259793,0.0012615,0.001263001,0.001265027,0.001266939,0.001269412,0.001271899,0.001275047,0.001278122,0.001281659,0.001284955,0.001288596,0.001291884,0.001295393,0.001298466,0.00130178,0.001304725,0.001307958,0.001310863,0.001314184,0.001317232,0.001320576,0.001323462,0.001326482,0.00132905,0.001331872,0.001334308,0.001336903,0.001339009,0.001341301,0.001343167,0.001345193,0.001346719,0.001348437,0.001349701,0.001351093
0.001053594,0.001054196,0.001055048,0.001055438,0.001056031,0.00105617,0.001056551,0.001056443,0.001056588,0.00105627,0.001056178,0.001055642,0.001055345,0.001054587,0.001054089,0.001053133,0.001052431,0.001051288,0.001050399,0.001049069,0.001048006,0.001046505,0.001045272,0.001043609,0.001042223,0.001040411,0.001038878,0.001036926,0.001035261,0.001033182,0.0010314,0.001029214,0.001027332,0.001025053,0.001023082,0.001020725,0.001018695,0.001016281,0.001014202,0.001011763,0.001009663,0.001007211,0.001005127,0.001002692,0.001000638,0.0009982656,0.0009962717,0.0009939785,0.0009920968,0.000989916,0.0009881633,0.0009861449,0.0009845695,0.0009827219,0.0009813523,0.0009797633,0.0009786031,0.0009772112,0.0009763917,0.00097534,0.0009746952,0.0009739024,0.0009737653,0.0009733945,0.0009733586,0.0009731096,0.0009736443,0.0009741318,0.0009750543,0.0009755005,0.0009763057,0.0009770191,0.0009784629,0.0009800486,0.0009822067,0.0009841385,0.0009865125,0.0009885699,0.0009909095,0.0009928012,0.0009950071,0.0009968992,0.0009992145,0.001001279,0.001003833,0.001006215,0.001009112,0.001011746,0.00101477,0.001017443,0.001020411,0.001022851,0.001025481,0.00102766,0.001030169,0.001032344,0.001034825,0.001036826,0.001039024,0.001040801,0.001042859,0.001044451,0.001046242,0.001047579,0.001049178,0.001050285,0.001051602,0.001052485
0.0007849784,0.0007858105,0.0007862012,0.0007868171,0.000787042,0.0007874864,0.0007875037,0.0007877816,0.0007876268,0.0007877125,0.0007873987,0.0007873143,0.0007868245,0.0007865884,0.0007859339,0.0007855387,0.0007847385,0.0007841877,0.0007832417,0.0007825542,0.0007814658,0.0007806434,0.000779429,0.0007784798,0.0007771398,0.0007760722,0.0007746211,0.0007734474,0.0007718942,0.0007706227,0.0007689763,0.0007676159,0.0007658851,0.0007644502,0.0007626567,0.000761163,0.0007593108,0.0007577745,0.0007558924,0.0007543211,0.0007524221,0.0007508515,0.000748946,0.0007473935,0.0007455196,0.0007439927,0.0007421751,0.0007407143,0.00073896,0.0007375927,0.0007359458,0.000734683,0.000733157,0.0007320524,0.0007306798,0.0007297058,0.0007285427,0.0007278202,0.0007267921,0.0007262284,0.000725547,0.0007252683,0.0007246449,0.0007245269,0.0007243961,0.0007247571,0.0007246621,0.0007248994,0.0007250377,0.0007259325,0.0007267909,0.0007280194,0.0007288262,0.0007297499,0.000730385,0.0007314812,0.0007323927,0.000733815,0.0007351871,0.0007371795,0.0007390525,0.000741363,0.0007433972,0.0007457645,0.000747754,0.0007499635,0.000751725,0.0007537375,0.0007553793,0.0007573303,0.0007589638,0.0007610433,0.0007628737,0.0007650427,0.0007667876,0.0007687203,0.0007702358,0.0007720604,0.0007735428,0.0007752483,0.0007765138,0.0007780312,0.0007791734,0.0007805442,0.0007814684,0.0007826522,0.0007834354,0.0007844158
0.0005428614,0.0005431365,0.0005437125,0.0005438886,0.0005443166,0.0005443522,0.0005446784,0.0005445741,0.0005447692,0.0005445587,0.0005446192,0.0005442895,0.000544242,0.000543786,0.0005436307,0.0005430673,0.000542796,0.0005421318,0.000541757,0.0005409867,0.000540518,0.0005396528,0.0005390867,0.0005381319,0.000537482,0.0005364433,0.0005357105,0.0005345921,0.0005337841,0.0005325946,0.0005317204,0.0005304702,0.0005295408,0.0005282374,0.0005272544,0.0005259055,0.0005248903,0.0005235073,0.0005224597,0.0005210632,0.0005200009,0.000518591,0.0005175394,0.0005161339,0.0005150925,0.0005137228,0.0005127076,0.0005113758,0.0005104234,0.000509147,0.0005082586,0.0005070713,0.000506279,0.0005051735,0.0005044898,0.0005035376,0.0005029512,0.0005020763,0.0005017026,0.000501035,0.0005006983,0.000500144,0.0005001624,0.0004998756,0.00049984,0.0004995159,0.0004998868,0.0005001355,0.0005007331,0.0005007825,0.0005011061,0.0005012623,0.0005020667,0.0005029445,0.000504324,0.000505418,0.0005068899,0.0005079959,0.0005093271,0.000510167,0.0005112722,0.0005120317,0.000513178,0.0005140534,0.0005153923,0.0005165491,0.0005182077,0.000519611,0.0005214041,0.0005228619,0.0005246254,0.0005258876,0.0005273596,0.0005284119,0.0005298221,0.000530938,0.0005323949,0.0005334194,0.0005346843,0.0005355811,0.0005368031,0.0005376184,0.0005386818,0.0005393515,0.0005403341,0.0005408863,0.0005417003,0.000542142
0.0003176822,0.0003181608,0.0003182456,0.0003186159,0.0003186419,0.0003189472,0.0003188709,0.0003191135,0.0003189681,0.0003191195,0.0003189141,0.0003189931,0.0003187074,0.0003187282,0.0003183694,0.0003183204,0.0003179036,0.0003177849,0.0003173055,0.0003171311,0.0003165882,0.0003163554,0.0003157606,0.0003154728,0.0003148219,0.0003144827,0.0003137849,0.000313401,0.0003126595,0.0003122335,0.0003114512,0.0003109852,0.0003101642,0.0003096654,0.0003088193,0.0003082954,0.0003074197,0.0003068774,0.0003059912,0.0003054286,0.0003045345,0.0003039752,0.0003030715,0.0003025208,0.0003016327,0.000301085,0.0003002234,0.0002997046,0.0002988617,0.0002983842,0.0002975885,0.000297148,0.0002963977,0.0002960318,0.0002953443,0.0002950109,0.0002944265,0.000294231,0.0002936625,0.0002934998,0.000293145,0.0002931306,0.000292693,0.0002926916,0.0002925941,0.00029292,0.000292709,0.0002927589,0.0002926222,0.00029317,0.0002936003,0.0002943338,0.0002945695,0.0002948588,0.0002947851,0.0002951127,0.0002951891,0.0002957278,0.000296156,0.0002971623,0.0002980008,0.0002992487,0.000300184,0.000301434,0.0003022785,0.000303333,0.0003039223,0.0003047659,0.0003052324,0.0003060191,0.0003064929,0.000307433,0.0003081388,0.000309214,0.0003098901,0.0003107937,0.0003113067,0.0003121723,0.0003127309,0.000313565,0.0003139992,0.0003147398,0.0003151489,0.0003158447,0.0003161399,0.000316754,0.0003170148,0.0003175338
0.0001051117,0.0001050144,0.0001052651,0.0001051734,0.0001053803,0.0001052514,0.0001054592,0.0001052924,0.0001054697,0.0001052958,0.0001054362,0.0001052393,0.0001053662,0.0001051354,0.0001052451,0.0001049958,0.0001050766,0.0001048118,0.0001048723,0.0001045823,0.0001046276,0.0001043193,0.0001043418,0.0001040161,0.0001040246,0.0001036825,0.0001036729,0.0001033132,0.0001032875,0.0001029132,0.0001028746,0.0001024896,0.0001024425,0.000102047,0.0001019853,0.0001015793,0.000101516,0.0001011017,0.000101027,0.0001006156,0.0001005371,0.0001001169,0.000100048,9.962506e-05,9.955277e-05,9.914561e-05,9.907248e-05,9.866914e-05,9.861727e-05,9.822007e-05,9.817579e-05,9.780376e-05,9.778376e-05,9.741441e-05,9.741624e-05,9.710602e-05,9.710406e-05,9.676252e-05,9.685738e-05,9.66019e-05,9.660775e-05,9.633332e-05,9.655607e-05,9.640778e-05,9.643298e-05,9.610118e-05,9.638401e-05,9.647471e-05,9.683346e-05,9.657576e-05,9.651342e-05,9.621428e-05,9.648722e-05,9.676909e-05,9.748399e-05,9.785553e-05,9.854204e-05,9.881439e-05,9.92551e-05,9.916093e-05,9.92831e-05,9.902719e-05,9.912105e-05,9.892186e-05,9.915732e-05,9.919675e-05,9.97203e-05,9.998982e-05,0.0001006438,0.0001009708,0.0001016082,0.0001017629,0.0001021404,0.0001021236,0.0001024855,0.0001025867,0.0001030549,0.0001031316,0.000103483,0.0001035129,0.0001039061,0.0001039434,0.0001042715,0.0001042599,0.0001046057,0.0001045772,0.0001048571,0.0001048219
-0.0001051201,-0.0001050229,-0.0001052736,-0.0001051819,-0.0001053888,-0.0001052599,-0.0001054677,-0.0001053008,-0.0001054781,-0.0001053043,-0.0001054446,-0.0001052477,-0.0001053746,-0.0001051439,-0.0001052536,-0.0001050042,-0.0001050851,-0.0001048203,-0.0001048807,-0.0001045908,-0.000104636,-0.0001043278,-0.0001043502,-0.0001040246,-0.0001040331,-0.000103691,-0.0001036814,-0.0001033217,-0.000103296,-0.0001029217,-0.0001028831,-0.0001024981,-0.000102451,-0.0001020555,-0.0001019939,-0.0001015879,-0.0001015245,-0.0001011102,-0.0001010355,-0.0001006242,-0.0001005456,-0.0001001254,-0.0001000565,-9.963365e-05,-9.956136e-05,-9.915421e-05,-9.908108e-05,-9.867775e-05,-9.862587e-05,-9.822869e-05,-9.818441e-05,-9.781238e-05,-9.779239e-05,-9.742304e-05,-9.742488e-05,-9.711466e-05,-9.711271e-05,-9.677117e-05,-9.686603e-05,-9.661054e-05,-9.66164e-05,-9.634197e-05,-9.656472e-05,-9.641643e-05,-9.644163e-05,-9.610983e-05,-9.639267e-05,-9.648336e-05,-9.684211e-05,-9.658441e-05,-9.652206e-05,-9.622292e-05,-9.649586e-05,-9.677772e-05,-9.749262e-05,-9.786416e-05,-9.855066e-05,-9.882301e-05,-9.926371e-05,-9.916955e-05,-9.92917e-05,-9.903579e-05,-9.912964e-05,-9.893045e-05,-9.91659e-05,-9.920532e-05,-9.972887e-05,-9.999838e-05,-0.0001006524,-0.0001009793,-0.0001016167,-0.0001017714,-0.000102149,-0.0001021321,-0.000102494,-0.0001025952,-0.0001030634,-0.0001031401,-0.0001034915,-0.0001035213,-0.0001039146,-0.0001039519,-0.00010428,-0.0001042683,-0.0001046141,-0.0001045857,-0.0001048656,-0.0001048304
-0.0003176906,-0.0003181692,-0.000318254,-0.0003186243,-0.0003186503,-0.0003189556,-0.0003188792,-0.0003191219,-0.0003189765,-0.0003191279,-0.0003189225,-0.0003190015,-0.0003187158,-0.0003187366,-0.0003183778,-0.0003183288,-0.000317912,-0.0003177933,-0.0003173139,-0.0003171395,-0.0003165966,-0.0003163638,-0.000315769,-0.0003154812,-0.0003148303,-0.0003144912,-0.0003137933,-0.0003134095,-0.000312668,-0.000312242,-0.0003114596,-0.0003109937,-0.0003101727,-0.0003096738,-0.0003088278,-0.0003083038,-0.0003074282,-0.0003068859,-0.0003059997,-0.0003054371,-0.000304543,-0.0003039837,-0.00030308,-0.0003025293,-0.0003016412,-0.0003010936,-0.000300232,-0.0002997131,-0.0002988703,-0.0002983927,-0.0002975971,-0.0002971565,-0.0002964063,-0.0002960404,-0.0002953529,-0.0002950195,-0.0002944351,-0.0002942395,-0.0002936711,-0.0002935084,-0.0002931536,-0.0002931392,-0.0002927016,-0.0002927002,-0.0002926027,-0.0002929285,-0.0002927176,-0.0002927675,-0.0002926307,-0.0002931785,-0.0002936088,-0.0002943424,-0.000294578,-0.0002948674,-0.0002947937,-0.0002951213,-0.0002951976,-0.0002957363,-0.0002961645,-0.0002971708,-0.0002980094,-0.0002992573,-0.0003001925,-0.0003014425,-0.000302287,-0.0003033415,-0.0003039308,-0.0003047744,-0.0003052409,-0.0003060276,-0.0003065014,-0.0003074415,-0.0003081472,-0.0003092224,-0.0003098986,-0.0003108022,-0.0003113152,-0.0003121807,-0.0003127394,-0.0003135735,-0.0003140076,-0.0003147482,-0.0003151573,-0.0003158531,-0.0003161482,-0.0003167624,-0.0003170232,-0.0003175421
-0.0005428696,-0.0005431448,-0.0005437207,-0.0005438969,-0.0005443249,-0.0005443605,-0.0005446866,-0.0005445823,-0.0005447775,-0.000544567,-0.0005446274,-0.0005442977,-0.0005442503,-0.0005437943,-0.0005436389,-0.0005430756,-0.0005428042,-0.00054214,-0.0005417652,-0.0005409949,-0.0005405263,-0.000539661,-0.000539095,-0.0005381402,-0.0005374903,-0.0005364516,-0.0005357187,-0.0005346004,-0.0005337924,-0.0005326029,-0.0005317287,-0.0005304785,-0.0005295491,-0.0005282457,-0.0005272628,-0.0005259138,-0.0005248987,-0.0005235157,-0.000522468,-0.0005210716,-0.0005200093,-0.0005185994,-0.0005175478,-0.0005161423,-0.0005151009,-0.0005137312,-0.000512716,-0.0005113842,-0.0005104319,-0.0005091554,-0.000508267,-0.0005070798,-0.0005062874,-0.000505182,-0.0005044983,-0.000503546,-0.0005029597,-0.0005020847,-0.000501711,-0.0005010434,-0.0005007068,-0.0005001525,-0.0005001708,-0.0004998841,-0.0004998484,-0.0004995243,-0.0004998952,-0.0005001439,-0.0005007416,-0.0005007909,-0.0005011145,-0.0005012707,-0.0005020752,-0.000502953,-0.0005043325,-0.0005054264,-0.0005068983,-0.0005080043,-0.0005093355,-0.0005101755,-0.0005112806,-0.00051204,-0.0005131864,-0.0005140618,-0.0005154007,-0.0005165575,-0.0005182161,-0.0005196193,-0.0005214124,-0.0005228702,-0.0005246337,-0.000525896,-0.0005273679,-0.0005284203,-0.0005298305,-0.0005309463,-0.0005324032,-0.0005334277,-0.0005346927,-0.0005355894,-0.0005368114,-0.0005376267,-0.00053869,-0.0005393598,-0.0005403424,-0.0005408946,-0.0005417085,-0.0005421502
-0.0007849864,-0.0007858186,-0.0007862092,-0.0007868251,-0.0007870501,-0.0007874945,-0.0007875117,-0.0007877896,-0.0007876349,-0.0007877205,-0.0007874067,-0.0007873223,-0.0007868325,-0.0007865964,-0.000785942,-0.0007855467,-0.0007847465,-0.0007841957,-0.0007832498,-0.0007825622,-0.0007814739,-0.0007806515,-0.0007794371,-0.0007784879,-0.0007771479,-0.0007760803,-0.0007746292,-0.0007734555,-0.0007719023,-0.0007706308,-0.0007689844,-0.0007676239,-0.0007658933,-0.0007644583,-0.0007626649,-0.0007611712,-0.0007593189,-0.0007577827,-0.0007559005,-0.0007543293,-0.0007524302,-0.0007508596,-0.0007489542,-0.0007474017,-0.0007455278,-0.0007440008,-0.0007421833,-0.0007407225,-0.0007389682,-0.0007376009,-0.000735954,-0.0007346913,-0.0007331652,-0.0007320607,-0.000730688,-0.0007297141,-0.0007285509,-0.0007278284,-0.0007268004,-0.0007262367,-0.0007255552,-0.0007252765,-0.0007246531,-0.0007245351,-0.0007244044,-0.0007247654,-0.0007246704,-0.0007249077,-0.0007250459,-0.0007259408,-0.0007267991,-0.0007280276,-0.0007288344,-0.0007297581,-0.0007303933,-0.0007314894,-0.0007324009,-0.0007338232,-0.0007351953,-0.0007371877,-0.0007390607,-0.0007413712,-0.0007434054,-0.0007457726,-0.0007477622,-0.0007499717,-0.0007517332,-0.0007537457,-0.0007553875,-0.0007573384,-0.0007589719,-0.0007610515,-0.0007628818,-0.0007650508,-0.0007667957,-0.0007687284,-0.0007702439,-0.0007720685,-0.0007735509,-0.0007752564,-0.0007765219,-0.0007780392,-0.0007791815,-0.0007805523,-0.0007814765,-0.0007826602,-0.0007834435,-0.0007844238
-0.001053602,-0.001054204,-0.001055056,-0.001055446,-0.001056038,-0.001056178,-0.001056559,-0.001056451,-0.001056596,-0.001056278,-0.001056186,-0.00105565,-0.001055353,-0.001054595,-0.001054097,-0.001053141,-0.001052439,-0.001051296,-0.001050406,-0.001049076,-0.001048014,-0.001046513,-0.001045279,-0.001043617,-0.001042231,-0.001040418,-0.001038886,-0.001036934,-0.001035269,-0.00103319,-0.001031408,-0.001029222,-0.00102734,-0.001025061,-0.00102309,-0.001020733,-0.001018702,-0.001016289,-0.00101421,-0.001011771,-0.00100967,-0.001007218,-0.001005135,-0.0010027,-0.001000646,-0.0009982735,-0.0009962796,-0.0009939865,-0.0009921049,-0.000989924,-0.0009881712,-0.0009861529,-0.0009845776,-0.0009827298,-0.0009813602,-0.0009797713,-0.0009786112,-0.0009772192,-0.0009763997,-0.0009753479,-0.0009747032,-0.0009739104,-0.0009737733,-0.0009734025,-0.0009733666,-0.0009731175,-0.0009736523,-0.0009741398,-0.0009750623,-0.0009755085,-0.0009763137,-0.000977027,-0.0009784709,-0.0009800566,-0.0009822146,-0.0009841464,-0.0009865204,-0.0009885778,-0.0009909174,-0.0009928092,-0.000995015,-0.0009969071,-0.0009992224,-0.001001287,-0.001003841,-0.001006223,-0.00100912,-0.001011754,-0.001014778,-0.001017451,-0.001020419,-0.001022859,-0.001025489,-0.001027667,-0.001030177,-0.001032351,-0.001034833,-0.001036834,-0.001039032,-0.001040809,-0.001042866,-0.001044459,-0.001046249,-0.001047586,-0.001049186,-0.001050293,-0.00105161,-0.001052493
-0.001352023,-0.001353145,-0.001353774,-0.001354562,-0.001354908,-0.001355407,-0.001355431,-0.001355652,-0.001355394,-0.001355316,-0.001354795,-0.001354444,-0.001353647,-0.001353048,-0.001351992,-0.001351142,-0.001349851,-0.001348758,-0.001347236,-0.001345925,-0.001344183,-0.001342661,-0.001340719,-0.001338999,-0.001336863,-0.00133496,-0.001332651,-0.001330582,-0.001328115,-0.001325896,-0.001323285,-0.001320931,-0.001318195,-0.001315728,-0.001312895,-0.00131034,-0.001307424,-0.001304807,-0.001301847,-0.001299187,-0.001296207,-0.001293551,-0.001290575,-0.001287954,-0.001285033,-0.001282469,-0.001279644,-0.001277193,-0.001274486,-0.001272192,-0.001269665,-0.001267555,-0.001265237,-0.001263384,-0.001261324,-0.001259714,-0.001257987,-0.001256758,-0.001255299,-0.001254372,-0.001253412,-0.001252924,-0.00125218,-0.001252019,-0.001251941,-0.00125243,-0.001252552,-0.001253086,-0.00125362,-0.00125499,-0.001256413,-0.001258276,-0.0012598,-0.001261507,-0.001263009,-0.001265034,-0.001266946,-0.00126942,-0.001271907,-0.001275054,-0.00127813,-0.001281667,-0.001284962,-0.001288604,-0.001291891,-0.001295401,-0.001298474,-0.001301788,-0.001304732,-0.001307965,-0.00131087,-0.001314191,-0.00131724,-0.001320584,-0.001323469,-0.00132649,-0.001329058,-0.00133188,-0.001334316,-0.00133691,-0.001339016,-0.001341308,-0.001343174,-0.0013452,-0.001346727,-0.001348444,-0.001349708,-0.001351101
-0.001688436,-0.001689287,-0.001690329,-0.001690841,-0.001691498,-0.001691637,-0.001691963,-0.001691736,-0.001691712,-0.001691164,-0.001690794,-0.001689923,-0.001689245,-0.001688053,-0.001687079,-0.001685594,-0.001684325,-0.001682566,-0.001681024,-0.001678996,-0.001677203,-0.001674927,-0.00167289,-0.001670384,-0.001668127,-0.001665406,-0.001662941,-0.001660022,-0.00165737,-0.001654274,-0.001651457,-0.001648209,-0.001645253,-0.001641876,-0.001638799,-0.001635319,-0.001632161,-0.001628608,-0.00162539,-0.001621807,-0.001618569,-0.001614981,-0.001611775,-0.001608225,-0.001605078,-0.001601627,-0.001598586,-0.001595269,-0.001592402,-0.001589268,-0.00158661,-0.001583727,-0.001581344,-0.001578739,-0.001576677,-0.001574455,-0.001572735,-0.00157085,-0.00156962,-0.001568229,-0.001567333,-0.00156637,-0.00156616,-0.001565797,-0.001565864,-0.001565806,-0.001566636,-0.001567504,-0.001568901,-0.001569903,-0.001571359,-0.001572808,-0.001575081,-0.001577571,-0.001580709,-0.001583684,-0.001587169,-0.00159039,-0.00159395,-0.001597105,-0.001600622,-0.001603856,-0.001607549,-0.001611007,-0.001614976,-0.001618774,-0.001623091,-0.00162713,-0.001631549,-0.001635589,-0.001639902,-0.001643646,-0.00164755,-0.001650957,-0.001654659,-0.001657971,-0.001661542,-0.001664567,-0.001667735,-0.001670416,-0.001673321,-0.001675689,-0.001678196,-0.001680177,-0.001682359,-0.001683977,-0.001685745,-0.001687008
-0.002064517,-0.002065837,-0.002066602,-0.002067449,-0.002067799,-0.002068227,-0.002068128,-0.002068155,-0.002067653,-0.002067265,-0.002066388,-0.002065618,-0.002064359,-0.002063238,-0.002061622,-0.002060155,-0.002058211,-0.002056412,-0.002054153,-0.002052054,-0.002049494,-0.002047108,-0.002044276,-0.002041623,-0.002038531,-0.002035632,-0.002032307,-0.002029185,-0.002025648,-0.002022326,-0.0020186,-0.002015102,-0.002011213,-0.002007568,-0.002003554,-0.001999798,-0.001995682,-0.001991851,-0.001987684,-0.001983809,-0.001979628,-0.00197577,-0.001971612,-0.001967815,-0.001963749,-0.001960053,-0.001956134,-0.001952614,-0.001948883,-0.001945599,-0.001942137,-0.001939136,-0.001935992,-0.001933365,-0.001930606,-0.001928359,-0.00192608,-0.001924368,-0.001922518,-0.001921277,-0.001920105,-0.001919487,-0.001918716,-0.001918621,-0.001918718,-0.001919473,-0.001919965,-0.001920962,-0.001922071,-0.00192411,-0.001926304,-0.001929016,-0.001931481,-0.001934202,-0.001936813,-0.001940015,-0.001943184,-0.001946969,-0.001950835,-0.001955398,-0.001959935,-0.001964954,-0.001969764,-0.001974927,-0.001979751,-0.001984787,-0.001989389,-0.001994213,-0.00199866,-0.00200336,-0.002007709,-0.00201243,-0.002016843,-0.002021488,-0.002025626,-0.002029829,-0.002033526,-0.002037405,-0.002040841,-0.002044355,-0.002047317,-0.002050384,-0.002052962,-0.002055616,-0.002057706,-0.002059906,-0.002061589,-0.002063319
-0.002486495,-0.002487487,-0.002488603,-0.00248911,-0.002489696,-0.002489692,-0.002489812,-0.002489312,-0.002488957,-0.002488013,-0.002487195,-0.002485815,-0.00248458,-0.002482774,-0.002481141,-0.002478945,-0.002476923,-0.002474363,-0.002471983,-0.00246907,-0.00246636,-0.002463124,-0.002460096,-0.002456561,-0.002453248,-0.002449436,-0.002445857,-0.002441791,-0.002437972,-0.002433682,-0.002429655,-0.002425173,-0.002420971,-0.002416329,-0.00241198,-0.002407214,-0.002402769,-0.002397921,-0.002393412,-0.002388537,-0.002384019,-0.002379155,-0.002374694,-0.002369902,-0.002365542,-0.002360901,-0.002356705,-0.002352266,-0.002348325,-0.002344158,-0.002340525,-0.00233672,-0.002333483,-0.002330085,-0.00232731,-0.002324448,-0.002322174,-0.002319817,-0.002318214,-0.002316539,-0.002315461,-0.002314418,-0.002314238,-0.002314004,-0.00231431,-0.002314599,-0.002315899,-0.002317339,-0.002319416,-0.002321191,-0.002323533,-0.002325967,-0.002329333,-0.002333002,-0.002337404,-0.00234171,-0.002346601,-0.002351287,-0.00235637,-0.002361089,-0.002366218,-0.002371097,-0.002376464,-0.002381609,-0.002387274,-0.002392761,-0.002398759,-0.002404452,-0.0024105,-0.002416125,-0.002421984,-0.002427216,-0.002432558,-0.002437343,-0.002442368,-0.002446932,-0.002451684,-0.002455805,-0.002459996,-0.002463619,-0.002467391,-0.002470539,-0.002473747,-0.002476344,-0.002479067,-0.002481138,-0.002483285,-0.002484844
-0.002953905,-0.002955303,-0.002956075,-0.002956843,-0.002957046,-0.002957246,-0.002956857,-0.002956519,-0.002955595,-0.002954714,-0.002953292,-0.002951911,-0.002949996,-0.002948156,-0.002945778,-0.002943492,-0.002940691,-0.002937983,-0.00293478,-0.002931688,-0.002928105,-0.00292465,-0.002920723,-0.002916933,-0.00291268,-0.002908581,-0.002904037,-0.002899662,-0.002894856,-0.002890234,-0.002885198,-0.002880361,-0.002875127,-0.002870116,-0.002864733,-0.002859592,-0.002854096,-0.002848874,-0.002843325,-0.002838066,-0.002832518,-0.002827298,-0.002821803,-0.002816684,-0.002811329,-0.002806368,-0.002801228,-0.00279652,-0.002791657,-0.002787284,-0.0027828,-0.002778832,-0.0027748,-0.002771352,-0.00276786,-0.002764957,-0.002762125,-0.002759946,-0.002757736,-0.002756235,-0.002754922,-0.002754265,-0.002753576,-0.002753675,-0.002754099,-0.00275529,-0.002756341,-0.00275801,-0.002759922,-0.002762879,-0.002766109,-0.002769948,-0.002773647,-0.002777687,-0.002781725,-0.002786434,-0.002791197,-0.002796641,-0.002802233,-0.002808562,-0.002814908,-0.002821754,-0.002828417,-0.002835432,-0.002842114,-0.002848984,-0.002855411,-0.002862029,-0.002868245,-0.002874662,-0.00288069,-0.002887025,-0.002892995,-0.002899113,-0.002904653,-0.002910166,-0.002915098,-0.002920119,-0.002924619,-0.002929095,-0.002932936,-0.002936783,-0.00294006,-0.002943313,-0.00294592,-0.002948539,-0.002950563,-0.002952537
-0.003470561,-0.003471569,-0.003472617,-0.00347297,-0.003473324,-0.003473009,-0.003472746,-0.003471788,-0.003470911,-0.003469376,-0.003467908,-0.003465815,-0.003463813,-0.003461182,-0.003458675,-0.003455552,-0.00345256,-0.003448981,-0.003445542,-0.003441527,-0.003437677,-0.003433262,-0.003429023,-0.00342424,-0.003419651,-0.00341453,-0.003409618,-0.00340419,-0.003398988,-0.00339329,-0.003387838,-0.003381911,-0.003376254,-0.00337014,-0.003364313,-0.003358058,-0.003352125,-0.003345784,-0.003339791,-0.003333434,-0.003327448,-0.003321128,-0.003315235,-0.003309031,-0.003303292,-0.003297304,-0.003291806,-0.003286106,-0.003280959,-0.003275641,-0.003270924,-0.003266103,-0.003261929,-0.003257672,-0.003254134,-0.003250599,-0.003247754,-0.003244931,-0.00324298,-0.003241066,-0.003239872,-0.003238837,-0.003238799,-0.003238826,-0.003239524,-0.003240339,-0.003242312,-0.003244553,-0.003247552,-0.003250367,-0.003253881,-0.003257608,-0.003262391,-0.003267583,-0.003273601,-0.003279603,-0.003286274,-0.003292806,-0.003299794,-0.003306464,-0.003313591,-0.003320499,-0.003327921,-0.003335127,-0.003342852,-0.003350381,-0.003358396,-0.003366064,-0.00337404,-0.003381533,-0.003389197,-0.003396153,-0.003403149,-0.003409502,-0.003416019,-0.003421983,-0.003428036,-0.00343335,-0.003438634,-0.00344325,-0.003447915,-0.003451852,-0.003455749,-0.003458933,-0.003462145,-0.003464604,-0.003467046,-0.003468802
-0.004033493,-0.004034838,-0.004035471,-0.004036003,-0.004035892,-0.004035688,-0.004034826,-0.004033931,-0.004032386,-0.00403081,-0.004028634,-0.004026429,-0.004023641,-0.004020862,-0.004017501,-0.004014173,-0.00401029,-0.004006445,-0.004002072,-0.003997758,-0.003992923,-0.003988171,-0.003982919,-0.003977761,-0.003972119,-0.003966593,-0.003960602,-0.003954746,-0.003948444,-0.003942295,-0.003935721,-0.003929322,-0.003922519,-0.003915919,-0.003908947,-0.003902202,-0.003895106,-0.003888277,-0.003881134,-0.003874281,-0.00386716,-0.003860374,-0.003853345,-0.003846709,-0.003839879,-0.003833472,-0.003826939,-0.003820878,-0.003814728,-0.003809124,-0.003803487,-0.003798433,-0.003793407,-0.00378905,-0.003784753,-0.003781142,-0.003777721,-0.003775062,-0.0037725,-0.003770772,-0.003769375,-0.003768757,-0.003768252,-0.003768677,-0.003769582,-0.003771389,-0.003773204,-0.003775778,-0.003778753,-0.003782913,-0.003787485,-0.003792779,-0.003798056,-0.003803778,-0.003809626,-0.003816237,-0.003823004,-0.003830524,-0.003838268,-0.003846791,-0.003855374,-0.00386447,-0.003873403,-0.003882678,-0.003891614,-0.003900703,-0.003909322,-0.003918084,-0.003926401,-0.003934848,-0.003942843,-0.003951059,-0.003958827,-0.003966632,-0.003973759,-0.003980743,-0.003987044,-0.003993315,-0.003998959,-0.004004455,-0.004009209,-0.004013847,-0.004017815,-0.004021636,-0.004024711,-0.004027681,-0.004029958,-0.004032074
-0.004643803,-0.004644695,-0.004645531,-0.004645573,-0.004645527,-0.004644725,-0.004643893,-0.004642287,-0.004640689,-0.004638359,-0.004636032,-0.004633014,-0.004630027,-0.004626353,-0.00462275,-0.004618477,-0.004614288,-0.004609464,-0.004604737,-0.004599391,-0.004594172,-0.004588349,-0.004582667,-0.004576406,-0.004570308,-0.004563647,-0.004557167,-0.004550145,-0.004543327,-0.004535989,-0.00452888,-0.004521275,-0.004513927,-0.004506109,-0.00449857,-0.004490596,-0.004482942,-0.004474878,-0.004467168,-0.004459102,-0.004451422,-0.004443424,-0.004435878,-0.004428047,-0.004420718,-0.004413179,-0.004406177,-0.004399026,-0.004392491,-0.004385851,-0.004379889,-0.004373905,-0.004368661,-0.00436343,-0.004359027,-0.00435474,-0.004351262,-0.004347934,-0.004345619,-0.004343478,-0.004342202,-0.00434124,-0.00434143,-0.004341835,-0.004343067,-0.004344583,-0.004347435,-0.004350712,-0.004354895,-0.004359036,-0.004364034,-0.004369397,-0.004375963,-0.004383067,-0.004391104,-0.004399224,-0.004408106,-0.004416929,-0.004426271,-0.004435348,-0.00444493,-0.004454326,-0.004464256,-0.004473968,-0.004484187,-0.00449418,-0.004504615,-0.004514645,-0.00452491,-0.004534609,-0.004544389,-0.004553355,-0.004562262,-0.004570418,-0.004578632,-0.004586176,-0.004593678,-0.004600304,-0.004606772,-0.004612447,-0.004618049,-0.004622792,-0.004627372,-0.004631117,-0.004634773,-0.004637554,-0.004640204,-0.004642056
-0.005295843,-0.005297009,-0.005297365,-0.005297513,-0.00529693,-0.005296152,-0.00529464,-0.005293006,-0.00529065,-0.005288183,-0.005285054,-0.005281823,-0.005277954,-0.005274028,-0.005269469,-0.005264885,-0.005259703,-0.005254506,-0.005248741,-0.005242987,-0.005236677,-0.005230405,-0.005223604,-0.005216855,-0.005209595,-0.005202414,-0.005194747,-0.00518718,-0.00517915,-0.005171243,-0.005162895,-0.005154698,-0.005146088,-0.00513766,-0.005128856,-0.005120266,-0.005111326,-0.005102647,-0.005093665,-0.005084972,-0.005076033,-0.005067439,-0.005058632,-0.00505024,-0.005041697,-0.005033611,-0.005025456,-0.005017822,-0.005010169,-0.005003128,-0.004996143,-0.004989821,-0.004983632,-0.004978213,-0.004972974,-0.004968536,-0.004964429,-0.004961217,-0.004958253,-0.004956276,-0.0049548,-0.004954254,-0.004953993,-0.004954835,-0.004956346,-0.004958926,-0.00496169,-0.004965391,-0.004969683,-0.004975333,-0.004981564,-0.004988655,-0.004995875,-0.005003673,-0.005011745,-0.005020697,-0.005029924,-0.005039989,-0.005050366,-0.005061568,-0.005072875,-0.005084708,-0.005096392,-0.005108401,-0.005120051,-0.005131803,-0.005143044,-0.005154363,-0.00516517,-0.005176012,-0.005186314,-0.005196725,-0.005206577,-0.005216324,-0.00522526,-0.005233908,-0.005241741,-0.005249398,-0.005256295,-0.005262889,-0.005268607,-0.005274065,-0.005278728,-0.005283101,-0.005286604,-0.005289868,-0.005292321,-0.005294483
-0.005987929,-0.0059886,-0.005989103,-0.005988705,-0.005988118,-0.005986681,-0.005985123,-0.005982706,-0.005980217,-0.00597692,-0.005973552,-0.005969428,-0.00596527,-0.005960366,-0.005955474,-0.005949857,-0.005944274,-0.005938008,-0.005931793,-0.005924915,-0.005918122,-0.005910684,-0.00590335,-0.0058954,-0.00588758,-0.005879164,-0.005870898,-0.005862062,-0.005853402,-0.005844198,-0.005835197,-0.005825683,-0.005816405,-0.005806641,-0.005797144,-0.005787202,-0.005777572,-0.005767531,-0.005757843,-0.005747807,-0.005738167,-0.005728225,-0.005718756,-0.005709033,-0.005699844,-0.005690488,-0.00568172,-0.005672858,-0.00566468,-0.005656472,-0.005649025,-0.005641652,-0.00563512,-0.005628714,-0.005623262,-0.005618056,-0.005613797,-0.005609844,-0.005607068,-0.005604629,-0.005603228,-0.005602329,-0.00560277,-0.005603604,-0.005605455,-0.005607795,-0.005611686,-0.005616197,-0.005621792,-0.005627522,-0.005634304,-0.005641637,-0.005650354,-0.005659767,-0.005670243,-0.005680922,-0.005692478,-0.00570407,-0.005716256,-0.00572824,-0.005740784,-0.00575318,-0.005766124,-0.005778848,-0.005792052,-0.005804989,-0.005818307,-0.00583114,-0.005844111,-0.005856408,-0.005868668,-0.005879979,-0.005891102,-0.005901339,-0.005911496,-0.00592084,-0.005929979,-0.005938071,-0.005945847,-0.005952682,-0.00595929,-0.005964888,-0.005970173,-0.005974481,-0.005978558,-0.00598162,-0.005984418,-0.005986289
-0.006711827,-0.006712741,-0.006712731,-0.006712397,-0.006711233,-0.006709767,-0.006707481,-0.006704977,-0.006701676,-0.006698177,-0.006693949,-0.006689542,-0.006684438,-0.006679208,-0.006673293,-0.00666729,-0.006660643,-0.006653924,-0.006646597,-0.006639226,-0.006631264,-0.006623291,-0.006614754,-0.006606224,-0.006597153,-0.00658812,-0.006578573,-0.006569088,-0.006559115,-0.006549231,-0.006538886,-0.00652866,-0.006518005,-0.006507506,-0.00649662,-0.006485927,-0.006474881,-0.006464081,-0.006452981,-0.006442167,-0.00643112,-0.006420424,-0.00640954,-0.00639909,-0.006388528,-0.006378457,-0.006368372,-0.006358859,-0.006349399,-0.006340622,-0.006331993,-0.006324118,-0.00631649,-0.006309745,-0.006303316,-0.006297821,-0.006292818,-0.006288864,-0.006285334,-0.006282975,-0.006281314,-0.006280767,-0.006280711,-0.006281967,-0.006284119,-0.006287545,-0.006291367,-0.006296349,-0.006302152,-0.006309527,-0.00631769,-0.006326886,-0.006336392,-0.006346642,-0.006357351,-0.006369086,-0.006381238,-0.006394339,-0.006407854,-0.006422257,-0.006436815,-0.006451915,-0.00646688,-0.006482149,-0.006497028,-0.006511949,-0.0065263,-0.006540648,-0.006554394,-0.006568057,-0.006581066,-0.006594045,-0.006606322,-0.006618319,-0.00662934,-0.0066399,-0.006649482,-0.006658711,-0.006667017,-0.006674839,-0.006681623,-0.00668798,-0.006693389,-0.006698346,-0.006702286,-0.006705833,-0.00670843,-0.006710589
-0.007463296,-0.007463716,-0.007463844,-0.007462953,-0.007461763,-0.007459622,-0.007457257,-0.007453946,-0.007450475,-0.007446114,-0.007441604,-0.007436268,-0.007430824,-0.007424575,-0.007418272,-0.007411188,-0.007404081,-0.007396242,-0.007388398,-0.007379846,-0.007371329,-0.007362125,-0.007352978,-0.007343176,-0.007333459,-0.00732311,-0.007312871,-0.007302028,-0.007291323,-0.007280042,-0.00726893,-0.007257277,-0.00724583,-0.007233873,-0.007222157,-0.007209979,-0.007198094,-0.007185785,-0.007173819,-0.007161503,-0.007149582,-0.007137368,-0.007125639,-0.007113677,-0.007102277,-0.007090747,-0.007079847,-0.007068912,-0.007058722,-0.007048582,-0.007039286,-0.007030167,-0.007021996,-0.007014075,-0.007007246,-0.00700081,-0.006995477,-0.006990628,-0.006987145,-0.006984193,-0.006982478,-0.00698149,-0.006982064,-0.006983253,-0.006985683,-0.006988855,-0.006993839,-0.00699968,-0.007006824,-0.007014325,-0.007023119,-0.007032701,-0.00704389,-0.007055975,-0.007069285,-0.007082955,-0.007097644,-0.007112493,-0.007128028,-0.00714345,-0.0071595,-0.007175452,-0.00719197,-0.007208265,-0.00722501,-0.007241439,-0.007258172,-0.007274322,-0.007290487,-0.007305853,-0.007321031,-0.007335097,-0.007348817,-0.007361489,-0.007373914,-0.007385353,-0.007396387,-0.00740618,-0.007415466,-0.007423638,-0.007431401,-0.007437977,-0.007444063,-0.007449009,-0.007453558,-0.007456936,-0.007459893,-0.007461781
-0.008231894,-0.00823258,-0.008232217,-0.008231402,-0.008229649,-0.008227476,-0.00822439,-0.008220982,-0.008216691,-0.008212114,-0.00820673,-0.008201084,-0.008194678,-0.008188069,-0.008180716,-0.008173208,-0.008165002,-0.008156662,-0.008147665,-0.008138565,-0.008128829,-0.008119026,-0.008108616,-0.008098159,-0.008087123,-0.008076072,-0.00806447,-0.008052883,-0.00804077,-0.008028701,-0.008016137,-0.008003648,-0.007990702,-0.007977872,-0.00796463,-0.007951546,-0.00793809,-0.007924853,-0.007911305,-0.007898023,-0.007884509,-0.007871338,-0.007857991,-0.007845087,-0.007832097,-0.007819623,-0.007807178,-0.007795352,-0.007783644,-0.007772689,-0.007761973,-0.007752103,-0.007742597,-0.007734098,-0.007726057,-0.007719098,-0.007712812,-0.007707749,-0.007703311,-0.007700255,-0.007698127,-0.007697331,-0.007697269,-0.00769878,-0.007701457,-0.00770566,-0.007710512,-0.007716796,-0.00772419,-0.007733428,-0.007743705,-0.007755241,-0.007767313,-0.007780345,-0.007794071,-0.007809012,-0.007824552,-0.007841186,-0.007858369,-0.007876529,-0.007894913,-0.007913868,-0.007932707,-0.007951832,-0.00797054,-0.00798922,-0.008007264,-0.008025207,-0.008042442,-0.008059455,-0.008075673,-0.008091699,-0.008106847,-0.008121512,-0.008134998,-0.008147817,-0.008159471,-0.008170572,-0.008180557,-0.008189844,-0.008197903,-0.008205337,-0.00821165,-0.008217318,-0.008221801,-0.008225719,-0.008228529,-0.008230741
-0.00901127,-0.009011516,-0.009011331,-0.00901,-0.009008245,-0.009005428,-0.009002275,-0.008998077,-0.008993621,-0.008988187,-0.008982515,-0.00897594,-0.008969177,-0.008961538,-0.008953772,-0.008945162,-0.008936464,-0.008926973,-0.008917415,-0.008907095,-0.008896749,-0.008885665,-0.008874579,-0.008862789,-0.008851028,-0.008838587,-0.008826202,-0.008813166,-0.008800216,-0.008786646,-0.008773195,-0.008759158,-0.00874528,-0.008730854,-0.008716624,-0.008701898,-0.008687427,-0.008672504,-0.008657894,-0.008642914,-0.00862831,-0.008613405,-0.008598979,-0.008584325,-0.008570244,-0.008556059,-0.008542532,-0.008529016,-0.0085163,-0.008503703,-0.008492031,-0.008480636,-0.008470298,-0.008460338,-0.008451615,-0.008443447,-0.00843655,-0.008430338,-0.008425705,-0.00842182,-0.008419407,-0.008417986,-0.008418395,-0.008419684,-0.008422492,-0.008426345,-0.008432324,-0.008439451,-0.008448159,-0.008457508,-0.008468449,-0.008480482,-0.008494405,-0.008509484,-0.008525996,-0.00854308,-0.008561367,-0.008579982,-0.008599415,-0.008618861,-0.008639031,-0.008659177,-0.00867992,-0.008700448,-0.0087214,-0.008741992,-0.008762797,-0.008782906,-0.008802888,-0.008821922,-0.008840594,-0.008857963,-0.008874798,-0.008890397,-0.00890555,-0.008919506,-0.008932834,-0.008944695,-0.008955828,-0.008965643,-0.008974835,-0.008982634,-0.008989735,-0.008995507,-0.009000693,-0.00900453,-0.009007771,-0.009009788
-0.009789192,-0.009789754,-0.009789128,-0.009787909,-0.009785627,-0.009782797,-0.009778948,-0.00977466,-0.009769396,-0.009763742,-0.009757199,-0.0097503,-0.009742567,-0.009734546,-0.009725714,-0.009716649,-0.009706824,-0.00969679,-0.009686043,-0.009675123,-0.009663512,-0.009651765,-0.009639361,-0.009626842,-0.009613693,-0.009600463,-0.009586633,-0.009572753,-0.009558298,-0.009543822,-0.009528805,-0.0095138,-0.009498291,-0.009482839,-0.009466932,-0.009451129,-0.009434913,-0.009418869,-0.009402483,-0.009386322,-0.009369907,-0.009353807,-0.009337523,-0.009321668,-0.009305736,-0.009290325,-0.009274974,-0.00926027,-0.009245737,-0.009232014,-0.009218615,-0.009206144,-0.009194158,-0.0091833,-0.009173047,-0.009164036,-0.009155894,-0.009149165,-0.009143282,-0.009139022,-0.009135957,-0.009134479,-0.009134029,-0.009135464,-0.009138393,-0.009143149,-0.009148865,-0.00915635,-0.009165307,-0.009176453,-0.00918895,-0.009203001,-0.009217879,-0.009233999,-0.009251119,-0.009269709,-0.009289133,-0.009309848,-0.009331302,-0.009353861,-0.009376744,-0.009400252,-0.009423684,-0.009447399,-0.009470672,-0.009493853,-0.009516322,-0.009538581,-0.009560012,-0.009581059,-0.009601146,-0.009620855,-0.009639472,-0.009657365,-0.009673845,-0.009689408,-0.009703592,-0.009716995,-0.009729055,-0.009740164,-0.00974982,-0.009758626,-0.009766099,-0.009772709,-0.00977794,-0.009782407,-0.009785593,-0.009787998
-0.01055739,-0.01055755,-0.01055712,-0.0105554,-0.01055312,-0.01054966,-0.01054574,-0.01054066,-0.01053521,-0.01052869,-0.01052184,-0.01051399,-0.01050587,-0.0104968,-0.01048752,-0.01047733,-0.01046697,-0.01045575,-0.0104444,-0.01043221,-0.01041994,-0.01040686,-0.01039372,-0.01037982,-0.01036587,-0.01035119,-0.0103365,-0.01032109,-0.01030571,-0.01028964,-0.01027363,-0.01025697,-0.01024041,-0.01022324,-0.0102062,-0.01018861,-0.01017122,-0.01015333,-0.01013569,-0.01011765,-0.01009993,-0.01008189,-0.01006429,-0.01004645,-0.01002917,-0.01001178,-0.009995067,-0.009978389,-0.009962549,-0.009946881,-0.009932204,-0.009917896,-0.009904747,-0.009892101,-0.009880839,-0.0098703,-0.009861214,-0.009853028,-0.009846654,-0.009841271,-0.00983763,-0.009835292,-0.009835098,-0.009836099,-0.009838955,-0.009843224,-0.009850002,-0.009858279,-0.009868492,-0.0098797,-0.009892883,-0.00990754,-0.009924454,-0.009942853,-0.009962962,-0.009983923,-0.01000634,-0.0100293,-0.01005327,-0.01007743,-0.01010245,-0.01012755,-0.01015331,-0.01017888,-0.01020485,-0.01023042,-0.0102561,-0.01028095,-0.01030552,-0.01032896,-0.01035182,-0.01037317,-0.01039375,-0.01041287,-0.01043132,-0.01044831,-0.0104644,-0.01047877,-0.01049215,-0.01050397,-0.01051492,-0.01052423,-0.0105326,-0.01053942,-0.01054543,-0.01054989,-0.01055357,-0.01055583
-0.0113017,-0.01130214,-0.01130125,-0.01129961,-0.01129677,-0.01129325,-0.0112886,-0.01128339,-0.01127711,-0.01127033,-0.01126258,-0.01125437,-0.01124525,-0.01123576,-0.01122539,-0.01121471,-0.01120321,-0.01119142,-0.01117886,-0.01116605,-0.0111525,-0.01113873,-0.01112426,-0.0111096,-0.01109425,-0.01107875,-0.01106259,-0.01104631,-0.01102939,-0.01101237,-0.01099476,-0.01097708,-0.01095884,-0.01094057,-0.01092179,-0.01090303,-0.01088381,-0.01086469,-0.01084517,-0.0108258,-0.01080614,-0.01078674,-0.01076712,-0.01074789,-0.01072856,-0.01070974,-0.01069098,-0.01067286,-0.01065496,-0.01063789,-0.01062122,-0.01060554,-0.01059045,-0.0105766,-0.01056351,-0.01055181,-0.01054119,-0.01053218,-0.01052426,-0.01051822,-0.01051368,-0.01051101,-0.01050971,-0.01051067,-0.0105135,-0.01051853,-0.01052488,-0.01053342,-0.01054387,-0.01055694,-0.01057175,-0.01058848,-0.01060641,-0.01062594,-0.01064686,-0.01066958,-0.01069344,-0.01071884,-0.01074524,-0.01077291,-0.01080104,-0.01082988,-0.01085871,-0.01088782,-0.01091647,-0.01094496,-0.01097264,-0.01099999,-0.01102636,-0.01105215,-0.01107679,-0.01110081,-0.01112348,-0.01114514,-0.0111651,-0.01118385,-0.01120097,-0.01121703,-0.01123148,-0.01124468,-0.01125617,-0.01126654,-0.01127534,-0.01128301,-0.01128909,-0.01129419,-0.0112978,-0.01130044
-0.01201141,-0.01201137,-0.01201059,-0.01200838,-0.01200548,-0.01200128,-0.01199649,-0.01199046,-0.01198396,-0.01197629,-0.0119682,-0.01195905,-0.01194955,-0.01193903,-0.01192823,-0.01191645,-0.01190445,-0.01189153,-0.01187841,-0.01186441,-0.01185026,-0.01183525,-0.01182011,-0.01180415,-0.01178809,-0.01177123,-0.0117543,-0.01173658,-0.01171882,-0.01170031,-0.01168178,-0.01166253,-0.0116433,-0.01162339,-0.01160353,-0.01158305,-0.01156268,-0.01154174,-0.01152098,-0.01149974,-0.01147875,-0.01145738,-0.01143639,-0.01141511,-0.01139434,-0.01137344,-0.01135319,-0.01133297,-0.01131359,-0.0112944,-0.01127625,-0.01125853,-0.01124205,-0.01122618,-0.01121183,-0.01119836,-0.01118652,-0.0111758,-0.01116713,-0.01115971,-0.01115432,-0.01115058,-0.01114933,-0.01114964,-0.01115218,-0.01115657,-0.01116392,-0.01117317,-0.01118478,-0.01119782,-0.01121329,-0.0112307,-0.01125082,-0.01127282,-0.01129687,-0.01132213,-0.01134914,-0.01137698,-0.01140607,-0.01143555,-0.01146607,-0.0114968,-0.01152826,-0.01155955,-0.01159122,-0.01162243,-0.01165363,-0.01168382,-0.01171353,-0.01174189,-0.01176943,-0.01179516,-0.01181985,-0.01184282,-0.01186483,-0.01188508,-0.01190412,-0.01192113,-0.01193685,-0.01195074,-0.01196347,-0.01197428,-0.01198388,-0.01199169,-0.01199846,-0.01200346,-0.01200747,-0.01200989
-0.01266984,-0.01266999,-0.01266868,-0.01266649,-0.01266301,-0.01265872,-0.01265324,-0.01264709,-0.0126398,-0.01263195,-0.01262306,-0.01261365,-0.0126033,-0.01259249,-0.01258078,-0.0125687,-0.01255576,-0.01254248,-0.01252839,-0.012514,-0.01249883,-0.01248339,-0.0124672,-0.01245076,-0.01243359,-0.0124162,-0.0123981,-0.0123798,-0.01236081,-0.01234164,-0.01232181,-0.01230182,-0.0122812,-0.01226047,-0.01223914,-0.01221774,-0.01219579,-0.01217384,-0.01215141,-0.01212903,-0.01210628,-0.0120837,-0.01206082,-0.01203825,-0.01201552,-0.01199322,-0.01197096,-0.0119493,-0.01192783,-0.01190719,-0.01188697,-0.01186777,-0.01184923,-0.01183201,-0.01181565,-0.01180083,-0.01178726,-0.01177548,-0.01176502,-0.01175671,-0.0117502,-0.01174586,-0.01174325,-0.01174329,-0.01174564,-0.01175056,-0.01175723,-0.01176654,-0.01177828,-0.01179311,-0.01181013,-0.01182949,-0.01185046,-0.01187347,-0.01189831,-0.01192533,-0.01195383,-0.01198418,-0.0120158,-0.01204889,-0.01208259,-0.01211707,-0.0121516,-0.01218641,-0.01222072,-0.01225475,-0.01228787,-0.01232047,-0.01235192,-0.01238254,-0.01241175,-0.01244009,-0.01246676,-0.01249209,-0.01251539,-0.01253715,-0.01255699,-0.01257549,-0.01259209,-0.01260713,-0.01262018,-0.01263183,-0.01264168,-0.01265014,-0.0126568,-0.01266226,-0.01266607,-0.01266872
-0.01326376,-0.01326348,-0.01326236,-0.01325972,-0.01325632,-0.01325156,-0.01324615,-0.01323944,-0.01323222,-0.0132238,-0.01321493,-0.01320497,-0.01319461,-0.01318322,-0.01317153,-0.01315883,-0.01314588,-0.01313199,-0.01311787,-0.01310284,-0.01308762,-0.0130715,-0.01305523,-0.01303808,-0.01302079,-0.01300265,-0.01298437,-0.01296525,-0.012946,-0.01292594,-0.01290578,-0.01288482,-0.01286378,-0.01284196,-0.01282009,-0.0127975,-0.0127749,-0.01275162,-0.01272841,-0.0127046,-0.01268093,-0.01265675,-0.01263285,-0.01260854,-0.01258464,-0.01256052,-0.01253696,-0.01251335,-0.01249053,-0.01246786,-0.01244619,-0.01242496,-0.01240498,-0.01238566,-0.01236793,-0.01235118,-0.01233619,-0.01232249,-0.01231104,-0.01230105,-0.01229337,-0.01228766,-0.01228478,-0.01228379,-0.01228543,-0.01228935,-0.01229669,-0.01230635,-0.0123188,-0.01233312,-0.01235037,-0.01237005,-0.0123929,-0.01241806,-0.01244562,-0.01247474,-0.01250593,-0.01253824,-0.01257202,-0.01260642,-0.01264203,-0.01267796,-0.01271468,-0.01275123,-0.01278813,-0.01282447,-0.01286064,-0.01289561,-0.01292986,-0.01296251,-0.01299406,-0.01302351,-0.01305165,-0.0130778,-0.01310271,-0.01312556,-0.01314691,-0.01316593,-0.0131834,-0.01319879,-0.01321278,-0.01322461,-0.01323501,-0.01324342,-0.01325061,-0.01325587,-0.01325999,-0.01326239
-0.01377524,-0.01377555,-0.01377437,-0.01377227,-0.01376886,-0.01376462,-0.01375917,-0.01375304,-0.01374577,-0.01373792,-0.01372905,-0.01371963,-0.01370929,-0.01369848,-0.01368677,-0.01367467,-0.01366172,-0.0136484,-0.01363427,-0.01361981,-0.01360455,-0.01358899,-0.01357265,-0.01355601,-0.01353861,-0.01352091,-0.01350246,-0.01348371,-0.01346422,-0.01344444,-0.01342393,-0.01340314,-0.01338161,-0.01335984,-0.01333736,-0.01331466,-0.01329129,-0.01326775,-0.0132436,-0.01321934,-0.01319455,-0.01316975,-0.01314452,-0.01311942,-0.01309402,-0.01306889,-0.01304366,-0.0130189,-0.01299422,-0.01297025,-0.01294663,-0.01292394,-0.01290189,-0.01288113,-0.01286124,-0.01284292,-0.01282596,-0.01281085,-0.01279721,-0.0127859,-0.0127766,-0.0127697,-0.01276482,-0.01276293,-0.01276371,-0.01276739,-0.01277316,-0.01278201,-0.01279375,-0.01280903,-0.01282688,-0.01284745,-0.01287002,-0.012895,-0.01292226,-0.01295202,-0.01298359,-0.01301727,-0.0130525,-0.01308936,-0.01312696,-0.01316541,-0.01320397,-0.0132428,-0.01328109,-0.01331901,-0.01335592,-0.01339219,-0.01342716,-0.0134611,-0.01349347,-0.01352475,-0.01355413,-0.01358191,-0.01360743,-0.01363117,-0.01365282,-0.01367295,-0.01369101,-0.01370727,-0.0137214,-0.01373397,-0.0137446,-0.0137537,-0.0137609,-0.01376679,-0.01377096,-0.01377388
-0.01419186,-0.01419285,-0.01419301,-0.01419167,-0.01418958,-0.01418615,-0.01418209,-0.01417675,-0.01417091,-0.01416389,-0.01415644,-0.01414791,-0.014139,-0.01412906,-0.01411882,-0.01410758,-0.01409609,-0.01408363,-0.01407094,-0.01405731,-0.01404346,-0.01402869,-0.0140137,-0.01399779,-0.01398167,-0.01396463,-0.01394737,-0.01392917,-0.01391075,-0.0138914,-0.01387182,-0.0138513,-0.01383056,-0.01380889,-0.01378699,-0.01376419,-0.01374121,-0.01371734,-0.01369333,-0.01366851,-0.01364361,-0.01361798,-0.01359239,-0.01356618,-0.01354015,-0.01351366,-0.01348751,-0.01346111,-0.01343529,-0.01340942,-0.01338438,-0.01335962,-0.01333598,-0.01331286,-0.01329127,-0.01327059,-0.01325163,-0.01323397,-0.0132186,-0.01320475,-0.01319331,-0.013184,-0.01317772,-0.01317351,-0.01317216,-0.01317338,-0.01317835,-0.01318591,-0.01319655,-0.01320936,-0.01322548,-0.01324441,-0.01326689,-0.01329197,-0.0133197,-0.01334927,-0.01338118,-0.01341444,-0.01344938,-0.01348516,-0.01352237,-0.01356009,-0.01359872,-0.0136373,-0.01367631,-0.01371482,-0.01375316,-0.01379025,-0.0138266,-0.01386131,-0.01389485,-0.01392621,-0.01395622,-0.01398421,-0.01401092,-0.01403551,-0.01405851,-0.01407911,-0.01409811,-0.014115,-0.01413044,-0.01414366,-0.0141554,-0.01416514,-0.01417362,-0.01418015,-0.01418554,-0.01418921
-0.01450007,-0.01450372,-0.01450594,-0.01450725,-0.0145073,-0.01450653,-0.01450459,-0.01450197,-0.01449824,-0.01449393,-0.01448862,-0.01448275,-0.01447597,-0.0144687,-0.01446053,-0.01445195,-0.01444249,-0.01443262,-0.01442191,-0.0144108,-0.01439886,-0.01438652,-0.01437335,-0.01435977,-0.01434535,-0.0143305,-0.01431479,-0.01429863,-0.0142816,-0.0142641,-0.0142457,-0.01422682,-0.01420703,-0.01418675,-0.01416555,-0.01414387,-0.01412127,-0.01409822,-0.01407429,-0.01404994,-0.01402477,-0.01399927,-0.01397302,-0.01394656,-0.0139195,-0.01389235,-0.01386479,-0.01383735,-0.01380968,-0.0137824,-0.01375517,-0.01372856,-0.01370234,-0.01367713,-0.01365256,-0.01362935,-0.01360733,-0.01358699,-0.01356799,-0.01355124,-0.01353646,-0.013524,-0.0135136,-0.01350624,-0.01350164,-0.01349999,-0.01350052,-0.01350428,-0.01351117,-0.0135218,-0.01353515,-0.01355139,-0.0135698,-0.01359087,-0.01361454,-0.01364097,-0.0136695,-0.01370045,-0.01373329,-0.01376806,-0.0138039,-0.01384088,-0.01387832,-0.01391635,-0.01395418,-0.01399193,-0.01402901,-0.01406575,-0.01410151,-0.0141365,-0.0141702,-0.01420307,-0.01423423,-0.01426394,-0.01429156,-0.01431753,-0.01434161,-0.01436432,-0.01438508,-0.0144041,-0.01442109,-0.01443659,-0.01445025,-0.01446241,-0.01447273,-0.01448179,-0.0144892,-0.01449539
-0.0146954,-0.01470297,-0.01470971,-0.01471496,-0.01471944,-0.01472257,-0.01472504,-0.01472622,-0.01472686,-0.01472629,-0.01472524,-0.01472306,-0.01472044,-0.01471674,-0.01471267,-0.01470753,-0.01470204,-0.01469551,-0.01468863,-0.01468072,-0.01467246,-0.01466315,-0.01465348,-0.01464275,-0.01463164,-0.01461943,-0.0146068,-0.01459304,-0.01457883,-0.01456345,-0.01454759,-0.01453053,-0.01451296,-0.01449414,-0.01447479,-0.01445419,-0.01443305,-0.01441066,-0.01438774,-0.0143636,-0.01433896,-0.01431316,-0.01428696,-0.01425966,-0.01423208,-0.01420358,-0.01417493,-0.01414554,-0.01411624,-0.01408641,-0.01405693,-0.01402725,-0.01399822,-0.01396926,-0.01394138,-0.01391399,-0.01388791,-0.01386275,-0.01383953,-0.01381746,-0.0137975,-0.01377942,-0.01376411,-0.01375061,-0.01373978,-0.01373139,-0.01372667,-0.01372439,-0.01372508,-0.01372789,-0.01373411,-0.01374324,-0.01375613,-0.01377178,-0.01379025,-0.01381088,-0.01383424,-0.01385942,-0.01388681,-0.01391572,-0.01394682,-0.01397923,-0.01401337,-0.01404832,-0.01408456,-0.01412116,-0.0141584,-0.01419516,-0.01423191,-0.01426774,-0.01430307,-0.01433681,-0.01436983,-0.01440138,-0.01443219,-0.01446128,-0.01448911,-0.01451484,-0.01453927,-0.01456185,-0.01458316,-0.01460242,-0.01462031,-0.01463632,-0.01465116,-0.01466412,-0.014676,-0.01468621
-0.0147756,-0.01479014,-0.01480317,-0.01481518,-0.01482583,-0.01483552,-0.01484394,-0.01485153,-0.0148579,-0.01486352,-0.01486802,-0.0148718,-0.01487453,-0.0148766,-0.01487762,-0.01487804,-0.01487742,-0.01487618,-0.01487394,-0.01487108,-0.01486718,-0.01486265,-0.01485707,-0.01485082,-0.01484347,-0.01483541,-0.01482622,-0.01481626,-0.0148051,-0.01479313,-0.01477992,-0.01476583,-0.01475043,-0.01473412,-0.01471646,-0.01469784,-0.01467783,-0.01465685,-0.01463448,-0.01461112,-0.01458639,-0.01456071,-0.0145337,-0.01450583,-0.01447672,-0.01444685,-0.01441591,-0.01438438,-0.01435193,-0.01431914,-0.01428571,-0.01425216,-0.01421828,-0.01418468,-0.014151,-0.01411796,-0.01408541,-0.01405381,-0.01402286,-0.0139935,-0.01396546,-0.01393905,-0.01391412,-0.01389168,-0.01387147,-0.01385365,-0.01383751,-0.01382427,-0.01381392,-0.01380714,-0.01380289,-0.01380149,-0.01380234,-0.01380615,-0.01381311,-0.01382344,-0.01383669,-0.01385334,-0.01387311,-0.01389607,-0.01392151,-0.01394961,-0.01397979,-0.01401217,-0.01404599,-0.0140813,-0.01411754,-0.01415496,-0.01419283,-0.01423122,-0.01426955,-0.01430819,-0.01434604,-0.01438325,-0.01441908,-0.01445388,-0.01448739,-0.01452,-0.01455103,-0.01458056,-0.01460829,-0.01463469,-0.01465938,-0.0146826,-0.01470404,-0.01472421,-0.01474271,-0.01475994
-0.01474859,-0.01477223,-0.01479477,-0.01481554,-0.01483526,-0.01485335,-0.01487049,-0.01488605,-0.01490078,-0.01491401,-0.01492647,-0.01493751,-0.01494781,-0.01495674,-0.01496499,-0.01497187,-0.01497809,-0.01498295,-0.01498713,-0.01498996,-0.01499209,-0.01499282,-0.01499283,-0.01499141,-0.0149892,-0.01498549,-0.01498094,-0.01497482,-0.01496779,-0.01495911,-0.01494944,-0.01493805,-0.0149256,-0.01491133,-0.01489593,-0.01487866,-0.0148602,-0.0148398,-0.01481818,-0.0147946,-0.01476976,-0.01474297,-0.01471495,-0.014685,-0.0146539,-0.01462096,-0.01458696,-0.01455126,-0.01451468,-0.01447657,-0.01443779,-0.01439777,-0.01435733,-0.01431589,-0.01427445,-0.01423238,-0.01419049,-0.01414843,-0.01410718,-0.01406593,-0.01402568,-0.01398627,-0.01394855,-0.01391156,-0.01387628,-0.01384262,-0.01381192,-0.01378293,-0.01375637,-0.01373158,-0.01371019,-0.01369192,-0.01367792,-0.01366733,-0.01366046,-0.01365704,-0.01365794,-0.01366251,-0.01367141,-0.01368428,-0.01370199,-0.01372376,-0.01375005,-0.01377991,-0.01381377,-0.01385059,-0.01389041,-0.01393194,-0.01397549,-0.01401998,-0.01406557,-0.01411099,-0.01415701,-0.01420271,-0.01424861,-0.01429351,-0.01433768,-0.01438017,-0.01442166,-0.01446157,-0.01450031,-0.01453701,-0.0145723,-0.01460562,-0.01463765,-0.01466762,-0.01469628,-0.01472307
-0.01462353,-0.01465976,-0.01469398,-0.01472666,-0.0147575,-0.01478685,-0.01481446,-0.01484072,-0.0148653,-0.01488863,-0.01491038,-0.01493091,-0.01494994,-0.0149678,-0.01498417,-0.01499944,-0.01501321,-0.01502587,-0.01503704,-0.01504708,-0.01505559,-0.01506294,-0.01506872,-0.01507328,-0.01507619,-0.01507781,-0.01507771,-0.01507622,-0.01507291,-0.01506812,-0.01506141,-0.01505311,-0.01504279,-0.01503077,-0.01501663,-0.01500068,-0.01498251,-0.01496247,-0.01494012,-0.01491581,-0.01488916,-0.01486051,-0.01482946,-0.01479644,-0.01476105,-0.01472368,-0.01468403,-0.01464251,-0.01459878,-0.01455334,-0.01450587,-0.01445683,-0.01440601,-0.01435394,-0.01430024,-0.01424559,-0.01418985,-0.01413339,-0.01407593,-0.01401843,-0.01396061,-0.01390275,-0.01384483,-0.01378798,-0.01373201,-0.01367717,-0.01362293,-0.01357094,-0.01352146,-0.01347548,-0.01343222,-0.01339243,-0.01335593,-0.01332405,-0.0132975,-0.01327681,-0.01326198,-0.01325389,-0.01325264,-0.01325843,-0.01327073,-0.01328979,-0.01331504,-0.01334643,-0.01338297,-0.01342441,-0.01346999,-0.01351965,-0.01357234,-0.01362778,-0.01368519,-0.01374462,-0.0138046,-0.013865,-0.01392485,-0.01398433,-0.01404302,-0.01410112,-0.01415773,-0.01421275,-0.01426586,-0.01431741,-0.01436699,-0.0144147,-0.01446024,-0.01450404,-0.01454575,-0.01458565
-0.01441595,-0.01446697,-0.01451612,-0.01456273,-0.01460753,-0.01464995,-0.01469068,-0.01472911,-0.014766,-0.01480068,-0.01483389,-0.01486499,-0.01489467,-0.01492229,-0.01494855,-0.01497276,-0.01499562,-0.01501645,-0.0150359,-0.01505329,-0.01506928,-0.01508315,-0.01509556,-0.01510579,-0.01511448,-0.01512088,-0.01512563,-0.01512799,-0.01512858,-0.01512667,-0.01512286,-0.0151164,-0.01510791,-0.01509663,-0.01508318,-0.0150668,-0.01504814,-0.0150264,-0.01500224,-0.01497492,-0.01494506,-0.01491194,-0.01487622,-0.01483716,-0.01479546,-0.01475042,-0.01470271,-0.01465167,-0.01459805,-0.01454112,-0.01448167,-0.01441912,-0.01435416,-0.01428618,-0.01421613,-0.01414331,-0.01406846,-0.01399127,-0.01391266,-0.01383179,-0.01374975,-0.0136665,-0.01358292,-0.01349819,-0.01341358,-0.01332937,-0.01324731,-0.01316636,-0.01308778,-0.01301147,-0.0129399,-0.01287336,-0.0128137,-0.01276049,-0.01271453,-0.01267621,-0.01264683,-0.01262612,-0.01261501,-0.01261352,-0.01262262,-0.01264141,-0.01267008,-0.01270731,-0.0127531,-0.01280593,-0.01286529,-0.01292941,-0.01299826,-0.01307044,-0.01314571,-0.01322242,-0.01330118,-0.01338068,-0.01346115,-0.01354101,-0.01362024,-0.01369766,-0.01377389,-0.01384823,-0.01392091,-0.01399097,-0.01405894,-0.01412429,-0.01418761,-0.0142481,-0.01430651,-0.01436226
-0.01413776,-0.01420686,-0.01427292,-0.01433638,-0.01439698,-0.01445507,-0.01451045,-0.01456349,-0.01461389,-0.01466208,-0.01470776,-0.01475128,-0.01479237,-0.01483137,-0.01486797,-0.01490252,-0.01493467,-0.01496477,-0.01499246,-0.01501804,-0.01504118,-0.01506216,-0.01508061,-0.01509682,-0.01511039,-0.01512161,-0.01513007,-0.01513605,-0.01513912,-0.01513956,-0.01513695,-0.01513153,-0.01512288,-0.01511126,-0.01509624,-0.01507807,-0.01505631,-0.01503123,-0.0150024,-0.01497007,-0.01493383,-0.01489396,-0.01485,-0.01480229,-0.01475039,-0.01469461,-0.01463458,-0.0145706,-0.01450227,-0.01443,-0.01435339,-0.01427278,-0.01418793,-0.01409924,-0.01400627,-0.01390964,-0.01380919,-0.0137052,-0.01359747,-0.01348704,-0.01337368,-0.0132578,-0.01313971,-0.01302091,-0.01290158,-0.01278237,-0.01266337,-0.01254712,-0.01243462,-0.01232765,-0.01222604,-0.0121314,-0.01204427,-0.01196692,-0.01190074,-0.01184653,-0.01180466,-0.01177634,-0.01176192,-0.01176147,-0.01177432,-0.0118004,-0.01183863,-0.01188828,-0.01194771,-0.012016,-0.01209206,-0.01217542,-0.01226467,-0.01235914,-0.01245773,-0.01256006,-0.01266402,-0.01276905,-0.01287379,-0.01297826,-0.01308181,-0.01318439,-0.01328488,-0.01338298,-0.01347835,-0.01357126,-0.01366125,-0.01374831,-0.01383213,-0.01391315,-0.013991,-0.01406592
-0.01380179,-0.01389095,-0.0139769,-0.01405901,-0.014138,-0.01421335,-0.01428574,-0.01435459,-0.01442065,-0.0144833,-0.01454324,-0.01459988,-0.01465388,-0.01470463,-0.01475281,-0.01479775,-0.01484011,-0.01487923,-0.01491575,-0.01494898,-0.01497955,-0.01500674,-0.01503119,-0.01505218,-0.01507029,-0.0150848,-0.0150963,-0.01510404,-0.01510861,-0.01510923,-0.01510651,-0.01509965,-0.01508924,-0.01507449,-0.01505597,-0.01503289,-0.01500583,-0.01497399,-0.01493793,-0.01489688,-0.01485138,-0.01480065,-0.01474528,-0.01468445,-0.01461877,-0.01454746,-0.01447109,-0.01438889,-0.01430152,-0.01420813,-0.01410943,-0.0140047,-0.01389456,-0.01377829,-0.0136568,-0.01352932,-0.01339657,-0.01325833,-0.0131156,-0.01296763,-0.01281585,-0.01266058,-0.01250309,-0.01234305,-0.0121825,-0.01202262,-0.01186607,-0.01171247,-0.01156409,-0.01142182,-0.01128944,-0.01116796,-0.01106017,-0.01096581,-0.01088594,-0.0108213,-0.01077327,-0.01074156,-0.01072716,-0.01073017,-0.01075114,-0.01078836,-0.01084111,-0.01090732,-0.01098636,-0.01107629,-0.01117613,-0.01128393,-0.01139951,-0.01152114,-0.01164792,-0.01177751,-0.01191017,-0.01204404,-0.01217905,-0.01231317,-0.01244608,-0.0125764,-0.01270471,-0.01283024,-0.01295299,-0.01307189,-0.01318742,-0.01329907,-0.01340734,-0.01351142,-0.01361201,-0.01370862
-0.01341328,-0.01352568,-0.01363344,-0.01373698,-0.01383613,-0.01393117,-0.01402196,-0.01410886,-0.01419159,-0.01427057,-0.01434553,-0.01441678,-0.0144841,-0.01454778,-0.01460755,-0.01466371,-0.01471594,-0.01476454,-0.01480919,-0.01485014,-0.01488706,-0.01492021,-0.01494922,-0.01497433,-0.01499517,-0.01501196,-0.01502432,-0.01503247,-0.015036,-0.01503513,-0.01502942,-0.0150191,-0.01500372,-0.01498349,-0.01495796,-0.01492732,-0.01489112,-0.01484955,-0.01480214,-0.01474906,-0.01468986,-0.01462471,-0.01455311,-0.01447528,-0.0143907,-0.01429955,-0.01420138,-0.01409637,-0.01398399,-0.01386454,-0.01373753,-0.01360316,-0.01346114,-0.01331179,-0.01315463,-0.01299033,-0.01281883,-0.01264048,-0.01245541,-0.01226503,-0.01206954,-0.01186985,-0.01166714,-0.01146383,-0.01126097,-0.01106013,-0.01086249,-0.01067206,-0.01049086,-0.01032163,-0.01016459,-0.01002216,-0.009895178,-0.009786572,-0.009697676,-0.009628668,-0.009579871,-0.00955256,-0.009546977,-0.009562225,-0.009596565,-0.009648967,-0.009717777,-0.009801868,-0.009899518,-0.01000995,-0.01013256,-0.01026703,-0.0104115,-0.01056431,-0.01072336,-0.01088734,-0.0110532,-0.0112202,-0.01138675,-0.01155282,-0.0117176,-0.0118808,-0.01204092,-0.01219742,-0.01234997,-0.01249876,-0.01264324,-0.01278321,-0.01291836,-0.01304913,-0.01317514,-0.01329655
-0.01297605,-0.01311377,-0.01324641,-0.01337336,-0.01349525,-0.01361164,-0.01372319,-0.01382931,-0.01393075,-0.0140269,-0.01411844,-0.01420481,-0.01428662,-0.01436328,-0.01443545,-0.01450245,-0.01456494,-0.01462225,-0.01467498,-0.01472245,-0.01476528,-0.01480275,-0.01483544,-0.01486266,-0.01488496,-0.01490162,-0.0149132,-0.01491896,-0.01491945,-0.01491391,-0.01490289,-0.01488561,-0.01486261,-0.0148331,-0.01479759,-0.0147553,-0.01470673,-0.01465104,-0.01458875,-0.01451903,-0.01444234,-0.01435783,-0.01426601,-0.01416595,-0.01405816,-0.01394176,-0.01381719,-0.01368359,-0.0135415,-0.01338996,-0.01322958,-0.01305962,-0.0128806,-0.01269186,-0.01249442,-0.01228756,-0.0120723,-0.01184882,-0.01161857,-0.01138133,-0.0111394,-0.01089406,-0.01064747,-0.01040031,-0.01015598,-0.009917009,-0.009687275,-0.009466919,-0.00925914,-0.009065427,-0.008890497,-0.008735328,-0.008602919,-0.008491721,-0.008401827,-0.008333866,-0.008289184,-0.008267227,-0.008267917,-0.008290079,-0.008333012,-0.008394792,-0.008475432,-0.008574,-0.008691009,-0.008825544,-0.008976974,-0.009142735,-0.00932093,-0.009507566,-0.009699849,-0.009894902,-0.01009395,-0.01029523,-0.01049854,-0.01070106,-0.01090197,-0.01109954,-0.01129436,-0.01148553,-0.01167266,-0.01185443,-0.01203117,-0.01220244,-0.01236861,-0.0125287,-0.01268345,-0.01283242
-0.01248617,-0.01265282,-0.0128126,-0.01296589,-0.01311262,-0.01325293,-0.01338673,-0.01351437,-0.01363557,-0.01375068,-0.01385951,-0.01396228,-0.01405882,-0.01414937,-0.01423365,-0.01431195,-0.01438397,-0.01444994,-0.01450958,-0.0145631,-0.01461018,-0.01465104,-0.01468536,-0.01471332,-0.01473459,-0.01474936,-0.01475728,-0.01475852,-0.01475273,-0.01474007,-0.01472016,-0.01469316,-0.01465866,-0.01461683,-0.01456723,-0.01451,-0.01444468,-0.0143714,-0.01428967,-0.01419958,-0.01410065,-0.01399295,-0.01387591,-0.01374964,-0.01361356,-0.01346771,-0.01331159,-0.01314524,-0.01296809,-0.01278037,-0.01258156,-0.01237185,-0.0121511,-0.01191972,-0.01167748,-0.01142544,-0.01116404,-0.01089416,-0.01061678,-0.0103343,-0.01004784,-0.009759412,-0.009471594,-0.009188164,-0.008911218,-0.008643179,-0.008385987,-0.00814485,-0.007921918,-0.007719814,-0.007537519,-0.007377225,-0.007238339,-0.007123221,-0.007032547,-0.006966794,-0.006926966,-0.006912731,-0.006920218,-0.00694479,-0.006985828,-0.007046612,-0.007129571,-0.007236262,-0.007367117,-0.007523174,-0.007703777,-0.007904401,-0.008117173,-0.008336654,-0.008561155,-0.008792147,-0.009027856,-0.009267427,-0.00950761,-0.009748079,-0.009987757,-0.01022594,-0.01046027,-0.01068973,-0.01091401,-0.01113312,-0.01134634,-0.01155301,-0.01175287,-0.0119464,-0.01213313,-0.01231303
-0.01193989,-0.01213788,-0.01232826,-0.01251034,-0.0126846,-0.01285076,-0.01300935,-0.01315977,-0.0133028,-0.01343779,-0.01356537,-0.01368502,-0.0137973,-0.01390162,-0.01399861,-0.0140876,-0.0141692,-0.01424278,-0.01430889,-0.01436689,-0.01441735,-0.0144596,-0.01449419,-0.01452047,-0.01453898,-0.01454904,-0.0145512,-0.01454475,-0.01453026,-0.01450699,-0.01447549,-0.01443503,-0.01438612,-0.01432801,-0.01426119,-0.01418488,-0.01409957,-0.01400441,-0.01389986,-0.01378507,-0.01366044,-0.01352507,-0.01337941,-0.01322245,-0.01305463,-0.01287503,-0.01268401,-0.01248068,-0.01226558,-0.01203777,-0.01179796,-0.01154558,-0.01128136,-0.01100504,-0.01071814,-0.0104205,-0.01011393,-0.009799634,-0.009480041,-0.009155997,-0.008831226,-0.008508353,-0.008190525,-0.007879367,-0.00757934,-0.007293793,-0.007026781,-0.006777137,-0.006547458,-0.006337918,-0.00615323,-0.005992918,-0.005857483,-0.005741094,-0.005647218,-0.005581868,-0.005544491,-0.005524335,-0.005510607,-0.005504235,-0.005517227,-0.005558983,-0.00563479,-0.005746695,-0.005899492,-0.006094246,-0.006321698,-0.006563683,-0.00680813,-0.007051663,-0.007299942,-0.00755953,-0.0078343,-0.008115855,-0.008401014,-0.008686298,-0.008970419,-0.009250618,-0.009527816,-0.009800896,-0.01006854,-0.01032885,-0.01058198,-0.0108278,-0.01106643,-0.01129657,-0.01151898,-0.01173337
-0.01132818,-0.0115617,-0.01178519,-0.01199905,-0.01220334,-0.01239797,-0.01258293,-0.01275857,-0.01292452,-0.01308113,-0.01322825,-0.01336597,-0.01349419,-0.01361309,-0.01372239,-0.01382236,-0.01391271,-0.01399365,-0.01406492,-0.01412672,-0.01417876,-0.01422128,-0.01425397,-0.01427705,-0.01429021,-0.01429371,-0.0142872,-0.01427093,-0.01424454,-0.0142083,-0.01416181,-0.01410532,-0.01403843,-0.01396135,-0.01387364,-0.0137755,-0.01366644,-0.01354663,-0.01341553,-0.01327327,-0.01311928,-0.01295367,-0.01277577,-0.01258575,-0.01238293,-0.01216742,-0.01193867,-0.01169685,-0.01144142,-0.01117289,-0.01089089,-0.01059607,-0.01028868,-0.009969855,-0.009639958,-0.009301176,-0.008954844,-0.008603052,-0.008247945,-0.007893506,-0.00754167,-0.007195559,-0.006858709,-0.006535782,-0.006228466,-0.005938479,-0.005666111,-0.005416587,-0.005189656,-0.004985359,-0.004800593,-0.00463659,-0.004479776,-0.004337809,-0.004231276,-0.004165831,-0.004127276,-0.004086717,-0.004023233,-0.003955069,-0.003918966,-0.003931997,-0.003995121,-0.004111716,-0.004291857,-0.004536949,-0.004817445,-0.005092723,-0.005347519,-0.005595546,-0.005865859,-0.006177417,-0.006508186,-0.006837697,-0.007164931,-0.007496777,-0.007829947,-0.008161961,-0.008489359,-0.008810021,-0.009123659,-0.009430335,-0.009729146,-0.0100187,-0.01029893,-0.01057058,-0.01083287,-0.0110853
-0.01064581,-0.01091697,-0.01117716,-0.01142546,-0.01166223,-0.01188736,-0.01210129,-0.0123033,-0.01249427,-0.01267349,-0.01284146,-0.01299781,-0.01314292,-0.01327628,-0.01339845,-0.01350883,-0.01360793,-0.01369526,-0.01377123,-0.0138354,-0.01388819,-0.01392915,-0.0139587,-0.01397642,-0.01398273,-0.0139772,-0.01396024,-0.01393146,-0.01389122,-0.01383914,-0.01377556,-0.0137001,-0.01361306,-0.01351403,-0.01340325,-0.01328032,-0.01314543,-0.01299811,-0.01283849,-0.01266612,-0.01248104,-0.01228275,-0.01207133,-0.01184624,-0.01160754,-0.01135485,-0.0110882,-0.01080739,-0.01051274,-0.01020416,-0.009882332,-0.009547837,-0.009201548,-0.008844676,-0.008479236,-0.008106699,-0.007729493,-0.007350867,-0.006973676,-0.006600339,-0.00623496,-0.005881569,-0.005542157,-0.005218382,-0.004913193,-0.004629422,-0.004367243,-0.004122938,-0.003893807,-0.003675432,-0.003484476,-0.003312495,-0.003121973,-0.002937963,-0.002819961,-0.002761104,-0.002711043,-0.002588351,-0.002372243,-0.002175182,-0.002073104,-0.002055547,-0.002107505,-0.002239734,-0.002491267,-0.002856609,-0.003223155,-0.003508255,-0.003735227,-0.003960676,-0.004253026,-0.004633619,-0.005030633,-0.005400316,-0.005783741,-0.006178888,-0.006568604,-0.006950644,-0.007331947,-0.007707879,-0.008075633,-0.008432594,-0.008779615,-0.009117269,-0.009445474,-0.009761913,-0.01006765,-0.01036241
-0.009884785,-0.01019767,-0.01049688,-0.01078183,-0.01105391,-0.01131164,-0.01155606,-0.01178671,-0.01200383,-0.01220706,-0.01239693,-0.01257284,-0.0127352,-0.01288379,-0.01301862,-0.01313971,-0.01324702,-0.01334057,-0.01342029,-0.01348637,-0.01353854,-0.01357719,-0.01360195,-0.01361331,-0.01361081,-0.01359508,-0.01356554,-0.01352295,-0.01346659,-0.01339734,-0.01331434,-0.01321858,-0.01310906,-0.01298684,-0.01285078,-0.01270201,-0.01253919,-0.01236357,-0.01217365,-0.01197071,-0.01175312,-0.0115223,-0.01127639,-0.01101705,-0.01074238,-0.01045415,-0.01015058,-0.009833839,-0.009502104,-0.009158315,-0.00880089,-0.008433264,-0.008054669,-0.007669463,-0.007276827,-0.006882741,-0.006487157,-0.006095727,-0.005708736,-0.005333916,-0.00496969,-0.004621775,-0.004289723,-0.003980421,-0.003688896,-0.003415737,-0.003149937,-0.002909619,-0.002675341,-0.002440155,-0.002242954,-0.002050626,-0.001705509,-0.001431686,-0.001328207,-0.001292263,-0.001238027,-0.001034576,-0.0006787429,-0.0004081444,-0.0002892454,-0.0002602705,-0.0002944088,-0.0004167732,-0.0007021172,-0.001140149,-0.001506482,-0.001710703,-0.001845635,-0.002010759,-0.002374929,-0.002967568,-0.003440012,-0.00381645,-0.00425489,-0.004719207,-0.005163325,-0.005612662,-0.006061644,-0.006492696,-0.006914654,-0.007326801,-0.007730172,-0.00811984,-0.008498118,-0.008864361,-0.009218668,-0.009558024
-0.009044445,-0.009399847,-0.009741016,-0.01006519,-0.01037395,-0.01066616,-0.01094337,-0.01120345,-0.01144857,-0.01167683,-0.01188963,-0.01208576,-0.01226635,-0.01243011,-0.01257836,-0.01270982,-0.01282562,-0.01292481,-0.0130083,-0.0130753,-0.0131267,-0.0131618,-0.01318138,-0.01318495,-0.01317317,-0.01314567,-0.013103,-0.01304495,-0.01297193,-0.01288384,-0.01278098,-0.01266334,-0.01253105,-0.01238422,-0.01222281,-0.01204699,-0.01185657,-0.0116518,-0.0114323,-0.01119846,-0.01094971,-0.01068657,-0.01040842,-0.01011593,-0.009808449,-0.009487074,-0.009151113,-0.008802146,-0.008439907,-0.008066393,-0.007681791,-0.00728928,-0.006889118,-0.0064855,-0.006079848,-0.005676499,-0.005276703,-0.00488674,-0.004506988,-0.004141605,-0.003791533,-0.003462288,-0.003149844,-0.002854273,-0.00257478,-0.002311546,-0.002045638,-0.001809309,-0.001536248,-0.001192237,-0.001019949,-0.0008570302,-0.000355349,-7.473063e-05,-3.778936e-05,-3.261283e-05,-3.090719e-05,-2.498471e-05,-1.483892e-05,-7.236723e-06,-4.2152e-06,-3.524079e-06,-4.5947e-06,-7.947272e-06,-1.601082e-05,-2.824072e-05,-3.83597e-05,-4.428376e-05,-5.429189e-05,-0.0001112759,-0.0004979596,-0.001282141,-0.001671902,-0.001967494,-0.002581207,-0.003164335,-0.003638556,-0.004150985,-0.004668875,-0.005161649,-0.005649718,-0.006119535,-0.006577339,-0.007023917,-0.007459633,-0.007877914,-0.008282378,-0.008671052
-0.008121786,-0.008524308,-0.008907662,-0.00927265,-0.009620097,-0.00994871,-0.01025892,-0.01055105,-0.01082439,-0.01107921,-0.01131558,-0.0115331,-0.01173197,-0.01191218,-0.01207351,-0.01221621,-0.01234019,-0.01244549,-0.01253224,-0.01260054,-0.01265044,-0.01268216,-0.01269584,-0.01269165,-0.01266981,-0.01263051,-0.012574,-0.01250047,-0.01241019,-0.01230334,-0.01218019,-0.01204087,-0.01188568,-0.01171467,-0.01152813,-0.01132605,-0.01110868,-0.01087599,-0.01062823,-0.01036526,-0.01008743,-0.009794627,-0.009487214,-0.009165248,-0.008829351,-0.008479651,-0.008117287,-0.007742788,-0.007357593,-0.006963097,-0.00656138,-0.00615416,-0.005744818,-0.005335673,-0.00492992,-0.004531162,-0.004143014,-0.003766839,-0.00340604,-0.003063343,-0.002738301,-0.002428001,-0.002137361,-0.001859126,-0.001599235,-0.001334637,-0.0009904681,-0.0007906915,-0.000525257,-8.426592e-05,-2.697492e-05,-2.106382e-05,-5.602707e-06,2.217361e-06,2.458637e-06,2.141504e-06,NaN,NaN,NaN,NaN,NaN,NaN,NaN,NaN,NaN,NaN,NaN,2.470927e-06,2.901151e-06,1.492045e-06,-9.548537e-06,-3.352242e-05,-4.762971e-05,-0.0001475772,-0.000927133,-0.00149857,-0.001892574,-0.002599223,-0.003196813,-0.003727657,-0.004277025,-0.004807496,-0.0053319,-0.005838486,-0.006328304,-0.006804474,-0.007263268,-0.00770141
-0.007126729,-0.007571887,-0.00800151,-0.008407429,-0.008794972,-0.009159572,-0.009506182,-0.009828766,-0.01013319,-0.01041412,-0.01067579,-0.01091435,-0.01113343,-0.01132921,-0.01150551,-0.01165873,-0.0117922,-0.0119031,-0.01199423,-0.0120632,-0.01211262,-0.01214049,-0.01214905,-0.01213677,-0.0121056,-0.01205437,-0.0119847,-0.01189582,-0.01178899,-0.01166382,-0.01152119,-0.01136107,-0.01118395,-0.01099013,-0.01077971,-0.01055331,-0.01031067,-0.01005273,-0.009778832,-0.009490365,-0.009186311,-0.008868461,-0.008535651,-0.008190195,-0.007830727,-0.007460503,-0.007077969,-0.006687327,-0.006287398,-0.005883187,-0.005473748,-0.005065766,-0.004657668,-0.004257359,-0.00386386,-0.003484504,-0.003116363,-0.002768748,-0.002435272,-0.002120615,-0.001820603,-0.001538223,-0.001271768,-0.000984975,-0.0007184701,-0.0005062367,-8.693027e-05,-2.036797e-05,-1.168494e-05,2.554952e-06,2.908394e-06,NaN,NaN,NaN,NaN,NaN,NaN,NaN,NaN,NaN,NaN,NaN,NaN,NaN,NaN,NaN,NaN,NaN,NaN,NaN,NaN,NaN,2.96233e-06,1.171632e-06,-2.400753e-05,-4.341942e-05,-0.0001815612,-0.001069006,-0.001583536,-0.002174689,-0.002844297,-0.003414697,-0.003998655,-0.004565692,-0.005122549,-0.005652631,-0.006165294,-0.006655335
-0.006059756,-0.006554712,-0.00702646,-0.00747487,-0.007902314,-0.008305318,-0.008685549,-0.00904252,-0.009375975,-0.009685347,-0.009971601,-0.01023326,-0.01047139,-0.01068532,-0.01087531,-0.01104124,-0.01118347,-0.01130178,-0.01139667,-0.01146819,-0.01151662,-0.01154233,-0.01154558,-0.01152688,-0.01148641,-0.01142491,-0.01134245,-0.01123994,-0.01111731,-0.01097565,-0.01081476,-0.01063584,-0.01043853,-0.01022416,-0.009992236,-0.00974419,-0.009479346,-0.009199309,-0.008903326,-0.008593105,-0.008267889,-0.007929708,-0.007577736,-0.007214478,-0.006839389,-0.006455297,-0.006062233,-0.005663717,-0.00525995,-0.004855646,-0.004451424,-0.004052088,-0.003659418,-0.003278277,-0.002909085,-0.002557832,-0.002223432,-0.001906938,-0.001605934,-0.001323213,-0.001055635,-0.0007676561,-0.0005368956,-0.0002716741,-2.839299e-05,-1.130485e-05,2.353417e-06,3.27039e-06,NaN,NaN,NaN,NaN,NaN,NaN,NaN,NaN,NaN,NaN,NaN,NaN,NaN,NaN,NaN,NaN,NaN,NaN,NaN,NaN,NaN,NaN,NaN,NaN,NaN,NaN,NaN,3.340922e-06,-2.269982e-07,-2.887275e-05,-7.238083e-05,-0.0006696807,-0.001339247,-0.001910474,-0.002616589,-0.003236882,-0.003840773,-0.004436234,-0.005003192,-0.005542898
-0.004942302,-0.00547862,-0.005994625,-0.00648647,-0.00695104,-0.007392547,-0.007807888,-0.008197353,-0.00856109,-0.008899126,-0.009209963,-0.009495232,-0.009753373,-0.009985228,-0.01019031,-0.01036912,-0.01052117,-0.01064744,-0.01074733,-0.01082185,-0.01087076,-0.01089502,-0.01089449,-0.01087023,-0.01082224,-0.01075156,-0.01065831,-0.01054351,-0.01040738,-0.01025091,-0.01007437,-0.00987871,-0.00966427,-0.009431913,-0.009182026,-0.008915409,-0.008632574,-0.008334245,-0.008021028,-0.007693748,-0.00735319,-0.007000196,-0.006636049,-0.006261714,-0.005878896,-0.005489166,-0.005094644,-0.004697287,-0.004300349,-0.003905687,-0.003517305,-0.003137743,-0.002770344,-0.002417193,-0.002083015,-0.001766732,-0.001468088,-0.001189555,-0.0009257331,-0.0006539504,-0.0004308506,-0.0001594157,-1.654836e-05,-4.169368e-06,3.89609e-06,2.705471e-06,NaN,NaN,NaN,NaN,NaN,NaN,NaN,NaN,NaN,NaN,NaN,NaN,NaN,NaN,NaN,NaN,NaN,NaN,NaN,NaN,NaN,NaN,NaN,NaN,NaN,NaN,NaN,NaN,NaN,NaN,NaN,1.723652e-06,3.189097e-06,-1.688369e-05,-5.085871e-05,-0.0004584448,-0.001207681,-0.001822824,-0.00252913,-0.003175623,-0.003781864,-0.004380174
-0.003778302,-0.004361792,-0.004920339,-0.005448909,-0.005954734,-0.006431864,-0.006880814,-0.007303464,-0.007697173,-0.008062641,-0.008399668,-0.00870767,-0.008986631,-0.009236964,-0.009457707,-0.00964997,-0.009813106,-0.009947885,-0.0100541,-0.01013274,-0.01018348,-0.0102076,-0.01020491,-0.01017675,-0.01012299,-0.01004513,-0.009943064,-0.009818366,-0.009670971,-0.009502492,-0.009312879,-0.009103775,-0.008875121,-0.008628588,-0.00836414,-0.008083466,-0.007786523,-0.007475111,-0.007149325,-0.006810989,-0.006460427,-0.006099786,-0.005729515,-0.005352224,-0.004968915,-0.004582353,-0.004194404,-0.003808288,-0.003425915,-0.00305162,-0.002687337,-0.002336192,-0.002001825,-0.001685291,-0.001387387,-0.001113372,-0.00085477,-0.00060745,-0.0003794991,-0.000141129,-1.304585e-05,-6.132925e-07,3.886336e-06,NaN,NaN,NaN,NaN,NaN,NaN,NaN,NaN,NaN,NaN,NaN,NaN,NaN,NaN,NaN,NaN,NaN,NaN,NaN,NaN,NaN,NaN,NaN,NaN,NaN,NaN,NaN,NaN,NaN,NaN,NaN,NaN,NaN,NaN,NaN,NaN,NaN,3.261804e-06,-9.99958e-06,-4.775602e-05,-0.0004652845,-0.001188937,-0.001872409,-0.002540588,-0.003179523
-0.002600433,-0.003212078,-0.003819039,-0.004382696,-0.004924187,-0.005435575,-0.005919496,-0.006370928,-0.006795784,-0.007188024,-0.007550402,-0.007881249,-0.008181858,-0.008449883,-0.008687908,-0.008893631,-0.009069095,-0.00921312,-0.009327287,-0.009410784,-0.009465406,-0.009490554,-0.009487904,-0.009457293,-0.009400317,-0.009317065,-0.00920904,-0.009076588,-0.008921105,-0.008743156,-0.00854401,-0.00832443,-0.008085562,-0.007828351,-0.007553797,-0.007263057,-0.006957102,-0.006637292,-0.006304524,-0.005960601,-0.005606438,-0.005244138,-0.004875035,-0.004501624,-0.004125375,-0.003749802,-0.003376386,-0.003008998,-0.002649924,-0.0023028,-0.001969723,-0.001654254,-0.001357589,-0.001080112,-0.0008247166,-0.0005947354,-0.0003626569,-0.0001711114,-1.377075e-05,-2.186659e-07,3.808299e-06,NaN,NaN,NaN,NaN,NaN,NaN,NaN,NaN,NaN,NaN,NaN,NaN,NaN,NaN,NaN,NaN,NaN,NaN,NaN,NaN,NaN,NaN,NaN,NaN,NaN,NaN,NaN,NaN,NaN,NaN,NaN,NaN,NaN,NaN,NaN,NaN,NaN,NaN,NaN,NaN,NaN,2.915254e-06,-1.072981e-05,-5.753433e-05,-0.0006287011,-0.001246669,-0.001975488
-0.001362558,-0.002068634,-0.002709843,-0.003292418,-0.003877915,-0.004419633,-0.00493183,-0.005415045,-0.005867963,-0.006285645,-0.006673678,-0.007026772,-0.007348321,-0.007635451,-0.007890004,-0.008110548,-0.008298852,-0.008453394,-0.008576294,-0.008666656,-0.008726131,-0.008754503,-0.008753393,-0.008722878,-0.008664473,-0.00857867,-0.008466857,-0.008329834,-0.008168835,-0.007984953,-0.007779269,-0.007553137,-0.007307471,-0.007043885,-0.006763174,-0.00646722,-0.006156656,-0.005833747,-0.005499152,-0.005155396,-0.004803236,-0.004445832,-0.004083849,-0.003721165,-0.003358744,-0.003000672,-0.0026487,-0.002306996,-0.001976348,-0.001663113,-0.001366609,-0.001088099,-0.0008349844,-0.0006001033,-0.0003711174,-0.0002092589,-1.97552e-05,-1.900751e-06,3.811698e-06,2.437139e-06,NaN,NaN,NaN,NaN,NaN,NaN,NaN,NaN,NaN,NaN,NaN,NaN,NaN,NaN,NaN,NaN,NaN,NaN,NaN,NaN,NaN,NaN,NaN,NaN,NaN,NaN,NaN,NaN,NaN,NaN,NaN,NaN,NaN,NaN,NaN,NaN,NaN,NaN,NaN,NaN,NaN,NaN,NaN,-2.899391e-07,2.812905e-06,-1.861869e-05,-9.011929e-05,-0.000824407
-0.0002121497,-0.0009488578,-0.001595144,-0.00220995,-0.002825043,-0.003397335,-0.00393613,-0.004446636,-0.004926787,-0.005370054,-0.00577998,-0.006156638,-0.00649827,-0.00680402,-0.007075663,-0.00731165,-0.007512918,-0.007679508,-0.007811961,-0.007910595,-0.00797643,-0.008009927,-0.008012095,-0.007983852,-0.007926254,-0.007840426,-0.007727443,-0.007588665,-0.00742516,-0.007238477,-0.007029665,-0.006800449,-0.006551857,-0.006285776,-0.006003189,-0.005706189,-0.005395861,-0.005074488,-0.004743176,-0.004404692,-0.004060231,-0.003712773,-0.00336415,-0.00301755,-0.002674651,-0.002339823,-0.002014726,-0.001702933,-0.001406362,-0.001129464,-0.0008728059,-0.0006346292,-0.0004219748,-0.0002349966,-4.411895e-05,-4.541177e-06,3.659857e-06,3.008179e-06,NaN,NaN,NaN,NaN,NaN,NaN,NaN,NaN,NaN,NaN,NaN,NaN,NaN,NaN,NaN,NaN,NaN,NaN,NaN,NaN,NaN,NaN,NaN,NaN,NaN,NaN,NaN,NaN,NaN,NaN,NaN,NaN,NaN,NaN,NaN,NaN,NaN,NaN,NaN,NaN,NaN,NaN,NaN,NaN,NaN,NaN,NaN,1.190194e-06,2.403141e-06,-3.136331e-05
-2.114382e-06,-5.235603e-05,-0.0005474883,-0.001107178,-0.001796954,-0.002386835,-0.002935726,-0.003483413,-0.003984782,-0.004449957,-0.004882673,-0.005281267,-0.005641539,-0.005967057,-0.006254457,-0.006506844,-0.0067215,-0.006900917,-0.00704366,-0.007152353,-0.007225472,-0.007266084,-0.007273095,-0.007249536,-0.007194581,-0.007111447,-0.006999516,-0.006862064,-0.006698634,-0.006512573,-0.006303576,-0.006075038,-0.005826773,-0.005562235,-0.005281419,-0.00498785,-0.004681626,-0.004366478,-0.004042843,-0.00371446,-0.003382091,-0.003049922,-0.002718803,-0.002393408,-0.002074568,-0.001766737,-0.001472775,-0.001195232,-0.0009325321,-0.0006969721,-0.0004829487,-0.0002753522,-0.0001197812,-8.901138e-06,2.71304e-06,3.398957e-06,NaN,NaN,NaN,NaN,NaN,NaN,NaN,NaN,NaN,NaN,NaN,NaN,NaN,NaN,NaN,NaN,NaN,NaN,NaN,NaN,NaN,NaN,NaN,NaN,NaN,NaN,NaN,NaN,NaN,NaN,NaN,NaN,NaN,NaN,NaN,NaN,NaN,NaN,NaN,NaN,NaN,NaN,NaN,NaN,NaN,NaN,NaN,NaN,NaN,NaN,NaN,2.55963e-06
-1.281626e-06,2.907272e-06,-2.085601e-05,-0.0001303539,-0.0008105364,-0.001381944,-0.0019578,-0.002531449,-0.003055521,-0.003539339,-0.003991327,-0.004412007,-0.004790696,-0.005133005,-0.005437975,-0.005705697,-0.00593436,-0.006126931,-0.006281355,-0.006400285,-0.006482787,-0.006531402,-0.00654545,-0.006527826,-0.006478168,-0.006399421,-0.006291477,-0.006157381,-0.005997238,-0.005814159,-0.005608442,-0.00538326,-0.005139088,-0.004879146,-0.004604044,-0.004317103,-0.00401925,-0.003713857,-0.003401997,-0.003087515,-0.002771591,-0.002457909,-0.002148821,-0.001847934,-0.001556147,-0.001278742,-0.001018352,-0.0007764053,-0.0005504466,-0.0003518564,-0.0001877797,-2.519844e-05,-1.467129e-06,3.486462e-06,2.407836e-06,NaN,NaN,NaN,NaN,NaN,NaN,NaN,NaN,NaN,NaN,NaN,NaN,NaN,NaN,NaN,NaN,NaN,NaN,NaN,NaN,NaN,NaN,NaN,NaN,NaN,NaN,NaN,NaN,NaN,NaN,NaN,NaN,NaN,NaN,NaN,NaN,NaN,NaN,NaN,NaN,NaN,NaN,NaN,NaN,NaN,NaN,NaN,NaN,NaN,NaN,NaN,NaN,NaN
NaN,NaN,1.381342e-06,5.429385e-07,-4.848235e-05,-0.0004499069,-0.0009828242,-0.001615294,-0.002151571,-0.002641147,-0.003119968,-0.003557894,-0.003953317,-0.004312693,-0.004633956,-0.004916738,-0.005160181,-0.00536545,-0.005532473,-0.005662563,-0.005755399,-0.005813152,-0.005835869,-0.005825812,-0.005783264,-0.005710846,-0.005609029,-0.005480595,-0.005326154,-0.00514867,-0.004948906,-0.004729968,-0.00449272,-0.004240405,-0.003974077,-0.003697122,-0.003410654,-0.003118324,-0.002821602,-0.002524151,-0.002227631,-0.001935903,-0.001650958,-0.0013776,-0.001115568,-0.0008682383,-0.0006448479,-0.0004411575,-0.000243797,-9.640925e-05,-7.705895e-06,2.9808e-06,2.968127e-06,NaN,NaN,NaN,NaN,NaN,NaN,NaN,NaN,NaN,NaN,NaN,NaN,NaN,NaN,NaN,NaN,NaN,NaN,NaN,NaN,NaN,NaN,NaN,NaN,NaN,NaN,NaN,NaN,NaN,NaN,NaN,NaN,NaN,NaN,NaN,NaN,NaN,NaN,NaN,NaN,NaN,NaN,NaN,NaN,NaN,NaN,NaN,NaN,NaN,NaN,NaN,NaN,NaN,NaN,NaN
NaN,NaN,NaN,-1.4467e-06,2.885942e-06,-1.971244e-05,-0.0001360183,-0.0007401496,-0.001274271,-0.001774589,-0.002271767,-0.002730774,-0.003139417,-0.00351275,-0.003851592,-0.004148567,-0.004405655,-0.0046246,-0.004804287,-0.004945859,-0.005050034,-0.005117993,-0.005150437,-0.005149269,-0.005115428,-0.005051038,-0.004957234,-0.004836391,-0.004689794,-0.004520037,-0.004328575,-0.004118186,-0.003890453,-0.003648297,-0.003393381,-0.003128819,-0.002856607,-0.002579894,-0.002300645,-0.002022863,-0.001748323,-0.001479822,-0.001221696,-0.0009775939,-0.0007454202,-0.0005301253,-0.0003420509,-0.0001792285,-2.697488e-05,-1.381554e-06,3.231658e-06,2.322984e-06,NaN,NaN,NaN,NaN,NaN,NaN,NaN,NaN,NaN,NaN,NaN,NaN,NaN,NaN,NaN,NaN,NaN,NaN,NaN,NaN,NaN,NaN,NaN,NaN,NaN,NaN,NaN,NaN,NaN,NaN,NaN,NaN,NaN,NaN,NaN,NaN,NaN,NaN,NaN,NaN,NaN,NaN,NaN,NaN,NaN,NaN,NaN,NaN,NaN,NaN,NaN,NaN,NaN,NaN,NaN,NaN
NaN,NaN,NaN,NaN,NaN,1.058488e-06,-8.584211e-07,-5.684333e-05,-0.0004652821,-0.0009234556,-0.001464887,-0.001937788,-0.002351818,-0.002743398,-0.003096141,-0.003407382,-0.003677774,-0.003909974,-0.004102085,-0.004256257,-0.004371555,-0.004450791,-0.004493616,-0.004502846,-0.004478518,-0.004423855,-0.00433921,-0.004227931,-0.004090575,-0.003930717,-0.003749165,-0.003549651,-0.003333094,-0.003103384,-0.002861684,-0.002612026,-0.002355605,-0.002096728,-0.001836806,-0.001580418,-0.001329098,-0.001086061,-0.0008539404,-0.0006416798,-0.0004409013,-0.0002505151,-0.0001096474,-1.044282e-05,2.491834e-06,2.67996e-06,NaN,NaN,NaN,NaN,NaN,NaN,NaN,NaN,NaN,NaN,NaN,NaN,NaN,NaN,NaN,NaN,NaN,NaN,NaN,NaN,NaN,NaN,NaN,NaN,NaN,NaN,NaN,NaN,NaN,NaN,NaN,NaN,NaN,NaN,NaN,NaN,NaN,NaN,NaN,NaN,NaN,NaN,NaN,NaN,NaN,NaN,NaN,NaN,NaN,NaN,NaN,NaN,NaN,NaN,NaN,NaN,NaN,NaN
NaN,NaN,NaN,NaN,NaN,NaN,-1.087109e-06,2.446853e-06,-2.724526e-05,-0.0001811644,-0.0006956503,-0.001185674,-0.001602626,-0.00200523,-0.002376751,-0.002698903,-0.002981174,-0.003227158,-0.003431644,-0.00359754,-0.003724984,-0.00381564,-0.003869626,-0.003889626,-0.003876102,-0.00383194,-0.003757941,-0.003657189,-0.003530713,-0.003381862,-0.003211953,-0.003024523,-0.002821027,-0.002605145,-0.002378431,-0.002144718,-0.001906054,-0.001666197,-0.001426529,-0.001192811,-0.0009663892,-0.0007474758,-0.0005434589,-0.0003629185,-0.0001920823,-4.22785e-05,-3.847292e-06,2.92669e-06,2.185276e-06,NaN,NaN,NaN,NaN,NaN,NaN,NaN,NaN,NaN,NaN,NaN,NaN,NaN,NaN,NaN,NaN,NaN,NaN,NaN,NaN,NaN,NaN,NaN,NaN,NaN,NaN,NaN,NaN,NaN,NaN,NaN,NaN,NaN,NaN,NaN,NaN,NaN,NaN,NaN,NaN,NaN,NaN,NaN,NaN,NaN,NaN,NaN,NaN,NaN,NaN,NaN,NaN,NaN,NaN,NaN,NaN,NaN,NaN,NaN
NaN,NaN,NaN,NaN,NaN,NaN,NaN,-1.284662e-06,1.544211e-06,-5.965312e-06,-7.767056e-05,-0.0004915892,-0.0008814333,-0.001311064,-0.001695795,-0.002026196,-0.002321664,-0.00257943,-0.002796072,-0.002974059,-0.003113206,-0.003215341,-0.003280992,-0.003312368,-0.003310107,-0.00327718,-0.003214555,-0.003125326,-0.003010628,-0.002873929,-0.002716697,-0.002542594,-0.00235312,-0.002152121,-0.001941454,-0.001724979,-0.001504603,-0.001284625,-0.001066307,-0.0008549533,-0.0006542115,-0.0004608659,-0.0002791916,-0.0001383867,-1.804135e-05,9.265996e-07,2.586211e-06,2.060921e-06,NaN,NaN,NaN,NaN,NaN,NaN,NaN,NaN,NaN,NaN,NaN,NaN,NaN,NaN,NaN,NaN,NaN,NaN,NaN,NaN,NaN,NaN,NaN,NaN,NaN,NaN,NaN,NaN,NaN,NaN,NaN,NaN,NaN,NaN,NaN,NaN,NaN,NaN,NaN,NaN,NaN,NaN,NaN,NaN,NaN,NaN,NaN,NaN,NaN,NaN,NaN,NaN,NaN,NaN,NaN,NaN,NaN,NaN,NaN,NaN
NaN,NaN,NaN,NaN,NaN,NaN,NaN,NaN,-5.858791e-07,-5.129436e-07,6.661601e-07,-4.104792e-05,-0.000247033,-0.0006528773,-0.001060518,-0.001395349,-0.001699317,-0.001971826,-0.002198826,-0.002387892,-0.002538989,-0.002652737,-0.002729785,-0.002772663,-0.002782031,-0.002760808,-0.002710108,-0.00263295,-0.002530678,-0.002406724,-0.002262841,-0.002102686,-0.001928029,-0.001742705,-0.001548627,-0.0013496,-0.001148338,-0.0009489175,-0.000750742,-0.0005629823,-0.0003886261,-0.0002166368,-7.157047e-05,-9.213632e-06,2.306599e-06,2.013181e-06,2.148176e-06,NaN,NaN,NaN,NaN,NaN,NaN,NaN,NaN,NaN,NaN,NaN,NaN,NaN,NaN,NaN,NaN,NaN,NaN,NaN,NaN,NaN,NaN,NaN,NaN,NaN,NaN,NaN,NaN,NaN,NaN,NaN,NaN,NaN,NaN,NaN,NaN,NaN,NaN,NaN,NaN,NaN,NaN,NaN,NaN,NaN,NaN,NaN,NaN,NaN,NaN,NaN,NaN,NaN,NaN,NaN,NaN,NaN,NaN,NaN,NaN,NaN
NaN,NaN,NaN,NaN,NaN,NaN,NaN,NaN,NaN,NaN,-9.69007e-07,1.459538e-06,-1.603442e-05,-0.0001118235,-0.00047524,-0.0008015219,-0.001121666,-0.001404909,-0.001640972,-0.001842125,-0.002003834,-0.002128725,-0.002217236,-0.002271823,-0.002292606,-0.002283255,-0.002244527,-0.002179834,-0.002090164,-0.001979443,-0.001849187,-0.00170353,-0.001543773,-0.001374311,-0.001197084,-0.001016154,-0.000833143,-0.0006545697,-0.0004774131,-0.0003094671,-0.0001652461,-3.366448e-05,-2.633218e-06,2.333609e-06,1.826905e-06,NaN,NaN,NaN,NaN,NaN,NaN,NaN,NaN,NaN,NaN,NaN,NaN,NaN,NaN,NaN,NaN,NaN,NaN,NaN,NaN,NaN,NaN,NaN,NaN,NaN,NaN,NaN,NaN,NaN,NaN,NaN,NaN,NaN,NaN,NaN,NaN,NaN,NaN,NaN,NaN,NaN,NaN,NaN,NaN,NaN,NaN,NaN,NaN,NaN,NaN,NaN,NaN,NaN,NaN,NaN,NaN,NaN,NaN,NaN,NaN,NaN,NaN,NaN
NaN,NaN,NaN,NaN,NaN,NaN,NaN,NaN,NaN,NaN,NaN,-6.652585e-07,1.152276e-07,-4.034604e-06,-5.839547e-05,-0.000277788,-0.000581741,-0.0008826099,-0.001125895,-0.001336076,-0.001509388,-0.001644876,-0.001744308,-0.001809886,-0.001842216,-0.001844501,-0.00181796,-0.00176551,-0.001688644,-0.001590914,-0.001474421,-0.001343013,-0.001198475,-0.001044865,-0.0008843808,-0.0007205001,-0.0005565577,-0.0003986791,-0.0002388136,-0.0001017029,-1.813785e-05,5.831976e-07,1.874184e-06,1.787611e-06,NaN,NaN,NaN,NaN,NaN,NaN,NaN,NaN,NaN,NaN,NaN,NaN,NaN,NaN,NaN,NaN,NaN,NaN,NaN,NaN,NaN,NaN,NaN,NaN,NaN,NaN,NaN,NaN,NaN,NaN,NaN,NaN,NaN,NaN,NaN,NaN,NaN,NaN,NaN,NaN,NaN,NaN,NaN,NaN,NaN,NaN,NaN,NaN,NaN,NaN,NaN,NaN,NaN,NaN,NaN,NaN,NaN,NaN,NaN,NaN,NaN,NaN,NaN,NaN
NaN,NaN,NaN,NaN,NaN,NaN,NaN,NaN,NaN,NaN,NaN,NaN,2.814438e-07,-6.583391e-07,-4.067122e-07,-2.79569e-05,-0.0001355361,-0.0004078169,-0.0006492254,-0.0008738301,-0.001055784,-0.001200618,-0.001311001,-0.001387566,-0.001430693,-0.001444244,-0.001429431,-0.001389073,-0.001324671,-0.001239855,-0.00113688,-0.001019711,-0.000889737,-0.0007513118,-0.0006074799,-0.0004612831,-0.0003127001,-0.0001786167,-5.272525e-05,-8.541268e-06,1.535299e-06,1.531494e-06,1.96475e-06,NaN,NaN,NaN,NaN,NaN,NaN,NaN,NaN,NaN,NaN,NaN,NaN,NaN,NaN,NaN,NaN,NaN,NaN,NaN,NaN,NaN,NaN,NaN,NaN,NaN,NaN,NaN,NaN,NaN,NaN,NaN,NaN,NaN,NaN,NaN,NaN,NaN,NaN,NaN,NaN,NaN,NaN,NaN,NaN,NaN,NaN,NaN,NaN,NaN,NaN,NaN,NaN,NaN,NaN,NaN,NaN,NaN,NaN,NaN,NaN,NaN,NaN,NaN,NaN,NaN
NaN,NaN,NaN,NaN,NaN,NaN,NaN,NaN,NaN,NaN,NaN,NaN,NaN,7.780264e-07,-5.930103e-07,-2.399588e-07,-1.061101e-05,-6.865975e-05,-0.0002360409,-0.0004514966,-0.0006424255,-0.0007979064,-0.000917286,-0.001003855,-0.001057286,-0.001081853,-0.0010784,-0.001049669,-0.0009972649,-0.0009247633,-0.0008346392,-0.0007311314,-0.0006154792,-0.0004923444,-0.0003633075,-0.0002334928,-0.0001102263,-2.839909e-05,-2.685827e-06,1.447037e-06,1.446913e-06,2.003009e-06,NaN,NaN,NaN,NaN,NaN,NaN,NaN,NaN,NaN,NaN,NaN,NaN,NaN,NaN,NaN,NaN,NaN,NaN,NaN,NaN,NaN,NaN,NaN,NaN,NaN,NaN,NaN,NaN,NaN,NaN,NaN,NaN,NaN,NaN,NaN,NaN,NaN,NaN,NaN,NaN,NaN,NaN,NaN,NaN,NaN,NaN,NaN,NaN,NaN,NaN,NaN,NaN,NaN,NaN,NaN,NaN,NaN,NaN,NaN,NaN,NaN,NaN,NaN,NaN,NaN,NaN
NaN,NaN,NaN,NaN,NaN,NaN,NaN,NaN,NaN,NaN,NaN,NaN,NaN,NaN,8.331032e-07,7.621428e-08,-6.534867e-07,-3.814423e-06,-3.263714e-05,-0.0001162232,-0.0002793918,-0.000433102,-0.0005621281,-0.0006592698,-0.0007218829,-0.0007564999,-0.0007635614,-0.0007458281,-0.0007047839,-0.0006441293,-0.0005663895,-0.0004761171,-0.0003731044,-0.0002636949,-0.0001550545,-5.841258e-05,-1.390987e-05,-3.130774e-07,1.177471e-06,1.569839e-06,1.938706e-06,NaN,NaN,NaN,NaN,NaN,NaN,NaN,NaN,NaN,NaN,NaN,NaN,NaN,NaN,NaN,NaN,NaN,NaN,NaN,NaN,NaN,NaN,NaN,NaN,NaN,NaN,NaN,NaN,NaN,NaN,NaN,NaN,NaN,NaN,NaN,NaN,NaN,NaN,NaN,NaN,NaN,NaN,NaN,NaN,NaN,NaN,NaN,NaN,NaN,NaN,NaN,NaN,NaN,NaN,NaN,NaN,NaN,NaN,NaN,NaN,NaN,NaN,NaN,NaN,NaN,NaN,NaN
NaN,NaN,NaN,NaN,NaN,NaN,NaN,NaN,NaN,NaN,NaN,NaN,NaN,NaN,NaN,4.979112e-07,6.60524e-07,-5.705837e-07,-1.888996e-06,-1.342929e-05,-5.47504e-05,-0.0001380927,-0.000253632,-0.0003522242,-0.0004223554,-0.0004667205,-0.0004839898,-0.000476436,-0.0004460029,-0.0003959591,-0.0003294429,-0.0002522036,-0.0001663619,-8.266092e-05,-2.919383e-05,-5.699792e-06,3.454115e-07,1.070454e-06,1.705385e-06,1.713671e-06,NaN,NaN,NaN,NaN,NaN,NaN,NaN,NaN,NaN,NaN,NaN,NaN,NaN,NaN,NaN,NaN,NaN,NaN,NaN,NaN,NaN,NaN,NaN,NaN,NaN,NaN,NaN,NaN,NaN,NaN,NaN,NaN,NaN,NaN,NaN,NaN,NaN,NaN,NaN,NaN,NaN,NaN,NaN,NaN,NaN,NaN,NaN,NaN,NaN,NaN,NaN,NaN,NaN,NaN,NaN,NaN,NaN,NaN,NaN,NaN,NaN,NaN,NaN,NaN,NaN,NaN,NaN,NaN
NaN,NaN,NaN,NaN,NaN,NaN,NaN,NaN,NaN,NaN,NaN,NaN,NaN,NaN,NaN,NaN,3.045207e-07,7.509703e-07,7.285919e-08,-1.336467e-06,-5.673371e-06,-2.25411e-05,-5.974053e-05,-0.0001145578,-0.0001731856,-0.0002186207,-0.0002420941,-0.0002429277,-0.0002228044,-0.0001848402,-0.0001341487,-8.100231e-05,-3.821675e-05,-1.266011e-05,-2.108947e-06,4.13927e-07,1.260838e-06,1.636801e-06,1.559799e-06,NaN,NaN,NaN,NaN,NaN,NaN,NaN,NaN,NaN,NaN,NaN,NaN,NaN,NaN,NaN,NaN,NaN,NaN,NaN,NaN,NaN,NaN,NaN,NaN,NaN,NaN,NaN,NaN,NaN,NaN,NaN,NaN,NaN,NaN,NaN,NaN,NaN,NaN,NaN,NaN,NaN,NaN,NaN,NaN,NaN,NaN,NaN,NaN,NaN,NaN,NaN,NaN,NaN,NaN,NaN,NaN,NaN,NaN,NaN,NaN,NaN,NaN,NaN,NaN,NaN,NaN,NaN,NaN,NaN
NaN,NaN,NaN,NaN,NaN,NaN,NaN,NaN,NaN,NaN,NaN,NaN,NaN,NaN,NaN,NaN,NaN,3.112662e-07,5.685885e-07,5.145875e-07,-6.385293e-07,-2.866876e-06,-8.873203e-06,-2.208553e-05,-4.145173e-05,-6.125434e-05,-7.53763e-05,-7.816956e-05,-6.927785e-05,-5.161839e-05,-3.162252e-05,-1.502981e-05,-5.001707e-06,-8.554191e-07,6.36879e-07,1.356195e-06,1.477885e-06,1.449983e-06,NaN,NaN,NaN,NaN,NaN,NaN,NaN,NaN,NaN,NaN,NaN,NaN,NaN,NaN,NaN,NaN,NaN,NaN,NaN,NaN,NaN,NaN,NaN,NaN,NaN,NaN,NaN,NaN,NaN,NaN,NaN,NaN,NaN,NaN,NaN,NaN,NaN,NaN,NaN,NaN,NaN,NaN,NaN,NaN,NaN,NaN,NaN,NaN,NaN,NaN,NaN,NaN,NaN,NaN,NaN,NaN,NaN,NaN,NaN,NaN,NaN,NaN,NaN,NaN,NaN,NaN,NaN,NaN,NaN,NaN
NaN,NaN,NaN,NaN,NaN,NaN,NaN,NaN,NaN,NaN,NaN,NaN,NaN,NaN,NaN,NaN,NaN,NaN,5.313017e-07,4.175481e-07,5.758142e-07,5.700647e-08,-1.339998e-06,-3.783731e-06,-7.625818e-06,-1.23792e-05,-1.635904e-05,-1.736969e-05,-1.490429e-05,-1.018313e-05,-5.421823e-06,-2.073823e-06,-1.300724e-07,8.878689e-07,1.297493e-06,1.29401e-06,1.458053e-06,NaN,NaN,NaN,NaN,NaN,NaN,NaN,NaN,NaN,NaN,NaN,NaN,NaN,NaN,NaN,NaN,NaN,NaN,NaN,NaN,NaN,NaN,NaN,NaN,NaN,NaN,NaN,NaN,NaN,NaN,NaN,NaN,NaN,NaN,NaN,NaN,NaN,NaN,NaN,NaN,NaN,NaN,NaN,NaN,NaN,NaN,NaN,NaN,NaN,NaN,NaN,NaN,NaN,NaN,NaN,NaN,NaN,NaN,NaN,NaN,NaN,NaN,NaN,NaN,NaN,NaN,NaN,NaN,NaN,NaN,NaN
NaN,NaN,NaN,NaN,NaN,NaN,NaN,NaN,NaN,NaN,NaN,NaN,NaN,NaN,NaN,NaN,NaN,NaN,NaN,6.408704e-07,5.008617e-07,4.287463e-07,3.171292e-07,-3.08566e-07,-1.35956e-06,-2.589747e-06,-3.534587e-06,-3.763099e-06,-3.092702e-06,-1.882623e-06,-5.932911e-07,3.691422e-07,9.229327e-07,1.083231e-06,1.224591e-06,1.376175e-06,NaN,NaN,NaN,NaN,NaN,NaN,NaN,NaN,NaN,NaN,NaN,NaN,NaN,NaN,NaN,NaN,NaN,NaN,NaN,NaN,NaN,NaN,NaN,NaN,NaN,NaN,NaN,NaN,NaN,NaN,NaN,NaN,NaN,NaN,NaN,NaN,NaN,NaN,NaN,NaN,NaN,NaN,NaN,NaN,NaN,NaN,NaN,NaN,NaN,NaN,NaN,NaN,NaN,NaN,NaN,NaN,NaN,NaN,NaN,NaN,NaN,NaN,NaN,NaN,NaN,NaN,NaN,NaN,NaN,NaN,NaN,NaN
NaN,NaN,NaN,NaN,NaN,NaN,NaN,NaN,NaN,NaN,NaN,NaN,NaN,NaN,NaN,NaN,NaN,NaN,NaN,4.519246e-07,5.981967e-07,5.716013e-07,4.488477e-07,2.763059e-07,7.157418e-08,-2.539033e-07,-5.112975e-07,-5.750026e-07,-3.248306e-07,6.364995e-08,4.703354e-07,7.264708e-07,9.419681e-07,1.093005e-06,1.190958e-06,1.18193e-06,NaN,NaN,NaN,NaN,NaN,NaN,NaN,NaN,NaN,NaN,NaN,NaN,NaN,NaN,NaN,NaN,NaN,NaN,NaN,NaN,NaN,NaN,NaN,NaN,NaN,NaN,NaN,NaN,NaN,NaN,NaN,NaN,NaN,NaN,NaN,NaN,NaN,NaN,NaN,NaN,NaN,NaN,NaN,NaN,NaN,NaN,NaN,NaN,NaN,NaN,NaN,NaN,NaN,NaN,NaN,NaN,NaN,NaN,NaN,NaN,NaN,NaN,NaN,NaN,NaN,NaN,NaN,NaN,NaN,NaN,NaN,NaN
NaN,NaN,NaN,NaN,NaN,NaN,NaN,NaN,NaN,NaN,NaN,NaN,NaN,NaN,NaN,NaN,NaN,NaN,NaN,NaN,4.029005e-07,4.03356e-07,4.855088e-07,4.292977e-07,3.1413e-07,1.623148e-07,8.646288e-08,7.440524e-08,1.948794e-07,3.58389e-07,5.691442e-07,7.219123e-07,8.264461e-07,8.304858e-07,8.9883e-07,NaN,NaN,NaN,NaN,NaN,NaN,NaN,NaN,NaN,NaN,NaN,NaN,NaN,NaN,NaN,NaN,NaN,NaN,NaN,NaN,NaN,NaN,NaN,NaN,NaN,NaN,NaN,NaN,NaN,NaN,NaN,NaN,NaN,NaN,NaN,NaN,NaN,NaN,NaN,NaN,NaN,NaN,NaN,NaN,NaN,NaN,NaN,NaN,NaN,NaN,NaN,NaN,NaN,NaN,NaN,NaN,NaN,NaN,NaN,NaN,NaN,NaN,NaN,NaN,NaN,NaN,NaN,NaN,NaN,NaN,NaN,NaN,NaN
NaN,NaN,NaN,NaN,NaN,NaN,NaN,NaN,NaN,NaN,NaN,NaN,NaN,NaN,NaN,NaN,NaN,NaN,NaN,NaN,NaN,2.753891e-07,2.62018e-07,2.424712e-07,2.380739e-07,2.040208e-07,1.875186e-07,1.860739e-07,2.399373e-07,3.014284e-07,3.749195e-07,4.159525e-07,4.69314e-07,5.101757e-07,NaN,NaN,NaN,NaN,NaN,NaN,NaN,NaN,NaN,NaN,NaN,NaN,NaN,NaN,NaN,NaN,NaN,NaN,NaN,NaN,NaN,NaN,NaN,NaN,NaN,NaN,NaN,NaN,NaN,NaN,NaN,NaN,NaN,NaN,NaN,NaN,NaN,NaN,NaN,NaN,NaN,NaN,NaN,NaN,NaN,NaN,NaN,NaN,NaN,NaN,NaN,NaN,NaN,NaN,NaN,NaN,NaN,NaN,NaN,NaN,NaN,NaN,NaN,NaN,NaN,NaN,NaN,NaN,NaN,NaN,NaN,NaN,NaN,NaN
NaN,NaN,NaN,NaN,NaN,NaN,NaN,NaN,NaN,NaN,NaN,NaN,NaN,NaN,NaN,NaN,NaN,NaN,NaN,NaN,NaN,3.686001e-08,1.186615e-07,1.191463e-07,8.268049e-08,4.384247e-08,3.891106e-08,3.650775e-08,5.636258e-08,7.631503e-08,1.21829e-07,1.579178e-07,1.676433e-07,1.248715e-07,NaN,NaN,NaN,NaN,NaN,NaN,NaN,NaN,NaN,NaN,NaN,NaN,NaN,NaN,NaN,NaN,NaN,NaN,NaN,NaN,NaN,NaN,NaN,NaN,NaN,NaN,NaN,NaN,NaN,NaN,NaN,NaN,NaN,NaN,NaN,NaN,NaN,NaN,NaN,NaN,NaN,NaN,NaN,NaN,NaN,NaN,NaN,NaN,NaN,NaN,NaN,NaN,NaN,NaN,NaN,NaN,NaN,NaN,NaN,NaN,NaN,NaN,NaN,NaN,NaN,NaN,NaN,NaN,NaN,NaN,NaN,NaN,NaN,NaN
NaN,NaN,NaN,NaN,NaN,NaN,NaN,NaN,NaN,NaN,NaN,NaN,NaN,NaN,NaN,NaN,NaN,NaN,NaN,NaN,NaN,0,0,0,0,0,0,0,0,0,0,0,0,0,NaN,NaN,NaN,NaN,NaN,NaN,NaN,NaN,NaN,NaN,NaN,NaN,NaN,NaN,NaN,NaN,NaN,NaN,NaN,NaN,NaN,NaN,NaN,NaN,NaN,NaN,NaN,NaN,NaN,NaN,NaN,NaN,NaN,NaN,NaN,NaN,NaN,NaN,NaN,NaN,NaN,NaN,NaN,NaN,NaN,NaN,NaN,NaN,NaN,NaN,NaN,NaN,NaN,NaN,NaN,NaN,NaN,NaN,NaN,NaN,NaN,NaN,NaN,NaN,NaN,NaN,NaN,NaN,NaN,NaN,NaN,NaN,NaN,NaN
