NaN,NaN,NaN,NaN,NaN,NaN,NaN,NaN,NaN,NaN,NaN,NaN,NaN,NaN,NaN,NaN,NaN,NaN,NaN,0,0,0,0,0,0,0,0,0,0,0,0,0,NaN,NaN,NaN,NaN,NaN,NaN,NaN,NaN,NaN,NaN,NaN,NaN,NaN,NaN,NaN,NaN,NaN,NaN,NaN,NaN,NaN,NaN,NaN,NaN,NaN,NaN,NaN,NaN,NaN,NaN,NaN,NaN,NaN,NaN,NaN,NaN,NaN,NaN,NaN,NaN,NaN,NaN,NaN,NaN,NaN,NaN,NaN,NaN,NaN,NaN,NaN,NaN,NaN,NaN,NaN,NaN,NaN,NaN,NaN,NaN,NaN,NaN,NaN,NaN,NaN,NaN,NaN,NaN
NaN,NaN,NaN,NaN,NaN,NaN,NaN,NaN,NaN,NaN,NaN,NaN,NaN,NaN,NaN,NaN,NaN,NaN,NaN,-1.704e-05,-1.748467e-05,-1.78335e-05,-1.810623e-05,-1.912256e-05,-1.971358e-05,-2.051719e-05,-2.070788e-05,-2.115304e-05,-2.12394e-05,-2.212858e-05,-2.303558e-05,-2.396322e-05,NaN,NaN,NaN,NaN,NaN,NaN,NaN,NaN,NaN,NaN,NaN,NaN,NaN,NaN,NaN,NaN,NaN,NaN,NaN,NaN,NaN,NaN,NaN,NaN,NaN,NaN,NaN,NaN,NaN,NaN,NaN,NaN,NaN,NaN,NaN,NaN,NaN,NaN,NaN,NaN,NaN,NaN,NaN,NaN,NaN,NaN,NaN,NaN,NaN,NaN,NaN,NaN,NaN,NaN,NaN,NaN,NaN,NaN,NaN,NaN,NaN,NaN,NaN,NaN,NaN,NaN,NaN,NaN
NaN,NaN,NaN,NaN,NaN,NaN,NaN,NaN,NaN,NaN,NaN,NaN,NaN,NaN,NaN,NaN,NaN,NaN,NaN,-6.117417e-05,-6.231076e-05,-6.395713e-05,-6.598218e-05,-6.859054e-05,-7.122073e-05,-7.344921e-05,-7.475743e-05,-7.583573e-05,-7.711822e-05,-7.941119e-05,-8.227514e-05,-8.588906e-05,NaN,NaN,NaN,NaN,NaN,NaN,NaN,NaN,NaN,NaN,NaN,NaN,NaN,NaN,NaN,NaN,NaN,NaN,NaN,NaN,NaN,NaN,NaN,NaN,NaN,NaN,NaN,NaN,NaN,NaN,NaN,NaN,NaN,NaN,NaN,NaN,NaN,NaN,NaN,NaN,NaN,NaN,NaN,NaN,NaN,NaN,NaN,NaN,NaN,NaN,NaN,NaN,NaN,NaN,NaN,NaN,NaN,NaN,NaN,NaN,NaN,NaN,NaN,NaN,NaN,NaN,NaN,NaN
NaN,NaN,NaN,NaN,NaN,NaN,NaN,NaN,NaN,NaN,NaN,NaN,NaN,NaN,NaN,NaN,NaN,NaN,NaN,-0.0001156315,-0.0001185991,-0.0001214251,-0.0001258414,-0.0001315961,-0.0001374516,-0.000141817,-0.0001440814,-0.0001452324,-0.0001468519,-0.0001506411,-0.0001562839,-0.0001624643,NaN,NaN,NaN,NaN,NaN,NaN,NaN,NaN,NaN,NaN,NaN,NaN,NaN,NaN,NaN,NaN,NaN,NaN,NaN,NaN,NaN,NaN,NaN,NaN,NaN,NaN,NaN,NaN,NaN,NaN,NaN,NaN,NaN,NaN,NaN,NaN,NaN,NaN,NaN,NaN,NaN,NaN,NaN,NaN,NaN,NaN,NaN,NaN,NaN,NaN,NaN,NaN,NaN,NaN,NaN,NaN,NaN,NaN,NaN,NaN,NaN,NaN,NaN,NaN,NaN,NaN,NaN,NaN
NaN,NaN,NaN,NaN,NaN,NaN,NaN,NaN,NaN,NaN,NaN,NaN,NaN,NaN,NaN,NaN,NaN,NaN,-0.0001606866,-0.0001653409,-0.0001687886,-0.0001747504,-0.0001825153,-0.0001928714,-0.0002027855,-0.0002100073,-0.0002120428,-0.0002119852,-0.0002121536,-0.0002161156,-0.0002224387,-0.0002318122,-0.0002406299,NaN,NaN,NaN,NaN,NaN,NaN,NaN,NaN,NaN,NaN,NaN,NaN,NaN,NaN,NaN,NaN,NaN,NaN,NaN,NaN,NaN,NaN,NaN,NaN,NaN,NaN,NaN,NaN,NaN,NaN,NaN,NaN,NaN,NaN,NaN,NaN,NaN,NaN,NaN,NaN,NaN,NaN,NaN,NaN,NaN,NaN,NaN,NaN,NaN,NaN,NaN,NaN,NaN,NaN,NaN,NaN,NaN,NaN,NaN,NaN,NaN,NaN,NaN,NaN,NaN,NaN,NaN
NaN,NaN,NaN,NaN,NaN,NaN,NaN,NaN,NaN,NaN,NaN,NaN,NaN,NaN,NaN,NaN,NaN,NaN,-0.0001953493,-0.0002001064,-0.0002071437,-0.0002154217,-0.0002302425,-0.0002489889,-0.0002677115,-0.0002780543,-0.000278371,-0.0002713963,-0.0002654377,-0.000265161,-0.0002716869,-0.0002806435,-0.0002920092,NaN,NaN,NaN,NaN,NaN,NaN,NaN,NaN,NaN,NaN,NaN,NaN,NaN,NaN,NaN,NaN,NaN,NaN,NaN,NaN,NaN,NaN,NaN,NaN,NaN,NaN,NaN,NaN,NaN,NaN,NaN,NaN,NaN,NaN,NaN,NaN,NaN,NaN,NaN,NaN,NaN,NaN,NaN,NaN,NaN,NaN,NaN,NaN,NaN,NaN,NaN,NaN,NaN,NaN,NaN,NaN,NaN,NaN,NaN,NaN,NaN,NaN,NaN,NaN,NaN,NaN,NaN
NaN,NaN,NaN,NaN,NaN,NaN,NaN,NaN,NaN,NaN,NaN,NaN,NaN,NaN,NaN,NaN,NaN,-0.0002081879,-0.0002150566,-0.0002231986,-0.0002316851,-0.0002506044,-0.000279613,-0.0003192641,-0.0003555426,-0.0003743196,-0.0003658033,-0.0003417429,-0.0003164643,-0.0003040182,-0.0003023709,-0.0003114053,-0.0003215582,-0.0003323806,NaN,NaN,NaN,NaN,NaN,NaN,NaN,NaN,NaN,NaN,NaN,NaN,NaN,NaN,NaN,NaN,NaN,NaN,NaN,NaN,NaN,NaN,NaN,NaN,NaN,NaN,NaN,NaN,NaN,NaN,NaN,NaN,NaN,NaN,NaN,NaN,NaN,NaN,NaN,NaN,NaN,NaN,NaN,NaN,NaN,NaN,NaN,NaN,NaN,NaN,NaN,NaN,NaN,NaN,NaN,NaN,NaN,NaN,NaN,NaN,NaN,NaN,NaN,NaN,NaN,NaN
NaN,NaN,NaN,NaN,NaN,NaN,NaN,NaN,NaN,NaN,NaN,NaN,NaN,NaN,NaN,NaN,NaN,-0.0002174814,-0.0002270141,-0.0002363173,-0.000258201,-0.0002975859,-0.0003714887,-0.0004689423,-0.0005593279,-0.0005965334,-0.0005653391,-0.0004858052,-0.0004041721,-0.0003499532,-0.0003298204,-0.000328001,-0.0003378475,-0.000347277,NaN,NaN,NaN,NaN,NaN,NaN,NaN,NaN,NaN,NaN,NaN,NaN,NaN,NaN,NaN,NaN,NaN,NaN,NaN,NaN,NaN,NaN,NaN,NaN,NaN,NaN,NaN,NaN,NaN,NaN,NaN,NaN,NaN,NaN,NaN,NaN,NaN,NaN,NaN,NaN,NaN,NaN,NaN,NaN,NaN,NaN,NaN,NaN,NaN,NaN,NaN,NaN,NaN,NaN,NaN,NaN,NaN,NaN,NaN,NaN,NaN,NaN,NaN,NaN,NaN,NaN
NaN,NaN,NaN,NaN,NaN,NaN,NaN,NaN,NaN,NaN,NaN,NaN,NaN,NaN,NaN,NaN,-0.0002119956,-0.000223157,-0.0002339617,-0.0002573564,-0.0003076647,-0.0004289317,-0.0006391486,-0.0009172005,-0.00115933,-0.001253076,-0.001149691,-0.0009115103,-0.0006529719,-0.0004697466,-0.0003750868,-0.0003479615,-0.0003462353,-0.0003550125,-0.0003622336,NaN,NaN,NaN,NaN,NaN,NaN,NaN,NaN,NaN,NaN,NaN,NaN,NaN,NaN,NaN,NaN,NaN,NaN,NaN,NaN,NaN,NaN,NaN,NaN,NaN,NaN,NaN,NaN,NaN,NaN,NaN,NaN,NaN,NaN,NaN,NaN,NaN,NaN,NaN,NaN,NaN,NaN,NaN,NaN,NaN,NaN,NaN,NaN,NaN,NaN,NaN,NaN,NaN,NaN,NaN,NaN,NaN,NaN,NaN,NaN,NaN,NaN,NaN,NaN,NaN
NaN,NaN,NaN,NaN,NaN,NaN,NaN,NaN,NaN,NaN,NaN,NaN,NaN,NaN,NaN,-0.0002012952,-0.0002145095,-0.0002272824,-0.0002511198,-0.0003117243,-0.000488058,-0.0008782163,-0.001541449,-0.002315367,-0.002918092,-0.003116954,-0.002855806,-0.002229413,-0.00148279,-0.0008730292,-0.0005333514,-0.0003950824,-0.0003612313,-0.0003594904,-0.00036579,-0.0003693064,NaN,NaN,NaN,NaN,NaN,NaN,NaN,NaN,NaN,NaN,NaN,NaN,NaN,NaN,NaN,NaN,NaN,NaN,NaN,NaN,NaN,NaN,NaN,NaN,NaN,NaN,NaN,NaN,NaN,NaN,NaN,NaN,NaN,NaN,NaN,NaN,NaN,NaN,NaN,NaN,NaN,NaN,NaN,NaN,NaN,NaN,NaN,NaN,NaN,NaN,NaN,NaN,NaN,NaN,NaN,NaN,NaN,NaN,NaN,NaN,NaN,NaN,NaN,NaN
NaN,NaN,NaN,NaN,NaN,NaN,NaN,NaN,NaN,NaN,NaN,NaN,NaN,NaN,NaN,-0.0002024868,-0.0002179272,-0.0002415074,-0.0003099556,-0.0005423261,-0.001185815,-0.002467804,-0.004150823,-0.00569248,-0.006668488,-0.006933115,-0.006475964,-0.005383169,-0.003849444,-0.002277933,-0.001139188,-0.000590922,-0.0004099166,-0.0003714687,-0.0003692494,-0.0003714273,NaN,NaN,NaN,NaN,NaN,NaN,NaN,NaN,NaN,NaN,NaN,NaN,NaN,NaN,NaN,NaN,NaN,NaN,NaN,NaN,NaN,NaN,NaN,NaN,NaN,NaN,NaN,NaN,NaN,NaN,NaN,NaN,NaN,NaN,NaN,NaN,NaN,NaN,NaN,NaN,NaN,NaN,NaN,NaN,NaN,NaN,NaN,NaN,NaN,NaN,NaN,NaN,NaN,NaN,NaN,NaN,NaN,NaN,NaN,NaN,NaN,NaN,NaN,NaN
NaN,NaN,NaN,NaN,NaN,NaN,NaN,NaN,NaN,NaN,NaN,NaN,NaN,NaN,-0.0001873379,-0.0002058863,-0.0002291531,-0.0003019256,-0.0005849535,-0.001538391,-0.003632501,-0.006444777,-0.009001087,-0.01079198,-0.01175448,-0.01191747,-0.01134464,-0.01007255,-0.008158962,-0.005719894,-0.003212821,-0.001422076,-0.0006351036,-0.0004196317,-0.0003786685,-0.0003754428,-0.0003714292,NaN,NaN,NaN,NaN,NaN,NaN,NaN,NaN,NaN,NaN,NaN,NaN,NaN,NaN,NaN,NaN,NaN,NaN,NaN,NaN,NaN,NaN,NaN,NaN,NaN,NaN,NaN,NaN,NaN,NaN,NaN,NaN,NaN,NaN,NaN,NaN,NaN,NaN,NaN,NaN,NaN,NaN,NaN,NaN,NaN,NaN,NaN,NaN,NaN,NaN,NaN,NaN,NaN,NaN,NaN,NaN,NaN,NaN,NaN,NaN,NaN,NaN,NaN
NaN,NaN,NaN,NaN,NaN,NaN,NaN,NaN,NaN,NaN,NaN,NaN,NaN,-0.0001694915,-0.0001917646,-0.0002140331,-0.0002890408,-0.000610128,-0.00189734,-0.004919294,-0.00883207,-0.01223538,-0.01470357,-0.01627122,-0.01700217,-0.01699886,-0.01630918,-0.01499839,-0.01307104,-0.01055232,-0.007459187,-0.004145118,-0.001682261,-0.0006627602,-0.0004245919,-0.0003830268,-0.0003766971,-0.0003659491,NaN,NaN,NaN,NaN,NaN,NaN,NaN,NaN,NaN,NaN,NaN,NaN,NaN,NaN,NaN,NaN,NaN,NaN,NaN,NaN,NaN,NaN,NaN,NaN,NaN,NaN,NaN,NaN,NaN,NaN,NaN,NaN,NaN,NaN,NaN,NaN,NaN,NaN,NaN,NaN,NaN,NaN,NaN,NaN,NaN,NaN,NaN,NaN,NaN,NaN,NaN,NaN,NaN,NaN,NaN,NaN,NaN,NaN,NaN,NaN,NaN,NaN
NaN,NaN,NaN,NaN,NaN,NaN,NaN,NaN,NaN,NaN,NaN,NaN,NaN,-0.0001752691,-0.0001960229,-0.0002711735,-0.0006147571,-0.002223528,-0.006200085,-0.01106834,-0.01519573,-0.01825632,-0.02036179,-0.02158999,-0.02206374,-0.02184301,-0.0210243,-0.01963691,-0.01773803,-0.01531456,-0.01236588,-0.008834153,-0.004953118,-0.00188637,-0.0006704233,-0.0004262648,-0.0003818934,-0.0003729628,NaN,NaN,NaN,NaN,NaN,NaN,NaN,NaN,NaN,NaN,NaN,NaN,NaN,NaN,NaN,NaN,NaN,NaN,NaN,NaN,NaN,NaN,NaN,NaN,NaN,NaN,NaN,NaN,NaN,NaN,NaN,NaN,NaN,NaN,NaN,NaN,NaN,NaN,NaN,NaN,NaN,NaN,NaN,NaN,NaN,NaN,NaN,NaN,NaN,NaN,NaN,NaN,NaN,NaN,NaN,NaN,NaN,NaN,NaN,NaN,NaN,NaN
NaN,NaN,NaN,NaN,NaN,NaN,NaN,NaN,NaN,NaN,NaN,NaN,-0.0001569307,-0.0001759596,-0.0002496962,-0.0005990819,-0.002487365,-0.007380227,-0.01307504,-0.01785476,-0.0214726,-0.02408476,-0.0257627,-0.02664448,-0.0268025,-0.02635535,-0.02535186,-0.02387813,-0.02194813,-0.01960631,-0.01681947,-0.01358326,-0.009782617,-0.005551266,-0.002010424,-0.0006603241,-0.0004206217,-0.0003766682,-0.0003646545,NaN,NaN,NaN,NaN,NaN,NaN,NaN,NaN,NaN,NaN,NaN,NaN,NaN,NaN,NaN,NaN,NaN,NaN,NaN,NaN,NaN,NaN,NaN,NaN,NaN,NaN,NaN,NaN,NaN,NaN,NaN,NaN,NaN,NaN,NaN,NaN,NaN,NaN,NaN,NaN,NaN,NaN,NaN,NaN,NaN,NaN,NaN,NaN,NaN,NaN,NaN,NaN,NaN,NaN,NaN,NaN,NaN,NaN,NaN,NaN,NaN
NaN,NaN,NaN,NaN,NaN,NaN,NaN,NaN,NaN,NaN,NaN,-0.0001360022,-0.000153589,-0.0002256127,-0.0005658033,-0.002674964,-0.008402006,-0.01483886,-0.02022631,-0.0243894,-0.02748432,-0.02957894,-0.03082516,-0.03130268,-0.03114381,-0.03041202,-0.02921528,-0.02759093,-0.02561359,-0.02328705,-0.02064102,-0.01762766,-0.01422532,-0.01030558,-0.005897405,-0.002042403,-0.0006352814,-0.0004125233,-0.0003667424,-0.0003492152,NaN,NaN,NaN,NaN,NaN,NaN,NaN,NaN,NaN,NaN,NaN,NaN,NaN,NaN,NaN,NaN,NaN,NaN,NaN,NaN,NaN,NaN,NaN,NaN,NaN,NaN,NaN,NaN,NaN,NaN,NaN,NaN,NaN,NaN,NaN,NaN,NaN,NaN,NaN,NaN,NaN,NaN,NaN,NaN,NaN,NaN,NaN,NaN,NaN,NaN,NaN,NaN,NaN,NaN,NaN,NaN,NaN,NaN,NaN,NaN
NaN,NaN,NaN,NaN,NaN,NaN,NaN,NaN,NaN,NaN,-0.0001137056,-0.000128897,-0.0001999168,-0.0005183348,-0.002782462,-0.009246097,-0.01636509,-0.0223292,-0.02702983,-0.03059229,-0.03308794,-0.0346766,-0.03543738,-0.03551406,-0.03498114,-0.03396236,-0.03251144,-0.03072517,-0.02863095,-0.02629169,-0.02370064,-0.02088107,-0.01776903,-0.01432377,-0.01041888,-0.005998055,-0.002013644,-0.0006002098,-0.0003991528,-0.0003504315,-0.0003292887,NaN,NaN,NaN,NaN,NaN,NaN,NaN,NaN,NaN,NaN,NaN,NaN,NaN,NaN,NaN,NaN,NaN,NaN,NaN,NaN,NaN,NaN,NaN,NaN,NaN,NaN,NaN,NaN,NaN,NaN,NaN,NaN,NaN,NaN,NaN,NaN,NaN,NaN,NaN,NaN,NaN,NaN,NaN,NaN,NaN,NaN,NaN,NaN,NaN,NaN,NaN,NaN,NaN,NaN,NaN,NaN,NaN,NaN,NaN
NaN,NaN,NaN,NaN,NaN,NaN,NaN,NaN,NaN,-8.952233e-05,-0.0001019459,-0.0001723092,-0.000460094,-0.002805269,-0.009905439,-0.0176575,-0.02417617,-0.02940349,-0.03342563,-0.03632171,-0.03824252,-0.03926978,-0.03955685,-0.03918391,-0.03828423,-0.03692285,-0.03521235,-0.03319741,-0.03096483,-0.02853539,-0.02596323,-0.02323222,-0.02035588,-0.01726751,-0.01390483,-0.01014749,-0.005851369,-0.001893113,-0.0005534543,-0.0003795679,-0.0003283962,-0.0003018292,NaN,NaN,NaN,NaN,NaN,NaN,NaN,NaN,NaN,NaN,NaN,NaN,NaN,NaN,NaN,NaN,NaN,NaN,NaN,NaN,NaN,NaN,NaN,NaN,NaN,NaN,NaN,NaN,NaN,NaN,NaN,NaN,NaN,NaN,NaN,NaN,NaN,NaN,NaN,NaN,NaN,NaN,NaN,NaN,NaN,NaN,NaN,NaN,NaN,NaN,NaN,NaN,NaN,NaN,NaN,NaN,NaN,NaN
NaN,NaN,NaN,NaN,NaN,NaN,NaN,NaN,NaN,-7.366653e-05,-0.000143577,-0.0003966873,-0.002761011,-0.01039172,-0.01872231,-0.02577094,-0.03151515,-0.03599171,-0.03929401,-0.04154814,-0.04284475,-0.04333835,-0.04311216,-0.04230447,-0.04099092,-0.0392915,-0.03726492,-0.03501054,-0.03256919,-0.03001547,-0.02736877,-0.02467545,-0.02191779,-0.01909305,-0.0161483,-0.01298516,-0.009494761,-0.005479199,-0.001716939,-0.0005016996,-0.0003568558,-0.0003003778,NaN,NaN,NaN,NaN,NaN,NaN,NaN,NaN,NaN,NaN,NaN,NaN,NaN,NaN,NaN,NaN,NaN,NaN,NaN,NaN,NaN,NaN,NaN,NaN,NaN,NaN,NaN,NaN,NaN,NaN,NaN,NaN,NaN,NaN,NaN,NaN,NaN,NaN,NaN,NaN,NaN,NaN,NaN,NaN,NaN,NaN,NaN,NaN,NaN,NaN,NaN,NaN,NaN,NaN,NaN,NaN,NaN,NaN
NaN,NaN,NaN,NaN,NaN,NaN,NaN,NaN,-4.371299e-05,-0.0001142554,-0.0003307679,-0.002666571,-0.01072214,-0.01956911,-0.02711319,-0.0333577,-0.03828578,-0.04200061,-0.04459785,-0.0461802,-0.046891,-0.04681817,-0.04610431,-0.0448303,-0.04311902,-0.04103802,-0.0386944,-0.03614151,-0.03346869,-0.03071529,-0.02794907,-0.02518647,-0.02246929,-0.01978463,-0.01711667,-0.01441939,-0.01157457,-0.008487157,-0.00490064,-0.001495679,-0.0004467363,-0.0003231044,-0.0002650869,NaN,NaN,NaN,NaN,NaN,NaN,NaN,NaN,NaN,NaN,NaN,NaN,NaN,NaN,NaN,NaN,NaN,NaN,NaN,NaN,NaN,NaN,NaN,NaN,NaN,NaN,NaN,NaN,NaN,NaN,NaN,NaN,NaN,NaN,NaN,NaN,NaN,NaN,NaN,NaN,NaN,NaN,NaN,NaN,NaN,NaN,NaN,NaN,NaN,NaN,NaN,NaN,NaN,NaN,NaN,NaN,NaN
NaN,NaN,NaN,NaN,NaN,NaN,NaN,-1.307448e-05,-8.412347e-05,-0.0002666203,-0.002540532,-0.01091961,-0.02020676,-0.02820359,-0.03492396,-0.04029541,-0.0444281,-0.04738179,-0.04927251,-0.05022185,-0.05032787,-0.0497302,-0.04851225,-0.04679687,-0.04465978,-0.04220868,-0.03950679,-0.03664776,-0.03368494,-0.03069623,-0.02772491,-0.02483278,-0.02204218,-0.01938355,-0.01686254,-0.01444108,-0.012097,-0.009687958,-0.007131249,-0.004122262,-0.001235458,-0.0003867179,-0.0002860897,-0.0002280307,NaN,NaN,NaN,NaN,NaN,NaN,NaN,NaN,NaN,NaN,NaN,NaN,NaN,NaN,NaN,NaN,NaN,NaN,NaN,NaN,NaN,NaN,NaN,NaN,NaN,NaN,NaN,NaN,NaN,NaN,NaN,NaN,NaN,NaN,NaN,NaN,NaN,NaN,NaN,NaN,NaN,NaN,NaN,NaN,NaN,NaN,NaN,NaN,NaN,NaN,NaN,NaN,NaN,NaN,NaN,NaN
NaN,NaN,NaN,NaN,NaN,NaN,1.848489e-05,-5.317273e-05,-0.0002041907,-0.00239474,-0.01099794,-0.02064184,-0.02903446,-0.03619984,-0.04199893,-0.04655042,-0.04987248,-0.05209561,-0.05331111,-0.05363325,-0.05318608,-0.05205918,-0.05037345,-0.04820966,-0.04567103,-0.0428277,-0.03977268,-0.03656779,-0.033296,-0.03001388,-0.02679283,-0.02367849,-0.02073071,-0.01798247,-0.01545531,-0.013172,-0.01108573,-0.009189383,-0.007327163,-0.005429859,-0.003182993,-0.0009829395,-0.0003292451,-0.000242107,-0.0001820909,NaN,NaN,NaN,NaN,NaN,NaN,NaN,NaN,NaN,NaN,NaN,NaN,NaN,NaN,NaN,NaN,NaN,NaN,NaN,NaN,NaN,NaN,NaN,NaN,NaN,NaN,NaN,NaN,NaN,NaN,NaN,NaN,NaN,NaN,NaN,NaN,NaN,NaN,NaN,NaN,NaN,NaN,NaN,NaN,NaN,NaN,NaN,NaN,NaN,NaN,NaN,NaN,NaN,NaN,NaN
NaN,NaN,NaN,NaN,NaN,4.889632e-05,-2.165235e-05,-0.000148057,-0.002253948,-0.01098458,-0.02088253,-0.02960118,-0.03716811,-0.04337232,-0.04833629,-0.05203469,-0.0546103,-0.056122,-0.05670023,-0.0564459,-0.05545937,-0.05385454,-0.05171297,-0.04913352,-0.04619124,-0.04297475,-0.03955024,-0.03599944,-0.03238459,-0.02878056,-0.02524781,-0.02185702,-0.01865911,-0.01571042,-0.01306086,-0.01072423,-0.008744074,-0.007068186,-0.005704415,-0.004500014,-0.003386481,-0.002032102,-0.000671129,-0.0002614466,-0.0001903066,-0.0001350378,NaN,NaN,NaN,NaN,NaN,NaN,NaN,NaN,NaN,NaN,NaN,NaN,NaN,NaN,NaN,NaN,NaN,NaN,NaN,NaN,NaN,NaN,NaN,NaN,NaN,NaN,NaN,NaN,NaN,NaN,NaN,NaN,NaN,NaN,NaN,NaN,NaN,NaN,NaN,NaN,NaN,NaN,NaN,NaN,NaN,NaN,NaN,NaN,NaN,NaN,NaN,NaN,NaN,NaN
NaN,NaN,NaN,NaN,7.910708e-05,9.992436e-06,-9.663764e-05,-0.0021276,-0.01089169,-0.02093755,-0.02989838,-0.03780859,-0.044383,-0.04974526,-0.05381964,-0.05676264,-0.05859599,-0.05946904,-0.05945144,-0.05866218,-0.05719517,-0.05513874,-0.05258399,-0.04961089,-0.0462965,-0.04271306,-0.03893337,-0.03502592,-0.03106059,-0.0271069,-0.02323177,-0.01950229,-0.01598631,-0.01275026,-0.009841229,-0.007333929,-0.005233662,-0.003609506,-0.002403854,-0.001650458,-0.001185877,-0.0009724337,-0.0007024692,-0.0003485998,-0.0001941997,-0.0001336414,-8.259692e-05,NaN,NaN,NaN,NaN,NaN,NaN,NaN,NaN,NaN,NaN,NaN,NaN,NaN,NaN,NaN,NaN,NaN,NaN,NaN,NaN,NaN,NaN,NaN,NaN,NaN,NaN,NaN,NaN,NaN,NaN,NaN,NaN,NaN,NaN,NaN,NaN,NaN,NaN,NaN,NaN,NaN,NaN,NaN,NaN,NaN,NaN,NaN,NaN,NaN,NaN,NaN,NaN,NaN
NaN,NaN,NaN,0.0001067623,3.989705e-05,-5.249588e-05,-0.002026261,-0.01073598,-0.02081273,-0.02992438,-0.03810904,-0.04500458,-0.05073756,-0.05517769,-0.05849319,-0.06066677,-0.0618655,-0.06212652,-0.06158824,-0.06031821,-0.05841663,-0.05596308,-0.05303762,-0.04970806,-0.04605009,-0.04212682,-0.03800801,-0.03375636,-0.02944161,-0.02512685,-0.02088541,-0.01678574,-0.0128987,-0.009292,-0.00604709,-0.00320888,-0.0008705594,0.0009586998,0.002193773,0.002879614,0.002973677,0.002599846,0.001800791,0.000853961,1.745469e-05,-0.0001197885,-6.772998e-05,-2.840182e-05,NaN,NaN,NaN,NaN,NaN,NaN,NaN,NaN,NaN,NaN,NaN,NaN,NaN,NaN,NaN,NaN,NaN,NaN,NaN,NaN,NaN,NaN,NaN,NaN,NaN,NaN,NaN,NaN,NaN,NaN,NaN,NaN,NaN,NaN,NaN,NaN,NaN,NaN,NaN,NaN,NaN,NaN,NaN,NaN,NaN,NaN,NaN,NaN,NaN,NaN,NaN,NaN
NaN,NaN,0.0001337523,6.857859e-05,-1.554113e-05,-0.001952461,-0.01052232,-0.02051489,-0.02967777,-0.0380564,-0.04521255,-0.05127413,-0.05605525,-0.05973601,-0.06225606,-0.06380112,-0.06437305,-0.06413181,-0.06311274,-0.06143534,-0.0591566,-0.05636214,-0.05310915,-0.04947625,-0.04551155,-0.04128795,-0.0368555,-0.03228574,-0.02763219,-0.02297031,-0.01835786,-0.01387156,-0.009580435,-0.005566305,-0.001891804,0.001342032,0.004092757,0.00624699,0.00778994,0.008617071,0.00875664,0.008142238,0.006868815,0.004972433,0.002650547,0.0004472474,-3.64134e-05,6.636448e-06,2.697667e-05,NaN,NaN,NaN,NaN,NaN,NaN,NaN,NaN,NaN,NaN,NaN,NaN,NaN,NaN,NaN,NaN,NaN,NaN,NaN,NaN,NaN,NaN,NaN,NaN,NaN,NaN,NaN,NaN,NaN,NaN,NaN,NaN,NaN,NaN,NaN,NaN,NaN,NaN,NaN,NaN,NaN,NaN,NaN,NaN,NaN,NaN,NaN,NaN,NaN,NaN,NaN
NaN,0.0001579195,9.662957e-05,1.190687e-05,-0.0019136,-0.01025856,-0.02006093,-0.02917132,-0.0376549,-0.04499687,-0.0513315,-0.05641227,-0.06043481,-0.06329148,-0.06518858,-0.06608967,-0.06617744,-0.06545291,-0.06405798,-0.06201993,-0.05943734,-0.05635245,-0.05284331,-0.04894542,-0.04473395,-0.04024595,-0.03555156,-0.03069367,-0.02574315,-0.02074966,-0.01578875,-0.01092315,-0.006227289,-0.001773954,0.002347484,0.006071868,0.009288494,0.01194392,0.01391771,0.01517112,0.01559432,0.01517042,0.0138382,0.01161601,0.008565911,0.004741217,0.0009824693,6.220608e-05,8.728739e-05,8.140448e-05,NaN,NaN,NaN,NaN,NaN,NaN,NaN,NaN,NaN,NaN,NaN,NaN,NaN,NaN,NaN,NaN,NaN,NaN,NaN,NaN,NaN,NaN,NaN,NaN,NaN,NaN,NaN,NaN,NaN,NaN,NaN,NaN,NaN,NaN,NaN,NaN,NaN,NaN,NaN,NaN,NaN,NaN,NaN,NaN,NaN,NaN,NaN,NaN,NaN,NaN
0.0001772024,0.0001239438,2.507385e-05,-0.001946596,-0.009981391,-0.01948261,-0.02843392,-0.03692323,-0.04436432,-0.05089947,-0.05622191,-0.06054348,-0.06370794,-0.06594309,-0.06717255,-0.06760237,-0.06719863,-0.06612664,-0.06438089,-0.06207903,-0.05924003,-0.0559451,-0.05221938,-0.04813725,-0.04372134,-0.03903988,-0.03412449,-0.02904085,-0.02383078,-0.01856219,-0.01328797,-0.008075147,-0.002997029,0.001875945,0.006465015,0.01067913,0.01444228,0.01764468,0.02020961,0.02202112,0.02299947,0.02304352,0.02207004,0.02003735,0.01685391,0.01262979,0.007196343,0.001715623,0.0001884689,0.0001723981,0.000136313,NaN,NaN,NaN,NaN,NaN,NaN,NaN,NaN,NaN,NaN,NaN,NaN,NaN,NaN,NaN,NaN,NaN,NaN,NaN,NaN,NaN,NaN,NaN,NaN,NaN,NaN,NaN,NaN,NaN,NaN,NaN,NaN,NaN,NaN,NaN,NaN,NaN,NaN,NaN,NaN,NaN,NaN,NaN,NaN,NaN,NaN,NaN,NaN,NaN
0.0001652353,1.829819e-05,-0.002094416,-0.009738088,-0.01884198,-0.02753224,-0.03591628,-0.04335705,-0.05000312,-0.05549119,-0.06004822,-0.06347017,-0.066006,-0.06753984,-0.06830069,-0.06822085,-0.067488,-0.06606512,-0.06409025,-0.06155493,-0.05854965,-0.05508739,-0.05123663,-0.04701064,-0.0424739,-0.03764885,-0.03259234,-0.02733977,-0.02194517,-0.01645758,-0.01093143,-0.005436613,-2.083934e-05,0.005225924,0.01024552,0.01494284,0.01924027,0.02303481,0.02623621,0.02872446,0.03040902,0.03114366,0.03086277,0.02938068,0.02670807,0.02259053,0.01722682,0.01014058,0.002815391,0.0003638033,0.0002503738,0.0001996905,NaN,NaN,NaN,NaN,NaN,NaN,NaN,NaN,NaN,NaN,NaN,NaN,NaN,NaN,NaN,NaN,NaN,NaN,NaN,NaN,NaN,NaN,NaN,NaN,NaN,NaN,NaN,NaN,NaN,NaN,NaN,NaN,NaN,NaN,NaN,NaN,NaN,NaN,NaN,NaN,NaN,NaN,NaN,NaN,NaN,NaN,NaN,0.0001915764
-1.098516e-05,-0.002441792,-0.009616449,-0.0182102,-0.02654824,-0.03471529,-0.04205091,-0.04869993,-0.05426266,-0.05896764,-0.06257649,-0.06534793,-0.06713794,-0.06818876,-0.06840929,-0.06800049,-0.06690434,-0.06527112,-0.063072,-0.06040469,-0.05727071,-0.0537287,-0.04979364,-0.04551586,-0.04091501,-0.03603227,-0.03090364,-0.02556342,-0.02006467,-0.01443837,-0.008755412,-0.003038852,0.002611573,0.008177333,0.01354336,0.01867752,0.02345418,0.02782751,0.03165041,0.03487158,0.03730842,0.03891764,0.03946272,0.03893825,0.03702623,0.03381864,0.02885837,0.02245886,0.01378568,0.004573775,0.0006281479,0.0003103953,0.0002896074,NaN,NaN,NaN,NaN,NaN,NaN,NaN,NaN,NaN,NaN,NaN,NaN,NaN,NaN,NaN,NaN,NaN,NaN,NaN,NaN,NaN,NaN,NaN,NaN,NaN,NaN,NaN,NaN,NaN,NaN,NaN,NaN,NaN,NaN,NaN,NaN,NaN,NaN,NaN,NaN,NaN,NaN,NaN,NaN,NaN,0.0001867346,0.0002003776
-0.003018374,-0.009736341,-0.01766138,-0.02559779,-0.03341752,-0.04056825,-0.04708928,-0.0526373,-0.05737164,-0.06108645,-0.06399357,-0.06597281,-0.06723448,-0.06770679,-0.06756718,-0.06677277,-0.06545503,-0.06359481,-0.06127393,-0.05850144,-0.05531311,-0.05174197,-0.04780389,-0.0435347,-0.0389476,-0.03409069,-0.02896872,-0.02364556,-0.01812095,-0.01247493,-0.006704214,-0.0009127222,0.00491486,0.01065044,0.01630416,0.0217379,0.02694694,0.03177707,0.03621356,0.0400708,0.04333156,0.04576012,0.04735168,0.04779304,0.04712377,0.04491361,0.0413087,0.03568321,0.02839919,0.01838448,0.007334411,0.001051162,0.0003518373,0.0004175464,NaN,NaN,NaN,NaN,NaN,NaN,NaN,NaN,NaN,NaN,NaN,NaN,NaN,NaN,NaN,NaN,NaN,NaN,NaN,NaN,NaN,NaN,NaN,NaN,NaN,NaN,NaN,NaN,NaN,NaN,NaN,NaN,NaN,NaN,NaN,NaN,NaN,NaN,NaN,NaN,NaN,NaN,NaN,0.0001907712,0.0002149108,-8.823948e-05
-0.00975309,-0.01712443,-0.02472016,-0.03212708,-0.03902659,-0.04530751,-0.05074528,-0.05538576,-0.05910636,-0.06203089,-0.06410526,-0.06547092,-0.06611311,-0.06615292,-0.06559703,-0.06452842,-0.06296957,-0.06095992,-0.05854185,-0.05571053,-0.05253334,-0.04897451,-0.04511042,-0.04090495,-0.03643467,-0.03166023,-0.02667036,-0.02142347,-0.01602066,-0.01042071,-0.004737112,0.001076691,0.006883264,0.0127317,0.01847503,0.02414567,0.02959235,0.03482905,0.0396883,0.04417021,0.04807492,0.05139382,0.0538725,0.0555071,0.05595765,0.05525192,0.05291953,0.04906459,0.0430135,0.03499051,0.02402893,0.01123513,0.001746892,0.000409411,0.0005598952,NaN,NaN,NaN,NaN,NaN,NaN,NaN,NaN,NaN,NaN,NaN,NaN,NaN,NaN,NaN,NaN,NaN,NaN,NaN,NaN,NaN,NaN,NaN,NaN,NaN,NaN,NaN,NaN,NaN,NaN,NaN,NaN,NaN,NaN,NaN,NaN,NaN,NaN,NaN,NaN,NaN,0.0001865814,0.0002321008,-0.0001507803,-0.003426136
-0.0167034,-0.02389576,-0.03092102,-0.03753941,-0.04351705,-0.04875188,-0.05319517,-0.05680434,-0.05962939,-0.06167411,-0.06302608,-0.06371495,-0.06382373,-0.06339303,-0.06247904,-0.06112752,-0.05935987,-0.05722959,-0.05472152,-0.0519052,-0.04873269,-0.04528651,-0.04151223,-0.03748342,-0.03315583,-0.02860369,-0.02378593,-0.01878005,-0.0135514,-0.008179851,-0.002639437,0.00298089,0.008707693,0.01444417,0.02019841,0.02588296,0.03147534,0.03689421,0.04208764,0.04696835,0.05145526,0.05544037,0.05881449,0.06142664,0.06314517,0.06374718,0.0630891,0.06083723,0.05683476,0.05061379,0.04193624,0.03047566,0.01600936,0.003004168,0.0005232051,0.0006378808,0.0003798698,NaN,NaN,NaN,NaN,NaN,NaN,NaN,NaN,NaN,NaN,NaN,NaN,NaN,NaN,NaN,NaN,NaN,NaN,NaN,NaN,NaN,NaN,NaN,NaN,NaN,NaN,NaN,NaN,NaN,NaN,NaN,NaN,NaN,NaN,NaN,NaN,NaN,0.0002433808,0.000188462,0.0002360562,-0.0003047985,-0.003942225,-0.009986263
-0.02339924,-0.02992371,-0.03623511,-0.04186666,-0.046843,-0.05100237,-0.05439918,-0.05700764,-0.05889558,-0.06010123,-0.06069649,-0.06073624,-0.06028786,-0.05939533,-0.05811707,-0.05647406,-0.05451796,-0.05224372,-0.04970417,-0.04686782,-0.04379532,-0.04044194,-0.03685959,-0.03302132,-0.02896092,-0.02466535,-0.02016192,-0.01545274,-0.01055753,-0.005496649,-0.00028057,0.00505701,0.01050466,0.01601123,0.02158229,0.0271269,0.03267714,0.03809727,0.04343906,0.04852121,0.0534058,0.05786145,0.06194703,0.06537699,0.06818715,0.07003152,0.07089687,0.07036204,0.06834324,0.06428645,0.05812564,0.0489982,0.03750316,0.02168042,0.005707432,0.00081451,0.0006050506,0.0005670718,NaN,NaN,NaN,NaN,NaN,NaN,NaN,NaN,NaN,NaN,NaN,NaN,NaN,NaN,NaN,NaN,NaN,NaN,NaN,NaN,NaN,NaN,NaN,NaN,NaN,NaN,NaN,NaN,NaN,NaN,NaN,NaN,NaN,NaN,NaN,0.0002303298,0.000205975,0.0002115188,-0.0006389689,-0.004557017,-0.01038531,-0.01662244
-0.02943027,-0.03531397,-0.0405851,-0.04520851,-0.04906287,-0.05212938,-0.05445861,-0.05603998,-0.05700113,-0.05732943,-0.05717753,-0.05652486,-0.05551753,-0.05412423,-0.05246892,-0.05051068,-0.04834647,-0.04593179,-0.04333558,-0.04051944,-0.03752797,-0.03432573,-0.03095956,-0.02737404,-0.02363481,-0.01967644,-0.01557589,-0.01125968,-0.006819689,-0.002172642,0.002571685,0.007500189,0.01249442,0.01764766,0.02281226,0.02810768,0.03334347,0.03866517,0.04383929,0.04902925,0.05395623,0.05879174,0.06320713,0.06736509,0.07088126,0.07388578,0.0759275,0.07707389,0.07677924,0.0750514,0.07117358,0.06532837,0.05636963,0.04525762,0.02915059,0.0112545,0.001685845,0.0005575196,0.000779363,NaN,NaN,NaN,NaN,NaN,NaN,NaN,NaN,NaN,NaN,NaN,NaN,NaN,NaN,NaN,NaN,NaN,NaN,NaN,NaN,NaN,NaN,NaN,NaN,NaN,NaN,NaN,NaN,NaN,NaN,NaN,NaN,NaN,0.0001976154,0.0002270012,0.0001113303,-0.001371978,-0.005549769,-0.01113282,-0.01699864,-0.02333632
-0.03502544,-0.03992128,-0.04409212,-0.04762158,-0.05026499,-0.05227072,-0.05342764,-0.05405837,-0.05397014,-0.05350129,-0.05246841,-0.05119061,-0.04949011,-0.04764858,-0.04549325,-0.0432614,-0.04078885,-0.03826771,-0.03555037,-0.03278398,-0.02984374,-0.02684549,-0.02366946,-0.02043179,-0.0170084,-0.01351092,-0.00982336,-0.006053985,-0.002094151,0.001948531,0.006176291,0.01048809,0.01496788,0.01951851,0.02422346,0.02896831,0.03384424,0.03871791,0.04367969,0.04858108,0.05350013,0.05827449,0.0629527,0.06736151,0.07149256,0.07516351,0.07826949,0.08061964,0.08197087,0.08211586,0.08070605,0.07745414,0.07218442,0.06417511,0.0533802,0.03823327,0.01932237,0.004037556,0.0006293117,0.000722374,0.000574083,NaN,NaN,NaN,NaN,NaN,NaN,NaN,NaN,NaN,NaN,NaN,NaN,NaN,NaN,NaN,NaN,NaN,NaN,NaN,NaN,NaN,NaN,NaN,NaN,NaN,NaN,NaN,NaN,NaN,0.0002275735,0.0001803164,0.0002438583,-0.0001762862,-0.002561109,-0.007098689,-0.0124019,-0.01809129,-0.0239231,-0.02964898
-0.04006333,-0.04380896,-0.04689654,-0.04913232,-0.05069895,-0.05143106,-0.05159316,-0.0510514,-0.05009134,-0.04859858,-0.04684011,-0.04471504,-0.0424487,-0.03995178,-0.03739807,-0.03471125,-0.03201112,-0.02923965,-0.02646253,-0.02364883,-0.02081396,-0.01795008,-0.01504956,-0.01210391,-0.009098697,-0.006036171,-0.002886922,0.0003332525,0.003665591,0.00708104,0.01063049,0.01426325,0.01805117,0.02192271,0.02595198,0.03006433,0.03432583,0.03865537,0.04311635,0.04760895,0.05219926,0.05675416,0.06134835,0.06579097,0.07017388,0.07421281,0.07802732,0.08119121,0.08386543,0.08544843,0.08614437,0.08525757,0.08288803,0.07839955,0.07139976,0.06088565,0.04740766,0.02901397,0.01006231,0.001512478,0.0005522147,0.0007759212,0.0004015646,NaN,NaN,NaN,NaN,NaN,NaN,NaN,NaN,NaN,NaN,NaN,NaN,NaN,NaN,NaN,NaN,NaN,NaN,NaN,NaN,NaN,NaN,NaN,NaN,NaN,0.0001893184,0.0001896864,0.0001985885,0.0001490282,-0.0009919481,-0.004360908,-0.00916896,-0.01433145,-0.0199102,-0.0253937,-0.03070857,-0.03563157
-0.04457279,-0.04709617,-0.048976,-0.04999339,-0.05033987,-0.04992394,-0.04893849,-0.0473555,-0.04536664,-0.04296079,-0.04032329,-0.03742924,-0.03445594,-0.03134831,-0.0282765,-0.02514879,-0.02213195,-0.01909604,-0.01621224,-0.01331167,-0.01057576,-0.007810095,-0.005187839,-0.002520987,3.429098e-05,0.002665291,0.005219292,0.00788119,0.01050195,0.01326075,0.01601261,0.0189368,0.0218796,0.02501696,0.02820501,0.03159449,0.03505989,0.03872525,0.04247573,0.04641299,0.05042351,0.05458898,0.0587837,0.06307429,0.06730094,0.0715201,0.07550696,0.07931506,0.08262315,0.08548401,0.08749536,0.08863334,0.08856867,0.08686312,0.08333496,0.07709624,0.06800804,0.05648261,0.04053547,0.02077748,0.005278175,0.0007058305,0.0005805852,0.0006359518,0.0003765529,NaN,NaN,NaN,NaN,NaN,NaN,NaN,NaN,NaN,NaN,NaN,NaN,NaN,NaN,NaN,NaN,NaN,NaN,NaN,NaN,NaN,0.0001363881,0.0001945778,0.0001489141,0.0002290552,-0.000427397,-0.002864452,-0.00725269,-0.01206668,-0.01723775,-0.02251475,-0.02784465,-0.03270044,-0.0373105,-0.04118033
-0.04848187,-0.04983348,-0.05045635,-0.0502492,-0.04940806,-0.04781317,-0.04574116,-0.04307093,-0.0401121,-0.03673963,-0.03326073,-0.02954431,-0.02587256,-0.02210752,-0.01849572,-0.01489409,-0.01150964,-0.008198942,-0.005127789,-0.00216065,0.0005749112,0.003211509,0.005632159,0.007990803,0.0101651,0.01231775,0.01432897,0.01636733,0.01831127,0.02033524,0.02231232,0.02441433,0.02651925,0.02879775,0.03111122,0.03364887,0.03624352,0.03910108,0.04202935,0.04524201,0.04852495,0.05209067,0.05570688,0.05956928,0.06343365,0.06745723,0.07139215,0.07532933,0.07902592,0.08249149,0.08546596,0.08794167,0.08944215,0.09013583,0.08901294,0.0864745,0.08158498,0.07433333,0.06421604,0.05095452,0.03395021,0.01521434,0.00351433,0.0005103898,0.0004990275,0.0004781616,0.0003304067,NaN,NaN,NaN,NaN,NaN,NaN,NaN,NaN,NaN,NaN,NaN,NaN,NaN,NaN,NaN,NaN,NaN,0.0001083233,0.0001522824,0.0001359463,0.0001986293,-0.0002924436,-0.002341325,-0.006398598,-0.01115783,-0.01614222,-0.02124187,-0.02635162,-0.03126062,-0.03584504,-0.03997836,-0.04348674,-0.04635132
-0.05186184,-0.05197922,-0.05136058,-0.04999866,-0.04794943,-0.04529684,-0.04209693,-0.03847548,-0.0344929,-0.03028042,-0.02590062,-0.02146351,-0.01703205,-0.0126795,-0.008468381,-0.004428352,-0.0006234963,0.002962752,0.006258766,0.009328886,0.01208974,0.01463996,0.01690437,0.01898357,0.02081886,0.0225192,0.02402811,0.02546045,0.02676149,0.0280478,0.02926604,0.03054016,0.0318044,0.03318536,0.03462318,0.03622481,0.03794429,0.03986773,0.04195454,0.04427528,0.04678542,0.04954407,0.05249081,0.05568169,0.05902179,0.06257518,0.0661876,0.06994732,0.0736139,0.07730886,0.08070627,0.08388699,0.0865631,0.0884985,0.08962225,0.08936862,0.0876111,0.08434767,0.07829402,0.07014865,0.05964778,0.04599221,0.0296907,0.01315586,0.00333269,0.0005483132,0.0003447251,0.0003384751,0.0001942864,0.0002017766,NaN,NaN,NaN,NaN,NaN,NaN,NaN,NaN,NaN,NaN,NaN,5.572108e-05,9.035269e-05,0.0001097602,0.0001087474,0.0001256936,-0.0005157272,-0.002691175,-0.006844902,-0.01164474,-0.01658725,-0.02151885,-0.02650946,-0.03136443,-0.03591026,-0.04006639,-0.04378621,-0.04682132,-0.049278,-0.05091336
-0.0545239,-0.0534648,-0.0517102,-0.04919537,-0.04611662,-0.04238937,-0.03826848,-0.03366981,-0.02887045,-0.02378826,-0.01869333,-0.01350442,-0.008464484,-0.003491385,0.001210035,0.005723022,0.009885654,0.01377958,0.01728883,0.02048706,0.02330195,0.02580603,0.02794278,0.02980852,0.03134756,0.0326661,0.03371745,0.03461463,0.03531487,0.03593718,0.03643861,0.03693446,0.03739166,0.03792281,0.03848159,0.03919699,0.03999795,0.04102663,0.04219134,0.04363781,0.04525774,0.04719147,0.04932004,0.05176412,0.05440443,0.05732359,0.06041697,0.06370526,0.06711532,0.07058836,0.07406914,0.07746683,0.08057746,0.08348082,0.08557855,0.08717424,0.08761785,0.086661,0.08442919,0.08018916,0.07357138,0.06541061,0.05485588,0.04225491,0.02833872,0.01454394,0.004691171,0.001138786,0.0003281636,0.0001714322,0.0001404595,4.543594e-05,1.794656e-05,7.016861e-06,-1.362681e-06,3.759563e-06,8.24953e-06,3.848513e-05,4.602923e-05,5.659527e-05,1.480117e-05,4.803495e-05,2.285542e-05,-0.0002952113,-0.001456839,-0.004544454,-0.009082519,-0.01391372,-0.01873943,-0.02358699,-0.0283852,-0.03309816,-0.03757051,-0.04165154,-0.0453863,-0.04856375,-0.05115441,-0.05311121,-0.05432288,-0.05480783
-0.05629761,-0.05416592,-0.05132836,-0.0478795,-0.0438032,-0.03926447,-0.0342473,-0.02894613,-0.02335289,-0.01766257,-0.01187551,-0.006164415,-0.0005365878,0.004871868,0.01004886,0.01490244,0.01941572,0.02354471,0.02726385,0.03057982,0.03345634,0.03593754,0.0379983,0.03968833,0.04100133,0.04200046,0.04268365,0.04312443,0.04332427,0.04336241,0.04324276,0.04305573,0.0427931,0.04255038,0.04232568,0.04219637,0.04217389,0.04231657,0.0426398,0.04318827,0.04397202,0.04502651,0.04634532,0.04796445,0.04984488,0.05203682,0.05444786,0.05716213,0.06001085,0.06312504,0.06625996,0.06953172,0.07274681,0.0757657,0.07865042,0.08093952,0.08265807,0.08375034,0.08335778,0.08194817,0.07917919,0.07429384,0.06755718,0.05987455,0.0501215,0.03914709,0.02828397,0.01783374,0.009249965,0.003294284,0.000916464,0.000285229,8.994727e-05,-2.884678e-05,-9.902781e-05,-0.0001560206,-0.0001948976,-0.0002470704,-0.0003369818,-0.0005101347,-0.000935226,-0.002219633,-0.005201661,-0.009326061,-0.01383674,-0.0182887,-0.02283706,-0.02751272,-0.0319899,-0.03645734,-0.04073148,-0.04465202,-0.04822831,-0.05141906,-0.0540406,-0.05611265,-0.05757595,-0.05831478,-0.05839444,-0.05769892
-0.05687948,-0.05381829,-0.05014512,-0.04585529,-0.04108858,-0.03582179,-0.03023785,-0.02431651,-0.01825502,-0.01204063,-0.00586119,0.0002880573,0.006246094,0.01201162,0.01746069,0.0225876,0.02731111,0.03162027,0.03548077,0.03887214,0.04180547,0.04426001,0.04626474,0.04782444,0.04897292,0.04972568,0.05012999,0.05020945,0.05001957,0.04959095,0.04898302,0.04822256,0.04738255,0.04648744,0.04559945,0.04475887,0.04400585,0.04339214,0.04294029,0.0427033,0.0426904,0.0429468,0.04347491,0.04429843,0.04542486,0.04683971,0.04857263,0.05054937,0.05284146,0.05529876,0.05802787,0.06085134,0.06376518,0.06677625,0.06953929,0.0723048,0.07464665,0.07634731,0.07771403,0.07795989,0.07695891,0.07508968,0.0718253,0.06661732,0.06001553,0.05278596,0.04473538,0.03526795,0.02626719,0.0184534,0.01167767,0.006656756,0.003050516,0.0004778808,-0.001325692,-0.002714797,-0.00414042,-0.005957857,-0.008220186,-0.0108121,-0.01365917,-0.01692188,-0.02040626,-0.02430943,-0.02865764,-0.03283063,-0.03686211,-0.04097178,-0.04494813,-0.04859576,-0.05192052,-0.05495282,-0.05752461,-0.05956925,-0.06111537,-0.06206454,-0.06235215,-0.0620358,-0.06098258,-0.05928643
-0.05597817,-0.05222324,-0.04789136,-0.04308823,-0.03778638,-0.03214972,-0.02614776,-0.01996789,-0.01358647,-0.007191331,-0.000768921,0.005511397,0.01165339,0.01751849,0.02310291,0.02830626,0.0331184,0.03748176,0.04137756,0.04479482,0.04770635,0.05013483,0.05206857,0.05353364,0.05454078,0.05512948,0.05531866,0.05515802,0.05467426,0.05392281,0.05293685,0.05178303,0.0504861,0.04911664,0.04771034,0.04631819,0.04499223,0.04376356,0.04269067,0.04179001,0.04111739,0.04067893,0.04051682,0.0406368,0.04105249,0.04178306,0.04279469,0.04413983,0.04571659,0.04762506,0.04969843,0.05203022,0.05452109,0.05703404,0.05975036,0.06222376,0.06465332,0.06695469,0.06853073,0.06979926,0.07049426,0.06993333,0.06835029,0.06598891,0.06229075,0.05708861,0.05066561,0.04357353,0.03631784,0.02896325,0.02126369,0.01389237,0.007521342,0.002094363,-0.002630967,-0.006851336,-0.01073417,-0.01443861,-0.01815399,-0.0220417,-0.0261664,-0.03023497,-0.03394978,-0.03753714,-0.04132458,-0.04519511,-0.04886786,-0.05222868,-0.05531066,-0.05814068,-0.06061872,-0.06260081,-0.06413598,-0.06520189,-0.06568316,-0.06559239,-0.06493708,-0.06360865,-0.06170714,-0.05913812
-0.05332692,-0.04914329,-0.04450455,-0.03938949,-0.03393953,-0.02811555,-0.02209,-0.01582718,-0.009507949,-0.003106657,0.003206071,0.009443479,0.01545918,0.02125529,0.02671818,0.03184082,0.03654771,0.04082294,0.04463392,0.04795341,0.05079054,0.05311837,0.05496078,0.05631756,0.05721712,0.05767069,0.05772053,0.05738755,0.05672317,0.05575725,0.0545464,0.05311819,0.05154359,0.04985046,0.04809931,0.04633596,0.04459972,0.04294894,0.04140681,0.0400336,0.03884078,0.0378817,0.03716259,0.03671632,0.03655581,0.03667751,0.03711798,0.03781673,0.03885354,0.04009637,0.04166351,0.04340217,0.04533285,0.04749637,0.04959553,0.05193385,0.05413822,0.05610444,0.05817232,0.05966879,0.06058173,0.06125101,0.06114915,0.05982373,0.05762852,0.05467753,0.05069885,0.04546352,0.03935238,0.0326682,0.02558053,0.01830316,0.01115631,0.004343254,-0.002118373,-0.008216281,-0.01388131,-0.0191085,-0.02399415,-0.02873826,-0.03341695,-0.03798179,-0.04228101,-0.04624869,-0.04990636,-0.05325287,-0.05632145,-0.05914884,-0.06163966,-0.06367749,-0.06526279,-0.06646407,-0.0671703,-0.06733172,-0.06700349,-0.06613301,-0.06466786,-0.06269354,-0.06010417,-0.05699522
-0.04884714,-0.04456755,-0.03985446,-0.03481991,-0.02941971,-0.02380894,-0.01794081,-0.01198502,-0.005902732,0.0001395871,0.006167855,0.01203344,0.0177483,0.02319115,0.02836172,0.03317213,0.03761134,0.04162924,0.04520279,0.0483236,0.05095874,0.05312865,0.05481598,0.0560417,0.05681007,0.05715493,0.05708892,0.05665564,0.05587628,0.05480045,0.05345682,0.05190716,0.0501733,0.04832079,0.04638478,0.04441196,0.0424551,0.0405427,0.03873478,0.03704713,0.035538,0.03421499,0.03312374,0.03227359,0.03168289,0.03137613,0.03132623,0.03159181,0.03208074,0.03289959,0.03389593,0.03517231,0.03664959,0.03821158,0.04006496,0.04180165,0.04366925,0.04561697,0.04714699,0.04872473,0.05013146,0.05080923,0.05103052,0.05096684,0.05007591,0.04811677,0.04525727,0.04173791,0.03745095,0.03234539,0.02642924,0.01993827,0.0131673,0.00632247,-0.000464114,-0.007088706,-0.0134701,-0.01952869,-0.02525713,-0.03067045,-0.03580913,-0.04059621,-0.04494578,-0.04885941,-0.0524137,-0.05564396,-0.05847627,-0.0608171,-0.06270613,-0.06421002,-0.065294,-0.06584653,-0.06592926,-0.0655638,-0.06466806,-0.06326348,-0.06139294,-0.05896496,-0.05608736,-0.05269264
-0.04268962,-0.03857351,-0.03415095,-0.02938334,-0.02440737,-0.01916847,-0.01382308,-0.008320421,-0.002819197,0.002719968,0.008150415,0.01349639,0.01863377,0.02357195,0.02821567,0.0325611,0.0365461,0.04015408,0.04336048,0.04613464,0.04848803,0.0503893,0.05185957,0.05289291,0.05351295,0.05372348,0.05356046,0.05303708,0.05219753,0.05106409,0.0496861,0.04808395,0.0463213,0.04442068,0.04243495,0.04040607,0.03836718,0.03637342,0.03444391,0.03263656,0.03096098,0.02946921,0.02816818,0.02709065,0.02625242,0.02565154,0.02532885,0.025228,0.02543313,0.02582021,0.02651101,0.02736608,0.02841176,0.02970463,0.03096622,0.03251702,0.03401406,0.03539794,0.03702899,0.03830528,0.03928612,0.04033227,0.04098207,0.04088687,0.04038028,0.03951338,0.03799221,0.03554378,0.03229767,0.02836172,0.0238377,0.01873909,0.01314824,0.007212945,0.001080678,-0.005116911,-0.01123385,-0.01716534,-0.0228282,-0.02820352,-0.03325294,-0.03797599,-0.04234077,-0.04628146,-0.0497231,-0.05264299,-0.05510068,-0.05717741,-0.05882865,-0.05997577,-0.06062836,-0.06088324,-0.0606758,-0.05996815,-0.05883135,-0.05724767,-0.05517185,-0.05270399,-0.04975988,-0.04642764
-0.0352621,-0.03158325,-0.02759398,-0.02340703,-0.01896347,-0.01440584,-0.009673574,-0.004916158,-8.150217e-05,0.004687886,0.009429788,0.0140198,0.0184794,0.0227091,0.02671503,0.03042701,0.03383699,0.03690758,0.03961566,0.04195991,0.0439055,0.04547391,0.04664471,0.0474359,0.04784599,0.04790365,0.0476143,0.04701449,0.04611726,0.04496388,0.04357427,0.04200161,0.0402597,0.03840446,0.03646422,0.03447645,0.03248772,0.03051907,0.02862476,0.02681542,0.02514426,0.02361614,0.02227284,0.02112344,0.02018401,0.0194807,0.01898637,0.01876206,0.01871906,0.01896534,0.01935713,0.01999666,0.02081794,0.02170934,0.02288728,0.02396353,0.02519605,0.02655474,0.02758517,0.02876933,0.02992606,0.03057246,0.03102232,0.03146093,0.03141712,0.03070695,0.02949546,0.02794622,0.02588413,0.02320321,0.01985473,0.01594632,0.01158645,0.006865523,0.001877754,-0.003269225,-0.00848763,-0.01367217,-0.01874224,-0.02360453,-0.02820812,-0.0324689,-0.03632779,-0.03977598,-0.0428491,-0.04555854,-0.04784872,-0.0496369,-0.05095929,-0.05189367,-0.0524403,-0.05250673,-0.05215204,-0.05142365,-0.05026055,-0.04868392,-0.04675566,-0.04439645,-0.04170951,-0.03864784
-0.02720625,-0.02406018,-0.02072773,-0.01715497,-0.01346998,-0.009605966,-0.005702117,-0.001696057,0.002275687,0.00626344,0.0101445,0.01395285,0.01758742,0.0210655,0.02431196,0.02732838,0.03006866,0.03251902,0.03466601,0.03647968,0.03797679,0.03912563,0.03994728,0.04043313,0.04060413,0.04045863,0.04002725,0.0393162,0.03836241,0.03717997,0.03580974,0.03426313,0.0325941,0.03081725,0.02897474,0.02710086,0.02521915,0.02337704,0.02158589,0.01989632,0.01831234,0.01687934,0.01560115,0.01450511,0.01360612,0.0128987,0.01242413,0.01212558,0.01208736,0.01218979,0.01255256,0.01304668,0.0136957,0.01456693,0.01539004,0.01648673,0.01753627,0.01848933,0.01971342,0.02064692,0.02137281,0.02226519,0.02291167,0.02302714,0.02296382,0.02279482,0.02226391,0.02113971,0.01953711,0.01752871,0.01517007,0.01241139,0.009254072,0.005750382,0.001974744,-0.001998739,-0.00607029,-0.01016276,-0.01419165,-0.01810807,-0.02184371,-0.02537522,-0.02867172,-0.03167476,-0.03430203,-0.03651134,-0.03833602,-0.0398518,-0.04102853,-0.04179411,-0.04214816,-0.0421887,-0.04187424,-0.04116502,-0.04013135,-0.03877273,-0.03704332,-0.03504257,-0.03270034,-0.03008943
-0.01920852,-0.01669058,-0.01396355,-0.01113566,-0.008136544,-0.005094461,-0.001939043,0.001199904,0.004383669,0.007492127,0.01057163,0.01352043,0.01636765,0.0190348,0.02153417,0.02381348,0.02586906,0.02767742,0.02921801,0.03049851,0.0314856,0.03220427,0.03263432,0.0327937,0.03267803,0.03231352,0.03170066,0.03087099,0.02983101,0.02861507,0.02723507,0.02573602,0.02412356,0.02244364,0.02071676,0.01897038,0.01724275,0.01554615,0.0139263,0.0123868,0.01097257,0.009683531,0.00855383,0.007589732,0.006801175,0.006213109,0.005794699,0.005606228,0.005559356,0.00575977,0.006070228,0.006587835,0.007257759,0.007967476,0.008937394,0.009795302,0.01079336,0.01191947,0.01273891,0.01372926,0.01473565,0.01531089,0.01577944,0.0163414,0.01657618,0.01633997,0.01581903,0.01518184,0.01427649,0.013012,0.01133692,0.009330466,0.007048974,0.004528475,0.001804408,-0.001071029,-0.004061415,-0.007106242,-0.01015705,-0.013141,-0.01601499,-0.01870672,-0.02116294,-0.02337136,-0.02536135,-0.02714044,-0.02865732,-0.02982412,-0.03065933,-0.03123245,-0.03155268,-0.03153102,-0.03121045,-0.03064413,-0.02977787,-0.02862297,-0.02724455,-0.02556756,-0.0236817,-0.02155127
-0.01193468,-0.009948569,-0.007874752,-0.005646959,-0.003382596,-0.001006179,0.001359575,0.003784747,0.00615249,0.008520353,0.01078643,0.01299148,0.0150545,0.01699887,0.01876743,0.02036682,0.02176582,0.02295448,0.02393036,0.02466642,0.02518564,0.0254587,0.02550864,0.02532704,0.02493471,0.02432765,0.02353371,0.02255496,0.02142343,0.0201476,0.01876195,0.01727098,0.01572036,0.01411802,0.01249671,0.01088352,0.009293053,0.007764723,0.006302262,0.004947926,0.003699712,0.002594895,0.00163305,0.000834278,0.0002108266,-0.0002482314,-0.0005034347,-0.0006138704,-0.0004977193,-0.0002717342,0.000178561,0.0007335658,0.001410735,0.002285933,0.003094691,0.004153526,0.005163718,0.00607323,0.007252141,0.008168794,0.008906051,0.009841386,0.01059475,0.01090723,0.01113291,0.01136307,0.01137094,0.010958,0.01024841,0.009321254,0.008233036,0.006930147,0.005400631,0.003667942,0.001771681,-0.0002538464,-0.002351486,-0.004483838,-0.006602561,-0.008686902,-0.01069505,-0.01261963,-0.0144465,-0.01613335,-0.01760771,-0.01882763,-0.01981671,-0.02064612,-0.02129319,-0.02168638,-0.02181259,-0.02176104,-0.0215005,-0.0209837,-0.02027178,-0.01936957,-0.01822631,-0.01693204,-0.01542407,-0.0137572
-0.005793561,-0.004308961,-0.002699303,-0.001066482,0.0006676094,0.002387916,0.004170834,0.005903332,0.007652112,0.009315497,0.01094501,0.0124574,0.01388667,0.01517153,0.01632881,0.01732111,0.01814864,0.01879983,0.01925735,0.01953702,0.01960858,0.01950091,0.01919601,0.0187133,0.01804802,0.01722595,0.01624553,0.01513569,0.01389927,0.0125663,0.01114359,0.009670404,0.008146897,0.006611254,0.0050784,0.00356782,0.00211102,0.0007131767,-0.0005875447,-0.001793538,-0.002867615,-0.003814391,-0.00460719,-0.00524285,-0.005717792,-0.006009169,-0.00615187,-0.006087828,-0.00590541,-0.005503083,-0.005011968,-0.004342068,-0.003538069,-0.002714724,-0.001650495,-0.0007017229,0.000371997,0.001576125,0.002488596,0.003574509,0.004702232,0.005443454,0.006116146,0.006928461,0.007489935,0.007670088,0.007660084,0.00763255,0.007454675,0.007047782,0.006366529,0.005486494,0.004453801,0.003292064,0.002018064,0.000661132,-0.0007673605,-0.00223486,-0.003719923,-0.00517706,-0.00658505,-0.007895634,-0.009072587,-0.01011372,-0.01105534,-0.01191329,-0.01264751,-0.01317398,-0.01350239,-0.01369755,-0.01377434,-0.01364733,-0.01334573,-0.01292348,-0.01232971,-0.01156595,-0.01069509,-0.009644366,-0.008488939,-0.007200029
-0.001017297,0.0001360849,0.001302804,0.002556635,0.003789571,0.005081464,0.006323022,0.007587861,0.008774699,0.009944411,0.01101131,0.01201952,0.01290358,0.01369018,0.01433623,0.01485149,0.01521651,0.01542418,0.01548091,0.01536249,0.01509718,0.01465849,0.01407179,0.01332987,0.01245453,0.01144118,0.01031671,0.009081218,0.00776412,0.006370671,0.004931592,0.003447181,0.001957499,0.0004663244,-0.001000133,-0.002419869,-0.003784398,-0.005060484,-0.006249653,-0.007316428,-0.00826698,-0.009070862,-0.009731435,-0.0102349,-0.010571,-0.01075546,-0.01075052,-0.01061713,-0.01027632,-0.009841791,-0.009204882,-0.008476222,-0.007644686,-0.006627642,-0.00568334,-0.004503577,-0.003364992,-0.002326318,-0.00101714,5.825785e-05,0.0009743469,0.002107675,0.003104059,0.003713903,0.004282383,0.004910267,0.005386729,0.005525569,0.005448517,0.005235595,0.004944037,0.004521483,0.003953031,0.003253201,0.002449806,0.001562989,0.000633079,-0.0003191462,-0.001263216,-0.002194152,-0.003087603,-0.003948827,-0.004777556,-0.005546249,-0.006194222,-0.006684869,-0.007040325,-0.007332669,-0.007548963,-0.007622257,-0.007533416,-0.007365933,-0.00709785,-0.006678496,-0.006161954,-0.005557005,-0.004810495,-0.004004013,-0.003081284,-0.002083043
0.002462837,0.003319787,0.004245215,0.005141913,0.006091202,0.006987806,0.007910071,0.00875726,0.009597717,0.01034318,0.01104691,0.011639,0.01215542,0.01254721,0.01283333,0.01298708,0.0130108,0.0129014,0.01264379,0.01225943,0.01172069,0.01105905,0.01025875,0.009340382,0.00829953,0.007161876,0.005925189,0.004616837,0.003237889,0.001815581,0.0003538749,-0.001111831,-0.00258431,-0.00403072,-0.005439481,-0.006796457,-0.008074568,-0.00927326,-0.01035962,-0.01133979,-0.01218219,-0.01289413,-0.01345439,-0.01386158,-0.01411666,-0.01419809,-0.01414325,-0.01389594,-0.01354337,-0.01298803,-0.01235444,-0.01155937,-0.01063804,-0.009706711,-0.008544287,-0.00749122,-0.006320333,-0.005010082,-0.003971781,-0.002755578,-0.001471573,-0.0005349999,0.0003595566,0.001425591,0.002294373,0.002837059,0.003240199,0.003675283,0.004019406,0.004195799,0.004157947,0.00397495,0.003686902,0.003311251,0.002856889,0.002343269,0.001772194,0.001164443,0.0005307414,-9.567039e-05,-0.0007023708,-0.001252988,-0.001719216,-0.00210354,-0.002445791,-0.002767924,-0.003038761,-0.003179411,-0.00319435,-0.003146196,-0.003055568,-0.002842826,-0.002528433,-0.002167805,-0.00171478,-0.001165423,-0.0005811478,0.0001063661,0.0008327321,0.001619853
0.004779167,0.005486467,0.006165126,0.006891857,0.007565213,0.008265547,0.008892992,0.009521113,0.01005952,0.01056909,0.01097539,0.01132282,0.01155664,0.01170422,0.01173194,0.0116505,0.01144825,0.01111922,0.01067545,0.01009432,0.009407053,0.008589103,0.007666875,0.006633903,0.005512397,0.004297336,0.003014702,0.001663374,0.0002708268,-0.001159722,-0.002600235,-0.004053007,-0.005481915,-0.00688554,-0.008242232,-0.009533165,-0.01075377,-0.01187489,-0.01290117,-0.01380166,-0.01458478,-0.01522469,-0.01572605,-0.01607921,-0.0162746,-0.01633071,-0.0162106,-0.01597536,-0.01554818,-0.01503859,-0.01434292,-0.01356291,-0.01269241,-0.01164307,-0.01066609,-0.009462231,-0.008287212,-0.007206433,-0.005850802,-0.004699332,-0.003688006,-0.002442688,-0.00129477,-0.0004901401,0.0003043458,0.001196014,0.001984998,0.002489247,0.002822632,0.003062441,0.003263492,0.003372517,0.003369987,0.003263372,0.003072608,0.002810022,0.002506999,0.002176894,0.001842131,0.001501708,0.001172368,0.000844951,0.0005142834,0.0002013274,-3.894438e-05,-0.0001712416,-0.0002147587,-0.0002404825,-0.0002424636,-0.0001576479,3.693651e-05,0.0002627364,0.0005338975,0.0009019906,0.001317827,0.001768795,0.002307784,0.002859308,0.003472802,0.004117064
0.006216339,0.006764824,0.007354537,0.00789151,0.008457057,0.00895282,0.009456147,0.009874908,0.01027627,0.01058124,0.0108421,0.01099797,0.01108431,0.01106034,0.0109448,0.01071788,0.01038204,0.009939388,0.009375344,0.008714399,0.007930026,0.007054561,0.00607314,0.005006429,0.003849617,0.002627635,0.001337298,4.352243e-06,-0.00137171,-0.002766017,-0.004176883,-0.005571927,-0.006955939,-0.00830005,-0.009594981,-0.01083023,-0.01198178,-0.01305188,-0.01401126,-0.01486799,-0.01559431,-0.0161986,-0.01666323,-0.01698718,-0.01717406,-0.01720243,-0.01711055,-0.01684299,-0.0164846,-0.01594079,-0.01532911,-0.01457161,-0.01369479,-0.01281481,-0.01171176,-0.01071042,-0.009595994,-0.008332764,-0.007321703,-0.006128447,-0.004844029,-0.003872372,-0.002921643,-0.001773941,-0.000779752,-6.919195e-05,0.0005373283,0.001209633,0.001831998,0.002327176,0.0026455,0.002848975,0.002972525,0.003028443,0.003020067,0.002960183,0.002844791,0.002687571,0.002493572,0.002289366,0.002083491,0.001906522,0.001783776,0.001712233,0.001652239,0.001579446,0.001520008,0.001549941,0.001670096,0.001821109,0.001978854,0.002218234,0.0025258,0.002845805,0.003220214,0.003656629,0.004095046,0.004599137,0.005112475,0.005650796
0.006963825,0.007462249,0.007915137,0.008399983,0.008820221,0.009254988,0.009611174,0.009960636,0.01022059,0.01045022,0.01058273,0.01066118,0.01063786,0.01053918,0.01033746,0.0100428,0.009648148,0.009147262,0.008555068,0.007849201,0.007061672,0.006168656,0.005196004,0.00413704,0.003013143,0.001818343,0.0005769038,-0.0007137326,-0.002028393,-0.003365752,-0.004700468,-0.00603694,-0.007342593,-0.008617782,-0.009844543,-0.01100634,-0.0121015,-0.01310374,-0.01401974,-0.01482163,-0.01551898,-0.01608902,-0.01653675,-0.01685493,-0.0170339,-0.01709329,-0.01699621,-0.01680259,-0.01643698,-0.01600401,-0.01540387,-0.01472966,-0.01397868,-0.01305761,-0.01221015,-0.01114522,-0.01009966,-0.009143971,-0.007911246,-0.006857645,-0.005929067,-0.004754108,-0.003643826,-0.002841604,-0.002026102,-0.001084197,-0.0002062564,0.0004280705,0.0009247183,0.001358865,0.001783361,0.00214499,0.002420185,0.002611135,0.002731921,0.002789756,0.00280972,0.002800618,0.002779557,0.002742152,0.002699984,0.002642232,0.002560566,0.002472191,0.002428579,0.002465067,0.002565632,0.002661661,0.002754347,0.002904013,0.00313689,0.003379675,0.003640951,0.003972926,0.004330844,0.004699743,0.005131719,0.005556862,0.006018716,0.00649335
0.007270137,0.007675031,0.008111172,0.008487618,0.008884625,0.009209403,0.009537396,0.009783048,0.01001142,0.0101503,0.01025003,0.01025611,0.0102024,0.01005363,0.009827283,0.009507868,0.009096918,0.00859945,0.00800035,0.007325244,0.006547617,0.00569927,0.004765155,0.003764957,0.002692659,0.001571692,0.000397308,-0.0008068575,-0.002043244,-0.003289503,-0.004546267,-0.005784093,-0.007009742,-0.008197871,-0.009341216,-0.01043223,-0.01144946,-0.01239724,-0.01324912,-0.01401441,-0.01466815,-0.01521915,-0.01565224,-0.01596615,-0.01616603,-0.01623003,-0.01619625,-0.0160095,-0.0157517,-0.01533032,-0.01485617,-0.0142551,-0.013546,-0.01284378,-0.01192995,-0.01111466,-0.01019372,-0.009119458,-0.008282775,-0.007263384,-0.006135971,-0.005294069,-0.004458279,-0.003406896,-0.002474298,-0.001791894,-0.001186694,-0.0004897511,0.0001900118,0.0007754333,0.001214611,0.001564141,0.001855702,0.002098355,0.002292,0.002445064,0.002549826,0.002615092,0.002642046,0.002652475,0.002652173,0.002667517,0.002721636,0.002811237,0.002897128,0.002953171,0.003001566,0.003115769,0.003300849,0.003500544,0.003688552,0.003935778,0.004234407,0.004529396,0.004859492,0.005235298,0.005598728,0.006009723,0.006418442,0.006836067
0.007236308,0.007632569,0.007978117,0.008350517,0.008657567,0.008976871,0.009220874,0.00945946,0.009615804,0.009747109,0.009792341,0.009792815,0.009705885,0.009556521,0.009321142,0.00900869,0.008614955,0.008132851,0.007578679,0.00692967,0.006217537,0.005418336,0.004556631,0.00362484,0.002642859,0.001603284,0.0005282316,-0.0005866754,-0.001718829,-0.002869001,-0.004014579,-0.005162116,-0.006282411,-0.007377634,-0.008433027,-0.009434231,-0.01038201,-0.01125262,-0.0120543,-0.01276181,-0.01338546,-0.01390483,-0.01432496,-0.01464033,-0.0148409,-0.01494681,-0.01492098,-0.01482175,-0.01457462,-0.01427951,-0.01383953,-0.01334011,-0.01278086,-0.01206446,-0.01142724,-0.01058538,-0.009759332,-0.009023286,-0.008012924,-0.007164149,-0.006431045,-0.005445234,-0.004499979,-0.003836341,-0.00314328,-0.002302594,-0.001495828,-0.0009003989,-0.0004167573,2.90605e-05,0.0004892149,0.0009117302,0.001270668,0.00156504,0.001805114,0.001994904,0.002155285,0.002292163,0.002418933,0.002528941,0.002630047,0.002710057,0.002758148,0.00278834,0.002848963,0.00297498,0.003152522,0.003314832,0.003459136,0.00364303,0.00389495,0.004145979,0.004400471,0.00471077,0.005035948,0.005359639,0.005733147,0.006091505,0.006473797,0.006861899
0.00701922,0.007344704,0.007698191,0.00799166,0.008304328,0.008548102,0.008796736,0.008969972,0.009131015,0.009212942,0.009264369,0.0092356,0.009158994,0.009003244,0.008784646,0.008490626,0.008121753,0.007684703,0.007163705,0.006584574,0.005920567,0.005202296,0.004414246,0.003574629,0.002676082,0.001740105,0.0007603427,-0.0002419604,-0.001271188,-0.002307668,-0.003354216,-0.004384353,-0.0054067,-0.006399227,-0.007356541,-0.008273848,-0.009131987,-0.009937209,-0.01066551,-0.01132737,-0.01190012,-0.01239297,-0.01279261,-0.01309766,-0.01331426,-0.01342028,-0.0134533,-0.01335843,-0.01321464,-0.01293122,-0.01261293,-0.01218867,-0.01167094,-0.01117307,-0.01047803,-0.009883324,-0.009193462,-0.008351287,-0.007738441,-0.006946672,-0.00603687,-0.005393507,-0.004747802,-0.003875135,-0.003095794,-0.00254213,-0.002046616,-0.001440679,-0.000826675,-0.000281259,0.0001426403,0.0004976317,0.0008138543,0.00109877,0.001350506,0.00157462,0.001761278,0.001915866,0.002037035,0.002143058,0.002238111,0.002345173,0.002485694,0.002655841,0.002816626,0.00294019,0.003045341,0.003202736,0.003420319,0.003644117,0.003846178,0.004093613,0.004382752,0.004659306,0.004959438,0.00529588,0.005612592,0.005966333,0.006312792,0.006659839
0.006636068,0.006963606,0.007239591,0.007541348,0.007780632,0.008033607,0.008217468,0.008400347,0.008510352,0.008602959,0.008621782,0.008606594,0.008518737,0.008381879,0.008175562,0.007907666,0.00757603,0.007172717,0.006714826,0.006179081,0.005596628,0.004943172,0.004241945,0.003484296,0.002688632,0.001846005,0.0009764995,7.388716e-05,-0.0008416141,-0.001772876,-0.002699808,-0.003631061,-0.004540428,-0.00543189,-0.006293513,-0.007113067,-0.007893425,-0.008613245,-0.00928215,-0.009877251,-0.01040956,-0.01086073,-0.01123585,-0.01153087,-0.0117355,-0.01187026,-0.01189796,-0.01187555,-0.01172931,-0.01155521,-0.01125868,-0.010919,-0.01053721,-0.01001316,-0.009576521,-0.008949833,-0.008340002,-0.007823875,-0.007039879,-0.006406816,-0.005885123,-0.005109561,-0.004358434,-0.003870684,-0.003343894,-0.002655757,-0.001979932,-0.001491723,-0.00109651,-0.0007211004,-0.0003132432,7.67626e-05,0.000421858,0.0007192219,0.0009767876,0.001196541,0.001396636,0.0015811,0.001760864,0.001927781,0.002087213,0.002225888,0.002331141,0.002414351,0.00252113,0.00268583,0.002896061,0.00308635,0.003250674,0.00344398,0.003695979,0.003941137,0.004180558,0.004466174,0.00476013,0.005045081,0.00537156,0.005678611,0.006002041,0.006328201
0.00618103,0.006440778,0.006727916,0.006957109,0.007206661,0.007392436,0.007586825,0.007713905,0.007835424,0.007888706,0.007921026,0.007886442,0.007816193,0.007682013,0.00749928,0.007257581,0.006956748,0.006604579,0.006184787,0.005723102,0.005192561,0.004622603,0.003997229,0.003333243,0.002622073,0.001883392,0.001109391,0.0003191351,-0.0004935045,-0.001311287,-0.002139012,-0.002952867,-0.003763158,-0.004550768,-0.00531208,-0.006044726,-0.006731619,-0.007380757,-0.007970302,-0.008511848,-0.008984735,-0.009398664,-0.009741924,-0.01001319,-0.01021944,-0.01033848,-0.01040743,-0.01037178,-0.01030809,-0.01012717,-0.009928934,-0.009644723,-0.009282031,-0.008952603,-0.008440953,-0.008034123,-0.007543666,-0.006905141,-0.006492191,-0.005906684,-0.005198493,-0.004744325,-0.004284179,-0.003591354,-0.00297443,-0.00256631,-0.00220398,-0.00171906,-0.001208224,-0.0007473382,-0.0003897695,-8.583443e-05,0.0001938652,0.0004559865,0.0006978152,0.0009231123,0.001120846,0.001294092,0.001439874,0.001573961,0.001699454,0.001836827,0.002006249,0.002203424,0.002389485,0.002535175,0.002656545,0.002821708,0.003040571,0.0032609,0.003453451,0.003682115,0.003946212,0.004192173,0.004454093,0.004746194,0.005014289,0.005312607,0.005601242,0.005885744
0.005624413,0.005885461,0.006096057,0.006333306,0.006512254,0.006708004,0.006841572,0.006979822,0.00705476,0.007120625,0.007124625,0.007105463,0.007027526,0.006913613,0.00674554,0.00653048,0.006267707,0.005948732,0.005591087,0.005171178,0.00471947,0.004211435,0.003669041,0.003082756,0.002469586,0.001819308,0.001150146,0.0004543284,-0.000250064,-0.000967677,-0.001680712,-0.002399606,-0.003100799,-0.00378987,-0.004457402,-0.005093015,-0.005701496,-0.00626354,-0.006790109,-0.007260284,-0.007685859,-0.008050214,-0.008358736,-0.008608562,-0.008789409,-0.008922071,-0.008969503,-0.008987457,-0.008903077,-0.008809065,-0.008612866,-0.008388877,-0.008139221,-0.007761688,-0.00748048,-0.007023321,-0.006586452,-0.006248468,-0.005650449,-0.005197489,-0.00485506,-0.004260662,-0.003680632,-0.003351925,-0.002979218,-0.002436962,-0.001892382,-0.00151886,-0.001225739,-0.000940196,-0.0006097585,-0.000282968,1.246602e-05,0.0002725522,0.0005036684,0.0007066717,0.0008978709,0.00108022,0.001262978,0.001437091,0.00160595,0.001755619,0.001871998,0.00196452,0.002076589,0.002242009,0.002449357,0.002634235,0.002788084,0.002963665,0.003191351,0.003408345,0.003613335,0.003857811,0.004106274,0.004340852,0.00461136,0.004860186,0.005120706,0.005382766
0.005031406,0.005223183,0.005443256,0.005608714,0.0057971,0.005927607,0.006071555,0.006156576,0.006243296,0.006272451,0.006290271,0.006253832,0.006193504,0.006083437,0.005938258,0.005749235,0.005515598,0.005246007,0.004923732,0.00457439,0.004170731,0.003741274,0.003269452,0.002770939,0.002236016,0.001682891,0.001102368,0.0005117396,-9.672035e-05,-0.0007077573,-0.001327993,-0.001935827,-0.002543171,-0.003133306,-0.003704319,-0.004255818,-0.004772639,-0.005264224,-0.005710688,-0.006124555,-0.006486982,-0.006808136,-0.007077778,-0.007294687,-0.007466634,-0.007571439,-0.00764596,-0.007636033,-0.007616405,-0.007499095,-0.007380315,-0.007193167,-0.006941483,-0.006735492,-0.006361207,-0.006097278,-0.00576074,-0.005281616,-0.005027017,-0.004606894,-0.004062939,-0.003765301,-0.003460919,-0.002921521,-0.002446539,-0.002169014,-0.001929639,-0.001560123,-0.001152737,-0.0007823094,-0.0005025178,-0.0002656866,-4.297409e-05,0.0001717769,0.0003753751,0.0005706211,0.0007457215,0.0009023258,0.00103635,0.001161836,0.001280834,0.001412154,0.001574863,0.001764405,0.001941991,0.002077327,0.002184253,0.002328913,0.002522513,0.002714214,0.002873808,0.003062784,0.003282579,0.003480445,0.00368891,0.003923381,0.004131196,0.004364905,0.004587905,0.004804335
0.00435515,0.004547221,0.004691155,0.004864008,0.004983461,0.00512399,0.005209587,0.005306341,0.005349236,0.005391745,0.005383783,0.005363419,0.005297278,0.005207637,0.005077949,0.004914949,0.004718871,0.004480885,0.004218698,0.003908499,0.003580065,0.00320866,0.0028151,0.002389111,0.001946404,0.00147571,0.000993578,0.000490927,-1.605016e-05,-0.0005334957,-0.001045628,-0.00156442,-0.002068622,-0.002565232,-0.003046999,-0.003505143,-0.003946164,-0.004352473,-0.004736284,-0.005078305,-0.005391152,-0.005659619,-0.005889526,-0.00607895,-0.006217801,-0.006327073,-0.006369966,-0.006401295,-0.006348945,-0.006303104,-0.006172754,-0.006028525,-0.005873291,-0.005603329,-0.005438551,-0.005110551,-0.00480752,-0.004609039,-0.004158366,-0.003850073,-0.003653361,-0.003207844,-0.00277075,-0.002577222,-0.002337366,-0.001923162,-0.001496881,-0.001230279,-0.001035698,-0.0008404577,-0.0005918894,-0.0003369833,-0.0001038877,0.0001026411,0.0002878697,0.0004520176,0.0006100934,0.0007644238,0.0009230755,0.001076408,0.001226265,0.001358263,0.001457187,0.001531063,0.001621605,0.001762154,0.001941876,0.002097257,0.002217869,0.002354827,0.002538887,0.002709372,0.002863291,0.003051852,0.003241344,0.003413741,0.003618333,0.003800216,0.003991106,0.004183549
0.003654488,0.003777804,0.003931525,0.004034739,0.004164609,0.004242915,0.004340395,0.004387379,0.004443865,0.004453139,0.004460857,0.004426308,0.00437936,0.004295893,0.004190111,0.004054434,0.003887708,0.003699106,0.003471571,0.003230487,0.002948344,0.002652795,0.002326741,0.001984818,0.001616298,0.001238067,0.0008397155,0.0004369435,2.061319e-05,-0.0003957805,-0.000820435,-0.001233684,-0.001648889,-0.002051393,-0.00244078,-0.002818403,-0.003170755,-0.003508613,-0.003813739,-0.004099594,-0.004348827,-0.004572156,-0.00476052,-0.004912942,-0.005037827,-0.005113125,-0.005175497,-0.005171091,-0.005173278,-0.00509495,-0.005029551,-0.004911333,-0.004741443,-0.004628803,-0.004360451,-0.004208776,-0.003994562,-0.003643844,-0.003518651,-0.003234647,-0.002827479,-0.002662307,-0.002490953,-0.00208402,-0.001734075,-0.001574076,-0.001447319,-0.001185543,-0.0008776482,-0.0005976292,-0.0003992509,-0.0002362617,-8.013137e-05,7.503456e-05,0.0002257703,0.0003741684,0.0005079278,0.0006276469,0.0007284375,0.0008230751,0.0009129142,0.001015505,0.001149105,0.00130888,0.00145608,0.001559628,0.001631785,0.001737194,0.001887926,0.00203415,0.002145105,0.002280538,0.002443386,0.002581624,0.00272679,0.002895185,0.003035455,0.003199063,0.003351923,0.003497397
0.002881648,0.003006642,0.003086727,0.003199042,0.003263406,0.003353989,0.003397117,0.003458475,0.003475335,0.003500767,0.003486756,0.00347099,0.003421783,0.003361067,0.003273544,0.003165622,0.003038227,0.002882191,0.0027153,0.002513439,0.002305836,0.002067352,0.001817896,0.001546372,0.001267413,0.000968653,0.0006652701,0.0003468692,2.804983e-05,-0.0002988058,-0.0006195918,-0.0009477778,-0.00126401,-0.001576705,-0.001880375,-0.002167789,-0.002446889,-0.002701682,-0.002945471,-0.003160468,-0.003360014,-0.003530158,-0.003677109,-0.003799811,-0.003888353,-0.003963995,-0.003990083,-0.004020832,-0.00398452,-0.003969599,-0.003885893,-0.003801432,-0.0037193,-0.003534675,-0.003464159,-0.003241881,-0.003050243,-0.00296924,-0.002643449,-0.002459869,-0.00238974,-0.002074164,-0.001763826,-0.001692422,-0.001573513,-0.001277357,-0.0009625085,-0.0007994677,-0.0007023754,-0.0005987494,-0.0004355944,-0.0002588636,-9.682322e-05,4.534748e-05,0.0001722094,0.0002833574,0.0003929189,0.0005026062,0.0006196245,0.0007338084,0.0008461346,0.0009416838,0.001004521,0.001041551,0.001093277,0.001192614,0.001329142,0.001439849,0.001513097,0.001598825,0.001728101,0.001841648,0.001935488,0.0020606,0.002184648,0.002289616,0.002424639,0.0025367,0.002656711,0.002779133
0.002098226,0.002156727,0.00224872,0.00229479,0.002372197,0.00240456,0.002462578,0.002478466,0.002512141,0.002508648,0.002513563,0.002487647,0.002460679,0.002409648,0.00234866,0.002270821,0.002174816,0.00207,0.0019391,0.00180714,0.001646358,0.001483556,0.001301128,0.001112685,0.0009066096,0.000698491,0.0004768424,0.0002558619,2.513347e-05,-0.0002035042,-0.0004396474,-0.0006654006,-0.0008954497,-0.001116975,-0.001330915,-0.001540249,-0.00173289,-0.001920942,-0.002087536,-0.002247159,-0.002383638,-0.002508375,-0.002613185,-0.002697506,-0.002770188,-0.002809417,-0.002851677,-0.002843363,-0.002856808,-0.002805406,-0.002780608,-0.00271727,-0.002614539,-0.002580249,-0.002401739,-0.002347171,-0.002239268,-0.002001332,-0.001991711,-0.001829306,-0.001545475,-0.001501931,-0.001453205,-0.001169017,-0.0009372124,-0.0008904725,-0.00087343,-0.0007177091,-0.0005098057,-0.0003231624,-0.0002114079,-0.0001292215,-4.813774e-05,3.76015e-05,0.0001243965,0.0002137045,0.0002928525,0.0003615599,0.0004143362,0.0004629809,0.0005084601,0.0005673171,0.0006572487,0.0007730463,0.0008758928,0.0009341021,0.0009589486,0.001013979,0.00111179,0.00120313,0.001256992,0.001331998,0.001432098,0.001505755,0.001584072,0.001683973,0.001755181,0.00184858,0.001931942,0.002008355
0.001259733,0.001322027,0.001343202,0.001400754,0.001416058,0.001463438,0.001470869,0.001504121,0.001502058,0.00151781,0.001504778,0.001500655,0.001474894,0.00144938,0.001409622,0.0013619,0.00130754,0.001237131,0.001168411,0.00107693,0.0009914164,0.0008862222,0.0007804561,0.0006621782,0.0005450255,0.0004155319,0.0002876374,0.0001496615,1.476816e-05,-0.0001260923,-0.0002603354,-0.000402895,-0.0005360661,-0.0006696827,-0.0007998248,-0.0009207291,-0.001041676,-0.001148105,-0.001254402,-0.001344074,-0.001431243,-0.001503007,-0.001566048,-0.001620028,-0.001655273,-0.001693292,-0.001697516,-0.001721796,-0.001694496,-0.001702944,-0.001657176,-0.001623543,-0.001604851,-0.001495326,-0.00150927,-0.001381792,-0.001291615,-0.001318451,-0.001107137,-0.001039968,-0.001088732,-0.0008949511,-0.0007052223,-0.0007520067,-0.00075037,-0.0005693114,-0.0003649779,-0.0003069067,-0.000309985,-0.0003017319,-0.0002288305,-0.0001366198,-5.337157e-05,1.549249e-05,7.409478e-05,0.0001215427,0.0001713557,0.0002247138,0.000288178,0.0003510883,0.0004138099,0.0004608932,0.0004758417,0.0004647431,0.0004672598,0.0005159167,0.0006004103,0.0006578905,0.0006760167,0.0007040281,0.000773156,0.0008249125,0.000854878,0.0009139715,0.0009707593,0.001007406,0.001073173,0.001116288,0.001167526,0.00122265
0.0004308682,0.0004285001,0.0004633241,0.0004570598,0.0004874266,0.0004793314,0.0005038777,0.0004945648,0.0005116619,0.0005013945,0.000509622,0.0004980966,0.0004968008,0.0004834541,0.0004722316,0.000456662,0.0004353522,0.0004177329,0.0003862882,0.0003657325,0.0003278842,0.000298887,0.0002604569,0.0002253191,0.0001808857,0.0001416266,9.488042e-05,5.35304e-05,5.82876e-06,-3.783901e-05,-8.852204e-05,-0.0001298728,-0.0001780121,-0.0002216965,-0.0002633011,-0.0003072411,-0.0003428291,-0.0003833988,-0.0004133545,-0.0004481646,-0.0004727285,-0.0004991543,-0.0005200506,-0.0005352788,-0.0005541159,-0.0005549192,-0.0005741514,-0.000558207,-0.0005788608,-0.000549434,-0.0005602494,-0.0005459666,-0.0005044511,-0.0005424964,-0.0004470377,-0.0004837579,-0.0004755724,-0.0003439024,-0.0004448344,-0.0003979833,-0.0002322913,-0.000307247,-0.0003779336,-0.0002130722,-9.79957e-05,-0.0001647284,-0.0002581101,-0.0002093425,-0.0001036751,-1.401992e-05,6.146513e-06,1.867613e-06,1.529616e-06,1.075281e-05,2.573953e-05,4.759694e-05,6.32749e-05,7.195021e-05,6.760642e-05,6.137828e-05,5.366278e-05,6.034597e-05,9.855034e-05,0.0001626818,0.000213632,0.0002192585,0.0001901912,0.0001893996,0.0002295666,0.0002616497,0.0002544848,0.0002662923,0.000301505,0.0003089669,0.000319741,0.0003512648,0.0003539458,0.0003787847,0.0003946309,0.0004048749
-0.000430867,-0.0004284989,-0.0004633228,-0.0004570584,-0.0004874252,-0.0004793299,-0.0005038761,-0.0004945632,-0.0005116603,-0.0005013929,-0.0005096203,-0.0004980948,-0.000496799,-0.0004834523,-0.0004722297,-0.0004566602,-0.0004353503,-0.0004177311,-0.0003862863,-0.0003657307,-0.0003278824,-0.0002988853,-0.0002604552,-0.0002253174,-0.000180884,-0.000141625,-9.487892e-05,-5.352897e-05,-5.827406e-06,3.784028e-05,8.852322e-05,0.0001298739,0.0001780131,0.0002216974,0.0002633019,0.0003072418,0.0003428297,0.0003833994,0.000413355,0.0004481649,0.0004727288,0.0004991545,0.0005200508,0.0005352788,0.0005541159,0.0005549192,0.0005741513,0.0005582068,0.0005788606,0.0005494337,0.000560249,0.0005459661,0.0005044507,0.0005424959,0.0004470373,0.0004837574,0.000475572,0.0003439019,0.0004448339,0.0003979828,0.0002322908,0.0003072465,0.0003779331,0.0002130717,9.799525e-05,0.0001647279,0.0002581096,0.0002093421,0.0001036748,1.401957e-05,-6.146836e-06,-1.867908e-06,-1.52988e-06,-1.075305e-05,-2.573973e-05,-4.75971e-05,-6.327502e-05,-7.195029e-05,-6.760645e-05,-6.137827e-05,-5.366273e-05,-6.034586e-05,-9.855018e-05,-0.0001626816,-0.0002136318,-0.0002192581,-0.0001901908,-0.0001893992,-0.0002295661,-0.0002616492,-0.0002544842,-0.0002662916,-0.0003015043,-0.0003089661,-0.0003197402,-0.0003512639,-0.0003539449,-0.0003787837,-0.0003946298,-0.0004048737
-0.001259732,-0.001322025,-0.0013432,-0.001400753,-0.001416057,-0.001463436,-0.001470867,-0.00150412,-0.001502057,-0.001517808,-0.001504776,-0.001500653,-0.001474892,-0.001449379,-0.00140962,-0.001361898,-0.001307538,-0.001237129,-0.001168409,-0.001076928,-0.0009914147,-0.0008862205,-0.0007804544,-0.0006621766,-0.0005450239,-0.0004155303,-0.0002876359,-0.0001496601,-1.476685e-05,0.0001260936,0.0002603365,0.0004028961,0.0005360671,0.0006696836,0.0007998255,0.0009207298,0.001041677,0.001148105,0.001254402,0.001344074,0.001431243,0.001503007,0.001566048,0.001620028,0.001655273,0.001693292,0.001697516,0.001721796,0.001694496,0.001702944,0.001657175,0.001623542,0.00160485,0.001495325,0.00150927,0.001381792,0.001291614,0.00131845,0.001107137,0.001039968,0.001088731,0.0008949505,0.0007052217,0.0007520061,0.0007503695,0.0005693109,0.0003649774,0.0003069062,0.0003099846,0.0003017314,0.0002288301,0.0001366194,5.337122e-05,-1.549281e-05,-7.409506e-05,-0.000121543,-0.0001713559,-0.000224714,-0.0002881781,-0.0003510884,-0.0004138099,-0.0004608932,-0.0004758417,-0.0004647429,-0.0004672596,-0.0005159164,-0.00060041,-0.0006578901,-0.0006760162,-0.0007040276,-0.0007731554,-0.0008249119,-0.0008548773,-0.0009139707,-0.0009707584,-0.001007405,-0.001073172,-0.001116287,-0.001167525,-0.001222649
-0.002098225,-0.002156725,-0.002248718,-0.002294789,-0.002372196,-0.002404558,-0.002462577,-0.002478465,-0.002512139,-0.002508647,-0.002513562,-0.002487645,-0.002460678,-0.002409647,-0.002348658,-0.002270819,-0.002174814,-0.002069999,-0.001939098,-0.001807138,-0.001646356,-0.001483554,-0.001301127,-0.001112684,-0.0009066081,-0.0006984896,-0.000476841,-0.0002558607,-2.513229e-05,0.0002035053,0.0004396485,0.0006654015,0.0008954505,0.001116976,0.001330916,0.001540249,0.00173289,0.001920943,0.002087537,0.002247159,0.002383638,0.002508375,0.002613185,0.002697505,0.002770188,0.002809417,0.002851677,0.002843362,0.002856808,0.002805405,0.002780607,0.002717269,0.002614538,0.002580248,0.002401738,0.00234717,0.002239267,0.002001332,0.00199171,0.001829305,0.001545474,0.001501931,0.001453205,0.001169016,0.0009372117,0.0008904719,0.0008734294,0.0007177085,0.0005098052,0.0003231619,0.0002114074,0.000129221,4.813728e-05,-3.760192e-05,-0.0001243969,-0.0002137048,-0.0002928528,-0.0003615601,-0.0004143364,-0.000462981,-0.0005084602,-0.0005673171,-0.0006572486,-0.0007730463,-0.0008758926,-0.0009341019,-0.0009589483,-0.001013978,-0.00111179,-0.00120313,-0.001256991,-0.001331997,-0.001432098,-0.001505755,-0.001584071,-0.001683972,-0.00175518,-0.001848579,-0.001931941,-0.002008353
-0.002881646,-0.00300664,-0.003086725,-0.00319904,-0.003263404,-0.003353987,-0.003397116,-0.003458474,-0.003475334,-0.003500765,-0.003486754,-0.003470988,-0.003421781,-0.003361065,-0.003273543,-0.003165621,-0.003038225,-0.002882189,-0.002715298,-0.002513438,-0.002305835,-0.002067351,-0.001817895,-0.00154637,-0.001267412,-0.0009686517,-0.0006652689,-0.0003468681,-2.804881e-05,0.0002988068,0.0006195926,0.0009477786,0.001264011,0.001576706,0.001880376,0.002167789,0.00244689,0.002701682,0.002945471,0.003160468,0.003360013,0.003530158,0.003677109,0.003799811,0.003888352,0.003963995,0.003990082,0.004020831,0.00398452,0.003969599,0.003885892,0.003801431,0.003719299,0.003534675,0.003464158,0.00324188,0.003050242,0.002969239,0.002643448,0.002459868,0.002389739,0.002074164,0.001763826,0.001692421,0.001573513,0.001277357,0.0009625078,0.0007994671,0.0007023747,0.0005987488,0.0004355939,0.0002588631,9.682281e-05,-4.534784e-05,-0.0001722097,-0.0002833577,-0.0003929191,-0.0005026063,-0.0006196246,-0.0007338084,-0.0008461345,-0.0009416837,-0.001004521,-0.001041551,-0.001093277,-0.001192614,-0.001329142,-0.001439848,-0.001513097,-0.001598825,-0.0017281,-0.001841647,-0.001935487,-0.002060599,-0.002184647,-0.002289615,-0.002424638,-0.002536698,-0.00265671,-0.002779132
-0.003654486,-0.003777803,-0.003931524,-0.004034737,-0.004164607,-0.004242914,-0.004340393,-0.004387377,-0.004443863,-0.004453138,-0.004460855,-0.004426306,-0.004379359,-0.004295891,-0.004190109,-0.004054432,-0.003887706,-0.003699104,-0.003471569,-0.003230485,-0.002948343,-0.002652793,-0.002326739,-0.001984817,-0.001616297,-0.001238066,-0.0008397145,-0.0004369426,-2.061239e-05,0.0003957812,0.0008204356,0.001233684,0.001648889,0.002051393,0.00244078,0.002818403,0.003170755,0.003508613,0.003813738,0.004099593,0.004348826,0.004572155,0.004760519,0.004912941,0.005037827,0.005113124,0.005175496,0.00517109,0.005173277,0.005094949,0.00502955,0.004911332,0.004741442,0.004628802,0.00436045,0.004208775,0.003994561,0.003643843,0.00351865,0.003234645,0.002827478,0.002662306,0.002490952,0.002084019,0.001734074,0.001574075,0.001447319,0.001185542,0.0008776475,0.0005976286,0.0003992504,0.0002362612,8.013099e-05,-7.503487e-05,-0.0002257706,-0.0003741686,-0.000507928,-0.0006276469,-0.0007284374,-0.000823075,-0.0009129141,-0.001015505,-0.001149105,-0.001308879,-0.001456079,-0.001559627,-0.001631785,-0.001737193,-0.001887926,-0.002034149,-0.002145104,-0.002280538,-0.002443385,-0.002581623,-0.002726788,-0.002895184,-0.003035454,-0.003199062,-0.003351922,-0.003497396
-0.004355149,-0.004547219,-0.004691153,-0.004864006,-0.00498346,-0.005123988,-0.005209585,-0.005306339,-0.005349234,-0.005391743,-0.005383782,-0.005363417,-0.005297276,-0.005207635,-0.005077947,-0.004914947,-0.004718869,-0.004480883,-0.004218696,-0.003908498,-0.003580063,-0.003208658,-0.002815099,-0.00238911,-0.001946402,-0.001475709,-0.0009935772,-0.0004909263,1.605072e-05,0.0005334962,0.001045629,0.00156442,0.002068622,0.002565232,0.003046999,0.003505142,0.003946163,0.004352473,0.004736283,0.005078305,0.005391151,0.005659618,0.005889525,0.006078949,0.0062178,0.006327072,0.006369965,0.006401294,0.006348943,0.006303103,0.006172752,0.006028524,0.00587329,0.005603327,0.00543855,0.005110549,0.004807518,0.004609038,0.004158365,0.003850071,0.00365336,0.003207843,0.002770748,0.002577221,0.002337365,0.001923161,0.00149688,0.001230278,0.001035697,0.000840457,0.0005918888,0.0003369827,0.0001038872,-0.0001026415,-0.0002878701,-0.0004520179,-0.0006100936,-0.0007644239,-0.0009230755,-0.001076408,-0.001226265,-0.001358263,-0.001457187,-0.001531062,-0.001621605,-0.001762153,-0.001941875,-0.002097256,-0.002217868,-0.002354826,-0.002538886,-0.002709372,-0.00286329,-0.003051851,-0.003241343,-0.00341374,-0.003618332,-0.003800214,-0.003991104,-0.004183547
-0.005031405,-0.005223182,-0.005443254,-0.005608713,-0.005797098,-0.005927606,-0.006071554,-0.006156574,-0.006243295,-0.006272449,-0.006290269,-0.00625383,-0.006193502,-0.006083435,-0.005938257,-0.005749234,-0.005515596,-0.005246005,-0.00492373,-0.004574389,-0.00417073,-0.003741273,-0.003269451,-0.002770938,-0.002236015,-0.00168289,-0.001102368,-0.0005117391,9.672071e-05,0.0007077575,0.001327994,0.001935827,0.002543171,0.003133306,0.003704318,0.004255818,0.004772639,0.005264223,0.005710688,0.006124554,0.006486981,0.006808134,0.007077777,0.007294687,0.007466632,0.007571437,0.007645959,0.007636032,0.007616404,0.007499093,0.007380314,0.007193166,0.006941481,0.00673549,0.006361205,0.006097277,0.005760738,0.005281614,0.005027016,0.004606893,0.004062937,0.0037653,0.003460917,0.00292152,0.002446538,0.002169013,0.001929637,0.001560122,0.001152736,0.0007823086,0.000502517,0.0002656859,4.297344e-05,-0.0001717774,-0.0003753756,-0.0005706215,-0.0007457218,-0.0009023261,-0.00103635,-0.001161836,-0.001280834,-0.001412154,-0.001574863,-0.001764404,-0.001941991,-0.002077327,-0.002184253,-0.002328912,-0.002522512,-0.002714213,-0.002873808,-0.003062784,-0.003282578,-0.003480444,-0.003688909,-0.00392338,-0.004131195,-0.004364904,-0.004587904,-0.004804333
-0.005624411,-0.005885459,-0.006096055,-0.006333305,-0.006512253,-0.006708002,-0.006841571,-0.006979821,-0.007054759,-0.007120623,-0.007124623,-0.007105461,-0.007027525,-0.006913611,-0.006745538,-0.006530478,-0.006267705,-0.00594873,-0.005591086,-0.005171177,-0.004719469,-0.004211434,-0.00366904,-0.003082755,-0.002469585,-0.001819308,-0.001150146,-0.0004543281,0.0002500642,0.0009676771,0.001680711,0.002399605,0.003100799,0.00378987,0.004457402,0.005093014,0.005701495,0.006263539,0.006790109,0.007260283,0.007685857,0.008050213,0.008358734,0.00860856,0.008789407,0.008922069,0.008969501,0.008987457,0.008903075,0.008809064,0.008612864,0.008388875,0.008139219,0.007761686,0.007480478,0.00702332,0.006586451,0.006248466,0.005650447,0.005197487,0.004855058,0.00426066,0.003680631,0.003351923,0.002979216,0.002436961,0.00189238,0.001518859,0.001225738,0.0009401949,0.0006097576,0.000282967,-1.246687e-05,-0.0002725529,-0.0005036691,-0.0007066724,-0.0008978714,-0.00108022,-0.001262978,-0.001437091,-0.00160595,-0.001755619,-0.001871998,-0.00196452,-0.002076588,-0.002242008,-0.002449357,-0.002634235,-0.002788084,-0.002963665,-0.003191351,-0.003408344,-0.003613334,-0.00385781,-0.004106273,-0.004340851,-0.004611359,-0.004860185,-0.005120705,-0.005382765
-0.006181028,-0.006440776,-0.006727915,-0.006957107,-0.007206659,-0.007392434,-0.007586823,-0.007713903,-0.007835422,-0.007888705,-0.007921024,-0.00788644,-0.007816191,-0.007682011,-0.007499278,-0.007257579,-0.006956747,-0.006604578,-0.006184786,-0.005723102,-0.00519256,-0.004622602,-0.003997228,-0.003333243,-0.002622073,-0.001883392,-0.001109391,-0.0003191349,0.0004935045,0.001311287,0.002139012,0.002952867,0.003763158,0.004550767,0.005312079,0.006044725,0.006731618,0.007380757,0.007970301,0.008511847,0.008984733,0.009398662,0.009741922,0.01001319,0.01021943,0.01033848,0.01040743,0.01037178,0.01030809,0.01012717,0.009928932,0.009644721,0.009282028,0.008952601,0.008440951,0.008034121,0.007543663,0.006905139,0.00649219,0.005906682,0.005198491,0.004744323,0.004284177,0.003591353,0.002974429,0.002566309,0.002203978,0.001719058,0.001208223,0.000747337,0.0003897683,8.583332e-05,-0.0001938662,-0.0004559874,-0.0006978161,-0.0009231131,-0.001120847,-0.001294093,-0.001439875,-0.001573961,-0.001699454,-0.001836827,-0.002006249,-0.002203424,-0.002389485,-0.002535174,-0.002656545,-0.002821708,-0.003040571,-0.0032609,-0.003453451,-0.003682115,-0.003946212,-0.004192172,-0.004454092,-0.004746193,-0.005014288,-0.005312606,-0.005601241,-0.005885742
-0.006636066,-0.006963605,-0.007239589,-0.007541346,-0.00778063,-0.008033605,-0.008217466,-0.008400345,-0.00851035,-0.008602957,-0.00862178,-0.008606592,-0.008518735,-0.008381877,-0.008175561,-0.007907665,-0.007576029,-0.007172715,-0.006714825,-0.00617908,-0.005596627,-0.004943171,-0.004241944,-0.003484296,-0.002688632,-0.001846004,-0.0009764993,-7.388713e-05,0.000841614,0.001772876,0.002699808,0.003631061,0.004540427,0.005431889,0.006293512,0.007113066,0.007893424,0.008613244,0.009282148,0.009877249,0.01040956,0.01086072,0.01123585,0.01153087,0.0117355,0.01187026,0.01189796,0.01187555,0.01172931,0.01155521,0.01125868,0.010919,0.01053721,0.01001316,0.009576518,0.008949831,0.00834,0.007823873,0.007039877,0.006406814,0.005885121,0.005109559,0.004358432,0.003870683,0.003343893,0.002655755,0.001979931,0.001491721,0.001096509,0.0007210991,0.000313242,-7.676375e-05,-0.000421859,-0.0007192228,-0.0009767886,-0.001196542,-0.001396636,-0.001581101,-0.001760864,-0.001927781,-0.002087213,-0.002225888,-0.002331141,-0.002414351,-0.002521129,-0.002685829,-0.00289606,-0.00308635,-0.003250673,-0.003443979,-0.003695978,-0.003941136,-0.004180557,-0.004466173,-0.004760129,-0.00504508,-0.005371558,-0.005678609,-0.00600204,-0.0063282
-0.007019219,-0.007344702,-0.007698189,-0.007991659,-0.008304326,-0.0085481,-0.008796735,-0.008969971,-0.009131013,-0.00921294,-0.009264367,-0.009235598,-0.009158992,-0.009003242,-0.008784645,-0.008490625,-0.008121751,-0.007684703,-0.007163704,-0.006584574,-0.005920566,-0.005202296,-0.004414246,-0.003574629,-0.002676082,-0.001740105,-0.0007603426,0.0002419604,0.001271188,0.002307667,0.003354216,0.004384353,0.005406699,0.006399226,0.00735654,0.008273847,0.009131985,0.009937207,0.01066551,0.01132736,0.01190011,0.01239297,0.01279261,0.01309766,0.01331425,0.01342028,0.0134533,0.01335843,0.01321464,0.01293122,0.01261293,0.01218867,0.01167094,0.01117307,0.01047803,0.009883321,0.00919346,0.008351285,0.007738438,0.00694667,0.006036868,0.005393506,0.0047478,0.003875133,0.003095793,0.002542129,0.002046614,0.001440678,0.0008266736,0.0002812577,-0.0001426415,-0.0004976328,-0.0008138554,-0.001098771,-0.001350506,-0.001574621,-0.001761278,-0.001915866,-0.002037036,-0.002143058,-0.002238111,-0.002345173,-0.002485694,-0.002655841,-0.002816625,-0.00294019,-0.003045341,-0.003202735,-0.003420318,-0.003644116,-0.003846177,-0.004093613,-0.004382751,-0.004659305,-0.004959437,-0.005295878,-0.005612591,-0.005966331,-0.00631279,-0.006659838
-0.007236307,-0.007632568,-0.007978116,-0.008350515,-0.008657565,-0.008976869,-0.009220873,-0.009459458,-0.009615802,-0.009747108,-0.009792339,-0.009792813,-0.009705884,-0.009556519,-0.009321141,-0.009008689,-0.008614953,-0.00813285,-0.007578678,-0.006929669,-0.006217536,-0.005418336,-0.00455663,-0.003624839,-0.002642858,-0.001603283,-0.0005282314,0.0005866753,0.001718829,0.002869,0.004014578,0.005162115,0.00628241,0.007377633,0.008433026,0.00943423,0.010382,0.01125262,0.0120543,0.01276181,0.01338546,0.01390483,0.01432496,0.01464033,0.0148409,0.0149468,0.01492098,0.01482174,0.01457461,0.01427951,0.01383952,0.01334011,0.01278085,0.01206446,0.01142724,0.01058537,0.00975933,0.009023284,0.008012922,0.007164147,0.006431043,0.005445232,0.004499977,0.003836339,0.003143278,0.002302593,0.001495827,0.0009003974,0.0004167558,-2.906189e-05,-0.0004892162,-0.0009117313,-0.001270669,-0.001565041,-0.001805115,-0.001994905,-0.002155286,-0.002292163,-0.002418933,-0.002528941,-0.002630047,-0.002710058,-0.002758149,-0.00278834,-0.002848963,-0.00297498,-0.003152521,-0.003314832,-0.003459135,-0.003643029,-0.003894949,-0.004145978,-0.00440047,-0.004710769,-0.005035947,-0.005359638,-0.005733145,-0.006091503,-0.006473796,-0.006861897
-0.007270136,-0.007675029,-0.00811117,-0.008487617,-0.008884623,-0.009209401,-0.009537394,-0.009783046,-0.01001142,-0.0101503,-0.01025003,-0.01025611,-0.0102024,-0.01005363,-0.009827281,-0.009507866,-0.009096917,-0.008599448,-0.008000348,-0.007325243,-0.006547616,-0.005699269,-0.004765154,-0.003764956,-0.002692659,-0.001571692,-0.0003973079,0.0008068575,0.002043243,0.003289503,0.004546267,0.005784092,0.007009741,0.00819787,0.009341215,0.01043223,0.01144946,0.01239724,0.01324912,0.0140144,0.01466815,0.01521915,0.01565224,0.01596615,0.01616603,0.01623003,0.01619625,0.0160095,0.0157517,0.01533032,0.01485617,0.0142551,0.01354599,0.01284378,0.01192995,0.01111466,0.01019372,0.009119456,0.008282772,0.007263382,0.006135969,0.005294067,0.004458277,0.003406894,0.002474296,0.001791892,0.001186693,0.0004897495,-0.0001900134,-0.0007754348,-0.001214613,-0.001564142,-0.001855703,-0.002098356,-0.002292001,-0.002445065,-0.002549827,-0.002615093,-0.002642047,-0.002652476,-0.002652174,-0.002667517,-0.002721636,-0.002811237,-0.002897129,-0.002953171,-0.003001566,-0.003115769,-0.003300849,-0.003500544,-0.003688551,-0.003935777,-0.004234406,-0.004529395,-0.004859491,-0.005235296,-0.005598727,-0.006009722,-0.006418441,-0.006836066
-0.006963823,-0.007462248,-0.007915136,-0.008399981,-0.008820219,-0.009254986,-0.009611173,-0.009960634,-0.01022059,-0.01045022,-0.01058273,-0.01066118,-0.01063786,-0.01053917,-0.01033746,-0.0100428,-0.009648146,-0.00914726,-0.008555067,-0.0078492,-0.007061671,-0.006168654,-0.005196003,-0.004137039,-0.003013143,-0.001818343,-0.0005769035,0.0007137327,0.002028393,0.003365752,0.004700468,0.00603694,0.007342592,0.008617781,0.009844542,0.01100634,0.0121015,0.01310374,0.01401973,0.01482163,0.01551898,0.01608902,0.01653674,0.01685493,0.0170339,0.01709328,0.01699621,0.01680259,0.01643698,0.01600401,0.01540386,0.01472965,0.01397868,0.01305761,0.01221015,0.01114522,0.01009966,0.009143968,0.007911243,0.006857643,0.005929065,0.004754106,0.003643824,0.002841602,0.0020261,0.001084195,0.0002062547,-0.0004280722,-0.00092472,-0.001358867,-0.001783362,-0.002144991,-0.002420187,-0.002611136,-0.002731922,-0.002789757,-0.002809721,-0.002800619,-0.002779558,-0.002742153,-0.002699985,-0.002642233,-0.002560566,-0.002472192,-0.002428579,-0.002465067,-0.002565633,-0.002661661,-0.002754347,-0.002904012,-0.00313689,-0.003379675,-0.003640951,-0.003972926,-0.004330844,-0.004699743,-0.005131718,-0.005556861,-0.006018715,-0.006493349
-0.006216338,-0.006764822,-0.007354536,-0.007891509,-0.008457055,-0.008952818,-0.009456146,-0.009874906,-0.01027627,-0.01058124,-0.0108421,-0.01099797,-0.01108431,-0.01106034,-0.0109448,-0.01071788,-0.01038204,-0.009939387,-0.009375343,-0.008714397,-0.007930025,-0.007054559,-0.006073139,-0.005006428,-0.003849616,-0.002627634,-0.001337298,-4.351772e-06,0.001371711,0.002766017,0.004176883,0.005571926,0.006955938,0.008300049,0.009594981,0.01083023,0.01198178,0.01305188,0.01401126,0.01486799,0.0155943,0.0161986,0.01666323,0.01698718,0.01717405,0.01720243,0.01711055,0.01684299,0.0164846,0.01594079,0.01532911,0.01457161,0.01369478,0.01281481,0.01171176,0.01071042,0.009595991,0.008332762,0.007321701,0.006128445,0.004844027,0.00387237,0.002921641,0.001773939,0.0007797502,6.919012e-05,-0.0005373301,-0.001209634,-0.001832,-0.002327178,-0.002645502,-0.002848976,-0.002972526,-0.003028445,-0.003020068,-0.002960185,-0.002844792,-0.002687572,-0.002493573,-0.002289367,-0.002083492,-0.001906523,-0.001783777,-0.001712234,-0.00165224,-0.001579446,-0.001520009,-0.001549941,-0.001670097,-0.001821109,-0.001978854,-0.002218234,-0.002525799,-0.002845805,-0.003220214,-0.003656628,-0.004095045,-0.004599136,-0.005112474,-0.005650796
-0.004779167,-0.005486466,-0.006165125,-0.006891856,-0.007565212,-0.008265546,-0.00889299,-0.009521111,-0.01005952,-0.01056909,-0.01097539,-0.01132281,-0.01155664,-0.01170422,-0.01173194,-0.0116505,-0.01144825,-0.01111921,-0.01067545,-0.01009432,-0.009407051,-0.008589101,-0.007666873,-0.006633901,-0.005512395,-0.004297334,-0.003014701,-0.001663373,-0.0002708259,0.001159723,0.002600236,0.004053008,0.005481915,0.00688554,0.008242232,0.009533165,0.01075377,0.01187489,0.01290117,0.01380166,0.01458477,0.01522469,0.01572605,0.01607921,0.01627459,0.01633071,0.01621059,0.01597536,0.01554817,0.01503859,0.01434292,0.01356291,0.01269241,0.01164307,0.01066609,0.009462229,0.008287209,0.007206431,0.0058508,0.00469933,0.003688004,0.002442686,0.001294768,0.0004901382,-0.0003043477,-0.001196016,-0.001985,-0.002489249,-0.002822633,-0.003062443,-0.003263494,-0.003372519,-0.003369989,-0.003263373,-0.00307261,-0.002810024,-0.002507001,-0.002176896,-0.001842132,-0.001501709,-0.001172369,-0.0008449522,-0.0005142846,-0.0002013285,3.894332e-05,0.0001712406,0.0002147578,0.0002404817,0.0002424629,0.0001576474,-3.693698e-05,-0.0002627368,-0.0005338977,-0.0009019907,-0.001317827,-0.001768794,-0.002307783,-0.002859307,-0.003472802,-0.004117064
-0.002462836,-0.003319786,-0.004245214,-0.005141912,-0.006091201,-0.006987805,-0.007910069,-0.008757259,-0.009597715,-0.01034318,-0.01104691,-0.01163899,-0.01215542,-0.01254721,-0.01283333,-0.01298708,-0.01301079,-0.0129014,-0.01264378,-0.01225942,-0.01172068,-0.01105905,-0.01025875,-0.00934038,-0.008299529,-0.007161874,-0.005925187,-0.004616836,-0.003237887,-0.001815579,-0.0003538736,0.001111833,0.002584311,0.004030721,0.005439482,0.006796458,0.008074569,0.00927326,0.01035962,0.01133979,0.01218219,0.01289413,0.01345439,0.01386158,0.01411666,0.01419809,0.01414325,0.01389594,0.01354337,0.01298803,0.01235444,0.01155937,0.01063804,0.00970671,0.008544285,0.007491218,0.006320331,0.005010081,0.003971779,0.002755576,0.001471571,0.000534998,-0.0003595585,-0.001425593,-0.002294375,-0.00283706,-0.003240201,-0.003675285,-0.004019408,-0.004195801,-0.004157949,-0.003974952,-0.003686904,-0.003311253,-0.002856891,-0.002343271,-0.001772195,-0.001164445,-0.0005307431,9.566871e-05,0.0007023692,0.001252986,0.001719215,0.002103538,0.00244579,0.002767922,0.00303876,0.00317941,0.003194349,0.003146195,0.003055567,0.002842825,0.002528433,0.002167805,0.001714779,0.001165423,0.0005811477,-0.000106366,-0.0008327318,-0.001619852
0.001017297,-0.0001360844,-0.001302803,-0.002556634,-0.00378957,-0.005081463,-0.00632302,-0.007587859,-0.008774697,-0.009944409,-0.01101131,-0.01201952,-0.01290357,-0.01369018,-0.01433622,-0.01485148,-0.01521651,-0.01542418,-0.01548091,-0.01536249,-0.01509718,-0.01465849,-0.01407179,-0.01332987,-0.01245452,-0.01144118,-0.0103167,-0.009081216,-0.007764117,-0.006370668,-0.004931591,-0.003447179,-0.001957497,-0.0004663229,0.001000135,0.00241987,0.003784399,0.005060485,0.006249654,0.007316428,0.008266981,0.009070862,0.009731435,0.0102349,0.010571,0.01075546,0.01075052,0.01061712,0.01027632,0.00984179,0.009204881,0.00847622,0.007644685,0.006627641,0.005683339,0.004503575,0.00336499,0.002326316,0.001017138,-5.825961e-05,-0.0009743487,-0.002107677,-0.003104061,-0.003713904,-0.004282385,-0.004910269,-0.005386731,-0.00552557,-0.005448519,-0.005235597,-0.004944039,-0.004521485,-0.003953033,-0.003253203,-0.002449807,-0.001562991,-0.0006330808,0.0003191443,0.001263214,0.00219415,0.003087601,0.003948825,0.004777554,0.005546248,0.00619422,0.006684867,0.007040323,0.007332667,0.007548962,0.007622256,0.007533414,0.007365932,0.007097849,0.006678495,0.006161954,0.005557004,0.004810494,0.004004013,0.003081284,0.002083043
0.00579356,0.004308961,0.002699303,0.001066482,-0.0006676085,-0.002387915,-0.004170833,-0.00590333,-0.00765211,-0.009315495,-0.01094501,-0.01245739,-0.01388667,-0.01517153,-0.0163288,-0.01732111,-0.01814864,-0.01879982,-0.01925735,-0.01953702,-0.01960858,-0.0195009,-0.019196,-0.01871329,-0.01804802,-0.01722595,-0.01624553,-0.01513569,-0.01389927,-0.01256629,-0.01114359,-0.009670401,-0.008146895,-0.006611252,-0.005078397,-0.003567818,-0.002111018,-0.0007131753,0.0005875458,0.001793539,0.002867616,0.003814392,0.00460719,0.00524285,0.005717792,0.006009169,0.00615187,0.006087828,0.00590541,0.005503082,0.005011967,0.004342068,0.003538068,0.002714722,0.001650494,0.0007017216,-0.0003719983,-0.001576127,-0.002488597,-0.00357451,-0.004702233,-0.005443455,-0.006116148,-0.006928463,-0.007489936,-0.00767009,-0.007660086,-0.007632551,-0.007454677,-0.007047783,-0.00636653,-0.005486495,-0.004453803,-0.003292066,-0.002018066,-0.0006611338,0.0007673587,0.002234858,0.003719921,0.005177058,0.006585049,0.007895632,0.009072585,0.01011372,0.01105533,0.01191329,0.0126475,0.01317398,0.01350238,0.01369755,0.01377434,0.01364733,0.01334573,0.01292348,0.01232971,0.01156595,0.01069508,0.009644366,0.008488938,0.007200028
0.01193468,0.009948569,0.007874752,0.005646959,0.003382596,0.00100618,-0.001359574,-0.003784746,-0.006152488,-0.008520351,-0.01078643,-0.01299148,-0.0150545,-0.01699887,-0.01876743,-0.02036682,-0.02176582,-0.02295448,-0.02393036,-0.02466642,-0.02518564,-0.0254587,-0.02550864,-0.02532704,-0.0249347,-0.02432765,-0.0235337,-0.02255495,-0.02142343,-0.0201476,-0.01876194,-0.01727098,-0.01572036,-0.01411802,-0.01249671,-0.01088351,-0.009293051,-0.007764722,-0.006302261,-0.004947925,-0.003699711,-0.002594894,-0.001633049,-0.0008342777,-0.0002108264,0.0002482315,0.0005034346,0.0006138702,0.000497719,0.0002717337,-0.0001785615,-0.0007335664,-0.001410735,-0.002285934,-0.003094692,-0.004153527,-0.005163718,-0.006073231,-0.007252142,-0.008168795,-0.008906052,-0.009841387,-0.01059475,-0.01090723,-0.01113291,-0.01136307,-0.01137094,-0.010958,-0.01024841,-0.009321255,-0.008233038,-0.006930148,-0.005400632,-0.003667943,-0.001771682,0.0002538449,0.002351484,0.004483836,0.006602559,0.0086869,0.01069505,0.01261963,0.01444649,0.01613335,0.01760771,0.01882763,0.01981671,0.02064612,0.02129319,0.02168638,0.02181258,0.02176104,0.0215005,0.0209837,0.02027178,0.01936957,0.01822631,0.01693204,0.01542407,0.0137572
0.01920851,0.01669058,0.01396355,0.01113566,0.008136544,0.005094462,0.001939044,-0.001199903,-0.004383667,-0.007492125,-0.01057162,-0.01352043,-0.01636765,-0.0190348,-0.02153417,-0.02381348,-0.02586905,-0.02767741,-0.029218,-0.03049851,-0.0314856,-0.03220427,-0.03263432,-0.0327937,-0.03267803,-0.03231352,-0.03170065,-0.03087099,-0.029831,-0.02861507,-0.02723507,-0.02573602,-0.02412356,-0.02244363,-0.02071676,-0.01897038,-0.01724275,-0.01554615,-0.01392629,-0.0123868,-0.01097257,-0.00968353,-0.008553829,-0.007589731,-0.006801175,-0.006213109,-0.005794699,-0.005606228,-0.005559357,-0.00575977,-0.006070229,-0.006587835,-0.007257759,-0.007967476,-0.008937394,-0.009795303,-0.01079336,-0.01191947,-0.01273891,-0.01372926,-0.01473565,-0.01531089,-0.01577944,-0.0163414,-0.01657618,-0.01633997,-0.01581903,-0.01518184,-0.01427649,-0.013012,-0.01133692,-0.009330466,-0.007048974,-0.004528475,-0.001804409,0.001071028,0.004061413,0.00710624,0.01015704,0.013141,0.01601499,0.01870672,0.02116293,0.02337136,0.02536135,0.02714044,0.02865732,0.02982412,0.03065932,0.03123245,0.03155268,0.03153102,0.03121044,0.03064412,0.02977787,0.02862297,0.02724455,0.02556756,0.0236817,0.02155127
0.02720625,0.02406018,0.02072773,0.01715497,0.01346998,0.009605965,0.005702117,0.001696057,-0.002275686,-0.006263438,-0.0101445,-0.01395285,-0.01758742,-0.0210655,-0.02431195,-0.02732837,-0.03006865,-0.03251902,-0.03466601,-0.03647968,-0.03797679,-0.03912563,-0.03994728,-0.04043312,-0.04060413,-0.04045862,-0.04002725,-0.0393162,-0.03836241,-0.03717997,-0.03580974,-0.03426313,-0.0325941,-0.03081724,-0.02897473,-0.02710086,-0.02521915,-0.02337704,-0.02158589,-0.01989632,-0.01831234,-0.01687934,-0.01560115,-0.01450511,-0.01360612,-0.0128987,-0.01242413,-0.01212558,-0.01208736,-0.01218979,-0.01255256,-0.01304668,-0.0136957,-0.01456693,-0.01539004,-0.01648673,-0.01753627,-0.01848933,-0.01971342,-0.02064692,-0.02137281,-0.02226519,-0.02291167,-0.02302714,-0.02296382,-0.02279482,-0.02226391,-0.02113971,-0.01953711,-0.01752871,-0.01517007,-0.01241139,-0.009254072,-0.005750382,-0.001974744,0.001998739,0.006070289,0.01016276,0.01419165,0.01810807,0.02184371,0.02537522,0.02867172,0.03167476,0.03430203,0.03651134,0.03833602,0.0398518,0.04102852,0.04179411,0.04214816,0.04218869,0.04187424,0.04116501,0.04013135,0.03877272,0.03704332,0.03504257,0.03270034,0.03008943
0.0352621,0.03158325,0.02759398,0.02340702,0.01896347,0.01440584,0.009673573,0.004916158,8.150266e-05,-0.004687885,-0.009429787,-0.0140198,-0.0184794,-0.0227091,-0.02671503,-0.030427,-0.03383699,-0.03690758,-0.03961566,-0.0419599,-0.0439055,-0.04547391,-0.04664471,-0.0474359,-0.04784598,-0.04790365,-0.0476143,-0.04701449,-0.04611726,-0.04496387,-0.04357427,-0.04200161,-0.0402597,-0.03840446,-0.03646422,-0.03447645,-0.03248772,-0.03051907,-0.02862476,-0.02681542,-0.02514425,-0.02361614,-0.02227284,-0.02112344,-0.02018401,-0.0194807,-0.01898637,-0.01876206,-0.01871906,-0.01896534,-0.01935713,-0.01999666,-0.02081793,-0.02170934,-0.02288728,-0.02396353,-0.02519605,-0.02655474,-0.02758517,-0.02876933,-0.02992606,-0.03057246,-0.03102232,-0.03146093,-0.03141712,-0.03070695,-0.02949545,-0.02794622,-0.02588413,-0.02320321,-0.01985473,-0.01594631,-0.01158645,-0.006865523,-0.001877754,0.003269225,0.00848763,0.01367217,0.01874224,0.02360453,0.02820812,0.0324689,0.03632779,0.03977597,0.0428491,0.04555854,0.04784872,0.0496369,0.05095928,0.05189367,0.05244029,0.05250673,0.05215203,0.05142365,0.05026055,0.04868391,0.04675566,0.04439644,0.04170951,0.03864784
0.04268961,0.03857351,0.03415095,0.02938334,0.02440736,0.01916846,0.01382308,0.00832042,0.002819197,-0.002719968,-0.008150415,-0.01349639,-0.01863377,-0.02357195,-0.02821567,-0.0325611,-0.0365461,-0.04015408,-0.04336048,-0.04613464,-0.04848803,-0.0503893,-0.05185957,-0.05289291,-0.05351295,-0.05372348,-0.05356045,-0.05303707,-0.05219753,-0.05106408,-0.0496861,-0.04808395,-0.0463213,-0.04442067,-0.04243495,-0.04040607,-0.03836717,-0.03637342,-0.03444391,-0.03263656,-0.03096098,-0.02946921,-0.02816818,-0.02709065,-0.02625242,-0.02565154,-0.02532885,-0.025228,-0.02543313,-0.02582021,-0.02651101,-0.02736608,-0.02841176,-0.02970463,-0.03096622,-0.03251702,-0.03401406,-0.03539794,-0.03702899,-0.03830528,-0.03928611,-0.04033227,-0.04098206,-0.04088687,-0.04038028,-0.03951338,-0.03799221,-0.03554378,-0.03229767,-0.02836172,-0.0238377,-0.01873909,-0.01314824,-0.007212944,-0.001080677,0.005116911,0.01123385,0.01716534,0.0228282,0.02820352,0.03325294,0.03797599,0.04234076,0.04628146,0.0497231,0.05264299,0.05510068,0.05717741,0.05882865,0.05997577,0.06062835,0.06088324,0.06067579,0.05996815,0.05883135,0.05724767,0.05517185,0.05270399,0.04975988,0.04642764
0.04884714,0.04456755,0.03985445,0.0348199,0.02941971,0.02380894,0.01794081,0.01198502,0.005902731,-0.0001395876,-0.006167855,-0.01203344,-0.0177483,-0.02319115,-0.02836172,-0.03317213,-0.03761133,-0.04162924,-0.04520279,-0.0483236,-0.05095874,-0.05312864,-0.05481598,-0.05604169,-0.05681007,-0.05715493,-0.05708892,-0.05665563,-0.05587628,-0.05480044,-0.05345682,-0.05190716,-0.0501733,-0.04832079,-0.04638478,-0.04441196,-0.0424551,-0.0405427,-0.03873478,-0.03704713,-0.035538,-0.03421499,-0.03312374,-0.03227358,-0.03168289,-0.03137613,-0.03132623,-0.03159181,-0.03208074,-0.03289958,-0.03389593,-0.03517231,-0.03664959,-0.03821157,-0.04006495,-0.04180164,-0.04366925,-0.04561697,-0.04714699,-0.04872473,-0.05013146,-0.05080923,-0.05103052,-0.05096684,-0.05007591,-0.04811677,-0.04525727,-0.04173791,-0.03745095,-0.03234539,-0.02642924,-0.01993827,-0.0131673,-0.006322468,0.0004641151,0.007088707,0.0134701,0.01952869,0.02525713,0.03067045,0.03580913,0.04059621,0.04494578,0.04885941,0.0524137,0.05564395,0.05847627,0.06081709,0.06270613,0.06421001,0.065294,0.06584652,0.06592926,0.06556379,0.06466805,0.06326347,0.06139293,0.05896495,0.05608736,0.05269264
0.05332692,0.04914329,0.04450455,0.03938949,0.03393953,0.02811555,0.02208999,0.01582718,0.009507949,0.003106656,-0.003206072,-0.009443479,-0.01545918,-0.02125529,-0.02671818,-0.03184082,-0.03654771,-0.04082294,-0.04463392,-0.04795341,-0.05079054,-0.05311837,-0.05496078,-0.05631756,-0.05721712,-0.05767069,-0.05772053,-0.05738755,-0.05672317,-0.05575725,-0.0545464,-0.05311819,-0.05154359,-0.04985046,-0.04809931,-0.04633596,-0.04459972,-0.04294894,-0.04140681,-0.0400336,-0.03884078,-0.0378817,-0.03716259,-0.03671632,-0.03655581,-0.03667751,-0.03711798,-0.03781672,-0.03885354,-0.04009636,-0.04166351,-0.04340217,-0.04533285,-0.04749637,-0.04959553,-0.05193384,-0.05413822,-0.05610444,-0.05817231,-0.05966879,-0.06058173,-0.06125101,-0.06114914,-0.05982373,-0.05762852,-0.05467753,-0.05069885,-0.04546352,-0.03935238,-0.0326682,-0.02558053,-0.01830316,-0.01115631,-0.004343253,0.002118374,0.008216282,0.01388131,0.0191085,0.02399415,0.02873826,0.03341695,0.03798179,0.04228101,0.04624869,0.04990636,0.05325287,0.05632145,0.05914884,0.06163966,0.06367748,0.06526279,0.06646406,0.06717029,0.06733172,0.06700348,0.06613301,0.06466785,0.06269354,0.06010417,0.05699522
0.05597816,0.05222323,0.04789135,0.04308823,0.03778638,0.03214972,0.02614776,0.01996789,0.01358647,0.007191329,0.0007689195,-0.005511398,-0.01165339,-0.01751849,-0.02310291,-0.02830626,-0.0331184,-0.03748176,-0.04137756,-0.04479482,-0.04770635,-0.05013483,-0.05206857,-0.05353364,-0.05454078,-0.05512948,-0.05531866,-0.05515802,-0.05467426,-0.05392281,-0.05293685,-0.05178304,-0.0504861,-0.04911664,-0.04771034,-0.04631819,-0.04499223,-0.04376357,-0.04269067,-0.04179001,-0.04111739,-0.04067893,-0.04051682,-0.0406368,-0.04105249,-0.04178306,-0.04279469,-0.04413983,-0.04571659,-0.04762506,-0.04969842,-0.05203022,-0.05452109,-0.05703403,-0.05975036,-0.06222375,-0.06465331,-0.06695469,-0.06853072,-0.06979926,-0.07049425,-0.06993333,-0.06835029,-0.06598891,-0.06229075,-0.0570886,-0.05066561,-0.04357352,-0.03631783,-0.02896325,-0.02126369,-0.01389237,-0.007521341,-0.002094362,0.002630968,0.006851336,0.01073417,0.01443861,0.01815399,0.0220417,0.0261664,0.03023497,0.03394978,0.03753714,0.04132458,0.04519511,0.04886786,0.05222868,0.05531066,0.05814068,0.06061872,0.06260081,0.06413597,0.06520189,0.06568316,0.06559239,0.06493707,0.06360864,0.06170714,0.05913812
0.05687948,0.05381828,0.05014512,0.04585528,0.04108858,0.03582178,0.03023785,0.02431651,0.01825502,0.01204063,0.005861187,-0.0002880594,-0.006246096,-0.01201162,-0.01746069,-0.0225876,-0.02731111,-0.03162027,-0.03548077,-0.03887214,-0.04180547,-0.04426001,-0.04626474,-0.04782445,-0.04897292,-0.04972568,-0.05012999,-0.05020945,-0.05001957,-0.04959095,-0.04898302,-0.04822256,-0.04738255,-0.04648744,-0.04559945,-0.04475887,-0.04400585,-0.04339214,-0.04294029,-0.0427033,-0.0426904,-0.0429468,-0.04347491,-0.04429843,-0.04542486,-0.04683971,-0.04857262,-0.05054937,-0.05284146,-0.05529876,-0.05802787,-0.06085133,-0.06376518,-0.06677625,-0.06953929,-0.0723048,-0.07464665,-0.07634731,-0.07771403,-0.07795989,-0.07695891,-0.07508968,-0.0718253,-0.06661732,-0.06001553,-0.05278596,-0.04473538,-0.03526795,-0.02626719,-0.0184534,-0.01167767,-0.006656755,-0.003050515,-0.0004778803,0.001325692,0.002714797,0.00414042,0.005957857,0.008220187,0.0108121,0.01365917,0.01692188,0.02040626,0.02430943,0.02865764,0.03283063,0.0368621,0.04097178,0.04494813,0.04859576,0.05192052,0.05495281,0.05752461,0.05956924,0.06111537,0.06206453,0.06235215,0.06203579,0.06098258,0.05928643
0.05629761,0.05416592,0.05132835,0.0478795,0.04380319,0.03926447,0.0342473,0.02894613,0.02335288,0.01766257,0.01187551,0.006164412,0.0005365852,-0.00487187,-0.01004887,-0.01490244,-0.01941573,-0.02354471,-0.02726385,-0.03057982,-0.03345634,-0.03593754,-0.0379983,-0.03968833,-0.04100133,-0.04200047,-0.04268365,-0.04312444,-0.04332427,-0.04336241,-0.04324276,-0.04305573,-0.0427931,-0.04255038,-0.04232568,-0.04219637,-0.04217389,-0.04231657,-0.04263979,-0.04318827,-0.04397202,-0.04502651,-0.04634531,-0.04796445,-0.04984487,-0.05203681,-0.05444786,-0.05716213,-0.06001084,-0.06312504,-0.06625995,-0.06953172,-0.0727468,-0.07576569,-0.07865041,-0.08093951,-0.08265806,-0.08375034,-0.08335777,-0.08194816,-0.07917919,-0.07429384,-0.06755717,-0.05987455,-0.0501215,-0.03914709,-0.02828397,-0.01783374,-0.009249965,-0.003294284,-0.0009164639,-0.0002852289,-8.994723e-05,2.884682e-05,9.902783e-05,0.0001560207,0.0001948976,0.0002470705,0.0003369818,0.0005101347,0.000935226,0.002219633,0.005201661,0.009326061,0.01383674,0.0182887,0.02283706,0.02751272,0.0319899,0.03645734,0.04073148,0.04465202,0.04822831,0.05141906,0.05404059,0.05611264,0.05757595,0.05831477,0.05839444,0.05769892
0.0545239,0.0534648,0.0517102,0.04919536,0.04611662,0.04238937,0.03826848,0.03366981,0.02887045,0.02378826,0.01869332,0.01350442,0.008464482,0.003491382,-0.001210038,-0.005723025,-0.009885657,-0.01377958,-0.01728883,-0.02048706,-0.02330195,-0.02580603,-0.02794278,-0.02980852,-0.03134756,-0.0326661,-0.03371745,-0.03461464,-0.03531487,-0.03593718,-0.03643861,-0.03693447,-0.03739166,-0.03792281,-0.03848159,-0.03919699,-0.03999795,-0.04102663,-0.04219134,-0.04363781,-0.04525773,-0.04719147,-0.04932004,-0.05176411,-0.05440443,-0.05732359,-0.06041697,-0.06370526,-0.06711532,-0.07058835,-0.07406913,-0.07746683,-0.08057746,-0.08348081,-0.08557855,-0.08717424,-0.08761784,-0.086661,-0.08442919,-0.08018916,-0.07357138,-0.06541061,-0.05485588,-0.04225491,-0.02833872,-0.01454393,-0.00469117,-0.001138786,-0.0003281636,-0.0001714322,-0.0001404595,-4.543592e-05,-1.794654e-05,-7.01685e-06,1.362692e-06,-3.759551e-06,-8.249519e-06,-3.848512e-05,-4.602922e-05,-5.659526e-05,-1.480116e-05,-4.803494e-05,-2.285541e-05,0.0002952113,0.001456839,0.004544454,0.009082519,0.01391372,0.01873943,0.02358699,0.0283852,0.03309815,0.03757051,0.04165154,0.0453863,0.04856375,0.0511544,0.05311121,0.05432288,0.05480782
0.05186183,0.05197921,0.05136058,0.04999866,0.04794943,0.04529684,0.04209693,0.03847548,0.0344929,0.03028042,0.02590061,0.02146351,0.01703205,0.01267949,0.008468377,0.004428349,0.0006234929,-0.002962755,-0.006258769,-0.00932889,-0.01208974,-0.01463996,-0.01690437,-0.01898357,-0.02081886,-0.0225192,-0.02402811,-0.02546045,-0.02676149,-0.0280478,-0.02926604,-0.03054017,-0.0318044,-0.03318536,-0.03462318,-0.03622481,-0.03794429,-0.03986773,-0.04195454,-0.04427528,-0.04678542,-0.04954407,-0.05249081,-0.05568169,-0.05902179,-0.06257518,-0.0661876,-0.06994731,-0.0736139,-0.07730886,-0.08070626,-0.08388698,-0.0865631,-0.0884985,-0.08962224,-0.08936862,-0.08761109,-0.08434767,-0.07829402,-0.07014865,-0.05964777,-0.04599221,-0.0296907,-0.01315586,-0.00333269,-0.0005483131,-0.000344725,-0.0003384751,-0.0001942864,-0.0002017766,NaN,NaN,NaN,NaN,NaN,NaN,NaN,NaN,NaN,NaN,NaN,-5.572107e-05,-9.035268e-05,-0.0001097601,-0.0001087474,-0.0001256936,0.0005157273,0.002691175,0.006844902,0.01164474,0.01658725,0.02151885,0.02650946,0.03136442,0.03591026,0.04006638,0.04378621,0.04682132,0.049278,0.05091335
0.04848187,0.04983348,0.05045635,0.0502492,0.04940805,0.04781317,0.04574116,0.04307093,0.0401121,0.03673962,0.03326072,0.02954431,0.02587256,0.02210752,0.01849571,0.01489409,0.01150964,0.008198938,0.005127786,0.002160646,-0.0005749146,-0.003211513,-0.005632162,-0.007990805,-0.0101651,-0.01231775,-0.01432898,-0.01636734,-0.01831127,-0.02033525,-0.02231232,-0.02441433,-0.02651925,-0.02879775,-0.03111122,-0.03364887,-0.03624352,-0.03910108,-0.04202935,-0.04524201,-0.04852495,-0.05209066,-0.05570688,-0.05956928,-0.06343365,-0.06745723,-0.07139215,-0.07532933,-0.07902592,-0.08249149,-0.08546596,-0.08794166,-0.08944215,-0.09013582,-0.08901294,-0.0864745,-0.08158498,-0.07433333,-0.06421604,-0.05095452,-0.03395021,-0.01521434,-0.00351433,-0.0005103898,-0.0004990275,-0.0004781615,-0.0003304067,NaN,NaN,NaN,NaN,NaN,NaN,NaN,NaN,NaN,NaN,NaN,NaN,NaN,NaN,NaN,NaN,NaN,-0.0001083233,-0.0001522824,-0.0001359463,-0.0001986293,0.0002924436,0.002341325,0.006398598,0.01115783,0.01614222,0.02124187,0.02635162,0.03126062,0.03584503,0.03997835,0.04348674,0.04635131
0.04457278,0.04709617,0.048976,0.04999339,0.05033987,0.04992393,0.04893848,0.04735549,0.04536663,0.04296078,0.04032329,0.03742924,0.03445594,0.0313483,0.0282765,0.02514878,0.02213194,0.01909603,0.01621223,0.01331167,0.01057576,0.007810092,0.005187836,0.002520984,-3.429384e-05,-0.002665294,-0.005219294,-0.007881192,-0.01050195,-0.01326076,-0.01601261,-0.0189368,-0.0218796,-0.02501696,-0.02820501,-0.03159449,-0.03505989,-0.03872525,-0.04247573,-0.04641299,-0.0504235,-0.05458898,-0.0587837,-0.06307429,-0.06730094,-0.0715201,-0.07550696,-0.07931506,-0.08262314,-0.085484,-0.08749535,-0.08863333,-0.08856867,-0.08686312,-0.08333496,-0.07709624,-0.06800803,-0.05648261,-0.04053547,-0.02077748,-0.005278174,-0.0007058305,-0.0005805852,-0.0006359518,-0.0003765529,NaN,NaN,NaN,NaN,NaN,NaN,NaN,NaN,NaN,NaN,NaN,NaN,NaN,NaN,NaN,NaN,NaN,NaN,NaN,NaN,NaN,-0.0001363881,-0.0001945778,-0.0001489141,-0.0002290552,0.000427397,0.002864452,0.00725269,0.01206668,0.01723775,0.02251475,0.02784465,0.03270044,0.0373105,0.04118033
0.04006333,0.04380896,0.04689654,0.04913232,0.05069894,0.05143106,0.05159316,0.0510514,0.05009133,0.04859858,0.04684011,0.04471504,0.0424487,0.03995178,0.03739807,0.03471124,0.03201111,0.02923965,0.02646253,0.02364882,0.02081395,0.01795008,0.01504955,0.01210391,0.009098695,0.006036168,0.002886919,-0.0003332546,-0.003665593,-0.007081042,-0.01063049,-0.01426325,-0.01805118,-0.02192271,-0.02595198,-0.03006433,-0.03432583,-0.03865537,-0.04311635,-0.04760895,-0.05219926,-0.05675416,-0.06134835,-0.06579097,-0.07017387,-0.07421281,-0.07802732,-0.08119121,-0.08386543,-0.08544842,-0.08614437,-0.08525756,-0.08288802,-0.07839955,-0.07139976,-0.06088565,-0.04740766,-0.02901397,-0.01006231,-0.001512478,-0.0005522147,-0.0007759211,-0.0004015646,NaN,NaN,NaN,NaN,NaN,NaN,NaN,NaN,NaN,NaN,NaN,NaN,NaN,NaN,NaN,NaN,NaN,NaN,NaN,NaN,NaN,NaN,NaN,NaN,NaN,-0.0001893184,-0.0001896864,-0.0001985885,-0.0001490281,0.0009919481,0.004360908,0.00916896,0.01433145,0.01991019,0.0253937,0.03070856,0.03563157
0.03502544,0.03992128,0.04409211,0.04762157,0.05026498,0.05227072,0.05342764,0.05405837,0.05397014,0.05350128,0.0524684,0.05119061,0.04949011,0.04764857,0.04549324,0.04326139,0.04078884,0.03826771,0.03555036,0.03278398,0.02984374,0.02684549,0.02366945,0.02043179,0.0170084,0.01351092,0.009823357,0.006053983,0.002094149,-0.001948532,-0.006176292,-0.01048809,-0.01496788,-0.01951851,-0.02422346,-0.02896831,-0.03384424,-0.03871791,-0.04367969,-0.04858108,-0.05350013,-0.05827448,-0.06295269,-0.06736151,-0.07149256,-0.07516351,-0.07826948,-0.08061964,-0.08197086,-0.08211585,-0.08070605,-0.07745414,-0.07218442,-0.06417511,-0.0533802,-0.03823327,-0.01932237,-0.004037556,-0.0006293117,-0.000722374,-0.000574083,NaN,NaN,NaN,NaN,NaN,NaN,NaN,NaN,NaN,NaN,NaN,NaN,NaN,NaN,NaN,NaN,NaN,NaN,NaN,NaN,NaN,NaN,NaN,NaN,NaN,NaN,NaN,NaN,NaN,-0.0002275735,-0.0001803164,-0.0002438583,0.0001762862,0.002561109,0.007098689,0.0124019,0.01809129,0.0239231,0.02964898
0.02943027,0.03531397,0.04058509,0.0452085,0.04906286,0.05212938,0.05445861,0.05603997,0.05700113,0.05732943,0.05717752,0.05652485,0.05551752,0.05412422,0.05246892,0.05051068,0.04834647,0.04593178,0.04333557,0.04051944,0.03752797,0.03432573,0.03095955,0.02737404,0.02363481,0.01967644,0.01557589,0.01125967,0.006819687,0.00217264,-0.002571686,-0.007500189,-0.01249442,-0.01764766,-0.02281226,-0.02810768,-0.03334347,-0.03866517,-0.04383929,-0.04902924,-0.05395623,-0.05879173,-0.06320713,-0.06736509,-0.07088126,-0.07388578,-0.07592749,-0.07707389,-0.07677923,-0.0750514,-0.07117358,-0.06532837,-0.05636963,-0.04525762,-0.02915059,-0.0112545,-0.001685845,-0.0005575196,-0.000779363,NaN,NaN,NaN,NaN,NaN,NaN,NaN,NaN,NaN,NaN,NaN,NaN,NaN,NaN,NaN,NaN,NaN,NaN,NaN,NaN,NaN,NaN,NaN,NaN,NaN,NaN,NaN,NaN,NaN,NaN,NaN,NaN,NaN,-0.0001976154,-0.0002270012,-0.0001113303,0.001371978,0.005549769,0.01113282,0.01699864,0.02333632
0.02339924,0.02992371,0.03623511,0.04186666,0.046843,0.05100237,0.05439917,0.05700764,0.05889557,0.06010123,0.06069649,0.06073624,0.06028786,0.05939532,0.05811707,0.05647405,0.05451795,0.05224371,0.04970417,0.04686781,0.04379531,0.04044194,0.03685959,0.03302131,0.02896092,0.02466535,0.02016192,0.01545274,0.01055753,0.005496648,0.0002805691,-0.005057011,-0.01050466,-0.01601123,-0.02158229,-0.0271269,-0.03267714,-0.03809727,-0.04343906,-0.04852121,-0.0534058,-0.05786145,-0.06194703,-0.06537699,-0.06818715,-0.07003152,-0.07089687,-0.07036204,-0.06834324,-0.06428645,-0.05812564,-0.0489982,-0.03750316,-0.02168042,-0.005707432,-0.00081451,-0.0006050506,-0.0005670718,NaN,NaN,NaN,NaN,NaN,NaN,NaN,NaN,NaN,NaN,NaN,NaN,NaN,NaN,NaN,NaN,NaN,NaN,NaN,NaN,NaN,NaN,NaN,NaN,NaN,NaN,NaN,NaN,NaN,NaN,NaN,NaN,NaN,NaN,NaN,-0.0002303298,-0.000205975,-0.0002115188,0.0006389689,0.004557016,0.01038531,0.01662244
0.0167034,0.02389576,0.03092102,0.0375394,0.04351705,0.04875188,0.05319517,0.05680434,0.05962938,0.06167411,0.06302608,0.06371495,0.06382372,0.06339303,0.06247903,0.06112752,0.05935987,0.05722959,0.05472152,0.0519052,0.04873269,0.04528651,0.04151223,0.03748342,0.03315582,0.02860369,0.02378593,0.01878005,0.0135514,0.00817985,0.002639436,-0.002980891,-0.008707694,-0.01444417,-0.02019841,-0.02588296,-0.03147534,-0.03689421,-0.04208764,-0.04696835,-0.05145526,-0.05544037,-0.05881449,-0.06142664,-0.06314517,-0.06374718,-0.0630891,-0.06083723,-0.05683476,-0.05061379,-0.04193624,-0.03047566,-0.01600936,-0.003004168,-0.0005232051,-0.0006378808,-0.0003798698,NaN,NaN,NaN,NaN,NaN,NaN,NaN,NaN,NaN,NaN,NaN,NaN,NaN,NaN,NaN,NaN,NaN,NaN,NaN,NaN,NaN,NaN,NaN,NaN,NaN,NaN,NaN,NaN,NaN,NaN,NaN,NaN,NaN,NaN,NaN,NaN,NaN,-0.0002433808,-0.000188462,-0.0002360562,0.0003047985,0.003942225,0.009986263
0.009753089,0.01712443,0.02472015,0.03212707,0.03902658,0.04530751,0.05074528,0.05538576,0.05910636,0.06203089,0.06410525,0.06547091,0.0661131,0.06615291,0.06559703,0.06452841,0.06296957,0.06095992,0.05854185,0.05571052,0.05253333,0.04897451,0.04511041,0.04090494,0.03643467,0.03166023,0.02667035,0.02142347,0.01602066,0.01042071,0.004737111,-0.001076692,-0.006883264,-0.0127317,-0.01847503,-0.02414567,-0.02959235,-0.03482905,-0.0396883,-0.04417021,-0.04807492,-0.05139382,-0.0538725,-0.0555071,-0.05595765,-0.05525192,-0.05291952,-0.04906459,-0.0430135,-0.03499051,-0.02402893,-0.01123513,-0.001746892,-0.0004094111,-0.0005598952,NaN,NaN,NaN,NaN,NaN,NaN,NaN,NaN,NaN,NaN,NaN,NaN,NaN,NaN,NaN,NaN,NaN,NaN,NaN,NaN,NaN,NaN,NaN,NaN,NaN,NaN,NaN,NaN,NaN,NaN,NaN,NaN,NaN,NaN,NaN,NaN,NaN,NaN,NaN,NaN,NaN,-0.0001865813,-0.0002321007,0.0001507803,0.003426136
0.003018374,0.009736341,0.01766138,0.02559779,0.03341752,0.04056825,0.04708927,0.0526373,0.05737164,0.06108645,0.06399357,0.06597281,0.06723447,0.06770679,0.06756718,0.06677277,0.06545503,0.0635948,0.06127392,0.05850143,0.05531311,0.05174196,0.04780389,0.0435347,0.0389476,0.03409069,0.02896872,0.02364556,0.01812095,0.01247493,0.006704213,0.0009127216,-0.00491486,-0.01065044,-0.01630416,-0.0217379,-0.02694694,-0.03177707,-0.03621356,-0.0400708,-0.04333156,-0.04576012,-0.04735168,-0.04779304,-0.04712377,-0.04491361,-0.0413087,-0.03568321,-0.02839919,-0.01838448,-0.007334411,-0.001051162,-0.0003518373,-0.0004175464,NaN,NaN,NaN,NaN,NaN,NaN,NaN,NaN,NaN,NaN,NaN,NaN,NaN,NaN,NaN,NaN,NaN,NaN,NaN,NaN,NaN,NaN,NaN,NaN,NaN,NaN,NaN,NaN,NaN,NaN,NaN,NaN,NaN,NaN,NaN,NaN,NaN,NaN,NaN,NaN,NaN,NaN,NaN,-0.0001907711,-0.0002149108,8.823949e-05
1.098517e-05,0.002441792,0.009616449,0.0182102,0.02654824,0.03471529,0.0420509,0.04869993,0.05426266,0.05896764,0.06257649,0.06534793,0.06713794,0.06818876,0.06840928,0.06800048,0.06690434,0.06527112,0.063072,0.06040468,0.05727071,0.0537287,0.04979363,0.04551585,0.04091501,0.03603227,0.03090364,0.02556341,0.02006466,0.01443837,0.008755411,0.003038851,-0.002611573,-0.008177333,-0.01354336,-0.01867752,-0.02345418,-0.02782751,-0.03165041,-0.03487158,-0.03730841,-0.03891764,-0.03946272,-0.03893825,-0.03702623,-0.03381864,-0.02885837,-0.02245886,-0.01378568,-0.004573775,-0.0006281479,-0.0003103953,-0.0002896074,NaN,NaN,NaN,NaN,NaN,NaN,NaN,NaN,NaN,NaN,NaN,NaN,NaN,NaN,NaN,NaN,NaN,NaN,NaN,NaN,NaN,NaN,NaN,NaN,NaN,NaN,NaN,NaN,NaN,NaN,NaN,NaN,NaN,NaN,NaN,NaN,NaN,NaN,NaN,NaN,NaN,NaN,NaN,NaN,NaN,-0.0001867345,-0.0002003776
-0.0001652353,-1.829819e-05,0.002094416,0.009738087,0.01884198,0.02753224,0.03591628,0.04335704,0.05000312,0.05549118,0.06004822,0.06347016,0.066006,0.06753983,0.06830069,0.06822085,0.06748799,0.06606512,0.06409025,0.06155493,0.05854964,0.05508739,0.05123662,0.04701064,0.0424739,0.03764885,0.03259234,0.02733977,0.02194517,0.01645758,0.01093143,0.005436612,2.083883e-05,-0.005225924,-0.01024552,-0.01494284,-0.01924027,-0.02303481,-0.02623621,-0.02872446,-0.03040902,-0.03114366,-0.03086277,-0.02938068,-0.02670807,-0.02259053,-0.01722682,-0.01014058,-0.002815391,-0.0003638033,-0.0002503738,-0.0001996905,NaN,NaN,NaN,NaN,NaN,NaN,NaN,NaN,NaN,NaN,NaN,NaN,NaN,NaN,NaN,NaN,NaN,NaN,NaN,NaN,NaN,NaN,NaN,NaN,NaN,NaN,NaN,NaN,NaN,NaN,NaN,NaN,NaN,NaN,NaN,NaN,NaN,NaN,NaN,NaN,NaN,NaN,NaN,NaN,NaN,NaN,NaN,-0.0001915763
-0.0001772024,-0.0001239438,-2.507385e-05,0.001946596,0.00998139,0.01948261,0.02843392,0.03692323,0.04436431,0.05089947,0.05622191,0.06054348,0.06370793,0.06594309,0.06717255,0.06760237,0.06719863,0.06612664,0.06438088,0.06207903,0.05924003,0.05594509,0.05221938,0.04813724,0.04372134,0.03903987,0.03412449,0.02904085,0.02383078,0.01856219,0.01328797,0.008075146,0.002997029,-0.001875945,-0.006465015,-0.01067913,-0.01444228,-0.01764468,-0.02020961,-0.02202112,-0.02299947,-0.02304352,-0.02207004,-0.02003735,-0.01685391,-0.01262979,-0.007196343,-0.001715623,-0.0001884689,-0.0001723981,-0.000136313,NaN,NaN,NaN,NaN,NaN,NaN,NaN,NaN,NaN,NaN,NaN,NaN,NaN,NaN,NaN,NaN,NaN,NaN,NaN,NaN,NaN,NaN,NaN,NaN,NaN,NaN,NaN,NaN,NaN,NaN,NaN,NaN,NaN,NaN,NaN,NaN,NaN,NaN,NaN,NaN,NaN,NaN,NaN,NaN,NaN,NaN,NaN,NaN,NaN
NaN,-0.0001579195,-9.662956e-05,-1.190687e-05,0.0019136,0.01025856,0.02006093,0.02917132,0.0376549,0.04499687,0.0513315,0.05641226,0.06043481,0.06329148,0.06518857,0.06608966,0.06617744,0.06545291,0.06405798,0.06201993,0.05943734,0.05635245,0.0528433,0.04894542,0.04473394,0.04024595,0.03555156,0.03069366,0.02574315,0.02074965,0.01578875,0.01092315,0.006227288,0.001773954,-0.002347484,-0.006071868,-0.009288494,-0.01194392,-0.01391771,-0.01517112,-0.01559432,-0.01517041,-0.0138382,-0.01161601,-0.008565911,-0.004741217,-0.0009824693,-6.220608e-05,-8.72874e-05,-8.140448e-05,NaN,NaN,NaN,NaN,NaN,NaN,NaN,NaN,NaN,NaN,NaN,NaN,NaN,NaN,NaN,NaN,NaN,NaN,NaN,NaN,NaN,NaN,NaN,NaN,NaN,NaN,NaN,NaN,NaN,NaN,NaN,NaN,NaN,NaN,NaN,NaN,NaN,NaN,NaN,NaN,NaN,NaN,NaN,NaN,NaN,NaN,NaN,NaN,NaN,NaN
NaN,NaN,-0.0001337523,-6.857858e-05,1.554113e-05,0.001952461,0.01052232,0.02051489,0.02967777,0.0380564,0.04521254,0.05127412,0.05605525,0.05973601,0.06225605,0.06380112,0.06437305,0.0641318,0.06311274,0.06143534,0.0591566,0.05636214,0.05310915,0.04947625,0.04551155,0.04128795,0.0368555,0.03228574,0.02763219,0.02297031,0.01835786,0.01387156,0.009580434,0.005566305,0.001891804,-0.001342032,-0.004092757,-0.00624699,-0.00778994,-0.008617071,-0.00875664,-0.008142238,-0.006868816,-0.004972433,-0.002650547,-0.0004472474,3.641339e-05,-6.636454e-06,-2.697668e-05,NaN,NaN,NaN,NaN,NaN,NaN,NaN,NaN,NaN,NaN,NaN,NaN,NaN,NaN,NaN,NaN,NaN,NaN,NaN,NaN,NaN,NaN,NaN,NaN,NaN,NaN,NaN,NaN,NaN,NaN,NaN,NaN,NaN,NaN,NaN,NaN,NaN,NaN,NaN,NaN,NaN,NaN,NaN,NaN,NaN,NaN,NaN,NaN,NaN,NaN,NaN
NaN,NaN,NaN,-0.0001067623,-3.989704e-05,5.249588e-05,0.002026261,0.01073598,0.02081273,0.02992438,0.03810904,0.04500458,0.05073756,0.05517769,0.05849319,0.06066677,0.0618655,0.06212652,0.06158824,0.06031821,0.05841662,0.05596308,0.05303762,0.04970806,0.04605008,0.04212682,0.03800801,0.03375636,0.02944161,0.02512685,0.02088541,0.01678573,0.0128987,0.009291999,0.00604709,0.003208879,0.000870559,-0.0009587002,-0.002193773,-0.002879615,-0.002973677,-0.002599846,-0.001800791,-0.0008539611,-1.745471e-05,0.0001197885,6.772998e-05,2.840181e-05,NaN,NaN,NaN,NaN,NaN,NaN,NaN,NaN,NaN,NaN,NaN,NaN,NaN,NaN,NaN,NaN,NaN,NaN,NaN,NaN,NaN,NaN,NaN,NaN,NaN,NaN,NaN,NaN,NaN,NaN,NaN,NaN,NaN,NaN,NaN,NaN,NaN,NaN,NaN,NaN,NaN,NaN,NaN,NaN,NaN,NaN,NaN,NaN,NaN,NaN,NaN,NaN
NaN,NaN,NaN,NaN,-7.910707e-05,-9.992433e-06,9.663764e-05,0.0021276,0.01089169,0.02093755,0.02989838,0.03780859,0.044383,0.04974526,0.05381964,0.05676264,0.05859598,0.05946904,0.05945144,0.05866217,0.05719516,0.05513874,0.05258398,0.04961088,0.0462965,0.04271306,0.03893337,0.03502592,0.03106059,0.0271069,0.02323177,0.01950229,0.01598631,0.01275026,0.009841228,0.007333929,0.005233661,0.003609506,0.002403853,0.001650457,0.001185877,0.0009724335,0.0007024691,0.0003485998,0.0001941996,0.0001336414,8.259691e-05,NaN,NaN,NaN,NaN,NaN,NaN,NaN,NaN,NaN,NaN,NaN,NaN,NaN,NaN,NaN,NaN,NaN,NaN,NaN,NaN,NaN,NaN,NaN,NaN,NaN,NaN,NaN,NaN,NaN,NaN,NaN,NaN,NaN,NaN,NaN,NaN,NaN,NaN,NaN,NaN,NaN,NaN,NaN,NaN,NaN,NaN,NaN,NaN,NaN,NaN,NaN,NaN,NaN
NaN,NaN,NaN,NaN,NaN,-4.889631e-05,2.165235e-05,0.000148057,0.002253948,0.01098458,0.02088253,0.02960118,0.03716811,0.04337232,0.04833629,0.05203469,0.0546103,0.056122,0.05670023,0.0564459,0.05545937,0.05385454,0.05171297,0.04913352,0.04619124,0.04297475,0.03955023,0.03599944,0.03238459,0.02878056,0.02524781,0.02185702,0.01865911,0.01571042,0.01306086,0.01072423,0.008744073,0.007068186,0.005704414,0.004500013,0.003386481,0.002032102,0.000671129,0.0002614466,0.0001903066,0.0001350377,NaN,NaN,NaN,NaN,NaN,NaN,NaN,NaN,NaN,NaN,NaN,NaN,NaN,NaN,NaN,NaN,NaN,NaN,NaN,NaN,NaN,NaN,NaN,NaN,NaN,NaN,NaN,NaN,NaN,NaN,NaN,NaN,NaN,NaN,NaN,NaN,NaN,NaN,NaN,NaN,NaN,NaN,NaN,NaN,NaN,NaN,NaN,NaN,NaN,NaN,NaN,NaN,NaN,NaN
NaN,NaN,NaN,NaN,NaN,NaN,-1.848489e-05,5.317273e-05,0.0002041907,0.00239474,0.01099794,0.02064184,0.02903446,0.03619984,0.04199893,0.04655042,0.04987248,0.05209561,0.05331111,0.05363325,0.05318608,0.05205918,0.05037345,0.04820966,0.04567102,0.0428277,0.03977267,0.03656778,0.033296,0.03001388,0.02679283,0.02367849,0.02073071,0.01798247,0.01545531,0.013172,0.01108573,0.009189383,0.007327162,0.005429858,0.003182992,0.0009829395,0.0003292451,0.000242107,0.0001820909,NaN,NaN,NaN,NaN,NaN,NaN,NaN,NaN,NaN,NaN,NaN,NaN,NaN,NaN,NaN,NaN,NaN,NaN,NaN,NaN,NaN,NaN,NaN,NaN,NaN,NaN,NaN,NaN,NaN,NaN,NaN,NaN,NaN,NaN,NaN,NaN,NaN,NaN,NaN,NaN,NaN,NaN,NaN,NaN,NaN,NaN,NaN,NaN,NaN,NaN,NaN,NaN,NaN,NaN,NaN
NaN,NaN,NaN,NaN,NaN,NaN,NaN,1.307449e-05,8.412347e-05,0.0002666203,0.002540532,0.01091961,0.02020676,0.02820359,0.03492396,0.04029541,0.04442809,0.04738179,0.0492725,0.05022185,0.05032787,0.0497302,0.04851225,0.04679687,0.04465978,0.04220868,0.03950679,0.03664776,0.03368494,0.03069623,0.0277249,0.02483278,0.02204218,0.01938355,0.01686254,0.01444108,0.012097,0.009687958,0.007131249,0.004122262,0.001235458,0.0003867179,0.0002860897,0.0002280307,NaN,NaN,NaN,NaN,NaN,NaN,NaN,NaN,NaN,NaN,NaN,NaN,NaN,NaN,NaN,NaN,NaN,NaN,NaN,NaN,NaN,NaN,NaN,NaN,NaN,NaN,NaN,NaN,NaN,NaN,NaN,NaN,NaN,NaN,NaN,NaN,NaN,NaN,NaN,NaN,NaN,NaN,NaN,NaN,NaN,NaN,NaN,NaN,NaN,NaN,NaN,NaN,NaN,NaN,NaN,NaN
NaN,NaN,NaN,NaN,NaN,NaN,NaN,NaN,4.371299e-05,0.0001142554,0.0003307679,0.002666571,0.01072214,0.01956911,0.02711319,0.0333577,0.03828578,0.04200061,0.04459785,0.0461802,0.046891,0.04681816,0.04610431,0.0448303,0.04311902,0.04103802,0.0386944,0.03614151,0.03346869,0.03071529,0.02794907,0.02518647,0.02246929,0.01978463,0.01711667,0.01441939,0.01157457,0.008487157,0.004900639,0.001495679,0.0004467363,0.0003231043,0.0002650869,NaN,NaN,NaN,NaN,NaN,NaN,NaN,NaN,NaN,NaN,NaN,NaN,NaN,NaN,NaN,NaN,NaN,NaN,NaN,NaN,NaN,NaN,NaN,NaN,NaN,NaN,NaN,NaN,NaN,NaN,NaN,NaN,NaN,NaN,NaN,NaN,NaN,NaN,NaN,NaN,NaN,NaN,NaN,NaN,NaN,NaN,NaN,NaN,NaN,NaN,NaN,NaN,NaN,NaN,NaN,NaN,NaN
NaN,NaN,NaN,NaN,NaN,NaN,NaN,NaN,NaN,7.366653e-05,0.000143577,0.0003966873,0.002761011,0.01039172,0.01872231,0.02577094,0.03151515,0.03599171,0.03929401,0.04154814,0.04284475,0.04333835,0.04311216,0.04230447,0.04099092,0.0392915,0.03726492,0.03501054,0.03256919,0.03001547,0.02736876,0.02467545,0.02191778,0.01909305,0.01614829,0.01298516,0.00949476,0.005479199,0.001716939,0.0005016996,0.0003568558,0.0003003778,NaN,NaN,NaN,NaN,NaN,NaN,NaN,NaN,NaN,NaN,NaN,NaN,NaN,NaN,NaN,NaN,NaN,NaN,NaN,NaN,NaN,NaN,NaN,NaN,NaN,NaN,NaN,NaN,NaN,NaN,NaN,NaN,NaN,NaN,NaN,NaN,NaN,NaN,NaN,NaN,NaN,NaN,NaN,NaN,NaN,NaN,NaN,NaN,NaN,NaN,NaN,NaN,NaN,NaN,NaN,NaN,NaN,NaN
NaN,NaN,NaN,NaN,NaN,NaN,NaN,NaN,NaN,8.952233e-05,0.0001019459,0.0001723092,0.000460094,0.002805268,0.009905439,0.0176575,0.02417616,0.02940349,0.03342563,0.03632171,0.03824252,0.03926978,0.03955685,0.03918391,0.03828423,0.03692285,0.03521235,0.03319741,0.03096483,0.02853539,0.02596323,0.02323222,0.02035588,0.01726751,0.01390483,0.01014748,0.005851369,0.001893113,0.0005534543,0.0003795679,0.0003283962,0.0003018292,NaN,NaN,NaN,NaN,NaN,NaN,NaN,NaN,NaN,NaN,NaN,NaN,NaN,NaN,NaN,NaN,NaN,NaN,NaN,NaN,NaN,NaN,NaN,NaN,NaN,NaN,NaN,NaN,NaN,NaN,NaN,NaN,NaN,NaN,NaN,NaN,NaN,NaN,NaN,NaN,NaN,NaN,NaN,NaN,NaN,NaN,NaN,NaN,NaN,NaN,NaN,NaN,NaN,NaN,NaN,NaN,NaN,NaN
NaN,NaN,NaN,NaN,NaN,NaN,NaN,NaN,NaN,NaN,0.0001137056,0.000128897,0.0001999168,0.0005183348,0.002782462,0.009246097,0.01636509,0.0223292,0.02702983,0.03059229,0.03308794,0.0346766,0.03543738,0.03551405,0.03498113,0.03396236,0.03251144,0.03072517,0.02863095,0.02629169,0.02370064,0.02088106,0.01776903,0.01432377,0.01041887,0.005998055,0.002013644,0.0006002098,0.0003991528,0.0003504315,0.0003292887,NaN,NaN,NaN,NaN,NaN,NaN,NaN,NaN,NaN,NaN,NaN,NaN,NaN,NaN,NaN,NaN,NaN,NaN,NaN,NaN,NaN,NaN,NaN,NaN,NaN,NaN,NaN,NaN,NaN,NaN,NaN,NaN,NaN,NaN,NaN,NaN,NaN,NaN,NaN,NaN,NaN,NaN,NaN,NaN,NaN,NaN,NaN,NaN,NaN,NaN,NaN,NaN,NaN,NaN,NaN,NaN,NaN,NaN,NaN
NaN,NaN,NaN,NaN,NaN,NaN,NaN,NaN,NaN,NaN,NaN,0.0001360022,0.000153589,0.0002256127,0.0005658033,0.002674964,0.008402006,0.01483886,0.02022631,0.0243894,0.02748432,0.02957894,0.03082516,0.03130268,0.03114381,0.03041202,0.02921528,0.02759093,0.02561359,0.02328705,0.02064101,0.01762766,0.01422532,0.01030558,0.005897405,0.002042403,0.0006352814,0.0004125233,0.0003667424,0.0003492152,NaN,NaN,NaN,NaN,NaN,NaN,NaN,NaN,NaN,NaN,NaN,NaN,NaN,NaN,NaN,NaN,NaN,NaN,NaN,NaN,NaN,NaN,NaN,NaN,NaN,NaN,NaN,NaN,NaN,NaN,NaN,NaN,NaN,NaN,NaN,NaN,NaN,NaN,NaN,NaN,NaN,NaN,NaN,NaN,NaN,NaN,NaN,NaN,NaN,NaN,NaN,NaN,NaN,NaN,NaN,NaN,NaN,NaN,NaN,NaN
NaN,NaN,NaN,NaN,NaN,NaN,NaN,NaN,NaN,NaN,NaN,NaN,0.0001569307,0.0001759596,0.0002496962,0.0005990818,0.002487365,0.007380226,0.01307503,0.01785476,0.0214726,0.02408476,0.0257627,0.02664448,0.02680249,0.02635535,0.02535186,0.02387813,0.02194812,0.01960631,0.01681947,0.01358326,0.009782616,0.005551266,0.002010424,0.0006603241,0.0004206217,0.0003766682,0.0003646545,NaN,NaN,NaN,NaN,NaN,NaN,NaN,NaN,NaN,NaN,NaN,NaN,NaN,NaN,NaN,NaN,NaN,NaN,NaN,NaN,NaN,NaN,NaN,NaN,NaN,NaN,NaN,NaN,NaN,NaN,NaN,NaN,NaN,NaN,NaN,NaN,NaN,NaN,NaN,NaN,NaN,NaN,NaN,NaN,NaN,NaN,NaN,NaN,NaN,NaN,NaN,NaN,NaN,NaN,NaN,NaN,NaN,NaN,NaN,NaN,NaN
NaN,NaN,NaN,NaN,NaN,NaN,NaN,NaN,NaN,NaN,NaN,NaN,NaN,0.0001752691,0.0001960229,0.0002711735,0.0006147571,0.002223528,0.006200085,0.01106834,0.01519573,0.01825632,0.02036179,0.02158999,0.02206374,0.02184301,0.0210243,0.01963691,0.01773803,0.01531455,0.01236588,0.008834153,0.004953118,0.00188637,0.0006704233,0.0004262648,0.0003818934,0.0003729628,NaN,NaN,NaN,NaN,NaN,NaN,NaN,NaN,NaN,NaN,NaN,NaN,NaN,NaN,NaN,NaN,NaN,NaN,NaN,NaN,NaN,NaN,NaN,NaN,NaN,NaN,NaN,NaN,NaN,NaN,NaN,NaN,NaN,NaN,NaN,NaN,NaN,NaN,NaN,NaN,NaN,NaN,NaN,NaN,NaN,NaN,NaN,NaN,NaN,NaN,NaN,NaN,NaN,NaN,NaN,NaN,NaN,NaN,NaN,NaN,NaN,NaN
NaN,NaN,NaN,NaN,NaN,NaN,NaN,NaN,NaN,NaN,NaN,NaN,NaN,0.0001694915,0.0001917646,0.0002140331,0.0002890408,0.000610128,0.00189734,0.004919294,0.008832069,0.01223538,0.01470357,0.01627122,0.01700217,0.01699886,0.01630917,0.01499839,0.01307104,0.01055232,0.007459187,0.004145118,0.001682261,0.0006627601,0.0004245919,0.0003830268,0.0003766971,0.0003659491,NaN,NaN,NaN,NaN,NaN,NaN,NaN,NaN,NaN,NaN,NaN,NaN,NaN,NaN,NaN,NaN,NaN,NaN,NaN,NaN,NaN,NaN,NaN,NaN,NaN,NaN,NaN,NaN,NaN,NaN,NaN,NaN,NaN,NaN,NaN,NaN,NaN,NaN,NaN,NaN,NaN,NaN,NaN,NaN,NaN,NaN,NaN,NaN,NaN,NaN,NaN,NaN,NaN,NaN,NaN,NaN,NaN,NaN,NaN,NaN,NaN,NaN
NaN,NaN,NaN,NaN,NaN,NaN,NaN,NaN,NaN,NaN,NaN,NaN,NaN,NaN,0.0001873379,0.0002058863,0.0002291531,0.0003019256,0.0005849535,0.001538391,0.003632501,0.006444777,0.009001086,0.01079198,0.01175448,0.01191747,0.01134464,0.01007255,0.008158961,0.005719894,0.003212821,0.001422076,0.0006351036,0.0004196317,0.0003786685,0.0003754428,0.0003714292,NaN,NaN,NaN,NaN,NaN,NaN,NaN,NaN,NaN,NaN,NaN,NaN,NaN,NaN,NaN,NaN,NaN,NaN,NaN,NaN,NaN,NaN,NaN,NaN,NaN,NaN,NaN,NaN,NaN,NaN,NaN,NaN,NaN,NaN,NaN,NaN,NaN,NaN,NaN,NaN,NaN,NaN,NaN,NaN,NaN,NaN,NaN,NaN,NaN,NaN,NaN,NaN,NaN,NaN,NaN,NaN,NaN,NaN,NaN,NaN,NaN,NaN,NaN
NaN,NaN,NaN,NaN,NaN,NaN,NaN,NaN,NaN,NaN,NaN,NaN,NaN,NaN,NaN,0.0002024868,0.0002179272,0.0002415074,0.0003099556,0.0005423261,0.001185815,0.002467804,0.004150823,0.005692479,0.006668488,0.006933115,0.006475963,0.005383168,0.003849444,0.002277933,0.001139188,0.0005909219,0.0004099166,0.0003714687,0.0003692494,0.0003714273,NaN,NaN,NaN,NaN,NaN,NaN,NaN,NaN,NaN,NaN,NaN,NaN,NaN,NaN,NaN,NaN,NaN,NaN,NaN,NaN,NaN,NaN,NaN,NaN,NaN,NaN,NaN,NaN,NaN,NaN,NaN,NaN,NaN,NaN,NaN,NaN,NaN,NaN,NaN,NaN,NaN,NaN,NaN,NaN,NaN,NaN,NaN,NaN,NaN,NaN,NaN,NaN,NaN,NaN,NaN,NaN,NaN,NaN,NaN,NaN,NaN,NaN,NaN,NaN
NaN,NaN,NaN,NaN,NaN,NaN,NaN,NaN,NaN,NaN,NaN,NaN,NaN,NaN,NaN,0.0002012952,0.0002145095,0.0002272824,0.0002511198,0.0003117243,0.000488058,0.0008782162,0.001541449,0.002315367,0.002918092,0.003116954,0.002855806,0.002229413,0.00148279,0.0008730291,0.0005333514,0.0003950824,0.0003612313,0.0003594904,0.00036579,0.0003693064,NaN,NaN,NaN,NaN,NaN,NaN,NaN,NaN,NaN,NaN,NaN,NaN,NaN,NaN,NaN,NaN,NaN,NaN,NaN,NaN,NaN,NaN,NaN,NaN,NaN,NaN,NaN,NaN,NaN,NaN,NaN,NaN,NaN,NaN,NaN,NaN,NaN,NaN,NaN,NaN,NaN,NaN,NaN,NaN,NaN,NaN,NaN,NaN,NaN,NaN,NaN,NaN,NaN,NaN,NaN,NaN,NaN,NaN,NaN,NaN,NaN,NaN,NaN,NaN
NaN,NaN,NaN,NaN,NaN,NaN,NaN,NaN,NaN,NaN,NaN,NaN,NaN,NaN,NaN,NaN,0.0002119956,0.000223157,0.0002339616,0.0002573564,0.0003076647,0.0004289316,0.0006391486,0.0009172004,0.00115933,0.001253076,0.001149691,0.0009115103,0.0006529719,0.0004697466,0.0003750868,0.0003479615,0.0003462353,0.0003550125,0.0003622336,NaN,NaN,NaN,NaN,NaN,NaN,NaN,NaN,NaN,NaN,NaN,NaN,NaN,NaN,NaN,NaN,NaN,NaN,NaN,NaN,NaN,NaN,NaN,NaN,NaN,NaN,NaN,NaN,NaN,NaN,NaN,NaN,NaN,NaN,NaN,NaN,NaN,NaN,NaN,NaN,NaN,NaN,NaN,NaN,NaN,NaN,NaN,NaN,NaN,NaN,NaN,NaN,NaN,NaN,NaN,NaN,NaN,NaN,NaN,NaN,NaN,NaN,NaN,NaN,NaN
NaN,NaN,NaN,NaN,NaN,NaN,NaN,NaN,NaN,NaN,NaN,NaN,NaN,NaN,NaN,NaN,NaN,0.0002174814,0.0002270141,0.0002363173,0.000258201,0.0002975858,0.0003714887,0.0004689423,0.0005593279,0.0005965333,0.0005653391,0.0004858052,0.0004041721,0.0003499532,0.0003298204,0.000328001,0.0003378475,0.000347277,NaN,NaN,NaN,NaN,NaN,NaN,NaN,NaN,NaN,NaN,NaN,NaN,NaN,NaN,NaN,NaN,NaN,NaN,NaN,NaN,NaN,NaN,NaN,NaN,NaN,NaN,NaN,NaN,NaN,NaN,NaN,NaN,NaN,NaN,NaN,NaN,NaN,NaN,NaN,NaN,NaN,NaN,NaN,NaN,NaN,NaN,NaN,NaN,NaN,NaN,NaN,NaN,NaN,NaN,NaN,NaN,NaN,NaN,NaN,NaN,NaN,NaN,NaN,NaN,NaN,NaN
NaN,NaN,NaN,NaN,NaN,NaN,NaN,NaN,NaN,NaN,NaN,NaN,NaN,NaN,NaN,NaN,NaN,0.0002081879,0.0002150566,0.0002231986,0.0002316851,0.0002506044,0.000279613,0.0003192641,0.0003555426,0.0003743196,0.0003658033,0.0003417429,0.0003164643,0.0003040182,0.0003023709,0.0003114052,0.0003215582,0.0003323806,NaN,NaN,NaN,NaN,NaN,NaN,NaN,NaN,NaN,NaN,NaN,NaN,NaN,NaN,NaN,NaN,NaN,NaN,NaN,NaN,NaN,NaN,NaN,NaN,NaN,NaN,NaN,NaN,NaN,NaN,NaN,NaN,NaN,NaN,NaN,NaN,NaN,NaN,NaN,NaN,NaN,NaN,NaN,NaN,NaN,NaN,NaN,NaN,NaN,NaN,NaN,NaN,NaN,NaN,NaN,NaN,NaN,NaN,NaN,NaN,NaN,NaN,NaN,NaN,NaN,NaN
NaN,NaN,NaN,NaN,NaN,NaN,NaN,NaN,NaN,NaN,NaN,NaN,NaN,NaN,NaN,NaN,NaN,NaN,0.0001953493,0.0002001064,0.0002071437,0.0002154217,0.0002302425,0.0002489889,0.0002677115,0.0002780543,0.000278371,0.0002713963,0.0002654377,0.000265161,0.0002716869,0.0002806435,0.0002920092,NaN,NaN,NaN,NaN,NaN,NaN,NaN,NaN,NaN,NaN,NaN,NaN,NaN,NaN,NaN,NaN,NaN,NaN,NaN,NaN,NaN,NaN,NaN,NaN,NaN,NaN,NaN,NaN,NaN,NaN,NaN,NaN,NaN,NaN,NaN,NaN,NaN,NaN,NaN,NaN,NaN,NaN,NaN,NaN,NaN,NaN,NaN,NaN,NaN,NaN,NaN,NaN,NaN,NaN,NaN,NaN,NaN,NaN,NaN,NaN,NaN,NaN,NaN,NaN,NaN,NaN,NaN
NaN,NaN,NaN,NaN,NaN,NaN,NaN,NaN,NaN,NaN,NaN,NaN,NaN,NaN,NaN,NaN,NaN,NaN,0.0001606866,0.0001653409,0.0001687886,0.0001747504,0.0001825153,0.0001928714,0.0002027855,0.0002100073,0.0002120428,0.0002119852,0.0002121536,0.0002161156,0.0002224387,0.0002318122,0.0002406298,NaN,NaN,NaN,NaN,NaN,NaN,NaN,NaN,NaN,NaN,NaN,NaN,NaN,NaN,NaN,NaN,NaN,NaN,NaN,NaN,NaN,NaN,NaN,NaN,NaN,NaN,NaN,NaN,NaN,NaN,NaN,NaN,NaN,NaN,NaN,NaN,NaN,NaN,NaN,NaN,NaN,NaN,NaN,NaN,NaN,NaN,NaN,NaN,NaN,NaN,NaN,NaN,NaN,NaN,NaN,NaN,NaN,NaN,NaN,NaN,NaN,NaN,NaN,NaN,NaN,NaN,NaN
NaN,NaN,NaN,NaN,NaN,NaN,NaN,NaN,NaN,NaN,NaN,NaN,NaN,NaN,NaN,NaN,NaN,NaN,NaN,0.0001156315,0.0001185991,0.0001214251,0.0001258414,0.0001315961,0.0001374516,0.000141817,0.0001440814,0.0001452324,0.0001468519,0.0001506411,0.0001562839,0.0001624643,NaN,NaN,NaN,NaN,NaN,NaN,NaN,NaN,NaN,NaN,NaN,NaN,NaN,NaN,NaN,NaN,NaN,NaN,NaN,NaN,NaN,NaN,NaN,NaN,NaN,NaN,NaN,NaN,NaN,NaN,NaN,NaN,NaN,NaN,NaN,NaN,NaN,NaN,NaN,NaN,NaN,NaN,NaN,NaN,NaN,NaN,NaN,NaN,NaN,NaN,NaN,NaN,NaN,NaN,NaN,NaN,NaN,NaN,NaN,NaN,NaN,NaN,NaN,NaN,NaN,NaN,NaN,NaN
NaN,NaN,NaN,NaN,NaN,NaN,NaN,NaN,NaN,NaN,NaN,NaN,NaN,NaN,NaN,NaN,NaN,NaN,NaN,6.117417e-05,6.231076e-05,6.395713e-05,6.598218e-05,6.859054e-05,7.122073e-05,7.344921e-05,7.475742e-05,7.583573e-05,7.711822e-05,7.941118e-05,8.227514e-05,8.588906e-05,NaN,NaN,NaN,NaN,NaN,NaN,NaN,NaN,NaN,NaN,NaN,NaN,NaN,NaN,NaN,NaN,NaN,NaN,NaN,NaN,NaN,NaN,NaN,NaN,NaN,NaN,NaN,NaN,NaN,NaN,NaN,NaN,NaN,NaN,NaN,NaN,NaN,NaN,NaN,NaN,NaN,NaN,NaN,NaN,NaN,NaN,NaN,NaN,NaN,NaN,NaN,NaN,NaN,NaN,NaN,NaN,NaN,NaN,NaN,NaN,NaN,NaN,NaN,NaN,NaN,NaN,NaN,NaN
NaN,NaN,NaN,NaN,NaN,NaN,NaN,NaN,NaN,NaN,NaN,NaN,NaN,NaN,NaN,NaN,NaN,NaN,NaN,1.704e-05,1.748467e-05,1.78335e-05,1.810623e-05,1.912256e-05,1.971358e-05,2.051719e-05,2.070788e-05,2.115304e-05,2.12394e-05,2.212858e-05,2.303558e-05,2.396322e-05,NaN,NaN,NaN,NaN,NaN,NaN,NaN,NaN,NaN,NaN,NaN,NaN,NaN,NaN,NaN,NaN,NaN,NaN,NaN,NaN,NaN,NaN,NaN,NaN,NaN,NaN,NaN,NaN,NaN,NaN,NaN,NaN,NaN,NaN,NaN,NaN,NaN,NaN,NaN,NaN,NaN,NaN,NaN,NaN,NaN,NaN,NaN,NaN,NaN,NaN,NaN,NaN,NaN,NaN,NaN,NaN,NaN,NaN,NaN,NaN,NaN,NaN,NaN,NaN,NaN,NaN,NaN,NaN
NaN,NaN,NaN,NaN,NaN,NaN,NaN,NaN,NaN,NaN,NaN,NaN,NaN,NaN,NaN,NaN,NaN,NaN,NaN,0,0,0,0,0,0,0,0,0,0,0,0,0,NaN,NaN,NaN,NaN,NaN,NaN,NaN,NaN,NaN,NaN,NaN,NaN,NaN,NaN,NaN,NaN,NaN,NaN,NaN,NaN,NaN,NaN,NaN,NaN,NaN,NaN,NaN,NaN,NaN,NaN,NaN,NaN,NaN,NaN,NaN,NaN,NaN,NaN,NaN,NaN,NaN,NaN,NaN,NaN,NaN,NaN,NaN,NaN,NaN,NaN,NaN,NaN,NaN,NaN,NaN,NaN,NaN,NaN,NaN,NaN,NaN,NaN,NaN,NaN,NaN,NaN,NaN,NaN
