NaN,NaN,NaN,NaN,NaN,NaN,NaN,NaN,NaN,NaN,NaN,NaN,NaN,NaN,NaN,NaN,NaN,NaN,NaN,0,0,0,0,0,0,0,0,0,0,0,0,0,NaN,NaN,NaN,NaN,NaN,NaN,NaN,NaN,NaN,NaN,NaN,NaN,NaN,NaN,NaN,NaN,NaN,NaN,NaN,NaN,NaN,NaN,NaN,NaN,NaN,NaN,NaN,NaN,NaN,NaN,NaN,NaN,NaN,NaN,NaN,NaN,NaN,NaN,NaN,NaN,NaN,NaN,NaN,NaN,NaN,NaN,NaN,NaN,NaN,NaN,NaN,NaN,NaN,NaN,NaN,NaN,NaN,NaN,NaN,NaN,NaN,NaN,NaN,NaN,NaN,NaN,NaN,NaN
NaN,NaN,NaN,NaN,NaN,NaN,NaN,NaN,NaN,NaN,NaN,NaN,NaN,NaN,NaN,NaN,NaN,NaN,NaN,-2.260405e-05,-2.278609e-05,-2.28132e-05,-2.290038e-05,-2.363148e-05,-2.405595e-05,-2.459198e-05,-2.46686e-05,-2.489333e-05,-2.490901e-05,-2.550849e-05,-2.619861e-05,-2.674581e-05,NaN,NaN,NaN,NaN,NaN,NaN,NaN,NaN,NaN,NaN,NaN,NaN,NaN,NaN,NaN,NaN,NaN,NaN,NaN,NaN,NaN,NaN,NaN,NaN,NaN,NaN,NaN,NaN,NaN,NaN,NaN,NaN,NaN,NaN,NaN,NaN,NaN,NaN,NaN,NaN,NaN,NaN,NaN,NaN,NaN,NaN,NaN,NaN,NaN,NaN,NaN,NaN,NaN,NaN,NaN,NaN,NaN,NaN,NaN,NaN,NaN,NaN,NaN,NaN,NaN,NaN,NaN,NaN
NaN,NaN,NaN,NaN,NaN,NaN,NaN,NaN,NaN,NaN,NaN,NaN,NaN,NaN,NaN,NaN,NaN,NaN,NaN,-8.113433e-05,-8.119438e-05,-8.185457e-05,-8.300332e-05,-8.477208e-05,-8.662396e-05,-8.809796e-05,-8.877327e-05,-8.925964e-05,-8.999302e-05,-9.156924e-05,-9.35464e-05,-9.585137e-05,NaN,NaN,NaN,NaN,NaN,NaN,NaN,NaN,NaN,NaN,NaN,NaN,NaN,NaN,NaN,NaN,NaN,NaN,NaN,NaN,NaN,NaN,NaN,NaN,NaN,NaN,NaN,NaN,NaN,NaN,NaN,NaN,NaN,NaN,NaN,NaN,NaN,NaN,NaN,NaN,NaN,NaN,NaN,NaN,NaN,NaN,NaN,NaN,NaN,NaN,NaN,NaN,NaN,NaN,NaN,NaN,NaN,NaN,NaN,NaN,NaN,NaN,NaN,NaN,NaN,NaN,NaN,NaN
NaN,NaN,NaN,NaN,NaN,NaN,NaN,NaN,NaN,NaN,NaN,NaN,NaN,NaN,NaN,NaN,NaN,NaN,NaN,-0.0001534362,-0.0001543417,-0.000155316,-0.0001580452,-0.0001621997,-0.0001664774,-0.0001693967,-0.0001703943,-0.0001705144,-0.0001711102,-0.0001736371,-0.0001774932,-0.000181405,NaN,NaN,NaN,NaN,NaN,NaN,NaN,NaN,NaN,NaN,NaN,NaN,NaN,NaN,NaN,NaN,NaN,NaN,NaN,NaN,NaN,NaN,NaN,NaN,NaN,NaN,NaN,NaN,NaN,NaN,NaN,NaN,NaN,NaN,NaN,NaN,NaN,NaN,NaN,NaN,NaN,NaN,NaN,NaN,NaN,NaN,NaN,NaN,NaN,NaN,NaN,NaN,NaN,NaN,NaN,NaN,NaN,NaN,NaN,NaN,NaN,NaN,NaN,NaN,NaN,NaN,NaN,NaN
NaN,NaN,NaN,NaN,NaN,NaN,NaN,NaN,NaN,NaN,NaN,NaN,NaN,NaN,NaN,NaN,NaN,NaN,-0.0002176838,-0.0002191081,-0.0002196773,-0.0002229438,-0.0002283008,-0.000236199,-0.0002437914,-0.0002486991,-0.0002489686,-0.000247374,-0.0002463288,-0.0002485364,-0.0002526857,-0.0002585333,-0.0002631309,NaN,NaN,NaN,NaN,NaN,NaN,NaN,NaN,NaN,NaN,NaN,NaN,NaN,NaN,NaN,NaN,NaN,NaN,NaN,NaN,NaN,NaN,NaN,NaN,NaN,NaN,NaN,NaN,NaN,NaN,NaN,NaN,NaN,NaN,NaN,NaN,NaN,NaN,NaN,NaN,NaN,NaN,NaN,NaN,NaN,NaN,NaN,NaN,NaN,NaN,NaN,NaN,NaN,NaN,NaN,NaN,NaN,NaN,NaN,NaN,NaN,NaN,NaN,NaN,NaN,NaN,NaN
NaN,NaN,NaN,NaN,NaN,NaN,NaN,NaN,NaN,NaN,NaN,NaN,NaN,NaN,NaN,NaN,NaN,NaN,-0.0002643092,-0.0002652903,-0.0002687131,-0.0002738377,-0.0002854761,-0.0003010872,-0.0003162739,-0.0003235365,-0.0003212816,-0.0003129386,-0.0003057238,-0.0003040543,-0.0003077862,-0.0003132041,-0.0003189435,NaN,NaN,NaN,NaN,NaN,NaN,NaN,NaN,NaN,NaN,NaN,NaN,NaN,NaN,NaN,NaN,NaN,NaN,NaN,NaN,NaN,NaN,NaN,NaN,NaN,NaN,NaN,NaN,NaN,NaN,NaN,NaN,NaN,NaN,NaN,NaN,NaN,NaN,NaN,NaN,NaN,NaN,NaN,NaN,NaN,NaN,NaN,NaN,NaN,NaN,NaN,NaN,NaN,NaN,NaN,NaN,NaN,NaN,NaN,NaN,NaN,NaN,NaN,NaN,NaN,NaN,NaN
NaN,NaN,NaN,NaN,NaN,NaN,NaN,NaN,NaN,NaN,NaN,NaN,NaN,NaN,NaN,NaN,NaN,-0.0002886038,-0.0002911384,-0.0002949489,-0.0002996759,-0.0003148495,-0.0003401919,-0.0003752155,-0.0004064648,-0.0004201265,-0.0004085898,-0.0003831986,-0.000358193,-0.0003450589,-0.0003418957,-0.0003466331,-0.0003516011,-0.0003545826,NaN,NaN,NaN,NaN,NaN,NaN,NaN,NaN,NaN,NaN,NaN,NaN,NaN,NaN,NaN,NaN,NaN,NaN,NaN,NaN,NaN,NaN,NaN,NaN,NaN,NaN,NaN,NaN,NaN,NaN,NaN,NaN,NaN,NaN,NaN,NaN,NaN,NaN,NaN,NaN,NaN,NaN,NaN,NaN,NaN,NaN,NaN,NaN,NaN,NaN,NaN,NaN,NaN,NaN,NaN,NaN,NaN,NaN,NaN,NaN,NaN,NaN,NaN,NaN,NaN,NaN
NaN,NaN,NaN,NaN,NaN,NaN,NaN,NaN,NaN,NaN,NaN,NaN,NaN,NaN,NaN,NaN,NaN,-0.0003016152,-0.000306376,-0.0003114929,-0.0003292428,-0.0003648426,-0.0004335099,-0.0005235536,-0.0006036254,-0.0006315582,-0.0005950822,-0.0005167116,-0.0004389477,-0.0003885975,-0.0003685537,-0.0003647088,-0.0003685231,-0.0003709765,NaN,NaN,NaN,NaN,NaN,NaN,NaN,NaN,NaN,NaN,NaN,NaN,NaN,NaN,NaN,NaN,NaN,NaN,NaN,NaN,NaN,NaN,NaN,NaN,NaN,NaN,NaN,NaN,NaN,NaN,NaN,NaN,NaN,NaN,NaN,NaN,NaN,NaN,NaN,NaN,NaN,NaN,NaN,NaN,NaN,NaN,NaN,NaN,NaN,NaN,NaN,NaN,NaN,NaN,NaN,NaN,NaN,NaN,NaN,NaN,NaN,NaN,NaN,NaN,NaN,NaN
NaN,NaN,NaN,NaN,NaN,NaN,NaN,NaN,NaN,NaN,NaN,NaN,NaN,NaN,NaN,NaN,-0.0003024585,-0.0003086849,-0.0003150739,-0.0003341101,-0.000380906,-0.0004973293,-0.0006984751,-0.0009579487,-0.001174236,-0.001243608,-0.001130534,-0.0008997038,-0.0006596545,-0.0004929957,-0.0004086514,-0.0003823512,-0.0003776657,-0.0003785223,-0.0003769217,NaN,NaN,NaN,NaN,NaN,NaN,NaN,NaN,NaN,NaN,NaN,NaN,NaN,NaN,NaN,NaN,NaN,NaN,NaN,NaN,NaN,NaN,NaN,NaN,NaN,NaN,NaN,NaN,NaN,NaN,NaN,NaN,NaN,NaN,NaN,NaN,NaN,NaN,NaN,NaN,NaN,NaN,NaN,NaN,NaN,NaN,NaN,NaN,NaN,NaN,NaN,NaN,NaN,NaN,NaN,NaN,NaN,NaN,NaN,NaN,NaN,NaN,NaN,NaN,NaN
NaN,NaN,NaN,NaN,NaN,NaN,NaN,NaN,NaN,NaN,NaN,NaN,NaN,NaN,NaN,-0.0002969416,-0.0003053116,-0.0003136625,-0.0003330284,-0.0003907593,-0.000564174,-0.0009464472,-0.001581206,-0.002297083,-0.002822252,-0.002955094,-0.002666723,-0.002066185,-0.001381696,-0.0008386009,-0.0005409883,-0.0004219022,-0.0003896698,-0.0003835314,-0.0003799274,-0.0003728954,NaN,NaN,NaN,NaN,NaN,NaN,NaN,NaN,NaN,NaN,NaN,NaN,NaN,NaN,NaN,NaN,NaN,NaN,NaN,NaN,NaN,NaN,NaN,NaN,NaN,NaN,NaN,NaN,NaN,NaN,NaN,NaN,NaN,NaN,NaN,NaN,NaN,NaN,NaN,NaN,NaN,NaN,NaN,NaN,NaN,NaN,NaN,NaN,NaN,NaN,NaN,NaN,NaN,NaN,NaN,NaN,NaN,NaN,NaN,NaN,NaN,NaN,NaN,NaN
NaN,NaN,NaN,NaN,NaN,NaN,NaN,NaN,NaN,NaN,NaN,NaN,NaN,NaN,NaN,-0.0002982233,-0.0003094649,-0.0003285727,-0.0003950245,-0.0006282007,-0.001270549,-0.002518469,-0.004101359,-0.005479554,-0.006273548,-0.006387087,-0.005856148,-0.004793235,-0.003396117,-0.002016426,-0.001042319,-0.0005798626,-0.0004290777,-0.0003926338,-0.0003841906,-0.0003745679,NaN,NaN,NaN,NaN,NaN,NaN,NaN,NaN,NaN,NaN,NaN,NaN,NaN,NaN,NaN,NaN,NaN,NaN,NaN,NaN,NaN,NaN,NaN,NaN,NaN,NaN,NaN,NaN,NaN,NaN,NaN,NaN,NaN,NaN,NaN,NaN,NaN,NaN,NaN,NaN,NaN,NaN,NaN,NaN,NaN,NaN,NaN,NaN,NaN,NaN,NaN,NaN,NaN,NaN,NaN,NaN,NaN,NaN,NaN,NaN,NaN,NaN,NaN,NaN
NaN,NaN,NaN,NaN,NaN,NaN,NaN,NaN,NaN,NaN,NaN,NaN,NaN,NaN,-0.0002874077,-0.0003022494,-0.0003211561,-0.0003929371,-0.0006821076,-0.001649535,-0.003717569,-0.006394024,-0.008698654,-0.01017904,-0.01083066,-0.01073784,-0.01000624,-0.008713335,-0.006941287,-0.004813224,-0.002706953,-0.001239825,-0.0006033592,-0.0004300562,-0.0003908945,-0.0003792843,-0.000362067,NaN,NaN,NaN,NaN,NaN,NaN,NaN,NaN,NaN,NaN,NaN,NaN,NaN,NaN,NaN,NaN,NaN,NaN,NaN,NaN,NaN,NaN,NaN,NaN,NaN,NaN,NaN,NaN,NaN,NaN,NaN,NaN,NaN,NaN,NaN,NaN,NaN,NaN,NaN,NaN,NaN,NaN,NaN,NaN,NaN,NaN,NaN,NaN,NaN,NaN,NaN,NaN,NaN,NaN,NaN,NaN,NaN,NaN,NaN,NaN,NaN,NaN,NaN
NaN,NaN,NaN,NaN,NaN,NaN,NaN,NaN,NaN,NaN,NaN,NaN,NaN,-0.0002735868,-0.0002928489,-0.0003109966,-0.0003860817,-0.0007196616,-0.002046103,-0.005072095,-0.008834532,-0.01191822,-0.01396351,-0.01506965,-0.01536141,-0.01498718,-0.01404173,-0.0126234,-0.01077537,-0.008544735,-0.005966634,-0.003315964,-0.001395382,-0.0006097819,-0.0004254938,-0.0003848094,-0.0003682582,-0.000343131,NaN,NaN,NaN,NaN,NaN,NaN,NaN,NaN,NaN,NaN,NaN,NaN,NaN,NaN,NaN,NaN,NaN,NaN,NaN,NaN,NaN,NaN,NaN,NaN,NaN,NaN,NaN,NaN,NaN,NaN,NaN,NaN,NaN,NaN,NaN,NaN,NaN,NaN,NaN,NaN,NaN,NaN,NaN,NaN,NaN,NaN,NaN,NaN,NaN,NaN,NaN,NaN,NaN,NaN,NaN,NaN,NaN,NaN,NaN,NaN,NaN,NaN
NaN,NaN,NaN,NaN,NaN,NaN,NaN,NaN,NaN,NaN,NaN,NaN,NaN,-0.000280533,-0.0002973897,-0.0003737459,-0.0007364759,-0.002419672,-0.006457542,-0.01118811,-0.01495199,-0.01749751,-0.01900732,-0.0196255,-0.01952486,-0.01881686,-0.01763359,-0.01604667,-0.0141391,-0.01193489,-0.009453034,-0.006664916,-0.003735769,-0.001481586,-0.0005967757,-0.0004158164,-0.000371903,-0.0003504638,NaN,NaN,NaN,NaN,NaN,NaN,NaN,NaN,NaN,NaN,NaN,NaN,NaN,NaN,NaN,NaN,NaN,NaN,NaN,NaN,NaN,NaN,NaN,NaN,NaN,NaN,NaN,NaN,NaN,NaN,NaN,NaN,NaN,NaN,NaN,NaN,NaN,NaN,NaN,NaN,NaN,NaN,NaN,NaN,NaN,NaN,NaN,NaN,NaN,NaN,NaN,NaN,NaN,NaN,NaN,NaN,NaN,NaN,NaN,NaN,NaN,NaN
NaN,NaN,NaN,NaN,NaN,NaN,NaN,NaN,NaN,NaN,NaN,NaN,-0.0002660848,-0.0002815769,-0.0003575363,-0.0007323678,-0.002738365,-0.007778813,-0.01337666,-0.0177741,-0.02080672,-0.02270828,-0.02362194,-0.02374037,-0.02319118,-0.02213127,-0.02065432,-0.01887423,-0.01684473,-0.01463131,-0.01223875,-0.009677419,-0.006873549,-0.003901399,-0.0014832,-0.0005675852,-0.0003987323,-0.0003535731,-0.0003268518,NaN,NaN,NaN,NaN,NaN,NaN,NaN,NaN,NaN,NaN,NaN,NaN,NaN,NaN,NaN,NaN,NaN,NaN,NaN,NaN,NaN,NaN,NaN,NaN,NaN,NaN,NaN,NaN,NaN,NaN,NaN,NaN,NaN,NaN,NaN,NaN,NaN,NaN,NaN,NaN,NaN,NaN,NaN,NaN,NaN,NaN,NaN,NaN,NaN,NaN,NaN,NaN,NaN,NaN,NaN,NaN,NaN,NaN,NaN,NaN,NaN
NaN,NaN,NaN,NaN,NaN,NaN,NaN,NaN,NaN,NaN,NaN,-0.0002481512,-0.0002625565,-0.0003380282,-0.000708828,-0.002984785,-0.008972807,-0.01538196,-0.02039441,-0.02392638,-0.02621803,-0.02741456,-0.0277273,-0.0272945,-0.02628979,-0.02482343,-0.02303286,-0.02099612,-0.01881015,-0.01651741,-0.01416613,-0.0117486,-0.009256688,-0.006608554,-0.003788615,-0.001395656,-0.0005247617,-0.0003766567,-0.00032879,-0.0002952543,NaN,NaN,NaN,NaN,NaN,NaN,NaN,NaN,NaN,NaN,NaN,NaN,NaN,NaN,NaN,NaN,NaN,NaN,NaN,NaN,NaN,NaN,NaN,NaN,NaN,NaN,NaN,NaN,NaN,NaN,NaN,NaN,NaN,NaN,NaN,NaN,NaN,NaN,NaN,NaN,NaN,NaN,NaN,NaN,NaN,NaN,NaN,NaN,NaN,NaN,NaN,NaN,NaN,NaN,NaN,NaN,NaN,NaN,NaN,NaN
NaN,NaN,NaN,NaN,NaN,NaN,NaN,NaN,NaN,NaN,-0.0002283985,-0.0002407549,-0.0003165297,-0.0006693139,-0.003152146,-0.01001545,-0.0172044,-0.02282768,-0.02687732,-0.0295685,-0.03105557,-0.03156267,-0.03123105,-0.0302488,-0.02873907,-0.02685631,-0.02469562,-0.02237645,-0.01996528,-0.01754353,-0.01514458,-0.01280737,-0.01051359,-0.008236155,-0.005898393,-0.003413654,-0.001247115,-0.0004734914,-0.0003483554,-0.0002973123,-0.0002580599,NaN,NaN,NaN,NaN,NaN,NaN,NaN,NaN,NaN,NaN,NaN,NaN,NaN,NaN,NaN,NaN,NaN,NaN,NaN,NaN,NaN,NaN,NaN,NaN,NaN,NaN,NaN,NaN,NaN,NaN,NaN,NaN,NaN,NaN,NaN,NaN,NaN,NaN,NaN,NaN,NaN,NaN,NaN,NaN,NaN,NaN,NaN,NaN,NaN,NaN,NaN,NaN,NaN,NaN,NaN,NaN,NaN,NaN,NaN
NaN,NaN,NaN,NaN,NaN,NaN,NaN,NaN,NaN,-0.0002056838,-0.0002154621,-0.0002921293,-0.000616337,-0.003230902,-0.0108919,-0.01883998,-0.02507932,-0.02966307,-0.03277204,-0.03457466,-0.0352906,-0.03506763,-0.0341065,-0.03253776,-0.03052685,-0.02818058,-0.02563435,-0.02297126,-0.02029609,-0.01766863,-0.01515928,-0.01279517,-0.01060501,-0.008572116,-0.006651131,-0.004772735,-0.002786135,-0.001022963,-0.0004126285,-0.0003125317,-0.0002588542,-0.0002137357,NaN,NaN,NaN,NaN,NaN,NaN,NaN,NaN,NaN,NaN,NaN,NaN,NaN,NaN,NaN,NaN,NaN,NaN,NaN,NaN,NaN,NaN,NaN,NaN,NaN,NaN,NaN,NaN,NaN,NaN,NaN,NaN,NaN,NaN,NaN,NaN,NaN,NaN,NaN,NaN,NaN,NaN,NaN,NaN,NaN,NaN,NaN,NaN,NaN,NaN,NaN,NaN,NaN,NaN,NaN,NaN,NaN,NaN
NaN,NaN,NaN,NaN,NaN,NaN,NaN,NaN,NaN,-0.0001881817,-0.0002661835,-0.0005562656,-0.003237805,-0.01160929,-0.0202886,-0.02714641,-0.03228239,-0.03583097,-0.0379821,-0.03893473,-0.03884988,-0.03793237,-0.03631798,-0.03417864,-0.03163207,-0.02882122,-0.02584227,-0.02281183,-0.01980807,-0.01692083,-0.0142098,-0.01173648,-0.009530448,-0.007606335,-0.005963007,-0.004529099,-0.003247452,-0.001931481,-0.000752935,-0.0003479073,-0.0002706447,-0.0002151172,NaN,NaN,NaN,NaN,NaN,NaN,NaN,NaN,NaN,NaN,NaN,NaN,NaN,NaN,NaN,NaN,NaN,NaN,NaN,NaN,NaN,NaN,NaN,NaN,NaN,NaN,NaN,NaN,NaN,NaN,NaN,NaN,NaN,NaN,NaN,NaN,NaN,NaN,NaN,NaN,NaN,NaN,NaN,NaN,NaN,NaN,NaN,NaN,NaN,NaN,NaN,NaN,NaN,NaN,NaN,NaN,NaN,NaN
NaN,NaN,NaN,NaN,NaN,NaN,NaN,NaN,-0.0001579439,-0.0002384566,-0.0004914565,-0.003187893,-0.01217899,-0.02155139,-0.02901867,-0.03471748,-0.03873054,-0.04126444,-0.04249156,-0.04258934,-0.04175463,-0.04012998,-0.03789354,-0.03516842,-0.03210104,-0.02879526,-0.02537492,-0.02192841,-0.01855891,-0.01534306,-0.01236252,-0.009676827,-0.007342944,-0.005399027,-0.003850591,-0.002707221,-0.001887276,-0.001346032,-0.0008670225,-0.0004467743,-0.0002790588,-0.0002213923,-0.0001641345,NaN,NaN,NaN,NaN,NaN,NaN,NaN,NaN,NaN,NaN,NaN,NaN,NaN,NaN,NaN,NaN,NaN,NaN,NaN,NaN,NaN,NaN,NaN,NaN,NaN,NaN,NaN,NaN,NaN,NaN,NaN,NaN,NaN,NaN,NaN,NaN,NaN,NaN,NaN,NaN,NaN,NaN,NaN,NaN,NaN,NaN,NaN,NaN,NaN,NaN,NaN,NaN,NaN,NaN,NaN,NaN,NaN
NaN,NaN,NaN,NaN,NaN,NaN,NaN,-0.0001259276,-0.0002096785,-0.0004268467,-0.003101668,-0.01262156,-0.02263156,-0.0306883,-0.03695199,-0.0414479,-0.0443987,-0.04594184,-0.04627449,-0.04557324,-0.04399441,-0.04171402,-0.03885909,-0.03557608,-0.03197653,-0.02818408,-0.02429499,-0.02041552,-0.01663295,-0.01303769,-0.009710542,-0.006727631,-0.004156257,-0.002045786,-0.0004529899,0.0006282979,0.001167679,0.001253276,0.0009203432,0.0003959806,-0.0001133147,-0.0002070064,-0.0001631123,-0.0001098812,NaN,NaN,NaN,NaN,NaN,NaN,NaN,NaN,NaN,NaN,NaN,NaN,NaN,NaN,NaN,NaN,NaN,NaN,NaN,NaN,NaN,NaN,NaN,NaN,NaN,NaN,NaN,NaN,NaN,NaN,NaN,NaN,NaN,NaN,NaN,NaN,NaN,NaN,NaN,NaN,NaN,NaN,NaN,NaN,NaN,NaN,NaN,NaN,NaN,NaN,NaN,NaN,NaN,NaN,NaN,NaN
NaN,NaN,NaN,NaN,NaN,NaN,-9.201777e-05,-0.0001782038,-0.0003626355,-0.002989354,-0.01294671,-0.02352598,-0.03213554,-0.03895687,-0.04394617,-0.04734213,-0.04924228,-0.04986319,-0.04935364,-0.04788873,-0.04563105,-0.04271425,-0.03928408,-0.03545592,-0.03134924,-0.02706494,-0.02270793,-0.01837065,-0.01414681,-0.01012622,-0.00639247,-0.003030366,-0.0001144121,0.002275073,0.004093637,0.005265649,0.005798195,0.005643452,0.004886806,0.003551939,0.001855493,0.0002485628,-0.0001302984,-0.0001018679,-5.014589e-05,NaN,NaN,NaN,NaN,NaN,NaN,NaN,NaN,NaN,NaN,NaN,NaN,NaN,NaN,NaN,NaN,NaN,NaN,NaN,NaN,NaN,NaN,NaN,NaN,NaN,NaN,NaN,NaN,NaN,NaN,NaN,NaN,NaN,NaN,NaN,NaN,NaN,NaN,NaN,NaN,NaN,NaN,NaN,NaN,NaN,NaN,NaN,NaN,NaN,NaN,NaN,NaN,NaN,NaN,NaN
NaN,NaN,NaN,NaN,NaN,-5.793804e-05,-0.0001463583,-0.0003038061,-0.002883048,-0.01318215,-0.02423823,-0.03334441,-0.04070244,-0.04618509,-0.05004789,-0.05233972,-0.05329983,-0.05304125,-0.05176298,-0.04960173,-0.04670708,-0.04321491,-0.03924448,-0.03490779,-0.03031201,-0.02555409,-0.0207308,-0.01593069,-0.01124787,-0.006765009,-0.002577858,0.001232636,0.00457316,0.007372031,0.009530561,0.01100628,0.01170307,0.01162182,0.01069955,0.009002153,0.006547821,0.003512749,0.0006276371,-5.22907e-05,-2.763384e-05,1.253229e-05,NaN,NaN,NaN,NaN,NaN,NaN,NaN,NaN,NaN,NaN,NaN,NaN,NaN,NaN,NaN,NaN,NaN,NaN,NaN,NaN,NaN,NaN,NaN,NaN,NaN,NaN,NaN,NaN,NaN,NaN,NaN,NaN,NaN,NaN,NaN,NaN,NaN,NaN,NaN,NaN,NaN,NaN,NaN,NaN,NaN,NaN,NaN,NaN,NaN,NaN,NaN,NaN,NaN,NaN
NaN,NaN,NaN,NaN,-2.346298e-05,-0.0001121661,-0.0002497555,-0.002792289,-0.01333901,-0.0247671,-0.03429614,-0.04214804,-0.04811119,-0.05245035,-0.05516134,-0.05650334,-0.05655235,-0.05552994,-0.0535426,-0.05075972,-0.04729858,-0.04328432,-0.0388224,-0.03402237,-0.02897063,-0.02376627,-0.0184895,-0.01323565,-0.008082339,-0.003127842,0.001550724,0.005852969,0.009697764,0.01297882,0.01562674,0.01752288,0.01862145,0.01880642,0.01806547,0.01631685,0.01359752,0.009917129,0.005402902,0.001070802,3.697804e-05,4.896038e-05,7.49773e-05,NaN,NaN,NaN,NaN,NaN,NaN,NaN,NaN,NaN,NaN,NaN,NaN,NaN,NaN,NaN,NaN,NaN,NaN,NaN,NaN,NaN,NaN,NaN,NaN,NaN,NaN,NaN,NaN,NaN,NaN,NaN,NaN,NaN,NaN,NaN,NaN,NaN,NaN,NaN,NaN,NaN,NaN,NaN,NaN,NaN,NaN,NaN,NaN,NaN,NaN,NaN,NaN,NaN
NaN,NaN,NaN,9.640434e-06,-8.062328e-05,-0.0002029448,-0.002735503,-0.01343432,-0.02511374,-0.03497569,-0.04326613,-0.04967555,-0.05448726,-0.05763008,-0.05938843,-0.05979102,-0.05908802,-0.05734699,-0.0547649,-0.05142723,-0.04747668,-0.04300234,-0.03811755,-0.03289504,-0.02743939,-0.02181683,-0.01612452,-0.01042871,-0.004826997,0.0006117673,0.005784689,0.01061445,0.01499568,0.01884646,0.02204695,0.0245242,0.02614491,0.02684827,0.0265066,0.02507544,0.02246643,0.01866011,0.01367341,0.007502153,0.001518208,0.0001236095,0.0001324131,0.0001402513,NaN,NaN,NaN,NaN,NaN,NaN,NaN,NaN,NaN,NaN,NaN,NaN,NaN,NaN,NaN,NaN,NaN,NaN,NaN,NaN,NaN,NaN,NaN,NaN,NaN,NaN,NaN,NaN,NaN,NaN,NaN,NaN,NaN,NaN,NaN,NaN,NaN,NaN,NaN,NaN,NaN,NaN,NaN,NaN,NaN,NaN,NaN,NaN,NaN,NaN,NaN,NaN
NaN,NaN,4.303214e-05,-4.835242e-05,-0.0001648012,-0.002716189,-0.01347159,-0.02527337,-0.03536513,-0.04401877,-0.05082695,-0.05608603,-0.05965865,-0.0618504,-0.06264146,-0.06230726,-0.06087743,-0.05857411,-0.05544963,-0.0516668,-0.04729244,-0.04244399,-0.03718473,-0.03161877,-0.02579928,-0.01982163,-0.01374192,-0.007652768,-0.00161622,0.004271663,0.009940551,0.01529172,0.02023947,0.02467719,0.02851561,0.03162926,0.0339294,0.03527956,0.03558744,0.03472574,0.03259614,0.02911866,0.0241771,0.01783122,0.00992447,0.002126352,0.0002355141,0.0002252118,0.0002043523,NaN,NaN,NaN,NaN,NaN,NaN,NaN,NaN,NaN,NaN,NaN,NaN,NaN,NaN,NaN,NaN,NaN,NaN,NaN,NaN,NaN,NaN,NaN,NaN,NaN,NaN,NaN,NaN,NaN,NaN,NaN,NaN,NaN,NaN,NaN,NaN,NaN,NaN,NaN,NaN,NaN,NaN,NaN,NaN,NaN,NaN,NaN,NaN,NaN,NaN,NaN
NaN,7.442156e-05,-1.632049e-05,-0.0001385358,-0.002750148,-0.01345832,-0.02525853,-0.03546349,-0.04439142,-0.05152826,-0.05719388,-0.06117102,-0.0637963,-0.06498948,-0.06505924,-0.06398731,-0.06202837,-0.05919286,-0.05567306,-0.05150007,-0.04680894,-0.04164317,-0.03610914,-0.03024353,-0.02414531,-0.01785423,-0.01146161,-0.005015869,0.0013926,0.007704647,0.01382648,0.01968155,0.02517595,0.030217,0.03469649,0.03851494,0.04154622,0.04367834,0.04477829,0.04471149,0.04335859,0.04055096,0.03622436,0.0301589,0.02244902,0.01267976,0.00289274,0.0003663046,0.0003226175,0.0002637141,NaN,NaN,NaN,NaN,NaN,NaN,NaN,NaN,NaN,NaN,NaN,NaN,NaN,NaN,NaN,NaN,NaN,NaN,NaN,NaN,NaN,NaN,NaN,NaN,NaN,NaN,NaN,NaN,NaN,NaN,NaN,NaN,NaN,NaN,NaN,NaN,NaN,NaN,NaN,NaN,NaN,NaN,NaN,NaN,NaN,NaN,NaN,NaN,NaN,NaN
0.0001002504,1.70677e-05,-0.0001320137,-0.002894494,-0.0134398,-0.02509474,-0.03528408,-0.044378,-0.05175508,-0.05776181,-0.06209762,-0.06513144,-0.06671908,-0.06720377,-0.06651665,-0.06494526,-0.06245764,-0.0592756,-0.05539237,-0.0509652,-0.04601123,-0.04064069,-0.03487848,-0.02882143,-0.0224949,-0.0159853,-0.009331052,-0.002612446,0.004117094,0.01077846,0.01730131,0.02360976,0.02960775,0.03521761,0.04032717,0.04484395,0.04863847,0.05160717,0.05358929,0.05448261,0.05407766,0.05229667,0.04885707,0.04375805,0.03658579,0.0275363,0.01586988,0.003958945,0.0005391164,0.0004189023,0.0003237005,NaN,NaN,NaN,NaN,NaN,NaN,NaN,NaN,NaN,NaN,NaN,NaN,NaN,NaN,NaN,NaN,NaN,NaN,NaN,NaN,NaN,NaN,NaN,NaN,NaN,NaN,NaN,NaN,NaN,NaN,NaN,NaN,NaN,NaN,NaN,NaN,NaN,NaN,NaN,NaN,NaN,NaN,NaN,NaN,NaN,NaN,NaN,NaN,NaN
7.499511e-05,-0.0001555786,-0.00322273,-0.01348029,-0.02485131,-0.03489079,-0.04401836,-0.05152502,-0.0577824,-0.06240558,-0.06579661,-0.06774394,-0.06862733,-0.06832438,-0.0671574,-0.06505035,-0.06225564,-0.05872746,-0.05464849,-0.05000325,-0.04491359,-0.03938904,-0.03352075,-0.02732335,-0.02087793,-0.01421367,-0.007398927,-0.0004819963,0.006476551,0.01340799,0.02025671,0.02692646,0.03337181,0.03946855,0.04516726,0.05032263,0.0548765,0.05865052,0.06158585,0.06345044,0.06419849,0.06351721,0.06140136,0.05741511,0.05164813,0.04345489,0.03318294,0.01965613,0.005568962,0.0007830502,0.0004975526,0.0003957605,NaN,NaN,NaN,NaN,NaN,NaN,NaN,NaN,NaN,NaN,NaN,NaN,NaN,NaN,NaN,NaN,NaN,NaN,NaN,NaN,NaN,NaN,NaN,NaN,NaN,NaN,NaN,NaN,NaN,NaN,NaN,NaN,NaN,NaN,NaN,NaN,NaN,NaN,NaN,NaN,NaN,NaN,NaN,NaN,NaN,NaN,NaN,0.0001189577
-0.0002153764,-0.003872584,-0.0137002,-0.02460213,-0.03436099,-0.04337677,-0.05088903,-0.05727589,-0.0620938,-0.06575694,-0.068004,-0.06923431,-0.06928708,-0.06850522,-0.0667825,-0.064389,-0.06125351,-0.05757259,-0.05330798,-0.04858799,-0.04341007,-0.03785294,-0.0319338,-0.02571554,-0.01922677,-0.01251519,-0.00563284,0.001385468,0.00846324,0.01557546,0.02261976,0.02958502,0.0363331,0.04286331,0.04901041,0.0547714,0.05995008,0.06454445,0.06830753,0.07124826,0.07304192,0.07372409,0.07285357,0.07052348,0.06611385,0.05984449,0.05080546,0.03950086,0.02431173,0.00811493,0.001154065,0.0005460336,0.0005052274,NaN,NaN,NaN,NaN,NaN,NaN,NaN,NaN,NaN,NaN,NaN,NaN,NaN,NaN,NaN,NaN,NaN,NaN,NaN,NaN,NaN,NaN,NaN,NaN,NaN,NaN,NaN,NaN,NaN,NaN,NaN,NaN,NaN,NaN,NaN,NaN,NaN,NaN,NaN,NaN,NaN,NaN,NaN,NaN,NaN,0.000108299,0.0001238324
-0.004911243,-0.01427341,-0.02442292,-0.03381914,-0.0425358,-0.04995806,-0.05631211,-0.0612318,-0.06503542,-0.06750886,-0.06898697,-0.06934526,-0.06888128,-0.067519,-0.06549337,-0.06275766,-0.05947883,-0.0556363,-0.0513323,-0.04657874,-0.04142203,-0.03590325,-0.03004254,-0.02388958,-0.01745702,-0.01081266,-0.003956213,0.003022572,0.01013384,0.01726515,0.02443534,0.03150215,0.0385005,0.04525753,0.05181065,0.05796328,0.06375092,0.06893975,0.07357068,0.07734866,0.08032967,0.08212484,0.08282132,0.0818879,0.07947528,0.07483791,0.06825913,0.05865016,0.04654279,0.0301311,0.0120062,0.001745481,0.0005686915,0.0006629711,NaN,NaN,NaN,NaN,NaN,NaN,NaN,NaN,NaN,NaN,NaN,NaN,NaN,NaN,NaN,NaN,NaN,NaN,NaN,NaN,NaN,NaN,NaN,NaN,NaN,NaN,NaN,NaN,NaN,NaN,NaN,NaN,NaN,NaN,NaN,NaN,NaN,NaN,NaN,NaN,NaN,NaN,NaN,0.000111969,0.0001463184,-0.0003598185
-0.01463017,-0.02415711,-0.03326373,-0.04157723,-0.04882216,-0.05499908,-0.05991139,-0.06371255,-0.06630921,-0.06790959,-0.06848657,-0.0682375,-0.06717075,-0.06543754,-0.06306481,-0.06014609,-0.05672349,-0.05283405,-0.04854127,-0.04383025,-0.03879226,-0.03337749,-0.02768948,-0.02167597,-0.01544406,-0.008936958,-0.002277283,0.00459558,0.01154338,0.0186286,0.02569699,0.03281808,0.03981216,0.04675277,0.05344533,0.05995372,0.06606698,0.07184121,0.0770315,0.0816923,0.08552043,0.08857521,0.09046035,0.09125174,0.09041052,0.08805405,0.08342966,0.07672827,0.06688345,0.05417154,0.03713863,0.01730218,0.002704981,0.0006202695,0.0008276064,NaN,NaN,NaN,NaN,NaN,NaN,NaN,NaN,NaN,NaN,NaN,NaN,NaN,NaN,NaN,NaN,NaN,NaN,NaN,NaN,NaN,NaN,NaN,NaN,NaN,NaN,NaN,NaN,NaN,NaN,NaN,NaN,NaN,NaN,NaN,NaN,NaN,NaN,NaN,NaN,NaN,0.0001048478,0.0001727776,-0.000488061,-0.005682227
-0.02390573,-0.03259727,-0.04053921,-0.04756178,-0.0534787,-0.05826725,-0.06194455,-0.06452904,-0.0661253,-0.06678694,-0.06663597,-0.06574224,-0.0642028,-0.06209087,-0.0594609,-0.05638614,-0.05287647,-0.0490102,-0.04475615,-0.04020759,-0.03529998,-0.0301391,-0.02465573,-0.01894637,-0.01295493,-0.00677787,-0.0003653626,0.006183676,0.01290977,0.01971256,0.02662157,0.03352969,0.04046239,0.04730793,0.05407165,0.06064881,0.06701729,0.0730717,0.07876512,0.08397552,0.08863214,0.09257468,0.0957083,0.09780312,0.09874073,0.09817854,0.09597364,0.09161818,0.08490345,0.07514921,0.06193624,0.04489255,0.02349574,0.004409223,0.0007537984,0.0008902444,0.000523761,NaN,NaN,NaN,NaN,NaN,NaN,NaN,NaN,NaN,NaN,NaN,NaN,NaN,NaN,NaN,NaN,NaN,NaN,NaN,NaN,NaN,NaN,NaN,NaN,NaN,NaN,NaN,NaN,NaN,NaN,NaN,NaN,NaN,NaN,NaN,NaN,NaN,0.0002048331,0.0001128307,0.0001745254,-0.0007865181,-0.006621295,-0.01523712
-0.03216676,-0.03952181,-0.04627129,-0.05186285,-0.05645473,-0.05989822,-0.06234945,-0.06380486,-0.06440829,-0.064211,-0.06334247,-0.06185722,-0.05986621,-0.05740189,-0.05455586,-0.05133119,-0.04780532,-0.04395395,-0.03985035,-0.03544639,-0.0308189,-0.02591192,-0.02078948,-0.01542016,-0.009845673,-0.004055955,0.001918288,0.008064736,0.01436521,0.02078217,0.02731185,0.03389523,0.04053587,0.04714809,0.05375826,0.06023649,0.06663676,0.07278279,0.07874706,0.08430652,0.08953977,0.09417222,0.09827052,0.1015004,0.1038905,0.1050321,0.1048801,0.1029116,0.09899111,0.0923629,0.08296813,0.06953529,0.05304184,0.03055016,0.007997607,0.00112763,0.0008017411,0.0007521411,NaN,NaN,NaN,NaN,NaN,NaN,NaN,NaN,NaN,NaN,NaN,NaN,NaN,NaN,NaN,NaN,NaN,NaN,NaN,NaN,NaN,NaN,NaN,NaN,NaN,NaN,NaN,NaN,NaN,NaN,NaN,NaN,NaN,NaN,NaN,0.0001798941,0.0001495651,0.0001223848,-0.001415115,-0.007669559,-0.01595735,-0.02396611
-0.03888714,-0.04515638,-0.05038582,-0.05463868,-0.05782131,-0.05998055,-0.06122409,-0.06158224,-0.0612332,-0.06018654,-0.05863101,-0.05655508,-0.05412716,-0.05131567,-0.04825729,-0.04490462,-0.04136286,-0.03757695,-0.03362396,-0.02945213,-0.02511731,-0.02056822,-0.01586813,-0.01094327,-0.005881886,-0.0005972008,0.004804888,0.01042233,0.01612799,0.02203304,0.02798642,0.034108,0.04022928,0.04648301,0.05266547,0.05893715,0.06505023,0.07118969,0.07706498,0.08287556,0.08828685,0.09349955,0.09813034,0.1023606,0.1057484,0.1084247,0.1098685,0.1101254,0.1085352,0.1050859,0.09884079,0.090101,0.07726874,0.06175263,0.039588,0.01515167,0.002252121,0.0007048965,0.0009932535,NaN,NaN,NaN,NaN,NaN,NaN,NaN,NaN,NaN,NaN,NaN,NaN,NaN,NaN,NaN,NaN,NaN,NaN,NaN,NaN,NaN,NaN,NaN,NaN,NaN,NaN,NaN,NaN,NaN,NaN,NaN,NaN,NaN,0.0001332062,0.0001871966,-6.736108e-05,-0.002698083,-0.00920841,-0.01700468,-0.0244454,-0.03205699
-0.04449572,-0.04931033,-0.05306589,-0.05594734,-0.05768137,-0.05865231,-0.05861069,-0.05800566,-0.05659829,-0.05483044,-0.05246801,-0.04990993,-0.04692638,-0.04385925,-0.04048473,-0.03708631,-0.03345152,-0.02980975,-0.025969,-0.02210877,-0.0180641,-0.01398116,-0.009704115,-0.005378901,-0.0008491717,0.003743389,0.008543375,0.01341234,0.01848417,0.02362121,0.02894744,0.03433087,0.03987658,0.04545479,0.05116642,0.05686846,0.06266055,0.0683888,0.07414037,0.07975662,0.08529733,0.09060365,0.09568614,0.1003899,0.1046426,0.1082952,0.1111423,0.1130332,0.1135888,0.1126232,0.1096622,0.1043644,0.09657028,0.08528715,0.07051576,0.05021072,0.02517015,0.005212856,0.0007780629,0.0008786123,0.00068825,NaN,NaN,NaN,NaN,NaN,NaN,NaN,NaN,NaN,NaN,NaN,NaN,NaN,NaN,NaN,NaN,NaN,NaN,NaN,NaN,NaN,NaN,NaN,NaN,NaN,NaN,NaN,NaN,NaN,0.0001910362,0.000125552,0.0002035564,-0.0005736857,-0.004582084,-0.01136069,-0.01852745,-0.02564264,-0.03250866,-0.03885687
-0.04882962,-0.05209901,-0.05449834,-0.05580982,-0.05634131,-0.05588952,-0.05484216,-0.05302478,-0.05082361,-0.04808241,-0.04514191,-0.04186051,-0.03851301,-0.03497253,-0.03144322,-0.02781595,-0.02422732,-0.02059224,-0.01698422,-0.01335159,-0.009712128,-0.006043524,-0.002337263,0.001423382,0.005255712,0.009159871,0.01316982,0.01726606,0.02149609,0.02582096,0.03029999,0.03486753,0.03960354,0.04441724,0.049394,0.0544298,0.05961096,0.06481266,0.0701308,0.07540464,0.08074857,0.08594684,0.09114226,0.09603477,0.1008069,0.10503,0.1089398,0.1119236,0.1142753,0.1151784,0.1149611,0.1127538,0.1086837,0.1020335,0.09224319,0.07809307,0.06040019,0.03668556,0.01257245,0.001856463,0.000633765,0.000905822,0.0004449343,NaN,NaN,NaN,NaN,NaN,NaN,NaN,NaN,NaN,NaN,NaN,NaN,NaN,NaN,NaN,NaN,NaN,NaN,NaN,NaN,NaN,NaN,NaN,NaN,NaN,0.0001576027,0.0001404886,0.0001631555,2.871847e-05,-0.001900993,-0.007133527,-0.01392278,-0.02060339,-0.02745255,-0.03376355,-0.03953706,-0.04458261
-0.05196956,-0.05370124,-0.05463286,-0.0545629,-0.05372984,-0.05208495,-0.04985242,-0.04704112,-0.04386424,-0.04033076,-0.0366406,-0.03277087,-0.02890918,-0.02498766,-0.02118448,-0.0173851,-0.01376352,-0.01016154,-0.006757851,-0.003353558,-0.0001383333,0.003111195,0.006212688,0.00938052,0.01244841,0.01562645,0.01875063,0.02202504,0.02528816,0.02873488,0.03220614,0.03589216,0.03962639,0.04358998,0.04762423,0.05188515,0.05622502,0.06077709,0.06539457,0.07019465,0.0750194,0.07997612,0.08487889,0.0898323,0.0945968,0.09928245,0.103559,0.1075481,0.1108038,0.1134462,0.1149653,0.1153466,0.1142565,0.1110829,0.1057264,0.09702745,0.08489717,0.06996345,0.04978885,0.02523378,0.006320085,0.0008049192,0.0006364117,0.0006982872,0.0003931273,NaN,NaN,NaN,NaN,NaN,NaN,NaN,NaN,NaN,NaN,NaN,NaN,NaN,NaN,NaN,NaN,NaN,NaN,NaN,NaN,NaN,0.000102051,0.0001575429,0.0001090927,0.0001854825,-0.0008558905,-0.004608584,-0.0108543,-0.01722917,-0.0236122,-0.02986623,-0.03585214,-0.04097457,-0.04559145,-0.04911922
-0.05386969,-0.05420112,-0.05368804,-0.05225528,-0.05016754,-0.04730352,-0.0440123,-0.04016029,-0.0361171,-0.03173798,-0.02737264,-0.02286549,-0.0185248,-0.01418517,-0.01010674,-0.006117406,-0.002429883,0.001128776,0.004390907,0.00752125,0.01039091,0.01316116,0.01571188,0.01822478,0.02057116,0.02294056,0.02520305,0.02755261,0.02985336,0.03230344,0.03475759,0.0374108,0.04011559,0.04306616,0.04609457,0.04940813,0.05281183,0.05652058,0.0603183,0.0644167,0.06858458,0.07301844,0.07747903,0.08212974,0.08673219,0.09139071,0.09588043,0.1002184,0.1041953,0.1077437,0.1106195,0.1127928,0.1136893,0.1135879,0.1111979,0.1071028,0.1001975,0.09047985,0.07746488,0.0608834,0.04012581,0.01771585,0.004014067,0.0005369102,0.0005132632,0.0004849187,0.0003187397,NaN,NaN,NaN,NaN,NaN,NaN,NaN,NaN,NaN,NaN,NaN,NaN,NaN,NaN,NaN,NaN,NaN,7.527511e-05,0.0001191445,0.0001011388,0.0001656095,-0.0005655113,-0.003531138,-0.009156274,-0.01540409,-0.02158319,-0.02763581,-0.03343109,-0.0387178,-0.04339768,-0.04737378,-0.05041311,-0.05262092
-0.05471929,-0.05363237,-0.05173748,-0.04909049,-0.04574154,-0.04185234,-0.03746184,-0.03276365,-0.0277966,-0.02274174,-0.01763762,-0.01262478,-0.007741044,-0.003073632,0.001340268,0.005469367,0.009274371,0.01277813,0.0159325,0.01881234,0.02135601,0.02367383,0.02571026,0.02757689,0.02923224,0.03079419,0.03222053,0.03363262,0.03498678,0.03640341,0.03783632,0.03940912,0.04106205,0.04291607,0.04491255,0.04715336,0.04958347,0.05228824,0.05520527,0.05841113,0.06182415,0.06552012,0.06938307,0.07349942,0.0776976,0.08209099,0.08642279,0.09085198,0.09501677,0.09911904,0.1027213,0.1059416,0.108469,0.1099589,0.1104424,0.1091708,0.1060725,0.1012145,0.09305147,0.08252021,0.06941953,0.05288775,0.03366129,0.014642,0.003613944,0.0005449746,0.0003165048,0.0003067652,0.0001568806,0.0001538316,NaN,NaN,NaN,NaN,NaN,NaN,NaN,NaN,NaN,NaN,NaN,1.916023e-05,6.471101e-05,7.817546e-05,8.158006e-05,7.938291e-05,-0.0007898016,-0.003724121,-0.009188392,-0.0153015,-0.02132493,-0.02709987,-0.03273692,-0.03801568,-0.04266313,-0.04672218,-0.05008939,-0.05252492,-0.05420896,-0.05486662
-0.05442023,-0.05204545,-0.0489611,-0.04511739,-0.04077458,-0.03584008,-0.03063153,-0.02505019,-0.01942234,-0.01364801,-0.008028965,-0.002464203,0.002788543,0.007832537,0.01246159,0.01678106,0.02063707,0.02413371,0.02716862,0.02983761,0.03208413,0.03400223,0.03555081,0.03684642,0.0378467,0.03867643,0.03929929,0.03984439,0.04027572,0.0407252,0.04115298,0.04168511,0.04228463,0.04307332,0.04399733,0.04518709,0.04656572,0.04826533,0.05019253,0.05246954,0.05499345,0.05786449,0.06097977,0.06440128,0.06804011,0.07189773,0.07592043,0.08002495,0.08420545,0.08829116,0.09228587,0.09602965,0.09928478,0.1021925,0.1039754,0.1050833,0.1047398,0.1026451,0.09906751,0.09313616,0.08449268,0.07421016,0.06140291,0.04656435,0.03065155,0.0153623,0.004798466,0.001086518,0.000269699,0.0001057851,8.206847e-05,-2.006158e-06,-2.12728e-05,-3.478819e-05,-4.4737e-05,-3.918029e-05,-2.828133e-05,9.439778e-06,2.189489e-05,3.126227e-05,-1.836787e-05,1.818669e-05,-2.184461e-05,-0.0004382236,-0.001918403,-0.005830416,-0.01149798,-0.01738897,-0.0230953,-0.02865057,-0.03396524,-0.03903357,-0.04360297,-0.04755337,-0.05098039,-0.05360648,-0.05545452,-0.05652286,-0.05665632,-0.05597853
-0.0530037,-0.04950854,-0.0453206,-0.04058959,-0.03528982,-0.02965238,-0.02364341,-0.01751336,-0.01123431,-0.005040742,0.001087356,0.006955609,0.01257732,0.01781042,0.02266377,0.02705154,0.03097809,0.03441375,0.03735407,0.03982483,0.04181024,0.04337524,0.04451412,0.04529702,0.04573539,0.04591076,0.04583632,0.04560138,0.04521945,0.04478247,0.0443024,0.04387735,0.04350572,0.04328464,0.0432134,0.04337076,0.04375828,0.04443902,0.0454051,0.04671155,0.04832926,0.05031335,0.05259961,0.05525609,0.05816505,0.06142675,0.06484473,0.06857401,0.07232313,0.07630398,0.08015613,0.08403771,0.08772596,0.09099115,0.09400404,0.09612773,0.0974649,0.09797832,0.09663488,0.09406235,0.08992139,0.0833566,0.07476907,0.06526133,0.05367431,0.0410401,0.02888056,0.01758393,0.008718806,0.002879011,0.0006661292,0.0001025849,-7.128968e-05,-0.0001799468,-0.0002408114,-0.0002874171,-0.0003200765,-0.000373673,-0.0004825108,-0.0006952158,-0.001225654,-0.002819022,-0.006485001,-0.0114838,-0.01686192,-0.02204072,-0.02722585,-0.03242306,-0.03723176,-0.04191602,-0.04621312,-0.04993279,-0.05315102,-0.05581762,-0.05769444,-0.05889649,-0.05934402,-0.05891984,-0.057774,-0.05575226
-0.05038921,-0.04597903,-0.04102109,-0.03550546,-0.0296385,-0.02337421,-0.01695872,-0.01034623,-0.003783822,0.002766876,0.009084659,0.0151996,0.02093336,0.02631018,0.03120204,0.03562936,0.03951657,0.04287952,0.04569586,0.04797227,0.04973489,0.05099016,0.0517827,0.05214369,0.05212131,0.05175611,0.05110738,0.05022126,0.04916206,0.04797952,0.04673833,0.04548189,0.0442814,0.04317563,0.04222149,0.04146489,0.04094234,0.04069879,0.04075709,0.0411491,0.04189116,0.04298986,0.04446511,0.04628278,0.04848178,0.05096678,0.05381918,0.05686026,0.0602296,0.06366219,0.06732603,0.07096715,0.07455718,0.07815596,0.08125475,0.08424904,0.08657806,0.08799545,0.08892938,0.08844318,0.08642043,0.08337949,0.07873876,0.07195059,0.06370003,0.05488796,0.04537431,0.03465464,0.02471895,0.01629192,0.009197637,0.004067416,0.0005063161,-0.001883399,-0.003463696,-0.004725093,-0.006203563,-0.008257611,-0.01087115,-0.01384403,-0.01707154,-0.02073604,-0.02459174,-0.0288857,-0.03363446,-0.03804207,-0.04218179,-0.04632184,-0.05018596,-0.05352482,-0.05639669,-0.05885595,-0.06067901,-0.06181683,-0.0623717,-0.06218571,-0.06124333,-0.05964907,-0.05723284,-0.05417475
-0.04658138,-0.04155444,-0.03601612,-0.03012616,-0.02383552,-0.01737041,-0.01067423,-0.003986984,0.002740364,0.009282188,0.01567596,0.0217303,0.02747196,0.03275451,0.03759719,0.04190284,0.04568499,0.04889715,0.05154494,0.05363326,0.05515983,0.05616523,0.05666271,0.05669622,0.05630083,0.05553221,0.05443189,0.05306333,0.05147329,0.04972795,0.04787697,0.04599261,0.0441149,0.0423139,0.04063502,0.0391284,0.03784464,0.03681708,0.03608938,0.03568535,0.0356301,0.03594591,0.03662586,0.0377034,0.03912244,0.04094687,0.04304807,0.04554277,0.04821549,0.05123936,0.05433948,0.05764432,0.06103068,0.06426814,0.0676534,0.07055566,0.07327001,0.07570076,0.07710551,0.07803382,0.0781961,0.07680155,0.07418204,0.07065058,0.06562568,0.05898692,0.05112443,0.04266332,0.03414685,0.02569217,0.017169,0.009264576,0.002558999,-0.003086708,-0.007946526,-0.01224408,-0.01618516,-0.01996346,-0.02379078,-0.0278411,-0.03215347,-0.0363405,-0.04002915,-0.04351261,-0.04718227,-0.05088315,-0.05425534,-0.05716882,-0.05967992,-0.06184981,-0.06353778,-0.06457894,-0.06508736,-0.06504919,-0.0643017,-0.06294081,-0.06096875,-0.05826355,-0.0550071,-0.05106634
-0.04159528,-0.03624911,-0.03055538,-0.0244763,-0.01821371,-0.01169982,-0.005162597,0.001461585,0.007948888,0.01435025,0.02046693,0.02633511,0.03179453,0.0368692,0.04144361,0.04553263,0.04906789,0.05205609,0.05447791,0.0563295,0.05763664,0.05839645,0.05865062,0.05842299,0.05775911,0.05669362,0.05528425,0.05357341,0.05162535,0.0494885,0.04722924,0.04489161,0.04254971,0.0402456,0.03804004,0.03598421,0.03411981,0.03249815,0.03114896,0.03011123,0.02940985,0.02905959,0.02909036,0.02947754,0.03027125,0.03138766,0.03292014,0.03470453,0.03689254,0.03923764,0.04192278,0.04471742,0.04762239,0.05072824,0.05358033,0.05662537,0.05935283,0.06163814,0.06392911,0.06539799,0.06604598,0.06631346,0.06559215,0.06340747,0.06019709,0.0561217,0.05092001,0.04441287,0.03705243,0.02921263,0.0211152,0.01300952,0.005192483,-0.002171953,-0.009070283,-0.01546005,-0.02126336,-0.02649967,-0.03132043,-0.03597524,-0.04054809,-0.04495464,-0.04900159,-0.05260213,-0.0557884,-0.05855217,-0.06095007,-0.0630309,-0.06467965,-0.06574598,-0.06627346,-0.06636842,-0.06587937,-0.06476498,-0.06315505,-0.06094875,-0.05812522,-0.05482239,-0.05089074,-0.04650086
-0.03558924,-0.03030047,-0.02466549,-0.01884802,-0.0127736,-0.006653735,-0.0004108596,0.005738612,0.01186085,0.0177561,0.02347391,0.02884634,0.03390632,0.0385256,0.04272394,0.04641623,0.04961161,0.05226987,0.05438881,0.05597451,0.05701581,0.05754974,0.05758136,0.05714867,0.05627843,0.05502044,0.05340879,0.05150133,0.04933884,0.04698283,0.04447864,0.04189539,0.0392709,0.03667277,0.03414672,0.03174207,0.02951122,0.02748895,0.02572197,0.02423787,0.02306618,0.02223529,0.02174429,0.02163472,0.02185846,0.02248874,0.02340757,0.02474084,0.02628746,0.02822866,0.03030876,0.03266638,0.03520218,0.03770927,0.04051108,0.04301733,0.04557573,0.0481177,0.05000854,0.05183926,0.0533542,0.05388775,0.05379341,0.05327571,0.05174504,0.0489706,0.04518108,0.04065231,0.03530502,0.02913415,0.02222136,0.01484534,0.007314916,-0.0001682117,-0.007467006,-0.01446615,-0.02106771,-0.02719512,-0.03285848,-0.03810109,-0.04297744,-0.04740012,-0.05126275,-0.05458013,-0.05744736,-0.05991811,-0.06189416,-0.06327058,-0.06411081,-0.06452678,-0.06446139,-0.06378168,-0.06260637,-0.06097783,-0.05876518,-0.05606017,-0.05290969,-0.0491977,-0.04510727,-0.04053307
-0.0288399,-0.02386565,-0.01870457,-0.01329158,-0.007819163,-0.002199158,0.003362568,0.008946887,0.01435745,0.01965893,0.02468023,0.02946683,0.0338825,0.03795548,0.04158866,0.04479621,0.04752191,0.04976744,0.05151952,0.05276652,0.05353428,0.05381146,0.0536348,0.05301887,0.05200267,0.05061046,0.04889253,0.0468813,0.04463343,0.04218815,0.03960498,0.03691992,0.03420102,0.03148463,0.02882626,0.02627322,0.02386433,0.02164832,0.01965482,0.01792176,0.0164767,0.01533515,0.01453236,0.0140466,0.01393538,0.0141204,0.01470313,0.01552879,0.01675586,0.01815231,0.01990563,0.0218058,0.02386079,0.02618194,0.02833727,0.03079284,0.03307101,0.03509793,0.03733779,0.03903757,0.04027201,0.04149031,0.04214189,0.04185036,0.0410096,0.03968871,0.0375778,0.03442838,0.03041369,0.02568354,0.02036328,0.01450356,0.008214886,0.00166824,-0.004970503,-0.01154251,-0.01788525,-0.02388529,-0.02947048,-0.03463601,-0.03935849,-0.04364593,-0.04747488,-0.05076829,-0.05345035,-0.05549807,-0.05700734,-0.05808612,-0.05868599,-0.05870102,-0.05817771,-0.05725628,-0.05584168,-0.05389329,-0.05155423,-0.04876658,-0.0455014,-0.04191243,-0.03786932,-0.03352255
-0.02172631,-0.01736623,-0.01277648,-0.008119418,-0.003300554,0.001486587,0.006335541,0.01105568,0.01572663,0.02017694,0.02446663,0.02845455,0.03218053,0.03553882,0.03855186,0.04115143,0.04334528,0.0451039,0.04642029,0.04730489,0.04773983,0.04776027,0.04736353,0.04658186,0.04543199,0.04395621,0.04217764,0.0401453,0.03788878,0.03546025,0.03289394,0.0302502,0.02755717,0.0248738,0.02223777,0.01969132,0.01728013,0.01503454,0.0129958,0.01119005,0.009643033,0.00838457,0.007412161,0.006771346,0.006415157,0.006422405,0.006679951,0.007318864,0.008148187,0.009351848,0.01069115,0.01230478,0.01411496,0.01592164,0.01806258,0.01997347,0.022015,0.02414249,0.02577175,0.02750954,0.02913791,0.03007036,0.03069773,0.03122725,0.03113344,0.03022955,0.028722,0.02678734,0.02425773,0.02104685,0.01714931,0.01270028,0.007834475,0.002662232,-0.002700327,-0.008132181,-0.0135272,-0.0187705,-0.02377201,-0.02844025,-0.03272638,-0.03655028,-0.03985167,-0.04264256,-0.04497591,-0.04688437,-0.04829939,-0.04913155,-0.04943863,-0.04934603,-0.04884206,-0.04781104,-0.04635929,-0.04456235,-0.04231006,-0.03968085,-0.03674769,-0.03339906,-0.02980601,-0.02588678
-0.01473732,-0.01105841,-0.007299457,-0.003373848,0.000538611,0.004540379,0.008448112,0.01235444,0.01608986,0.0197288,0.02312732,0.02633829,0.02925009,0.03189556,0.03419754,0.03617159,0.037776,0.03901066,0.03987089,0.04034087,0.04044864,0.04017748,0.03956086,0.03860576,0.0373454,0.03579397,0.03399376,0.03196607,0.02975817,0.02739763,0.02493405,0.02239169,0.01982847,0.01727052,0.01476345,0.0123452,0.01004686,0.007908594,0.005954933,0.004216648,0.00271896,0.001472033,0.0005115193,-0.0001871777,-0.0005640472,-0.0006968735,-0.0004810589,-6.586258e-05,0.0007087038,0.001623035,0.002862369,0.004236782,0.005751605,0.007536446,0.009172321,0.01112889,0.01295884,0.01460194,0.0165315,0.01804251,0.01923578,0.0205731,0.02155514,0.02187006,0.02192341,0.02179833,0.02121253,0.01994566,0.01813713,0.0158805,0.01323486,0.01017127,0.0067108,0.002929088,-0.001081182,-0.005221512,-0.009378505,-0.01346157,-0.01738497,-0.02109732,-0.02453469,-0.02767779,-0.03050782,-0.03295956,-0.03495035,-0.03643516,-0.03747858,-0.03818366,-0.03852154,-0.0383932,-0.03782666,-0.03696322,-0.0357376,-0.03409809,-0.03218208,-0.02995584,-0.02737811,-0.02460112,-0.02150914,-0.01822587
-0.008292694,-0.005405176,-0.002365961,0.0006690383,0.003808117,0.006876646,0.009978118,0.01294619,0.0158686,0.01859989,0.0212066,0.0235724,0.02574193,0.02763103,0.02926477,0.03059201,0.03162075,0.03233343,0.03272108,0.03280038,0.03255016,0.03200586,0.03116015,0.03004187,0.02866008,0.02705137,0.02522941,0.02323542,0.02108824,0.01883092,0.01648609,0.01410438,0.01170273,0.009329686,0.007012508,0.004784042,0.002679819,0.0007228882,-0.001054931,-0.002632391,-0.003991828,-0.005105843,-0.005983028,-0.006578075,-0.006941161,-0.006992428,-0.006843963,-0.006364355,-0.005737166,-0.004781152,-0.003719202,-0.002419316,-0.0009387109,0.0005232433,0.002312744,0.003889486,0.005608595,0.007450663,0.008857537,0.01043149,0.01198697,0.01297834,0.01380726,0.01469541,0.01516927,0.01507891,0.01464581,0.01404257,0.01311413,0.01177478,0.009999574,0.007879698,0.005486039,0.002864937,6.656976e-05,-0.002850488,-0.005836526,-0.008823992,-0.01175233,-0.01454515,-0.01715414,-0.0195071,-0.02154553,-0.02327333,-0.02473281,-0.02594962,-0.02685921,-0.02736327,-0.02749436,-0.02736557,-0.02697768,-0.02621528,-0.02515847,-0.02389138,-0.02231101,-0.02047426,-0.01846165,-0.01616161,-0.01372402,-0.01108246
-0.002800903,-0.0005618265,0.001682468,0.004034351,0.006328411,0.00867603,0.01091476,0.01314391,0.01521749,0.01721535,0.01901702,0.02067973,0.0221132,0.02335337,0.02434102,0.02509322,0.02558195,0.02580695,0.02577245,0.0254612,0.02490475,0.02408422,0.02303199,0.02175059,0.02026996,0.01859742,0.01676949,0.01479901,0.01272576,0.01056766,0.008365855,0.00613422,0.003921066,0.00174264,-0.000365109,-0.002374122,-0.004261683,-0.005997477,-0.007563424,-0.008937917,-0.01010014,-0.01104766,-0.01174728,-0.01222911,-0.01243414,-0.0124423,-0.01214991,-0.01170302,-0.01094466,-0.01008362,-0.008941927,-0.007690722,-0.006332243,-0.0047215,-0.003267001,-0.001504102,0.0001515568,0.001637807,0.003433394,0.00487185,0.00605442,0.007448439,0.008592319,0.009202641,0.009685471,0.01014213,0.01031787,0.0100206,0.009391448,0.008521946,0.007462672,0.006170188,0.004640809,0.002911165,0.001029014,-0.0009558877,-0.002980393,-0.004998089,-0.006961213,-0.008845348,-0.01061115,-0.01225134,-0.01376077,-0.01508782,-0.01615583,-0.01691492,-0.01741229,-0.01774215,-0.01788247,-0.01773206,-0.01729717,-0.01670673,-0.01590895,-0.01483716,-0.01361315,-0.01221349,-0.01058302,-0.008862132,-0.00694408,-0.00492489
0.001577962,0.003192733,0.00489975,0.006551601,0.008265038,0.009882741,0.01151344,0.01301147,0.01446844,0.01576039,0.01695701,0.01796232,0.0188234,0.01947389,0.01994059,0.02018674,0.02022098,0.02003622,0.01962316,0.01900444,0.01815812,0.01712093,0.0158837,0.01447393,0.01289618,0.01118379,0.009344337,0.00741373,0.005403323,0.003349484,0.001266264,-0.0008033357,-0.002851102,-0.004837228,-0.00674304,-0.008543833,-0.01021321,-0.01173485,-0.01308596,-0.01425049,-0.015219,-0.01596758,-0.01651154,-0.01680772,-0.01691047,-0.01674155,-0.01641309,-0.01579661,-0.01506944,-0.01405669,-0.01296668,-0.01167761,-0.01022849,-0.008820356,-0.007103645,-0.005594954,-0.00395357,-0.002174124,-0.0007974812,0.0007643399,0.002355903,0.003454214,0.004453996,0.005587181,0.006413685,0.00679622,0.006959824,0.007079451,0.007016414,0.006692134,0.006081001,0.005263553,0.00429349,0.003196927,0.001998009,0.0007250679,-0.0006035803,-0.001953875,-0.003295742,-0.004582177,-0.00578663,-0.006860707,-0.007760873,-0.008497532,-0.00911633,-0.009647999,-0.01003781,-0.01018744,-0.01011368,-0.009919978,-0.009613731,-0.009080221,-0.008376747,-0.007588529,-0.00661636,-0.005497488,-0.004312307,-0.002948991,-0.001535658,-1.631905e-05
0.004746817,0.005964887,0.007134196,0.008366435,0.009509012,0.01067718,0.01172571,0.01275621,0.01364148,0.01446302,0.01511892,0.01566778,0.01603608,0.01626081,0.016297,0.01616231,0.01583973,0.01532898,0.01464168,0.0137603,0.01271968,0.01150043,0.01013493,0.008623453,0.006994504,0.005251246,0.003426852,0.001528705,-0.0004082548,-0.00237262,-0.004328938,-0.006270621,-0.008156276,-0.009976769,-0.0117033,-0.01331547,-0.0147968,-0.01612503,-0.01728708,-0.01826913,-0.01905404,-0.01964623,-0.02001495,-0.02019539,-0.02013036,-0.01990183,-0.01940857,-0.01879372,-0.0179053,-0.01694215,-0.0157357,-0.01443985,-0.0130657,-0.01145684,-0.01001172,-0.008276382,-0.006635536,-0.00515955,-0.003368164,-0.001892633,-0.0006418942,0.0008516183,0.002157204,0.003001634,0.003781061,0.00460796,0.005243928,0.005507882,0.00553615,0.005419038,0.005205228,0.004848758,0.004338294,0.003697007,0.002955701,0.002145151,0.001307032,0.0004676323,-0.0003460659,-0.001127074,-0.001854868,-0.002534486,-0.003174403,-0.003737464,-0.004157535,-0.004387585,-0.004468835,-0.0044936,-0.004449524,-0.004238521,-0.003854318,-0.003416697,-0.002885683,-0.002186043,-0.001426711,-0.0005919383,0.0003821806,0.001366676,0.002459955,0.003587964
0.006877025,0.007726469,0.008628574,0.009442722,0.0102887,0.0110225,0.0117537,0.01235226,0.01290997,0.01331889,0.0136488,0.01381875,0.01387594,0.01376714,0.01351921,0.01310603,0.01253608,0.01181002,0.01091821,0.009887668,0.008696344,0.007381914,0.005934519,0.004380973,0.002723161,0.0009924303,-0.0008073776,-0.002643735,-0.004510048,-0.00637438,-0.008228334,-0.0100341,-0.01178909,-0.01345956,-0.01503273,-0.01648949,-0.01780991,-0.01898226,-0.01999035,-0.02082162,-0.02147275,-0.02192229,-0.02219047,-0.02223588,-0.02211565,-0.0217534,-0.0212604,-0.02051177,-0.01967837,-0.0185926,-0.01744906,-0.0161365,-0.01467815,-0.01327665,-0.01158283,-0.01009045,-0.008476688,-0.006714333,-0.005330509,-0.003756089,-0.002119303,-0.0009279515,0.0001978233,0.001497017,0.002553877,0.003231824,0.003750546,0.00428391,0.004702825,0.004928958,0.00493329,0.004787964,0.004538772,0.004203255,0.003795349,0.00333102,0.002816695,0.002272347,0.001715563,0.001179684,0.0006819239,0.0002580794,-5.604921e-05,-0.0002742454,-0.0004446057,-0.0006031159,-0.0007045362,-0.0006543113,-0.0004602055,-0.0002204654,5.005174e-05,0.0004611951,0.0009706464,0.001491461,0.002116648,0.002821678,0.00352615,0.004338449,0.005147038,0.005997865
0.008103746,0.008784136,0.009386945,0.01002739,0.01056231,0.01110648,0.01152719,0.01192466,0.01218524,0.01238898,0.01244714,0.01241706,0.0122371,0.01194326,0.01150043,0.01092543,0.01020877,0.009349356,0.008363642,0.00723354,0.005995678,0.004630322,0.003169475,0.001611764,-1.543471e-05,-0.00171186,-0.003446751,-0.005216391,-0.006989184,-0.008758103,-0.01049162,-0.01218793,-0.0138104,-0.01535443,-0.01679611,-0.01812011,-0.01931393,-0.02036074,-0.02125046,-0.02197454,-0.02251789,-0.0228894,-0.02305968,-0.02306687,-0.02285494,-0.02250621,-0.02192164,-0.02124038,-0.02031532,-0.01933527,-0.01814065,-0.01686978,-0.01554141,-0.01399064,-0.01260547,-0.01094481,-0.009364924,-0.007945416,-0.006207747,-0.00475149,-0.00349921,-0.001985947,-0.0006156744,0.000341558,0.001268027,0.002283945,0.003162272,0.003725085,0.004099587,0.004372871,0.004590727,0.004705178,0.004698848,0.004586801,0.004390647,0.004132274,0.003843399,0.003542324,0.003247426,0.00295953,0.002691167,0.002433767,0.00217351,0.001940614,0.001795725,0.001785412,0.001873781,0.001970665,0.002080273,0.002296449,0.0026332,0.002977637,0.003358918,0.003855811,0.004368512,0.004905254,0.005533516,0.00613282,0.006792178,0.007452916
0.008727906,0.009211088,0.0097301,0.01014925,0.01058749,0.01091047,0.01122544,0.01141353,0.01156391,0.01157995,0.011529,0.0113405,0.01105971,0.01064228,0.01011334,0.009453749,0.008670543,0.007769136,0.006738738,0.005608594,0.004355941,0.003018267,0.001584718,8.098534e-05,-0.001493403,-0.003109046,-0.00476505,-0.006431636,-0.008105728,-0.009758745,-0.01138638,-0.01295458,-0.01446457,-0.01588687,-0.01721266,-0.01842646,-0.0195127,-0.0204623,-0.02126345,-0.02190537,-0.02238859,-0.02269271,-0.02284074,-0.02279193,-0.02260427,-0.02220247,-0.02169543,-0.02096124,-0.02016359,-0.01914123,-0.01807572,-0.01686491,-0.01551854,-0.01423918,-0.01268001,-0.01131299,-0.00983283,-0.008193814,-0.00691047,-0.005433815,-0.003868704,-0.002710353,-0.001595715,-0.0002805296,0.0008394559,0.001624888,0.002287332,0.002998933,0.003637645,0.004123571,0.004423321,0.004601262,0.004697599,0.004724055,0.004688657,0.004600318,0.004459422,0.004278542,0.004069568,0.0038592,0.003661237,0.003505797,0.003426208,0.003409318,0.003408008,0.003384284,0.003377446,0.003479479,0.003690319,0.003916807,0.004138622,0.004460448,0.004851188,0.005223059,0.005662575,0.006153909,0.006616694,0.007154258,0.007667425,0.008192823
0.008885926,0.009321964,0.009672243,0.0100525,0.01032674,0.01060717,0.01077024,0.01091294,0.01093128,0.01090216,0.01074594,0.01051725,0.01016236,0.009714985,0.009146287,0.008471091,0.007684378,0.006783371,0.005786908,0.004675663,0.003486311,0.002198241,0.0008420424,-0.0005855226,-0.00205881,-0.003580185,-0.005121469,-0.006682015,-0.008233281,-0.009771687,-0.011269,-0.01272696,-0.01411272,-0.01542491,-0.0166432,-0.01775572,-0.01875261,-0.01962068,-0.02035157,-0.02094001,-0.02137188,-0.02165859,-0.02177115,-0.02174881,-0.02153593,-0.02121363,-0.02068435,-0.02008228,-0.01926429,-0.01840915,-0.01736471,-0.0162554,-0.01510569,-0.01374399,-0.01254758,-0.01108779,-0.009695499,-0.008458056,-0.006900194,-0.005593464,-0.004473804,-0.003079872,-0.001792067,-0.0008790459,2.744633e-05,0.001053964,0.00198309,0.002638013,0.003136744,0.003563774,0.003962632,0.004284553,0.004507293,0.004640066,0.004698168,0.004698092,0.004665202,0.004613422,0.00455613,0.004491152,0.004426186,0.004351671,0.004251214,0.004151213,0.004109233,0.004172582,0.004310519,0.004436066,0.004547681,0.004735725,0.005020266,0.005295149,0.005581286,0.005959371,0.006337389,0.0067179,0.007169901,0.007580314,0.008029622,0.008470639
0.008811465,0.009127751,0.009476803,0.009727353,0.009996173,0.0101566,0.01031255,0.01035366,0.01036559,0.01025995,0.01010084,0.009825055,0.009475027,0.009012337,0.008459697,0.007802261,0.007044952,0.00619574,0.005242076,0.004213728,0.003086664,0.001897088,0.0006326336,-0.0006827989,-0.002052228,-0.003448533,-0.0048737,-0.006300763,-0.007729825,-0.009135394,-0.01051659,-0.01184267,-0.01311788,-0.01431627,-0.01543199,-0.0164523,-0.01736481,-0.01816223,-0.01883576,-0.01937558,-0.01978466,-0.02004293,-0.02017478,-0.02013947,-0.01999465,-0.01966551,-0.01925778,-0.01865172,-0.01800381,-0.01715784,-0.01628342,-0.01528547,-0.01416244,-0.01311532,-0.01180031,-0.01066921,-0.009432126,-0.008028005,-0.006959255,-0.005695607,-0.004322171,-0.00332276,-0.002350028,-0.001155494,-0.000117461,0.0006218187,0.001265921,0.001985806,0.002665907,0.003225303,0.003627166,0.003929758,0.004169574,0.004354469,0.004488718,0.004576565,0.004614526,0.004610126,0.004571476,0.004520629,0.004469131,0.004443164,0.004474413,0.004550534,0.004625675,0.00466051,0.004689763,0.004803079,0.005006549,0.005211791,0.005394847,0.005655805,0.005972519,0.006257742,0.006592603,0.006968088,0.007304864,0.007701619,0.008069342,0.008437364
0.008530812,0.008848361,0.009081132,0.009344381,0.009508351,0.009682373,0.009750335,0.009805856,0.009752442,0.009663681,0.009466806,0.0092135,0.008855686,0.008424505,0.007895405,0.007280944,0.006578788,0.005784185,0.004916933,0.003956145,0.002937619,0.001839444,0.0006902602,-0.0005152676,-0.001753635,-0.003029826,-0.004318391,-0.005621631,-0.006914037,-0.008195146,-0.009439782,-0.01065274,-0.01180459,-0.01289663,-0.01391148,-0.0148401,-0.01567471,-0.01640492,-0.01702358,-0.01752781,-0.01790398,-0.01816507,-0.01828215,-0.01829469,-0.01814716,-0.01791883,-0.01751319,-0.01705942,-0.01641754,-0.01575717,-0.01493202,-0.01405443,-0.01315278,-0.01205047,-0.01111428,-0.009926776,-0.008796886,-0.007817832,-0.006518229,-0.005444817,-0.004544688,-0.00336067,-0.002252619,-0.001487909,-0.0007107186,0.0002108788,0.001068317,0.00168577,0.002173613,0.002614519,0.003050884,0.003434277,0.003739165,0.003970896,0.004140328,0.004260272,0.004351623,0.004425318,0.004491063,0.004544534,0.004589811,0.004616345,0.004605633,0.004580778,0.004596489,0.004700236,0.004865051,0.005006623,0.005118761,0.005288465,0.005540223,0.005773767,0.006003774,0.006311912,0.00661293,0.006905467,0.007259319,0.00756811,0.007905599,0.008233716
0.008177811,0.008403331,0.00866292,0.008829526,0.009017765,0.009107445,0.009199512,0.009190449,0.009162825,0.009034712,0.00886736,0.008603063,0.008281725,0.007869186,0.007385991,0.006820172,0.006174685,0.005458876,0.004658508,0.003803074,0.002867267,0.00188554,0.0008439938,-0.0002355308,-0.00135846,-0.002500138,-0.003665181,-0.004829464,-0.005995979,-0.007142221,-0.008270308,-0.009352581,-0.01039593,-0.0113775,-0.01229398,-0.01313503,-0.01389087,-0.01455577,-0.01512331,-0.01558447,-0.01594399,-0.01618204,-0.01632375,-0.0163284,-0.01625285,-0.0160227,-0.01574044,-0.01528816,-0.01481578,-0.01417124,-0.01351386,-0.01275386,-0.01188044,-0.01109235,-0.01004897,-0.009184534,-0.008221944,-0.007087961,-0.006273852,-0.005265173,-0.004130406,-0.003343356,-0.002570254,-0.001559381,-0.0006738299,-5.81002e-05,0.0004845905,0.001124581,0.001752514,0.002286968,0.002688907,0.003011926,0.00329035,0.003529802,0.003732186,0.003898396,0.004022341,0.004107752,0.004159894,0.004197197,0.004229651,0.004280074,0.004378597,0.004513081,0.004638323,0.004713615,0.004769665,0.004893438,0.005095352,0.005290832,0.005453187,0.005678208,0.005950526,0.006183896,0.006455048,0.006760174,0.007021558,0.00733393,0.007616743,0.007893973
0.007697654,0.007940269,0.008101438,0.008295619,0.008398565,0.008517079,0.00854128,0.008561937,0.008488662,0.008392309,0.008205551,0.007977596,0.007664748,0.007295989,0.006849941,0.006337265,0.005757457,0.005104058,0.004397249,0.003614765,0.002791304,0.001903704,0.0009786952,8.978871e-06,-0.0009839998,-0.002007647,-0.003039047,-0.004083164,-0.005117271,-0.006143721,-0.007140122,-0.00811398,-0.009038852,-0.009918423,-0.01073791,-0.01149075,-0.012171,-0.01277063,-0.01328361,-0.01370901,-0.01403371,-0.01427186,-0.01439463,-0.01444152,-0.01435712,-0.01421893,-0.01393139,-0.01361925,-0.01314513,-0.01267092,-0.01205503,-0.01139987,-0.01073635,-0.009884311,-0.009201059,-0.008278906,-0.007408612,-0.006687644,-0.005648653,-0.004817191,-0.004149013,-0.003191158,-0.002286185,-0.001700107,-0.001087546,-0.0003122008,0.0004253317,0.0009503731,0.001367298,0.001757481,0.002162965,0.002536193,0.002849634,0.003106141,0.003313519,0.003481965,0.003629173,0.003763901,0.003893129,0.004010894,0.00411858,0.004204622,0.004248724,0.00427107,0.004323645,0.004453585,0.004636514,0.004790048,0.004904153,0.005062591,0.005292764,0.005499144,0.005691628,0.005952049,0.006200679,0.006433374,0.006720255,0.006960659,0.007223221,0.007477002
0.007177508,0.007336953,0.007532752,0.007641691,0.007776523,0.007822471,0.007878069,0.007845391,0.007804553,0.007678804,0.007527141,0.007296163,0.007023818,0.006679214,0.006281177,0.005819854,0.005296661,0.004721805,0.004079714,0.003399401,0.002654495,0.001877805,0.001054097,0.0002033176,-0.0006820142,-0.001579514,-0.002496057,-0.003410064,-0.004327005,-0.005227062,-0.006114956,-0.006965774,-0.007788668,-0.00856353,-0.009289276,-0.009957694,-0.01056127,-0.01109568,-0.01155651,-0.01193558,-0.01223907,-0.01244749,-0.01258651,-0.01261563,-0.0125909,-0.0124384,-0.01225786,-0.01193295,-0.01160809,-0.01113462,-0.0106635,-0.01010907,-0.009453245,-0.008892399,-0.008088952,-0.007462498,-0.00674626,-0.005857546,-0.005277892,-0.00450603,-0.003597126,-0.003016232,-0.002440768,-0.001616648,-0.0008942405,-0.0004195562,-1.39625e-06,0.0005302416,0.001071429,0.00154076,0.001897794,0.002192635,0.00245831,0.002699077,0.002915406,0.0031059,0.003262707,0.00338679,0.003481334,0.003561998,0.003637527,0.00372808,0.003862388,0.004028262,0.004180797,0.004278032,0.004347291,0.004472947,0.004668376,0.004851944,0.004994845,0.005189147,0.00542446,0.005615622,0.005835819,0.006085106,0.006287462,0.006534408,0.006752153,0.006960847
0.006538016,0.006719812,0.006824234,0.006964987,0.007022419,0.007101359,0.007096949,0.007097781,0.007018302,0.006927296,0.006761636,0.006568707,0.006308165,0.006007412,0.005647367,0.005237292,0.004777933,0.004261572,0.003708485,0.00309536,0.002455785,0.001765616,0.001049852,0.0002995613,-0.0004656602,-0.001255229,-0.002048485,-0.002852616,-0.003647332,-0.004437356,-0.005202779,-0.005953399,-0.006665396,-0.007344508,-0.007978264,-0.008562214,-0.009092057,-0.009561776,-0.009966422,-0.01030667,-0.01056998,-0.01077148,-0.0108826,-0.0109428,-0.01089696,-0.01082108,-0.01062048,-0.01041625,-0.01007322,-0.00974695,-0.009299579,-0.0088258,-0.008358193,-0.007714123,-0.007242872,-0.006544678,-0.005895833,-0.005396656,-0.004583479,-0.003964889,-0.003503428,-0.002749726,-0.002032338,-0.001615802,-0.001163215,-0.0005348162,7.544501e-05,0.0004940607,0.0008206642,0.001135853,0.001481618,0.001811501,0.002096666,0.002338182,0.002541747,0.002715876,0.002876016,0.003029476,0.003181298,0.003324325,0.003457719,0.003569112,0.003636725,0.003678405,0.003743834,0.003879644,0.00406322,0.004213659,0.004317929,0.004457002,0.004660161,0.004835649,0.004989832,0.005204372,0.005403873,0.005582314,0.00580986,0.00599056,0.00618922,0.006380385
0.005861721,0.005964682,0.006107072,0.006169029,0.006261817,0.006275065,0.00630546,0.006259505,0.00621547,0.006100612,0.005972216,0.005780229,0.005561125,0.005286491,0.004973807,0.004614749,0.004209541,0.003768947,0.003276343,0.002760213,0.002193267,0.001606925,0.0009847424,0.0003450553,-0.0003213979,-0.0009941374,-0.001682026,-0.002365636,-0.003052568,-0.003725274,-0.004390734,-0.005026395,-0.005643399,-0.006223979,-0.006769026,-0.007272144,-0.007727775,-0.008132867,-0.00848471,-0.008775894,-0.009013841,-0.009179465,-0.009298954,-0.009332016,-0.009334121,-0.009231801,-0.009122567,-0.008891372,-0.008678283,-0.00833724,-0.008012647,-0.007621923,-0.007141619,-0.006765743,-0.006159364,-0.005730297,-0.005219634,-0.004537507,-0.004157289,-0.003588378,-0.002875994,-0.002477647,-0.002079456,-0.001425544,-0.0008562096,-0.0005182885,-0.0002250634,0.0001932583,0.0006370383,0.001025359,0.001316788,0.001558976,0.00178401,0.001995135,0.002191938,0.002371637,0.002525201,0.002651724,0.002752924,0.002842405,0.002927671,0.003026985,0.003167839,0.003337961,0.003492641,0.003588879,0.003651297,0.003762125,0.003936769,0.004095847,0.004209029,0.004365478,0.004558407,0.004703782,0.004872096,0.005066293,0.005211899,0.005398083,0.005556223,0.00570391
0.00507177,0.005200894,0.005257495,0.005354761,0.00537668,0.005426715,0.005403878,0.005395247,0.005318927,0.00524224,0.005105191,0.004953908,0.00475047,0.004521153,0.004248491,0.003940701,0.003599309,0.003215643,0.002809857,0.002357788,0.001891964,0.001387388,0.0008675119,0.0003220113,-0.0002311904,-0.0008031852,-0.001375319,-0.001956667,-0.002529082,-0.003099288,-0.00364955,-0.004191627,-0.004703994,-0.005194173,-0.005651698,-0.006073915,-0.00645802,-0.006799673,-0.007094946,-0.007345837,-0.007540436,-0.007694651,-0.007780277,-0.007836722,-0.007809195,-0.007772468,-0.007632612,-0.007507844,-0.007264619,-0.007053632,-0.006739668,-0.006411572,-0.006102979,-0.005629425,-0.005333778,-0.004822176,-0.004359892,-0.004048944,-0.003428564,-0.002994375,-0.002713877,-0.002140461,-0.0015919,-0.001331244,-0.001027997,-0.0005397564,-5.527687e-05,0.0002530101,0.0004812008,0.0007094591,0.0009798211,0.001246883,0.001480913,0.001681708,0.00185347,0.002003628,0.002146043,0.002287062,0.002430334,0.002567823,0.002696936,0.002804667,0.002868071,0.00290322,0.002958014,0.003078568,0.003243437,0.00337286,0.003451616,0.003558517,0.003724099,0.003859495,0.003968612,0.004132935,0.004280358,0.004403726,0.004573202,0.004696554,0.004835933,0.004969988
0.00425799,0.004312797,0.004411212,0.004436049,0.004497619,0.004488901,0.004505386,0.004456879,0.004420443,0.004326271,0.004230539,0.004085578,0.003926853,0.003727652,0.003504531,0.003250133,0.002963785,0.002656457,0.002310668,0.001954281,0.001559199,0.001155551,0.0007258066,0.0002868352,-0.0001721782,-0.0006324675,-0.001104622,-0.001571139,-0.002041485,-0.002500125,-0.002955979,-0.003388564,-0.003810786,-0.004206906,-0.004579518,-0.004923854,-0.005236024,-0.005514157,-0.005756973,-0.005957839,-0.006125198,-0.006240411,-0.00633007,-0.006354143,-0.006367634,-0.006297439,-0.006239356,-0.00607923,-0.005953824,-0.005718839,-0.005513781,-0.005257987,-0.004924042,-0.004703864,-0.004264368,-0.004004521,-0.003670825,-0.003168192,-0.00296363,-0.002574011,-0.002037178,-0.001804853,-0.001569308,-0.001073341,-0.0006496773,-0.0004455073,-0.0002772746,2.473269e-05,0.0003641751,0.0006605958,0.0008719728,0.001044227,0.001208832,0.001368422,0.00152198,0.001665697,0.001789688,0.001891667,0.001972239,0.002043489,0.002112045,0.002194726,0.002318065,0.00246963,0.002604787,0.002679751,0.002717187,0.002797682,0.002937992,0.003060378,0.003133562,0.003244602,0.003389242,0.003484451,0.003598922,0.003737688,0.003827646,0.003956392,0.004059145,0.004151944
0.003349099,0.003434326,0.003452696,0.003517137,0.003514405,0.003547158,0.003517276,0.003510937,0.003448892,0.003397601,0.003299316,0.003199328,0.003061397,0.002911008,0.002731791,0.002531181,0.002311114,0.002062102,0.001804013,0.001511884,0.001217281,0.000894293,0.0005650363,0.000217862,-0.0001307972,-0.0004936171,-0.0008536797,-0.001221811,-0.001581756,-0.00194208,-0.002286939,-0.002629878,-0.002951339,-0.003260485,-0.003548567,-0.003814558,-0.004056988,-0.004272993,-0.004459598,-0.004619965,-0.004742778,-0.004844624,-0.004897617,-0.004941189,-0.004920772,-0.004910256,-0.004816128,-0.004754507,-0.004592791,-0.004478164,-0.004276969,-0.004073757,-0.003902408,-0.003577085,-0.00343578,-0.00308847,-0.002792567,-0.00265084,-0.00220438,-0.001939286,-0.001825808,-0.001419294,-0.001029843,-0.0009191925,-0.0007609919,-0.0004109564,-5.396617e-05,0.0001384843,0.0002602991,0.0003912353,0.0005735029,0.0007624086,0.0009277276,0.001068533,0.001187968,0.001292514,0.001394869,0.001500531,0.001612068,0.001720731,0.001822862,0.001904795,0.001942764,0.001951489,0.001977533,0.002066574,0.002197919,0.002292529,0.002333735,0.002398853,0.002519268,0.002608105,0.002667759,0.002779589,0.002873872,0.002942878,0.003056915,0.003126435,0.00321207,0.003295369
0.002439305,0.002454689,0.002518886,0.002516656,0.002557992,0.002538196,0.002552278,0.002512301,0.002494797,0.002431948,0.002379413,0.00229105,0.002201785,0.002085936,0.001959503,0.001815621,0.001652968,0.001482411,0.00128574,0.001090114,0.0008666632,0.0006442912,0.0004044327,0.0001625645,-9.353317e-05,-0.0003467279,-0.0006091652,-0.0008651281,-0.001125786,-0.001377468,-0.001630838,-0.001867289,-0.00210133,-0.002319036,-0.002524534,-0.002714567,-0.002886688,-0.003040185,-0.003174984,-0.003285272,-0.003380317,-0.003441968,-0.003497127,-0.003506028,-0.003523319,-0.003476104,-0.003458921,-0.00335804,-0.003307863,-0.003164956,-0.003065409,-0.00292935,-0.002726412,-0.002646749,-0.002358029,-0.002253198,-0.002081677,-0.001744751,-0.001704882,-0.001483074,-0.001111943,-0.001039201,-0.0009606456,-0.0006180235,-0.0003388997,-0.0002704159,-0.0002307418,-5.005495e-05,0.0001776195,0.0003721246,0.0004911792,0.0005795643,0.0006684172,0.0007600232,0.0008529197,0.0009424284,0.001017968,0.001076142,0.001116659,0.001150467,0.001183618,0.001231816,0.001320866,0.001438048,0.00153863,0.001578249,0.001578302,0.001618234,0.001715587,0.001793659,0.001820672,0.001882385,0.001976187,0.002019802,0.002080977,0.002166172,0.002203416,0.00227951,0.002332333,0.002377239
0.001458747,0.0015081,0.001496708,0.001537679,0.001519662,0.00154519,0.00151805,0.001524213,0.001486154,0.00147009,0.001419695,0.001379932,0.001315575,0.001251711,0.001172547,0.00108501,0.0009911135,0.0008807144,0.0007732439,0.0006429729,0.0005205487,0.0003791011,0.0002395215,8.887534e-05,-5.781116e-05,-0.0002147321,-0.000366576,-0.0005258241,-0.0006779635,-0.0008332943,-0.0009777209,-0.001126477,-0.001261764,-0.001394314,-0.001516949,-0.001630134,-0.001733664,-0.001825983,-0.00190506,-0.001975069,-0.002025298,-0.002072925,-0.002090368,-0.002117136,-0.00209876,-0.002108542,-0.002053025,-0.002046916,-0.001957812,-0.001930582,-0.001831984,-0.001743719,-0.001699187,-0.001511277,-0.001514636,-0.00132077,-0.001182136,-0.00120124,-0.000919648,-0.0008175164,-0.0008659314,-0.0006208713,-0.0003876844,-0.0004269051,-0.0004140638,-0.0002035305,2.229048e-05,9.267386e-05,0.0001005064,0.0001253692,0.0002096354,0.0003089768,0.0003928699,0.0004599121,0.0005125155,0.0005564145,0.0006034463,0.0006583767,0.0007229219,0.0007876794,0.0008482045,0.0008901916,0.0008892047,0.0008590021,0.0008452011,0.0008930835,0.0009822418,0.001033948,0.001030701,0.001048982,0.001120648,0.001159991,0.00116872,0.001228241,0.001270332,0.001287192,0.001349454,0.001369327,0.001406951,0.001445759
0.000501907,0.0004842291,0.0005211915,0.0004989029,0.0005276733,0.0005042813,0.0005239511,0.0005001284,0.0005094765,0.0004853462,0.0004834193,0.0004584332,0.0004452195,0.0004186151,0.0003943476,0.0003656767,0.0003308257,0.0003003764,0.0002554661,0.0002225424,0.0001718817,0.0001313128,8.115338e-05,3.558204e-05,-1.90127e-05,-6.700237e-05,-0.0001220918,-0.0001702133,-0.0002241958,-0.0002720866,-0.0003262529,-0.000369813,-0.0004188824,-0.0004611791,-0.000502339,-0.0005405143,-0.0005746048,-0.0006050166,-0.0006327658,-0.0006528412,-0.0006752572,-0.0006823412,-0.0007013228,-0.0006926088,-0.0007106724,-0.0006825574,-0.0007020326,-0.0006551949,-0.000675014,-0.0006178773,-0.0006178214,-0.0005946509,-0.0005160515,-0.000570588,-0.0004254514,-0.0004701255,-0.0004543985,-0.0002771284,-0.0003979382,-0.0003388702,-0.0001296361,-0.0002153751,-0.0002926918,-0.0001022458,3.112995e-05,-3.917667e-05,-0.0001317293,-7.636699e-05,3.40329e-05,0.0001196406,0.0001380766,0.0001336244,0.0001371269,0.0001504812,0.0001717969,0.0001958101,0.000211332,0.0002141929,0.0002033725,0.0001889621,0.0001763001,0.0001802909,0.0002260607,0.0003004748,0.0003584912,0.0003552687,0.0003114647,0.0003059153,0.000356407,0.0003866623,0.0003647132,0.0003758784,0.0004183773,0.0004104827,0.0004197803,0.0004536365,0.0004408979,0.0004684254,0.0004756179,0.0004780084
-0.0005019061,-0.0004842282,-0.0005211905,-0.0004989019,-0.0005276722,-0.0005042801,-0.0005239499,-0.0005001271,-0.0005094752,-0.0004853448,-0.0004834178,-0.0004584317,-0.000445218,-0.0004186135,-0.000394346,-0.000365675,-0.000330824,-0.0003003747,-0.0002554644,-0.0002225407,-0.00017188,-0.000131311,-8.115165e-05,-3.558033e-05,1.901438e-05,6.700402e-05,0.0001220934,0.0001702149,0.0002241973,0.000272088,0.0003262543,0.0003698143,0.0004188837,0.0004611803,0.0005023401,0.0005405154,0.0005746058,0.0006050176,0.0006327667,0.000652842,0.000675258,0.000682342,0.0007013234,0.0006926094,0.000710673,0.0006825579,0.0007020331,0.0006551953,0.0006750143,0.0006178777,0.0006178217,0.0005946511,0.0005160517,0.0005705882,0.0004254515,0.0004701256,0.0004543986,0.0002771285,0.0003979382,0.0003388702,0.0001296361,0.000215375,0.0002926918,0.0001022457,-3.113002e-05,3.917659e-05,0.0001317292,7.636689e-05,-3.4033e-05,-0.0001196407,-0.0001380767,-0.0001336245,-0.000137127,-0.0001504813,-0.000171797,-0.0001958102,-0.0002113321,-0.000214193,-0.0002033726,-0.0001889622,-0.0001763001,-0.0001802909,-0.0002260606,-0.0003004747,-0.0003584911,-0.0003552685,-0.0003114646,-0.000305915,-0.0003564068,-0.0003866619,-0.0003647128,-0.000375878,-0.0004183769,-0.0004104822,-0.0004197798,-0.0004536359,-0.0004408973,-0.0004684247,-0.0004756172,-0.0004780075
-0.001458746,-0.001508099,-0.001496707,-0.001537678,-0.001519661,-0.001545189,-0.001518049,-0.001524212,-0.001486153,-0.001470088,-0.001419693,-0.00137993,-0.001315573,-0.001251709,-0.001172545,-0.001085008,-0.0009911119,-0.0008807127,-0.0007732422,-0.0006429712,-0.000520547,-0.0003790995,-0.0002395198,-8.88737e-05,5.781277e-05,0.0002147337,0.0003665776,0.0005258256,0.0006779649,0.0008332957,0.0009777223,0.001126478,0.001261766,0.001394315,0.001516951,0.001630135,0.001733665,0.001825984,0.001905061,0.001975069,0.002025298,0.002072925,0.002090369,0.002117137,0.002098761,0.002108543,0.002053026,0.002046916,0.001957812,0.001930583,0.001831985,0.001743719,0.001699187,0.001511277,0.001514636,0.00132077,0.001182136,0.00120124,0.0009196479,0.0008175164,0.0008659313,0.0006208711,0.0003876843,0.0004269049,0.0004140636,0.0002035303,-2.229069e-05,-9.267408e-05,-0.0001005066,-0.0001253694,-0.0002096356,-0.0003089771,-0.0003928702,-0.0004599123,-0.0005125158,-0.0005564147,-0.0006034464,-0.0006583768,-0.000722922,-0.0007876795,-0.0008482046,-0.0008901916,-0.0008892047,-0.0008590021,-0.000845201,-0.0008930833,-0.0009822417,-0.001033947,-0.001030701,-0.001048982,-0.001120648,-0.00115999,-0.00116872,-0.001228241,-0.001270331,-0.001287192,-0.001349453,-0.001369326,-0.00140695,-0.001445758
-0.002439304,-0.002454688,-0.002518885,-0.002516655,-0.002557991,-0.002538195,-0.002552277,-0.0025123,-0.002494795,-0.002431947,-0.002379412,-0.002291048,-0.002201784,-0.002085934,-0.001959502,-0.001815619,-0.001652967,-0.00148241,-0.001285738,-0.001090113,-0.0008666616,-0.0006442897,-0.0004044312,-0.000162563,9.353462e-05,0.0003467293,0.0006091666,0.0008651293,0.001125788,0.00137747,0.001630839,0.00186729,0.002101331,0.002319037,0.002524535,0.002714567,0.002886689,0.003040185,0.003174984,0.003285273,0.003380318,0.003441969,0.003497128,0.003506028,0.003523319,0.003476104,0.003458921,0.00335804,0.003307863,0.003164956,0.003065409,0.00292935,0.002726412,0.002646749,0.002358028,0.002253198,0.002081676,0.001744751,0.001704881,0.001483074,0.001111943,0.001039201,0.0009606453,0.0006180232,0.0003388993,0.0002704155,0.0002307415,5.00546e-05,-0.0001776198,-0.0003721249,-0.0004911795,-0.0005795646,-0.0006684175,-0.0007600235,-0.0008529199,-0.0009424286,-0.001017968,-0.001076142,-0.00111666,-0.001150467,-0.001183618,-0.001231816,-0.001320866,-0.001438048,-0.00153863,-0.001578249,-0.001578302,-0.001618234,-0.001715587,-0.001793659,-0.001820671,-0.001882385,-0.001976187,-0.002019802,-0.002080977,-0.002166171,-0.002203415,-0.002279509,-0.002332332,-0.002377238
-0.003349098,-0.003434326,-0.003452695,-0.003517136,-0.003514404,-0.003547157,-0.003517274,-0.003510936,-0.003448891,-0.0033976,-0.003299314,-0.003199327,-0.003061395,-0.002911006,-0.00273179,-0.002531179,-0.002311112,-0.0020621,-0.001804012,-0.001511883,-0.00121728,-0.0008942917,-0.000565035,-0.0002178608,0.0001307985,0.0004936183,0.0008536808,0.001221812,0.001581757,0.001942081,0.00228694,0.002629879,0.00295134,0.003260485,0.003548568,0.003814559,0.004056988,0.004272994,0.004459598,0.004619966,0.004742778,0.004844625,0.004897617,0.004941189,0.004920772,0.004910256,0.004816128,0.004754507,0.004592791,0.004478164,0.004276969,0.004073757,0.003902408,0.003577085,0.003435779,0.00308847,0.002792567,0.00265084,0.00220438,0.001939286,0.001825808,0.001419294,0.001029843,0.0009191922,0.0007609915,0.0004109561,5.396585e-05,-0.0001384846,-0.0002602994,-0.0003912356,-0.0005735031,-0.0007624088,-0.0009277278,-0.001068533,-0.001187968,-0.001292514,-0.001394869,-0.001500531,-0.001612068,-0.001720731,-0.001822862,-0.001904795,-0.001942764,-0.001951489,-0.001977533,-0.002066574,-0.002197919,-0.002292529,-0.002333734,-0.002398852,-0.002519268,-0.002608105,-0.002667758,-0.002779588,-0.002873871,-0.002942878,-0.003056915,-0.003126434,-0.003212069,-0.003295368
-0.004257989,-0.004312796,-0.004411211,-0.004436047,-0.004497618,-0.004488899,-0.004505384,-0.004456878,-0.004420442,-0.004326269,-0.004230538,-0.004085578,-0.003926852,-0.003727651,-0.00350453,-0.003250131,-0.002963783,-0.002656455,-0.002310667,-0.001954279,-0.001559198,-0.00115555,-0.0007258055,-0.0002868342,0.0001721792,0.0006324684,0.001104623,0.001571139,0.002041486,0.002500125,0.00295598,0.003388565,0.003810786,0.004206906,0.004579518,0.004923854,0.005236024,0.005514157,0.005756973,0.005957839,0.006125198,0.006240411,0.00633007,0.006354143,0.006367633,0.006297439,0.006239356,0.00607923,0.005953823,0.005718839,0.00551378,0.005257986,0.004924041,0.004703863,0.004264368,0.00400452,0.003670824,0.003168192,0.002963629,0.002574011,0.002037177,0.001804853,0.001569307,0.00107334,0.0006496769,0.000445507,0.0002772742,-2.473297e-05,-0.0003641753,-0.000660596,-0.000871973,-0.001044227,-0.001208832,-0.001368422,-0.00152198,-0.001665697,-0.001789688,-0.001891667,-0.001972239,-0.002043489,-0.002112044,-0.002194725,-0.002318065,-0.00246963,-0.002604786,-0.002679751,-0.002717186,-0.002797682,-0.002937991,-0.003060377,-0.003133561,-0.003244601,-0.003389242,-0.003484451,-0.003598921,-0.003737687,-0.003827645,-0.003956391,-0.004059144,-0.004151943
-0.005071769,-0.005200893,-0.005257494,-0.00535476,-0.005376679,-0.005426714,-0.005403876,-0.005395246,-0.005318925,-0.005242239,-0.00510519,-0.004953907,-0.004750468,-0.004521152,-0.00424849,-0.003940701,-0.003599308,-0.003215641,-0.002809856,-0.002357787,-0.001891963,-0.001387387,-0.000867511,-0.0003220105,0.0002311911,0.0008031858,0.001375319,0.001956668,0.002529082,0.003099288,0.00364955,0.004191628,0.004703994,0.005194173,0.005651698,0.006073915,0.00645802,0.006799672,0.007094946,0.007345837,0.007540436,0.00769465,0.007780276,0.007836721,0.007809195,0.007772468,0.007632611,0.007507843,0.007264618,0.007053632,0.006739668,0.006411571,0.006102978,0.005629424,0.005333777,0.004822175,0.004359891,0.004048944,0.003428563,0.002994375,0.002713877,0.002140461,0.001591899,0.001331243,0.001027997,0.0005397559,5.527644e-05,-0.0002530105,-0.0004812012,-0.0007094594,-0.0009798213,-0.001246884,-0.001480913,-0.001681708,-0.00185347,-0.002003628,-0.002146043,-0.002287062,-0.002430334,-0.002567823,-0.002696936,-0.002804666,-0.002868071,-0.00290322,-0.002958014,-0.003078567,-0.003243437,-0.00337286,-0.003451616,-0.003558516,-0.003724098,-0.003859495,-0.003968612,-0.004132934,-0.004280357,-0.004403725,-0.004573201,-0.004696553,-0.004835932,-0.004969987
-0.005861721,-0.005964681,-0.006107071,-0.006169028,-0.006261816,-0.006275064,-0.006305459,-0.006259504,-0.006215469,-0.00610061,-0.005972215,-0.005780228,-0.005561124,-0.00528649,-0.004973806,-0.004614748,-0.00420954,-0.003768946,-0.003276343,-0.002760212,-0.002193267,-0.001606924,-0.0009847418,-0.0003450547,0.0003213984,0.0009941377,0.001682026,0.002365636,0.003052568,0.003725274,0.004390734,0.005026395,0.005643399,0.006223979,0.006769025,0.007272143,0.007727774,0.008132867,0.008484709,0.008775893,0.009013841,0.009179465,0.009298954,0.009332015,0.00933412,0.0092318,0.009122566,0.008891371,0.008678282,0.008337239,0.008012646,0.007621922,0.007141618,0.006765742,0.006159363,0.005730296,0.005219633,0.004537506,0.004157288,0.003588377,0.002875993,0.002477646,0.002079455,0.001425543,0.0008562088,0.0005182878,0.0002250627,-0.0001932589,-0.0006370388,-0.001025359,-0.001316788,-0.001558976,-0.00178401,-0.001995135,-0.002191938,-0.002371637,-0.002525201,-0.002651724,-0.002752924,-0.002842405,-0.002927671,-0.003026985,-0.003167838,-0.003337961,-0.003492641,-0.003588879,-0.003651297,-0.003762124,-0.003936769,-0.004095846,-0.004209029,-0.004365477,-0.004558407,-0.004703781,-0.004872096,-0.005066292,-0.005211898,-0.005398082,-0.005556222,-0.005703909
-0.006538015,-0.00671981,-0.006824233,-0.006964985,-0.007022419,-0.007101358,-0.007096949,-0.00709778,-0.007018301,-0.006927295,-0.006761634,-0.006568706,-0.006308164,-0.006007411,-0.005647366,-0.005237292,-0.004777933,-0.004261571,-0.003708484,-0.00309536,-0.002455785,-0.001765615,-0.001049851,-0.0002995609,0.0004656606,0.001255229,0.002048485,0.002852616,0.003647332,0.004437356,0.005202779,0.005953399,0.006665395,0.007344507,0.007978263,0.008562214,0.009092056,0.009561775,0.009966421,0.01030667,0.01056998,0.01077148,0.0108826,0.0109428,0.01089696,0.01082108,0.01062047,0.01041625,0.01007322,0.009746949,0.009299577,0.008825799,0.008358191,0.007714122,0.007242871,0.006544676,0.005895831,0.005396654,0.004583478,0.003964888,0.003503426,0.002749725,0.002032337,0.001615801,0.001163214,0.0005348152,-7.544589e-05,-0.0004940616,-0.000820665,-0.001135854,-0.001481619,-0.001811502,-0.002096666,-0.002338182,-0.002541747,-0.002715877,-0.002876017,-0.003029476,-0.003181298,-0.003324325,-0.003457719,-0.003569112,-0.003636725,-0.003678404,-0.003743834,-0.003879644,-0.00406322,-0.004213659,-0.004317929,-0.004457002,-0.00466016,-0.004835649,-0.004989832,-0.005204371,-0.005403872,-0.005582314,-0.005809859,-0.005990559,-0.006189219,-0.006380384
-0.007177507,-0.007336952,-0.007532751,-0.00764169,-0.007776523,-0.00782247,-0.007878068,-0.00784539,-0.007804551,-0.007678803,-0.00752714,-0.007296161,-0.007023817,-0.006679213,-0.006281176,-0.005819853,-0.00529666,-0.004721805,-0.004079713,-0.0033994,-0.002654494,-0.001877804,-0.001054096,-0.0002033174,0.0006820143,0.001579514,0.002496057,0.003410064,0.004327005,0.005227062,0.006114955,0.006965773,0.007788667,0.008563529,0.009289276,0.009957694,0.01056126,0.01109568,0.01155651,0.01193558,0.01223907,0.01244748,0.01258651,0.01261563,0.0125909,0.0124384,0.01225786,0.01193295,0.01160809,0.01113462,0.0106635,0.01010907,0.009453243,0.008892398,0.00808895,0.007462497,0.006746258,0.005857544,0.00527789,0.004506028,0.003597125,0.00301623,0.002440767,0.001616646,0.0008942392,0.000419555,1.395079e-06,-0.0005302427,-0.00107143,-0.001540761,-0.001897795,-0.002192636,-0.002458311,-0.002699078,-0.002915406,-0.0031059,-0.003262708,-0.003386791,-0.003481335,-0.003561998,-0.003637527,-0.00372808,-0.003862388,-0.004028262,-0.004180797,-0.004278032,-0.004347291,-0.004472946,-0.004668376,-0.004851944,-0.004994845,-0.005189147,-0.005424459,-0.005615621,-0.005835818,-0.006085105,-0.006287461,-0.006534407,-0.006752152,-0.006960846
-0.007697653,-0.007940267,-0.008101437,-0.008295618,-0.008398564,-0.008517077,-0.008541279,-0.008561935,-0.00848866,-0.008392308,-0.00820555,-0.007977595,-0.007664748,-0.007295988,-0.00684994,-0.006337265,-0.005757456,-0.005104058,-0.004397249,-0.003614765,-0.002791304,-0.001903703,-0.0009786951,-8.978826e-06,0.0009839997,0.002007647,0.003039047,0.004083163,0.00511727,0.006143721,0.007140121,0.008113979,0.009038851,0.009918422,0.01073791,0.01149075,0.012171,0.01277063,0.01328361,0.01370901,0.0140337,0.01427186,0.01439463,0.01444152,0.01435711,0.01421893,0.01393139,0.01361924,0.01314513,0.01267092,0.01205503,0.01139987,0.01073634,0.009884309,0.009201057,0.008278904,0.007408611,0.006687643,0.005648651,0.004817189,0.004149011,0.003191156,0.002286183,0.001700106,0.001087544,0.0003121994,-0.000425333,-0.0009503743,-0.001367299,-0.001757482,-0.002162966,-0.002536194,-0.002849635,-0.003106141,-0.00331352,-0.003481966,-0.003629174,-0.003763902,-0.00389313,-0.004010894,-0.00411858,-0.004204622,-0.004248724,-0.00427107,-0.004323645,-0.004453585,-0.004636514,-0.004790048,-0.004904153,-0.00506259,-0.005292764,-0.005499144,-0.005691628,-0.005952048,-0.006200678,-0.006433373,-0.006720254,-0.006960658,-0.00722322,-0.007477001
-0.00817781,-0.00840333,-0.008662918,-0.008829525,-0.009017764,-0.009107444,-0.00919951,-0.009190448,-0.009162823,-0.009034711,-0.008867358,-0.008603062,-0.008281725,-0.007869185,-0.00738599,-0.006820171,-0.006174684,-0.005458876,-0.004658508,-0.003803074,-0.002867267,-0.00188554,-0.0008439937,0.0002355308,0.00135846,0.002500138,0.003665181,0.004829464,0.005995978,0.00714222,0.008270308,0.00935258,0.01039592,0.0113775,0.01229398,0.01313502,0.01389087,0.01455577,0.01512331,0.01558447,0.01594399,0.01618204,0.01632375,0.0163284,0.01625285,0.01602269,0.01574044,0.01528816,0.01481578,0.01417123,0.01351385,0.01275385,0.01188044,0.01109235,0.01004897,0.009184532,0.008221942,0.007087959,0.00627385,0.005265171,0.004130404,0.003343355,0.002570252,0.00155938,0.0006738284,5.809875e-05,-0.0004845919,-0.001124582,-0.001752515,-0.002286969,-0.002688908,-0.003011927,-0.003290351,-0.003529803,-0.003732186,-0.003898397,-0.004022342,-0.004107753,-0.004159895,-0.004197197,-0.004229652,-0.004280074,-0.004378597,-0.004513081,-0.004638323,-0.004713614,-0.004769664,-0.004893437,-0.005095351,-0.005290831,-0.005453186,-0.005678208,-0.005950526,-0.006183895,-0.006455047,-0.006760173,-0.007021557,-0.007333929,-0.007616742,-0.007893971
-0.008530811,-0.00884836,-0.009081131,-0.00934438,-0.009508349,-0.009682371,-0.009750335,-0.009805855,-0.00975244,-0.00966368,-0.009466805,-0.009213499,-0.008855685,-0.008424504,-0.007895404,-0.007280943,-0.006578787,-0.005784184,-0.004916933,-0.003956144,-0.002937619,-0.001839444,-0.00069026,0.0005152677,0.001753635,0.003029825,0.004318391,0.005621631,0.006914036,0.008195146,0.009439782,0.01065274,0.01180459,0.01289663,0.01391147,0.0148401,0.01567471,0.01640492,0.01702358,0.01752781,0.01790398,0.01816507,0.01828215,0.01829469,0.01814716,0.01791883,0.01751319,0.01705942,0.01641754,0.01575717,0.01493202,0.01405442,0.01315278,0.01205047,0.01111428,0.009926775,0.008796884,0.007817829,0.006518227,0.005444815,0.004544686,0.003360668,0.002252617,0.001487907,0.0007107169,-0.0002108804,-0.001068319,-0.001685772,-0.002173614,-0.00261452,-0.003050885,-0.003434278,-0.003739166,-0.003970897,-0.004140329,-0.004260273,-0.004351624,-0.004425318,-0.004491063,-0.004544535,-0.004589811,-0.004616345,-0.004605634,-0.004580778,-0.004596489,-0.004700236,-0.004865051,-0.005006623,-0.00511876,-0.005288465,-0.005540222,-0.005773766,-0.006003773,-0.006311911,-0.006612929,-0.006905466,-0.007259318,-0.007568109,-0.007905598,-0.008233715
-0.008811464,-0.009127749,-0.009476802,-0.009727352,-0.009996172,-0.0101566,-0.01031255,-0.01035366,-0.01036559,-0.01025995,-0.01010084,-0.009825053,-0.009475026,-0.009012336,-0.008459697,-0.00780226,-0.007044951,-0.006195739,-0.005242075,-0.004213728,-0.003086664,-0.001897087,-0.0006326334,0.000682799,0.002052228,0.003448533,0.004873699,0.006300762,0.007729824,0.009135393,0.01051659,0.01184266,0.01311788,0.01431627,0.01543199,0.0164523,0.01736481,0.01816222,0.01883576,0.01937557,0.01978466,0.02004293,0.02017478,0.02013947,0.01999465,0.01966551,0.01925778,0.01865172,0.01800381,0.01715784,0.01628342,0.01528547,0.01416244,0.01311532,0.0118003,0.01066921,0.009432123,0.008028003,0.006959253,0.005695605,0.004322169,0.003322758,0.002350026,0.001155492,0.0001174593,-0.0006218205,-0.001265923,-0.001985807,-0.002665909,-0.003225304,-0.003627167,-0.00392976,-0.004169575,-0.004354471,-0.004488719,-0.004576566,-0.004614527,-0.004610127,-0.004571477,-0.004520629,-0.004469132,-0.004443164,-0.004474413,-0.004550534,-0.004625675,-0.00466051,-0.004689763,-0.004803078,-0.005006549,-0.005211791,-0.005394846,-0.005655804,-0.005972519,-0.006257741,-0.006592603,-0.006968088,-0.007304863,-0.007701618,-0.00806934,-0.008437363
-0.008885925,-0.009321963,-0.009672242,-0.0100525,-0.01032674,-0.01060717,-0.01077024,-0.01091294,-0.01093128,-0.01090215,-0.01074594,-0.01051725,-0.01016236,-0.009714984,-0.009146285,-0.00847109,-0.007684377,-0.00678337,-0.005786907,-0.004675662,-0.003486311,-0.002198241,-0.0008420422,0.0005855227,0.00205881,0.003580185,0.005121469,0.006682015,0.008233281,0.009771686,0.011269,0.01272696,0.01411272,0.01542491,0.0166432,0.01775571,0.01875261,0.01962067,0.02035156,0.02094001,0.02137188,0.02165858,0.02177115,0.0217488,0.02153593,0.02121363,0.02068435,0.02008228,0.01926428,0.01840915,0.01736471,0.0162554,0.01510569,0.01374399,0.01254758,0.01108779,0.009695497,0.008458055,0.006900191,0.005593461,0.004473801,0.00307987,0.001792066,0.0008790439,-2.744819e-05,-0.001053966,-0.001983092,-0.002638015,-0.003136746,-0.003563776,-0.003962633,-0.004284555,-0.004507294,-0.004640067,-0.00469817,-0.004698093,-0.004665202,-0.004613423,-0.004556131,-0.004491153,-0.004426186,-0.004351671,-0.004251215,-0.004151213,-0.004109233,-0.004172582,-0.004310519,-0.004436066,-0.004547681,-0.004735725,-0.005020266,-0.005295149,-0.005581285,-0.005959371,-0.006337388,-0.006717899,-0.0071699,-0.007580313,-0.008029621,-0.008470638
-0.008727905,-0.009211086,-0.009730098,-0.01014925,-0.01058749,-0.01091047,-0.01122544,-0.01141352,-0.01156391,-0.01157995,-0.01152899,-0.01134049,-0.01105971,-0.01064228,-0.01011334,-0.009453748,-0.008670542,-0.007769134,-0.006738736,-0.005608593,-0.00435594,-0.003018266,-0.001584718,-8.098481e-05,0.001493404,0.003109046,0.00476505,0.006431636,0.008105728,0.009758745,0.01138638,0.01295458,0.01446456,0.01588686,0.01721265,0.01842646,0.0195127,0.0204623,0.02126345,0.02190537,0.02238859,0.02269271,0.02284074,0.02279192,0.02260427,0.02220247,0.02169543,0.02096123,0.02016359,0.01914123,0.01807572,0.01686491,0.01551854,0.01423918,0.01268001,0.01131298,0.009832828,0.008193811,0.006910468,0.005433813,0.003868702,0.002710351,0.001595713,0.0002805275,-0.0008394579,-0.00162489,-0.002287334,-0.002998935,-0.003637647,-0.004123573,-0.004423323,-0.004601263,-0.0046976,-0.004724056,-0.004688658,-0.004600319,-0.004459423,-0.004278543,-0.004069569,-0.003859201,-0.003661238,-0.003505798,-0.003426209,-0.003409319,-0.003408009,-0.003384285,-0.003377446,-0.003479479,-0.003690319,-0.003916807,-0.004138621,-0.004460447,-0.004851188,-0.005223059,-0.005662575,-0.006153908,-0.006616693,-0.007154257,-0.007667424,-0.008192822
-0.008103745,-0.008784135,-0.009386943,-0.01002739,-0.01056231,-0.01110647,-0.01152719,-0.01192466,-0.01218524,-0.01238898,-0.01244713,-0.01241706,-0.0122371,-0.01194326,-0.01150043,-0.01092543,-0.01020877,-0.009349355,-0.008363641,-0.007233538,-0.005995676,-0.00463032,-0.003169474,-0.001611763,1.543564e-05,0.001711861,0.003446752,0.005216392,0.006989184,0.008758103,0.01049162,0.01218793,0.0138104,0.01535443,0.01679611,0.01812011,0.01931393,0.02036074,0.02125046,0.02197454,0.02251789,0.0228894,0.02305968,0.02306687,0.02285494,0.02250621,0.02192164,0.02124037,0.02031532,0.01933527,0.01814065,0.01686978,0.01554141,0.01399063,0.01260547,0.01094481,0.009364923,0.007945414,0.006207745,0.004751488,0.003499208,0.001985945,0.0006156722,-0.0003415602,-0.001268029,-0.002283947,-0.003162274,-0.003725087,-0.004099589,-0.004372872,-0.004590729,-0.004705179,-0.004698849,-0.004586803,-0.004390648,-0.004132275,-0.003843401,-0.003542325,-0.003247427,-0.002959531,-0.002691168,-0.002433768,-0.00217351,-0.001940615,-0.001795726,-0.001785413,-0.001873781,-0.001970665,-0.002080273,-0.002296449,-0.0026332,-0.002977637,-0.003358918,-0.003855811,-0.004368511,-0.004905254,-0.005533515,-0.00613282,-0.006792177,-0.007452914
-0.006877024,-0.007726467,-0.008628572,-0.009442721,-0.0102887,-0.0110225,-0.0117537,-0.01235226,-0.01290997,-0.01331889,-0.0136488,-0.01381875,-0.01387594,-0.01376714,-0.01351921,-0.01310603,-0.01253608,-0.01181002,-0.0109182,-0.009887666,-0.008696342,-0.007381912,-0.005934517,-0.004380971,-0.00272316,-0.0009924289,0.0008073788,0.002643737,0.004510049,0.006374381,0.008228335,0.0100341,0.01178909,0.01345956,0.01503273,0.01648949,0.01780991,0.01898226,0.01999035,0.02082162,0.02147275,0.02192229,0.02219047,0.02223588,0.02211565,0.0217534,0.0212604,0.02051177,0.01967836,0.0185926,0.01744906,0.0161365,0.01467815,0.01327665,0.01158282,0.01009045,0.008476686,0.006714331,0.005330507,0.003756087,0.002119301,0.0009279491,-0.0001978256,-0.001497019,-0.002553879,-0.003231826,-0.003750548,-0.004283912,-0.004702827,-0.00492896,-0.004933292,-0.004787966,-0.004538774,-0.004203257,-0.00379535,-0.003331022,-0.002816697,-0.002272349,-0.001715565,-0.001179686,-0.0006819251,-0.0002580805,5.604821e-05,0.0002742445,0.0004446049,0.0006031152,0.0007045356,0.0006543108,0.0004602051,0.0002204651,-5.005191e-05,-0.0004611952,-0.0009706463,-0.001491461,-0.002116648,-0.002821678,-0.00352615,-0.004338449,-0.005147037,-0.005997864
-0.004746816,-0.005964886,-0.007134195,-0.008366433,-0.00950901,-0.01067718,-0.01172571,-0.01275621,-0.01364148,-0.01446302,-0.01511892,-0.01566778,-0.01603608,-0.0162608,-0.016297,-0.0161623,-0.01583972,-0.01532897,-0.01464168,-0.0137603,-0.01271968,-0.01150043,-0.01013493,-0.008623451,-0.006994503,-0.005251244,-0.00342685,-0.001528703,0.0004082563,0.002372621,0.00432894,0.006270621,0.008156277,0.00997677,0.0117033,0.01331547,0.0147968,0.01612503,0.01728708,0.01826913,0.01905404,0.01964622,0.02001495,0.02019539,0.02013035,0.01990183,0.01940857,0.01879371,0.0179053,0.01694215,0.0157357,0.01443984,0.01306569,0.01145684,0.01001172,0.008276381,0.006635534,0.005159548,0.003368162,0.001892631,0.000641892,-0.0008516206,-0.002157206,-0.003001637,-0.003781063,-0.004607962,-0.00524393,-0.005507884,-0.005536153,-0.00541904,-0.005205229,-0.00484876,-0.004338296,-0.003697008,-0.002955703,-0.002145153,-0.001307033,-0.0004676337,0.0003460645,0.001127073,0.001854867,0.002534484,0.003174402,0.003737463,0.004157534,0.004387585,0.004468834,0.004493599,0.004449523,0.004238521,0.003854318,0.003416697,0.002885683,0.002186043,0.001426711,0.0005919386,-0.0003821801,-0.001366675,-0.002459954,-0.003587963
-0.001577961,-0.003192732,-0.004899749,-0.0065516,-0.008265036,-0.009882739,-0.01151344,-0.01301147,-0.01446844,-0.01576038,-0.01695701,-0.01796231,-0.01882339,-0.01947388,-0.01994059,-0.02018674,-0.02022097,-0.02003622,-0.01962315,-0.01900444,-0.01815812,-0.01712092,-0.0158837,-0.01447393,-0.01289618,-0.01118379,-0.009344335,-0.007413728,-0.005403321,-0.003349482,-0.001266262,0.0008033371,0.002851103,0.004837229,0.00674304,0.008543834,0.01021321,0.01173485,0.01308596,0.01425049,0.015219,0.01596758,0.01651154,0.01680772,0.01691047,0.01674155,0.01641309,0.01579661,0.01506943,0.01405669,0.01296668,0.01167761,0.01022849,0.008820354,0.007103643,0.005594952,0.003953568,0.002174122,0.0007974792,-0.0007643419,-0.002355905,-0.003454216,-0.004453998,-0.005587183,-0.006413687,-0.006796222,-0.006959825,-0.007079453,-0.007016416,-0.006692135,-0.006081003,-0.005263555,-0.004293491,-0.003196929,-0.00199801,-0.0007250691,0.000603579,0.001953874,0.003295741,0.004582176,0.005786629,0.006860706,0.007760872,0.008497531,0.009116329,0.009647998,0.01003781,0.01018744,0.01011368,0.009919977,0.00961373,0.009080221,0.008376747,0.007588529,0.00661636,0.005497488,0.004312307,0.002948991,0.001535659,1.631974e-05
0.002800904,0.0005618272,-0.001682467,-0.00403435,-0.00632841,-0.008676028,-0.01091476,-0.01314391,-0.01521749,-0.01721535,-0.01901702,-0.02067973,-0.0221132,-0.02335336,-0.02434102,-0.02509322,-0.02558195,-0.02580695,-0.02577244,-0.02546119,-0.02490475,-0.02408422,-0.02303198,-0.02175058,-0.02026995,-0.01859742,-0.01676948,-0.01479901,-0.01272575,-0.01056765,-0.008365853,-0.006134219,-0.003921065,-0.001742639,0.0003651098,0.002374123,0.004261683,0.005997477,0.007563423,0.008937917,0.01010014,0.01104766,0.01174728,0.01222911,0.01243414,0.0124423,0.0121499,0.01170302,0.01094466,0.01008362,0.008941926,0.007690721,0.006332241,0.004721499,0.003266999,0.001504101,-0.0001515583,-0.001637809,-0.003433395,-0.004871851,-0.006054421,-0.007448441,-0.00859232,-0.009202643,-0.009685472,-0.01014213,-0.01031787,-0.0100206,-0.009391448,-0.008521947,-0.007462673,-0.006170189,-0.00464081,-0.002911165,-0.001029015,0.0009558868,0.002980392,0.004998088,0.006961212,0.008845347,0.01061115,0.01225134,0.01376077,0.01508781,0.01615583,0.01691491,0.01741229,0.01774215,0.01788247,0.01773205,0.01729717,0.01670673,0.01590895,0.01483716,0.01361315,0.01221349,0.01058302,0.008862132,0.00694408,0.004924891
0.008292694,0.005405176,0.002365962,-0.0006690375,-0.003808116,-0.006876645,-0.009978116,-0.01294619,-0.0158686,-0.01859989,-0.0212066,-0.0235724,-0.02574192,-0.02763103,-0.02926476,-0.03059201,-0.03162074,-0.03233343,-0.03272108,-0.03280038,-0.03255016,-0.03200586,-0.03116015,-0.03004187,-0.02866008,-0.02705137,-0.02522941,-0.02323541,-0.02108824,-0.01883092,-0.01648609,-0.01410438,-0.01170273,-0.009329686,-0.007012508,-0.004784042,-0.002679819,-0.0007228883,0.001054931,0.002632391,0.003991827,0.005105842,0.005983027,0.006578074,0.00694116,0.006992427,0.006843962,0.006364354,0.005737165,0.004781151,0.0037192,0.002419315,0.0009387099,-0.0005232441,-0.002312745,-0.003889487,-0.005608596,-0.007450664,-0.008857538,-0.01043149,-0.01198697,-0.01297834,-0.01380726,-0.01469541,-0.01516927,-0.01507891,-0.01464581,-0.01404257,-0.01311413,-0.01177478,-0.009999574,-0.007879698,-0.005486039,-0.002864937,-6.657001e-05,0.002850488,0.005836525,0.008823991,0.01175233,0.01454515,0.01715414,0.0195071,0.02154553,0.02327333,0.02473281,0.02594961,0.02685921,0.02736327,0.02749436,0.02736557,0.02697768,0.02621528,0.02515847,0.02389138,0.02231101,0.02047426,0.01846165,0.01616161,0.01372402,0.01108246
0.01473731,0.01105841,0.007299457,0.003373848,-0.0005386106,-0.004540379,-0.008448111,-0.01235444,-0.01608986,-0.01972879,-0.02312731,-0.02633829,-0.02925009,-0.03189556,-0.03419754,-0.03617159,-0.037776,-0.03901066,-0.03987089,-0.04034087,-0.04044864,-0.04017748,-0.03956086,-0.03860576,-0.0373454,-0.03579397,-0.03399375,-0.03196607,-0.02975817,-0.02739763,-0.02493405,-0.02239169,-0.01982847,-0.01727052,-0.01476345,-0.0123452,-0.01004686,-0.007908594,-0.005954933,-0.004216648,-0.00271896,-0.001472034,-0.00051152,0.0001871769,0.0005640464,0.0006968727,0.0004810581,6.586189e-05,-0.0007087043,-0.001623036,-0.002862369,-0.004236783,-0.005751605,-0.007536446,-0.009172321,-0.01112889,-0.01295884,-0.01460194,-0.0165315,-0.01804251,-0.01923578,-0.0205731,-0.02155514,-0.02187006,-0.02192341,-0.02179832,-0.02121253,-0.01994566,-0.01813713,-0.0158805,-0.01323485,-0.01017126,-0.0067108,-0.002929087,0.001081182,0.005221512,0.009378505,0.01346157,0.01738497,0.02109732,0.02453469,0.02767779,0.03050782,0.03295956,0.03495034,0.03643516,0.03747858,0.03818365,0.03852154,0.0383932,0.03782666,0.03696322,0.0357376,0.03409809,0.03218208,0.02995583,0.02737811,0.02460112,0.02150914,0.01822587
0.02172631,0.01736623,0.01277648,0.008119417,0.003300553,-0.001486587,-0.006335541,-0.01105568,-0.01572662,-0.02017694,-0.02446663,-0.02845455,-0.03218053,-0.03553881,-0.03855185,-0.04115143,-0.04334528,-0.0451039,-0.04642029,-0.04730489,-0.04773983,-0.04776027,-0.04736353,-0.04658186,-0.04543199,-0.04395621,-0.04217764,-0.0401453,-0.03788878,-0.03546025,-0.03289394,-0.0302502,-0.02755717,-0.0248738,-0.02223777,-0.01969132,-0.01728013,-0.01503454,-0.0129958,-0.01119005,-0.009643034,-0.00838457,-0.007412162,-0.006771347,-0.006415158,-0.006422406,-0.006679952,-0.007318864,-0.008148187,-0.009351848,-0.01069115,-0.01230478,-0.01411495,-0.01592164,-0.01806258,-0.01997347,-0.022015,-0.02414249,-0.02577174,-0.02750954,-0.02913791,-0.03007036,-0.03069773,-0.03122725,-0.03113344,-0.03022955,-0.028722,-0.02678733,-0.02425772,-0.02104685,-0.01714931,-0.01270028,-0.007834474,-0.002662231,0.002700328,0.008132182,0.0135272,0.0187705,0.02377201,0.02844025,0.03272638,0.03655028,0.03985167,0.04264256,0.04497591,0.04688437,0.04829939,0.04913155,0.04943863,0.04934603,0.04884206,0.04781104,0.04635929,0.04456235,0.04231006,0.03968085,0.03674768,0.03339906,0.02980601,0.02588677
0.0288399,0.02386564,0.01870457,0.01329158,0.007819162,0.002199157,-0.003362568,-0.008946887,-0.01435745,-0.01965893,-0.02468023,-0.02946683,-0.0338825,-0.03795548,-0.04158866,-0.04479621,-0.0475219,-0.04976744,-0.05151952,-0.05276652,-0.05353428,-0.05381146,-0.0536348,-0.05301887,-0.05200267,-0.05061046,-0.04889253,-0.0468813,-0.04463343,-0.04218815,-0.03960498,-0.03691992,-0.03420102,-0.03148463,-0.02882627,-0.02627322,-0.02386433,-0.02164832,-0.01965482,-0.01792176,-0.0164767,-0.01533515,-0.01453236,-0.0140466,-0.01393538,-0.0141204,-0.01470313,-0.01552879,-0.01675586,-0.0181523,-0.01990563,-0.0218058,-0.02386079,-0.02618193,-0.02833727,-0.03079284,-0.03307101,-0.03509792,-0.03733779,-0.03903757,-0.04027201,-0.04149031,-0.04214189,-0.04185035,-0.0410096,-0.03968871,-0.0375778,-0.03442838,-0.03041369,-0.02568354,-0.02036328,-0.01450356,-0.008214884,-0.001668238,0.004970504,0.01154251,0.01788525,0.02388529,0.02947048,0.03463601,0.03935849,0.04364593,0.04747488,0.05076829,0.05345035,0.05549807,0.05700734,0.05808612,0.05868599,0.05870102,0.05817771,0.05725627,0.05584168,0.05389328,0.05155423,0.04876658,0.0455014,0.04191243,0.03786932,0.03352255
0.03558924,0.03030047,0.02466549,0.01884802,0.0127736,0.006653734,0.0004108582,-0.005738613,-0.01186085,-0.0177561,-0.02347392,-0.02884634,-0.03390632,-0.0385256,-0.04272394,-0.04641623,-0.04961161,-0.05226987,-0.05438881,-0.05597451,-0.05701581,-0.05754974,-0.05758136,-0.05714867,-0.05627843,-0.05502044,-0.05340879,-0.05150133,-0.04933884,-0.04698283,-0.04447864,-0.04189539,-0.0392709,-0.03667277,-0.03414672,-0.03174207,-0.02951122,-0.02748895,-0.02572197,-0.02423787,-0.02306618,-0.02223529,-0.02174429,-0.02163472,-0.02185846,-0.02248874,-0.02340757,-0.02474084,-0.02628746,-0.02822866,-0.03030876,-0.03266638,-0.03520218,-0.03770927,-0.04051108,-0.04301733,-0.04557573,-0.0481177,-0.05000853,-0.05183925,-0.0533542,-0.05388775,-0.0537934,-0.05327571,-0.05174504,-0.0489706,-0.04518108,-0.04065231,-0.03530501,-0.02913415,-0.02222135,-0.01484533,-0.007314914,0.0001682136,0.007467008,0.01446615,0.02106771,0.02719512,0.03285848,0.03810109,0.04297744,0.04740012,0.05126275,0.05458013,0.05744736,0.0599181,0.06189416,0.06327058,0.06411081,0.06452678,0.06446139,0.06378168,0.06260637,0.06097783,0.05876517,0.05606017,0.05290969,0.04919769,0.04510727,0.04053307
0.04159528,0.03624911,0.03055538,0.0244763,0.01821371,0.01169982,0.005162595,-0.001461587,-0.007948889,-0.01435026,-0.02046693,-0.02633511,-0.03179454,-0.0368692,-0.04144362,-0.04553263,-0.04906789,-0.05205609,-0.05447791,-0.0563295,-0.05763664,-0.05839645,-0.05865062,-0.05842299,-0.05775911,-0.05669362,-0.05528425,-0.05357342,-0.05162535,-0.0494885,-0.04722925,-0.04489161,-0.04254971,-0.0402456,-0.03804005,-0.03598421,-0.03411982,-0.03249815,-0.03114896,-0.03011123,-0.02940985,-0.02905959,-0.02909036,-0.02947754,-0.03027125,-0.03138766,-0.03292014,-0.03470453,-0.03689254,-0.03923764,-0.04192277,-0.04471742,-0.04762239,-0.05072824,-0.05358032,-0.05662537,-0.05935282,-0.06163814,-0.0639291,-0.06539799,-0.06604598,-0.06631345,-0.06559215,-0.06340747,-0.06019709,-0.0561217,-0.05092001,-0.04441287,-0.03705243,-0.02921262,-0.0211152,-0.01300952,-0.005192481,0.002171955,0.009070285,0.01546005,0.02126336,0.02649967,0.03132043,0.03597524,0.04054809,0.04495464,0.04900159,0.05260213,0.0557884,0.05855217,0.06095007,0.06303089,0.06467965,0.06574598,0.06627346,0.06636842,0.06587937,0.06476498,0.06315505,0.06094875,0.05812522,0.05482239,0.05089074,0.04650086
0.04658138,0.04155444,0.03601612,0.03012616,0.02383552,0.01737041,0.01067422,0.003986981,-0.002740367,-0.00928219,-0.01567596,-0.0217303,-0.02747196,-0.03275451,-0.03759719,-0.04190284,-0.045685,-0.04889715,-0.05154494,-0.05363326,-0.05515983,-0.05616523,-0.05666271,-0.05669622,-0.05630083,-0.05553222,-0.05443189,-0.05306333,-0.05147329,-0.04972795,-0.04787698,-0.04599261,-0.04411491,-0.0423139,-0.04063502,-0.0391284,-0.03784464,-0.03681709,-0.03608939,-0.03568535,-0.0356301,-0.03594591,-0.03662586,-0.0377034,-0.03912244,-0.04094687,-0.04304807,-0.04554277,-0.04821548,-0.05123936,-0.05433947,-0.05764432,-0.06103067,-0.06426814,-0.0676534,-0.07055566,-0.07327,-0.07570076,-0.07710551,-0.07803382,-0.0781961,-0.07680155,-0.07418204,-0.07065058,-0.06562567,-0.05898691,-0.05112443,-0.04266332,-0.03414685,-0.02569216,-0.017169,-0.009264574,-0.002558997,0.00308671,0.007946528,0.01224408,0.01618516,0.01996346,0.02379078,0.0278411,0.03215347,0.03634051,0.04002915,0.04351261,0.04718227,0.05088315,0.05425534,0.05716882,0.05967992,0.06184981,0.06353778,0.06457894,0.06508736,0.06504919,0.0643017,0.06294081,0.06096875,0.05826355,0.0550071,0.05106634
0.0503892,0.04597903,0.04102109,0.03550546,0.02963849,0.02337421,0.01695872,0.01034622,0.003783819,-0.002766879,-0.009084661,-0.0151996,-0.02093337,-0.02631019,-0.03120204,-0.03562936,-0.03951657,-0.04287952,-0.04569586,-0.04797227,-0.0497349,-0.05099016,-0.0517827,-0.0521437,-0.05212132,-0.05175612,-0.05110738,-0.05022126,-0.04916207,-0.04797952,-0.04673833,-0.04548189,-0.0442814,-0.04317563,-0.04222149,-0.04146489,-0.04094234,-0.04069879,-0.04075709,-0.0411491,-0.04189116,-0.04298986,-0.04446511,-0.04628278,-0.04848178,-0.05096678,-0.05381918,-0.05686025,-0.0602296,-0.06366219,-0.06732603,-0.07096715,-0.07455717,-0.07815596,-0.08125474,-0.08424904,-0.08657805,-0.08799545,-0.08892938,-0.08844318,-0.08642042,-0.08337949,-0.07873876,-0.07195058,-0.06370002,-0.05488796,-0.04537431,-0.03465464,-0.02471895,-0.01629192,-0.009197636,-0.004067415,-0.0005063152,0.0018834,0.003463696,0.004725094,0.006203564,0.008257611,0.01087115,0.01384403,0.01707154,0.02073604,0.02459174,0.0288857,0.03363446,0.03804207,0.04218179,0.04632184,0.05018596,0.05352482,0.05639669,0.05885595,0.06067901,0.06181683,0.0623717,0.06218571,0.06124332,0.05964907,0.05723284,0.05417474
0.0530037,0.04950854,0.04532059,0.04058959,0.03528981,0.02965238,0.02364341,0.01751336,0.0112343,0.005040738,-0.00108736,-0.006955612,-0.01257732,-0.01781043,-0.02266377,-0.02705155,-0.03097809,-0.03441376,-0.03735408,-0.03982483,-0.04181024,-0.04337524,-0.04451412,-0.04529702,-0.04573539,-0.04591076,-0.04583632,-0.04560138,-0.04521945,-0.04478247,-0.0443024,-0.04387735,-0.04350572,-0.04328464,-0.0432134,-0.04337076,-0.04375828,-0.04443902,-0.0454051,-0.04671155,-0.04832926,-0.05031335,-0.05259961,-0.05525609,-0.05816505,-0.06142675,-0.06484472,-0.06857401,-0.07232313,-0.07630398,-0.08015613,-0.08403771,-0.08772595,-0.09099115,-0.09400404,-0.09612773,-0.0974649,-0.09797832,-0.09663488,-0.09406235,-0.08992139,-0.0833566,-0.07476906,-0.06526133,-0.05367431,-0.0410401,-0.02888056,-0.01758393,-0.008718805,-0.002879011,-0.0006661291,-0.0001025849,7.128974e-05,0.0001799468,0.0002408115,0.0002874172,0.0003200766,0.0003736731,0.0004825108,0.0006952159,0.001225654,0.002819022,0.006485001,0.0114838,0.01686192,0.02204072,0.02722585,0.03242306,0.03723176,0.04191602,0.04621312,0.04993279,0.05315102,0.05581762,0.05769444,0.05889649,0.05934402,0.05891983,0.057774,0.05575226
0.05442022,0.05204544,0.0489611,0.04511739,0.04077457,0.03584008,0.03063153,0.02505019,0.01942233,0.01364801,0.008028961,0.002464199,-0.002788547,-0.007832541,-0.0124616,-0.01678106,-0.02063707,-0.02413372,-0.02716862,-0.02983761,-0.03208413,-0.03400223,-0.03555082,-0.03684643,-0.0378467,-0.03867643,-0.0392993,-0.03984439,-0.04027572,-0.0407252,-0.04115298,-0.04168512,-0.04228463,-0.04307332,-0.04399733,-0.04518709,-0.04656572,-0.04826533,-0.05019253,-0.05246954,-0.05499345,-0.05786449,-0.06097977,-0.06440128,-0.06804011,-0.07189773,-0.07592043,-0.08002494,-0.08420544,-0.08829116,-0.09228587,-0.09602965,-0.09928478,-0.1021925,-0.1039754,-0.1050833,-0.1047398,-0.1026451,-0.09906751,-0.09313616,-0.08449268,-0.07421016,-0.06140291,-0.04656435,-0.03065155,-0.0153623,-0.004798466,-0.001086517,-0.000269699,-0.000105785,-8.206844e-05,2.006177e-06,2.127282e-05,3.478821e-05,4.473701e-05,3.91803e-05,2.828135e-05,-9.439766e-06,-2.189488e-05,-3.126226e-05,1.836788e-05,-1.818668e-05,2.184462e-05,0.0004382236,0.001918403,0.005830416,0.01149798,0.01738897,0.0230953,0.02865057,0.03396524,0.03903357,0.04360297,0.04755337,0.05098039,0.05360648,0.05545452,0.05652286,0.05665631,0.05597853
0.05471928,0.05363237,0.05173747,0.04909048,0.04574154,0.04185234,0.03746184,0.03276365,0.0277966,0.02274173,0.01763762,0.01262478,0.007741041,0.003073628,-0.001340272,-0.005469371,-0.009274375,-0.01277813,-0.0159325,-0.01881234,-0.02135601,-0.02367384,-0.02571027,-0.02757689,-0.02923225,-0.03079419,-0.03222053,-0.03363262,-0.03498678,-0.03640341,-0.03783632,-0.03940912,-0.04106205,-0.04291607,-0.04491255,-0.04715336,-0.04958347,-0.05228824,-0.05520527,-0.05841113,-0.06182415,-0.06552012,-0.06938307,-0.07349941,-0.07769759,-0.08209099,-0.08642278,-0.09085197,-0.09501677,-0.09911904,-0.1027213,-0.1059416,-0.108469,-0.1099589,-0.1104424,-0.1091708,-0.1060725,-0.1012145,-0.09305147,-0.08252021,-0.06941953,-0.05288775,-0.03366129,-0.014642,-0.003613944,-0.0005449746,-0.0003165047,-0.0003067652,-0.0001568806,-0.0001538316,NaN,NaN,NaN,NaN,NaN,NaN,NaN,NaN,NaN,NaN,NaN,-1.916022e-05,-6.471101e-05,-7.817545e-05,-8.158005e-05,-7.93829e-05,0.0007898017,0.003724121,0.009188392,0.0153015,0.02132492,0.02709987,0.03273692,0.03801568,0.04266313,0.04672218,0.05008939,0.05252492,0.05420896,0.05486662
0.05386969,0.05420112,0.05368804,0.05225528,0.05016754,0.04730351,0.04401229,0.04016029,0.03611709,0.03173797,0.02737263,0.02286549,0.0185248,0.01418517,0.01010673,0.006117403,0.002429879,-0.00112878,-0.004390911,-0.007521254,-0.01039092,-0.01316116,-0.01571189,-0.01822478,-0.02057116,-0.02294056,-0.02520305,-0.02755261,-0.02985336,-0.03230345,-0.0347576,-0.0374108,-0.0401156,-0.04306616,-0.04609457,-0.04940813,-0.05281183,-0.05652057,-0.0603183,-0.06441669,-0.06858458,-0.07301844,-0.07747903,-0.08212974,-0.08673219,-0.0913907,-0.09588043,-0.1002184,-0.1041953,-0.1077437,-0.1106195,-0.1127928,-0.1136893,-0.1135879,-0.1111979,-0.1071028,-0.1001975,-0.09047985,-0.07746488,-0.0608834,-0.04012581,-0.01771585,-0.004014067,-0.0005369102,-0.0005132632,-0.0004849187,-0.0003187397,NaN,NaN,NaN,NaN,NaN,NaN,NaN,NaN,NaN,NaN,NaN,NaN,NaN,NaN,NaN,NaN,NaN,-7.52751e-05,-0.0001191445,-0.0001011388,-0.0001656095,0.0005655113,0.003531138,0.009156274,0.01540409,0.02158319,0.02763581,0.03343109,0.0387178,0.04339767,0.04737378,0.0504131,0.05262091
0.05196956,0.05370124,0.05463286,0.0545629,0.05372984,0.05208495,0.04985242,0.04704112,0.04386424,0.04033075,0.0366406,0.03277086,0.02890918,0.02498766,0.02118448,0.0173851,0.01376352,0.01016154,0.006757848,0.003353555,0.0001383301,-0.003111198,-0.00621269,-0.009380522,-0.01244842,-0.01562645,-0.01875063,-0.02202504,-0.02528816,-0.02873488,-0.03220614,-0.03589216,-0.03962639,-0.04358998,-0.04762423,-0.05188515,-0.05622502,-0.06077709,-0.06539456,-0.07019465,-0.07501939,-0.07997612,-0.08487888,-0.0898323,-0.09459679,-0.09928245,-0.103559,-0.1075481,-0.1108038,-0.1134462,-0.1149653,-0.1153466,-0.1142565,-0.1110829,-0.1057264,-0.09702745,-0.08489717,-0.06996345,-0.04978885,-0.02523378,-0.006320085,-0.0008049192,-0.0006364117,-0.0006982872,-0.0003931273,NaN,NaN,NaN,NaN,NaN,NaN,NaN,NaN,NaN,NaN,NaN,NaN,NaN,NaN,NaN,NaN,NaN,NaN,NaN,NaN,NaN,-0.000102051,-0.0001575429,-0.0001090927,-0.0001854825,0.0008558905,0.004608584,0.0108543,0.01722917,0.02361219,0.02986623,0.03585214,0.04097456,0.04559145,0.04911922
0.04882962,0.052099,0.05449834,0.05580982,0.05634131,0.05588952,0.05484216,0.05302478,0.05082361,0.0480824,0.0451419,0.04186051,0.03851301,0.03497252,0.03144322,0.02781594,0.02422732,0.02059224,0.01698421,0.01335159,0.009712124,0.006043521,0.00233726,-0.001423384,-0.005255714,-0.009159873,-0.01316982,-0.01726606,-0.02149609,-0.02582096,-0.03029999,-0.03486753,-0.03960354,-0.04441724,-0.049394,-0.0544298,-0.05961096,-0.06481266,-0.07013079,-0.07540464,-0.08074857,-0.08594684,-0.09114226,-0.09603477,-0.1008069,-0.10503,-0.1089398,-0.1119236,-0.1142753,-0.1151784,-0.1149611,-0.1127538,-0.1086837,-0.1020335,-0.09224319,-0.07809307,-0.06040019,-0.03668556,-0.01257245,-0.001856463,-0.000633765,-0.000905822,-0.0004449343,NaN,NaN,NaN,NaN,NaN,NaN,NaN,NaN,NaN,NaN,NaN,NaN,NaN,NaN,NaN,NaN,NaN,NaN,NaN,NaN,NaN,NaN,NaN,NaN,NaN,-0.0001576027,-0.0001404886,-0.0001631555,-2.871846e-05,0.001900993,0.007133527,0.01392278,0.02060339,0.02745255,0.03376355,0.03953706,0.04458261
0.04449572,0.04931033,0.05306589,0.05594734,0.05768137,0.0586523,0.05861068,0.05800566,0.05659829,0.05483044,0.05246801,0.04990993,0.04692637,0.04385925,0.04048473,0.03708631,0.03345152,0.02980974,0.02596899,0.02210876,0.0180641,0.01398115,0.009704112,0.005378898,0.0008491698,-0.003743391,-0.008543376,-0.01341234,-0.01848417,-0.02362121,-0.02894744,-0.03433087,-0.03987658,-0.04545479,-0.05116642,-0.05686846,-0.06266055,-0.0683888,-0.07414037,-0.07975662,-0.08529733,-0.09060365,-0.09568614,-0.1003899,-0.1046426,-0.1082952,-0.1111423,-0.1130332,-0.1135888,-0.1126232,-0.1096622,-0.1043644,-0.09657028,-0.08528716,-0.07051577,-0.05021072,-0.02517015,-0.005212856,-0.000778063,-0.0008786124,-0.00068825,NaN,NaN,NaN,NaN,NaN,NaN,NaN,NaN,NaN,NaN,NaN,NaN,NaN,NaN,NaN,NaN,NaN,NaN,NaN,NaN,NaN,NaN,NaN,NaN,NaN,NaN,NaN,NaN,NaN,-0.0001910362,-0.000125552,-0.0002035564,0.0005736857,0.004582084,0.01136069,0.01852745,0.02564264,0.03250866,0.03885686
0.03888714,0.04515637,0.05038582,0.05463867,0.05782131,0.05998055,0.06122409,0.06158224,0.0612332,0.06018654,0.05863101,0.05655508,0.05412716,0.05131566,0.04825729,0.04490461,0.04136286,0.03757695,0.03362396,0.02945213,0.02511731,0.02056822,0.01586813,0.01094327,0.005881884,0.0005971993,-0.004804889,-0.01042234,-0.01612799,-0.02203304,-0.02798642,-0.034108,-0.04022928,-0.04648301,-0.05266547,-0.05893715,-0.06505023,-0.07118969,-0.07706498,-0.08287556,-0.08828685,-0.09349955,-0.09813034,-0.1023606,-0.1057484,-0.1084247,-0.1098685,-0.1101254,-0.1085352,-0.1050859,-0.09884079,-0.090101,-0.07726874,-0.06175263,-0.039588,-0.01515167,-0.002252121,-0.0007048965,-0.0009932535,NaN,NaN,NaN,NaN,NaN,NaN,NaN,NaN,NaN,NaN,NaN,NaN,NaN,NaN,NaN,NaN,NaN,NaN,NaN,NaN,NaN,NaN,NaN,NaN,NaN,NaN,NaN,NaN,NaN,NaN,NaN,NaN,NaN,-0.0001332062,-0.0001871966,6.736109e-05,0.002698083,0.00920841,0.01700468,0.0244454,0.03205699
0.03216676,0.03952181,0.04627129,0.05186285,0.05645473,0.05989822,0.06234945,0.06380485,0.06440829,0.064211,0.06334247,0.06185722,0.0598662,0.05740189,0.05455586,0.05133119,0.04780532,0.04395394,0.03985035,0.03544639,0.0308189,0.02591192,0.02078948,0.01542016,0.009845671,0.004055953,-0.001918289,-0.008064736,-0.01436521,-0.02078217,-0.02731185,-0.03389522,-0.04053587,-0.04714809,-0.05375826,-0.06023649,-0.06663676,-0.07278279,-0.07874706,-0.08430652,-0.08953977,-0.09417222,-0.09827052,-0.1015004,-0.1038905,-0.1050321,-0.1048801,-0.1029116,-0.09899111,-0.0923629,-0.08296813,-0.06953529,-0.05304184,-0.03055016,-0.007997607,-0.00112763,-0.0008017411,-0.0007521411,NaN,NaN,NaN,NaN,NaN,NaN,NaN,NaN,NaN,NaN,NaN,NaN,NaN,NaN,NaN,NaN,NaN,NaN,NaN,NaN,NaN,NaN,NaN,NaN,NaN,NaN,NaN,NaN,NaN,NaN,NaN,NaN,NaN,NaN,NaN,-0.0001798941,-0.0001495651,-0.0001223848,0.001415115,0.007669559,0.01595735,0.02396611
0.02390573,0.03259727,0.04053921,0.04756178,0.0534787,0.05826724,0.06194454,0.06452904,0.0661253,0.06678694,0.06663597,0.06574223,0.0642028,0.06209087,0.05946089,0.05638614,0.05287647,0.0490102,0.04475614,0.04020759,0.03529998,0.0301391,0.02465573,0.01894637,0.01295493,0.006777868,0.0003653616,-0.006183676,-0.01290977,-0.01971256,-0.02662157,-0.03352969,-0.04046239,-0.04730793,-0.05407165,-0.06064881,-0.06701729,-0.0730717,-0.07876512,-0.08397552,-0.08863214,-0.09257468,-0.0957083,-0.09780312,-0.09874072,-0.09817854,-0.09597364,-0.09161818,-0.08490346,-0.07514921,-0.06193624,-0.04489255,-0.02349574,-0.004409223,-0.0007537984,-0.0008902444,-0.000523761,NaN,NaN,NaN,NaN,NaN,NaN,NaN,NaN,NaN,NaN,NaN,NaN,NaN,NaN,NaN,NaN,NaN,NaN,NaN,NaN,NaN,NaN,NaN,NaN,NaN,NaN,NaN,NaN,NaN,NaN,NaN,NaN,NaN,NaN,NaN,NaN,NaN,-0.0002048331,-0.0001128307,-0.0001745254,0.000786518,0.006621295,0.01523712
0.01463017,0.02415711,0.03326373,0.04157723,0.04882216,0.05499908,0.05991138,0.06371255,0.06630921,0.06790959,0.06848656,0.06823749,0.06717075,0.06543753,0.06306481,0.06014609,0.05672348,0.05283405,0.04854127,0.04383025,0.03879226,0.03337749,0.02768948,0.02167597,0.01544405,0.008936957,0.002277282,-0.004595581,-0.01154338,-0.0186286,-0.02569699,-0.03281808,-0.03981216,-0.04675277,-0.05344533,-0.05995371,-0.06606698,-0.07184121,-0.0770315,-0.0816923,-0.08552043,-0.08857521,-0.09046035,-0.09125174,-0.09041052,-0.08805405,-0.08342966,-0.07672827,-0.06688345,-0.05417154,-0.03713863,-0.01730218,-0.002704981,-0.0006202695,-0.0008276064,NaN,NaN,NaN,NaN,NaN,NaN,NaN,NaN,NaN,NaN,NaN,NaN,NaN,NaN,NaN,NaN,NaN,NaN,NaN,NaN,NaN,NaN,NaN,NaN,NaN,NaN,NaN,NaN,NaN,NaN,NaN,NaN,NaN,NaN,NaN,NaN,NaN,NaN,NaN,NaN,NaN,-0.0001048478,-0.0001727776,0.000488061,0.005682227
0.004911243,0.01427341,0.02442292,0.03381914,0.0425358,0.04995805,0.05631211,0.0612318,0.06503542,0.06750885,0.06898697,0.06934526,0.06888127,0.067519,0.06549336,0.06275766,0.05947883,0.05563629,0.0513323,0.04657874,0.04142202,0.03590325,0.03004254,0.02388958,0.01745701,0.01081266,0.003956212,-0.003022573,-0.01013384,-0.01726515,-0.02443534,-0.03150215,-0.0385005,-0.04525753,-0.05181065,-0.05796328,-0.06375092,-0.06893975,-0.07357068,-0.07734866,-0.08032967,-0.08212484,-0.08282132,-0.0818879,-0.07947528,-0.07483792,-0.06825913,-0.05865016,-0.04654279,-0.0301311,-0.0120062,-0.001745481,-0.0005686915,-0.0006629711,NaN,NaN,NaN,NaN,NaN,NaN,NaN,NaN,NaN,NaN,NaN,NaN,NaN,NaN,NaN,NaN,NaN,NaN,NaN,NaN,NaN,NaN,NaN,NaN,NaN,NaN,NaN,NaN,NaN,NaN,NaN,NaN,NaN,NaN,NaN,NaN,NaN,NaN,NaN,NaN,NaN,NaN,NaN,-0.000111969,-0.0001463184,0.0003598185
0.0002153764,0.003872584,0.0137002,0.02460213,0.03436099,0.04337677,0.05088902,0.05727588,0.0620938,0.06575694,0.068004,0.0692343,0.06928708,0.06850522,0.0667825,0.064389,0.06125351,0.05757258,0.05330798,0.04858799,0.04341007,0.03785294,0.0319338,0.02571554,0.01922677,0.01251519,0.005632839,-0.001385469,-0.00846324,-0.01557546,-0.02261976,-0.02958502,-0.0363331,-0.04286331,-0.04901041,-0.0547714,-0.05995008,-0.06454445,-0.06830753,-0.07124826,-0.07304192,-0.07372409,-0.07285357,-0.07052348,-0.06611385,-0.05984449,-0.05080546,-0.03950086,-0.02431173,-0.00811493,-0.001154065,-0.0005460336,-0.0005052274,NaN,NaN,NaN,NaN,NaN,NaN,NaN,NaN,NaN,NaN,NaN,NaN,NaN,NaN,NaN,NaN,NaN,NaN,NaN,NaN,NaN,NaN,NaN,NaN,NaN,NaN,NaN,NaN,NaN,NaN,NaN,NaN,NaN,NaN,NaN,NaN,NaN,NaN,NaN,NaN,NaN,NaN,NaN,NaN,NaN,-0.0001082989,-0.0001238324
-7.49951e-05,0.0001555786,0.00322273,0.01348029,0.02485131,0.03489078,0.04401836,0.05152502,0.0577824,0.06240557,0.06579661,0.06774394,0.06862733,0.06832437,0.0671574,0.06505035,0.06225564,0.05872745,0.05464849,0.05000324,0.04491359,0.03938903,0.03352075,0.02732335,0.02087792,0.01421367,0.007398926,0.0004819956,-0.006476552,-0.01340799,-0.02025671,-0.02692646,-0.03337181,-0.03946855,-0.04516726,-0.05032263,-0.0548765,-0.05865052,-0.06158585,-0.06345044,-0.06419849,-0.06351721,-0.06140136,-0.05741511,-0.05164813,-0.04345489,-0.03318294,-0.01965613,-0.005568962,-0.0007830503,-0.0004975527,-0.0003957605,NaN,NaN,NaN,NaN,NaN,NaN,NaN,NaN,NaN,NaN,NaN,NaN,NaN,NaN,NaN,NaN,NaN,NaN,NaN,NaN,NaN,NaN,NaN,NaN,NaN,NaN,NaN,NaN,NaN,NaN,NaN,NaN,NaN,NaN,NaN,NaN,NaN,NaN,NaN,NaN,NaN,NaN,NaN,NaN,NaN,NaN,NaN,-0.0001189577
-0.0001002504,-1.706769e-05,0.0001320137,0.002894494,0.0134398,0.02509474,0.03528408,0.044378,0.05175508,0.05776181,0.06209761,0.06513144,0.06671908,0.06720377,0.06651665,0.06494525,0.06245764,0.0592756,0.05539237,0.0509652,0.04601122,0.04064069,0.03487848,0.02882143,0.0224949,0.0159853,0.009331051,0.002612445,-0.004117094,-0.01077846,-0.01730131,-0.02360976,-0.02960775,-0.03521761,-0.04032717,-0.04484395,-0.04863847,-0.05160717,-0.05358929,-0.05448261,-0.05407766,-0.05229667,-0.04885707,-0.04375805,-0.03658579,-0.0275363,-0.01586988,-0.003958945,-0.0005391164,-0.0004189023,-0.0003237005,NaN,NaN,NaN,NaN,NaN,NaN,NaN,NaN,NaN,NaN,NaN,NaN,NaN,NaN,NaN,NaN,NaN,NaN,NaN,NaN,NaN,NaN,NaN,NaN,NaN,NaN,NaN,NaN,NaN,NaN,NaN,NaN,NaN,NaN,NaN,NaN,NaN,NaN,NaN,NaN,NaN,NaN,NaN,NaN,NaN,NaN,NaN,NaN,NaN
NaN,-7.442156e-05,1.632049e-05,0.0001385358,0.002750148,0.01345832,0.02525853,0.03546349,0.04439142,0.05152826,0.05719388,0.06117102,0.0637963,0.06498948,0.06505924,0.06398731,0.06202836,0.05919286,0.05567306,0.05150007,0.04680894,0.04164317,0.03610914,0.03024353,0.02414531,0.01785423,0.01146161,0.005015869,-0.0013926,-0.007704648,-0.01382648,-0.01968155,-0.02517595,-0.030217,-0.03469649,-0.03851494,-0.04154623,-0.04367834,-0.04477829,-0.04471149,-0.04335859,-0.04055096,-0.03622436,-0.0301589,-0.02244902,-0.01267976,-0.00289274,-0.0003663046,-0.0003226176,-0.0002637142,NaN,NaN,NaN,NaN,NaN,NaN,NaN,NaN,NaN,NaN,NaN,NaN,NaN,NaN,NaN,NaN,NaN,NaN,NaN,NaN,NaN,NaN,NaN,NaN,NaN,NaN,NaN,NaN,NaN,NaN,NaN,NaN,NaN,NaN,NaN,NaN,NaN,NaN,NaN,NaN,NaN,NaN,NaN,NaN,NaN,NaN,NaN,NaN,NaN,NaN
NaN,NaN,-4.303213e-05,4.835242e-05,0.0001648012,0.002716189,0.01347159,0.02527337,0.03536513,0.04401877,0.05082695,0.05608603,0.05965865,0.0618504,0.06264146,0.06230726,0.06087743,0.05857411,0.05544962,0.0516668,0.04729244,0.04244398,0.03718473,0.03161877,0.02579928,0.01982163,0.01374192,0.007652767,0.00161622,-0.004271663,-0.009940552,-0.01529172,-0.02023947,-0.02467719,-0.02851561,-0.03162926,-0.0339294,-0.03527956,-0.03558744,-0.03472574,-0.03259614,-0.02911866,-0.0241771,-0.01783122,-0.00992447,-0.002126352,-0.0002355141,-0.0002252118,-0.0002043523,NaN,NaN,NaN,NaN,NaN,NaN,NaN,NaN,NaN,NaN,NaN,NaN,NaN,NaN,NaN,NaN,NaN,NaN,NaN,NaN,NaN,NaN,NaN,NaN,NaN,NaN,NaN,NaN,NaN,NaN,NaN,NaN,NaN,NaN,NaN,NaN,NaN,NaN,NaN,NaN,NaN,NaN,NaN,NaN,NaN,NaN,NaN,NaN,NaN,NaN,NaN
NaN,NaN,NaN,-9.640429e-06,8.062329e-05,0.0002029448,0.002735503,0.01343432,0.02511374,0.03497568,0.04326613,0.04967555,0.05448726,0.05763008,0.05938843,0.05979102,0.05908802,0.05734699,0.0547649,0.05142723,0.04747668,0.04300234,0.03811755,0.03289504,0.02743939,0.02181682,0.01612452,0.01042871,0.004826996,-0.0006117679,-0.005784689,-0.01061445,-0.01499569,-0.01884646,-0.02204695,-0.0245242,-0.02614491,-0.02684827,-0.0265066,-0.02507544,-0.02246643,-0.01866011,-0.01367341,-0.007502154,-0.001518208,-0.0001236095,-0.0001324131,-0.0001402513,NaN,NaN,NaN,NaN,NaN,NaN,NaN,NaN,NaN,NaN,NaN,NaN,NaN,NaN,NaN,NaN,NaN,NaN,NaN,NaN,NaN,NaN,NaN,NaN,NaN,NaN,NaN,NaN,NaN,NaN,NaN,NaN,NaN,NaN,NaN,NaN,NaN,NaN,NaN,NaN,NaN,NaN,NaN,NaN,NaN,NaN,NaN,NaN,NaN,NaN,NaN,NaN
NaN,NaN,NaN,NaN,2.346299e-05,0.0001121661,0.0002497555,0.002792289,0.01333901,0.0247671,0.03429614,0.04214804,0.04811119,0.05245035,0.05516134,0.05650334,0.05655235,0.05552994,0.0535426,0.05075972,0.04729858,0.04328432,0.0388224,0.03402237,0.02897063,0.02376627,0.0184895,0.01323565,0.008082339,0.003127841,-0.001550725,-0.005852969,-0.009697764,-0.01297882,-0.01562675,-0.01752288,-0.01862145,-0.01880642,-0.01806547,-0.01631685,-0.01359752,-0.009917129,-0.005402902,-0.001070802,-3.697805e-05,-4.896039e-05,-7.497732e-05,NaN,NaN,NaN,NaN,NaN,NaN,NaN,NaN,NaN,NaN,NaN,NaN,NaN,NaN,NaN,NaN,NaN,NaN,NaN,NaN,NaN,NaN,NaN,NaN,NaN,NaN,NaN,NaN,NaN,NaN,NaN,NaN,NaN,NaN,NaN,NaN,NaN,NaN,NaN,NaN,NaN,NaN,NaN,NaN,NaN,NaN,NaN,NaN,NaN,NaN,NaN,NaN,NaN
NaN,NaN,NaN,NaN,NaN,5.793804e-05,0.0001463583,0.0003038061,0.002883047,0.01318215,0.02423823,0.03334441,0.04070244,0.04618509,0.05004789,0.05233971,0.05329982,0.05304125,0.05176298,0.04960173,0.04670707,0.0432149,0.03924447,0.03490779,0.030312,0.02555409,0.0207308,0.01593069,0.01124787,0.006765009,0.002577857,-0.001232637,-0.004573161,-0.007372031,-0.009530562,-0.01100628,-0.01170307,-0.01162182,-0.01069955,-0.009002153,-0.006547821,-0.00351275,-0.0006276371,5.229069e-05,2.763384e-05,-1.253229e-05,NaN,NaN,NaN,NaN,NaN,NaN,NaN,NaN,NaN,NaN,NaN,NaN,NaN,NaN,NaN,NaN,NaN,NaN,NaN,NaN,NaN,NaN,NaN,NaN,NaN,NaN,NaN,NaN,NaN,NaN,NaN,NaN,NaN,NaN,NaN,NaN,NaN,NaN,NaN,NaN,NaN,NaN,NaN,NaN,NaN,NaN,NaN,NaN,NaN,NaN,NaN,NaN,NaN,NaN
NaN,NaN,NaN,NaN,NaN,NaN,9.201778e-05,0.0001782038,0.0003626355,0.002989354,0.01294671,0.02352598,0.03213554,0.03895687,0.04394617,0.04734212,0.04924228,0.04986319,0.04935364,0.04788873,0.04563105,0.04271425,0.03928408,0.03545591,0.03134924,0.02706494,0.02270793,0.01837065,0.01414681,0.01012622,0.006392469,0.003030365,0.0001144116,-0.002275073,-0.004093638,-0.00526565,-0.005798195,-0.005643452,-0.004886806,-0.00355194,-0.001855493,-0.0002485628,0.0001302984,0.0001018679,5.014589e-05,NaN,NaN,NaN,NaN,NaN,NaN,NaN,NaN,NaN,NaN,NaN,NaN,NaN,NaN,NaN,NaN,NaN,NaN,NaN,NaN,NaN,NaN,NaN,NaN,NaN,NaN,NaN,NaN,NaN,NaN,NaN,NaN,NaN,NaN,NaN,NaN,NaN,NaN,NaN,NaN,NaN,NaN,NaN,NaN,NaN,NaN,NaN,NaN,NaN,NaN,NaN,NaN,NaN,NaN,NaN
NaN,NaN,NaN,NaN,NaN,NaN,NaN,0.0001259276,0.0002096785,0.0004268466,0.003101668,0.01262156,0.02263156,0.0306883,0.03695199,0.0414479,0.0443987,0.04594184,0.04627449,0.04557324,0.0439944,0.04171401,0.03885909,0.03557608,0.03197653,0.02818408,0.02429499,0.02041552,0.01663295,0.01303769,0.009710542,0.00672763,0.004156257,0.002045786,0.0004529896,-0.0006282981,-0.00116768,-0.001253276,-0.0009203433,-0.0003959807,0.0001133147,0.0002070064,0.0001631123,0.0001098812,NaN,NaN,NaN,NaN,NaN,NaN,NaN,NaN,NaN,NaN,NaN,NaN,NaN,NaN,NaN,NaN,NaN,NaN,NaN,NaN,NaN,NaN,NaN,NaN,NaN,NaN,NaN,NaN,NaN,NaN,NaN,NaN,NaN,NaN,NaN,NaN,NaN,NaN,NaN,NaN,NaN,NaN,NaN,NaN,NaN,NaN,NaN,NaN,NaN,NaN,NaN,NaN,NaN,NaN,NaN,NaN
NaN,NaN,NaN,NaN,NaN,NaN,NaN,NaN,0.0001579439,0.0002384566,0.0004914565,0.003187893,0.01217899,0.02155139,0.02901867,0.03471748,0.03873054,0.04126444,0.04249155,0.04258934,0.04175463,0.04012998,0.03789354,0.03516842,0.03210104,0.02879526,0.02537491,0.02192841,0.01855891,0.01534306,0.01236252,0.009676826,0.007342943,0.005399027,0.003850591,0.00270722,0.001887276,0.001346031,0.0008670224,0.0004467743,0.0002790588,0.0002213923,0.0001641345,NaN,NaN,NaN,NaN,NaN,NaN,NaN,NaN,NaN,NaN,NaN,NaN,NaN,NaN,NaN,NaN,NaN,NaN,NaN,NaN,NaN,NaN,NaN,NaN,NaN,NaN,NaN,NaN,NaN,NaN,NaN,NaN,NaN,NaN,NaN,NaN,NaN,NaN,NaN,NaN,NaN,NaN,NaN,NaN,NaN,NaN,NaN,NaN,NaN,NaN,NaN,NaN,NaN,NaN,NaN,NaN,NaN
NaN,NaN,NaN,NaN,NaN,NaN,NaN,NaN,NaN,0.0001881817,0.0002661835,0.0005562656,0.003237805,0.01160929,0.0202886,0.02714641,0.03228239,0.03583097,0.0379821,0.03893473,0.03884988,0.03793237,0.03631798,0.03417863,0.03163207,0.02882122,0.02584227,0.02281183,0.01980807,0.01692083,0.0142098,0.01173648,0.009530448,0.007606335,0.005963007,0.004529099,0.003247452,0.001931481,0.0007529349,0.0003479073,0.0002706447,0.0002151172,NaN,NaN,NaN,NaN,NaN,NaN,NaN,NaN,NaN,NaN,NaN,NaN,NaN,NaN,NaN,NaN,NaN,NaN,NaN,NaN,NaN,NaN,NaN,NaN,NaN,NaN,NaN,NaN,NaN,NaN,NaN,NaN,NaN,NaN,NaN,NaN,NaN,NaN,NaN,NaN,NaN,NaN,NaN,NaN,NaN,NaN,NaN,NaN,NaN,NaN,NaN,NaN,NaN,NaN,NaN,NaN,NaN,NaN
NaN,NaN,NaN,NaN,NaN,NaN,NaN,NaN,NaN,0.0002056838,0.0002154621,0.0002921293,0.000616337,0.003230902,0.0108919,0.01883998,0.02507932,0.02966307,0.03277204,0.03457466,0.0352906,0.03506763,0.0341065,0.03253776,0.03052685,0.02818058,0.02563435,0.02297126,0.02029609,0.01766863,0.01515928,0.01279517,0.01060501,0.008572116,0.006651131,0.004772735,0.002786135,0.001022963,0.0004126285,0.0003125317,0.0002588542,0.0002137357,NaN,NaN,NaN,NaN,NaN,NaN,NaN,NaN,NaN,NaN,NaN,NaN,NaN,NaN,NaN,NaN,NaN,NaN,NaN,NaN,NaN,NaN,NaN,NaN,NaN,NaN,NaN,NaN,NaN,NaN,NaN,NaN,NaN,NaN,NaN,NaN,NaN,NaN,NaN,NaN,NaN,NaN,NaN,NaN,NaN,NaN,NaN,NaN,NaN,NaN,NaN,NaN,NaN,NaN,NaN,NaN,NaN,NaN
NaN,NaN,NaN,NaN,NaN,NaN,NaN,NaN,NaN,NaN,0.0002283985,0.0002407549,0.0003165297,0.0006693139,0.003152146,0.01001545,0.0172044,0.02282768,0.02687732,0.0295685,0.03105557,0.03156267,0.03123105,0.0302488,0.02873907,0.02685631,0.02469562,0.02237645,0.01996528,0.01754353,0.01514458,0.01280737,0.01051359,0.008236155,0.005898393,0.003413654,0.001247115,0.0004734914,0.0003483554,0.0002973123,0.0002580599,NaN,NaN,NaN,NaN,NaN,NaN,NaN,NaN,NaN,NaN,NaN,NaN,NaN,NaN,NaN,NaN,NaN,NaN,NaN,NaN,NaN,NaN,NaN,NaN,NaN,NaN,NaN,NaN,NaN,NaN,NaN,NaN,NaN,NaN,NaN,NaN,NaN,NaN,NaN,NaN,NaN,NaN,NaN,NaN,NaN,NaN,NaN,NaN,NaN,NaN,NaN,NaN,NaN,NaN,NaN,NaN,NaN,NaN,NaN
NaN,NaN,NaN,NaN,NaN,NaN,NaN,NaN,NaN,NaN,NaN,0.0002481512,0.0002625565,0.0003380282,0.0007088279,0.002984785,0.008972807,0.01538196,0.02039441,0.02392638,0.02621803,0.02741456,0.0277273,0.0272945,0.02628979,0.02482343,0.02303286,0.02099612,0.01881015,0.01651741,0.01416613,0.0117486,0.009256687,0.006608554,0.003788615,0.001395656,0.0005247617,0.0003766567,0.00032879,0.0002952543,NaN,NaN,NaN,NaN,NaN,NaN,NaN,NaN,NaN,NaN,NaN,NaN,NaN,NaN,NaN,NaN,NaN,NaN,NaN,NaN,NaN,NaN,NaN,NaN,NaN,NaN,NaN,NaN,NaN,NaN,NaN,NaN,NaN,NaN,NaN,NaN,NaN,NaN,NaN,NaN,NaN,NaN,NaN,NaN,NaN,NaN,NaN,NaN,NaN,NaN,NaN,NaN,NaN,NaN,NaN,NaN,NaN,NaN,NaN,NaN
NaN,NaN,NaN,NaN,NaN,NaN,NaN,NaN,NaN,NaN,NaN,NaN,0.0002660848,0.0002815769,0.0003575363,0.0007323678,0.002738365,0.007778813,0.01337666,0.0177741,0.02080672,0.02270828,0.02362194,0.02374037,0.02319118,0.02213127,0.02065432,0.01887423,0.01684473,0.01463131,0.01223874,0.009677419,0.006873549,0.003901399,0.0014832,0.0005675852,0.0003987323,0.0003535731,0.0003268518,NaN,NaN,NaN,NaN,NaN,NaN,NaN,NaN,NaN,NaN,NaN,NaN,NaN,NaN,NaN,NaN,NaN,NaN,NaN,NaN,NaN,NaN,NaN,NaN,NaN,NaN,NaN,NaN,NaN,NaN,NaN,NaN,NaN,NaN,NaN,NaN,NaN,NaN,NaN,NaN,NaN,NaN,NaN,NaN,NaN,NaN,NaN,NaN,NaN,NaN,NaN,NaN,NaN,NaN,NaN,NaN,NaN,NaN,NaN,NaN,NaN
NaN,NaN,NaN,NaN,NaN,NaN,NaN,NaN,NaN,NaN,NaN,NaN,NaN,0.000280533,0.0002973897,0.0003737459,0.0007364759,0.002419672,0.006457542,0.01118811,0.01495199,0.01749751,0.01900732,0.0196255,0.01952486,0.01881686,0.01763359,0.01604667,0.0141391,0.01193489,0.009453034,0.006664916,0.003735769,0.001481586,0.0005967757,0.0004158164,0.000371903,0.0003504638,NaN,NaN,NaN,NaN,NaN,NaN,NaN,NaN,NaN,NaN,NaN,NaN,NaN,NaN,NaN,NaN,NaN,NaN,NaN,NaN,NaN,NaN,NaN,NaN,NaN,NaN,NaN,NaN,NaN,NaN,NaN,NaN,NaN,NaN,NaN,NaN,NaN,NaN,NaN,NaN,NaN,NaN,NaN,NaN,NaN,NaN,NaN,NaN,NaN,NaN,NaN,NaN,NaN,NaN,NaN,NaN,NaN,NaN,NaN,NaN,NaN,NaN
NaN,NaN,NaN,NaN,NaN,NaN,NaN,NaN,NaN,NaN,NaN,NaN,NaN,0.0002735868,0.0002928489,0.0003109966,0.0003860817,0.0007196616,0.002046103,0.005072095,0.008834531,0.01191822,0.01396351,0.01506965,0.01536141,0.01498718,0.01404173,0.0126234,0.01077537,0.008544735,0.005966634,0.003315964,0.001395382,0.0006097819,0.0004254938,0.0003848094,0.0003682582,0.000343131,NaN,NaN,NaN,NaN,NaN,NaN,NaN,NaN,NaN,NaN,NaN,NaN,NaN,NaN,NaN,NaN,NaN,NaN,NaN,NaN,NaN,NaN,NaN,NaN,NaN,NaN,NaN,NaN,NaN,NaN,NaN,NaN,NaN,NaN,NaN,NaN,NaN,NaN,NaN,NaN,NaN,NaN,NaN,NaN,NaN,NaN,NaN,NaN,NaN,NaN,NaN,NaN,NaN,NaN,NaN,NaN,NaN,NaN,NaN,NaN,NaN,NaN
NaN,NaN,NaN,NaN,NaN,NaN,NaN,NaN,NaN,NaN,NaN,NaN,NaN,NaN,0.0002874077,0.0003022494,0.0003211561,0.0003929371,0.0006821076,0.001649535,0.003717569,0.006394023,0.008698654,0.01017904,0.01083066,0.01073784,0.01000624,0.008713335,0.006941287,0.004813224,0.002706953,0.001239825,0.0006033592,0.0004300562,0.0003908945,0.0003792843,0.000362067,NaN,NaN,NaN,NaN,NaN,NaN,NaN,NaN,NaN,NaN,NaN,NaN,NaN,NaN,NaN,NaN,NaN,NaN,NaN,NaN,NaN,NaN,NaN,NaN,NaN,NaN,NaN,NaN,NaN,NaN,NaN,NaN,NaN,NaN,NaN,NaN,NaN,NaN,NaN,NaN,NaN,NaN,NaN,NaN,NaN,NaN,NaN,NaN,NaN,NaN,NaN,NaN,NaN,NaN,NaN,NaN,NaN,NaN,NaN,NaN,NaN,NaN,NaN
NaN,NaN,NaN,NaN,NaN,NaN,NaN,NaN,NaN,NaN,NaN,NaN,NaN,NaN,NaN,0.0002982233,0.0003094649,0.0003285727,0.0003950245,0.0006282007,0.001270549,0.002518469,0.004101359,0.005479553,0.006273548,0.006387087,0.005856147,0.004793235,0.003396117,0.002016426,0.001042319,0.0005798626,0.0004290777,0.0003926338,0.0003841906,0.0003745679,NaN,NaN,NaN,NaN,NaN,NaN,NaN,NaN,NaN,NaN,NaN,NaN,NaN,NaN,NaN,NaN,NaN,NaN,NaN,NaN,NaN,NaN,NaN,NaN,NaN,NaN,NaN,NaN,NaN,NaN,NaN,NaN,NaN,NaN,NaN,NaN,NaN,NaN,NaN,NaN,NaN,NaN,NaN,NaN,NaN,NaN,NaN,NaN,NaN,NaN,NaN,NaN,NaN,NaN,NaN,NaN,NaN,NaN,NaN,NaN,NaN,NaN,NaN,NaN
NaN,NaN,NaN,NaN,NaN,NaN,NaN,NaN,NaN,NaN,NaN,NaN,NaN,NaN,NaN,0.0002969416,0.0003053116,0.0003136625,0.0003330284,0.0003907593,0.000564174,0.0009464472,0.001581206,0.002297083,0.002822251,0.002955094,0.002666723,0.002066185,0.001381696,0.0008386009,0.0005409883,0.0004219022,0.0003896698,0.0003835314,0.0003799274,0.0003728954,NaN,NaN,NaN,NaN,NaN,NaN,NaN,NaN,NaN,NaN,NaN,NaN,NaN,NaN,NaN,NaN,NaN,NaN,NaN,NaN,NaN,NaN,NaN,NaN,NaN,NaN,NaN,NaN,NaN,NaN,NaN,NaN,NaN,NaN,NaN,NaN,NaN,NaN,NaN,NaN,NaN,NaN,NaN,NaN,NaN,NaN,NaN,NaN,NaN,NaN,NaN,NaN,NaN,NaN,NaN,NaN,NaN,NaN,NaN,NaN,NaN,NaN,NaN,NaN
NaN,NaN,NaN,NaN,NaN,NaN,NaN,NaN,NaN,NaN,NaN,NaN,NaN,NaN,NaN,NaN,0.0003024585,0.0003086849,0.0003150739,0.0003341101,0.000380906,0.0004973293,0.000698475,0.0009579487,0.001174236,0.001243608,0.001130534,0.0008997037,0.0006596545,0.0004929957,0.0004086514,0.0003823512,0.0003776657,0.0003785223,0.0003769217,NaN,NaN,NaN,NaN,NaN,NaN,NaN,NaN,NaN,NaN,NaN,NaN,NaN,NaN,NaN,NaN,NaN,NaN,NaN,NaN,NaN,NaN,NaN,NaN,NaN,NaN,NaN,NaN,NaN,NaN,NaN,NaN,NaN,NaN,NaN,NaN,NaN,NaN,NaN,NaN,NaN,NaN,NaN,NaN,NaN,NaN,NaN,NaN,NaN,NaN,NaN,NaN,NaN,NaN,NaN,NaN,NaN,NaN,NaN,NaN,NaN,NaN,NaN,NaN,NaN
NaN,NaN,NaN,NaN,NaN,NaN,NaN,NaN,NaN,NaN,NaN,NaN,NaN,NaN,NaN,NaN,NaN,0.0003016152,0.000306376,0.0003114929,0.0003292428,0.0003648426,0.0004335099,0.0005235536,0.0006036253,0.0006315582,0.0005950822,0.0005167116,0.0004389477,0.0003885975,0.0003685537,0.0003647088,0.0003685231,0.0003709765,NaN,NaN,NaN,NaN,NaN,NaN,NaN,NaN,NaN,NaN,NaN,NaN,NaN,NaN,NaN,NaN,NaN,NaN,NaN,NaN,NaN,NaN,NaN,NaN,NaN,NaN,NaN,NaN,NaN,NaN,NaN,NaN,NaN,NaN,NaN,NaN,NaN,NaN,NaN,NaN,NaN,NaN,NaN,NaN,NaN,NaN,NaN,NaN,NaN,NaN,NaN,NaN,NaN,NaN,NaN,NaN,NaN,NaN,NaN,NaN,NaN,NaN,NaN,NaN,NaN,NaN
NaN,NaN,NaN,NaN,NaN,NaN,NaN,NaN,NaN,NaN,NaN,NaN,NaN,NaN,NaN,NaN,NaN,0.0002886038,0.0002911384,0.0002949489,0.0002996759,0.0003148495,0.0003401919,0.0003752155,0.0004064648,0.0004201265,0.0004085898,0.0003831986,0.000358193,0.0003450589,0.0003418957,0.0003466331,0.0003516011,0.0003545826,NaN,NaN,NaN,NaN,NaN,NaN,NaN,NaN,NaN,NaN,NaN,NaN,NaN,NaN,NaN,NaN,NaN,NaN,NaN,NaN,NaN,NaN,NaN,NaN,NaN,NaN,NaN,NaN,NaN,NaN,NaN,NaN,NaN,NaN,NaN,NaN,NaN,NaN,NaN,NaN,NaN,NaN,NaN,NaN,NaN,NaN,NaN,NaN,NaN,NaN,NaN,NaN,NaN,NaN,NaN,NaN,NaN,NaN,NaN,NaN,NaN,NaN,NaN,NaN,NaN,NaN
NaN,NaN,NaN,NaN,NaN,NaN,NaN,NaN,NaN,NaN,NaN,NaN,NaN,NaN,NaN,NaN,NaN,NaN,0.0002643092,0.0002652903,0.0002687131,0.0002738377,0.0002854761,0.0003010871,0.0003162739,0.0003235365,0.0003212816,0.0003129386,0.0003057238,0.0003040543,0.0003077862,0.0003132041,0.0003189435,NaN,NaN,NaN,NaN,NaN,NaN,NaN,NaN,NaN,NaN,NaN,NaN,NaN,NaN,NaN,NaN,NaN,NaN,NaN,NaN,NaN,NaN,NaN,NaN,NaN,NaN,NaN,NaN,NaN,NaN,NaN,NaN,NaN,NaN,NaN,NaN,NaN,NaN,NaN,NaN,NaN,NaN,NaN,NaN,NaN,NaN,NaN,NaN,NaN,NaN,NaN,NaN,NaN,NaN,NaN,NaN,NaN,NaN,NaN,NaN,NaN,NaN,NaN,NaN,NaN,NaN,NaN
NaN,NaN,NaN,NaN,NaN,NaN,NaN,NaN,NaN,NaN,NaN,NaN,NaN,NaN,NaN,NaN,NaN,NaN,0.0002176838,0.0002191081,0.0002196773,0.0002229438,0.0002283008,0.000236199,0.0002437914,0.0002486991,0.0002489686,0.000247374,0.0002463288,0.0002485364,0.0002526857,0.0002585333,0.0002631309,NaN,NaN,NaN,NaN,NaN,NaN,NaN,NaN,NaN,NaN,NaN,NaN,NaN,NaN,NaN,NaN,NaN,NaN,NaN,NaN,NaN,NaN,NaN,NaN,NaN,NaN,NaN,NaN,NaN,NaN,NaN,NaN,NaN,NaN,NaN,NaN,NaN,NaN,NaN,NaN,NaN,NaN,NaN,NaN,NaN,NaN,NaN,NaN,NaN,NaN,NaN,NaN,NaN,NaN,NaN,NaN,NaN,NaN,NaN,NaN,NaN,NaN,NaN,NaN,NaN,NaN,NaN
NaN,NaN,NaN,NaN,NaN,NaN,NaN,NaN,NaN,NaN,NaN,NaN,NaN,NaN,NaN,NaN,NaN,NaN,NaN,0.0001534362,0.0001543417,0.000155316,0.0001580452,0.0001621997,0.0001664774,0.0001693967,0.0001703943,0.0001705144,0.0001711102,0.0001736371,0.0001774932,0.000181405,NaN,NaN,NaN,NaN,NaN,NaN,NaN,NaN,NaN,NaN,NaN,NaN,NaN,NaN,NaN,NaN,NaN,NaN,NaN,NaN,NaN,NaN,NaN,NaN,NaN,NaN,NaN,NaN,NaN,NaN,NaN,NaN,NaN,NaN,NaN,NaN,NaN,NaN,NaN,NaN,NaN,NaN,NaN,NaN,NaN,NaN,NaN,NaN,NaN,NaN,NaN,NaN,NaN,NaN,NaN,NaN,NaN,NaN,NaN,NaN,NaN,NaN,NaN,NaN,NaN,NaN,NaN,NaN
NaN,NaN,NaN,NaN,NaN,NaN,NaN,NaN,NaN,NaN,NaN,NaN,NaN,NaN,NaN,NaN,NaN,NaN,NaN,8.113433e-05,8.119438e-05,8.185457e-05,8.300332e-05,8.477208e-05,8.662396e-05,8.809796e-05,8.877327e-05,8.925964e-05,8.999302e-05,9.156924e-05,9.35464e-05,9.585137e-05,NaN,NaN,NaN,NaN,NaN,NaN,NaN,NaN,NaN,NaN,NaN,NaN,NaN,NaN,NaN,NaN,NaN,NaN,NaN,NaN,NaN,NaN,NaN,NaN,NaN,NaN,NaN,NaN,NaN,NaN,NaN,NaN,NaN,NaN,NaN,NaN,NaN,NaN,NaN,NaN,NaN,NaN,NaN,NaN,NaN,NaN,NaN,NaN,NaN,NaN,NaN,NaN,NaN,NaN,NaN,NaN,NaN,NaN,NaN,NaN,NaN,NaN,NaN,NaN,NaN,NaN,NaN,NaN
NaN,NaN,NaN,NaN,NaN,NaN,NaN,NaN,NaN,NaN,NaN,NaN,NaN,NaN,NaN,NaN,NaN,NaN,NaN,2.260405e-05,2.278609e-05,2.28132e-05,2.290038e-05,2.363148e-05,2.405595e-05,2.459198e-05,2.46686e-05,2.489333e-05,2.490901e-05,2.550849e-05,2.619861e-05,2.674581e-05,NaN,NaN,NaN,NaN,NaN,NaN,NaN,NaN,NaN,NaN,NaN,NaN,NaN,NaN,NaN,NaN,NaN,NaN,NaN,NaN,NaN,NaN,NaN,NaN,NaN,NaN,NaN,NaN,NaN,NaN,NaN,NaN,NaN,NaN,NaN,NaN,NaN,NaN,NaN,NaN,NaN,NaN,NaN,NaN,NaN,NaN,NaN,NaN,NaN,NaN,NaN,NaN,NaN,NaN,NaN,NaN,NaN,NaN,NaN,NaN,NaN,NaN,NaN,NaN,NaN,NaN,NaN,NaN
NaN,NaN,NaN,NaN,NaN,NaN,NaN,NaN,NaN,NaN,NaN,NaN,NaN,NaN,NaN,NaN,NaN,NaN,NaN,0,0,0,0,0,0,0,0,0,0,0,0,0,NaN,NaN,NaN,NaN,NaN,NaN,NaN,NaN,NaN,NaN,NaN,NaN,NaN,NaN,NaN,NaN,NaN,NaN,NaN,NaN,NaN,NaN,NaN,NaN,NaN,NaN,NaN,NaN,NaN,NaN,NaN,NaN,NaN,NaN,NaN,NaN,NaN,NaN,NaN,NaN,NaN,NaN,NaN,NaN,NaN,NaN,NaN,NaN,NaN,NaN,NaN,NaN,NaN,NaN,NaN,NaN,NaN,NaN,NaN,NaN,NaN,NaN,NaN,NaN,NaN,NaN,NaN,NaN
