NaN,NaN,NaN,NaN,NaN,NaN,NaN,NaN,NaN,NaN,NaN,NaN,NaN,NaN,NaN,NaN,NaN,NaN,NaN,0,0,0,0,0,0,0,0,0,0,0,0,0,NaN,NaN,NaN,NaN,NaN,NaN,NaN,NaN,NaN,NaN,NaN,NaN,NaN,NaN,NaN,NaN,NaN,NaN,NaN,NaN,NaN,NaN,NaN,NaN,NaN,NaN,NaN,NaN,NaN,NaN,NaN,NaN,NaN,NaN,NaN,NaN,NaN,NaN,NaN,NaN,NaN,NaN,NaN,NaN,NaN,NaN,NaN,NaN,NaN,NaN,NaN,NaN,NaN,NaN,NaN,NaN,NaN,NaN,NaN,NaN,NaN,NaN,NaN,NaN,NaN,NaN,NaN,NaN
NaN,NaN,NaN,NaN,NaN,NaN,NaN,NaN,NaN,NaN,NaN,NaN,NaN,NaN,NaN,NaN,NaN,NaN,NaN,1.374817e-09,-5.172842e-11,1.437279e-09,2.330705e-09,3.801167e-09,2.845019e-09,2.299067e-09,8.187435e-10,1.384908e-09,1.970622e-09,4.245582e-09,3.996782e-09,3.951175e-09,NaN,NaN,NaN,NaN,NaN,NaN,NaN,NaN,NaN,NaN,NaN,NaN,NaN,NaN,NaN,NaN,NaN,NaN,NaN,NaN,NaN,NaN,NaN,NaN,NaN,NaN,NaN,NaN,NaN,NaN,NaN,NaN,NaN,NaN,NaN,NaN,NaN,NaN,NaN,NaN,NaN,NaN,NaN,NaN,NaN,NaN,NaN,NaN,NaN,NaN,NaN,NaN,NaN,NaN,NaN,NaN,NaN,NaN,NaN,NaN,NaN,NaN,NaN,NaN,NaN,NaN,NaN,NaN
NaN,NaN,NaN,NaN,NaN,NaN,NaN,NaN,NaN,NaN,NaN,NaN,NaN,NaN,NaN,NaN,NaN,NaN,NaN,6.062777e-08,-1.787187e-08,2.210268e-08,3.031998e-08,7.834405e-08,3.412394e-08,4.517319e-08,-2.633434e-09,2.254108e-08,1.136469e-08,8.132277e-08,5.488469e-08,4.950566e-08,NaN,NaN,NaN,NaN,NaN,NaN,NaN,NaN,NaN,NaN,NaN,NaN,NaN,NaN,NaN,NaN,NaN,NaN,NaN,NaN,NaN,NaN,NaN,NaN,NaN,NaN,NaN,NaN,NaN,NaN,NaN,NaN,NaN,NaN,NaN,NaN,NaN,NaN,NaN,NaN,NaN,NaN,NaN,NaN,NaN,NaN,NaN,NaN,NaN,NaN,NaN,NaN,NaN,NaN,NaN,NaN,NaN,NaN,NaN,NaN,NaN,NaN,NaN,NaN,NaN,NaN,NaN,NaN
NaN,NaN,NaN,NaN,NaN,NaN,NaN,NaN,NaN,NaN,NaN,NaN,NaN,NaN,NaN,NaN,NaN,NaN,NaN,-3.633271e-08,7.412407e-08,1.081575e-07,2.216847e-07,2.282381e-07,2.528874e-07,1.091769e-07,6.848377e-08,3.27667e-08,1.512743e-07,2.026603e-07,2.781226e-07,2.804552e-07,NaN,NaN,NaN,NaN,NaN,NaN,NaN,NaN,NaN,NaN,NaN,NaN,NaN,NaN,NaN,NaN,NaN,NaN,NaN,NaN,NaN,NaN,NaN,NaN,NaN,NaN,NaN,NaN,NaN,NaN,NaN,NaN,NaN,NaN,NaN,NaN,NaN,NaN,NaN,NaN,NaN,NaN,NaN,NaN,NaN,NaN,NaN,NaN,NaN,NaN,NaN,NaN,NaN,NaN,NaN,NaN,NaN,NaN,NaN,NaN,NaN,NaN,NaN,NaN,NaN,NaN,NaN,NaN
NaN,NaN,NaN,NaN,NaN,NaN,NaN,NaN,NaN,NaN,NaN,NaN,NaN,NaN,NaN,NaN,NaN,NaN,-8.572037e-08,2.971729e-07,5.616277e-08,3.82712e-07,6.52085e-07,9.384112e-07,6.712807e-07,3.932116e-07,-4.120101e-08,2.512834e-09,1.499468e-07,6.666336e-07,6.83706e-07,6.800695e-07,5.203831e-07,NaN,NaN,NaN,NaN,NaN,NaN,NaN,NaN,NaN,NaN,NaN,NaN,NaN,NaN,NaN,NaN,NaN,NaN,NaN,NaN,NaN,NaN,NaN,NaN,NaN,NaN,NaN,NaN,NaN,NaN,NaN,NaN,NaN,NaN,NaN,NaN,NaN,NaN,NaN,NaN,NaN,NaN,NaN,NaN,NaN,NaN,NaN,NaN,NaN,NaN,NaN,NaN,NaN,NaN,NaN,NaN,NaN,NaN,NaN,NaN,NaN,NaN,NaN,NaN,NaN,NaN,NaN
NaN,NaN,NaN,NaN,NaN,NaN,NaN,NaN,NaN,NaN,NaN,NaN,NaN,NaN,NaN,NaN,NaN,NaN,6.838798e-07,-4.574362e-08,6.157208e-07,1.079573e-06,1.962489e-06,2.12956e-06,1.911578e-06,5.403267e-07,-2.889025e-07,-6.479713e-07,1.323769e-07,7.626287e-07,1.358526e-06,1.486538e-06,9.174732e-07,NaN,NaN,NaN,NaN,NaN,NaN,NaN,NaN,NaN,NaN,NaN,NaN,NaN,NaN,NaN,NaN,NaN,NaN,NaN,NaN,NaN,NaN,NaN,NaN,NaN,NaN,NaN,NaN,NaN,NaN,NaN,NaN,NaN,NaN,NaN,NaN,NaN,NaN,NaN,NaN,NaN,NaN,NaN,NaN,NaN,NaN,NaN,NaN,NaN,NaN,NaN,NaN,NaN,NaN,NaN,NaN,NaN,NaN,NaN,NaN,NaN,NaN,NaN,NaN,NaN,NaN,NaN
NaN,NaN,NaN,NaN,NaN,NaN,NaN,NaN,NaN,NaN,NaN,NaN,NaN,NaN,NaN,NaN,NaN,1.741466e-06,6.843899e-08,1.1307e-06,1.109126e-06,3.0358e-06,5.008928e-06,6.134137e-06,4.288126e-06,9.940314e-07,-2.374037e-06,-3.030095e-06,-1.825582e-06,8.058739e-07,1.804143e-06,2.221893e-06,1.721492e-06,3.709345e-07,NaN,NaN,NaN,NaN,NaN,NaN,NaN,NaN,NaN,NaN,NaN,NaN,NaN,NaN,NaN,NaN,NaN,NaN,NaN,NaN,NaN,NaN,NaN,NaN,NaN,NaN,NaN,NaN,NaN,NaN,NaN,NaN,NaN,NaN,NaN,NaN,NaN,NaN,NaN,NaN,NaN,NaN,NaN,NaN,NaN,NaN,NaN,NaN,NaN,NaN,NaN,NaN,NaN,NaN,NaN,NaN,NaN,NaN,NaN,NaN,NaN,NaN,NaN,NaN,NaN,NaN
NaN,NaN,NaN,NaN,NaN,NaN,NaN,NaN,NaN,NaN,NaN,NaN,NaN,NaN,NaN,NaN,NaN,1.107379e-06,2.129711e-06,9.021582e-07,4.47049e-06,8.7092e-06,1.435524e-05,1.580071e-05,1.146093e-05,3.045242e-07,-8.740719e-06,-1.211004e-05,-8.089254e-06,-2.946672e-06,1.343077e-06,3.185442e-06,2.194408e-06,5.634212e-07,NaN,NaN,NaN,NaN,NaN,NaN,NaN,NaN,NaN,NaN,NaN,NaN,NaN,NaN,NaN,NaN,NaN,NaN,NaN,NaN,NaN,NaN,NaN,NaN,NaN,NaN,NaN,NaN,NaN,NaN,NaN,NaN,NaN,NaN,NaN,NaN,NaN,NaN,NaN,NaN,NaN,NaN,NaN,NaN,NaN,NaN,NaN,NaN,NaN,NaN,NaN,NaN,NaN,NaN,NaN,NaN,NaN,NaN,NaN,NaN,NaN,NaN,NaN,NaN,NaN,NaN
NaN,NaN,NaN,NaN,NaN,NaN,NaN,NaN,NaN,NaN,NaN,NaN,NaN,NaN,NaN,NaN,3.566336e-06,4.001904e-06,1.259193e-06,6.304508e-06,1.243839e-05,2.766287e-05,4.381304e-05,4.893148e-05,3.110292e-05,-1.859577e-06,-3.255355e-05,-4.292566e-05,-3.406487e-05,-1.603273e-05,-3.915117e-06,2.084339e-06,3.001019e-06,6.798178e-07,-3.27349e-06,NaN,NaN,NaN,NaN,NaN,NaN,NaN,NaN,NaN,NaN,NaN,NaN,NaN,NaN,NaN,NaN,NaN,NaN,NaN,NaN,NaN,NaN,NaN,NaN,NaN,NaN,NaN,NaN,NaN,NaN,NaN,NaN,NaN,NaN,NaN,NaN,NaN,NaN,NaN,NaN,NaN,NaN,NaN,NaN,NaN,NaN,NaN,NaN,NaN,NaN,NaN,NaN,NaN,NaN,NaN,NaN,NaN,NaN,NaN,NaN,NaN,NaN,NaN,NaN,NaN
NaN,NaN,NaN,NaN,NaN,NaN,NaN,NaN,NaN,NaN,NaN,NaN,NaN,NaN,NaN,7.865945e-06,7.198878e-06,2.966155e-06,8.658927e-06,1.60466e-05,4.786353e-05,9.637416e-05,0.0001442228,0.0001472878,8.779535e-05,-1.396304e-05,-0.0001037803,-0.0001437964,-0.000121909,-7.249427e-05,-2.777494e-05,-4.316129e-06,1.295934e-06,4.86794e-07,-3.761458e-06,-1.042466e-05,NaN,NaN,NaN,NaN,NaN,NaN,NaN,NaN,NaN,NaN,NaN,NaN,NaN,NaN,NaN,NaN,NaN,NaN,NaN,NaN,NaN,NaN,NaN,NaN,NaN,NaN,NaN,NaN,NaN,NaN,NaN,NaN,NaN,NaN,NaN,NaN,NaN,NaN,NaN,NaN,NaN,NaN,NaN,NaN,NaN,NaN,NaN,NaN,NaN,NaN,NaN,NaN,NaN,NaN,NaN,NaN,NaN,NaN,NaN,NaN,NaN,NaN,NaN,NaN
NaN,NaN,NaN,NaN,NaN,NaN,NaN,NaN,NaN,NaN,NaN,NaN,NaN,NaN,NaN,1.213062e-05,6.728867e-06,1.176141e-05,2.020932e-05,7.421136e-05,0.000180179,0.0003367368,0.0004309802,0.0003800185,0.0001928626,-4.986971e-05,-0.0002698009,-0.0003922484,-0.0003859333,-0.0002670189,-0.0001276461,-4.137076e-05,-6.580261e-06,-1.520048e-06,-5.879713e-06,-1.183521e-05,NaN,NaN,NaN,NaN,NaN,NaN,NaN,NaN,NaN,NaN,NaN,NaN,NaN,NaN,NaN,NaN,NaN,NaN,NaN,NaN,NaN,NaN,NaN,NaN,NaN,NaN,NaN,NaN,NaN,NaN,NaN,NaN,NaN,NaN,NaN,NaN,NaN,NaN,NaN,NaN,NaN,NaN,NaN,NaN,NaN,NaN,NaN,NaN,NaN,NaN,NaN,NaN,NaN,NaN,NaN,NaN,NaN,NaN,NaN,NaN,NaN,NaN,NaN,NaN
NaN,NaN,NaN,NaN,NaN,NaN,NaN,NaN,NaN,NaN,NaN,NaN,NaN,NaN,1.852812e-05,1.340658e-05,1.574145e-05,2.600754e-05,0.0001032478,0.0003006206,0.0006550889,0.0009256036,0.0009356198,0.0006926645,0.0002988867,-0.0001402918,-0.0005273512,-0.0007930954,-0.0008758428,-0.0007572903,-0.0004770727,-0.000198925,-5.494963e-05,-1.205878e-05,-7.574765e-06,-1.724411e-05,-2.409778e-05,NaN,NaN,NaN,NaN,NaN,NaN,NaN,NaN,NaN,NaN,NaN,NaN,NaN,NaN,NaN,NaN,NaN,NaN,NaN,NaN,NaN,NaN,NaN,NaN,NaN,NaN,NaN,NaN,NaN,NaN,NaN,NaN,NaN,NaN,NaN,NaN,NaN,NaN,NaN,NaN,NaN,NaN,NaN,NaN,NaN,NaN,NaN,NaN,NaN,NaN,NaN,NaN,NaN,NaN,NaN,NaN,NaN,NaN,NaN,NaN,NaN,NaN,NaN
NaN,NaN,NaN,NaN,NaN,NaN,NaN,NaN,NaN,NaN,NaN,NaN,NaN,2.563174e-05,2.356979e-05,2.039099e-05,3.518637e-05,0.0001299825,0.0004590554,0.001096083,0.00161861,0.001741548,0.001466817,0.0009577937,0.0003271876,-0.0003047134,-0.0008643974,-0.001273255,-0.001492738,-0.00147499,-0.00120015,-0.0007259523,-0.0002791016,-6.66562e-05,-2.244658e-05,-1.773747e-05,-3.457942e-05,-3.971331e-05,NaN,NaN,NaN,NaN,NaN,NaN,NaN,NaN,NaN,NaN,NaN,NaN,NaN,NaN,NaN,NaN,NaN,NaN,NaN,NaN,NaN,NaN,NaN,NaN,NaN,NaN,NaN,NaN,NaN,NaN,NaN,NaN,NaN,NaN,NaN,NaN,NaN,NaN,NaN,NaN,NaN,NaN,NaN,NaN,NaN,NaN,NaN,NaN,NaN,NaN,NaN,NaN,NaN,NaN,NaN,NaN,NaN,NaN,NaN,NaN,NaN,NaN
NaN,NaN,NaN,NaN,NaN,NaN,NaN,NaN,NaN,NaN,NaN,NaN,NaN,3.653934e-05,2.612591e-05,4.764116e-05,0.0001532862,0.0006437334,0.001641308,0.0024746,0.002748928,0.002481446,0.001897614,0.001102743,0.000252385,-0.0005769911,-0.001286205,-0.001832906,-0.002162786,-0.002254481,-0.002088536,-0.001645338,-0.0009720857,-0.0003564437,-7.697769e-05,-3.861287e-05,-3.361893e-05,-5.606877e-05,NaN,NaN,NaN,NaN,NaN,NaN,NaN,NaN,NaN,NaN,NaN,NaN,NaN,NaN,NaN,NaN,NaN,NaN,NaN,NaN,NaN,NaN,NaN,NaN,NaN,NaN,NaN,NaN,NaN,NaN,NaN,NaN,NaN,NaN,NaN,NaN,NaN,NaN,NaN,NaN,NaN,NaN,NaN,NaN,NaN,NaN,NaN,NaN,NaN,NaN,NaN,NaN,NaN,NaN,NaN,NaN,NaN,NaN,NaN,NaN,NaN,NaN
NaN,NaN,NaN,NaN,NaN,NaN,NaN,NaN,NaN,NaN,NaN,NaN,5.104454e-05,3.457547e-05,6.060774e-05,0.0001749286,0.0008369748,0.002266652,0.003454524,0.003921932,0.003717901,0.00309155,0.002158809,0.001108334,2.500093e-05,-0.0009690091,-0.001827224,-0.002476917,-0.002904517,-0.00307462,-0.002987834,-0.002637054,-0.002024171,-0.001182671,-0.0004144265,-9.002601e-05,-5.998044e-05,-5.452597e-05,-8.179744e-05,NaN,NaN,NaN,NaN,NaN,NaN,NaN,NaN,NaN,NaN,NaN,NaN,NaN,NaN,NaN,NaN,NaN,NaN,NaN,NaN,NaN,NaN,NaN,NaN,NaN,NaN,NaN,NaN,NaN,NaN,NaN,NaN,NaN,NaN,NaN,NaN,NaN,NaN,NaN,NaN,NaN,NaN,NaN,NaN,NaN,NaN,NaN,NaN,NaN,NaN,NaN,NaN,NaN,NaN,NaN,NaN,NaN,NaN,NaN,NaN,NaN
NaN,NaN,NaN,NaN,NaN,NaN,NaN,NaN,NaN,NaN,NaN,6.62892e-05,4.624799e-05,7.374517e-05,0.0001940187,0.001024634,0.002940947,0.004532871,0.005235083,0.005152656,0.004517311,0.003476813,0.002243581,0.000914936,-0.0003621615,-0.001530515,-0.002497721,-0.00324651,-0.003727406,-0.003951744,-0.003903445,-0.003607706,-0.003054904,-0.002292415,-0.001321133,-0.0004471369,-0.0001066459,-8.316832e-05,-8.288656e-05,-0.0001097055,NaN,NaN,NaN,NaN,NaN,NaN,NaN,NaN,NaN,NaN,NaN,NaN,NaN,NaN,NaN,NaN,NaN,NaN,NaN,NaN,NaN,NaN,NaN,NaN,NaN,NaN,NaN,NaN,NaN,NaN,NaN,NaN,NaN,NaN,NaN,NaN,NaN,NaN,NaN,NaN,NaN,NaN,NaN,NaN,NaN,NaN,NaN,NaN,NaN,NaN,NaN,NaN,NaN,NaN,NaN,NaN,NaN,NaN,NaN,NaN
NaN,NaN,NaN,NaN,NaN,NaN,NaN,NaN,NaN,NaN,8.263936e-05,5.904981e-05,8.958489e-05,0.0002085903,0.001197617,0.003634616,0.005682753,0.006673502,0.006760141,0.00615696,0.005046115,0.003645974,0.002078911,0.000515217,-0.0009704757,-0.002268083,-0.003348507,-0.004147908,-0.004675692,-0.004903522,-0.004865709,-0.004558051,-0.004037392,-0.003293585,-0.002409948,-0.001357708,-0.0004518136,-0.0001264181,-0.0001128368,-0.0001152439,-0.0001398716,NaN,NaN,NaN,NaN,NaN,NaN,NaN,NaN,NaN,NaN,NaN,NaN,NaN,NaN,NaN,NaN,NaN,NaN,NaN,NaN,NaN,NaN,NaN,NaN,NaN,NaN,NaN,NaN,NaN,NaN,NaN,NaN,NaN,NaN,NaN,NaN,NaN,NaN,NaN,NaN,NaN,NaN,NaN,NaN,NaN,NaN,NaN,NaN,NaN,NaN,NaN,NaN,NaN,NaN,NaN,NaN,NaN,NaN,NaN
NaN,NaN,NaN,NaN,NaN,NaN,NaN,NaN,NaN,9.914837e-05,7.257752e-05,0.0001070494,0.0002190701,0.001346519,0.004328232,0.006878174,0.008215366,0.008523083,0.007995076,0.006854161,0.00530765,0.003514592,0.001662547,-0.000153057,-0.001803304,-0.003240853,-0.004387064,-0.005239384,-0.005758725,-0.005977418,-0.005888296,-0.005548194,-0.004960404,-0.004215949,-0.003307,-0.002333388,-0.001284036,-0.0004297846,-0.0001491744,-0.000146281,-0.000150473,-0.0001714544,NaN,NaN,NaN,NaN,NaN,NaN,NaN,NaN,NaN,NaN,NaN,NaN,NaN,NaN,NaN,NaN,NaN,NaN,NaN,NaN,NaN,NaN,NaN,NaN,NaN,NaN,NaN,NaN,NaN,NaN,NaN,NaN,NaN,NaN,NaN,NaN,NaN,NaN,NaN,NaN,NaN,NaN,NaN,NaN,NaN,NaN,NaN,NaN,NaN,NaN,NaN,NaN,NaN,NaN,NaN,NaN,NaN,NaN
NaN,NaN,NaN,NaN,NaN,NaN,NaN,NaN,NaN,8.602101e-05,0.0001252936,0.0002268557,0.001466096,0.004999283,0.008099891,0.009835652,0.01042097,0.01001893,0.008889161,0.007224652,0.005227771,0.003087664,0.0009309774,-0.001095626,-0.002921255,-0.004453938,-0.005672522,-0.006527094,-0.007038734,-0.007190897,-0.007036012,-0.006582189,-0.00591546,-0.005044151,-0.004089359,-0.003045523,-0.002051263,-0.001082619,-0.0003778508,-0.0001770296,-0.0001809396,-0.0001887112,NaN,NaN,NaN,NaN,NaN,NaN,NaN,NaN,NaN,NaN,NaN,NaN,NaN,NaN,NaN,NaN,NaN,NaN,NaN,NaN,NaN,NaN,NaN,NaN,NaN,NaN,NaN,NaN,NaN,NaN,NaN,NaN,NaN,NaN,NaN,NaN,NaN,NaN,NaN,NaN,NaN,NaN,NaN,NaN,NaN,NaN,NaN,NaN,NaN,NaN,NaN,NaN,NaN,NaN,NaN,NaN,NaN,NaN
NaN,NaN,NaN,NaN,NaN,NaN,NaN,NaN,9.930545e-05,0.0001432854,0.0002323949,0.001558508,0.005633212,0.009318727,0.01150926,0.01243003,0.01221075,0.01114074,0.009395539,0.007223336,0.004802771,0.002303206,-0.0001185875,-0.002363743,-0.0043278,-0.005964124,-0.00721316,-0.008075816,-0.008527992,-0.008609557,-0.008326622,-0.00775113,-0.006902969,-0.005896786,-0.004750192,-0.003606428,-0.002483846,-0.001530739,-0.0007431504,-0.0003025828,-0.0002074524,-0.000217719,-0.0002274454,NaN,NaN,NaN,NaN,NaN,NaN,NaN,NaN,NaN,NaN,NaN,NaN,NaN,NaN,NaN,NaN,NaN,NaN,NaN,NaN,NaN,NaN,NaN,NaN,NaN,NaN,NaN,NaN,NaN,NaN,NaN,NaN,NaN,NaN,NaN,NaN,NaN,NaN,NaN,NaN,NaN,NaN,NaN,NaN,NaN,NaN,NaN,NaN,NaN,NaN,NaN,NaN,NaN,NaN,NaN,NaN,NaN
NaN,NaN,NaN,NaN,NaN,NaN,NaN,0.0001110127,0.0001620096,0.0002361572,0.001626949,0.00622324,0.01050957,0.01320166,0.01452093,0.01454719,0.01359374,0.01181686,0.009505059,0.006824112,0.003991669,0.001162862,-0.001528172,-0.003964391,-0.006070549,-0.00777825,-0.009063469,-0.009894987,-0.01029273,-0.0102561,-0.009840188,-0.009069629,-0.008039665,-0.00678098,-0.005431722,-0.004027295,-0.002731308,-0.001583479,-0.0007504274,-0.0002619801,-0.0002024472,-0.0002433696,-0.0002518221,-0.0002649456,NaN,NaN,NaN,NaN,NaN,NaN,NaN,NaN,NaN,NaN,NaN,NaN,NaN,NaN,NaN,NaN,NaN,NaN,NaN,NaN,NaN,NaN,NaN,NaN,NaN,NaN,NaN,NaN,NaN,NaN,NaN,NaN,NaN,NaN,NaN,NaN,NaN,NaN,NaN,NaN,NaN,NaN,NaN,NaN,NaN,NaN,NaN,NaN,NaN,NaN,NaN,NaN,NaN,NaN,NaN,NaN
NaN,NaN,NaN,NaN,NaN,NaN,0.0001210369,0.0001783918,0.0002401357,0.001675669,0.006767084,0.01165299,0.0148785,0.01665563,0.01699488,0.01622619,0.01447671,0.01207418,0.009166321,0.00602321,0.002785658,-0.0003630031,-0.003303487,-0.0059256,-0.008155934,-0.009937298,-0.01123533,-0.01204086,-0.01235066,-0.01219622,-0.01160271,-0.01063785,-0.009342849,-0.007833579,-0.00615773,-0.004470476,-0.002834309,-0.00142495,-0.0003170256,0.0003040551,0.0003750126,-8.489693e-05,-0.0002769769,-0.0002823067,-0.0003030829,NaN,NaN,NaN,NaN,NaN,NaN,NaN,NaN,NaN,NaN,NaN,NaN,NaN,NaN,NaN,NaN,NaN,NaN,NaN,NaN,NaN,NaN,NaN,NaN,NaN,NaN,NaN,NaN,NaN,NaN,NaN,NaN,NaN,NaN,NaN,NaN,NaN,NaN,NaN,NaN,NaN,NaN,NaN,NaN,NaN,NaN,NaN,NaN,NaN,NaN,NaN,NaN,NaN,NaN,NaN
NaN,NaN,NaN,NaN,NaN,0.0001289839,0.0001921902,0.0002448332,0.001714305,0.007256271,0.01273297,0.01650836,0.01879243,0.01951166,0.01900343,0.01735324,0.01492223,0.01183783,0.008418703,0.004788515,0.00118583,-0.002278732,-0.005453045,-0.008259439,-0.0106047,-0.01245327,-0.01376248,-0.01452874,-0.01475327,-0.01446,-0.01368678,-0.01248259,-0.01092861,-0.009084209,-0.007078636,-0.004987265,-0.002972803,-0.001135578,0.0003425187,0.001335327,0.001656772,0.001172927,6.647388e-05,-0.0003130472,-0.0003119811,-0.0003350461,NaN,NaN,NaN,NaN,NaN,NaN,NaN,NaN,NaN,NaN,NaN,NaN,NaN,NaN,NaN,NaN,NaN,NaN,NaN,NaN,NaN,NaN,NaN,NaN,NaN,NaN,NaN,NaN,NaN,NaN,NaN,NaN,NaN,NaN,NaN,NaN,NaN,NaN,NaN,NaN,NaN,NaN,NaN,NaN,NaN,NaN,NaN,NaN,NaN,NaN,NaN,NaN,NaN,NaN
NaN,NaN,NaN,NaN,0.0001340721,0.0002020868,0.0002502241,0.001752955,0.00769719,0.01372266,0.0180587,0.02088829,0.02204949,0.02187942,0.02041009,0.01802782,0.0148338,0.01119047,0.007203402,0.003166555,-0.0008260251,-0.004570353,-0.007991035,-0.01095668,-0.01343122,-0.01533471,-0.01666429,-0.0173867,-0.01752612,-0.01708959,-0.01612782,-0.01468517,-0.01282977,-0.01065607,-0.008245134,-0.005735059,-0.003233722,-0.0009094154,0.001095029,0.002590471,0.003397647,0.003323331,0.002151005,0.0002427813,-0.0003449812,-0.0003242604,-0.0003673301,NaN,NaN,NaN,NaN,NaN,NaN,NaN,NaN,NaN,NaN,NaN,NaN,NaN,NaN,NaN,NaN,NaN,NaN,NaN,NaN,NaN,NaN,NaN,NaN,NaN,NaN,NaN,NaN,NaN,NaN,NaN,NaN,NaN,NaN,NaN,NaN,NaN,NaN,NaN,NaN,NaN,NaN,NaN,NaN,NaN,NaN,NaN,NaN,NaN,NaN,NaN,NaN,NaN
NaN,NaN,NaN,0.0001369418,0.0002081058,0.0002559356,0.001800816,0.008089879,0.01461241,0.0194902,0.02289643,0.02455353,0.0247996,0.02359596,0.02135376,0.01813146,0.01433668,0.01004755,0.005616884,0.001112447,-0.003196785,-0.007255241,-0.01087937,-0.01404107,-0.01661333,-0.01860403,-0.01993432,-0.02063942,-0.02068268,-0.02012406,-0.01896286,-0.01728349,-0.01512872,-0.0125962,-0.009777679,-0.006794001,-0.003774095,-0.0008772432,0.001739528,0.003869927,0.005338022,0.005880596,0.00531738,0.003345865,0.0004665162,-0.0003722594,-0.0003371323,-0.0003927964,NaN,NaN,NaN,NaN,NaN,NaN,NaN,NaN,NaN,NaN,NaN,NaN,NaN,NaN,NaN,NaN,NaN,NaN,NaN,NaN,NaN,NaN,NaN,NaN,NaN,NaN,NaN,NaN,NaN,NaN,NaN,NaN,NaN,NaN,NaN,NaN,NaN,NaN,NaN,NaN,NaN,NaN,NaN,NaN,NaN,NaN,NaN,NaN,NaN,NaN,NaN,NaN
NaN,NaN,0.0001378491,0.0002128385,0.000261571,0.001862453,0.008438779,0.01538662,0.02077621,0.02476441,0.02696439,0.02769695,0.02684898,0.02484257,0.02169052,0.01783257,0.01332064,0.008555075,0.003582935,-0.001268174,-0.005963508,-0.01026391,-0.01414968,-0.0174506,-0.02018092,-0.02221814,-0.02360542,-0.02426355,-0.02426034,-0.02355399,-0.02223834,-0.02030643,-0.01787165,-0.01497425,-0.01174621,-0.008268946,-0.004711419,-0.001184903,0.002089499,0.004977664,0.007193362,0.008589823,0.008795823,0.007695274,0.00473565,0.0007515472,-0.0003836783,-0.0003379262,-0.0004099018,NaN,NaN,NaN,NaN,NaN,NaN,NaN,NaN,NaN,NaN,NaN,NaN,NaN,NaN,NaN,NaN,NaN,NaN,NaN,NaN,NaN,NaN,NaN,NaN,NaN,NaN,NaN,NaN,NaN,NaN,NaN,NaN,NaN,NaN,NaN,NaN,NaN,NaN,NaN,NaN,NaN,NaN,NaN,NaN,NaN,NaN,NaN,NaN,NaN,NaN,NaN
NaN,0.0001359807,0.0002125706,0.0002735289,0.00194351,0.008741193,0.01603871,0.02188613,0.02644851,0.02921546,0.03049901,0.03008944,0.02842278,0.02544525,0.02163299,0.01699334,0.01197937,0.006604928,0.001262718,-0.004045781,-0.009010131,-0.01363876,-0.01770208,-0.02123163,-0.02404962,-0.0262195,-0.02760724,-0.02830136,-0.02820597,-0.0274339,-0.02592131,-0.02380692,-0.02106594,-0.01785448,-0.01419115,-0.01026256,-0.006119051,-0.001997397,0.002028495,0.005655859,0.008794041,0.01105368,0.01234319,0.01215083,0.01040323,0.006395062,0.001156115,-0.0003754646,-0.0003235164,-0.0004182925,NaN,NaN,NaN,NaN,NaN,NaN,NaN,NaN,NaN,NaN,NaN,NaN,NaN,NaN,NaN,NaN,NaN,NaN,NaN,NaN,NaN,NaN,NaN,NaN,NaN,NaN,NaN,NaN,NaN,NaN,NaN,NaN,NaN,NaN,NaN,NaN,NaN,NaN,NaN,NaN,NaN,NaN,NaN,NaN,NaN,NaN,NaN,NaN,NaN,NaN
0.0001391606,0.0002114155,0.0002961326,0.002072785,0.008979049,0.01655753,0.02279759,0.02790273,0.0312443,0.03312329,0.03322892,0.0320007,0.02931135,0.02566199,0.02101104,0.01585391,0.0101715,0.004411538,-0.001453182,-0.007046787,-0.01240692,-0.01724127,-0.02159906,-0.02525117,-0.02827721,-0.03049053,-0.03199764,-0.03265025,-0.03257945,-0.03166936,-0.03007878,-0.02772117,-0.02477847,-0.0212042,-0.017205,-0.0127668,-0.008141989,-0.003336974,0.001330715,0.00584126,0.009791574,0.01315778,0.01542076,0.01656928,0.01590696,0.01351077,0.008343147,0.001730943,-0.0003237658,-0.0002996202,-0.0004088019,NaN,NaN,NaN,NaN,NaN,NaN,NaN,NaN,NaN,NaN,NaN,NaN,NaN,NaN,NaN,NaN,NaN,NaN,NaN,NaN,NaN,NaN,NaN,NaN,NaN,NaN,NaN,NaN,NaN,NaN,NaN,NaN,NaN,NaN,NaN,NaN,NaN,NaN,NaN,NaN,NaN,NaN,NaN,NaN,NaN,NaN,NaN,NaN,NaN
0.0001920805,0.00034271,0.002289925,0.009177648,0.01690776,0.02348098,0.02908062,0.03298748,0.03548419,0.03616831,0.03546728,0.03317998,0.02981693,0.02528512,0.02010952,0.01423716,0.008160057,0.00182559,-0.00433387,-0.01038271,-0.01596502,-0.02115293,-0.02566396,-0.02959128,-0.03269735,-0.03510625,-0.03661783,-0.0373824,-0.03723144,-0.03634259,-0.0345723,-0.03212879,-0.02889873,-0.02511471,-0.02069533,-0.01591272,-0.0107033,-0.00540117,4.990218e-05,0.005233071,0.01020608,0.01444084,0.0180106,0.02023029,0.02121866,0.02006255,0.01699768,0.01060312,0.002614329,-0.0001939525,-0.0002832719,-0.0003669312,NaN,NaN,NaN,NaN,NaN,NaN,NaN,NaN,NaN,NaN,NaN,NaN,NaN,NaN,NaN,NaN,NaN,NaN,NaN,NaN,NaN,NaN,NaN,NaN,NaN,NaN,NaN,NaN,NaN,NaN,NaN,NaN,NaN,NaN,NaN,NaN,NaN,NaN,NaN,NaN,NaN,NaN,NaN,NaN,NaN,NaN,NaN,0.0001415049
0.0004393379,0.002704832,0.009342046,0.0170994,0.02389654,0.02993293,0.03437594,0.03749421,0.0388005,0.03869907,0.03692189,0.03396549,0.02969464,0.02463602,0.01871668,0.01244407,0.00576025,-0.0008764107,-0.007531436,-0.01381325,-0.01979537,-0.02516204,-0.02999663,-0.03403882,-0.03740178,-0.03986068,-0.04155705,-0.04229742,-0.04225148,-0.04125053,-0.03949744,-0.03684375,-0.03352262,-0.02941374,-0.02478444,-0.01953142,-0.01397876,-0.008025037,-0.002073234,0.003987044,0.009648489,0.01504336,0.01952164,0.02325831,0.02540243,0.02621607,0.02454023,0.02080446,0.01323387,0.004051359,6.675407e-05,-0.0003130062,-0.0002721983,NaN,NaN,NaN,NaN,NaN,NaN,NaN,NaN,NaN,NaN,NaN,NaN,NaN,NaN,NaN,NaN,NaN,NaN,NaN,NaN,NaN,NaN,NaN,NaN,NaN,NaN,NaN,NaN,NaN,NaN,NaN,NaN,NaN,NaN,NaN,NaN,NaN,NaN,NaN,NaN,NaN,NaN,NaN,NaN,NaN,0.0001533424,0.000110265
0.00340114,0.009568118,0.01707203,0.02405933,0.03038819,0.03536154,0.03904488,0.04102846,0.04154932,0.04040134,0.03793984,0.03409354,0.02927501,0.02348611,0.01714362,0.01027441,0.003263595,-0.0038657,-0.01078044,-0.01746935,-0.02366587,-0.02936643,-0.0343678,-0.03868857,-0.04216171,-0.04483904,-0.04658317,-0.04747629,-0.04740477,-0.04648384,-0.04461639,-0.04195501,-0.03842241,-0.03420372,-0.02924037,-0.0237661,-0.01772371,-0.01141846,-0.004780833,0.001790295,0.008389048,0.01449228,0.02023535,0.02492479,0.02876443,0.03082058,0.03140539,0.02923152,0.02483299,0.01638587,0.006370747,0.0005104904,-0.0004020699,-0.0001163247,NaN,NaN,NaN,NaN,NaN,NaN,NaN,NaN,NaN,NaN,NaN,NaN,NaN,NaN,NaN,NaN,NaN,NaN,NaN,NaN,NaN,NaN,NaN,NaN,NaN,NaN,NaN,NaN,NaN,NaN,NaN,NaN,NaN,NaN,NaN,NaN,NaN,NaN,NaN,NaN,NaN,NaN,NaN,0.0001611772,9.060751e-05,0.0005150064
0.01024183,0.01696192,0.02396336,0.03045028,0.03587883,0.04007152,0.04272716,0.04389579,0.04344515,0.04157658,0.03828282,0.03385193,0.0283537,0.0221066,0.01521417,0.007983521,0.0005209981,-0.006903295,-0.01419483,-0.02113743,-0.02764634,-0.03356916,-0.03883273,-0.04333063,-0.04702119,-0.0498267,-0.05173604,-0.05269761,-0.05273103,-0.05180512,-0.04997529,-0.04722639,-0.04364621,-0.03924239,-0.03413863,-0.02835316,-0.02206574,-0.01528942,-0.008279048,-0.001031477,0.006102066,0.01315264,0.01964121,0.02564122,0.03049984,0.03435205,0.03630961,0.03658985,0.03402686,0.02902644,0.02036226,0.009784609,0.001160991,-0.000459149,8.383356e-05,NaN,NaN,NaN,NaN,NaN,NaN,NaN,NaN,NaN,NaN,NaN,NaN,NaN,NaN,NaN,NaN,NaN,NaN,NaN,NaN,NaN,NaN,NaN,NaN,NaN,NaN,NaN,NaN,NaN,NaN,NaN,NaN,NaN,NaN,NaN,NaN,NaN,NaN,NaN,NaN,NaN,0.0001694455,6.090201e-05,0.0006060335,0.004125419
0.01721174,0.02387838,0.03021365,0.03594136,0.04053071,0.04381261,0.04560995,0.0458987,0.04468532,0.04206093,0.03814298,0.03310337,0.02711146,0.02038436,0.01309783,0.005483697,-0.002306942,-0.01004634,-0.0176276,-0.02483103,-0.03160963,-0.03774676,-0.04325457,-0.04793385,-0.05183253,-0.05477908,-0.05685379,-0.0579095,-0.05805517,-0.05716963,-0.05538536,-0.0526094,-0.04900236,-0.04449216,-0.0392677,-0.03328987,-0.02676073,-0.01969012,-0.01228348,-0.004612254,0.003121018,0.01076673,0.01813049,0.02496023,0.03107153,0.03607945,0.03980014,0.04170728,0.04159804,0.03895193,0.0335229,0.02547224,0.0140288,0.002143937,-0.000332668,0.0002203614,-0.0002414257,NaN,NaN,NaN,NaN,NaN,NaN,NaN,NaN,NaN,NaN,NaN,NaN,NaN,NaN,NaN,NaN,NaN,NaN,NaN,NaN,NaN,NaN,NaN,NaN,NaN,NaN,NaN,NaN,NaN,NaN,NaN,NaN,NaN,NaN,NaN,NaN,NaN,1.727582e-05,0.0001706291,5.811468e-05,0.0007634988,0.004814546,0.01080748
0.02388215,0.02990723,0.03567455,0.04047481,0.04424489,0.04662005,0.04761194,0.0471058,0.04520048,0.04193021,0.03746409,0.03191868,0.0255094,0.01838354,0.0107784,0.002834402,-0.005207952,-0.01323997,-0.02102631,-0.02850881,-0.03545284,-0.04186354,-0.04750806,-0.05244133,-0.05645055,-0.059628,-0.06177839,-0.0630323,-0.06321016,-0.06247872,-0.0606761,-0.05800429,-0.05431153,-0.04984479,-0.04446095,-0.03844435,-0.03167215,-0.02445652,-0.0167023,-0.00874726,-0.0005284545,0.007589367,0.01563002,0.02319351,0.03025683,0.03636334,0.04145244,0.04495999,0.04688517,0.04645963,0.04415369,0.03860141,0.03139828,0.01836386,0.004112183,0.0001464471,3.114132e-05,0.000103929,NaN,NaN,NaN,NaN,NaN,NaN,NaN,NaN,NaN,NaN,NaN,NaN,NaN,NaN,NaN,NaN,NaN,NaN,NaN,NaN,NaN,NaN,NaN,NaN,NaN,NaN,NaN,NaN,NaN,NaN,NaN,NaN,NaN,NaN,NaN,5.120515e-05,0.0001065747,0.0001204112,0.001093981,0.005481493,0.01146867,0.01737673
0.0295846,0.03520798,0.04005016,0.04406304,0.04692703,0.04848808,0.04871379,0.04749807,0.04499707,0.04116014,0.03625683,0.03028007,0.02355584,0.01610335,0.008262266,6.154696e-05,-0.008175589,-0.01642117,-0.02438996,-0.03205492,-0.03918765,-0.04575576,-0.05159082,-0.05666809,-0.06086097,-0.06416047,-0.06648298,-0.06782978,-0.06816041,-0.06748547,-0.06580602,-0.06314032,-0.0595391,-0.05501672,-0.04967705,-0.04353658,-0.03674267,-0.02932026,-0.02145746,-0.01318748,-0.004741865,0.00383973,0.01227369,0.02051679,0.02821322,0.0353289,0.04139196,0.04644002,0.04979929,0.0517998,0.05133604,0.04954932,0.044028,0.03683237,0.02251828,0.008263552,0.001083935,-0.0003193892,0.0005776435,NaN,NaN,NaN,NaN,NaN,NaN,NaN,NaN,NaN,NaN,NaN,NaN,NaN,NaN,NaN,NaN,NaN,NaN,NaN,NaN,NaN,NaN,NaN,NaN,NaN,NaN,NaN,NaN,NaN,NaN,NaN,NaN,NaN,0.0001212311,5.223441e-06,0.0002512088,0.001843531,0.006113886,0.01203601,0.01765507,0.02381444
0.03456292,0.0393367,0.04339094,0.04657078,0.04854376,0.04941456,0.04884082,0.04712572,0.0439733,0.03981851,0.03440984,0.02825901,0.02114637,0.01361653,0.005466016,-0.002759618,-0.01126065,-0.01951347,-0.02772142,-0.03540174,-0.04275675,-0.04935839,-0.05541065,-0.06052857,-0.06493647,-0.06828295,-0.07081038,-0.07220323,-0.07272072,-0.07208191,-0.07056438,-0.06792126,-0.06444088,-0.05991945,-0.05465413,-0.04847591,-0.04170101,-0.03418541,-0.02626874,-0.01782868,-0.009228665,-0.0003673535,0.00836706,0.01705012,0.02527073,0.0330632,0.04001543,0.04607973,0.05093491,0.05435019,0.05635324,0.05615489,0.05438095,0.04889108,0.04065874,0.02809427,0.0146015,0.002796155,-9.697166e-05,0.0005154621,0.0002529087,NaN,NaN,NaN,NaN,NaN,NaN,NaN,NaN,NaN,NaN,NaN,NaN,NaN,NaN,NaN,NaN,NaN,NaN,NaN,NaN,NaN,NaN,NaN,NaN,NaN,NaN,NaN,NaN,NaN,-4.052975e-06,0.0001176578,-1.355706e-05,0.0005033694,0.003048172,0.007138363,0.01242057,0.01793845,0.02371556,0.02922073
0.03832834,0.04238272,0.04558106,0.04790619,0.04914975,0.04923564,0.04812576,0.0457818,0.04229321,0.03767391,0.03209705,0.02561904,0.01845839,0.01069776,0.002570775,-0.005829743,-0.01427679,-0.02267976,-0.03083491,-0.03865729,-0.04598194,-0.05272844,-0.05877144,-0.06405246,-0.06846687,-0.07198964,-0.07453656,-0.07611473,-0.07665813,-0.07620884,-0.07471391,-0.07225246,-0.06878866,-0.06443238,-0.05916171,-0.05312822,-0.04630823,-0.03890668,-0.0308865,-0.02251254,-0.01372471,-0.004854538,0.004190526,0.01300371,0.02171737,0.02984453,0.03755575,0.04430674,0.05027924,0.05496539,0.05841805,0.06034115,0.06026947,0.05796151,0.05280147,0.04424205,0.03552604,0.02072833,0.006854954,0.0009621943,-0.0001413783,0.0008416515,0.0001861973,NaN,NaN,NaN,NaN,NaN,NaN,NaN,NaN,NaN,NaN,NaN,NaN,NaN,NaN,NaN,NaN,NaN,NaN,NaN,NaN,NaN,NaN,NaN,NaN,NaN,-4.404999e-05,0.0001105792,-3.148974e-05,0.0001097299,0.001216194,0.00434604,0.008716236,0.01307986,0.01822261,0.02358741,0.02874702,0.03382159
0.04105207,0.04409705,0.04661804,0.04804972,0.04864825,0.04802486,0.04642049,0.04357904,0.0397762,0.03485226,0.02912301,0.02248872,0.01529741,0.007477609,-0.0006036885,-0.0090138,-0.01737894,-0.02578052,-0.03384536,-0.04168538,-0.04892685,-0.05572432,-0.06171008,-0.06706914,-0.07146057,-0.07509126,-0.07764655,-0.07935718,-0.07993616,-0.07963558,-0.07819904,-0.07589827,-0.07250207,-0.06830835,-0.06311136,-0.0572236,-0.0504769,-0.0431862,-0.03522612,-0.02690664,-0.01814731,-0.009245753,-0.0001687554,0.008804224,0.0176593,0.0261361,0.03418788,0.04155466,0.04821052,0.05381923,0.05850814,0.06161119,0.06352118,0.06308658,0.06069883,0.05623078,0.0488995,0.04061498,0.02689179,0.01373462,0.003595861,0.0002448,0.0002970854,0.0007612667,0.00039261,NaN,NaN,NaN,NaN,NaN,NaN,NaN,NaN,NaN,NaN,NaN,NaN,NaN,NaN,NaN,NaN,NaN,NaN,NaN,NaN,NaN,-2.111185e-05,5.798253e-05,2.324534e-05,-6.211774e-05,0.0005672936,0.002650903,0.005926861,0.01014877,0.01427024,0.0187815,0.02357619,0.02822623,0.03298853,0.03710916
0.04234558,0.04467759,0.04634624,0.04705954,0.04699268,0.04577727,0.04372545,0.04047558,0.03643962,0.03129026,0.02550616,0.01879758,0.01167831,0.003889946,-0.0040451,-0.01236356,-0.0205549,-0.02884231,-0.03674427,-0.04447202,-0.05158992,-0.05829614,-0.06420355,-0.06951422,-0.07387447,-0.07749993,-0.08007332,-0.08182175,-0.08246492,-0.08224245,-0.08090851,-0.07871499,-0.0754571,-0.07139107,-0.06635186,-0.06060708,-0.05401978,-0.04687562,-0.03905858,-0.03087199,-0.02221674,-0.0134112,-0.004369649,0.004579527,0.01350839,0.02209183,0.03037447,0.0380744,0.04515795,0.05147881,0.05676456,0.06117768,0.06394057,0.06554905,0.06507201,0.06280224,0.0590512,0.05237426,0.0433524,0.03444551,0.02053451,0.009286612,0.002385175,0.0001660722,0.0004095888,0.000766338,0.0005445405,NaN,NaN,NaN,NaN,NaN,NaN,NaN,NaN,NaN,NaN,NaN,NaN,NaN,NaN,NaN,NaN,NaN,5.663736e-06,7.750214e-05,-1.848316e-06,-0.0001260052,0.0003418944,0.001858496,0.004490864,0.008143751,0.01161281,0.01545568,0.01968322,0.02369582,0.0279368,0.03201368,0.03587119,0.03935445
0.042457,0.04392472,0.04486831,0.04490684,0.04420466,0.04253108,0.04001646,0.0365354,0.03223079,0.02705544,0.02117859,0.01460449,0.007528266,-1.851835e-05,-0.007822378,-0.01584432,-0.02386138,-0.03184303,-0.03956261,-0.04701377,-0.05396554,-0.06044722,-0.0662317,-0.0713729,-0.07566793,-0.07918929,-0.08175781,-0.08346783,-0.0841656,-0.08396572,-0.08274268,-0.0806307,-0.07752674,-0.07359097,-0.06874362,-0.0631595,-0.05679231,-0.04982118,-0.0422362,-0.03421463,-0.02578255,-0.01710916,-0.00825434,0.0006258589,0.009443913,0.0180566,0.02636804,0.03422607,0.04157598,0.04817969,0.05413761,0.05893406,0.06295206,0.06537332,0.0666063,0.0663599,0.06400108,0.06047019,0.0546152,0.04667621,0.03820276,0.02818717,0.01595311,0.007524513,0.002191668,0.0003850018,0.0002525522,0.0006674349,0.0006202419,0.0004622629,NaN,NaN,NaN,NaN,NaN,NaN,NaN,NaN,NaN,NaN,NaN,2.153858e-05,8.625763e-05,7.717297e-05,-0.000135176,-0.0001351252,0.0003688667,0.001749817,0.003947102,0.007010553,0.01024728,0.01334414,0.01692402,0.02048432,0.0240851,0.02767289,0.03123716,0.03447129,0.0376435,0.04018655
0.04120118,0.04200542,0.04220017,0.04163197,0.04039577,0.03826743,0.03544619,0.03170422,0.02731394,0.02207049,0.0162965,0.009817828,0.002984847,-0.004347702,-0.01182102,-0.01955825,-0.02720805,-0.03487813,-0.04223895,-0.04938465,-0.0560224,-0.06223362,-0.06776338,-0.07269896,-0.07680947,-0.08019754,-0.08266042,-0.08431521,-0.08498767,-0.08481146,-0.08363879,-0.08162025,-0.07864019,-0.07485946,-0.0701923,-0.06481803,-0.05866846,-0.05194753,-0.04459774,-0.03684715,-0.0286441,-0.02023841,-0.01157914,-0.002932512,0.005753981,0.01420995,0.02247952,0.03032116,0.03772878,0.04456293,0.05064639,0.05608428,0.06037593,0.06386427,0.06602837,0.06682228,0.06663592,0.06432222,0.06073298,0.05597662,0.04894589,0.04068378,0.03266875,0.0237174,0.01310121,0.007118991,0.002818626,0.0008331298,0.0003706263,0.0003192747,0.0005038904,0.0004372188,0.0003854443,0.0002853923,0.0002457509,0.0001771281,0.0001678537,0.0001361393,0.0001489706,0.0001035533,2.840158e-05,-0.0001964347,-0.0001836074,7.027743e-05,0.000756202,0.002296049,0.004002958,0.006839556,0.009679384,0.01223859,0.01525673,0.01835339,0.02141095,0.0244124,0.02755441,0.0304004,0.03320797,0.03575561,0.03797748,0.03984229
0.03883391,0.03889963,0.03846591,0.03736821,0.03562056,0.0331814,0.0300284,0.0261989,0.02167434,0.01654888,0.01082363,0.004630247,-0.002006625,-0.008935509,-0.01611164,-0.02337861,-0.0306775,-0.03785981,-0.04485681,-0.05154158,-0.05783536,-0.06364267,-0.06888401,-0.07348461,-0.07738403,-0.08052411,-0.08286314,-0.08436333,-0.0850037,-0.0847659,-0.08365297,-0.08166625,-0.07882699,-0.07516138,-0.07071084,-0.06551606,-0.05964758,-0.05315097,-0.04612805,-0.03862417,-0.03077081,-0.02260813,-0.01429388,-0.005858582,0.002521162,0.01082319,0.01887134,0.0266308,0.03397066,0.04077838,0.04706952,0.05251378,0.05737917,0.06113799,0.06403552,0.06595772,0.06630923,0.06593327,0.06392536,0.0603017,0.05589624,0.05015834,0.04280313,0.0349874,0.02727909,0.02066071,0.01238309,0.00622968,0.003965453,0.001794711,0.0007186186,0.0003853036,0.0003233474,0.0002780606,0.0002543742,0.0001644114,9.027223e-05,1.516302e-05,3.194987e-05,8.527523e-05,0.0002838901,0.0008555092,0.002069958,0.002904311,0.004719191,0.007526446,0.009615971,0.01179867,0.0143671,0.01703159,0.01965487,0.02216476,0.02478271,0.02728778,0.02961896,0.03186284,0.03390659,0.03562037,0.03714386,0.03814974
0.03533187,0.03485271,0.03381963,0.03225278,0.03011626,0.02736094,0.02403441,0.02007558,0.01558749,0.01052105,0.005017004,-0.0009517477,-0.007222971,-0.01380055,-0.02051443,-0.02734915,-0.03413851,-0.04085244,-0.04734016,-0.05355817,-0.0593837,-0.06476193,-0.06959745,-0.07384297,-0.07741809,-0.08029148,-0.08240296,-0.08373678,-0.08425335,-0.08395515,-0.08282183,-0.08087466,-0.07811802,-0.07458604,-0.0703048,-0.06533041,-0.05969909,-0.05349363,-0.04675494,-0.03959146,-0.03204453,-0.02424575,-0.01623279,-0.008154598,-4.385968e-05,0.007945005,0.01577449,0.02331459,0.03048678,0.03724999,0.04339009,0.04907447,0.05385691,0.05808,0.06133453,0.06359012,0.06518696,0.06528192,0.06447505,0.06278574,0.05941585,0.05502566,0.05008271,0.0439628,0.03698797,0.03004732,0.02309986,0.01705315,0.01249383,0.007709851,0.003951245,0.002351288,0.001539955,0.00105388,0.0007021358,0.0006562759,0.0007934464,0.001110758,0.001357629,0.001646584,0.002287885,0.004146565,0.006545987,0.008109979,0.009617336,0.01169824,0.013937,0.01621576,0.0184602,0.02060121,0.02275803,0.02492505,0.02687967,0.0287171,0.03047602,0.0319722,0.03325923,0.03433765,0.03500771,0.03542444
0.03106606,0.02998875,0.0285046,0.02653793,0.02406423,0.02110706,0.01760793,0.01364762,0.009167818,0.004287647,-0.001035762,-0.006659623,-0.01260547,-0.0187195,-0.02500259,-0.03130055,-0.03759724,-0.04374766,-0.04972147,-0.05539406,-0.06072062,-0.06560455,-0.06999655,-0.07381708,-0.07703068,-0.07957254,-0.08142043,-0.08252819,-0.08288895,-0.08247487,-0.0812976,-0.07934855,-0.07665255,-0.07322462,-0.06910527,-0.06432361,-0.05894386,-0.05300107,-0.04658435,-0.03973109,-0.0325528,-0.02508575,-0.01746005,-0.009708287,-0.001971221,0.005719212,0.01323037,0.02051058,0.0274763,0.03400119,0.04013906,0.04558269,0.05060279,0.05475538,0.05827072,0.06107166,0.0627175,0.06385425,0.06387119,0.06267196,0.06092576,0.05812182,0.05399133,0.04925108,0.04412165,0.03837716,0.03206266,0.02604084,0.02072928,0.0157548,0.01139472,0.008197555,0.006058107,0.004486117,0.003505436,0.003195825,0.003533422,0.004185495,0.004828211,0.005364454,0.006251073,0.00781439,0.009840122,0.01177562,0.01364132,0.01562254,0.01756243,0.0193915,0.02123282,0.02307294,0.02476317,0.02625049,0.02769326,0.02896986,0.0299958,0.03088103,0.0315283,0.03185532,0.03197777,0.03166459
0.02615678,0.02467896,0.0227844,0.02048752,0.0177864,0.01463305,0.01108946,0.007094549,0.002749255,-0.002000022,-0.007027797,-0.01237028,-0.01788944,-0.02360134,-0.02936481,-0.0351776,-0.04090374,-0.04652561,-0.05192126,-0.05705816,-0.06183827,-0.06621682,-0.07011743,-0.0735011,-0.07630207,-0.07849397,-0.08002736,-0.08088838,-0.08104444,-0.08049686,-0.07922887,-0.07725725,-0.07458664,-0.07124472,-0.06725377,-0.06266081,-0.057496,-0.05182958,-0.04569526,-0.03918507,-0.03233332,-0.02525083,-0.01796998,-0.01061478,-0.003215806,0.004101178,0.01129722,0.01827193,0.02494626,0.03130152,0.03714256,0.04262937,0.04738835,0.05170847,0.05528585,0.05807808,0.06040798,0.06161646,0.06216783,0.06212059,0.06085329,0.05881989,0.05632352,0.05289311,0.04857499,0.04383805,0.03895197,0.03391162,0.02885868,0.02395397,0.01947739,0.01580278,0.01289852,0.01071055,0.009163372,0.008327245,0.008128845,0.008420556,0.008939907,0.009621261,0.01053902,0.0119052,0.01359381,0.01531153,0.01692204,0.0184898,0.02008756,0.02167423,0.02310615,0.02435326,0.02550033,0.02657154,0.02739424,0.02803837,0.02855297,0.02880149,0.02881929,0.02864021,0.0280934,0.02733221
0.02106016,0.01917097,0.01697559,0.01443842,0.011532,0.008300303,0.004686202,0.0007749029,-0.003492215,-0.008004816,-0.01280968,-0.01778284,-0.02295325,-0.0281924,-0.03351082,-0.03878265,-0.04400225,-0.04905328,-0.05391546,-0.05849075,-0.06274392,-0.0666002,-0.07001975,-0.07293998,-0.07533246,-0.07714597,-0.07836206,-0.07894462,-0.07888762,-0.07816985,-0.07680038,-0.074774,-0.07211012,-0.06882355,-0.06494718,-0.06050619,-0.05555423,-0.05012081,-0.04428044,-0.03806459,-0.03156621,-0.02481621,-0.01792208,-0.01091333,-0.003904324,0.003072823,0.009914136,0.01656607,0.02297111,0.02900818,0.03474011,0.03989746,0.04471718,0.048841,0.05244681,0.0555113,0.05766238,0.05944015,0.06039917,0.06043968,0.06010975,0.05903082,0.05697338,0.05443105,0.05151327,0.04800459,0.04393348,0.03965856,0.035394,0.03121886,0.02725464,0.02363136,0.02055641,0.01803527,0.01612738,0.01482884,0.01414323,0.01394023,0.01410319,0.01450597,0.01516982,0.01605885,0.01716057,0.01839826,0.01969308,0.02095632,0.02209639,0.02308348,0.02399739,0.0248347,0.02549709,0.02592845,0.02626085,0.02641566,0.02631828,0.026062,0.02558951,0.02482337,0.02388383,0.02258415
0.01599212,0.01384476,0.0113985,0.008659194,0.005649183,0.00232142,-0.001253754,-0.005134724,-0.009224623,-0.01357632,-0.01807833,-0.02276926,-0.02753203,-0.03238822,-0.03722177,-0.04203773,-0.04672695,-0.05127994,-0.05560089,-0.05966574,-0.06339943,-0.06676623,-0.06970823,-0.07219464,-0.07417492,-0.07562832,-0.07651713,-0.07683063,-0.07654461,-0.07566077,-0.07416756,-0.07207876,-0.06940074,-0.06615634,-0.0623658,-0.05806834,-0.05328976,-0.04808902,-0.04249431,-0.03658244,-0.03038239,-0.02398571,-0.0174206,-0.01078817,-0.004117147,0.00249249,0.009001401,0.01533488,0.02141545,0.02724155,0.03263624,0.03774706,0.04225924,0.04640977,0.0499717,0.05288715,0.05545362,0.05714185,0.0583137,0.05906375,0.05889736,0.05816362,0.05711783,0.05539818,0.05299976,0.05024876,0.04730126,0.04407339,0.04061152,0.03708372,0.03365071,0.0304885,0.02763274,0.02518764,0.02316951,0.02162612,0.02053008,0.01986799,0.01955514,0.01955227,0.01978303,0.0202508,0.02087781,0.02157107,0.02224612,0.02288468,0.02350234,0.02408027,0.02450686,0.02474906,0.02486468,0.02488922,0.02468504,0.02429892,0.02378295,0.02303346,0.02207073,0.02094552,0.01951299,0.0179129
0.01134928,0.008940623,0.006309854,0.003448865,0.0003280858,-0.002997541,-0.006581535,-0.01033952,-0.0143262,-0.01844139,-0.02273008,-0.02708538,-0.03153723,-0.03597886,-0.04042448,-0.04477219,-0.04902176,-0.05308127,-0.05693689,-0.06051331,-0.06378291,-0.0666898,-0.06920257,-0.07127406,-0.07288254,-0.07398975,-0.07458169,-0.07463211,-0.07413709,-0.07308231,-0.07147609,-0.06931719,-0.0666218,-0.06340495,-0.05969437,-0.05551245,-0.05090449,-0.04589574,-0.04054861,-0.03488975,-0.02899634,-0.02289494,-0.01667354,-0.01035877,-0.004042428,0.0022443,0.008421377,0.01443614,0.02025135,0.02575444,0.03101123,0.03578775,0.0402867,0.04421967,0.04771747,0.0507916,0.053119,0.05514947,0.05655196,0.05722206,0.05762203,0.05747591,0.05659051,0.05534758,0.05384493,0.05190141,0.04950935,0.04689462,0.0441924,0.04144021,0.03869836,0.03601345,0.03352731,0.03127958,0.02934546,0.02773465,0.0264749,0.02552535,0.02486824,0.02443919,0.02422413,0.02414872,0.02419244,0.02432716,0.02452177,0.02470525,0.02479787,0.02475992,0.02464906,0.0244645,0.02413305,0.02359807,0.02296536,0.02218199,0.02118152,0.020039,0.01872301,0.0171611,0.01546722,0.01349131
0.007261426,0.004696375,0.001925956,-0.001051149,-0.004199131,-0.007562385,-0.01106911,-0.01477239,-0.01858252,-0.02254773,-0.02657027,-0.03068635,-0.03479718,-0.03892448,-0.04297322,-0.04695096,-0.05077046,-0.05442639,-0.05784424,-0.06100553,-0.06385387,-0.06636079,-0.06848338,-0.07019804,-0.07146709,-0.07227504,-0.07259472,-0.07241869,-0.07173058,-0.07053307,-0.06881997,-0.06660356,-0.06389245,-0.06070608,-0.05706363,-0.05299869,-0.04853404,-0.04371951,-0.03857949,-0.03317811,-0.02754039,-0.02174183,-0.01580742,-0.009819055,-0.003803652,0.002160135,0.008033989,0.01376356,0.01927563,0.02458008,0.02951945,0.03422585,0.03843671,0.04234269,0.04577583,0.04866643,0.0512816,0.05319037,0.05467027,0.05583238,0.05627325,0.05626288,0.05602852,0.0552925,0.05403481,0.05250811,0.05082875,0.04891903,0.04678715,0.04454046,0.04227009,0.04008072,0.03797825,0.03603544,0.03426682,0.03271418,0.03136951,0.03025118,0.02932972,0.02860235,0.02801818,0.02757533,0.02721816,0.0268924,0.02654457,0.0261669,0.02577009,0.025345,0.02480278,0.02411226,0.02331269,0.02244005,0.02138337,0.02017212,0.01885501,0.01735199,0.01567246,0.01387189,0.01182869,0.009664148
0.003912788,0.001192209,-0.001684654,-0.004709365,-0.007911511,-0.01123277,-0.01472131,-0.01829767,-0.02201045,-0.02577038,-0.02961764,-0.03346069,-0.03732705,-0.04112779,-0.04487707,-0.04849235,-0.05197527,-0.05525319,-0.05831582,-0.06110553,-0.0636001,-0.06575824,-0.06755505,-0.06895563,-0.06994358,-0.07049114,-0.07058834,-0.07021704,-0.06937554,-0.06805523,-0.06626448,-0.0640056,-0.06129302,-0.05814194,-0.05457652,-0.05061739,-0.04630335,-0.04165674,-0.03673025,-0.03154721,-0.02617173,-0.0206274,-0.0149862,-0.009272567,-0.003559924,0.002121832,0.007711583,0.01315914,0.0184419,0.02345772,0.02827093,0.03268098,0.03685834,0.04057238,0.04391606,0.04692188,0.04930866,0.05144779,0.05309052,0.05412856,0.05494875,0.05534639,0.05515253,0.05466928,0.05399067,0.05297019,0.0515904,0.05001642,0.0483494,0.04660277,0.04480588,0.04297079,0.04118789,0.03947534,0.03788341,0.0364165,0.03510061,0.03391582,0.03286605,0.03191746,0.03107095,0.03027841,0.02953276,0.02882311,0.02813939,0.02743524,0.02665509,0.02576557,0.02481349,0.02380212,0.02267681,0.02138515,0.02001233,0.01852224,0.01685729,0.01507724,0.01316641,0.01105969,0.008859012,0.006444728
0.001246621,-0.001556018,-0.004496159,-0.007579374,-0.01076401,-0.01409012,-0.01748893,-0.02100681,-0.02456291,-0.02819905,-0.03183042,-0.03548866,-0.0390906,-0.04265547,-0.04610521,-0.04944727,-0.05261157,-0.05559449,-0.05833778,-0.06082645,-0.06301803,-0.06488945,-0.06640893,-0.06755828,-0.06830963,-0.0686515,-0.06856488,-0.06804499,-0.06708153,-0.06567805,-0.06383257,-0.06155646,-0.05886002,-0.05576031,-0.05227567,-0.04843539,-0.04426006,-0.03979226,-0.03505369,-0.03009823,-0.02494806,-0.01966573,-0.01427385,-0.008838976,-0.003386371,0.002022017,0.007349689,0.01255725,0.01757726,0.0224257,0.02696492,0.03131016,0.03524395,0.03891769,0.04220789,0.04503924,0.04764638,0.04967698,0.05134162,0.05275461,0.05358106,0.0540268,0.05429101,0.0541551,0.05358843,0.05279161,0.05186049,0.05073187,0.04939906,0.04793743,0.0464066,0.04487842,0.04334582,0.0418546,0.04040799,0.03903484,0.03772834,0.03650755,0.03535662,0.03428323,0.03325623,0.03228242,0.0313281,0.03036119,0.02934736,0.02828781,0.0271963,0.02607366,0.02485197,0.02350574,0.0220649,0.02056431,0.01891552,0.01713787,0.01527576,0.01326753,0.01111648,0.008877204,0.006449063,0.003935135
-0.0007591673,-0.003636329,-0.00662336,-0.009702405,-0.01290103,-0.01616194,-0.01952692,-0.02292344,-0.02639302,-0.02985724,-0.03335033,-0.0367942,-0.04021234,-0.04353065,-0.04676134,-0.04983721,-0.05275994,-0.0554717,-0.05796403,-0.06019237,-0.06213835,-0.06377116,-0.06507076,-0.06601117,-0.06657988,-0.06675682,-0.06653486,-0.06590192,-0.06485776,-0.06339804,-0.06153089,-0.0592611,-0.05660163,-0.05356763,-0.0501804,-0.04645899,-0.04243694,-0.03813433,-0.03359592,-0.02884258,-0.02392787,-0.01887312,-0.01373751,-0.008543731,-0.00335079,0.001812968,0.006900545,0.01186519,0.01669377,0.02129521,0.02572896,0.02982512,0.03372431,0.03724265,0.04044424,0.04337184,0.04578271,0.04798067,0.04977785,0.05106696,0.05216766,0.05292569,0.05319047,0.0532005,0.05304177,0.05259395,0.05183376,0.05088632,0.0498324,0.04867696,0.0474374,0.04611357,0.04477018,0.04341561,0.04208509,0.04077954,0.03951968,0.03829169,0.03710295,0.03593197,0.03478506,0.03363045,0.03246892,0.0312982,0.03011896,0.02890069,0.02760446,0.02620415,0.02474006,0.02321928,0.02160163,0.01984169,0.01800926,0.01608077,0.01400774,0.01183888,0.009568504,0.007140449,0.004644014,0.001984428
-0.002268823,-0.005169077,-0.008161559,-0.01125358,-0.01440203,-0.01764167,-0.02090886,-0.02424285,-0.02757189,-0.03093105,-0.0342472,-0.03754671,-0.04075943,-0.04390143,-0.04690821,-0.04978585,-0.05247772,-0.05498061,-0.05724854,-0.05926878,-0.06100896,-0.06244992,-0.06356792,-0.06434854,-0.06477109,-0.06482689,-0.06450254,-0.06379513,-0.0626985,-0.06121672,-0.05935048,-0.05711014,-0.0545066,-0.05155517,-0.048273,-0.04468558,-0.04081164,-0.03668761,-0.03233301,-0.02779324,-0.02308836,-0.01827027,-0.0133598,-0.008411243,-0.003448308,0.001479792,0.006338891,0.01110002,0.01570218,0.02016337,0.02436464,0.02840425,0.0321027,0.03557883,0.03874158,0.04151526,0.04410197,0.0462133,0.04800788,0.04959481,0.05069501,0.05146378,0.05207216,0.05234526,0.0522452,0.05193094,0.05148173,0.05084577,0.05000871,0.04902611,0.0479406,0.04680716,0.04561675,0.04440206,0.04316341,0.04192315,0.04067635,0.0394403,0.03820544,0.03698215,0.03575003,0.03451859,0.03326654,0.03197308,0.03061444,0.02919546,0.02773046,0.02622567,0.02462905,0.02291964,0.02112126,0.019267,0.01728665,0.01519339,0.01302726,0.01074121,0.008335545,0.005861593,0.00323725,0.0005494347
-0.003372633,-0.006289029,-0.009283993,-0.01233477,-0.01546573,-0.018623,-0.02184174,-0.02505707,-0.02830337,-0.03151257,-0.03471272,-0.03783743,-0.04090569,-0.04385585,-0.04669758,-0.04937578,-0.05189146,-0.05419818,-0.05628844,-0.05812746,-0.05969965,-0.06098163,-0.06195709,-0.06260631,-0.06291959,-0.0628823,-0.06248914,-0.06173213,-0.06061188,-0.05912685,-0.0572846,-0.05509118,-0.05255803,-0.04969976,-0.04653506,-0.0430812,-0.03936711,-0.03541088,-0.0312505,-0.02690471,-0.02241844,-0.01781105,-0.01313147,-0.008400652,-0.003666469,0.001044595,0.00569581,0.01024448,0.01468298,0.01893137,0.02304184,0.02687148,0.0305348,0.03388482,0.03696436,0.03981883,0.04224063,0.04447635,0.04638262,0.04785705,0.04916241,0.05018086,0.05077865,0.0511433,0.05135076,0.05130118,0.05096775,0.05044552,0.04979989,0.04903194,0.04815261,0.04715725,0.04609501,0.04497145,0.04381438,0.04262482,0.04142096,0.0401939,0.03895263,0.03768295,0.03639356,0.03506299,0.03369514,0.03229175,0.03085781,0.02937254,0.02780733,0.02614119,0.02440823,0.02261739,0.02073901,0.01873459,0.01666129,0.01450452,0.01222409,0.009859967,0.007412963,0.004835704,0.002205408,-0.0005524209
-0.004215834,-0.007119122,-0.01008384,-0.01311763,-0.01617858,-0.01929597,-0.02241241,-0.02556022,-0.02867665,-0.03179029,-0.03483849,-0.03784242,-0.04074306,-0.04355313,-0.0462193,-0.04874589,-0.05108692,-0.05323906,-0.05516576,-0.05685594,-0.05828456,-0.05943553,-0.06029089,-0.06083896,-0.06106421,-0.0609599,-0.06051659,-0.05973241,-0.05860397,-0.05713538,-0.0553289,-0.05319376,-0.05074071,-0.04798329,-0.04493716,-0.0416244,-0.03806182,-0.03428055,-0.03029807,-0.02615266,-0.02186248,-0.01747072,-0.01299651,-0.008484394,-0.003956434,0.0005478149,0.004996909,0.009368942,0.01360961,0.01773629,0.02164709,0.02542369,0.02891871,0.03222435,0.03527276,0.03799177,0.04055198,0.04271775,0.04460747,0.0463195,0.0476227,0.04863342,0.04949603,0.05006946,0.05031291,0.05035172,0.05025106,0.04996802,0.04948477,0.0488427,0.04807298,0.04721922,0.04627256,0.04525821,0.04417638,0.04304562,0.0418633,0.04064553,0.03938736,0.03810004,0.03677069,0.03541014,0.03400484,0.0325414,0.03100262,0.02939462,0.02773109,0.02602088,0.02422389,0.02232285,0.0203369,0.0182965,0.01614626,0.01389518,0.01157885,0.009161649,0.006642492,0.004068099,0.001372205,-0.001372422
-0.004858533,-0.007747896,-0.01069263,-0.01366809,-0.01669501,-0.01972432,-0.02278486,-0.02581963,-0.02885638,-0.03183663,-0.03478266,-0.03763837,-0.04041856,-0.04307193,-0.04560563,-0.0479745,-0.05017856,-0.0521804,-0.05397313,-0.05552943,-0.05683585,-0.05787452,-0.05863198,-0.05909316,-0.05925033,-0.05909276,-0.05861652,-0.05781634,-0.05669331,-0.05524756,-0.05348599,-0.05141508,-0.04904496,-0.0463891,-0.04346376,-0.0402845,-0.03687612,-0.03325481,-0.02945275,-0.02548683,-0.02139471,-0.01719399,-0.01292523,-0.008607735,-0.004280657,3.158498e-05,0.004299728,0.008485382,0.01258381,0.01652576,0.02035525,0.02395263,0.02741003,0.03060969,0.03357904,0.03636141,0.03878099,0.04103627,0.04301676,0.04462784,0.04608407,0.04729456,0.04814231,0.04877397,0.04925497,0.0495024,0.0494885,0.0492854,0.04894621,0.04846998,0.04786349,0.04712025,0.04627795,0.04534099,0.04433203,0.0432526,0.04211874,0.04092523,0.03968161,0.03837873,0.03702636,0.03561056,0.03413667,0.03260913,0.03103498,0.02940026,0.0276841,0.02586992,0.02398646,0.02204373,0.02002021,0.01788401,0.01568205,0.01340623,0.01102388,0.008567908,0.006043238,0.003410759,0.0007363422,-0.002037894
-0.005384442,-0.008247889,-0.01114973,-0.01409688,-0.01705039,-0.0200341,-0.0229974,-0.02596616,-0.02888632,-0.03178039,-0.03459527,-0.03734731,-0.03998725,-0.04252445,-0.04491496,-0.04716145,-0.04922649,-0.05110655,-0.05277247,-0.05421444,-0.055413,-0.05635462,-0.05702551,-0.05741623,-0.05751502,-0.05731659,-0.05681439,-0.05600727,-0.05489368,-0.0534775,-0.05176195,-0.04975516,-0.04746744,-0.04491057,-0.0420987,-0.03905093,-0.03578229,-0.0323193,-0.02867765,-0.02488963,-0.02097166,-0.01695983,-0.01287162,-0.008743878,-0.004596916,-0.0004629727,0.00362942,0.007663004,0.01159012,0.01542587,0.01908402,0.02263073,0.02594541,0.02909884,0.03203964,0.03470172,0.0372262,0.03942142,0.0413751,0.04317256,0.0446234,0.0458142,0.04686488,0.04766165,0.04816417,0.04847064,0.04863417,0.0486194,0.04840764,0.04802962,0.04750843,0.04687871,0.04613253,0.04528952,0.04434991,0.04332912,0.04222606,0.04105523,0.03981457,0.0385154,0.03714982,0.03572902,0.03424485,0.03268911,0.03104976,0.02933348,0.02755336,0.02571961,0.02380189,0.02178675,0.01969006,0.01753932,0.01529178,0.01295407,0.01055752,0.008075809,0.005507621,0.00289456,0.0001840695,-0.002563356
-0.005814032,-0.008654043,-0.01153047,-0.01441869,-0.01733554,-0.0202374,-0.02314712,-0.02601544,-0.02886404,-0.03164316,-0.03436989,-0.03699718,-0.03953605,-0.04194389,-0.0442255,-0.04634397,-0.04829836,-0.05005852,-0.05161801,-0.05295521,-0.0540586,-0.05491442,-0.05551147,-0.0558383,-0.05588868,-0.05565479,-0.05513375,-0.05432232,-0.05322185,-0.05183354,-0.05016364,-0.04821876,-0.04600789,-0.04354325,-0.04083908,-0.03790935,-0.03477536,-0.03145168,-0.02796557,-0.02433235,-0.02058363,-0.01673554,-0.01282184,-0.008860342,-0.004883371,-0.0009132637,0.003026118,0.006900637,0.01070674,0.014385,0.01797133,0.02136645,0.02464279,0.02770616,0.03057291,0.03328149,0.03568497,0.03794103,0.03996438,0.04167095,0.0432329,0.04457983,0.04561149,0.04644181,0.04712562,0.04759476,0.0478225,0.04786351,0.04776037,0.04751107,0.04711992,0.04657972,0.04591976,0.04514338,0.04426872,0.04329764,0.04224393,0.04110472,0.03988918,0.03859194,0.03722265,0.03577241,0.03424745,0.0326535,0.0309988,0.02927449,0.02746584,0.02556037,0.02358252,0.02154297,0.01942682,0.01720862,0.01492717,0.01257922,0.01013919,0.007634483,0.005072555,0.002422202,-0.000260932,-0.003020937
-0.006187553,-0.00900089,-0.01183466,-0.01469427,-0.01754458,-0.02040411,-0.02322902,-0.02603914,-0.02878849,-0.03149398,-0.0341111,-0.03665175,-0.03907506,-0.0413873,-0.04355237,-0.04557133,-0.04741381,-0.04907599,-0.05053453,-0.0517807,-0.05279929,-0.05357894,-0.05410899,-0.05438181,-0.05438856,-0.05412513,-0.05358705,-0.05277385,-0.05168524,-0.05032495,-0.04869672,-0.0468079,-0.04466811,-0.0422878,-0.03967978,-0.03686064,-0.03384397,-0.03065244,-0.02730029,-0.02381487,-0.02021117,-0.01651951,-0.01275602,-0.008951432,-0.005124447,-0.001301792,0.002490854,0.006239162,0.009901764,0.01349052,0.01693329,0.02028236,0.02343946,0.0264578,0.02929793,0.03190118,0.0343817,0.03658486,0.03857503,0.04042416,0.04197648,0.04329566,0.04447932,0.04543651,0.04612963,0.04663491,0.04699498,0.04718119,0.04717544,0.04700039,0.04667334,0.04622148,0.04563846,0.04493933,0.0441241,0.04320554,0.04218351,0.04107062,0.03986656,0.03858227,0.03721319,0.03576977,0.03424792,0.03264281,0.03094663,0.02916632,0.02731418,0.02540091,0.02340438,0.02131481,0.01914582,0.01692197,0.01461126,0.01221924,0.009773399,0.0072551,0.004663704,0.002035651,-0.0006695515,-0.00340193
-0.006505837,-0.009294603,-0.01210416,-0.01491117,-0.01772827,-0.02051753,-0.02329601,-0.02602182,-0.02871088,-0.03132142,-0.03386566,-0.03630451,-0.0386453,-0.04085298,-0.04293002,-0.04484633,-0.04660001,-0.04816672,-0.04954033,-0.05070366,-0.0516468,-0.05235902,-0.05283109,-0.05305422,-0.05302349,-0.05273326,-0.05218149,-0.05136644,-0.05028972,-0.04895334,-0.04736303,-0.04552533,-0.04344838,-0.04114337,-0.03862291,-0.03589966,-0.03299206,-0.02991341,-0.02668702,-0.02332694,-0.01985995,-0.01630096,-0.0126784,-0.009008798,-0.005319215,-0.001630067,0.002038581,0.005656636,0.00922046,0.0126797,0.01606206,0.0192863,0.02240769,0.02535109,0.02812496,0.0307612,0.03313928,0.03538199,0.03742351,0.03919178,0.04082201,0.04225978,0.04342121,0.04439361,0.04522156,0.04585002,0.04625473,0.04647673,0.04654954,0.04647085,0.04624342,0.04586028,0.0453442,0.04469773,0.04393525,0.04305873,0.04207985,0.04099729,0.0398195,0.0385437,0.03717899,0.03571991,0.03417307,0.03254465,0.03084334,0.02906418,0.02719726,0.02523381,0.0231947,0.02109071,0.01891226,0.01664013,0.01430638,0.01191131,0.0094359,0.006903206,0.004322139,0.001668973,-0.001009812,-0.003746697
-0.006787783,-0.009552267,-0.01232348,-0.01510477,-0.01786521,-0.02061813,-0.02332618,-0.02600348,-0.02861144,-0.03116182,-0.03361759,-0.03598653,-0.03823488,-0.04036611,-0.04235065,-0.04418793,-0.04585329,-0.04734252,-0.04863687,-0.04972848,-0.05060532,-0.0512578,-0.05167764,-0.05185862,-0.05179413,-0.05148105,-0.05091645,-0.05010037,-0.0490335,-0.04771952,-0.04616251,-0.04436922,-0.04234865,-0.04011032,-0.03766592,-0.03503004,-0.03221516,-0.02924085,-0.02612034,-0.02287697,-0.01952473,-0.01608935,-0.01258593,-0.009040457,-0.005470256,-0.001897987,0.001653274,0.005170869,0.008619208,0.01200639,0.01527272,0.01845773,0.02148246,0.02438535,0.0271357,0.02968296,0.03211659,0.03431391,0.03632085,0.03819533,0.03981292,0.04121942,0.04249193,0.04355886,0.0443871,0.04503467,0.045535,0.04586529,0.0460094,0.04598395,0.0458017,0.04548389,0.04502553,0.04443824,0.04372226,0.04288796,0.04193593,0.04087688,0.03971176,0.03845036,0.03709063,0.03564212,0.03410343,0.03247235,0.03074429,0.02892621,0.02702945,0.02506457,0.02301623,0.02087795,0.01866171,0.01638913,0.0140372,0.0116112,0.009134956,0.006596181,0.003995456,0.001364105,-0.001327773,-0.004039236
-0.00702843,-0.009769714,-0.01251931,-0.01525592,-0.01798787,-0.02068287,-0.02335244,-0.02596152,-0.02852066,-0.03099524,-0.03339289,-0.03568136,-0.03786456,-0.03991381,-0.04182938,-0.0435867,-0.04518285,-0.0465981,-0.04782647,-0.04885418,-0.04967262,-0.05027322,-0.05064838,-0.05079127,-0.05069799,-0.05036453,-0.04978955,-0.04897238,-0.04791487,-0.04661963,-0.04509203,-0.04333851,-0.04136662,-0.03918669,-0.0368101,-0.03424849,-0.03151806,-0.0286312,-0.02560806,-0.02246185,-0.01921553,-0.01588319,-0.01248908,-0.009048736,-0.005585269,-0.002117434,0.001337245,0.004752378,0.008123339,0.01140806,0.01462611,0.01771195,0.02070593,0.02354869,0.02624293,0.02881322,0.03116313,0.03338528,0.03542909,0.0372345,0.03890507,0.0403992,0.04164891,0.04271926,0.04364517,0.04438329,0.04491287,0.04526402,0.04546262,0.04550664,0.04539771,0.04513002,0.04472078,0.04417222,0.04349594,0.04269399,0.04177611,0.04074222,0.03959987,0.03834794,0.03699476,0.03553773,0.03398321,0.03233767,0.03060949,0.02879667,0.02689322,0.02489371,0.02281576,0.02066976,0.01845042,0.0161443,0.01377762,0.01135317,0.008857865,0.006311098,0.003722471,0.001075167,-0.001592658,-0.004303597
-0.007237731,-0.009957823,-0.01267465,-0.01538914,-0.01807477,-0.02073976,-0.02335299,-0.02592313,-0.02841836,-0.03084554,-0.03317422,-0.03540829,-0.0375201,-0.03951038,-0.04135503,-0.04305179,-0.04458063,-0.0459368,-0.04710509,-0.04807834,-0.04884674,-0.04940217,-0.04973806,-0.04984928,-0.04973082,-0.04938033,-0.04879606,-0.04797842,-0.04692879,-0.04565081,-0.04414884,-0.04242921,-0.04050039,-0.03837126,-0.03605258,-0.03355744,-0.03089754,-0.02809002,-0.0251474,-0.02208992,-0.01893096,-0.01569265,-0.01238942,-0.009043583,-0.005671453,-0.002292761,0.001071703,0.004409953,0.007691656,0.01092074,0.01404874,0.01710307,0.02002172,0.02283056,0.02550527,0.02800387,0.03039291,0.03257787,0.03458983,0.03647234,0.03812977,0.03959376,0.04092249,0.04206118,0.04298238,0.04372867,0.0443253,0.04475468,0.04500368,0.04508429,0.04500574,0.04478442,0.04441649,0.04391113,0.04326914,0.04249893,0.04160168,0.04058645,0.03945502,0.03821577,0.03686859,0.0354222,0.0338769,0.03223275,0.03048755,0.02864811,0.02672464,0.02472717,0.02264587,0.0204773,0.01823206,0.01592869,0.01355184,0.01110688,0.008614033,0.006066277,0.003465642,0.0008383882,-0.001836031,-0.004524589
-0.007411328,-0.01011107,-0.01280957,-0.01548796,-0.01815027,-0.02076968,-0.02335242,-0.02586976,-0.02832714,-0.03069634,-0.03298061,-0.03515374,-0.03721632,-0.039145,-0.0409379,-0.04257499,-0.04405222,-0.04535352,-0.04647287,-0.047399,-0.04812428,-0.04864168,-0.04894482,-0.0490283,-0.04888894,-0.04852391,-0.04793242,-0.04711454,-0.04607234,-0.04480878,-0.04332903,-0.04163938,-0.03974704,-0.0376616,-0.03539353,-0.03295379,-0.0303568,-0.02761442,-0.02474429,-0.02175919,-0.01867905,-0.01551755,-0.01229568,-0.009028344,-0.005735742,-0.002435285,0.0008570725,0.004118218,0.007341882,0.01049346,0.01358465,0.01656384,0.01945781,0.02222066,0.02485075,0.02736487,0.02968884,0.03188857,0.03392597,0.03575335,0.03744581,0.03897236,0.04028057,0.04141664,0.04240625,0.04321684,0.04383181,0.04427247,0.044558,0.0446869,0.04466034,0.04447408,0.04414086,0.04366289,0.04304941,0.04230271,0.04143085,0.0404348,0.0393212,0.03809037,0.03674973,0.03529888,0.03374382,0.03209094,0.03034801,0.02851524,0.0265899,0.02456949,0.02246859,0.02029684,0.01805239,0.01572693,0.01334157,0.01090074,0.008396651,0.005845516,0.003256977,0.0006205838,-0.002033162,-0.004718338
-0.007556067,-0.01023855,-0.01291099,-0.01557161,-0.01819839,-0.02079454,-0.02333484,-0.02582273,-0.02823259,-0.03056649,-0.03279998,-0.03493309,-0.03694356,-0.03882927,-0.04057071,-0.04216395,-0.04359268,-0.04485145,-0.0459278,-0.04681492,-0.04750461,-0.0479899,-0.04826528,-0.04832646,-0.04816959,-0.04779286,-0.04719529,-0.04637764,-0.04534173,-0.04409115,-0.04263043,-0.04096565,-0.03910482,-0.03705636,-0.03483039,-0.03243886,-0.029893,-0.02720806,-0.02439625,-0.02147533,-0.01845844,-0.01536492,-0.01220887,-0.009009894,-0.005783583,-0.002547663,0.0006790136,0.003884345,0.007042747,0.0101536,0.0131787,0.01613421,0.01897281,0.0217094,0.02432439,0.02678442,0.02913469,0.03130583,0.03331692,0.03519798,0.03687905,0.03838026,0.03974231,0.04092558,0.04190895,0.04272177,0.04338187,0.04387668,0.04419643,0.04434947,0.04434256,0.04418774,0.04388294,0.04343522,0.04284589,0.0421218,0.0412648,0.04028244,0.03917721,0.03795644,0.03662142,0.03517973,0.03363319,0.03198333,0.0302302,0.02838018,0.02644224,0.02442539,0.02232454,0.02013896,0.01787791,0.01555667,0.01316652,0.01071308,0.008213,0.005663687,0.003068629,0.0004490958,-0.002207056,-0.00487395
-0.007670036,-0.0103366,-0.01299496,-0.01562895,-0.01823832,-0.02080153,-0.02331964,-0.02576987,-0.02815265,-0.03044559,-0.03264771,-0.03473813,-0.03671415,-0.03855701,-0.04026249,-0.04181447,-0.04320755,-0.04442862,-0.04547137,-0.0463263,-0.04698656,-0.04744606,-0.04769928,-0.04774185,-0.04757106,-0.04718487,-0.04658284,-0.04576562,-0.04473536,-0.04349531,-0.04205042,-0.04040685,-0.03857164,-0.03655376,-0.03436311,-0.0320102,-0.02950811,-0.02686847,-0.02410701,-0.02123637,-0.01827417,-0.015234,-0.01213438,-0.008989976,-0.005818847,-0.002637422,0.0005391459,0.003690608,0.006808518,0.009865021,0.01286406,0.01576684,0.01858738,0.02129143,0.02387402,0.0263438,0.02864756,0.03082685,0.03285433,0.03469538,0.0363984,0.03794144,0.03928744,0.0404662,0.04149462,0.04235027,0.04302131,0.0435218,0.04386478,0.04404946,0.04407723,0.04394552,0.04366384,0.04323446,0.0426644,0.04195635,0.04111695,0.04014813,0.03905572,0.03784157,0.03651209,0.03506843,0.03351638,0.03186173,0.03011159,0.02826788,0.02633055,0.02429962,0.02218681,0.02000069,0.01774213,0.01540747,0.01301307,0.01056436,0.008058365,0.00550838,0.002923595,0.0002994731,-0.002340662,-0.005003388
-0.007758662,-0.01041301,-0.01305324,-0.01567477,-0.01826001,-0.02080731,-0.023297,-0.02572743,-0.02807869,-0.0303482,-0.0325169,-0.03458101,-0.03652294,-0.03833774,-0.04000979,-0.04153329,-0.04289501,-0.04408861,-0.0451037,-0.04593358,-0.04657111,-0.04701011,-0.04724574,-0.04727424,-0.04709254,-0.04669919,-0.04609369,-0.04527704,-0.04425132,-0.0430201,-0.04158797,-0.03996091,-0.03814651,-0.03615296,-0.03398995,-0.03166861,-0.02919997,-0.02659785,-0.02387447,-0.02104569,-0.01812476,-0.01512889,-0.01207223,-0.008972367,-0.005844543,-0.002705201,0.0004283768,0.003543372,0.006618454,0.009648202,0.01260377,0.0154906,0.01827466,0.02096075,0.023533,0.02596656,0.02828643,0.03044639,0.03245527,0.03433004,0.03602469,0.03754961,0.03892904,0.04013743,0.0411605,0.04201595,0.04271477,0.04324933,0.04361352,0.04381291,0.0438524,0.04374028,0.04347641,0.04306623,0.04251162,0.0418182,0.04098857,0.04002891,0.03894237,0.03773531,0.03641019,0.03497333,0.0334278,0.03177625,0.03002063,0.02816681,0.02622235,0.02419491,0.02208349,0.01988972,0.01762156,0.01529089,0.01289477,0.01043911,0.007936958,0.00538952,0.002801695,0.0001898032,-0.002450627,-0.005100337
-0.007821825,-0.01046607,-0.01309745,-0.01570265,-0.01827713,-0.02080449,-0.02328069,-0.02568852,-0.02802352,-0.03026865,-0.03241868,-0.0344575,-0.03637905,-0.0381686,-0.0398195,-0.04131882,-0.04265967,-0.04383126,-0.04482675,-0.04563794,-0.04625838,-0.04668249,-0.04690538,-0.04692324,-0.04673366,-0.04633506,-0.04572725,-0.04491115,-0.04388902,-0.04266427,-0.04124171,-0.03962738,-0.03782827,-0.03585294,-0.03371091,-0.03141247,-0.02896974,-0.02639441,-0.02370076,-0.02090169,-0.01801302,-0.01504864,-0.01202527,-0.008957642,-0.00586237,-0.002755252,0.0003487374,0.003431825,0.006482936,0.009480451,0.01242045,0.01527591,0.01804888,0.02071551,0.02326807,0.02570696,0.02799894,0.03016297,0.03218108,0.03403142,0.03573791,0.03728679,0.03865607,0.03986076,0.04090942,0.0417894,0.042494,0.043031,0.04340803,0.04362537,0.04368476,0.04358586,0.0433352,0.04293545,0.04239199,0.04170798,0.04088882,0.03993741,0.03885884,0.03765611,0.0363347,0.03489727,0.03334906,0.03169531,0.02994213,0.02809278,0.0261495,0.02411461,0.02199688,0.01980354,0.01753768,0.01519996,0.0128021,0.01035006,0.007845278,0.005298196,0.002717255,0.0001034485,-0.002526813,-0.005173267
-0.007863238,-0.01050118,-0.01312327,-0.01572206,-0.01828435,-0.02080362,-0.02326557,-0.02566345,-0.02798272,-0.0302162,-0.03234966,-0.03437544,-0.03628014,-0.03805584,-0.03969029,-0.04117562,-0.04250111,-0.04365924,-0.0446412,-0.04544016,-0.04604955,-0.04646369,-0.04667808,-0.04668917,-0.04649438,-0.04609242,-0.04548308,-0.04466741,-0.04364767,-0.04242739,-0.04101127,-0.03940521,-0.03761648,-0.03565327,-0.03352498,-0.03124221,-0.02881606,-0.02625931,-0.02358449,-0.02080609,-0.01793783,-0.01499534,-0.0119932,-0.008947576,-0.005873724,-0.002787398,0.0002953055,0.003360356,0.006390238,0.009374494,0.01229295,0.01514033,0.01789512,0.02055261,0.02309989,0.02552065,0.0278203,0.02997468,0.03198327,0.0338497,0.03555167,0.0370911,0.03847639,0.03969537,0.04074103,0.04162043,0.04233826,0.04289165,0.0432788,0.04350313,0.04356799,0.04347854,0.0432364,0.04284587,0.04230993,0.04163314,0.04081891,0.03987222,0.03879685,0.03759785,0.03627883,0.03484507,0.03330037,0.03164857,0.02989308,0.02803913,0.02609268,0.02405989,0.02194328,0.0197466,0.01747638,0.01514103,0.01274277,0.01028773,0.007785257,0.005239872,0.002657834,5.046912e-05,-0.002579524,-0.005219193
-0.007883273,-0.01051777,-0.01313685,-0.01573014,-0.01828879,-0.02080138,-0.0232588,-0.02564915,-0.027963,-0.03018839,-0.03231566,-0.03433307,-0.03623101,-0.03799837,-0.03962586,-0.04110323,-0.04242185,-0.04357275,-0.04454828,-0.04534112,-0.04594491,-0.04635419,-0.04656442,-0.04657206,-0.04637472,-0.04597108,-0.04536104,-0.04454561,-0.0435271,-0.04230901,-0.0408961,-0.03929428,-0.03751065,-0.0355535,-0.03343219,-0.03115702,-0.02873946,-0.02619158,-0.02352661,-0.02075803,-0.01790043,-0.01496837,-0.01197724,-0.008942285,-0.005879199,-0.002803542,0.0002693705,0.003323849,0.006345791,0.009319372,0.01223266,0.0150696,0.01782064,0.02047164,0.02301231,0.02543477,0.02772515,0.02988079,0.0318924,0.03375053,0.0354562,0.03700341,0.03838524,0.03960282,0.0406568,0.04154419,0.0422638,0.04281783,0.04320906,0.04343924,0.04351057,0.04342545,0.04318758,0.04280039,0.04226808,0.0415944,0.04078367,0.03983981,0.0387672,0.03756975,0.03625202,0.03481819,0.0332727,0.03162031,0.02986575,0.02801341,0.02606749,0.02403239,0.02191383,0.01971741,0.01744809,0.01511056,0.01271186,0.01025817,0.007754978,0.005209845,0.00263023,2.237509e-05,-0.002604128,-0.005242577
-0.007883273,-0.01051777,-0.01313685,-0.01573014,-0.01828879,-0.02080138,-0.0232588,-0.02564915,-0.027963,-0.03018839,-0.03231566,-0.03433307,-0.03623101,-0.03799837,-0.03962586,-0.04110323,-0.04242185,-0.04357275,-0.04454828,-0.04534112,-0.04594491,-0.04635419,-0.04656442,-0.04657206,-0.04637472,-0.04597108,-0.04536104,-0.04454561,-0.0435271,-0.04230901,-0.0408961,-0.03929428,-0.03751065,-0.0355535,-0.03343219,-0.03115702,-0.02873946,-0.02619158,-0.02352661,-0.02075803,-0.01790043,-0.01496837,-0.01197724,-0.008942285,-0.005879199,-0.002803542,0.0002693705,0.003323849,0.006345791,0.009319372,0.01223266,0.0150696,0.01782064,0.02047164,0.02301231,0.02543477,0.02772515,0.02988079,0.0318924,0.03375053,0.0354562,0.03700341,0.03838524,0.03960282,0.0406568,0.04154419,0.0422638,0.04281783,0.04320906,0.04343924,0.04351057,0.04342545,0.04318758,0.04280039,0.04226808,0.0415944,0.04078367,0.03983981,0.0387672,0.03756974,0.03625202,0.03481819,0.0332727,0.03162031,0.02986575,0.02801341,0.02606749,0.02403239,0.02191383,0.01971741,0.01744809,0.01511056,0.01271186,0.01025817,0.007754977,0.005209845,0.00263023,2.237505e-05,-0.002604128,-0.005242577
-0.007863238,-0.01050118,-0.01312327,-0.01572206,-0.01828435,-0.02080362,-0.02326557,-0.02566345,-0.02798272,-0.0302162,-0.03234966,-0.03437544,-0.03628014,-0.03805584,-0.03969029,-0.04117562,-0.04250111,-0.04365924,-0.0446412,-0.04544016,-0.04604955,-0.04646369,-0.04667808,-0.04668917,-0.04649438,-0.04609242,-0.04548308,-0.04466741,-0.04364767,-0.04242739,-0.04101127,-0.03940521,-0.03761648,-0.03565327,-0.03352498,-0.03124221,-0.02881606,-0.02625931,-0.02358449,-0.02080609,-0.01793783,-0.01499534,-0.0119932,-0.008947576,-0.005873724,-0.002787398,0.0002953056,0.003360356,0.006390238,0.009374494,0.01229295,0.01514033,0.01789512,0.02055261,0.02309989,0.02552065,0.0278203,0.02997468,0.03198327,0.0338497,0.03555167,0.0370911,0.03847639,0.03969537,0.04074103,0.04162043,0.04233826,0.04289165,0.0432788,0.04350313,0.04356799,0.04347854,0.0432364,0.04284587,0.04230993,0.04163314,0.04081891,0.03987222,0.03879685,0.03759785,0.03627883,0.03484507,0.03330037,0.03164857,0.02989308,0.02803913,0.02609268,0.02405989,0.02194328,0.0197466,0.01747638,0.01514103,0.01274277,0.01028773,0.007785257,0.005239872,0.002657834,5.046903e-05,-0.002579524,-0.005219193
-0.007821825,-0.01046607,-0.01309745,-0.01570265,-0.01827713,-0.02080449,-0.02328069,-0.02568852,-0.02802352,-0.03026865,-0.03241868,-0.0344575,-0.03637905,-0.0381686,-0.0398195,-0.04131882,-0.04265967,-0.04383126,-0.04482675,-0.04563794,-0.04625838,-0.04668249,-0.04690538,-0.04692324,-0.04673366,-0.04633506,-0.04572725,-0.04491115,-0.04388902,-0.04266427,-0.04124171,-0.03962738,-0.03782827,-0.03585294,-0.03371091,-0.03141247,-0.02896974,-0.02639441,-0.02370076,-0.02090169,-0.01801302,-0.01504864,-0.01202527,-0.008957642,-0.00586237,-0.002755252,0.0003487376,0.003431825,0.006482937,0.009480451,0.01242045,0.01527591,0.01804888,0.02071551,0.02326807,0.02570696,0.02799894,0.03016297,0.03218108,0.03403142,0.03573791,0.03728679,0.03865607,0.03986076,0.04090942,0.0417894,0.042494,0.043031,0.04340803,0.04362537,0.04368476,0.04358586,0.0433352,0.04293545,0.04239199,0.04170798,0.04088882,0.03993741,0.03885884,0.03765611,0.0363347,0.03489727,0.03334906,0.03169531,0.02994213,0.02809278,0.0261495,0.02411461,0.02199688,0.01980354,0.01753768,0.01519996,0.0128021,0.01035006,0.007845278,0.005298196,0.002717255,0.0001034483,-0.002526813,-0.005173267
-0.007758663,-0.01041301,-0.01305324,-0.01567477,-0.01826001,-0.02080731,-0.023297,-0.02572743,-0.02807869,-0.0303482,-0.0325169,-0.03458101,-0.03652294,-0.03833774,-0.04000979,-0.04153329,-0.04289501,-0.04408861,-0.0451037,-0.04593358,-0.04657111,-0.04701011,-0.04724574,-0.04727424,-0.04709254,-0.04669919,-0.04609369,-0.04527704,-0.04425132,-0.04302009,-0.04158797,-0.03996091,-0.03814651,-0.03615296,-0.03398995,-0.03166861,-0.02919997,-0.02659785,-0.02387447,-0.02104569,-0.01812476,-0.01512889,-0.01207223,-0.008972367,-0.005844543,-0.002705201,0.000428377,0.003543372,0.006618454,0.009648202,0.01260377,0.0154906,0.01827466,0.02096075,0.023533,0.02596656,0.02828643,0.03044639,0.03245527,0.03433004,0.03602469,0.03754961,0.03892904,0.04013743,0.0411605,0.04201595,0.04271477,0.04324933,0.04361352,0.04381291,0.0438524,0.04374028,0.04347641,0.04306623,0.04251162,0.0418182,0.04098857,0.04002891,0.03894237,0.03773531,0.03641019,0.03497333,0.0334278,0.03177625,0.03002063,0.02816681,0.02622235,0.02419491,0.02208349,0.01988972,0.01762156,0.01529089,0.01289477,0.01043911,0.007936958,0.00538952,0.002801695,0.0001898029,-0.002450628,-0.005100338
-0.007670037,-0.0103366,-0.01299496,-0.01562895,-0.01823832,-0.02080153,-0.02331964,-0.02576987,-0.02815265,-0.03044559,-0.03264771,-0.03473813,-0.03671415,-0.03855701,-0.04026249,-0.04181447,-0.04320755,-0.04442862,-0.04547137,-0.0463263,-0.04698656,-0.04744606,-0.04769928,-0.04774185,-0.04757106,-0.04718487,-0.04658284,-0.04576562,-0.04473536,-0.04349531,-0.04205042,-0.04040685,-0.03857164,-0.03655376,-0.03436311,-0.0320102,-0.02950811,-0.02686847,-0.02410701,-0.02123637,-0.01827417,-0.015234,-0.01213438,-0.008989976,-0.005818847,-0.002637422,0.0005391462,0.003690608,0.006808518,0.009865021,0.01286406,0.01576684,0.01858738,0.02129143,0.02387402,0.0263438,0.02864756,0.03082685,0.03285433,0.03469538,0.0363984,0.03794144,0.03928744,0.0404662,0.04149462,0.04235027,0.04302131,0.0435218,0.04386477,0.04404946,0.04407723,0.04394552,0.04366384,0.04323446,0.0426644,0.04195635,0.04111695,0.04014813,0.03905572,0.03784157,0.03651209,0.03506843,0.03351638,0.03186173,0.03011159,0.02826788,0.02633055,0.02429962,0.02218681,0.02000069,0.01774213,0.01540747,0.01301307,0.01056436,0.008058365,0.00550838,0.002923595,0.0002994729,-0.002340662,-0.005003388
-0.007556067,-0.01023855,-0.01291099,-0.01557161,-0.01819839,-0.02079455,-0.02333484,-0.02582273,-0.02823259,-0.03056649,-0.03279998,-0.03493309,-0.03694356,-0.03882927,-0.04057071,-0.04216395,-0.04359268,-0.04485145,-0.0459278,-0.04681492,-0.04750461,-0.0479899,-0.04826528,-0.04832646,-0.04816959,-0.04779286,-0.04719529,-0.04637764,-0.04534173,-0.04409115,-0.04263043,-0.04096565,-0.03910482,-0.03705636,-0.03483039,-0.03243886,-0.029893,-0.02720806,-0.02439625,-0.02147533,-0.01845844,-0.01536492,-0.01220887,-0.009009894,-0.005783582,-0.002547663,0.0006790138,0.003884345,0.007042747,0.0101536,0.0131787,0.01613421,0.01897281,0.0217094,0.02432439,0.02678442,0.02913469,0.03130583,0.03331692,0.03519798,0.03687905,0.03838026,0.03974231,0.04092558,0.04190895,0.04272177,0.04338187,0.04387668,0.04419643,0.04434947,0.04434256,0.04418774,0.04388294,0.04343522,0.04284589,0.0421218,0.0412648,0.04028244,0.03917721,0.03795644,0.03662142,0.03517973,0.03363319,0.03198333,0.03023019,0.02838018,0.02644224,0.02442539,0.02232454,0.02013896,0.01787791,0.01555667,0.01316652,0.01071308,0.008213,0.005663687,0.003068629,0.0004490955,-0.002207056,-0.00487395
-0.007411328,-0.01011107,-0.01280957,-0.01548796,-0.01815027,-0.02076968,-0.02335242,-0.02586976,-0.02832714,-0.03069634,-0.03298061,-0.03515374,-0.03721632,-0.039145,-0.0409379,-0.04257499,-0.04405222,-0.04535352,-0.04647287,-0.047399,-0.04812428,-0.04864168,-0.04894482,-0.0490283,-0.04888894,-0.04852391,-0.04793242,-0.04711454,-0.04607234,-0.04480878,-0.04332903,-0.04163938,-0.03974704,-0.0376616,-0.03539353,-0.03295379,-0.0303568,-0.02761442,-0.02474429,-0.02175919,-0.01867905,-0.01551755,-0.01229568,-0.009028344,-0.005735742,-0.002435284,0.0008570728,0.004118218,0.007341883,0.01049346,0.01358465,0.01656384,0.01945781,0.02222066,0.02485075,0.02736487,0.02968884,0.03188857,0.03392597,0.03575335,0.03744581,0.03897236,0.04028057,0.04141664,0.04240625,0.04321684,0.04383181,0.04427247,0.044558,0.0446869,0.04466034,0.04447408,0.04414086,0.04366289,0.04304941,0.04230271,0.04143085,0.0404348,0.0393212,0.03809037,0.03674973,0.03529888,0.03374382,0.03209094,0.03034801,0.02851524,0.0265899,0.02456949,0.02246859,0.02029684,0.01805239,0.01572693,0.01334157,0.01090074,0.008396651,0.005845516,0.003256977,0.0006205834,-0.002033163,-0.004718338
-0.007237732,-0.009957823,-0.01267465,-0.01538914,-0.01807477,-0.02073976,-0.02335299,-0.02592313,-0.02841836,-0.03084554,-0.03317422,-0.03540829,-0.0375201,-0.03951038,-0.04135503,-0.04305179,-0.04458063,-0.0459368,-0.04710509,-0.04807834,-0.04884674,-0.04940217,-0.04973806,-0.04984928,-0.04973082,-0.04938033,-0.04879606,-0.04797842,-0.04692879,-0.04565081,-0.04414884,-0.04242921,-0.04050039,-0.03837126,-0.03605258,-0.03355744,-0.03089754,-0.02809002,-0.0251474,-0.02208992,-0.01893096,-0.01569265,-0.01238942,-0.009043582,-0.005671452,-0.002292761,0.001071703,0.004409953,0.007691656,0.01092074,0.01404874,0.01710307,0.02002172,0.02283056,0.02550527,0.02800387,0.03039291,0.03257787,0.03458983,0.03647234,0.03812977,0.03959376,0.04092249,0.04206118,0.04298238,0.04372867,0.0443253,0.04475468,0.04500368,0.04508429,0.04500574,0.04478442,0.04441649,0.04391113,0.04326914,0.04249893,0.04160168,0.04058645,0.03945502,0.03821577,0.03686859,0.0354222,0.0338769,0.03223275,0.03048755,0.02864811,0.02672464,0.02472717,0.02264587,0.0204773,0.01823206,0.01592869,0.01355184,0.01110688,0.008614033,0.006066276,0.003465641,0.0008383878,-0.001836032,-0.00452459
-0.00702843,-0.009769714,-0.01251932,-0.01525592,-0.01798787,-0.02068287,-0.02335244,-0.02596152,-0.02852066,-0.03099524,-0.03339289,-0.03568136,-0.03786456,-0.03991381,-0.04182938,-0.0435867,-0.04518285,-0.0465981,-0.04782647,-0.04885418,-0.04967262,-0.05027322,-0.05064838,-0.05079127,-0.05069799,-0.05036453,-0.04978955,-0.04897238,-0.04791487,-0.04661962,-0.04509203,-0.04333851,-0.04136662,-0.03918669,-0.0368101,-0.03424849,-0.03151806,-0.0286312,-0.02560806,-0.02246185,-0.01921553,-0.01588319,-0.01248908,-0.009048735,-0.005585268,-0.002117433,0.001337245,0.004752378,0.008123339,0.01140806,0.01462611,0.01771195,0.02070593,0.02354869,0.02624293,0.02881322,0.03116313,0.03338528,0.03542909,0.0372345,0.03890507,0.0403992,0.04164891,0.04271926,0.04364517,0.04438329,0.04491287,0.04526402,0.04546262,0.04550664,0.04539771,0.04513002,0.04472078,0.04417222,0.04349594,0.04269399,0.04177611,0.04074222,0.03959987,0.03834794,0.03699476,0.03553773,0.03398321,0.03233767,0.03060949,0.02879667,0.02689322,0.02489371,0.02281576,0.02066975,0.01845042,0.0161443,0.01377762,0.01135317,0.008857864,0.006311097,0.00372247,0.001075166,-0.001592659,-0.004303598
-0.006787784,-0.009552268,-0.01232348,-0.01510477,-0.01786521,-0.02061813,-0.02332618,-0.02600348,-0.02861144,-0.03116182,-0.03361759,-0.03598653,-0.03823488,-0.04036611,-0.04235065,-0.04418793,-0.04585329,-0.04734252,-0.04863687,-0.04972848,-0.05060532,-0.0512578,-0.05167764,-0.05185862,-0.05179413,-0.05148105,-0.05091645,-0.05010037,-0.0490335,-0.04771952,-0.04616251,-0.04436922,-0.04234865,-0.04011032,-0.03766592,-0.03503004,-0.03221516,-0.02924085,-0.02612034,-0.02287696,-0.01952473,-0.01608935,-0.01258593,-0.009040456,-0.005470255,-0.001897987,0.001653275,0.00517087,0.008619208,0.01200639,0.01527272,0.01845773,0.02148246,0.02438535,0.0271357,0.02968296,0.03211659,0.03431391,0.03632085,0.03819533,0.03981292,0.04121942,0.04249193,0.04355886,0.0443871,0.04503466,0.045535,0.04586528,0.0460094,0.04598395,0.0458017,0.04548389,0.04502553,0.04443823,0.04372225,0.04288796,0.04193593,0.04087688,0.03971176,0.03845036,0.03709062,0.03564212,0.03410343,0.03247235,0.03074429,0.02892621,0.02702945,0.02506457,0.02301623,0.02087795,0.01866171,0.01638912,0.0140372,0.0116112,0.009134955,0.00659618,0.003995455,0.001364104,-0.001327773,-0.004039237
-0.006505838,-0.009294603,-0.01210416,-0.01491117,-0.01772827,-0.02051753,-0.02329601,-0.02602182,-0.02871088,-0.03132142,-0.03386566,-0.03630451,-0.0386453,-0.04085298,-0.04293002,-0.04484633,-0.04660001,-0.04816672,-0.04954033,-0.05070366,-0.0516468,-0.05235902,-0.05283109,-0.05305422,-0.05302348,-0.05273326,-0.05218148,-0.05136644,-0.05028972,-0.04895334,-0.04736302,-0.04552533,-0.04344838,-0.04114337,-0.03862291,-0.03589966,-0.03299206,-0.02991341,-0.02668702,-0.02332694,-0.01985995,-0.01630096,-0.0126784,-0.009008797,-0.005319214,-0.001630066,0.002038581,0.005656636,0.009220461,0.0126797,0.01606206,0.0192863,0.02240769,0.02535109,0.02812496,0.0307612,0.03313928,0.03538199,0.03742351,0.03919178,0.04082201,0.04225978,0.04342121,0.04439361,0.04522156,0.04585002,0.04625473,0.04647673,0.04654954,0.04647085,0.04624342,0.04586028,0.0453442,0.04469773,0.04393525,0.04305873,0.04207985,0.04099729,0.0398195,0.0385437,0.03717899,0.03571991,0.03417307,0.03254465,0.03084334,0.02906418,0.02719726,0.02523381,0.0231947,0.0210907,0.01891226,0.01664013,0.01430638,0.01191131,0.0094359,0.006903205,0.004322138,0.001668972,-0.001009813,-0.003746698
-0.006187554,-0.009000891,-0.01183466,-0.01469427,-0.01754458,-0.02040411,-0.02322902,-0.02603914,-0.02878849,-0.03149398,-0.0341111,-0.03665175,-0.03907506,-0.0413873,-0.04355237,-0.04557133,-0.04741381,-0.04907599,-0.05053453,-0.0517807,-0.05279929,-0.05357894,-0.05410899,-0.05438181,-0.05438856,-0.05412513,-0.05358705,-0.05277385,-0.05168524,-0.05032495,-0.04869672,-0.0468079,-0.04466811,-0.0422878,-0.03967978,-0.03686064,-0.03384397,-0.03065243,-0.02730029,-0.02381487,-0.02021116,-0.01651951,-0.01275601,-0.008951431,-0.005124446,-0.001301792,0.002490855,0.006239163,0.009901765,0.01349052,0.0169333,0.02028236,0.02343946,0.0264578,0.02929793,0.03190118,0.0343817,0.03658486,0.03857503,0.04042416,0.04197648,0.04329566,0.04447932,0.04543651,0.04612963,0.04663491,0.04699498,0.04718118,0.04717544,0.04700039,0.04667334,0.04622148,0.04563846,0.04493933,0.0441241,0.04320554,0.04218351,0.04107061,0.03986656,0.03858227,0.03721319,0.03576977,0.03424792,0.03264281,0.03094663,0.02916632,0.02731418,0.02540091,0.02340438,0.02131481,0.01914582,0.01692197,0.01461126,0.01221924,0.009773398,0.0072551,0.004663704,0.00203565,-0.0006695522,-0.003401931
-0.005814033,-0.008654043,-0.01153047,-0.01441869,-0.01733554,-0.0202374,-0.02314712,-0.02601544,-0.02886404,-0.03164316,-0.03436989,-0.03699718,-0.03953605,-0.04194389,-0.0442255,-0.04634397,-0.04829836,-0.05005852,-0.05161801,-0.05295521,-0.0540586,-0.05491442,-0.05551147,-0.0558383,-0.05588868,-0.05565479,-0.05513375,-0.05432232,-0.05322185,-0.05183354,-0.05016364,-0.04821875,-0.04600788,-0.04354325,-0.04083907,-0.03790935,-0.03477536,-0.03145168,-0.02796557,-0.02433235,-0.02058363,-0.01673554,-0.01282184,-0.008860342,-0.00488337,-0.0009132631,0.003026119,0.006900637,0.01070674,0.014385,0.01797133,0.02136645,0.02464279,0.02770616,0.03057291,0.03328149,0.03568497,0.03794103,0.03996438,0.04167095,0.0432329,0.04457983,0.04561149,0.04644181,0.04712562,0.04759476,0.0478225,0.04786351,0.04776036,0.04751107,0.04711992,0.04657972,0.04591976,0.04514338,0.04426872,0.04329764,0.04224393,0.04110472,0.03988918,0.03859194,0.03722265,0.03577241,0.03424745,0.0326535,0.0309988,0.02927449,0.02746584,0.02556037,0.02358252,0.02154297,0.01942682,0.01720862,0.01492717,0.01257922,0.01013919,0.007634482,0.005072554,0.002422201,-0.0002609327,-0.003020938
-0.005384442,-0.008247889,-0.01114973,-0.01409688,-0.01705039,-0.0200341,-0.0229974,-0.02596616,-0.02888632,-0.03178039,-0.03459527,-0.03734731,-0.03998725,-0.04252444,-0.04491496,-0.04716145,-0.04922649,-0.05110655,-0.05277247,-0.05421444,-0.055413,-0.05635462,-0.05702551,-0.05741623,-0.05751502,-0.05731659,-0.05681439,-0.05600727,-0.05489368,-0.0534775,-0.05176194,-0.04975516,-0.04746744,-0.04491057,-0.0420987,-0.03905092,-0.03578229,-0.0323193,-0.02867764,-0.02488963,-0.02097166,-0.01695983,-0.01287162,-0.008743878,-0.004596915,-0.0004629721,0.00362942,0.007663005,0.01159012,0.01542587,0.01908402,0.02263073,0.02594541,0.02909884,0.03203964,0.03470172,0.0372262,0.03942142,0.0413751,0.04317256,0.0446234,0.0458142,0.04686488,0.04766165,0.04816417,0.04847064,0.04863417,0.0486194,0.04840764,0.04802962,0.04750843,0.04687871,0.04613253,0.04528952,0.04434991,0.04332912,0.04222606,0.04105523,0.03981457,0.0385154,0.03714982,0.03572902,0.03424485,0.03268911,0.03104976,0.02933348,0.02755336,0.02571961,0.02380189,0.02178675,0.01969006,0.01753932,0.01529178,0.01295406,0.01055752,0.008075808,0.005507621,0.002894559,0.0001840687,-0.002563357
-0.004858534,-0.007747897,-0.01069263,-0.01366809,-0.01669501,-0.01972432,-0.02278486,-0.02581963,-0.02885638,-0.03183663,-0.03478266,-0.03763837,-0.04041856,-0.04307193,-0.04560563,-0.0479745,-0.05017856,-0.0521804,-0.05397313,-0.05552943,-0.05683585,-0.05787452,-0.05863197,-0.05909316,-0.05925033,-0.05909276,-0.05861652,-0.05781634,-0.05669331,-0.05524756,-0.05348599,-0.05141508,-0.04904496,-0.0463891,-0.04346376,-0.0402845,-0.03687612,-0.03325481,-0.02945275,-0.02548683,-0.02139471,-0.01719399,-0.01292523,-0.008607734,-0.004280656,3.158566e-05,0.004299729,0.008485382,0.01258381,0.01652576,0.02035525,0.02395263,0.02741003,0.03060969,0.03357904,0.03636141,0.03878099,0.04103627,0.04301676,0.04462784,0.04608407,0.04729456,0.04814231,0.04877397,0.04925497,0.0495024,0.0494885,0.0492854,0.04894621,0.04846998,0.04786349,0.04712025,0.04627795,0.04534099,0.04433203,0.0432526,0.04211874,0.04092523,0.03968161,0.03837872,0.03702636,0.03561056,0.03413667,0.03260913,0.03103498,0.02940026,0.02768409,0.02586992,0.02398646,0.02204372,0.02002021,0.01788401,0.01568205,0.01340623,0.01102388,0.008567907,0.006043237,0.003410758,0.0007363413,-0.002037895
-0.004215835,-0.007119123,-0.01008385,-0.01311763,-0.01617858,-0.01929597,-0.02241241,-0.02556022,-0.02867665,-0.03179029,-0.03483849,-0.03784242,-0.04074306,-0.04355313,-0.0462193,-0.04874589,-0.05108692,-0.05323906,-0.05516576,-0.05685594,-0.05828456,-0.05943553,-0.06029089,-0.06083895,-0.06106421,-0.0609599,-0.06051659,-0.05973241,-0.05860397,-0.05713538,-0.0553289,-0.05319376,-0.05074071,-0.04798329,-0.04493716,-0.04162439,-0.03806182,-0.03428055,-0.03029807,-0.02615266,-0.02186248,-0.01747072,-0.01299651,-0.008484393,-0.003956433,0.0005478157,0.00499691,0.009368943,0.01360961,0.01773629,0.02164709,0.02542369,0.02891871,0.03222435,0.03527276,0.03799177,0.04055198,0.04271775,0.04460747,0.0463195,0.0476227,0.04863342,0.04949603,0.05006946,0.05031291,0.05035172,0.05025106,0.04996802,0.04948477,0.0488427,0.04807298,0.04721922,0.04627256,0.04525821,0.04417638,0.04304561,0.04186329,0.04064553,0.03938736,0.03810004,0.03677069,0.03541014,0.03400484,0.0325414,0.03100262,0.02939461,0.02773109,0.02602088,0.02422389,0.02232285,0.0203369,0.0182965,0.01614625,0.01389518,0.01157885,0.009161648,0.006642492,0.004068098,0.001372204,-0.001372423
-0.003372634,-0.00628903,-0.009283994,-0.01233478,-0.01546573,-0.01862301,-0.02184174,-0.02505707,-0.02830337,-0.03151257,-0.03471272,-0.03783743,-0.04090569,-0.04385585,-0.04669758,-0.04937578,-0.05189146,-0.05419818,-0.05628844,-0.05812746,-0.05969965,-0.06098163,-0.06195709,-0.06260631,-0.06291959,-0.0628823,-0.06248914,-0.06173213,-0.06061187,-0.05912685,-0.0572846,-0.05509117,-0.05255803,-0.04969976,-0.04653506,-0.0430812,-0.03936711,-0.03541088,-0.0312505,-0.02690471,-0.02241844,-0.01781105,-0.01313146,-0.008400651,-0.003666468,0.001044595,0.005695811,0.01024448,0.01468298,0.01893137,0.02304184,0.02687148,0.0305348,0.03388482,0.03696436,0.03981883,0.04224063,0.04447635,0.04638262,0.04785705,0.04916241,0.05018086,0.05077865,0.0511433,0.05135076,0.05130118,0.05096775,0.05044552,0.04979989,0.04903194,0.04815261,0.04715725,0.04609501,0.04497145,0.04381438,0.04262482,0.04142096,0.0401939,0.03895263,0.03768295,0.03639356,0.03506299,0.03369514,0.03229175,0.03085781,0.02937253,0.02780733,0.02614119,0.02440823,0.02261739,0.020739,0.01873459,0.01666129,0.01450452,0.01222409,0.009859966,0.007412961,0.004835703,0.002205407,-0.000552422
-0.002268825,-0.005169079,-0.00816156,-0.01125358,-0.01440203,-0.01764167,-0.02090886,-0.02424285,-0.02757189,-0.03093105,-0.0342472,-0.03754671,-0.04075943,-0.04390143,-0.0469082,-0.04978585,-0.05247772,-0.05498061,-0.05724854,-0.05926878,-0.06100896,-0.06244992,-0.06356792,-0.06434854,-0.06477109,-0.06482689,-0.06450254,-0.06379513,-0.0626985,-0.06121672,-0.05935048,-0.05711013,-0.0545066,-0.05155517,-0.04827299,-0.04468558,-0.04081164,-0.03668761,-0.03233301,-0.02779324,-0.02308836,-0.01827027,-0.0133598,-0.008411242,-0.003448307,0.001479793,0.006338892,0.01110002,0.01570218,0.02016337,0.02436464,0.02840425,0.0321027,0.03557883,0.03874158,0.04151526,0.04410197,0.0462133,0.04800788,0.04959481,0.05069501,0.05146378,0.05207216,0.05234526,0.0522452,0.05193094,0.05148173,0.05084577,0.05000871,0.04902611,0.0479406,0.04680716,0.04561675,0.04440206,0.04316341,0.04192315,0.04067635,0.0394403,0.03820544,0.03698215,0.03575002,0.03451859,0.03326654,0.03197308,0.03061444,0.02919546,0.02773046,0.02622567,0.02462905,0.02291963,0.02112126,0.019267,0.01728665,0.01519339,0.01302725,0.01074121,0.008335544,0.005861592,0.003237248,0.0005494335
-0.0007591686,-0.00363633,-0.006623361,-0.009702406,-0.01290103,-0.01616194,-0.01952692,-0.02292345,-0.02639302,-0.02985724,-0.03335033,-0.0367942,-0.04021234,-0.04353064,-0.04676134,-0.04983721,-0.05275994,-0.0554717,-0.05796403,-0.06019237,-0.06213835,-0.06377116,-0.06507076,-0.06601117,-0.06657987,-0.06675681,-0.06653486,-0.06590192,-0.06485776,-0.06339803,-0.06153089,-0.0592611,-0.05660163,-0.05356763,-0.0501804,-0.04645899,-0.04243693,-0.03813433,-0.03359592,-0.02884258,-0.02392787,-0.01887311,-0.01373751,-0.008543729,-0.003350789,0.00181297,0.006900546,0.01186519,0.01669377,0.02129521,0.02572896,0.02982512,0.03372431,0.03724265,0.04044424,0.04337184,0.04578271,0.04798067,0.04977785,0.05106696,0.05216766,0.05292569,0.05319047,0.0532005,0.05304177,0.05259395,0.05183376,0.05088632,0.0498324,0.04867696,0.0474374,0.04611357,0.04477018,0.04341561,0.04208509,0.04077954,0.03951968,0.03829169,0.03710295,0.03593197,0.03478505,0.03363044,0.03246892,0.0312982,0.03011896,0.02890069,0.02760445,0.02620415,0.02474006,0.02321928,0.02160163,0.01984168,0.01800925,0.01608076,0.01400773,0.01183888,0.009568503,0.007140447,0.004644013,0.001984427
0.00124662,-0.00155602,-0.004496161,-0.007579376,-0.01076401,-0.01409012,-0.01748893,-0.02100681,-0.02456291,-0.02819905,-0.03183042,-0.03548866,-0.0390906,-0.04265547,-0.04610521,-0.04944727,-0.05261157,-0.05559449,-0.05833778,-0.06082645,-0.06301802,-0.06488945,-0.06640892,-0.06755828,-0.06830962,-0.0686515,-0.06856488,-0.06804498,-0.06708153,-0.06567805,-0.06383257,-0.06155645,-0.05886001,-0.05576031,-0.05227567,-0.04843539,-0.04426006,-0.03979226,-0.03505368,-0.03009823,-0.02494806,-0.01966573,-0.01427385,-0.008838974,-0.003386369,0.002022018,0.007349691,0.01255725,0.01757726,0.0224257,0.02696492,0.03131016,0.03524395,0.03891769,0.04220789,0.04503924,0.04764638,0.04967698,0.05134162,0.05275461,0.05358106,0.05402679,0.05429101,0.0541551,0.05358843,0.05279161,0.05186049,0.05073187,0.04939906,0.04793743,0.0464066,0.04487842,0.04334582,0.0418546,0.04040799,0.03903484,0.03772834,0.03650755,0.03535662,0.03428323,0.03325623,0.03228242,0.0313281,0.03036119,0.02934736,0.02828781,0.0271963,0.02607366,0.02485197,0.02350573,0.0220649,0.0205643,0.01891552,0.01713787,0.01527576,0.01326753,0.01111648,0.008877202,0.006449062,0.003935134
0.003912786,0.001192207,-0.001684655,-0.004709367,-0.007911513,-0.01123277,-0.01472131,-0.01829767,-0.02201045,-0.02577038,-0.02961764,-0.03346069,-0.03732705,-0.04112779,-0.04487707,-0.04849235,-0.05197527,-0.05525319,-0.05831582,-0.06110553,-0.0636001,-0.06575824,-0.06755505,-0.06895563,-0.06994357,-0.07049114,-0.07058833,-0.07021704,-0.06937553,-0.06805523,-0.06626447,-0.0640056,-0.06129302,-0.05814194,-0.05457651,-0.05061739,-0.04630335,-0.04165674,-0.03673025,-0.03154721,-0.02617173,-0.0206274,-0.0149862,-0.009272565,-0.003559923,0.002121833,0.007711584,0.01315914,0.0184419,0.02345772,0.02827093,0.03268098,0.03685834,0.04057238,0.04391606,0.04692188,0.04930866,0.05144779,0.05309052,0.05412856,0.05494875,0.05534639,0.05515253,0.05466928,0.05399067,0.05297019,0.0515904,0.05001642,0.04834939,0.04660277,0.04480588,0.04297079,0.04118789,0.03947534,0.03788341,0.0364165,0.03510061,0.03391582,0.03286605,0.03191746,0.03107095,0.03027841,0.02953276,0.02882311,0.02813939,0.02743524,0.02665509,0.02576557,0.02481349,0.02380212,0.02267681,0.02138515,0.02001233,0.01852224,0.01685729,0.01507724,0.01316641,0.01105969,0.00885901,0.006444727
0.007261424,0.004696373,0.001925954,-0.001051151,-0.004199132,-0.007562387,-0.01106911,-0.01477239,-0.01858252,-0.02254773,-0.02657027,-0.03068635,-0.03479718,-0.03892448,-0.04297322,-0.04695096,-0.05077046,-0.05442639,-0.05784424,-0.06100553,-0.06385387,-0.06636079,-0.06848338,-0.07019804,-0.07146709,-0.07227504,-0.07259472,-0.07241869,-0.07173058,-0.07053307,-0.06881997,-0.06660356,-0.06389245,-0.06070607,-0.05706363,-0.05299869,-0.04853403,-0.04371951,-0.03857949,-0.03317811,-0.02754038,-0.02174183,-0.01580741,-0.009819054,-0.00380365,0.002160137,0.00803399,0.01376356,0.01927563,0.02458008,0.02951945,0.03422585,0.03843671,0.04234269,0.04577583,0.04866643,0.0512816,0.05319037,0.05467027,0.05583238,0.05627325,0.05626288,0.05602852,0.0552925,0.05403481,0.0525081,0.05082875,0.04891903,0.04678714,0.04454046,0.04227009,0.04008071,0.03797825,0.03603544,0.03426682,0.03271418,0.03136951,0.03025118,0.02932972,0.02860235,0.02801818,0.02757533,0.02721816,0.0268924,0.02654457,0.0261669,0.02577009,0.025345,0.02480278,0.02411226,0.02331268,0.02244004,0.02138337,0.02017212,0.018855,0.01735199,0.01567246,0.01387188,0.01182869,0.009664146
0.01134927,0.008940621,0.006309852,0.003448863,0.0003280838,-0.002997543,-0.006581536,-0.01033952,-0.01432621,-0.0184414,-0.02273008,-0.02708538,-0.03153723,-0.03597886,-0.04042448,-0.04477219,-0.04902176,-0.05308127,-0.05693689,-0.06051331,-0.06378291,-0.0666898,-0.06920257,-0.07127405,-0.07288253,-0.07398975,-0.07458169,-0.07463211,-0.07413708,-0.07308231,-0.07147608,-0.06931719,-0.0666218,-0.06340495,-0.05969436,-0.05551245,-0.05090448,-0.04589574,-0.0405486,-0.03488975,-0.02899634,-0.02289494,-0.01667354,-0.01035877,-0.004042426,0.002244301,0.008421378,0.01443614,0.02025135,0.02575444,0.03101123,0.03578775,0.0402867,0.04421967,0.04771747,0.0507916,0.053119,0.05514947,0.05655196,0.05722206,0.05762203,0.05747591,0.05659051,0.05534758,0.05384493,0.05190141,0.04950935,0.04689462,0.04419239,0.04144021,0.03869836,0.03601345,0.03352731,0.03127958,0.02934546,0.02773464,0.0264749,0.02552535,0.02486824,0.02443919,0.02422413,0.02414872,0.02419244,0.02432716,0.02452177,0.02470525,0.02479787,0.02475991,0.02464906,0.02446449,0.02413305,0.02359807,0.02296535,0.02218199,0.02118152,0.02003899,0.018723,0.0171611,0.01546721,0.01349131
0.01599212,0.01384476,0.0113985,0.008659191,0.005649181,0.002321417,-0.001253755,-0.005134725,-0.009224625,-0.01357632,-0.01807833,-0.02276926,-0.02753203,-0.03238822,-0.03722177,-0.04203773,-0.04672695,-0.05127994,-0.05560089,-0.05966574,-0.06339943,-0.06676622,-0.06970822,-0.07219463,-0.07417492,-0.07562831,-0.07651713,-0.07683062,-0.07654461,-0.07566077,-0.07416755,-0.07207875,-0.06940073,-0.06615634,-0.06236579,-0.05806834,-0.05328976,-0.04808902,-0.0424943,-0.03658244,-0.03038239,-0.02398571,-0.0174206,-0.01078817,-0.004117145,0.002492491,0.009001402,0.01533488,0.02141545,0.02724155,0.03263624,0.03774706,0.04225924,0.04640977,0.0499717,0.05288715,0.05545362,0.05714185,0.0583137,0.05906375,0.05889736,0.05816362,0.05711783,0.05539818,0.05299975,0.05024876,0.04730125,0.04407339,0.04061152,0.03708372,0.03365071,0.0304885,0.02763274,0.02518764,0.02316951,0.02162612,0.02053008,0.01986798,0.01955514,0.01955227,0.01978303,0.0202508,0.02087781,0.02157107,0.02224612,0.02288467,0.02350234,0.02408027,0.02450685,0.02474906,0.02486468,0.02488922,0.02468504,0.02429892,0.02378295,0.02303346,0.02207072,0.02094552,0.01951298,0.0179129
0.02106015,0.01917097,0.01697559,0.01443842,0.011532,0.008300301,0.0046862,0.0007749009,-0.003492217,-0.008004818,-0.01280968,-0.01778285,-0.02295325,-0.0281924,-0.03351082,-0.03878265,-0.04400225,-0.04905328,-0.05391546,-0.05849074,-0.06274391,-0.0666002,-0.07001974,-0.07293998,-0.07533246,-0.07714597,-0.07836206,-0.07894462,-0.07888761,-0.07816985,-0.07680038,-0.074774,-0.07211012,-0.06882355,-0.06494718,-0.06050619,-0.05555423,-0.05012081,-0.04428044,-0.03806459,-0.0315662,-0.02481621,-0.01792208,-0.01091333,-0.003904322,0.003072824,0.009914136,0.01656607,0.02297112,0.02900818,0.03474011,0.03989746,0.04471718,0.048841,0.05244681,0.0555113,0.05766238,0.05944015,0.06039917,0.06043968,0.06010975,0.05903082,0.05697338,0.05443105,0.05151327,0.04800459,0.04393348,0.03965856,0.035394,0.03121886,0.02725464,0.02363136,0.02055641,0.01803527,0.01612738,0.01482884,0.01414323,0.01394023,0.01410319,0.01450597,0.01516982,0.01605885,0.01716057,0.01839826,0.01969308,0.02095632,0.02209639,0.02308348,0.02399739,0.0248347,0.02549709,0.02592845,0.02626085,0.02641566,0.02631828,0.02606199,0.0255895,0.02482337,0.02388382,0.02258415
0.02615677,0.02467896,0.0227844,0.02048752,0.0177864,0.01463305,0.01108946,0.007094547,0.002749253,-0.002000023,-0.007027798,-0.01237028,-0.01788944,-0.02360134,-0.02936481,-0.0351776,-0.04090373,-0.04652561,-0.05192126,-0.05705816,-0.06183827,-0.06621682,-0.07011743,-0.0735011,-0.07630207,-0.07849397,-0.08002736,-0.08088838,-0.08104444,-0.08049685,-0.07922887,-0.07725725,-0.07458664,-0.07124472,-0.06725377,-0.06266081,-0.057496,-0.05182957,-0.04569526,-0.03918506,-0.03233331,-0.02525082,-0.01796998,-0.01061478,-0.003215805,0.004101179,0.01129722,0.01827193,0.02494626,0.03130152,0.03714256,0.04262937,0.04738835,0.05170846,0.05528585,0.05807808,0.06040798,0.06161646,0.06216783,0.06212059,0.06085329,0.05881988,0.05632351,0.05289311,0.04857499,0.04383805,0.03895197,0.03391162,0.02885868,0.02395397,0.01947739,0.01580278,0.01289852,0.01071055,0.009163371,0.008327244,0.008128844,0.008420556,0.008939906,0.009621261,0.01053902,0.0119052,0.01359381,0.01531153,0.01692204,0.0184898,0.02008755,0.02167423,0.02310615,0.02435326,0.02550033,0.02657154,0.02739424,0.02803836,0.02855297,0.02880149,0.02881929,0.02864021,0.0280934,0.02733221
0.03106605,0.02998875,0.0285046,0.02653793,0.02406422,0.02110705,0.01760792,0.01364762,0.009167816,0.004287645,-0.001035763,-0.006659624,-0.01260547,-0.0187195,-0.02500259,-0.03130055,-0.03759724,-0.04374766,-0.04972147,-0.05539405,-0.06072062,-0.06560455,-0.06999655,-0.07381708,-0.07703067,-0.07957254,-0.08142043,-0.08252819,-0.08288895,-0.08247487,-0.0812976,-0.07934855,-0.07665255,-0.07322462,-0.06910527,-0.0643236,-0.05894386,-0.05300107,-0.04658435,-0.03973109,-0.0325528,-0.02508575,-0.01746004,-0.009708286,-0.00197122,0.005719212,0.01323037,0.02051058,0.0274763,0.03400119,0.04013905,0.04558269,0.05060279,0.05475538,0.05827072,0.06107166,0.0627175,0.06385425,0.06387119,0.06267196,0.06092576,0.05812182,0.05399133,0.04925108,0.04412165,0.03837716,0.03206266,0.02604084,0.02072928,0.0157548,0.01139472,0.008197555,0.006058107,0.004486117,0.003505435,0.003195825,0.003533421,0.004185495,0.004828211,0.005364454,0.006251073,0.00781439,0.009840122,0.01177562,0.01364132,0.01562254,0.01756242,0.0193915,0.02123282,0.02307294,0.02476317,0.02625049,0.02769326,0.02896986,0.0299958,0.03088102,0.0315283,0.03185531,0.03197776,0.03166459
0.03533187,0.03485271,0.03381963,0.03225278,0.03011626,0.02736094,0.02403441,0.02007558,0.01558749,0.01052105,0.005017003,-0.0009517489,-0.007222972,-0.01380055,-0.02051443,-0.02734915,-0.03413851,-0.04085244,-0.04734016,-0.05355817,-0.05938369,-0.06476193,-0.06959745,-0.07384297,-0.07741808,-0.08029147,-0.08240295,-0.08373678,-0.08425335,-0.08395515,-0.08282182,-0.08087465,-0.07811801,-0.07458604,-0.0703048,-0.06533041,-0.05969909,-0.05349363,-0.04675494,-0.03959146,-0.03204453,-0.02424575,-0.01623279,-0.008154597,-4.385943e-05,0.007945005,0.01577449,0.02331459,0.03048678,0.03724999,0.04339008,0.04907447,0.05385691,0.05808,0.06133453,0.06359012,0.06518696,0.06528192,0.06447505,0.06278574,0.05941585,0.05502566,0.05008271,0.0439628,0.03698797,0.03004732,0.02309986,0.01705315,0.01249383,0.007709851,0.003951245,0.002351287,0.001539955,0.00105388,0.0007021358,0.0006562759,0.0007934464,0.001110758,0.001357629,0.001646584,0.002287885,0.004146565,0.006545987,0.008109979,0.009617336,0.01169824,0.013937,0.01621576,0.0184602,0.02060121,0.02275802,0.02492505,0.02687966,0.0287171,0.03047602,0.03197219,0.03325923,0.03433765,0.03500771,0.03542444
0.0388339,0.03889962,0.03846591,0.0373682,0.03562055,0.03318139,0.0300284,0.0261989,0.02167434,0.01654888,0.01082363,0.004630246,-0.002006626,-0.00893551,-0.01611164,-0.02337861,-0.0306775,-0.03785981,-0.04485681,-0.05154157,-0.05783536,-0.06364267,-0.06888401,-0.07348461,-0.07738402,-0.08052411,-0.08286314,-0.08436333,-0.08500369,-0.0847659,-0.08365297,-0.08166625,-0.07882699,-0.07516138,-0.07071084,-0.06551606,-0.05964758,-0.05315097,-0.04612805,-0.03862416,-0.03077081,-0.02260813,-0.01429388,-0.005858582,0.002521162,0.01082319,0.01887134,0.0266308,0.03397065,0.04077838,0.04706952,0.05251378,0.05737917,0.06113799,0.06403552,0.06595772,0.06630923,0.06593327,0.06392536,0.0603017,0.05589623,0.05015834,0.04280313,0.0349874,0.02727909,0.02066071,0.01238309,0.00622968,0.003965452,0.001794711,0.0007186186,0.0003853036,0.0003233474,0.0002780606,0.0002543742,0.0001644114,9.027222e-05,1.516301e-05,3.194986e-05,8.527522e-05,0.0002838901,0.0008555092,0.002069958,0.002904311,0.004719191,0.007526446,0.009615971,0.01179867,0.0143671,0.01703159,0.01965487,0.02216476,0.02478271,0.02728778,0.02961896,0.03186284,0.03390659,0.03562037,0.03714386,0.03814974
0.04120118,0.04200541,0.04220017,0.04163197,0.04039577,0.03826743,0.03544619,0.03170421,0.02731394,0.02207049,0.0162965,0.009817827,0.002984846,-0.004347703,-0.01182102,-0.01955825,-0.02720804,-0.03487812,-0.04223895,-0.04938465,-0.05602239,-0.06223362,-0.06776338,-0.07269896,-0.07680947,-0.08019754,-0.08266042,-0.0843152,-0.08498766,-0.08481146,-0.08363879,-0.08162024,-0.07864019,-0.07485946,-0.0701923,-0.06481803,-0.05866846,-0.05194753,-0.04459774,-0.03684714,-0.0286441,-0.02023841,-0.01157914,-0.002932512,0.005753981,0.01420995,0.02247952,0.03032116,0.03772878,0.04456293,0.05064639,0.05608428,0.06037593,0.06386427,0.06602837,0.06682227,0.06663592,0.06432222,0.06073298,0.05597662,0.04894589,0.04068378,0.03266875,0.0237174,0.01310121,0.007118991,0.002818626,0.0008331298,0.0003706263,0.0003192747,0.0005038904,0.0004372188,0.0003854443,0.0002853923,0.0002457509,0.0001771281,0.0001678537,0.0001361393,0.0001489706,0.0001035533,2.840157e-05,-0.0001964347,-0.0001836074,7.027742e-05,0.000756202,0.002296049,0.004002958,0.006839556,0.009679384,0.01223859,0.01525673,0.01835339,0.02141095,0.0244124,0.02755441,0.0304004,0.03320796,0.03575561,0.03797748,0.03984229
0.042457,0.04392472,0.0448683,0.04490684,0.04420465,0.04253108,0.04001646,0.0365354,0.03223079,0.02705544,0.02117859,0.01460448,0.007528265,-1.851889e-05,-0.007822378,-0.01584432,-0.02386137,-0.03184303,-0.03956261,-0.04701377,-0.05396554,-0.06044722,-0.0662317,-0.07137289,-0.07566793,-0.07918929,-0.08175781,-0.08346783,-0.0841656,-0.08396571,-0.08274268,-0.0806307,-0.07752673,-0.07359096,-0.06874361,-0.06315949,-0.05679231,-0.04982118,-0.0422362,-0.03421463,-0.02578255,-0.01710916,-0.00825434,0.0006258586,0.009443912,0.0180566,0.02636804,0.03422607,0.04157598,0.04817968,0.05413761,0.05893406,0.06295206,0.06537332,0.0666063,0.0663599,0.06400108,0.06047019,0.0546152,0.04667621,0.03820276,0.02818717,0.01595311,0.007524513,0.002191668,0.0003850018,0.0002525522,0.0006674349,0.0006202419,0.0004622629,NaN,NaN,NaN,NaN,NaN,NaN,NaN,NaN,NaN,NaN,NaN,2.153858e-05,8.625763e-05,7.717297e-05,-0.000135176,-0.0001351252,0.0003688667,0.001749817,0.003947102,0.007010553,0.01024728,0.01334414,0.01692401,0.02048432,0.0240851,0.02767289,0.03123716,0.03447129,0.0376435,0.04018655
0.04234557,0.04467759,0.04634623,0.04705953,0.04699267,0.04577727,0.04372545,0.04047558,0.03643962,0.03129026,0.02550616,0.01879758,0.01167831,0.003889945,-0.004045101,-0.01236356,-0.0205549,-0.02884231,-0.03674426,-0.04447202,-0.05158991,-0.05829614,-0.06420354,-0.06951422,-0.07387447,-0.07749992,-0.08007332,-0.08182175,-0.08246491,-0.08224245,-0.0809085,-0.07871499,-0.0754571,-0.07139106,-0.06635185,-0.06060708,-0.05401978,-0.04687562,-0.03905858,-0.03087199,-0.02221674,-0.0134112,-0.00436965,0.004579526,0.01350839,0.02209183,0.03037447,0.0380744,0.04515795,0.05147881,0.05676456,0.06117768,0.06394057,0.06554905,0.06507201,0.06280224,0.0590512,0.05237426,0.0433524,0.03444551,0.02053451,0.009286612,0.002385175,0.0001660722,0.0004095888,0.000766338,0.0005445405,NaN,NaN,NaN,NaN,NaN,NaN,NaN,NaN,NaN,NaN,NaN,NaN,NaN,NaN,NaN,NaN,NaN,5.663735e-06,7.750214e-05,-1.848317e-06,-0.0001260052,0.0003418944,0.001858496,0.004490864,0.008143751,0.01161281,0.01545568,0.01968322,0.02369581,0.02793679,0.03201368,0.03587119,0.03935445
0.04105206,0.04409705,0.04661803,0.04804971,0.04864825,0.04802486,0.04642049,0.04357904,0.0397762,0.03485225,0.02912301,0.02248872,0.01529741,0.007477608,-0.0006036888,-0.0090138,-0.01737894,-0.02578052,-0.03384535,-0.04168538,-0.04892685,-0.05572431,-0.06171008,-0.06706914,-0.07146057,-0.07509125,-0.07764655,-0.07935718,-0.07993616,-0.07963557,-0.07819904,-0.07589827,-0.07250207,-0.06830835,-0.06311136,-0.0572236,-0.0504769,-0.0431862,-0.03522612,-0.02690664,-0.01814731,-0.009245753,-0.0001687557,0.008804224,0.0176593,0.0261361,0.03418788,0.04155466,0.04821052,0.05381923,0.05850814,0.06161119,0.06352118,0.06308658,0.06069883,0.05623078,0.0488995,0.04061498,0.02689179,0.01373462,0.003595861,0.0002448,0.0002970855,0.0007612667,0.00039261,NaN,NaN,NaN,NaN,NaN,NaN,NaN,NaN,NaN,NaN,NaN,NaN,NaN,NaN,NaN,NaN,NaN,NaN,NaN,NaN,NaN,-2.111185e-05,5.798253e-05,2.324533e-05,-6.211773e-05,0.0005672936,0.002650903,0.005926861,0.01014877,0.01427024,0.0187815,0.02357619,0.02822623,0.03298853,0.03710916
0.03832834,0.04238272,0.04558105,0.04790619,0.04914974,0.04923564,0.04812576,0.0457818,0.04229321,0.03767391,0.03209705,0.02561904,0.01845839,0.01069776,0.002570775,-0.005829743,-0.01427679,-0.02267976,-0.03083491,-0.03865729,-0.04598194,-0.05272844,-0.05877144,-0.06405246,-0.06846687,-0.07198963,-0.07453656,-0.07611472,-0.07665813,-0.07620884,-0.07471391,-0.07225246,-0.06878866,-0.06443238,-0.05916171,-0.05312822,-0.04630822,-0.03890668,-0.0308865,-0.02251254,-0.01372471,-0.004854538,0.004190526,0.01300371,0.02171737,0.02984453,0.03755574,0.04430673,0.05027924,0.05496539,0.05841805,0.06034115,0.06026947,0.05796151,0.05280147,0.04424206,0.03552604,0.02072833,0.006854954,0.0009621944,-0.0001413783,0.0008416515,0.0001861974,NaN,NaN,NaN,NaN,NaN,NaN,NaN,NaN,NaN,NaN,NaN,NaN,NaN,NaN,NaN,NaN,NaN,NaN,NaN,NaN,NaN,NaN,NaN,NaN,NaN,-4.404999e-05,0.0001105792,-3.148974e-05,0.0001097299,0.001216194,0.00434604,0.008716235,0.01307986,0.01822261,0.02358741,0.02874701,0.03382159
0.03456292,0.0393367,0.04339094,0.04657078,0.04854375,0.04941456,0.04884081,0.04712571,0.0439733,0.03981851,0.03440984,0.028259,0.02114637,0.01361653,0.005466016,-0.002759618,-0.01126065,-0.01951347,-0.02772141,-0.03540174,-0.04275675,-0.04935839,-0.05541065,-0.06052857,-0.06493647,-0.06828295,-0.07081038,-0.07220323,-0.07272072,-0.07208191,-0.07056437,-0.06792126,-0.06444088,-0.05991945,-0.05465412,-0.04847591,-0.04170101,-0.03418541,-0.02626874,-0.01782868,-0.009228665,-0.0003673537,0.00836706,0.01705012,0.02527073,0.0330632,0.04001543,0.04607973,0.05093491,0.05435019,0.05635324,0.05615489,0.05438095,0.04889108,0.04065874,0.02809427,0.0146015,0.002796155,-9.697164e-05,0.0005154621,0.0002529087,NaN,NaN,NaN,NaN,NaN,NaN,NaN,NaN,NaN,NaN,NaN,NaN,NaN,NaN,NaN,NaN,NaN,NaN,NaN,NaN,NaN,NaN,NaN,NaN,NaN,NaN,NaN,NaN,NaN,-4.052974e-06,0.0001176578,-1.355706e-05,0.0005033694,0.003048171,0.007138363,0.01242057,0.01793845,0.02371556,0.02922073
0.0295846,0.03520798,0.04005016,0.04406303,0.04692703,0.04848808,0.04871378,0.04749806,0.04499707,0.04116014,0.03625683,0.03028007,0.02355584,0.01610335,0.008262265,6.154685e-05,-0.008175589,-0.01642117,-0.02438996,-0.03205492,-0.03918765,-0.04575576,-0.05159082,-0.05666809,-0.06086096,-0.06416047,-0.06648298,-0.06782978,-0.06816041,-0.06748547,-0.06580602,-0.06314032,-0.0595391,-0.05501672,-0.04967705,-0.04353658,-0.03674267,-0.02932026,-0.02145746,-0.01318748,-0.004741865,0.003839729,0.01227369,0.02051679,0.02821322,0.0353289,0.04139196,0.04644002,0.04979929,0.0517998,0.05133604,0.04954932,0.044028,0.03683237,0.02251828,0.008263552,0.001083935,-0.0003193892,0.0005776435,NaN,NaN,NaN,NaN,NaN,NaN,NaN,NaN,NaN,NaN,NaN,NaN,NaN,NaN,NaN,NaN,NaN,NaN,NaN,NaN,NaN,NaN,NaN,NaN,NaN,NaN,NaN,NaN,NaN,NaN,NaN,NaN,NaN,0.0001212311,5.223441e-06,0.0002512088,0.001843531,0.006113885,0.01203601,0.01765507,0.02381444
0.02388215,0.02990723,0.03567455,0.04047481,0.04424489,0.04662005,0.04761194,0.0471058,0.04520048,0.04193021,0.03746408,0.03191868,0.0255094,0.01838354,0.0107784,0.002834402,-0.005207952,-0.01323997,-0.02102631,-0.02850881,-0.03545284,-0.04186354,-0.04750806,-0.05244133,-0.05645055,-0.059628,-0.06177839,-0.0630323,-0.06321016,-0.06247872,-0.06067609,-0.05800429,-0.05431153,-0.04984479,-0.04446095,-0.03844435,-0.03167215,-0.02445652,-0.0167023,-0.00874726,-0.0005284545,0.007589366,0.01563002,0.02319351,0.03025683,0.03636334,0.04145244,0.04495999,0.04688517,0.04645963,0.04415369,0.03860141,0.03139828,0.01836386,0.004112183,0.0001464471,3.114133e-05,0.000103929,NaN,NaN,NaN,NaN,NaN,NaN,NaN,NaN,NaN,NaN,NaN,NaN,NaN,NaN,NaN,NaN,NaN,NaN,NaN,NaN,NaN,NaN,NaN,NaN,NaN,NaN,NaN,NaN,NaN,NaN,NaN,NaN,NaN,NaN,NaN,5.120515e-05,0.0001065747,0.0001204112,0.001093981,0.005481493,0.01146867,0.01737673
0.01721174,0.02387838,0.03021365,0.03594136,0.04053071,0.04381261,0.04560995,0.0458987,0.04468532,0.04206092,0.03814297,0.03310336,0.02711146,0.02038436,0.01309783,0.005483697,-0.002306942,-0.01004634,-0.01762759,-0.02483103,-0.03160962,-0.03774676,-0.04325457,-0.04793385,-0.05183253,-0.05477908,-0.05685379,-0.0579095,-0.05805517,-0.05716963,-0.05538536,-0.0526094,-0.04900236,-0.04449215,-0.03926769,-0.03328987,-0.02676073,-0.01969012,-0.01228348,-0.004612254,0.003121018,0.01076673,0.01813049,0.02496023,0.03107153,0.03607945,0.03980014,0.04170728,0.04159804,0.03895193,0.0335229,0.02547224,0.0140288,0.002143937,-0.000332668,0.0002203614,-0.0002414257,NaN,NaN,NaN,NaN,NaN,NaN,NaN,NaN,NaN,NaN,NaN,NaN,NaN,NaN,NaN,NaN,NaN,NaN,NaN,NaN,NaN,NaN,NaN,NaN,NaN,NaN,NaN,NaN,NaN,NaN,NaN,NaN,NaN,NaN,NaN,NaN,NaN,1.727582e-05,0.0001706291,5.811468e-05,0.0007634988,0.004814546,0.01080748
0.01024183,0.01696192,0.02396336,0.03045028,0.03587883,0.04007151,0.04272716,0.04389579,0.04344515,0.04157658,0.03828282,0.03385193,0.0283537,0.02210659,0.01521417,0.007983521,0.000520998,-0.006903295,-0.01419483,-0.02113743,-0.02764634,-0.03356916,-0.03883273,-0.04333063,-0.04702119,-0.0498267,-0.05173604,-0.05269761,-0.05273103,-0.05180512,-0.04997529,-0.04722639,-0.04364621,-0.03924239,-0.03413863,-0.02835316,-0.02206574,-0.01528942,-0.008279048,-0.001031477,0.006102066,0.01315264,0.01964121,0.02564122,0.03049984,0.03435205,0.03630961,0.03658985,0.03402686,0.02902644,0.02036226,0.009784609,0.001160991,-0.000459149,8.383357e-05,NaN,NaN,NaN,NaN,NaN,NaN,NaN,NaN,NaN,NaN,NaN,NaN,NaN,NaN,NaN,NaN,NaN,NaN,NaN,NaN,NaN,NaN,NaN,NaN,NaN,NaN,NaN,NaN,NaN,NaN,NaN,NaN,NaN,NaN,NaN,NaN,NaN,NaN,NaN,NaN,NaN,0.0001694455,6.090201e-05,0.0006060335,0.004125419
0.00340114,0.009568117,0.01707203,0.02405933,0.03038819,0.03536154,0.03904488,0.04102846,0.04154932,0.04040134,0.03793984,0.03409354,0.02927501,0.02348611,0.01714362,0.01027441,0.003263594,-0.0038657,-0.01078044,-0.01746935,-0.02366587,-0.02936643,-0.0343678,-0.03868857,-0.04216171,-0.04483904,-0.04658317,-0.04747629,-0.04740477,-0.04648384,-0.04461639,-0.04195501,-0.0384224,-0.03420372,-0.02924037,-0.0237661,-0.01772371,-0.01141846,-0.004780833,0.001790295,0.008389049,0.01449228,0.02023535,0.02492479,0.02876443,0.03082058,0.03140539,0.02923152,0.02483299,0.01638587,0.006370747,0.0005104905,-0.0004020699,-0.0001163247,NaN,NaN,NaN,NaN,NaN,NaN,NaN,NaN,NaN,NaN,NaN,NaN,NaN,NaN,NaN,NaN,NaN,NaN,NaN,NaN,NaN,NaN,NaN,NaN,NaN,NaN,NaN,NaN,NaN,NaN,NaN,NaN,NaN,NaN,NaN,NaN,NaN,NaN,NaN,NaN,NaN,NaN,NaN,0.0001611772,9.060751e-05,0.0005150064
0.0004393378,0.002704832,0.009342045,0.0170994,0.02389654,0.02993292,0.03437594,0.03749421,0.0388005,0.03869907,0.03692189,0.03396549,0.02969464,0.02463602,0.01871668,0.01244407,0.00576025,-0.0008764107,-0.007531436,-0.01381325,-0.01979537,-0.02516204,-0.02999663,-0.03403882,-0.03740178,-0.03986068,-0.04155705,-0.04229742,-0.04225148,-0.04125053,-0.03949744,-0.03684375,-0.03352262,-0.02941374,-0.02478444,-0.01953142,-0.01397876,-0.008025036,-0.002073234,0.003987044,0.00964849,0.01504336,0.01952164,0.02325831,0.02540243,0.02621607,0.02454023,0.02080446,0.01323387,0.004051359,6.675408e-05,-0.0003130062,-0.0002721983,NaN,NaN,NaN,NaN,NaN,NaN,NaN,NaN,NaN,NaN,NaN,NaN,NaN,NaN,NaN,NaN,NaN,NaN,NaN,NaN,NaN,NaN,NaN,NaN,NaN,NaN,NaN,NaN,NaN,NaN,NaN,NaN,NaN,NaN,NaN,NaN,NaN,NaN,NaN,NaN,NaN,NaN,NaN,NaN,NaN,0.0001533424,0.000110265
0.0001920805,0.00034271,0.002289925,0.009177648,0.01690776,0.02348098,0.02908062,0.03298748,0.03548419,0.03616831,0.03546727,0.03317998,0.02981693,0.02528512,0.02010952,0.01423716,0.008160057,0.00182559,-0.004333869,-0.01038271,-0.01596502,-0.02115293,-0.02566396,-0.02959128,-0.03269735,-0.03510624,-0.03661783,-0.0373824,-0.03723144,-0.03634259,-0.0345723,-0.03212879,-0.02889873,-0.02511471,-0.02069533,-0.01591272,-0.0107033,-0.00540117,4.990232e-05,0.005233071,0.01020608,0.01444084,0.0180106,0.02023029,0.02121866,0.02006255,0.01699768,0.01060312,0.002614329,-0.0001939525,-0.0002832719,-0.0003669312,NaN,NaN,NaN,NaN,NaN,NaN,NaN,NaN,NaN,NaN,NaN,NaN,NaN,NaN,NaN,NaN,NaN,NaN,NaN,NaN,NaN,NaN,NaN,NaN,NaN,NaN,NaN,NaN,NaN,NaN,NaN,NaN,NaN,NaN,NaN,NaN,NaN,NaN,NaN,NaN,NaN,NaN,NaN,NaN,NaN,NaN,NaN,0.0001415049
0.0001391606,0.0002114155,0.0002961326,0.002072785,0.008979049,0.01655753,0.02279759,0.02790273,0.03124429,0.03312329,0.03322892,0.0320007,0.02931134,0.02566199,0.02101104,0.01585391,0.0101715,0.004411537,-0.001453182,-0.007046787,-0.01240692,-0.01724127,-0.02159906,-0.02525117,-0.02827721,-0.03049053,-0.03199764,-0.03265025,-0.03257945,-0.03166936,-0.03007878,-0.02772117,-0.02477847,-0.0212042,-0.017205,-0.0127668,-0.008141989,-0.003336974,0.001330715,0.00584126,0.009791574,0.01315778,0.01542076,0.01656928,0.01590696,0.01351077,0.008343147,0.001730943,-0.0003237658,-0.0002996202,-0.0004088019,NaN,NaN,NaN,NaN,NaN,NaN,NaN,NaN,NaN,NaN,NaN,NaN,NaN,NaN,NaN,NaN,NaN,NaN,NaN,NaN,NaN,NaN,NaN,NaN,NaN,NaN,NaN,NaN,NaN,NaN,NaN,NaN,NaN,NaN,NaN,NaN,NaN,NaN,NaN,NaN,NaN,NaN,NaN,NaN,NaN,NaN,NaN,NaN,NaN
NaN,0.0001359807,0.0002125706,0.0002735289,0.00194351,0.008741192,0.01603871,0.02188613,0.02644851,0.02921546,0.03049901,0.03008944,0.02842278,0.02544525,0.02163299,0.01699334,0.01197936,0.006604928,0.001262717,-0.004045781,-0.009010131,-0.01363876,-0.01770207,-0.02123163,-0.02404962,-0.0262195,-0.02760724,-0.02830136,-0.02820597,-0.0274339,-0.02592131,-0.02380692,-0.02106594,-0.01785448,-0.01419115,-0.01026256,-0.006119051,-0.001997396,0.002028495,0.005655859,0.008794041,0.01105368,0.01234319,0.01215083,0.01040323,0.006395062,0.001156115,-0.0003754646,-0.0003235164,-0.0004182925,NaN,NaN,NaN,NaN,NaN,NaN,NaN,NaN,NaN,NaN,NaN,NaN,NaN,NaN,NaN,NaN,NaN,NaN,NaN,NaN,NaN,NaN,NaN,NaN,NaN,NaN,NaN,NaN,NaN,NaN,NaN,NaN,NaN,NaN,NaN,NaN,NaN,NaN,NaN,NaN,NaN,NaN,NaN,NaN,NaN,NaN,NaN,NaN,NaN,NaN
NaN,NaN,0.0001378491,0.0002128385,0.000261571,0.001862453,0.008438779,0.01538662,0.02077621,0.02476441,0.02696439,0.02769695,0.02684898,0.02484257,0.02169052,0.01783257,0.01332064,0.008555075,0.003582935,-0.001268174,-0.005963508,-0.01026391,-0.01414968,-0.0174506,-0.02018092,-0.02221814,-0.02360542,-0.02426355,-0.02426034,-0.02355399,-0.02223833,-0.02030643,-0.01787165,-0.01497425,-0.01174621,-0.008268946,-0.004711418,-0.001184903,0.0020895,0.004977664,0.007193362,0.008589824,0.008795823,0.007695275,0.00473565,0.0007515472,-0.0003836783,-0.0003379262,-0.0004099018,NaN,NaN,NaN,NaN,NaN,NaN,NaN,NaN,NaN,NaN,NaN,NaN,NaN,NaN,NaN,NaN,NaN,NaN,NaN,NaN,NaN,NaN,NaN,NaN,NaN,NaN,NaN,NaN,NaN,NaN,NaN,NaN,NaN,NaN,NaN,NaN,NaN,NaN,NaN,NaN,NaN,NaN,NaN,NaN,NaN,NaN,NaN,NaN,NaN,NaN,NaN
NaN,NaN,NaN,0.0001369418,0.0002081058,0.0002559356,0.001800816,0.008089879,0.01461241,0.0194902,0.02289643,0.02455353,0.0247996,0.02359596,0.02135376,0.01813146,0.01433668,0.01004755,0.005616884,0.001112447,-0.003196785,-0.007255241,-0.01087937,-0.01404107,-0.01661333,-0.01860403,-0.01993432,-0.02063942,-0.02068268,-0.02012406,-0.01896286,-0.01728349,-0.01512872,-0.0125962,-0.009777678,-0.006794,-0.003774095,-0.0008772431,0.001739528,0.003869927,0.005338022,0.005880596,0.00531738,0.003345865,0.0004665162,-0.0003722594,-0.0003371323,-0.0003927964,NaN,NaN,NaN,NaN,NaN,NaN,NaN,NaN,NaN,NaN,NaN,NaN,NaN,NaN,NaN,NaN,NaN,NaN,NaN,NaN,NaN,NaN,NaN,NaN,NaN,NaN,NaN,NaN,NaN,NaN,NaN,NaN,NaN,NaN,NaN,NaN,NaN,NaN,NaN,NaN,NaN,NaN,NaN,NaN,NaN,NaN,NaN,NaN,NaN,NaN,NaN,NaN
NaN,NaN,NaN,NaN,0.0001340721,0.0002020868,0.0002502241,0.001752955,0.007697189,0.01372266,0.0180587,0.02088829,0.02204949,0.02187942,0.02041009,0.01802781,0.0148338,0.01119047,0.007203402,0.003166555,-0.0008260251,-0.004570353,-0.007991035,-0.01095668,-0.01343122,-0.01533471,-0.01666429,-0.0173867,-0.01752612,-0.01708959,-0.01612782,-0.01468517,-0.01282977,-0.01065607,-0.008245134,-0.005735059,-0.003233722,-0.0009094153,0.001095029,0.002590471,0.003397647,0.003323331,0.002151005,0.0002427814,-0.0003449812,-0.0003242604,-0.0003673301,NaN,NaN,NaN,NaN,NaN,NaN,NaN,NaN,NaN,NaN,NaN,NaN,NaN,NaN,NaN,NaN,NaN,NaN,NaN,NaN,NaN,NaN,NaN,NaN,NaN,NaN,NaN,NaN,NaN,NaN,NaN,NaN,NaN,NaN,NaN,NaN,NaN,NaN,NaN,NaN,NaN,NaN,NaN,NaN,NaN,NaN,NaN,NaN,NaN,NaN,NaN,NaN,NaN
NaN,NaN,NaN,NaN,NaN,0.0001289839,0.0001921902,0.0002448332,0.001714305,0.007256271,0.01273297,0.01650836,0.01879243,0.01951166,0.01900343,0.01735323,0.01492223,0.01183783,0.008418703,0.004788515,0.00118583,-0.002278732,-0.005453045,-0.008259439,-0.0106047,-0.01245327,-0.01376248,-0.01452874,-0.01475327,-0.01446,-0.01368678,-0.01248259,-0.01092861,-0.009084209,-0.007078636,-0.004987265,-0.002972803,-0.001135578,0.0003425188,0.001335328,0.001656772,0.001172927,6.647388e-05,-0.0003130472,-0.0003119811,-0.0003350461,NaN,NaN,NaN,NaN,NaN,NaN,NaN,NaN,NaN,NaN,NaN,NaN,NaN,NaN,NaN,NaN,NaN,NaN,NaN,NaN,NaN,NaN,NaN,NaN,NaN,NaN,NaN,NaN,NaN,NaN,NaN,NaN,NaN,NaN,NaN,NaN,NaN,NaN,NaN,NaN,NaN,NaN,NaN,NaN,NaN,NaN,NaN,NaN,NaN,NaN,NaN,NaN,NaN,NaN
NaN,NaN,NaN,NaN,NaN,NaN,0.0001210369,0.0001783918,0.0002401357,0.001675669,0.006767084,0.01165299,0.0148785,0.01665563,0.01699488,0.01622619,0.01447671,0.01207418,0.009166321,0.00602321,0.002785658,-0.0003630031,-0.003303487,-0.0059256,-0.008155934,-0.009937297,-0.01123533,-0.01204086,-0.01235066,-0.01219622,-0.01160271,-0.01063785,-0.009342848,-0.007833579,-0.00615773,-0.004470476,-0.002834309,-0.001424949,-0.0003170255,0.0003040552,0.0003750126,-8.489692e-05,-0.0002769769,-0.0002823067,-0.0003030829,NaN,NaN,NaN,NaN,NaN,NaN,NaN,NaN,NaN,NaN,NaN,NaN,NaN,NaN,NaN,NaN,NaN,NaN,NaN,NaN,NaN,NaN,NaN,NaN,NaN,NaN,NaN,NaN,NaN,NaN,NaN,NaN,NaN,NaN,NaN,NaN,NaN,NaN,NaN,NaN,NaN,NaN,NaN,NaN,NaN,NaN,NaN,NaN,NaN,NaN,NaN,NaN,NaN,NaN,NaN
NaN,NaN,NaN,NaN,NaN,NaN,NaN,0.0001110126,0.0001620096,0.0002361572,0.001626949,0.00622324,0.01050957,0.01320166,0.01452093,0.01454719,0.01359374,0.01181686,0.009505059,0.006824111,0.003991669,0.001162862,-0.001528172,-0.003964391,-0.006070549,-0.00777825,-0.009063469,-0.009894987,-0.01029273,-0.0102561,-0.009840188,-0.009069628,-0.008039665,-0.00678098,-0.005431722,-0.004027295,-0.002731308,-0.001583479,-0.0007504274,-0.00026198,-0.0002024472,-0.0002433696,-0.0002518221,-0.0002649456,NaN,NaN,NaN,NaN,NaN,NaN,NaN,NaN,NaN,NaN,NaN,NaN,NaN,NaN,NaN,NaN,NaN,NaN,NaN,NaN,NaN,NaN,NaN,NaN,NaN,NaN,NaN,NaN,NaN,NaN,NaN,NaN,NaN,NaN,NaN,NaN,NaN,NaN,NaN,NaN,NaN,NaN,NaN,NaN,NaN,NaN,NaN,NaN,NaN,NaN,NaN,NaN,NaN,NaN,NaN,NaN
NaN,NaN,NaN,NaN,NaN,NaN,NaN,NaN,9.930545e-05,0.0001432854,0.0002323949,0.001558508,0.005633211,0.009318727,0.01150926,0.01243003,0.01221075,0.01114074,0.009395539,0.007223336,0.004802771,0.002303206,-0.0001185875,-0.002363743,-0.0043278,-0.005964124,-0.00721316,-0.008075816,-0.008527992,-0.008609557,-0.008326622,-0.00775113,-0.006902969,-0.005896786,-0.004750192,-0.003606428,-0.002483846,-0.001530739,-0.0007431504,-0.0003025827,-0.0002074524,-0.000217719,-0.0002274454,NaN,NaN,NaN,NaN,NaN,NaN,NaN,NaN,NaN,NaN,NaN,NaN,NaN,NaN,NaN,NaN,NaN,NaN,NaN,NaN,NaN,NaN,NaN,NaN,NaN,NaN,NaN,NaN,NaN,NaN,NaN,NaN,NaN,NaN,NaN,NaN,NaN,NaN,NaN,NaN,NaN,NaN,NaN,NaN,NaN,NaN,NaN,NaN,NaN,NaN,NaN,NaN,NaN,NaN,NaN,NaN,NaN
NaN,NaN,NaN,NaN,NaN,NaN,NaN,NaN,NaN,8.6021e-05,0.0001252936,0.0002268557,0.001466096,0.004999283,0.008099891,0.009835651,0.01042097,0.01001893,0.008889161,0.007224652,0.005227771,0.003087664,0.0009309774,-0.001095626,-0.002921255,-0.004453937,-0.005672522,-0.006527094,-0.007038734,-0.007190897,-0.007036012,-0.006582189,-0.00591546,-0.005044151,-0.004089359,-0.003045523,-0.002051263,-0.001082619,-0.0003778508,-0.0001770296,-0.0001809396,-0.0001887112,NaN,NaN,NaN,NaN,NaN,NaN,NaN,NaN,NaN,NaN,NaN,NaN,NaN,NaN,NaN,NaN,NaN,NaN,NaN,NaN,NaN,NaN,NaN,NaN,NaN,NaN,NaN,NaN,NaN,NaN,NaN,NaN,NaN,NaN,NaN,NaN,NaN,NaN,NaN,NaN,NaN,NaN,NaN,NaN,NaN,NaN,NaN,NaN,NaN,NaN,NaN,NaN,NaN,NaN,NaN,NaN,NaN,NaN
NaN,NaN,NaN,NaN,NaN,NaN,NaN,NaN,NaN,9.914837e-05,7.257752e-05,0.0001070494,0.0002190701,0.001346519,0.004328232,0.006878174,0.008215366,0.008523082,0.007995076,0.00685416,0.00530765,0.003514591,0.001662547,-0.000153057,-0.001803304,-0.003240853,-0.004387064,-0.005239384,-0.005758725,-0.005977418,-0.005888296,-0.005548194,-0.004960404,-0.004215949,-0.003307,-0.002333388,-0.001284036,-0.0004297846,-0.0001491744,-0.000146281,-0.000150473,-0.0001714544,NaN,NaN,NaN,NaN,NaN,NaN,NaN,NaN,NaN,NaN,NaN,NaN,NaN,NaN,NaN,NaN,NaN,NaN,NaN,NaN,NaN,NaN,NaN,NaN,NaN,NaN,NaN,NaN,NaN,NaN,NaN,NaN,NaN,NaN,NaN,NaN,NaN,NaN,NaN,NaN,NaN,NaN,NaN,NaN,NaN,NaN,NaN,NaN,NaN,NaN,NaN,NaN,NaN,NaN,NaN,NaN,NaN,NaN
NaN,NaN,NaN,NaN,NaN,NaN,NaN,NaN,NaN,NaN,8.263936e-05,5.904981e-05,8.958489e-05,0.0002085903,0.001197617,0.003634616,0.005682753,0.006673502,0.006760141,0.00615696,0.005046115,0.003645974,0.002078911,0.000515217,-0.0009704757,-0.002268083,-0.003348507,-0.004147908,-0.004675692,-0.004903522,-0.004865709,-0.004558051,-0.004037391,-0.003293585,-0.002409948,-0.001357708,-0.0004518136,-0.0001264181,-0.0001128368,-0.0001152439,-0.0001398716,NaN,NaN,NaN,NaN,NaN,NaN,NaN,NaN,NaN,NaN,NaN,NaN,NaN,NaN,NaN,NaN,NaN,NaN,NaN,NaN,NaN,NaN,NaN,NaN,NaN,NaN,NaN,NaN,NaN,NaN,NaN,NaN,NaN,NaN,NaN,NaN,NaN,NaN,NaN,NaN,NaN,NaN,NaN,NaN,NaN,NaN,NaN,NaN,NaN,NaN,NaN,NaN,NaN,NaN,NaN,NaN,NaN,NaN,NaN
NaN,NaN,NaN,NaN,NaN,NaN,NaN,NaN,NaN,NaN,NaN,6.62892e-05,4.624799e-05,7.374517e-05,0.0001940187,0.001024634,0.002940947,0.004532871,0.005235083,0.005152656,0.004517311,0.003476813,0.002243581,0.000914936,-0.0003621615,-0.001530515,-0.002497721,-0.00324651,-0.003727406,-0.003951744,-0.003903445,-0.003607706,-0.003054904,-0.002292414,-0.001321133,-0.0004471369,-0.0001066459,-8.316833e-05,-8.288656e-05,-0.0001097055,NaN,NaN,NaN,NaN,NaN,NaN,NaN,NaN,NaN,NaN,NaN,NaN,NaN,NaN,NaN,NaN,NaN,NaN,NaN,NaN,NaN,NaN,NaN,NaN,NaN,NaN,NaN,NaN,NaN,NaN,NaN,NaN,NaN,NaN,NaN,NaN,NaN,NaN,NaN,NaN,NaN,NaN,NaN,NaN,NaN,NaN,NaN,NaN,NaN,NaN,NaN,NaN,NaN,NaN,NaN,NaN,NaN,NaN,NaN,NaN
NaN,NaN,NaN,NaN,NaN,NaN,NaN,NaN,NaN,NaN,NaN,NaN,5.104454e-05,3.457547e-05,6.060774e-05,0.0001749286,0.0008369748,0.002266652,0.003454524,0.003921932,0.003717901,0.00309155,0.002158809,0.001108334,2.500093e-05,-0.000969009,-0.001827224,-0.002476917,-0.002904517,-0.00307462,-0.002987834,-0.002637054,-0.002024171,-0.001182671,-0.0004144265,-9.002601e-05,-5.998044e-05,-5.452597e-05,-8.179744e-05,NaN,NaN,NaN,NaN,NaN,NaN,NaN,NaN,NaN,NaN,NaN,NaN,NaN,NaN,NaN,NaN,NaN,NaN,NaN,NaN,NaN,NaN,NaN,NaN,NaN,NaN,NaN,NaN,NaN,NaN,NaN,NaN,NaN,NaN,NaN,NaN,NaN,NaN,NaN,NaN,NaN,NaN,NaN,NaN,NaN,NaN,NaN,NaN,NaN,NaN,NaN,NaN,NaN,NaN,NaN,NaN,NaN,NaN,NaN,NaN,NaN
NaN,NaN,NaN,NaN,NaN,NaN,NaN,NaN,NaN,NaN,NaN,NaN,NaN,3.653934e-05,2.612591e-05,4.764116e-05,0.0001532862,0.0006437334,0.001641308,0.0024746,0.002748928,0.002481446,0.001897614,0.001102743,0.000252385,-0.000576991,-0.001286205,-0.001832906,-0.002162786,-0.002254481,-0.002088536,-0.001645338,-0.0009720857,-0.0003564437,-7.697769e-05,-3.861287e-05,-3.361893e-05,-5.606877e-05,NaN,NaN,NaN,NaN,NaN,NaN,NaN,NaN,NaN,NaN,NaN,NaN,NaN,NaN,NaN,NaN,NaN,NaN,NaN,NaN,NaN,NaN,NaN,NaN,NaN,NaN,NaN,NaN,NaN,NaN,NaN,NaN,NaN,NaN,NaN,NaN,NaN,NaN,NaN,NaN,NaN,NaN,NaN,NaN,NaN,NaN,NaN,NaN,NaN,NaN,NaN,NaN,NaN,NaN,NaN,NaN,NaN,NaN,NaN,NaN,NaN,NaN
NaN,NaN,NaN,NaN,NaN,NaN,NaN,NaN,NaN,NaN,NaN,NaN,NaN,2.563174e-05,2.356979e-05,2.039099e-05,3.518637e-05,0.0001299824,0.0004590554,0.001096083,0.00161861,0.001741548,0.001466817,0.0009577937,0.0003271876,-0.0003047134,-0.0008643974,-0.001273255,-0.001492738,-0.00147499,-0.00120015,-0.0007259523,-0.0002791016,-6.66562e-05,-2.244658e-05,-1.773747e-05,-3.457942e-05,-3.971331e-05,NaN,NaN,NaN,NaN,NaN,NaN,NaN,NaN,NaN,NaN,NaN,NaN,NaN,NaN,NaN,NaN,NaN,NaN,NaN,NaN,NaN,NaN,NaN,NaN,NaN,NaN,NaN,NaN,NaN,NaN,NaN,NaN,NaN,NaN,NaN,NaN,NaN,NaN,NaN,NaN,NaN,NaN,NaN,NaN,NaN,NaN,NaN,NaN,NaN,NaN,NaN,NaN,NaN,NaN,NaN,NaN,NaN,NaN,NaN,NaN,NaN,NaN
NaN,NaN,NaN,NaN,NaN,NaN,NaN,NaN,NaN,NaN,NaN,NaN,NaN,NaN,1.852812e-05,1.340658e-05,1.574145e-05,2.600754e-05,0.0001032478,0.0003006206,0.0006550889,0.0009256036,0.0009356198,0.0006926645,0.0002988867,-0.0001402918,-0.0005273512,-0.0007930954,-0.0008758428,-0.0007572903,-0.0004770727,-0.000198925,-5.494963e-05,-1.205878e-05,-7.574765e-06,-1.724411e-05,-2.409778e-05,NaN,NaN,NaN,NaN,NaN,NaN,NaN,NaN,NaN,NaN,NaN,NaN,NaN,NaN,NaN,NaN,NaN,NaN,NaN,NaN,NaN,NaN,NaN,NaN,NaN,NaN,NaN,NaN,NaN,NaN,NaN,NaN,NaN,NaN,NaN,NaN,NaN,NaN,NaN,NaN,NaN,NaN,NaN,NaN,NaN,NaN,NaN,NaN,NaN,NaN,NaN,NaN,NaN,NaN,NaN,NaN,NaN,NaN,NaN,NaN,NaN,NaN,NaN
NaN,NaN,NaN,NaN,NaN,NaN,NaN,NaN,NaN,NaN,NaN,NaN,NaN,NaN,NaN,1.213062e-05,6.728867e-06,1.176141e-05,2.020932e-05,7.421136e-05,0.000180179,0.0003367368,0.0004309802,0.0003800185,0.0001928626,-4.986971e-05,-0.0002698009,-0.0003922484,-0.0003859333,-0.0002670189,-0.0001276461,-4.137076e-05,-6.580261e-06,-1.520048e-06,-5.879713e-06,-1.183521e-05,NaN,NaN,NaN,NaN,NaN,NaN,NaN,NaN,NaN,NaN,NaN,NaN,NaN,NaN,NaN,NaN,NaN,NaN,NaN,NaN,NaN,NaN,NaN,NaN,NaN,NaN,NaN,NaN,NaN,NaN,NaN,NaN,NaN,NaN,NaN,NaN,NaN,NaN,NaN,NaN,NaN,NaN,NaN,NaN,NaN,NaN,NaN,NaN,NaN,NaN,NaN,NaN,NaN,NaN,NaN,NaN,NaN,NaN,NaN,NaN,NaN,NaN,NaN,NaN
NaN,NaN,NaN,NaN,NaN,NaN,NaN,NaN,NaN,NaN,NaN,NaN,NaN,NaN,NaN,7.865945e-06,7.198878e-06,2.966155e-06,8.658927e-06,1.60466e-05,4.786352e-05,9.637416e-05,0.0001442228,0.0001472878,8.779535e-05,-1.396304e-05,-0.0001037803,-0.0001437964,-0.000121909,-7.249427e-05,-2.777494e-05,-4.316129e-06,1.295935e-06,4.86794e-07,-3.761458e-06,-1.042467e-05,NaN,NaN,NaN,NaN,NaN,NaN,NaN,NaN,NaN,NaN,NaN,NaN,NaN,NaN,NaN,NaN,NaN,NaN,NaN,NaN,NaN,NaN,NaN,NaN,NaN,NaN,NaN,NaN,NaN,NaN,NaN,NaN,NaN,NaN,NaN,NaN,NaN,NaN,NaN,NaN,NaN,NaN,NaN,NaN,NaN,NaN,NaN,NaN,NaN,NaN,NaN,NaN,NaN,NaN,NaN,NaN,NaN,NaN,NaN,NaN,NaN,NaN,NaN,NaN
NaN,NaN,NaN,NaN,NaN,NaN,NaN,NaN,NaN,NaN,NaN,NaN,NaN,NaN,NaN,NaN,3.566336e-06,4.001904e-06,1.259193e-06,6.304508e-06,1.243839e-05,2.766287e-05,4.381304e-05,4.893148e-05,3.110292e-05,-1.859577e-06,-3.255355e-05,-4.292566e-05,-3.406487e-05,-1.603273e-05,-3.915117e-06,2.084339e-06,3.001019e-06,6.798178e-07,-3.27349e-06,NaN,NaN,NaN,NaN,NaN,NaN,NaN,NaN,NaN,NaN,NaN,NaN,NaN,NaN,NaN,NaN,NaN,NaN,NaN,NaN,NaN,NaN,NaN,NaN,NaN,NaN,NaN,NaN,NaN,NaN,NaN,NaN,NaN,NaN,NaN,NaN,NaN,NaN,NaN,NaN,NaN,NaN,NaN,NaN,NaN,NaN,NaN,NaN,NaN,NaN,NaN,NaN,NaN,NaN,NaN,NaN,NaN,NaN,NaN,NaN,NaN,NaN,NaN,NaN,NaN
NaN,NaN,NaN,NaN,NaN,NaN,NaN,NaN,NaN,NaN,NaN,NaN,NaN,NaN,NaN,NaN,NaN,1.107379e-06,2.129711e-06,9.021582e-07,4.47049e-06,8.7092e-06,1.435524e-05,1.580071e-05,1.146093e-05,3.045243e-07,-8.740719e-06,-1.211004e-05,-8.089254e-06,-2.946672e-06,1.343077e-06,3.185442e-06,2.194409e-06,5.634212e-07,NaN,NaN,NaN,NaN,NaN,NaN,NaN,NaN,NaN,NaN,NaN,NaN,NaN,NaN,NaN,NaN,NaN,NaN,NaN,NaN,NaN,NaN,NaN,NaN,NaN,NaN,NaN,NaN,NaN,NaN,NaN,NaN,NaN,NaN,NaN,NaN,NaN,NaN,NaN,NaN,NaN,NaN,NaN,NaN,NaN,NaN,NaN,NaN,NaN,NaN,NaN,NaN,NaN,NaN,NaN,NaN,NaN,NaN,NaN,NaN,NaN,NaN,NaN,NaN,NaN,NaN
NaN,NaN,NaN,NaN,NaN,NaN,NaN,NaN,NaN,NaN,NaN,NaN,NaN,NaN,NaN,NaN,NaN,1.741466e-06,6.843898e-08,1.1307e-06,1.109126e-06,3.0358e-06,5.008928e-06,6.134137e-06,4.288126e-06,9.940314e-07,-2.374037e-06,-3.030095e-06,-1.825582e-06,8.058739e-07,1.804143e-06,2.221894e-06,1.721492e-06,3.709345e-07,NaN,NaN,NaN,NaN,NaN,NaN,NaN,NaN,NaN,NaN,NaN,NaN,NaN,NaN,NaN,NaN,NaN,NaN,NaN,NaN,NaN,NaN,NaN,NaN,NaN,NaN,NaN,NaN,NaN,NaN,NaN,NaN,NaN,NaN,NaN,NaN,NaN,NaN,NaN,NaN,NaN,NaN,NaN,NaN,NaN,NaN,NaN,NaN,NaN,NaN,NaN,NaN,NaN,NaN,NaN,NaN,NaN,NaN,NaN,NaN,NaN,NaN,NaN,NaN,NaN,NaN
NaN,NaN,NaN,NaN,NaN,NaN,NaN,NaN,NaN,NaN,NaN,NaN,NaN,NaN,NaN,NaN,NaN,NaN,6.838797e-07,-4.574362e-08,6.157208e-07,1.079573e-06,1.962489e-06,2.12956e-06,1.911578e-06,5.403267e-07,-2.889025e-07,-6.479713e-07,1.323769e-07,7.626287e-07,1.358526e-06,1.486538e-06,9.174732e-07,NaN,NaN,NaN,NaN,NaN,NaN,NaN,NaN,NaN,NaN,NaN,NaN,NaN,NaN,NaN,NaN,NaN,NaN,NaN,NaN,NaN,NaN,NaN,NaN,NaN,NaN,NaN,NaN,NaN,NaN,NaN,NaN,NaN,NaN,NaN,NaN,NaN,NaN,NaN,NaN,NaN,NaN,NaN,NaN,NaN,NaN,NaN,NaN,NaN,NaN,NaN,NaN,NaN,NaN,NaN,NaN,NaN,NaN,NaN,NaN,NaN,NaN,NaN,NaN,NaN,NaN,NaN
NaN,NaN,NaN,NaN,NaN,NaN,NaN,NaN,NaN,NaN,NaN,NaN,NaN,NaN,NaN,NaN,NaN,NaN,-8.572037e-08,2.971729e-07,5.616278e-08,3.82712e-07,6.52085e-07,9.384112e-07,6.712807e-07,3.932116e-07,-4.120099e-08,2.512847e-09,1.499468e-07,6.666336e-07,6.83706e-07,6.800695e-07,5.203831e-07,NaN,NaN,NaN,NaN,NaN,NaN,NaN,NaN,NaN,NaN,NaN,NaN,NaN,NaN,NaN,NaN,NaN,NaN,NaN,NaN,NaN,NaN,NaN,NaN,NaN,NaN,NaN,NaN,NaN,NaN,NaN,NaN,NaN,NaN,NaN,NaN,NaN,NaN,NaN,NaN,NaN,NaN,NaN,NaN,NaN,NaN,NaN,NaN,NaN,NaN,NaN,NaN,NaN,NaN,NaN,NaN,NaN,NaN,NaN,NaN,NaN,NaN,NaN,NaN,NaN,NaN,NaN
NaN,NaN,NaN,NaN,NaN,NaN,NaN,NaN,NaN,NaN,NaN,NaN,NaN,NaN,NaN,NaN,NaN,NaN,NaN,-3.633271e-08,7.412407e-08,1.081575e-07,2.216847e-07,2.282381e-07,2.528874e-07,1.09177e-07,6.848378e-08,3.27667e-08,1.512743e-07,2.026603e-07,2.781226e-07,2.804552e-07,NaN,NaN,NaN,NaN,NaN,NaN,NaN,NaN,NaN,NaN,NaN,NaN,NaN,NaN,NaN,NaN,NaN,NaN,NaN,NaN,NaN,NaN,NaN,NaN,NaN,NaN,NaN,NaN,NaN,NaN,NaN,NaN,NaN,NaN,NaN,NaN,NaN,NaN,NaN,NaN,NaN,NaN,NaN,NaN,NaN,NaN,NaN,NaN,NaN,NaN,NaN,NaN,NaN,NaN,NaN,NaN,NaN,NaN,NaN,NaN,NaN,NaN,NaN,NaN,NaN,NaN,NaN,NaN
NaN,NaN,NaN,NaN,NaN,NaN,NaN,NaN,NaN,NaN,NaN,NaN,NaN,NaN,NaN,NaN,NaN,NaN,NaN,6.062777e-08,-1.787186e-08,2.210268e-08,3.031998e-08,7.834405e-08,3.412394e-08,4.517319e-08,-2.633432e-09,2.254108e-08,1.136469e-08,8.132277e-08,5.488469e-08,4.950566e-08,NaN,NaN,NaN,NaN,NaN,NaN,NaN,NaN,NaN,NaN,NaN,NaN,NaN,NaN,NaN,NaN,NaN,NaN,NaN,NaN,NaN,NaN,NaN,NaN,NaN,NaN,NaN,NaN,NaN,NaN,NaN,NaN,NaN,NaN,NaN,NaN,NaN,NaN,NaN,NaN,NaN,NaN,NaN,NaN,NaN,NaN,NaN,NaN,NaN,NaN,NaN,NaN,NaN,NaN,NaN,NaN,NaN,NaN,NaN,NaN,NaN,NaN,NaN,NaN,NaN,NaN,NaN,NaN
NaN,NaN,NaN,NaN,NaN,NaN,NaN,NaN,NaN,NaN,NaN,NaN,NaN,NaN,NaN,NaN,NaN,NaN,NaN,1.374817e-09,-5.17283e-11,1.437279e-09,2.330705e-09,3.801167e-09,2.845019e-09,2.299067e-09,8.187436e-10,1.384908e-09,1.970622e-09,4.245582e-09,3.996782e-09,3.951175e-09,NaN,NaN,NaN,NaN,NaN,NaN,NaN,NaN,NaN,NaN,NaN,NaN,NaN,NaN,NaN,NaN,NaN,NaN,NaN,NaN,NaN,NaN,NaN,NaN,NaN,NaN,NaN,NaN,NaN,NaN,NaN,NaN,NaN,NaN,NaN,NaN,NaN,NaN,NaN,NaN,NaN,NaN,NaN,NaN,NaN,NaN,NaN,NaN,NaN,NaN,NaN,NaN,NaN,NaN,NaN,NaN,NaN,NaN,NaN,NaN,NaN,NaN,NaN,NaN,NaN,NaN,NaN,NaN
NaN,NaN,NaN,NaN,NaN,NaN,NaN,NaN,NaN,NaN,NaN,NaN,NaN,NaN,NaN,NaN,NaN,NaN,NaN,0,0,0,0,0,0,0,0,0,0,0,0,0,NaN,NaN,NaN,NaN,NaN,NaN,NaN,NaN,NaN,NaN,NaN,NaN,NaN,NaN,NaN,NaN,NaN,NaN,NaN,NaN,NaN,NaN,NaN,NaN,NaN,NaN,NaN,NaN,NaN,NaN,NaN,NaN,NaN,NaN,NaN,NaN,NaN,NaN,NaN,NaN,NaN,NaN,NaN,NaN,NaN,NaN,NaN,NaN,NaN,NaN,NaN,NaN,NaN,NaN,NaN,NaN,NaN,NaN,NaN,NaN,NaN,NaN,NaN,NaN,NaN,NaN,NaN,NaN
