NaN,NaN,NaN,NaN,NaN,NaN,NaN,NaN,NaN,NaN,NaN,NaN,NaN,NaN,NaN,NaN,NaN,NaN,NaN,0,0,0,0,0,0,0,0,0,0,0,0,0,NaN,NaN,NaN,NaN,NaN,NaN,NaN,NaN,NaN,NaN,NaN,NaN,NaN,NaN,NaN,NaN,NaN,NaN,NaN,NaN,NaN,NaN,NaN,NaN,NaN,NaN,NaN,NaN,NaN,NaN,NaN,NaN,NaN,NaN,NaN,NaN,NaN,NaN,NaN,NaN,NaN,NaN,NaN,NaN,NaN,NaN,NaN,NaN,NaN,NaN,NaN,NaN,NaN,NaN,NaN,NaN,NaN,NaN,NaN,NaN,NaN,NaN,NaN,NaN,NaN,NaN,NaN,NaN
NaN,NaN,NaN,NaN,NaN,NaN,NaN,NaN,NaN,NaN,NaN,NaN,NaN,NaN,NaN,NaN,NaN,NaN,NaN,-1.661527e-10,-4.104328e-10,-5.262143e-10,-6.165803e-10,-7.511528e-10,-9.533759e-10,-1.194662e-09,-1.390156e-09,-1.538202e-09,-1.614706e-09,-1.705717e-09,-1.915716e-09,-2.179632e-09,NaN,NaN,NaN,NaN,NaN,NaN,NaN,NaN,NaN,NaN,NaN,NaN,NaN,NaN,NaN,NaN,NaN,NaN,NaN,NaN,NaN,NaN,NaN,NaN,NaN,NaN,NaN,NaN,NaN,NaN,NaN,NaN,NaN,NaN,NaN,NaN,NaN,NaN,NaN,NaN,NaN,NaN,NaN,NaN,NaN,NaN,NaN,NaN,NaN,NaN,NaN,NaN,NaN,NaN,NaN,NaN,NaN,NaN,NaN,NaN,NaN,NaN,NaN,NaN,NaN,NaN,NaN,NaN
NaN,NaN,NaN,NaN,NaN,NaN,NaN,NaN,NaN,NaN,NaN,NaN,NaN,NaN,NaN,NaN,NaN,NaN,NaN,-6.211664e-10,-6.644627e-09,-8.383171e-09,-8.852996e-09,-1.05093e-08,-1.439012e-08,-1.790282e-08,-2.138184e-08,-2.34152e-08,-2.461137e-08,-2.446979e-08,-2.86802e-08,-3.350686e-08,NaN,NaN,NaN,NaN,NaN,NaN,NaN,NaN,NaN,NaN,NaN,NaN,NaN,NaN,NaN,NaN,NaN,NaN,NaN,NaN,NaN,NaN,NaN,NaN,NaN,NaN,NaN,NaN,NaN,NaN,NaN,NaN,NaN,NaN,NaN,NaN,NaN,NaN,NaN,NaN,NaN,NaN,NaN,NaN,NaN,NaN,NaN,NaN,NaN,NaN,NaN,NaN,NaN,NaN,NaN,NaN,NaN,NaN,NaN,NaN,NaN,NaN,NaN,NaN,NaN,NaN,NaN,NaN
NaN,NaN,NaN,NaN,NaN,NaN,NaN,NaN,NaN,NaN,NaN,NaN,NaN,NaN,NaN,NaN,NaN,NaN,NaN,-1.838466e-08,-2.370612e-08,-3.431406e-08,-3.969329e-08,-5.285253e-08,-6.336737e-08,-8.429552e-08,-9.559989e-08,-1.076047e-07,-1.098277e-07,-1.198508e-07,-1.284085e-07,-1.440646e-07,NaN,NaN,NaN,NaN,NaN,NaN,NaN,NaN,NaN,NaN,NaN,NaN,NaN,NaN,NaN,NaN,NaN,NaN,NaN,NaN,NaN,NaN,NaN,NaN,NaN,NaN,NaN,NaN,NaN,NaN,NaN,NaN,NaN,NaN,NaN,NaN,NaN,NaN,NaN,NaN,NaN,NaN,NaN,NaN,NaN,NaN,NaN,NaN,NaN,NaN,NaN,NaN,NaN,NaN,NaN,NaN,NaN,NaN,NaN,NaN,NaN,NaN,NaN,NaN,NaN,NaN,NaN,NaN
NaN,NaN,NaN,NaN,NaN,NaN,NaN,NaN,NaN,NaN,NaN,NaN,NaN,NaN,NaN,NaN,NaN,NaN,-9.622487e-09,-2.987963e-08,-7.098616e-08,-9.342445e-08,-1.039462e-07,-1.342415e-07,-1.785526e-07,-2.373064e-07,-2.799329e-07,-3.085534e-07,-3.142085e-07,-3.22147e-07,-3.541128e-07,-4.017256e-07,-4.374177e-07,NaN,NaN,NaN,NaN,NaN,NaN,NaN,NaN,NaN,NaN,NaN,NaN,NaN,NaN,NaN,NaN,NaN,NaN,NaN,NaN,NaN,NaN,NaN,NaN,NaN,NaN,NaN,NaN,NaN,NaN,NaN,NaN,NaN,NaN,NaN,NaN,NaN,NaN,NaN,NaN,NaN,NaN,NaN,NaN,NaN,NaN,NaN,NaN,NaN,NaN,NaN,NaN,NaN,NaN,NaN,NaN,NaN,NaN,NaN,NaN,NaN,NaN,NaN,NaN,NaN,NaN,NaN
NaN,NaN,NaN,NaN,NaN,NaN,NaN,NaN,NaN,NaN,NaN,NaN,NaN,NaN,NaN,NaN,NaN,NaN,2.534757e-08,-9.635761e-08,-1.233034e-07,-1.747357e-07,-1.977657e-07,-2.807183e-07,-3.720855e-07,-5.322e-07,-6.253186e-07,-6.918103e-07,-6.800481e-07,-7.049698e-07,-7.339901e-07,-8.121025e-07,-9.215099e-07,NaN,NaN,NaN,NaN,NaN,NaN,NaN,NaN,NaN,NaN,NaN,NaN,NaN,NaN,NaN,NaN,NaN,NaN,NaN,NaN,NaN,NaN,NaN,NaN,NaN,NaN,NaN,NaN,NaN,NaN,NaN,NaN,NaN,NaN,NaN,NaN,NaN,NaN,NaN,NaN,NaN,NaN,NaN,NaN,NaN,NaN,NaN,NaN,NaN,NaN,NaN,NaN,NaN,NaN,NaN,NaN,NaN,NaN,NaN,NaN,NaN,NaN,NaN,NaN,NaN,NaN,NaN
NaN,NaN,NaN,NaN,NaN,NaN,NaN,NaN,NaN,NaN,NaN,NaN,NaN,NaN,NaN,NaN,NaN,1.967458e-07,-1.760209e-08,-1.02247e-07,-2.130046e-07,-2.60339e-07,-2.817193e-07,-4.270404e-07,-6.921045e-07,-1.056209e-06,-1.30869e-06,-1.409835e-06,-1.342291e-06,-1.273796e-06,-1.305862e-06,-1.431324e-06,-1.557071e-06,-1.765454e-06,NaN,NaN,NaN,NaN,NaN,NaN,NaN,NaN,NaN,NaN,NaN,NaN,NaN,NaN,NaN,NaN,NaN,NaN,NaN,NaN,NaN,NaN,NaN,NaN,NaN,NaN,NaN,NaN,NaN,NaN,NaN,NaN,NaN,NaN,NaN,NaN,NaN,NaN,NaN,NaN,NaN,NaN,NaN,NaN,NaN,NaN,NaN,NaN,NaN,NaN,NaN,NaN,NaN,NaN,NaN,NaN,NaN,NaN,NaN,NaN,NaN,NaN,NaN,NaN,NaN,NaN
NaN,NaN,NaN,NaN,NaN,NaN,NaN,NaN,NaN,NaN,NaN,NaN,NaN,NaN,NaN,NaN,NaN,2.149626e-07,8.286097e-08,-2.091128e-07,-1.976415e-07,-2.291512e-07,-2.192767e-07,-5.610579e-07,-1.192805e-06,-2.156642e-06,-2.764402e-06,-2.938259e-06,-2.601782e-06,-2.311057e-06,-2.129112e-06,-2.201557e-06,-2.44261e-06,-2.665877e-06,NaN,NaN,NaN,NaN,NaN,NaN,NaN,NaN,NaN,NaN,NaN,NaN,NaN,NaN,NaN,NaN,NaN,NaN,NaN,NaN,NaN,NaN,NaN,NaN,NaN,NaN,NaN,NaN,NaN,NaN,NaN,NaN,NaN,NaN,NaN,NaN,NaN,NaN,NaN,NaN,NaN,NaN,NaN,NaN,NaN,NaN,NaN,NaN,NaN,NaN,NaN,NaN,NaN,NaN,NaN,NaN,NaN,NaN,NaN,NaN,NaN,NaN,NaN,NaN,NaN,NaN
NaN,NaN,NaN,NaN,NaN,NaN,NaN,NaN,NaN,NaN,NaN,NaN,NaN,NaN,NaN,NaN,7.433875e-07,4.377006e-07,1.160577e-08,-3.802389e-08,-2.100868e-08,2.806557e-07,4.754463e-07,-3.107461e-07,-2.30915e-06,-4.963511e-06,-6.779791e-06,-7.019251e-06,-5.832403e-06,-4.390994e-06,-3.529855e-06,-3.338013e-06,-3.430856e-06,-3.826598e-06,-4.079018e-06,NaN,NaN,NaN,NaN,NaN,NaN,NaN,NaN,NaN,NaN,NaN,NaN,NaN,NaN,NaN,NaN,NaN,NaN,NaN,NaN,NaN,NaN,NaN,NaN,NaN,NaN,NaN,NaN,NaN,NaN,NaN,NaN,NaN,NaN,NaN,NaN,NaN,NaN,NaN,NaN,NaN,NaN,NaN,NaN,NaN,NaN,NaN,NaN,NaN,NaN,NaN,NaN,NaN,NaN,NaN,NaN,NaN,NaN,NaN,NaN,NaN,NaN,NaN,NaN,NaN
NaN,NaN,NaN,NaN,NaN,NaN,NaN,NaN,NaN,NaN,NaN,NaN,NaN,NaN,NaN,1.540782e-06,1.126522e-06,4.451257e-07,3.884312e-07,2.749845e-07,1.384369e-06,2.762273e-06,3.330341e-06,5.191692e-07,-5.753823e-06,-1.355166e-05,-1.876922e-05,-1.951005e-05,-1.567888e-05,-1.066195e-05,-6.778603e-06,-5.098283e-06,-4.880425e-06,-5.087262e-06,-5.486301e-06,-5.822113e-06,NaN,NaN,NaN,NaN,NaN,NaN,NaN,NaN,NaN,NaN,NaN,NaN,NaN,NaN,NaN,NaN,NaN,NaN,NaN,NaN,NaN,NaN,NaN,NaN,NaN,NaN,NaN,NaN,NaN,NaN,NaN,NaN,NaN,NaN,NaN,NaN,NaN,NaN,NaN,NaN,NaN,NaN,NaN,NaN,NaN,NaN,NaN,NaN,NaN,NaN,NaN,NaN,NaN,NaN,NaN,NaN,NaN,NaN,NaN,NaN,NaN,NaN,NaN,NaN
NaN,NaN,NaN,NaN,NaN,NaN,NaN,NaN,NaN,NaN,NaN,NaN,NaN,NaN,NaN,2.090142e-06,1.301249e-06,1.006719e-06,9.136258e-07,2.959605e-06,7.01661e-06,1.173011e-05,1.052738e-05,-7.851594e-07,-1.904977e-05,-3.794362e-05,-5.09557e-05,-5.407619e-05,-4.621396e-05,-3.138059e-05,-1.7453e-05,-9.855265e-06,-6.984924e-06,-6.843523e-06,-7.043036e-06,-7.465371e-06,NaN,NaN,NaN,NaN,NaN,NaN,NaN,NaN,NaN,NaN,NaN,NaN,NaN,NaN,NaN,NaN,NaN,NaN,NaN,NaN,NaN,NaN,NaN,NaN,NaN,NaN,NaN,NaN,NaN,NaN,NaN,NaN,NaN,NaN,NaN,NaN,NaN,NaN,NaN,NaN,NaN,NaN,NaN,NaN,NaN,NaN,NaN,NaN,NaN,NaN,NaN,NaN,NaN,NaN,NaN,NaN,NaN,NaN,NaN,NaN,NaN,NaN,NaN,NaN
NaN,NaN,NaN,NaN,NaN,NaN,NaN,NaN,NaN,NaN,NaN,NaN,NaN,NaN,3.484151e-06,2.513124e-06,2.033686e-06,1.818733e-06,5.133298e-06,1.352109e-05,2.712037e-05,2.986997e-05,1.337392e-05,-1.903369e-05,-5.712508e-05,-9.23352e-05,-0.0001163763,-0.0001251831,-0.0001155302,-8.984921e-05,-5.498325e-05,-2.656067e-05,-1.320827e-05,-9.38096e-06,-9.013967e-06,-9.393664e-06,-9.531297e-06,NaN,NaN,NaN,NaN,NaN,NaN,NaN,NaN,NaN,NaN,NaN,NaN,NaN,NaN,NaN,NaN,NaN,NaN,NaN,NaN,NaN,NaN,NaN,NaN,NaN,NaN,NaN,NaN,NaN,NaN,NaN,NaN,NaN,NaN,NaN,NaN,NaN,NaN,NaN,NaN,NaN,NaN,NaN,NaN,NaN,NaN,NaN,NaN,NaN,NaN,NaN,NaN,NaN,NaN,NaN,NaN,NaN,NaN,NaN,NaN,NaN,NaN,NaN
NaN,NaN,NaN,NaN,NaN,NaN,NaN,NaN,NaN,NaN,NaN,NaN,NaN,5.100256e-06,4.324377e-06,3.290473e-06,3.36295e-06,7.430158e-06,2.301345e-05,4.95902e-05,5.953562e-05,3.732443e-05,-1.125545e-05,-7.245321e-05,-0.0001343782,-0.0001876111,-0.0002244159,-0.0002401507,-0.0002319322,-0.0002001853,-0.0001474217,-8.578994e-05,-3.721308e-05,-1.678511e-05,-1.205752e-05,-1.147516e-05,-1.191664e-05,-1.164199e-05,NaN,NaN,NaN,NaN,NaN,NaN,NaN,NaN,NaN,NaN,NaN,NaN,NaN,NaN,NaN,NaN,NaN,NaN,NaN,NaN,NaN,NaN,NaN,NaN,NaN,NaN,NaN,NaN,NaN,NaN,NaN,NaN,NaN,NaN,NaN,NaN,NaN,NaN,NaN,NaN,NaN,NaN,NaN,NaN,NaN,NaN,NaN,NaN,NaN,NaN,NaN,NaN,NaN,NaN,NaN,NaN,NaN,NaN,NaN,NaN,NaN,NaN
NaN,NaN,NaN,NaN,NaN,NaN,NaN,NaN,NaN,NaN,NaN,NaN,NaN,6.512741e-06,5.037477e-06,5.328594e-06,1.014531e-05,3.477601e-05,7.961677e-05,9.880238e-05,7.202585e-05,5.925234e-06,-7.913466e-05,-0.0001725235,-0.0002595463,-0.0003328527,-0.0003829755,-0.0004066567,-0.0003998299,-0.0003635616,-0.0003000684,-0.0002145707,-0.0001203759,-4.883514e-05,-2.004777e-05,-1.517017e-05,-1.397563e-05,-1.452756e-05,NaN,NaN,NaN,NaN,NaN,NaN,NaN,NaN,NaN,NaN,NaN,NaN,NaN,NaN,NaN,NaN,NaN,NaN,NaN,NaN,NaN,NaN,NaN,NaN,NaN,NaN,NaN,NaN,NaN,NaN,NaN,NaN,NaN,NaN,NaN,NaN,NaN,NaN,NaN,NaN,NaN,NaN,NaN,NaN,NaN,NaN,NaN,NaN,NaN,NaN,NaN,NaN,NaN,NaN,NaN,NaN,NaN,NaN,NaN,NaN,NaN,NaN
NaN,NaN,NaN,NaN,NaN,NaN,NaN,NaN,NaN,NaN,NaN,NaN,9.240465e-06,7.146157e-06,7.842305e-06,1.307272e-05,4.852662e-05,0.0001163654,0.0001482928,0.0001177973,3.66096e-05,-7.44462e-05,-0.0002008172,-0.0003271105,-0.000441975,-0.0005356914,-0.000600721,-0.0006324202,-0.0006275235,-0.0005868053,-0.0005114077,-0.0004087187,-0.0002845997,-0.0001564112,-5.931929e-05,-2.339328e-05,-1.828114e-05,-1.652294e-05,-1.688254e-05,NaN,NaN,NaN,NaN,NaN,NaN,NaN,NaN,NaN,NaN,NaN,NaN,NaN,NaN,NaN,NaN,NaN,NaN,NaN,NaN,NaN,NaN,NaN,NaN,NaN,NaN,NaN,NaN,NaN,NaN,NaN,NaN,NaN,NaN,NaN,NaN,NaN,NaN,NaN,NaN,NaN,NaN,NaN,NaN,NaN,NaN,NaN,NaN,NaN,NaN,NaN,NaN,NaN,NaN,NaN,NaN,NaN,NaN,NaN,NaN,NaN
NaN,NaN,NaN,NaN,NaN,NaN,NaN,NaN,NaN,NaN,NaN,1.219797e-05,9.943611e-06,1.056836e-05,1.656785e-05,6.307127e-05,0.0001598856,0.0002076128,0.0001771992,8.213016e-05,-5.370676e-05,-0.0002157032,-0.0003830737,-0.0005458267,-0.0006886458,-0.0008051975,-0.000885098,-0.0009260958,-0.0009227818,-0.0008773569,-0.0007902257,-0.0006683644,-0.0005181677,-0.0003536133,-0.0001893719,-6.810646e-05,-2.641036e-05,-2.116568e-05,-1.892556e-05,-1.898137e-05,NaN,NaN,NaN,NaN,NaN,NaN,NaN,NaN,NaN,NaN,NaN,NaN,NaN,NaN,NaN,NaN,NaN,NaN,NaN,NaN,NaN,NaN,NaN,NaN,NaN,NaN,NaN,NaN,NaN,NaN,NaN,NaN,NaN,NaN,NaN,NaN,NaN,NaN,NaN,NaN,NaN,NaN,NaN,NaN,NaN,NaN,NaN,NaN,NaN,NaN,NaN,NaN,NaN,NaN,NaN,NaN,NaN,NaN,NaN,NaN
NaN,NaN,NaN,NaN,NaN,NaN,NaN,NaN,NaN,NaN,1.572379e-05,1.298379e-05,1.404576e-05,2.000503e-05,7.860926e-05,0.000208353,0.0002782786,0.0002506734,0.0001458615,-1.50694e-05,-0.0002111933,-0.0004234704,-0.0006363392,-0.0008353497,-0.001009039,-0.001148028,-0.001244812,-0.001294573,-0.001294046,-0.00124335,-0.001143902,-0.001001805,-0.0008245187,-0.0006237647,-0.000415361,-0.0002165732,-7.426299e-05,-2.913706e-05,-2.374552e-05,-2.114191e-05,-2.043761e-05,NaN,NaN,NaN,NaN,NaN,NaN,NaN,NaN,NaN,NaN,NaN,NaN,NaN,NaN,NaN,NaN,NaN,NaN,NaN,NaN,NaN,NaN,NaN,NaN,NaN,NaN,NaN,NaN,NaN,NaN,NaN,NaN,NaN,NaN,NaN,NaN,NaN,NaN,NaN,NaN,NaN,NaN,NaN,NaN,NaN,NaN,NaN,NaN,NaN,NaN,NaN,NaN,NaN,NaN,NaN,NaN,NaN,NaN,NaN
NaN,NaN,NaN,NaN,NaN,NaN,NaN,NaN,NaN,1.939973e-05,1.660685e-05,1.7817e-05,2.390784e-05,9.378498e-05,0.0002623379,0.0003588959,0.0003409543,0.0002283146,4.609241e-05,-0.000185088,-0.0004417224,-0.0007090081,-0.0009666625,-0.001205184,-0.001409223,-0.001573194,-0.001686137,-0.001746507,-0.001747702,-0.001692623,-0.001579897,-0.00141762,-0.00121016,-0.0009735699,-0.0007175339,-0.0004659249,-0.0002357196,-7.754137e-05,-3.101743e-05,-2.609184e-05,-2.264827e-05,-2.150985e-05,NaN,NaN,NaN,NaN,NaN,NaN,NaN,NaN,NaN,NaN,NaN,NaN,NaN,NaN,NaN,NaN,NaN,NaN,NaN,NaN,NaN,NaN,NaN,NaN,NaN,NaN,NaN,NaN,NaN,NaN,NaN,NaN,NaN,NaN,NaN,NaN,NaN,NaN,NaN,NaN,NaN,NaN,NaN,NaN,NaN,NaN,NaN,NaN,NaN,NaN,NaN,NaN,NaN,NaN,NaN,NaN,NaN,NaN
NaN,NaN,NaN,NaN,NaN,NaN,NaN,NaN,NaN,2.03475e-05,2.229091e-05,2.774708e-05,0.0001089732,0.0003195541,0.0004512344,0.0004468445,0.0003331223,0.0001306971,-0.0001320244,-0.0004352102,-0.0007562486,-0.001077921,-0.001384,-0.001661417,-0.001898418,-0.002086436,-0.002217673,-0.002287497,-0.002292197,-0.002231455,-0.002106216,-0.001921646,-0.001685212,-0.001407653,-0.001105466,-0.0007947306,-0.0005010444,-0.0002447985,-7.681536e-05,-3.267846e-05,-2.744178e-05,-2.386776e-05,NaN,NaN,NaN,NaN,NaN,NaN,NaN,NaN,NaN,NaN,NaN,NaN,NaN,NaN,NaN,NaN,NaN,NaN,NaN,NaN,NaN,NaN,NaN,NaN,NaN,NaN,NaN,NaN,NaN,NaN,NaN,NaN,NaN,NaN,NaN,NaN,NaN,NaN,NaN,NaN,NaN,NaN,NaN,NaN,NaN,NaN,NaN,NaN,NaN,NaN,NaN,NaN,NaN,NaN,NaN,NaN,NaN,NaN
NaN,NaN,NaN,NaN,NaN,NaN,NaN,NaN,2.466168e-05,2.690203e-05,3.218035e-05,0.0001231238,0.0003805498,0.0005524731,0.0005707277,0.0004594075,0.0002432011,-5.085034e-05,-0.0003976095,-0.0007752356,-0.001161207,-0.001540667,-0.001894393,-0.002213233,-0.00248235,-0.002696612,-0.002844945,-0.002926119,-0.002932712,-0.002867758,-0.002728384,-0.002522863,-0.002253719,-0.001937476,-0.001582317,-0.001214393,-0.000848293,-0.0005176813,-0.0002412505,-7.34352e-05,-3.30928e-05,-2.85491e-05,-2.39645e-05,NaN,NaN,NaN,NaN,NaN,NaN,NaN,NaN,NaN,NaN,NaN,NaN,NaN,NaN,NaN,NaN,NaN,NaN,NaN,NaN,NaN,NaN,NaN,NaN,NaN,NaN,NaN,NaN,NaN,NaN,NaN,NaN,NaN,NaN,NaN,NaN,NaN,NaN,NaN,NaN,NaN,NaN,NaN,NaN,NaN,NaN,NaN,NaN,NaN,NaN,NaN,NaN,NaN,NaN,NaN,NaN,NaN
NaN,NaN,NaN,NaN,NaN,NaN,NaN,2.893745e-05,3.228177e-05,3.65094e-05,0.0001372436,0.0004429276,0.000663546,0.0007094386,0.0006101694,0.0003829646,6.367474e-05,-0.0003274332,-0.0007591078,-0.001213556,-0.001666645,-0.002103684,-0.002507495,-0.002867177,-0.003170188,-0.003409551,-0.003576584,-0.003667579,-0.003677686,-0.003606796,-0.003454464,-0.003225452,-0.002925807,-0.002565681,-0.002160522,-0.001727084,-0.001290676,-0.0008744709,-0.0005109375,-0.0002262154,-6.56814e-05,-3.375719e-05,-2.790834e-05,-2.337551e-05,NaN,NaN,NaN,NaN,NaN,NaN,NaN,NaN,NaN,NaN,NaN,NaN,NaN,NaN,NaN,NaN,NaN,NaN,NaN,NaN,NaN,NaN,NaN,NaN,NaN,NaN,NaN,NaN,NaN,NaN,NaN,NaN,NaN,NaN,NaN,NaN,NaN,NaN,NaN,NaN,NaN,NaN,NaN,NaN,NaN,NaN,NaN,NaN,NaN,NaN,NaN,NaN,NaN,NaN,NaN,NaN
NaN,NaN,NaN,NaN,NaN,NaN,3.370865e-05,3.758774e-05,4.170059e-05,0.0001500955,0.0005077748,0.000780547,0.0008642107,0.0007822459,0.0005535198,0.000211214,-0.0002187166,-0.0007062588,-0.001227412,-0.00175913,-0.002280817,-0.002777189,-0.0032309,-0.003632623,-0.003968894,-0.004234416,-0.004418879,-0.004520684,-0.004532469,-0.004456562,-0.004289404,-0.004038264,-0.003704427,-0.003303264,-0.002841898,-0.002345907,-0.001830089,-0.001329697,-0.0008663037,-0.0004811997,-0.0001960555,-5.754217e-05,-3.207316e-05,-2.663537e-05,-2.14986e-05,NaN,NaN,NaN,NaN,NaN,NaN,NaN,NaN,NaN,NaN,NaN,NaN,NaN,NaN,NaN,NaN,NaN,NaN,NaN,NaN,NaN,NaN,NaN,NaN,NaN,NaN,NaN,NaN,NaN,NaN,NaN,NaN,NaN,NaN,NaN,NaN,NaN,NaN,NaN,NaN,NaN,NaN,NaN,NaN,NaN,NaN,NaN,NaN,NaN,NaN,NaN,NaN,NaN,NaN,NaN
NaN,NaN,NaN,NaN,NaN,3.829479e-05,4.340157e-05,4.696397e-05,0.0001634721,0.0005712619,0.0009043677,0.001030019,0.0009773042,0.0007517348,0.0003961099,-7.165439e-05,-0.0006099352,-0.00120108,-0.001810205,-0.002423306,-0.003013655,-0.003570574,-0.0040747,-0.004518812,-0.004888291,-0.005179332,-0.005381068,-0.00549235,-0.005505839,-0.005423269,-0.005241256,-0.004965673,-0.004599172,-0.00415259,-0.003637804,-0.003072755,-0.002479831,-0.001885817,-0.001322497,-0.000823357,-0.0004236521,-0.0001564092,-4.364469e-05,-3.046113e-05,-2.365891e-05,-1.851193e-05,NaN,NaN,NaN,NaN,NaN,NaN,NaN,NaN,NaN,NaN,NaN,NaN,NaN,NaN,NaN,NaN,NaN,NaN,NaN,NaN,NaN,NaN,NaN,NaN,NaN,NaN,NaN,NaN,NaN,NaN,NaN,NaN,NaN,NaN,NaN,NaN,NaN,NaN,NaN,NaN,NaN,NaN,NaN,NaN,NaN,NaN,NaN,NaN,NaN,NaN,NaN,NaN,NaN,NaN
NaN,NaN,NaN,NaN,4.32812e-05,4.878205e-05,5.327541e-05,0.0001763284,0.0006348826,0.001028226,0.001207312,0.001189597,0.0009798985,0.000615346,0.0001190228,-0.0004701756,-0.001126937,-0.001818358,-0.002522605,-0.00321511,-0.003877896,-0.00449476,-0.005050865,-0.005536198,-0.005939415,-0.006254568,-0.006472981,-0.006592223,-0.006605957,-0.006515274,-0.006316882,-0.006016236,-0.005614146,-0.005123547,-0.004550803,-0.003918883,-0.003242686,-0.002556055,-0.001883659,-0.001268131,-0.0007401892,-0.0003428954,-0.0001003539,-2.952193e-05,-2.606348e-05,-1.915891e-05,-1.406993e-05,NaN,NaN,NaN,NaN,NaN,NaN,NaN,NaN,NaN,NaN,NaN,NaN,NaN,NaN,NaN,NaN,NaN,NaN,NaN,NaN,NaN,NaN,NaN,NaN,NaN,NaN,NaN,NaN,NaN,NaN,NaN,NaN,NaN,NaN,NaN,NaN,NaN,NaN,NaN,NaN,NaN,NaN,NaN,NaN,NaN,NaN,NaN,NaN,NaN,NaN,NaN,NaN,NaN
NaN,NaN,NaN,4.784221e-05,5.437464e-05,5.952298e-05,0.0001908095,0.0006938645,0.001152634,0.001387583,0.001419425,0.00123181,0.0008720934,0.0003504593,-0.0002805003,-0.001004899,-0.001774956,-0.002577319,-0.003372604,-0.004151827,-0.004884532,-0.005565193,-0.00617107,-0.006699891,-0.007133827,-0.007473697,-0.007705409,-0.007832001,-0.007842653,-0.007742676,-0.007524651,-0.00719723,-0.006758254,-0.006220594,-0.005590523,-0.00488785,-0.004129315,-0.003344932,-0.00256244,-0.001822448,-0.001160094,-0.000620655,-0.0002338065,-3.486442e-05,-9.797294e-06,-2.121018e-05,-1.311168e-05,-8.316722e-06,NaN,NaN,NaN,NaN,NaN,NaN,NaN,NaN,NaN,NaN,NaN,NaN,NaN,NaN,NaN,NaN,NaN,NaN,NaN,NaN,NaN,NaN,NaN,NaN,NaN,NaN,NaN,NaN,NaN,NaN,NaN,NaN,NaN,NaN,NaN,NaN,NaN,NaN,NaN,NaN,NaN,NaN,NaN,NaN,NaN,NaN,NaN,NaN,NaN,NaN,NaN,NaN
NaN,NaN,5.276118e-05,5.927518e-05,6.671519e-05,0.0002049,0.0007493118,0.001268747,0.001570545,0.001657142,0.001508176,0.0011599,0.0006270673,-4.347175e-05,-0.0008270381,-0.001679637,-0.002577552,-0.003484922,-0.004382549,-0.005243871,-0.006053861,-0.006794798,-0.007454826,-0.008022667,-0.008489841,-0.008849268,-0.009094939,-0.009223209,-0.009230061,-0.009114967,-0.008876354,-0.008517276,-0.008039465,-0.007452344,-0.006762489,-0.005988323,-0.00514507,-0.004262024,-0.003366198,-0.00249778,-0.001694874,-0.001002424,-0.0004610138,-0.0001033201,4.254196e-05,1.107456e-05,-1.297573e-05,-5.754594e-06,-2.008361e-07,NaN,NaN,NaN,NaN,NaN,NaN,NaN,NaN,NaN,NaN,NaN,NaN,NaN,NaN,NaN,NaN,NaN,NaN,NaN,NaN,NaN,NaN,NaN,NaN,NaN,NaN,NaN,NaN,NaN,NaN,NaN,NaN,NaN,NaN,NaN,NaN,NaN,NaN,NaN,NaN,NaN,NaN,NaN,NaN,NaN,NaN,NaN,NaN,NaN,NaN,NaN
NaN,5.691565e-05,6.392982e-05,7.391701e-05,0.0002202584,0.000794186,0.001376583,0.001744908,0.001901953,0.001798775,0.001480337,0.0009425439,0.0002468659,-0.0005953258,-0.001522661,-0.00252237,-0.003540568,-0.004568564,-0.005562028,-0.006517168,-0.00739914,-0.008207846,-0.008916507,-0.009528365,-0.01002183,-0.01040327,-0.01065494,-0.01078539,-0.01077999,-0.01064923,-0.01038135,-0.009989541,-0.009466234,-0.008827974,-0.00807417,-0.007227558,-0.006296824,-0.005315219,-0.004302586,-0.003305538,-0.002354105,-0.001506035,-0.000792444,-0.0002710701,4.696022e-05,0.0001254184,3.884745e-05,-2.776736e-06,3.911637e-06,9.38813e-06,NaN,NaN,NaN,NaN,NaN,NaN,NaN,NaN,NaN,NaN,NaN,NaN,NaN,NaN,NaN,NaN,NaN,NaN,NaN,NaN,NaN,NaN,NaN,NaN,NaN,NaN,NaN,NaN,NaN,NaN,NaN,NaN,NaN,NaN,NaN,NaN,NaN,NaN,NaN,NaN,NaN,NaN,NaN,NaN,NaN,NaN,NaN,NaN,NaN,NaN
6.084721e-05,6.685547e-05,8.233859e-05,0.0002359581,0.0008276138,0.001464516,0.001910151,0.002140999,0.002103169,0.001822833,0.001299955,0.0005846406,-0.0003016725,-0.001305072,-0.002399629,-0.003537564,-0.004696033,-0.005836826,-0.006942365,-0.007984422,-0.008949951,-0.009819999,-0.01058498,-0.01123276,-0.01175737,-0.01215122,-0.01241101,-0.0125327,-0.01251504,-0.01235687,-0.01205906,-0.0116233,-0.01105303,-0.01035495,-0.009536287,-0.008610945,-0.007593969,-0.006508804,-0.00538273,-0.004250658,-0.003154451,-0.002138031,-0.001253914,-0.0005429226,-5.324296e-05,0.0002058141,0.000214471,7.113514e-05,1.183123e-05,1.425869e-05,2.20075e-05,NaN,NaN,NaN,NaN,NaN,NaN,NaN,NaN,NaN,NaN,NaN,NaN,NaN,NaN,NaN,NaN,NaN,NaN,NaN,NaN,NaN,NaN,NaN,NaN,NaN,NaN,NaN,NaN,NaN,NaN,NaN,NaN,NaN,NaN,NaN,NaN,NaN,NaN,NaN,NaN,NaN,NaN,NaN,NaN,NaN,NaN,NaN,NaN,NaN
7.010645e-05,9.008451e-05,0.0002560817,0.0008448678,0.001531673,0.002052662,0.00237309,0.002408116,0.002187615,0.00168924,0.0009746736,4.93003e-05,-0.001016297,-0.002208577,-0.003460768,-0.004760914,-0.006051304,-0.007325223,-0.008535183,-0.009679944,-0.01072194,-0.01166409,-0.01247729,-0.01316832,-0.01371369,-0.01412379,-0.01437934,-0.01449327,-0.01444955,-0.01426317,-0.0139206,-0.01343921,-0.01280866,-0.01204881,-0.01115454,-0.0101506,-0.009039054,-0.007854109,-0.006607561,-0.005347613,-0.004097424,-0.002920904,-0.00184847,-0.0009536656,-0.0002578374,0.0001759236,0.0003691517,0.0002985843,0.0001131791,2.931828e-05,2.640261e-05,3.628805e-05,NaN,NaN,NaN,NaN,NaN,NaN,NaN,NaN,NaN,NaN,NaN,NaN,NaN,NaN,NaN,NaN,NaN,NaN,NaN,NaN,NaN,NaN,NaN,NaN,NaN,NaN,NaN,NaN,NaN,NaN,NaN,NaN,NaN,NaN,NaN,NaN,NaN,NaN,NaN,NaN,NaN,NaN,NaN,NaN,NaN,NaN,NaN,6.342828e-05
9.847376e-05,0.000279549,0.0008538145,0.001571383,0.002175155,0.002584324,0.002713707,0.002561215,0.002112615,0.001407513,0.0004652645,-0.0006594192,-0.001934929,-0.00330704,-0.004743647,-0.006198385,-0.00764387,-0.009043952,-0.0103773,-0.01161811,-0.01275025,-0.01375756,-0.01462804,-0.01535286,-0.01592437,-0.0163388,-0.01659185,-0.01668376,-0.01661272,-0.01638198,-0.01599197,-0.01544838,-0.0147537,-0.01391741,-0.01294461,-0.01184996,-0.01064463,-0.009350496,-0.007989456,-0.006593608,-0.005200067,-0.003852338,-0.002603575,-0.001502781,-0.0006097284,4.143066e-05,0.0004101869,0.0005162785,0.0003795179,0.0001627053,5.109552e-05,3.982622e-05,5.309352e-05,NaN,NaN,NaN,NaN,NaN,NaN,NaN,NaN,NaN,NaN,NaN,NaN,NaN,NaN,NaN,NaN,NaN,NaN,NaN,NaN,NaN,NaN,NaN,NaN,NaN,NaN,NaN,NaN,NaN,NaN,NaN,NaN,NaN,NaN,NaN,NaN,NaN,NaN,NaN,NaN,NaN,NaN,NaN,NaN,NaN,6.420271e-05,6.851937e-05
0.0003294912,0.0008659266,0.00159928,0.00227554,0.002780751,0.003008659,0.002945503,0.002558078,0.001887521,0.0009387207,-0.0002235838,-0.001578866,-0.003057701,-0.004637076,-0.006252853,-0.007886161,-0.009482197,-0.01102863,-0.0124809,-0.0138331,-0.01505079,-0.01613314,-0.01705456,-0.01781908,-0.01840731,-0.01882779,-0.01906606,-0.01913402,-0.01902088,-0.01874116,-0.01828679,-0.0176746,-0.01689928,-0.01597932,-0.01491335,-0.01372302,-0.012412,-0.01100887,-0.009524763,-0.007999902,-0.006456195,-0.004949784,-0.003514146,-0.002220594,-0.001106451,-0.0002447558,0.0003469976,0.0006283551,0.0006466311,0.0004513049,0.0002194549,7.197387e-05,5.904677e-05,6.941448e-05,NaN,NaN,NaN,NaN,NaN,NaN,NaN,NaN,NaN,NaN,NaN,NaN,NaN,NaN,NaN,NaN,NaN,NaN,NaN,NaN,NaN,NaN,NaN,NaN,NaN,NaN,NaN,NaN,NaN,NaN,NaN,NaN,NaN,NaN,NaN,NaN,NaN,NaN,NaN,NaN,NaN,NaN,NaN,6.18639e-05,7.140471e-05,9.964528e-05
0.0009322425,0.001647536,0.0023823,0.002967207,0.00330495,0.003332676,0.003031105,0.002404829,0.001477382,0.0002863258,-0.001125241,-0.002708992,-0.004416697,-0.006201919,-0.008019322,-0.009830368,-0.01159612,-0.01328802,-0.0148743,-0.01633673,-0.01764981,-0.01880522,-0.01978271,-0.02058192,-0.02118804,-0.02160658,-0.02182711,-0.02186001,-0.02169808,-0.02135544,-0.02082753,-0.02013128,-0.01926378,-0.0182454,-0.01707459,-0.01577572,-0.01435067,-0.01282902,-0.01121978,-0.009560703,-0.007872549,-0.006204891,-0.004593873,-0.003101373,-0.00177597,-0.000682838,0.0001358262,0.0006384366,0.0008349779,0.0007537599,0.0005242589,0.0002608918,9.219077e-05,8.428008e-05,8.251616e-05,NaN,NaN,NaN,NaN,NaN,NaN,NaN,NaN,NaN,NaN,NaN,NaN,NaN,NaN,NaN,NaN,NaN,NaN,NaN,NaN,NaN,NaN,NaN,NaN,NaN,NaN,NaN,NaN,NaN,NaN,NaN,NaN,NaN,NaN,NaN,NaN,NaN,NaN,NaN,NaN,NaN,5.844886e-05,7.303192e-05,9.837315e-05,0.0003475313
0.001755259,0.002530362,0.003186924,0.003611993,0.003744152,0.003525736,0.002971797,0.002072213,0.0008843616,-0.0005774332,-0.002238396,-0.004075496,-0.006011785,-0.008024937,-0.01004394,-0.01205198,-0.01398741,-0.01584073,-0.0175607,-0.01914492,-0.02055277,-0.02178781,-0.022819,-0.02365577,-0.02427435,-0.02468966,-0.02488403,-0.0248766,-0.02465459,-0.02424028,-0.02362468,-0.02283249,-0.02185798,-0.0207268,-0.019437,-0.01801561,-0.01646445,-0.01481419,-0.013072,-0.01127562,-0.009440923,-0.007617281,-0.005832957,-0.004151626,-0.002614169,-0.001293266,-0.0002319375,0.0005132129,0.000927289,0.001024216,0.0008595386,0.0005707459,0.0002546672,0.0001057054,0.0001150286,8.886551e-05,0.0001167408,NaN,NaN,NaN,NaN,NaN,NaN,NaN,NaN,NaN,NaN,NaN,NaN,NaN,NaN,NaN,NaN,NaN,NaN,NaN,NaN,NaN,NaN,NaN,NaN,NaN,NaN,NaN,NaN,NaN,NaN,NaN,NaN,NaN,NaN,NaN,NaN,NaN,4.138614e-05,5.499597e-05,7.240132e-05,9.713746e-05,0.0003759631,0.0009784682
0.002754331,0.003468978,0.003980573,0.004192918,0.004072105,0.003584738,0.00274289,0.00156281,8.577282e-05,-0.001647309,-0.003582407,-0.005671352,-0.007858082,-0.01009737,-0.01233728,-0.01454057,-0.01666231,-0.01867524,-0.02054223,-0.02224653,-0.0237582,-0.02507091,-0.02616112,-0.02703124,-0.0276644,-0.02806992,-0.02823661,-0.02817959,-0.02789215,-0.02739405,-0.02668223,-0.02577982,-0.02468597,-0.02342717,-0.0220038,-0.02044537,-0.01875432,-0.01696309,-0.0150784,-0.01313726,-0.01115411,-0.009173942,-0.007223214,-0.005358137,-0.003619332,-0.002073715,-0.0007685781,0.000231244,0.0009010154,0.001210465,0.001208955,0.0009356171,0.0005363947,0.0001488647,9.442878e-05,0.0001332081,0.0001144752,0.0001251863,NaN,NaN,NaN,NaN,NaN,NaN,NaN,NaN,NaN,NaN,NaN,NaN,NaN,NaN,NaN,NaN,NaN,NaN,NaN,NaN,NaN,NaN,NaN,NaN,NaN,NaN,NaN,NaN,NaN,NaN,NaN,NaN,NaN,NaN,NaN,2.95898e-05,5.639304e-05,6.320674e-05,0.0001079231,0.000421544,0.001092113,0.001908232
0.003858692,0.00443792,0.004731586,0.004686465,0.004278435,0.003489483,0.002345816,0.0008601625,-0.0009096985,-0.002934397,-0.005142908,-0.007500768,-0.009935845,-0.01241589,-0.01487441,-0.01728546,-0.01959137,-0.02177428,-0.02378657,-0.02561858,-0.02723312,-0.02862805,-0.02977588,-0.03068208,-0.03132674,-0.03172275,-0.03185675,-0.03174776,-0.03138763,-0.03080061,-0.02998233,-0.02896135,-0.02773619,-0.02633792,-0.0247676,-0.02305875,-0.02121365,-0.01926945,-0.01722949,-0.01513664,-0.01299673,-0.01086204,-0.008743422,-0.00670691,-0.004770851,-0.003017103,-0.001469383,-0.0002171768,0.0007256999,0.001289429,0.001502506,0.001348748,0.0009448311,0.0003540363,-2.878514e-05,-2.513693e-05,0.0001172094,0.0001685515,0.000106635,NaN,NaN,NaN,NaN,NaN,NaN,NaN,NaN,NaN,NaN,NaN,NaN,NaN,NaN,NaN,NaN,NaN,NaN,NaN,NaN,NaN,NaN,NaN,NaN,NaN,NaN,NaN,NaN,NaN,NaN,NaN,NaN,NaN,2.785565e-05,4.811444e-05,5.166227e-05,0.0001622834,0.0005453611,0.001287489,0.002173956,0.003073203
0.005042138,0.005384963,0.00542311,0.00506707,0.004350829,0.003233019,0.001774571,-2.966111e-05,-0.002099944,-0.004421955,-0.006907729,-0.009537034,-0.01222174,-0.01494411,-0.01762082,-0.02024132,-0.0227299,-0.02508526,-0.02724034,-0.02920401,-0.0309175,-0.03240013,-0.03360109,-0.03454853,-0.03520013,-0.03559129,-0.03568727,-0.03552966,-0.03509019,-0.03441539,-0.03348253,-0.03234161,-0.03097402,-0.02943273,-0.02770183,-0.02583611,-0.02382266,-0.02171664,-0.01950911,-0.01725543,-0.01495251,-0.01265701,-0.0103749,-0.008166345,-0.00605021,-0.004092312,-0.002325648,-0.0008196309,0.0003870168,0.001234485,0.001700304,0.001764432,0.001449401,0.000860895,0.00014693,-0.0002885712,-0.000320931,3.500933e-05,0.0002051198,0.0001207888,0.0001453265,NaN,NaN,NaN,NaN,NaN,NaN,NaN,NaN,NaN,NaN,NaN,NaN,NaN,NaN,NaN,NaN,NaN,NaN,NaN,NaN,NaN,NaN,NaN,NaN,NaN,NaN,NaN,NaN,NaN,-4.05546e-06,3.17452e-05,3.041007e-05,6.223319e-05,0.0003558245,0.0008432892,0.001674149,0.002593183,0.003564029,0.004388628
0.006226019,0.006291791,0.006013034,0.005325323,0.004272231,0.002815037,0.001031602,-0.001095252,-0.003466035,-0.0060846,-0.008842756,-0.01173927,-0.01466698,-0.01762534,-0.02051389,-0.02333662,-0.02600311,-0.02852372,-0.03081953,-0.03290778,-0.03472184,-0.03628546,-0.03754393,-0.03852775,-0.03919237,-0.03957495,-0.03964025,-0.03943083,-0.03891975,-0.03815384,-0.03711303,-0.0358473,-0.03434286,-0.0326507,-0.03076257,-0.02872961,-0.02654778,-0.02426821,-0.02189014,-0.0194648,-0.01699498,-0.01453276,-0.01208596,-0.009709199,-0.007418424,-0.005272372,-0.003299228,-0.00156037,-9.847638e-05,0.00103253,0.001780117,0.002120672,0.002022948,0.001550805,0.0007937574,1.103796e-05,-0.0007169936,-0.0008086467,-0.0002971666,0.0001323877,0.0002413502,7.422538e-05,0.0001716746,NaN,NaN,NaN,NaN,NaN,NaN,NaN,NaN,NaN,NaN,NaN,NaN,NaN,NaN,NaN,NaN,NaN,NaN,NaN,NaN,NaN,NaN,NaN,NaN,NaN,-4.340674e-05,1.539492e-05,-3.706986e-07,1.552776e-05,0.0002105565,0.0007057271,0.001469359,0.002330021,0.003300873,0.004268356,0.005148537,0.005813281
0.007365995,0.007108265,0.006472538,0.005443974,0.004027637,0.002244744,0.0001180367,-0.002304821,-0.004988296,-0.007869917,-0.01090799,-0.01403549,-0.01721069,-0.02036894,-0.02347258,-0.02646379,-0.02931183,-0.03196789,-0.03440945,-0.03659809,-0.03851943,-0.04014599,-0.04147165,-0.04247854,-0.04316939,-0.04353477,-0.04358525,-0.04331911,-0.04275384,-0.04189422,-0.0407635,-0.03937168,-0.03774638,-0.03590246,-0.03386999,-0.03166715,-0.02932644,-0.02686768,-0.02432529,-0.02171984,-0.01908761,-0.01644953,-0.0138443,-0.01129412,-0.008841294,-0.006511802,-0.004352807,-0.002398506,-0.0007002955,0.0006952679,0.001738917,0.002377465,0.002585121,0.002350583,0.001733908,0.0008183195,-0.0001735144,-0.001164912,-0.00142378,-0.0009982184,-0.0002073574,0.0002375252,0.0002041423,5.088696e-05,0.0001421362,NaN,NaN,NaN,NaN,NaN,NaN,NaN,NaN,NaN,NaN,NaN,NaN,NaN,NaN,NaN,NaN,NaN,NaN,NaN,NaN,NaN,-7.537771e-05,-5.612301e-06,-2.080607e-05,-3.876919e-05,0.0001303585,0.0006950194,0.00139405,0.002372532,0.003341099,0.00433421,0.005309625,0.006165076,0.006846543,0.007260855
0.00838629,0.007783522,0.006769294,0.00539292,0.003619412,0.001512582,-0.0009342135,-0.003645119,-0.006608175,-0.009740147,-0.01302011,-0.01636283,-0.01974617,-0.02308751,-0.02636854,-0.02951266,-0.03250855,-0.03528762,-0.0378473,-0.04012794,-0.04213673,-0.04382285,-0.04520326,-0.04623663,-0.04694801,-0.04730572,-0.04734207,-0.04703412,-0.04642057,-0.04548633,-0.04427493,-0.04277816,-0.04104373,-0.03906862,-0.03690359,-0.03454982,-0.03205935,-0.02943747,-0.02673547,-0.02396248,-0.02116773,-0.01836387,-0.01559713,-0.01288419,-0.01026826,-0.007771088,-0.005434677,-0.003287727,-0.001375179,0.0002655073,0.001583027,0.002531898,0.003069497,0.003157739,0.002815909,0.002055946,0.0009727054,-0.0002471035,-0.001305534,-0.002211511,-0.001954839,-0.001123138,-0.0001916015,0.0002914029,0.0001993885,-7.064045e-06,5.97678e-05,NaN,NaN,NaN,NaN,NaN,NaN,NaN,NaN,NaN,NaN,NaN,NaN,NaN,NaN,NaN,NaN,NaN,-8.828021e-05,-5.162723e-06,-6.267179e-05,-0.0001054971,9.229049e-05,0.0007042564,0.001550806,0.002662674,0.003644956,0.004693249,0.005721745,0.006691957,0.00749795,0.008157793,0.008536852,0.008647612
0.009226543,0.008240714,0.0068704,0.005139615,0.003039808,0.0006236082,-0.002106855,-0.005078246,-0.008280234,-0.01162765,-0.01510606,-0.01862611,-0.02217337,-0.02566036,-0.02907633,-0.03233939,-0.03544487,-0.038319,-0.04096463,-0.04331769,-0.04538893,-0.04712462,-0.04854383,-0.04960234,-0.05032817,-0.0506857,-0.05071105,-0.05037665,-0.04972604,-0.04873871,-0.04746468,-0.04588925,-0.04406747,-0.04199021,-0.03971612,-0.03723983,-0.03462314,-0.03186269,-0.02902276,-0.02610044,-0.02316173,-0.02020276,-0.01729047,-0.0144192,-0.01165631,-0.008994604,-0.00650171,-0.004171785,-0.002073542,-0.0002083673,0.001352512,0.002596996,0.003451096,0.003907957,0.003903608,0.003463313,0.002602476,0.001390212,-1.401505e-05,-0.001331616,-0.002543765,-0.003121045,-0.002422009,-0.001450071,-0.0003679693,0.0002490215,0.0003075969,-1.249244e-05,-7.830448e-05,-3.960458e-05,NaN,NaN,NaN,NaN,NaN,NaN,NaN,NaN,NaN,NaN,NaN,-0.0001080771,-4.591864e-05,-3.029397e-05,-0.0001885575,-0.0001681323,0.0001414168,0.0008748697,0.001878336,0.003093799,0.004274484,0.005339329,0.006415263,0.007447382,0.008358902,0.00913437,0.009717613,0.01005793,0.01011314,0.009848407
0.009767855,0.008432142,0.006711045,0.004666325,0.002268715,-0.0004117277,-0.003382194,-0.006565406,-0.009953789,-0.01346554,-0.01708564,-0.02073115,-0.02438526,-0.02796767,-0.0314644,-0.03480047,-0.03796726,-0.04089728,-0.04358917,-0.04598396,-0.0480888,-0.04985343,-0.0512936,-0.05236883,-0.05310211,-0.05346289,-0.05348098,-0.05313499,-0.05246076,-0.05144549,-0.05013,-0.04850907,-0.04662768,-0.04448665,-0.04213453,-0.03957738,-0.03686504,-0.03400851,-0.03105724,-0.02802633,-0.02496326,-0.02188632,-0.01883934,-0.0158429,-0.01293606,-0.01014084,-0.007491795,-0.005011958,-0.002734208,-0.0006835597,0.001103787,0.002597293,0.003758235,0.00454499,0.004930559,0.004876944,0.004370986,0.003458187,0.00218869,0.0006018865,-0.0009544479,-0.002326833,-0.003545281,-0.00404802,-0.002887366,-0.002145169,-0.0009936239,-0.0001253848,0.0002632141,0.0002790827,-1.33305e-05,-9.894995e-05,-0.0001289538,-0.0001266686,-0.0001427905,-0.0001376333,-0.0001324784,-0.0001025827,-7.69682e-05,-7.530523e-05,-0.000149152,-0.0003285828,-0.0003083651,-4.87705e-05,0.0004368547,0.001467366,0.002401703,0.003851929,0.005137088,0.006216366,0.007331511,0.008443818,0.009401766,0.01026163,0.0109537,0.01147232,0.01171879,0.01172963,0.01140164,0.01077463
0.009945164,0.008273388,0.006258717,0.003936649,0.001302672,-0.001590101,-0.004736166,-0.008070373,-0.01157853,-0.01518968,-0.01888376,-0.02258943,-0.02628367,-0.02989917,-0.03341339,-0.03676597,-0.0399369,-0.04287492,-0.04556423,-0.0479641,-0.05006366,-0.0518334,-0.05326797,-0.05434849,-0.05507613,-0.05544183,-0.05545279,-0.05510933,-0.05442416,-0.05340629,-0.0520734,-0.05044216,-0.04853369,-0.04637203,-0.0439808,-0.04139006,-0.03862503,-0.0357201,-0.03270153,-0.02960648,-0.0264611,-0.02330408,-0.02015996,-0.0170677,-0.01404865,-0.01114158,-0.008362808,-0.005752141,-0.003319273,-0.00110881,0.0008763191,0.002582564,0.004009179,0.005095337,0.005837367,0.006167862,0.006114719,0.005587731,0.004675441,0.003401529,0.001808521,2.989141e-05,-0.001562161,-0.002918551,-0.003965529,-0.004934958,-0.003880376,-0.00236952,-0.002329365,-0.001423732,-0.0005525937,-0.0001796896,-2.063929e-05,3.071026e-05,-3.938417e-05,-0.000159697,-0.0002647758,-0.0002901184,-0.0002244398,-9.702607e-05,0.0001123124,0.0006409897,0.001616901,0.002213595,0.003366658,0.0051076,0.006181458,0.007242145,0.008392316,0.00954431,0.01054887,0.01145261,0.0122185,0.01284713,0.01324014,0.01342483,0.01333764,0.01297199,0.01228813,0.0112892
0.009676632,0.007728476,0.005477895,0.002942022,0.0001426223,-0.002896441,-0.006139766,-0.009556729,-0.01310369,-0.01674449,-0.02043247,-0.02412828,-0.02778644,-0.03136691,-0.03482878,-0.03813392,-0.04124802,-0.04413664,-0.04677378,-0.04912968,-0.05118791,-0.05292397,-0.05433093,-0.05539074,-0.05610507,-0.05646254,-0.05647341,-0.05613236,-0.05545761,-0.05444945,-0.05313336,-0.05151461,-0.04962537,-0.0474742,-0.0450994,-0.04251255,-0.03975611,-0.03684406,-0.03382172,-0.03070446,-0.02753901,-0.02434113,-0.02115756,-0.0180029,-0.01492287,-0.01192921,-0.009066429,-0.00634134,-0.003798543,-0.001438293,0.0006919086,0.002597178,0.004226568,0.005583391,0.006615585,0.007325795,0.007643289,0.007607932,0.007148321,0.00627473,0.005075471,0.003607116,0.001829199,7.542788e-05,-0.001503778,-0.002802813,-0.003560845,-0.004230607,-0.005198483,-0.004152581,-0.001942482,-0.0009656027,-0.0008397055,-0.0009338974,-0.0007558777,-0.0003252244,0.0002316351,0.0007531229,0.001095787,0.001335902,0.001895938,0.003452972,0.005328202,0.006306176,0.007120288,0.008270741,0.009480821,0.01060666,0.0116518,0.01255946,0.01338247,0.01407872,0.01458809,0.01488628,0.01497736,0.01481525,0.01438018,0.01366441,0.01264405,0.0113181
0.008946607,0.00679389,0.004372279,0.001706996,-0.001192524,-0.004286808,-0.007561948,-0.01096873,-0.01448881,-0.01806786,-0.02168427,-0.02528284,-0.02884076,-0.03230494,-0.03565343,-0.03883788,-0.04183914,-0.04461513,-0.04715084,-0.04941176,-0.05138768,-0.05305253,-0.05440161,-0.05541662,-0.05609951,-0.05643927,-0.05644431,-0.05611081,-0.05545311,-0.05447393,-0.05319322,-0.05161976,-0.04977805,-0.04768251,-0.045361,-0.04283257,-0.04012832,-0.03727013,-0.03429176,-0.03121667,-0.02808011,-0.02490587,-0.02172969,-0.01857446,-0.0154749,-0.01245222,-0.009538307,-0.006752852,-0.004122755,-0.001667546,0.0005922843,0.002636431,0.004447588,0.006007264,0.007294641,0.008288925,0.008982159,0.009326144,0.009325595,0.008994269,0.008258409,0.007179595,0.005901637,0.004392916,0.002685098,0.001022477,-0.0002970325,-0.001462534,-0.002458106,-0.002567292,-0.001785797,-0.001161148,-0.00126561,-0.00146038,-0.001026904,0.0001268173,0.001599953,0.002951883,0.003836291,0.004350891,0.005038515,0.006267817,0.007789659,0.009140421,0.01029751,0.01145452,0.01250143,0.01343385,0.01428093,0.01504641,0.01563107,0.01602621,0.01623521,0.0162422,0.01599681,0.01550836,0.01475648,0.01372825,0.01241822,0.01082482
0.007803207,0.005521288,0.003007934,0.0002855366,-0.002628289,-0.005708705,-0.008928016,-0.01225801,-0.01566509,-0.01911783,-0.02258036,-0.02601936,-0.02939991,-0.03268841,-0.03585292,-0.03886147,-0.04168708,-0.04430069,-0.04668149,-0.04880425,-0.05065532,-0.05221394,-0.05347371,-0.05441942,-0.05505122,-0.05535976,-0.05535189,-0.05502395,-0.05438901,-0.0534486,-0.05222141,-0.05071386,-0.04895028,-0.04694061,-0.04471377,-0.04228304,-0.03968081,-0.03692325,-0.03404485,-0.031064,-0.028016,-0.02492037,-0.0218123,-0.01871138,-0.0156518,-0.01265161,-0.009743687,-0.006942612,-0.004280462,-0.001766235,0.0005678794,0.002718707,0.004655636,0.006376728,0.007855876,0.00909295,0.01004909,0.01074749,0.01114306,0.01121479,0.01101084,0.0105162,0.009656589,0.00857521,0.007374378,0.006075189,0.004652997,0.00326327,0.002103905,0.001521043,0.001486967,0.001534965,0.001439795,0.001343284,0.001618083,0.002447294,0.003684324,0.005018283,0.006181015,0.007145597,0.008098178,0.00928478,0.01063297,0.01188838,0.01296873,0.01393124,0.01484627,0.01566535,0.01631761,0.01677868,0.01708117,0.01721403,0.01712549,0.01681121,0.01627427,0.01549706,0.0144627,0.01318321,0.01164063,0.009849446
0.006371098,0.004030244,0.001496949,-0.001205954,-0.004068143,-0.007056674,-0.01015934,-0.0133367,-0.01657397,-0.01982867,-0.02308382,-0.0262967,-0.02944941,-0.03250125,-0.03543466,-0.03821252,-0.04081924,-0.04322251,-0.04540963,-0.0473542,-0.04904687,-0.05046775,-0.05161181,-0.05246502,-0.05302767,-0.05329137,-0.0532615,-0.05293549,-0.05232358,-0.05142848,-0.05026495,-0.04884062,-0.04717414,-0.04527803,-0.04317378,-0.04087751,-0.03841386,-0.03580131,-0.03306695,-0.03023077,-0.02732143,-0.02435919,-0.02137354,-0.01838437,-0.01542081,-0.01250177,-0.009654402,-0.006896839,-0.004252315,-0.001738875,0.0006258833,0.002824415,0.004843128,0.006668784,0.00828799,0.009689338,0.01087336,0.01180998,0.0125064,0.01297805,0.01316058,0.01308108,0.01281572,0.01230249,0.01152018,0.01058106,0.009628823,0.008672456,0.00776204,0.006993154,0.006454852,0.006135379,0.005869738,0.0057254,0.005858979,0.006384372,0.007243882,0.0082831,0.009323486,0.01029467,0.01124265,0.01221631,0.01322469,0.01424822,0.01520514,0.01605363,0.01672082,0.01722456,0.01758583,0.01781163,0.01783802,0.01765629,0.01727926,0.01670249,0.01589477,0.01486805,0.01361771,0.0121381,0.01043426,0.008509719
0.004819249,0.002486523,-1.957801e-06,-0.002627041,-0.005372285,-0.008218355,-0.01114197,-0.01412224,-0.01713222,-0.02014915,-0.02314506,-0.02609576,-0.02897434,-0.03175644,-0.0344177,-0.03693451,-0.03928635,-0.04145159,-0.04341437,-0.04515566,-0.04666502,-0.04792653,-0.04893524,-0.04967942,-0.05015896,-0.05036664,-0.05030733,-0.04997823,-0.04938899,-0.04854096,-0.04744815,-0.04611566,-0.04456183,-0.04279473,-0.04083652,-0.03869784,-0.0364035,-0.03396673,-0.03141389,-0.02876024,-0.02603301,-0.0232485,-0.02043393,-0.017606,-0.01479148,-0.01200619,-0.009276309,-0.006615208,-0.00404892,-0.001586561,0.0007456522,0.002943226,0.004981996,0.006859352,0.008556676,0.01007529,0.01138925,0.01252097,0.01344409,0.01414477,0.01466604,0.01499592,0.01506791,0.01496834,0.01474991,0.01438797,0.01383326,0.01319325,0.01256652,0.01204985,0.01164012,0.01128414,0.01101861,0.01086025,0.01086167,0.01108175,0.01152584,0.01214288,0.01285214,0.0135997,0.01434887,0.01512012,0.01588412,0.01657511,0.01715846,0.01762646,0.01800304,0.01826035,0.01834563,0.01823856,0.01796575,0.01752994,0.01689466,0.01606114,0.01503827,0.01382015,0.01239723,0.01078639,0.008978216,0.006989432
0.003338716,0.001066249,-0.001327276,-0.003822471,-0.006410873,-0.009066095,-0.0117793,-0.01451999,-0.01727794,-0.02002109,-0.02273785,-0.02539646,-0.0279845,-0.03047213,-0.03284717,-0.03508246,-0.03716698,-0.03907729,-0.0408042,-0.04232873,-0.04364391,-0.04473551,-0.04559968,-0.04622645,-0.04661585,-0.04676211,-0.04666891,-0.0463347,-0.0457668,-0.04496769,-0.04394818,-0.04271434,-0.04127966,-0.03965398,-0.03785329,-0.03589001,-0.03378243,-0.03154479,-0.02919734,-0.02675533,-0.0242406,-0.02166867,-0.01906203,-0.01643605,-0.01381314,-0.01120827,-0.008642546,-0.00613078,-0.003691205,-0.001339051,0.0009117116,0.003045999,0.005052686,0.006920739,0.008639613,0.0102006,0.01160612,0.01283516,0.01389572,0.01480688,0.01552244,0.01606486,0.01649587,0.01676566,0.01684379,0.01679684,0.01671082,0.01656851,0.01635833,0.01609102,0.01581558,0.01560069,0.01541585,0.01530058,0.01528881,0.01540961,0.0156533,0.01599815,0.01639947,0.01682475,0.01725493,0.01766241,0.01803371,0.01838095,0.01866989,0.01886931,0.01891572,0.01881268,0.01857762,0.01821964,0.01769376,0.01699229,0.01613096,0.01511137,0.01391346,0.01254922,0.01102181,0.009329059,0.007480172,0.005480421
0.002078155,-8.823932e-05,-0.002345146,-0.004677975,-0.007072763,-0.009515857,-0.01198876,-0.01447731,-0.01696091,-0.01942427,-0.02184661,-0.02421164,-0.02649976,-0.0286944,-0.03077815,-0.03273486,-0.03454997,-0.03620857,-0.0376996,-0.03900978,-0.0401321,-0.04105531,-0.04177635,-0.042287,-0.04258754,-0.04267306,-0.04254745,-0.04220878,-0.04166443,-0.04091553,-0.03997263,-0.03883955,-0.03752993,-0.03604957,-0.03441506,-0.0326342,-0.03072525,-0.028698,-0.02657178,-0.02435783,-0.02207612,-0.0197389,-0.01736609,-0.01497023,-0.01257098,-0.01018037,-0.007817951,-0.005493932,-0.003228146,-0.001027648,0.001087168,0.003112545,0.005029581,0.006835523,0.008515989,0.01007169,0.01148248,0.01276627,0.01390537,0.01488804,0.01575226,0.01649301,0.01705851,0.01751417,0.01790218,0.01819692,0.01834761,0.0184143,0.01844617,0.01848396,0.01851288,0.0185024,0.01849462,0.0184985,0.01852285,0.01858435,0.01869112,0.01884162,0.0190202,0.0192127,0.01939086,0.01955418,0.01967615,0.01971584,0.0196561,0.01949638,0.01925723,0.01892174,0.01844995,0.01782564,0.01707044,0.01619267,0.01516622,0.01399345,0.01268535,0.01124102,0.009654965,0.007943844,0.006102809,0.004147146
0.001123925,-0.0009011889,-0.002991812,-0.00513261,-0.007317645,-0.009526613,-0.01175402,-0.01397698,-0.01618937,-0.01836764,-0.02050467,-0.02257767,-0.02457895,-0.02648725,-0.02829491,-0.02998297,-0.03154437,-0.03296296,-0.03423279,-0.03534099,-0.03628304,-0.03704957,-0.03763811,-0.03804226,-0.03826233,-0.03829486,-0.03814278,-0.03780552,-0.03728852,-0.03659405,-0.03573004,-0.03470132,-0.03351765,-0.03218647,-0.03071918,-0.02912512,-0.02741736,-0.02560632,-0.02370658,-0.02172909,-0.01968951,-0.01759903,-0.01547386,-0.01332502,-0.01116853,-0.009015312,-0.006880426,-0.004774887,-0.002711595,-0.0007022019,0.001243386,0.003113559,0.0049003,0.006594741,0.008188994,0.009675666,0.01105721,0.01231663,0.01345947,0.01450255,0.01540932,0.01619573,0.01691349,0.01752483,0.01800199,0.01839329,0.018762,0.01908719,0.0193444,0.01952678,0.0196595,0.01979136,0.01989684,0.01999321,0.02008897,0.02019114,0.02028988,0.02037969,0.02044543,0.0204779,0.02047021,0.02040518,0.02027526,0.02009693,0.01985428,0.01953071,0.01908256,0.0185133,0.01784062,0.01707655,0.01618978,0.01517393,0.01404516,0.01280788,0.01144885,0.009978521,0.008403197,0.006721917,0.004944347,0.003075606
0.0004772128,-0.001375467,-0.003273602,-0.005206886,-0.007164053,-0.009136129,-0.01110887,-0.01307329,-0.01501405,-0.01692148,-0.0187805,-0.02058076,-0.0223084,-0.02395266,-0.02550148,-0.02694439,-0.02827151,-0.02947305,-0.03054181,-0.03146892,-0.03225019,-0.03287811,-0.0333512,-0.0336641,-0.03381766,-0.03380876,-0.03364082,-0.0333128,-0.03283053,-0.03219498,-0.03141418,-0.03049098,-0.02943566,-0.0282523,-0.02695302,-0.02554339,-0.02403665,-0.02243966,-0.02076637,-0.01902466,-0.01722859,-0.01538683,-0.01351342,-0.01161714,-0.009711798,-0.007805734,-0.005912766,-0.004039787,-0.002201089,-0.0004010996,0.001345015,0.003035387,0.004656068,0.006205085,0.007671867,0.009057004,0.01034452,0.01154811,0.01265457,0.01365208,0.01457081,0.01540727,0.01611777,0.01675105,0.01734198,0.01786846,0.01828552,0.01863301,0.01894547,0.01924827,0.01952656,0.01975034,0.01994487,0.02010905,0.02023826,0.02033539,0.02040222,0.02043959,0.02044156,0.02040456,0.02031277,0.02016964,0.01996098,0.01966102,0.01926251,0.01877053,0.01820752,0.01756696,0.01682096,0.0159586,0.01499978,0.01395554,0.01280758,0.01155888,0.01022105,0.008795552,0.007279107,0.005686682,0.004015503,0.002278438
8.54338e-05,-0.001572409,-0.003262369,-0.004972595,-0.006699309,-0.008427122,-0.01015301,-0.01186001,-0.01354482,-0.0151903,-0.01679257,-0.01833534,-0.01981417,-0.02121418,-0.02253081,-0.02375104,-0.02487063,-0.02587866,-0.02677154,-0.02754078,-0.02818367,-0.02869428,-0.02907125,-0.02931072,-0.02941329,-0.0293771,-0.02920453,-0.0288958,-0.02845501,-0.02788425,-0.02718928,-0.026374,-0.02544541,-0.02440923,-0.0232734,-0.02204486,-0.0207328,-0.01934472,-0.01789084,-0.01637898,-0.01481995,-0.01322156,-0.01159506,-0.009948027,-0.00829154,-0.006633066,-0.004982797,-0.003348429,-0.00173843,-0.000161171,0.0013771,0.002867988,0.004306489,0.005686131,0.007001588,0.00824702,0.009425107,0.01052203,0.01154128,0.01249681,0.01335799,0.01413431,0.01486721,0.01552565,0.01608292,0.01657372,0.01704714,0.01748509,0.01786342,0.0181729,0.0184296,0.01867032,0.01887334,0.01904605,0.01918965,0.01930447,0.01938006,0.0194113,0.01938817,0.01930588,0.01916179,0.01894533,0.01865361,0.01830339,0.0178883,0.01739968,0.01680697,0.01611445,0.01534008,0.01449743,0.01356541,0.01253895,0.01143358,0.01025535,0.008995371,0.007662672,0.006264445,0.004800349,0.003279114,0.001705112
-0.0001336647,-0.001582665,-0.003053656,-0.004539455,-0.006031242,-0.00752335,-0.009004905,-0.01047047,-0.01190864,-0.01331352,-0.01467423,-0.01598433,-0.017234,-0.01841645,-0.01952335,-0.02054797,-0.0214837,-0.02232416,-0.02306473,-0.02369956,-0.02422627,-0.02463984,-0.02493982,-0.02512269,-0.02518961,-0.02513858,-0.02497252,-0.02469092,-0.02429833,-0.02379563,-0.02318882,-0.02248,-0.02167679,-0.02078207,-0.0198047,-0.01874849,-0.01762295,-0.01643285,-0.015188,-0.01389386,-0.01256026,-0.01119306,-0.009801948,-0.008392839,-0.006975241,-0.005554602,-0.004140447,-0.002737036,-0.001354357,5.239815e-06,0.001331106,0.002622617,0.003869907,0.005072222,0.006222053,0.007320387,0.008354863,0.009336245,0.01025479,0.01109915,0.01189298,0.01263349,0.01328276,0.01387639,0.01444224,0.01496065,0.01539174,0.01576261,0.01609976,0.0164218,0.0167169,0.01695877,0.01716507,0.01733361,0.01745861,0.01754021,0.01757896,0.01757568,0.01752699,0.01743151,0.0172787,0.01707216,0.01680343,0.01645358,0.01601866,0.01550468,0.01493232,0.01430003,0.01358754,0.01278638,0.01191389,0.01098162,0.009976215,0.008900488,0.007765089,0.00657253,0.005320424,0.004021524,0.0026741,0.001288405
-0.0002505767,-0.001489131,-0.002744416,-0.00400733,-0.005275791,-0.00653819,-0.00779322,-0.009028291,-0.01024195,-0.01142173,-0.0125657,-0.01366221,-0.01470883,-0.01569512,-0.01661847,-0.01746984,-0.01824676,-0.01894178,-0.01955275,-0.02007406,-0.02050404,-0.02083893,-0.02107797,-0.0212188,-0.02126205,-0.02120677,-0.02105473,-0.02080645,-0.02046487,-0.02003182,-0.01951136,-0.01890653,-0.01822215,-0.01746255,-0.01663322,-0.0157392,-0.01478679,-0.01378138,-0.01272993,-0.0116379,-0.01051276,-0.009359809,-0.00818668,-0.006998497,-0.005802718,-0.004604346,-0.003410072,-0.002225148,-0.00105484,9.494718e-05,0.001220832,0.00231665,0.00337962,0.004405392,0.00539061,0.00633098,0.007229466,0.008075057,0.008870241,0.009626502,0.0103187,0.01095217,0.01156016,0.012117,0.01259772,0.01302709,0.01344367,0.01383211,0.01417015,0.01444807,0.01467648,0.01488457,0.0150555,0.01519373,0.01530018,0.01537486,0.01541011,0.01540232,0.01534497,0.01523511,0.01507218,0.01484922,0.0145648,0.01423356,0.01385253,0.0134163,0.01290133,0.01231044,0.01165943,0.01096066,0.01019858,0.009368404,0.008483429,0.007549432,0.006559629,0.005521046,0.004440331,0.003316864,0.002158009,0.0009669339
-0.0003151917,-0.001352968,-0.002402547,-0.003459241,-0.004516333,-0.005570552,-0.006613707,-0.007642794,-0.008649369,-0.009630097,-0.01057703,-0.01148633,-0.01235101,-0.01316686,-0.01392808,-0.01463035,-0.01526918,-0.0158404,-0.01634098,-0.01676702,-0.01711714,-0.01738786,-0.01757922,-0.01768878,-0.01771762,-0.01766438,-0.01753134,-0.01731812,-0.01702815,-0.01666201,-0.01622411,-0.01571582,-0.01514266,-0.0145065,-0.01381371,-0.01306678,-0.01227243,-0.01143385,-0.01055783,-0.00964804,-0.008711261,-0.00775139,-0.006775007,-0.005786004,-0.004790822,-0.003792925,-0.002798807,-0.001810953,-0.0008362757,0.0001242489,0.001063209,0.001980791,0.00287008,0.003731147,0.004558809,0.00535439,0.006108484,0.006829774,0.007511274,0.008142688,0.008743119,0.009310638,0.009813042,0.01027677,0.01072451,0.01113943,0.01148694,0.01178561,0.01205628,0.01231297,0.01254625,0.0127335,0.01288759,0.01300697,0.01308716,0.01312836,0.01313186,0.01309942,0.0130299,0.01292345,0.01277328,0.01258314,0.01234791,0.01205313,0.01169585,0.01128124,0.01082686,0.01033297,0.009783669,0.009171266,0.008509408,0.00780842,0.007057701,0.006258774,0.005420336,0.004544495,0.003628929,0.002683629,0.001707124,0.0007070525
-0.0003498177,-0.001205799,-0.002071618,-0.002940642,-0.003812057,-0.004677314,-0.005536285,-0.006379765,-0.007207514,-0.00801054,-0.008788127,-0.009531991,-0.01024099,-0.01090778,-0.01153096,-0.01210428,-0.01262627,-0.01309188,-0.01349975,-0.01384619,-0.01413005,-0.01434894,-0.01450233,-0.01458875,-0.01460861,-0.01456141,-0.01444834,-0.01426987,-0.01402798,-0.01372406,-0.01336084,-0.01294053,-0.01246631,-0.01194131,-0.01136914,-0.01075339,-0.01009823,-0.009407403,-0.008685573,-0.007936449,-0.007165045,-0.006374919,-0.005571188,-0.004757234,-0.003937992,-0.003116789,-0.002297931,-0.001484989,-0.0006811272,0.0001095192,0.0008852108,0.001641585,0.002377279,0.003089292,0.003775693,0.004433349,0.005065294,0.005662924,0.006228096,0.006770469,0.007269888,0.007729238,0.008175687,0.008588486,0.008945649,0.0092653,0.009578389,0.009872453,0.01012803,0.01033574,0.0105026,0.0106519,0.01077056,0.01086149,0.01092585,0.01096392,0.0109704,0.010943,0.01087767,0.0107728,0.01062916,0.01044241,0.01021206,0.009950755,0.009657416,0.00932835,0.008945004,0.008508711,0.008032454,0.007526788,0.006979635,0.006386006,0.005756517,0.00509578,0.004398128,0.003668329,0.002911849,0.002127428,0.001320695,0.0004935852
-0.0003641546,-0.001062733,-0.001768085,-0.002477533,-0.003186086,-0.003892215,-0.004589862,-0.005277699,-0.005949563,-0.006603815,-0.007234736,-0.00784022,-0.008415326,-0.008957577,-0.009462925,-0.009928683,-0.01035179,-0.01072954,-0.01105995,-0.01134037,-0.01157,-0.01174644,-0.01186981,-0.01193842,-0.01195309,-0.01191281,-0.01181925,-0.01167205,-0.01147364,-0.01122428,-0.01092708,-0.01058283,-0.01019541,-0.009765876,-0.009298699,-0.008795379,-0.008260575,-0.007696269,-0.007107137,-0.006495508,-0.005865972,-0.00522105,-0.004565172,-0.003900828,-0.003232339,-0.002561854,-0.001893788,-0.001229502,-0.0005738086,7.313443e-05,0.0007059888,0.001325516,0.001926842,0.002510362,0.003072553,0.003614806,0.004129981,0.004625161,0.005095309,0.005531727,0.005949892,0.006348647,0.00670143,0.007028261,0.007347999,0.007646923,0.007895986,0.008108285,0.008300596,0.008483851,0.008650781,0.00878222,0.008887713,0.008966088,0.009013828,0.00903115,0.009019585,0.008981124,0.008915738,0.008824356,0.008702537,0.008553789,0.00837513,0.008155411,0.007892471,0.00759047,0.007264137,0.006914575,0.006529165,0.006101007,0.005640662,0.00515676,0.004640722,0.004092911,0.003520169,0.00292388,0.002301642,0.001660973,0.001000293,0.0003250462
-0.0003600957,-0.0009268216,-0.001499557,-0.002073608,-0.002648999,-0.003219542,-0.003785835,-0.004341234,-0.004886222,-0.00541437,-0.005925752,-0.006414527,-0.006880336,-0.007318086,-0.007727121,-0.008103145,-0.00844537,-0.008750374,-0.009017337,-0.00924381,-0.009428994,-0.009571397,-0.009670574,-0.009725625,-0.009736754,-0.009703679,-0.009627122,-0.009507454,-0.009345908,-0.009143448,-0.008901811,-0.008622544,-0.008307645,-0.007959281,-0.007579729,-0.007171449,-0.006737136,-0.006279293,-0.005800982,-0.005304656,-0.004793609,-0.004270174,-0.00373773,-0.003198487,-0.002655671,-0.002111479,-0.001568648,-0.001029618,-0.0004962382,2.855413e-05,0.0005439532,0.001046865,0.001536745,0.002011465,0.002469965,0.002909912,0.003334157,0.003736021,0.004116928,0.004485076,0.004824412,0.005136446,0.005443431,0.005729002,0.005974593,0.006193798,0.006411732,0.006618756,0.006798547,0.006942718,0.00705613,0.007157374,0.007236453,0.007295228,0.0073348,0.007355483,0.00735342,0.007326924,0.007273218,0.007191383,0.007082559,0.006943817,0.006775141,0.006587047,0.006379565,0.006150091,0.005883997,0.005581677,0.00525365,0.00490876,0.004537708,0.004135648,0.003710919,0.003267146,0.002799596,0.002311399,0.001806858,0.001284392,0.0007481126,0.000199042
-0.0003416515,-0.000801026,-0.001264278,-0.001729989,-0.002194508,-0.002657354,-0.003114089,-0.003564385,-0.004003773,-0.00443164,-0.004843925,-0.005239599,-0.005615199,-0.005969337,-0.006299232,-0.006603264,-0.006879377,-0.007125838,-0.007341376,-0.007524194,-0.007673865,-0.007788689,-0.007868867,-0.00791317,-0.007922228,-0.007895259,-0.007833454,-0.007736451,-0.007605949,-0.007441984,-0.007246699,-0.007020463,-0.006765974,-0.006483739,-0.006176844,-0.005846118,-0.005494742,-0.005123893,-0.004736733,-0.0043347,-0.003920864,-0.003496812,-0.003065498,-0.002628494,-0.002188694,-0.001747403,-0.001307631,-0.0008700766,-0.0004381163,-1.152878e-05,0.0004058538,0.0008149332,0.00121223,0.001598265,0.001970586,0.002330477,0.002672509,0.003002351,0.003316444,0.003607631,0.003888284,0.004157892,0.004394965,0.004614806,0.004833019,0.005038825,0.005208491,0.005351477,0.005481338,0.00560681,0.005722511,0.005812639,0.005884388,0.005936859,0.005967233,0.005975639,0.005963483,0.005932536,0.005883146,0.005816381,0.00572913,0.005624246,0.005499959,0.005347463,0.00516508,0.004956061,0.004732437,0.004495654,0.004235812,0.003946925,0.003637138,0.003313555,0.002969342,0.002604272,0.00222366,0.001828465,0.001416394,0.000993091,0.0005570367,0.0001120519
-0.0003127028,-0.0006857352,-0.001062504,-0.001439621,-0.001817545,-0.002191775,-0.00256322,-0.002927074,-0.00328414,-0.00362982,-0.003964575,-0.004284284,-0.004589022,-0.004875242,-0.005142734,-0.005388561,-0.005612335,-0.005811757,-0.005986337,-0.006134471,-0.006255621,-0.006348846,-0.006413809,-0.006449947,-0.006457353,-0.006435874,-0.006385919,-0.006307768,-0.00620216,-0.006069764,-0.005911648,-0.005728872,-0.005522645,-0.005294465,-0.005045726,-0.004778098,-0.004493277,-0.004192935,-0.003879041,-0.00355321,-0.003217585,-0.002873688,-0.002523735,-0.002169168,-0.00181209,-0.001453968,-0.001096531,-0.0007414775,-0.0003898627,-4.381957e-05,0.0002963938,0.0006284913,0.0009523393,0.001266421,0.001570142,0.001861741,0.002143709,0.002410856,0.002664314,0.00291079,0.003137689,0.003345769,0.003552945,0.003746576,0.003911454,0.004057853,0.004205967,0.004348585,0.004472469,0.004570554,0.004646265,0.004714376,0.004767369,0.00480647,0.004832659,0.004846205,0.004844229,0.004825377,0.004787621,0.004730278,0.004654436,0.004557966,0.004440947,0.004311807,0.004171019,0.004016705,0.003837366,0.003632827,0.003411454,0.003180462,0.002932762,0.00266404,0.002380772,0.002085838,0.001775394,0.00145153,0.001117616,0.0007720769,0.0004179518,5.572837e-05
-0.0002791056,-0.000583789,-0.0008907025,-0.001199122,-0.001506358,-0.001812441,-0.00211411,-0.002411515,-0.002701408,-0.002983704,-0.003255497,-0.003516349,-0.00376383,-0.003997189,-0.004214512,-0.004414829,-0.00459676,-0.004759192,-0.004901316,-0.005021915,-0.005120785,-0.005196719,-0.00524994,-0.005279552,-0.005286041,-0.005268805,-0.005228699,-0.005165384,-0.005080054,-0.004972631,-0.004844595,-0.004696076,-0.004528938,-0.004343389,-0.004141552,-0.003923856,-0.003692468,-0.003448074,-0.003192807,-0.002927549,-0.002654359,-0.002374234,-0.002089154,-0.001800109,-0.00150905,-0.001216775,-0.0009253584,-0.0006351373,-0.0003485071,-6.511464e-05,0.0002122709,0.000484482,0.000749006,0.001006342,0.001254746,0.0014953,0.001723885,0.001944913,0.002155871,0.002350955,0.002539895,0.002722583,0.002882012,0.003029764,0.003178453,0.003319834,0.003435039,0.003530897,0.003618212,0.003703944,0.003784197,0.003846378,0.003895853,0.003931983,0.003952593,0.003957729,0.003948574,0.003926585,0.0038922,0.003846342,0.003786767,0.003715676,0.003631935,0.003528652,0.003404422,0.003261695,0.003110004,0.002950817,0.002776475,0.002581976,0.002373497,0.002156767,0.001926469,0.001682132,0.001427847,0.001164313,0.0008895517,0.0006077865,0.0003177259,2.20762e-05
-0.0002447932,-0.0004951825,-0.000747952,-0.001000639,-0.001253811,-0.001504181,-0.00175267,-0.001995792,-0.002234377,-0.00246513,-0.002688598,-0.002901864,-0.003105165,-0.003296026,-0.003474437,-0.003638377,-0.003787666,-0.00392075,-0.00403733,-0.00413636,-0.004217462,-0.004280046,-0.004323862,-0.004348553,-0.004354157,-0.004340592,-0.004308092,-0.004256858,-0.004187337,-0.004099994,-0.003995491,-0.003874553,-0.003737915,-0.003586617,-0.003421508,-0.003243729,-0.003054353,-0.002854504,-0.002645458,-0.002428286,-0.002204401,-0.001974805,-0.001740968,-0.001503843,-0.001264822,-0.001024899,-0.0007851891,-0.0005468921,-0.00031062,-7.792978e-05,0.0001511508,0.0003749316,0.0005934447,0.0008055795,0.001010987,0.00120833,0.001399628,0.001580921,0.001753028,0.001921213,0.002075857,0.002217262,0.002359418,0.00249278,0.002605322,0.002704676,0.002806641,0.002905956,0.00299227,0.003059905,0.003111254,0.003157799,0.003193983,0.003220648,0.003238654,0.003248225,0.003247227,0.003234593,0.00320882,0.003169344,0.003117071,0.003050456,0.002969543,0.002880883,0.002785059,0.002680703,0.002558965,0.002419399,0.002268448,0.002111807,0.001944182,0.001761978,0.001570115,0.001370846,0.001161174,0.0009425041,0.0007174487,0.0004846402,0.000246323,2.738225e-06
-0.0002132368,-0.0004210184,-0.0006301001,-0.0008401127,-0.001049074,-0.00125719,-0.001462075,-0.001664022,-0.001860679,-0.002052157,-0.002236374,-0.002413161,-0.002580806,-0.002738892,-0.002886094,-0.003021805,-0.003145091,-0.003255217,-0.003351661,-0.003433588,-0.003500903,-0.003552752,-0.003589333,-0.003609999,-0.003615114,-0.003604224,-0.003577945,-0.003535987,-0.003479192,-0.003407448,-0.003321787,-0.003222223,-0.00311006,-0.002985357,-0.002849586,-0.002702963,-0.00254698,-0.002382043,-0.002209608,-0.002030227,-0.001845304,-0.001655481,-0.001462103,-0.00126581,-0.001067945,-0.0008690077,-0.0006704516,-0.0004724412,-0.0002766899,-8.285556e-05,0.0001070507,0.0002937052,0.0004752863,0.0006521923,0.0008231661,0.0009890448,0.001146745,0.001299573,0.001445735,0.001580703,0.00171185,0.001839251,0.001949923,0.002052379,0.002156388,0.002255843,0.002336299,0.002402586,0.002462996,0.002522898,0.002579542,0.002623302,0.002658066,0.002683411,0.002697717,0.002701001,0.002694193,0.002678443,0.002654162,0.002622083,0.002580597,0.002531358,0.002473612,0.002402155,0.002315835,0.002216436,0.002111224,0.002001516,0.001881567,0.001747422,0.001603631,0.001454641,0.001296468,0.001128608,0.0009541314,0.0007735676,0.0005853417,0.0003925744,0.0001942557,-7.682346e-06
-0.000185631,-0.0003596237,-0.0005351527,-0.0007104294,-0.0008859532,-0.001059346,-0.001231365,-0.001399507,-0.001564458,-0.001723869,-0.001878211,-0.002025424,-0.002165744,-0.00229744,-0.002420556,-0.002533691,-0.002636754,-0.002728678,-0.002809272,-0.002877832,-0.002934092,-0.002977669,-0.003008376,-0.003025983,-0.0030305,-0.003021877,-0.003000258,-0.002965782,-0.002918734,-0.002859431,-0.002788301,-0.002705843,-0.002612526,-0.002509066,-0.002396011,-0.002274141,-0.002144166,-0.002006846,-0.001863038,-0.001713466,-0.00155909,-0.001400582,-0.001238949,-0.001074835,-0.0009091934,-0.0007427112,-0.0005761423,-0.0004103398,-0.0002456943,-8.333483e-05,7.676666e-05,0.0002333754,0.00038654,0.000535454,0.0006798736,0.0008188038,0.000953741,0.001081778,0.001203444,0.001322661,0.001432359,0.001532586,0.001633721,0.001728847,0.001808922,0.001879396,0.001952014,0.002023088,0.002084908,0.002133166,0.002169476,0.002202348,0.002227826,0.002246489,0.002259013,0.002265591,0.00226469,0.002255519,0.002236989,0.002208676,0.002171264,0.002123674,0.002065917,0.002002854,0.00193503,0.001861496,0.001775738,0.001677268,0.001570817,0.001460679,0.001343059,0.001215187,0.001080652,0.0009411655,0.0007945209,0.000641675,0.0004845789,0.000322189,0.0001561259,-1.345526e-05
-0.000162784,-0.0003105071,-0.0004590045,-0.0006080373,-0.0007561868,-0.0009036229,-0.001048653,-0.001191504,-0.001330521,-0.001465799,-0.001595882,-0.001720666,-0.001838965,-0.001950492,-0.002054338,-0.00215008,-0.002237087,-0.002314841,-0.002383,-0.002440968,-0.002488703,-0.002525592,-0.002551793,-0.002566838,-0.002570994,-0.002563923,-0.002546065,-0.002517197,-0.002477914,-0.002428111,-0.002368512,-0.0022991,-0.002220791,-0.002133594,-0.00203854,-0.001935754,-0.001826277,-0.001710369,-0.001589047,-0.001462678,-0.00133224,-0.001198168,-0.001061405,-0.000922387,-0.0007820615,-0.0006407669,-0.0004995386,-0.0003584799,-0.0002188183,-8.030431e-05,5.562264e-05,0.0001894365,0.0003198283,0.0004470701,0.0005702478,0.0006899447,0.0008039424,0.0009145507,0.001020517,0.001118556,0.001213847,0.001306522,0.001387271,0.001462003,0.001537744,0.001610234,0.001669101,0.0017176,0.001761651,0.001805128,0.001846178,0.001877913,0.001903,0.001921174,0.001931267,0.001933297,0.001927927,0.00191601,0.001897863,0.001874055,0.001843473,0.001807287,0.001765018,0.00171298,0.001650308,0.001578252,0.001501995,0.001422606,0.001336038,0.001239427,0.001135942,0.001028831,0.0009153035,0.0007949683,0.000670006,0.000540847,0.0004063509,0.0002687498,0.0001273396,-1.651056e-05
-0.0001443501,-0.000271557,-0.0003997543,-0.0005276623,-0.000655608,-0.0007819211,-0.0009070991,-0.001029395,-0.001149256,-0.001265046,-0.001377069,-0.001483892,-0.001585658,-0.00168116,-0.001770415,-0.001852446,-0.001927181,-0.001993873,-0.002052385,-0.002102217,-0.002143186,-0.002175014,-0.002197575,-0.002210696,-0.002214392,-0.002208614,-0.00219347,-0.002169045,-0.002135546,-0.002093181,-0.002042257,-0.001983112,-0.001916086,-0.001841662,-0.001760243,-0.001672357,-0.00157852,-0.001479254,-0.001375176,-0.001266786,-0.001154773,-0.001039607,-0.000922011,-0.0008024414,-0.0006815873,-0.0005599353,-0.0004380423,-0.0003165092,-0.0001956491,-7.625073e-05,4.165343e-05,0.0001572064,0.0002703835,0.0003806199,0.0004876943,0.0005909098,0.0006912219,0.0007866587,0.0008774942,0.0009663937,0.001048539,0.001123874,0.001199383,0.001270468,0.001330906,0.001384291,0.001438554,0.001491313,0.001537294,0.00157354,0.00160104,0.001625558,0.00164448,0.001658184,0.00166711,0.001671418,0.001670069,0.001662542,0.001648087,0.001626447,0.001598065,0.001562253,0.001519005,0.001471627,0.00142054,0.001365162,0.001301102,0.001227989,0.001149004,0.00106713,0.0009798707,0.0008853471,0.0007859761,0.0006829922,0.0005749301,0.0004624632,0.0003469423,0.0002277194,0.0001059051,-1.833108e-05
-0.0001301962,-0.0002420739,-0.0003544512,-0.0004670744,-0.0005789917,-0.0006901998,-0.0007995786,-0.0009071575,-0.001011845,-0.001113587,-0.001211424,-0.001305181,-0.001394073,-0.001477816,-0.001555805,-0.00162768,-0.001693023,-0.001751421,-0.001802648,-0.001846254,-0.001882213,-0.001910078,-0.001929957,-0.001941512,-0.001944933,-0.001939976,-0.00192695,-0.001905702,-0.00187665,-0.001839726,-0.001795443,-0.001743802,-0.001685446,-0.001620403,-0.001549402,-0.001472553,-0.001390596,-0.001303736,-0.001212707,-0.001117783,-0.00101968,-0.0009187167,-0.000815592,-0.0007106283,-0.0006045273,-0.0004975497,-0.0003904516,-0.0002833447,-0.0001771028,-7.161475e-05,3.211804e-05,0.0001343505,0.0002341705,0.0003317086,0.0004263047,0.0005182914,0.0006062016,0.0006914398,0.0007731674,0.000849307,0.0009229935,0.0009943363,0.00105745,0.001115957,0.001174218,0.001229623,0.00127562,0.001314171,0.00134893,0.001382347,0.001413269,0.001437402,0.001456328,0.001469911,0.001477377,0.001478753,0.001474418,0.001464939,0.001450492,0.001431477,0.001407186,0.001378369,0.001344734,0.001304017,0.001255647,0.001200436,0.00114161,0.001079939,0.001012919,0.0009388032,0.0008595427,0.0007772665,0.0006902697,0.0005983718,0.0005029578,0.000404404,0.0003020274,0.0001973186,8.989016e-05,-1.930426e-05
-0.0001198272,-0.0002205854,-0.0003219899,-0.0004231538,-0.0005241625,-0.000623912,-0.0007225759,-0.0008190091,-0.0009133568,-0.001004538,-0.001092624,-0.001176651,-0.001256609,-0.001331671,-0.001401769,-0.001466216,-0.001524911,-0.00157731,-0.001623296,-0.001662481,-0.001694746,-0.001719844,-0.001737713,-0.001748188,-0.001751308,-0.001747003,-0.001735385,-0.001716486,-0.001690496,-0.001657535,-0.001617875,-0.001571727,-0.001519402,-0.001461211,-0.001397516,-0.001328671,-0.001255114,-0.001177205,-0.001095452,-0.001010211,-0.0009220351,-0.0008312695,-0.0007384883,-0.0006440309,-0.0005484511,-0.0004521037,-0.000355465,-0.0002589467,-0.0001628851,-6.7786e-05,2.617555e-05,0.0001184685,0.0002089329,0.0002972075,0.0003830369,0.0004659985,0.000546492,0.0006234155,0.0006967955,0.0007680826,0.0008345475,0.0008961265,0.0009565545,0.001013347,0.001062994,0.00110744,0.001150959,0.001192299,0.001228496,0.001257932,0.001281055,0.001301043,0.001316427,0.00132743,0.001334238,0.001336969,0.001335002,0.001328083,0.001315751,0.001297901,0.00127473,0.001245915,0.001211411,0.001173081,0.001131147,0.00108537,0.001033336,0.0009748942,0.0009117769,0.0008457255,0.0007754058,0.0006998846,0.0006205025,0.0005380693,0.0004518297,0.0003622815,0.0002702258,0.000175461,7.866235e-05,-1.990955e-05
-0.0001130877,-0.0002067367,-0.0003007923,-0.0003948778,-0.0004884401,-0.0005811992,-0.0006725258,-0.0007621498,-0.0008494541,-0.0009341358,-0.00101564,-0.001093619,-0.001167605,-0.001237221,-0.001302093,-0.001361833,-0.001416169,-0.001464718,-0.001507319,-0.001543606,-0.001573535,-0.001596778,-0.001613386,-0.001623112,-0.001626082,-0.001622128,-0.001611466,-0.001594005,-0.001570046,-0.001539571,-0.001502956,-0.001460248,-0.00141191,-0.001358029,-0.001299133,-0.001235369,-0.00116729,-0.001095102,-0.001019372,-0.0009403495,-0.0008586022,-0.0007744044,-0.0006883205,-0.0006006259,-0.000511884,-0.0004223387,-0.0003325689,-0.0002427451,-0.0001534837,-6.484638e-05,2.251161e-05,0.000108606,0.0001928386,0.0002751902,0.0003551884,0.0004329196,0.0005075881,0.0005797514,0.0006489013,0.0007141312,0.0007766308,0.0008364524,0.000890971,0.0009417165,0.0009904315,0.001036037,0.001075644,0.00111009,0.001140826,0.001168927,0.001193816,0.001213706,0.001229158,0.001240156,0.00124628,0.001247582,0.001244136,0.001236227,0.001223854,0.001207237,0.001186009,0.001160553,0.001130688,0.001095536,0.001054803,0.001008925,0.0009592434,0.0009062103,0.0008487625,0.0007862868,0.0007196196,0.0006498272,0.0005762292,0.0004989234,0.0004185575,0.0003354955,0.0002495306,0.0001615166,7.139423e-05,-2.019134e-05
-0.0001097393,-0.0001998561,-0.0002904315,-0.0003808762,-0.000470981,-0.0005600999,-0.0006480317,-0.000734116,-0.0008181445,-0.0008994742,-0.0009778882,-0.00105278,-0.001123934,-0.001190796,-0.001253167,-0.001310549,-0.001362776,-0.00140942,-0.001450356,-0.001485237,-0.00151399,-0.001536351,-0.001552314,-0.001561691,-0.001564556,-0.001560801,-0.001550575,-0.00153385,-0.001510849,-0.00148162,-0.001446459,-0.001405483,-0.001359044,-0.001307327,-0.001250736,-0.0011895,-0.001124075,-0.001054718,-0.0009819214,-0.0009059628,-0.0008273577,-0.0007463901,-0.0006635839,-0.0005792207,-0.0004938159,-0.0004076453,-0.0003211957,-0.000234738,-0.0001487109,-6.338104e-05,2.086962e-05,0.0001037963,0.0001850486,0.0002644453,0.0003416473,0.0004164917,0.0004887988,0.000558301,0.0006247705,0.0006884676,0.0007486511,0.0008053064,0.0008589903,0.0009092278,0.0009551507,0.0009971745,0.001035992,0.001071396,0.001102649,0.001129475,0.001151813,0.001170347,0.001184641,0.001194794,0.001200706,0.00120246,0.001199799,0.001192738,0.001181061,0.001164818,0.001143939,0.001118458,0.001088268,0.001053858,0.0010152,0.0009723871,0.0009248978,0.0008728691,0.0008166326,0.0007567352,0.0006929359,0.0006252826,0.000554098,0.0004798117,0.0004023656,0.0003221603,0.0002394819,0.0001546258,6.788276e-05,-2.032891e-05
-0.0001097391,-0.0001998557,-0.0002904308,-0.0003808753,-0.00047098,-0.0005600986,-0.0006480301,-0.0007341143,-0.0008181426,-0.0008994722,-0.000977886,-0.001052777,-0.001123932,-0.001190793,-0.001253164,-0.001310546,-0.001362773,-0.001409417,-0.001450352,-0.001485234,-0.001513987,-0.001536347,-0.00155231,-0.001561687,-0.001564553,-0.001560797,-0.001550572,-0.001533846,-0.001510846,-0.001481617,-0.001446456,-0.00140548,-0.001359041,-0.001307324,-0.001250733,-0.001189498,-0.001124072,-0.001054715,-0.0009819192,-0.0009059607,-0.0008273558,-0.0007463884,-0.0006635824,-0.0005792194,-0.0004938147,-0.0004076444,-0.000321195,-0.0002347375,-0.0001487106,-6.33809e-05,2.086954e-05,0.000103796,0.0001850481,0.0002644447,0.0003416465,0.0004164907,0.0004887976,0.0005582998,0.0006247691,0.0006884658,0.0007486495,0.0008053049,0.0008589881,0.0009092254,0.0009551487,0.0009971728,0.001035989,0.001071393,0.001102646,0.001129472,0.00115181,0.001170345,0.001184639,0.001194791,0.001200704,0.001202458,0.001199797,0.001192735,0.001181058,0.001164815,0.001143937,0.001118456,0.001088266,0.001053856,0.001015198,0.0009723847,0.0009248955,0.0008728671,0.0008166308,0.0007567334,0.0006929342,0.0006252812,0.0005540967,0.0004798105,0.0004023647,0.0003221596,0.0002394813,0.0001546254,6.788256e-05,-2.032889e-05
-0.0001130871,-0.0002067354,-0.0003007903,-0.0003948752,-0.0004884369,-0.0005811953,-0.0006725214,-0.0007621446,-0.0008494484,-0.0009341294,-0.001015633,-0.001093611,-0.001167597,-0.001237212,-0.001302084,-0.001361824,-0.001416159,-0.001464708,-0.001507309,-0.001543595,-0.001573525,-0.001596767,-0.001613375,-0.001623101,-0.001626071,-0.001622117,-0.001611455,-0.001593994,-0.001570035,-0.00153956,-0.001502946,-0.001460238,-0.0014119,-0.00135802,-0.001299125,-0.00123536,-0.001167282,-0.001095095,-0.001019366,-0.0009403432,-0.0008585964,-0.0007743992,-0.000688316,-0.0006006219,-0.0005118806,-0.0004223359,-0.0003325668,-0.0002427435,-0.0001534827,-6.484602e-05,2.251141e-05,0.0001086052,0.0001928373,0.0002751883,0.0003551859,0.0004329166,0.0005075847,0.0005797474,0.0006488969,0.0007141265,0.0007766256,0.0008364466,0.0008909652,0.0009417105,0.0009904247,0.00103603,0.001075637,0.001110083,0.001140819,0.001168919,0.001193808,0.001213697,0.00122915,0.001240147,0.001246272,0.001247574,0.001244128,0.001236219,0.001223846,0.001207229,0.001186001,0.001160545,0.00113068,0.001095529,0.001054796,0.001008919,0.000959237,0.0009062042,0.0008487566,0.0007862814,0.0007196148,0.0006498226,0.0005762252,0.0004989199,0.0004185546,0.0003354932,0.0002495289,0.0001615154,7.139367e-05,-2.019131e-05
-0.0001198261,-0.0002205831,-0.0003219866,-0.0004231494,-0.000524157,-0.0006239054,-0.0007225682,-0.0008190004,-0.000913347,-0.001004528,-0.001092612,-0.001176638,-0.001256595,-0.001331657,-0.001401754,-0.0014662,-0.001524894,-0.001577293,-0.001623279,-0.001662463,-0.001694727,-0.001719825,-0.001737694,-0.001748169,-0.001751289,-0.001746984,-0.001735366,-0.001716467,-0.001690477,-0.001657517,-0.001617857,-0.00157171,-0.001519386,-0.001461195,-0.001397501,-0.001328656,-0.0012551,-0.001177193,-0.001095441,-0.0010102,-0.0009220253,-0.0008312606,-0.0007384804,-0.0006440241,-0.0005484453,-0.0004520989,-0.0003554613,-0.000258944,-0.0001628835,-6.778537e-05,2.617516e-05,0.0001184671,0.0002089305,0.0002972042,0.0003830327,0.0004659934,0.0005464861,0.0006234088,0.0006967881,0.0007680742,0.0008345387,0.0008961172,0.0009565441,0.001013336,0.001062983,0.001107429,0.001150947,0.001192286,0.001228482,0.001257919,0.001281042,0.001301029,0.001316413,0.001327417,0.001334224,0.001336955,0.001334988,0.001328069,0.001315737,0.001297887,0.001274717,0.001245902,0.001211398,0.001173069,0.001131135,0.001085358,0.001033325,0.0009748838,0.0009117672,0.0008457163,0.0007753973,0.000699877,0.0006204958,0.0005380634,0.0004518247,0.0003622775,0.0002702227,0.000175459,7.866135e-05,-1.990947e-05
-0.0001301945,-0.0002420706,-0.0003544464,-0.000467068,-0.0005789837,-0.0006901902,-0.0007995674,-0.0009071449,-0.001011831,-0.001113571,-0.001211407,-0.001305163,-0.001394054,-0.001477795,-0.001555783,-0.001627657,-0.001692999,-0.001751396,-0.001802623,-0.001846228,-0.001882186,-0.001910051,-0.00192993,-0.001941485,-0.001944905,-0.001939948,-0.001926923,-0.001905675,-0.001876624,-0.0018397,-0.001795418,-0.001743777,-0.001685422,-0.00162038,-0.00154938,-0.001472532,-0.001390577,-0.001303718,-0.00121269,-0.001117767,-0.001019665,-0.0009187038,-0.0008155806,-0.0007106184,-0.0006045189,-0.0004975428,-0.0003904462,-0.0002833409,-0.0001771005,-7.161389e-05,3.211747e-05,0.0001343484,0.0002341671,0.0003317038,0.0004262986,0.000518284,0.0006061931,0.0006914299,0.0007731564,0.0008492952,0.0009229805,0.0009943222,0.001057435,0.001115942,0.001174202,0.001229605,0.001275602,0.001314154,0.001348912,0.001382328,0.001413249,0.001437381,0.001456308,0.001469891,0.001477356,0.001478732,0.001474398,0.001464919,0.001450472,0.001431457,0.001407166,0.00137835,0.001344714,0.001303999,0.001255629,0.001200419,0.001141594,0.001079924,0.001012905,0.0009387899,0.0008595305,0.0007772554,0.0006902599,0.0005983633,0.0005029506,0.0004043981,0.0003020229,0.0001973156,8.988873e-05,-1.930418e-05
-0.0001443479,-0.0002715527,-0.0003997478,-0.0005276536,-0.0006555971,-0.0007819082,-0.000907084,-0.001029378,-0.001149237,-0.001265025,-0.001377046,-0.001483867,-0.001585631,-0.001681132,-0.001770385,-0.001852415,-0.001927149,-0.00199384,-0.002052351,-0.002102181,-0.002143149,-0.002174977,-0.002197538,-0.002210659,-0.002214355,-0.002208577,-0.002193433,-0.002169008,-0.00213551,-0.002093145,-0.002042223,-0.001983079,-0.001916054,-0.001841631,-0.001760213,-0.001672329,-0.001578494,-0.001479229,-0.001375154,-0.001266765,-0.001154754,-0.001039589,-0.0009219957,-0.0008024281,-0.000681576,-0.0005599261,-0.0004380351,-0.000316504,-0.000195646,-7.624961e-05,4.165256e-05,0.0001572036,0.0002703788,0.0003806134,0.0004876861,0.0005908998,0.0006912102,0.0007866456,0.0008774795,0.0009663773,0.001048521,0.001123856,0.001199363,0.001270446,0.001330884,0.001384269,0.00143853,0.001491288,0.001537268,0.001573513,0.001601013,0.001625531,0.001644453,0.001658156,0.001667083,0.001671391,0.001670041,0.001662514,0.00164806,0.001626419,0.001598038,0.001562227,0.00151898,0.001471603,0.001420516,0.001365139,0.00130108,0.001227969,0.001148984,0.001067112,0.000979854,0.0008853322,0.0007859628,0.0006829805,0.0005749203,0.0004624553,0.0003469363,0.0002277154,0.0001059031,-1.833097e-05
-0.0001627811,-0.0003105015,-0.0004589961,-0.0006080261,-0.0007561728,-0.0009036061,-0.001048633,-0.001191482,-0.001330496,-0.001465771,-0.001595852,-0.001720633,-0.001838931,-0.001950455,-0.002054299,-0.00215004,-0.002237045,-0.002314797,-0.002382955,-0.002440922,-0.002488656,-0.002525545,-0.002551745,-0.002566789,-0.002570945,-0.002563874,-0.002546017,-0.00251715,-0.002477868,-0.002428065,-0.002368467,-0.002299057,-0.00222075,-0.002133553,-0.002038501,-0.001935717,-0.001826242,-0.001710337,-0.001589018,-0.00146265,-0.001332216,-0.001198146,-0.001061386,-0.0009223698,-0.000782047,-0.0006407551,-0.0004995294,-0.0003584734,-0.0002188143,-8.030301e-05,5.562142e-05,0.0001894328,0.0003198222,0.0004470616,0.000570237,0.0006899316,0.0008039273,0.0009145335,0.001020497,0.001118535,0.001213824,0.001306497,0.001387245,0.001461976,0.001537715,0.001610204,0.00166907,0.001717568,0.001761618,0.001805094,0.001846143,0.001877878,0.001902964,0.001921138,0.001931231,0.001933261,0.001927891,0.001915974,0.001897827,0.00187402,0.001843438,0.001807253,0.001764985,0.001712948,0.001650277,0.001578222,0.001501967,0.001422579,0.001336013,0.001239404,0.00113592,0.001028811,0.0009152861,0.0007949532,0.0006699932,0.0005408365,0.0004063431,0.0002687446,0.000127337,-1.651049e-05
-0.0001856275,-0.0003596167,-0.0005351421,-0.0007104152,-0.0008859354,-0.001059325,-0.001231341,-0.001399479,-0.001564426,-0.001723834,-0.001878173,-0.002025383,-0.002165701,-0.002297393,-0.002420507,-0.00253364,-0.0026367,-0.002728622,-0.002809215,-0.002877774,-0.002934032,-0.002977608,-0.003008315,-0.003025922,-0.003030438,-0.003021816,-0.003000197,-0.002965722,-0.002918675,-0.002859373,-0.002788244,-0.002705788,-0.002612473,-0.002509015,-0.002395963,-0.002274095,-0.002144122,-0.002006805,-0.001863001,-0.001713432,-0.001559058,-0.001400554,-0.001238924,-0.001074814,-0.0009091752,-0.0007426965,-0.0005761308,-0.0004103317,-0.0002456895,-8.333335e-05,7.676489e-05,0.0002333704,0.000386532,0.000535443,0.0006798597,0.0008187872,0.0009537215,0.001081756,0.00120342,0.001322634,0.00143233,0.001532556,0.001633687,0.001728812,0.001808885,0.001879358,0.001951974,0.002023047,0.002084866,0.002133123,0.002169433,0.002202304,0.002227781,0.002246444,0.002258968,0.002265546,0.002264644,0.002255474,0.002236943,0.002208631,0.002171221,0.002123631,0.002065875,0.002002814,0.001934991,0.001861458,0.001775701,0.001677234,0.001570785,0.001460649,0.001343032,0.001215162,0.00108063,0.0009411462,0.0007945046,0.0006416618,0.0004845688,0.0003221823,0.0001561225,-1.345523e-05
-0.0002132325,-0.0004210097,-0.0006300869,-0.000840095,-0.001049052,-0.001257163,-0.001462044,-0.001663987,-0.001860639,-0.002052114,-0.002236326,-0.002413109,-0.002580751,-0.002738833,-0.002886033,-0.003021741,-0.003145024,-0.003255148,-0.00335159,-0.003433515,-0.003500829,-0.003552676,-0.003589256,-0.003609922,-0.003615037,-0.003604148,-0.003577868,-0.003535911,-0.003479118,-0.003407375,-0.003321716,-0.003222154,-0.003109994,-0.002985293,-0.002849525,-0.002702905,-0.002546926,-0.002381992,-0.002209561,-0.002030184,-0.001845265,-0.001655446,-0.001462072,-0.001265783,-0.001067922,-0.0008689894,-0.0006704375,-0.0004724314,-0.0002766842,-8.285404e-05,0.0001070482,0.0002936987,0.000475276,0.0006521782,0.0008231484,0.0009890236,0.00114672,0.001299546,0.001445704,0.001580669,0.001711814,0.001839211,0.001949882,0.002052335,0.002156342,0.002255795,0.00233625,0.002402535,0.002462944,0.002522844,0.002579487,0.002623246,0.00265801,0.002683354,0.00269766,0.002700944,0.002694136,0.002678386,0.002654106,0.002622027,0.002580542,0.002531304,0.002473559,0.002402104,0.002315785,0.002216388,0.002111179,0.002001473,0.001881527,0.001747385,0.001603597,0.00145461,0.00129644,0.001128584,0.0009541109,0.0007735508,0.000585329,0.0003925657,0.0001942513,-7.682457e-06
-0.0002447881,-0.0004951719,-0.0007479358,-0.001000617,-0.001253783,-0.001504148,-0.001752632,-0.001995748,-0.002234328,-0.002465076,-0.002688539,-0.0029018,-0.003105096,-0.003295953,-0.003474361,-0.003638296,-0.003787583,-0.003920664,-0.004037241,-0.004136269,-0.004217369,-0.004279952,-0.004323767,-0.004348457,-0.004354062,-0.004340496,-0.004307996,-0.004256763,-0.004187244,-0.004099904,-0.003995403,-0.003874468,-0.003737833,-0.003586537,-0.003421433,-0.003243657,-0.003054286,-0.002854441,-0.0026454,-0.002428232,-0.002204353,-0.001974761,-0.00174093,-0.00150381,-0.001264794,-0.001024876,-0.000785172,-0.0005468803,-0.0003106134,-7.792831e-05,0.0001511472,0.0003749231,0.0005934314,0.0008055615,0.001010965,0.001208303,0.001399596,0.001580887,0.001752989,0.00192117,0.002075812,0.002217213,0.002359366,0.002492725,0.002605264,0.002704616,0.002806579,0.002905891,0.002992204,0.003059838,0.003111186,0.00315773,0.003193913,0.003220577,0.003238583,0.003248153,0.003247156,0.003234521,0.003208749,0.003169274,0.003117002,0.003050389,0.002969477,0.002880819,0.002784998,0.002680644,0.002558908,0.002419346,0.002268398,0.00211176,0.001944138,0.001761939,0.00157008,0.001370815,0.001161149,0.0009424831,0.0007174325,0.0004846292,0.0002463173,2.737892e-06
-0.0002790997,-0.0005837761,-0.0008906826,-0.001199096,-0.001506324,-0.001812401,-0.002114063,-0.002411461,-0.002701347,-0.002983637,-0.003255423,-0.003516269,-0.003763745,-0.003997099,-0.004214417,-0.004414729,-0.004596656,-0.004759085,-0.004901205,-0.005021801,-0.005120669,-0.005196602,-0.005249821,-0.005279433,-0.005285921,-0.005268686,-0.00522858,-0.005165267,-0.005079939,-0.004972518,-0.004844486,-0.00469597,-0.004528836,-0.00434329,-0.004141459,-0.003923767,-0.003692384,-0.003447996,-0.003192735,-0.002927483,-0.002654299,-0.002374181,-0.002089107,-0.001800068,-0.001509016,-0.001216748,-0.0009253377,-0.0006351232,-0.0003484995,-6.511343e-05,0.0002122659,0.0004844708,0.0007489888,0.001006319,0.001254717,0.001495266,0.001723846,0.001944869,0.002155822,0.002350901,0.002539838,0.002722521,0.002881947,0.003029696,0.003178381,0.003319759,0.003434961,0.003530818,0.003618131,0.003703861,0.003784111,0.003846291,0.003895765,0.003931894,0.003952504,0.00395764,0.003948485,0.003926496,0.003892112,0.003846255,0.003786681,0.003715592,0.003631852,0.003528572,0.003404346,0.003261622,0.003109934,0.00295075,0.002776412,0.002581918,0.002373443,0.002156718,0.001926425,0.001682093,0.001427814,0.001164287,0.0008895313,0.0006077724,0.0003177184,2.207539e-05
-0.0003126959,-0.0006857198,-0.00106248,-0.001439588,-0.001817504,-0.002191725,-0.002563161,-0.002927006,-0.003284065,-0.003629737,-0.003964484,-0.004284185,-0.004588917,-0.00487513,-0.005142616,-0.005388437,-0.005612206,-0.005811624,-0.005986199,-0.00613433,-0.006255477,-0.0063487,-0.006413662,-0.006449799,-0.006457205,-0.006435726,-0.006385772,-0.006307623,-0.006202018,-0.006069624,-0.005911512,-0.00572874,-0.005522518,-0.005294344,-0.005045611,-0.004777988,-0.004493174,-0.004192839,-0.003878952,-0.003553128,-0.003217512,-0.002873623,-0.002523678,-0.002169118,-0.001812049,-0.001453934,-0.001096506,-0.0007414608,-0.000389854,-4.381881e-05,0.0002963868,0.0006284767,0.0009523171,0.001266392,0.001570106,0.001861698,0.002143659,0.002410801,0.002664253,0.002910723,0.003137617,0.003345693,0.003552863,0.003746489,0.003911364,0.00405776,0.00420587,0.004348485,0.004472367,0.004570449,0.004646159,0.004714268,0.00476726,0.004806359,0.004832548,0.004846094,0.004844118,0.004825266,0.004787511,0.004730169,0.004654329,0.004557861,0.004440845,0.004311707,0.004170923,0.004016613,0.003837278,0.003632743,0.003411376,0.003180389,0.002932694,0.002663979,0.002380717,0.00208579,0.001775353,0.001451496,0.00111759,0.0007720588,0.0004179419,5.572678e-05
-0.0003416439,-0.0008010078,-0.001264249,-0.00172995,-0.002194457,-0.002657293,-0.003114016,-0.003564303,-0.00400368,-0.004431537,-0.004843813,-0.005239478,-0.00561507,-0.005969198,-0.006299086,-0.006603111,-0.006879218,-0.007125672,-0.007341205,-0.007524019,-0.007673686,-0.007788509,-0.007868685,-0.007912987,-0.007922045,-0.007895076,-0.007833272,-0.007736271,-0.007605773,-0.007441811,-0.007246531,-0.0070203,-0.006765817,-0.006483589,-0.006176701,-0.005845983,-0.005494615,-0.005123775,-0.004736623,-0.0043346,-0.003920773,-0.003496731,-0.003065427,-0.002628434,-0.002188644,-0.001747362,-0.001307601,-0.0008700567,-0.0004381064,-1.152877e-05,0.0004058442,0.000814914,0.001212202,0.001598227,0.00197054,0.002330423,0.002672447,0.003002281,0.003316366,0.003607547,0.003888193,0.004157796,0.004394863,0.004614699,0.004832907,0.005038708,0.00520837,0.005351353,0.005481211,0.00560668,0.005722378,0.005812504,0.005884252,0.005936721,0.005967095,0.005975501,0.005963345,0.005932399,0.005883009,0.005816246,0.005728998,0.005624115,0.005499831,0.005347339,0.00516496,0.004955946,0.004732327,0.004495549,0.004235713,0.003946833,0.003637053,0.003313478,0.002969272,0.002604211,0.002223608,0.001828422,0.00141636,0.0009930676,0.0005570234,0.000112049
-0.0003600876,-0.0009268003,-0.001499522,-0.002073559,-0.002648937,-0.003219467,-0.003785747,-0.004341132,-0.004886108,-0.005414243,-0.005925614,-0.006414377,-0.006880176,-0.007317915,-0.00772694,-0.008102956,-0.008445173,-0.00875017,-0.009017126,-0.009243594,-0.009428773,-0.009571172,-0.009670348,-0.009725397,-0.009736527,-0.009703453,-0.009626896,-0.009507231,-0.00934569,-0.009143233,-0.008901604,-0.008622343,-0.008307451,-0.007959095,-0.007579552,-0.007171282,-0.006736978,-0.006279147,-0.005800846,-0.005304533,-0.004793497,-0.004270074,-0.003737643,-0.003198412,-0.002655609,-0.00211143,-0.001568611,-0.001029594,-0.0004962269,2.855324e-05,0.0005439402,0.001046841,0.001536709,0.002011418,0.002469907,0.002909843,0.003334079,0.003735933,0.004116831,0.004484971,0.004824299,0.005136326,0.005443303,0.005728868,0.005974453,0.006193653,0.006411582,0.006618601,0.006798388,0.006942556,0.007055965,0.007157206,0.007236284,0.007295058,0.007334628,0.007355311,0.007353248,0.007326753,0.007273048,0.007191215,0.007082393,0.006943655,0.006774982,0.006586893,0.006379415,0.006149947,0.005883859,0.005581547,0.005253527,0.004908645,0.004537601,0.004135551,0.003710832,0.003267069,0.00279953,0.002311344,0.001806815,0.001284362,0.0007480948,0.000199037
-0.0003641465,-0.001062709,-0.001768044,-0.002477475,-0.003186011,-0.003892124,-0.004589754,-0.005277576,-0.005949423,-0.006603661,-0.007234566,-0.007840035,-0.008415128,-0.008957367,-0.009462702,-0.00992845,-0.01035155,-0.01072928,-0.01105969,-0.01134011,-0.01156973,-0.01174616,-0.01186953,-0.01193814,-0.01195281,-0.01191253,-0.01181898,-0.01167178,-0.01147337,-0.01122401,-0.01092682,-0.01058258,-0.01019517,-0.009765647,-0.00929848,-0.008795172,-0.008260381,-0.007696088,-0.00710697,-0.006495355,-0.005865834,-0.005220928,-0.004565065,-0.003900736,-0.003232263,-0.002561794,-0.001893744,-0.001229474,-0.0005737953,7.313249e-05,0.000705972,0.001325485,0.001926797,0.002510302,0.00307248,0.003614721,0.004129883,0.004625052,0.005095189,0.005531597,0.005949751,0.006348497,0.006701273,0.007028096,0.007347826,0.007646743,0.0078958,0.008108095,0.0083004,0.008483652,0.008650578,0.008782013,0.008887503,0.008965878,0.009013616,0.009030938,0.009019374,0.008980912,0.008915529,0.008824148,0.008702332,0.008553588,0.008374932,0.008155219,0.007892285,0.007590292,0.007263966,0.006914412,0.006529011,0.006100863,0.005640529,0.005156638,0.004640612,0.004092814,0.003520086,0.002923811,0.002301587,0.001660933,0.001000269,0.0003250381
-0.00034981,-0.001205771,-0.002071569,-0.002940573,-0.003811967,-0.004677204,-0.005536155,-0.006379616,-0.007207344,-0.008010351,-0.008787921,-0.009531766,-0.01024074,-0.01090753,-0.01153069,-0.01210399,-0.01262597,-0.01309157,-0.01349943,-0.01384587,-0.01412972,-0.01434861,-0.01450199,-0.01458841,-0.01460826,-0.01456106,-0.014448,-0.01426953,-0.01402765,-0.01372374,-0.01336052,-0.01294023,-0.01246602,-0.01194103,-0.01136888,-0.01075313,-0.010098,-0.009407181,-0.008685369,-0.007936262,-0.007164876,-0.006374769,-0.005571057,-0.004757122,-0.003937899,-0.003116715,-0.002297877,-0.001484955,-0.0006811113,0.0001095164,0.0008851897,0.001641546,0.002377223,0.00308922,0.003775604,0.004433244,0.005065174,0.00566279,0.006227949,0.006770309,0.007269716,0.007729056,0.008175493,0.008588283,0.008945437,0.009265081,0.009578163,0.00987222,0.01012779,0.01033549,0.01050235,0.01065165,0.01077031,0.01086123,0.01092559,0.01096366,0.01097014,0.01094275,0.01087741,0.01077254,0.01062891,0.01044217,0.01021182,0.00995052,0.009657187,0.009328131,0.008944793,0.00850851,0.008032264,0.007526611,0.00697947,0.006385855,0.005756381,0.00509566,0.004398024,0.003668241,0.00291178,0.002127377,0.001320664,0.0004935732
-0.0003151848,-0.001352936,-0.002402491,-0.00345916,-0.004516227,-0.005570421,-0.006613551,-0.007642614,-0.008649165,-0.00962987,-0.01057678,-0.01148606,-0.01235071,-0.01316655,-0.01392775,-0.01463001,-0.01526882,-0.01584003,-0.0163406,-0.01676663,-0.01711673,-0.01738745,-0.0175788,-0.01768837,-0.0177172,-0.01766397,-0.01753092,-0.01731771,-0.01702775,-0.01666161,-0.01622372,-0.01571545,-0.0151423,-0.01450616,-0.01381338,-0.01306647,-0.01227214,-0.01143358,-0.01055758,-0.009647812,-0.008711055,-0.007751207,-0.006774846,-0.005785868,-0.004790709,-0.003792836,-0.002798741,-0.001810911,-0.0008362561,0.0001242458,0.001063184,0.001980745,0.002870012,0.003731059,0.004558701,0.005354263,0.006108339,0.006829613,0.007511097,0.008142496,0.008742913,0.009310418,0.00981281,0.01027653,0.01072425,0.01113917,0.01148667,0.01178533,0.01205599,0.01231268,0.01254596,0.01273319,0.01288728,0.01300666,0.01308685,0.01312805,0.01313155,0.01309911,0.01302959,0.01292314,0.01277298,0.01258285,0.01234762,0.01205284,0.01169558,0.01128097,0.0108266,0.01033272,0.009783437,0.009171049,0.008509207,0.007808235,0.007057534,0.006258626,0.005420208,0.004544387,0.003628843,0.002683565,0.001707083,0.0007070352
-0.0002505714,-0.001489097,-0.002744352,-0.004007236,-0.005275666,-0.006538037,-0.007793036,-0.009028079,-0.01024171,-0.01142146,-0.0125654,-0.01366188,-0.01470849,-0.01569475,-0.01661807,-0.01746943,-0.01824632,-0.01894134,-0.01955228,-0.02007359,-0.02050355,-0.02083844,-0.02107747,-0.0212183,-0.02126155,-0.02120627,-0.02105424,-0.02080596,-0.02046439,-0.02003134,-0.0195109,-0.01890609,-0.01822172,-0.01746214,-0.01663283,-0.01573882,-0.01478644,-0.01378105,-0.01272963,-0.01163763,-0.01051251,-0.009359587,-0.008186487,-0.006998332,-0.00580258,-0.004604237,-0.003409992,-0.002225096,-0.001054815,9.494483e-05,0.001220803,0.002316595,0.00337954,0.004405288,0.005390482,0.00633083,0.007229294,0.008074866,0.008870032,0.009626274,0.01031846,0.01095191,0.01155989,0.01211671,0.01259742,0.01302679,0.01344335,0.01383178,0.01416981,0.01444773,0.01467613,0.01488422,0.01505515,0.01519337,0.01529982,0.0153745,0.01540975,0.01540195,0.01534461,0.01523475,0.01507183,0.01484887,0.01456446,0.01423322,0.0138522,0.01341598,0.01290103,0.01231015,0.01165915,0.0109604,0.01019834,0.009368182,0.008483228,0.007549252,0.006559473,0.005520915,0.004440225,0.003316785,0.002157957,0.0009669104
-0.0001336623,-0.001582629,-0.003053585,-0.004539349,-0.0060311,-0.007523173,-0.009004693,-0.01047023,-0.01190836,-0.01331321,-0.01467389,-0.01598395,-0.01723359,-0.01841602,-0.01952289,-0.02054748,-0.02148319,-0.02232363,-0.02306418,-0.023699,-0.0242257,-0.02463926,-0.02493923,-0.0251221,-0.02518901,-0.02513799,-0.02497193,-0.02469034,-0.02429776,-0.02379506,-0.02318827,-0.02247947,-0.02167628,-0.02078158,-0.01980423,-0.01874804,-0.01762254,-0.01643246,-0.01518764,-0.01389353,-0.01255997,-0.0111928,-0.009801716,-0.00839264,-0.006975076,-0.005554471,-0.00414035,-0.002736971,-0.001354325,5.239627e-06,0.001331075,0.002622555,0.003869816,0.005072102,0.006221906,0.007320214,0.008354665,0.009336025,0.01025455,0.01109889,0.0118927,0.01263319,0.01328244,0.01387606,0.01444189,0.01496029,0.01539137,0.01576223,0.01609938,0.01642141,0.01671651,0.01695837,0.01716466,0.0173332,0.0174582,0.01753979,0.01757854,0.01757526,0.01752658,0.0174311,0.01727829,0.01707176,0.01680303,0.01645319,0.01601828,0.01550431,0.01493196,0.01429969,0.01358722,0.01278608,0.0119136,0.01098136,0.009975978,0.008900277,0.007764904,0.006572374,0.005320297,0.004021428,0.002674036,0.001288374
8.543096e-05,-0.001572373,-0.003262292,-0.004972478,-0.006699151,-0.008426922,-0.01015277,-0.01185973,-0.0135445,-0.01518994,-0.01679217,-0.0183349,-0.0198137,-0.02121368,-0.02253028,-0.02375048,-0.02487005,-0.02587805,-0.02677091,-0.02754013,-0.028183,-0.0286936,-0.02907057,-0.02931003,-0.0294126,-0.0293764,-0.02920384,-0.02889511,-0.02845434,-0.02788359,-0.02718863,-0.02637337,-0.02544481,-0.02440865,-0.02327285,-0.02204434,-0.02073231,-0.01934426,-0.01789042,-0.01637859,-0.0148196,-0.01322125,-0.01159478,-0.009947792,-0.008291344,-0.006632908,-0.004982679,-0.003348349,-0.001738389,-0.0001611672,0.001377067,0.00286792,0.004306387,0.005685996,0.007001422,0.008246825,0.009424884,0.01052179,0.011541,0.01249651,0.01335767,0.01413397,0.01486686,0.01552528,0.01608254,0.01657333,0.01704674,0.01748468,0.01786299,0.01817247,0.01842916,0.01866988,0.01887289,0.0190456,0.0191892,0.01930401,0.0193796,0.01941084,0.01938771,0.01930542,0.01916133,0.01894488,0.01865316,0.01830295,0.01788787,0.01739927,0.01680657,0.01611407,0.01533971,0.01449709,0.01356509,0.01253865,0.01143331,0.0102551,0.008995157,0.00766249,0.006264296,0.004800234,0.003279035,0.001705071
0.0004772006,-0.001375435,-0.003273525,-0.005206763,-0.007163885,-0.009135914,-0.01110861,-0.01307298,-0.0150137,-0.01692108,-0.01878006,-0.02058027,-0.02230787,-0.02395209,-0.02550088,-0.02694375,-0.02827084,-0.02947235,-0.03054108,-0.03146818,-0.03224943,-0.03287733,-0.03335041,-0.0336633,-0.03381686,-0.03380796,-0.03364002,-0.03331201,-0.03282975,-0.03219422,-0.03141344,-0.03049025,-0.02943497,-0.02825163,-0.02695239,-0.02554279,-0.02403608,-0.02243913,-0.02076588,-0.01902421,-0.01722819,-0.01538647,-0.0135131,-0.01161687,-0.009711568,-0.007805549,-0.005912626,-0.004039691,-0.002201037,-0.0004010901,0.001344983,0.003035315,0.004655958,0.006204939,0.007671686,0.009056789,0.01034428,0.01154784,0.01265427,0.01365176,0.01457047,0.0154069,0.01611739,0.01675066,0.01734157,0.01786803,0.01828508,0.01863257,0.01894502,0.01924781,0.0195261,0.01974987,0.0199444,0.02010857,0.02023778,0.02033491,0.02040174,0.02043911,0.02044107,0.02040408,0.02031229,0.02016916,0.01996051,0.01966055,0.01926205,0.01877009,0.01820709,0.01756655,0.01682056,0.01595822,0.01499943,0.01395521,0.01280728,0.01155861,0.0102208,0.008795343,0.007278934,0.005686546,0.004015407,0.002278383
0.001123897,-0.0009011686,-0.002991742,-0.00513249,-0.007317472,-0.009526389,-0.01175374,-0.01397665,-0.01618899,-0.0183672,-0.02050419,-0.02257714,-0.02457836,-0.02648662,-0.02829424,-0.02998226,-0.03154363,-0.03296218,-0.03423198,-0.03534015,-0.03628218,-0.03704869,-0.03763722,-0.03804136,-0.03826142,-0.03829396,-0.03814187,-0.03780462,-0.03728764,-0.03659318,-0.03572919,-0.0347005,-0.03351686,-0.03218571,-0.03071845,-0.02912443,-0.02741671,-0.02560571,-0.02370602,-0.02172858,-0.01968904,-0.01759862,-0.0154735,-0.0133247,-0.01116827,-0.009015099,-0.006880263,-0.004774774,-0.002711531,-0.0007021853,0.001243356,0.003113485,0.004900184,0.006594585,0.008188799,0.009675437,0.01105695,0.01231634,0.01345916,0.01450221,0.01540895,0.01619535,0.01691309,0.01752441,0.01800156,0.01839285,0.01876155,0.01908674,0.01934394,0.01952631,0.01965903,0.0197909,0.01989637,0.01999273,0.02008849,0.02019066,0.0202894,0.02037921,0.02044495,0.02047742,0.02046972,0.0204047,0.02027478,0.02009645,0.01985381,0.01953025,0.01908211,0.01851286,0.0178402,0.01707614,0.0161894,0.01517357,0.01404483,0.01280758,0.01144858,0.009978283,0.008402997,0.006721756,0.004944229,0.003075533
0.002078105,-8.823835e-05,-0.002345092,-0.004677865,-0.007072597,-0.009515633,-0.01198848,-0.01447697,-0.01696051,-0.01942381,-0.02184609,-0.02421107,-0.02649914,-0.02869373,-0.03077743,-0.03273408,-0.03454916,-0.03620771,-0.0376987,-0.03900885,-0.04013115,-0.04105434,-0.04177536,-0.04228599,-0.04258654,-0.04267205,-0.04254644,-0.04220778,-0.04166345,-0.04091456,-0.03997169,-0.03883863,-0.03752904,-0.03604872,-0.03441425,-0.03263343,-0.03072453,-0.02869732,-0.02657115,-0.02435725,-0.0220756,-0.01973843,-0.01736568,-0.01496987,-0.01257068,-0.01018013,-0.007817767,-0.005493802,-0.003228069,-0.001027624,0.001087142,0.003112472,0.005029461,0.006835361,0.008515787,0.01007145,0.01148221,0.01276596,0.01390504,0.01488768,0.01575189,0.01649262,0.01705811,0.01751376,0.01790176,0.01819649,0.01834718,0.01841387,0.01844574,0.01848353,0.01851244,0.01850196,0.01849418,0.01849806,0.01852241,0.0185839,0.01869067,0.01884117,0.01901975,0.01921225,0.0193904,0.01955372,0.01967568,0.01971537,0.01965564,0.01949592,0.01925677,0.01892129,0.01844952,0.01782522,0.01707004,0.01619229,0.01516586,0.01399312,0.01268505,0.01124076,0.009654736,0.007943655,0.006102663,0.004147047
0.003338636,0.001066223,-0.001327246,-0.003822382,-0.006410722,-0.009065881,-0.01177903,-0.01451964,-0.01727753,-0.02002062,-0.02273731,-0.02539586,-0.02798383,-0.03047141,-0.03284639,-0.03508163,-0.0371661,-0.03907636,-0.04080324,-0.04232772,-0.04364287,-0.04473445,-0.0455986,-0.04622535,-0.04661474,-0.046761,-0.0466678,-0.0463336,-0.04576571,-0.04496662,-0.04394714,-0.04271333,-0.04127868,-0.03965304,-0.0378524,-0.03588916,-0.03378163,-0.03154404,-0.02919665,-0.0267547,-0.02424003,-0.02166815,-0.01906158,-0.01643566,-0.01381281,-0.011208,-0.008642341,-0.006130634,-0.003691117,-0.001339019,0.00091169,0.003045926,0.005052566,0.006920575,0.008639408,0.01020036,0.01160585,0.01283486,0.01389539,0.01480653,0.01552208,0.01606448,0.01649548,0.01676526,0.01684339,0.01679645,0.01671043,0.01656811,0.01635794,0.01609064,0.0158152,0.01560032,0.01541548,0.01530022,0.01528845,0.01540925,0.01565293,0.01599777,0.01639908,0.01682435,0.01725452,0.01766199,0.01803328,0.01838051,0.01866945,0.01886886,0.01891527,0.01881224,0.01857718,0.0182192,0.01769334,0.01699189,0.01613057,0.01511101,0.01391312,0.01254892,0.01102155,0.009328838,0.007479994,0.00548029
0.004819134,0.002486463,-1.958963e-06,-0.00262698,-0.005372159,-0.008218162,-0.01114171,-0.01412191,-0.01713181,-0.02014867,-0.02314452,-0.02609515,-0.02897365,-0.03175569,-0.03441688,-0.03693363,-0.03928542,-0.04145061,-0.04341334,-0.04515459,-0.04666391,-0.04792539,-0.04893408,-0.04967824,-0.05015777,-0.05036545,-0.05030614,-0.04997705,-0.04938782,-0.04853981,-0.04744703,-0.04611457,-0.04456077,-0.04279372,-0.04083556,-0.03869693,-0.03640264,-0.03396593,-0.03141315,-0.02875956,-0.0260324,-0.02324795,-0.02043345,-0.01760558,-0.01479113,-0.01200591,-0.009276089,-0.006615051,-0.004048824,-0.001586524,0.0007456345,0.002943156,0.004981877,0.006859189,0.008556473,0.01007506,0.01138898,0.01252068,0.01344377,0.01414444,0.01466569,0.01499557,0.01506755,0.01496799,0.01474956,0.01438763,0.01383294,0.01319293,0.01256622,0.01204957,0.01163984,0.01128387,0.01101835,0.01085999,0.01086141,0.01108149,0.01152557,0.01214259,0.01285184,0.01359938,0.01434853,0.01511976,0.01588374,0.01657472,0.01715805,0.01762604,0.01800261,0.01825992,0.0183452,0.01823813,0.01796532,0.01752952,0.01689426,0.01606076,0.01503792,0.01381983,0.01239694,0.01078614,0.008978003,0.006989266
0.006370946,0.004030148,0.001496913,-0.001205927,-0.004068048,-0.007056509,-0.0101591,-0.01333638,-0.01657358,-0.0198282,-0.02308328,-0.02629608,-0.02944871,-0.03250049,-0.03543383,-0.03821161,-0.04081827,-0.04322148,-0.04540856,-0.04735308,-0.04904571,-0.05046656,-0.0516106,-0.05246378,-0.05302642,-0.05329011,-0.05326024,-0.05293424,-0.05232234,-0.05142726,-0.05026376,-0.04883946,-0.04717302,-0.04527695,-0.04317275,-0.04087654,-0.03841295,-0.03580047,-0.03306617,-0.03023005,-0.02732078,-0.02435861,-0.02137304,-0.01838394,-0.01542045,-0.01250148,-0.009654173,-0.006896675,-0.004252214,-0.001738834,0.0006258684,0.002824348,0.004843013,0.006668626,0.008287793,0.009689108,0.0108731,0.0118097,0.01250611,0.01297774,0.01316027,0.01308077,0.01281542,0.01230219,0.01151991,0.01058081,0.009628595,0.00867225,0.007761857,0.006992988,0.006454699,0.006135234,0.005869599,0.005725265,0.005858839,0.006384221,0.00724371,0.008282904,0.009323265,0.01029442,0.01124238,0.01221602,0.01322438,0.01424788,0.01520478,0.01605325,0.01672043,0.01722415,0.01758541,0.01781121,0.0178376,0.01765587,0.01727885,0.01670209,0.01589439,0.0148677,0.01361739,0.01213781,0.01043401,0.008509517
0.007803021,0.005521156,0.003007862,0.0002855287,-0.002628228,-0.005708571,-0.008927806,-0.01225772,-0.01566472,-0.01911738,-0.02257983,-0.02601874,-0.02939922,-0.03268763,-0.03585207,-0.03886056,-0.04168609,-0.04429964,-0.04668039,-0.0488031,-0.05065412,-0.0522127,-0.05347244,-0.05441814,-0.05504992,-0.05535845,-0.05535059,-0.05502265,-0.05438773,-0.05344733,-0.05222018,-0.05071266,-0.04894912,-0.0469395,-0.04471271,-0.04228204,-0.03967987,-0.03692238,-0.03404404,-0.03106327,-0.02801534,-0.02491978,-0.02181179,-0.01871094,-0.01565143,-0.01265131,-0.009743457,-0.006942447,-0.004280361,-0.001766194,0.0005678657,0.002718643,0.004655526,0.006376577,0.00785569,0.009092734,0.01004885,0.01074724,0.0111428,0.01121453,0.01101058,0.01051595,0.009656359,0.008575007,0.007374203,0.006075045,0.004652886,0.003263192,0.002103855,0.001521006,0.001486931,0.001534929,0.001439761,0.001343253,0.001618044,0.002447237,0.003684237,0.005018164,0.006180868,0.007145427,0.008097986,0.009284561,0.01063272,0.01188809,0.01296842,0.01393091,0.01484592,0.01566498,0.01631722,0.01677829,0.01708076,0.01721362,0.01712508,0.01681081,0.01627388,0.01549669,0.01446236,0.0131829,0.01164035,0.009849212
0.008946394,0.006793728,0.004372174,0.001706955,-0.001192497,-0.004286708,-0.007561771,-0.01096847,-0.01448847,-0.01806743,-0.02168376,-0.02528224,-0.02884008,-0.03230418,-0.03565259,-0.03883696,-0.04183815,-0.04461407,-0.04714973,-0.04941059,-0.05138646,-0.05305128,-0.05440032,-0.05541531,-0.05609818,-0.05643794,-0.05644298,-0.05610948,-0.05545179,-0.05447264,-0.05319196,-0.05161854,-0.04977687,-0.04768138,-0.04535993,-0.04283156,-0.04012738,-0.03726924,-0.03429095,-0.03121593,-0.02807944,-0.02490528,-0.02172918,-0.01857402,-0.01547453,-0.01245193,-0.009538081,-0.006752692,-0.004122657,-0.001667507,0.00059227,0.002636368,0.004447483,0.006007121,0.007294468,0.008288727,0.008981946,0.009325922,0.009325373,0.008994056,0.008258213,0.007179424,0.005901496,0.004392811,0.002685034,0.001022452,-0.0002970261,-0.0014625,-0.002458048,-0.002567231,-0.001785755,-0.001161121,-0.00126558,-0.001460345,-0.001026879,0.0001268142,0.001599915,0.002951813,0.0038362,0.004350788,0.005038396,0.006267669,0.007789475,0.009140204,0.01029726,0.01145424,0.01250114,0.01343353,0.01428059,0.01504606,0.0156307,0.01602583,0.01623483,0.01624182,0.01599643,0.01550799,0.01475613,0.01372792,0.01241793,0.01082456
0.009676402,0.007728292,0.005477765,0.002941951,0.0001426179,-0.002896374,-0.006139623,-0.009556504,-0.01310338,-0.01674409,-0.02043198,-0.02412771,-0.02778578,-0.03136617,-0.03482796,-0.03813302,-0.04124705,-0.0441356,-0.04677268,-0.04912852,-0.0511867,-0.05292272,-0.05432964,-0.05538943,-0.05610374,-0.0564612,-0.05647208,-0.05613103,-0.0554563,-0.05444816,-0.05313211,-0.05151339,-0.0496242,-0.04747308,-0.04509833,-0.04251155,-0.03975517,-0.03684319,-0.03382092,-0.03070373,-0.02753836,-0.02434056,-0.02115706,-0.01800247,-0.01492252,-0.01192892,-0.009066214,-0.00634119,-0.003798453,-0.001438259,0.0006918918,0.002597116,0.004226468,0.005583258,0.006615428,0.007325621,0.007643107,0.007607751,0.007148151,0.00627458,0.00507535,0.00360703,0.001829155,7.542539e-05,-0.001503743,-0.002802747,-0.003560761,-0.004230507,-0.00519836,-0.004152483,-0.001942436,-0.0009655795,-0.0008396852,-0.0009338748,-0.0007558595,-0.0003252168,0.0002316293,0.0007531046,0.001095761,0.00133587,0.001895893,0.00345289,0.005328076,0.006306027,0.00712012,0.008270545,0.009480597,0.01060641,0.01165153,0.01255917,0.01338215,0.01407839,0.01458774,0.01488592,0.01497701,0.01481489,0.01437984,0.01366409,0.01264375,0.01131783
0.009944929,0.008273192,0.006258568,0.003936555,0.00130264,-0.001590064,-0.004736055,-0.008070183,-0.01157826,-0.01518932,-0.01888331,-0.0225889,-0.02628305,-0.02989847,-0.0334126,-0.03676511,-0.03993595,-0.04287391,-0.04556316,-0.04796297,-0.05006248,-0.05183217,-0.05326671,-0.05434721,-0.05507483,-0.05544052,-0.05545148,-0.05510803,-0.05442288,-0.05340503,-0.05207217,-0.05044097,-0.04853255,-0.04637094,-0.04397976,-0.04138908,-0.03862412,-0.03571925,-0.03270076,-0.02960578,-0.02646047,-0.02330353,-0.02015948,-0.0170673,-0.01404831,-0.01114132,-0.008362611,-0.005752006,-0.003319195,-0.001108784,0.0008762979,0.002582503,0.004009083,0.005095216,0.005837229,0.006167715,0.006114573,0.005587599,0.00467533,0.003401448,0.001808477,2.989001e-05,-0.001562125,-0.002918482,-0.003965436,-0.004934842,-0.003880285,-0.002369463,-0.002329309,-0.001423699,-0.0005525808,-0.0001796854,-2.063896e-05,3.070938e-05,-3.938333e-05,-0.0001596932,-0.0002647694,-0.0002901114,-0.0002244344,-9.702368e-05,0.0001123098,0.0006409744,0.001616863,0.002213542,0.003366578,0.00510748,0.006181312,0.007241974,0.008392118,0.009544085,0.01054862,0.01145234,0.01221821,0.01284683,0.01323983,0.01342451,0.01333732,0.01297168,0.01228784,0.01128893
0.009767623,0.008431943,0.006710886,0.004666214,0.00226866,-0.0004117189,-0.003382115,-0.006565252,-0.009953555,-0.01346523,-0.01708524,-0.02073066,-0.02438468,-0.027967,-0.03146366,-0.03479965,-0.03796636,-0.04089631,-0.04358814,-0.04598287,-0.04808766,-0.04985226,-0.05129239,-0.05236759,-0.05310085,-0.05346163,-0.05347971,-0.05313373,-0.05245952,-0.05144428,-0.05012882,-0.04850793,-0.04662658,-0.0444856,-0.04213354,-0.03957644,-0.03686417,-0.0340077,-0.0310565,-0.02802567,-0.02496267,-0.02188581,-0.0188389,-0.01584252,-0.01293576,-0.0101406,-0.007491618,-0.00501184,-0.002734144,-0.000683544,0.001103761,0.002597231,0.003758145,0.004544881,0.004930442,0.004876828,0.004370881,0.003458105,0.002188638,0.0006018717,-0.0009544259,-0.002326778,-0.003545197,-0.004047925,-0.002887298,-0.002145118,-0.0009936003,-0.0001253822,0.0002632076,0.000279076,-1.333015e-05,-9.894754e-05,-0.0001289507,-0.0001266655,-0.000142787,-0.00013763,-0.0001324753,-0.0001025804,-7.696651e-05,-7.530356e-05,-0.0001491485,-0.000328575,-0.0003083576,-4.876918e-05,0.0004368444,0.001467331,0.002401646,0.003851838,0.005136967,0.006216219,0.007331337,0.008443619,0.009401543,0.01026139,0.01095344,0.01147205,0.01171851,0.01172935,0.01140137,0.01077437
0.009226325,0.008240518,0.006870236,0.005139493,0.003039735,0.0006235926,-0.002106806,-0.005078127,-0.00828004,-0.01162738,-0.0151057,-0.01862567,-0.02217285,-0.02565975,-0.02907564,-0.03233863,-0.03544404,-0.03831809,-0.04096367,-0.04331667,-0.04538786,-0.04712351,-0.04854269,-0.04960116,-0.05032698,-0.0506845,-0.05070985,-0.05037546,-0.04972487,-0.04873756,-0.04746356,-0.04588817,-0.04406643,-0.04198921,-0.03971518,-0.03723895,-0.03462232,-0.03186193,-0.02902207,-0.02609982,-0.02316118,-0.02020228,-0.01729006,-0.01441886,-0.01165604,-0.008994392,-0.006501556,-0.004171687,-0.002073493,-0.0002083629,0.00135248,0.002596934,0.003451014,0.003907864,0.003903515,0.003463231,0.002602414,0.001390178,-1.401531e-05,-0.001331585,-0.002543705,-0.003120972,-0.002421952,-0.001450037,-0.0003679608,0.0002490154,0.0003075896,-1.249193e-05,-7.830234e-05,-3.960346e-05,NaN,NaN,NaN,NaN,NaN,NaN,NaN,NaN,NaN,NaN,NaN,-0.0001080746,-4.591774e-05,-3.029343e-05,-0.0001885531,-0.0001681282,0.0001414136,0.0008748489,0.001878292,0.003093726,0.004274383,0.005339202,0.006415112,0.007447206,0.008358705,0.009134154,0.009717383,0.01005769,0.0101129,0.009848173
0.00838609,0.007783337,0.006769134,0.005392792,0.003619326,0.001512545,-0.0009341922,-0.003645033,-0.00660802,-0.009739918,-0.0130198,-0.01636244,-0.0197457,-0.02308696,-0.02636792,-0.02951196,-0.03250778,-0.03528678,-0.03784641,-0.04012699,-0.04213573,-0.04382182,-0.04520219,-0.04623553,-0.0469469,-0.0473046,-0.04734095,-0.04703301,-0.04641948,-0.04548525,-0.04427389,-0.04277715,-0.04104276,-0.0390677,-0.03690272,-0.03454901,-0.03205859,-0.02943677,-0.02673483,-0.02396191,-0.02116723,-0.01836344,-0.01559676,-0.01288388,-0.01026801,-0.007770904,-0.005434549,-0.00328765,-0.001375147,0.0002655005,0.001582989,0.002531838,0.003069424,0.003157664,0.002815842,0.002055896,0.0009726818,-0.0002470982,-0.001305504,-0.002211459,-0.001954793,-0.001123111,-0.0001915972,0.0002913958,0.0001993839,-7.063643e-06,5.976648e-05,NaN,NaN,NaN,NaN,NaN,NaN,NaN,NaN,NaN,NaN,NaN,NaN,NaN,NaN,NaN,NaN,NaN,-8.827812e-05,-5.162713e-06,-6.267039e-05,-0.0001054945,9.228839e-05,0.0007042397,0.001550769,0.002662611,0.003644869,0.004693138,0.00572161,0.006691799,0.007497772,0.008157599,0.00853665,0.008647407
0.00736582,0.007108096,0.006472385,0.005443845,0.004027541,0.00224469,0.0001180332,-0.002304767,-0.004988179,-0.007869732,-0.01090773,-0.01403516,-0.01721028,-0.02036846,-0.02347203,-0.02646316,-0.02931113,-0.03196714,-0.03440864,-0.03659722,-0.03851852,-0.04014504,-0.04147067,-0.04247753,-0.04316837,-0.04353374,-0.04358422,-0.04331808,-0.04275283,-0.04189323,-0.04076254,-0.03937075,-0.03774549,-0.03590161,-0.03386919,-0.03166641,-0.02932575,-0.02686705,-0.02432472,-0.02171932,-0.01908716,-0.01644914,-0.01384397,-0.01129385,-0.008841085,-0.006511648,-0.004352705,-0.00239845,-0.0007002794,0.0006952509,0.001738875,0.002377408,0.00258506,0.002350527,0.001733867,0.0008182997,-0.0001735107,-0.001164885,-0.001423746,-0.0009981947,-0.0002073526,0.0002375194,0.0002041376,5.088591e-05,0.0001421328,NaN,NaN,NaN,NaN,NaN,NaN,NaN,NaN,NaN,NaN,NaN,NaN,NaN,NaN,NaN,NaN,NaN,NaN,NaN,NaN,NaN,-7.537586e-05,-5.612206e-06,-2.080565e-05,-3.876825e-05,0.0001303554,0.0006950029,0.001394017,0.002372476,0.003341021,0.004334108,0.005309499,0.006164929,0.006846381,0.007260683
0.006225871,0.006291642,0.006012891,0.005325196,0.00427213,0.00281497,0.001031577,-0.001095227,-0.003465954,-0.006084457,-0.008842547,-0.01173899,-0.01466664,-0.01762492,-0.02051341,-0.02333607,-0.0260025,-0.02852304,-0.0308188,-0.03290701,-0.03472102,-0.03628461,-0.03754305,-0.03852684,-0.03919145,-0.03957402,-0.03963932,-0.0394299,-0.03891883,-0.03815294,-0.03711215,-0.03584645,-0.03434204,-0.03264993,-0.03076184,-0.02872893,-0.02654715,-0.02426764,-0.02188962,-0.01946434,-0.01699458,-0.01453242,-0.01208568,-0.00970897,-0.007418249,-0.005272247,-0.003299151,-0.001560334,-9.84745e-05,0.001032505,0.001780074,0.002120621,0.0020229,0.001550768,0.0007937382,1.103737e-05,-0.0007169769,-0.0008086276,-0.0002971596,0.0001323844,0.0002413445,7.422372e-05,0.0001716705,NaN,NaN,NaN,NaN,NaN,NaN,NaN,NaN,NaN,NaN,NaN,NaN,NaN,NaN,NaN,NaN,NaN,NaN,NaN,NaN,NaN,NaN,NaN,NaN,NaN,-4.340567e-05,1.539454e-05,-3.707203e-07,1.552742e-05,0.0002105515,0.0007057104,0.001469324,0.002329966,0.003300795,0.004268255,0.005148415,0.005813143
0.005042018,0.005384835,0.005422981,0.005066949,0.004350726,0.003232942,0.001774529,-2.966089e-05,-0.002099895,-0.004421851,-0.006907566,-0.009536809,-0.01222145,-0.01494376,-0.01762041,-0.02024084,-0.02272936,-0.02508467,-0.0272397,-0.02920332,-0.03091677,-0.03239936,-0.03360029,-0.03454771,-0.0351993,-0.03559045,-0.03568643,-0.03552882,-0.03508936,-0.03441457,-0.03348174,-0.03234085,-0.03097329,-0.02943203,-0.02770118,-0.0258355,-0.0238221,-0.02171613,-0.01950865,-0.01725502,-0.01495215,-0.01265671,-0.01037466,-0.008166152,-0.006050067,-0.004092216,-0.002325593,-0.0008196119,0.0003870073,0.001234455,0.001700264,0.00176439,0.001449366,0.0008608743,0.0001469262,-0.0002885646,-0.0003209235,3.500846e-05,0.0002051149,0.000120786,0.0001453231,NaN,NaN,NaN,NaN,NaN,NaN,NaN,NaN,NaN,NaN,NaN,NaN,NaN,NaN,NaN,NaN,NaN,NaN,NaN,NaN,NaN,NaN,NaN,NaN,NaN,NaN,NaN,NaN,NaN,-4.055336e-06,3.174444e-05,3.040934e-05,6.223174e-05,0.0003558161,0.0008432692,0.001674109,0.002593122,0.003563945,0.004388524
0.003858601,0.004437814,0.004731474,0.004686353,0.004278334,0.003489401,0.00234576,0.0008601418,-0.0009096774,-0.002934328,-0.005142787,-0.007500591,-0.00993561,-0.0124156,-0.01487406,-0.01728505,-0.0195909,-0.02177377,-0.02378601,-0.02561797,-0.02723248,-0.02862737,-0.02977518,-0.03068135,-0.031326,-0.031722,-0.03185599,-0.03174701,-0.03138689,-0.03079988,-0.02998162,-0.02896066,-0.02773553,-0.0263373,-0.02476701,-0.02305821,-0.02121315,-0.01926899,-0.01722909,-0.01513628,-0.01299642,-0.01086178,-0.008743215,-0.006706752,-0.004770739,-0.003017032,-0.001469348,-0.000217172,0.0007256825,0.001289399,0.00150247,0.001348716,0.0009448085,0.0003540277,-2.87846e-05,-2.513638e-05,0.0001172066,0.0001685475,0.0001066325,NaN,NaN,NaN,NaN,NaN,NaN,NaN,NaN,NaN,NaN,NaN,NaN,NaN,NaN,NaN,NaN,NaN,NaN,NaN,NaN,NaN,NaN,NaN,NaN,NaN,NaN,NaN,NaN,NaN,NaN,NaN,NaN,NaN,2.785501e-05,4.811329e-05,5.166106e-05,0.0001622796,0.0005453482,0.001287459,0.002173904,0.00307313
0.002754266,0.003468896,0.003980478,0.004192819,0.004072008,0.003584653,0.002742825,0.001562773,8.577045e-05,-0.00164727,-0.003582323,-0.005671219,-0.007857896,-0.01009713,-0.01233699,-0.01454022,-0.01666192,-0.0186748,-0.02054175,-0.02224601,-0.02375764,-0.02507032,-0.0261605,-0.0270306,-0.02766375,-0.02806926,-0.02823594,-0.02817892,-0.02789149,-0.0273934,-0.0266816,-0.02577921,-0.02468539,-0.02342662,-0.02200328,-0.02044489,-0.01875388,-0.01696269,-0.01507805,-0.01313695,-0.01115385,-0.009173725,-0.007223043,-0.005358011,-0.003619247,-0.002073666,-0.0007685603,0.0002312382,0.0009009938,0.001210436,0.001208926,0.0009355947,0.0005363818,0.000148861,9.442651e-05,0.000133205,0.0001144725,0.0001251833,NaN,NaN,NaN,NaN,NaN,NaN,NaN,NaN,NaN,NaN,NaN,NaN,NaN,NaN,NaN,NaN,NaN,NaN,NaN,NaN,NaN,NaN,NaN,NaN,NaN,NaN,NaN,NaN,NaN,NaN,NaN,NaN,NaN,NaN,NaN,2.958911e-05,5.63917e-05,6.320524e-05,0.0001079206,0.0004215341,0.001092087,0.001908187
0.001755218,0.002530303,0.003186848,0.003611908,0.003744063,0.003525653,0.002971726,0.002072163,0.0008843404,-0.0005774198,-0.002238344,-0.004075401,-0.006011643,-0.008024747,-0.01004371,-0.01205169,-0.01398708,-0.01584036,-0.01756028,-0.01914447,-0.02055229,-0.02178729,-0.02281846,-0.02365521,-0.02427377,-0.02468907,-0.02488345,-0.02487602,-0.024654,-0.02423971,-0.02362412,-0.02283195,-0.02185747,-0.02072631,-0.01943654,-0.01801519,-0.01646406,-0.01481384,-0.0130717,-0.01127535,-0.009440701,-0.007617101,-0.005832819,-0.004151528,-0.002614108,-0.001293236,-0.0002319322,0.0005132005,0.0009272668,0.001024192,0.0008595181,0.0005707322,0.0002546611,0.0001057029,0.0001150259,8.886342e-05,0.000116738,NaN,NaN,NaN,NaN,NaN,NaN,NaN,NaN,NaN,NaN,NaN,NaN,NaN,NaN,NaN,NaN,NaN,NaN,NaN,NaN,NaN,NaN,NaN,NaN,NaN,NaN,NaN,NaN,NaN,NaN,NaN,NaN,NaN,NaN,NaN,NaN,NaN,4.138516e-05,5.499468e-05,7.23996e-05,9.713518e-05,0.0003759542,0.0009784451
0.0009322205,0.001647497,0.002382243,0.002967136,0.003304872,0.003332597,0.003031033,0.002404772,0.001477347,0.0002863188,-0.001125215,-0.002708928,-0.004416593,-0.006201772,-0.008019133,-0.009830136,-0.01159584,-0.01328771,-0.01487395,-0.01633634,-0.0176494,-0.01880477,-0.01978224,-0.02058144,-0.02118754,-0.02160607,-0.02182659,-0.0218595,-0.02169757,-0.02135494,-0.02082704,-0.0201308,-0.01926332,-0.01824497,-0.01707419,-0.01577535,-0.01435033,-0.01282871,-0.01121952,-0.009560477,-0.007872363,-0.006204744,-0.004593765,-0.0031013,-0.001775928,-0.000682822,0.0001358228,0.0006384213,0.000834958,0.0007537419,0.0005242464,0.0002608856,9.218859e-05,8.427809e-05,8.251421e-05,NaN,NaN,NaN,NaN,NaN,NaN,NaN,NaN,NaN,NaN,NaN,NaN,NaN,NaN,NaN,NaN,NaN,NaN,NaN,NaN,NaN,NaN,NaN,NaN,NaN,NaN,NaN,NaN,NaN,NaN,NaN,NaN,NaN,NaN,NaN,NaN,NaN,NaN,NaN,NaN,NaN,5.844749e-05,7.303019e-05,9.837082e-05,0.000347523
0.0003294834,0.0008659061,0.001599242,0.002275486,0.002780685,0.003008588,0.002945433,0.002558018,0.001887477,0.0009386982,-0.0002235788,-0.001578829,-0.003057629,-0.004636967,-0.006252706,-0.007885975,-0.009481974,-0.01102836,-0.01248061,-0.01383277,-0.01505044,-0.01613276,-0.01705416,-0.01781866,-0.01840687,-0.01882735,-0.01906561,-0.01913357,-0.01902043,-0.01874072,-0.01828636,-0.01767418,-0.01689888,-0.01597894,-0.01491299,-0.0137227,-0.01241171,-0.01100861,-0.009524537,-0.007999713,-0.006456042,-0.004949667,-0.003514063,-0.002220542,-0.001106425,-0.0002447502,0.0003469893,0.0006283401,0.0006466156,0.0004512941,0.0002194497,7.197216e-05,5.904537e-05,6.941284e-05,NaN,NaN,NaN,NaN,NaN,NaN,NaN,NaN,NaN,NaN,NaN,NaN,NaN,NaN,NaN,NaN,NaN,NaN,NaN,NaN,NaN,NaN,NaN,NaN,NaN,NaN,NaN,NaN,NaN,NaN,NaN,NaN,NaN,NaN,NaN,NaN,NaN,NaN,NaN,NaN,NaN,NaN,NaN,6.186244e-05,7.140302e-05,9.964293e-05
9.847144e-05,0.0002795424,0.0008537944,0.001571346,0.002175104,0.002584262,0.002713643,0.002561154,0.002112565,0.001407479,0.0004652534,-0.0006594037,-0.001934883,-0.003306962,-0.004743535,-0.006198239,-0.007643689,-0.009043738,-0.01037706,-0.01161784,-0.01274995,-0.01375723,-0.01462769,-0.0153525,-0.01592399,-0.01633842,-0.01659145,-0.01668337,-0.01661233,-0.01638159,-0.01599159,-0.01544802,-0.01475336,-0.01391708,-0.01294431,-0.01184969,-0.01064438,-0.009350276,-0.007989268,-0.006593452,-0.005199944,-0.003852247,-0.002603513,-0.001502746,-0.0006097141,4.142956e-05,0.0004101771,0.0005162662,0.0003795089,0.0001627014,5.109432e-05,3.982528e-05,5.309227e-05,NaN,NaN,NaN,NaN,NaN,NaN,NaN,NaN,NaN,NaN,NaN,NaN,NaN,NaN,NaN,NaN,NaN,NaN,NaN,NaN,NaN,NaN,NaN,NaN,NaN,NaN,NaN,NaN,NaN,NaN,NaN,NaN,NaN,NaN,NaN,NaN,NaN,NaN,NaN,NaN,NaN,NaN,NaN,NaN,NaN,6.420119e-05,6.851775e-05
7.010479e-05,9.008239e-05,0.0002560756,0.0008448478,0.001531637,0.002052614,0.002373034,0.002408059,0.002187563,0.001689201,0.0009746504,4.929902e-05,-0.001016273,-0.002208524,-0.003460686,-0.004760802,-0.006051161,-0.00732505,-0.008534981,-0.009679716,-0.01072168,-0.01166381,-0.01247699,-0.01316801,-0.01371337,-0.01412345,-0.014379,-0.01449293,-0.01444921,-0.01426284,-0.01392027,-0.01343889,-0.01280836,-0.01204852,-0.01115427,-0.01015036,-0.00903884,-0.007853923,-0.006607405,-0.005347487,-0.004097328,-0.002920835,-0.001848426,-0.0009536431,-0.0002578314,0.0001759194,0.0003691429,0.0002985771,0.0001131764,2.931759e-05,2.640199e-05,3.62872e-05,NaN,NaN,NaN,NaN,NaN,NaN,NaN,NaN,NaN,NaN,NaN,NaN,NaN,NaN,NaN,NaN,NaN,NaN,NaN,NaN,NaN,NaN,NaN,NaN,NaN,NaN,NaN,NaN,NaN,NaN,NaN,NaN,NaN,NaN,NaN,NaN,NaN,NaN,NaN,NaN,NaN,NaN,NaN,NaN,NaN,NaN,NaN,6.342679e-05
6.084578e-05,6.685389e-05,8.233665e-05,0.0002359525,0.0008275942,0.001464481,0.001910106,0.002140948,0.002103119,0.00182279,0.001299924,0.0005846267,-0.0003016655,-0.001305042,-0.002399572,-0.00353748,-0.004695922,-0.005836688,-0.006942201,-0.007984233,-0.00894974,-0.009819767,-0.01058473,-0.01123249,-0.0117571,-0.01215093,-0.01241071,-0.01253241,-0.01251475,-0.01235657,-0.01205877,-0.01162302,-0.01105277,-0.0103547,-0.009536061,-0.008610742,-0.00759379,-0.006508651,-0.005382603,-0.004250557,-0.003154377,-0.002137981,-0.001253884,-0.0005429099,-5.324178e-05,0.0002058092,0.0002144659,7.113344e-05,1.183096e-05,1.425835e-05,2.200698e-05,NaN,NaN,NaN,NaN,NaN,NaN,NaN,NaN,NaN,NaN,NaN,NaN,NaN,NaN,NaN,NaN,NaN,NaN,NaN,NaN,NaN,NaN,NaN,NaN,NaN,NaN,NaN,NaN,NaN,NaN,NaN,NaN,NaN,NaN,NaN,NaN,NaN,NaN,NaN,NaN,NaN,NaN,NaN,NaN,NaN,NaN,NaN,NaN,NaN
NaN,5.691431e-05,6.39283e-05,7.391526e-05,0.0002202532,0.0007941672,0.001376551,0.001744866,0.001901908,0.001798732,0.001480302,0.0009425216,0.00024686,-0.0005953118,-0.001522625,-0.002522311,-0.003540484,-0.004568456,-0.005561897,-0.006517014,-0.007398966,-0.008207652,-0.008916296,-0.00952814,-0.01002159,-0.01040302,-0.01065469,-0.01078513,-0.01077973,-0.01064898,-0.01038111,-0.009989304,-0.00946601,-0.008827765,-0.00807398,-0.007227387,-0.006296676,-0.005315093,-0.004302484,-0.00330546,-0.002354049,-0.001505999,-0.0007924254,-0.0002710637,4.695906e-05,0.0001254154,3.884652e-05,-2.776668e-06,3.911543e-06,9.387912e-06,NaN,NaN,NaN,NaN,NaN,NaN,NaN,NaN,NaN,NaN,NaN,NaN,NaN,NaN,NaN,NaN,NaN,NaN,NaN,NaN,NaN,NaN,NaN,NaN,NaN,NaN,NaN,NaN,NaN,NaN,NaN,NaN,NaN,NaN,NaN,NaN,NaN,NaN,NaN,NaN,NaN,NaN,NaN,NaN,NaN,NaN,NaN,NaN,NaN,NaN
NaN,NaN,5.275994e-05,5.927377e-05,6.671361e-05,0.0002048952,0.0007492941,0.001268718,0.001570508,0.001657103,0.00150814,0.001159873,0.0006270524,-4.347077e-05,-0.0008270186,-0.001679598,-0.002577492,-0.00348484,-0.004382445,-0.005243747,-0.006053718,-0.006794638,-0.00745465,-0.008022477,-0.008489639,-0.008849058,-0.009094724,-0.009222991,-0.009229844,-0.009114752,-0.008876145,-0.008517076,-0.008039275,-0.007452168,-0.006762329,-0.005988182,-0.005144948,-0.004261923,-0.003366119,-0.002497721,-0.001694834,-0.001002401,-0.000461003,-0.0001033177,4.254092e-05,1.107429e-05,-1.297542e-05,-5.754459e-06,-2.008287e-07,NaN,NaN,NaN,NaN,NaN,NaN,NaN,NaN,NaN,NaN,NaN,NaN,NaN,NaN,NaN,NaN,NaN,NaN,NaN,NaN,NaN,NaN,NaN,NaN,NaN,NaN,NaN,NaN,NaN,NaN,NaN,NaN,NaN,NaN,NaN,NaN,NaN,NaN,NaN,NaN,NaN,NaN,NaN,NaN,NaN,NaN,NaN,NaN,NaN,NaN,NaN
NaN,NaN,NaN,4.784108e-05,5.437335e-05,5.952157e-05,0.000190805,0.0006938481,0.001152606,0.00138755,0.001419391,0.001231781,0.0008720727,0.000350451,-0.0002804937,-0.001004875,-0.001774914,-0.002577258,-0.003372524,-0.004151729,-0.004884417,-0.005565061,-0.006170924,-0.006699733,-0.007133658,-0.007473521,-0.007705227,-0.007831817,-0.007842468,-0.007742493,-0.007524473,-0.00719706,-0.006758094,-0.006220446,-0.005590391,-0.004887735,-0.004129218,-0.003344853,-0.00256238,-0.001822405,-0.001160066,-0.0006206403,-0.000233801,-3.486362e-05,-9.797066e-06,-2.120968e-05,-1.311137e-05,-8.316525e-06,NaN,NaN,NaN,NaN,NaN,NaN,NaN,NaN,NaN,NaN,NaN,NaN,NaN,NaN,NaN,NaN,NaN,NaN,NaN,NaN,NaN,NaN,NaN,NaN,NaN,NaN,NaN,NaN,NaN,NaN,NaN,NaN,NaN,NaN,NaN,NaN,NaN,NaN,NaN,NaN,NaN,NaN,NaN,NaN,NaN,NaN,NaN,NaN,NaN,NaN,NaN,NaN
NaN,NaN,NaN,NaN,4.328018e-05,4.878089e-05,5.327415e-05,0.0001763242,0.0006348676,0.001028202,0.001207283,0.001189569,0.0009798753,0.0006153314,0.00011902,-0.0004701645,-0.001126911,-0.001818315,-0.002522545,-0.003215034,-0.003877805,-0.004494654,-0.005050746,-0.005536067,-0.005939275,-0.00625442,-0.006472828,-0.006592068,-0.006605801,-0.00651512,-0.006316733,-0.006016094,-0.005614013,-0.005123426,-0.004550695,-0.003918791,-0.003242609,-0.002555995,-0.001883615,-0.001268101,-0.0007401717,-0.0003428873,-0.0001003516,-2.952124e-05,-2.606286e-05,-1.915845e-05,-1.40696e-05,NaN,NaN,NaN,NaN,NaN,NaN,NaN,NaN,NaN,NaN,NaN,NaN,NaN,NaN,NaN,NaN,NaN,NaN,NaN,NaN,NaN,NaN,NaN,NaN,NaN,NaN,NaN,NaN,NaN,NaN,NaN,NaN,NaN,NaN,NaN,NaN,NaN,NaN,NaN,NaN,NaN,NaN,NaN,NaN,NaN,NaN,NaN,NaN,NaN,NaN,NaN,NaN,NaN
NaN,NaN,NaN,NaN,NaN,3.829389e-05,4.340055e-05,4.696286e-05,0.0001634682,0.0005712484,0.0009043463,0.001029995,0.000977281,0.0007517171,0.0003961006,-7.165272e-05,-0.0006099208,-0.001201052,-0.001810162,-0.002423249,-0.003013584,-0.00357049,-0.004074604,-0.004518705,-0.004888175,-0.005179209,-0.005380941,-0.00549222,-0.005505709,-0.005423141,-0.005241132,-0.004965555,-0.004599063,-0.004152492,-0.003637719,-0.003072682,-0.002479772,-0.001885773,-0.001322465,-0.0008233376,-0.0004236421,-0.0001564055,-4.364366e-05,-3.046041e-05,-2.365835e-05,-1.85115e-05,NaN,NaN,NaN,NaN,NaN,NaN,NaN,NaN,NaN,NaN,NaN,NaN,NaN,NaN,NaN,NaN,NaN,NaN,NaN,NaN,NaN,NaN,NaN,NaN,NaN,NaN,NaN,NaN,NaN,NaN,NaN,NaN,NaN,NaN,NaN,NaN,NaN,NaN,NaN,NaN,NaN,NaN,NaN,NaN,NaN,NaN,NaN,NaN,NaN,NaN,NaN,NaN,NaN,NaN
NaN,NaN,NaN,NaN,NaN,NaN,3.370785e-05,3.758685e-05,4.16996e-05,0.000150092,0.0005077628,0.0007805286,0.0008641903,0.0007822275,0.0005535067,0.000211209,-0.0002187115,-0.0007062422,-0.001227383,-0.001759088,-0.002280763,-0.002777123,-0.003230823,-0.003632537,-0.0039688,-0.004234316,-0.004418775,-0.004520578,-0.004532363,-0.004456456,-0.004289302,-0.004038168,-0.00370434,-0.003303186,-0.00284183,-0.002345852,-0.001830045,-0.001329665,-0.0008662833,-0.0004811884,-0.0001960509,-5.754081e-05,-3.20724e-05,-2.663473e-05,-2.149809e-05,NaN,NaN,NaN,NaN,NaN,NaN,NaN,NaN,NaN,NaN,NaN,NaN,NaN,NaN,NaN,NaN,NaN,NaN,NaN,NaN,NaN,NaN,NaN,NaN,NaN,NaN,NaN,NaN,NaN,NaN,NaN,NaN,NaN,NaN,NaN,NaN,NaN,NaN,NaN,NaN,NaN,NaN,NaN,NaN,NaN,NaN,NaN,NaN,NaN,NaN,NaN,NaN,NaN,NaN,NaN
NaN,NaN,NaN,NaN,NaN,NaN,NaN,2.893677e-05,3.228101e-05,3.650854e-05,0.0001372403,0.0004429171,0.0006635303,0.0007094219,0.0006101549,0.0003829556,6.367324e-05,-0.0003274255,-0.0007590898,-0.001213528,-0.001666606,-0.002103634,-0.002507436,-0.00286711,-0.003170113,-0.00340947,-0.0035765,-0.003667492,-0.003677599,-0.003606711,-0.003454382,-0.003225376,-0.002925738,-0.002565621,-0.002160471,-0.001727043,-0.001290645,-0.0008744503,-0.0005109254,-0.00022621,-6.567985e-05,-3.37564e-05,-2.790768e-05,-2.337496e-05,NaN,NaN,NaN,NaN,NaN,NaN,NaN,NaN,NaN,NaN,NaN,NaN,NaN,NaN,NaN,NaN,NaN,NaN,NaN,NaN,NaN,NaN,NaN,NaN,NaN,NaN,NaN,NaN,NaN,NaN,NaN,NaN,NaN,NaN,NaN,NaN,NaN,NaN,NaN,NaN,NaN,NaN,NaN,NaN,NaN,NaN,NaN,NaN,NaN,NaN,NaN,NaN,NaN,NaN,NaN,NaN
NaN,NaN,NaN,NaN,NaN,NaN,NaN,NaN,2.466109e-05,2.69014e-05,3.217959e-05,0.0001231209,0.0003805408,0.00055246,0.0005707142,0.0004593966,0.0002431954,-5.084914e-05,-0.0003976001,-0.0007752173,-0.00116118,-0.00154063,-0.001894349,-0.00221318,-0.002482291,-0.002696548,-0.002844878,-0.00292605,-0.002932643,-0.00286769,-0.002728319,-0.002522804,-0.002253665,-0.00193743,-0.001582279,-0.001214364,-0.0008482729,-0.0005176691,-0.0002412448,-7.343347e-05,-3.309202e-05,-2.854843e-05,-2.396394e-05,NaN,NaN,NaN,NaN,NaN,NaN,NaN,NaN,NaN,NaN,NaN,NaN,NaN,NaN,NaN,NaN,NaN,NaN,NaN,NaN,NaN,NaN,NaN,NaN,NaN,NaN,NaN,NaN,NaN,NaN,NaN,NaN,NaN,NaN,NaN,NaN,NaN,NaN,NaN,NaN,NaN,NaN,NaN,NaN,NaN,NaN,NaN,NaN,NaN,NaN,NaN,NaN,NaN,NaN,NaN,NaN,NaN
NaN,NaN,NaN,NaN,NaN,NaN,NaN,NaN,NaN,2.034702e-05,2.229038e-05,2.774642e-05,0.0001089706,0.0003195465,0.0004512238,0.0004468339,0.0003331144,0.000130694,-0.0001320213,-0.0004351999,-0.0007562307,-0.001077896,-0.001383967,-0.001661378,-0.001898373,-0.002086387,-0.002217621,-0.002287443,-0.002292143,-0.002231402,-0.002106166,-0.001921601,-0.001685173,-0.00140762,-0.00110544,-0.0007947119,-0.0005010326,-0.0002447928,-7.681355e-05,-3.267769e-05,-2.744113e-05,-2.38672e-05,NaN,NaN,NaN,NaN,NaN,NaN,NaN,NaN,NaN,NaN,NaN,NaN,NaN,NaN,NaN,NaN,NaN,NaN,NaN,NaN,NaN,NaN,NaN,NaN,NaN,NaN,NaN,NaN,NaN,NaN,NaN,NaN,NaN,NaN,NaN,NaN,NaN,NaN,NaN,NaN,NaN,NaN,NaN,NaN,NaN,NaN,NaN,NaN,NaN,NaN,NaN,NaN,NaN,NaN,NaN,NaN,NaN,NaN
NaN,NaN,NaN,NaN,NaN,NaN,NaN,NaN,NaN,1.939927e-05,1.660645e-05,1.781658e-05,2.390727e-05,9.378277e-05,0.0002623317,0.0003588874,0.0003409462,0.0002283092,4.609132e-05,-0.0001850837,-0.0004417119,-0.0007089913,-0.0009666397,-0.001205156,-0.001409189,-0.001573157,-0.001686097,-0.001746465,-0.00174766,-0.001692583,-0.00157986,-0.001417586,-0.001210131,-0.0009735469,-0.0007175169,-0.0004659139,-0.000235714,-7.753955e-05,-3.10167e-05,-2.609123e-05,-2.264773e-05,-2.150934e-05,NaN,NaN,NaN,NaN,NaN,NaN,NaN,NaN,NaN,NaN,NaN,NaN,NaN,NaN,NaN,NaN,NaN,NaN,NaN,NaN,NaN,NaN,NaN,NaN,NaN,NaN,NaN,NaN,NaN,NaN,NaN,NaN,NaN,NaN,NaN,NaN,NaN,NaN,NaN,NaN,NaN,NaN,NaN,NaN,NaN,NaN,NaN,NaN,NaN,NaN,NaN,NaN,NaN,NaN,NaN,NaN,NaN,NaN
NaN,NaN,NaN,NaN,NaN,NaN,NaN,NaN,NaN,NaN,1.572342e-05,1.298348e-05,1.404543e-05,2.000455e-05,7.86074e-05,0.000208348,0.0002782721,0.0002506675,0.0001458581,-1.506904e-05,-0.0002111883,-0.0004234604,-0.0006363242,-0.00083533,-0.001009016,-0.001148001,-0.001244782,-0.001294542,-0.001294015,-0.001243321,-0.001143875,-0.001001781,-0.0008244992,-0.00062375,-0.0004153512,-0.0002165681,-7.426124e-05,-2.913637e-05,-2.374496e-05,-2.114141e-05,-2.043713e-05,NaN,NaN,NaN,NaN,NaN,NaN,NaN,NaN,NaN,NaN,NaN,NaN,NaN,NaN,NaN,NaN,NaN,NaN,NaN,NaN,NaN,NaN,NaN,NaN,NaN,NaN,NaN,NaN,NaN,NaN,NaN,NaN,NaN,NaN,NaN,NaN,NaN,NaN,NaN,NaN,NaN,NaN,NaN,NaN,NaN,NaN,NaN,NaN,NaN,NaN,NaN,NaN,NaN,NaN,NaN,NaN,NaN,NaN,NaN
NaN,NaN,NaN,NaN,NaN,NaN,NaN,NaN,NaN,NaN,NaN,1.219769e-05,9.943375e-06,1.056811e-05,1.656746e-05,6.306979e-05,0.0001598818,0.0002076079,0.000177195,8.212822e-05,-5.370549e-05,-0.0002156981,-0.0003830646,-0.0005458138,-0.0006886295,-0.0008051785,-0.0008850771,-0.000926074,-0.00092276,-0.0008773362,-0.0007902071,-0.0006683486,-0.0005181555,-0.0003536049,-0.0001893674,-6.810485e-05,-2.640973e-05,-2.116518e-05,-1.892512e-05,-1.898092e-05,NaN,NaN,NaN,NaN,NaN,NaN,NaN,NaN,NaN,NaN,NaN,NaN,NaN,NaN,NaN,NaN,NaN,NaN,NaN,NaN,NaN,NaN,NaN,NaN,NaN,NaN,NaN,NaN,NaN,NaN,NaN,NaN,NaN,NaN,NaN,NaN,NaN,NaN,NaN,NaN,NaN,NaN,NaN,NaN,NaN,NaN,NaN,NaN,NaN,NaN,NaN,NaN,NaN,NaN,NaN,NaN,NaN,NaN,NaN,NaN
NaN,NaN,NaN,NaN,NaN,NaN,NaN,NaN,NaN,NaN,NaN,NaN,9.240249e-06,7.145986e-06,7.842123e-06,1.307241e-05,4.852547e-05,0.0001163626,0.0001482893,0.0001177945,3.660873e-05,-7.444444e-05,-0.0002008124,-0.0003271028,-0.0004419646,-0.0005356788,-0.0006007068,-0.0006324052,-0.0006275087,-0.0005867915,-0.0005113957,-0.000408709,-0.000284593,-0.0001564075,-5.931789e-05,-2.339273e-05,-1.828071e-05,-1.652255e-05,-1.688215e-05,NaN,NaN,NaN,NaN,NaN,NaN,NaN,NaN,NaN,NaN,NaN,NaN,NaN,NaN,NaN,NaN,NaN,NaN,NaN,NaN,NaN,NaN,NaN,NaN,NaN,NaN,NaN,NaN,NaN,NaN,NaN,NaN,NaN,NaN,NaN,NaN,NaN,NaN,NaN,NaN,NaN,NaN,NaN,NaN,NaN,NaN,NaN,NaN,NaN,NaN,NaN,NaN,NaN,NaN,NaN,NaN,NaN,NaN,NaN,NaN,NaN
NaN,NaN,NaN,NaN,NaN,NaN,NaN,NaN,NaN,NaN,NaN,NaN,NaN,6.512589e-06,5.037356e-06,5.32847e-06,1.014507e-05,3.477518e-05,7.961488e-05,9.880005e-05,7.202414e-05,5.925095e-06,-7.913279e-05,-0.0001725195,-0.0002595402,-0.0003328449,-0.0003829664,-0.0004066471,-0.0003998205,-0.000363553,-0.0003000613,-0.0002145657,-0.000120373,-4.883399e-05,-2.00473e-05,-1.516981e-05,-1.39753e-05,-1.452722e-05,NaN,NaN,NaN,NaN,NaN,NaN,NaN,NaN,NaN,NaN,NaN,NaN,NaN,NaN,NaN,NaN,NaN,NaN,NaN,NaN,NaN,NaN,NaN,NaN,NaN,NaN,NaN,NaN,NaN,NaN,NaN,NaN,NaN,NaN,NaN,NaN,NaN,NaN,NaN,NaN,NaN,NaN,NaN,NaN,NaN,NaN,NaN,NaN,NaN,NaN,NaN,NaN,NaN,NaN,NaN,NaN,NaN,NaN,NaN,NaN,NaN,NaN
NaN,NaN,NaN,NaN,NaN,NaN,NaN,NaN,NaN,NaN,NaN,NaN,NaN,5.100133e-06,4.324277e-06,3.290394e-06,3.362872e-06,7.429981e-06,2.301291e-05,4.958903e-05,5.953421e-05,3.732355e-05,-1.125518e-05,-7.24515e-05,-0.000134375,-0.0001876067,-0.0002244106,-0.000240145,-0.0002319267,-0.0002001805,-0.0001474182,-8.578792e-05,-3.72122e-05,-1.678472e-05,-1.205723e-05,-1.147489e-05,-1.191636e-05,-1.164171e-05,NaN,NaN,NaN,NaN,NaN,NaN,NaN,NaN,NaN,NaN,NaN,NaN,NaN,NaN,NaN,NaN,NaN,NaN,NaN,NaN,NaN,NaN,NaN,NaN,NaN,NaN,NaN,NaN,NaN,NaN,NaN,NaN,NaN,NaN,NaN,NaN,NaN,NaN,NaN,NaN,NaN,NaN,NaN,NaN,NaN,NaN,NaN,NaN,NaN,NaN,NaN,NaN,NaN,NaN,NaN,NaN,NaN,NaN,NaN,NaN,NaN,NaN
NaN,NaN,NaN,NaN,NaN,NaN,NaN,NaN,NaN,NaN,NaN,NaN,NaN,NaN,3.484067e-06,2.513066e-06,2.033636e-06,1.818691e-06,5.133176e-06,1.352077e-05,2.711973e-05,2.986927e-05,1.33736e-05,-1.903324e-05,-5.712373e-05,-9.233302e-05,-0.0001163736,-0.0001251801,-0.0001155275,-8.984709e-05,-5.498195e-05,-2.656004e-05,-1.320795e-05,-9.380739e-06,-9.013755e-06,-9.393443e-06,-9.531072e-06,NaN,NaN,NaN,NaN,NaN,NaN,NaN,NaN,NaN,NaN,NaN,NaN,NaN,NaN,NaN,NaN,NaN,NaN,NaN,NaN,NaN,NaN,NaN,NaN,NaN,NaN,NaN,NaN,NaN,NaN,NaN,NaN,NaN,NaN,NaN,NaN,NaN,NaN,NaN,NaN,NaN,NaN,NaN,NaN,NaN,NaN,NaN,NaN,NaN,NaN,NaN,NaN,NaN,NaN,NaN,NaN,NaN,NaN,NaN,NaN,NaN,NaN,NaN
NaN,NaN,NaN,NaN,NaN,NaN,NaN,NaN,NaN,NaN,NaN,NaN,NaN,NaN,NaN,2.090092e-06,1.301219e-06,1.006694e-06,9.136052e-07,2.959534e-06,7.016445e-06,1.172984e-05,1.052714e-05,-7.851413e-07,-1.904932e-05,-3.794272e-05,-5.09545e-05,-5.407491e-05,-4.621287e-05,-3.137985e-05,-1.745259e-05,-9.855033e-06,-6.984759e-06,-6.843361e-06,-7.04287e-06,-7.465195e-06,NaN,NaN,NaN,NaN,NaN,NaN,NaN,NaN,NaN,NaN,NaN,NaN,NaN,NaN,NaN,NaN,NaN,NaN,NaN,NaN,NaN,NaN,NaN,NaN,NaN,NaN,NaN,NaN,NaN,NaN,NaN,NaN,NaN,NaN,NaN,NaN,NaN,NaN,NaN,NaN,NaN,NaN,NaN,NaN,NaN,NaN,NaN,NaN,NaN,NaN,NaN,NaN,NaN,NaN,NaN,NaN,NaN,NaN,NaN,NaN,NaN,NaN,NaN,NaN
NaN,NaN,NaN,NaN,NaN,NaN,NaN,NaN,NaN,NaN,NaN,NaN,NaN,NaN,NaN,1.540746e-06,1.126494e-06,4.451161e-07,3.884212e-07,2.749787e-07,1.384336e-06,2.762208e-06,3.330262e-06,5.191573e-07,-5.753688e-06,-1.355134e-05,-1.876877e-05,-1.950959e-05,-1.56785e-05,-1.06617e-05,-6.778443e-06,-5.098163e-06,-4.88031e-06,-5.087142e-06,-5.486171e-06,-5.821976e-06,NaN,NaN,NaN,NaN,NaN,NaN,NaN,NaN,NaN,NaN,NaN,NaN,NaN,NaN,NaN,NaN,NaN,NaN,NaN,NaN,NaN,NaN,NaN,NaN,NaN,NaN,NaN,NaN,NaN,NaN,NaN,NaN,NaN,NaN,NaN,NaN,NaN,NaN,NaN,NaN,NaN,NaN,NaN,NaN,NaN,NaN,NaN,NaN,NaN,NaN,NaN,NaN,NaN,NaN,NaN,NaN,NaN,NaN,NaN,NaN,NaN,NaN,NaN,NaN
NaN,NaN,NaN,NaN,NaN,NaN,NaN,NaN,NaN,NaN,NaN,NaN,NaN,NaN,NaN,NaN,7.433707e-07,4.376895e-07,1.160613e-08,-3.802353e-08,-2.100781e-08,2.806488e-07,4.754353e-07,-3.10739e-07,-2.309095e-06,-4.963395e-06,-6.779631e-06,-7.019085e-06,-5.832265e-06,-4.39089e-06,-3.529771e-06,-3.337934e-06,-3.430775e-06,-3.826507e-06,-4.078922e-06,NaN,NaN,NaN,NaN,NaN,NaN,NaN,NaN,NaN,NaN,NaN,NaN,NaN,NaN,NaN,NaN,NaN,NaN,NaN,NaN,NaN,NaN,NaN,NaN,NaN,NaN,NaN,NaN,NaN,NaN,NaN,NaN,NaN,NaN,NaN,NaN,NaN,NaN,NaN,NaN,NaN,NaN,NaN,NaN,NaN,NaN,NaN,NaN,NaN,NaN,NaN,NaN,NaN,NaN,NaN,NaN,NaN,NaN,NaN,NaN,NaN,NaN,NaN,NaN,NaN
NaN,NaN,NaN,NaN,NaN,NaN,NaN,NaN,NaN,NaN,NaN,NaN,NaN,NaN,NaN,NaN,NaN,2.14958e-07,8.285851e-08,-2.091075e-07,-1.976371e-07,-2.291456e-07,-2.192718e-07,-5.610445e-07,-1.192777e-06,-2.156592e-06,-2.764337e-06,-2.93819e-06,-2.601721e-06,-2.311003e-06,-2.129062e-06,-2.201505e-06,-2.442553e-06,-2.665814e-06,NaN,NaN,NaN,NaN,NaN,NaN,NaN,NaN,NaN,NaN,NaN,NaN,NaN,NaN,NaN,NaN,NaN,NaN,NaN,NaN,NaN,NaN,NaN,NaN,NaN,NaN,NaN,NaN,NaN,NaN,NaN,NaN,NaN,NaN,NaN,NaN,NaN,NaN,NaN,NaN,NaN,NaN,NaN,NaN,NaN,NaN,NaN,NaN,NaN,NaN,NaN,NaN,NaN,NaN,NaN,NaN,NaN,NaN,NaN,NaN,NaN,NaN,NaN,NaN,NaN,NaN
NaN,NaN,NaN,NaN,NaN,NaN,NaN,NaN,NaN,NaN,NaN,NaN,NaN,NaN,NaN,NaN,NaN,1.967406e-07,-1.760125e-08,-1.02245e-07,-2.129993e-07,-2.603331e-07,-2.817124e-07,-4.270305e-07,-6.92088e-07,-1.056184e-06,-1.308659e-06,-1.409802e-06,-1.342259e-06,-1.273766e-06,-1.305832e-06,-1.43129e-06,-1.557034e-06,-1.765412e-06,NaN,NaN,NaN,NaN,NaN,NaN,NaN,NaN,NaN,NaN,NaN,NaN,NaN,NaN,NaN,NaN,NaN,NaN,NaN,NaN,NaN,NaN,NaN,NaN,NaN,NaN,NaN,NaN,NaN,NaN,NaN,NaN,NaN,NaN,NaN,NaN,NaN,NaN,NaN,NaN,NaN,NaN,NaN,NaN,NaN,NaN,NaN,NaN,NaN,NaN,NaN,NaN,NaN,NaN,NaN,NaN,NaN,NaN,NaN,NaN,NaN,NaN,NaN,NaN,NaN,NaN
NaN,NaN,NaN,NaN,NaN,NaN,NaN,NaN,NaN,NaN,NaN,NaN,NaN,NaN,NaN,NaN,NaN,NaN,2.534672e-08,-9.635514e-08,-1.233006e-07,-1.747315e-07,-1.977612e-07,-2.807116e-07,-3.720768e-07,-5.321874e-07,-6.253039e-07,-6.917939e-07,-6.800321e-07,-7.049532e-07,-7.339729e-07,-8.120834e-07,-9.214881e-07,NaN,NaN,NaN,NaN,NaN,NaN,NaN,NaN,NaN,NaN,NaN,NaN,NaN,NaN,NaN,NaN,NaN,NaN,NaN,NaN,NaN,NaN,NaN,NaN,NaN,NaN,NaN,NaN,NaN,NaN,NaN,NaN,NaN,NaN,NaN,NaN,NaN,NaN,NaN,NaN,NaN,NaN,NaN,NaN,NaN,NaN,NaN,NaN,NaN,NaN,NaN,NaN,NaN,NaN,NaN,NaN,NaN,NaN,NaN,NaN,NaN,NaN,NaN,NaN,NaN,NaN,NaN
NaN,NaN,NaN,NaN,NaN,NaN,NaN,NaN,NaN,NaN,NaN,NaN,NaN,NaN,NaN,NaN,NaN,NaN,-9.622034e-09,-2.987911e-08,-7.098436e-08,-9.342234e-08,-1.039437e-07,-1.342384e-07,-1.785483e-07,-2.373008e-07,-2.799262e-07,-3.085462e-07,-3.142011e-07,-3.221394e-07,-3.541044e-07,-4.017161e-07,-4.374074e-07,NaN,NaN,NaN,NaN,NaN,NaN,NaN,NaN,NaN,NaN,NaN,NaN,NaN,NaN,NaN,NaN,NaN,NaN,NaN,NaN,NaN,NaN,NaN,NaN,NaN,NaN,NaN,NaN,NaN,NaN,NaN,NaN,NaN,NaN,NaN,NaN,NaN,NaN,NaN,NaN,NaN,NaN,NaN,NaN,NaN,NaN,NaN,NaN,NaN,NaN,NaN,NaN,NaN,NaN,NaN,NaN,NaN,NaN,NaN,NaN,NaN,NaN,NaN,NaN,NaN,NaN,NaN
NaN,NaN,NaN,NaN,NaN,NaN,NaN,NaN,NaN,NaN,NaN,NaN,NaN,NaN,NaN,NaN,NaN,NaN,NaN,-1.838417e-08,-2.37056e-08,-3.431321e-08,-3.969239e-08,-5.285126e-08,-6.33659e-08,-8.429351e-08,-9.559766e-08,-1.076022e-07,-1.098251e-07,-1.198479e-07,-1.284055e-07,-1.440612e-07,NaN,NaN,NaN,NaN,NaN,NaN,NaN,NaN,NaN,NaN,NaN,NaN,NaN,NaN,NaN,NaN,NaN,NaN,NaN,NaN,NaN,NaN,NaN,NaN,NaN,NaN,NaN,NaN,NaN,NaN,NaN,NaN,NaN,NaN,NaN,NaN,NaN,NaN,NaN,NaN,NaN,NaN,NaN,NaN,NaN,NaN,NaN,NaN,NaN,NaN,NaN,NaN,NaN,NaN,NaN,NaN,NaN,NaN,NaN,NaN,NaN,NaN,NaN,NaN,NaN,NaN,NaN,NaN
NaN,NaN,NaN,NaN,NaN,NaN,NaN,NaN,NaN,NaN,NaN,NaN,NaN,NaN,NaN,NaN,NaN,NaN,NaN,-6.212073e-10,-6.64443e-09,-8.383005e-09,-8.852758e-09,-1.050909e-08,-1.438976e-08,-1.790242e-08,-2.138132e-08,-2.341466e-08,-2.461078e-08,-2.446923e-08,-2.867952e-08,-3.350607e-08,NaN,NaN,NaN,NaN,NaN,NaN,NaN,NaN,NaN,NaN,NaN,NaN,NaN,NaN,NaN,NaN,NaN,NaN,NaN,NaN,NaN,NaN,NaN,NaN,NaN,NaN,NaN,NaN,NaN,NaN,NaN,NaN,NaN,NaN,NaN,NaN,NaN,NaN,NaN,NaN,NaN,NaN,NaN,NaN,NaN,NaN,NaN,NaN,NaN,NaN,NaN,NaN,NaN,NaN,NaN,NaN,NaN,NaN,NaN,NaN,NaN,NaN,NaN,NaN,NaN,NaN,NaN,NaN
NaN,NaN,NaN,NaN,NaN,NaN,NaN,NaN,NaN,NaN,NaN,NaN,NaN,NaN,NaN,NaN,NaN,NaN,NaN,-1.661491e-10,-4.104229e-10,-5.262021e-10,-6.165655e-10,-7.511353e-10,-9.533533e-10,-1.194634e-09,-1.390123e-09,-1.538165e-09,-1.614668e-09,-1.705677e-09,-1.915671e-09,-2.17958e-09,NaN,NaN,NaN,NaN,NaN,NaN,NaN,NaN,NaN,NaN,NaN,NaN,NaN,NaN,NaN,NaN,NaN,NaN,NaN,NaN,NaN,NaN,NaN,NaN,NaN,NaN,NaN,NaN,NaN,NaN,NaN,NaN,NaN,NaN,NaN,NaN,NaN,NaN,NaN,NaN,NaN,NaN,NaN,NaN,NaN,NaN,NaN,NaN,NaN,NaN,NaN,NaN,NaN,NaN,NaN,NaN,NaN,NaN,NaN,NaN,NaN,NaN,NaN,NaN,NaN,NaN,NaN,NaN
NaN,NaN,NaN,NaN,NaN,NaN,NaN,NaN,NaN,NaN,NaN,NaN,NaN,NaN,NaN,NaN,NaN,NaN,NaN,0,0,0,0,0,0,0,0,0,0,0,0,0,NaN,NaN,NaN,NaN,NaN,NaN,NaN,NaN,NaN,NaN,NaN,NaN,NaN,NaN,NaN,NaN,NaN,NaN,NaN,NaN,NaN,NaN,NaN,NaN,NaN,NaN,NaN,NaN,NaN,NaN,NaN,NaN,NaN,NaN,NaN,NaN,NaN,NaN,NaN,NaN,NaN,NaN,NaN,NaN,NaN,NaN,NaN,NaN,NaN,NaN,NaN,NaN,NaN,NaN,NaN,NaN,NaN,NaN,NaN,NaN,NaN,NaN,NaN,NaN,NaN,NaN,NaN,NaN
