NaN,NaN,NaN,NaN,NaN,NaN,NaN,NaN,NaN,NaN,NaN,NaN,NaN,NaN,NaN,NaN,NaN,NaN,NaN,0,0,0,0,0,0,0,0,0,0,0,0,0,NaN,NaN,NaN,NaN,NaN,NaN,NaN,NaN,NaN,NaN,NaN,NaN,NaN,NaN,NaN,NaN,NaN,NaN,NaN,NaN,NaN,NaN,NaN,NaN,NaN,NaN,NaN,NaN,NaN,NaN,NaN,NaN,NaN,NaN,NaN,NaN,NaN,NaN,NaN,NaN,NaN,NaN,NaN,NaN,NaN,NaN,NaN,NaN,NaN,NaN,NaN,NaN,NaN,NaN,NaN,NaN,NaN,NaN,NaN,NaN,NaN,NaN,NaN,NaN,NaN,NaN,NaN,NaN
NaN,NaN,NaN,NaN,NaN,NaN,NaN,NaN,NaN,NaN,NaN,NaN,NaN,NaN,NaN,NaN,NaN,NaN,NaN,2.682781e-07,2.764552e-07,2.788462e-07,2.833297e-07,2.910035e-07,2.958253e-07,2.986644e-07,2.972625e-07,2.945862e-07,2.897897e-07,2.877175e-07,2.862955e-07,2.823976e-07,NaN,NaN,NaN,NaN,NaN,NaN,NaN,NaN,NaN,NaN,NaN,NaN,NaN,NaN,NaN,NaN,NaN,NaN,NaN,NaN,NaN,NaN,NaN,NaN,NaN,NaN,NaN,NaN,NaN,NaN,NaN,NaN,NaN,NaN,NaN,NaN,NaN,NaN,NaN,NaN,NaN,NaN,NaN,NaN,NaN,NaN,NaN,NaN,NaN,NaN,NaN,NaN,NaN,NaN,NaN,NaN,NaN,NaN,NaN,NaN,NaN,NaN,NaN,NaN,NaN,NaN,NaN,NaN
NaN,NaN,NaN,NaN,NaN,NaN,NaN,NaN,NaN,NaN,NaN,NaN,NaN,NaN,NaN,NaN,NaN,NaN,NaN,9.618321e-07,9.780865e-07,9.982423e-07,1.018242e-06,1.04041e-06,1.057302e-06,1.066207e-06,1.061982e-06,1.051809e-06,1.038486e-06,1.028017e-06,1.016622e-06,1.00652e-06,NaN,NaN,NaN,NaN,NaN,NaN,NaN,NaN,NaN,NaN,NaN,NaN,NaN,NaN,NaN,NaN,NaN,NaN,NaN,NaN,NaN,NaN,NaN,NaN,NaN,NaN,NaN,NaN,NaN,NaN,NaN,NaN,NaN,NaN,NaN,NaN,NaN,NaN,NaN,NaN,NaN,NaN,NaN,NaN,NaN,NaN,NaN,NaN,NaN,NaN,NaN,NaN,NaN,NaN,NaN,NaN,NaN,NaN,NaN,NaN,NaN,NaN,NaN,NaN,NaN,NaN,NaN,NaN
NaN,NaN,NaN,NaN,NaN,NaN,NaN,NaN,NaN,NaN,NaN,NaN,NaN,NaN,NaN,NaN,NaN,NaN,NaN,1.820808e-06,1.857501e-06,1.894083e-06,1.936372e-06,1.986937e-06,2.025087e-06,2.043521e-06,2.031808e-06,2.005607e-06,1.97269e-06,1.949051e-06,1.927898e-06,1.906297e-06,NaN,NaN,NaN,NaN,NaN,NaN,NaN,NaN,NaN,NaN,NaN,NaN,NaN,NaN,NaN,NaN,NaN,NaN,NaN,NaN,NaN,NaN,NaN,NaN,NaN,NaN,NaN,NaN,NaN,NaN,NaN,NaN,NaN,NaN,NaN,NaN,NaN,NaN,NaN,NaN,NaN,NaN,NaN,NaN,NaN,NaN,NaN,NaN,NaN,NaN,NaN,NaN,NaN,NaN,NaN,NaN,NaN,NaN,NaN,NaN,NaN,NaN,NaN,NaN,NaN,NaN,NaN,NaN
NaN,NaN,NaN,NaN,NaN,NaN,NaN,NaN,NaN,NaN,NaN,NaN,NaN,NaN,NaN,NaN,NaN,NaN,2.540784e-06,2.595653e-06,2.644695e-06,2.712217e-06,2.78842e-06,2.876848e-06,2.946778e-06,2.977174e-06,2.95008e-06,2.894031e-06,2.830916e-06,2.784434e-06,2.744338e-06,2.713643e-06,2.672155e-06,NaN,NaN,NaN,NaN,NaN,NaN,NaN,NaN,NaN,NaN,NaN,NaN,NaN,NaN,NaN,NaN,NaN,NaN,NaN,NaN,NaN,NaN,NaN,NaN,NaN,NaN,NaN,NaN,NaN,NaN,NaN,NaN,NaN,NaN,NaN,NaN,NaN,NaN,NaN,NaN,NaN,NaN,NaN,NaN,NaN,NaN,NaN,NaN,NaN,NaN,NaN,NaN,NaN,NaN,NaN,NaN,NaN,NaN,NaN,NaN,NaN,NaN,NaN,NaN,NaN,NaN,NaN
NaN,NaN,NaN,NaN,NaN,NaN,NaN,NaN,NaN,NaN,NaN,NaN,NaN,NaN,NaN,NaN,NaN,NaN,3.077379e-06,3.146872e-06,3.223975e-06,3.32328e-06,3.460208e-06,3.628316e-06,3.763063e-06,3.812396e-06,3.74859e-06,3.62267e-06,3.489608e-06,3.396632e-06,3.334656e-06,3.28802e-06,3.234971e-06,NaN,NaN,NaN,NaN,NaN,NaN,NaN,NaN,NaN,NaN,NaN,NaN,NaN,NaN,NaN,NaN,NaN,NaN,NaN,NaN,NaN,NaN,NaN,NaN,NaN,NaN,NaN,NaN,NaN,NaN,NaN,NaN,NaN,NaN,NaN,NaN,NaN,NaN,NaN,NaN,NaN,NaN,NaN,NaN,NaN,NaN,NaN,NaN,NaN,NaN,NaN,NaN,NaN,NaN,NaN,NaN,NaN,NaN,NaN,NaN,NaN,NaN,NaN,NaN,NaN,NaN,NaN
NaN,NaN,NaN,NaN,NaN,NaN,NaN,NaN,NaN,NaN,NaN,NaN,NaN,NaN,NaN,NaN,NaN,3.31699e-06,3.399064e-06,3.486675e-06,3.594215e-06,3.785988e-06,4.062867e-06,4.408504e-06,4.694501e-06,4.785944e-06,4.626624e-06,4.327302e-06,4.029e-06,3.824742e-06,3.699831e-06,3.632653e-06,3.569728e-06,3.501046e-06,NaN,NaN,NaN,NaN,NaN,NaN,NaN,NaN,NaN,NaN,NaN,NaN,NaN,NaN,NaN,NaN,NaN,NaN,NaN,NaN,NaN,NaN,NaN,NaN,NaN,NaN,NaN,NaN,NaN,NaN,NaN,NaN,NaN,NaN,NaN,NaN,NaN,NaN,NaN,NaN,NaN,NaN,NaN,NaN,NaN,NaN,NaN,NaN,NaN,NaN,NaN,NaN,NaN,NaN,NaN,NaN,NaN,NaN,NaN,NaN,NaN,NaN,NaN,NaN,NaN,NaN
NaN,NaN,NaN,NaN,NaN,NaN,NaN,NaN,NaN,NaN,NaN,NaN,NaN,NaN,NaN,NaN,NaN,3.47374e-06,3.557942e-06,3.683064e-06,3.900708e-06,4.305183e-06,4.986669e-06,5.855255e-06,6.569119e-06,6.767532e-06,6.337272e-06,5.538801e-06,4.753548e-06,4.222441e-06,3.946595e-06,3.814437e-06,3.72973e-06,3.658086e-06,NaN,NaN,NaN,NaN,NaN,NaN,NaN,NaN,NaN,NaN,NaN,NaN,NaN,NaN,NaN,NaN,NaN,NaN,NaN,NaN,NaN,NaN,NaN,NaN,NaN,NaN,NaN,NaN,NaN,NaN,NaN,NaN,NaN,NaN,NaN,NaN,NaN,NaN,NaN,NaN,NaN,NaN,NaN,NaN,NaN,NaN,NaN,NaN,NaN,NaN,NaN,NaN,NaN,NaN,NaN,NaN,NaN,NaN,NaN,NaN,NaN,NaN,NaN,NaN,NaN,NaN
NaN,NaN,NaN,NaN,NaN,NaN,NaN,NaN,NaN,NaN,NaN,NaN,NaN,NaN,NaN,NaN,3.447475e-06,3.539173e-06,3.671195e-06,3.903142e-06,4.42971e-06,5.595368e-06,7.542542e-06,9.960541e-06,1.18771e-05,1.233778e-05,1.111755e-05,8.873593e-06,6.636388e-06,5.08893e-06,4.284884e-06,3.961352e-06,3.822131e-06,3.730408e-06,3.634741e-06,NaN,NaN,NaN,NaN,NaN,NaN,NaN,NaN,NaN,NaN,NaN,NaN,NaN,NaN,NaN,NaN,NaN,NaN,NaN,NaN,NaN,NaN,NaN,NaN,NaN,NaN,NaN,NaN,NaN,NaN,NaN,NaN,NaN,NaN,NaN,NaN,NaN,NaN,NaN,NaN,NaN,NaN,NaN,NaN,NaN,NaN,NaN,NaN,NaN,NaN,NaN,NaN,NaN,NaN,NaN,NaN,NaN,NaN,NaN,NaN,NaN,NaN,NaN,NaN,NaN
NaN,NaN,NaN,NaN,NaN,NaN,NaN,NaN,NaN,NaN,NaN,NaN,NaN,NaN,NaN,3.36474e-06,3.454213e-06,3.603835e-06,3.822212e-06,4.472743e-06,6.192041e-06,9.91743e-06,1.588187e-05,2.2391e-05,2.683325e-05,2.753875e-05,2.443411e-05,1.87538e-05,1.259236e-05,7.853227e-06,5.291892e-06,4.253275e-06,3.894606e-06,3.763277e-06,3.652019e-06,3.539264e-06,NaN,NaN,NaN,NaN,NaN,NaN,NaN,NaN,NaN,NaN,NaN,NaN,NaN,NaN,NaN,NaN,NaN,NaN,NaN,NaN,NaN,NaN,NaN,NaN,NaN,NaN,NaN,NaN,NaN,NaN,NaN,NaN,NaN,NaN,NaN,NaN,NaN,NaN,NaN,NaN,NaN,NaN,NaN,NaN,NaN,NaN,NaN,NaN,NaN,NaN,NaN,NaN,NaN,NaN,NaN,NaN,NaN,NaN,NaN,NaN,NaN,NaN,NaN,NaN
NaN,NaN,NaN,NaN,NaN,NaN,NaN,NaN,NaN,NaN,NaN,NaN,NaN,NaN,NaN,3.362442e-06,3.518886e-06,3.725843e-06,4.459841e-06,6.761305e-06,1.30168e-05,2.479549e-05,3.924532e-05,5.118202e-05,5.728181e-05,5.701169e-05,5.112262e-05,4.097814e-05,2.859595e-05,1.695291e-05,9.056532e-06,5.371141e-06,4.169159e-06,3.820682e-06,3.682479e-06,3.562562e-06,NaN,NaN,NaN,NaN,NaN,NaN,NaN,NaN,NaN,NaN,NaN,NaN,NaN,NaN,NaN,NaN,NaN,NaN,NaN,NaN,NaN,NaN,NaN,NaN,NaN,NaN,NaN,NaN,NaN,NaN,NaN,NaN,NaN,NaN,NaN,NaN,NaN,NaN,NaN,NaN,NaN,NaN,NaN,NaN,NaN,NaN,NaN,NaN,NaN,NaN,NaN,NaN,NaN,NaN,NaN,NaN,NaN,NaN,NaN,NaN,NaN,NaN,NaN,NaN
NaN,NaN,NaN,NaN,NaN,NaN,NaN,NaN,NaN,NaN,NaN,NaN,NaN,NaN,3.23523e-06,3.409722e-06,3.591062e-06,4.377895e-06,7.206345e-06,1.66252e-05,3.612779e-05,6.061654e-05,8.054121e-05,9.211102e-05,9.563746e-05,9.244826e-05,8.383445e-05,7.100922e-05,5.503036e-05,3.728404e-05,2.079605e-05,9.872983e-06,5.261642e-06,4.024925e-06,3.703087e-06,3.562133e-06,3.420899e-06,NaN,NaN,NaN,NaN,NaN,NaN,NaN,NaN,NaN,NaN,NaN,NaN,NaN,NaN,NaN,NaN,NaN,NaN,NaN,NaN,NaN,NaN,NaN,NaN,NaN,NaN,NaN,NaN,NaN,NaN,NaN,NaN,NaN,NaN,NaN,NaN,NaN,NaN,NaN,NaN,NaN,NaN,NaN,NaN,NaN,NaN,NaN,NaN,NaN,NaN,NaN,NaN,NaN,NaN,NaN,NaN,NaN,NaN,NaN,NaN,NaN,NaN,NaN
NaN,NaN,NaN,NaN,NaN,NaN,NaN,NaN,NaN,NaN,NaN,NaN,NaN,3.118541e-06,3.301812e-06,3.469456e-06,4.25762e-06,7.520982e-06,2.039425e-05,4.889698e-05,8.3308e-05,0.0001097817,0.0001256741,0.0001322259,0.0001311797,0.0001242451,0.0001127592,9.794634e-05,8.066132e-05,6.164477e-05,4.169515e-05,2.27964e-05,1.00257e-05,5.022102e-06,3.867891e-06,3.602606e-06,3.440064e-06,3.290008e-06,NaN,NaN,NaN,NaN,NaN,NaN,NaN,NaN,NaN,NaN,NaN,NaN,NaN,NaN,NaN,NaN,NaN,NaN,NaN,NaN,NaN,NaN,NaN,NaN,NaN,NaN,NaN,NaN,NaN,NaN,NaN,NaN,NaN,NaN,NaN,NaN,NaN,NaN,NaN,NaN,NaN,NaN,NaN,NaN,NaN,NaN,NaN,NaN,NaN,NaN,NaN,NaN,NaN,NaN,NaN,NaN,NaN,NaN,NaN,NaN,NaN,NaN
NaN,NaN,NaN,NaN,NaN,NaN,NaN,NaN,NaN,NaN,NaN,NaN,NaN,3.169672e-06,3.314166e-06,4.085521e-06,7.614826e-06,2.393212e-05,6.189373e-05,0.0001050196,0.0001371516,0.0001567817,0.0001658444,0.0001664618,0.0001604124,0.0001493584,0.0001346495,0.0001175106,9.885518e-05,7.947187e-05,5.981646e-05,4.026266e-05,2.201596e-05,9.2898e-06,4.609744e-06,3.668487e-06,3.452616e-06,3.272641e-06,NaN,NaN,NaN,NaN,NaN,NaN,NaN,NaN,NaN,NaN,NaN,NaN,NaN,NaN,NaN,NaN,NaN,NaN,NaN,NaN,NaN,NaN,NaN,NaN,NaN,NaN,NaN,NaN,NaN,NaN,NaN,NaN,NaN,NaN,NaN,NaN,NaN,NaN,NaN,NaN,NaN,NaN,NaN,NaN,NaN,NaN,NaN,NaN,NaN,NaN,NaN,NaN,NaN,NaN,NaN,NaN,NaN,NaN,NaN,NaN,NaN,NaN
NaN,NaN,NaN,NaN,NaN,NaN,NaN,NaN,NaN,NaN,NaN,NaN,3.044638e-06,3.177709e-06,3.909008e-06,7.551988e-06,2.693152e-05,7.436984e-05,0.0001251062,0.0001625009,0.0001857139,0.0001972239,0.0001991638,0.0001935669,0.0001821967,0.0001667029,0.00014841,0.0001285538,0.0001080596,8.777178e-05,6.825967e-05,4.998975e-05,3.304603e-05,1.812322e-05,7.67137e-06,4.12924e-06,3.484673e-06,3.328093e-06,3.112166e-06,NaN,NaN,NaN,NaN,NaN,NaN,NaN,NaN,NaN,NaN,NaN,NaN,NaN,NaN,NaN,NaN,NaN,NaN,NaN,NaN,NaN,NaN,NaN,NaN,NaN,NaN,NaN,NaN,NaN,NaN,NaN,NaN,NaN,NaN,NaN,NaN,NaN,NaN,NaN,NaN,NaN,NaN,NaN,NaN,NaN,NaN,NaN,NaN,NaN,NaN,NaN,NaN,NaN,NaN,NaN,NaN,NaN,NaN,NaN,NaN,NaN
NaN,NaN,NaN,NaN,NaN,NaN,NaN,NaN,NaN,NaN,NaN,2.89034e-06,3.003149e-06,3.700507e-06,7.303192e-06,2.925365e-05,8.559791e-05,0.0001435351,0.0001859095,0.0002128208,0.0002267469,0.0002299346,0.0002245094,0.0002124929,0.0001955784,0.0001753594,0.0001531408,0.0001301393,0.0001073133,8.555858e-05,6.551879e-05,4.775673e-05,3.264403e-05,2.034284e-05,1.096886e-05,5.175342e-06,3.576687e-06,3.262812e-06,3.141016e-06,2.894815e-06,NaN,NaN,NaN,NaN,NaN,NaN,NaN,NaN,NaN,NaN,NaN,NaN,NaN,NaN,NaN,NaN,NaN,NaN,NaN,NaN,NaN,NaN,NaN,NaN,NaN,NaN,NaN,NaN,NaN,NaN,NaN,NaN,NaN,NaN,NaN,NaN,NaN,NaN,NaN,NaN,NaN,NaN,NaN,NaN,NaN,NaN,NaN,NaN,NaN,NaN,NaN,NaN,NaN,NaN,NaN,NaN,NaN,NaN,NaN,NaN
NaN,NaN,NaN,NaN,NaN,NaN,NaN,NaN,NaN,NaN,2.746079e-06,2.852312e-06,3.507744e-06,6.935321e-06,3.08977e-05,9.554673e-05,0.0001603902,0.0002078206,0.0002384963,0.0002549608,0.0002594155,0.0002542107,0.000241363,0.0002228025,0.0002001602,0.0001749817,0.0001485154,0.0001219727,9.630001e-05,7.244416e-05,5.111479e-05,3.304182e-05,1.86639e-05,8.471256e-06,2.580682e-06,9.110646e-07,2.159996e-06,3.060318e-06,3.062717e-06,2.985847e-06,2.690785e-06,NaN,NaN,NaN,NaN,NaN,NaN,NaN,NaN,NaN,NaN,NaN,NaN,NaN,NaN,NaN,NaN,NaN,NaN,NaN,NaN,NaN,NaN,NaN,NaN,NaN,NaN,NaN,NaN,NaN,NaN,NaN,NaN,NaN,NaN,NaN,NaN,NaN,NaN,NaN,NaN,NaN,NaN,NaN,NaN,NaN,NaN,NaN,NaN,NaN,NaN,NaN,NaN,NaN,NaN,NaN,NaN,NaN,NaN,NaN
NaN,NaN,NaN,NaN,NaN,NaN,NaN,NaN,NaN,2.569431e-06,2.659271e-06,3.292608e-06,6.442664e-06,3.170439e-05,0.0001040448,0.0001757488,0.0002282915,0.0002629783,0.0002820853,0.0002880439,0.0002831537,0.0002695956,0.000249328,0.0002241895,0.0001957276,0.0001653918,0.0001343987,0.0001039009,7.487224e-05,4.826214e-05,2.487349e-05,5.489811e-06,-9.212532e-06,-1.863644e-05,-2.234927e-05,-2.001981e-05,-1.188222e-05,-1.397608e-06,2.516902e-06,2.80895e-06,2.759605e-06,2.423987e-06,NaN,NaN,NaN,NaN,NaN,NaN,NaN,NaN,NaN,NaN,NaN,NaN,NaN,NaN,NaN,NaN,NaN,NaN,NaN,NaN,NaN,NaN,NaN,NaN,NaN,NaN,NaN,NaN,NaN,NaN,NaN,NaN,NaN,NaN,NaN,NaN,NaN,NaN,NaN,NaN,NaN,NaN,NaN,NaN,NaN,NaN,NaN,NaN,NaN,NaN,NaN,NaN,NaN,NaN,NaN,NaN,NaN,NaN
NaN,NaN,NaN,NaN,NaN,NaN,NaN,NaN,NaN,2.491247e-06,3.102853e-06,5.939592e-06,3.192893e-05,0.000111323,0.0001897862,0.0002476676,0.0002865423,0.0003086032,0.0003162948,0.0003120292,0.0002979625,0.0002762494,0.0002486947,0.0002170374,0.0001827033,0.0001470868,0.0001113002,7.649328e-05,4.358038e-05,1.357141e-05,-1.272483e-05,-3.436178e-05,-5.062012e-05,-6.061923e-05,-6.376222e-05,-5.937512e-05,-4.710066e-05,-2.702059e-05,-5.197655e-06,2.063693e-06,2.576818e-06,2.562849e-06,NaN,NaN,NaN,NaN,NaN,NaN,NaN,NaN,NaN,NaN,NaN,NaN,NaN,NaN,NaN,NaN,NaN,NaN,NaN,NaN,NaN,NaN,NaN,NaN,NaN,NaN,NaN,NaN,NaN,NaN,NaN,NaN,NaN,NaN,NaN,NaN,NaN,NaN,NaN,NaN,NaN,NaN,NaN,NaN,NaN,NaN,NaN,NaN,NaN,NaN,NaN,NaN,NaN,NaN,NaN,NaN,NaN,NaN
NaN,NaN,NaN,NaN,NaN,NaN,NaN,NaN,2.278616e-06,2.888622e-06,5.399786e-06,3.169133e-05,0.0001175004,0.0002026157,0.0002659261,0.000309296,0.0003345769,0.00034441,0.000341081,0.0003269376,0.0003040921,0.000274502,0.0002398882,0.0002018305,0.0001616731,0.0001206639,7.988962e-05,4.039179e-05,3.121356e-06,-3.096749e-05,-6.095877e-05,-8.591433e-05,-0.0001048881,-0.0001169464,-0.0001211647,-0.0001166768,-0.0001027128,-7.868591e-05,-4.458882e-05,-9.236818e-06,1.635249e-06,2.281212e-06,2.297853e-06,NaN,NaN,NaN,NaN,NaN,NaN,NaN,NaN,NaN,NaN,NaN,NaN,NaN,NaN,NaN,NaN,NaN,NaN,NaN,NaN,NaN,NaN,NaN,NaN,NaN,NaN,NaN,NaN,NaN,NaN,NaN,NaN,NaN,NaN,NaN,NaN,NaN,NaN,NaN,NaN,NaN,NaN,NaN,NaN,NaN,NaN,NaN,NaN,NaN,NaN,NaN,NaN,NaN,NaN,NaN,NaN,NaN
NaN,NaN,NaN,NaN,NaN,NaN,NaN,2.094596e-06,2.697305e-06,4.90005e-06,3.127924e-05,0.0001230804,0.0002146066,0.000283462,0.0003315077,0.0003604117,0.0003727473,0.0003708587,0.0003570709,0.0003336316,0.0003024523,0.0002654226,0.0002240456,0.0001798127,0.0001338835,8.746835e-05,4.149331e-05,-2.979328e-06,-4.512011e-05,-8.388777e-05,-0.0001184381,-0.0001476526,-0.0001706232,-0.0001861213,-0.0001931791,-0.0001905206,-0.000177234,-0.0001521263,-0.0001146531,-6.421798e-05,-1.315308e-05,1.146638e-06,1.992463e-06,2.064424e-06,NaN,NaN,NaN,NaN,NaN,NaN,NaN,NaN,NaN,NaN,NaN,NaN,NaN,NaN,NaN,NaN,NaN,NaN,NaN,NaN,NaN,NaN,NaN,NaN,NaN,NaN,NaN,NaN,NaN,NaN,NaN,NaN,NaN,NaN,NaN,NaN,NaN,NaN,NaN,NaN,NaN,NaN,NaN,NaN,NaN,NaN,NaN,NaN,NaN,NaN,NaN,NaN,NaN,NaN,NaN,NaN
NaN,NaN,NaN,NaN,NaN,NaN,1.864153e-06,2.47654e-06,4.413825e-06,3.068089e-05,0.0001281805,0.0002259918,0.0003003523,0.0003533151,0.0003861211,0.0004014468,0.0004014495,0.0003886232,0.000365119,0.000333019,0.0002941444,0.0002501298,0.000202394,0.0001522092,0.0001006738,4.880149e-05,-2.48191e-06,-5.227582e-05,-9.968822e-05,-0.0001437994,-0.0001836343,-0.0002181618,-0.0002462393,-0.0002666833,-0.0002781843,-0.0002794318,-0.0002690252,-0.0002456854,-0.0002080616,-0.0001552362,-8.658726e-05,-1.828872e-05,7.863405e-07,1.652104e-06,1.757915e-06,NaN,NaN,NaN,NaN,NaN,NaN,NaN,NaN,NaN,NaN,NaN,NaN,NaN,NaN,NaN,NaN,NaN,NaN,NaN,NaN,NaN,NaN,NaN,NaN,NaN,NaN,NaN,NaN,NaN,NaN,NaN,NaN,NaN,NaN,NaN,NaN,NaN,NaN,NaN,NaN,NaN,NaN,NaN,NaN,NaN,NaN,NaN,NaN,NaN,NaN,NaN,NaN,NaN,NaN,NaN
NaN,NaN,NaN,NaN,NaN,1.666492e-06,2.27623e-06,4.027471e-06,3.037479e-05,0.0001333397,0.0002372004,0.0003171406,0.0003751259,0.0004122027,0.0004308955,0.0004333775,0.0004220586,0.0003992014,0.0003668273,0.0003268964,0.000280953,0.0002305599,0.0001768585,0.0001210623,6.403004e-05,6.774136e-06,-4.999389e-05,-0.0001053142,-0.0001584784,-0.0002084436,-0.0002543856,-0.000295069,-0.0003294835,-0.0003561389,-0.0003738132,-0.0003807699,-0.0003756417,-0.0003565184,-0.0003221074,-0.000270419,-0.0002008461,-0.0001116066,-2.233193e-05,2.753e-07,1.290559e-06,1.489689e-06,NaN,NaN,NaN,NaN,NaN,NaN,NaN,NaN,NaN,NaN,NaN,NaN,NaN,NaN,NaN,NaN,NaN,NaN,NaN,NaN,NaN,NaN,NaN,NaN,NaN,NaN,NaN,NaN,NaN,NaN,NaN,NaN,NaN,NaN,NaN,NaN,NaN,NaN,NaN,NaN,NaN,NaN,NaN,NaN,NaN,NaN,NaN,NaN,NaN,NaN,NaN,NaN,NaN,NaN
NaN,NaN,NaN,NaN,1.422157e-06,2.039297e-06,3.679743e-06,3.040374e-05,0.0001387994,0.0002485341,0.0003339634,0.0003971886,0.0004387696,0.000461307,0.0004667376,0.0004576037,0.0004360273,0.0004041935,0.0003639503,0.0003169939,0.0002647747,0.0002085446,0.0001493865,8.824326e-05,2.595481e-05,-3.671078e-05,-9.899685e-05,-0.0001601606,-0.0002193865,-0.000275825,-0.000328481,-0.000376298,-0.0004180045,-0.0004522769,-0.0004775297,-0.0004921611,-0.000494292,-0.0004821323,-0.0004535967,-0.000406957,-0.0003400411,-0.0002516541,-0.0001397613,-2.871611e-05,-9.196665e-08,8.939338e-07,1.115476e-06,NaN,NaN,NaN,NaN,NaN,NaN,NaN,NaN,NaN,NaN,NaN,NaN,NaN,NaN,NaN,NaN,NaN,NaN,NaN,NaN,NaN,NaN,NaN,NaN,NaN,NaN,NaN,NaN,NaN,NaN,NaN,NaN,NaN,NaN,NaN,NaN,NaN,NaN,NaN,NaN,NaN,NaN,NaN,NaN,NaN,NaN,NaN,NaN,NaN,NaN,NaN,NaN,NaN
NaN,NaN,NaN,1.217566e-06,1.822502e-06,3.460282e-06,3.107333e-05,0.0001451504,0.0002605575,0.0003515133,0.0004200598,0.0004665039,0.0004932407,0.0005022115,0.0004958276,0.0004763115,0.0004457458,0.0004061116,0.0003589984,0.0003059887,0.0002481924,0.0001868156,0.0001226162,5.652672e-05,-1.089796e-05,-7.883822e-05,-0.0001468009,-0.0002139311,-0.0002796584,-0.000342961,-0.0004030764,-0.0004587045,-0.000508812,-0.00055174,-0.0005861367,-0.0006099525,-0.0006215333,-0.0006184554,-0.000598888,-0.0005601033,-0.0005004049,-0.0004167166,-0.0003083768,-0.0001715855,-3.340398e-05,-6.984151e-07,4.969113e-07,8.059215e-07,NaN,NaN,NaN,NaN,NaN,NaN,NaN,NaN,NaN,NaN,NaN,NaN,NaN,NaN,NaN,NaN,NaN,NaN,NaN,NaN,NaN,NaN,NaN,NaN,NaN,NaN,NaN,NaN,NaN,NaN,NaN,NaN,NaN,NaN,NaN,NaN,NaN,NaN,NaN,NaN,NaN,NaN,NaN,NaN,NaN,NaN,NaN,NaN,NaN,NaN,NaN,NaN
NaN,NaN,9.74585e-07,1.55732e-06,3.282131e-06,3.247609e-05,0.0001524484,0.000273561,0.0003700146,0.0004441188,0.0004956555,0.0005270772,0.0005400484,0.0005371073,0.0005203029,0.0004918752,0.0004536628,0.0004074134,0.0003545628,0.0002963562,0.0002338377,0.00016786,9.917107e-05,2.839192e-05,-4.388209e-05,-0.0001171196,-0.0001907213,-0.0002641051,-0.0003365338,-0.0004072538,-0.0004752754,-0.0005395763,-0.0005988149,-0.0006516322,-0.0006962708,-0.0007309986,-0.0007536159,-0.0007620472,-0.0007536709,-0.0007262062,-0.0006766695,-0.0006028972,-0.0005015283,-0.0003713206,-0.0002075979,-4.209447e-05,-1.627498e-06,4.529121e-08,3.612329e-07,NaN,NaN,NaN,NaN,NaN,NaN,NaN,NaN,NaN,NaN,NaN,NaN,NaN,NaN,NaN,NaN,NaN,NaN,NaN,NaN,NaN,NaN,NaN,NaN,NaN,NaN,NaN,NaN,NaN,NaN,NaN,NaN,NaN,NaN,NaN,NaN,NaN,NaN,NaN,NaN,NaN,NaN,NaN,NaN,NaN,NaN,NaN,NaN,NaN,NaN,NaN
NaN,7.776915e-07,1.303045e-06,3.313901e-06,3.469852e-05,0.0001611575,0.0002880352,0.0003901979,0.0004700417,0.0005270874,0.0005635775,0.0005811677,0.0005822451,0.0005689536,0.0005434141,0.0005075934,0.0004631189,0.0004115517,0.0003539975,0.0002916083,0.0002250613,0.0001551955,8.241709e-05,7.381373e-06,-6.962047e-05,-0.000147961,-0.0002273306,-0.0003069931,-0.0003864966,-0.0004648776,-0.0005414379,-0.000614884,-0.0006841932,-0.000747655,-0.0008038627,-0.0008506316,-0.0008861477,-0.000907723,-0.0009131788,-0.0008993358,-0.0008638062,-0.0008029539,-0.0007145649,-0.0005943765,-0.0004416252,-0.0002498454,-5.269301e-05,-2.827812e-06,-3.275266e-07,-4.718006e-08,NaN,NaN,NaN,NaN,NaN,NaN,NaN,NaN,NaN,NaN,NaN,NaN,NaN,NaN,NaN,NaN,NaN,NaN,NaN,NaN,NaN,NaN,NaN,NaN,NaN,NaN,NaN,NaN,NaN,NaN,NaN,NaN,NaN,NaN,NaN,NaN,NaN,NaN,NaN,NaN,NaN,NaN,NaN,NaN,NaN,NaN,NaN,NaN,NaN,NaN
6.227659e-07,9.942544e-07,3.588159e-06,3.874681e-05,0.0001712587,0.0003040896,0.0004121832,0.0004981761,0.0005610923,0.0006032297,0.0006259611,0.0006317996,0.0006227033,0.0006009546,0.0005683669,0.00052673,0.0004774474,0.0004217703,0.0003606717,0.000294946,0.0002252307,0.0001520111,7.571746e-05,-3.307874e-06,-8.469853e-05,-0.0001681205,-0.0002531288,-0.0003392747,-0.000425917,-0.000512388,-0.0005977489,-0.0006810263,-0.0007608895,-0.0008359923,-0.0009045377,-0.0009647541,-0.001014322,-0.001051029,-0.001071999,-0.001074628,-0.00105549,-0.001011755,-0.0009394594,-0.0008359858,-0.0006966459,-0.0005204682,-0.0002989157,-6.772063e-05,-4.833092e-06,-7.214556e-07,-6.429449e-07,NaN,NaN,NaN,NaN,NaN,NaN,NaN,NaN,NaN,NaN,NaN,NaN,NaN,NaN,NaN,NaN,NaN,NaN,NaN,NaN,NaN,NaN,NaN,NaN,NaN,NaN,NaN,NaN,NaN,NaN,NaN,NaN,NaN,NaN,NaN,NaN,NaN,NaN,NaN,NaN,NaN,NaN,NaN,NaN,NaN,NaN,NaN,NaN,NaN
5.437473e-07,4.376056e-06,4.570245e-05,0.000183876,0.0003222832,0.0004365722,0.0005290587,0.0005984509,0.0006467795,0.0006754064,0.000686686,0.0006826685,0.0006655218,0.0006371865,0.0005993425,0.000553516,0.0005008312,0.0004423608,0.0003787466,0.0003106984,0.0002385147,0.000162676,8.330302e-05,7.809812e-07,-8.479946e-05,-0.0001730072,-0.0002636644,-0.0003561761,-0.0004501721,-0.000544792,-0.0006393853,-0.0007327367,-0.0008238441,-0.000911054,-0.0009929501,-0.001067372,-0.001132443,-0.001185439,-0.001224007,-0.001244823,-0.001245112,-0.001220944,-0.001169303,-0.001085656,-0.0009672326,-0.0008085193,-0.0006084885,-0.0003566439,-9.063207e-05,-8.107721e-06,-9.047416e-07,-1.262497e-06,NaN,NaN,NaN,NaN,NaN,NaN,NaN,NaN,NaN,NaN,NaN,NaN,NaN,NaN,NaN,NaN,NaN,NaN,NaN,NaN,NaN,NaN,NaN,NaN,NaN,NaN,NaN,NaN,NaN,NaN,NaN,NaN,NaN,NaN,NaN,NaN,NaN,NaN,NaN,NaN,NaN,NaN,NaN,NaN,NaN,NaN,NaN,4.355655e-07
6.805814e-06,5.812419e-05,0.0001999339,0.0003430512,0.0004633531,0.000562706,0.0006390746,0.0006943786,0.000729626,0.0007472757,0.0007491705,0.0007376552,0.0007145082,0.0006816002,0.0006402939,0.000591889,0.0005372706,0.0004772306,0.0004122592,0.0003427751,0.0002690103,0.0001911708,0.000109367,2.374972e-05,-6.5561e-05,-0.0001583497,-0.0002543641,-0.0003532201,-0.0004544353,-0.0005573701,-0.0006612276,-0.0007650375,-0.000867607,-0.0009675728,-0.001063273,-0.00115289,-0.001234228,-0.001304972,-0.001362329,-0.00140347,-0.001424973,-0.001423538,-0.001395111,-0.001336108,-0.001241829,-0.001108897,-0.0009315237,-0.0007082771,-0.0004279171,-0.0001284435,-1.398091e-05,-9.985794e-07,-2.047102e-06,NaN,NaN,NaN,NaN,NaN,NaN,NaN,NaN,NaN,NaN,NaN,NaN,NaN,NaN,NaN,NaN,NaN,NaN,NaN,NaN,NaN,NaN,NaN,NaN,NaN,NaN,NaN,NaN,NaN,NaN,NaN,NaN,NaN,NaN,NaN,NaN,NaN,NaN,NaN,NaN,NaN,NaN,NaN,NaN,NaN,2.593807e-07,3.266528e-07
8.7303e-05,0.0002241669,0.0003673712,0.0004931308,0.0005990975,0.0006830876,0.0007460139,0.0007889167,0.0008138546,0.0008228113,0.0008179423,0.0008011956,0.0007743181,0.0007388305,0.0006959146,0.000646582,0.0005914872,0.0005312079,0.0004659984,0.0003961412,0.0003216458,0.0002426443,0.0001590592,7.09986e-05,-2.156919e-05,-0.0001184391,-0.0002194966,-0.0003243422,-0.0004326269,-0.0005436753,-0.0006568287,-0.0007710642,-0.0008853497,-0.0009982425,-0.001108275,-0.00121352,-0.001312014,-0.001401282,-0.001478812,-0.001541529,-0.001586343,-0.001609548,-0.001607513,-0.001575909,-0.001510732,-0.001407056,-0.001261031,-0.001066911,-0.0008229828,-0.0005193042,-0.0001919948,-2.386904e-05,-1.054584e-06,-2.646298e-06,NaN,NaN,NaN,NaN,NaN,NaN,NaN,NaN,NaN,NaN,NaN,NaN,NaN,NaN,NaN,NaN,NaN,NaN,NaN,NaN,NaN,NaN,NaN,NaN,NaN,NaN,NaN,NaN,NaN,NaN,NaN,NaN,NaN,NaN,NaN,NaN,NaN,NaN,NaN,NaN,NaN,NaN,NaN,1.43839e-07,-1.677111e-07,9.198065e-06
0.0002529883,0.0003967341,0.0005251303,0.0006374224,0.0007290485,0.0008004811,0.0008519248,0.0008854233,0.0009025913,0.0009057377,0.0008966111,0.0008771647,0.0008487673,0.0008128044,0.0007701285,0.0007215703,0.0006675176,0.0006083662,0.0005441713,0.0004750479,0.000400868,0.0003216215,0.0002371286,0.0001473968,5.230858e-05,-4.80059e-05,-0.0001535002,-0.0002638333,-0.0003787171,-0.0004975258,-0.0006196643,-0.0007441552,-0.0008700329,-0.0009959092,-0.001120387,-0.001241601,-0.001357667,-0.001466174,-0.001564695,-0.001650207,-0.001719695,-0.001769479,-0.001795946,-0.001794763,-0.001761774,-0.001692156,-0.001581383,-0.001424746,-0.001217659,-0.0009578478,-0.0006399488,-0.0002911053,-3.934084e-05,-1.845466e-06,-3.190359e-06,NaN,NaN,NaN,NaN,NaN,NaN,NaN,NaN,NaN,NaN,NaN,NaN,NaN,NaN,NaN,NaN,NaN,NaN,NaN,NaN,NaN,NaN,NaN,NaN,NaN,NaN,NaN,NaN,NaN,NaN,NaN,NaN,NaN,NaN,NaN,NaN,NaN,NaN,NaN,NaN,NaN,-1.537617e-07,-2.382366e-07,1.231936e-05,0.0001053264
0.0004236235,0.0005573983,0.0006754324,0.0007749955,0.0008554095,0.0009165769,0.0009598372,0.0009867739,0.0009993662,0.0009994981,0.0009889518,0.0009692889,0.0009417695,0.000907437,0.0008669877,0.0008209707,0.0007696139,0.0007130938,0.0006513177,0.0005842412,0.0005116039,0.0004332811,0.000348988,0.000258634,0.0001620277,5.921514e-05,-4.981626e-05,-0.0001648043,-0.0002855074,-0.0004113833,-0.0005418711,-0.0006760946,-0.0008131162,-0.0009516687,-0.001090376,-0.001227529,-0.001361244,-0.001489319,-0.001609284,-0.001718394,-0.001813514,-0.001891322,-0.001947951,-0.001979511,-0.001981403,-0.001949281,-0.001878027,-0.001763218,-0.001600004,-0.001384782,-0.001115368,-0.0007897512,-0.0004161426,-6.328469e-05,-4.469633e-06,-3.116462e-06,-3.371759e-06,NaN,NaN,NaN,NaN,NaN,NaN,NaN,NaN,NaN,NaN,NaN,NaN,NaN,NaN,NaN,NaN,NaN,NaN,NaN,NaN,NaN,NaN,NaN,NaN,NaN,NaN,NaN,NaN,NaN,NaN,NaN,NaN,NaN,NaN,NaN,NaN,NaN,-6.764188e-07,-4.434026e-07,3.420616e-08,1.72973e-05,0.0001328549,0.0002776377
0.0005829872,0.0007077852,0.0008156803,0.0009059001,0.000977764,0.001032277,0.001070538,0.001094408,0.001105549,0.001105799,0.001096634,0.001079436,0.001055208,0.001024768,0.0009886156,0.0009470674,0.0009002187,0.0008480177,0.0007903003,0.0007267968,0.000657231,0.0005812565,0.0004986075,0.0004089867,0.0003122402,0.0002082107,9.694367e-05,-2.150451e-05,-0.000146824,-0.0002786837,-0.0004164565,-0.0005594804,-0.0007067601,-0.000857252,-0.001009541,-0.001162141,-0.001313169,-0.001460624,-0.001602104,-0.001735013,-0.001856371,-0.001962908,-0.002051031,-0.00211673,-0.00215581,-0.002163563,-0.002135351,-0.002066101,-0.001951214,-0.001786267,-0.001567479,-0.00129216,-0.000956252,-0.0005454848,-0.0001122229,-1.313514e-05,-2.387379e-06,-4.083915e-06,NaN,NaN,NaN,NaN,NaN,NaN,NaN,NaN,NaN,NaN,NaN,NaN,NaN,NaN,NaN,NaN,NaN,NaN,NaN,NaN,NaN,NaN,NaN,NaN,NaN,NaN,NaN,NaN,NaN,NaN,NaN,NaN,NaN,NaN,NaN,-9.019179e-07,-8.433314e-07,1.268751e-06,2.580073e-05,0.0001517669,0.0002995251,0.0004451092
0.0007266109,0.0008434844,0.0009443376,0.001028078,0.001095262,0.001146649,0.001183712,0.001208,0.001221135,0.001224669,0.001219877,0.001207925,0.001189557,0.001165449,0.001135828,0.001100939,0.0010606,0.001014754,0.0009629518,0.0009049774,0.0008402572,0.0007685477,0.0006892774,0.0006022803,0.0005070911,0.0004037126,0.000291859,0.0001717724,4.340805e-05,-9.269624e-05,-0.0002362928,-0.0003865012,-0.0005427382,-0.0007037283,-0.000868506,-0.001035352,-0.001202861,-0.001368816,-0.001531309,-0.001687557,-0.001835074,-0.001970442,-0.002090526,-0.002191214,-0.002268694,-0.00231815,-0.002335216,-0.002314518,-0.00225163,-0.00214095,-0.001978945,-0.001759564,-0.001478731,-0.0011288,-0.0006930634,-0.0002363616,-3.386104e-05,-2.807575e-06,-4.020347e-06,NaN,NaN,NaN,NaN,NaN,NaN,NaN,NaN,NaN,NaN,NaN,NaN,NaN,NaN,NaN,NaN,NaN,NaN,NaN,NaN,NaN,NaN,NaN,NaN,NaN,NaN,NaN,NaN,NaN,NaN,NaN,NaN,NaN,-1.128486e-06,-9.987983e-07,3.683765e-06,4.376484e-05,0.0001616203,0.0003074885,0.0004538913,0.0005954233
0.0008476332,0.0009594667,0.00105589,0.001137137,0.001203268,0.001255596,0.001295173,0.001323621,0.001342196,0.001352323,0.001354994,0.001351188,0.001341442,0.001326246,0.001305678,0.001279813,0.001248363,0.001211116,0.001167545,0.001117296,0.001059731,0.0009944836,0.0009209145,0.0008387603,0.0007474715,0.0006469725,0.0005368794,0.0004173709,0.0002882851,0.0001501066,2.942007e-06,-0.0001523736,-0.0003154197,-0.000484976,-0.0006602579,-0.0008396163,-0.001021852,-0.001204837,-0.001386895,-0.001565356,-0.001737986,-0.001901512,-0.002053049,-0.002188666,-0.002304747,-0.002396712,-0.002460169,-0.002490097,-0.002481391,-0.002429152,-0.002327542,-0.002172299,-0.001956298,-0.0016744,-0.00132337,-0.0009039945,-0.0004709657,-7.340763e-05,-8.418873e-06,-2.724343e-06,-4.822456e-06,NaN,NaN,NaN,NaN,NaN,NaN,NaN,NaN,NaN,NaN,NaN,NaN,NaN,NaN,NaN,NaN,NaN,NaN,NaN,NaN,NaN,NaN,NaN,NaN,NaN,NaN,NaN,NaN,NaN,-1.541257e-06,-1.256756e-06,-1.041323e-06,5.87162e-06,6.574734e-05,0.0001664211,0.0002990999,0.000441994,0.0005855396,0.000722265
0.0009381033,0.001047371,0.001143255,0.001225483,0.001294695,0.001351729,0.001397748,0.001433969,0.001461554,0.001481594,0.001494945,0.001502314,0.001504133,0.001500652,0.001491904,0.001477728,0.001457855,0.001431816,0.00139917,0.001359259,0.001311602,0.001255466,0.001190448,0.001115832,0.001031393,0.0009365139,0.0008312172,0.0007150465,0.0005883312,0.0004508221,0.0003032036,0.0001454698,-2.130312e-05,-0.000196835,-0.000379621,-0.0005690549,-0.0007631572,-0.0009609493,-0.001159923,-0.001358664,-0.001554066,-0.0017442,-0.001925286,-0.002094794,-0.00224821,-0.002382314,-0.002491863,-0.00257292,-0.00261969,-0.002627557,-0.002590534,-0.002503345,-0.002359703,-0.002155402,-0.001884212,-0.001555069,-0.001162281,-0.0007020315,-0.0001946033,-3.211928e-05,-3.783743e-06,-3.122735e-06,-5.388176e-06,NaN,NaN,NaN,NaN,NaN,NaN,NaN,NaN,NaN,NaN,NaN,NaN,NaN,NaN,NaN,NaN,NaN,NaN,NaN,NaN,NaN,NaN,NaN,NaN,NaN,-1.884506e-06,-1.567184e-06,-1.359617e-06,-1.557594e-06,6.656491e-06,6.195022e-05,0.0001536848,0.0002711425,0.0004039649,0.0005448218,0.0006838889,0.0008162394
0.0009866703,0.001096648,0.001194939,0.001282005,0.001357745,0.001423323,0.001479263,0.001526867,0.001566784,0.001600089,0.001627254,0.001648935,0.0016653,0.001676535,0.001682506,0.001682967,0.001677561,0.001665702,0.001646923,0.00162041,0.001585705,0.00154187,0.001488568,0.001424834,0.001350539,0.00126477,0.001167683,0.001058473,0.0009376399,0.0008045272,0.0006600255,0.0005036643,0.0003367632,0.0001590635,-2.764602e-05,-0.0002233767,-0.0004258344,-0.0006347389,-0.0008472441,-0.001062723,-0.00127771,-0.001491158,-0.001698905,-0.001899402,-0.002087695,-0.002261665,-0.002415477,-0.002546433,-0.002647766,-0.002716344,-0.002744477,-0.00272875,-0.002661154,-0.002537749,-0.00235439,-0.002107023,-0.001799667,-0.001422093,-0.0009675011,-0.0005248067,-9.306717e-05,-1.757841e-05,-2.718641e-06,-3.347922e-06,-5.581773e-06,NaN,NaN,NaN,NaN,NaN,NaN,NaN,NaN,NaN,NaN,NaN,NaN,NaN,NaN,NaN,NaN,NaN,NaN,NaN,NaN,NaN,-2.302361e-06,-1.803611e-06,-1.417185e-06,-3.133315e-06,-6.594707e-06,-7.657975e-06,2.884783e-05,0.0001062655,0.0002096332,0.0003313538,0.0004644708,0.0006014267,0.0007368574,0.0008663287
0.0009816538,0.001094584,0.00119845,0.001293106,0.001378692,0.001455787,0.001524917,0.001586913,0.001642318,0.001691869,0.001735894,0.001774849,0.001808741,0.001837675,0.001861333,0.001879489,0.001891565,0.001897079,0.001895284,0.001885547,0.001867055,0.001839124,0.001800978,0.001751969,0.001691451,0.00161889,0.001533836,0.001435929,0.001324969,0.001200822,0.001063576,0.0009133569,0.0007505731,0.0005756458,0.0003893296,0.0001923728,-1.408988e-05,-0.0002289491,-0.0004506492,-0.0006776715,-0.0009079817,-0.001139583,-0.001369889,-0.001596341,-0.001815719,-0.002024797,-0.002219643,-0.002396253,-0.002549971,-0.002675946,-0.002768867,-0.002823147,-0.0028328,-0.00279289,-0.002696711,-0.00254348,-0.0023264,-0.002043642,-0.001705108,-0.00130272,-0.0008486729,-0.0003687357,-6.409442e-05,-1.532507e-05,-1.905385e-06,-2.316879e-06,-5.098499e-06,NaN,NaN,NaN,NaN,NaN,NaN,NaN,NaN,NaN,NaN,NaN,NaN,NaN,NaN,NaN,NaN,NaN,-2.613062e-06,-1.671239e-06,-1.346711e-06,-4.041679e-06,-1.122405e-05,-4.238064e-05,-6.029395e-05,-3.767623e-05,2.021303e-05,0.0001066163,0.0002143673,0.0003364446,0.0004664239,0.0006001411,0.0007324351,0.0008604972
0.0009109525,0.001028682,0.001139849,0.001244262,0.001341751,0.001432657,0.001517231,0.00159599,0.00166927,0.001737514,0.00180091,0.001859675,0.001913733,0.001963016,0.002007152,0.002045805,0.002078341,0.002104218,0.002122616,0.002132874,0.002134076,0.002125534,0.002106325,0.00207583,0.002033194,0.00197794,0.001909356,0.001827168,0.001730854,0.001620393,0.001495493,0.001356423,0.001203151,0.001036261,0.0008560122,0.0006633296,0.0004587851,0.0002436812,1.893024e-05,-0.0002137469,-0.0004530495,-0.0006967774,-0.0009431798,-0.001189501,-0.001433453,-0.001671635,-0.001901108,-0.002117728,-0.002317796,-0.002496381,-0.00264896,-0.002769787,-0.00285391,-0.002894501,-0.002887958,-0.002826466,-0.002708877,-0.002530713,-0.002287978,-0.001991054,-0.001637926,-0.001215781,-0.0008041288,-0.0003389156,-6.550361e-05,-2.210779e-05,-3.581187e-06,-4.253498e-07,-2.598087e-06,-4.460235e-06,NaN,NaN,NaN,NaN,NaN,NaN,NaN,NaN,NaN,NaN,NaN,-2.93446e-06,-1.959656e-06,-9.485144e-07,-1.814833e-06,-7.209634e-06,-1.781283e-05,-7.011819e-05,-0.000135671,-0.0001589579,-0.0001501443,-0.000109616,-4.16831e-05,4.833564e-05,0.0001551121,0.0002737594,0.0004000904,0.0005297719,0.0006598918,0.0007876029
0.0007667511,0.0008898575,0.001008958,0.001123899,0.001234087,0.00133982,0.001440845,0.001537637,0.001630053,0.001718514,0.001802814,0.001883169,0.001959212,0.00203088,0.002097611,0.002159058,0.002214488,0.002263311,0.00230468,0.002337832,0.002361884,0.002375981,0.002379287,0.00237093,0.002350204,0.002316292,0.002268679,0.002206666,0.002129982,0.002038091,0.001931009,0.001808396,0.001670584,0.001517459,0.00134969,0.001167414,0.000971659,0.0007628331,0.0005423525,0.0003109235,7.038959e-05,-0.0001781966,-0.00043251,-0.0006910876,-0.0009510517,-0.001210433,-0.001465707,-0.001714272,-0.001951861,-0.002175112,-0.002378941,-0.002559223,-0.00270986,-0.00282664,-0.002902112,-0.002933349,-0.002912694,-0.002837064,-0.002705732,-0.002514025,-0.002262129,-0.001966395,-0.001623138,-0.001218694,-0.0008515767,-0.0004723415,-0.0001144298,-3.740588e-05,-1.850412e-05,-3.470631e-06,-7.538487e-08,2.541299e-07,-3.866737e-07,-1.157288e-06,-1.913048e-06,-2.087679e-06,-1.939512e-06,-1.358657e-06,-7.403909e-07,-2.414608e-07,-3.86459e-07,-2.043927e-06,-8.165352e-06,-1.615829e-05,-4.02465e-05,-0.0001383978,-0.0002269818,-0.000277668,-0.0003105653,-0.0003124334,-0.000286669,-0.0002369356,-0.0001663615,-7.774375e-05,2.489915e-05,0.0001386747,0.0002595205,0.0003854414,0.000513032,0.0006408822
0.0005473095,0.0006748588,0.0008011696,0.0009257108,0.001047983,0.001167763,0.001284865,0.001399201,0.001510705,0.00161927,0.001724796,0.001827042,0.001925773,0.002020552,0.002110966,0.002196365,0.002276167,0.002349537,0.002415762,0.002473876,0.002523101,0.002562405,0.002591017,0.002607915,0.002612397,0.002603519,0.002580718,0.002543182,0.002490537,0.002422151,0.002337878,0.002237301,0.002120537,0.001987404,0.001838308,0.001673319,0.001493151,0.00129815,0.00108935,0.0008673944,0.0006336709,0.0003891519,0.0001356203,-0.0001255736,-0.0003921842,-0.0006624194,-0.0009334654,-0.001202991,-0.001467483,-0.001723978,-0.001968132,-0.002196212,-0.002403168,-0.002584112,-0.002734021,-0.002846812,-0.002917713,-0.002942496,-0.00291404,-0.002833819,-0.002699419,-0.002507652,-0.002267148,-0.001991977,-0.001686805,-0.001338366,-0.0009906875,-0.0007318538,-0.0004125756,-0.000129488,-4.99811e-05,-3.424463e-05,-2.67138e-05,-1.996711e-05,-1.441165e-05,-1.185935e-05,-1.215022e-05,-1.491123e-05,-1.897825e-05,-2.356904e-05,-3.195238e-05,-6.532374e-05,-0.0001735902,-0.000294449,-0.0003654268,-0.0004319729,-0.0004885463,-0.0005178702,-0.0005247921,-0.000511605,-0.0004782935,-0.0004258569,-0.0003565382,-0.0002722116,-0.0001754191,-6.834385e-05,4.676226e-05,0.0001676295,0.000292445,0.0004194877
0.0002600898,0.0003901045,0.0005214323,0.0006533202,0.000785294,0.0009168772,0.001047758,0.001177616,0.001306195,0.00143321,0.001558357,0.001681285,0.001801571,0.001918732,0.002032191,0.002141312,0.002245357,0.002343554,0.002435035,0.002518926,0.002594278,0.002660174,0.002715642,0.002759783,0.002791664,0.002810465,0.002815353,0.002805638,0.002780634,0.002739833,0.002682735,0.002609046,0.002518482,0.002410992,0.002286526,0.002145298,0.00198751,0.00181365,0.001624188,0.0014199,0.001201545,0.0009702108,0.0007269746,0.0004732743,0.0002105455,-5.935994e-05,-0.0003345794,-0.0006127452,-0.0008914752,-0.00116776,-0.001438575,-0.001700204,-0.001948692,-0.002179897,-0.002388516,-0.002570408,-0.002719649,-0.002830884,-0.002901298,-0.002924228,-0.002897073,-0.002822454,-0.002697964,-0.00252353,-0.002312056,-0.002074578,-0.001820861,-0.001560381,-0.001271374,-0.000992848,-0.0008104083,-0.0006952909,-0.0005820498,-0.0004516002,-0.0003426989,-0.0002881694,-0.0002884354,-0.000334161,-0.0004030298,-0.0004612122,-0.0004981749,-0.000534641,-0.0005960052,-0.0006676997,-0.0007209696,-0.000756342,-0.0007794551,-0.0007889429,-0.0007829884,-0.0007610381,-0.0007235878,-0.0006714396,-0.000605383,-0.0005267194,-0.0004366708,-0.0003367618,-0.0002285423,-0.000113368,7.274402e-06,0.0001321302
-7.898002e-05,5.07784e-05,0.0001838813,0.0003197172,0.0004577066,0.0005973467,0.0007381882,0.0008797903,0.001021759,0.001163651,0.001305052,0.001445455,0.001584362,0.00172116,0.001855232,0.00198584,0.002112243,0.002233581,0.002349006,0.002457568,0.00255835,0.00265035,0.002732635,0.002804204,0.002864154,0.002911543,0.002945555,0.002965352,0.002970251,0.002959565,0.002932778,0.002889391,0.002829092,0.002751585,0.00265679,0.002544634,0.002415277,0.002268887,0.002105874,0.001926654,0.001731901,0.001522296,0.001298794,0.001062362,0.0008142711,0.0005558096,0.0002886246,1.439529e-05,-0.0002647629,-0.0005466929,-0.0008287067,-0.001107993,-0.001381324,-0.001644834,-0.001895028,-0.002126822,-0.002336163,-0.002518504,-0.002667516,-0.002780662,-0.002853944,-0.002881716,-0.002864777,-0.002806252,-0.002705142,-0.002563679,-0.002392198,-0.002205209,-0.002007286,-0.00180409,-0.001617139,-0.001461977,-0.001325477,-0.001193651,-0.001076121,-0.0009908517,-0.0009454918,-0.0009376718,-0.0009560565,-0.0009824043,-0.001004364,-0.001022449,-0.001041967,-0.00106422,-0.001084306,-0.001097703,-0.001102205,-0.001096409,-0.001079644,-0.001051691,-0.001012179,-0.0009610922,-0.0008987698,-0.000825664,-0.0007424788,-0.0006500073,-0.000549024,-0.0004405693,-0.000325461,-0.0002046499
-0.0004459448,-0.0003194984,-0.0001881157,-5.234358e-05,8.730693e-05,0.0002303483,0.0003762822,0.0005246511,0.0006749472,0.0008267006,0.000979359,0.001132397,0.001285184,0.001437106,0.001587433,0.001735447,0.001880314,0.002021213,0.002157219,0.002287434,0.002410864,0.00252657,0.00263353,0.002730803,0.002817387,0.002892386,0.002954863,0.003004009,0.003038995,0.003059145,0.003063775,0.003052371,0.003024421,0.002979609,0.002917614,0.00283833,0.002741645,0.002627676,0.002496531,0.002348555,0.00218408,0.002003691,0.001807957,0.001597712,0.00137378,0.001137274,0.0008893025,0.0006313131,0.000364755,9.149032e-05,-0.0001865883,-0.0004671591,-0.0007476265,-0.001025332,-0.001296608,-0.001558481,-0.001806609,-0.002036547,-0.002245215,-0.002426719,-0.002576897,-0.002694153,-0.002774056,-0.002812976,-0.002813349,-0.002778532,-0.002710483,-0.002611674,-0.002488216,-0.002349366,-0.002208229,-0.002074631,-0.001952794,-0.001841431,-0.00173953,-0.001650765,-0.001580285,-0.001530552,-0.001500054,-0.001483711,-0.001475077,-0.001469714,-0.001466444,-0.001464184,-0.001460694,-0.001453701,-0.001441846,-0.001424056,-0.001399179,-0.001366243,-0.001324814,-0.001274589,-0.001215392,-0.001147271,-0.001070358,-0.0009849158,-0.0008914093,-0.0007901941,-0.000681863,-0.0005669241
-0.0008136609,-0.0006932481,-0.0005669568,-0.0004351658,-0.0002982716,-0.0001567081,-1.089074e-05,0.0001386983,0.0002916081,0.0004473,0.0006052656,0.0007648933,0.000925596,0.001086675,0.001247451,0.001407132,0.001564944,0.001720006,0.001871462,0.002018357,0.002159777,0.002294719,0.002422244,0.002541338,0.002651072,0.002750461,0.002838626,0.002914651,0.002977748,0.003027103,0.003062053,0.003081924,0.003086208,0.003074387,0.003046136,0.003001115,0.00293919,0.002860215,0.002764257,0.002651367,0.002521818,0.002375864,0.00221399,0.002036656,0.001844569,0.001638408,0.001419122,0.001187639,0.0009451979,0.0006930229,0.000432691,0.0001658594,-0.0001055927,-0.0003792587,-0.0006530526,-0.0009236935,-0.00118842,-0.001444111,-0.001686046,-0.001911584,-0.002116878,-0.002296522,-0.002448222,-0.002570677,-0.002660146,-0.002714673,-0.002736085,-0.002728618,-0.00269554,-0.002639927,-0.002566287,-0.002482571,-0.002395373,-0.002308677,-0.002225367,-0.002148042,-0.002079212,-0.002020859,-0.001973552,-0.001936109,-0.001906171,-0.001881229,-0.001859071,-0.001838478,-0.001818456,-0.001797665,-0.00177447,-0.001747544,-0.001715976,-0.001679082,-0.001636108,-0.001586516,-0.001529924,-0.00146604,-0.001394719,-0.001315941,-0.001229667,-0.001136111,-0.001035402,-0.0009278213
-0.001153589,-0.001041471,-0.0009230769,-0.0007986359,-0.0006684296,-0.0005327449,-0.0003919513,-0.0002464013,-9.654681e-05,5.71854e-05,0.0002142587,0.0003741619,0.0005362686,0.0006999756,0.0008645637,0.001029336,0.001193485,0.001356228,0.001516677,0.00167398,0.001827187,0.001975405,0.002117646,0.002253001,0.002380484,0.0024992,0.002608198,0.002706634,0.002793625,0.002868415,0.002930219,0.002978397,0.00301229,0.003031405,0.003035225,0.003023423,0.002995643,0.002951731,0.002891507,0.002814995,0.002722191,0.002613303,0.002488507,0.002348194,0.002192721,0.002022671,0.001838587,0.001641262,0.001431447,0.001210171,0.0009784561,0.000737567,0.0004889795,0.0002341025,-2.488994e-05,-0.0002863414,-0.0005476701,-0.000806004,-0.001059375,-0.001303731,-0.001535711,-0.001753255,-0.001952224,-0.002128347,-0.002280362,-0.002407221,-0.002506996,-0.002578098,-0.002621654,-0.002640693,-0.002639281,-0.002620792,-0.002589411,-0.002549319,-0.002503667,-0.002455051,-0.002405934,-0.002358464,-0.002314306,-0.002274381,-0.002238731,-0.002206634,-0.002177211,-0.002149256,-0.002121594,-0.002093257,-0.002063554,-0.002031709,-0.001996852,-0.001958124,-0.001914939,-0.001866728,-0.001813002,-0.001753379,-0.00168754,-0.001615212,-0.001536311,-0.001450665,-0.001358309,-0.001259251
-0.001440197,-0.001338215,-0.001229997,-0.001115652,-0.0009953121,-0.0008691943,-0.0007375096,-0.0006005743,-0.000458686,-0.0003122578,-0.0001616804,-7.463635e-06,0.0001499048,0.000309818,0.0004716912,0.000634824,0.0007985402,0.0009620542,0.00112461,0.00128535,0.001443458,0.001598024,0.001748195,0.001893034,0.002031679,0.002163196,0.002286743,0.002401419,0.002506434,0.00260095,0.002684257,0.00275561,0.002814406,0.00286001,0.002891955,0.002909734,0.002913025,0.00290147,0.0028749,0.00283311,0.002776091,0.002703794,0.002616369,0.002513923,0.002396765,0.002265156,0.002119568,0.001960423,0.001788363,0.001603989,0.001408121,0.001201622,0.0009854253,0.0007608628,0.000528933,0.0002914651,4.995774e-05,-0.0001939537,-0.0004373751,-0.0006787235,-0.0009155443,-0.001144062,-0.001362081,-0.001567748,-0.001757313,-0.001927644,-0.002077377,-0.002206278,-0.002313597,-0.002398777,-0.002462036,-0.002505511,-0.00253172,-0.002543363,-0.002543419,-0.002534681,-0.002519482,-0.002499838,-0.002477365,-0.002453291,-0.002428433,-0.00240329,-0.002377867,-0.002352138,-0.002325913,-0.002298794,-0.002270101,-0.002239219,-0.002205642,-0.002168943,-0.002128552,-0.002084004,-0.002034866,-0.001980743,-0.001921289,-0.001856256,-0.001785329,-0.001708398,-0.00162527,-0.001535885
-0.001651509,-0.001561326,-0.001465178,-0.001363079,-0.001255109,-0.00114135,-0.001021981,-0.0008971632,-0.0007671734,-0.0006322641,-0.0004928088,-0.0003491566,-0.0002017785,-5.112232e-05,0.0001022455,0.0002577821,0.0004148311,0.0005727628,0.0007308409,0.0008883634,0.001044527,0.001198579,0.001349668,0.00149701,0.001639733,0.001777045,0.001908082,0.002032069,0.002148173,0.00225567,0.002353785,0.002441864,0.002519214,0.002585281,0.002639469,0.002681343,0.002710423,0.0027264,0.002728924,0.002717825,0.002692883,0.002654067,0.002601295,0.002534673,0.002454252,0.002360274,0.002252921,0.002132569,0.001999534,0.001854325,0.001697424,0.001529437,0.001351129,0.001163117,0.0009665688,0.0007622258,0.0005513896,0.0003356442,0.0001158293,-0.0001057482,-0.0003271116,-0.0005470841,-0.0007630099,-0.0009718112,-0.001172,-0.001361893,-0.00153895,-0.001700489,-0.001845183,-0.001972625,-0.00208299,-0.002176145,-0.002252676,-0.002313767,-0.002360808,-0.002395382,-0.002419287,-0.002434267,-0.002441991,-0.00244391,-0.002441232,-0.002434798,-0.002425297,-0.002412994,-0.002397956,-0.002380169,-0.002359699,-0.00233644,-0.002310136,-0.002280419,-0.002247051,-0.002209716,-0.002168114,-0.002121957,-0.002070981,-0.002014889,-0.001953531,-0.001886636,-0.001814093,-0.001735746
-0.001772888,-0.001696073,-0.001613627,-0.001525545,-0.001431828,-0.001332553,-0.001227782,-0.001117675,-0.001002368,-0.0008821081,-0.0007571155,-0.0006277278,-0.000494255,-0.0003571254,-0.0002167409,-7.361809e-05,7.175341e-05,0.0002187745,0.0003668768,0.0005153882,0.0006636769,0.0008110103,0.0009567112,0.001100008,0.001240194,0.00137648,0.001508157,0.00163444,0.00175464,0.001868001,0.001973874,0.002071557,0.002160469,0.002239975,0.002309584,0.002368747,0.002417074,0.00245412,0.002479606,0.002493198,0.002494736,0.002484003,0.002460956,0.002425493,0.002377689,0.002317556,0.002245282,0.00216099,0.002064972,0.001957471,0.001838867,0.00170957,0.001569974,0.001420779,0.001262358,0.001095649,0.0009213544,0.0007401294,0.0005535706,0.0003623207,0.0001675617,-2.855599e-05,-0.0002248143,-0.000420174,-0.0006121811,-0.0007985386,-0.0009777646,-0.00114881,-0.001310019,-0.001459656,-0.001596253,-0.001719388,-0.001828883,-0.001924841,-0.002007789,-0.002078549,-0.00213801,-0.002187192,-0.002227098,-0.002258739,-0.00228304,-0.002300906,-0.002313013,-0.002320051,-0.002322554,-0.002320883,-0.002315103,-0.002305259,-0.002291383,-0.00227352,-0.002251527,-0.002225294,-0.002194674,-0.002159505,-0.00211961,-0.002074874,-0.002025064,-0.001970106,-0.00190982,-0.001844114
-0.001797602,-0.001735437,-0.001667957,-0.001595135,-0.001517,-0.001433557,-0.001344896,-0.001251074,-0.001152249,-0.001048543,-0.0009401857,-0.0008273738,-0.0007104162,-0.0005895884,-0.0004652786,-0.0003378433,-0.0002077485,-7.542749e-05,5.858107e-05,0.0001937761,0.0003295543,0.000465361,0.0006005408,0.0007344984,0.0008665475,0.0009960694,0.001122363,0.001244807,0.001362706,0.001475458,0.001582396,0.001682954,0.001776507,0.001862555,0.00194053,0.002010008,0.0020705,0.002121669,0.002163113,0.002194592,0.0022158,0.002226597,0.002226779,0.002216303,0.002195065,0.002163121,0.002120461,0.00206723,0.002003513,0.001929534,0.00184549,0.001751636,0.001648357,0.00153586,0.001414763,0.001285331,0.001148148,0.001004047,0.0008532042,0.0006968112,0.0005358425,0.0003706742,0.0002026565,3.352795e-05,-0.0001359683,-0.0003048468,-0.0004714357,-0.0006337612,-0.000790511,-0.0009406976,-0.001083512,-0.001217778,-0.001342657,-0.00145762,-0.001562343,-0.001656718,-0.001740967,-0.001815463,-0.001880768,-0.001937482,-0.001986264,-0.002027679,-0.002062351,-0.002090706,-0.002113117,-0.002129904,-0.002141476,-0.002148096,-0.002149916,-0.002146955,-0.00213932,-0.002127005,-0.002109997,-0.002088253,-0.00206173,-0.002030306,-0.001993977,-0.001952595,-0.001906128,-0.001854481
-0.001730425,-0.001683509,-0.001631557,-0.001574577,-0.001512561,-0.001445565,-0.001373607,-0.001296791,-0.001215177,-0.001128927,-0.001038154,-0.0009430807,-0.0008438841,-0.0007408503,-0.000634226,-0.0005243635,-0.000411578,-0.0002962879,-0.0001788726,-5.981247e-05,6.045765e-05,0.0001814021,0.0003025416,0.0004233,0.0005431632,0.0006615287,0.0007778665,0.0008915639,0.001002091,0.001108841,0.001211302,0.001308891,0.001401134,0.001487485,0.001567524,0.001640758,0.001706833,0.001765322,0.001815947,0.001858358,0.001892359,0.001917681,0.001934211,0.001941766,0.001940318,0.001929764,0.001910154,0.001881471,0.001843831,0.001797302,0.001742043,0.001678244,0.001606037,0.001525801,0.001437626,0.00134199,0.00123921,0.001129458,0.001013619,0.0008918369,0.0007645685,0.0006329383,0.0004974397,0.0003583809,0.0002170603,7.470868e-05,-6.789256e-05,-0.0002101631,-0.0003509797,-0.0004890455,-0.0006230555,-0.0007522292,-0.0008757895,-0.0009930414,-0.00110346,-0.00120671,-0.001302506,-0.001390742,-0.001471377,-0.001544522,-0.001610336,-0.001669112,-0.001721089,-0.001766644,-0.001806117,-0.001839826,-0.001867908,-0.001890536,-0.001907879,-0.001920149,-0.001927395,-0.001929708,-0.001927128,-0.001919683,-0.001907358,-0.001890199,-0.001868113,-0.001841143,-0.001809215,-0.001772321
-0.00158613,-0.001553962,-0.001517068,-0.001475446,-0.001429135,-0.001378138,-0.001322533,-0.001262344,-0.00119769,-0.001128633,-0.001055336,-0.0009779086,-0.0008965629,-0.0008114631,-0.0007228748,-0.000631019,-0.0005362167,-0.0004387453,-0.0003389804,-0.0002372515,-0.0001339857,-2.955609e-05,7.556551e-05,0.0001809692,0.0002861529,0.0003906811,0.0004940312,0.000595756,0.0006953268,0.0007923002,0.0008861569,0.0009764702,0.001062741,0.001144581,0.001221523,0.001293226,0.001359269,0.00141937,0.001473165,0.001520435,0.001560885,0.001594362,0.001620642,0.001639643,0.001651211,0.001655334,0.001651927,0.001641039,0.001622656,0.001596872,0.00156376,0.001523413,0.001476044,0.001421686,0.00136069,0.001293128,0.00121925,0.001139531,0.001053876,0.0009629106,0.0008670973,0.0007664265,0.0006615105,0.0005532553,0.0004418473,0.0003276471,0.0002114781,9.441969e-05,-2.285171e-05,-0.0001397688,-0.0002558014,-0.0003700498,-0.000481735,-0.0005901553,-0.0006946734,-0.0007946938,-0.0008898128,-0.0009796845,-0.001064119,-0.001142965,-0.001216188,-0.001283735,-0.001345689,-0.001402049,-0.001452872,-0.001498217,-0.001538288,-0.001573218,-0.001603114,-0.001627995,-0.001647987,-0.001663132,-0.001673487,-0.001679082,-0.001679963,-0.001676092,-0.001667548,-0.001654263,-0.001636279,-0.001613567
-0.001389084,-0.001369936,-0.001346437,-0.001318611,-0.001286453,-0.001250018,-0.001209312,-0.001164422,-0.001115378,-0.001062302,-0.001005256,-0.0009444002,-0.0008798389,-0.0008117738,-0.0007403548,-0.0006658281,-0.000588391,-0.0005083355,-0.0004259045,-0.0003414351,-0.0002552105,-0.0001676103,-7.895197e-05,1.035242e-05,9.995562e-05,0.0001894218,0.0002783869,0.0003664016,0.0004530958,0.0005380178,0.0006208022,0.0007010088,0.0007782936,0.0008522324,0.0009225167,0.0009887526,0.001050673,0.001107927,0.001160298,0.001207483,0.001249322,0.00128557,0.001316122,0.001340794,0.001359538,0.001372231,0.001378879,0.001379421,0.001373907,0.001362341,0.001344791,0.00132136,0.001292076,0.001257175,0.00121665,0.001170763,0.001119689,0.001063412,0.001002476,0.0009368474,0.0008666759,0.0007925738,0.0007147056,0.0006330395,0.0005482331,0.0004608683,0.0003712264,0.0002794413,0.0001860549,9.173338e-05,-2.791305e-06,-9.710052e-05,-0.0001906905,-0.000283054,-0.0003736956,-0.0004621959,-0.0005480831,-0.0006309767,-0.0007104873,-0.0007863326,-0.0008582391,-0.0009260641,-0.0009896298,-0.001048907,-0.001103863,-0.001154509,-0.001200748,-0.001242559,-0.001279938,-0.001312966,-0.001341606,-0.001365892,-0.001385827,-0.001401425,-0.001412667,-0.001419608,-0.001422175,-0.00142043,-0.001414327,-0.001403882
-0.001166902,-0.001158015,-0.001145264,-0.001128636,-0.001108163,-0.001083833,-0.001055706,-0.001023786,-0.0009881614,-0.0009488594,-0.000906,-0.0008596418,-0.0008099382,-0.0007569844,-0.0007009698,-0.0006420287,-0.0005803881,-0.0005162216,-0.0004497942,-0.0003813159,-0.000311089,-0.0002393544,-0.0001664478,-9.263808e-05,-1.828392e-05,5.632529e-05,0.0001308128,0.0002048779,0.0002781357,0.0003502847,0.0004209428,0.0004898161,0.0005565318,0.0006208207,0.0006823262,0.0007408108,0.0007959471,0.0008475342,0.0008952834,0.0009390365,0.0009785492,0.00101371,0.001044325,0.00107033,0.001091581,0.001108064,0.001119686,0.001126472,0.001128385,0.001125476,0.001117779,0.001105329,0.001088272,0.001066589,0.001040509,0.001010057,0.0009753422,0.0009366907,0.0008939449,0.0008474769,0.0007975389,0.0007440148,0.0006871918,0.0006275793,0.0005651361,0.0004999414,0.0004323657,0.0003629587,0.0002919635,0.0002195761,0.0001459667,7.160388e-05,-3.112664e-06,-7.777873e-05,-0.0001520104,-0.0002253821,-0.0002975706,-0.0003682248,-0.0004370798,-0.0005038416,-0.0005682952,-0.0006301763,-0.0006893296,-0.0007455251,-0.0007985986,-0.0008483821,-0.0008948519,-0.0009379361,-0.0009775782,-0.001013655,-0.001046166,-0.001075047,-0.001100271,-0.001121796,-0.001139618,-0.001153656,-0.001163955,-0.001170429,-0.001173099,-0.001171925
-0.000946808,-0.0009449415,-0.0009397554,-0.0009312529,-0.0009194037,-0.0009042414,-0.0008857451,-0.0008639746,-0.0008389272,-0.0008106891,-0.0007792825,-0.0007448212,-0.0007073572,-0.0006670344,-0.0006239373,-0.000578241,-0.0005300635,-0.0004796124,-0.0004270378,-0.0003725793,-0.0003164156,-0.0002588173,-0.0001999873,-0.00014022,-7.974071e-05,-1.886187e-05,4.217804e-05,0.0001030554,0.0001635259,0.0002232618,0.0002820198,0.000339478,0.0003954072,0.0004494927,0.0005015297,0.0005512215,0.0005983912,0.0006427705,0.0006842152,0.0007224916,0.0007574934,0.0007890263,0.0008170227,0.0008413313,0.0008619253,0.0008786967,0.0008916555,0.0009007426,0.0009059946,0.0009074073,0.0009050207,0.0008989117,0.0008890797,0.0008757021,0.000858756,0.0008384127,0.0008148053,0.0007878668,0.0007579869,0.0007251034,0.0006892673,0.0006508614,0.00060995,0.0005664122,0.0005206262,0.0004728811,0.0004232528,0.0003716903,0.0003184422,0.000263814,0.0002081672,0.0001516259,9.440355e-05,3.671518e-05,-2.118904e-05,-7.910548e-05,-0.0001367437,-0.0001938657,-0.0002501765,-0.0003054483,-0.0003594129,-0.0004118929,-0.0004626493,-0.0005115563,-0.0005584605,-0.0006032571,-0.0006457379,-0.0006857734,-0.0007232383,-0.0007580966,-0.0007902106,-0.0008195242,-0.0008459531,-0.0008694412,-0.0008899001,-0.0009073295,-0.0009216085,-0.0009327541,-0.0009406838,-0.0009453823
-0.0007489455,-0.0007509604,-0.0007502389,-0.0007467386,-0.0007404677,-0.0007313857,-0.0007195267,-0.0007048632,-0.000687453,-0.0006672884,-0.0006444515,-0.0006189591,-0.0005909182,-0.0005603732,-0.0005274579,-0.0004922454,-0.0004548967,-0.0004155136,-0.0003742849,-0.0003313381,-0.0002868898,-0.0002410894,-0.0001941775,-0.0001463244,-9.778754e-05,-4.875205e-05,5.107609e-07,4.980681e-05,9.88578e-05,0.0001474684,0.0001953616,0.0002423463,0.0002881494,0.0003325981,0.0003754283,0.0004164892,0.0004555361,0.0004924431,0.000526992,0.0005590866,0.0005885396,0.0006152873,0.0006391781,0.0006601819,0.0006781843,0.0006931887,0.0007051207,0.0007140083,0.0007198232,0.0007226059,0.0007223886,0.0007191917,0.0007131366,0.0007042003,0.000692558,0.0006782363,0.0006612909,0.0006419876,0.0006201823,0.0005961386,0.0005700304,0.0005417514,0.0005114652,0.0004795122,0.000445803,0.0004103445,0.000373328,0.0003350688,0.0002956289,0.0002550502,0.0002133376,0.0001707258,0.0001273782,8.348037e-05,3.918838e-05,-5.283732e-06,-4.980199e-05,-9.417746e-05,-0.0001382836,-0.0001819349,-0.0002250022,-0.0002672842,-0.0003086603,-0.0003489226,-0.0003879165,-0.0004254568,-0.0004614794,-0.000495863,-0.0005285084,-0.0005592459,-0.000588022,-0.0006147163,-0.0006392522,-0.0006615357,-0.0006815193,-0.000699076,-0.0007142095,-0.0007267973,-0.000736824,-0.0007442181
-0.0005857113,-0.0005891042,-0.0005902817,-0.0005892288,-0.0005858938,-0.0005802897,-0.0005723723,-0.0005621776,-0.0005496758,-0.0005349243,-0.0005179129,-0.0004987207,-0.0004773606,-0.0004539339,-0.0004284784,-0.0004011188,-0.0003719177,-0.0003410236,-0.0003085228,-0.0002745876,-0.0002393245,-0.0002029291,-0.0001655253,-0.000127326,-8.84718e-05,-4.918903e-05,-9.627901e-06,2.997688e-05,6.947063e-05,0.0001086148,0.0001472547,0.0001851556,0.0002221734,0.000258076,0.0002927375,0.0003259374,0.0003575697,0.0003874334,0.0004154456,0.0004414298,0.0004653294,0.0004869965,0.0005064019,0.0005234291,0.0005380773,0.000550263,0.0005600099,0.0005672741,0.0005720948,0.0005744747,0.000574448,0.0005720874,0.0005673886,0.0005605014,0.000551413,0.0005402496,0.0005271382,0.0005120075,0.0004951701,0.000476579,0.0004562669,0.0004345086,0.0004113553,0.0003866947,0.0003607941,0.0003338263,0.0003058146,0.0002766753,0.0002465575,0.0002156204,0.0001840667,0.0001518985,0.0001191989,8.603267e-05,5.250865e-05,1.86853e-05,-1.529325e-05,-4.933402e-05,-8.327758e-05,-0.0001170239,-0.000150415,-0.0001833682,-0.0002157261,-0.0002474228,-0.0002783449,-0.0003084238,-0.0003374845,-0.0003654207,-0.0003921103,-0.0004175133,-0.0004414868,-0.0004639656,-0.0004848505,-0.0005040716,-0.00052152,-0.0005371776,-0.0005509058,-0.0005626998,-0.0005724596,-0.0005801506
-0.0004597703,-0.0004628718,-0.0004642185,-0.000463759,-0.0004614928,-0.0004573678,-0.0004514054,-0.0004435624,-0.0004338796,-0.0004223287,-0.0004089689,-0.0003937905,-0.0003768718,-0.0003582236,-0.0003379438,-0.0003160649,-0.0002927046,-0.0002679167,-0.000241839,-0.0002145442,-0.0001861907,-0.0001568663,-0.0001267477,-9.593787e-05,-6.462516e-05,-3.292353e-05,-1.031806e-06,3.092965e-05,6.275658e-05,9.432786e-05,0.0001254401,0.0001559749,0.0001857305,0.0002146033,0.0002423961,0.0002690217,0.0002942964,0.000318151,0.0003404205,0.0003610567,0.0003799173,0.0003969767,0.0004121195,0.0004253438,0.000436562,0.0004457954,0.0004529885,0.0004581773,0.0004613444,0.0004625303,0.0004617703,0.0004590815,0.000454574,0.0004482309,0.0004401956,0.000430506,0.0004191933,0.0004064916,0.000392284,0.0003767802,0.0003601197,0.0003422333,0.0003232357,0.0003033901,0.0002826173,0.0002609288,0.0002384544,0.0002154159,0.0001918193,0.0001676728,0.0001429416,0.0001177764,9.224898e-05,6.645836e-05,4.045951e-05,1.436437e-05,-1.179423e-05,-3.792494e-05,-6.399833e-05,-8.991992e-05,-0.0001156513,-0.0001410769,-0.0001661543,-0.000190752,-0.0002147895,-0.0002381402,-0.0002607841,-0.0002826356,-0.0003036342,-0.0003236427,-0.0003426306,-0.0003604947,-0.0003771744,-0.000392584,-0.0004066859,-0.0004193574,-0.0004306032,-0.0004403039,-0.0004484416,-0.0004549428
-0.0003680655,-0.0003700701,-0.0003706567,-0.0003698146,-0.0003674926,-0.0003637036,-0.0003583997,-0.0003516118,-0.0003433018,-0.0003335167,-0.0003222327,-0.0003095124,-0.0002953489,-0.0002798209,-0.0002629396,-0.0002448004,-0.0002254327,-0.0002049488,-0.0001833951,-0.0001609013,-0.0001375277,-0.0001134214,-8.865468e-05,-6.33866e-05,-3.770199e-05,-1.176952e-05,1.431966e-05,4.039074e-05,6.634972e-05,9.201878e-05,0.0001173039,0.0001420301,0.000166112,0.0001893749,0.000211748,0.0002330643,0.0002532675,0.0002722048,0.0002898366,0.0003060278,0.0003207579,0.0003339132,0.0003454919,0.0003554042,0.0003636684,0.0003702201,0.0003750936,0.0003782573,0.000379753,0.0003795893,0.0003777975,0.0003744472,0.0003695341,0.000363188,0.0003554064,0.0003462852,0.0003359491,0.0003243298,0.0003116901,0.0002979998,0.0002832919,0.0002677784,0.0002515155,0.0002344178,0.0002167032,0.000198493,0.0001798064,0.0001605752,0.0001409252,0.0001209646,0.0001008386,8.051794e-05,6.005053e-05,3.945172e-05,1.878457e-05,-1.944679e-06,-2.265007e-05,-4.3303e-05,-6.380978e-05,-8.413968e-05,-0.0001042015,-0.0001239772,-0.0001433739,-0.0001623831,-0.0001809418,-0.0001990338,-0.0002165392,-0.000233404,-0.0002495463,-0.0002649617,-0.000279543,-0.0002932577,-0.0003060332,-0.0003178265,-0.000328549,-0.0003382023,-0.0003466661,-0.0003539485,-0.0003599635,-0.0003646869
-0.0003027421,-0.000303463,-0.0003030367,-0.000301421,-0.0002986247,-0.0002946014,-0.0002893771,-0.0002829105,-0.0002752418,-0.0002663395,-0.0002562573,-0.0002449767,-0.0002325646,-0.0002190173,-0.0002044152,-0.0001887702,-0.0001721765,-0.0001546607,-0.0001363314,-0.0001172282,-9.747445e-05,-7.711974e-05,-5.630052e-05,-3.507708e-05,-1.359351e-05,8.082511e-06,2.979944e-05,5.148536e-05,7.298495e-05,9.422644e-05,0.0001150555,0.0001354028,0.0001551144,0.0001741332,0.0001923078,0.0002095938,0.0002258494,0.0002410435,0.0002550479,0.0002678469,0.0002793291,0.0002894948,0.000298253,0.0003056206,0.0003115282,0.0003160084,0.0003190175,0.0003205959,0.0003207324,0.0003194654,0.0003168302,0.0003128396,0.0003075929,0.0003010761,0.0002934065,0.0002846284,0.0002747541,0.0002639923,0.0002522454,0.0002396858,0.0002264291,0.0002124346,0.0001977905,0.0001827126,0.0001671369,0.0001510916,0.0001346818,0.0001180855,0.0001012925,8.431335e-05,6.711619e-05,4.98279e-05,3.249271e-05,1.518752e-05,-2.064244e-06,-1.918302e-05,-3.616922e-05,-5.296434e-05,-6.957466e-05,-8.594093e-05,-0.000102064,-0.0001178694,-0.0001333553,-0.0001484348,-0.0001630753,-0.000177193,-0.0001908041,-0.0002038573,-0.0002163311,-0.0002281266,-0.0002392464,-0.0002496184,-0.0002592131,-0.000267971,-0.0002758825,-0.000282849,-0.0002888968,-0.0002939287,-0.0002979451,-0.0003008898
-0.0002559738,-0.0002556391,-0.000254331,-0.0002520526,-0.0002487634,-0.0002444861,-0.0002391805,-0.000232883,-0.0002255592,-0.0002172574,-0.0002079526,-0.0001977042,-0.0001864987,-0.0001744067,-0.0001614275,-0.0001476427,-0.0001330645,-0.000117786,-0.0001018311,-8.530493e-05,-6.824045e-05,-5.075526e-05,-3.288996e-05,-1.477006e-05,3.555058e-06,2.195342e-05,4.037195e-05,5.86747e-05,7.680729e-05,9.463177e-05,0.0001120941,0.0001290587,0.0001454792,0.0001612191,0.0001762442,0.0001904231,0.0002037326,0.0002160517,0.0002273696,0.0002375785,0.0002466812,0.0002545861,0.0002613091,0.0002667768,0.0002710188,0.0002739817,0.0002757046,0.000276162,0.0002753942,0.0002734109,0.0002702378,0.0002659378,0.0002605037,0.000254046,0.0002465653,0.0002381317,0.0002288628,0.0002186891,0.0002078336,0.0001962728,0.0001840377,0.0001712943,0.0001580986,0.0001443842,0.0001303372,0.0001160457,0.0001015301,8.673949e-05,7.179401e-05,5.677936e-05,4.181659e-05,2.68709e-05,1.198539e-05,-2.837045e-06,-1.754191e-05,-3.213469e-05,-4.654425e-05,-6.076109e-05,-7.471197e-05,-8.839015e-05,-0.0001017282,-0.0001147328,-0.0001273375,-0.0001395586,-0.0001513547,-0.0001627363,-0.0001736145,-0.0001839673,-0.0001937387,-0.0002029499,-0.0002115207,-0.0002194459,-0.0002266772,-0.0002331981,-0.0002389421,-0.0002439337,-0.0002480758,-0.0002513957,-0.0002538276,-0.0002553659
-0.000219859,-0.0002188247,-0.000216973,-0.0002142731,-0.000210745,-0.0002063516,-0.0002011269,-0.0001950357,-0.0001881229,-0.0001803597,-0.0001718003,-0.000162425,-0.000152297,-0.0001414068,-0.0001298269,-0.0001175585,-0.0001046832,-9.121251e-05,-7.723776e-05,-6.277877e-05,-4.793748e-05,-3.273963e-05,-1.729628e-05,-1.640458e-06,1.411233e-05,2.992444e-05,4.56753e-05,6.132486e-05,7.675016e-05,9.191209e-05,0.0001066891,0.0001210442,0.0001348555,0.000148097,0.0001606474,0.0001724912,0.000183514,0.0001937098,0.0002029746,0.0002113135,0.0002186349,0.0002249551,0.0002301983,0.0002343921,0.0002374772,0.0002394914,0.0002403965,0.0002402323,0.0002389888,0.0002366988,0.0002333937,0.0002290795,0.0002238417,0.0002176648,0.0002106417,0.0002028154,0.0001941804,0.0001849205,0.0001749463,0.0001643991,0.0001533706,0.0001418349,0.0001298573,0.0001176164,0.000105054,9.220711e-05,7.916317e-05,6.606997e-05,5.290696e-05,3.968868e-05,2.63892e-05,1.312602e-05,-6.738905e-08,-1.311967e-05,-2.601755e-05,-3.869095e-05,-5.114929e-05,-6.334196e-05,-7.528442e-05,-8.692614e-05,-9.827916e-05,-0.0001092821,-0.0001199462,-0.0001302015,-0.0001400359,-0.0001493839,-0.0001582765,-0.0001666774,-0.0001745853,-0.0001819216,-0.000188708,-0.0001948908,-0.0002004603,-0.0002053746,-0.000209644,-0.0002131881,-0.0002160497,-0.0002181505,-0.0002195066,-0.0002200778
-0.0001894509,-0.0001881011,-0.0001860371,-0.0001832721,-0.0001797736,-0.0001755722,-0.0001706334,-0.000164999,-0.0001586378,-0.0001516002,-0.0001438615,-0.0001354796,-0.000126438,-0.000116802,-0.0001065639,-9.579639e-05,-8.450059e-05,-7.275697e-05,-6.057429e-05,-4.804134e-05,-3.517239e-05,-2.206509e-05,-8.738258e-06,4.705589e-06,1.824151e-05,3.176283e-05,4.524281e-05,5.857239e-05,7.172461e-05,8.458912e-05,9.713946e-05,0.0001092674,0.0001209533,0.000132087,0.0001426593,0.000152563,0.0001617972,0.0001702626,0.0001779671,0.0001848209,0.0001908418,0.000195952,0.0002001777,0.0002034554,0.0002058197,0.0002072229,0.0002077043,0.0002072395,0.0002058645,0.0002035856,0.0002004212,0.0001964251,0.0001915833,0.0001859871,0.0001796349,0.0001725728,0.0001649072,0.0001565626,0.0001477274,0.0001383766,0.0001285336,0.0001183259,0.0001078025,9.690386e-05,8.578911e-05,7.451824e-05,6.310698e-05,5.151161e-05,3.984545e-05,2.817692e-05,1.66093e-05,5.103381e-06,-6.300136e-06,-1.760483e-05,-2.87588e-05,-3.977113e-05,-5.057519e-05,-6.116798e-05,-7.148276e-05,-8.15213e-05,-9.122388e-05,-0.0001006051,-0.000109608,-0.0001182564,-0.0001265155,-0.000134405,-0.0001418493,-0.0001488409,-0.000155335,-0.0001613637,-0.0001668601,-0.0001718327,-0.0001762458,-0.0001800975,-0.0001833336,-0.0001859925,-0.0001879908,-0.0001893677,-0.000190071,-0.0001901072
-0.0001607823,-0.0001593889,-0.0001574035,-0.0001548012,-0.0001516083,-0.0001477921,-0.000143391,-0.0001383723,-0.0001327826,-0.0001265933,-0.0001198579,-0.0001125536,-0.0001047399,-9.640146e-05,-8.760355e-05,-7.833818e-05,-6.86767e-05,-5.861796e-05,-4.823974e-05,-3.754617e-05,-2.66224e-05,-1.547576e-05,-4.197706e-06,7.199553e-06,1.862229e-05,3.005558e-05,4.14022e-05,5.264603e-05,6.368828e-05,7.451416e-05,8.502634e-05,9.521181e-05,0.0001049721,0.0001143039,0.0001231079,0.0001313891,0.0001390528,0.0001461108,0.0001524759,0.0001581674,0.000163107,0.0001673215,0.0001707445,0.0001734094,0.0001752628,0.0001763437,0.0001766157,0.0001761154,0.0001748306,0.0001727872,0.0001700098,0.0001664963,0.0001623181,0.0001574538,0.0001519746,0.0001459174,0.000139259,0.0001321598,0.0001245301,0.0001164844,0.0001080909,9.932666e-05,9.023565e-05,8.096449e-05,7.145172e-05,6.17339e-05,5.18808e-05,4.201439e-05,3.210128e-05,2.21534e-05,1.214438e-05,2.181935e-06,-7.710659e-06,-1.746797e-05,-2.708493e-05,-3.649842e-05,-4.572383e-05,-5.471494e-05,-6.349178e-05,-7.200746e-05,-8.027866e-05,-8.824915e-05,-9.593546e-05,-0.0001032745,-0.0001102639,-0.000116846,-0.0001230575,-0.0001288674,-0.0001342836,-0.0001392375,-0.0001437592,-0.0001478038,-0.0001513714,-0.0001544288,-0.0001569964,-0.0001590037,-0.0001605019,-0.000161423,-0.0001617919,-0.0001615771
-0.0001326044,-0.0001313682,-0.0001296304,-0.0001274089,-0.0001246742,-0.00012146,-0.0001177333,-0.0001135368,-0.0001088389,-0.0001036887,-9.805866e-05,-9.200282e-05,-8.549916e-05,-7.86064e-05,-7.130853e-05,-6.366889e-05,-5.567732e-05,-4.740202e-05,-3.883772e-05,-3.005821e-05,-2.106113e-05,-1.192662e-05,-2.654681e-06,6.671802e-06,1.60485e-05,2.53899e-05,3.46911e-05,4.386515e-05,5.290746e-05,6.173005e-05,7.032871e-05,7.861699e-05,8.659671e-05,9.417835e-05,0.0001013722,0.0001080901,0.0001143484,0.000120064,0.0001252591,0.0001298574,0.0001338874,0.0001372811,0.0001400717,0.0001422019,0.0001437092,0.0001445483,0.0001447572,0.0001443102,0.000143238,0.000141542,0.0001392324,0.000136353,0.0001328819,0.0001288929,0.0001243782,0.0001193633,0.0001139413,0.0001080275,0.0001017816,9.517078e-05,8.820781e-05,8.098826e-05,7.354959e-05,6.583014e-05,5.796518e-05,4.998945e-05,4.190877e-05,3.367757e-05,2.539871e-05,1.712356e-05,8.93826e-06,7.952777e-07,-7.271127e-06,-1.527314e-05,-2.316449e-05,-3.095998e-05,-3.859869e-05,-4.608415e-05,-5.33556e-05,-6.042154e-05,-6.722807e-05,-7.379537e-05,-8.00724e-05,-8.608781e-05,-9.18099e-05,-9.726357e-05,-0.0001023807,-0.0001071617,-0.0001115675,-0.0001156359,-0.0001193069,-0.0001225962,-0.0001254747,-0.0001279483,-0.0001299693,-0.0001315828,-0.0001327135,-0.0001334062,-0.0001336159,-0.0001333553
-0.0001037096,-0.0001027116,-0.0001013338,-9.955381e-05,-9.739983e-05,-9.484029e-05,-9.191363e-05,-8.858645e-05,-8.490368e-05,-8.083368e-05,-7.64259e-05,-7.165247e-05,-6.656643e-05,-6.114456e-05,-5.544326e-05,-4.944408e-05,-4.320684e-05,-3.67174e-05,-3.003952e-05,-2.31619e-05,-1.615334e-05,-9.003626e-06,-1.78584e-06,5.507094e-06,1.280135e-05,2.010259e-05,2.733451e-05,3.450225e-05,4.152836e-05,4.841935e-05,5.509897e-05,6.157493e-05,6.776894e-05,7.369692e-05,7.927845e-05,8.453559e-05,8.939041e-05,9.386928e-05,9.789885e-05,0.0001015101,0.0001046355,0.0001073099,0.0001094742,0.0001111665,0.0001123367,0.0001130244,0.0001131936,0.0001128774,0.0001120602,0.0001107614,0.0001089982,0.0001067597,0.000104105,0.0001010049,9.751231e-05,9.365514e-05,8.939413e-05,8.486913e-05,7.998439e-05,7.483137e-05,6.94573e-05,6.383494e-05,5.798852e-05,5.203785e-05,4.591253e-05,3.964232e-05,3.327943e-05,2.692326e-05,2.052585e-05,1.409118e-05,7.586449e-06,1.107579e-06,-5.334086e-06,-1.168205e-05,-1.794135e-05,-2.40578e-05,-3.005485e-05,-3.58929e-05,-4.159845e-05,-4.712994e-05,-5.250978e-05,-5.768752e-05,-6.268495e-05,-6.744534e-05,-7.197378e-05,-7.621881e-05,-8.022191e-05,-8.395629e-05,-8.743606e-05,-9.059931e-05,-9.348197e-05,-9.604467e-05,-9.829393e-05,-0.0001002017,-0.0001017949,-0.0001030083,-0.0001038985,-0.0001044033,-0.0001045521,-0.0001043182
-7.455615e-05,-7.384954e-05,-7.285679e-05,-7.159777e-05,-7.004377e-05,-6.822847e-05,-6.611812e-05,-6.375368e-05,-6.110076e-05,-5.820466e-05,-5.50328e-05,-5.163329e-05,-4.797677e-05,-4.411359e-05,-4.001799e-05,-3.574247e-05,-3.12647e-05,-2.663966e-05,-2.184759e-05,-1.694683e-05,-1.191842e-05,-6.825048e-06,-1.648385e-06,3.547748e-06,8.778744e-06,1.397926e-05,1.916494e-05,2.426958e-05,2.930944e-05,3.421725e-05,3.900926e-05,4.361912e-05,4.806809e-05,5.22855e-05,5.629944e-05,6.003866e-05,6.353508e-05,6.672027e-05,6.962926e-05,7.219735e-05,7.44627e-05,7.636606e-05,7.794673e-05,7.915244e-05,8.002338e-05,8.05159e-05,8.066668e-05,8.044853e-05,7.988736e-05,7.897953e-05,7.772746e-05,7.616566e-05,7.426415e-05,7.208216e-05,6.960363e-05,6.683674e-05,6.386144e-05,6.058199e-05,5.713501e-05,5.347642e-05,4.960701e-05,4.559703e-05,4.147021e-05,3.715698e-05,3.277194e-05,2.832824e-05,2.381904e-05,1.9191e-05,1.453439e-05,9.884265e-06,5.310474e-06,7.544874e-07,-3.759097e-06,-8.253152e-06,-1.269015e-05,-1.709342e-05,-2.141031e-05,-2.56528e-05,-2.976803e-05,-3.377248e-05,-3.761957e-05,-4.133643e-05,-4.487879e-05,-4.828137e-05,-5.15172e-05,-5.461683e-05,-5.751894e-05,-6.023114e-05,-6.27199e-05,-6.502808e-05,-6.710152e-05,-6.896198e-05,-7.058563e-05,-7.198421e-05,-7.3115e-05,-7.402808e-05,-7.465343e-05,-7.504009e-05,-7.514724e-05,-7.499152e-05
-4.475643e-05,-4.432977e-05,-4.374313e-05,-4.297493e-05,-4.205385e-05,-4.094774e-05,-3.969377e-05,-3.825615e-05,-3.667654e-05,-3.491895e-05,-3.302739e-05,-3.096739e-05,-2.878432e-05,-2.644607e-05,-2.399898e-05,-2.141334e-05,-1.873663e-05,-1.594111e-05,-1.307601e-05,-1.011431e-05,-7.108262e-06,-4.030108e-06,-9.346765e-07,2.204115e-06,5.331969e-06,8.474561e-06,1.157591e-05,1.466165e-05,1.767485e-05,2.064243e-05,2.350829e-05,2.629985e-05,2.895797e-05,3.151696e-05,3.391401e-05,3.618764e-05,3.827543e-05,4.021777e-05,4.195424e-05,4.352699e-05,4.487842e-05,4.60514e-05,4.699355e-05,4.774729e-05,4.826611e-05,4.859055e-05,4.868437e-05,4.857833e-05,4.825352e-05,4.77235e-05,4.69987e-05,4.606021e-05,4.495629e-05,4.364938e-05,4.217721e-05,4.055759e-05,3.87367e-05,3.683723e-05,3.475356e-05,3.255812e-05,3.028006e-05,2.788264e-05,2.537245e-05,2.284785e-05,2.022628e-05,1.752658e-05,1.478457e-05,1.208069e-05,9.352301e-06,6.592285e-06,3.757755e-06,9.32013e-07,-1.886122e-06,-4.650893e-06,-7.378439e-06,-1.002489e-05,-1.262328e-05,-1.514267e-05,-1.761789e-05,-2.001485e-05,-2.236351e-05,-2.462075e-05,-2.681522e-05,-2.889746e-05,-3.088025e-05,-3.271901e-05,-3.446111e-05,-3.608524e-05,-3.761194e-05,-3.898575e-05,-4.024846e-05,-4.136634e-05,-4.235172e-05,-4.31816e-05,-4.388833e-05,-4.441173e-05,-4.481269e-05,-4.503364e-05,-4.510772e-05,-4.501152e-05
-1.502842e-05,-1.489286e-05,-1.469348e-05,-1.445115e-05,-1.413717e-05,-1.378453e-05,-1.33578e-05,-1.289542e-05,-1.235938e-05,-1.179042e-05,-1.115025e-05,-1.048021e-05,-9.742979e-06,-8.979837e-06,-8.154748e-06,-7.308871e-06,-6.407286e-06,-5.491404e-06,-4.526711e-06,-3.555915e-06,-2.543391e-06,-1.534361e-06,-4.9223e-07,5.380703e-07,1.591417e-06,2.622323e-06,3.666646e-06,4.678498e-06,5.694504e-06,6.667631e-06,7.634097e-06,8.547046e-06,9.446713e-06,1.028068e-05,1.109438e-05,1.183302e-05,1.254374e-05,1.31722e-05,1.376607e-05,1.427199e-05,1.473779e-05,1.511247e-05,1.544176e-05,1.567838e-05,1.586553e-05,1.596119e-05,1.600161e-05,1.595794e-05,1.585231e-05,1.567626e-05,1.542554e-05,1.512656e-05,1.47407e-05,1.431535e-05,1.382467e-05,1.326269e-05,1.269644e-05,1.201769e-05,1.134538e-05,1.062238e-05,9.835584e-06,9.035914e-06,8.232494e-06,7.343506e-06,6.466142e-06,5.595791e-06,4.711686e-06,3.748674e-06,2.783528e-06,1.836477e-06,9.628529e-07,9.1963e-08,-7.628815e-07,-1.636013e-06,-2.500255e-06,-3.38894e-06,-4.259042e-06,-5.131998e-06,-5.96392e-06,-6.780144e-06,-7.542376e-06,-8.285693e-06,-8.973606e-06,-9.648014e-06,-1.028854e-05,-1.093251e-05,-1.152573e-05,-1.208289e-05,-1.257678e-05,-1.305628e-05,-1.347341e-05,-1.385594e-05,-1.418565e-05,-1.448001e-05,-1.470132e-05,-1.490466e-05,-1.502477e-05,-1.511475e-05,-1.513769e-05,-1.511361e-05
1.502841e-05,1.489285e-05,1.469347e-05,1.445114e-05,1.413716e-05,1.378451e-05,1.335779e-05,1.28954e-05,1.235937e-05,1.17904e-05,1.115023e-05,1.04802e-05,9.742966e-06,8.979824e-06,8.154736e-06,7.30886e-06,6.407276e-06,5.491395e-06,4.526702e-06,3.555908e-06,2.543384e-06,1.534356e-06,4.922254e-07,-5.380741e-07,-1.59142e-06,-2.622326e-06,-3.666648e-06,-4.678499e-06,-5.694505e-06,-6.667632e-06,-7.634098e-06,-8.547046e-06,-9.446714e-06,-1.028068e-05,-1.109438e-05,-1.183302e-05,-1.254374e-05,-1.31722e-05,-1.376607e-05,-1.427199e-05,-1.473779e-05,-1.511247e-05,-1.544176e-05,-1.567838e-05,-1.586553e-05,-1.596119e-05,-1.600161e-05,-1.595794e-05,-1.585232e-05,-1.567626e-05,-1.542555e-05,-1.512656e-05,-1.47407e-05,-1.431535e-05,-1.382467e-05,-1.326269e-05,-1.269643e-05,-1.201769e-05,-1.134538e-05,-1.062238e-05,-9.83558e-06,-9.03591e-06,-8.23249e-06,-7.343501e-06,-6.466136e-06,-5.595785e-06,-4.71168e-06,-3.748667e-06,-2.783521e-06,-1.83647e-06,-9.628452e-07,-9.195524e-08,7.628893e-07,1.636021e-06,2.500262e-06,3.388947e-06,4.259048e-06,5.132005e-06,5.963926e-06,6.780149e-06,7.54238e-06,8.285697e-06,8.973609e-06,9.648016e-06,1.028854e-05,1.093251e-05,1.152573e-05,1.208289e-05,1.257677e-05,1.305628e-05,1.34734e-05,1.385593e-05,1.418565e-05,1.448e-05,1.470131e-05,1.490465e-05,1.502476e-05,1.511474e-05,1.513768e-05,1.51136e-05
4.475642e-05,4.432975e-05,4.374312e-05,4.297491e-05,4.205384e-05,4.094773e-05,3.969376e-05,3.825613e-05,3.667652e-05,3.491893e-05,3.302738e-05,3.096738e-05,2.878431e-05,2.644606e-05,2.399897e-05,2.141333e-05,1.873663e-05,1.594111e-05,1.3076e-05,1.01143e-05,7.108259e-06,4.030107e-06,9.346756e-07,-2.204115e-06,-5.331968e-06,-8.474559e-06,-1.157591e-05,-1.466164e-05,-1.767485e-05,-2.064243e-05,-2.350828e-05,-2.629984e-05,-2.895796e-05,-3.151695e-05,-3.391401e-05,-3.618764e-05,-3.827543e-05,-4.021776e-05,-4.195423e-05,-4.352699e-05,-4.487842e-05,-4.60514e-05,-4.699355e-05,-4.774729e-05,-4.82661e-05,-4.859054e-05,-4.868437e-05,-4.857833e-05,-4.825352e-05,-4.77235e-05,-4.69987e-05,-4.60602e-05,-4.495629e-05,-4.364938e-05,-4.217721e-05,-4.055758e-05,-3.873669e-05,-3.683722e-05,-3.475355e-05,-3.255811e-05,-3.028005e-05,-2.788263e-05,-2.537244e-05,-2.284784e-05,-2.022627e-05,-1.752657e-05,-1.478456e-05,-1.208067e-05,-9.352289e-06,-6.592274e-06,-3.757744e-06,-9.320021e-07,1.886132e-06,4.650903e-06,7.378449e-06,1.00249e-05,1.262329e-05,1.514268e-05,1.761789e-05,2.001485e-05,2.236351e-05,2.462075e-05,2.681522e-05,2.889746e-05,3.088025e-05,3.271901e-05,3.446111e-05,3.608524e-05,3.761193e-05,3.898574e-05,4.024846e-05,4.136633e-05,4.235171e-05,4.318159e-05,4.388832e-05,4.441172e-05,4.481267e-05,4.503363e-05,4.51077e-05,4.501151e-05
7.455613e-05,7.384953e-05,7.285678e-05,7.159775e-05,7.004375e-05,6.822845e-05,6.61181e-05,6.375367e-05,6.110075e-05,5.820465e-05,5.503278e-05,5.163328e-05,4.797676e-05,4.411358e-05,4.001798e-05,3.574247e-05,3.12647e-05,2.663966e-05,2.184759e-05,1.694682e-05,1.191842e-05,6.82505e-06,1.648388e-06,-3.547744e-06,-8.778738e-06,-1.397925e-05,-1.916493e-05,-2.426958e-05,-2.930943e-05,-3.421724e-05,-3.900926e-05,-4.361911e-05,-4.806808e-05,-5.228549e-05,-5.629942e-05,-6.003864e-05,-6.353507e-05,-6.672026e-05,-6.962925e-05,-7.219733e-05,-7.446269e-05,-7.636604e-05,-7.794672e-05,-7.915243e-05,-8.002338e-05,-8.051589e-05,-8.066667e-05,-8.044852e-05,-7.988734e-05,-7.897952e-05,-7.772745e-05,-7.616565e-05,-7.426414e-05,-7.208214e-05,-6.960361e-05,-6.683672e-05,-6.386143e-05,-6.058197e-05,-5.7135e-05,-5.34764e-05,-4.960699e-05,-4.559701e-05,-4.147019e-05,-3.715696e-05,-3.277192e-05,-2.832822e-05,-2.381902e-05,-1.919098e-05,-1.453437e-05,-9.884247e-06,-5.310457e-06,-7.544713e-07,3.759112e-06,8.253166e-06,1.269017e-05,1.709343e-05,2.141032e-05,2.565281e-05,2.976804e-05,3.377249e-05,3.761957e-05,4.133643e-05,4.487879e-05,4.828137e-05,5.15172e-05,5.461683e-05,5.751894e-05,6.023114e-05,6.27199e-05,6.502807e-05,6.710152e-05,6.896196e-05,7.058562e-05,7.198421e-05,7.311498e-05,7.402807e-05,7.465341e-05,7.504008e-05,7.514723e-05,7.499151e-05
0.0001037096,0.0001027116,0.0001013338,9.95538e-05,9.739982e-05,9.484027e-05,9.191361e-05,8.858644e-05,8.490367e-05,8.083366e-05,7.642589e-05,7.165246e-05,6.656642e-05,6.114456e-05,5.544325e-05,4.944407e-05,4.320684e-05,3.67174e-05,3.003952e-05,2.31619e-05,1.615335e-05,9.003629e-06,1.785846e-06,-5.507087e-06,-1.280135e-05,-2.010258e-05,-2.73345e-05,-3.450224e-05,-4.152835e-05,-4.841934e-05,-5.509895e-05,-6.157491e-05,-6.776892e-05,-7.369689e-05,-7.927843e-05,-8.453558e-05,-8.93904e-05,-9.386925e-05,-9.789882e-05,-0.0001015101,-0.0001046355,-0.0001073099,-0.0001094742,-0.0001111664,-0.0001123366,-0.0001130244,-0.0001131936,-0.0001128774,-0.0001120602,-0.0001107614,-0.0001089981,-0.0001067597,-0.0001041049,-0.0001010049,-9.751229e-05,-9.365512e-05,-8.93941e-05,-8.486911e-05,-7.998436e-05,-7.483135e-05,-6.945727e-05,-6.383491e-05,-5.798849e-05,-5.203783e-05,-4.59125e-05,-3.964229e-05,-3.32794e-05,-2.692323e-05,-2.052583e-05,-1.409116e-05,-7.586426e-06,-1.107558e-06,5.334105e-06,1.168207e-05,1.794136e-05,2.405782e-05,3.005486e-05,3.589291e-05,4.159846e-05,4.712994e-05,5.250979e-05,5.768752e-05,6.268495e-05,6.744534e-05,7.197378e-05,7.621881e-05,8.022191e-05,8.395628e-05,8.743605e-05,9.05993e-05,9.348196e-05,9.604466e-05,9.829392e-05,0.0001002017,0.0001017949,0.0001030083,0.0001038985,0.0001044033,0.0001045521,0.0001043181
0.0001326043,0.0001313682,0.0001296304,0.0001274089,0.0001246742,0.00012146,0.0001177333,0.0001135368,0.0001088389,0.0001036887,9.805865e-05,9.200281e-05,8.549915e-05,7.86064e-05,7.130852e-05,6.366889e-05,5.567732e-05,4.740202e-05,3.883772e-05,3.005821e-05,2.106114e-05,1.192663e-05,2.65469e-06,-6.67179e-06,-1.604849e-05,-2.538989e-05,-3.469109e-05,-4.386513e-05,-5.290745e-05,-6.173004e-05,-7.032869e-05,-7.861697e-05,-8.659669e-05,-9.417833e-05,-0.0001013722,-0.0001080901,-0.0001143483,-0.0001200639,-0.0001252591,-0.0001298574,-0.0001338874,-0.0001372811,-0.0001400717,-0.0001422019,-0.0001437092,-0.0001445483,-0.0001447572,-0.0001443102,-0.000143238,-0.000141542,-0.0001392323,-0.000136353,-0.0001328818,-0.0001288929,-0.0001243782,-0.0001193632,-0.0001139413,-0.0001080275,-0.0001017816,-9.517075e-05,-8.820778e-05,-8.098823e-05,-7.354956e-05,-6.583011e-05,-5.796515e-05,-4.998942e-05,-4.190874e-05,-3.367754e-05,-2.539869e-05,-1.712353e-05,-8.938235e-06,-7.952536e-07,7.27115e-06,1.527316e-05,2.316451e-05,3.096e-05,3.859871e-05,4.608417e-05,5.335561e-05,6.042155e-05,6.722808e-05,7.379538e-05,8.00724e-05,8.608781e-05,9.180989e-05,9.726356e-05,0.0001023807,0.0001071616,0.0001115675,0.0001156359,0.0001193069,0.0001225962,0.0001254747,0.0001279483,0.0001299693,0.0001315828,0.0001327135,0.0001334062,0.0001336159,0.0001333552
0.0001607822,0.0001593889,0.0001574035,0.0001548012,0.0001516082,0.0001477921,0.000143391,0.0001383723,0.0001327826,0.0001265933,0.0001198578,0.0001125536,0.0001047399,9.640145e-05,8.760355e-05,7.833818e-05,6.86767e-05,5.861796e-05,4.823974e-05,3.754618e-05,2.662241e-05,1.547577e-05,4.19772e-06,-7.199537e-06,-1.862227e-05,-3.005556e-05,-4.140218e-05,-5.264601e-05,-6.368825e-05,-7.451414e-05,-8.502631e-05,-9.521178e-05,-0.0001049721,-0.0001143038,-0.0001231079,-0.000131389,-0.0001390528,-0.0001461108,-0.0001524759,-0.0001581674,-0.000163107,-0.0001673215,-0.0001707444,-0.0001734094,-0.0001752628,-0.0001763437,-0.0001766157,-0.0001761154,-0.0001748306,-0.0001727872,-0.0001700098,-0.0001664963,-0.0001623181,-0.0001574538,-0.0001519746,-0.0001459174,-0.000139259,-0.0001321598,-0.0001245301,-0.0001164844,-0.0001080909,-9.932662e-05,-9.023561e-05,-8.096446e-05,-7.145169e-05,-6.173387e-05,-5.188076e-05,-4.201436e-05,-3.210125e-05,-2.215337e-05,-1.214435e-05,-2.18191e-06,7.710682e-06,1.746799e-05,2.708494e-05,3.649843e-05,4.572385e-05,5.471495e-05,6.349179e-05,7.200747e-05,8.027867e-05,8.824915e-05,9.593546e-05,0.0001032745,0.0001102639,0.000116846,0.0001230575,0.0001288674,0.0001342836,0.0001392375,0.0001437592,0.0001478038,0.0001513714,0.0001544288,0.0001569964,0.0001590037,0.0001605019,0.000161423,0.0001617919,0.0001615771
0.0001894508,0.0001881011,0.0001860371,0.0001832721,0.0001797736,0.0001755721,0.0001706333,0.0001649989,0.0001586377,0.0001516002,0.0001438615,0.0001354796,0.000126438,0.000116802,0.0001065639,9.579638e-05,8.450059e-05,7.275697e-05,6.057429e-05,4.804135e-05,3.51724e-05,2.20651e-05,8.73827e-06,-4.705575e-06,-1.824149e-05,-3.176281e-05,-4.524278e-05,-5.857236e-05,-7.172459e-05,-8.45891e-05,-9.713944e-05,-0.0001092673,-0.0001209533,-0.000132087,-0.0001426593,-0.0001525629,-0.0001617972,-0.0001702625,-0.000177967,-0.0001848209,-0.0001908417,-0.000195952,-0.0002001777,-0.0002034553,-0.0002058197,-0.0002072229,-0.0002077043,-0.0002072395,-0.0002058644,-0.0002035856,-0.0002004212,-0.000196425,-0.0001915833,-0.0001859871,-0.0001796349,-0.0001725727,-0.0001649071,-0.0001565625,-0.0001477274,-0.0001383766,-0.0001285336,-0.0001183259,-0.0001078025,-9.690382e-05,-8.578907e-05,-7.451821e-05,-6.310695e-05,-5.151158e-05,-3.984542e-05,-2.817689e-05,-1.660927e-05,-5.103357e-06,6.300158e-06,1.760485e-05,2.875882e-05,3.977115e-05,5.05752e-05,6.116799e-05,7.148277e-05,8.152131e-05,9.122388e-05,0.0001006051,0.000109608,0.0001182564,0.0001265155,0.0001344049,0.0001418493,0.0001488409,0.000155335,0.0001613637,0.0001668601,0.0001718326,0.0001762458,0.0001800974,0.0001833336,0.0001859924,0.0001879908,0.0001893677,0.000190071,0.0001901072
0.000219859,0.0002188247,0.000216973,0.0002142731,0.000210745,0.0002063516,0.0002011269,0.0001950357,0.0001881229,0.0001803596,0.0001718003,0.0001624249,0.000152297,0.0001414068,0.0001298269,0.0001175585,0.0001046832,9.12125e-05,7.723775e-05,6.277877e-05,4.793747e-05,3.273962e-05,1.729627e-05,1.640459e-06,-1.411233e-05,-2.992444e-05,-4.567529e-05,-6.132485e-05,-7.675014e-05,-9.191207e-05,-0.0001066891,-0.0001210442,-0.0001348555,-0.0001480969,-0.0001606474,-0.0001724912,-0.000183514,-0.0001937098,-0.0002029746,-0.0002113135,-0.0002186348,-0.000224955,-0.0002301983,-0.000234392,-0.0002374772,-0.0002394913,-0.0002403964,-0.0002402322,-0.0002389887,-0.0002366988,-0.0002333937,-0.0002290794,-0.0002238417,-0.0002176647,-0.0002106416,-0.0002028153,-0.0001941804,-0.0001849205,-0.0001749462,-0.000164399,-0.0001533706,-0.0001418349,-0.0001298573,-0.0001176164,-0.000105054,-9.220708e-05,-7.916313e-05,-6.606994e-05,-5.290693e-05,-3.968865e-05,-2.638917e-05,-1.3126e-05,6.741092e-08,1.311968e-05,2.601757e-05,3.869096e-05,5.11493e-05,6.334197e-05,7.528443e-05,8.692614e-05,9.827916e-05,0.0001092821,0.0001199462,0.0001302015,0.0001400359,0.0001493839,0.0001582765,0.0001666774,0.0001745852,0.0001819216,0.000188708,0.0001948907,0.0002004602,0.0002053746,0.000209644,0.000213188,0.0002160497,0.0002181504,0.0002195065,0.0002200778
0.0002559737,0.0002556391,0.000254331,0.0002520526,0.0002487633,0.0002444861,0.0002391804,0.0002328829,0.0002255591,0.0002172574,0.0002079526,0.0001977041,0.0001864987,0.0001744067,0.0001614275,0.0001476427,0.0001330645,0.000117786,0.0001018311,8.53049e-05,6.824042e-05,5.075523e-05,3.288993e-05,1.477004e-05,-3.555076e-06,-2.195343e-05,-4.037196e-05,-5.867471e-05,-7.680729e-05,-9.463177e-05,-0.0001120941,-0.0001290587,-0.0001454792,-0.0001612191,-0.0001762442,-0.0001904231,-0.0002037325,-0.0002160517,-0.0002273696,-0.0002375784,-0.0002466811,-0.000254586,-0.000261309,-0.0002667768,-0.0002710187,-0.0002739817,-0.0002757045,-0.000276162,-0.0002753942,-0.0002734109,-0.0002702378,-0.0002659378,-0.0002605037,-0.0002540459,-0.0002465653,-0.0002381317,-0.0002288627,-0.0002186891,-0.0002078335,-0.0001962727,-0.0001840376,-0.0001712942,-0.0001580986,-0.0001443842,-0.0001303372,-0.0001160456,-0.0001015301,-8.673945e-05,-7.179397e-05,-5.677933e-05,-4.181656e-05,-2.687087e-05,-1.198536e-05,2.837068e-06,1.754193e-05,3.213471e-05,4.654426e-05,6.076111e-05,7.471198e-05,8.839016e-05,0.0001017282,0.0001147328,0.0001273375,0.0001395586,0.0001513547,0.0001627363,0.0001736145,0.0001839673,0.0001937387,0.0002029498,0.0002115207,0.0002194458,0.0002266772,0.0002331981,0.000238942,0.0002439336,0.0002480758,0.0002513956,0.0002538275,0.0002553658
0.0003027421,0.000303463,0.0003030366,0.000301421,0.0002986246,0.0002946013,0.0002893771,0.0002829104,0.0002752417,0.0002663395,0.0002562572,0.0002449767,0.0002325645,0.0002190172,0.0002044152,0.0001887701,0.0001721764,0.0001546606,0.0001363313,0.0001172281,9.74744e-05,7.711969e-05,5.630047e-05,3.507704e-05,1.359346e-05,-8.082549e-06,-2.979947e-05,-5.148539e-05,-7.298498e-05,-9.422646e-05,-0.0001150556,-0.0001354029,-0.0001551144,-0.0001741332,-0.0001923078,-0.0002095938,-0.0002258494,-0.0002410435,-0.0002550479,-0.0002678469,-0.000279329,-0.0002894947,-0.000298253,-0.0003056206,-0.0003115282,-0.0003160083,-0.0003190175,-0.0003205958,-0.0003207323,-0.0003194654,-0.0003168301,-0.0003128396,-0.0003075928,-0.000301076,-0.0002934065,-0.0002846283,-0.0002747541,-0.0002639922,-0.0002522453,-0.0002396857,-0.000226429,-0.0002124346,-0.0001977904,-0.0001827125,-0.0001671369,-0.0001510915,-0.0001346818,-0.0001180854,-0.0001012924,-8.431331e-05,-6.711615e-05,-4.982786e-05,-3.249267e-05,-1.518749e-05,2.064277e-06,1.918305e-05,3.616924e-05,5.296437e-05,6.957468e-05,8.594096e-05,0.000102064,0.0001178694,0.0001333553,0.0001484348,0.0001630753,0.000177193,0.0001908041,0.0002038573,0.0002163311,0.0002281266,0.0002392463,0.0002496184,0.000259213,0.000267971,0.0002758825,0.000282849,0.0002888968,0.0002939286,0.000297945,0.0003008897
0.0003680654,0.00037007,0.0003706566,0.0003698145,0.0003674925,0.0003637035,0.0003583996,0.0003516117,0.0003433017,0.0003335167,0.0003222326,0.0003095123,0.0002953488,0.0002798208,0.0002629395,0.0002448004,0.0002254326,0.0002049487,0.000183395,0.0001609012,0.0001375276,0.0001134213,8.865461e-05,6.338653e-05,3.770194e-05,1.176947e-05,-1.431971e-05,-4.039078e-05,-6.634976e-05,-9.201882e-05,-0.000117304,-0.0001420301,-0.000166112,-0.0001893749,-0.000211748,-0.0002330643,-0.0002532675,-0.0002722048,-0.0002898366,-0.0003060278,-0.0003207579,-0.0003339132,-0.0003454919,-0.0003554042,-0.0003636684,-0.0003702201,-0.0003750935,-0.0003782573,-0.0003797529,-0.0003795893,-0.0003777975,-0.0003744471,-0.000369534,-0.000363188,-0.0003554064,-0.0003462851,-0.000335949,-0.0003243297,-0.00031169,-0.0002979998,-0.0002832918,-0.0002677783,-0.0002515154,-0.0002344178,-0.0002167032,-0.0001984929,-0.0001798063,-0.0001605751,-0.0001409252,-0.0001209645,-0.0001008385,-8.051789e-05,-6.005048e-05,-3.945166e-05,-1.878452e-05,1.944725e-06,2.265011e-05,4.330304e-05,6.380981e-05,8.413971e-05,0.0001042015,0.0001239772,0.0001433739,0.0001623832,0.0001809418,0.0001990338,0.0002165392,0.000233404,0.0002495463,0.0002649617,0.000279543,0.0002932577,0.0003060332,0.0003178265,0.000328549,0.0003382022,0.0003466661,0.0003539485,0.0003599635,0.0003646869
0.0004597702,0.0004628717,0.0004642184,0.0004637589,0.0004614927,0.0004573677,0.0004514053,0.0004435623,0.0004338795,0.0004223286,0.0004089688,0.0003937905,0.0003768717,0.0003582235,0.0003379437,0.0003160647,0.0002927045,0.0002679166,0.0002418389,0.0002145441,0.0001861906,0.0001568662,0.0001267476,9.593779e-05,6.462509e-05,3.292347e-05,1.031752e-06,-3.09297e-05,-6.275662e-05,-9.43279e-05,-0.0001254401,-0.0001559749,-0.0001857306,-0.0002146033,-0.0002423961,-0.0002690217,-0.0002942964,-0.000318151,-0.0003404205,-0.0003610567,-0.0003799172,-0.0003969767,-0.0004121195,-0.0004253437,-0.0004365619,-0.0004457954,-0.0004529885,-0.0004581772,-0.0004613444,-0.0004625302,-0.0004617702,-0.0004590814,-0.000454574,-0.0004482309,-0.0004401955,-0.000430506,-0.0004191932,-0.0004064915,-0.0003922839,-0.0003767801,-0.0003601196,-0.0003422332,-0.0003232356,-0.00030339,-0.0002826173,-0.0002609287,-0.0002384543,-0.0002154158,-0.0001918193,-0.0001676727,-0.0001429415,-0.0001177764,-9.224891e-05,-6.645829e-05,-4.045945e-05,-1.436431e-05,1.179428e-05,3.792498e-05,6.399838e-05,8.991996e-05,0.0001156513,0.0001410769,0.0001661544,0.000190752,0.0002147895,0.0002381402,0.0002607841,0.0002826356,0.0003036342,0.0003236427,0.0003426305,0.0003604947,0.0003771744,0.000392584,0.0004066858,0.0004193573,0.0004306032,0.0004403038,0.0004484415,0.0004549427
0.0005857112,0.0005891041,0.0005902816,0.0005892287,0.0005858936,0.0005802896,0.0005723722,0.0005621775,0.0005496757,0.0005349242,0.0005179128,0.0004987206,0.0004773604,0.0004539338,0.0004284783,0.0004011187,0.0003719176,0.0003410236,0.0003085228,0.0002745875,0.0002393244,0.000202929,0.0001655253,0.0001273259,8.847175e-05,4.918898e-05,9.62786e-06,-2.997691e-05,-6.947065e-05,-0.0001086148,-0.0001472547,-0.0001851556,-0.0002221734,-0.000258076,-0.0002927374,-0.0003259374,-0.0003575696,-0.0003874334,-0.0004154455,-0.0004414297,-0.0004653293,-0.0004869965,-0.0005064018,-0.0005234291,-0.0005380772,-0.0005502629,-0.0005600097,-0.000567274,-0.0005720947,-0.0005744746,-0.0005744479,-0.0005720874,-0.0005673885,-0.0005605012,-0.0005514129,-0.0005402495,-0.0005271381,-0.0005120074,-0.00049517,-0.0004765789,-0.0004562668,-0.0004345085,-0.0004113552,-0.0003866946,-0.000360794,-0.0003338262,-0.0003058146,-0.0002766752,-0.0002465574,-0.0002156203,-0.0001840666,-0.0001518984,-0.0001191988,-8.60326e-05,-5.250859e-05,-1.868525e-05,1.52933e-05,4.933406e-05,8.327761e-05,0.0001170239,0.0001504151,0.0001833682,0.0002157261,0.0002474228,0.0002783449,0.0003084238,0.0003374845,0.0003654206,0.0003921103,0.0004175132,0.0004414867,0.0004639656,0.0004848505,0.0005040715,0.0005215199,0.0005371775,0.0005509057,0.0005626997,0.0005724595,0.0005801505
0.0007489454,0.0007509603,0.0007502387,0.0007467385,0.0007404675,0.0007313856,0.0007195265,0.000704863,0.0006874528,0.0006672883,0.0006444514,0.000618959,0.0005909181,0.0005603731,0.0005274578,0.0004922452,0.0004548966,0.0004155135,0.0003742848,0.0003313381,0.0002868898,0.0002410893,0.0001941775,0.0001463244,9.778751e-05,4.875203e-05,-5.107701e-07,-4.980681e-05,-9.885779e-05,-0.0001474684,-0.0001953616,-0.0002423463,-0.0002881494,-0.0003325981,-0.0003754282,-0.0004164891,-0.000455536,-0.000492443,-0.0005269919,-0.0005590865,-0.0005885395,-0.0006152872,-0.000639178,-0.0006601818,-0.0006781842,-0.0006931885,-0.0007051205,-0.0007140082,-0.000719823,-0.0007226057,-0.0007223884,-0.0007191916,-0.0007131365,-0.0007042001,-0.0006925578,-0.0006782361,-0.0006612907,-0.0006419874,-0.0006201821,-0.0005961385,-0.0005700302,-0.0005417513,-0.0005114651,-0.0004795121,-0.0004458029,-0.0004103444,-0.000373328,-0.0003350688,-0.0002956289,-0.0002550501,-0.0002133375,-0.0001707257,-0.0001273782,-8.348033e-05,-3.918835e-05,5.283755e-06,4.9802e-05,9.417746e-05,0.0001382836,0.0001819348,0.0002250022,0.0002672842,0.0003086603,0.0003489225,0.0003879164,0.0004254567,0.0004614794,0.0004958629,0.0005285083,0.0005592458,0.0005880219,0.0006147161,0.0006392521,0.0006615356,0.0006815192,0.0006990759,0.0007142093,0.0007267972,0.0007368238,0.0007442179
0.0009468078,0.0009449413,0.0009397552,0.0009312527,0.0009194035,0.0009042412,0.0008857449,0.0008639744,0.0008389271,0.000810689,0.0007792824,0.000744821,0.0007073571,0.0006670344,0.0006239372,0.0005782409,0.0005300635,0.0004796123,0.0004270377,0.0003725792,0.0003164156,0.0002588173,0.0001999873,0.00014022,7.974073e-05,1.886191e-05,-4.217799e-05,-0.0001030554,-0.0001635259,-0.0002232617,-0.0002820197,-0.0003394779,-0.0003954071,-0.0004494926,-0.0005015295,-0.0005512214,-0.0005983911,-0.0006427703,-0.000684215,-0.0007224915,-0.0007574932,-0.000789026,-0.0008170225,-0.0008413311,-0.0008619251,-0.0008786965,-0.0008916553,-0.0009007424,-0.0009059944,-0.0009074071,-0.0009050205,-0.0008989115,-0.0008890795,-0.0008757019,-0.0008587558,-0.0008384126,-0.0008148051,-0.0007878666,-0.0007579867,-0.0007251032,-0.0006892672,-0.0006508612,-0.0006099498,-0.0005664121,-0.0005206261,-0.000472881,-0.0004232528,-0.0003716903,-0.0003184422,-0.000263814,-0.0002081672,-0.0001516259,-9.440355e-05,-3.671519e-05,2.118902e-05,7.910544e-05,0.0001367437,0.0001938656,0.0002501764,0.0003054482,0.0003594128,0.0004118928,0.0004626492,0.0005115562,0.0005584604,0.000603257,0.0006457377,0.0006857732,0.0007232382,0.0007580965,0.0007902104,0.000819524,0.0008459529,0.000869441,0.0008898998,0.0009073293,0.0009216084,0.0009327539,0.0009406836,0.0009453822
0.001166902,0.001158015,0.001145264,0.001128636,0.001108163,0.001083833,0.001055706,0.001023786,0.0009881612,0.0009488593,0.0009059999,0.0008596417,0.0008099381,0.0007569843,0.0007009697,0.0006420287,0.0005803881,0.0005162216,0.0004497942,0.0003813159,0.000311089,0.0002393545,0.0001664479,9.263815e-05,1.8284e-05,-5.632518e-05,-0.0001308127,-0.0002048778,-0.0002781356,-0.0003502845,-0.0004209426,-0.000489816,-0.0005565316,-0.0006208204,-0.000682326,-0.0007408105,-0.0007959469,-0.000847534,-0.0008952831,-0.0009390363,-0.000978549,-0.00101371,-0.001044325,-0.00107033,-0.001091581,-0.001108063,-0.001119686,-0.001126471,-0.001128385,-0.001125476,-0.001117778,-0.001105329,-0.001088272,-0.001066588,-0.001040509,-0.001010057,-0.0009753421,-0.0009366905,-0.0008939448,-0.0008474767,-0.0007975388,-0.0007440147,-0.0006871917,-0.0006275792,-0.0005651361,-0.0004999413,-0.0004323657,-0.0003629587,-0.0002919635,-0.0002195762,-0.0001459667,-7.160395e-05,3.112574e-06,7.777862e-05,0.0001520103,0.0002253819,0.0002975704,0.0003682246,0.0004370796,0.0005038414,0.000568295,0.0006301762,0.0006893294,0.0007455249,0.0007985984,0.0008483818,0.0008948516,0.0009379358,0.000977578,0.001013655,0.001046166,0.001075047,0.001100271,0.001121796,0.001139618,0.001153655,0.001163955,0.001170429,0.001173099,0.001171925
0.001389083,0.001369935,0.001346437,0.001318611,0.001286452,0.001250017,0.001209311,0.001164422,0.001115378,0.001062302,0.001005256,0.0009444001,0.0008798389,0.0008117738,0.0007403548,0.0006658281,0.000588391,0.0005083356,0.0004259046,0.0003414352,0.0002552106,0.0001676105,7.895211e-05,-1.035225e-05,-9.995544e-05,-0.0001894216,-0.0002783867,-0.0003664013,-0.0004530956,-0.0005380175,-0.000620802,-0.0007010085,-0.0007782933,-0.000852232,-0.0009225165,-0.0009887522,-0.001050673,-0.001107927,-0.001160297,-0.001207483,-0.001249322,-0.00128557,-0.001316122,-0.001340793,-0.001359538,-0.00137223,-0.001378879,-0.001379421,-0.001373906,-0.001362341,-0.001344791,-0.00132136,-0.001292076,-0.001257175,-0.001216649,-0.001170763,-0.001119689,-0.001063412,-0.001002475,-0.0009368473,-0.0008666757,-0.0007925737,-0.0007147056,-0.0006330395,-0.0005482331,-0.0004608683,-0.0003712264,-0.0002794414,-0.000186055,-9.173353e-05,2.791135e-06,9.710032e-05,0.0001906903,0.0002830538,0.0003736954,0.0004621956,0.0005480828,0.0006309764,0.000710487,0.0007863322,0.0008582388,0.0009260637,0.0009896293,0.001048906,0.001103862,0.001154509,0.001200748,0.001242558,0.001279938,0.001312965,0.001341605,0.001365892,0.001385826,0.001401424,0.001412666,0.001419607,0.001422174,0.00142043,0.001414327,0.001403882
0.00158613,0.001553961,0.001517068,0.001475446,0.001429135,0.001378138,0.001322533,0.001262344,0.00119769,0.001128633,0.001055336,0.0009779086,0.000896563,0.0008114632,0.0007228749,0.0006310191,0.0005362168,0.0004387454,0.0003389806,0.0002372516,0.0001339859,2.955633e-05,-7.556525e-05,-0.000180969,-0.0002861526,-0.0003906808,-0.0004940308,-0.0005957557,-0.0006953264,-0.0007922997,-0.0008861565,-0.0009764698,-0.001062741,-0.001144581,-0.001221523,-0.001293225,-0.001359269,-0.001419369,-0.001473164,-0.001520435,-0.001560884,-0.001594362,-0.001620641,-0.001639643,-0.00165121,-0.001655333,-0.001651927,-0.001641039,-0.001622656,-0.001596872,-0.001563759,-0.001523413,-0.001476043,-0.001421686,-0.001360689,-0.001293128,-0.00121925,-0.001139531,-0.001053876,-0.0009629105,-0.0008670973,-0.0007664265,-0.0006615106,-0.0005532553,-0.0004418474,-0.0003276473,-0.0002114783,-9.441991e-05,2.285145e-05,0.0001397685,0.0002558011,0.0003700494,0.0004817346,0.0005901549,0.000694673,0.0007946934,0.0008898123,0.0009796841,0.001064119,0.001142965,0.001216188,0.001283735,0.001345688,0.001402048,0.001452872,0.001498217,0.001538288,0.001573218,0.001603114,0.001627994,0.001647986,0.001663132,0.001673486,0.001679081,0.001679963,0.001676091,0.001667547,0.001654263,0.001636279,0.001613566
0.001730425,0.001683509,0.001631557,0.001574577,0.001512561,0.001445565,0.001373606,0.00129679,0.001215177,0.001128927,0.001038154,0.0009430808,0.0008438842,0.0007408505,0.0006342261,0.0005243637,0.0004115783,0.0002962882,0.0001788729,5.981279e-05,-6.04573e-05,-0.0001814017,-0.0003025412,-0.0004232996,-0.0005431627,-0.0006615283,-0.0007778661,-0.0008915635,-0.001002091,-0.001108841,-0.001211301,-0.001308891,-0.001401134,-0.001487484,-0.001567524,-0.001640757,-0.001706832,-0.001765321,-0.001815946,-0.001858358,-0.001892358,-0.00191768,-0.001934211,-0.001941766,-0.001940317,-0.001929763,-0.001910154,-0.001881471,-0.001843831,-0.001797302,-0.001742043,-0.001678244,-0.001606036,-0.001525801,-0.001437626,-0.00134199,-0.00123921,-0.001129458,-0.001013619,-0.0008918369,-0.0007645686,-0.0006329384,-0.0004974399,-0.0003583812,-0.0002170606,-7.470901e-05,6.789219e-05,0.0002101627,0.0003509793,0.0004890451,0.000623055,0.0007522287,0.0008757889,0.0009930409,0.001103459,0.001206709,0.001302506,0.001390741,0.001471376,0.001544522,0.001610335,0.001669111,0.001721089,0.001766643,0.001806116,0.001839825,0.001867907,0.001890536,0.001907879,0.001920148,0.001927394,0.001929707,0.001927128,0.001919682,0.001907358,0.001890199,0.001868112,0.001841143,0.001809214,0.00177232
0.001797601,0.001735437,0.001667957,0.001595135,0.001517,0.001433557,0.001344896,0.001251074,0.00115225,0.001048543,0.0009401859,0.0008273741,0.0007104165,0.0005895887,0.0004652789,0.0003378436,0.0002077489,7.54279e-05,-5.858063e-05,-0.0001937757,-0.0003295538,-0.0004653604,-0.0006005403,-0.0007344979,-0.0008665469,-0.0009960687,-0.001122362,-0.001244806,-0.001362706,-0.001475458,-0.001582395,-0.001682953,-0.001776506,-0.001862554,-0.001940529,-0.002010008,-0.0020705,-0.002121668,-0.002163112,-0.002194591,-0.002215799,-0.002226597,-0.002226778,-0.002216303,-0.002195064,-0.002163121,-0.00212046,-0.00206723,-0.002003513,-0.001929534,-0.00184549,-0.001751635,-0.001648356,-0.00153586,-0.001414763,-0.001285331,-0.001148148,-0.001004047,-0.0008532043,-0.0006968114,-0.0005358427,-0.0003706745,-0.0002026569,-3.352838e-05,0.0001359678,0.0003048462,0.0004714352,0.0006337605,0.0007905104,0.0009406969,0.001083511,0.001217777,0.001342656,0.001457619,0.001562343,0.001656717,0.001740966,0.001815462,0.001880767,0.001937481,0.001986264,0.002027679,0.002062351,0.002090705,0.002113116,0.002129904,0.002141475,0.002148095,0.002149915,0.002146954,0.002139319,0.002127004,0.002109997,0.002088252,0.002061729,0.002030305,0.001993977,0.001952594,0.001906127,0.001854481
0.001772888,0.001696073,0.001613627,0.001525545,0.001431828,0.001332554,0.001227782,0.001117675,0.001002368,0.0008821083,0.0007571158,0.0006277281,0.0004942553,0.0003571259,0.0002167414,7.361858e-05,-7.175288e-05,-0.0002187739,-0.0003668762,-0.0005153876,-0.0006636762,-0.0008110096,-0.0009567105,-0.001100007,-0.001240193,-0.001376479,-0.001508156,-0.00163444,-0.001754639,-0.001868,-0.001973873,-0.002071556,-0.002160468,-0.002239975,-0.002309584,-0.002368746,-0.002417074,-0.002454119,-0.002479605,-0.002493197,-0.002494736,-0.002484003,-0.002460955,-0.002425492,-0.002377689,-0.002317556,-0.002245282,-0.002160989,-0.002064972,-0.001957471,-0.001838867,-0.00170957,-0.001569974,-0.001420779,-0.001262358,-0.00109565,-0.0009213546,-0.0007401297,-0.000553571,-0.0003623212,-0.0001675622,2.855546e-05,0.0002248137,0.0004201733,0.0006121804,0.0007985379,0.0009777638,0.001148809,0.001310018,0.001459656,0.001596253,0.001719387,0.001828882,0.00192484,0.002007788,0.002078549,0.002138009,0.002187191,0.002227097,0.002258739,0.002283039,0.002300906,0.002313012,0.00232005,0.002322553,0.002320882,0.002315102,0.002305259,0.002291383,0.00227352,0.002251526,0.002225294,0.002194673,0.002159504,0.002119609,0.002074874,0.002025064,0.001970106,0.00190982,0.001844114
0.001651509,0.001561326,0.001465178,0.001363079,0.001255109,0.00114135,0.001021981,0.0008971634,0.0007671737,0.0006322645,0.0004928092,0.0003491571,0.0002017791,5.112288e-05,-0.0001022449,-0.0002577814,-0.0004148304,-0.000572762,-0.0007308401,-0.0008883626,-0.001044527,-0.001198578,-0.001349668,-0.001497009,-0.001639732,-0.001777044,-0.001908081,-0.002032068,-0.002148172,-0.002255669,-0.002353784,-0.002441863,-0.002519213,-0.00258528,-0.002639468,-0.002681343,-0.002710422,-0.0027264,-0.002728924,-0.002717824,-0.002692882,-0.002654066,-0.002601295,-0.002534672,-0.002454251,-0.002360274,-0.002252921,-0.002132569,-0.001999534,-0.001854325,-0.001697424,-0.001529437,-0.00135113,-0.001163117,-0.0009665691,-0.0007622261,-0.00055139,-0.0003356447,-0.0001158299,0.0001057476,0.0003271109,0.0005470834,0.0007630091,0.0009718104,0.001171999,0.001361892,0.001538949,0.001700488,0.001845182,0.001972624,0.00208299,0.002176144,0.002252675,0.002313766,0.002360807,0.002395381,0.002419286,0.002434266,0.00244199,0.002443909,0.002441231,0.002434797,0.002425296,0.002412993,0.002397956,0.002380169,0.002359699,0.002336439,0.002310135,0.002280418,0.002247051,0.002209716,0.002168114,0.002121957,0.002070981,0.002014888,0.00195353,0.001886636,0.001814092,0.001735746
0.001440197,0.001338215,0.001229997,0.001115652,0.0009953124,0.0008691946,0.00073751,0.0006005747,0.0004586864,0.0003122583,0.0001616809,7.464252e-06,-0.0001499041,-0.0003098173,-0.0004716904,-0.0006348233,-0.0007985394,-0.0009620534,-0.001124609,-0.001285349,-0.001443457,-0.001598023,-0.001748194,-0.001893033,-0.002031678,-0.002163195,-0.002286742,-0.002401418,-0.002506433,-0.002600949,-0.002684256,-0.002755609,-0.002814405,-0.002860009,-0.002891954,-0.002909733,-0.002913024,-0.002901469,-0.002874899,-0.002833109,-0.00277609,-0.002703793,-0.002616368,-0.002513922,-0.002396765,-0.002265156,-0.002119568,-0.001960423,-0.001788363,-0.00160399,-0.001408121,-0.001201622,-0.0009854257,-0.0007608632,-0.0005289334,-0.0002914657,-4.995835e-05,0.000193953,0.0004373744,0.0006787227,0.0009155435,0.001144061,0.00136208,0.001567747,0.001757312,0.001927643,0.002077376,0.002206277,0.002313595,0.002398776,0.002462035,0.00250551,0.002531719,0.002543362,0.002543418,0.00253468,0.002519481,0.002499837,0.002477364,0.002453291,0.002428432,0.002403289,0.002377867,0.002352137,0.002325912,0.002298794,0.0022701,0.002239218,0.002205642,0.002168943,0.002128552,0.002084004,0.002034866,0.001980743,0.001921289,0.001856256,0.001785329,0.001708398,0.00162527,0.001535885
0.00115359,0.001041471,0.0009230771,0.0007986363,0.0006684299,0.0005327453,0.0003919518,0.0002464018,9.65474e-05,-5.718475e-05,-0.000214258,-0.0003741611,-0.0005362679,-0.0006999747,-0.0008645628,-0.001029335,-0.001193485,-0.001356227,-0.001516676,-0.001673979,-0.001827186,-0.001975403,-0.002117645,-0.002253,-0.002380483,-0.002499199,-0.002608197,-0.002706633,-0.002793624,-0.002868413,-0.002930218,-0.002978396,-0.003012289,-0.003031404,-0.003035224,-0.003023422,-0.002995642,-0.002951731,-0.002891506,-0.002814994,-0.00272219,-0.002613303,-0.002488506,-0.002348194,-0.002192721,-0.002022671,-0.001838587,-0.001641262,-0.001431447,-0.001210171,-0.0009784565,-0.0007375674,-0.0004889799,-0.0002341031,2.48893e-05,0.0002863407,0.0005476693,0.0008060032,0.001059374,0.00130373,0.001535709,0.001753254,0.001952223,0.002128346,0.002280361,0.00240722,0.002506995,0.002578097,0.002621653,0.002640692,0.00263928,0.002620791,0.00258941,0.002549318,0.002503667,0.00245505,0.002405933,0.002358463,0.002314305,0.00227438,0.00223873,0.002206633,0.002177211,0.002149256,0.002121593,0.002093257,0.002063553,0.002031709,0.001996851,0.001958123,0.001914939,0.001866728,0.001813002,0.001753379,0.00168754,0.001615212,0.001536311,0.001450665,0.001358309,0.001259251
0.0008136611,0.0006932484,0.0005669571,0.0004351662,0.0002982721,0.0001567086,1.089132e-05,-0.0001386976,-0.0002916074,-0.0004472992,-0.0006052647,-0.0007648924,-0.0009255951,-0.001086674,-0.00124745,-0.001407131,-0.001564943,-0.001720005,-0.001871461,-0.002018356,-0.002159776,-0.002294717,-0.002422243,-0.002541337,-0.002651071,-0.00275046,-0.002838625,-0.00291465,-0.002977747,-0.003027102,-0.003062052,-0.003081923,-0.003086207,-0.003074386,-0.003046136,-0.003001114,-0.00293919,-0.002860215,-0.002764257,-0.002651366,-0.002521818,-0.002375864,-0.00221399,-0.002036656,-0.001844569,-0.001638408,-0.001419122,-0.001187639,-0.0009451982,-0.0006930233,-0.0004326915,-0.00016586,0.000105592,0.000379258,0.0006530518,0.0009236927,0.00118842,0.00144411,0.001686045,0.001911583,0.002116877,0.002296521,0.002448221,0.002570676,0.002660146,0.002714672,0.002736084,0.002728617,0.002695539,0.002639926,0.002566286,0.00248257,0.002395372,0.002308676,0.002225366,0.002148041,0.002079212,0.002020858,0.001973552,0.001936108,0.001906171,0.001881229,0.001859071,0.001838477,0.001818456,0.001797665,0.001774469,0.001747544,0.001715976,0.001679081,0.001636107,0.001586516,0.001529924,0.00146604,0.001394719,0.001315941,0.001229667,0.001136111,0.001035402,0.0009278214
0.0004459451,0.0003194988,0.0001881161,5.234406e-05,-8.730639e-05,-0.0002303477,-0.0003762815,-0.0005246504,-0.0006749464,-0.0008266998,-0.0009793581,-0.001132396,-0.001285183,-0.001437105,-0.001587432,-0.001735446,-0.001880312,-0.002021212,-0.002157218,-0.002287433,-0.002410863,-0.002526569,-0.002633529,-0.002730801,-0.002817386,-0.002892385,-0.002954862,-0.003004008,-0.003038994,-0.003059144,-0.003063774,-0.00305237,-0.00302442,-0.002979609,-0.002917613,-0.002838329,-0.002741644,-0.002627676,-0.002496531,-0.002348555,-0.00218408,-0.002003691,-0.001807957,-0.001597712,-0.00137378,-0.001137275,-0.0008893028,-0.0006313135,-0.0003647555,-9.149091e-05,0.0001865877,0.0004671584,0.0007476257,0.001025332,0.001296608,0.00155848,0.001806608,0.002036546,0.002245213,0.002426717,0.002576896,0.002694152,0.002774055,0.002812975,0.002813348,0.002778531,0.002710482,0.002611673,0.002488215,0.002349366,0.002208228,0.00207463,0.001952794,0.001841431,0.00173953,0.001650765,0.001580285,0.001530552,0.001500054,0.001483711,0.001475077,0.001469714,0.001466444,0.001464184,0.001460693,0.001453701,0.001441845,0.001424056,0.001399179,0.001366243,0.001324814,0.001274589,0.001215392,0.00114727,0.001070358,0.0009849158,0.0008914093,0.0007901943,0.0006818633,0.0005669243
7.898039e-05,-5.077797e-05,-0.0001838809,-0.0003197167,-0.000457706,-0.0005973461,-0.0007381875,-0.0008797896,-0.001021758,-0.00116365,-0.001305051,-0.001445454,-0.001584361,-0.001721159,-0.001855231,-0.00198584,-0.002112242,-0.00223358,-0.002349005,-0.002457567,-0.002558349,-0.002650349,-0.002732633,-0.002804203,-0.002864153,-0.002911543,-0.002945554,-0.002965352,-0.00297025,-0.002959564,-0.002932777,-0.00288939,-0.002829091,-0.002751585,-0.00265679,-0.002544634,-0.002415277,-0.002268887,-0.002105874,-0.001926654,-0.001731901,-0.001522296,-0.001298794,-0.001062363,-0.0008142714,-0.0005558101,-0.0002886251,-1.439586e-05,0.0002647623,0.0005466922,0.0008287058,0.001107992,0.001381324,0.001644833,0.001895027,0.00212682,0.002336162,0.002518503,0.002667514,0.002780661,0.002853943,0.002881715,0.002864775,0.002806251,0.002705141,0.002563678,0.002392197,0.002205208,0.002007285,0.00180409,0.001617138,0.001461977,0.001325477,0.001193651,0.001076121,0.0009908514,0.0009454915,0.0009376715,0.0009560562,0.0009824041,0.001004363,0.001022449,0.001041967,0.001064219,0.001084306,0.001097702,0.001102204,0.001096409,0.001079643,0.001051691,0.001012178,0.0009610921,0.0008987696,0.000825664,0.0007424788,0.0006500074,0.0005490241,0.0004405695,0.0003254612,0.0002046502
-0.0002600894,-0.0003901041,-0.0005214317,-0.0006533197,-0.0007852934,-0.0009168766,-0.001047757,-0.001177615,-0.001306194,-0.001433209,-0.001558356,-0.001681284,-0.00180157,-0.001918731,-0.00203219,-0.00214131,-0.002245357,-0.002343553,-0.002435034,-0.002518925,-0.002594277,-0.002660173,-0.002715641,-0.002759782,-0.002791663,-0.002810464,-0.002815352,-0.002805637,-0.002780633,-0.002739832,-0.002682735,-0.002609045,-0.002518481,-0.002410991,-0.002286526,-0.002145298,-0.00198751,-0.00181365,-0.001624188,-0.0014199,-0.001201545,-0.0009702109,-0.0007269749,-0.0004732747,-0.000210546,5.935941e-05,0.0003345787,0.0006127445,0.0008914744,0.00116776,0.001438575,0.001700203,0.001948691,0.002179896,0.002388516,0.002570407,0.002719648,0.002830883,0.002901297,0.002924227,0.002897072,0.002822453,0.002697963,0.002523529,0.002312056,0.002074578,0.00182086,0.001560381,0.001271373,0.0009928477,0.000810408,0.0006952907,0.0005820497,0.0004516001,0.0003426988,0.0002881694,0.0002884353,0.0003341609,0.0004030297,0.0004612121,0.0004981747,0.0005346409,0.0005960051,0.0006676995,0.0007209694,0.0007563418,0.0007794549,0.0007889427,0.0007829882,0.000761038,0.0007235878,0.0006714395,0.0006053829,0.0005267194,0.0004366709,0.0003367619,0.0002285424,0.0001133683,-7.274107e-06,-0.0001321298
-0.0005473091,-0.0006748583,-0.0008011691,-0.0009257103,-0.001047982,-0.001167763,-0.001284864,-0.0013992,-0.001510704,-0.001619269,-0.001724795,-0.001827041,-0.001925773,-0.002020551,-0.002110965,-0.002196364,-0.002276166,-0.002349536,-0.002415761,-0.002473875,-0.0025231,-0.002562404,-0.002591016,-0.002607914,-0.002612396,-0.002603518,-0.002580717,-0.002543181,-0.002490537,-0.00242215,-0.002337877,-0.0022373,-0.002120537,-0.001987404,-0.001838307,-0.001673319,-0.001493151,-0.00129815,-0.00108935,-0.0008673946,-0.0006336712,-0.0003891522,-0.0001356207,0.0001255731,0.0003921836,0.0006624188,0.0009334647,0.001202991,0.001467482,0.001723977,0.001968131,0.002196211,0.002403167,0.002584111,0.00273402,0.002846811,0.002917713,0.002942495,0.002914039,0.002833818,0.002699418,0.002507651,0.002267148,0.001991977,0.001686805,0.001338365,0.0009906873,0.0007318537,0.0004125755,0.000129488,4.998108e-05,3.424462e-05,2.67138e-05,1.996711e-05,1.441165e-05,1.185934e-05,1.215022e-05,1.491122e-05,1.897824e-05,2.356903e-05,3.195237e-05,6.532373e-05,0.0001735902,0.000294449,0.0003654267,0.0004319728,0.0004885463,0.0005178702,0.0005247921,0.0005116049,0.0004782934,0.0004258568,0.0003565382,0.0002722116,0.0001754192,6.834397e-05,-4.676207e-05,-0.0001676293,-0.0002924447,-0.0004194874
-0.0007667507,-0.000889857,-0.001008958,-0.001123899,-0.001234087,-0.001339819,-0.001440844,-0.001537636,-0.001630052,-0.001718513,-0.001802813,-0.001883168,-0.001959211,-0.002030879,-0.00209761,-0.002159057,-0.002214487,-0.00226331,-0.002304679,-0.002337831,-0.002361883,-0.00237598,-0.002379286,-0.002370929,-0.002350203,-0.002316291,-0.002268679,-0.002206665,-0.002129982,-0.00203809,-0.001931009,-0.001808396,-0.001670584,-0.001517459,-0.00134969,-0.001167414,-0.0009716591,-0.0007628332,-0.0005423527,-0.0003109237,-7.03899e-05,0.0001781962,0.0004325096,0.0006910871,0.0009510511,0.001210433,0.001465707,0.001714271,0.00195186,0.002175111,0.00237894,0.002559222,0.002709859,0.002826639,0.002902111,0.002933348,0.002912693,0.002837063,0.002705732,0.002514025,0.002262128,0.001966394,0.001623137,0.001218694,0.0008515765,0.0004723414,0.0001144297,3.740587e-05,1.850412e-05,3.470631e-06,7.538559e-08,-2.541291e-07,3.866742e-07,1.157288e-06,1.913048e-06,2.087679e-06,1.939512e-06,1.358657e-06,7.403912e-07,2.414613e-07,3.864594e-07,2.043927e-06,8.165351e-06,1.615829e-05,4.024649e-05,0.0001383978,0.0002269817,0.0002776679,0.0003105653,0.0003124334,0.000286669,0.0002369356,0.0001663615,7.77438e-05,-2.489907e-05,-0.0001386746,-0.0002595203,-0.0003854411,-0.0005130317,-0.0006408819
-0.000910952,-0.001028682,-0.001139849,-0.001244261,-0.001341751,-0.001432656,-0.00151723,-0.001595989,-0.00166927,-0.001737513,-0.001800909,-0.001859674,-0.001913732,-0.001963015,-0.002007151,-0.002045804,-0.00207834,-0.002104217,-0.002122616,-0.002132873,-0.002134075,-0.002125533,-0.002106325,-0.002075829,-0.002033193,-0.001977939,-0.001909355,-0.001827167,-0.001730854,-0.001620393,-0.001495493,-0.001356423,-0.001203151,-0.001036261,-0.0008560122,-0.0006633297,-0.0004587852,-0.0002436814,-1.893051e-05,0.0002137466,0.0004530491,0.0006967769,0.0009431792,0.0011895,0.001433452,0.001671634,0.001901108,0.002117728,0.002317795,0.00249638,0.002648959,0.002769787,0.002853909,0.0028945,0.002887957,0.002826466,0.002708876,0.002530713,0.002287978,0.001991054,0.001637925,0.001215781,0.0008041286,0.0003389155,6.55036e-05,2.210778e-05,3.581187e-06,4.253505e-07,2.598088e-06,4.460234e-06,NaN,NaN,NaN,NaN,NaN,NaN,NaN,NaN,NaN,NaN,NaN,2.93446e-06,1.959656e-06,9.485145e-07,1.814833e-06,7.209633e-06,1.781283e-05,7.011819e-05,0.000135671,0.0001589579,0.0001501443,0.000109616,4.168312e-05,-4.83356e-05,-0.000155112,-0.0002737592,-0.0004000902,-0.0005297717,-0.0006598915,-0.0007876025
-0.0009816535,-0.001094583,-0.00119845,-0.001293105,-0.001378691,-0.001455786,-0.001524917,-0.001586913,-0.001642317,-0.001691868,-0.001735893,-0.001774848,-0.001808741,-0.001837674,-0.001861332,-0.001879489,-0.001891564,-0.001897078,-0.001895284,-0.001885546,-0.001867055,-0.001839123,-0.001800977,-0.001751969,-0.001691451,-0.00161889,-0.001533835,-0.001435929,-0.001324969,-0.001200822,-0.001063576,-0.0009133568,-0.0007505731,-0.0005756459,-0.0003893297,-0.0001923729,1.408964e-05,0.0002289488,0.0004506488,0.0006776712,0.0009079812,0.001139582,0.001369888,0.00159634,0.001815719,0.002024796,0.002219642,0.002396253,0.002549971,0.002675945,0.002768866,0.002823146,0.0028328,0.002792889,0.00269671,0.002543479,0.0023264,0.002043641,0.001705108,0.001302719,0.0008486727,0.0003687356,6.409441e-05,1.532506e-05,1.905386e-06,2.316879e-06,5.098499e-06,NaN,NaN,NaN,NaN,NaN,NaN,NaN,NaN,NaN,NaN,NaN,NaN,NaN,NaN,NaN,NaN,NaN,2.613062e-06,1.671239e-06,1.346711e-06,4.041679e-06,1.122405e-05,4.238063e-05,6.029395e-05,3.767623e-05,-2.021301e-05,-0.0001066163,-0.0002143673,-0.0003364445,-0.0004664237,-0.0006001409,-0.0007324349,-0.0008604969
-0.00098667,-0.001096647,-0.001194939,-0.001282005,-0.001357744,-0.001423322,-0.001479262,-0.001526866,-0.001566784,-0.001600088,-0.001627253,-0.001648934,-0.0016653,-0.001676535,-0.001682506,-0.001682967,-0.00167756,-0.001665702,-0.001646923,-0.00162041,-0.001585705,-0.00154187,-0.001488567,-0.001424833,-0.001350539,-0.001264769,-0.001167683,-0.001058473,-0.0009376397,-0.0008045271,-0.0006600254,-0.0005036643,-0.0003367632,-0.0001590637,2.764581e-05,0.0002233765,0.0004258341,0.0006347385,0.0008472438,0.001062723,0.00127771,0.001491158,0.001698905,0.001899401,0.002087694,0.002261665,0.002415476,0.002546432,0.002647766,0.002716343,0.002744476,0.00272875,0.002661153,0.002537748,0.00235439,0.002107023,0.001799667,0.001422092,0.0009675009,0.0005248066,9.306714e-05,1.757841e-05,2.718642e-06,3.347923e-06,5.581773e-06,NaN,NaN,NaN,NaN,NaN,NaN,NaN,NaN,NaN,NaN,NaN,NaN,NaN,NaN,NaN,NaN,NaN,NaN,NaN,NaN,NaN,2.30236e-06,1.803611e-06,1.417185e-06,3.133314e-06,6.594707e-06,7.657978e-06,-2.884781e-05,-0.0001062655,-0.0002096331,-0.0003313537,-0.0004644706,-0.0006014265,-0.0007368572,-0.0008663284
-0.0009381031,-0.001047371,-0.001143255,-0.001225483,-0.001294694,-0.001351729,-0.001397748,-0.001433968,-0.001461553,-0.001481593,-0.001494945,-0.001502314,-0.001504132,-0.001500652,-0.001491904,-0.001477728,-0.001457855,-0.001431815,-0.001399169,-0.001359258,-0.001311601,-0.001255466,-0.001190447,-0.001115832,-0.001031393,-0.0009365138,-0.000831217,-0.0007150463,-0.0005883311,-0.000450822,-0.0003032036,-0.0001454699,2.130297e-05,0.0001968347,0.0003796207,0.0005690546,0.0007631569,0.000960949,0.001159923,0.001358663,0.001554066,0.001744199,0.001925286,0.002094794,0.002248209,0.002382313,0.002491862,0.00257292,0.00261969,0.002627556,0.002590534,0.002503344,0.002359703,0.002155401,0.001884212,0.001555069,0.001162281,0.0007020314,0.0001946033,3.211927e-05,3.783743e-06,3.122736e-06,5.388175e-06,NaN,NaN,NaN,NaN,NaN,NaN,NaN,NaN,NaN,NaN,NaN,NaN,NaN,NaN,NaN,NaN,NaN,NaN,NaN,NaN,NaN,NaN,NaN,NaN,NaN,1.884506e-06,1.567183e-06,1.359617e-06,1.557594e-06,-6.656488e-06,-6.19502e-05,-0.0001536847,-0.0002711424,-0.0004039648,-0.0005448217,-0.0006838887,-0.0008162392
-0.0008476331,-0.0009594664,-0.00105589,-0.001137137,-0.001203268,-0.001255596,-0.001295173,-0.001323621,-0.001342195,-0.001352323,-0.001354994,-0.001351187,-0.001341442,-0.001326246,-0.001305678,-0.001279813,-0.001248362,-0.001211116,-0.001167545,-0.001117296,-0.001059731,-0.0009944834,-0.0009209143,-0.0008387601,-0.0007474713,-0.0006469724,-0.0005368793,-0.0004173708,-0.000288285,-0.0001501066,-2.942052e-06,0.0001523735,0.0003154195,0.0004849758,0.0006602576,0.000839616,0.001021852,0.001204837,0.001386894,0.001565356,0.001737986,0.001901511,0.002053048,0.002188666,0.002304746,0.002396712,0.002460169,0.002490096,0.002481391,0.002429152,0.002327542,0.002172298,0.001956297,0.001674399,0.00132337,0.0009039944,0.0004709656,7.340762e-05,8.418872e-06,2.724344e-06,4.822456e-06,NaN,NaN,NaN,NaN,NaN,NaN,NaN,NaN,NaN,NaN,NaN,NaN,NaN,NaN,NaN,NaN,NaN,NaN,NaN,NaN,NaN,NaN,NaN,NaN,NaN,NaN,NaN,NaN,NaN,1.541256e-06,1.256755e-06,1.041323e-06,-5.871619e-06,-6.574732e-05,-0.0001664211,-0.0002990998,-0.0004419939,-0.0005855394,-0.0007222648
-0.0007266108,-0.0008434842,-0.0009443375,-0.001028078,-0.001095262,-0.001146649,-0.001183712,-0.001208,-0.001221135,-0.001224668,-0.001219877,-0.001207925,-0.001189556,-0.001165449,-0.001135827,-0.001100939,-0.0010606,-0.001014754,-0.0009629516,-0.0009049773,-0.000840257,-0.0007685476,-0.0006892773,-0.0006022801,-0.000507091,-0.0004037125,-0.000291859,-0.0001717724,-4.340802e-05,9.269623e-05,0.0002362927,0.0003865011,0.000542738,0.0007037281,0.0008685057,0.001035351,0.001202861,0.001368816,0.001531309,0.001687557,0.001835074,0.001970442,0.002090525,0.002191214,0.002268693,0.002318149,0.002335215,0.002314517,0.00225163,0.00214095,0.001978944,0.001759564,0.00147873,0.0011288,0.0006930633,0.0002363615,3.386103e-05,2.807576e-06,4.020347e-06,NaN,NaN,NaN,NaN,NaN,NaN,NaN,NaN,NaN,NaN,NaN,NaN,NaN,NaN,NaN,NaN,NaN,NaN,NaN,NaN,NaN,NaN,NaN,NaN,NaN,NaN,NaN,NaN,NaN,NaN,NaN,NaN,NaN,1.128485e-06,9.987982e-07,-3.683764e-06,-4.376483e-05,-0.0001616203,-0.0003074885,-0.0004538913,-0.0005954232
-0.0005829871,-0.0007077851,-0.0008156802,-0.0009059,-0.0009777639,-0.001032277,-0.001070538,-0.001094408,-0.001105549,-0.001105799,-0.001096634,-0.001079436,-0.001055208,-0.001024768,-0.0009886154,-0.0009470673,-0.0009002186,-0.0008480175,-0.0007903001,-0.0007267967,-0.0006572309,-0.0005812563,-0.0004986074,-0.0004089866,-0.0003122402,-0.0002082106,-9.694365e-05,2.150453e-05,0.000146824,0.0002786837,0.0004164564,0.0005594803,0.0007067599,0.0008572518,0.001009541,0.001162141,0.001313169,0.001460624,0.001602104,0.001735012,0.001856371,0.001962908,0.002051031,0.00211673,0.00215581,0.002163563,0.00213535,0.0020661,0.001951213,0.001786267,0.001567479,0.00129216,0.0009562519,0.0005454847,0.0001122229,1.313514e-05,2.387379e-06,4.083915e-06,NaN,NaN,NaN,NaN,NaN,NaN,NaN,NaN,NaN,NaN,NaN,NaN,NaN,NaN,NaN,NaN,NaN,NaN,NaN,NaN,NaN,NaN,NaN,NaN,NaN,NaN,NaN,NaN,NaN,NaN,NaN,NaN,NaN,NaN,NaN,9.019179e-07,8.433312e-07,-1.268751e-06,-2.580072e-05,-0.0001517669,-0.0002995251,-0.0004451092
-0.0004236234,-0.0005573982,-0.0006754323,-0.0007749954,-0.0008554094,-0.0009165768,-0.0009598371,-0.0009867738,-0.000999366,-0.0009994979,-0.0009889518,-0.0009692888,-0.0009417694,-0.0009074369,-0.0008669877,-0.0008209707,-0.0007696138,-0.0007130937,-0.0006513176,-0.0005842411,-0.0005116038,-0.000433281,-0.0003489879,-0.000258634,-0.0001620277,-5.921515e-05,4.981626e-05,0.0001648043,0.0002855074,0.0004113833,0.0005418711,0.0006760945,0.000813116,0.0009516685,0.001090376,0.001227529,0.001361244,0.001489319,0.001609283,0.001718394,0.001813514,0.001891321,0.001947951,0.00197951,0.001981403,0.00194928,0.001878027,0.001763218,0.001600004,0.001384782,0.001115367,0.0007897511,0.0004161425,6.328469e-05,4.469633e-06,3.116462e-06,3.371759e-06,NaN,NaN,NaN,NaN,NaN,NaN,NaN,NaN,NaN,NaN,NaN,NaN,NaN,NaN,NaN,NaN,NaN,NaN,NaN,NaN,NaN,NaN,NaN,NaN,NaN,NaN,NaN,NaN,NaN,NaN,NaN,NaN,NaN,NaN,NaN,NaN,NaN,6.764188e-07,4.434025e-07,-3.420619e-08,-1.72973e-05,-0.0001328549,-0.0002776377
-0.0002529883,-0.0003967341,-0.0005251302,-0.0006374223,-0.0007290485,-0.0008004811,-0.0008519247,-0.0008854232,-0.0009025912,-0.0009057376,-0.000896611,-0.0008771647,-0.0008487672,-0.0008128044,-0.0007701284,-0.0007215702,-0.0006675175,-0.0006083662,-0.0005441712,-0.0004750479,-0.000400868,-0.0003216215,-0.0002371286,-0.0001473968,-5.230861e-05,4.800587e-05,0.0001535002,0.0002638333,0.0003787171,0.0004975258,0.0006196642,0.0007441551,0.0008700328,0.000995909,0.001120387,0.001241601,0.001357667,0.001466174,0.001564695,0.001650206,0.001719695,0.001769479,0.001795946,0.001794763,0.001761774,0.001692156,0.001581382,0.001424746,0.001217659,0.0009578477,0.0006399487,0.0002911052,3.934084e-05,1.845466e-06,3.190359e-06,NaN,NaN,NaN,NaN,NaN,NaN,NaN,NaN,NaN,NaN,NaN,NaN,NaN,NaN,NaN,NaN,NaN,NaN,NaN,NaN,NaN,NaN,NaN,NaN,NaN,NaN,NaN,NaN,NaN,NaN,NaN,NaN,NaN,NaN,NaN,NaN,NaN,NaN,NaN,NaN,NaN,1.537617e-07,2.382365e-07,-1.231936e-05,-0.0001053264
-8.730299e-05,-0.0002241668,-0.0003673711,-0.0004931307,-0.0005990975,-0.0006830876,-0.0007460139,-0.0007889167,-0.0008138545,-0.0008228113,-0.0008179423,-0.0008011956,-0.0007743181,-0.0007388305,-0.0006959146,-0.000646582,-0.0005914872,-0.0005312078,-0.0004659983,-0.0003961411,-0.0003216458,-0.0002426443,-0.0001590593,-7.099863e-05,2.156915e-05,0.0001184391,0.0002194966,0.0003243422,0.0004326269,0.0005436753,0.0006568287,0.0007710641,0.0008853496,0.0009982424,0.001108275,0.00121352,0.001312013,0.001401282,0.001478812,0.001541529,0.001586343,0.001609548,0.001607513,0.001575908,0.001510732,0.001407056,0.001261031,0.001066911,0.0008229828,0.0005193042,0.0001919948,2.386904e-05,1.054584e-06,2.646298e-06,NaN,NaN,NaN,NaN,NaN,NaN,NaN,NaN,NaN,NaN,NaN,NaN,NaN,NaN,NaN,NaN,NaN,NaN,NaN,NaN,NaN,NaN,NaN,NaN,NaN,NaN,NaN,NaN,NaN,NaN,NaN,NaN,NaN,NaN,NaN,NaN,NaN,NaN,NaN,NaN,NaN,NaN,NaN,-1.43839e-07,1.67711e-07,-9.198064e-06
-6.805813e-06,-5.812419e-05,-0.0001999339,-0.0003430512,-0.0004633531,-0.000562706,-0.0006390746,-0.0006943786,-0.0007296261,-0.0007472757,-0.0007491705,-0.0007376552,-0.0007145082,-0.0006816002,-0.0006402939,-0.000591889,-0.0005372706,-0.0004772306,-0.0004122591,-0.0003427751,-0.0002690103,-0.0001911708,-0.000109367,-2.374976e-05,6.556095e-05,0.0001583496,0.0002543641,0.0003532201,0.0004544353,0.0005573701,0.0006612276,0.0007650375,0.0008676069,0.0009675727,0.001063272,0.00115289,0.001234228,0.001304972,0.001362329,0.00140347,0.001424973,0.001423538,0.001395111,0.001336108,0.001241829,0.001108896,0.0009315237,0.000708277,0.0004279171,0.0001284435,1.398091e-05,9.985794e-07,2.047102e-06,NaN,NaN,NaN,NaN,NaN,NaN,NaN,NaN,NaN,NaN,NaN,NaN,NaN,NaN,NaN,NaN,NaN,NaN,NaN,NaN,NaN,NaN,NaN,NaN,NaN,NaN,NaN,NaN,NaN,NaN,NaN,NaN,NaN,NaN,NaN,NaN,NaN,NaN,NaN,NaN,NaN,NaN,NaN,NaN,NaN,-2.593808e-07,-3.266529e-07
-5.437474e-07,-4.376055e-06,-4.570245e-05,-0.000183876,-0.0003222832,-0.0004365722,-0.0005290587,-0.0005984509,-0.0006467795,-0.0006754065,-0.000686686,-0.0006826685,-0.0006655218,-0.0006371865,-0.0005993425,-0.0005535159,-0.0005008311,-0.0004423607,-0.0003787466,-0.0003106983,-0.0002385147,-0.000162676,-8.330306e-05,-7.810395e-07,8.47994e-05,0.0001730071,0.0002636644,0.0003561761,0.0004501721,0.000544792,0.0006393852,0.0007327367,0.000823844,0.0009110539,0.0009929499,0.001067372,0.001132443,0.001185439,0.001224007,0.001244823,0.001245112,0.001220944,0.001169303,0.001085656,0.0009672326,0.0008085193,0.0006084885,0.0003566439,9.063206e-05,8.107721e-06,9.047416e-07,1.262497e-06,NaN,NaN,NaN,NaN,NaN,NaN,NaN,NaN,NaN,NaN,NaN,NaN,NaN,NaN,NaN,NaN,NaN,NaN,NaN,NaN,NaN,NaN,NaN,NaN,NaN,NaN,NaN,NaN,NaN,NaN,NaN,NaN,NaN,NaN,NaN,NaN,NaN,NaN,NaN,NaN,NaN,NaN,NaN,NaN,NaN,NaN,NaN,-4.355657e-07
-6.22766e-07,-9.942544e-07,-3.588159e-06,-3.874681e-05,-0.0001712587,-0.0003040896,-0.0004121832,-0.0004981761,-0.0005610923,-0.0006032297,-0.0006259611,-0.0006317996,-0.0006227033,-0.0006009546,-0.0005683669,-0.00052673,-0.0004774474,-0.0004217703,-0.0003606717,-0.000294946,-0.0002252307,-0.0001520111,-7.571751e-05,3.307809e-06,8.469847e-05,0.0001681204,0.0002531288,0.0003392747,0.000425917,0.000512388,0.0005977488,0.0006810262,0.0007608894,0.0008359922,0.0009045376,0.0009647541,0.001014322,0.001051029,0.001071999,0.001074628,0.00105549,0.001011755,0.0009394593,0.0008359858,0.0006966458,0.0005204682,0.0002989157,6.772062e-05,4.833092e-06,7.214556e-07,6.429449e-07,NaN,NaN,NaN,NaN,NaN,NaN,NaN,NaN,NaN,NaN,NaN,NaN,NaN,NaN,NaN,NaN,NaN,NaN,NaN,NaN,NaN,NaN,NaN,NaN,NaN,NaN,NaN,NaN,NaN,NaN,NaN,NaN,NaN,NaN,NaN,NaN,NaN,NaN,NaN,NaN,NaN,NaN,NaN,NaN,NaN,NaN,NaN,NaN,NaN
NaN,-7.776916e-07,-1.303045e-06,-3.313901e-06,-3.469852e-05,-0.0001611575,-0.0002880352,-0.000390198,-0.0004700417,-0.0005270875,-0.0005635776,-0.0005811678,-0.0005822451,-0.0005689536,-0.0005434141,-0.0005075934,-0.0004631189,-0.0004115517,-0.0003539975,-0.0002916083,-0.0002250613,-0.0001551955,-8.241714e-05,-7.381439e-06,6.962041e-05,0.0001479609,0.0002273305,0.0003069931,0.0003864966,0.0004648776,0.0005414379,0.000614884,0.0006841932,0.0007476549,0.0008038626,0.0008506315,0.0008861476,0.000907723,0.0009131788,0.0008993358,0.0008638062,0.0008029538,0.0007145649,0.0005943765,0.0004416252,0.0002498454,5.269301e-05,2.827812e-06,3.275266e-07,4.718009e-08,NaN,NaN,NaN,NaN,NaN,NaN,NaN,NaN,NaN,NaN,NaN,NaN,NaN,NaN,NaN,NaN,NaN,NaN,NaN,NaN,NaN,NaN,NaN,NaN,NaN,NaN,NaN,NaN,NaN,NaN,NaN,NaN,NaN,NaN,NaN,NaN,NaN,NaN,NaN,NaN,NaN,NaN,NaN,NaN,NaN,NaN,NaN,NaN,NaN,NaN
NaN,NaN,-9.74585e-07,-1.55732e-06,-3.282131e-06,-3.247609e-05,-0.0001524484,-0.000273561,-0.0003700146,-0.0004441188,-0.0004956556,-0.0005270772,-0.0005400484,-0.0005371073,-0.0005203029,-0.0004918752,-0.0004536627,-0.0004074134,-0.0003545628,-0.0002963562,-0.0002338378,-0.00016786,-9.917113e-05,-2.839199e-05,4.388203e-05,0.0001171196,0.0001907213,0.0002641051,0.0003365338,0.0004072537,0.0004752753,0.0005395763,0.0005988149,0.0006516321,0.0006962708,0.0007309986,0.0007536159,0.0007620472,0.0007536709,0.0007262062,0.0006766695,0.0006028972,0.0005015283,0.0003713206,0.0002075979,4.209447e-05,1.627498e-06,-4.529124e-08,-3.612328e-07,NaN,NaN,NaN,NaN,NaN,NaN,NaN,NaN,NaN,NaN,NaN,NaN,NaN,NaN,NaN,NaN,NaN,NaN,NaN,NaN,NaN,NaN,NaN,NaN,NaN,NaN,NaN,NaN,NaN,NaN,NaN,NaN,NaN,NaN,NaN,NaN,NaN,NaN,NaN,NaN,NaN,NaN,NaN,NaN,NaN,NaN,NaN,NaN,NaN,NaN,NaN
NaN,NaN,NaN,-1.217566e-06,-1.822502e-06,-3.460282e-06,-3.107333e-05,-0.0001451504,-0.0002605575,-0.0003515133,-0.0004200598,-0.000466504,-0.0004932407,-0.0005022115,-0.0004958275,-0.0004763114,-0.0004457458,-0.0004061115,-0.0003589984,-0.0003059887,-0.0002481924,-0.0001868156,-0.0001226162,-5.652678e-05,1.089791e-05,7.883819e-05,0.0001468009,0.000213931,0.0002796584,0.0003429609,0.0004030764,0.0004587045,0.0005088119,0.0005517399,0.0005861366,0.0006099524,0.0006215333,0.0006184553,0.000598888,0.0005601033,0.0005004049,0.0004167166,0.0003083768,0.0001715855,3.340398e-05,6.98415e-07,-4.969113e-07,-8.059215e-07,NaN,NaN,NaN,NaN,NaN,NaN,NaN,NaN,NaN,NaN,NaN,NaN,NaN,NaN,NaN,NaN,NaN,NaN,NaN,NaN,NaN,NaN,NaN,NaN,NaN,NaN,NaN,NaN,NaN,NaN,NaN,NaN,NaN,NaN,NaN,NaN,NaN,NaN,NaN,NaN,NaN,NaN,NaN,NaN,NaN,NaN,NaN,NaN,NaN,NaN,NaN,NaN
NaN,NaN,NaN,NaN,-1.422157e-06,-2.039297e-06,-3.679743e-06,-3.040375e-05,-0.0001387994,-0.0002485341,-0.0003339634,-0.0003971886,-0.0004387696,-0.000461307,-0.0004667375,-0.0004576037,-0.0004360273,-0.0004041934,-0.0003639503,-0.0003169939,-0.0002647747,-0.0002085446,-0.0001493865,-8.82433e-05,-2.595485e-05,3.671075e-05,9.899683e-05,0.0001601606,0.0002193865,0.000275825,0.0003284809,0.0003762979,0.0004180045,0.0004522769,0.0004775297,0.0004921611,0.0004942919,0.0004821323,0.0004535967,0.0004069569,0.0003400411,0.0002516541,0.0001397613,2.871611e-05,9.196661e-08,-8.939338e-07,-1.115476e-06,NaN,NaN,NaN,NaN,NaN,NaN,NaN,NaN,NaN,NaN,NaN,NaN,NaN,NaN,NaN,NaN,NaN,NaN,NaN,NaN,NaN,NaN,NaN,NaN,NaN,NaN,NaN,NaN,NaN,NaN,NaN,NaN,NaN,NaN,NaN,NaN,NaN,NaN,NaN,NaN,NaN,NaN,NaN,NaN,NaN,NaN,NaN,NaN,NaN,NaN,NaN,NaN,NaN
NaN,NaN,NaN,NaN,NaN,-1.666492e-06,-2.276231e-06,-4.027471e-06,-3.03748e-05,-0.0001333397,-0.0002372004,-0.0003171406,-0.0003751259,-0.0004122027,-0.0004308955,-0.0004333774,-0.0004220585,-0.0003992014,-0.0003668272,-0.0003268964,-0.000280953,-0.00023056,-0.0001768586,-0.0001210624,-6.403006e-05,-6.774148e-06,4.999389e-05,0.0001053142,0.0001584783,0.0002084436,0.0002543855,0.0002950689,0.0003294834,0.0003561388,0.0003738131,0.0003807699,0.0003756417,0.0003565183,0.0003221073,0.000270419,0.0002008461,0.0001116066,2.233193e-05,-2.753001e-07,-1.290559e-06,-1.489689e-06,NaN,NaN,NaN,NaN,NaN,NaN,NaN,NaN,NaN,NaN,NaN,NaN,NaN,NaN,NaN,NaN,NaN,NaN,NaN,NaN,NaN,NaN,NaN,NaN,NaN,NaN,NaN,NaN,NaN,NaN,NaN,NaN,NaN,NaN,NaN,NaN,NaN,NaN,NaN,NaN,NaN,NaN,NaN,NaN,NaN,NaN,NaN,NaN,NaN,NaN,NaN,NaN,NaN,NaN
NaN,NaN,NaN,NaN,NaN,NaN,-1.864153e-06,-2.47654e-06,-4.413825e-06,-3.068089e-05,-0.0001281805,-0.0002259918,-0.0003003523,-0.0003533151,-0.0003861211,-0.0004014467,-0.0004014494,-0.0003886232,-0.000365119,-0.000333019,-0.0002941444,-0.0002501298,-0.000202394,-0.0001522092,-0.0001006738,-4.88015e-05,2.481911e-06,5.227582e-05,9.96882e-05,0.0001437994,0.0001836343,0.0002181618,0.0002462392,0.0002666832,0.0002781843,0.0002794317,0.0002690252,0.0002456854,0.0002080616,0.0001552362,8.658726e-05,1.828872e-05,-7.863406e-07,-1.652104e-06,-1.757915e-06,NaN,NaN,NaN,NaN,NaN,NaN,NaN,NaN,NaN,NaN,NaN,NaN,NaN,NaN,NaN,NaN,NaN,NaN,NaN,NaN,NaN,NaN,NaN,NaN,NaN,NaN,NaN,NaN,NaN,NaN,NaN,NaN,NaN,NaN,NaN,NaN,NaN,NaN,NaN,NaN,NaN,NaN,NaN,NaN,NaN,NaN,NaN,NaN,NaN,NaN,NaN,NaN,NaN,NaN,NaN
NaN,NaN,NaN,NaN,NaN,NaN,NaN,-2.094596e-06,-2.697306e-06,-4.90005e-06,-3.127924e-05,-0.0001230804,-0.0002146066,-0.0002834619,-0.0003315077,-0.0003604117,-0.0003727472,-0.0003708587,-0.0003570709,-0.0003336316,-0.0003024524,-0.0002654226,-0.0002240456,-0.0001798127,-0.0001338835,-8.746835e-05,-4.149331e-05,2.979327e-06,4.51201e-05,8.388775e-05,0.000118438,0.0001476525,0.0001706231,0.0001861213,0.0001931791,0.0001905206,0.000177234,0.0001521263,0.0001146531,6.421797e-05,1.315307e-05,-1.146638e-06,-1.992463e-06,-2.064424e-06,NaN,NaN,NaN,NaN,NaN,NaN,NaN,NaN,NaN,NaN,NaN,NaN,NaN,NaN,NaN,NaN,NaN,NaN,NaN,NaN,NaN,NaN,NaN,NaN,NaN,NaN,NaN,NaN,NaN,NaN,NaN,NaN,NaN,NaN,NaN,NaN,NaN,NaN,NaN,NaN,NaN,NaN,NaN,NaN,NaN,NaN,NaN,NaN,NaN,NaN,NaN,NaN,NaN,NaN,NaN,NaN
NaN,NaN,NaN,NaN,NaN,NaN,NaN,NaN,-2.278616e-06,-2.888622e-06,-5.399787e-06,-3.169133e-05,-0.0001175004,-0.0002026157,-0.000265926,-0.000309296,-0.0003345769,-0.00034441,-0.000341081,-0.0003269376,-0.0003040921,-0.000274502,-0.0002398882,-0.0002018305,-0.0001616731,-0.0001206639,-7.988961e-05,-4.039178e-05,-3.121366e-06,3.096747e-05,6.095874e-05,8.59143e-05,0.0001048881,0.0001169464,0.0001211646,0.0001166768,0.0001027128,7.86859e-05,4.458882e-05,9.236817e-06,-1.635249e-06,-2.281212e-06,-2.297853e-06,NaN,NaN,NaN,NaN,NaN,NaN,NaN,NaN,NaN,NaN,NaN,NaN,NaN,NaN,NaN,NaN,NaN,NaN,NaN,NaN,NaN,NaN,NaN,NaN,NaN,NaN,NaN,NaN,NaN,NaN,NaN,NaN,NaN,NaN,NaN,NaN,NaN,NaN,NaN,NaN,NaN,NaN,NaN,NaN,NaN,NaN,NaN,NaN,NaN,NaN,NaN,NaN,NaN,NaN,NaN,NaN,NaN
NaN,NaN,NaN,NaN,NaN,NaN,NaN,NaN,NaN,-2.491247e-06,-3.102853e-06,-5.939592e-06,-3.192893e-05,-0.000111323,-0.0001897862,-0.0002476676,-0.0002865423,-0.0003086032,-0.0003162948,-0.0003120292,-0.0002979625,-0.0002762495,-0.0002486947,-0.0002170374,-0.0001827033,-0.0001470868,-0.0001113002,-7.649328e-05,-4.358039e-05,-1.357143e-05,1.27248e-05,3.436175e-05,5.062009e-05,6.061922e-05,6.376221e-05,5.937512e-05,4.710065e-05,2.702058e-05,5.197654e-06,-2.063693e-06,-2.576818e-06,-2.562849e-06,NaN,NaN,NaN,NaN,NaN,NaN,NaN,NaN,NaN,NaN,NaN,NaN,NaN,NaN,NaN,NaN,NaN,NaN,NaN,NaN,NaN,NaN,NaN,NaN,NaN,NaN,NaN,NaN,NaN,NaN,NaN,NaN,NaN,NaN,NaN,NaN,NaN,NaN,NaN,NaN,NaN,NaN,NaN,NaN,NaN,NaN,NaN,NaN,NaN,NaN,NaN,NaN,NaN,NaN,NaN,NaN,NaN,NaN
NaN,NaN,NaN,NaN,NaN,NaN,NaN,NaN,NaN,-2.569431e-06,-2.659271e-06,-3.292608e-06,-6.442664e-06,-3.170439e-05,-0.0001040448,-0.0001757488,-0.0002282915,-0.0002629783,-0.0002820853,-0.0002880439,-0.0002831537,-0.0002695956,-0.0002493281,-0.0002241895,-0.0001957276,-0.0001653918,-0.0001343986,-0.0001039009,-7.487225e-05,-4.826215e-05,-2.487352e-05,-5.489836e-06,9.212511e-06,1.863643e-05,2.234927e-05,2.001981e-05,1.188222e-05,1.397608e-06,-2.516902e-06,-2.80895e-06,-2.759605e-06,-2.423988e-06,NaN,NaN,NaN,NaN,NaN,NaN,NaN,NaN,NaN,NaN,NaN,NaN,NaN,NaN,NaN,NaN,NaN,NaN,NaN,NaN,NaN,NaN,NaN,NaN,NaN,NaN,NaN,NaN,NaN,NaN,NaN,NaN,NaN,NaN,NaN,NaN,NaN,NaN,NaN,NaN,NaN,NaN,NaN,NaN,NaN,NaN,NaN,NaN,NaN,NaN,NaN,NaN,NaN,NaN,NaN,NaN,NaN,NaN
NaN,NaN,NaN,NaN,NaN,NaN,NaN,NaN,NaN,NaN,-2.746079e-06,-2.852312e-06,-3.507744e-06,-6.935321e-06,-3.08977e-05,-9.554673e-05,-0.0001603902,-0.0002078206,-0.0002384963,-0.0002549608,-0.0002594155,-0.0002542107,-0.000241363,-0.0002228025,-0.0002001601,-0.0001749817,-0.0001485154,-0.0001219727,-9.630001e-05,-7.244416e-05,-5.111481e-05,-3.304184e-05,-1.866392e-05,-8.471266e-06,-2.580685e-06,-9.110651e-07,-2.159996e-06,-3.060318e-06,-3.062717e-06,-2.985847e-06,-2.690785e-06,NaN,NaN,NaN,NaN,NaN,NaN,NaN,NaN,NaN,NaN,NaN,NaN,NaN,NaN,NaN,NaN,NaN,NaN,NaN,NaN,NaN,NaN,NaN,NaN,NaN,NaN,NaN,NaN,NaN,NaN,NaN,NaN,NaN,NaN,NaN,NaN,NaN,NaN,NaN,NaN,NaN,NaN,NaN,NaN,NaN,NaN,NaN,NaN,NaN,NaN,NaN,NaN,NaN,NaN,NaN,NaN,NaN,NaN,NaN
NaN,NaN,NaN,NaN,NaN,NaN,NaN,NaN,NaN,NaN,NaN,-2.89034e-06,-3.003149e-06,-3.700507e-06,-7.303192e-06,-2.925365e-05,-8.559791e-05,-0.0001435351,-0.0001859095,-0.0002128208,-0.0002267469,-0.0002299346,-0.0002245094,-0.0002124929,-0.0001955784,-0.0001753594,-0.0001531408,-0.0001301393,-0.0001073133,-8.555859e-05,-6.551881e-05,-4.775675e-05,-3.264405e-05,-2.034284e-05,-1.096886e-05,-5.175342e-06,-3.576687e-06,-3.262812e-06,-3.141016e-06,-2.894815e-06,NaN,NaN,NaN,NaN,NaN,NaN,NaN,NaN,NaN,NaN,NaN,NaN,NaN,NaN,NaN,NaN,NaN,NaN,NaN,NaN,NaN,NaN,NaN,NaN,NaN,NaN,NaN,NaN,NaN,NaN,NaN,NaN,NaN,NaN,NaN,NaN,NaN,NaN,NaN,NaN,NaN,NaN,NaN,NaN,NaN,NaN,NaN,NaN,NaN,NaN,NaN,NaN,NaN,NaN,NaN,NaN,NaN,NaN,NaN,NaN
NaN,NaN,NaN,NaN,NaN,NaN,NaN,NaN,NaN,NaN,NaN,NaN,-3.044638e-06,-3.177709e-06,-3.909008e-06,-7.551987e-06,-2.693152e-05,-7.436983e-05,-0.0001251062,-0.0001625009,-0.0001857139,-0.0001972239,-0.0001991638,-0.0001935669,-0.0001821967,-0.0001667029,-0.00014841,-0.0001285538,-0.0001080596,-8.777178e-05,-6.825967e-05,-4.998976e-05,-3.304604e-05,-1.812322e-05,-7.67137e-06,-4.12924e-06,-3.484673e-06,-3.328093e-06,-3.112166e-06,NaN,NaN,NaN,NaN,NaN,NaN,NaN,NaN,NaN,NaN,NaN,NaN,NaN,NaN,NaN,NaN,NaN,NaN,NaN,NaN,NaN,NaN,NaN,NaN,NaN,NaN,NaN,NaN,NaN,NaN,NaN,NaN,NaN,NaN,NaN,NaN,NaN,NaN,NaN,NaN,NaN,NaN,NaN,NaN,NaN,NaN,NaN,NaN,NaN,NaN,NaN,NaN,NaN,NaN,NaN,NaN,NaN,NaN,NaN,NaN,NaN
NaN,NaN,NaN,NaN,NaN,NaN,NaN,NaN,NaN,NaN,NaN,NaN,NaN,-3.169672e-06,-3.314166e-06,-4.08552e-06,-7.614826e-06,-2.393212e-05,-6.189373e-05,-0.0001050196,-0.0001371517,-0.0001567817,-0.0001658444,-0.0001664618,-0.0001604124,-0.0001493584,-0.0001346495,-0.0001175106,-9.885518e-05,-7.947187e-05,-5.981647e-05,-4.026266e-05,-2.201597e-05,-9.289801e-06,-4.609744e-06,-3.668487e-06,-3.452616e-06,-3.272641e-06,NaN,NaN,NaN,NaN,NaN,NaN,NaN,NaN,NaN,NaN,NaN,NaN,NaN,NaN,NaN,NaN,NaN,NaN,NaN,NaN,NaN,NaN,NaN,NaN,NaN,NaN,NaN,NaN,NaN,NaN,NaN,NaN,NaN,NaN,NaN,NaN,NaN,NaN,NaN,NaN,NaN,NaN,NaN,NaN,NaN,NaN,NaN,NaN,NaN,NaN,NaN,NaN,NaN,NaN,NaN,NaN,NaN,NaN,NaN,NaN,NaN,NaN
NaN,NaN,NaN,NaN,NaN,NaN,NaN,NaN,NaN,NaN,NaN,NaN,NaN,-3.118541e-06,-3.301812e-06,-3.469456e-06,-4.25762e-06,-7.520982e-06,-2.039425e-05,-4.889698e-05,-8.3308e-05,-0.0001097817,-0.0001256741,-0.0001322259,-0.0001311797,-0.0001242451,-0.0001127592,-9.794634e-05,-8.066132e-05,-6.164478e-05,-4.169516e-05,-2.27964e-05,-1.00257e-05,-5.022102e-06,-3.867891e-06,-3.602605e-06,-3.440064e-06,-3.290008e-06,NaN,NaN,NaN,NaN,NaN,NaN,NaN,NaN,NaN,NaN,NaN,NaN,NaN,NaN,NaN,NaN,NaN,NaN,NaN,NaN,NaN,NaN,NaN,NaN,NaN,NaN,NaN,NaN,NaN,NaN,NaN,NaN,NaN,NaN,NaN,NaN,NaN,NaN,NaN,NaN,NaN,NaN,NaN,NaN,NaN,NaN,NaN,NaN,NaN,NaN,NaN,NaN,NaN,NaN,NaN,NaN,NaN,NaN,NaN,NaN,NaN,NaN
NaN,NaN,NaN,NaN,NaN,NaN,NaN,NaN,NaN,NaN,NaN,NaN,NaN,NaN,-3.23523e-06,-3.409722e-06,-3.591062e-06,-4.377895e-06,-7.206345e-06,-1.66252e-05,-3.612779e-05,-6.061654e-05,-8.054121e-05,-9.211102e-05,-9.563746e-05,-9.244825e-05,-8.383444e-05,-7.100922e-05,-5.503036e-05,-3.728405e-05,-2.079606e-05,-9.872984e-06,-5.261642e-06,-4.024925e-06,-3.703087e-06,-3.562133e-06,-3.420899e-06,NaN,NaN,NaN,NaN,NaN,NaN,NaN,NaN,NaN,NaN,NaN,NaN,NaN,NaN,NaN,NaN,NaN,NaN,NaN,NaN,NaN,NaN,NaN,NaN,NaN,NaN,NaN,NaN,NaN,NaN,NaN,NaN,NaN,NaN,NaN,NaN,NaN,NaN,NaN,NaN,NaN,NaN,NaN,NaN,NaN,NaN,NaN,NaN,NaN,NaN,NaN,NaN,NaN,NaN,NaN,NaN,NaN,NaN,NaN,NaN,NaN,NaN,NaN
NaN,NaN,NaN,NaN,NaN,NaN,NaN,NaN,NaN,NaN,NaN,NaN,NaN,NaN,NaN,-3.362442e-06,-3.518886e-06,-3.725843e-06,-4.459841e-06,-6.761305e-06,-1.30168e-05,-2.479549e-05,-3.924532e-05,-5.118202e-05,-5.728181e-05,-5.701169e-05,-5.112262e-05,-4.097814e-05,-2.859595e-05,-1.695291e-05,-9.056532e-06,-5.371141e-06,-4.169159e-06,-3.820682e-06,-3.682479e-06,-3.562562e-06,NaN,NaN,NaN,NaN,NaN,NaN,NaN,NaN,NaN,NaN,NaN,NaN,NaN,NaN,NaN,NaN,NaN,NaN,NaN,NaN,NaN,NaN,NaN,NaN,NaN,NaN,NaN,NaN,NaN,NaN,NaN,NaN,NaN,NaN,NaN,NaN,NaN,NaN,NaN,NaN,NaN,NaN,NaN,NaN,NaN,NaN,NaN,NaN,NaN,NaN,NaN,NaN,NaN,NaN,NaN,NaN,NaN,NaN,NaN,NaN,NaN,NaN,NaN,NaN
NaN,NaN,NaN,NaN,NaN,NaN,NaN,NaN,NaN,NaN,NaN,NaN,NaN,NaN,NaN,-3.36474e-06,-3.454213e-06,-3.603835e-06,-3.822212e-06,-4.472743e-06,-6.192041e-06,-9.91743e-06,-1.588187e-05,-2.2391e-05,-2.683325e-05,-2.753875e-05,-2.44341e-05,-1.87538e-05,-1.259236e-05,-7.853228e-06,-5.291892e-06,-4.253275e-06,-3.894606e-06,-3.763277e-06,-3.652019e-06,-3.539264e-06,NaN,NaN,NaN,NaN,NaN,NaN,NaN,NaN,NaN,NaN,NaN,NaN,NaN,NaN,NaN,NaN,NaN,NaN,NaN,NaN,NaN,NaN,NaN,NaN,NaN,NaN,NaN,NaN,NaN,NaN,NaN,NaN,NaN,NaN,NaN,NaN,NaN,NaN,NaN,NaN,NaN,NaN,NaN,NaN,NaN,NaN,NaN,NaN,NaN,NaN,NaN,NaN,NaN,NaN,NaN,NaN,NaN,NaN,NaN,NaN,NaN,NaN,NaN,NaN
NaN,NaN,NaN,NaN,NaN,NaN,NaN,NaN,NaN,NaN,NaN,NaN,NaN,NaN,NaN,NaN,-3.447475e-06,-3.539173e-06,-3.671195e-06,-3.903142e-06,-4.42971e-06,-5.595368e-06,-7.542542e-06,-9.960541e-06,-1.18771e-05,-1.233778e-05,-1.111755e-05,-8.873593e-06,-6.636387e-06,-5.08893e-06,-4.284884e-06,-3.961352e-06,-3.822131e-06,-3.730408e-06,-3.63474e-06,NaN,NaN,NaN,NaN,NaN,NaN,NaN,NaN,NaN,NaN,NaN,NaN,NaN,NaN,NaN,NaN,NaN,NaN,NaN,NaN,NaN,NaN,NaN,NaN,NaN,NaN,NaN,NaN,NaN,NaN,NaN,NaN,NaN,NaN,NaN,NaN,NaN,NaN,NaN,NaN,NaN,NaN,NaN,NaN,NaN,NaN,NaN,NaN,NaN,NaN,NaN,NaN,NaN,NaN,NaN,NaN,NaN,NaN,NaN,NaN,NaN,NaN,NaN,NaN,NaN
NaN,NaN,NaN,NaN,NaN,NaN,NaN,NaN,NaN,NaN,NaN,NaN,NaN,NaN,NaN,NaN,NaN,-3.47374e-06,-3.557942e-06,-3.683064e-06,-3.900708e-06,-4.305183e-06,-4.986669e-06,-5.855255e-06,-6.569119e-06,-6.767532e-06,-6.337272e-06,-5.538801e-06,-4.753548e-06,-4.222441e-06,-3.946595e-06,-3.814437e-06,-3.72973e-06,-3.658086e-06,NaN,NaN,NaN,NaN,NaN,NaN,NaN,NaN,NaN,NaN,NaN,NaN,NaN,NaN,NaN,NaN,NaN,NaN,NaN,NaN,NaN,NaN,NaN,NaN,NaN,NaN,NaN,NaN,NaN,NaN,NaN,NaN,NaN,NaN,NaN,NaN,NaN,NaN,NaN,NaN,NaN,NaN,NaN,NaN,NaN,NaN,NaN,NaN,NaN,NaN,NaN,NaN,NaN,NaN,NaN,NaN,NaN,NaN,NaN,NaN,NaN,NaN,NaN,NaN,NaN,NaN
NaN,NaN,NaN,NaN,NaN,NaN,NaN,NaN,NaN,NaN,NaN,NaN,NaN,NaN,NaN,NaN,NaN,-3.31699e-06,-3.399064e-06,-3.486675e-06,-3.594215e-06,-3.785988e-06,-4.062867e-06,-4.408504e-06,-4.694501e-06,-4.785944e-06,-4.626624e-06,-4.327302e-06,-4.029e-06,-3.824742e-06,-3.699831e-06,-3.632653e-06,-3.569728e-06,-3.501046e-06,NaN,NaN,NaN,NaN,NaN,NaN,NaN,NaN,NaN,NaN,NaN,NaN,NaN,NaN,NaN,NaN,NaN,NaN,NaN,NaN,NaN,NaN,NaN,NaN,NaN,NaN,NaN,NaN,NaN,NaN,NaN,NaN,NaN,NaN,NaN,NaN,NaN,NaN,NaN,NaN,NaN,NaN,NaN,NaN,NaN,NaN,NaN,NaN,NaN,NaN,NaN,NaN,NaN,NaN,NaN,NaN,NaN,NaN,NaN,NaN,NaN,NaN,NaN,NaN,NaN,NaN
NaN,NaN,NaN,NaN,NaN,NaN,NaN,NaN,NaN,NaN,NaN,NaN,NaN,NaN,NaN,NaN,NaN,NaN,-3.077379e-06,-3.146872e-06,-3.223975e-06,-3.32328e-06,-3.460208e-06,-3.628316e-06,-3.763063e-06,-3.812396e-06,-3.74859e-06,-3.62267e-06,-3.489608e-06,-3.396632e-06,-3.334656e-06,-3.28802e-06,-3.234971e-06,NaN,NaN,NaN,NaN,NaN,NaN,NaN,NaN,NaN,NaN,NaN,NaN,NaN,NaN,NaN,NaN,NaN,NaN,NaN,NaN,NaN,NaN,NaN,NaN,NaN,NaN,NaN,NaN,NaN,NaN,NaN,NaN,NaN,NaN,NaN,NaN,NaN,NaN,NaN,NaN,NaN,NaN,NaN,NaN,NaN,NaN,NaN,NaN,NaN,NaN,NaN,NaN,NaN,NaN,NaN,NaN,NaN,NaN,NaN,NaN,NaN,NaN,NaN,NaN,NaN,NaN,NaN
NaN,NaN,NaN,NaN,NaN,NaN,NaN,NaN,NaN,NaN,NaN,NaN,NaN,NaN,NaN,NaN,NaN,NaN,-2.540784e-06,-2.595653e-06,-2.644695e-06,-2.712217e-06,-2.78842e-06,-2.876848e-06,-2.946778e-06,-2.977174e-06,-2.95008e-06,-2.894031e-06,-2.830916e-06,-2.784434e-06,-2.744338e-06,-2.713643e-06,-2.672156e-06,NaN,NaN,NaN,NaN,NaN,NaN,NaN,NaN,NaN,NaN,NaN,NaN,NaN,NaN,NaN,NaN,NaN,NaN,NaN,NaN,NaN,NaN,NaN,NaN,NaN,NaN,NaN,NaN,NaN,NaN,NaN,NaN,NaN,NaN,NaN,NaN,NaN,NaN,NaN,NaN,NaN,NaN,NaN,NaN,NaN,NaN,NaN,NaN,NaN,NaN,NaN,NaN,NaN,NaN,NaN,NaN,NaN,NaN,NaN,NaN,NaN,NaN,NaN,NaN,NaN,NaN,NaN
NaN,NaN,NaN,NaN,NaN,NaN,NaN,NaN,NaN,NaN,NaN,NaN,NaN,NaN,NaN,NaN,NaN,NaN,NaN,-1.820808e-06,-1.857501e-06,-1.894083e-06,-1.936372e-06,-1.986937e-06,-2.025087e-06,-2.043521e-06,-2.031808e-06,-2.005607e-06,-1.97269e-06,-1.949051e-06,-1.927898e-06,-1.906297e-06,NaN,NaN,NaN,NaN,NaN,NaN,NaN,NaN,NaN,NaN,NaN,NaN,NaN,NaN,NaN,NaN,NaN,NaN,NaN,NaN,NaN,NaN,NaN,NaN,NaN,NaN,NaN,NaN,NaN,NaN,NaN,NaN,NaN,NaN,NaN,NaN,NaN,NaN,NaN,NaN,NaN,NaN,NaN,NaN,NaN,NaN,NaN,NaN,NaN,NaN,NaN,NaN,NaN,NaN,NaN,NaN,NaN,NaN,NaN,NaN,NaN,NaN,NaN,NaN,NaN,NaN,NaN,NaN
NaN,NaN,NaN,NaN,NaN,NaN,NaN,NaN,NaN,NaN,NaN,NaN,NaN,NaN,NaN,NaN,NaN,NaN,NaN,-9.618321e-07,-9.780865e-07,-9.982423e-07,-1.018242e-06,-1.04041e-06,-1.057302e-06,-1.066207e-06,-1.061982e-06,-1.051809e-06,-1.038486e-06,-1.028017e-06,-1.016622e-06,-1.00652e-06,NaN,NaN,NaN,NaN,NaN,NaN,NaN,NaN,NaN,NaN,NaN,NaN,NaN,NaN,NaN,NaN,NaN,NaN,NaN,NaN,NaN,NaN,NaN,NaN,NaN,NaN,NaN,NaN,NaN,NaN,NaN,NaN,NaN,NaN,NaN,NaN,NaN,NaN,NaN,NaN,NaN,NaN,NaN,NaN,NaN,NaN,NaN,NaN,NaN,NaN,NaN,NaN,NaN,NaN,NaN,NaN,NaN,NaN,NaN,NaN,NaN,NaN,NaN,NaN,NaN,NaN,NaN,NaN
NaN,NaN,NaN,NaN,NaN,NaN,NaN,NaN,NaN,NaN,NaN,NaN,NaN,NaN,NaN,NaN,NaN,NaN,NaN,-2.682781e-07,-2.764552e-07,-2.788462e-07,-2.833297e-07,-2.910036e-07,-2.958253e-07,-2.986644e-07,-2.972625e-07,-2.945862e-07,-2.897897e-07,-2.877175e-07,-2.862955e-07,-2.823976e-07,NaN,NaN,NaN,NaN,NaN,NaN,NaN,NaN,NaN,NaN,NaN,NaN,NaN,NaN,NaN,NaN,NaN,NaN,NaN,NaN,NaN,NaN,NaN,NaN,NaN,NaN,NaN,NaN,NaN,NaN,NaN,NaN,NaN,NaN,NaN,NaN,NaN,NaN,NaN,NaN,NaN,NaN,NaN,NaN,NaN,NaN,NaN,NaN,NaN,NaN,NaN,NaN,NaN,NaN,NaN,NaN,NaN,NaN,NaN,NaN,NaN,NaN,NaN,NaN,NaN,NaN,NaN,NaN
NaN,NaN,NaN,NaN,NaN,NaN,NaN,NaN,NaN,NaN,NaN,NaN,NaN,NaN,NaN,NaN,NaN,NaN,NaN,0,0,0,0,0,0,0,0,0,0,0,0,0,NaN,NaN,NaN,NaN,NaN,NaN,NaN,NaN,NaN,NaN,NaN,NaN,NaN,NaN,NaN,NaN,NaN,NaN,NaN,NaN,NaN,NaN,NaN,NaN,NaN,NaN,NaN,NaN,NaN,NaN,NaN,NaN,NaN,NaN,NaN,NaN,NaN,NaN,NaN,NaN,NaN,NaN,NaN,NaN,NaN,NaN,NaN,NaN,NaN,NaN,NaN,NaN,NaN,NaN,NaN,NaN,NaN,NaN,NaN,NaN,NaN,NaN,NaN,NaN,NaN,NaN,NaN,NaN
