NaN,NaN,NaN,NaN,NaN,NaN,NaN,NaN,NaN,NaN,NaN,NaN,NaN,NaN,NaN,NaN,NaN,NaN,NaN,0,0,0,0,0,0,0,0,0,0,0,0,0,NaN,NaN,NaN,NaN,NaN,NaN,NaN,NaN,NaN,NaN,NaN,NaN,NaN,NaN,NaN,NaN,NaN,NaN,NaN,NaN,NaN,NaN,NaN,NaN,NaN,NaN,NaN,NaN,NaN,NaN,NaN,NaN,NaN,NaN,NaN,NaN,NaN,NaN,NaN,NaN,NaN,NaN,NaN,NaN,NaN,NaN,NaN,NaN,NaN,NaN,NaN,NaN,NaN,NaN,NaN,NaN,NaN,NaN,NaN,NaN,NaN,NaN,NaN,NaN,NaN,NaN,NaN,NaN
NaN,NaN,NaN,NaN,NaN,NaN,NaN,NaN,NaN,NaN,NaN,NaN,NaN,NaN,NaN,NaN,NaN,NaN,NaN,-2.096825e-05,-2.07522e-05,-2.037477e-05,-2.019323e-05,-2.02882e-05,-2.033681e-05,-2.033871e-05,-2.024527e-05,-2.012031e-05,-2.004598e-05,-2.006245e-05,-2.021415e-05,-2.008099e-05,NaN,NaN,NaN,NaN,NaN,NaN,NaN,NaN,NaN,NaN,NaN,NaN,NaN,NaN,NaN,NaN,NaN,NaN,NaN,NaN,NaN,NaN,NaN,NaN,NaN,NaN,NaN,NaN,NaN,NaN,NaN,NaN,NaN,NaN,NaN,NaN,NaN,NaN,NaN,NaN,NaN,NaN,NaN,NaN,NaN,NaN,NaN,NaN,NaN,NaN,NaN,NaN,NaN,NaN,NaN,NaN,NaN,NaN,NaN,NaN,NaN,NaN,NaN,NaN,NaN,NaN,NaN,NaN
NaN,NaN,NaN,NaN,NaN,NaN,NaN,NaN,NaN,NaN,NaN,NaN,NaN,NaN,NaN,NaN,NaN,NaN,NaN,-7.521093e-05,-7.392421e-05,-7.310425e-05,-7.271202e-05,-7.274589e-05,-7.291038e-05,-7.288298e-05,-7.252715e-05,-7.211389e-05,-7.190642e-05,-7.20023e-05,-7.212195e-05,-7.190085e-05,NaN,NaN,NaN,NaN,NaN,NaN,NaN,NaN,NaN,NaN,NaN,NaN,NaN,NaN,NaN,NaN,NaN,NaN,NaN,NaN,NaN,NaN,NaN,NaN,NaN,NaN,NaN,NaN,NaN,NaN,NaN,NaN,NaN,NaN,NaN,NaN,NaN,NaN,NaN,NaN,NaN,NaN,NaN,NaN,NaN,NaN,NaN,NaN,NaN,NaN,NaN,NaN,NaN,NaN,NaN,NaN,NaN,NaN,NaN,NaN,NaN,NaN,NaN,NaN,NaN,NaN,NaN,NaN
NaN,NaN,NaN,NaN,NaN,NaN,NaN,NaN,NaN,NaN,NaN,NaN,NaN,NaN,NaN,NaN,NaN,NaN,NaN,-0.0001423103,-0.0001403258,-0.0001386245,-0.0001381851,-0.0001387252,-0.0001393762,-0.0001393805,-0.0001384518,-0.0001372946,-0.0001364402,-0.0001364603,-0.0001366216,-0.0001361894,NaN,NaN,NaN,NaN,NaN,NaN,NaN,NaN,NaN,NaN,NaN,NaN,NaN,NaN,NaN,NaN,NaN,NaN,NaN,NaN,NaN,NaN,NaN,NaN,NaN,NaN,NaN,NaN,NaN,NaN,NaN,NaN,NaN,NaN,NaN,NaN,NaN,NaN,NaN,NaN,NaN,NaN,NaN,NaN,NaN,NaN,NaN,NaN,NaN,NaN,NaN,NaN,NaN,NaN,NaN,NaN,NaN,NaN,NaN,NaN,NaN,NaN,NaN,NaN,NaN,NaN,NaN,NaN
NaN,NaN,NaN,NaN,NaN,NaN,NaN,NaN,NaN,NaN,NaN,NaN,NaN,NaN,NaN,NaN,NaN,NaN,-0.0002059821,-0.0002029364,-0.0001997427,-0.0001983916,-0.0001986487,-0.0002004016,-0.0002021458,-0.0002022942,-0.000200318,-0.0001975133,-0.0001954467,-0.0001946861,-0.0001945582,-0.000193744,-0.0001912445,NaN,NaN,NaN,NaN,NaN,NaN,NaN,NaN,NaN,NaN,NaN,NaN,NaN,NaN,NaN,NaN,NaN,NaN,NaN,NaN,NaN,NaN,NaN,NaN,NaN,NaN,NaN,NaN,NaN,NaN,NaN,NaN,NaN,NaN,NaN,NaN,NaN,NaN,NaN,NaN,NaN,NaN,NaN,NaN,NaN,NaN,NaN,NaN,NaN,NaN,NaN,NaN,NaN,NaN,NaN,NaN,NaN,NaN,NaN,NaN,NaN,NaN,NaN,NaN,NaN,NaN,NaN
NaN,NaN,NaN,NaN,NaN,NaN,NaN,NaN,NaN,NaN,NaN,NaN,NaN,NaN,NaN,NaN,NaN,NaN,-0.0002497878,-0.0002458084,-0.0002434497,-0.0002426506,-0.0002457707,-0.0002513603,-0.0002562224,-0.0002568515,-0.0002523628,-0.0002456754,-0.0002398303,-0.0002371682,-0.0002360334,-0.0002349371,-0.00023138,NaN,NaN,NaN,NaN,NaN,NaN,NaN,NaN,NaN,NaN,NaN,NaN,NaN,NaN,NaN,NaN,NaN,NaN,NaN,NaN,NaN,NaN,NaN,NaN,NaN,NaN,NaN,NaN,NaN,NaN,NaN,NaN,NaN,NaN,NaN,NaN,NaN,NaN,NaN,NaN,NaN,NaN,NaN,NaN,NaN,NaN,NaN,NaN,NaN,NaN,NaN,NaN,NaN,NaN,NaN,NaN,NaN,NaN,NaN,NaN,NaN,NaN,NaN,NaN,NaN,NaN,NaN
NaN,NaN,NaN,NaN,NaN,NaN,NaN,NaN,NaN,NaN,NaN,NaN,NaN,NaN,NaN,NaN,NaN,-0.0002789132,-0.0002753052,-0.0002723782,-0.0002706233,-0.0002752105,-0.0002860388,-0.0003015844,-0.0003143429,-0.0003163564,-0.0003056716,-0.0002886949,-0.0002739332,-0.0002651982,-0.0002614536,-0.0002590126,-0.0002555185,-0.000247437,NaN,NaN,NaN,NaN,NaN,NaN,NaN,NaN,NaN,NaN,NaN,NaN,NaN,NaN,NaN,NaN,NaN,NaN,NaN,NaN,NaN,NaN,NaN,NaN,NaN,NaN,NaN,NaN,NaN,NaN,NaN,NaN,NaN,NaN,NaN,NaN,NaN,NaN,NaN,NaN,NaN,NaN,NaN,NaN,NaN,NaN,NaN,NaN,NaN,NaN,NaN,NaN,NaN,NaN,NaN,NaN,NaN,NaN,NaN,NaN,NaN,NaN,NaN,NaN,NaN,NaN
NaN,NaN,NaN,NaN,NaN,NaN,NaN,NaN,NaN,NaN,NaN,NaN,NaN,NaN,NaN,NaN,NaN,-0.0002915939,-0.0002888197,-0.0002868552,-0.0002925686,-0.000309498,-0.0003447229,-0.0003902161,-0.000426088,-0.0004316015,-0.0004030014,-0.0003569341,-0.0003146007,-0.0002888785,-0.0002768778,-0.0002720219,-0.0002667868,-0.0002594305,NaN,NaN,NaN,NaN,NaN,NaN,NaN,NaN,NaN,NaN,NaN,NaN,NaN,NaN,NaN,NaN,NaN,NaN,NaN,NaN,NaN,NaN,NaN,NaN,NaN,NaN,NaN,NaN,NaN,NaN,NaN,NaN,NaN,NaN,NaN,NaN,NaN,NaN,NaN,NaN,NaN,NaN,NaN,NaN,NaN,NaN,NaN,NaN,NaN,NaN,NaN,NaN,NaN,NaN,NaN,NaN,NaN,NaN,NaN,NaN,NaN,NaN,NaN,NaN,NaN,NaN
NaN,NaN,NaN,NaN,NaN,NaN,NaN,NaN,NaN,NaN,NaN,NaN,NaN,NaN,NaN,NaN,-0.0002996744,-0.000297751,-0.0002963904,-0.0003026993,-0.0003268174,-0.0003915772,-0.0005024732,-0.0006369778,-0.0007361989,-0.0007481521,-0.0006676287,-0.0005367777,-0.0004140314,-0.0003334114,-0.0002949831,-0.0002800241,-0.0002734139,-0.0002639345,-0.0002517214,NaN,NaN,NaN,NaN,NaN,NaN,NaN,NaN,NaN,NaN,NaN,NaN,NaN,NaN,NaN,NaN,NaN,NaN,NaN,NaN,NaN,NaN,NaN,NaN,NaN,NaN,NaN,NaN,NaN,NaN,NaN,NaN,NaN,NaN,NaN,NaN,NaN,NaN,NaN,NaN,NaN,NaN,NaN,NaN,NaN,NaN,NaN,NaN,NaN,NaN,NaN,NaN,NaN,NaN,NaN,NaN,NaN,NaN,NaN,NaN,NaN,NaN,NaN,NaN,NaN
NaN,NaN,NaN,NaN,NaN,NaN,NaN,NaN,NaN,NaN,NaN,NaN,NaN,NaN,NaN,-0.0003022178,-0.0003018844,-0.0003018652,-0.0003083539,-0.0003400154,-0.0004418694,-0.0006642953,-0.001014214,-0.001376256,-0.001598283,-0.001596862,-0.001388523,-0.001056777,-0.0007188884,-0.0004719528,-0.0003433387,-0.0002946994,-0.0002770352,-0.000267638,-0.0002528894,-0.0002351328,NaN,NaN,NaN,NaN,NaN,NaN,NaN,NaN,NaN,NaN,NaN,NaN,NaN,NaN,NaN,NaN,NaN,NaN,NaN,NaN,NaN,NaN,NaN,NaN,NaN,NaN,NaN,NaN,NaN,NaN,NaN,NaN,NaN,NaN,NaN,NaN,NaN,NaN,NaN,NaN,NaN,NaN,NaN,NaN,NaN,NaN,NaN,NaN,NaN,NaN,NaN,NaN,NaN,NaN,NaN,NaN,NaN,NaN,NaN,NaN,NaN,NaN,NaN,NaN
NaN,NaN,NaN,NaN,NaN,NaN,NaN,NaN,NaN,NaN,NaN,NaN,NaN,NaN,NaN,-0.0003032368,-0.0003054213,-0.0003119238,-0.0003501121,-0.0004930899,-0.0008820083,-0.001596983,-0.002431762,-0.003062789,-0.003316573,-0.003197289,-0.002784549,-0.002178964,-0.001503103,-0.0009052783,-0.0005185025,-0.0003439252,-0.0002896047,-0.0002697495,-0.0002565832,-0.0002357282,NaN,NaN,NaN,NaN,NaN,NaN,NaN,NaN,NaN,NaN,NaN,NaN,NaN,NaN,NaN,NaN,NaN,NaN,NaN,NaN,NaN,NaN,NaN,NaN,NaN,NaN,NaN,NaN,NaN,NaN,NaN,NaN,NaN,NaN,NaN,NaN,NaN,NaN,NaN,NaN,NaN,NaN,NaN,NaN,NaN,NaN,NaN,NaN,NaN,NaN,NaN,NaN,NaN,NaN,NaN,NaN,NaN,NaN,NaN,NaN,NaN,NaN,NaN,NaN
NaN,NaN,NaN,NaN,NaN,NaN,NaN,NaN,NaN,NaN,NaN,NaN,NaN,NaN,-0.0003013262,-0.0003065101,-0.0003132043,-0.0003560805,-0.0005399817,-0.001145565,-0.002368181,-0.003820407,-0.004900569,-0.005407161,-0.005412155,-0.005036545,-0.004397024,-0.003590885,-0.002697326,-0.001797851,-0.001020691,-0.0005325287,-0.000332488,-0.0002791601,-0.0002573091,-0.0002394214,-0.0002121467,NaN,NaN,NaN,NaN,NaN,NaN,NaN,NaN,NaN,NaN,NaN,NaN,NaN,NaN,NaN,NaN,NaN,NaN,NaN,NaN,NaN,NaN,NaN,NaN,NaN,NaN,NaN,NaN,NaN,NaN,NaN,NaN,NaN,NaN,NaN,NaN,NaN,NaN,NaN,NaN,NaN,NaN,NaN,NaN,NaN,NaN,NaN,NaN,NaN,NaN,NaN,NaN,NaN,NaN,NaN,NaN,NaN,NaN,NaN,NaN,NaN,NaN,NaN
NaN,NaN,NaN,NaN,NaN,NaN,NaN,NaN,NaN,NaN,NaN,NaN,NaN,-0.0002971324,-0.0003060549,-0.0003128005,-0.0003592199,-0.0005784023,-0.00143422,-0.003276239,-0.005367612,-0.00683212,-0.00753668,-0.007624734,-0.007249262,-0.006558523,-0.00566847,-0.00467977,-0.003665722,-0.002680702,-0.001766041,-0.0009879086,-0.0004970639,-0.0003099993,-0.0002644423,-0.0002404246,-0.000217189,-0.0001836095,NaN,NaN,NaN,NaN,NaN,NaN,NaN,NaN,NaN,NaN,NaN,NaN,NaN,NaN,NaN,NaN,NaN,NaN,NaN,NaN,NaN,NaN,NaN,NaN,NaN,NaN,NaN,NaN,NaN,NaN,NaN,NaN,NaN,NaN,NaN,NaN,NaN,NaN,NaN,NaN,NaN,NaN,NaN,NaN,NaN,NaN,NaN,NaN,NaN,NaN,NaN,NaN,NaN,NaN,NaN,NaN,NaN,NaN,NaN,NaN,NaN,NaN
NaN,NaN,NaN,NaN,NaN,NaN,NaN,NaN,NaN,NaN,NaN,NaN,NaN,-0.0003028986,-0.000309331,-0.0003581718,-0.0006038049,-0.001721421,-0.004250435,-0.006943973,-0.008763102,-0.00965128,-0.009811177,-0.009414574,-0.008630198,-0.0075903,-0.006419828,-0.005214561,-0.00405661,-0.003005502,-0.002095544,-0.001342693,-0.0007581958,-0.0004024189,-0.0002760841,-0.000244039,-0.0002174682,-0.0001883628,NaN,NaN,NaN,NaN,NaN,NaN,NaN,NaN,NaN,NaN,NaN,NaN,NaN,NaN,NaN,NaN,NaN,NaN,NaN,NaN,NaN,NaN,NaN,NaN,NaN,NaN,NaN,NaN,NaN,NaN,NaN,NaN,NaN,NaN,NaN,NaN,NaN,NaN,NaN,NaN,NaN,NaN,NaN,NaN,NaN,NaN,NaN,NaN,NaN,NaN,NaN,NaN,NaN,NaN,NaN,NaN,NaN,NaN,NaN,NaN,NaN,NaN
NaN,NaN,NaN,NaN,NaN,NaN,NaN,NaN,NaN,NaN,NaN,NaN,-0.0002980182,-0.0003042805,-0.0003543616,-0.0006157332,-0.001985178,-0.005233292,-0.008504237,-0.01068184,-0.01177358,-0.01202194,-0.01160552,-0.01071135,-0.009486447,-0.008074643,-0.006588635,-0.005132372,-0.003787453,-0.002619398,-0.00167702,-0.0009833425,-0.0005414475,-0.0003179231,-0.0002505352,-0.0002343261,-0.0002191642,-0.0001897233,-0.0001546946,NaN,NaN,NaN,NaN,NaN,NaN,NaN,NaN,NaN,NaN,NaN,NaN,NaN,NaN,NaN,NaN,NaN,NaN,NaN,NaN,NaN,NaN,NaN,NaN,NaN,NaN,NaN,NaN,NaN,NaN,NaN,NaN,NaN,NaN,NaN,NaN,NaN,NaN,NaN,NaN,NaN,NaN,NaN,NaN,NaN,NaN,NaN,NaN,NaN,NaN,NaN,NaN,NaN,NaN,NaN,NaN,NaN,NaN,NaN,NaN,NaN
NaN,NaN,NaN,NaN,NaN,NaN,NaN,NaN,NaN,NaN,NaN,-0.0002896395,-0.0002958458,-0.000347401,-0.000613252,-0.002210236,-0.006179676,-0.01003149,-0.01259032,-0.01392425,-0.01428843,-0.01387021,-0.01287447,-0.01145914,-0.009782245,-0.007969191,-0.006140607,-0.004394311,-0.002817188,-0.001482641,-0.0004427663,0.0002585388,0.0006110597,0.0006101671,0.0003261698,-4.73418e-05,-0.0001855388,-0.0001877459,-0.0001555828,-0.0001148102,NaN,NaN,NaN,NaN,NaN,NaN,NaN,NaN,NaN,NaN,NaN,NaN,NaN,NaN,NaN,NaN,NaN,NaN,NaN,NaN,NaN,NaN,NaN,NaN,NaN,NaN,NaN,NaN,NaN,NaN,NaN,NaN,NaN,NaN,NaN,NaN,NaN,NaN,NaN,NaN,NaN,NaN,NaN,NaN,NaN,NaN,NaN,NaN,NaN,NaN,NaN,NaN,NaN,NaN,NaN,NaN,NaN,NaN,NaN,NaN
NaN,NaN,NaN,NaN,NaN,NaN,NaN,NaN,NaN,NaN,-0.0002795563,-0.0002851065,-0.0003386783,-0.0005987457,-0.002388927,-0.007069476,-0.01152069,-0.0144936,-0.01611488,-0.0166325,-0.0162471,-0.0151778,-0.01358923,-0.01165219,-0.009502326,-0.00727229,-0.005071247,-0.003000343,-0.001148445,0.0004116083,0.001609876,0.002403195,0.002747121,0.002642735,0.00207859,0.001151462,0.000193358,-0.0001337449,-0.000151613,-0.000117276,-7.050361e-05,NaN,NaN,NaN,NaN,NaN,NaN,NaN,NaN,NaN,NaN,NaN,NaN,NaN,NaN,NaN,NaN,NaN,NaN,NaN,NaN,NaN,NaN,NaN,NaN,NaN,NaN,NaN,NaN,NaN,NaN,NaN,NaN,NaN,NaN,NaN,NaN,NaN,NaN,NaN,NaN,NaN,NaN,NaN,NaN,NaN,NaN,NaN,NaN,NaN,NaN,NaN,NaN,NaN,NaN,NaN,NaN,NaN,NaN,NaN
NaN,NaN,NaN,NaN,NaN,NaN,NaN,NaN,NaN,-0.0002660702,-0.0002703806,-0.0003266592,-0.0005722685,-0.002508705,-0.00788325,-0.01295911,-0.01638567,-0.01834019,-0.01905659,-0.01875237,-0.01765029,-0.01592404,-0.01375632,-0.01128952,-0.008664942,-0.005999217,-0.003403506,-0.0009758552,0.001197138,0.003030583,0.004460752,0.005417328,0.00586359,0.005748424,0.005079931,0.003841009,0.002138731,0.000460633,-7.834295e-05,-0.0001088987,-7.28312e-05,-2.204366e-05,NaN,NaN,NaN,NaN,NaN,NaN,NaN,NaN,NaN,NaN,NaN,NaN,NaN,NaN,NaN,NaN,NaN,NaN,NaN,NaN,NaN,NaN,NaN,NaN,NaN,NaN,NaN,NaN,NaN,NaN,NaN,NaN,NaN,NaN,NaN,NaN,NaN,NaN,NaN,NaN,NaN,NaN,NaN,NaN,NaN,NaN,NaN,NaN,NaN,NaN,NaN,NaN,NaN,NaN,NaN,NaN,NaN,NaN
NaN,NaN,NaN,NaN,NaN,NaN,NaN,NaN,NaN,-0.0002536031,-0.0003131055,-0.000538943,-0.002578751,-0.008619669,-0.01433899,-0.01825662,-0.02059258,-0.02155677,-0.02138939,-0.02030613,-0.01849458,-0.01614385,-0.01340239,-0.01041742,-0.007312617,-0.004203749,-0.001195535,0.001619247,0.004146755,0.006312571,0.008029936,0.009241512,0.009869984,0.009884099,0.009220772,0.00789137,0.005870877,0.003266747,0.000743492,-2.22867e-05,-5.922453e-05,-2.647974e-05,NaN,NaN,NaN,NaN,NaN,NaN,NaN,NaN,NaN,NaN,NaN,NaN,NaN,NaN,NaN,NaN,NaN,NaN,NaN,NaN,NaN,NaN,NaN,NaN,NaN,NaN,NaN,NaN,NaN,NaN,NaN,NaN,NaN,NaN,NaN,NaN,NaN,NaN,NaN,NaN,NaN,NaN,NaN,NaN,NaN,NaN,NaN,NaN,NaN,NaN,NaN,NaN,NaN,NaN,NaN,NaN,NaN,NaN
NaN,NaN,NaN,NaN,NaN,NaN,NaN,NaN,-0.0002330977,-0.0002966923,-0.0004994858,-0.002605345,-0.009277148,-0.01564886,-0.02008643,-0.02284656,-0.02411051,-0.02413767,-0.0231329,-0.02129968,-0.0188267,-0.0158693,-0.0125811,-0.00908917,-0.005512215,-0.001957902,0.001477378,0.004696731,0.007619581,0.01015289,0.01222842,0.01375569,0.01467945,0.01491207,0.01442239,0.0131358,0.01105791,0.008158415,0.004528292,0.001037796,3.773481e-05,-9.261868e-06,2.462556e-05,NaN,NaN,NaN,NaN,NaN,NaN,NaN,NaN,NaN,NaN,NaN,NaN,NaN,NaN,NaN,NaN,NaN,NaN,NaN,NaN,NaN,NaN,NaN,NaN,NaN,NaN,NaN,NaN,NaN,NaN,NaN,NaN,NaN,NaN,NaN,NaN,NaN,NaN,NaN,NaN,NaN,NaN,NaN,NaN,NaN,NaN,NaN,NaN,NaN,NaN,NaN,NaN,NaN,NaN,NaN,NaN,NaN
NaN,NaN,NaN,NaN,NaN,NaN,NaN,-0.0002101388,-0.0002792956,-0.0004580793,-0.002603503,-0.009864934,-0.01688307,-0.02185882,-0.02507993,-0.02669024,-0.02697087,-0.02610699,-0.02432257,-0.02179624,-0.01869665,-0.01517738,-0.01136976,-0.007392638,-0.003357616,0.0006401597,0.004501859,0.008146888,0.01148033,0.01443077,0.01690201,0.01882826,0.02011144,0.02069565,0.02048133,0.01943068,0.01745997,0.01455664,0.01068897,0.005908594,0.001333475,9.70621e-05,5.292545e-05,7.902753e-05,NaN,NaN,NaN,NaN,NaN,NaN,NaN,NaN,NaN,NaN,NaN,NaN,NaN,NaN,NaN,NaN,NaN,NaN,NaN,NaN,NaN,NaN,NaN,NaN,NaN,NaN,NaN,NaN,NaN,NaN,NaN,NaN,NaN,NaN,NaN,NaN,NaN,NaN,NaN,NaN,NaN,NaN,NaN,NaN,NaN,NaN,NaN,NaN,NaN,NaN,NaN,NaN,NaN,NaN,NaN,NaN
NaN,NaN,NaN,NaN,NaN,NaN,-0.0001844824,-0.0002576106,-0.0004148129,-0.002576884,-0.01038205,-0.01802488,-0.02354379,-0.02725315,-0.02925134,-0.02983895,-0.02917925,-0.02751458,-0.02501021,-0.02184981,-0.01818179,-0.01414237,-0.009851634,-0.005422072,-0.0009466018,0.003476188,0.007767727,0.01183452,0.01560593,0.01898613,0.02190807,0.02427064,0.02600816,0.02701111,0.02722102,0.026524,0.02487257,0.02216906,0.01837914,0.01346682,0.007453755,0.001692255,0.000168431,0.0001122865,0.0001329186,NaN,NaN,NaN,NaN,NaN,NaN,NaN,NaN,NaN,NaN,NaN,NaN,NaN,NaN,NaN,NaN,NaN,NaN,NaN,NaN,NaN,NaN,NaN,NaN,NaN,NaN,NaN,NaN,NaN,NaN,NaN,NaN,NaN,NaN,NaN,NaN,NaN,NaN,NaN,NaN,NaN,NaN,NaN,NaN,NaN,NaN,NaN,NaN,NaN,NaN,NaN,NaN,NaN,NaN,NaN
NaN,NaN,NaN,NaN,NaN,-0.0001570957,-0.0002358803,-0.0003736215,-0.002554473,-0.01084505,-0.01906912,-0.02511488,-0.02932982,-0.03174602,-0.03269104,-0.03229194,-0.0308185,-0.02841028,-0.0252757,-0.02154429,-0.01736884,-0.01286003,-0.008136797,-0.003283657,0.001595298,0.006430996,0.0111277,0.01562325,0.0198216,0.02366238,0.02704352,0.0299016,0.03212608,0.0336515,0.0343549,0.034171,0.03297338,0.03069545,0.02723005,0.02250999,0.01649137,0.009099332,0.002007286,0.0002289003,0.000185382,0.0001902173,NaN,NaN,NaN,NaN,NaN,NaN,NaN,NaN,NaN,NaN,NaN,NaN,NaN,NaN,NaN,NaN,NaN,NaN,NaN,NaN,NaN,NaN,NaN,NaN,NaN,NaN,NaN,NaN,NaN,NaN,NaN,NaN,NaN,NaN,NaN,NaN,NaN,NaN,NaN,NaN,NaN,NaN,NaN,NaN,NaN,NaN,NaN,NaN,NaN,NaN,NaN,NaN,NaN,NaN
NaN,NaN,NaN,NaN,-0.0001284035,-0.0002095987,-0.0003349733,-0.00254162,-0.011257,-0.01999853,-0.02653901,-0.03125384,-0.03410944,-0.03544921,-0.03536412,-0.03414442,-0.03190728,-0.02888011,-0.02517557,-0.02096058,-0.01633638,-0.01142489,-0.006308236,-0.001089044,0.004168903,0.009373141,0.01446623,0.01935806,0.02399213,0.02827378,0.03214304,0.03549736,0.03826925,0.04034297,0.04164539,0.04204671,0.04146432,0.03976582,0.03685286,0.03261518,0.02691872,0.01974226,0.01095257,0.002428563,0.0003111464,0.000257166,0.000240776,NaN,NaN,NaN,NaN,NaN,NaN,NaN,NaN,NaN,NaN,NaN,NaN,NaN,NaN,NaN,NaN,NaN,NaN,NaN,NaN,NaN,NaN,NaN,NaN,NaN,NaN,NaN,NaN,NaN,NaN,NaN,NaN,NaN,NaN,NaN,NaN,NaN,NaN,NaN,NaN,NaN,NaN,NaN,NaN,NaN,NaN,NaN,NaN,NaN,NaN,NaN,NaN,NaN
NaN,NaN,NaN,-9.914656e-05,-0.0001859477,-0.0003006178,-0.002559413,-0.01162723,-0.02080496,-0.02778571,-0.03298384,-0.03627746,-0.03804081,-0.03830761,-0.03740088,-0.03539851,-0.03255956,-0.02896509,-0.02480965,-0.02016863,-0.01518227,-0.009916912,-0.004482497,0.001070894,0.006644758,0.01219568,0.01763189,0.02290949,0.02793603,0.03266295,0.03699197,0.04086458,0.04417381,0.0468501,0.04877121,0.04985391,0.04996391,0.04899447,0.04681117,0.04327064,0.03826134,0.03159312,0.02325399,0.01290477,0.002800737,0.0003789495,0.0003293404,0.0002936482,NaN,NaN,NaN,NaN,NaN,NaN,NaN,NaN,NaN,NaN,NaN,NaN,NaN,NaN,NaN,NaN,NaN,NaN,NaN,NaN,NaN,NaN,NaN,NaN,NaN,NaN,NaN,NaN,NaN,NaN,NaN,NaN,NaN,NaN,NaN,NaN,NaN,NaN,NaN,NaN,NaN,NaN,NaN,NaN,NaN,NaN,NaN,NaN,NaN,NaN,NaN,NaN
NaN,NaN,-6.826499e-05,-0.0001590476,-0.0002728823,-0.002610134,-0.01195272,-0.02146501,-0.02881616,-0.0344567,-0.03817559,-0.04036893,-0.04101573,-0.04046381,-0.03875429,-0.03617046,-0.03276701,-0.02875904,-0.02420075,-0.01924638,-0.01394929,-0.008420767,-0.002706783,0.003098263,0.008956401,0.01478296,0.0205374,0.02613891,0.03154041,0.03665961,0.04143898,0.04579233,0.04964658,0.05290597,0.05548101,0.05726295,0.05813587,0.05798393,0.05664831,0.05401854,0.04987149,0.04414027,0.03649174,0.02700177,0.01515123,0.003391576,0.0004826639,0.0004087605,0.0003433388,NaN,NaN,NaN,NaN,NaN,NaN,NaN,NaN,NaN,NaN,NaN,NaN,NaN,NaN,NaN,NaN,NaN,NaN,NaN,NaN,NaN,NaN,NaN,NaN,NaN,NaN,NaN,NaN,NaN,NaN,NaN,NaN,NaN,NaN,NaN,NaN,NaN,NaN,NaN,NaN,NaN,NaN,NaN,NaN,NaN,NaN,NaN,NaN,NaN,NaN,NaN
NaN,-3.780866e-05,-0.0001315779,-0.0002551823,-0.00271336,-0.01223491,-0.02197627,-0.02960571,-0.03563171,-0.03973747,-0.04235367,-0.04338516,-0.04321794,-0.04183938,-0.03956934,-0.03642128,-0.0326429,-0.02825375,-0.02343538,-0.01821231,-0.012713,-0.006965643,-0.001070216,0.004949972,0.0110059,0.01707121,0.02306559,0.0289543,0.03466026,0.0401374,0.04530826,0.05011034,0.0544639,0.05828786,0.06149296,0.06397387,0.0656324,0.06632265,0.06594343,0.06428641,0.06126173,0.05657121,0.05017048,0.04162937,0.03105722,0.01763666,0.004140486,0.0006014441,0.0004878076,0.0003846009,NaN,NaN,NaN,NaN,NaN,NaN,NaN,NaN,NaN,NaN,NaN,NaN,NaN,NaN,NaN,NaN,NaN,NaN,NaN,NaN,NaN,NaN,NaN,NaN,NaN,NaN,NaN,NaN,NaN,NaN,NaN,NaN,NaN,NaN,NaN,NaN,NaN,NaN,NaN,NaN,NaN,NaN,NaN,NaN,NaN,NaN,NaN,NaN,NaN,NaN
-1.138378e-05,-0.0001002376,-0.0002554753,-0.002926502,-0.01250714,-0.02233872,-0.03013361,-0.03646246,-0.04089586,-0.04390152,-0.0453035,-0.04552693,-0.0445006,-0.0425817,-0.03973965,-0.03625431,-0.03211038,-0.02751555,-0.0224653,-0.01710612,-0.01144677,-0.005591104,0.0004460785,0.00657822,0.01278725,0.01899921,0.02518382,0.03127618,0.03723154,0.04299057,0.04849117,0.05367892,0.05846905,0.06280725,0.06658423,0.06974205,0.07213347,0.07370053,0.07423577,0.07368853,0.07176222,0.06843209,0.06327099,0.05632706,0.04694827,0.03537242,0.02046018,0.005194991,0.0007636007,0.0005596032,0.0004270329,NaN,NaN,NaN,NaN,NaN,NaN,NaN,NaN,NaN,NaN,NaN,NaN,NaN,NaN,NaN,NaN,NaN,NaN,NaN,NaN,NaN,NaN,NaN,NaN,NaN,NaN,NaN,NaN,NaN,NaN,NaN,NaN,NaN,NaN,NaN,NaN,NaN,NaN,NaN,NaN,NaN,NaN,NaN,NaN,NaN,NaN,NaN,NaN,NaN
-4.129774e-05,-0.0002858667,-0.003328478,-0.01282482,-0.0225972,-0.03042723,-0.03694417,-0.04161862,-0.04495288,-0.04668473,-0.04727992,-0.04660207,-0.04504888,-0.0425402,-0.03939144,-0.03554831,-0.03124731,-0.02645151,-0.02132931,-0.015864,-0.01016971,-0.004248717,0.001815148,0.008011318,0.01427061,0.02056784,0.02684898,0.03307062,0.03919057,0.04514538,0.05090316,0.0563758,0.06154187,0.06628599,0.07059132,0.07430825,0.07742572,0.07973994,0.08125107,0.08167345,0.08102833,0.07891025,0.07538319,0.06986368,0.062501,0.05241794,0.04002232,0.02375471,0.006790412,0.0009944928,0.0006065263,0.0004801128,NaN,NaN,NaN,NaN,NaN,NaN,NaN,NaN,NaN,NaN,NaN,NaN,NaN,NaN,NaN,NaN,NaN,NaN,NaN,NaN,NaN,NaN,NaN,NaN,NaN,NaN,NaN,NaN,NaN,NaN,NaN,NaN,NaN,NaN,NaN,NaN,NaN,NaN,NaN,NaN,NaN,NaN,NaN,NaN,NaN,NaN,NaN,7.981033e-06
-0.0003529553,-0.004059764,-0.01329216,-0.02279042,-0.03051744,-0.03708264,-0.04189127,-0.04545687,-0.04745443,-0.04836733,-0.04801042,-0.04680409,-0.04463285,-0.04183302,-0.03832432,-0.034359,-0.02988016,-0.02506648,-0.01988531,-0.01445388,-0.00876725,-0.002898871,0.003137201,0.009287299,0.01552317,0.02180887,0.02809432,0.03436001,0.04053316,0.04660922,0.05249071,0.0581896,0.06357861,0.06868325,0.07334471,0.07759988,0.08124415,0.08433067,0.08658454,0.08808197,0.08844446,0.08778351,0.0855689,0.08196964,0.0762271,0.06862797,0.05806098,0.04507886,0.02775576,0.009283205,0.00134823,0.0006205973,0.0005693103,NaN,NaN,NaN,NaN,NaN,NaN,NaN,NaN,NaN,NaN,NaN,NaN,NaN,NaN,NaN,NaN,NaN,NaN,NaN,NaN,NaN,NaN,NaN,NaN,NaN,NaN,NaN,NaN,NaN,NaN,NaN,NaN,NaN,NaN,NaN,NaN,NaN,NaN,NaN,NaN,NaN,NaN,NaN,NaN,NaN,-2.098193e-06,9.584976e-06
-0.005192005,-0.01406991,-0.02295947,-0.03048271,-0.03690147,-0.04175666,-0.04540665,-0.04760026,-0.04872661,-0.04864828,-0.04772298,-0.04587357,-0.04339122,-0.04022837,-0.03660083,-0.03247916,-0.02801009,-0.02318269,-0.01808542,-0.01273183,-0.007163975,-0.001418913,0.004485888,0.01050194,0.01662312,0.02278402,0.02899309,0.03516543,0.04132265,0.04735953,0.0533111,0.05904788,0.06462038,0.06987321,0.07486771,0.07941677,0.0835952,0.08716529,0.09022126,0.0924479,0.09396598,0.09434469,0.09374223,0.09155742,0.08800832,0.08224435,0.07460062,0.06384774,0.05052731,0.03267111,0.01298454,0.001906395,0.0006090298,0.0006977217,NaN,NaN,NaN,NaN,NaN,NaN,NaN,NaN,NaN,NaN,NaN,NaN,NaN,NaN,NaN,NaN,NaN,NaN,NaN,NaN,NaN,NaN,NaN,NaN,NaN,NaN,NaN,NaN,NaN,NaN,NaN,NaN,NaN,NaN,NaN,NaN,NaN,NaN,NaN,NaN,NaN,NaN,NaN,3.520611e-06,3.594053e-05,-0.0005115111
-0.01453482,-0.02289916,-0.03026529,-0.03641583,-0.04122668,-0.0448222,-0.04711682,-0.04833452,-0.04845734,-0.04771802,-0.04613706,-0.04390612,-0.0410626,-0.03773788,-0.03397688,-0.02985132,-0.02541428,-0.0206869,-0.01573676,-0.01054366,-0.005195004,0.0003560079,0.006011236,0.01182228,0.01768589,0.023659,0.02962624,0.03565019,0.04160355,0.04755421,0.05336238,0.05910358,0.06462209,0.06999846,0.0750621,0.07989629,0.08430516,0.08837902,0.09187742,0.0949017,0.0971403,0.09870952,0.0991886,0.09871328,0.09670156,0.0933237,0.08776609,0.08024447,0.06963205,0.05616986,0.03841307,0.01781503,0.002796406,0.0006307366,0.0008198829,NaN,NaN,NaN,NaN,NaN,NaN,NaN,NaN,NaN,NaN,NaN,NaN,NaN,NaN,NaN,NaN,NaN,NaN,NaN,NaN,NaN,NaN,NaN,NaN,NaN,NaN,NaN,NaN,NaN,NaN,NaN,NaN,NaN,NaN,NaN,NaN,NaN,NaN,NaN,NaN,NaN,9.881123e-07,6.661536e-05,-0.0006527227,-0.006014466
-0.0226742,-0.0297144,-0.03560507,-0.04031068,-0.04376496,-0.04604557,-0.04724538,-0.04744959,-0.04679476,-0.04537528,-0.04331394,-0.0407037,-0.03762609,-0.03416691,-0.03036131,-0.02628906,-0.0219454,-0.01741003,-0.01264711,-0.007744191,-0.002643847,0.002559605,0.007925021,0.0133647,0.01892702,0.02452615,0.03020441,0.03587672,0.04157797,0.04722488,0.05284462,0.05835423,0.06377445,0.06902466,0.07411259,0.07895952,0.08356072,0.08782799,0.09174633,0.09520166,0.09816838,0.1004829,0.1021054,0.102791,0.1024792,0.100801,0.09766305,0.09252898,0.08520669,0.07502165,0.06151504,0.0444349,0.02314377,0.00433843,0.0007308607,0.0008330432,0.0004840171,NaN,NaN,NaN,NaN,NaN,NaN,NaN,NaN,NaN,NaN,NaN,NaN,NaN,NaN,NaN,NaN,NaN,NaN,NaN,NaN,NaN,NaN,NaN,NaN,NaN,NaN,NaN,NaN,NaN,NaN,NaN,NaN,NaN,NaN,NaN,NaN,NaN,0.0001138776,1.766016e-05,6.966951e-05,-0.0009758004,-0.006966917,-0.01513991
-0.02913707,-0.03451196,-0.03903582,-0.04226793,-0.04445206,-0.04552303,-0.04569219,-0.04499783,-0.04361552,-0.04160504,-0.03911192,-0.03617945,-0.03292558,-0.02936427,-0.02558975,-0.02158861,-0.01743826,-0.01310574,-0.008660208,-0.004056315,0.0006392476,0.005471111,0.01038506,0.01540392,0.02049243,0.025653,0.03086318,0.03610506,0.04137077,0.04662095,0.05186391,0.05703981,0.06217274,0.06717782,0.07210083,0.07682677,0.08141951,0.08573518,0.08984601,0.09357822,0.09699914,0.09990009,0.1023244,0.1040169,0.1049713,0.104866,0.103612,0.1007692,0.09616759,0.08911204,0.07956281,0.06628442,0.05034136,0.0288465,0.007495665,0.001047903,0.0007091696,0.0006640393,NaN,NaN,NaN,NaN,NaN,NaN,NaN,NaN,NaN,NaN,NaN,NaN,NaN,NaN,NaN,NaN,NaN,NaN,NaN,NaN,NaN,NaN,NaN,NaN,NaN,NaN,NaN,NaN,NaN,NaN,NaN,NaN,NaN,NaN,NaN,9.070965e-05,6.579925e-05,1.432018e-05,-0.00163696,-0.007950579,-0.01569955,-0.02255381
-0.03346249,-0.03756527,-0.0405097,-0.04243838,-0.04333718,-0.04330758,-0.04249849,-0.04097453,-0.0389193,-0.03636311,-0.03347602,-0.0302599,-0.02685289,-0.02323387,-0.01950784,-0.01563723,-0.01170091,-0.007652516,-0.003552547,0.0006459796,0.004892628,0.009236535,0.01361768,0.0181017,0.02260728,0.02721192,0.03181766,0.03651327,0.04118242,0.04592705,0.05061154,0.05535051,0.05998971,0.0646608,0.06918343,0.07370885,0.07803081,0.08231338,0.08632649,0.09023735,0.0937911,0.09714358,0.1000103,0.1025159,0.1043336,0.1055265,0.1057007,0.1048311,0.1023841,0.09829968,0.09175687,0.08306596,0.07075102,0.05621019,0.03579418,0.01353859,0.00199874,0.0005876124,0.0008295099,NaN,NaN,NaN,NaN,NaN,NaN,NaN,NaN,NaN,NaN,NaN,NaN,NaN,NaN,NaN,NaN,NaN,NaN,NaN,NaN,NaN,NaN,NaN,NaN,NaN,NaN,NaN,NaN,NaN,NaN,NaN,NaN,NaN,5.305878e-05,0.0001103366,-0.0001825839,-0.002920576,-0.009297066,-0.01638768,-0.02260449,-0.02858356
-0.03615094,-0.03871501,-0.04021221,-0.04086833,-0.04049498,-0.03948925,-0.03766578,-0.03545284,-0.03266035,-0.02968393,-0.02632899,-0.02293487,-0.01930637,-0.01572305,-0.01199359,-0.008344355,-0.004593722,-0.0009242598,0.002828868,0.00651921,0.01029042,0.01401859,0.01783743,0.02162388,0.02550835,0.02937041,0.03333028,0.03727015,0.04130146,0.0453083,0.04939399,0.05344645,0.05755922,0.06162122,0.06572144,0.06974743,0.07377852,0.07770695,0.08159162,0.0853352,0.08896167,0.09238936,0.09558631,0.09848836,0.1009768,0.1030039,0.1043187,0.1048737,0.104264,0.1023924,0.09881158,0.09324083,0.08561203,0.07500876,0.0615281,0.04342991,0.02151189,0.004402469,0.0006273388,0.0006861881,0.0005243625,NaN,NaN,NaN,NaN,NaN,NaN,NaN,NaN,NaN,NaN,NaN,NaN,NaN,NaN,NaN,NaN,NaN,NaN,NaN,NaN,NaN,NaN,NaN,NaN,NaN,NaN,NaN,NaN,NaN,0.0001214585,6.29015e-05,0.0001246297,-0.0006820415,-0.004669481,-0.01102628,-0.01728943,-0.0230733,-0.02826345,-0.03264461
-0.03708972,-0.03813137,-0.03834767,-0.03759832,-0.03621558,-0.03405011,-0.03148547,-0.02838355,-0.02510077,-0.0215052,-0.017892,-0.01413669,-0.01046363,-0.006758971,-0.003180342,0.0003710516,0.003795043,0.007169853,0.010444,0.01366851,0.01683171,0.01995998,0.02306095,0.02615114,0.02924552,0.0323449,0.03547645,0.03862349,0.0418239,0.04504398,0.04833224,0.05163535,0.05501494,0.0584003,0.06186149,0.06531044,0.06883006,0.07230508,0.07584007,0.07927936,0.08275803,0.08606171,0.08936533,0.09237023,0.09529909,0.09772903,0.09993926,0.1013393,0.1022541,0.1019329,0.1007004,0.09782974,0.09340312,0.0869199,0.07783101,0.06521758,0.04990816,0.02993203,0.01006207,0.00145539,0.0004502026,0.000652155,0.000291945,NaN,NaN,NaN,NaN,NaN,NaN,NaN,NaN,NaN,NaN,NaN,NaN,NaN,NaN,NaN,NaN,NaN,NaN,NaN,NaN,NaN,NaN,NaN,NaN,NaN,0.0001090479,8.282694e-05,0.0001091944,-4.722614e-05,-0.001923847,-0.006847078,-0.01288902,-0.01844037,-0.02382756,-0.02838831,-0.03216507,-0.03507601
-0.03646367,-0.03605591,-0.03492656,-0.03300072,-0.03047275,-0.02739361,-0.0239296,-0.02015856,-0.01622693,-0.01218899,-0.008173403,-0.004189352,-0.0003520487,0.003377791,0.0068937,0.01027773,0.01342656,0.01645682,0.01926134,0.02198453,0.0245109,0.02699922,0.02933665,0.03167423,0.03390743,0.03618138,0.0383916,0.04067665,0.04293257,0.04529002,0.04764551,0.05012327,0.05261811,0.0552444,0.05790074,0.06068928,0.06350777,0.06645247,0.06941097,0.07248055,0.07552736,0.07865727,0.08169941,0.08477417,0.0876515,0.09047329,0.0929174,0.09514688,0.09673872,0.09784724,0.09802514,0.0972685,0.0953623,0.09172368,0.08639478,0.07837936,0.06770886,0.05506922,0.03858102,0.01914953,0.004675301,0.0005582682,0.0004051525,0.0004390435,0.0002186575,NaN,NaN,NaN,NaN,NaN,NaN,NaN,NaN,NaN,NaN,NaN,NaN,NaN,NaN,NaN,NaN,NaN,NaN,NaN,NaN,NaN,7.70813e-05,0.0001076313,7.853278e-05,0.000121136,-0.0008426729,-0.004293266,-0.009810825,-0.01517713,-0.02019916,-0.02487312,-0.0289848,-0.03209669,-0.03453368,-0.03585496
-0.0343839,-0.03269538,-0.03030803,-0.02722823,-0.02370452,-0.01968124,-0.01546314,-0.0109717,-0.006506547,-0.001971425,0.002370953,0.006631112,0.0105948,0.01438324,0.01782912,0.02106022,0.0239492,0.02662497,0.02899308,0.03117679,0.03310632,0.03490176,0.03649688,0.03802286,0.03940485,0.04077773,0.04206209,0.04339416,0.04468707,0.04607825,0.04747185,0.04900398,0.05057078,0.05230981,0.0541025,0.05608947,0.05814027,0.06039075,0.06270544,0.06520628,0.06775985,0.07046251,0.07319073,0.07600047,0.07878574,0.08153912,0.08418321,0.08662733,0.08881285,0.09058763,0.09184346,0.09251223,0.09214084,0.09100616,0.08801024,0.08370018,0.07725406,0.06868435,0.05781545,0.04455467,0.02867113,0.01224962,0.002664777,0.0003067859,0.0002724839,0.0002387013,0.0001286059,NaN,NaN,NaN,NaN,NaN,NaN,NaN,NaN,NaN,NaN,NaN,NaN,NaN,NaN,NaN,NaN,NaN,6.123786e-05,8.968647e-05,8.195448e-05,0.0001231884,-0.0005311006,-0.003156374,-0.008026772,-0.01324657,-0.01813956,-0.02269047,-0.02674702,-0.03010345,-0.03269843,-0.03450131,-0.03529842,-0.03529952
-0.03124748,-0.02831113,-0.02474797,-0.02069242,-0.01617131,-0.01140271,-0.00639021,-0.001358169,0.003698416,0.008587645,0.01332033,0.0177561,0.0219096,0.02569576,0.02913127,0.03218197,0.03486331,0.03718469,0.03915489,0.04082048,0.04217987,0.04330283,0.04418877,0.04490755,0.04546433,0.0459305,0.04630759,0.04666676,0.04700535,0.04739174,0.04781805,0.04835087,0.04897415,0.04974811,0.05065328,0.05174118,0.05298377,0.05443031,0.05603468,0.05785164,0.0598064,0.06196885,0.06422219,0.0666616,0.06911108,0.07170647,0.07418721,0.07674197,0.07902085,0.08124571,0.08302916,0.0844807,0.085394,0.08541477,0.08468912,0.08253705,0.07898606,0.07416322,0.06689508,0.05803351,0.0476184,0.03518627,0.02154441,0.008900105,0.002037402,0.0002432885,0.0001043429,8.83898e-05,9.4676e-06,-1.898125e-05,NaN,NaN,NaN,NaN,NaN,NaN,NaN,NaN,NaN,NaN,NaN,6.68244e-06,6.331178e-05,6.625578e-05,8.077266e-05,6.044853e-05,-0.0006942937,-0.003234627,-0.007865337,-0.01291995,-0.01767396,-0.02201437,-0.02599707,-0.02945415,-0.0320972,-0.03406519,-0.03522264,-0.03544274,-0.0349061,-0.03342987
-0.02727402,-0.02325346,-0.01873115,-0.01372669,-0.008474757,-0.002939564,0.002611186,0.008227742,0.01365636,0.01895446,0.02390823,0.02858026,0.03280754,0.03665721,0.04001674,0.04295664,0.04540947,0.0474458,0.04903728,0.05024909,0.05108401,0.05160512,0.0518246,0.05181736,0.05159269,0.05122843,0.05073456,0.05018869,0.04959746,0.04903681,0.04850781,0.04808111,0.04775251,0.04758936,0.0475747,0.04777299,0.04815779,0.04878199,0.04961677,0.05069408,0.05199082,0.05350658,0.05523425,0.05712838,0.05921044,0.06137089,0.06367948,0.0659465,0.06829044,0.07045686,0.07255599,0.07438967,0.07580159,0.07692876,0.07711031,0.07675891,0.07528572,0.07242388,0.06852943,0.06293461,0.05550918,0.04715905,0.03748053,0.02697289,0.01657229,0.007543409,0.002035722,0.0003015293,6.069764e-08,-6.637329e-05,-5.816468e-05,-6.296764e-05,-5.377885e-05,-6.810183e-05,-7.6659e-05,-6.892763e-05,-3.946714e-05,5.683016e-06,3.352269e-05,3.885303e-05,-4.397115e-07,2.699824e-05,-5.562822e-06,-0.0003960215,-0.001696256,-0.005092133,-0.009884018,-0.01472236,-0.01920165,-0.02337124,-0.02711961,-0.03046229,-0.03313262,-0.03508181,-0.03638959,-0.03683846,-0.03647581,-0.03536902,-0.03336994,-0.03069687
-0.02288896,-0.01796005,-0.01258357,-0.006927838,-0.0009848634,0.005012816,0.01109149,0.01701991,0.02282644,0.02831211,0.033504,0.03825215,0.04258234,0.04639803,0.04972462,0.05251622,0.05479722,0.0565668,0.05784477,0.05867007,0.05905556,0.05906603,0.05871956,0.05808347,0.05718474,0.056095,0.05483983,0.05349249,0.05207575,0.05066106,0.04926644,0.04796162,0.04675617,0.04571269,0.04483632,0.04417946,0.04373696,0.04355736,0.04361542,0.04396331,0.04454553,0.04542767,0.04651203,0.04788907,0.04940476,0.05119276,0.05302162,0.05508447,0.05707065,0.0592182,0.06118458,0.06312222,0.06487769,0.06620099,0.06733744,0.06768781,0.06740841,0.06648792,0.06412423,0.06085493,0.05651101,0.05052377,0.04331844,0.03575556,0.02733025,0.01884839,0.01136265,0.005309979,0.001564535,-0.0001026995,-0.0004269006,-0.0004460541,-0.0004527416,-0.0004596014,-0.000451959,-0.0004329828,-0.0004234023,-0.0004430691,-0.0005399993,-0.0007387145,-0.001249042,-0.002748251,-0.006120678,-0.01055087,-0.01513165,-0.0193252,-0.02334624,-0.02719525,-0.03053352,-0.03356929,-0.03607573,-0.03788589,-0.03909803,-0.03966514,-0.03939574,-0.03844263,-0.03675115,-0.03424948,-0.03113586,-0.02728197
-0.01842316,-0.01280895,-0.006896773,-0.0006872499,0.005596222,0.01199829,0.01827536,0.02447791,0.03037983,0.03602961,0.04123982,0.0460556,0.050338,0.05413073,0.05734382,0.06002077,0.06211697,0.06367494,0.06469101,0.06520319,0.06524154,0.06484426,0.06405368,0.0629224,0.06149339,0.05982366,0.05796031,0.05596117,0.05387283,0.05175185,0.04964133,0.04759186,0.04564269,0.04384001,0.0422112,0.04079738,0.03961704,0.03869694,0.0380537,0.03769008,0.03762891,0.03783767,0.03835604,0.03910463,0.04015379,0.04135998,0.04284619,0.04439064,0.04617242,0.04790646,0.04977945,0.0515622,0.05321369,0.05485141,0.05597379,0.05700112,0.05743755,0.0571062,0.05638853,0.05457353,0.0515976,0.04791751,0.04316009,0.03708431,0.03023956,0.02326821,0.01626983,0.009302565,0.003348163,-0.001283397,-0.004665359,-0.006802482,-0.007936797,-0.008240393,-0.008137509,-0.008250259,-0.009050258,-0.01069878,-0.01296443,-0.01549413,-0.01813795,-0.0210534,-0.02401033,-0.02723148,-0.03073991,-0.03380287,-0.03648366,-0.03900194,-0.04112131,-0.04261946,-0.04356546,-0.0440063,-0.04375692,-0.0427941,-0.04125195,-0.0389826,-0.03603133,-0.03251849,-0.02831456,-0.02363485
-0.01426541,-0.008251985,-0.001966511,0.004415235,0.01093627,0.01736908,0.02376891,0.02991227,0.03585091,0.04139027,0.04657502,0.05125327,0.05546363,0.05910121,0.06220151,0.06470498,0.06664553,0.06800525,0.06881495,0.06909457,0.06887134,0.06818976,0.06708688,0.0656096,0.06380778,0.06173359,0.05943915,0.0569787,0.05440501,0.05177082,0.0491269,0.04652402,0.04400666,0.04161755,0.03939865,0.03738137,0.03559816,0.03407535,0.03282594,0.0318782,0.03121561,0.03087797,0.03080774,0.03106752,0.03154571,0.03234612,0.03328344,0.03451918,0.03579394,0.03731458,0.0387952,0.04036731,0.0419426,0.04327751,0.04470303,0.04562823,0.04634902,0.04679891,0.04637627,0.04554481,0.04410978,0.04150254,0.03801775,0.03389817,0.02883429,0.0228644,0.01636711,0.009745223,0.003272925,-0.002839511,-0.00829256,-0.01278123,-0.01635499,-0.01927533,-0.02172596,-0.02385411,-0.02586221,-0.02792256,-0.03019073,-0.03276744,-0.03560874,-0.03828622,-0.04042807,-0.04231723,-0.04430545,-0.04623892,-0.04777943,-0.04881285,-0.04938345,-0.04954988,-0.04918567,-0.04816258,-0.04660136,-0.04450572,-0.04173534,-0.03843008,-0.03459653,-0.03015447,-0.02531263,-0.01995948
-0.01067386,-0.004526137,0.001740466,0.008157223,0.01451584,0.02088196,0.02703669,0.03304372,0.03870301,0.04406865,0.048976,0.0534685,0.05742451,0.06087993,0.06375687,0.06608675,0.06783278,0.06902315,0.06965932,0.06976474,0.06937306,0.06850962,0.06721957,0.06554488,0.06353257,0.0612308,0.05869226,0.05596797,0.05311175,0.05017528,0.0472105,0.04426453,0.04138651,0.03862049,0.03600482,0.03357907,0.03137374,0.02941413,0.02772974,0.02632183,0.02522672,0.02441053,0.02392665,0.02369481,0.02379889,0.02409543,0.02472022,0.02545352,0.02648604,0.02753706,0.02880696,0.03007341,0.03132208,0.03268199,0.03369904,0.03482318,0.03559722,0.03593037,0.03621418,0.03579598,0.03469004,0.03325211,0.03105162,0.0278154,0.02386499,0.01932982,0.01411297,0.008234221,0.002020816,-0.004218448,-0.01024619,-0.01587863,-0.02107232,-0.02588831,-0.03030607,-0.03420144,-0.03748801,-0.04024162,-0.04267715,-0.04505897,-0.04744787,-0.04971417,-0.05164306,-0.05313164,-0.05421307,-0.05487645,-0.05517136,-0.05512753,-0.05464669,-0.0535957,-0.05202889,-0.05004378,-0.04751471,-0.04442054,-0.04091268,-0.03689184,-0.03238021,-0.02752498,-0.0221979,-0.01659563
-0.007810222,-0.001867198,0.004214943,0.01026428,0.01635372,0.02227483,0.02810427,0.03364249,0.03895583,0.04387245,0.04844489,0.05253939,0.05619597,0.05932176,0.0619484,0.06402265,0.06557064,0.06657612,0.06705992,0.0670402,0.06653401,0.06558152,0.06421079,0.06246357,0.06038163,0.0580129,0.0554028,0.05260239,0.04965938,0.04662469,0.04354577,0.04047312,0.03744953,0.03451872,0.03172233,0.02909455,0.02666837,0.02447456,0.02252744,0.02086121,0.01946147,0.0183751,0.0175478,0.01704969,0.01677382,0.01683117,0.01704296,0.01757595,0.01818014,0.01906525,0.01995802,0.02099402,0.02209992,0.0230481,0.02418572,0.02495079,0.02567794,0.02631533,0.02634064,0.02624414,0.02584196,0.02464218,0.02293071,0.02084368,0.0180198,0.0143667,0.01007136,0.005293258,3.846182e-05,-0.005590448,-0.01138846,-0.01714223,-0.02271969,-0.0280566,-0.03309144,-0.03772316,-0.0418526,-0.04543286,-0.04851635,-0.05119264,-0.05353415,-0.05546704,-0.05688477,-0.05780589,-0.05830975,-0.05844627,-0.0581226,-0.05725554,-0.05589915,-0.05416089,-0.0519875,-0.04927551,-0.0461442,-0.04264486,-0.03865579,-0.03430182,-0.02962403,-0.02453234,-0.01922592,-0.01360769
-0.005682016,-0.0001630408,0.005356779,0.01094129,0.01639705,0.02181158,0.02699003,0.03201187,0.03670279,0.04112694,0.04514267,0.04879786,0.05198855,0.05474961,0.05701469,0.05880972,0.06010363,0.06091568,0.0612482,0.06111382,0.060543,0.05955012,0.05817428,0.05644661,0.05440758,0.0520946,0.04955412,0.04682742,0.04396283,0.04100353,0.03799728,0.0349842,0.03201067,0.02911543,0.02633572,0.02370713,0.02126132,0.01902079,0.01701838,0.01525388,0.01376882,0.01252945,0.01159571,0.0108894,0.0105014,0.0102926,0.01040483,0.01062604,0.01114999,0.01170774,0.01249943,0.01331874,0.01415319,0.01514578,0.01585799,0.01675137,0.01739138,0.0177248,0.01815187,0.01807206,0.01755196,0.0169463,0.01585476,0.0140535,0.01181492,0.009181826,0.005984781,0.002157166,-0.002150987,-0.006812292,-0.01173598,-0.01683137,-0.02199094,-0.0271096,-0.032068,-0.0367294,-0.04096146,-0.04468797,-0.04789185,-0.05061198,-0.0528668,-0.05468228,-0.05605392,-0.05691281,-0.05720604,-0.05692058,-0.05615618,-0.05500739,-0.05344255,-0.05137044,-0.04884873,-0.04600488,-0.0427604,-0.03908664,-0.03514116,-0.03085783,-0.02623756,-0.02143595,-0.01633089,-0.01108924
-0.004134953,0.0006817802,0.005570699,0.01036649,0.01516423,0.01977632,0.02429487,0.02854569,0.03260601,0.03632886,0.03977307,0.04282602,0.04552968,0.04780681,0.04968655,0.05112545,0.05214347,0.05272857,0.05289259,0.05265299,0.05201642,0.0510181,0.04967521,0.04802223,0.04608908,0.0439158,0.04153596,0.03899266,0.03632228,0.03356832,0.03076771,0.02796472,0.02519318,0.02249191,0.01989487,0.0174335,0.01513448,0.01302826,0.01112432,0.009458899,0.008014566,0.006842152,0.005886614,0.00522326,0.00474703,0.004574195,0.004531455,0.004788686,0.005106281,0.005693213,0.00629223,0.007035022,0.007866598,0.00856192,0.009477491,0.01007057,0.01068304,0.0112792,0.01137363,0.01146659,0.01139895,0.01073326,0.009778215,0.00866762,0.007071994,0.004909518,0.002332973,-0.0005714929,-0.003872313,-0.007563417,-0.01156063,-0.01575496,-0.02005208,-0.02436181,-0.02859778,-0.03267222,-0.03649742,-0.03998549,-0.04307133,-0.04570445,-0.04786832,-0.04952379,-0.05063686,-0.05124786,-0.05141573,-0.05118633,-0.05050455,-0.04931021,-0.04766,-0.04567895,-0.04335665,-0.04060368,-0.03752591,-0.034203,-0.03052647,-0.02660037,-0.02248726,-0.01809037,-0.01359102,-0.008907179
-0.002979168,0.001073982,0.00507635,0.009115443,0.01301335,0.01687184,0.02051903,0.02404439,0.02729824,0.03035138,0.03308473,0.03554944,0.03766003,0.03945134,0.04087005,0.04193871,0.04263397,0.04296875,0.04294795,0.04257578,0.04188042,0.04086684,0.03956814,0.03800464,0.03620935,0.03420761,0.03203737,0.02972771,0.02731827,0.0248402,0.02233295,0.01982534,0.01735632,0.01495461,0.01265153,0.01047365,0.008449042,0.006592517,0.004935648,0.003472323,0.002245,0.001216225,0.000448527,-0.0001372184,-0.0004466813,-0.0006164035,-0.0005019815,-0.0003078106,0.0001592793,0.0006443844,0.001342403,0.002067015,0.002800294,0.003700932,0.004339897,0.005179144,0.005807894,0.006181305,0.006704552,0.006811729,0.006586932,0.006392643,0.005862371,0.004812385,0.003520122,0.002034115,0.0001933457,-0.002069569,-0.004645132,-0.007465275,-0.01050569,-0.01374185,-0.01711813,-0.02056361,-0.02399251,-0.02731107,-0.03042925,-0.03327947,-0.03581183,-0.03800116,-0.03981822,-0.04126421,-0.04234771,-0.04302068,-0.04323226,-0.04295637,-0.04227205,-0.04127622,-0.03995921,-0.03823879,-0.03615762,-0.03384589,-0.03125137,-0.02833182,-0.02523688,-0.02192141,-0.01836656,-0.01472445,-0.01088065,-0.006970769
-0.001950536,0.001218318,0.004437842,0.007551362,0.01066781,0.01361929,0.01650661,0.01917856,0.02171816,0.02400104,0.0260894,0.02789035,0.02944689,0.0306973,0.03166921,0.03232981,0.03269509,0.03275883,0.03252677,0.03201745,0.03123004,0.03019649,0.02892535,0.02744522,0.02577552,0.02394903,0.02198785,0.01992682,0.01779042,0.01561361,0.01342143,0.0112499,0.009121592,0.007067878,0.00511227,0.003280466,0.001589544,6.630326e-05,-0.00128796,-0.00243862,-0.003409347,-0.00414913,-0.004716677,-0.00503533,-0.005210536,-0.005124602,-0.00494662,-0.004507449,-0.004036115,-0.003328461,-0.002623681,-0.001799067,-0.0008891538,-0.0001200294,0.0008712838,0.001562302,0.002287853,0.003031882,0.003327877,0.003670385,0.00392317,0.003675946,0.003243381,0.00276847,0.001952775,0.00073264,-0.0007343062,-0.002367984,-0.004240271,-0.006363226,-0.008687108,-0.01114542,-0.01368657,-0.01626174,-0.01882507,-0.0213332,-0.02374003,-0.02599122,-0.02803393,-0.0298152,-0.03130353,-0.03245692,-0.03323671,-0.03367303,-0.03381492,-0.03370264,-0.03328499,-0.03249406,-0.0313652,-0.03001355,-0.02844048,-0.02655555,-0.02443999,-0.02218112,-0.01967515,-0.01700138,-0.01423004,-0.01125876,-0.008246146,-0.005122095
-0.0009363724,0.001478384,0.003822293,0.006198775,0.008445281,0.01067146,0.01272582,0.01470271,0.01647371,0.01811258,0.01951992,0.02074829,0.02172859,0.0224954,0.02300784,0.02328635,0.02331571,0.02310498,0.02266295,0.02198854,0.02110959,0.02002484,0.01876363,0.01733845,0.01577691,0.0140949,0.01232354,0.01048155,0.008600925,0.006702006,0.004816414,0.002962084,0.00117024,-0.00054084,-0.002146517,-0.003630218,-0.004968993,-0.006157165,-0.007166549,-0.008010928,-0.008649596,-0.009125541,-0.009376781,-0.009485104,-0.009356222,-0.009125479,-0.008649651,-0.008126155,-0.007366239,-0.006610524,-0.005673213,-0.004720058,-0.003777736,-0.002672817,-0.001825159,-0.0007787777,8.27039e-05,0.0007108784,0.001514097,0.00195518,0.002115979,0.002361977,0.002351195,0.001915657,0.001331264,0.0006568031,-0.0002564189,-0.001467434,-0.002873871,-0.004417428,-0.006087605,-0.007879197,-0.009762788,-0.01169784,-0.0136347,-0.01551777,-0.01729616,-0.01893292,-0.02040145,-0.02168812,-0.02277359,-0.02365865,-0.02435518,-0.02482025,-0.02500193,-0.02486454,-0.02446786,-0.02389869,-0.02315081,-0.02213791,-0.02088105,-0.01949871,-0.01794929,-0.01617434,-0.01430708,-0.01231219,-0.01015264,-0.007969322,-0.005653508,-0.003311513
0.0001849189,0.001862149,0.0035786,0.005187057,0.006804306,0.008279841,0.009718492,0.0109884,0.01217481,0.01317205,0.01404349,0.01471271,0.01522272,0.01552503,0.01564632,0.01556336,0.01528982,0.01482544,0.01417241,0.01335148,0.01235756,0.01122117,0.009945607,0.00855602,0.007064669,0.005499606,0.003874661,0.002218719,0.0005472001,-0.001111515,-0.002741866,-0.0043146,-0.005816581,-0.007223019,-0.008519626,-0.009686164,-0.01071451,-0.01158198,-0.0122953,-0.01282262,-0.01319406,-0.01336028,-0.01338411,-0.01318995,-0.01288422,-0.01235069,-0.01175474,-0.01093113,-0.01009868,-0.009061266,-0.008040318,-0.006924719,-0.005729887,-0.004683987,-0.003421483,-0.002443332,-0.001428838,-0.0003734597,0.0002690614,0.0009802023,0.001645818,0.001869472,0.001958613,0.002061971,0.001899513,0.001410446,0.0007510013,-1.63454e-07,-0.0009116718,-0.002000309,-0.00322672,-0.004538421,-0.005899817,-0.007282009,-0.00866103,-0.01001894,-0.0113347,-0.01257993,-0.01372269,-0.01472838,-0.01557567,-0.01623485,-0.01667189,-0.01691458,-0.01700842,-0.01699248,-0.01681911,-0.01641525,-0.01579864,-0.01507262,-0.01424219,-0.01321402,-0.0120463,-0.01082592,-0.009450802,-0.007977863,-0.006477824,-0.00484441,-0.003213828,-0.001524798
0.001331051,0.002504635,0.003592333,0.004706892,0.005699177,0.006682069,0.007520827,0.008311123,0.00894161,0.009486479,0.009862087,0.01012081,0.01020677,0.01015378,0.009931294,0.009558246,0.009026553,0.008342921,0.007520085,0.006554017,0.005473255,0.004273079,0.00298104,0.001604803,0.0001690167,-0.001316585,-0.002825098,-0.00434484,-0.005848854,-0.007324421,-0.008745302,-0.01010148,-0.01136734,-0.01253245,-0.01357722,-0.01449295,-0.01526074,-0.01588237,-0.01633262,-0.0166317,-0.01674093,-0.01670797,-0.01647232,-0.01611794,-0.0155521,-0.0149087,-0.01404767,-0.01315954,-0.01206209,-0.01098226,-0.009745328,-0.008497505,-0.007274948,-0.005892968,-0.004761876,-0.003436436,-0.002272929,-0.001328064,-0.0001931406,0.0006218877,0.001188701,0.001871894,0.00234936,0.002456307,0.002459587,0.002423014,0.002202987,0.001740132,0.001128575,0.000421047,-0.0003780483,-0.001271827,-0.002242901,-0.003263962,-0.004301981,-0.005318037,-0.006279099,-0.007163001,-0.007957514,-0.008659251,-0.009260034,-0.009765294,-0.01019295,-0.01050724,-0.01065952,-0.01061112,-0.01041164,-0.01014249,-0.009802036,-0.009303313,-0.008652711,-0.007958488,-0.007187294,-0.006269919,-0.005325125,-0.004324557,-0.003218648,-0.002136903,-0.0009766449,0.0001792064
0.002499311,0.003214792,0.003957919,0.00458923,0.005228297,0.005738269,0.006224276,0.006569407,0.006858331,0.006999763,0.007056164,0.00696371,0.006764356,0.006419817,0.005955393,0.005355479,0.004631921,0.003789344,0.00282771,0.001769881,0.0006083335,-0.0006268502,-0.001935467,-0.003294126,-0.004695041,-0.006112884,-0.007539063,-0.00894827,-0.01033098,-0.01166292,-0.01293484,-0.01412182,-0.01521706,-0.01619997,-0.01706276,-0.01778865,-0.0183759,-0.01880446,-0.01908678,-0.0191929,-0.01915745,-0.01893242,-0.01858322,-0.01803558,-0.01739573,-0.01654965,-0.01565832,-0.01456137,-0.01346747,-0.01218944,-0.01093212,-0.009595935,-0.008179758,-0.006913309,-0.005432093,-0.004215801,-0.002960845,-0.001644101,-0.000709022,0.0003094516,0.001317562,0.00192773,0.002434547,0.002990405,0.003327948,0.003382114,0.003302594,0.003164764,0.002900308,0.002486034,0.001952646,0.001343072,0.0006842665,-5.121741e-06,-0.0007109307,-0.00142645,-0.002140797,-0.002836945,-0.003491879,-0.004079878,-0.004584015,-0.004981436,-0.005240631,-0.005387646,-0.005466468,-0.00551709,-0.005496924,-0.005332384,-0.005030458,-0.004687107,-0.004312009,-0.003813163,-0.003233032,-0.002658417,-0.001991539,-0.001273755,-0.0005760791,0.000207528,0.0009581954,0.001728548
0.00353828,0.004020768,0.00440717,0.004813969,0.005102114,0.005383865,0.005536883,0.005655202,0.005640028,0.005563743,0.005354117,0.005061756,0.004640403,0.004122168,0.003483899,0.002742759,0.001895792,0.0009477161,-8.591e-05,-0.001211148,-0.002398994,-0.003656303,-0.004956678,-0.006295555,-0.007650056,-0.009014456,-0.01036443,-0.01169279,-0.01297567,-0.01420523,-0.01535854,-0.01643065,-0.01739929,-0.01825906,-0.01899328,-0.01959836,-0.02005756,-0.0203774,-0.02053418,-0.02055197,-0.02039309,-0.02010765,-0.01963604,-0.01906251,-0.01829572,-0.01746676,-0.01643877,-0.01539473,-0.01415898,-0.01294517,-0.01158914,-0.01021966,-0.008880962,-0.007380137,-0.006117365,-0.004660197,-0.003339463,-0.00222086,-0.0008978493,0.0001444778,0.0009653158,0.001926528,0.002723562,0.003190609,0.003583259,0.003968622,0.004206016,0.00423255,0.004133131,0.003955288,0.003698138,0.003352135,0.002925928,0.002438613,0.001913725,0.001382008,0.0008681007,0.0003883791,-5.083115e-05,-0.0004495097,-0.0008042536,-0.001120922,-0.001419367,-0.001667442,-0.001818219,-0.001830635,-0.001746937,-0.001644805,-0.001527563,-0.001310102,-0.0009896643,-0.000667242,-0.0003177761,0.00013313,0.0005771152,0.001035396,0.001564112,0.002042298,0.002564898,0.003065623
0.004456422,0.004703746,0.004972784,0.00512971,0.0052932,0.005336324,0.005361741,0.005263244,0.005122748,0.004859092,0.00453209,0.004086673,0.003562489,0.002928218,0.002206924,0.001388034,0.0004812486,-0.0005057359,-0.00157507,-0.002702826,-0.003898522,-0.005132773,-0.006407666,-0.007701254,-0.009008946,-0.01030739,-0.01159159,-0.01283864,-0.01404293,-0.01518281,-0.01625321,-0.01723183,-0.01811585,-0.01888715,-0.01954193,-0.0200652,-0.02045906,-0.02070452,-0.02081732,-0.02076803,-0.02059347,-0.02024599,-0.0197915,-0.01915631,-0.01844479,-0.01754464,-0.01661132,-0.0154888,-0.01437539,-0.01309187,-0.01182766,-0.01049324,-0.009073525,-0.007798096,-0.006305388,-0.005054655,-0.003758989,-0.002379432,-0.001349704,-0.0002221237,0.0009272873,0.001718562,0.002432513,0.003224427,0.003837719,0.004201936,0.004459573,0.004683245,0.004804866,0.004795563,0.00467886,0.004490233,0.004250619,0.003971569,0.003661321,0.003319929,0.002952814,0.00257076,0.002192545,0.00183945,0.001527164,0.00127548,0.00111569,0.001024623,0.0009607463,0.0008839826,0.0008331268,0.0008814996,0.001030165,0.001189049,0.001344403,0.001585235,0.001880367,0.002142991,0.002465409,0.002816893,0.003125884,0.003495421,0.003819488,0.004142125
0.005133959,0.005319112,0.005406261,0.005512355,0.005505914,0.005496397,0.005370471,0.005218758,0.004951365,0.004637335,0.00421232,0.003723981,0.003132476,0.002467283,0.001709938,0.0008751468,-3.701685e-05,-0.001024164,-0.002069401,-0.003180939,-0.004330165,-0.005525931,-0.006743279,-0.007980296,-0.009215767,-0.01044711,-0.01165211,-0.01282694,-0.01395,-0.01501695,-0.01600709,-0.01691891,-0.01773227,-0.01844504,-0.01904213,-0.0195231,-0.01987208,-0.02009834,-0.02017847,-0.02013846,-0.01994059,-0.01963557,-0.01916381,-0.01860829,-0.01787831,-0.01710099,-0.01614192,-0.01517612,-0.01403334,-0.01291456,-0.01166432,-0.01039625,-0.009160552,-0.007758111,-0.006578465,-0.00520162,-0.003935462,-0.002853264,-0.001551674,-0.0004937234,0.0003679567,0.001392025,0.002289983,0.002894554,0.003450708,0.004028668,0.004490875,0.004771178,0.004946702,0.005061478,0.005111036,0.005081472,0.004974995,0.004804843,0.004588081,0.004350208,0.00411048,0.00388186,0.00366709,0.003464308,0.003273765,0.00308977,0.002891593,0.002708941,0.002587671,0.002570798,0.002622077,0.002667252,0.002699089,0.002800391,0.002980616,0.003145031,0.003311911,0.003558305,0.003784264,0.004004985,0.004280125,0.004495641,0.004738869,0.004955636
0.005630997,0.005698066,0.005787199,0.005769221,0.005760377,0.00564131,0.005511156,0.005271551,0.00500078,0.004624823,0.004200142,0.003677625,0.003093934,0.002422201,0.001682791,0.0008680302,-1.487889e-05,-0.0009568223,-0.001962263,-0.003007398,-0.004103805,-0.005223472,-0.006370727,-0.00752536,-0.008685645,-0.009830193,-0.01095703,-0.01204543,-0.01309289,-0.01407991,-0.01500449,-0.01584637,-0.01660554,-0.01726556,-0.01782529,-0.01827069,-0.01860621,-0.01881324,-0.01890917,-0.01886449,-0.0187167,-0.01841789,-0.01803313,-0.01748878,-0.01688631,-0.01611454,-0.01532293,-0.01435887,-0.01341068,-0.01230561,-0.0112191,-0.01006958,-0.008830387,-0.007729391,-0.006408578,-0.005308228,-0.004155981,-0.002899724,-0.0019635,-0.0009156817,0.0001829174,0.0009596568,0.001682855,0.002510451,0.003195828,0.003664132,0.004051647,0.004429427,0.004730579,0.004922334,0.005023086,0.005063096,0.005059369,0.005018597,0.004945122,0.004834427,0.004688169,0.004512593,0.004323345,0.004138238,0.003971832,0.0038414,0.003777712,0.00375956,0.0037472,0.003700212,0.003654001,0.003680946,0.003788153,0.003890514,0.00397127,0.004116252,0.004302979,0.004445371,0.004630737,0.004836348,0.004990847,0.005193732,0.00534931,0.005494432
0.005865086,0.005946104,0.005932562,0.005940604,0.005844962,0.005751846,0.00555491,0.005341121,0.005027205,0.004678687,0.004236897,0.003746337,0.003171482,0.00253897,0.001833305,0.00106657,0.0002403994,-0.0006452606,-0.001573313,-0.00255419,-0.003560361,-0.004602758,-0.005658239,-0.00672743,-0.007791024,-0.008849251,-0.009882054,-0.01088853,-0.01184922,-0.01276268,-0.01361019,-0.01439291,-0.0150925,-0.01570924,-0.0162292,-0.01665415,-0.01696874,-0.01718391,-0.01727625,-0.01727261,-0.01713497,-0.01691366,-0.01654886,-0.01612153,-0.01554129,-0.01493093,-0.01415794,-0.01338968,-0.01246027,-0.0115593,-0.01053821,-0.009497542,-0.008491512,-0.007316445,-0.006351457,-0.005187736,-0.004113281,-0.003207063,-0.002069321,-0.001143274,-0.0003912188,0.0005420767,0.001382458,0.001961834,0.002516141,0.003118682,0.003635518,0.003998377,0.004278523,0.004517889,0.004710025,0.00483846,0.004901004,0.004907038,0.004869068,0.004808931,0.004742017,0.004678808,0.004619211,0.004559721,0.004497874,0.004427537,0.004326829,0.004222909,0.004160059,0.004182152,0.004257162,0.004313428,0.004340317,0.004418061,0.004560867,0.004679347,0.004786476,0.004960678,0.005109073,0.005242377,0.005422351,0.005541096,0.005679579,0.005793011
0.005931941,0.005939572,0.005972591,0.005905997,0.005853387,0.005701595,0.005546358,0.005295506,0.005023882,0.004662946,0.004266015,0.003788285,0.003263568,0.002668029,0.002019497,0.00131206,0.0005504977,-0.0002555496,-0.001112813,-0.001998174,-0.00292523,-0.003867658,-0.004831959,-0.005799802,-0.006772138,-0.007729615,-0.008672992,-0.009583673,-0.01046191,-0.01129025,-0.01206934,-0.01278072,-0.01342674,-0.01399238,-0.01447862,-0.01487221,-0.01517937,-0.0153817,-0.01549771,-0.01549771,-0.0154193,-0.0152143,-0.01494653,-0.01454232,-0.0141001,-0.01350956,-0.01291453,-0.01216518,-0.01144097,-0.01057438,-0.009729018,-0.00882904,-0.007838433,-0.006982576,-0.00590717,-0.005035794,-0.004108278,-0.003061882,-0.002311699,-0.001439387,-0.0004928223,0.0001620725,0.0007829137,0.001529965,0.00216565,0.002611981,0.0030003,0.003401095,0.003749367,0.004009809,0.004197357,0.004338736,0.004448568,0.004530569,0.004586455,0.004608484,0.00459556,0.004550498,0.004486362,0.004418174,0.004359425,0.004325073,0.004344907,0.004398773,0.00444777,0.0044508,0.004439981,0.004486175,0.004600616,0.004702141,0.004771558,0.0048916,0.005046288,0.005150679,0.005287793,0.005441026,0.005539784,0.005680394,0.00577553,0.005856586
0.005770058,0.005816098,0.005773108,0.005756058,0.005644918,0.005542977,0.00534952,0.005148365,0.004861415,0.004551231,0.004163424,0.003739788,0.003247926,0.002712049,0.002118633,0.001477531,0.0007911818,5.740471e-05,-0.0007070212,-0.001514459,-0.002338729,-0.003192634,-0.004054911,-0.004928468,-0.00579593,-0.00666004,-0.007502851,-0.008326011,-0.00911217,-0.009862372,-0.01055981,-0.01120792,-0.01179007,-0.01230851,-0.01275049,-0.01311953,-0.01340086,-0.01360667,-0.01371371,-0.0137493,-0.01367528,-0.0135414,-0.01328771,-0.01299317,-0.01256777,-0.0121303,-0.01154989,-0.01098721,-0.01028002,-0.009608253,-0.008828877,-0.008031646,-0.007273264,-0.006346921,-0.005622303,-0.004700244,-0.003852249,-0.003161371,-0.002231513,-0.001488732,-0.0009027689,-0.0001216993,0.0005925564,0.001071677,0.001544179,0.002086146,0.002567341,0.002918327,0.003206038,0.003471166,0.003706303,0.003893557,0.004027836,0.004116076,0.004167609,0.004201697,0.004230938,0.004264017,0.004298654,0.004330034,0.004353505,0.004362287,0.004333316,0.004291387,0.004278997,0.004340225,0.00444593,0.004526351,0.004567939,0.004648371,0.004785064,0.004892965,0.004980939,0.005127968,0.005246904,0.00534521,0.005485876,0.005566344,0.005662492,0.005736835
0.005492516,0.005477353,0.00549206,0.00541532,0.005358383,0.00521314,0.00507249,0.004849194,0.004615281,0.004306485,0.003973531,0.003574871,0.003142006,0.002653309,0.002124489,0.001550797,0.0009350004,0.0002868746,-0.0004022133,-0.001109984,-0.001851786,-0.002602929,-0.003371823,-0.004141921,-0.004916493,-0.005678125,-0.00642995,-0.007155352,-0.007856987,-0.008519289,-0.009145208,-0.009718004,-0.01024204,-0.01070365,-0.01110564,-0.01143558,-0.01170116,-0.01188433,-0.01200447,-0.01203189,-0.01200425,-0.01187321,-0.01170148,-0.01141547,-0.01111099,-0.01067851,-0.01025708,-0.009699197,-0.009176973,-0.008527045,-0.007903476,-0.007234744,-0.006477525,-0.005854541,-0.005014998,-0.004368477,-0.003664633,-0.002832436,-0.002279072,-0.001597179,-0.0008242275,-0.000320056,0.0001641989,0.0007906402,0.001329447,0.001700492,0.002031232,0.002392036,0.002719905,0.00297798,0.003178843,0.003346805,0.003495045,0.003625375,0.003737821,0.003822449,0.003876214,0.003899433,0.003903215,0.003900436,0.003903653,0.003925971,0.003996175,0.004094728,0.004183173,0.004219719,0.004233655,0.004294236,0.004415549,0.004519517,0.004585097,0.004692284,0.00482991,0.00491426,0.005024872,0.005149757,0.005219324,0.005327259,0.005392869,0.005443558
0.005043708,0.00507252,0.005018679,0.004996028,0.004888879,0.004798135,0.00462758,0.004458509,0.00421688,0.003962873,0.003645346,0.003303968,0.002908678,0.002481767,0.002011046,0.001504571,0.0009652188,0.0003890857,-0.0002074996,-0.0008385119,-0.001479074,-0.002143569,-0.002812445,-0.003490576,-0.004162329,-0.00483261,-0.005485375,-0.006124468,-0.006734411,-0.007318413,-0.007861412,-0.008368827,-0.008825562,-0.009235629,-0.009587378,-0.009885854,-0.0101169,-0.01029381,-0.01039355,-0.01044389,-0.01040667,-0.01033115,-0.01015743,-0.009962773,-0.009657575,-0.009357326,-0.008932566,-0.008538502,-0.008015761,-0.007536527,-0.006962004,-0.006373631,-0.005829716,-0.005121309,-0.004610037,-0.003904613,-0.003263316,-0.002771997,-0.0020378,-0.001473082,-0.00105337,-0.0004295322,0.0001465823,0.0005067958,0.0008737214,0.001325711,0.001735848,0.002034018,0.002283902,0.002525499,0.002750992,0.002941697,0.00309058,0.003202809,0.00328557,0.003356388,0.003425961,0.003501725,0.003579891,0.003654625,0.003719533,0.003767233,0.003773713,0.003761804,0.003772497,0.00384978,0.003966613,0.004054683,0.004098233,0.004172711,0.004297792,0.004391875,0.004460847,0.00458383,0.004678249,0.004749294,0.004860715,0.00491433,0.004982202,0.005032405
0.004538289,0.004509354,0.0045155,0.004438561,0.00438795,0.004259551,0.004144097,0.003958113,0.003771516,0.003523181,0.003261869,0.002948429,0.002612618,0.002234334,0.001827627,0.001388413,0.0009179071,0.0004257641,-9.813289e-05,-0.0006324247,-0.001193891,-0.001759337,-0.002338784,-0.002917322,-0.003500153,-0.004071611,-0.004636834,-0.005181009,-0.005708779,-0.006206321,-0.006678514,-0.007110221,-0.00750749,-0.007857983,-0.008166013,-0.008420017,-0.008628882,-0.008775026,-0.008878523,-0.008909879,-0.008906708,-0.008820775,-0.00871382,-0.008512446,-0.008310269,-0.007998529,-0.007712383,-0.007306172,-0.006946136,-0.006472097,-0.006030538,-0.005553301,-0.004991649,-0.004565709,-0.003927622,-0.003475742,-0.002967142,-0.002324547,-0.001948373,-0.001440295,-0.0008299843,-0.000471927,-0.0001239659,0.0003773883,0.0008085843,0.001088083,0.001340328,0.001635644,0.001912747,0.002133938,0.002310152,0.00246404,0.002607828,0.00274188,0.002865181,0.002966359,0.003041076,0.003087863,0.003116476,0.003138134,0.003164541,0.003207417,0.003294718,0.003407281,0.003507018,0.003551533,0.003567949,0.003624119,0.0037362,0.003828495,0.003878746,0.003964772,0.004078988,0.004138873,0.004221386,0.004317967,0.004360139,0.00443949,0.004480521,0.004507849
0.003914626,0.003932341,0.003874291,0.003853448,0.003757546,0.003685727,0.003545206,0.003415399,0.00322529,0.003033253,0.002790524,0.002535172,0.002238772,0.00192212,0.001573888,0.001200686,0.0008055458,0.0003831583,-5.068214e-05,-0.0005113229,-0.0009750788,-0.001457714,-0.001941194,-0.002432094,-0.002916342,-0.00340068,-0.003870756,-0.004332307,-0.004771513,-0.005193438,-0.005584567,-0.005952033,-0.006282127,-0.00658038,-0.00683616,-0.007055809,-0.007225802,-0.007360338,-0.00743671,-0.007483023,-0.007461249,-0.007420246,-0.007300213,-0.007177071,-0.00696153,-0.006766484,-0.006463503,-0.006203538,-0.005829285,-0.005506961,-0.005100708,-0.004685771,-0.004321379,-0.003797055,-0.003467929,-0.002948618,-0.002487277,-0.002171507,-0.001610952,-0.001207573,-0.0009411026,-0.0004645775,-2.201332e-05,0.000218782,0.0004760069,0.0008297382,0.001155745,0.001383511,0.001574347,0.001767845,0.001956006,0.002119691,0.002250507,0.00235231,0.002430786,0.002502252,0.002576096,0.002658868,0.002745722,0.00283003,0.002904068,0.002959931,0.002972899,0.002964289,0.002973949,0.003045686,0.003153983,0.003231643,0.003261387,0.003316947,0.003419626,0.003490485,0.003533426,0.003627605,0.003693977,0.003736282,0.003818831,0.003846846,0.003889774,0.003919803
0.003280208,0.003243873,0.00324856,0.003178569,0.003142017,0.003037771,0.002955043,0.002813113,0.002680384,0.002497986,0.002313276,0.002088738,0.001852809,0.001586346,0.001302142,0.0009964115,0.0006691136,0.0003295884,-3.353977e-05,-0.0003998305,-0.00078731,-0.001174149,-0.001571795,-0.001966805,-0.002366069,-0.002755487,-0.003141933,-0.00351221,-0.003872699,-0.004211126,-0.004534035,-0.004827715,-0.005099686,-0.005338795,-0.005550646,-0.005724494,-0.00587024,-0.005970798,-0.006046814,-0.006069026,-0.006075045,-0.006016736,-0.005955078,-0.005816803,-0.005693822,-0.005477846,-0.005301047,-0.005018985,-0.004793454,-0.004466392,-0.00417865,-0.003864106,-0.003470035,-0.00321428,-0.002751073,-0.002470317,-0.002134227,-0.001660972,-0.00144571,-0.001096415,-0.0006369793,-0.0004177539,-0.0002013739,0.0001766913,0.0004976116,0.0006790078,0.000843166,0.001060452,0.001270929,0.001436357,0.001566525,0.00168292,0.001797094,0.001908457,0.002015214,0.002104941,0.002172312,0.002214554,0.002240363,0.002259747,0.002283769,0.002323121,0.002405084,0.002510721,0.002602161,0.002636594,0.002639583,0.002677941,0.002769249,0.002839607,0.002866021,0.002924801,0.003010917,0.003042935,0.003096086,0.003164315,0.003180189,0.003233914,0.003253817,0.003262781
0.002564026,0.002578174,0.002523793,0.002513305,0.002436897,0.002392606,0.002290043,0.002207444,0.002075833,0.001952453,0.001790101,0.001625729,0.001431879,0.001228264,0.001003983,0.000764552,0.0005128426,0.0002424034,-3.166973e-05,-0.000325877,-0.0006176934,-0.0009241253,-0.001228541,-0.001538991,-0.001842877,-0.002148543,-0.00244319,-0.002734188,-0.003009279,-0.00327511,-0.003519606,-0.003751347,-0.003957922,-0.004146125,-0.004306311,-0.004445886,-0.004551989,-0.004639547,-0.004686235,-0.004720413,-0.004704223,-0.004686175,-0.004606545,-0.004540175,-0.004397931,-0.004290693,-0.004090603,-0.003945413,-0.003699051,-0.003513362,-0.003254279,-0.002992353,-0.00278697,-0.002426467,-0.002261117,-0.001909357,-0.0016122,-0.00145803,-0.001058193,-0.0008068726,-0.0006861878,-0.0003507344,-3.902791e-05,8.161624e-05,0.0002264701,0.0004768619,0.0007105464,0.0008568846,0.000975639,0.001106034,0.001239953,0.001357934,0.001450627,0.001521104,0.001573892,0.001624337,0.001680777,0.001749041,0.00182339,0.001896605,0.001960065,0.002005397,0.002007318,0.001986076,0.001980618,0.002034628,0.00212356,0.002181042,0.002188788,0.002219427,0.002295342,0.002339541,0.002354719,0.002420141,0.002459279,0.002475131,0.002532458,0.002539067,0.002562785,0.00257872
0.001865958,0.001830488,0.001842544,0.001788177,0.001774799,0.001703307,0.001662049,0.001572145,0.001501095,0.001391512,0.001289857,0.001159587,0.001028215,0.0008770815,0.0007180299,0.0005472888,0.0003637673,0.0001763337,-2.751782e-05,-0.0002282503,-0.0004450636,-0.0006573848,-0.0008779901,-0.001094787,-0.001316199,-0.001529577,-0.001743368,-0.00194584,-0.002144961,-0.00232987,-0.002508606,-0.002668742,-0.002819119,-0.002949653,-0.00306709,-0.003161453,-0.003243529,-0.003296702,-0.003342135,-0.003350777,-0.003360271,-0.003322505,-0.003297902,-0.003213142,-0.003158884,-0.003026903,-0.002947222,-0.002775852,-0.002671475,-0.002476973,-0.002329344,-0.002163158,-0.001922748,-0.001824024,-0.001522208,-0.001401424,-0.001226759,-0.0009131745,-0.0008521421,-0.0006550406,-0.0003417025,-0.0002595898,-0.0001741963,7.982978e-05,0.0002868214,0.0003640538,0.0004325374,0.0005627662,0.0006957021,0.0007927244,0.0008628395,0.0009267313,0.0009954323,0.001067754,0.001141235,0.001202601,0.001245677,0.00126669,0.001273439,0.001275054,0.001282093,0.001304489,0.001368955,0.00145662,0.00152962,0.001544893,0.001526979,0.001542048,0.001608526,0.001653743,0.001654328,0.001685766,0.00174468,0.001750545,0.001777653,0.001821688,0.001816091,0.001850456,0.001855661,0.001853786
0.001107868,0.001126589,0.001084023,0.0010925,0.001043783,0.001035493,0.0009787228,0.000951206,0.0008851707,0.0008373202,0.0007612976,0.0006934141,0.000606639,0.0005199713,0.0004225333,0.0003190251,0.0002119127,9.379248e-05,-2.103699e-05,-0.000150119,-0.0002720595,-0.0004050437,-0.0005337624,-0.0006676277,-0.0007954474,-0.0009270366,-0.001051066,-0.001176386,-0.001292207,-0.001406614,-0.001508896,-0.001608933,-0.001695532,-0.00177661,-0.001843482,-0.001904468,-0.00194738,-0.001987749,-0.002003642,-0.002023644,-0.002010026,-0.002011046,-0.00196693,-0.001951728,-0.001876172,-0.001849708,-0.001744449,-0.001705958,-0.0015784,-0.001520708,-0.001399291,-0.001281537,-0.001226284,-0.001020689,-0.00101173,-0.000819399,-0.0006802393,-0.0006824771,-0.0004379739,-0.0003360437,-0.0003596191,-0.0001638438,1.612702e-05,1.355996e-05,4.232259e-05,0.0001845893,0.0003193466,0.0003759797,0.0004134068,0.0004705802,0.0005392326,0.0005995963,0.0006416413,0.0006678519,0.0006818871,0.0006983117,0.0007246257,0.0007660117,0.0008159796,0.0008667658,0.0009090592,0.0009340303,0.0009159075,0.0008742198,0.0008472803,0.0008786346,0.0009442127,0.0009781035,0.0009615,0.0009664934,0.001016121,0.001034612,0.001024175,0.001064307,0.001080066,0.001074314,0.001112278,0.001103486,0.001115141,0.001124223
0.0003848595,0.0003569988,0.000383445,0.0003513548,0.0003681657,0.0003359192,0.0003428487,0.0003110428,0.0003077798,0.0002763656,0.0002629173,0.0002312721,0.0002084726,0.0001758915,0.0001447293,0.0001108964,7.250028e-05,3.775932e-05,-6.793851e-06,-4.258702e-05,-8.992875e-05,-0.0001294511,-0.0001751997,-0.0002164139,-0.0002629269,-0.0003035026,-0.0003480483,-0.0003862634,-0.0004275561,-0.0004624435,-0.0005003294,-0.0005300461,-0.0005616357,-0.0005860777,-0.0006111262,-0.0006276015,-0.000647034,-0.0006533224,-0.0006680416,-0.0006623712,-0.0006739827,-0.0006547312,-0.0006646381,-0.0006301359,-0.0006410082,-0.0005886629,-0.0006017094,-0.0005358038,-0.0005476617,-0.0004798954,-0.0004671097,-0.0004434864,-0.0003513676,-0.0004050104,-0.0002592658,-0.0002949877,-0.0002776822,-0.0001202225,-0.0002117417,-0.0001645699,3.685578e-06,-5.259597e-05,-9.963906e-05,2.862908e-05,0.0001181979,8.642372e-05,5.39028e-05,9.121876e-05,0.0001396904,0.0001604932,0.0001621585,0.0001648269,0.000179057,0.0002030497,0.000233762,0.0002572496,0.0002666543,0.0002574362,0.0002366965,0.0002128403,0.0001958528,0.0001950694,0.0002367137,0.0003017238,0.0003521045,0.0003445498,0.0003031131,0.0002936566,0.0003350107,0.0003550976,0.0003305394,0.0003366299,0.0003709191,0.0003535174,0.0003586191,0.000382945,0.0003606684,0.000381453,0.000377644,0.0003713609
-0.000384858,-0.0003569973,-0.0003834435,-0.0003513533,-0.0003681641,-0.0003359176,-0.0003428471,-0.0003110411,-0.0003077782,-0.0002763639,-0.0002629156,-0.0002312705,-0.000208471,-0.0001758899,-0.0001447277,-0.0001108949,-7.249878e-05,-3.775785e-05,6.795266e-06,4.258838e-05,8.993005e-05,0.0001294523,0.0001752009,0.0002164149,0.0002629279,0.0003035035,0.0003480491,0.0003862641,0.0004275567,0.0004624441,0.0005003299,0.0005300464,0.0005616359,0.0005860779,0.0006111262,0.0006276015,0.000647034,0.0006533222,0.0006680413,0.0006623709,0.0006739824,0.0006547309,0.0006646377,0.0006301355,0.0006410077,0.0005886625,0.0006017089,0.0005358033,0.0005476612,0.0004798949,0.0004671091,0.0004434859,0.0003513671,0.0004050099,0.0002592653,0.0002949873,0.0002776818,0.0001202221,0.0002117413,0.0001645695,-3.685916e-06,5.259567e-05,9.963879e-05,-2.862931e-05,-0.0001181981,-8.642387e-05,-5.390291e-05,-9.121883e-05,-0.0001396904,-0.0001604932,-0.0001621585,-0.0001648268,-0.0001790569,-0.0002030495,-0.0002337618,-0.0002572493,-0.000266654,-0.0002574359,-0.0002366961,-0.0002128398,-0.0001958523,-0.0001950689,-0.0002367131,-0.0003017231,-0.0003521038,-0.000344549,-0.0003031123,-0.0002936557,-0.0003350098,-0.0003550966,-0.0003305384,-0.0003366289,-0.000370918,-0.0003535162,-0.0003586179,-0.0003829437,-0.0003606671,-0.0003814516,-0.0003776426,-0.0003713595
-0.001107867,-0.001126588,-0.001084021,-0.001092498,-0.001043782,-0.001035491,-0.0009787212,-0.0009512044,-0.000885169,-0.0008373185,-0.000761296,-0.0006934125,-0.0006066374,-0.0005199697,-0.0004225318,-0.0003190236,-0.0002119112,-9.379106e-05,2.103836e-05,0.0001501203,0.0002720607,0.0004050449,0.0005337635,0.0006676287,0.0007954484,0.0009270374,0.001051066,0.001176387,0.001292208,0.001406615,0.001508896,0.001608933,0.001695532,0.00177661,0.001843482,0.001904468,0.001947379,0.001987749,0.002003642,0.002023643,0.002010025,0.002011046,0.001966929,0.001951727,0.001876172,0.001849707,0.001744448,0.001705957,0.001578399,0.001520707,0.001399291,0.001281537,0.001226284,0.001020689,0.001011729,0.0008193984,0.0006802388,0.0006824766,0.0004379734,0.0003360432,0.0003596187,0.0001638434,-1.612738e-05,-1.356028e-05,-4.232287e-05,-0.0001845895,-0.0003193468,-0.0003759798,-0.0004134069,-0.0004705802,-0.0005392326,-0.0005995962,-0.0006416413,-0.0006678518,-0.0006818869,-0.0006983115,-0.0007246254,-0.0007660114,-0.0008159791,-0.0008667653,-0.0009090587,-0.0009340298,-0.0009159069,-0.0008742191,-0.0008472796,-0.0008786338,-0.0009442118,-0.0009781027,-0.0009614991,-0.0009664925,-0.00101612,-0.001034611,-0.001024174,-0.001064306,-0.001080065,-0.001074313,-0.001112277,-0.001103484,-0.00111514,-0.001124221
-0.001865957,-0.001830486,-0.001842543,-0.001788175,-0.001774798,-0.001703305,-0.001662047,-0.001572143,-0.001501094,-0.00139151,-0.001289856,-0.001159586,-0.001028213,-0.00087708,-0.0007180284,-0.0005472873,-0.0003637659,-0.0001763324,2.751905e-05,0.0002282515,0.0004450647,0.0006573858,0.000877991,0.001094788,0.0013162,0.001529578,0.001743369,0.001945841,0.002144962,0.00232987,0.002508606,0.002668742,0.002819119,0.002949653,0.00306709,0.003161453,0.003243528,0.003296702,0.003342134,0.003350777,0.003360271,0.003322504,0.003297902,0.003213141,0.003158884,0.003026902,0.002947222,0.002775851,0.002671474,0.002476972,0.002329343,0.002163158,0.001922747,0.001824023,0.001522207,0.001401424,0.001226758,0.0009131739,0.0008521415,0.00065504,0.000341702,0.0002595893,0.0001741959,-7.98302e-05,-0.0002868218,-0.0003640541,-0.0004325377,-0.0005627665,-0.0006957023,-0.0007927245,-0.0008628396,-0.0009267313,-0.0009954323,-0.001067754,-0.001141235,-0.001202601,-0.001245677,-0.00126669,-0.001273438,-0.001275054,-0.001282092,-0.001304489,-0.001368955,-0.001456619,-0.001529619,-0.001544892,-0.001526978,-0.001542047,-0.001608525,-0.001653742,-0.001654327,-0.001685764,-0.001744679,-0.001750544,-0.001777652,-0.001821686,-0.001816089,-0.001850454,-0.00185566,-0.001853784
-0.002564024,-0.002578172,-0.002523791,-0.002513303,-0.002436896,-0.002392604,-0.002290041,-0.002207442,-0.002075831,-0.001952452,-0.001790099,-0.001625728,-0.001431877,-0.001228263,-0.001003982,-0.0007645508,-0.0005128414,-0.0002424023,3.167076e-05,0.0003258779,0.0006176942,0.000924126,0.001228542,0.001538992,0.001842878,0.002148543,0.002443191,0.002734189,0.003009279,0.00327511,0.003519606,0.003751346,0.003957922,0.004146125,0.004306311,0.004445885,0.004551989,0.004639547,0.004686234,0.004720413,0.004704222,0.004686174,0.004606545,0.004540174,0.00439793,0.004290693,0.004090602,0.003945412,0.00369905,0.003513361,0.003254278,0.002992352,0.002786969,0.002426466,0.002261116,0.001909357,0.001612199,0.001458029,0.001058192,0.000806872,0.0006861872,0.0003507339,3.902746e-05,-8.161663e-05,-0.0002264705,-0.0004768622,-0.0007105466,-0.0008568848,-0.0009756391,-0.001106034,-0.001239953,-0.001357934,-0.001450627,-0.001521104,-0.001573892,-0.001624337,-0.001680777,-0.00174904,-0.001823389,-0.001896605,-0.001960064,-0.002005396,-0.002007317,-0.001986075,-0.001980617,-0.002034627,-0.002123559,-0.002181041,-0.002188786,-0.002219426,-0.00229534,-0.002339539,-0.002354718,-0.00242014,-0.002459278,-0.00247513,-0.002532457,-0.002539066,-0.002562783,-0.002578719
-0.003280207,-0.003243871,-0.003248559,-0.003178568,-0.003142015,-0.00303777,-0.002955042,-0.002813111,-0.002680383,-0.002497985,-0.002313275,-0.002088737,-0.001852807,-0.001586345,-0.00130214,-0.0009964106,-0.0006691127,-0.0003295875,3.354056e-05,0.0003998312,0.0007873106,0.00117415,0.001571795,0.001966805,0.002366069,0.002755487,0.003141934,0.00351221,0.003872698,0.004211126,0.004534034,0.004827714,0.005099685,0.005338795,0.005550646,0.005724493,0.005870239,0.005970797,0.006046813,0.006069025,0.006075044,0.006016735,0.005955077,0.005816801,0.005693821,0.005477845,0.005301046,0.005018984,0.004793453,0.004466391,0.004178649,0.003864105,0.003470034,0.003214279,0.002751072,0.002470316,0.002134226,0.001660971,0.001445709,0.001096415,0.0006369787,0.0004177534,0.0002013735,-0.0001766917,-0.0004976119,-0.000679008,-0.0008431661,-0.001060452,-0.001270929,-0.001436357,-0.001566525,-0.00168292,-0.001797094,-0.001908457,-0.002015213,-0.00210494,-0.002172312,-0.002214554,-0.002240362,-0.002259746,-0.002283769,-0.00232312,-0.002405083,-0.00251072,-0.00260216,-0.002636593,-0.002639581,-0.00267794,-0.002769247,-0.002839605,-0.002866019,-0.0029248,-0.003010915,-0.003042934,-0.003096085,-0.003164314,-0.003180188,-0.003233913,-0.003253816,-0.003262779
-0.003914624,-0.00393234,-0.00387429,-0.003853447,-0.003757544,-0.003685726,-0.003545205,-0.003415398,-0.003225288,-0.003033252,-0.002790523,-0.002535171,-0.002238771,-0.001922119,-0.001573887,-0.001200685,-0.000805545,-0.0003831576,5.068274e-05,0.0005113234,0.0009750793,0.001457715,0.001941194,0.002432094,0.002916342,0.00340068,0.003870756,0.004332306,0.004771513,0.005193438,0.005584567,0.005952033,0.006282127,0.006580379,0.006836159,0.007055808,0.0072258,0.007360336,0.007436709,0.007483021,0.007461248,0.007420244,0.007300211,0.007177069,0.006961528,0.006766482,0.006463502,0.006203537,0.005829284,0.00550696,0.005100707,0.00468577,0.004321378,0.003797054,0.003467927,0.002948617,0.002487276,0.002171506,0.001610951,0.001207573,0.0009411018,0.0004645768,2.201275e-05,-0.0002187825,-0.0004760073,-0.0008297385,-0.001155746,-0.001383511,-0.001574347,-0.001767845,-0.001956005,-0.002119691,-0.002250507,-0.00235231,-0.002430786,-0.002502252,-0.002576096,-0.002658867,-0.002745721,-0.00283003,-0.002904067,-0.00295993,-0.002972898,-0.002964288,-0.002973948,-0.003045685,-0.003153981,-0.003231642,-0.003261386,-0.003316946,-0.003419625,-0.003490484,-0.003533425,-0.003627603,-0.003693976,-0.00373628,-0.003818829,-0.003846844,-0.003889773,-0.003919802
-0.004538287,-0.004509352,-0.004515498,-0.00443856,-0.004387949,-0.00425955,-0.004144095,-0.003958112,-0.003771514,-0.00352318,-0.003261868,-0.002948428,-0.002612617,-0.002234333,-0.001827626,-0.001388412,-0.0009179065,-0.0004257636,9.813332e-05,0.000632425,0.001193891,0.001759337,0.002338784,0.002917322,0.003500152,0.004071611,0.004636834,0.005181009,0.005708779,0.00620632,0.006678513,0.00711022,0.007507489,0.007857982,0.008166011,0.008420016,0.00862888,0.008775025,0.008878522,0.008909877,0.008906706,0.008820773,0.008713818,0.008512444,0.008310267,0.007998527,0.007712381,0.00730617,0.006946134,0.006472095,0.006030536,0.005553299,0.004991647,0.004565708,0.003927621,0.003475741,0.002967141,0.002324546,0.001948372,0.001440294,0.0008299834,0.0004719262,0.0001239652,-0.0003773889,-0.0008085848,-0.001088084,-0.001340328,-0.001635644,-0.001912747,-0.002133938,-0.002310152,-0.002464039,-0.002607828,-0.00274188,-0.002865181,-0.002966359,-0.003041075,-0.003087863,-0.003116476,-0.003138133,-0.00316454,-0.003207416,-0.003294717,-0.00340728,-0.003507017,-0.003551532,-0.003567948,-0.003624118,-0.003736199,-0.003828494,-0.003878745,-0.00396477,-0.004078987,-0.004138872,-0.004221384,-0.004317966,-0.004360138,-0.004439489,-0.00448052,-0.004507847
-0.005043706,-0.005072519,-0.005018678,-0.004996026,-0.004888877,-0.004798134,-0.004627579,-0.004458508,-0.004216878,-0.003962872,-0.003645344,-0.003303967,-0.002908677,-0.002481767,-0.002011045,-0.00150457,-0.0009652183,-0.0003890854,0.0002074999,0.000838512,0.001479074,0.002143569,0.002812444,0.003490576,0.004162329,0.00483261,0.005485374,0.006124467,0.006734409,0.007318412,0.007861411,0.008368826,0.008825561,0.009235627,0.009587377,0.009885852,0.0101169,0.01029381,0.01039355,0.01044389,0.01040667,0.01033115,0.01015742,0.009962771,0.009657573,0.009357324,0.008932564,0.0085385,0.008015759,0.007536525,0.006962002,0.006373629,0.005829714,0.005121307,0.004610036,0.003904611,0.003263314,0.002771996,0.002037799,0.001473081,0.001053369,0.0004295312,-0.0001465832,-0.0005067966,-0.0008737221,-0.001325712,-0.001735849,-0.002034018,-0.002283902,-0.0025255,-0.002750992,-0.002941697,-0.00309058,-0.003202809,-0.00328557,-0.003356388,-0.00342596,-0.003501724,-0.00357989,-0.003654625,-0.003719532,-0.003767232,-0.003773712,-0.003761803,-0.003772496,-0.003849779,-0.003966612,-0.004054682,-0.004098232,-0.004172709,-0.004297791,-0.004391874,-0.004460845,-0.004583829,-0.004678248,-0.004749293,-0.004860714,-0.004914328,-0.0049822,-0.005032403
-0.005492514,-0.005477352,-0.005492059,-0.005415319,-0.005358382,-0.005213139,-0.005072488,-0.004849192,-0.004615279,-0.004306484,-0.00397353,-0.00357487,-0.003142005,-0.002653308,-0.002124489,-0.001550796,-0.0009350001,-0.0002868744,0.0004022134,0.001109984,0.001851786,0.002602929,0.003371823,0.004141921,0.004916492,0.005678124,0.006429948,0.007155351,0.007856986,0.008519287,0.009145206,0.009718003,0.01024204,0.01070365,0.01110564,0.01143558,0.01170116,0.01188432,0.01200446,0.01203189,0.01200424,0.0118732,0.01170148,0.01141547,0.01111098,0.01067851,0.01025708,0.009699195,0.009176971,0.008527043,0.007903474,0.007234742,0.006477523,0.005854539,0.005014996,0.004368476,0.003664631,0.002832435,0.00227907,0.001597177,0.0008242262,0.0003200549,-0.0001641999,-0.0007906411,-0.001329448,-0.001700492,-0.002031232,-0.002392037,-0.002719905,-0.002977981,-0.003178843,-0.003346806,-0.003495045,-0.003625375,-0.003737821,-0.003822448,-0.003876214,-0.003899432,-0.003903215,-0.003900435,-0.003903652,-0.00392597,-0.003996174,-0.004094727,-0.004183172,-0.004219718,-0.004233654,-0.004294235,-0.004415548,-0.004519516,-0.004585096,-0.004692283,-0.004829908,-0.004914259,-0.00502487,-0.005149755,-0.005219323,-0.005327257,-0.005392867,-0.005443557
-0.005770057,-0.005816097,-0.005773107,-0.005756056,-0.005644917,-0.005542976,-0.005349518,-0.005148364,-0.004861414,-0.00455123,-0.004163423,-0.003739787,-0.003247926,-0.002712049,-0.002118632,-0.001477531,-0.0007911816,-5.740471e-05,0.0007070211,0.001514459,0.002338729,0.003192633,0.004054911,0.004928467,0.005795929,0.006660038,0.00750285,0.00832601,0.009112169,0.009862371,0.01055981,0.01120792,0.01179007,0.01230851,0.01275049,0.01311953,0.01340085,0.01360667,0.01371371,0.0137493,0.01367528,0.0135414,0.01328771,0.01299317,0.01256777,0.01213029,0.01154988,0.01098721,0.01028002,0.00960825,0.008828876,0.008031644,0.007273262,0.00634692,0.005622301,0.004700242,0.003852248,0.00316137,0.002231512,0.001488731,0.0009027676,0.0001216981,-0.0005925575,-0.001071678,-0.00154418,-0.002086147,-0.002567341,-0.002918328,-0.003206039,-0.003471166,-0.003706304,-0.003893557,-0.004027836,-0.004116077,-0.004167609,-0.004201697,-0.004230938,-0.004264016,-0.004298653,-0.004330034,-0.004353504,-0.004362287,-0.004333315,-0.004291386,-0.004278996,-0.004340224,-0.004445929,-0.00452635,-0.004567938,-0.00464837,-0.004785063,-0.004892964,-0.004980937,-0.005127966,-0.005246903,-0.005345209,-0.005485875,-0.005566342,-0.00566249,-0.005736834
-0.00593194,-0.00593957,-0.00597259,-0.005905995,-0.005853386,-0.005701594,-0.005546357,-0.005295504,-0.00502388,-0.004662945,-0.004266014,-0.003788285,-0.003263567,-0.002668029,-0.002019497,-0.001312059,-0.0005504977,0.0002555495,0.001112813,0.001998174,0.002925229,0.003867657,0.004831958,0.005799801,0.006772137,0.007729614,0.00867299,0.009583671,0.01046191,0.01129025,0.01206934,0.01278071,0.01342674,0.01399238,0.01447862,0.01487221,0.01517937,0.0153817,0.01549771,0.0154977,0.0154193,0.01521429,0.01494653,0.01454232,0.0141001,0.01350956,0.01291453,0.01216517,0.01144097,0.01057437,0.009729015,0.008829039,0.007838431,0.006982574,0.005907168,0.005035792,0.004108276,0.00306188,0.002311697,0.001439386,0.0004928209,-0.0001620738,-0.0007829149,-0.001529966,-0.002165651,-0.002611982,-0.003000301,-0.003401095,-0.003749367,-0.004009809,-0.004197357,-0.004338737,-0.004448568,-0.004530569,-0.004586455,-0.004608484,-0.004595559,-0.004550497,-0.004486362,-0.004418174,-0.004359424,-0.004325072,-0.004344907,-0.004398772,-0.004447769,-0.004450799,-0.00443998,-0.004486174,-0.004600615,-0.00470214,-0.004771557,-0.004891599,-0.005046287,-0.005150678,-0.005287791,-0.005441025,-0.005539783,-0.005680392,-0.005775528,-0.005856584
-0.005865085,-0.005946103,-0.005932561,-0.005940603,-0.00584496,-0.005751844,-0.005554909,-0.00534112,-0.005027204,-0.004678687,-0.004236897,-0.003746336,-0.003171481,-0.00253897,-0.001833305,-0.001066569,-0.0002403992,0.0006452606,0.001573313,0.002554189,0.003560361,0.004602758,0.005658238,0.006727429,0.007791023,0.00884925,0.009882053,0.01088853,0.01184922,0.01276268,0.01361019,0.0143929,0.0150925,0.01570924,0.0162292,0.01665415,0.01696874,0.0171839,0.01727625,0.01727261,0.01713496,0.01691366,0.01654886,0.01612153,0.01554129,0.01493093,0.01415793,0.01338968,0.01246027,0.0115593,0.0105382,0.009497539,0.008491511,0.007316443,0.006351454,0.005187734,0.004113279,0.003207061,0.002069319,0.001143272,0.0003912172,-0.0005420781,-0.00138246,-0.001961835,-0.002516142,-0.003118683,-0.003635519,-0.003998378,-0.004278523,-0.004517889,-0.004710025,-0.00483846,-0.004901004,-0.004907038,-0.004869068,-0.00480893,-0.004742017,-0.004678807,-0.00461921,-0.004559721,-0.004497874,-0.004427536,-0.004326828,-0.004222908,-0.004160059,-0.004182152,-0.004257161,-0.004313427,-0.004340316,-0.00441806,-0.004560866,-0.004679346,-0.004786475,-0.004960677,-0.005109072,-0.005242375,-0.00542235,-0.005541095,-0.005679577,-0.00579301
-0.005630995,-0.005698065,-0.005787198,-0.00576922,-0.005760376,-0.00564131,-0.005511155,-0.005271549,-0.005000779,-0.004624822,-0.004200141,-0.003677624,-0.003093934,-0.0024222,-0.001682791,-0.0008680298,1.487908e-05,0.0009568224,0.001962263,0.003007398,0.004103805,0.005223472,0.006370727,0.007525359,0.008685644,0.009830192,0.01095703,0.01204543,0.01309289,0.01407991,0.01500449,0.01584637,0.01660554,0.01726556,0.01782529,0.01827069,0.01860621,0.01881324,0.01890917,0.01886449,0.0187167,0.01841789,0.01803312,0.01748878,0.01688631,0.01611454,0.01532293,0.01435886,0.01341068,0.01230561,0.0112191,0.01006957,0.008830385,0.007729389,0.006408575,0.005308226,0.004155979,0.002899722,0.001963498,0.00091568,-0.0001829189,-0.0009596582,-0.001682856,-0.002510452,-0.003195829,-0.003664133,-0.004051648,-0.004429428,-0.004730579,-0.004922334,-0.005023086,-0.005063097,-0.005059369,-0.005018597,-0.004945122,-0.004834427,-0.004688169,-0.004512593,-0.004323345,-0.004138237,-0.003971832,-0.0038414,-0.003777711,-0.003759559,-0.0037472,-0.003700211,-0.003654,-0.003680945,-0.003788152,-0.003890513,-0.003971269,-0.00411625,-0.004302977,-0.00444537,-0.004630736,-0.004836347,-0.004990845,-0.00519373,-0.005349309,-0.005494431
-0.005133957,-0.00531911,-0.00540626,-0.005512354,-0.005505912,-0.005496395,-0.005370469,-0.005218756,-0.004951363,-0.004637334,-0.004212319,-0.00372398,-0.003132475,-0.002467282,-0.001709937,-0.0008751464,3.701718e-05,0.001024164,0.002069401,0.003180939,0.004330164,0.005525931,0.006743279,0.007980295,0.009215767,0.01044711,0.01165211,0.01282694,0.01395,0.01501694,0.01600709,0.01691891,0.01773227,0.01844504,0.01904212,0.01952309,0.01987208,0.02009833,0.02017846,0.02013845,0.01994059,0.01963557,0.01916381,0.01860829,0.01787831,0.01710099,0.01614191,0.01517612,0.01403333,0.01291456,0.01166431,0.01039624,0.009160549,0.007758109,0.006578463,0.005201618,0.00393546,0.002853262,0.001551672,0.0004937217,-0.0003679583,-0.001392026,-0.002289984,-0.002894555,-0.00345071,-0.004028669,-0.004490876,-0.00477118,-0.004946703,-0.005061479,-0.005111037,-0.005081473,-0.004974996,-0.004804843,-0.004588081,-0.004350208,-0.00411048,-0.00388186,-0.00366709,-0.003464308,-0.003273765,-0.00308977,-0.002891593,-0.002708941,-0.002587671,-0.002570798,-0.002622076,-0.002667251,-0.002699088,-0.00280039,-0.002980615,-0.00314503,-0.00331191,-0.003558304,-0.003784263,-0.004004984,-0.004280124,-0.00449564,-0.004738867,-0.004955635
-0.00445642,-0.004703744,-0.004972782,-0.005129708,-0.005293198,-0.005336322,-0.00536174,-0.005263242,-0.005122746,-0.004859091,-0.004532089,-0.004086672,-0.003562488,-0.002928217,-0.002206923,-0.001388034,-0.0004812479,0.0005057364,0.001575071,0.002702826,0.003898523,0.005132773,0.006407666,0.007701253,0.009008945,0.01030739,0.01159159,0.01283864,0.01404293,0.01518281,0.01625321,0.01723182,0.01811585,0.01888715,0.01954193,0.0200652,0.02045905,0.02070452,0.02081731,0.02076803,0.02059347,0.02024599,0.0197915,0.0191563,0.01844478,0.01754463,0.01661132,0.0154888,0.01437539,0.01309187,0.01182766,0.01049324,0.009073522,0.007798094,0.006305385,0.005054653,0.003758987,0.00237943,0.001349702,0.000222122,-0.0009272889,-0.001718564,-0.002432514,-0.003224429,-0.00383772,-0.004201937,-0.004459574,-0.004683246,-0.004804867,-0.004795564,-0.004678861,-0.004490234,-0.00425062,-0.003971569,-0.003661322,-0.003319929,-0.002952814,-0.00257076,-0.002192545,-0.00183945,-0.001527164,-0.001275481,-0.00111569,-0.001024623,-0.0009607462,-0.0008839823,-0.0008331264,-0.0008814991,-0.001030164,-0.001189048,-0.001344402,-0.001585234,-0.001880366,-0.00214299,-0.002465408,-0.002816892,-0.003125882,-0.00349542,-0.003819486,-0.004142123
-0.003538278,-0.004020766,-0.004407168,-0.004813967,-0.005102112,-0.005383863,-0.005536881,-0.0056552,-0.005640026,-0.005563742,-0.005354115,-0.005061754,-0.004640401,-0.004122167,-0.003483898,-0.002742758,-0.00189579,-0.000947715,8.591104e-05,0.001211149,0.002398995,0.003656303,0.004956678,0.006295555,0.007650056,0.009014456,0.01036443,0.01169279,0.01297567,0.01420523,0.01535854,0.01643065,0.01739929,0.01825906,0.01899327,0.01959836,0.02005756,0.0203774,0.02053417,0.02055197,0.02039309,0.02010765,0.01963603,0.01906251,0.01829572,0.01746676,0.01643877,0.01539473,0.01415898,0.01294516,0.01158914,0.01021966,0.008880959,0.007380134,0.006117363,0.004660195,0.003339461,0.002220858,0.0008978473,-0.0001444797,-0.0009653177,-0.00192653,-0.002723564,-0.00319061,-0.00358326,-0.003968623,-0.004206017,-0.004232551,-0.004133132,-0.003955289,-0.003698139,-0.003352137,-0.002925929,-0.002438614,-0.001913726,-0.001382009,-0.0008681015,-0.0003883799,5.083045e-05,0.0004495091,0.000804253,0.001120921,0.001419367,0.001667442,0.001818219,0.001830635,0.001746937,0.001644805,0.001527563,0.001310102,0.0009896648,0.0006672427,0.0003177768,-0.0001331292,-0.0005771142,-0.001035395,-0.001564111,-0.002042297,-0.002564896,-0.003065621
-0.002499309,-0.00321479,-0.003957917,-0.004589228,-0.005228295,-0.005738267,-0.006224273,-0.006569405,-0.006858329,-0.00699976,-0.007056161,-0.006963708,-0.006764354,-0.006419814,-0.005955391,-0.005355476,-0.004631919,-0.003789342,-0.002827708,-0.001769879,-0.0006083319,0.0006268516,0.001935468,0.003294127,0.004695042,0.006112885,0.007539063,0.00894827,0.01033099,0.01166292,0.01293484,0.01412182,0.01521706,0.01619997,0.01706276,0.01778864,0.01837589,0.01880445,0.01908678,0.0191929,0.01915744,0.01893241,0.01858322,0.01803558,0.01739573,0.01654965,0.01565831,0.01456137,0.01346746,0.01218943,0.01093211,0.009595933,0.008179756,0.006913306,0.00543209,0.004215799,0.002960843,0.001644099,0.0007090198,-0.0003094537,-0.001317564,-0.001927732,-0.002434549,-0.002990406,-0.00332795,-0.003382116,-0.003302596,-0.003164766,-0.002900309,-0.002486035,-0.001952647,-0.001343074,-0.000684268,5.120325e-06,0.0007109293,0.001426449,0.002140796,0.002836944,0.003491878,0.004079877,0.004584014,0.004981435,0.00524063,0.005387646,0.005466468,0.00551709,0.005496924,0.005332384,0.005030458,0.004687108,0.00431201,0.003813163,0.003233032,0.002658417,0.00199154,0.001273756,0.0005760802,-0.0002075267,-0.0009581939,-0.001728546
-0.00133105,-0.002504633,-0.003592331,-0.00470689,-0.005699174,-0.006682066,-0.007520825,-0.00831112,-0.008941608,-0.009486475,-0.009862084,-0.01012081,-0.01020677,-0.01015378,-0.009931291,-0.009558243,-0.009026551,-0.008342918,-0.007520082,-0.006554014,-0.005473252,-0.004273077,-0.002981038,-0.001604801,-0.000169015,0.001316587,0.0028251,0.004344841,0.005848855,0.007324422,0.008745302,0.01010148,0.01136734,0.01253245,0.01357722,0.01449295,0.01526074,0.01588237,0.01633262,0.0166317,0.01674093,0.01670796,0.01647232,0.01611794,0.0155521,0.0149087,0.01404767,0.01315953,0.01206209,0.01098226,0.009745325,0.008497504,0.007274946,0.005892965,0.004761874,0.003436434,0.002272927,0.001328062,0.0001931383,-0.00062189,-0.001188703,-0.001871896,-0.002349363,-0.002456309,-0.002459589,-0.002423016,-0.002202989,-0.001740134,-0.001128577,-0.0004210489,0.0003780465,0.001271825,0.002242899,0.00326396,0.00430198,0.005318035,0.006279097,0.007163,0.007957513,0.008659249,0.009260032,0.009765293,0.01019295,0.01050724,0.01065952,0.01061112,0.01041164,0.01014249,0.009802036,0.009303313,0.008652711,0.007958489,0.007187294,0.00626992,0.005325125,0.004324558,0.003218649,0.002136904,0.0009766463,-0.0001792048
-0.0001849172,-0.001862147,-0.003578598,-0.005187055,-0.006804303,-0.008279839,-0.009718489,-0.0109884,-0.01217481,-0.01317205,-0.01404349,-0.0147127,-0.01522272,-0.01552503,-0.01564631,-0.01556336,-0.01528982,-0.01482543,-0.01417241,-0.01335148,-0.01235755,-0.01122117,-0.009945604,-0.008556018,-0.007064666,-0.005499605,-0.003874659,-0.002218718,-0.0005471985,0.001111516,0.002741867,0.0043146,0.005816581,0.007223019,0.008519626,0.009686164,0.01071451,0.01158198,0.0122953,0.01282261,0.01319406,0.01336028,0.01338411,0.01318995,0.01288422,0.01235069,0.01175474,0.01093113,0.01009867,0.009061264,0.008040315,0.006924717,0.005729885,0.004683985,0.003421481,0.002443329,0.001428835,0.0003734574,-0.0002690637,-0.0009802046,-0.001645821,-0.001869474,-0.001958615,-0.002061973,-0.001899515,-0.001410448,-0.0007510033,1.615278e-07,0.00091167,0.002000307,0.003226718,0.004538419,0.005899815,0.007282007,0.008661028,0.01001893,0.0113347,0.01257993,0.01372269,0.01472838,0.01557567,0.01623484,0.01667189,0.01691457,0.01700842,0.01699248,0.01681911,0.01641525,0.01579864,0.01507262,0.01424219,0.01321402,0.0120463,0.01082592,0.009450802,0.007977864,0.006477825,0.004844411,0.003213829,0.001524799
0.0009363739,-0.001478382,-0.003822291,-0.006198773,-0.008445278,-0.01067145,-0.01272582,-0.01470271,-0.0164737,-0.01811257,-0.01951992,-0.02074829,-0.02172859,-0.0224954,-0.02300784,-0.02328635,-0.02331571,-0.02310497,-0.02266294,-0.02198854,-0.02110959,-0.02002484,-0.01876363,-0.01733844,-0.0157769,-0.0140949,-0.01232354,-0.01048155,-0.008600923,-0.006702005,-0.004816413,-0.002962082,-0.001170239,0.0005408407,0.002146518,0.003630218,0.004968993,0.006157165,0.007166548,0.008010928,0.008649595,0.00912554,0.00937678,0.009485102,0.00935622,0.009125477,0.008649649,0.008126154,0.007366237,0.006610523,0.005673212,0.004720056,0.003777734,0.002672815,0.001825157,0.0007787758,-8.270584e-05,-0.0007108803,-0.001514098,-0.001955182,-0.002115981,-0.002361979,-0.002351197,-0.001915659,-0.001331266,-0.0006568047,0.0002564173,0.001467432,0.002873869,0.004417426,0.006087604,0.007879195,0.009762786,0.01169784,0.0136347,0.01551777,0.01729615,0.01893292,0.02040145,0.02168812,0.02277359,0.02365865,0.02435518,0.02482024,0.02500193,0.02486454,0.02446786,0.02389869,0.02315081,0.02213791,0.02088105,0.01949871,0.01794929,0.01617434,0.01430708,0.01231219,0.01015264,0.007969323,0.005653509,0.003311514
0.001950537,-0.001218316,-0.004437841,-0.00755136,-0.01066781,-0.01361929,-0.0165066,-0.01917855,-0.02171816,-0.02400103,-0.02608939,-0.02789035,-0.02944689,-0.0306973,-0.03166921,-0.03232981,-0.03269508,-0.03275883,-0.03252677,-0.03201745,-0.03123004,-0.03019649,-0.02892535,-0.02744522,-0.02577552,-0.02394903,-0.02198785,-0.01992681,-0.01779042,-0.01561361,-0.01342143,-0.0112499,-0.009121591,-0.007067878,-0.005112269,-0.003280466,-0.001589544,-6.630343e-05,0.00128796,0.00243862,0.003409347,0.004149129,0.004716676,0.005035329,0.005210535,0.005124602,0.004946619,0.004507448,0.004036113,0.003328459,0.002623679,0.001799066,0.0008891523,0.000120028,-0.0008712852,-0.001562304,-0.002287854,-0.003031883,-0.003327878,-0.003670386,-0.003923171,-0.003675947,-0.003243382,-0.002768471,-0.001952776,-0.0007326411,0.0007343052,0.002367982,0.00424027,0.006363225,0.008687107,0.01114541,0.01368657,0.01626174,0.01882507,0.0213332,0.02374003,0.02599121,0.02803393,0.0298152,0.03130353,0.03245691,0.0332367,0.03367303,0.03381492,0.03370264,0.03328499,0.03249406,0.0313652,0.03001354,0.02844047,0.02655555,0.02443998,0.02218112,0.01967515,0.01700138,0.01423004,0.01125877,0.008246147,0.005122096
0.002979169,-0.001073981,-0.005076348,-0.009115441,-0.01301335,-0.01687183,-0.02051903,-0.02404438,-0.02729824,-0.03035137,-0.03308473,-0.03554944,-0.03766002,-0.03945133,-0.04087004,-0.04193871,-0.04263397,-0.04296874,-0.04294794,-0.04257577,-0.04188042,-0.04086684,-0.03956813,-0.03800464,-0.03620935,-0.03420761,-0.03203737,-0.02972771,-0.02731826,-0.02484019,-0.02233295,-0.01982533,-0.01735632,-0.01495461,-0.01265153,-0.01047365,-0.008449042,-0.006592517,-0.004935648,-0.003472324,-0.002245,-0.001216226,-0.0004485279,0.0001372176,0.0004466804,0.0006164026,0.0005019806,0.0003078097,-0.0001592802,-0.0006443852,-0.001342404,-0.002067016,-0.002800295,-0.003700933,-0.004339897,-0.005179145,-0.005807894,-0.006181306,-0.006704552,-0.00681173,-0.006586932,-0.006392644,-0.005862371,-0.004812385,-0.003520122,-0.002034116,-0.0001933459,0.002069568,0.004645132,0.007465274,0.01050569,0.01374185,0.01711813,0.02056361,0.02399251,0.02731107,0.03042925,0.03327946,0.03581183,0.03800116,0.03981822,0.04126421,0.04234771,0.04302068,0.04323225,0.04295637,0.04227205,0.04127622,0.03995921,0.03823879,0.03615761,0.03384589,0.03125137,0.02833182,0.02523688,0.02192141,0.01836656,0.01472445,0.01088065,0.00697077
0.004134953,-0.0006817798,-0.005570698,-0.01036649,-0.01516423,-0.01977632,-0.02429486,-0.02854569,-0.03260601,-0.03632886,-0.03977307,-0.04282602,-0.04552968,-0.0478068,-0.04968654,-0.05112545,-0.05214346,-0.05272857,-0.05289259,-0.05265299,-0.05201641,-0.0510181,-0.0496752,-0.04802222,-0.04608907,-0.0439158,-0.04153595,-0.03899266,-0.03632228,-0.03356832,-0.03076771,-0.02796472,-0.02519318,-0.02249191,-0.01989487,-0.0174335,-0.01513448,-0.01302826,-0.01112432,-0.009458899,-0.008014566,-0.006842153,-0.005886614,-0.00522326,-0.004747031,-0.004574195,-0.004531456,-0.004788686,-0.005106281,-0.005693213,-0.00629223,-0.007035022,-0.007866598,-0.00856192,-0.009477491,-0.01007056,-0.01068304,-0.0112792,-0.01137363,-0.01146659,-0.01139895,-0.01073326,-0.009778214,-0.00866762,-0.007071994,-0.004909517,-0.002332972,0.0005714935,0.003872313,0.007563418,0.01156063,0.01575496,0.02005208,0.02436181,0.02859778,0.03267222,0.03649742,0.03998548,0.04307133,0.04570445,0.04786832,0.04952378,0.05063686,0.05124785,0.05141573,0.05118633,0.05050455,0.04931021,0.04765999,0.04567895,0.04335665,0.04060368,0.03752591,0.03420299,0.03052647,0.02660037,0.02248726,0.01809037,0.01359102,0.008907179
0.005682015,0.0001630404,-0.005356779,-0.01094129,-0.01639705,-0.02181158,-0.02699003,-0.03201187,-0.03670279,-0.04112694,-0.04514267,-0.04879786,-0.05198854,-0.05474961,-0.05701469,-0.05880972,-0.06010363,-0.06091568,-0.0612482,-0.06111382,-0.06054299,-0.05955011,-0.05817428,-0.0564466,-0.05440758,-0.0520946,-0.04955412,-0.04682741,-0.04396283,-0.04100353,-0.03799728,-0.0349842,-0.03201067,-0.02911543,-0.02633572,-0.02370713,-0.02126132,-0.01902079,-0.01701838,-0.01525388,-0.01376882,-0.01252945,-0.01159572,-0.0108894,-0.0105014,-0.0102926,-0.01040483,-0.01062604,-0.01114999,-0.01170774,-0.01249943,-0.01331874,-0.01415319,-0.01514578,-0.01585799,-0.01675137,-0.01739138,-0.01772479,-0.01815187,-0.01807206,-0.01755196,-0.0169463,-0.01585476,-0.0140535,-0.01181491,-0.009181825,-0.005984779,-0.002157165,0.002150988,0.006812293,0.01173598,0.01683137,0.02199094,0.0271096,0.032068,0.0367294,0.04096145,0.04468797,0.04789185,0.05061198,0.0528668,0.05468228,0.05605392,0.05691281,0.05720604,0.05692058,0.05615617,0.05500739,0.05344254,0.05137044,0.04884872,0.04600487,0.0427604,0.03908664,0.03514116,0.03085782,0.02623756,0.02143594,0.01633089,0.01108923
0.007810221,0.001867197,-0.004214944,-0.01026428,-0.01635372,-0.02227483,-0.02810427,-0.03364248,-0.03895583,-0.04387245,-0.04844489,-0.05253939,-0.05619597,-0.05932175,-0.0619484,-0.06402265,-0.06557064,-0.06657612,-0.06705992,-0.06704019,-0.06653401,-0.06558152,-0.06421079,-0.06246357,-0.06038163,-0.0580129,-0.0554028,-0.05260239,-0.04965938,-0.04662469,-0.04354577,-0.04047312,-0.03744953,-0.03451872,-0.03172233,-0.02909455,-0.02666837,-0.02447456,-0.02252744,-0.02086121,-0.01946147,-0.0183751,-0.0175478,-0.01704969,-0.01677382,-0.01683117,-0.01704296,-0.01757594,-0.01818014,-0.01906525,-0.01995802,-0.02099402,-0.02209992,-0.0230481,-0.02418572,-0.02495079,-0.02567793,-0.02631533,-0.02634064,-0.02624414,-0.02584195,-0.02464217,-0.02293071,-0.02084368,-0.0180198,-0.0143667,-0.01007136,-0.005293256,-3.846028e-05,0.005590449,0.01138846,0.01714223,0.02271969,0.0280566,0.03309144,0.03772316,0.0418526,0.04543286,0.04851635,0.05119264,0.05353415,0.05546704,0.05688477,0.05780588,0.05830975,0.05844626,0.0581226,0.05725554,0.05589915,0.05416089,0.05198749,0.04927551,0.0461442,0.04264485,0.03865579,0.03430181,0.02962402,0.02453234,0.01922591,0.01360768
0.01067386,0.004526135,-0.001740468,-0.008157223,-0.01451584,-0.02088196,-0.02703669,-0.03304372,-0.03870301,-0.04406865,-0.048976,-0.0534685,-0.05742451,-0.06087992,-0.06375687,-0.06608675,-0.06783278,-0.06902314,-0.06965932,-0.06976473,-0.06937306,-0.06850962,-0.06721957,-0.06554488,-0.06353257,-0.0612308,-0.05869226,-0.05596797,-0.05311175,-0.05017528,-0.0472105,-0.04426453,-0.04138651,-0.03862049,-0.03600482,-0.03357907,-0.03137374,-0.02941413,-0.02772974,-0.02632183,-0.02522672,-0.02441053,-0.02392665,-0.02369481,-0.02379889,-0.02409543,-0.02472022,-0.02545352,-0.02648604,-0.02753706,-0.02880696,-0.0300734,-0.03132208,-0.03268199,-0.03369904,-0.03482317,-0.03559722,-0.03593036,-0.03621417,-0.03579597,-0.03469004,-0.03325211,-0.03105161,-0.0278154,-0.02386499,-0.01932981,-0.01411297,-0.00823422,-0.002020814,0.00421845,0.01024619,0.01587863,0.02107232,0.02588831,0.03030607,0.03420144,0.03748801,0.04024162,0.04267715,0.04505897,0.04744787,0.04971417,0.05164306,0.05313164,0.05421306,0.05487645,0.05517136,0.05512753,0.05464668,0.0535957,0.05202889,0.05004378,0.04751471,0.04442054,0.04091267,0.03689184,0.03238021,0.02752497,0.0221979,0.01659563
0.01426541,0.008251982,0.001966509,-0.004415237,-0.01093627,-0.01736909,-0.02376891,-0.02991227,-0.03585091,-0.04139027,-0.04657502,-0.05125327,-0.05546363,-0.05910121,-0.06220151,-0.06470498,-0.06664553,-0.06800525,-0.06881495,-0.06909457,-0.06887133,-0.06818976,-0.06708688,-0.0656096,-0.06380778,-0.06173359,-0.05943914,-0.0569787,-0.05440501,-0.05177082,-0.0491269,-0.04652402,-0.04400666,-0.04161755,-0.03939865,-0.03738137,-0.03559816,-0.03407535,-0.03282593,-0.0318782,-0.03121561,-0.03087797,-0.03080774,-0.03106751,-0.0315457,-0.03234612,-0.03328344,-0.03451918,-0.03579393,-0.03731458,-0.0387952,-0.04036731,-0.04194259,-0.04327751,-0.04470303,-0.04562823,-0.04634902,-0.04679891,-0.04637626,-0.04554481,-0.04410978,-0.04150254,-0.03801775,-0.03389816,-0.02883429,-0.0228644,-0.0163671,-0.009745221,-0.003272923,0.002839513,0.008292561,0.01278123,0.01635499,0.01927533,0.02172596,0.02385411,0.02586221,0.02792256,0.03019073,0.03276744,0.03560874,0.03828622,0.04042806,0.04231722,0.04430545,0.04623892,0.04777943,0.04881285,0.04938345,0.04954988,0.04918567,0.04816257,0.04660136,0.04450572,0.04173534,0.03843007,0.03459652,0.03015446,0.02531263,0.01995947
0.01842316,0.01280895,0.00689677,0.0006872473,-0.005596224,-0.0119983,-0.01827537,-0.02447791,-0.03037983,-0.03602961,-0.04123982,-0.0460556,-0.050338,-0.05413073,-0.05734382,-0.06002077,-0.06211697,-0.06367494,-0.06469101,-0.06520319,-0.06524154,-0.06484426,-0.06405368,-0.0629224,-0.06149339,-0.05982366,-0.05796031,-0.05596117,-0.05387283,-0.05175184,-0.04964133,-0.04759186,-0.04564269,-0.04384001,-0.0422112,-0.04079738,-0.03961704,-0.03869693,-0.0380537,-0.03769008,-0.03762891,-0.03783767,-0.03835604,-0.03910463,-0.04015379,-0.04135998,-0.04284618,-0.04439063,-0.04617242,-0.04790645,-0.04977944,-0.05156219,-0.05321369,-0.05485141,-0.05597378,-0.05700111,-0.05743755,-0.05710619,-0.05638853,-0.05457352,-0.05159759,-0.0479175,-0.04316009,-0.0370843,-0.03023956,-0.02326821,-0.01626982,-0.009302564,-0.003348161,0.001283398,0.004665359,0.006802483,0.007936797,0.008240393,0.008137509,0.00825026,0.009050258,0.01069878,0.01296443,0.01549413,0.01813795,0.0210534,0.02401033,0.02723148,0.0307399,0.03380286,0.03648366,0.03900193,0.04112131,0.04261946,0.04356545,0.0440063,0.04375692,0.0427941,0.04125195,0.0389826,0.03603132,0.03251849,0.02831456,0.02363485
0.02288895,0.01796005,0.01258357,0.006927835,0.0009848604,-0.005012819,-0.0110915,-0.01701992,-0.02282644,-0.02831211,-0.03350401,-0.03825215,-0.04258234,-0.04639803,-0.04972462,-0.05251622,-0.05479722,-0.0565668,-0.05784477,-0.05867007,-0.05905556,-0.05906603,-0.05871956,-0.05808347,-0.05718474,-0.056095,-0.05483983,-0.05349249,-0.05207575,-0.05066106,-0.04926644,-0.04796162,-0.04675617,-0.04571269,-0.04483632,-0.04417945,-0.04373695,-0.04355735,-0.04361542,-0.04396331,-0.04454552,-0.04542767,-0.04651202,-0.04788907,-0.04940476,-0.05119275,-0.05302161,-0.05508447,-0.05707065,-0.05921819,-0.06118458,-0.06312222,-0.06487768,-0.06620099,-0.06733743,-0.0676878,-0.0674084,-0.06648791,-0.06412423,-0.06085492,-0.056511,-0.05052377,-0.04331844,-0.03575556,-0.02733025,-0.01884839,-0.01136265,-0.005309979,-0.001564535,0.0001026997,0.0004269007,0.0004460542,0.0004527416,0.0004596015,0.0004519591,0.0004329828,0.0004234023,0.0004430691,0.0005399993,0.0007387145,0.001249042,0.002748251,0.006120678,0.01055087,0.01513165,0.0193252,0.02334624,0.02719525,0.03053352,0.03356929,0.03607573,0.03788589,0.03909802,0.03966514,0.03939574,0.03844263,0.03675115,0.03424948,0.03113586,0.02728197
0.02727402,0.02325345,0.01873115,0.01372668,0.008474754,0.00293956,-0.002611189,-0.008227745,-0.01365636,-0.01895446,-0.02390823,-0.02858026,-0.03280754,-0.03665721,-0.04001674,-0.04295664,-0.04540948,-0.0474458,-0.04903728,-0.05024909,-0.05108401,-0.05160512,-0.0518246,-0.05181736,-0.05159269,-0.05122843,-0.05073456,-0.05018869,-0.04959746,-0.04903681,-0.04850781,-0.04808111,-0.04775251,-0.04758936,-0.0475747,-0.04777298,-0.04815778,-0.04878198,-0.04961677,-0.05069408,-0.05199082,-0.05350657,-0.05523425,-0.05712838,-0.05921044,-0.06137088,-0.06367948,-0.06594649,-0.06829043,-0.07045685,-0.07255599,-0.07438967,-0.07580158,-0.07692875,-0.07711031,-0.0767589,-0.07528571,-0.07242388,-0.06852943,-0.06293461,-0.05550918,-0.04715904,-0.03748053,-0.02697289,-0.01657229,-0.007543408,-0.002035722,-0.0003015292,-6.066798e-08,6.637332e-05,5.81647e-05,6.296765e-05,5.377886e-05,6.810184e-05,7.665902e-05,6.892764e-05,3.946715e-05,-5.683007e-06,-3.352268e-05,-3.885302e-05,4.397177e-07,-2.699823e-05,5.562827e-06,0.0003960215,0.001696256,0.005092133,0.009884017,0.01472235,0.01920165,0.02337124,0.02711961,0.03046229,0.03313262,0.0350818,0.03638959,0.03683846,0.03647581,0.03536902,0.03336994,0.03069686
0.03124747,0.02831113,0.02474796,0.02069242,0.01617131,0.01140271,0.006390207,0.001358165,-0.003698419,-0.008587648,-0.01332033,-0.0177561,-0.0219096,-0.02569576,-0.02913127,-0.03218197,-0.03486331,-0.03718469,-0.03915489,-0.04082048,-0.04217987,-0.04330283,-0.04418877,-0.04490755,-0.04546433,-0.0459305,-0.04630759,-0.04666676,-0.04700535,-0.04739174,-0.04781805,-0.04835087,-0.04897414,-0.0497481,-0.05065328,-0.05174118,-0.05298376,-0.05443031,-0.05603468,-0.05785163,-0.0598064,-0.06196884,-0.06422218,-0.06666159,-0.06911108,-0.07170647,-0.0741872,-0.07674196,-0.07902085,-0.0812457,-0.08302915,-0.0844807,-0.085394,-0.08541477,-0.08468912,-0.08253705,-0.07898606,-0.07416322,-0.06689508,-0.0580335,-0.0476184,-0.03518627,-0.02154441,-0.008900104,-0.002037402,-0.0002432885,-0.0001043429,-8.838977e-05,-9.467582e-06,1.898127e-05,NaN,NaN,NaN,NaN,NaN,NaN,NaN,NaN,NaN,NaN,NaN,-6.682433e-06,-6.331177e-05,-6.625577e-05,-8.077265e-05,-6.044852e-05,0.0006942937,0.003234627,0.007865336,0.01291995,0.01767396,0.02201437,0.02599706,0.02945415,0.0320972,0.03406519,0.03522264,0.03544274,0.0349061,0.03342986
0.03438389,0.03269537,0.03030803,0.02722823,0.02370451,0.01968124,0.01546313,0.01097169,0.006506544,0.001971422,-0.002370956,-0.006631115,-0.0105948,-0.01438325,-0.01782913,-0.02106022,-0.0239492,-0.02662498,-0.02899309,-0.03117679,-0.03310632,-0.03490176,-0.03649688,-0.03802286,-0.03940485,-0.04077773,-0.04206209,-0.04339416,-0.04468707,-0.04607824,-0.04747184,-0.04900398,-0.05057077,-0.0523098,-0.05410249,-0.05608946,-0.05814027,-0.06039075,-0.06270543,-0.06520628,-0.06775985,-0.0704625,-0.07319073,-0.07600047,-0.07878574,-0.08153912,-0.0841832,-0.08662732,-0.08881284,-0.09058763,-0.09184346,-0.09251222,-0.09214083,-0.09100615,-0.08801024,-0.08370017,-0.07725406,-0.06868435,-0.05781545,-0.04455467,-0.02867113,-0.01224962,-0.002664777,-0.0003067859,-0.0002724839,-0.0002387013,-0.0001286059,NaN,NaN,NaN,NaN,NaN,NaN,NaN,NaN,NaN,NaN,NaN,NaN,NaN,NaN,NaN,NaN,NaN,-6.123786e-05,-8.968646e-05,-8.195448e-05,-0.0001231884,0.0005311006,0.003156374,0.008026772,0.01324657,0.01813956,0.02269047,0.02674702,0.03010345,0.03269843,0.03450131,0.03529841,0.03529952
0.03646367,0.03605591,0.03492655,0.03300071,0.03047275,0.0273936,0.0239296,0.02015855,0.01622693,0.01218899,0.0081734,0.004189349,0.0003520456,-0.003377794,-0.006893702,-0.01027773,-0.01342656,-0.01645682,-0.01926134,-0.02198453,-0.0245109,-0.02699922,-0.02933665,-0.03167423,-0.03390743,-0.03618138,-0.0383916,-0.04067665,-0.04293257,-0.04529002,-0.04764551,-0.05012327,-0.05261811,-0.05524439,-0.05790074,-0.06068928,-0.06350776,-0.06645246,-0.06941097,-0.07248054,-0.07552736,-0.07865726,-0.0816994,-0.08477417,-0.0876515,-0.09047328,-0.09291739,-0.09514687,-0.09673872,-0.09784723,-0.09802513,-0.09726849,-0.0953623,-0.09172367,-0.08639478,-0.07837936,-0.06770886,-0.05506922,-0.03858102,-0.01914953,-0.004675301,-0.0005582682,-0.0004051525,-0.0004390435,-0.0002186574,NaN,NaN,NaN,NaN,NaN,NaN,NaN,NaN,NaN,NaN,NaN,NaN,NaN,NaN,NaN,NaN,NaN,NaN,NaN,NaN,NaN,-7.708129e-05,-0.0001076313,-7.853277e-05,-0.000121136,0.0008426729,0.004293266,0.009810824,0.01517713,0.02019916,0.02487312,0.0289848,0.03209669,0.03453368,0.03585496
0.03708972,0.03813136,0.03834767,0.03759832,0.03621558,0.0340501,0.03148547,0.02838355,0.02510077,0.02150519,0.01789199,0.01413669,0.01046363,0.006758967,0.003180339,-0.0003710543,-0.003795046,-0.007169855,-0.01044401,-0.01366851,-0.01683171,-0.01995998,-0.02306095,-0.02615114,-0.02924552,-0.0323449,-0.03547645,-0.03862349,-0.0418239,-0.04504398,-0.04833224,-0.05163535,-0.05501494,-0.0584003,-0.06186149,-0.06531043,-0.06883006,-0.07230508,-0.07584006,-0.07927936,-0.08275803,-0.0860617,-0.08936533,-0.09237022,-0.09529909,-0.09772902,-0.09993926,-0.1013393,-0.1022541,-0.1019329,-0.1007004,-0.09782974,-0.09340312,-0.0869199,-0.07783101,-0.06521758,-0.04990816,-0.02993203,-0.01006207,-0.00145539,-0.0004502026,-0.000652155,-0.000291945,NaN,NaN,NaN,NaN,NaN,NaN,NaN,NaN,NaN,NaN,NaN,NaN,NaN,NaN,NaN,NaN,NaN,NaN,NaN,NaN,NaN,NaN,NaN,NaN,NaN,-0.0001090479,-8.282693e-05,-0.0001091944,4.722614e-05,0.001923847,0.006847077,0.01288902,0.01844036,0.02382755,0.02838831,0.03216506,0.03507601
0.03615094,0.03871501,0.04021221,0.04086833,0.04049497,0.03948925,0.03766577,0.03545284,0.03266035,0.02968393,0.02632899,0.02293486,0.01930637,0.01572304,0.01199359,0.008344352,0.004593719,0.0009242576,-0.00282887,-0.006519212,-0.01029042,-0.0140186,-0.01783743,-0.02162388,-0.02550835,-0.02937041,-0.03333028,-0.03727015,-0.04130145,-0.0453083,-0.04939399,-0.05344644,-0.05755921,-0.06162122,-0.06572144,-0.06974743,-0.07377852,-0.07770695,-0.08159162,-0.0853352,-0.08896167,-0.09238935,-0.09558631,-0.09848836,-0.1009768,-0.1030039,-0.1043187,-0.1048737,-0.104264,-0.1023924,-0.09881158,-0.09324083,-0.08561203,-0.07500876,-0.0615281,-0.04342991,-0.02151189,-0.004402469,-0.0006273388,-0.0006861881,-0.0005243625,NaN,NaN,NaN,NaN,NaN,NaN,NaN,NaN,NaN,NaN,NaN,NaN,NaN,NaN,NaN,NaN,NaN,NaN,NaN,NaN,NaN,NaN,NaN,NaN,NaN,NaN,NaN,NaN,NaN,-0.0001214585,-6.290148e-05,-0.0001246297,0.0006820415,0.004669481,0.01102628,0.01728943,0.02307329,0.02826345,0.03264461
0.03346249,0.03756527,0.0405097,0.04243837,0.04333717,0.04330757,0.04249849,0.04097452,0.0389193,0.0363631,0.03347601,0.0302599,0.02685289,0.02323386,0.01950784,0.01563723,0.01170091,0.007652514,0.003552545,-0.0006459813,-0.004892629,-0.009236536,-0.01361768,-0.0181017,-0.02260728,-0.02721192,-0.03181766,-0.03651327,-0.04118241,-0.04592705,-0.05061153,-0.0553505,-0.0599897,-0.06466079,-0.06918343,-0.07370885,-0.0780308,-0.08231337,-0.08632649,-0.09023734,-0.09379109,-0.09714358,-0.1000103,-0.1025159,-0.1043336,-0.1055265,-0.1057007,-0.1048311,-0.1023841,-0.09829967,-0.09175687,-0.08306596,-0.07075102,-0.05621019,-0.03579418,-0.01353859,-0.00199874,-0.0005876124,-0.0008295099,NaN,NaN,NaN,NaN,NaN,NaN,NaN,NaN,NaN,NaN,NaN,NaN,NaN,NaN,NaN,NaN,NaN,NaN,NaN,NaN,NaN,NaN,NaN,NaN,NaN,NaN,NaN,NaN,NaN,NaN,NaN,NaN,NaN,-5.305877e-05,-0.0001103365,0.0001825839,0.002920575,0.009297065,0.01638768,0.02260449,0.02858356
0.02913707,0.03451195,0.03903581,0.04226793,0.04445206,0.04552303,0.04569219,0.04499783,0.04361551,0.04160503,0.03911192,0.03617944,0.03292558,0.02936427,0.02558974,0.02158861,0.01743825,0.01310573,0.008660206,0.004056314,-0.000639249,-0.005471113,-0.01038506,-0.01540392,-0.02049243,-0.025653,-0.03086318,-0.03610506,-0.04137076,-0.04662094,-0.05186391,-0.0570398,-0.06217274,-0.06717782,-0.07210083,-0.07682677,-0.08141951,-0.08573517,-0.08984601,-0.09357821,-0.09699913,-0.09990008,-0.1023244,-0.1040169,-0.1049713,-0.104866,-0.103612,-0.1007692,-0.09616759,-0.08911204,-0.0795628,-0.06628442,-0.05034136,-0.0288465,-0.007495665,-0.001047903,-0.0007091696,-0.0006640393,NaN,NaN,NaN,NaN,NaN,NaN,NaN,NaN,NaN,NaN,NaN,NaN,NaN,NaN,NaN,NaN,NaN,NaN,NaN,NaN,NaN,NaN,NaN,NaN,NaN,NaN,NaN,NaN,NaN,NaN,NaN,NaN,NaN,NaN,NaN,-9.070963e-05,-6.579924e-05,-1.432017e-05,0.00163696,0.007950579,0.01569955,0.02255381
0.0226742,0.0297144,0.03560507,0.04031068,0.04376496,0.04604557,0.04724538,0.04744958,0.04679475,0.04537528,0.04331394,0.0407037,0.03762609,0.0341669,0.03036131,0.02628906,0.0219454,0.01741003,0.01264711,0.007744189,0.002643846,-0.002559606,-0.007925021,-0.0133647,-0.01892702,-0.02452615,-0.03020441,-0.03587672,-0.04157797,-0.04722487,-0.05284462,-0.05835423,-0.06377445,-0.06902466,-0.07411259,-0.07895952,-0.08356072,-0.08782798,-0.09174633,-0.09520166,-0.09816837,-0.1004829,-0.1021053,-0.102791,-0.1024792,-0.1008009,-0.09766305,-0.09252897,-0.08520669,-0.07502165,-0.06151504,-0.0444349,-0.02314377,-0.00433843,-0.0007308607,-0.0008330432,-0.0004840171,NaN,NaN,NaN,NaN,NaN,NaN,NaN,NaN,NaN,NaN,NaN,NaN,NaN,NaN,NaN,NaN,NaN,NaN,NaN,NaN,NaN,NaN,NaN,NaN,NaN,NaN,NaN,NaN,NaN,NaN,NaN,NaN,NaN,NaN,NaN,NaN,NaN,-0.0001138775,-1.766016e-05,-6.966949e-05,0.0009758004,0.006966916,0.01513991
0.01453482,0.02289916,0.03026529,0.03641583,0.04122668,0.0448222,0.04711682,0.04833452,0.04845733,0.04771801,0.04613705,0.04390612,0.0410626,0.03773788,0.03397688,0.02985131,0.02541428,0.0206869,0.01573676,0.01054366,0.005195003,-0.000356009,-0.006011237,-0.01182228,-0.01768589,-0.023659,-0.02962624,-0.03565019,-0.04160355,-0.04755421,-0.05336237,-0.05910358,-0.06462208,-0.06999846,-0.0750621,-0.07989629,-0.08430516,-0.08837901,-0.09187742,-0.0949017,-0.0971403,-0.09870952,-0.0991886,-0.09871328,-0.09670155,-0.0933237,-0.08776609,-0.08024447,-0.06963205,-0.05616986,-0.03841307,-0.01781503,-0.002796406,-0.0006307366,-0.0008198829,NaN,NaN,NaN,NaN,NaN,NaN,NaN,NaN,NaN,NaN,NaN,NaN,NaN,NaN,NaN,NaN,NaN,NaN,NaN,NaN,NaN,NaN,NaN,NaN,NaN,NaN,NaN,NaN,NaN,NaN,NaN,NaN,NaN,NaN,NaN,NaN,NaN,NaN,NaN,NaN,NaN,-9.881062e-07,-6.661536e-05,0.0006527226,0.006014465
0.005192005,0.01406991,0.02295947,0.03048271,0.03690147,0.04175666,0.04540665,0.04760026,0.04872661,0.04864828,0.04772297,0.04587356,0.04339121,0.04022837,0.03660083,0.03247915,0.02801009,0.02318269,0.01808542,0.01273183,0.007163974,0.001418912,-0.004485889,-0.01050194,-0.01662312,-0.02278402,-0.02899309,-0.03516542,-0.04132265,-0.04735953,-0.0533111,-0.05904787,-0.06462037,-0.06987321,-0.07486771,-0.07941677,-0.0835952,-0.08716528,-0.09022126,-0.0924479,-0.09396598,-0.09434469,-0.09374222,-0.09155741,-0.08800832,-0.08224434,-0.07460062,-0.06384774,-0.05052731,-0.03267111,-0.01298454,-0.001906395,-0.0006090298,-0.0006977217,NaN,NaN,NaN,NaN,NaN,NaN,NaN,NaN,NaN,NaN,NaN,NaN,NaN,NaN,NaN,NaN,NaN,NaN,NaN,NaN,NaN,NaN,NaN,NaN,NaN,NaN,NaN,NaN,NaN,NaN,NaN,NaN,NaN,NaN,NaN,NaN,NaN,NaN,NaN,NaN,NaN,NaN,NaN,-3.520605e-06,-3.594052e-05,0.0005115111
0.0003529553,0.004059764,0.01329216,0.02279042,0.03051744,0.03708264,0.04189127,0.04545687,0.04745443,0.04836733,0.04801042,0.04680409,0.04463284,0.04183302,0.03832431,0.034359,0.02988016,0.02506648,0.01988531,0.01445388,0.008767249,0.00289887,-0.003137202,-0.0092873,-0.01552317,-0.02180887,-0.02809432,-0.03436001,-0.04053316,-0.04660921,-0.05249071,-0.0581896,-0.06357861,-0.06868324,-0.07334471,-0.07759988,-0.08124415,-0.08433066,-0.08658453,-0.08808196,-0.08844446,-0.08778351,-0.0855689,-0.08196964,-0.0762271,-0.06862797,-0.05806098,-0.04507886,-0.02775576,-0.009283204,-0.00134823,-0.0006205973,-0.0005693103,NaN,NaN,NaN,NaN,NaN,NaN,NaN,NaN,NaN,NaN,NaN,NaN,NaN,NaN,NaN,NaN,NaN,NaN,NaN,NaN,NaN,NaN,NaN,NaN,NaN,NaN,NaN,NaN,NaN,NaN,NaN,NaN,NaN,NaN,NaN,NaN,NaN,NaN,NaN,NaN,NaN,NaN,NaN,NaN,NaN,2.098199e-06,-9.58497e-06
4.129774e-05,0.0002858666,0.003328478,0.01282482,0.0225972,0.03042722,0.03694417,0.04161862,0.04495288,0.04668473,0.04727992,0.04660207,0.04504888,0.0425402,0.03939144,0.03554831,0.03124731,0.02645151,0.02132931,0.015864,0.01016971,0.004248715,-0.001815149,-0.008011319,-0.01427061,-0.02056784,-0.02684898,-0.03307062,-0.03919057,-0.04514538,-0.05090316,-0.0563758,-0.06154187,-0.06628599,-0.07059132,-0.07430825,-0.07742572,-0.07973994,-0.08125106,-0.08167345,-0.08102833,-0.07891025,-0.07538319,-0.06986368,-0.06250099,-0.05241794,-0.04002232,-0.02375471,-0.006790412,-0.0009944928,-0.0006065263,-0.0004801128,NaN,NaN,NaN,NaN,NaN,NaN,NaN,NaN,NaN,NaN,NaN,NaN,NaN,NaN,NaN,NaN,NaN,NaN,NaN,NaN,NaN,NaN,NaN,NaN,NaN,NaN,NaN,NaN,NaN,NaN,NaN,NaN,NaN,NaN,NaN,NaN,NaN,NaN,NaN,NaN,NaN,NaN,NaN,NaN,NaN,NaN,NaN,-7.981027e-06
1.138379e-05,0.0001002376,0.0002554753,0.002926501,0.01250714,0.02233872,0.03013361,0.03646246,0.04089586,0.04390152,0.0453035,0.04552693,0.0445006,0.0425817,0.03973965,0.03625431,0.03211038,0.02751555,0.0224653,0.01710612,0.01144677,0.005591103,-0.0004460793,-0.00657822,-0.01278725,-0.01899921,-0.02518382,-0.03127618,-0.03723154,-0.04299057,-0.04849117,-0.05367892,-0.05846905,-0.06280725,-0.06658422,-0.06974205,-0.07213346,-0.07370053,-0.07423576,-0.07368853,-0.07176222,-0.06843209,-0.06327099,-0.05632706,-0.04694827,-0.03537242,-0.02046018,-0.005194991,-0.0007636007,-0.0005596032,-0.0004270329,NaN,NaN,NaN,NaN,NaN,NaN,NaN,NaN,NaN,NaN,NaN,NaN,NaN,NaN,NaN,NaN,NaN,NaN,NaN,NaN,NaN,NaN,NaN,NaN,NaN,NaN,NaN,NaN,NaN,NaN,NaN,NaN,NaN,NaN,NaN,NaN,NaN,NaN,NaN,NaN,NaN,NaN,NaN,NaN,NaN,NaN,NaN,NaN,NaN
NaN,3.780866e-05,0.0001315779,0.0002551822,0.00271336,0.01223491,0.02197627,0.0296057,0.0356317,0.03973747,0.04235366,0.04338516,0.04321794,0.04183938,0.03956934,0.03642128,0.0326429,0.02825374,0.02343538,0.01821231,0.012713,0.006965642,0.001070215,-0.004949972,-0.0110059,-0.01707121,-0.02306559,-0.0289543,-0.03466026,-0.0401374,-0.04530825,-0.05011034,-0.0544639,-0.05828786,-0.06149296,-0.06397387,-0.0656324,-0.06632265,-0.06594343,-0.06428641,-0.06126173,-0.05657121,-0.05017048,-0.04162937,-0.03105722,-0.01763666,-0.004140486,-0.0006014441,-0.0004878076,-0.0003846009,NaN,NaN,NaN,NaN,NaN,NaN,NaN,NaN,NaN,NaN,NaN,NaN,NaN,NaN,NaN,NaN,NaN,NaN,NaN,NaN,NaN,NaN,NaN,NaN,NaN,NaN,NaN,NaN,NaN,NaN,NaN,NaN,NaN,NaN,NaN,NaN,NaN,NaN,NaN,NaN,NaN,NaN,NaN,NaN,NaN,NaN,NaN,NaN,NaN,NaN
NaN,NaN,6.8265e-05,0.0001590476,0.0002728823,0.002610133,0.01195272,0.02146501,0.02881616,0.0344567,0.03817559,0.04036893,0.04101573,0.04046381,0.03875429,0.03617046,0.03276701,0.02875903,0.02420075,0.01924638,0.01394929,0.008420766,0.002706782,-0.003098263,-0.008956402,-0.01478296,-0.0205374,-0.02613891,-0.03154041,-0.03665961,-0.04143898,-0.04579233,-0.04964658,-0.05290597,-0.05548101,-0.05726295,-0.05813587,-0.05798393,-0.05664831,-0.05401854,-0.04987149,-0.04414027,-0.03649174,-0.02700177,-0.01515123,-0.003391576,-0.0004826639,-0.0004087605,-0.0003433388,NaN,NaN,NaN,NaN,NaN,NaN,NaN,NaN,NaN,NaN,NaN,NaN,NaN,NaN,NaN,NaN,NaN,NaN,NaN,NaN,NaN,NaN,NaN,NaN,NaN,NaN,NaN,NaN,NaN,NaN,NaN,NaN,NaN,NaN,NaN,NaN,NaN,NaN,NaN,NaN,NaN,NaN,NaN,NaN,NaN,NaN,NaN,NaN,NaN,NaN,NaN
NaN,NaN,NaN,9.914656e-05,0.0001859477,0.0003006178,0.002559413,0.01162723,0.02080496,0.02778571,0.03298383,0.03627746,0.0380408,0.03830761,0.03740088,0.03539851,0.03255956,0.02896509,0.02480965,0.02016863,0.01518227,0.009916911,0.004482497,-0.001070894,-0.006644758,-0.01219568,-0.01763189,-0.02290949,-0.02793603,-0.03266295,-0.03699197,-0.04086458,-0.04417381,-0.0468501,-0.04877121,-0.04985391,-0.04996391,-0.04899447,-0.04681117,-0.04327064,-0.03826134,-0.03159312,-0.02325399,-0.01290477,-0.002800737,-0.0003789495,-0.0003293404,-0.0002936482,NaN,NaN,NaN,NaN,NaN,NaN,NaN,NaN,NaN,NaN,NaN,NaN,NaN,NaN,NaN,NaN,NaN,NaN,NaN,NaN,NaN,NaN,NaN,NaN,NaN,NaN,NaN,NaN,NaN,NaN,NaN,NaN,NaN,NaN,NaN,NaN,NaN,NaN,NaN,NaN,NaN,NaN,NaN,NaN,NaN,NaN,NaN,NaN,NaN,NaN,NaN,NaN
NaN,NaN,NaN,NaN,0.0001284035,0.0002095987,0.0003349733,0.00254162,0.011257,0.01999853,0.02653901,0.03125384,0.03410944,0.03544921,0.03536411,0.03414442,0.03190728,0.02888011,0.02517556,0.02096057,0.01633638,0.01142489,0.006308235,0.001089043,-0.004168903,-0.009373141,-0.01446623,-0.01935806,-0.02399213,-0.02827378,-0.03214304,-0.03549736,-0.03826924,-0.04034297,-0.04164539,-0.04204671,-0.04146432,-0.03976582,-0.03685286,-0.03261518,-0.02691872,-0.01974226,-0.01095257,-0.002428563,-0.0003111464,-0.000257166,-0.000240776,NaN,NaN,NaN,NaN,NaN,NaN,NaN,NaN,NaN,NaN,NaN,NaN,NaN,NaN,NaN,NaN,NaN,NaN,NaN,NaN,NaN,NaN,NaN,NaN,NaN,NaN,NaN,NaN,NaN,NaN,NaN,NaN,NaN,NaN,NaN,NaN,NaN,NaN,NaN,NaN,NaN,NaN,NaN,NaN,NaN,NaN,NaN,NaN,NaN,NaN,NaN,NaN,NaN
NaN,NaN,NaN,NaN,NaN,0.0001570957,0.0002358803,0.0003736215,0.002554473,0.01084505,0.01906912,0.02511488,0.02932982,0.03174602,0.03269104,0.03229193,0.0308185,0.02841027,0.0252757,0.02154429,0.01736884,0.01286003,0.008136796,0.003283656,-0.001595298,-0.006430996,-0.0111277,-0.01562325,-0.0198216,-0.02366238,-0.02704352,-0.0299016,-0.03212608,-0.0336515,-0.0343549,-0.034171,-0.03297338,-0.03069545,-0.02723004,-0.02250999,-0.01649137,-0.009099331,-0.002007286,-0.0002289003,-0.000185382,-0.0001902173,NaN,NaN,NaN,NaN,NaN,NaN,NaN,NaN,NaN,NaN,NaN,NaN,NaN,NaN,NaN,NaN,NaN,NaN,NaN,NaN,NaN,NaN,NaN,NaN,NaN,NaN,NaN,NaN,NaN,NaN,NaN,NaN,NaN,NaN,NaN,NaN,NaN,NaN,NaN,NaN,NaN,NaN,NaN,NaN,NaN,NaN,NaN,NaN,NaN,NaN,NaN,NaN,NaN,NaN
NaN,NaN,NaN,NaN,NaN,NaN,0.0001844824,0.0002576106,0.0004148129,0.002576883,0.01038205,0.01802487,0.02354379,0.02725315,0.02925134,0.02983895,0.02917925,0.02751458,0.02501021,0.0218498,0.01818179,0.01414237,0.009851633,0.005422071,0.0009466012,-0.003476189,-0.007767728,-0.01183452,-0.01560593,-0.01898613,-0.02190807,-0.02427064,-0.02600816,-0.02701111,-0.02722102,-0.026524,-0.02487257,-0.02216906,-0.01837914,-0.01346682,-0.007453755,-0.001692255,-0.000168431,-0.0001122865,-0.0001329186,NaN,NaN,NaN,NaN,NaN,NaN,NaN,NaN,NaN,NaN,NaN,NaN,NaN,NaN,NaN,NaN,NaN,NaN,NaN,NaN,NaN,NaN,NaN,NaN,NaN,NaN,NaN,NaN,NaN,NaN,NaN,NaN,NaN,NaN,NaN,NaN,NaN,NaN,NaN,NaN,NaN,NaN,NaN,NaN,NaN,NaN,NaN,NaN,NaN,NaN,NaN,NaN,NaN,NaN,NaN
NaN,NaN,NaN,NaN,NaN,NaN,NaN,0.0002101388,0.0002792956,0.0004580793,0.002603503,0.009864933,0.01688306,0.02185882,0.02507993,0.02669023,0.02697087,0.02610699,0.02432257,0.02179624,0.01869665,0.01517738,0.01136976,0.007392637,0.003357615,-0.0006401602,-0.004501859,-0.008146888,-0.01148033,-0.01443077,-0.01690201,-0.01882826,-0.02011144,-0.02069565,-0.02048133,-0.01943068,-0.01745997,-0.01455664,-0.01068897,-0.005908594,-0.001333474,-9.70621e-05,-5.292545e-05,-7.902754e-05,NaN,NaN,NaN,NaN,NaN,NaN,NaN,NaN,NaN,NaN,NaN,NaN,NaN,NaN,NaN,NaN,NaN,NaN,NaN,NaN,NaN,NaN,NaN,NaN,NaN,NaN,NaN,NaN,NaN,NaN,NaN,NaN,NaN,NaN,NaN,NaN,NaN,NaN,NaN,NaN,NaN,NaN,NaN,NaN,NaN,NaN,NaN,NaN,NaN,NaN,NaN,NaN,NaN,NaN,NaN,NaN
NaN,NaN,NaN,NaN,NaN,NaN,NaN,NaN,0.0002330977,0.0002966923,0.0004994858,0.002605345,0.009277148,0.01564886,0.02008643,0.02284656,0.0241105,0.02413767,0.0231329,0.02129968,0.0188267,0.0158693,0.0125811,0.00908917,0.005512215,0.001957901,-0.001477378,-0.004696732,-0.007619582,-0.01015289,-0.01222842,-0.01375569,-0.01467945,-0.01491207,-0.01442239,-0.0131358,-0.01105791,-0.008158415,-0.004528292,-0.001037796,-3.773482e-05,9.261863e-06,-2.462557e-05,NaN,NaN,NaN,NaN,NaN,NaN,NaN,NaN,NaN,NaN,NaN,NaN,NaN,NaN,NaN,NaN,NaN,NaN,NaN,NaN,NaN,NaN,NaN,NaN,NaN,NaN,NaN,NaN,NaN,NaN,NaN,NaN,NaN,NaN,NaN,NaN,NaN,NaN,NaN,NaN,NaN,NaN,NaN,NaN,NaN,NaN,NaN,NaN,NaN,NaN,NaN,NaN,NaN,NaN,NaN,NaN,NaN
NaN,NaN,NaN,NaN,NaN,NaN,NaN,NaN,NaN,0.0002536031,0.0003131055,0.0005389429,0.002578751,0.008619669,0.01433899,0.01825662,0.02059258,0.02155676,0.02138939,0.02030613,0.01849458,0.01614385,0.01340239,0.01041742,0.007312616,0.004203749,0.001195534,-0.001619247,-0.004146755,-0.006312571,-0.008029936,-0.009241512,-0.009869984,-0.009884099,-0.009220772,-0.00789137,-0.005870877,-0.003266747,-0.000743492,2.228669e-05,5.922452e-05,2.647973e-05,NaN,NaN,NaN,NaN,NaN,NaN,NaN,NaN,NaN,NaN,NaN,NaN,NaN,NaN,NaN,NaN,NaN,NaN,NaN,NaN,NaN,NaN,NaN,NaN,NaN,NaN,NaN,NaN,NaN,NaN,NaN,NaN,NaN,NaN,NaN,NaN,NaN,NaN,NaN,NaN,NaN,NaN,NaN,NaN,NaN,NaN,NaN,NaN,NaN,NaN,NaN,NaN,NaN,NaN,NaN,NaN,NaN,NaN
NaN,NaN,NaN,NaN,NaN,NaN,NaN,NaN,NaN,0.0002660702,0.0002703806,0.0003266592,0.0005722685,0.002508705,0.007883249,0.01295911,0.01638567,0.01834019,0.01905659,0.01875237,0.01765029,0.01592404,0.01375632,0.01128952,0.008664941,0.005999216,0.003403505,0.0009758548,-0.001197138,-0.003030583,-0.004460752,-0.005417328,-0.005863591,-0.005748424,-0.005079931,-0.003841009,-0.002138731,-0.000460633,7.834294e-05,0.0001088987,7.283119e-05,2.204366e-05,NaN,NaN,NaN,NaN,NaN,NaN,NaN,NaN,NaN,NaN,NaN,NaN,NaN,NaN,NaN,NaN,NaN,NaN,NaN,NaN,NaN,NaN,NaN,NaN,NaN,NaN,NaN,NaN,NaN,NaN,NaN,NaN,NaN,NaN,NaN,NaN,NaN,NaN,NaN,NaN,NaN,NaN,NaN,NaN,NaN,NaN,NaN,NaN,NaN,NaN,NaN,NaN,NaN,NaN,NaN,NaN,NaN,NaN
NaN,NaN,NaN,NaN,NaN,NaN,NaN,NaN,NaN,NaN,0.0002795563,0.0002851065,0.0003386783,0.0005987456,0.002388927,0.007069476,0.01152069,0.0144936,0.01611488,0.0166325,0.0162471,0.0151778,0.01358923,0.01165219,0.009502325,0.00727229,0.005071247,0.003000343,0.001148445,-0.0004116085,-0.001609877,-0.002403195,-0.002747121,-0.002642735,-0.00207859,-0.001151462,-0.0001933581,0.0001337448,0.000151613,0.000117276,7.05036e-05,NaN,NaN,NaN,NaN,NaN,NaN,NaN,NaN,NaN,NaN,NaN,NaN,NaN,NaN,NaN,NaN,NaN,NaN,NaN,NaN,NaN,NaN,NaN,NaN,NaN,NaN,NaN,NaN,NaN,NaN,NaN,NaN,NaN,NaN,NaN,NaN,NaN,NaN,NaN,NaN,NaN,NaN,NaN,NaN,NaN,NaN,NaN,NaN,NaN,NaN,NaN,NaN,NaN,NaN,NaN,NaN,NaN,NaN,NaN
NaN,NaN,NaN,NaN,NaN,NaN,NaN,NaN,NaN,NaN,NaN,0.0002896395,0.0002958458,0.000347401,0.000613252,0.002210236,0.006179676,0.01003149,0.01259032,0.01392425,0.01428843,0.01387021,0.01287447,0.01145914,0.009782244,0.007969191,0.006140606,0.004394311,0.002817187,0.001482641,0.0004427661,-0.0002585389,-0.0006110598,-0.0006101672,-0.0003261699,4.734178e-05,0.0001855388,0.0001877459,0.0001555828,0.0001148102,NaN,NaN,NaN,NaN,NaN,NaN,NaN,NaN,NaN,NaN,NaN,NaN,NaN,NaN,NaN,NaN,NaN,NaN,NaN,NaN,NaN,NaN,NaN,NaN,NaN,NaN,NaN,NaN,NaN,NaN,NaN,NaN,NaN,NaN,NaN,NaN,NaN,NaN,NaN,NaN,NaN,NaN,NaN,NaN,NaN,NaN,NaN,NaN,NaN,NaN,NaN,NaN,NaN,NaN,NaN,NaN,NaN,NaN,NaN,NaN
NaN,NaN,NaN,NaN,NaN,NaN,NaN,NaN,NaN,NaN,NaN,NaN,0.0002980182,0.0003042805,0.0003543616,0.0006157332,0.001985178,0.005233292,0.008504237,0.01068184,0.01177358,0.01202194,0.01160552,0.01071135,0.009486447,0.008074642,0.006588634,0.005132371,0.003787453,0.002619398,0.00167702,0.0009833423,0.0005414474,0.000317923,0.0002505352,0.0002343261,0.0002191642,0.0001897233,0.0001546946,NaN,NaN,NaN,NaN,NaN,NaN,NaN,NaN,NaN,NaN,NaN,NaN,NaN,NaN,NaN,NaN,NaN,NaN,NaN,NaN,NaN,NaN,NaN,NaN,NaN,NaN,NaN,NaN,NaN,NaN,NaN,NaN,NaN,NaN,NaN,NaN,NaN,NaN,NaN,NaN,NaN,NaN,NaN,NaN,NaN,NaN,NaN,NaN,NaN,NaN,NaN,NaN,NaN,NaN,NaN,NaN,NaN,NaN,NaN,NaN,NaN
NaN,NaN,NaN,NaN,NaN,NaN,NaN,NaN,NaN,NaN,NaN,NaN,NaN,0.0003028986,0.000309331,0.0003581718,0.0006038049,0.001721421,0.004250435,0.006943973,0.008763102,0.009651279,0.009811177,0.009414574,0.008630197,0.007590299,0.006419827,0.005214561,0.00405661,0.003005502,0.002095544,0.001342693,0.0007581957,0.0004024189,0.0002760841,0.000244039,0.0002174682,0.0001883628,NaN,NaN,NaN,NaN,NaN,NaN,NaN,NaN,NaN,NaN,NaN,NaN,NaN,NaN,NaN,NaN,NaN,NaN,NaN,NaN,NaN,NaN,NaN,NaN,NaN,NaN,NaN,NaN,NaN,NaN,NaN,NaN,NaN,NaN,NaN,NaN,NaN,NaN,NaN,NaN,NaN,NaN,NaN,NaN,NaN,NaN,NaN,NaN,NaN,NaN,NaN,NaN,NaN,NaN,NaN,NaN,NaN,NaN,NaN,NaN,NaN,NaN
NaN,NaN,NaN,NaN,NaN,NaN,NaN,NaN,NaN,NaN,NaN,NaN,NaN,0.0002971324,0.0003060549,0.0003128004,0.0003592198,0.0005784022,0.00143422,0.003276239,0.005367612,0.00683212,0.00753668,0.007624733,0.007249262,0.006558522,0.005668469,0.00467977,0.003665722,0.002680702,0.001766041,0.0009879085,0.0004970638,0.0003099993,0.0002644423,0.0002404246,0.000217189,0.0001836095,NaN,NaN,NaN,NaN,NaN,NaN,NaN,NaN,NaN,NaN,NaN,NaN,NaN,NaN,NaN,NaN,NaN,NaN,NaN,NaN,NaN,NaN,NaN,NaN,NaN,NaN,NaN,NaN,NaN,NaN,NaN,NaN,NaN,NaN,NaN,NaN,NaN,NaN,NaN,NaN,NaN,NaN,NaN,NaN,NaN,NaN,NaN,NaN,NaN,NaN,NaN,NaN,NaN,NaN,NaN,NaN,NaN,NaN,NaN,NaN,NaN,NaN
NaN,NaN,NaN,NaN,NaN,NaN,NaN,NaN,NaN,NaN,NaN,NaN,NaN,NaN,0.0003013262,0.0003065101,0.0003132043,0.0003560805,0.0005399817,0.001145565,0.002368181,0.003820407,0.004900568,0.00540716,0.005412155,0.005036545,0.004397023,0.003590885,0.002697326,0.001797851,0.001020691,0.0005325287,0.000332488,0.0002791601,0.0002573091,0.0002394214,0.0002121467,NaN,NaN,NaN,NaN,NaN,NaN,NaN,NaN,NaN,NaN,NaN,NaN,NaN,NaN,NaN,NaN,NaN,NaN,NaN,NaN,NaN,NaN,NaN,NaN,NaN,NaN,NaN,NaN,NaN,NaN,NaN,NaN,NaN,NaN,NaN,NaN,NaN,NaN,NaN,NaN,NaN,NaN,NaN,NaN,NaN,NaN,NaN,NaN,NaN,NaN,NaN,NaN,NaN,NaN,NaN,NaN,NaN,NaN,NaN,NaN,NaN,NaN,NaN
NaN,NaN,NaN,NaN,NaN,NaN,NaN,NaN,NaN,NaN,NaN,NaN,NaN,NaN,NaN,0.0003032368,0.0003054213,0.0003119237,0.0003501121,0.0004930899,0.0008820082,0.001596983,0.002431762,0.003062789,0.003316573,0.003197289,0.002784549,0.002178964,0.001503103,0.0009052783,0.0005185024,0.0003439251,0.0002896046,0.0002697495,0.0002565832,0.0002357282,NaN,NaN,NaN,NaN,NaN,NaN,NaN,NaN,NaN,NaN,NaN,NaN,NaN,NaN,NaN,NaN,NaN,NaN,NaN,NaN,NaN,NaN,NaN,NaN,NaN,NaN,NaN,NaN,NaN,NaN,NaN,NaN,NaN,NaN,NaN,NaN,NaN,NaN,NaN,NaN,NaN,NaN,NaN,NaN,NaN,NaN,NaN,NaN,NaN,NaN,NaN,NaN,NaN,NaN,NaN,NaN,NaN,NaN,NaN,NaN,NaN,NaN,NaN,NaN
NaN,NaN,NaN,NaN,NaN,NaN,NaN,NaN,NaN,NaN,NaN,NaN,NaN,NaN,NaN,0.0003022178,0.0003018844,0.0003018652,0.0003083539,0.0003400153,0.0004418693,0.0006642953,0.001014214,0.001376256,0.001598283,0.001596862,0.001388523,0.001056777,0.0007188884,0.0004719528,0.0003433387,0.0002946994,0.0002770352,0.000267638,0.0002528894,0.0002351328,NaN,NaN,NaN,NaN,NaN,NaN,NaN,NaN,NaN,NaN,NaN,NaN,NaN,NaN,NaN,NaN,NaN,NaN,NaN,NaN,NaN,NaN,NaN,NaN,NaN,NaN,NaN,NaN,NaN,NaN,NaN,NaN,NaN,NaN,NaN,NaN,NaN,NaN,NaN,NaN,NaN,NaN,NaN,NaN,NaN,NaN,NaN,NaN,NaN,NaN,NaN,NaN,NaN,NaN,NaN,NaN,NaN,NaN,NaN,NaN,NaN,NaN,NaN,NaN
NaN,NaN,NaN,NaN,NaN,NaN,NaN,NaN,NaN,NaN,NaN,NaN,NaN,NaN,NaN,NaN,0.0002996744,0.000297751,0.0002963904,0.0003026993,0.0003268174,0.0003915772,0.0005024732,0.0006369778,0.0007361989,0.0007481521,0.0006676287,0.0005367777,0.0004140313,0.0003334114,0.0002949831,0.000280024,0.0002734139,0.0002639345,0.0002517214,NaN,NaN,NaN,NaN,NaN,NaN,NaN,NaN,NaN,NaN,NaN,NaN,NaN,NaN,NaN,NaN,NaN,NaN,NaN,NaN,NaN,NaN,NaN,NaN,NaN,NaN,NaN,NaN,NaN,NaN,NaN,NaN,NaN,NaN,NaN,NaN,NaN,NaN,NaN,NaN,NaN,NaN,NaN,NaN,NaN,NaN,NaN,NaN,NaN,NaN,NaN,NaN,NaN,NaN,NaN,NaN,NaN,NaN,NaN,NaN,NaN,NaN,NaN,NaN,NaN
NaN,NaN,NaN,NaN,NaN,NaN,NaN,NaN,NaN,NaN,NaN,NaN,NaN,NaN,NaN,NaN,NaN,0.0002915939,0.0002888197,0.0002868552,0.0002925686,0.000309498,0.0003447229,0.0003902161,0.0004260879,0.0004316015,0.0004030014,0.0003569341,0.0003146007,0.0002888785,0.0002768778,0.0002720219,0.0002667868,0.0002594305,NaN,NaN,NaN,NaN,NaN,NaN,NaN,NaN,NaN,NaN,NaN,NaN,NaN,NaN,NaN,NaN,NaN,NaN,NaN,NaN,NaN,NaN,NaN,NaN,NaN,NaN,NaN,NaN,NaN,NaN,NaN,NaN,NaN,NaN,NaN,NaN,NaN,NaN,NaN,NaN,NaN,NaN,NaN,NaN,NaN,NaN,NaN,NaN,NaN,NaN,NaN,NaN,NaN,NaN,NaN,NaN,NaN,NaN,NaN,NaN,NaN,NaN,NaN,NaN,NaN,NaN
NaN,NaN,NaN,NaN,NaN,NaN,NaN,NaN,NaN,NaN,NaN,NaN,NaN,NaN,NaN,NaN,NaN,0.0002789131,0.0002753052,0.0002723782,0.0002706233,0.0002752104,0.0002860388,0.0003015844,0.0003143429,0.0003163564,0.0003056716,0.0002886949,0.0002739332,0.0002651982,0.0002614536,0.0002590126,0.0002555185,0.000247437,NaN,NaN,NaN,NaN,NaN,NaN,NaN,NaN,NaN,NaN,NaN,NaN,NaN,NaN,NaN,NaN,NaN,NaN,NaN,NaN,NaN,NaN,NaN,NaN,NaN,NaN,NaN,NaN,NaN,NaN,NaN,NaN,NaN,NaN,NaN,NaN,NaN,NaN,NaN,NaN,NaN,NaN,NaN,NaN,NaN,NaN,NaN,NaN,NaN,NaN,NaN,NaN,NaN,NaN,NaN,NaN,NaN,NaN,NaN,NaN,NaN,NaN,NaN,NaN,NaN,NaN
NaN,NaN,NaN,NaN,NaN,NaN,NaN,NaN,NaN,NaN,NaN,NaN,NaN,NaN,NaN,NaN,NaN,NaN,0.0002497878,0.0002458084,0.0002434496,0.0002426506,0.0002457707,0.0002513603,0.0002562224,0.0002568515,0.0002523628,0.0002456754,0.0002398303,0.0002371682,0.0002360334,0.0002349371,0.00023138,NaN,NaN,NaN,NaN,NaN,NaN,NaN,NaN,NaN,NaN,NaN,NaN,NaN,NaN,NaN,NaN,NaN,NaN,NaN,NaN,NaN,NaN,NaN,NaN,NaN,NaN,NaN,NaN,NaN,NaN,NaN,NaN,NaN,NaN,NaN,NaN,NaN,NaN,NaN,NaN,NaN,NaN,NaN,NaN,NaN,NaN,NaN,NaN,NaN,NaN,NaN,NaN,NaN,NaN,NaN,NaN,NaN,NaN,NaN,NaN,NaN,NaN,NaN,NaN,NaN,NaN,NaN
NaN,NaN,NaN,NaN,NaN,NaN,NaN,NaN,NaN,NaN,NaN,NaN,NaN,NaN,NaN,NaN,NaN,NaN,0.0002059821,0.0002029364,0.0001997427,0.0001983916,0.0001986487,0.0002004016,0.0002021458,0.0002022942,0.000200318,0.0001975132,0.0001954467,0.0001946861,0.0001945582,0.0001937439,0.0001912445,NaN,NaN,NaN,NaN,NaN,NaN,NaN,NaN,NaN,NaN,NaN,NaN,NaN,NaN,NaN,NaN,NaN,NaN,NaN,NaN,NaN,NaN,NaN,NaN,NaN,NaN,NaN,NaN,NaN,NaN,NaN,NaN,NaN,NaN,NaN,NaN,NaN,NaN,NaN,NaN,NaN,NaN,NaN,NaN,NaN,NaN,NaN,NaN,NaN,NaN,NaN,NaN,NaN,NaN,NaN,NaN,NaN,NaN,NaN,NaN,NaN,NaN,NaN,NaN,NaN,NaN,NaN
NaN,NaN,NaN,NaN,NaN,NaN,NaN,NaN,NaN,NaN,NaN,NaN,NaN,NaN,NaN,NaN,NaN,NaN,NaN,0.0001423103,0.0001403258,0.0001386245,0.0001381851,0.0001387252,0.0001393762,0.0001393805,0.0001384518,0.0001372946,0.0001364402,0.0001364603,0.0001366216,0.0001361894,NaN,NaN,NaN,NaN,NaN,NaN,NaN,NaN,NaN,NaN,NaN,NaN,NaN,NaN,NaN,NaN,NaN,NaN,NaN,NaN,NaN,NaN,NaN,NaN,NaN,NaN,NaN,NaN,NaN,NaN,NaN,NaN,NaN,NaN,NaN,NaN,NaN,NaN,NaN,NaN,NaN,NaN,NaN,NaN,NaN,NaN,NaN,NaN,NaN,NaN,NaN,NaN,NaN,NaN,NaN,NaN,NaN,NaN,NaN,NaN,NaN,NaN,NaN,NaN,NaN,NaN,NaN,NaN
NaN,NaN,NaN,NaN,NaN,NaN,NaN,NaN,NaN,NaN,NaN,NaN,NaN,NaN,NaN,NaN,NaN,NaN,NaN,7.521093e-05,7.39242e-05,7.310425e-05,7.271201e-05,7.274588e-05,7.291038e-05,7.288297e-05,7.252715e-05,7.211389e-05,7.190642e-05,7.20023e-05,7.212195e-05,7.190085e-05,NaN,NaN,NaN,NaN,NaN,NaN,NaN,NaN,NaN,NaN,NaN,NaN,NaN,NaN,NaN,NaN,NaN,NaN,NaN,NaN,NaN,NaN,NaN,NaN,NaN,NaN,NaN,NaN,NaN,NaN,NaN,NaN,NaN,NaN,NaN,NaN,NaN,NaN,NaN,NaN,NaN,NaN,NaN,NaN,NaN,NaN,NaN,NaN,NaN,NaN,NaN,NaN,NaN,NaN,NaN,NaN,NaN,NaN,NaN,NaN,NaN,NaN,NaN,NaN,NaN,NaN,NaN,NaN
NaN,NaN,NaN,NaN,NaN,NaN,NaN,NaN,NaN,NaN,NaN,NaN,NaN,NaN,NaN,NaN,NaN,NaN,NaN,2.096825e-05,2.07522e-05,2.037477e-05,2.019323e-05,2.02882e-05,2.033681e-05,2.033871e-05,2.024527e-05,2.012031e-05,2.004598e-05,2.006245e-05,2.021415e-05,2.008099e-05,NaN,NaN,NaN,NaN,NaN,NaN,NaN,NaN,NaN,NaN,NaN,NaN,NaN,NaN,NaN,NaN,NaN,NaN,NaN,NaN,NaN,NaN,NaN,NaN,NaN,NaN,NaN,NaN,NaN,NaN,NaN,NaN,NaN,NaN,NaN,NaN,NaN,NaN,NaN,NaN,NaN,NaN,NaN,NaN,NaN,NaN,NaN,NaN,NaN,NaN,NaN,NaN,NaN,NaN,NaN,NaN,NaN,NaN,NaN,NaN,NaN,NaN,NaN,NaN,NaN,NaN,NaN,NaN
NaN,NaN,NaN,NaN,NaN,NaN,NaN,NaN,NaN,NaN,NaN,NaN,NaN,NaN,NaN,NaN,NaN,NaN,NaN,0,0,0,0,0,0,0,0,0,0,0,0,0,NaN,NaN,NaN,NaN,NaN,NaN,NaN,NaN,NaN,NaN,NaN,NaN,NaN,NaN,NaN,NaN,NaN,NaN,NaN,NaN,NaN,NaN,NaN,NaN,NaN,NaN,NaN,NaN,NaN,NaN,NaN,NaN,NaN,NaN,NaN,NaN,NaN,NaN,NaN,NaN,NaN,NaN,NaN,NaN,NaN,NaN,NaN,NaN,NaN,NaN,NaN,NaN,NaN,NaN,NaN,NaN,NaN,NaN,NaN,NaN,NaN,NaN,NaN,NaN,NaN,NaN,NaN,NaN
