NaN,NaN,NaN,NaN,NaN,NaN,NaN,NaN,NaN,NaN,NaN,NaN,NaN,NaN,NaN,NaN,NaN,NaN,NaN,0,0,0,0,0,0,0,0,0,0,0,0,0,NaN,NaN,NaN,NaN,NaN,NaN,NaN,NaN,NaN,NaN,NaN,NaN,NaN,NaN,NaN,NaN,NaN,NaN,NaN,NaN,NaN,NaN,NaN,NaN,NaN,NaN,NaN,NaN,NaN,NaN,NaN,NaN,NaN,NaN,NaN,NaN,NaN,NaN,NaN,NaN,NaN,NaN,NaN,NaN,NaN,NaN,NaN,NaN,NaN,NaN,NaN,NaN,NaN,NaN,NaN,NaN,NaN,NaN,NaN,NaN,NaN,NaN,NaN,NaN,NaN,NaN,NaN,NaN
NaN,NaN,NaN,NaN,NaN,NaN,NaN,NaN,NaN,NaN,NaN,NaN,NaN,NaN,NaN,NaN,NaN,NaN,NaN,7.529959e-06,7.324406e-06,6.973231e-06,6.849711e-06,6.585898e-06,6.506141e-06,6.249771e-06,6.207676e-06,5.987512e-06,5.996184e-06,5.723346e-06,5.607253e-06,5.229494e-06,NaN,NaN,NaN,NaN,NaN,NaN,NaN,NaN,NaN,NaN,NaN,NaN,NaN,NaN,NaN,NaN,NaN,NaN,NaN,NaN,NaN,NaN,NaN,NaN,NaN,NaN,NaN,NaN,NaN,NaN,NaN,NaN,NaN,NaN,NaN,NaN,NaN,NaN,NaN,NaN,NaN,NaN,NaN,NaN,NaN,NaN,NaN,NaN,NaN,NaN,NaN,NaN,NaN,NaN,NaN,NaN,NaN,NaN,NaN,NaN,NaN,NaN,NaN,NaN,NaN,NaN,NaN,NaN
NaN,NaN,NaN,NaN,NaN,NaN,NaN,NaN,NaN,NaN,NaN,NaN,NaN,NaN,NaN,NaN,NaN,NaN,NaN,2.715796e-05,2.611327e-05,2.519734e-05,2.445281e-05,2.377694e-05,2.318981e-05,2.259068e-05,2.209396e-05,2.162426e-05,2.124321e-05,2.071602e-05,2.003506e-05,1.886261e-05,NaN,NaN,NaN,NaN,NaN,NaN,NaN,NaN,NaN,NaN,NaN,NaN,NaN,NaN,NaN,NaN,NaN,NaN,NaN,NaN,NaN,NaN,NaN,NaN,NaN,NaN,NaN,NaN,NaN,NaN,NaN,NaN,NaN,NaN,NaN,NaN,NaN,NaN,NaN,NaN,NaN,NaN,NaN,NaN,NaN,NaN,NaN,NaN,NaN,NaN,NaN,NaN,NaN,NaN,NaN,NaN,NaN,NaN,NaN,NaN,NaN,NaN,NaN,NaN,NaN,NaN,NaN,NaN
NaN,NaN,NaN,NaN,NaN,NaN,NaN,NaN,NaN,NaN,NaN,NaN,NaN,NaN,NaN,NaN,NaN,NaN,NaN,5.142911e-05,4.945631e-05,4.774055e-05,4.631996e-05,4.509912e-05,4.390411e-05,4.277295e-05,4.171763e-05,4.089349e-05,4.012292e-05,3.922066e-05,3.779438e-05,3.581552e-05,NaN,NaN,NaN,NaN,NaN,NaN,NaN,NaN,NaN,NaN,NaN,NaN,NaN,NaN,NaN,NaN,NaN,NaN,NaN,NaN,NaN,NaN,NaN,NaN,NaN,NaN,NaN,NaN,NaN,NaN,NaN,NaN,NaN,NaN,NaN,NaN,NaN,NaN,NaN,NaN,NaN,NaN,NaN,NaN,NaN,NaN,NaN,NaN,NaN,NaN,NaN,NaN,NaN,NaN,NaN,NaN,NaN,NaN,NaN,NaN,NaN,NaN,NaN,NaN,NaN,NaN,NaN,NaN
NaN,NaN,NaN,NaN,NaN,NaN,NaN,NaN,NaN,NaN,NaN,NaN,NaN,NaN,NaN,NaN,NaN,NaN,7.638074e-05,7.319428e-05,7.045153e-05,6.802279e-05,6.613452e-05,6.428506e-05,6.263769e-05,6.074198e-05,5.923922e-05,5.782371e-05,5.691938e-05,5.555567e-05,5.391674e-05,5.072122e-05,4.669792e-05,NaN,NaN,NaN,NaN,NaN,NaN,NaN,NaN,NaN,NaN,NaN,NaN,NaN,NaN,NaN,NaN,NaN,NaN,NaN,NaN,NaN,NaN,NaN,NaN,NaN,NaN,NaN,NaN,NaN,NaN,NaN,NaN,NaN,NaN,NaN,NaN,NaN,NaN,NaN,NaN,NaN,NaN,NaN,NaN,NaN,NaN,NaN,NaN,NaN,NaN,NaN,NaN,NaN,NaN,NaN,NaN,NaN,NaN,NaN,NaN,NaN,NaN,NaN,NaN,NaN,NaN,NaN
NaN,NaN,NaN,NaN,NaN,NaN,NaN,NaN,NaN,NaN,NaN,NaN,NaN,NaN,NaN,NaN,NaN,NaN,9.243305e-05,8.879938e-05,8.539715e-05,8.277051e-05,8.042082e-05,7.851083e-05,7.598285e-05,7.354598e-05,7.093684e-05,6.945214e-05,6.810754e-05,6.712436e-05,6.476438e-05,6.176282e-05,5.618522e-05,NaN,NaN,NaN,NaN,NaN,NaN,NaN,NaN,NaN,NaN,NaN,NaN,NaN,NaN,NaN,NaN,NaN,NaN,NaN,NaN,NaN,NaN,NaN,NaN,NaN,NaN,NaN,NaN,NaN,NaN,NaN,NaN,NaN,NaN,NaN,NaN,NaN,NaN,NaN,NaN,NaN,NaN,NaN,NaN,NaN,NaN,NaN,NaN,NaN,NaN,NaN,NaN,NaN,NaN,NaN,NaN,NaN,NaN,NaN,NaN,NaN,NaN,NaN,NaN,NaN,NaN,NaN
NaN,NaN,NaN,NaN,NaN,NaN,NaN,NaN,NaN,NaN,NaN,NaN,NaN,NaN,NaN,NaN,NaN,0.0001061562,0.0001020239,9.782505e-05,9.456612e-05,9.182975e-05,9.005688e-05,8.764975e-05,8.468269e-05,8.020976e-05,7.661645e-05,7.391335e-05,7.335976e-05,7.23746e-05,7.130255e-05,6.728939e-05,6.242622e-05,5.408774e-05,NaN,NaN,NaN,NaN,NaN,NaN,NaN,NaN,NaN,NaN,NaN,NaN,NaN,NaN,NaN,NaN,NaN,NaN,NaN,NaN,NaN,NaN,NaN,NaN,NaN,NaN,NaN,NaN,NaN,NaN,NaN,NaN,NaN,NaN,NaN,NaN,NaN,NaN,NaN,NaN,NaN,NaN,NaN,NaN,NaN,NaN,NaN,NaN,NaN,NaN,NaN,NaN,NaN,NaN,NaN,NaN,NaN,NaN,NaN,NaN,NaN,NaN,NaN,NaN,NaN,NaN
NaN,NaN,NaN,NaN,NaN,NaN,NaN,NaN,NaN,NaN,NaN,NaN,NaN,NaN,NaN,NaN,NaN,0.0001112257,0.000106511,0.0001028341,9.978414e-05,9.86107e-05,9.774172e-05,9.607847e-05,9.008895e-05,8.191197e-05,7.37005e-05,7.047869e-05,7.040171e-05,7.255308e-05,7.211272e-05,7.051404e-05,6.440249e-05,5.731938e-05,NaN,NaN,NaN,NaN,NaN,NaN,NaN,NaN,NaN,NaN,NaN,NaN,NaN,NaN,NaN,NaN,NaN,NaN,NaN,NaN,NaN,NaN,NaN,NaN,NaN,NaN,NaN,NaN,NaN,NaN,NaN,NaN,NaN,NaN,NaN,NaN,NaN,NaN,NaN,NaN,NaN,NaN,NaN,NaN,NaN,NaN,NaN,NaN,NaN,NaN,NaN,NaN,NaN,NaN,NaN,NaN,NaN,NaN,NaN,NaN,NaN,NaN,NaN,NaN,NaN,NaN
NaN,NaN,NaN,NaN,NaN,NaN,NaN,NaN,NaN,NaN,NaN,NaN,NaN,NaN,NaN,NaN,0.0001178857,0.0001129546,0.0001090882,0.0001057822,0.0001056436,0.0001082846,0.0001121538,0.0001087343,9.417092e-05,7.069821e-05,5.203383e-05,4.518557e-05,5.156878e-05,6.07508e-05,6.85725e-05,6.86887e-05,6.603151e-05,5.747236e-05,4.797757e-05,NaN,NaN,NaN,NaN,NaN,NaN,NaN,NaN,NaN,NaN,NaN,NaN,NaN,NaN,NaN,NaN,NaN,NaN,NaN,NaN,NaN,NaN,NaN,NaN,NaN,NaN,NaN,NaN,NaN,NaN,NaN,NaN,NaN,NaN,NaN,NaN,NaN,NaN,NaN,NaN,NaN,NaN,NaN,NaN,NaN,NaN,NaN,NaN,NaN,NaN,NaN,NaN,NaN,NaN,NaN,NaN,NaN,NaN,NaN,NaN,NaN,NaN,NaN,NaN,NaN
NaN,NaN,NaN,NaN,NaN,NaN,NaN,NaN,NaN,NaN,NaN,NaN,NaN,NaN,NaN,0.0001231612,0.0001182848,0.0001144911,0.0001109357,0.0001121568,0.0001204274,0.000137414,0.0001475715,0.0001297442,7.543375e-05,7.132159e-06,-4.574464e-05,-5.676839e-05,-2.96509e-05,1.424262e-05,4.570813e-05,6.227517e-05,6.309687e-05,5.871232e-05,4.748557e-05,3.56143e-05,NaN,NaN,NaN,NaN,NaN,NaN,NaN,NaN,NaN,NaN,NaN,NaN,NaN,NaN,NaN,NaN,NaN,NaN,NaN,NaN,NaN,NaN,NaN,NaN,NaN,NaN,NaN,NaN,NaN,NaN,NaN,NaN,NaN,NaN,NaN,NaN,NaN,NaN,NaN,NaN,NaN,NaN,NaN,NaN,NaN,NaN,NaN,NaN,NaN,NaN,NaN,NaN,NaN,NaN,NaN,NaN,NaN,NaN,NaN,NaN,NaN,NaN,NaN,NaN
NaN,NaN,NaN,NaN,NaN,NaN,NaN,NaN,NaN,NaN,NaN,NaN,NaN,NaN,NaN,0.0001229366,0.0001194759,0.0001157393,0.0001183347,0.0001341406,0.0001749315,0.0002184055,0.0002104467,0.0001152632,-4.264422e-05,-0.0002148102,-0.0003422566,-0.000384351,-0.0003192244,-0.0001832134,-4.866394e-05,2.583686e-05,5.42712e-05,5.545545e-05,4.881047e-05,3.490426e-05,NaN,NaN,NaN,NaN,NaN,NaN,NaN,NaN,NaN,NaN,NaN,NaN,NaN,NaN,NaN,NaN,NaN,NaN,NaN,NaN,NaN,NaN,NaN,NaN,NaN,NaN,NaN,NaN,NaN,NaN,NaN,NaN,NaN,NaN,NaN,NaN,NaN,NaN,NaN,NaN,NaN,NaN,NaN,NaN,NaN,NaN,NaN,NaN,NaN,NaN,NaN,NaN,NaN,NaN,NaN,NaN,NaN,NaN,NaN,NaN,NaN,NaN,NaN,NaN
NaN,NaN,NaN,NaN,NaN,NaN,NaN,NaN,NaN,NaN,NaN,NaN,NaN,NaN,0.0001270714,0.0001242614,0.0001204176,0.0001242453,0.0001487042,0.0002254914,0.0003288631,0.0003519392,0.0002192482,-3.835764e-05,-0.000359408,-0.0006729298,-0.0009217433,-0.001046426,-0.001008111,-0.0007830611,-0.000440151,-0.0001415016,2.503679e-06,4.482637e-05,4.579888e-05,3.63981e-05,2.033808e-05,NaN,NaN,NaN,NaN,NaN,NaN,NaN,NaN,NaN,NaN,NaN,NaN,NaN,NaN,NaN,NaN,NaN,NaN,NaN,NaN,NaN,NaN,NaN,NaN,NaN,NaN,NaN,NaN,NaN,NaN,NaN,NaN,NaN,NaN,NaN,NaN,NaN,NaN,NaN,NaN,NaN,NaN,NaN,NaN,NaN,NaN,NaN,NaN,NaN,NaN,NaN,NaN,NaN,NaN,NaN,NaN,NaN,NaN,NaN,NaN,NaN,NaN,NaN
NaN,NaN,NaN,NaN,NaN,NaN,NaN,NaN,NaN,NaN,NaN,NaN,NaN,0.000130574,0.0001286416,0.0001247955,0.000129698,0.0001627804,0.0002867059,0.0004792759,0.0005538623,0.0003969989,5.225585e-05,-0.0004091931,-0.0009097513,-0.001386974,-0.001773887,-0.002020886,-0.002070577,-0.001888353,-0.001442002,-0.0008071779,-0.0002632193,-2.311e-05,3.38477e-05,3.377877e-05,2.192189e-05,3.950608e-06,NaN,NaN,NaN,NaN,NaN,NaN,NaN,NaN,NaN,NaN,NaN,NaN,NaN,NaN,NaN,NaN,NaN,NaN,NaN,NaN,NaN,NaN,NaN,NaN,NaN,NaN,NaN,NaN,NaN,NaN,NaN,NaN,NaN,NaN,NaN,NaN,NaN,NaN,NaN,NaN,NaN,NaN,NaN,NaN,NaN,NaN,NaN,NaN,NaN,NaN,NaN,NaN,NaN,NaN,NaN,NaN,NaN,NaN,NaN,NaN,NaN,NaN
NaN,NaN,NaN,NaN,NaN,NaN,NaN,NaN,NaN,NaN,NaN,NaN,NaN,0.0001327298,0.0001288101,0.0001346855,0.0001752905,0.0003542383,0.0006629506,0.0008069567,0.0006448682,0.00023247,-0.000351421,-0.001024695,-0.001721548,-0.002369618,-0.002915233,-0.003294388,-0.003465191,-0.003371746,-0.002984152,-0.002261207,-0.00127566,-0.0004077903,-4.903158e-05,2.071011e-05,2.013444e-05,5.233392e-06,NaN,NaN,NaN,NaN,NaN,NaN,NaN,NaN,NaN,NaN,NaN,NaN,NaN,NaN,NaN,NaN,NaN,NaN,NaN,NaN,NaN,NaN,NaN,NaN,NaN,NaN,NaN,NaN,NaN,NaN,NaN,NaN,NaN,NaN,NaN,NaN,NaN,NaN,NaN,NaN,NaN,NaN,NaN,NaN,NaN,NaN,NaN,NaN,NaN,NaN,NaN,NaN,NaN,NaN,NaN,NaN,NaN,NaN,NaN,NaN,NaN,NaN
NaN,NaN,NaN,NaN,NaN,NaN,NaN,NaN,NaN,NaN,NaN,NaN,0.0001361532,0.0001323439,0.0001389068,0.0001853068,0.0004223739,0.0008692474,0.001100232,0.0009540622,0.0004969959,-0.0001871211,-0.001013275,-0.001912789,-0.002809537,-0.003646871,-0.004356276,-0.004891674,-0.005190677,-0.005217711,-0.004916607,-0.004265143,-0.003211492,-0.00182606,-0.0005658445,-7.435327e-05,6.753388e-06,4.198978e-06,-1.369624e-05,NaN,NaN,NaN,NaN,NaN,NaN,NaN,NaN,NaN,NaN,NaN,NaN,NaN,NaN,NaN,NaN,NaN,NaN,NaN,NaN,NaN,NaN,NaN,NaN,NaN,NaN,NaN,NaN,NaN,NaN,NaN,NaN,NaN,NaN,NaN,NaN,NaN,NaN,NaN,NaN,NaN,NaN,NaN,NaN,NaN,NaN,NaN,NaN,NaN,NaN,NaN,NaN,NaN,NaN,NaN,NaN,NaN,NaN,NaN,NaN,NaN
NaN,NaN,NaN,NaN,NaN,NaN,NaN,NaN,NaN,NaN,NaN,0.0001389913,0.000135301,0.0001427505,0.0001924713,0.0004869421,0.001086724,0.001422874,0.00131406,0.0008370479,7.732592e-05,-0.000877424,-0.001956269,-0.003080773,-0.004192295,-0.005219488,-0.006113544,-0.006808428,-0.00726423,-0.00741938,-0.00724292,-0.006677468,-0.005705547,-0.004271084,-0.002435674,-0.0007268998,-9.828081e-05,-1.012132e-05,-1.378258e-05,-3.367872e-05,NaN,NaN,NaN,NaN,NaN,NaN,NaN,NaN,NaN,NaN,NaN,NaN,NaN,NaN,NaN,NaN,NaN,NaN,NaN,NaN,NaN,NaN,NaN,NaN,NaN,NaN,NaN,NaN,NaN,NaN,NaN,NaN,NaN,NaN,NaN,NaN,NaN,NaN,NaN,NaN,NaN,NaN,NaN,NaN,NaN,NaN,NaN,NaN,NaN,NaN,NaN,NaN,NaN,NaN,NaN,NaN,NaN,NaN,NaN,NaN
NaN,NaN,NaN,NaN,NaN,NaN,NaN,NaN,NaN,NaN,0.0001409476,0.0001373978,0.0001457987,0.0001965264,0.0005436007,0.001305261,0.001762958,0.001711837,0.001239403,0.0004298729,-0.000626132,-0.001856605,-0.00318149,-0.004541232,-0.005862593,-0.007095912,-0.008172695,-0.009051285,-0.00966612,-0.009982826,-0.009938284,-0.009507094,-0.008626974,-0.007284331,-0.00542132,-0.003090953,-0.0008933058,-0.0001208517,-2.893475e-05,-3.294511e-05,-5.58457e-05,NaN,NaN,NaN,NaN,NaN,NaN,NaN,NaN,NaN,NaN,NaN,NaN,NaN,NaN,NaN,NaN,NaN,NaN,NaN,NaN,NaN,NaN,NaN,NaN,NaN,NaN,NaN,NaN,NaN,NaN,NaN,NaN,NaN,NaN,NaN,NaN,NaN,NaN,NaN,NaN,NaN,NaN,NaN,NaN,NaN,NaN,NaN,NaN,NaN,NaN,NaN,NaN,NaN,NaN,NaN,NaN,NaN,NaN,NaN
NaN,NaN,NaN,NaN,NaN,NaN,NaN,NaN,NaN,0.0001422401,0.000138709,0.0001482953,0.0001976759,0.0005882224,0.001515537,0.002108496,0.002133186,0.001687933,0.0008540602,-0.0002743687,-0.001626069,-0.003119443,-0.004694773,-0.006278114,-0.007819884,-0.009250701,-0.01052851,-0.01158631,-0.01238819,-0.01286814,-0.01299594,-0.01270558,-0.01197493,-0.01073794,-0.008981462,-0.006648883,-0.003772462,-0.001043164,-0.0001405334,-4.9206e-05,-5.348297e-05,-7.732928e-05,NaN,NaN,NaN,NaN,NaN,NaN,NaN,NaN,NaN,NaN,NaN,NaN,NaN,NaN,NaN,NaN,NaN,NaN,NaN,NaN,NaN,NaN,NaN,NaN,NaN,NaN,NaN,NaN,NaN,NaN,NaN,NaN,NaN,NaN,NaN,NaN,NaN,NaN,NaN,NaN,NaN,NaN,NaN,NaN,NaN,NaN,NaN,NaN,NaN,NaN,NaN,NaN,NaN,NaN,NaN,NaN,NaN,NaN
NaN,NaN,NaN,NaN,NaN,NaN,NaN,NaN,NaN,0.0001389675,0.0001499496,0.000196379,0.000620293,0.001710179,0.002446502,0.002561074,0.002163003,0.001328328,0.0001559436,-0.001285674,-0.002912779,-0.004666954,-0.006473756,-0.008284814,-0.0100306,-0.01167029,-0.01313678,-0.01439457,-0.01537678,-0.01605193,-0.01635233,-0.01625108,-0.01567798,-0.01461151,-0.0129846,-0.01077681,-0.007933911,-0.004472965,-0.00118322,-0.00015911,-7.402299e-05,-7.394266e-05,NaN,NaN,NaN,NaN,NaN,NaN,NaN,NaN,NaN,NaN,NaN,NaN,NaN,NaN,NaN,NaN,NaN,NaN,NaN,NaN,NaN,NaN,NaN,NaN,NaN,NaN,NaN,NaN,NaN,NaN,NaN,NaN,NaN,NaN,NaN,NaN,NaN,NaN,NaN,NaN,NaN,NaN,NaN,NaN,NaN,NaN,NaN,NaN,NaN,NaN,NaN,NaN,NaN,NaN,NaN,NaN,NaN,NaN
NaN,NaN,NaN,NaN,NaN,NaN,NaN,NaN,0.0001386034,0.0001509259,0.0001935387,0.0006406489,0.001884798,0.002766,0.002978779,0.002642741,0.001828183,0.0006378428,-0.0008629055,-0.002588491,-0.00448246,-0.00647055,-0.008505668,-0.01051956,-0.01247304,-0.01430046,-0.01596775,-0.01740941,-0.01859471,-0.01945641,-0.01996605,-0.02005291,-0.01969192,-0.01880891,-0.01738056,-0.01533683,-0.01264982,-0.009270797,-0.005188516,-0.001311701,-0.0001781671,-9.391265e-05,-9.400511e-05,NaN,NaN,NaN,NaN,NaN,NaN,NaN,NaN,NaN,NaN,NaN,NaN,NaN,NaN,NaN,NaN,NaN,NaN,NaN,NaN,NaN,NaN,NaN,NaN,NaN,NaN,NaN,NaN,NaN,NaN,NaN,NaN,NaN,NaN,NaN,NaN,NaN,NaN,NaN,NaN,NaN,NaN,NaN,NaN,NaN,NaN,NaN,NaN,NaN,NaN,NaN,NaN,NaN,NaN,NaN,NaN,NaN
NaN,NaN,NaN,NaN,NaN,NaN,NaN,0.0001367248,0.0001512767,0.0001890614,0.0006514991,0.002034988,0.003055726,0.00336793,0.003103779,0.002324437,0.001139255,-0.0003930067,-0.002182559,-0.004177902,-0.006303018,-0.00851441,-0.01074427,-0.01295663,-0.0150873,-0.01710531,-0.01894748,-0.02058533,-0.02195421,-0.02302631,-0.02373403,-0.02404971,-0.02390059,-0.0232588,-0.02205044,-0.02024186,-0.01776858,-0.01458444,-0.0106496,-0.005911457,-0.001425966,-0.0001953407,-0.0001219948,-0.0001168846,NaN,NaN,NaN,NaN,NaN,NaN,NaN,NaN,NaN,NaN,NaN,NaN,NaN,NaN,NaN,NaN,NaN,NaN,NaN,NaN,NaN,NaN,NaN,NaN,NaN,NaN,NaN,NaN,NaN,NaN,NaN,NaN,NaN,NaN,NaN,NaN,NaN,NaN,NaN,NaN,NaN,NaN,NaN,NaN,NaN,NaN,NaN,NaN,NaN,NaN,NaN,NaN,NaN,NaN,NaN,NaN
NaN,NaN,NaN,NaN,NaN,NaN,0.0001348394,0.0001502188,0.0001844583,0.0006533158,0.002159008,0.003304875,0.003711609,0.003521433,0.002787814,0.001624312,8.512655e-05,-0.001738188,-0.00379765,-0.006017204,-0.008355982,-0.01074827,-0.01316022,-0.01553101,-0.01783239,-0.02000496,-0.02202318,-0.02382651,-0.02539007,-0.02664997,-0.02758021,-0.0281112,-0.02821607,-0.02781873,-0.02688807,-0.02534788,-0.02315704,-0.02024973,-0.01656329,-0.01206504,-0.006683881,-0.001584603,-0.0002207843,-0.0001446104,-0.000134871,NaN,NaN,NaN,NaN,NaN,NaN,NaN,NaN,NaN,NaN,NaN,NaN,NaN,NaN,NaN,NaN,NaN,NaN,NaN,NaN,NaN,NaN,NaN,NaN,NaN,NaN,NaN,NaN,NaN,NaN,NaN,NaN,NaN,NaN,NaN,NaN,NaN,NaN,NaN,NaN,NaN,NaN,NaN,NaN,NaN,NaN,NaN,NaN,NaN,NaN,NaN,NaN,NaN,NaN,NaN
NaN,NaN,NaN,NaN,NaN,0.0001311688,0.0001490895,0.0001788867,0.0006531148,0.002254434,0.003504215,0.003989974,0.003870951,0.003184479,0.002055345,0.0005258461,-0.00130391,-0.003396293,-0.005668957,-0.008090138,-0.01059038,-0.01314365,-0.01568791,-0.01820233,-0.02062765,-0.02294587,-0.02509782,-0.02706573,-0.02878797,-0.03024479,-0.03137012,-0.03214117,-0.03248437,-0.0323726,-0.03172732,-0.03051088,-0.02864744,-0.02608224,-0.02275147,-0.01857399,-0.01351747,-0.007441629,-0.001689012,-0.0002354353,-0.0001748086,-0.0001562545,NaN,NaN,NaN,NaN,NaN,NaN,NaN,NaN,NaN,NaN,NaN,NaN,NaN,NaN,NaN,NaN,NaN,NaN,NaN,NaN,NaN,NaN,NaN,NaN,NaN,NaN,NaN,NaN,NaN,NaN,NaN,NaN,NaN,NaN,NaN,NaN,NaN,NaN,NaN,NaN,NaN,NaN,NaN,NaN,NaN,NaN,NaN,NaN,NaN,NaN,NaN,NaN,NaN,NaN
NaN,NaN,NaN,NaN,0.0001281005,0.0001462193,0.0001746866,0.0006516566,0.002322714,0.003644468,0.004188396,0.004125886,0.003483793,0.002391402,0.0008846518,-0.0009337426,-0.003030679,-0.00532329,-0.00778347,-0.01034337,-0.01297961,-0.01563437,-0.01828874,-0.02088949,-0.02342093,-0.02583105,-0.02810453,-0.03018805,-0.03206442,-0.03367678,-0.03500371,-0.03598201,-0.03658558,-0.03674327,-0.03641953,-0.03554043,-0.03405347,-0.03188908,-0.02896947,-0.02524117,-0.02057493,-0.01497237,-0.008268773,-0.001861091,-0.0002644912,-0.0002014704,-0.0001696607,NaN,NaN,NaN,NaN,NaN,NaN,NaN,NaN,NaN,NaN,NaN,NaN,NaN,NaN,NaN,NaN,NaN,NaN,NaN,NaN,NaN,NaN,NaN,NaN,NaN,NaN,NaN,NaN,NaN,NaN,NaN,NaN,NaN,NaN,NaN,NaN,NaN,NaN,NaN,NaN,NaN,NaN,NaN,NaN,NaN,NaN,NaN,NaN,NaN,NaN,NaN,NaN,NaN
NaN,NaN,NaN,0.0001233231,0.0001439115,0.0001699721,0.0006541949,0.00235938,0.00371707,0.004287956,0.004263409,0.003650892,0.002593533,0.001111284,-0.0006816914,-0.002765656,-0.005048537,-0.007514233,-0.01008806,-0.01275753,-0.01546084,-0.01818861,-0.02088653,-0.02354796,-0.02612159,-0.02860123,-0.03093613,-0.03311791,-0.03509386,-0.03685101,-0.03833263,-0.03951949,-0.04034726,-0.04078833,-0.04077239,-0.04025558,-0.03916736,-0.03743936,-0.03500697,-0.03176609,-0.02766796,-0.0225622,-0.01646108,-0.009072463,-0.001981705,-0.0002818639,-0.0002258241,-0.0001856253,NaN,NaN,NaN,NaN,NaN,NaN,NaN,NaN,NaN,NaN,NaN,NaN,NaN,NaN,NaN,NaN,NaN,NaN,NaN,NaN,NaN,NaN,NaN,NaN,NaN,NaN,NaN,NaN,NaN,NaN,NaN,NaN,NaN,NaN,NaN,NaN,NaN,NaN,NaN,NaN,NaN,NaN,NaN,NaN,NaN,NaN,NaN,NaN,NaN,NaN,NaN,NaN
NaN,NaN,0.0001189613,0.0001400902,0.0001674059,0.000660425,0.002364671,0.003712503,0.00427513,0.00425922,0.003657869,0.002621879,0.001161517,-0.0006040107,-0.00266198,-0.004917583,-0.007359764,-0.009913652,-0.01257055,-0.01527132,-0.01800894,-0.02073517,-0.02344439,-0.02609405,-0.02867884,-0.0311588,-0.03352606,-0.03574108,-0.03779103,-0.03963472,-0.04125161,-0.04259608,-0.04363874,-0.04432747,-0.0446179,-0.04445587,-0.04377214,-0.04251588,-0.04058263,-0.03793188,-0.0344092,-0.03000866,-0.02449226,-0.01794358,-0.009982115,-0.002229643,-0.000319993,-0.000251075,-0.0001979243,NaN,NaN,NaN,NaN,NaN,NaN,NaN,NaN,NaN,NaN,NaN,NaN,NaN,NaN,NaN,NaN,NaN,NaN,NaN,NaN,NaN,NaN,NaN,NaN,NaN,NaN,NaN,NaN,NaN,NaN,NaN,NaN,NaN,NaN,NaN,NaN,NaN,NaN,NaN,NaN,NaN,NaN,NaN,NaN,NaN,NaN,NaN,NaN,NaN,NaN,NaN
NaN,0.0001136736,0.0001353919,0.0001655977,0.0006724519,0.002331369,0.003622137,0.00413387,0.004092847,0.003474422,0.00244164,0.0009894052,-0.0007521635,-0.00278322,-0.005000024,-0.007402459,-0.00990895,-0.0125206,-0.01517397,-0.01787091,-0.0205619,-0.02324897,-0.02589132,-0.02849092,-0.03101142,-0.03345262,-0.0357805,-0.03799001,-0.04004727,-0.04193977,-0.04363195,-0.04510184,-0.04630843,-0.04721746,-0.04778372,-0.04795114,-0.0476751,-0.04686721,-0.04548767,-0.04340405,-0.04059102,-0.03685776,-0.03221293,-0.02638256,-0.01946883,-0.01094387,-0.00254954,-0.00036434,-0.0002752559,-0.0002064658,NaN,NaN,NaN,NaN,NaN,NaN,NaN,NaN,NaN,NaN,NaN,NaN,NaN,NaN,NaN,NaN,NaN,NaN,NaN,NaN,NaN,NaN,NaN,NaN,NaN,NaN,NaN,NaN,NaN,NaN,NaN,NaN,NaN,NaN,NaN,NaN,NaN,NaN,NaN,NaN,NaN,NaN,NaN,NaN,NaN,NaN,NaN,NaN,NaN,NaN
0.0001095559,0.0001294888,0.0001672192,0.0007010193,0.002263766,0.003440384,0.003853741,0.00374687,0.003078341,0.00202185,0.0005583444,-0.00117299,-0.003183203,-0.005361482,-0.007716054,-0.01016086,-0.01270343,-0.0152787,-0.01789364,-0.02050033,-0.02310435,-0.02567039,-0.02820242,-0.03067267,-0.03308261,-0.03540928,-0.03764878,-0.03978107,-0.04179453,-0.0436703,-0.04538605,-0.04692156,-0.04824236,-0.04932465,-0.05011485,-0.0505897,-0.05066501,-0.05032228,-0.04943508,-0.04799511,-0.04581985,-0.04292468,-0.03905122,-0.03426631,-0.02818296,-0.02098019,-0.01199704,-0.003006886,-0.0004278073,-0.0002918669,-0.0002147272,NaN,NaN,NaN,NaN,NaN,NaN,NaN,NaN,NaN,NaN,NaN,NaN,NaN,NaN,NaN,NaN,NaN,NaN,NaN,NaN,NaN,NaN,NaN,NaN,NaN,NaN,NaN,NaN,NaN,NaN,NaN,NaN,NaN,NaN,NaN,NaN,NaN,NaN,NaN,NaN,NaN,NaN,NaN,NaN,NaN,NaN,NaN,NaN,NaN
0.000117734,0.0001726505,0.0007519507,0.002159592,0.003161454,0.003427225,0.003206843,0.002450625,0.001337135,-0.0001633245,-0.001905646,-0.003909469,-0.00605876,-0.008367997,-0.01074778,-0.01321004,-0.01568895,-0.01819466,-0.02068134,-0.02315667,-0.02559093,-0.02798873,-0.03033146,-0.03262055,-0.03484455,-0.03699949,-0.03907941,-0.04107228,-0.04297576,-0.04476701,-0.04644604,-0.04797695,-0.04935859,-0.05053874,-0.05151661,-0.05221305,-0.05263241,-0.05265647,-0.05229867,-0.05138874,-0.04995705,-0.0477646,-0.04487363,-0.04095121,-0.03611505,-0.02988228,-0.02252186,-0.01320041,-0.003709567,-0.0005230402,-0.0002958237,-0.0002291681,NaN,NaN,NaN,NaN,NaN,NaN,NaN,NaN,NaN,NaN,NaN,NaN,NaN,NaN,NaN,NaN,NaN,NaN,NaN,NaN,NaN,NaN,NaN,NaN,NaN,NaN,NaN,NaN,NaN,NaN,NaN,NaN,NaN,NaN,NaN,NaN,NaN,NaN,NaN,NaN,NaN,NaN,NaN,NaN,NaN,NaN,NaN,0.0001061773
0.0001827561,0.0008348941,0.002021746,0.002776048,0.002847211,0.00246319,0.001580868,0.0003710488,-0.00119505,-0.002977271,-0.004994547,-0.007134227,-0.009408777,-0.0117325,-0.01411414,-0.01649309,-0.01887562,-0.0212232,-0.02353938,-0.02580431,-0.02801783,-0.03017453,-0.0322703,-0.03430934,-0.0362827,-0.03820173,-0.04004971,-0.04184369,-0.04355672,-0.04521022,-0.04676397,-0.04824158,-0.04958823,-0.05082772,-0.05188331,-0.0527835,-0.05341742,-0.05382247,-0.05384137,-0.05352497,-0.05265484,-0.05130471,-0.04917545,-0.04637822,-0.04250179,-0.03772929,-0.03148855,-0.02410972,-0.01464152,-0.004797749,-0.0006706842,-0.0002827257,-0.000258353,NaN,NaN,NaN,NaN,NaN,NaN,NaN,NaN,NaN,NaN,NaN,NaN,NaN,NaN,NaN,NaN,NaN,NaN,NaN,NaN,NaN,NaN,NaN,NaN,NaN,NaN,NaN,NaN,NaN,NaN,NaN,NaN,NaN,NaN,NaN,NaN,NaN,NaN,NaN,NaN,NaN,NaN,NaN,NaN,NaN,0.0001077552,0.0001081227
0.0009314173,0.001845595,0.002261762,0.002103148,0.00149986,0.0004620839,-0.0008888737,-0.00254647,-0.004404936,-0.006456733,-0.008615491,-0.01087113,-0.01315959,-0.01546941,-0.01775936,-0.02001763,-0.02222422,-0.02436689,-0.02644422,-0.02844233,-0.03037505,-0.03222601,-0.03401962,-0.03573674,-0.03740865,-0.03901115,-0.04058102,-0.04208625,-0.04356749,-0.04498225,-0.04637407,-0.04768804,-0.04896714,-0.05014126,-0.0512545,-0.05221108,-0.05306113,-0.05367158,-0.05410175,-0.05416897,-0.05394679,-0.05318689,-0.05198532,-0.05000789,-0.04738779,-0.04367787,-0.0390813,-0.03299486,-0.02573294,-0.01639316,-0.006377059,-0.0009042242,-0.0002618314,-0.0003024134,NaN,NaN,NaN,NaN,NaN,NaN,NaN,NaN,NaN,NaN,NaN,NaN,NaN,NaN,NaN,NaN,NaN,NaN,NaN,NaN,NaN,NaN,NaN,NaN,NaN,NaN,NaN,NaN,NaN,NaN,NaN,NaN,NaN,NaN,NaN,NaN,NaN,NaN,NaN,NaN,NaN,NaN,NaN,0.0001043035,0.0001023298,0.0002044366
0.001487287,0.001557414,0.001160722,0.000301976,-0.0009161055,-0.00244422,-0.004218687,-0.006187039,-0.008297452,-0.01050568,-0.01276441,-0.01504421,-0.01730083,-0.01952284,-0.02166948,-0.02374753,-0.02571974,-0.02760934,-0.02938164,-0.03107368,-0.03265187,-0.03416326,-0.03557491,-0.03693916,-0.03822279,-0.03948104,-0.04067747,-0.04186875,-0.04301305,-0.04416706,-0.04528094,-0.04640906,-0.04749332,-0.04858326,-0.04960649,-0.05061177,-0.05150184,-0.05232795,-0.05295813,-0.05344792,-0.05361889,-0.05353457,-0.0529554,-0.05195729,-0.05022313,-0.04785316,-0.0444347,-0.04010025,-0.03433057,-0.02728059,-0.01836867,-0.00834245,-0.001269431,-0.0002565343,-0.0003383664,NaN,NaN,NaN,NaN,NaN,NaN,NaN,NaN,NaN,NaN,NaN,NaN,NaN,NaN,NaN,NaN,NaN,NaN,NaN,NaN,NaN,NaN,NaN,NaN,NaN,NaN,NaN,NaN,NaN,NaN,NaN,NaN,NaN,NaN,NaN,NaN,NaN,NaN,NaN,NaN,NaN,0.000100094,9.548192e-05,0.0002147338,0.000879594
0.0006444277,-3.766759e-05,-0.001155905,-0.002572469,-0.004293608,-0.00620989,-0.008308528,-0.01050538,-0.01278542,-0.01507684,-0.01737111,-0.0196048,-0.0217813,-0.02384514,-0.02581356,-0.02763922,-0.02935254,-0.03091379,-0.03236449,-0.03367115,-0.03488321,-0.03597246,-0.03699166,-0.03791767,-0.0388025,-0.03962605,-0.04043793,-0.04121871,-0.04201344,-0.04280143,-0.04362161,-0.04445128,-0.04531888,-0.04619884,-0.04710975,-0.04801505,-0.04892715,-0.04979026,-0.05061129,-0.05130747,-0.05188043,-0.05221007,-0.05229251,-0.05196017,-0.05120303,-0.04979547,-0.04772046,-0.04469372,-0.04066265,-0.03533262,-0.02854448,-0.02029647,-0.0103708,-0.001887349,-0.0002889314,-0.0003250269,-0.0001815828,NaN,NaN,NaN,NaN,NaN,NaN,NaN,NaN,NaN,NaN,NaN,NaN,NaN,NaN,NaN,NaN,NaN,NaN,NaN,NaN,NaN,NaN,NaN,NaN,NaN,NaN,NaN,NaN,NaN,NaN,NaN,NaN,NaN,NaN,NaN,NaN,NaN,7.533571e-05,9.138828e-05,9.121441e-05,0.0002351175,0.0007297543,0.0009860108
-0.001466252,-0.002880769,-0.004516062,-0.006432034,-0.008506178,-0.01074201,-0.01304785,-0.0154129,-0.01776525,-0.02009272,-0.02233662,-0.02449086,-0.02650825,-0.02839263,-0.03010835,-0.03166975,-0.03305266,-0.03428044,-0.03533948,-0.03625968,-0.0370366,-0.03770263,-0.03826234,-0.03874551,-0.03916494,-0.03954501,-0.03990423,-0.04025945,-0.04063338,-0.04103319,-0.04148413,-0.04198043,-0.04255132,-0.04317456,-0.04387941,-0.04463017,-0.04544859,-0.04628723,-0.04715466,-0.04799072,-0.04878423,-0.04946087,-0.04998204,-0.05025468,-0.05020591,-0.04971794,-0.04867883,-0.04692589,-0.04433225,-0.04063349,-0.03582159,-0.02941692,-0.02198818,-0.01237298,-0.00311856,-0.0004075516,-0.0002564978,-0.0002451045,NaN,NaN,NaN,NaN,NaN,NaN,NaN,NaN,NaN,NaN,NaN,NaN,NaN,NaN,NaN,NaN,NaN,NaN,NaN,NaN,NaN,NaN,NaN,NaN,NaN,NaN,NaN,NaN,NaN,NaN,NaN,NaN,NaN,NaN,NaN,7.074173e-05,8.141276e-05,9.300515e-05,0.0002429859,0.000436425,0.0002740925,-0.0004514342
-0.004843047,-0.006736877,-0.00883542,-0.01108823,-0.01344488,-0.01588131,-0.0183239,-0.02076532,-0.02312902,-0.02541875,-0.02756415,-0.02957772,-0.03140051,-0.03305396,-0.03449211,-0.03574575,-0.03678115,-0.03763838,-0.03829372,-0.03879539,-0.03912641,-0.03934237,-0.03942809,-0.0394466,-0.03938007,-0.03929706,-0.039175,-0.03908589,-0.03899985,-0.03899071,-0.03901934,-0.03916129,-0.03936335,-0.03970311,-0.0401138,-0.04066822,-0.04128983,-0.04204053,-0.0428347,-0.04371826,-0.04459612,-0.04549095,-0.04629639,-0.04700487,-0.04749346,-0.04771529,-0.0475222,-0.04682891,-0.04543125,-0.04325653,-0.0399865,-0.03577657,-0.03005265,-0.02349955,-0.01469154,-0.005402952,-0.0007651166,-0.0001981607,-0.0002970482,NaN,NaN,NaN,NaN,NaN,NaN,NaN,NaN,NaN,NaN,NaN,NaN,NaN,NaN,NaN,NaN,NaN,NaN,NaN,NaN,NaN,NaN,NaN,NaN,NaN,NaN,NaN,NaN,NaN,NaN,NaN,NaN,NaN,6.089194e-05,6.974052e-05,9.665344e-05,0.0001400654,-5.821439e-05,-0.000702423,-0.001780066,-0.003156115
-0.009197334,-0.01147075,-0.01390039,-0.01636648,-0.01892856,-0.0214413,-0.02397369,-0.02637717,-0.02872517,-0.03087835,-0.03291234,-0.03470367,-0.03633007,-0.03768703,-0.03885518,-0.03974899,-0.0404525,-0.04089751,-0.04117097,-0.04121938,-0.04113147,-0.04086436,-0.04050842,-0.04002622,-0.03950895,-0.03892179,-0.0383539,-0.03777099,-0.03725836,-0.03678042,-0.03641653,-0.03612689,-0.03598617,-0.03594771,-0.03607716,-0.03632569,-0.036742,-0.03727904,-0.03796279,-0.03874998,-0.03963674,-0.04058616,-0.04155536,-0.04251355,-0.04336768,-0.04409242,-0.04453009,-0.04465274,-0.04424588,-0.04325615,-0.04149185,-0.03882108,-0.03528569,-0.0305055,-0.02464228,-0.01706919,-0.008259821,-0.001631646,-0.0002095816,-0.0002279092,-0.0001745256,NaN,NaN,NaN,NaN,NaN,NaN,NaN,NaN,NaN,NaN,NaN,NaN,NaN,NaN,NaN,NaN,NaN,NaN,NaN,NaN,NaN,NaN,NaN,NaN,NaN,NaN,NaN,NaN,NaN,4.356812e-05,5.637608e-05,5.763336e-05,6.202888e-05,-0.000230241,-0.000886349,-0.002007996,-0.003395302,-0.005118619,-0.007048907
-0.01431151,-0.01685871,-0.01944684,-0.02208187,-0.02467686,-0.02725496,-0.02971694,-0.03209137,-0.03428286,-0.03632206,-0.03812689,-0.03972898,-0.04106459,-0.04216688,-0.04299206,-0.04357539,-0.04389242,-0.04398051,-0.04383252,-0.04348688,-0.04295085,-0.04226308,-0.04144049,-0.04052188,-0.03952964,-0.03850036,-0.0374602,-0.0364407,-0.03546964,-0.03457137,-0.03377391,-0.03309353,-0.03255447,-0.03216454,-0.03194634,-0.03189142,-0.0320267,-0.03232052,-0.03280781,-0.03342775,-0.0342271,-0.03510725,-0.03613052,-0.03715073,-0.03824736,-0.03921168,-0.04014261,-0.04075831,-0.0411674,-0.04103844,-0.04046601,-0.03917918,-0.03715937,-0.03429632,-0.03033752,-0.02505037,-0.01882016,-0.0110527,-0.003600193,-0.0004982612,-0.0001350693,-0.0002161479,-8.886238e-05,NaN,NaN,NaN,NaN,NaN,NaN,NaN,NaN,NaN,NaN,NaN,NaN,NaN,NaN,NaN,NaN,NaN,NaN,NaN,NaN,NaN,NaN,NaN,NaN,NaN,4.105153e-05,2.291938e-05,4.807777e-05,4.009796e-05,-0.000182581,-0.0009520907,-0.002130338,-0.003649139,-0.00537382,-0.007359443,-0.009527668,-0.01185975
-0.0198846,-0.02257686,-0.02522864,-0.02789139,-0.03046618,-0.03297742,-0.03534081,-0.03757254,-0.03959637,-0.04143215,-0.04300966,-0.04435963,-0.04541746,-0.04622804,-0.04673317,-0.04699246,-0.04695443,-0.04669214,-0.04616033,-0.0454433,-0.04450104,-0.04342537,-0.04218138,-0.04086349,-0.03944105,-0.03800843,-0.03653615,-0.03511642,-0.033719,-0.03243203,-0.03122232,-0.03017101,-0.02924328,-0.02851061,-0.02793241,-0.02757566,-0.02738656,-0.02743202,-0.02764035,-0.02808129,-0.02865994,-0.02945287,-0.03033512,-0.03139156,-0.03245892,-0.03363211,-0.03469754,-0.0357563,-0.03655126,-0.03716991,-0.03736408,-0.03713873,-0.0363861,-0.03486814,-0.03262128,-0.02929546,-0.02494263,-0.01995109,-0.01369119,-0.006633267,-0.001564312,-0.0001752292,-0.0001199963,-0.00014312,-6.965725e-05,NaN,NaN,NaN,NaN,NaN,NaN,NaN,NaN,NaN,NaN,NaN,NaN,NaN,NaN,NaN,NaN,NaN,NaN,NaN,NaN,NaN,2.085284e-05,3.07547e-06,2.597808e-05,2.834848e-05,-0.0001323983,-0.0009357034,-0.002226634,-0.003851935,-0.005639809,-0.007686282,-0.009869991,-0.0122437,-0.01468535,-0.0172833
-0.02558595,-0.02826334,-0.03088488,-0.03347118,-0.03593087,-0.03830472,-0.04048794,-0.04252979,-0.04432536,-0.0459288,-0.04724372,-0.04832833,-0.04909936,-0.04961954,-0.04982042,-0.04977024,-0.04941478,-0.04882801,-0.04796824,-0.04691453,-0.04563501,-0.04421352,-0.04262339,-0.04095347,-0.03917827,-0.03738949,-0.03556094,-0.03378463,-0.0320312,-0.03039091,-0.02882955,-0.02743523,-0.02616425,-0.0251026,-0.02419893,-0.02353005,-0.02304263,-0.0227986,-0.02274588,-0.0229277,-0.02329694,-0.02387257,-0.02461613,-0.02551707,-0.02654752,-0.02765844,-0.02883555,-0.02998702,-0.03110052,-0.03206277,-0.03282483,-0.03333241,-0.03337137,-0.03306429,-0.03194195,-0.03024912,-0.027692,-0.02432285,-0.02016173,-0.01525437,-0.009604292,-0.004006432,-0.0008461361,-9.328328e-05,-8.505056e-05,-8.406321e-05,-5.404162e-05,NaN,NaN,NaN,NaN,NaN,NaN,NaN,NaN,NaN,NaN,NaN,NaN,NaN,NaN,NaN,NaN,NaN,-7.195093e-06,-1.007727e-05,-2.341906e-06,1.337113e-05,-0.0001425485,-0.0009202459,-0.002338182,-0.004085555,-0.005983565,-0.008051907,-0.01025413,-0.01262644,-0.01507308,-0.01763396,-0.02024772,-0.02291102
-0.03094175,-0.03351219,-0.03600585,-0.0384089,-0.04069623,-0.04283377,-0.0448072,-0.04657853,-0.04813753,-0.04945206,-0.05051391,-0.05130305,-0.0518131,-0.05203879,-0.0519766,-0.05163661,-0.05101892,-0.05014781,-0.04902702,-0.04769314,-0.04615308,-0.04445234,-0.04260143,-0.04065009,-0.03861185,-0.03653826,-0.03444298,-0.03237744,-0.03035349,-0.02842043,-0.02658611,-0.02489477,-0.02335168,-0.02199327,-0.02081786,-0.01985961,-0.0191025,-0.01858317,-0.01826695,-0.01819643,-0.01831387,-0.01867303,-0.01918769,-0.01992639,-0.0207687,-0.02180334,-0.02286619,-0.0240667,-0.02520277,-0.02638561,-0.02741035,-0.02831558,-0.02900087,-0.02928915,-0.02924537,-0.02858027,-0.02731322,-0.0255243,-0.022808,-0.01953266,-0.01577819,-0.01145803,-0.006888421,-0.002801431,-0.0006365642,-8.271155e-05,-4.234459e-05,-4.799787e-05,-2.932599e-05,-3.410648e-05,NaN,NaN,NaN,NaN,NaN,NaN,NaN,NaN,NaN,NaN,NaN,-3.803409e-05,-1.884519e-05,-3.108785e-05,-2.212981e-05,-1.752333e-05,-0.0002404228,-0.001086214,-0.002620087,-0.004463564,-0.006422981,-0.008487009,-0.01068967,-0.0130258,-0.01543888,-0.01793112,-0.02049035,-0.02309664,-0.02570916,-0.02834675
-0.03549683,-0.03786184,-0.04012568,-0.04229756,-0.04431154,-0.04619574,-0.04787324,-0.04937935,-0.05063762,-0.05168632,-0.05245671,-0.05298884,-0.05322587,-0.05321003,-0.05289774,-0.05233455,-0.05148989,-0.05041323,-0.04908572,-0.04756062,-0.04582858,-0.04394683,-0.04191142,-0.03978419,-0.03756303,-0.03531241,-0.0330306,-0.0307824,-0.02856418,-0.02643892,-0.0243995,-0.02250677,-0.02074556,-0.0191744,-0.01777215,-0.01658762,-0.01559968,-0.01484179,-0.0142963,-0.01397775,-0.01387634,-0.01398266,-0.01429974,-0.01479043,-0.01547493,-0.01628132,-0.0172539,-0.01828278,-0.0194282,-0.02055838,-0.02171268,-0.02280238,-0.02372553,-0.02455655,-0.02497401,-0.0251636,-0.02486369,-0.02399216,-0.02268203,-0.02073495,-0.01812781,-0.01524535,-0.0119783,-0.008552636,-0.005245853,-0.002430622,-0.0006950318,-0.0001443222,-3.506146e-05,-1.895124e-05,-2.022487e-05,-2.155485e-05,-2.236195e-05,-2.868438e-05,-2.818095e-05,-3.369477e-05,-2.97999e-05,-3.241802e-05,-2.846018e-05,-3.881556e-05,-4.924486e-05,-5.169776e-05,-4.343326e-05,-0.0001462289,-0.0005424028,-0.001644479,-0.003258403,-0.005082447,-0.006999693,-0.009027323,-0.0111487,-0.01340203,-0.01572772,-0.01811761,-0.02056028,-0.0230591,-0.02556088,-0.02808154,-0.03058992,-0.03306609
-0.03873482,-0.04082554,-0.04281258,-0.04467137,-0.04640086,-0.04795833,-0.04935269,-0.05053783,-0.05152573,-0.05227508,-0.05279818,-0.05306375,-0.05308419,-0.05284058,-0.05234627,-0.0515951,-0.05060261,-0.0493746,-0.04792924,-0.04628295,-0.04445661,-0.04247437,-0.04036085,-0.03814377,-0.03585131,-0.03351288,-0.03115763,-0.02881507,-0.02651366,-0.02428125,-0.02214352,-0.0201237,-0.01824624,-0.01652725,-0.01498529,-0.01363495,-0.01248154,-0.01154281,-0.01080673,-0.01029767,-0.009982126,-0.009896568,-0.009981584,-0.01029,-0.01073237,-0.01138501,-0.0121209,-0.01304257,-0.01399184,-0.01508047,-0.0161502,-0.01725182,-0.01833164,-0.01924425,-0.02011281,-0.02065302,-0.02093865,-0.02094295,-0.02037791,-0.01943399,-0.01808437,-0.01614921,-0.01382651,-0.01141685,-0.00880364,-0.006235193,-0.004031017,-0.002224587,-0.001007798,-0.0003132451,-8.580084e-05,-3.573961e-05,-3.16951e-05,-3.101724e-05,-4.072524e-05,-4.755483e-05,-6.076483e-05,-7.123264e-05,-9.532764e-05,-0.0001368811,-0.0002572593,-0.0006228516,-0.001495058,-0.002752567,-0.004246707,-0.005858026,-0.007636122,-0.00954255,-0.01150955,-0.01361326,-0.0158043,-0.01803134,-0.02031382,-0.02264891,-0.02499712,-0.02734806,-0.02970046,-0.03203328,-0.03431883,-0.03656824
-0.04021864,-0.04198773,-0.04364536,-0.04519001,-0.0465826,-0.04783801,-0.04890864,-0.04981419,-0.05050827,-0.05101101,-0.05128309,-0.05134345,-0.05116329,-0.05076098,-0.05011915,-0.04925672,-0.04816755,-0.04687224,-0.04537499,-0.0436984,-0.04185528,-0.03987106,-0.03776358,-0.03556236,-0.03328726,-0.03097024,-0.02863235,-0.02630607,-0.02401167,-0.02178033,-0.01963019,-0.01759095,-0.01567423,-0.01390802,-0.01229983,-0.01086833,-0.009622857,-0.008567198,-0.007715874,-0.007054274,-0.006606407,-0.006334424,-0.00627695,-0.006369744,-0.00667104,-0.007084135,-0.007695132,-0.008372745,-0.00922453,-0.01010022,-0.01109578,-0.01210502,-0.01309984,-0.0141415,-0.0149956,-0.01584155,-0.01646405,-0.01679069,-0.01695711,-0.01670321,-0.01600957,-0.0150497,-0.01371288,-0.01195702,-0.0099864,-0.008032812,-0.006133569,-0.00428401,-0.002774636,-0.001687974,-0.000928777,-0.00049987,-0.0002964093,-0.0002456108,-0.0002906984,-0.000417709,-0.0006321939,-0.0009705866,-0.001443655,-0.002056127,-0.002822882,-0.003807885,-0.004980297,-0.006388182,-0.008019018,-0.009693285,-0.01145193,-0.01337286,-0.01538293,-0.01741715,-0.01949455,-0.02163287,-0.02378648,-0.02593632,-0.02808677,-0.03022841,-0.03233172,-0.03439425,-0.03641176,-0.03834973
-0.03959942,-0.04103779,-0.04237402,-0.04358099,-0.0446732,-0.04560782,-0.04640716,-0.04702592,-0.0474874,-0.0477507,-0.04783733,-0.04771481,-0.04740241,-0.04687792,-0.04615946,-0.04523516,-0.04412328,-0.04282175,-0.04134982,-0.03971422,-0.03793587,-0.03602784,-0.0340143,-0.03191115,-0.02974607,-0.02753659,-0.02531171,-0.02308943,-0.02089888,-0.01875717,-0.01669177,-0.01471614,-0.0128578,-0.01112441,-0.00953876,-0.008108557,-0.00684443,-0.005758579,-0.00484558,-0.0041253,-0.003572169,-0.003218971,-0.003015778,-0.003012371,-0.00313081,-0.003445226,-0.003842814,-0.004425244,-0.00505213,-0.005837369,-0.006644037,-0.007532848,-0.008476052,-0.009351835,-0.01031822,-0.01111299,-0.01186205,-0.01252769,-0.01288243,-0.01308769,-0.01307649,-0.01265055,-0.01192714,-0.01099249,-0.009776193,-0.008310232,-0.006740707,-0.005210004,-0.003837914,-0.002669837,-0.001722749,-0.001045048,-0.0006684457,-0.0005452311,-0.0006443826,-0.0009288936,-0.00138628,-0.001997446,-0.002774863,-0.003731991,-0.004886337,-0.006163541,-0.007488186,-0.008912305,-0.01051837,-0.01226723,-0.01407378,-0.01590052,-0.01776731,-0.01969283,-0.02164295,-0.02357412,-0.02550458,-0.02743035,-0.02932706,-0.03117955,-0.03299581,-0.03475701,-0.0364448,-0.03806955
-0.03677825,-0.03789911,-0.03891521,-0.03983617,-0.04062597,-0.04130796,-0.04183942,-0.04224631,-0.04248746,-0.04258718,-0.04251072,-0.04227911,-0.04186641,-0.04129091,-0.04053623,-0.03961916,-0.03853239,-0.03729257,-0.03590077,-0.03437418,-0.03272092,-0.03096004,-0.02910357,-0.02717413,-0.02518535,-0.02316222,-0.02111965,-0.01908343,-0.01706834,-0.01509956,-0.01319076,-0.01136673,-0.009635824,-0.00802213,-0.006531738,-0.005180364,-0.003977657,-0.002925554,-0.002040368,-0.00130679,-0.0007518153,-0.000338074,-0.0001079542,9.687024e-07,-7.378951e-05,-0.0002388409,-0.0005848962,-0.000986094,-0.001555115,-0.002149578,-0.002873346,-0.003630921,-0.004410043,-0.005286827,-0.006052903,-0.006911923,-0.007669733,-0.008297548,-0.008936744,-0.009350355,-0.009538196,-0.009628332,-0.009470439,-0.008992334,-0.008303829,-0.007469332,-0.006475189,-0.005355048,-0.004219479,-0.003173201,-0.002273487,-0.001580826,-0.001126241,-0.0009326726,-0.000987432,-0.001283513,-0.00179033,-0.002489635,-0.003362533,-0.004419354,-0.00564409,-0.007012211,-0.008475591,-0.0100087,-0.01159566,-0.01321829,-0.0148837,-0.01660677,-0.01835035,-0.02007128,-0.02177499,-0.02348487,-0.02516636,-0.02680448,-0.02840414,-0.0299651,-0.03146294,-0.03289869,-0.03427454,-0.03556366
-0.03190472,-0.03273767,-0.03349052,-0.03413744,-0.03470067,-0.03514129,-0.03548696,-0.03569732,-0.03579919,-0.03575645,-0.03559245,-0.03527856,-0.03483411,-0.03423905,-0.03350988,-0.03263506,-0.03162954,-0.03048962,-0.0292298,-0.02785343,-0.02637552,-0.02480435,-0.02315742,-0.02144497,-0.01968755,-0.01789678,-0.01609448,-0.01429291,-0.01251438,-0.01077095,-0.009084051,-0.007463028,-0.005930355,-0.004491085,-0.003163785,-0.00195536,-0.0008732452,6.959825e-05,0.0008805763,0.001537763,0.002067489,0.002433983,0.002686616,0.002772233,0.002766844,0.002592997,0.002359951,0.001963404,0.001538022,0.0009676217,0.0003810002,-0.000286924,-0.00101882,-0.00170441,-0.002514657,-0.003205793,-0.003927487,-0.004655287,-0.005198923,-0.00573532,-0.00620362,-0.006429749,-0.006520584,-0.006515175,-0.006310741,-0.005882846,-0.005309212,-0.004652152,-0.003940429,-0.003208909,-0.002522195,-0.001940729,-0.00152882,-0.001311701,-0.001312595,-0.001528558,-0.001962034,-0.002595534,-0.003422379,-0.004420727,-0.00557648,-0.0068411,-0.008173609,-0.009555986,-0.01099834,-0.01249715,-0.01401384,-0.01550463,-0.01698045,-0.01846209,-0.01993071,-0.02134701,-0.02272838,-0.02407728,-0.0253781,-0.02661781,-0.02780881,-0.02893964,-0.02999609,-0.03099207
-0.02544064,-0.0260296,-0.02653871,-0.02698493,-0.02733424,-0.02761455,-0.02778701,-0.02788035,-0.02785785,-0.02774513,-0.0275115,-0.02717804,-0.02672184,-0.02615987,-0.02547722,-0.02468811,-0.02378504,-0.02278077,-0.0216745,-0.02047842,-0.01919726,-0.01784423,-0.01642681,-0.0149611,-0.01345559,-0.01192835,-0.01038902,-0.008856493,-0.007340514,-0.005859741,-0.004423461,-0.003050674,-0.001746431,-0.0005297159,0.000595107,0.001616671,0.002525469,0.003322838,0.003991287,0.004548184,0.004964307,0.005277799,0.005443513,0.00552322,0.005451674,0.005320094,0.005035731,0.004720229,0.00426034,0.003791892,0.00321143,0.002605575,0.001984826,0.001264314,0.0006431351,-9.164227e-05,-0.0007594046,-0.001352036,-0.002020336,-0.002552329,-0.0029713,-0.003408231,-0.003722534,-0.003853602,-0.003886644,-0.003846826,-0.003683379,-0.003389005,-0.003008994,-0.002597551,-0.002189527,-0.001829128,-0.001548299,-0.001391825,-0.001379013,-0.001532245,-0.001850193,-0.002337103,-0.002979132,-0.003771757,-0.004690159,-0.005722777,-0.006844792,-0.008026303,-0.009227305,-0.01042494,-0.0116263,-0.01285041,-0.01406934,-0.01524702,-0.01638386,-0.01750696,-0.01859116,-0.01962426,-0.02061184,-0.02156021,-0.02244995,-0.02328381,-0.02406867,-0.02478351
-0.01804785,-0.01842187,-0.01874897,-0.01900311,-0.0192105,-0.01933464,-0.01940516,-0.01938536,-0.01930277,-0.01912512,-0.01887543,-0.01852841,-0.01810223,-0.01757913,-0.01697345,-0.0162746,-0.01549445,-0.01462883,-0.01368818,-0.01267397,-0.01159634,-0.01046045,-0.009278285,-0.008056079,-0.006808312,-0.005542167,-0.00427313,-0.00300898,-0.001765728,-0.0005512571,0.000618956,0.001739122,0.002792172,0.003775366,0.004675157,0.005485531,0.006203261,0.006815045,0.007331426,0.007729103,0.008036336,0.008215312,0.008315902,0.008282785,0.008190923,0.007961147,0.007699738,0.007302203,0.006897719,0.006371874,0.005845378,0.005255955,0.004611975,0.004022586,0.003311562,0.002713509,0.002073386,0.001406661,0.0008862125,0.0003275196,-0.0002214709,-0.0006085487,-0.0009503148,-0.001284959,-0.001516648,-0.001617349,-0.001644151,-0.001623566,-0.001548503,-0.001417395,-0.001258921,-0.001100015,-0.0009797072,-0.0009161455,-0.0009379534,-0.001054969,-0.001285447,-0.001628879,-0.002091237,-0.002658749,-0.003325839,-0.004064291,-0.004853388,-0.00567934,-0.006546706,-0.007450236,-0.008361879,-0.009241955,-0.01009833,-0.01095141,-0.01179259,-0.01258585,-0.01334641,-0.01408046,-0.01477837,-0.01542789,-0.016043,-0.01661717,-0.01713816,-0.01762057
-0.01048812,-0.01068692,-0.01083678,-0.01095848,-0.01101895,-0.01104745,-0.01100782,-0.01092891,-0.01077736,-0.01057813,-0.01030378,-0.009974089,-0.009568854,-0.009103233,-0.008563939,-0.007962737,-0.007292639,-0.006563248,-0.005773117,-0.0049306,-0.004038591,-0.00310588,-0.002137178,-0.001143609,-0.0001303277,0.0008900863,0.001911591,0.002920928,0.003911932,0.004871549,0.005793803,0.006664962,0.007482547,0.008232629,0.008912242,0.009514675,0.01003071,0.01046551,0.01080098,0.01105726,0.01120383,0.01128035,0.01124012,0.01114491,0.01092816,0.01067928,0.01030535,0.009923647,0.009422826,0.008931502,0.008350406,0.007756731,0.007164734,0.006482736,0.00590643,0.005222638,0.004602375,0.00404991,0.003411511,0.002885141,0.002439801,0.001939871,0.001513253,0.001207103,0.0009355496,0.0006746149,0.0004780913,0.0003609963,0.0002988032,0.0002637347,0.0002495516,0.0002416432,0.0002342987,0.0002030915,0.0001396139,2.484355e-05,-0.0001428971,-0.0003746545,-0.0006657396,-0.001021823,-0.0014318,-0.001898941,-0.002415392,-0.002967689,-0.003526316,-0.00407415,-0.004617493,-0.005179632,-0.005741554,-0.006273563,-0.006773203,-0.007269243,-0.007743273,-0.008184732,-0.008598344,-0.008993833,-0.009354782,-0.009683676,-0.009989212,-0.0102539
-0.003437472,-0.003476604,-0.003499981,-0.003481019,-0.003447318,-0.003364182,-0.003261104,-0.003104174,-0.002920018,-0.002679449,-0.002404097,-0.002071464,-0.001698031,-0.001268176,-0.0007941586,-0.0002666237,0.0003050428,0.0009247704,0.001585067,0.002285218,0.003018511,0.003781462,0.004565971,0.005368151,0.006177889,0.006990715,0.007795861,0.008588427,0.009357262,0.01009728,0.01079779,0.01145548,0.01205794,0.01260407,0.01308492,0.01349513,0.01383557,0.01409287,0.01428082,0.01437547,0.01440727,0.01433744,0.01421664,0.01398876,0.01372787,0.01335474,0.01297252,0.01247844,0.01199565,0.01141382,0.01084468,0.01023186,0.009574618,0.008983992,0.008281677,0.00769497,0.007072494,0.006422812,0.005912373,0.005359172,0.004803019,0.004387248,0.00399329,0.003580095,0.003234313,0.002979939,0.0027609,0.002556604,0.002380317,0.002244675,0.002137066,0.002049926,0.001964842,0.001881665,0.00178624,0.001678495,0.001545679,0.001389525,0.00120159,0.0009893453,0.0007491852,0.0004958537,0.0002362473,-2.621652e-05,-0.0003050799,-0.000603485,-0.0009051696,-0.001177127,-0.001428416,-0.001681008,-0.001934714,-0.002157624,-0.002363526,-0.002560874,-0.002744317,-0.002901963,-0.003047789,-0.003178097,-0.00328173,-0.003372259
0.002622736,0.002702903,0.002808633,0.00291705,0.003060159,0.003208701,0.003396399,0.00359536,0.003835987,0.004094735,0.004396101,0.004721902,0.0050899,0.005486747,0.005923914,0.006391688,0.006896064,0.007429779,0.007994135,0.008583469,0.009195576,0.009824685,0.01046748,0.01111627,0.0117677,0.01241303,0.01304828,0.01366428,0.01425699,0.01481756,0.01534203,0.01582078,0.01625291,0.01662873,0.01694601,0.0172021,0.01738789,0.01751203,0.01755607,0.01754277,0.017441,0.01729187,0.01704817,0.01677161,0.01639564,0.01600775,0.01551634,0.01503404,0.01445306,0.01389429,0.01326445,0.01263093,0.01201345,0.01131449,0.01072703,0.01004161,0.009419467,0.008867733,0.008232641,0.007702921,0.00724981,0.00673769,0.006287355,0.005942172,0.005617795,0.005288302,0.005005149,0.004782477,0.004599717,0.004434677,0.004288449,0.004155979,0.00404233,0.003934864,0.003835733,0.00373488,0.003636949,0.003534896,0.003434564,0.003329016,0.003224819,0.003113238,0.002994498,0.002872163,0.002766585,0.002687443,0.002625656,0.002553063,0.00248055,0.002431278,0.002408183,0.002380946,0.002362192,0.002360517,0.002371691,0.00238375,0.002410554,0.002450096,0.00249272,0.002553045
0.007465258,0.007647075,0.007827141,0.008031836,0.008232994,0.00846323,0.008693662,0.008955391,0.009222952,0.009522595,0.009834019,0.01017705,0.01053671,0.0109265,0.01133568,0.01177219,0.01222837,0.01270743,0.01320385,0.01371694,0.0142422,0.01477684,0.01531529,0.0158548,0.01638821,0.01691244,0.01741995,0.01790744,0.01836718,0.01879565,0.0191856,0.01953515,0.01983543,0.02008615,0.02028196,0.02041776,0.02049771,0.02050831,0.02046601,0.02034648,0.02018194,0.0199333,0.01965169,0.01928107,0.01889442,0.01841354,0.0179382,0.01736858,0.01682156,0.01619215,0.01558291,0.0149443,0.01426704,0.01366427,0.01295754,0.01236624,0.01174605,0.01109863,0.01058717,0.01003586,0.009478017,0.009053897,0.008648867,0.008221175,0.007852993,0.007568599,0.007313358,0.007068017,0.006845766,0.006661087,0.006504771,0.006373636,0.006254551,0.006152641,0.00605933,0.005979558,0.005905025,0.005840625,0.005779825,0.005730215,0.005687176,0.005662007,0.005657637,0.005674501,0.005695684,0.005713934,0.005738453,0.005797827,0.005882381,0.005969355,0.006053253,0.006162311,0.006283667,0.006407353,0.006535359,0.006678885,0.00682404,0.00697228,0.007133454,0.007294895
0.01108376,0.01131875,0.01157068,0.01181531,0.01208311,0.01234498,0.01263208,0.01291733,0.01322825,0.01354234,0.0138813,0.01422814,0.01459822,0.01497941,0.01538134,0.01579559,0.01622695,0.01666962,0.01712434,0.01758708,0.01805571,0.01852629,0.0189961,0.01945959,0.0199143,0.02035393,0.0207756,0.02117282,0.02154271,0.02187923,0.02217952,0.02243683,0.02265103,0.02281547,0.02292814,0.02298936,0.02298993,0.02294102,0.02282389,0.02266314,0.02242735,0.02215842,0.02180925,0.02144098,0.02098785,0.020535,0.01999308,0.01946982,0.01886181,0.01828226,0.01764445,0.01700635,0.01639315,0.01570281,0.01512504,0.01445592,0.0138465,0.01330845,0.01268888,0.01216783,0.01172169,0.01121617,0.01076664,0.01041684,0.01008637,0.009748625,0.009454177,0.009217625,0.009020805,0.008843035,0.008686798,0.00854872,0.008435833,0.008337882,0.008259146,0.008191609,0.008141524,0.008103189,0.008083226,0.008075123,0.008084962,0.008103657,0.008130306,0.008165677,0.008227467,0.008323376,0.008445163,0.00856376,0.008686235,0.00883245,0.009006849,0.009179373,0.009359146,0.009553629,0.009759408,0.009963316,0.01017725,0.01039938,0.01061961,0.01084999
0.01361211,0.01388451,0.01415172,0.01443948,0.01471949,0.01502216,0.01531925,0.01563908,0.01595714,0.01629682,0.01663886,0.01700052,0.01736785,0.01775222,0.01814394,0.01854935,0.01896191,0.01938381,0.0198108,0.02024169,0.02067341,0.02110318,0.02152707,0.0219427,0.02234481,0.0227309,0.02309558,0.02343622,0.02374743,0.02402638,0.02426818,0.02447152,0.02463005,0.02474358,0.02480939,0.02482214,0.02478837,0.02469419,0.02455788,0.02435472,0.02411797,0.02380842,0.02347709,0.0230684,0.02265381,0.02215658,0.02167291,0.02110633,0.02056755,0.0199571,0.01936896,0.01876012,0.0181139,0.01754485,0.01687574,0.01631763,0.01573418,0.01512037,0.01463657,0.01411395,0.01357942,0.01317119,0.01277998,0.01236337,0.01200038,0.01171713,0.01146147,0.0112152,0.01099143,0.01080568,0.01065032,0.01052342,0.010413,0.0103248,0.01025101,0.01019693,0.01015474,0.01012933,0.01011417,0.01011636,0.01013109,0.01016845,0.01023057,0.01031809,0.01041429,0.0105115,0.01061642,0.01075655,0.01092411,0.01109796,0.01127028,0.01146777,0.01167967,0.01189608,0.0121174,0.01235477,0.01259509,0.01283845,0.01309391,0.01334979
0.01524461,0.0155135,0.01580022,0.01607989,0.01638152,0.0166765,0.01699368,0.01730682,0.01764088,0.01797427,0.01832625,0.01868072,0.01905093,0.01942556,0.01981257,0.02020436,0.02060454,0.02100819,0.02141536,0.02182299,0.02222871,0.02262972,0.0230234,0.02340556,0.02377403,0.02412415,0.02445347,0.02475724,0.02503308,0.02527677,0.02548597,0.02565578,0.02578629,0.02587289,0.0259134,0.02591014,0.02585354,0.02575637,0.02559954,0.02540863,0.025152,0.02487166,0.02452076,0.02415936,0.02372274,0.02329335,0.02278431,0.02229843,0.02173671,0.02120505,0.02062299,0.02004017,0.0194863,0.01885618,0.01833563,0.01772691,0.01717121,0.01668461,0.01611556,0.01563573,0.01522672,0.01475565,0.01433246,0.01400198,0.01368767,0.01336218,0.01307522,0.01284236,0.01264768,0.01247158,0.01231721,0.01218191,0.01207343,0.01198224,0.01191288,0.01185746,0.01182195,0.01180036,0.01179876,0.01181024,0.01184014,0.01187928,0.01192641,0.01198114,0.01206026,0.01217128,0.01230802,0.01244237,0.01257996,0.01273944,0.0129276,0.01311621,0.01331296,0.01352532,0.01375148,0.01397834,0.01421692,0.01446608,0.0147161,0.01497734
0.01616499,0.01643122,0.01669411,0.0169789,0.01725765,0.01755901,0.01785564,0.01817364,0.01848953,0.01882442,0.01916006,0.01951165,0.0198661,0.02023307,0.0206037,0.020983,0.02136523,0.0217517,0.02213896,0.02252538,0.02290875,0.02328622,0.02365485,0.02401239,0.0243548,0.02467982,0.02498346,0.02526338,0.02551566,0.02573777,0.02592636,0.0260803,0.02619486,0.02626969,0.02630378,0.02629139,0.02624049,0.02613677,0.02599948,0.02580359,0.02558262,0.02529735,0.02499813,0.02462998,0.02426242,0.02382033,0.02339618,0.02289679,0.02242699,0.02189242,0.02137934,0.02085049,0.02028302,0.01979201,0.01920229,0.01871667,0.01820645,0.01766075,0.01723696,0.01677312,0.01629012,0.0159241,0.01557089,0.01518715,0.01484876,0.01458355,0.0143416,0.01410529,0.01388737,0.01370425,0.01354949,0.01342214,0.01331095,0.01322195,0.01314769,0.01309351,0.01305161,0.01302654,0.01301146,0.01301281,0.01302537,0.01305832,0.0131132,0.01319097,0.01327537,0.01335883,0.01344648,0.01356539,0.01370982,0.01386066,0.01400902,0.01418089,0.01436782,0.01456082,0.01475966,0.01497593,0.01519785,0.0154251,0.01566648,0.0159117
0.01652988,0.01676846,0.01702683,0.01728014,0.01755622,0.01782737,0.01812064,0.01841092,0.01872118,0.01903098,0.01935769,0.0196862,0.02002812,0.02037303,0.02072758,0.02108501,0.02144796,0.02181233,0.02217755,0.02254137,0.02290119,0.02325508,0.02360039,0.02393395,0.02425369,0.02455612,0.02483892,0.02509864,0.02533304,0.02553923,0.02571498,0.02585673,0.02596443,0.02603497,0.02606574,0.02606043,0.02600895,0.02592506,0.02578921,0.02562744,0.0254079,0.02517223,0.02487385,0.02457146,0.0242013,0.02384314,0.02341236,0.02300715,0.02253243,0.02208759,0.02159748,0.02110478,0.0206426,0.0201037,0.01966965,0.01914886,0.01867348,0.01826339,0.01776855,0.01735301,0.01700293,0.01658691,0.01620957,0.01591672,0.01563512,0.01533656,0.01506952,0.01485037,0.01466495,0.01449443,0.01434228,0.0142064,0.01409505,0.01399948,0.01392447,0.01386248,0.01381936,0.01378914,0.01377755,0.01377757,0.01379396,0.0138176,0.01384698,0.01388091,0.01393539,0.01401787,0.01412364,0.0142256,0.01432821,0.01444913,0.01459691,0.01474521,0.01490071,0.01507107,0.01525591,0.01544265,0.01564178,0.01585313,0.01606756,0.01629441
0.01644927,0.01667546,0.0168993,0.01714563,0.01738716,0.01765125,0.01791159,0.0181927,0.01847219,0.01876961,0.01906773,0.01938032,0.01969518,0.02002083,0.02034921,0.02068451,0.02102171,0.02136159,0.02170141,0.02203932,0.02237383,0.02270209,0.02302199,0.02333139,0.02362721,0.02390736,0.02416886,0.02440961,0.02462674,0.02481792,0.02498085,0.02511447,0.02521518,0.02528242,0.02531633,0.02531076,0.02527459,0.02519312,0.02508606,0.02492812,0.02475269,0.02452066,0.02428133,0.0239804,0.02368531,0.02332253,0.02298091,0.02257028,0.02219013,0.02175055,0.02133111,0.02089918,0.0204271,0.02002978,0.01953439,0.01913619,0.01871319,0.01824965,0.01789995,0.01750833,0.01709054,0.01678058,0.01647884,0.01614107,0.01584013,0.01560521,0.01538829,0.01517194,0.01496837,0.01479454,0.01464491,0.01451933,0.01440711,0.01431455,0.01423465,0.01417295,0.01412193,0.01408614,0.01405878,0.014046,0.01404249,0.01405694,0.01409053,0.01414459,0.01420324,0.01425895,0.01431556,0.01439955,0.01450658,0.01461912,0.01472743,0.01485662,0.01499991,0.01514909,0.01530343,0.0154748,0.0156525,0.0158361,0.01603411,0.01623751
0.01601202,0.01620898,0.01642579,0.01663789,0.01687216,0.01710187,0.01735271,0.01760071,0.01786739,0.01813343,0.01841485,0.01869755,0.01899203,0.01928874,0.01959353,0.01990042,0.02021151,0.02052342,0.02083533,0.02114574,0.02145198,0.02175287,0.0220459,0.02232874,0.02259948,0.02285557,0.02309489,0.02331495,0.02351371,0.02368926,0.02383947,0.02396179,0.02405606,0.02412024,0.02415135,0.02415403,0.0241178,0.024057,0.02395178,0.02382827,0.02365451,0.02347157,0.0232332,0.02299662,0.02269909,0.02241772,0.02207,0.02174994,0.02136588,0.02101158,0.02061629,0.02021682,0.01984891,0.01940402,0.01905962,0.01862967,0.01823856,0.01790916,0.01749311,0.01714757,0.01686262,0.01650833,0.01618456,0.01593782,0.01569772,0.01543521,0.01519745,0.01500143,0.01483433,0.01467783,0.01453557,0.0144058,0.01429716,0.01420154,0.01412401,0.01405742,0.01400767,0.013969,0.01394709,0.01393508,0.01393748,0.01394539,0.01395726,0.01397137,0.01400316,0.01405995,0.01413816,0.01421146,0.0142833,0.0143703,0.01448217,0.01459396,0.01471139,0.01484206,0.01498656,0.01513267,0.01529036,0.01546005,0.0156331,0.01581797
0.01527761,0.01546495,0.01564929,0.01585504,0.01605569,0.01627747,0.01649513,0.01673188,0.01696644,0.0172171,0.01746764,0.01773078,0.01799524,0.01826873,0.018544,0.01882468,0.01910652,0.01938999,0.01967308,0.01995387,0.02023159,0.0205035,0.02076824,0.02102385,0.02126812,0.02149915,0.02171487,0.02191337,0.02209273,0.02225075,0.02238601,0.02249753,0.02258264,0.02264054,0.0226723,0.02267144,0.02264752,0.02258553,0.02250547,0.02238186,0.02224783,0.0220644,0.02187989,0.02164059,0.02141207,0.02112216,0.02085657,0.02052767,0.02023041,0.01987857,0.01954618,0.01920418,0.01882126,0.01851168,0.01810509,0.01779002,0.01745021,0.01706604,0.01678907,0.0164688,0.01611678,0.01586492,0.01561761,0.01532978,0.01507168,0.01487344,0.01468868,0.0145,0.01431905,0.01416304,0.01402722,0.01391193,0.01380698,0.01371882,0.01364085,0.01357877,0.01352541,0.01348536,0.01345201,0.01343139,0.01341838,0.01342128,0.01344122,0.0134798,0.01352157,0.01355901,0.013595,0.01365536,0.01373682,0.01382298,0.01390346,0.01400239,0.01411411,0.01423093,0.01435162,0.01448805,0.01463031,0.01477766,0.01493838,0.01510431
0.0143048,0.01446611,0.01464604,0.01482034,0.01501514,0.01520454,0.01541316,0.01561799,0.01583946,0.01605917,0.01629218,0.01652523,0.0167681,0.01701201,0.01726226,0.01751356,0.01776775,0.01802209,0.01827573,0.01852777,0.01877569,0.01901894,0.01925525,0.019483,0.01970055,0.01990611,0.02009785,0.02027408,0.020433,0.02057349,0.0206936,0.02079156,0.02086719,0.02091928,0.02094465,0.02094861,0.02092047,0.02087494,0.02079203,0.02069779,0.02056033,0.02042005,0.02023111,0.02004937,0.01981299,0.01959679,0.01932006,0.01907325,0.01876756,0.01849204,0.01817955,0.0178622,0.01757754,0.0172163,0.01695222,0.01660408,0.01628982,0.01603457,0.01569164,0.01541236,0.01518987,0.01489564,0.01462551,0.01442642,0.01423041,0.01400767,0.01380417,0.01363728,0.01349525,0.01336015,0.01323564,0.01312016,0.01302265,0.01293548,0.01286393,0.01280116,0.01275318,0.01271441,0.01269057,0.01267495,0.01267204,0.01267313,0.01267674,0.0126808,0.01270029,0.01274247,0.01280463,0.01286105,0.01291438,0.01298034,0.01306938,0.01315759,0.01324994,0.01335374,0.01347025,0.01358746,0.01371482,0.01385304,0.01399389,0.01414506
0.01313525,0.01328944,0.01343927,0.01360875,0.01377202,0.01395441,0.01413154,0.01432561,0.01451625,0.01472077,0.01492383,0.01513738,0.01535092,0.01557161,0.01579287,0.01601799,0.01624339,0.01646939,0.01669463,0.01691721,0.01713699,0.01735142,0.01755979,0.01776037,0.01795169,0.01813207,0.01830023,0.01845446,0.01859364,0.01871574,0.0188201,0.01890578,0.01897092,0.01901456,0.01903854,0.01903613,0.01901741,0.0189672,0.01890566,0.01880726,0.01870481,0.01855952,0.01841881,0.01822954,0.01805565,0.01782614,0.0176241,0.01736396,0.01713696,0.01685981,0.01660213,0.01633764,0.01603222,0.01579927,0.01547072,0.01522944,0.01496384,0.01465126,0.01444076,0.01418626,0.01389588,0.01369962,0.0135052,0.0132669,0.01305275,0.01289351,0.0127442,0.01258733,0.01243406,0.01230171,0.01218607,0.01208785,0.01199721,0.01192069,0.01185203,0.01179699,0.01174874,0.01171188,0.01168003,0.01165913,0.01164425,0.01164348,0.01165793,0.01168943,0.01172289,0.01175085,0.01177548,0.01182197,0.01188785,0.01195758,0.01202031,0.01209928,0.01218966,0.01228406,0.01238085,0.01249177,0.01260748,0.01272697,0.01285825,0.01299386
0.01181719,0.01194635,0.01209253,0.0122318,0.01238959,0.01254073,0.01270896,0.01287209,0.01304967,0.01322413,0.0134098,0.01359414,0.01378639,0.0139784,0.01417516,0.01437195,0.01457046,0.01476855,0.01496533,0.01516049,0.01535166,0.01553886,0.01572005,0.01589425,0.01606005,0.01621635,0.01636157,0.01649471,0.01661417,0.01671952,0.01680899,0.01688145,0.01693674,0.01697432,0.01699089,0.01699229,0.0169677,0.01693209,0.0168654,0.0167936,0.01668486,0.01657901,0.01643057,0.01629425,0.01610899,0.01594767,0.01573106,0.01554671,0.01530809,0.01510049,0.01485951,0.01461372,0.01440181,0.01411417,0.01392128,0.01364588,0.01340076,0.01321266,0.01293638,0.01271856,0.01255461,0.01231725,0.01209899,0.01194706,0.01179539,0.0116136,0.01144658,0.01131193,0.01119874,0.01108934,0.01098733,0.01089127,0.01081026,0.01073703,0.01067701,0.01062364,0.01058295,0.01054961,0.01052932,0.01051559,0.01051284,0.01051261,0.01051343,0.01051304,0.01052609,0.01055976,0.01061201,0.01065763,0.01069865,0.01075006,0.01082274,0.01089363,0.01096711,0.01105024,0.01114467,0.01123859,0.011341,0.01145281,0.01156611,0.01168797
0.01038301,0.010505,0.01062118,0.01075519,0.01088166,0.01102524,0.01116221,0.01131406,0.01146111,0.01162006,0.01177622,0.01194102,0.01210456,0.01227366,0.0124423,0.01261361,0.01278452,0.01295533,0.01312519,0.01329232,0.01345708,0.01361714,0.01377233,0.01392118,0.01406279,0.01419577,0.0143194,0.01443227,0.01453381,0.01462224,0.01469745,0.01475865,0.01480453,0.01483415,0.01484983,0.01484478,0.01482941,0.01478848,0.01474216,0.01466497,0.0145894,0.01447686,0.01437397,0.0142281,0.01410178,0.01392502,0.01377871,0.01357896,0.01341401,0.01320283,0.01301157,0.01281605,0.01257999,0.01241599,0.0121578,0.01198379,0.01178591,0.01153925,0.01139069,0.01119764,0.0109656,0.01082295,0.01067994,0.01049037,0.01032044,0.01020138,0.0100892,0.009966384,0.009843568,0.009738158,0.009646286,0.009568959,0.009496543,0.009435625,0.009380152,0.009336006,0.009296551,0.009266506,0.009239621,0.00922185,0.009208359,0.009207138,0.009219279,0.009246829,0.009275023,0.00929644,0.009312689,0.009348535,0.009402026,0.009458298,0.009506127,0.009568082,0.009639893,0.00971445,0.00978979,0.009877511,0.009968683,0.01006219,0.01016575,0.01027241
0.008871342,0.008967491,0.009079028,0.009182292,0.009302169,0.009414068,0.009541084,0.009661698,0.009794844,0.009923617,0.01006183,0.01019755,0.01033963,0.01048049,0.01062489,0.01076866,0.0109134,0.01105745,0.01119999,0.0113412,0.01147887,0.01161352,0.01174332,0.01186784,0.01198591,0.01209697,0.01219969,0.01229363,0.01237739,0.01245109,0.01251312,0.01256287,0.01260023,0.01262518,0.01263434,0.01263397,0.01261315,0.01258704,0.01253552,0.01248446,0.01240209,0.01232777,0.01221629,0.0121214,0.01198262,0.01187133,0.01170935,0.01158202,0.01140441,0.01125898,0.01108329,0.0109032,0.01075813,0.01053832,0.01041157,0.01020365,0.01002336,0.009898591,0.009685233,0.009526313,0.009418877,0.00923663,0.009069469,0.008964768,0.008857829,0.008717868,0.008588833,0.008488513,0.008406512,0.008325378,0.008248617,0.008174872,0.008113299,0.008056908,0.008011199,0.00796984,0.007938897,0.007913224,0.007898559,0.007888587,0.007887664,0.007887555,0.007886833,0.007883131,0.007890835,0.007917143,0.007960421,0.007995935,0.008025239,0.008062787,0.008119733,0.008173678,0.008228539,0.008291206,0.008363616,0.00843412,0.008511347,0.008596425,0.008681593,0.008773516
0.007302902,0.007390793,0.007471363,0.007567962,0.007655669,0.007758634,0.007853698,0.007961846,0.008063949,0.008176289,0.008284694,0.008400297,0.00851366,0.008631434,0.00874805,0.008866593,0.008984405,0.009101868,0.00921853,0.009332803,0.009445447,0.009554385,0.009659879,0.009760728,0.009856504,0.009946079,0.01002922,0.01010476,0.01017261,0.01023119,0.01028084,0.01032092,0.01035056,0.01036882,0.01037842,0.01037253,0.01036178,0.01033089,0.01030006,0.01024379,0.0101943,0.01011316,0.01004632,0.009941497,0.009860148,0.009732936,0.009639093,0.00949588,0.009389299,0.009239881,0.009111207,0.008980392,0.008809707,0.008710945,0.008519208,0.008409462,0.008276143,0.008092697,0.008004284,0.007870756,0.007695737,0.007606291,0.007514462,0.007373692,0.007248768,0.007171177,0.007097649,0.007010598,0.006920262,0.006844039,0.006778308,0.006724251,0.006672388,0.006629325,0.006589168,0.006557859,0.00652894,0.006507183,0.006486484,0.006472799,0.006461416,0.006460268,0.006470461,0.006494218,0.006517016,0.006531492,0.006538898,0.006563669,0.006604244,0.006646248,0.006678247,0.006722306,0.006774533,0.006828033,0.006880634,0.006943823,0.007008968,0.007074871,0.00714904,0.007224883
0.005703896,0.005764815,0.005839413,0.005904293,0.005984031,0.006054462,0.006138306,0.006214504,0.006301653,0.006383288,0.006472955,0.006559162,0.006650612,0.006740119,0.006832406,0.006923672,0.007015586,0.007106875,0.007196872,0.00728613,0.007372663,0.007457387,0.007538743,0.007616708,0.007690373,0.007759637,0.00782341,0.00788169,0.00793332,0.007978826,0.008016785,0.008046976,0.008069368,0.008084308,0.008088424,0.008088227,0.008072792,0.008057349,0.008021783,0.007991821,0.007935751,0.007892512,0.007817061,0.007762412,0.007668447,0.007605369,0.007495724,0.007423154,0.007303817,0.007218088,0.007104757,0.006987751,0.00690686,0.006752125,0.006689411,0.006546449,0.006429271,0.006366347,0.006214345,0.006113649,0.006062346,0.005934763,0.005818962,0.005762292,0.005700993,0.005603927,0.005514382,0.005450184,0.005401315,0.005350409,0.00530092,0.005251497,0.005211363,0.005173701,0.005144091,0.005116326,0.005096524,0.005079645,0.005071474,0.00506582,0.005067086,0.005067162,0.005064711,0.005057286,0.005059137,0.00507746,0.005110967,0.005135225,0.005151521,0.005173951,0.005213891,0.005249365,0.005284015,0.005324594,0.005373244,0.005418435,0.005468595,0.005524897,0.005579779,0.005639612
0.004082412,0.004134063,0.004176801,0.004233839,0.004280598,0.004340949,0.004392139,0.004454853,0.004510389,0.004574764,0.004634213,0.004699718,0.004762239,0.004828362,0.004892888,0.004958922,0.005024186,0.005089172,0.005153819,0.005216711,0.005278997,0.005338827,0.005396869,0.00545216,0.005504702,0.005553604,0.005599063,0.005640128,0.005677138,0.005708703,0.005735533,0.005757113,0.00577294,0.00578209,0.005787597,0.0057826,0.005777902,0.005758185,0.005743654,0.005708789,0.005685591,0.00563565,0.005604469,0.005539872,0.005502574,0.005423537,0.005380866,0.005292395,0.005242628,0.005152907,0.00508512,0.005017036,0.0049099,0.0048748,0.004747627,0.004701024,0.0046309,0.004509534,0.004480904,0.00440628,0.004288018,0.004252214,0.004212011,0.004120532,0.004041643,0.004006889,0.003973452,0.003923633,0.003867427,0.00382217,0.003784412,0.003755405,0.003725806,0.003702216,0.003678882,0.003661761,0.003644545,0.00363202,0.003618211,0.003609072,0.003600046,0.003599015,0.003607162,0.003626798,0.003643604,0.003650254,0.00364784,0.003660574,0.003687176,0.003713576,0.003728274,0.003753003,0.003784136,0.003814884,0.003842983,0.003879846,0.003917063,0.00395333,0.0039961,0.004039006
0.002453797,0.002477671,0.002513552,0.002538228,0.002576141,0.002603394,0.002642544,0.002672819,0.00271269,0.00274597,0.002786132,0.002821984,0.002862235,0.002899993,0.002940043,0.002978878,0.00301832,0.003057401,0.003095675,0.003134,0.003170655,0.003206891,0.003241431,0.0032746,0.003305781,0.003335231,0.003362142,0.003386859,0.003408485,0.003427866,0.003443798,0.003456341,0.003465604,0.003472181,0.003472769,0.003474037,0.003465086,0.003461177,0.003442195,0.003433748,0.003404119,0.003391928,0.003352163,0.003337316,0.003287375,0.003271757,0.003213275,0.003194488,0.003131995,0.003104848,0.003052367,0.002997256,0.002979301,0.002888282,0.002888811,0.002809539,0.002754825,0.002753288,0.002661904,0.002619472,0.002624502,0.002551565,0.002487621,0.002479907,0.002465119,0.00241186,0.002363011,0.002336368,0.002322105,0.002302883,0.002282127,0.002258477,0.002241213,0.002223622,0.002211353,0.002198281,0.002190581,0.002183294,0.002182257,0.002181366,0.002185102,0.002185436,0.002181118,0.002169677,0.002165315,0.002175249,0.002198407,0.002210539,0.002212812,0.002219139,0.002241036,0.002256772,0.002269868,0.002286996,0.002310425,0.002328707,0.002350179,0.002376031,0.00239885,0.002424867
0.0008173351,0.0008313694,0.0008349394,0.0008512127,0.0008557688,0.0008723976,0.0008785476,0.0008948409,0.0009027916,0.000918399,0.0009281305,0.0009429923,0.0009541876,0.0009683879,0.000980654,0.0009942377,0.001007138,0.001020044,0.001033188,0.001045399,0.001058142,0.001069843,0.0010815,0.001092442,0.00110301,0.001112603,0.001121755,0.001129789,0.001137358,0.001143316,0.001148653,0.001153045,0.001156233,0.001157409,0.001159791,0.001156573,0.001158641,0.001150683,0.001152871,0.00113965,0.001142852,0.00112401,0.001128304,0.001103504,0.001109838,0.001078249,0.001086161,0.001051479,0.001057841,0.001026734,0.001019087,0.001012741,0.0009682556,0.0009962023,0.0009325702,0.0009488074,0.0009412199,0.0008814147,0.0009126508,0.00089666,0.0008350827,0.0008534738,0.0008652995,0.0008234634,0.0007913291,0.00080041,0.0008080096,0.000796356,0.0007753004,0.000762154,0.0007535201,0.0007507086,0.0007444329,0.0007413275,0.0007357104,0.0007336007,0.0007287785,0.0007260954,0.0007196611,0.0007154805,0.0007090667,0.0007083406,0.0007145277,0.0007300288,0.0007406274,0.0007390542,0.0007263372,0.0007266336,0.0007387898,0.0007488924,0.0007454108,0.0007499743,0.0007590781,0.0007660104,0.0007684744,0.0007778723,0.0007858904,0.0007912393,0.0008013356,0.0008099395
-0.0008173345,-0.0008313688,-0.0008349388,-0.0008512121,-0.0008557682,-0.0008723971,-0.000878547,-0.0008948403,-0.0009027911,-0.0009183986,-0.00092813,-0.0009429918,-0.0009541871,-0.0009683874,-0.0009806536,-0.0009942374,-0.001007137,-0.001020043,-0.001033188,-0.001045399,-0.001058141,-0.001069842,-0.001081499,-0.001092442,-0.001103009,-0.001112602,-0.001121755,-0.001129789,-0.001137358,-0.001143315,-0.001148652,-0.001153045,-0.001156232,-0.001157408,-0.00115979,-0.001156573,-0.00115864,-0.001150683,-0.001152871,-0.00113965,-0.001142852,-0.001124009,-0.001128303,-0.001103503,-0.001109837,-0.001078249,-0.001086161,-0.001051479,-0.001057841,-0.001026733,-0.001019087,-0.00101274,-0.0009682551,-0.0009962018,-0.0009325697,-0.0009488069,-0.0009412194,-0.0008814142,-0.0009126502,-0.0008966594,-0.0008350821,-0.0008534732,-0.0008652989,-0.0008234628,-0.0007913284,-0.0008004094,-0.0008080089,-0.0007963554,-0.0007752997,-0.0007621533,-0.0007535194,-0.0007507079,-0.0007444322,-0.0007413268,-0.0007357097,-0.0007335999,-0.0007287778,-0.0007260947,-0.0007196604,-0.0007154798,-0.0007090659,-0.0007083398,-0.000714527,-0.0007300281,-0.0007406267,-0.0007390534,-0.0007263364,-0.0007266329,-0.0007387891,-0.0007488917,-0.0007454101,-0.0007499735,-0.0007590773,-0.0007660097,-0.0007684737,-0.0007778716,-0.0007858897,-0.0007912386,-0.0008013349,-0.0008099388
-0.002453797,-0.00247767,-0.002513552,-0.002538228,-0.00257614,-0.002603394,-0.002642543,-0.002672818,-0.00271269,-0.00274597,-0.002786131,-0.002821984,-0.002862234,-0.002899992,-0.002940042,-0.002978877,-0.00301832,-0.003057401,-0.003095675,-0.003133999,-0.003170655,-0.00320689,-0.00324143,-0.0032746,-0.003305781,-0.003335231,-0.003362142,-0.003386858,-0.003408485,-0.003427865,-0.003443797,-0.003456341,-0.003465603,-0.003472181,-0.003472768,-0.003474037,-0.003465085,-0.003461177,-0.003442194,-0.003433747,-0.003404119,-0.003391927,-0.003352163,-0.003337316,-0.003287375,-0.003271756,-0.003213275,-0.003194487,-0.003131994,-0.003104848,-0.003052367,-0.002997256,-0.002979301,-0.002888281,-0.00288881,-0.002809538,-0.002754825,-0.002753287,-0.002661903,-0.002619471,-0.002624501,-0.002551565,-0.002487621,-0.002479907,-0.002465118,-0.00241186,-0.00236301,-0.002336368,-0.002322105,-0.002302882,-0.002282126,-0.002258477,-0.002241212,-0.002223621,-0.002211352,-0.00219828,-0.002190581,-0.002183293,-0.002182256,-0.002181365,-0.002185101,-0.002185436,-0.002181118,-0.002169676,-0.002165314,-0.002175248,-0.002198407,-0.002210538,-0.002212811,-0.002219138,-0.002241035,-0.002256772,-0.002269867,-0.002286995,-0.002310424,-0.002328707,-0.002350179,-0.002376031,-0.002398849,-0.002424866
-0.004082412,-0.004134062,-0.0041768,-0.004233838,-0.004280598,-0.004340949,-0.004392139,-0.004454853,-0.004510388,-0.004574764,-0.004634213,-0.004699717,-0.004762239,-0.004828362,-0.004892888,-0.004958921,-0.005024185,-0.005089171,-0.005153819,-0.00521671,-0.005278996,-0.005338826,-0.005396869,-0.00545216,-0.005504701,-0.005553603,-0.005599062,-0.005640127,-0.005677137,-0.005708702,-0.005735532,-0.005757112,-0.005772939,-0.005782089,-0.005787596,-0.0057826,-0.005777902,-0.005758184,-0.005743653,-0.005708788,-0.00568559,-0.005635649,-0.005604468,-0.005539871,-0.005502574,-0.005423537,-0.005380865,-0.005292395,-0.005242628,-0.005152906,-0.005085119,-0.005017036,-0.004909899,-0.004874799,-0.004747626,-0.004701023,-0.004630899,-0.004509533,-0.004480903,-0.00440628,-0.004288017,-0.004252214,-0.004212011,-0.004120531,-0.004041642,-0.004006888,-0.003973451,-0.003923632,-0.003867426,-0.00382217,-0.003784412,-0.003755404,-0.003725805,-0.003702216,-0.003678882,-0.00366176,-0.003644544,-0.003632019,-0.00361821,-0.003609071,-0.003600045,-0.003599014,-0.003607161,-0.003626798,-0.003643603,-0.003650253,-0.003647839,-0.003660573,-0.003687175,-0.003713576,-0.003728273,-0.003753002,-0.003784135,-0.003814883,-0.003842982,-0.003879845,-0.003917063,-0.00395333,-0.003996099,-0.004039006
-0.005703895,-0.005764814,-0.005839413,-0.005904292,-0.00598403,-0.006054461,-0.006138305,-0.006214503,-0.006301653,-0.006383288,-0.006472954,-0.006559162,-0.006650611,-0.006740118,-0.006832405,-0.006923671,-0.007015586,-0.007106874,-0.007196872,-0.007286129,-0.007372662,-0.007457386,-0.007538742,-0.007616707,-0.007690373,-0.007759637,-0.007823409,-0.007881689,-0.00793332,-0.007978825,-0.008016784,-0.008046975,-0.008069367,-0.008084307,-0.008088423,-0.008088227,-0.008072791,-0.008057348,-0.008021782,-0.00799182,-0.00793575,-0.007892511,-0.00781706,-0.007762411,-0.007668447,-0.007605368,-0.007495723,-0.007423153,-0.007303816,-0.007218087,-0.007104756,-0.00698775,-0.00690686,-0.006752125,-0.00668941,-0.006546448,-0.00642927,-0.006366346,-0.006214344,-0.006113648,-0.006062345,-0.005934763,-0.005818961,-0.005762291,-0.005700992,-0.005603926,-0.005514381,-0.005450184,-0.005401314,-0.005350408,-0.005300919,-0.005251496,-0.005211362,-0.0051737,-0.00514409,-0.005116326,-0.005096523,-0.005079644,-0.005071474,-0.005065819,-0.005067085,-0.005067162,-0.00506471,-0.005057285,-0.005059137,-0.00507746,-0.005110966,-0.005135224,-0.00515152,-0.00517395,-0.00521389,-0.005249364,-0.005284015,-0.005324593,-0.005373243,-0.005418435,-0.005468594,-0.005524897,-0.005579778,-0.005639612
-0.007302901,-0.007390792,-0.007471362,-0.007567961,-0.007655668,-0.007758633,-0.007853697,-0.007961845,-0.008063948,-0.008176288,-0.008284693,-0.008400296,-0.008513659,-0.008631433,-0.008748049,-0.008866592,-0.008984404,-0.009101867,-0.009218529,-0.009332802,-0.009445447,-0.009554384,-0.009659878,-0.009760727,-0.009856503,-0.009946078,-0.01002922,-0.01010475,-0.0101726,-0.01023119,-0.01028084,-0.01032092,-0.01035056,-0.01036882,-0.01037842,-0.01037253,-0.01036178,-0.01033089,-0.01030006,-0.01024379,-0.0101943,-0.01011316,-0.01004632,-0.009941496,-0.009860147,-0.009732935,-0.009639092,-0.009495879,-0.009389298,-0.00923988,-0.009111206,-0.008980392,-0.008809706,-0.008710944,-0.008519207,-0.008409461,-0.008276142,-0.008092696,-0.008004284,-0.007870755,-0.007695736,-0.007606291,-0.007514461,-0.007373691,-0.007248767,-0.007171176,-0.007097649,-0.007010597,-0.006920261,-0.006844038,-0.006778307,-0.00672425,-0.006672387,-0.006629325,-0.006589167,-0.006557858,-0.006528939,-0.006507182,-0.006486483,-0.006472799,-0.006461415,-0.006460267,-0.00647046,-0.006494217,-0.006517015,-0.006531491,-0.006538897,-0.006563668,-0.006604244,-0.006646247,-0.006678246,-0.006722305,-0.006774532,-0.006828032,-0.006880633,-0.006943822,-0.007008967,-0.00707487,-0.00714904,-0.007224882
-0.008871341,-0.00896749,-0.009079027,-0.009182291,-0.009302168,-0.009414067,-0.009541083,-0.009661697,-0.009794843,-0.009923616,-0.01006183,-0.01019755,-0.01033963,-0.01048049,-0.01062489,-0.01076866,-0.01091339,-0.01105745,-0.01119999,-0.0113412,-0.01147887,-0.01161352,-0.01174332,-0.01186784,-0.0119859,-0.01209697,-0.01219969,-0.01229363,-0.01237739,-0.01245109,-0.01251311,-0.01256287,-0.01260023,-0.01262517,-0.01263433,-0.01263396,-0.01261315,-0.01258704,-0.01253552,-0.01248446,-0.01240209,-0.01232777,-0.01221629,-0.0121214,-0.01198262,-0.01187132,-0.01170935,-0.01158201,-0.01140441,-0.01125898,-0.01108328,-0.0109032,-0.01075813,-0.01053832,-0.01041157,-0.01020365,-0.01002336,-0.00989859,-0.009685232,-0.009526312,-0.009418876,-0.009236629,-0.009069468,-0.008964767,-0.008857828,-0.008717868,-0.008588832,-0.008488512,-0.008406511,-0.008325377,-0.008248616,-0.008174871,-0.008113299,-0.008056907,-0.008011198,-0.00796984,-0.007938896,-0.007913223,-0.007898558,-0.007888586,-0.007887663,-0.007887554,-0.007886832,-0.00788313,-0.007890834,-0.007917142,-0.00796042,-0.007995934,-0.008025239,-0.008062786,-0.008119733,-0.008173677,-0.008228539,-0.008291205,-0.008363615,-0.008434119,-0.008511346,-0.008596424,-0.008681593,-0.008773514
-0.01038301,-0.010505,-0.01062118,-0.01075519,-0.01088166,-0.01102524,-0.01116221,-0.01131406,-0.01146111,-0.01162006,-0.01177621,-0.01194102,-0.01210456,-0.01227366,-0.0124423,-0.01261361,-0.01278452,-0.01295533,-0.01312519,-0.01329232,-0.01345708,-0.01361714,-0.01377233,-0.01392118,-0.01406279,-0.01419577,-0.0143194,-0.01443227,-0.01453381,-0.01462224,-0.01469745,-0.01475865,-0.01480453,-0.01483414,-0.01484983,-0.01484478,-0.01482941,-0.01478847,-0.01474216,-0.01466497,-0.0145894,-0.01447686,-0.01437397,-0.01422809,-0.01410178,-0.01392502,-0.01377871,-0.01357896,-0.01341401,-0.01320283,-0.01301157,-0.01281605,-0.01257999,-0.01241599,-0.0121578,-0.01198379,-0.01178591,-0.01153925,-0.01139068,-0.01119764,-0.0109656,-0.01082295,-0.01067994,-0.01049037,-0.01032044,-0.01020138,-0.0100892,-0.009966383,-0.009843567,-0.009738157,-0.009646286,-0.009568959,-0.009496542,-0.009435624,-0.009380152,-0.009336005,-0.00929655,-0.009266505,-0.009239621,-0.009221849,-0.009208358,-0.009207137,-0.009219278,-0.009246828,-0.009275022,-0.009296439,-0.009312688,-0.009348534,-0.009402025,-0.009458297,-0.009506126,-0.009568081,-0.009639892,-0.009714449,-0.009789789,-0.00987751,-0.009968682,-0.01006219,-0.01016575,-0.0102724
-0.01181719,-0.01194635,-0.01209253,-0.0122318,-0.01238959,-0.01254073,-0.01270896,-0.01287208,-0.01304967,-0.01322413,-0.0134098,-0.01359414,-0.01378639,-0.0139784,-0.01417516,-0.01437195,-0.01457046,-0.01476855,-0.01496533,-0.01516049,-0.01535166,-0.01553886,-0.01572005,-0.01589425,-0.01606004,-0.01621635,-0.01636157,-0.01649471,-0.01661417,-0.01671952,-0.01680899,-0.01688145,-0.01693674,-0.01697432,-0.01699089,-0.01699228,-0.0169677,-0.01693209,-0.0168654,-0.0167936,-0.01668486,-0.01657901,-0.01643057,-0.01629425,-0.01610899,-0.01594767,-0.01573106,-0.01554671,-0.01530809,-0.01510048,-0.0148595,-0.01461372,-0.01440181,-0.01411417,-0.01392128,-0.01364588,-0.01340076,-0.01321266,-0.01293638,-0.01271856,-0.01255461,-0.01231725,-0.01209899,-0.01194706,-0.01179539,-0.0116136,-0.01144658,-0.01131193,-0.01119874,-0.01108934,-0.01098733,-0.01089127,-0.01081026,-0.01073703,-0.01067701,-0.01062364,-0.01058295,-0.0105496,-0.01052932,-0.01051559,-0.01051284,-0.0105126,-0.01051343,-0.01051304,-0.01052608,-0.01055976,-0.01061201,-0.01065763,-0.01069865,-0.01075006,-0.01082274,-0.01089363,-0.01096711,-0.01105023,-0.01114466,-0.01123859,-0.011341,-0.01145281,-0.01156611,-0.01168797
-0.01313525,-0.01328944,-0.01343927,-0.01360874,-0.01377202,-0.01395441,-0.01413154,-0.01432561,-0.01451625,-0.01472077,-0.01492383,-0.01513738,-0.01535092,-0.01557161,-0.01579287,-0.01601799,-0.01624339,-0.01646938,-0.01669463,-0.01691721,-0.01713699,-0.01735142,-0.01755979,-0.01776037,-0.01795168,-0.01813207,-0.01830023,-0.01845446,-0.01859364,-0.01871574,-0.0188201,-0.01890578,-0.01897092,-0.01901456,-0.01903854,-0.01903612,-0.01901741,-0.0189672,-0.01890566,-0.01880726,-0.01870481,-0.01855952,-0.01841881,-0.01822954,-0.01805565,-0.01782614,-0.0176241,-0.01736395,-0.01713696,-0.01685981,-0.01660212,-0.01633764,-0.01603222,-0.01579927,-0.01547072,-0.01522944,-0.01496384,-0.01465126,-0.01444076,-0.01418626,-0.01389588,-0.01369962,-0.0135052,-0.0132669,-0.01305274,-0.01289351,-0.0127442,-0.01258733,-0.01243406,-0.01230171,-0.01218606,-0.01208784,-0.01199721,-0.01192069,-0.01185203,-0.01179699,-0.01174873,-0.01171188,-0.01168003,-0.01165913,-0.01164425,-0.01164348,-0.01165793,-0.01168942,-0.01172289,-0.01175085,-0.01177548,-0.01182197,-0.01188785,-0.01195758,-0.01202031,-0.01209928,-0.01218966,-0.01228406,-0.01238085,-0.01249176,-0.01260748,-0.01272697,-0.01285825,-0.01299386
-0.0143048,-0.01446611,-0.01464604,-0.01482034,-0.01501514,-0.01520454,-0.01541316,-0.01561799,-0.01583946,-0.01605917,-0.01629218,-0.01652523,-0.0167681,-0.01701201,-0.01726226,-0.01751356,-0.01776774,-0.01802209,-0.01827573,-0.01852777,-0.01877569,-0.01901894,-0.01925525,-0.019483,-0.01970055,-0.01990611,-0.02009785,-0.02027408,-0.020433,-0.02057348,-0.0206936,-0.02079156,-0.02086719,-0.02091928,-0.02094465,-0.02094861,-0.02092047,-0.02087494,-0.02079203,-0.02069779,-0.02056033,-0.02042005,-0.02023111,-0.02004937,-0.01981299,-0.01959679,-0.01932006,-0.01907325,-0.01876756,-0.01849204,-0.01817955,-0.0178622,-0.01757754,-0.0172163,-0.01695222,-0.01660408,-0.01628982,-0.01603457,-0.01569164,-0.01541236,-0.01518987,-0.01489564,-0.01462551,-0.01442642,-0.01423041,-0.01400767,-0.01380417,-0.01363727,-0.01349525,-0.01336015,-0.01323564,-0.01312016,-0.01302265,-0.01293547,-0.01286393,-0.01280116,-0.01275318,-0.01271441,-0.01269057,-0.01267495,-0.01267204,-0.01267313,-0.01267674,-0.0126808,-0.01270029,-0.01274247,-0.01280463,-0.01286105,-0.01291438,-0.01298034,-0.01306938,-0.01315759,-0.01324994,-0.01335374,-0.01347025,-0.01358746,-0.01371482,-0.01385304,-0.01399389,-0.01414506
-0.01527761,-0.01546495,-0.01564929,-0.01585504,-0.01605569,-0.01627747,-0.01649513,-0.01673188,-0.01696644,-0.0172171,-0.01746764,-0.01773078,-0.01799524,-0.01826873,-0.018544,-0.01882468,-0.01910652,-0.01938998,-0.01967308,-0.01995387,-0.02023159,-0.0205035,-0.02076823,-0.02102385,-0.02126812,-0.02149915,-0.02171487,-0.02191336,-0.02209272,-0.02225074,-0.02238601,-0.02249752,-0.02258264,-0.02264054,-0.0226723,-0.02267144,-0.02264752,-0.02258553,-0.02250546,-0.02238186,-0.02224783,-0.0220644,-0.02187989,-0.02164059,-0.02141207,-0.02112216,-0.02085657,-0.02052766,-0.02023041,-0.01987857,-0.01954618,-0.01920418,-0.01882126,-0.01851168,-0.01810509,-0.01779002,-0.01745021,-0.01706604,-0.01678907,-0.0164688,-0.01611678,-0.01586491,-0.01561761,-0.01532978,-0.01507168,-0.01487344,-0.01468868,-0.0145,-0.01431905,-0.01416304,-0.01402722,-0.01391193,-0.01380698,-0.01371881,-0.01364085,-0.01357877,-0.01352541,-0.01348536,-0.01345201,-0.01343139,-0.01341838,-0.01342128,-0.01344122,-0.0134798,-0.01352157,-0.01355901,-0.013595,-0.01365536,-0.01373682,-0.01382298,-0.01390346,-0.01400239,-0.01411411,-0.01423093,-0.01435162,-0.01448804,-0.01463031,-0.01477766,-0.01493838,-0.01510431
-0.01601202,-0.01620898,-0.01642579,-0.01663789,-0.01687216,-0.01710187,-0.01735271,-0.01760071,-0.01786738,-0.01813343,-0.01841485,-0.01869755,-0.01899203,-0.01928874,-0.01959353,-0.01990042,-0.02021151,-0.02052342,-0.02083533,-0.02114574,-0.02145198,-0.02175287,-0.0220459,-0.02232874,-0.02259948,-0.02285557,-0.02309488,-0.02331495,-0.0235137,-0.02368926,-0.02383947,-0.02396179,-0.02405605,-0.02412023,-0.02415135,-0.02415402,-0.0241178,-0.024057,-0.02395178,-0.02382826,-0.0236545,-0.02347157,-0.02323319,-0.02299662,-0.02269909,-0.02241772,-0.02207,-0.02174994,-0.02136587,-0.02101158,-0.02061629,-0.02021682,-0.01984891,-0.01940402,-0.01905961,-0.01862967,-0.01823856,-0.01790916,-0.01749311,-0.01714757,-0.01686262,-0.01650833,-0.01618456,-0.01593782,-0.01569772,-0.01543521,-0.01519745,-0.01500143,-0.01483432,-0.01467783,-0.01453557,-0.01440579,-0.01429716,-0.01420154,-0.01412401,-0.01405742,-0.01400767,-0.013969,-0.01394709,-0.01393508,-0.01393748,-0.01394539,-0.01395726,-0.01397137,-0.01400316,-0.01405995,-0.01413816,-0.01421146,-0.0142833,-0.0143703,-0.01448217,-0.01459396,-0.01471139,-0.01484206,-0.01498656,-0.01513267,-0.01529036,-0.01546005,-0.0156331,-0.01581797
-0.01644927,-0.01667546,-0.0168993,-0.01714563,-0.01738716,-0.01765125,-0.01791159,-0.0181927,-0.01847219,-0.01876961,-0.01906773,-0.01938032,-0.01969518,-0.02002083,-0.02034921,-0.02068451,-0.02102171,-0.02136159,-0.02170141,-0.02203932,-0.02237383,-0.02270209,-0.02302198,-0.02333139,-0.0236272,-0.02390736,-0.02416886,-0.0244096,-0.02462674,-0.02481792,-0.02498084,-0.02511446,-0.02521518,-0.02528242,-0.02531633,-0.02531075,-0.02527458,-0.02519311,-0.02508606,-0.02492812,-0.02475269,-0.02452066,-0.02428133,-0.0239804,-0.02368531,-0.02332253,-0.02298091,-0.02257028,-0.02219013,-0.02175055,-0.02133111,-0.02089918,-0.0204271,-0.02002978,-0.01953439,-0.01913619,-0.01871319,-0.01824965,-0.01789995,-0.01750833,-0.01709054,-0.01678058,-0.01647884,-0.01614107,-0.01584013,-0.01560521,-0.01538829,-0.01517194,-0.01496837,-0.01479454,-0.01464491,-0.01451933,-0.0144071,-0.01431455,-0.01423465,-0.01417295,-0.01412193,-0.01408614,-0.01405877,-0.014046,-0.01404249,-0.01405694,-0.01409053,-0.01414459,-0.01420324,-0.01425895,-0.01431556,-0.01439955,-0.01450658,-0.01461912,-0.01472743,-0.01485662,-0.01499991,-0.01514909,-0.01530343,-0.0154748,-0.0156525,-0.0158361,-0.01603411,-0.01623751
-0.01652988,-0.01676846,-0.01702683,-0.01728014,-0.01755622,-0.01782737,-0.01812064,-0.01841092,-0.01872118,-0.01903098,-0.01935769,-0.0196862,-0.02002812,-0.02037303,-0.02072758,-0.02108501,-0.02144796,-0.02181232,-0.02217754,-0.02254137,-0.02290119,-0.02325507,-0.02360038,-0.02393395,-0.02425369,-0.02455612,-0.02483892,-0.02509864,-0.02533304,-0.02553923,-0.02571497,-0.02585673,-0.02596443,-0.02603497,-0.02606574,-0.02606043,-0.02600895,-0.02592505,-0.02578921,-0.02562744,-0.0254079,-0.02517223,-0.02487385,-0.02457145,-0.0242013,-0.02384314,-0.02341236,-0.02300715,-0.02253243,-0.02208759,-0.02159748,-0.02110478,-0.0206426,-0.02010369,-0.01966965,-0.01914886,-0.01867348,-0.01826338,-0.01776855,-0.01735301,-0.01700293,-0.0165869,-0.01620957,-0.01591672,-0.01563512,-0.01533656,-0.01506951,-0.01485037,-0.01466495,-0.01449443,-0.01434228,-0.0142064,-0.01409505,-0.01399948,-0.01392447,-0.01386248,-0.01381936,-0.01378914,-0.01377755,-0.01377757,-0.01379396,-0.0138176,-0.01384698,-0.01388091,-0.01393539,-0.01401787,-0.01412364,-0.0142256,-0.01432821,-0.01444913,-0.01459691,-0.01474521,-0.01490071,-0.01507107,-0.01525591,-0.01544265,-0.01564178,-0.01585313,-0.01606756,-0.01629441
-0.01616499,-0.01643122,-0.01669411,-0.0169789,-0.01725765,-0.01755901,-0.01785564,-0.01817364,-0.01848952,-0.01882442,-0.01916006,-0.01951165,-0.0198661,-0.02023307,-0.0206037,-0.020983,-0.02136523,-0.0217517,-0.02213896,-0.02252538,-0.02290875,-0.02328622,-0.02365485,-0.02401239,-0.0243548,-0.02467982,-0.02498346,-0.02526337,-0.02551565,-0.02573777,-0.02592636,-0.0260803,-0.02619486,-0.02626969,-0.02630378,-0.02629139,-0.02624049,-0.02613677,-0.02599948,-0.02580359,-0.02558262,-0.02529735,-0.02499813,-0.02462998,-0.02426242,-0.02382033,-0.02339618,-0.02289679,-0.02242699,-0.02189242,-0.02137934,-0.02085049,-0.02028302,-0.01979201,-0.01920229,-0.01871667,-0.01820645,-0.01766075,-0.01723696,-0.01677312,-0.01629012,-0.0159241,-0.01557089,-0.01518715,-0.01484876,-0.01458355,-0.0143416,-0.01410529,-0.01388737,-0.01370425,-0.01354949,-0.01342214,-0.01331095,-0.01322194,-0.01314769,-0.01309351,-0.01305161,-0.01302654,-0.01301146,-0.01301281,-0.01302537,-0.01305832,-0.0131132,-0.01319097,-0.01327537,-0.01335883,-0.01344648,-0.01356539,-0.01370982,-0.01386066,-0.01400902,-0.01418089,-0.01436782,-0.01456082,-0.01475966,-0.01497593,-0.01519785,-0.0154251,-0.01566648,-0.0159117
-0.01524461,-0.0155135,-0.01580022,-0.01607989,-0.01638152,-0.01667649,-0.01699368,-0.01730682,-0.01764088,-0.01797427,-0.01832625,-0.01868072,-0.01905092,-0.01942556,-0.01981257,-0.02020436,-0.02060454,-0.02100819,-0.02141536,-0.02182299,-0.02222871,-0.02262972,-0.0230234,-0.02340556,-0.02377403,-0.02412415,-0.02445346,-0.02475724,-0.02503308,-0.02527677,-0.02548597,-0.02565578,-0.02578629,-0.02587289,-0.0259134,-0.02591014,-0.02585354,-0.02575637,-0.02559954,-0.02540863,-0.025152,-0.02487166,-0.02452076,-0.02415936,-0.02372274,-0.02329335,-0.02278431,-0.02229843,-0.02173671,-0.02120505,-0.02062299,-0.02004017,-0.0194863,-0.01885618,-0.01833562,-0.01772691,-0.01717121,-0.01668461,-0.01611556,-0.01563573,-0.01522672,-0.01475565,-0.01433246,-0.01400198,-0.01368767,-0.01336218,-0.01307522,-0.01284236,-0.01264768,-0.01247158,-0.01231721,-0.01218191,-0.01207343,-0.01198224,-0.01191288,-0.01185746,-0.01182195,-0.01180036,-0.01179876,-0.01181024,-0.01184014,-0.01187928,-0.01192641,-0.01198114,-0.01206026,-0.01217128,-0.01230802,-0.01244237,-0.01257996,-0.01273944,-0.0129276,-0.01311621,-0.01331296,-0.01352532,-0.01375148,-0.01397834,-0.01421692,-0.01446608,-0.0147161,-0.01497734
-0.01361211,-0.01388451,-0.01415172,-0.01443948,-0.01471949,-0.01502216,-0.01531925,-0.01563908,-0.01595714,-0.01629682,-0.01663886,-0.01700052,-0.01736785,-0.01775222,-0.01814394,-0.01854935,-0.01896191,-0.01938381,-0.01981079,-0.02024169,-0.02067341,-0.02110318,-0.02152707,-0.0219427,-0.02234481,-0.0227309,-0.02309557,-0.02343622,-0.02374743,-0.02402638,-0.02426817,-0.02447152,-0.02463005,-0.02474358,-0.02480939,-0.02482214,-0.02478837,-0.02469419,-0.02455788,-0.02435472,-0.02411797,-0.02380842,-0.02347709,-0.0230684,-0.02265381,-0.02215658,-0.02167291,-0.02110633,-0.02056755,-0.0199571,-0.01936896,-0.01876012,-0.0181139,-0.01754484,-0.01687574,-0.01631763,-0.01573418,-0.01512037,-0.01463657,-0.01411395,-0.01357942,-0.01317119,-0.01277998,-0.01236337,-0.01200038,-0.01171713,-0.01146147,-0.0112152,-0.01099142,-0.01080568,-0.01065032,-0.01052342,-0.010413,-0.0103248,-0.01025101,-0.01019693,-0.01015474,-0.01012933,-0.01011417,-0.01011636,-0.01013109,-0.01016845,-0.01023057,-0.01031809,-0.01041429,-0.0105115,-0.01061642,-0.01075655,-0.01092411,-0.01109796,-0.01127028,-0.01146777,-0.01167967,-0.01189608,-0.0121174,-0.01235477,-0.01259509,-0.01283845,-0.01309391,-0.01334979
-0.01108376,-0.01131875,-0.01157068,-0.01181532,-0.01208311,-0.01234498,-0.01263208,-0.01291733,-0.01322825,-0.01354234,-0.0138813,-0.01422814,-0.01459822,-0.01497941,-0.01538134,-0.01579559,-0.01622695,-0.01666962,-0.01712434,-0.01758708,-0.01805571,-0.01852629,-0.0189961,-0.01945959,-0.01991429,-0.02035393,-0.0207756,-0.02117282,-0.02154271,-0.02187923,-0.02217952,-0.02243683,-0.02265103,-0.02281547,-0.02292814,-0.02298936,-0.02298993,-0.02294102,-0.02282389,-0.02266314,-0.02242735,-0.02215842,-0.02180925,-0.02144098,-0.02098785,-0.020535,-0.01999308,-0.01946982,-0.01886181,-0.01828226,-0.01764445,-0.01700635,-0.01639315,-0.01570281,-0.01512504,-0.01445592,-0.0138465,-0.01330845,-0.01268888,-0.01216783,-0.01172169,-0.01121617,-0.01076664,-0.01041684,-0.01008637,-0.009748625,-0.009454177,-0.009217625,-0.009020804,-0.008843035,-0.008686797,-0.008548719,-0.008435833,-0.008337882,-0.008259146,-0.008191609,-0.008141524,-0.008103189,-0.008083226,-0.008075123,-0.008084962,-0.008103657,-0.008130306,-0.008165677,-0.008227467,-0.008323376,-0.008445163,-0.00856376,-0.008686235,-0.00883245,-0.009006849,-0.009179373,-0.009359146,-0.009553629,-0.009759408,-0.009963316,-0.01017725,-0.01039938,-0.01061961,-0.01084999
-0.007465259,-0.007647075,-0.007827141,-0.008031836,-0.008232994,-0.008463231,-0.008693662,-0.008955392,-0.009222952,-0.009522596,-0.009834019,-0.01017705,-0.01053671,-0.0109265,-0.01133568,-0.01177219,-0.01222837,-0.01270743,-0.01320385,-0.01371694,-0.0142422,-0.01477684,-0.01531529,-0.0158548,-0.01638821,-0.01691244,-0.01741995,-0.01790744,-0.01836718,-0.01879565,-0.0191856,-0.01953515,-0.01983543,-0.02008615,-0.02028196,-0.02041776,-0.02049771,-0.02050831,-0.02046601,-0.02034648,-0.02018194,-0.0199333,-0.01965169,-0.01928107,-0.01889442,-0.01841354,-0.0179382,-0.01736858,-0.01682156,-0.01619215,-0.01558291,-0.0149443,-0.01426704,-0.01366427,-0.01295754,-0.01236624,-0.01174605,-0.01109863,-0.01058717,-0.01003586,-0.009478016,-0.009053896,-0.008648866,-0.008221175,-0.007852992,-0.007568598,-0.007313358,-0.007068017,-0.006845765,-0.006661087,-0.006504771,-0.006373636,-0.006254551,-0.006152641,-0.00605933,-0.005979558,-0.005905025,-0.005840625,-0.005779825,-0.005730215,-0.005687176,-0.005662007,-0.005657637,-0.005674501,-0.005695684,-0.005713934,-0.005738454,-0.005797827,-0.005882382,-0.005969355,-0.006053253,-0.006162312,-0.006283667,-0.006407353,-0.006535359,-0.006678885,-0.00682404,-0.00697228,-0.007133454,-0.007294896
-0.002622737,-0.002702904,-0.002808634,-0.00291705,-0.003060159,-0.003208701,-0.0033964,-0.003595361,-0.003835987,-0.004094736,-0.004396101,-0.004721902,-0.005089901,-0.005486747,-0.005923914,-0.006391688,-0.006896064,-0.007429779,-0.007994135,-0.008583469,-0.009195576,-0.009824685,-0.01046748,-0.01111627,-0.0117677,-0.01241303,-0.01304828,-0.01366428,-0.01425699,-0.01481756,-0.01534203,-0.01582078,-0.01625291,-0.01662872,-0.01694601,-0.0172021,-0.01738789,-0.01751203,-0.01755607,-0.01754277,-0.017441,-0.01729187,-0.01704817,-0.01677161,-0.01639564,-0.01600775,-0.01551634,-0.01503404,-0.01445306,-0.01389429,-0.01326445,-0.01263093,-0.01201345,-0.01131449,-0.01072703,-0.01004161,-0.009419466,-0.008867732,-0.008232641,-0.007702921,-0.007249809,-0.006737689,-0.006287354,-0.005942171,-0.005617795,-0.005288302,-0.005005148,-0.004782476,-0.004599716,-0.004434676,-0.004288449,-0.004155979,-0.00404233,-0.003934864,-0.003835733,-0.003734879,-0.003636949,-0.003534896,-0.003434564,-0.003329015,-0.003224819,-0.003113238,-0.002994498,-0.002872163,-0.002766585,-0.002687443,-0.002625656,-0.002553063,-0.002480551,-0.002431278,-0.002408183,-0.002380947,-0.002362192,-0.002360518,-0.002371691,-0.002383751,-0.002410554,-0.002450096,-0.00249272,-0.002553046
0.003437471,0.003476604,0.00349998,0.003481018,0.003447317,0.003364181,0.003261103,0.003104173,0.002920017,0.002679448,0.002404096,0.002071464,0.00169803,0.001268175,0.0007941583,0.0002666234,-0.000305043,-0.0009247706,-0.001585067,-0.002285218,-0.003018511,-0.003781462,-0.004565971,-0.005368151,-0.006177888,-0.006990715,-0.007795861,-0.008588427,-0.009357261,-0.01009728,-0.01079779,-0.01145548,-0.01205794,-0.01260407,-0.01308492,-0.01349513,-0.01383557,-0.01409287,-0.01428082,-0.01437547,-0.01440727,-0.01433744,-0.01421664,-0.01398876,-0.01372787,-0.01335474,-0.01297252,-0.01247844,-0.01199564,-0.01141382,-0.01084468,-0.01023186,-0.009574617,-0.008983992,-0.008281676,-0.007694969,-0.007072494,-0.006422812,-0.005912372,-0.005359172,-0.004803019,-0.004387247,-0.00399329,-0.003580094,-0.003234312,-0.002979938,-0.002760899,-0.002556604,-0.002380317,-0.002244675,-0.002137066,-0.002049925,-0.001964842,-0.001881665,-0.00178624,-0.001678495,-0.001545679,-0.001389525,-0.00120159,-0.0009893453,-0.0007491852,-0.0004958537,-0.0002362474,2.621643e-05,0.0003050797,0.0006034849,0.0009051693,0.001177127,0.001428416,0.001681008,0.001934714,0.002157623,0.002363525,0.002560873,0.002744316,0.002901963,0.003047788,0.003178096,0.00328173,0.003372259
0.01048811,0.01068692,0.01083678,0.01095848,0.01101895,0.01104745,0.01100782,0.01092891,0.01077736,0.01057813,0.01030378,0.009974088,0.009568853,0.009103232,0.008563939,0.007962736,0.007292639,0.006563248,0.005773117,0.0049306,0.004038591,0.003105881,0.002137178,0.00114361,0.0001303282,-0.0008900857,-0.001911591,-0.002920927,-0.003911932,-0.004871548,-0.005793802,-0.006664961,-0.007482546,-0.008232628,-0.008912241,-0.009514675,-0.01003071,-0.01046551,-0.01080097,-0.01105725,-0.01120383,-0.01128034,-0.01124012,-0.0111449,-0.01092816,-0.01067928,-0.01030535,-0.009923646,-0.009422825,-0.008931501,-0.008350405,-0.00775673,-0.007164733,-0.006482735,-0.005906429,-0.005222638,-0.004602374,-0.00404991,-0.00341151,-0.002885141,-0.002439801,-0.00193987,-0.001513253,-0.001207102,-0.0009355491,-0.0006746144,-0.000478091,-0.0003609959,-0.0002988029,-0.0002637343,-0.0002495513,-0.0002416428,-0.0002342983,-0.0002030911,-0.0001396136,-2.484326e-05,0.0001428973,0.0003746547,0.0006657398,0.001021824,0.0014318,0.001898941,0.002415392,0.002967689,0.003526316,0.00407415,0.004617493,0.005179631,0.005741553,0.006273563,0.006773203,0.007269242,0.007743272,0.008184731,0.008598344,0.008993832,0.009354781,0.009683675,0.009989211,0.0102539
0.01804785,0.01842187,0.01874897,0.01900311,0.01921049,0.01933463,0.01940516,0.01938536,0.01930277,0.01912512,0.01887543,0.01852841,0.01810222,0.01757913,0.01697345,0.0162746,0.01549445,0.01462883,0.01368818,0.01267397,0.01159634,0.01046045,0.009278286,0.008056079,0.006808313,0.005542167,0.004273131,0.003008981,0.001765729,0.0005512582,-0.0006189548,-0.001739121,-0.002792171,-0.003775364,-0.004675156,-0.00548553,-0.00620326,-0.006815043,-0.007331424,-0.007729102,-0.008036334,-0.008215311,-0.008315901,-0.008282784,-0.008190922,-0.007961147,-0.007699737,-0.007302202,-0.006897718,-0.006371873,-0.005845377,-0.005255954,-0.004611974,-0.004022585,-0.003311562,-0.002713509,-0.002073386,-0.00140666,-0.000886212,-0.0003275192,0.0002214712,0.000608549,0.0009503152,0.001284959,0.001516648,0.001617349,0.001644151,0.001623567,0.001548504,0.001417395,0.001258921,0.001100015,0.0009797076,0.0009161459,0.0009379537,0.00105497,0.001285447,0.001628879,0.002091237,0.002658749,0.00332584,0.004064291,0.004853388,0.00567934,0.006546706,0.007450236,0.008361879,0.009241955,0.01009833,0.0109514,0.01179259,0.01258585,0.01334641,0.01408046,0.01477837,0.01542789,0.016043,0.01661717,0.01713816,0.01762057
0.02544064,0.0260296,0.02653871,0.02698493,0.02733424,0.02761455,0.02778701,0.02788035,0.02785785,0.02774513,0.0275115,0.02717804,0.02672184,0.02615987,0.02547721,0.02468811,0.02378504,0.02278077,0.0216745,0.02047842,0.01919727,0.01784423,0.01642681,0.0149611,0.0134556,0.01192835,0.01038902,0.008856494,0.007340515,0.005859743,0.004423462,0.003050675,0.001746433,0.0005297174,-0.0005951055,-0.00161667,-0.002525467,-0.003322836,-0.003991286,-0.004548182,-0.004964306,-0.005277797,-0.005443512,-0.005523219,-0.005451673,-0.005320093,-0.00503573,-0.004720228,-0.004260339,-0.003791891,-0.00321143,-0.002605574,-0.001984826,-0.001264314,-0.0006431346,9.16427e-05,0.000759405,0.001352037,0.002020336,0.00255233,0.002971301,0.003408232,0.003722534,0.003853603,0.003886645,0.003846826,0.00368338,0.003389005,0.003008995,0.002597552,0.002189527,0.001829128,0.001548299,0.001391826,0.001379014,0.001532246,0.001850193,0.002337103,0.002979132,0.003771758,0.004690159,0.005722777,0.006844792,0.008026303,0.009227305,0.01042494,0.0116263,0.01285041,0.01406934,0.01524702,0.01638386,0.01750696,0.01859116,0.01962426,0.02061184,0.02156021,0.02244995,0.02328381,0.02406867,0.02478351
0.03190472,0.03273767,0.03349052,0.03413744,0.03470067,0.03514129,0.03548696,0.03569732,0.03579919,0.03575645,0.03559245,0.03527856,0.03483411,0.03423905,0.03350988,0.03263506,0.03162954,0.03048962,0.0292298,0.02785343,0.02637552,0.02480435,0.02315742,0.02144497,0.01968755,0.01789678,0.01609448,0.01429291,0.01251438,0.01077095,0.009084052,0.007463029,0.005930357,0.004491087,0.003163787,0.001955362,0.0008732469,-6.959668e-05,-0.0008805747,-0.001537762,-0.002067488,-0.002433982,-0.002686615,-0.002772232,-0.002766843,-0.002592996,-0.00235995,-0.001963403,-0.001538021,-0.000967621,-0.0003809996,0.0002869245,0.001018821,0.00170441,0.002514658,0.003205794,0.003927487,0.004655287,0.005198923,0.00573532,0.00620362,0.006429749,0.006520584,0.006515176,0.006310741,0.005882846,0.005309212,0.004652153,0.00394043,0.00320891,0.002522195,0.001940729,0.001528821,0.001311701,0.001312596,0.001528558,0.001962034,0.002595534,0.00342238,0.004420727,0.00557648,0.0068411,0.00817361,0.009555986,0.01099834,0.01249715,0.01401384,0.01550463,0.01698045,0.01846209,0.01993071,0.02134701,0.02272838,0.02407727,0.0253781,0.02661781,0.02780881,0.02893964,0.02999609,0.03099207
0.03677825,0.03789911,0.03891521,0.03983617,0.04062597,0.04130796,0.04183942,0.04224631,0.04248746,0.04258718,0.04251072,0.0422791,0.04186641,0.04129091,0.04053623,0.03961916,0.03853239,0.03729257,0.03590077,0.03437418,0.03272092,0.03096004,0.02910357,0.02717413,0.02518536,0.02316222,0.02111965,0.01908344,0.01706834,0.01509956,0.01319076,0.01136673,0.009635826,0.008022131,0.00653174,0.005180365,0.003977659,0.002925555,0.002040369,0.001306792,0.0007518167,0.0003380753,0.0001079554,-9.675653e-07,7.379056e-05,0.0002388419,0.0005848971,0.0009860947,0.001555116,0.002149579,0.002873346,0.003630921,0.004410043,0.005286827,0.006052903,0.006911923,0.007669733,0.008297548,0.008936744,0.009350355,0.009538196,0.009628332,0.009470439,0.008992335,0.008303829,0.007469332,0.006475189,0.005355048,0.00421948,0.003173202,0.002273488,0.001580826,0.001126241,0.0009326729,0.0009874323,0.001283514,0.00179033,0.002489635,0.003362533,0.004419354,0.00564409,0.007012211,0.008475592,0.0100087,0.01159566,0.01321829,0.0148837,0.01660677,0.01835035,0.02007128,0.02177499,0.02348487,0.02516636,0.02680448,0.02840414,0.0299651,0.03146294,0.03289869,0.03427454,0.03556366
0.03959942,0.04103779,0.04237402,0.04358099,0.0446732,0.04560782,0.04640716,0.04702592,0.0474874,0.0477507,0.04783733,0.04771481,0.04740241,0.04687792,0.04615946,0.04523516,0.04412328,0.04282175,0.04134982,0.03971422,0.03793587,0.03602784,0.0340143,0.03191115,0.02974607,0.02753659,0.02531171,0.02308943,0.02089888,0.01875717,0.01669177,0.01471614,0.0128578,0.01112441,0.009538761,0.008108559,0.006844432,0.00575858,0.004845581,0.004125301,0.00357217,0.003218972,0.003015778,0.003012371,0.003130811,0.003445226,0.003842815,0.004425244,0.005052131,0.00583737,0.006644037,0.007532848,0.008476052,0.009351835,0.01031822,0.01111299,0.01186205,0.01252769,0.01288243,0.01308769,0.01307649,0.01265055,0.01192714,0.01099249,0.009776194,0.008310233,0.006740707,0.005210004,0.003837914,0.002669837,0.001722749,0.001045048,0.0006684458,0.0005452313,0.0006443827,0.0009288937,0.00138628,0.001997446,0.002774863,0.003731991,0.004886337,0.006163541,0.007488187,0.008912305,0.01051837,0.01226723,0.01407378,0.01590052,0.01776731,0.01969283,0.02164295,0.02357412,0.02550458,0.02743035,0.02932706,0.03117955,0.03299581,0.03475701,0.0364448,0.03806955
0.04021864,0.04198773,0.04364536,0.04519001,0.0465826,0.04783801,0.04890864,0.04981419,0.05050827,0.05101101,0.05128309,0.05134344,0.05116329,0.05076098,0.05011915,0.04925672,0.04816755,0.04687224,0.04537499,0.0436984,0.04185528,0.03987106,0.03776358,0.03556236,0.03328726,0.03097024,0.02863235,0.02630607,0.02401168,0.02178033,0.01963019,0.01759095,0.01567423,0.01390802,0.01229983,0.01086833,0.009622859,0.008567199,0.007715875,0.007054275,0.006606407,0.006334425,0.006276951,0.006369745,0.006671041,0.007084135,0.007695133,0.008372745,0.009224531,0.01010022,0.01109578,0.01210502,0.01309984,0.0141415,0.0149956,0.01584155,0.01646405,0.01679069,0.01695711,0.01670321,0.01600957,0.0150497,0.01371288,0.01195702,0.0099864,0.008032813,0.006133569,0.004284011,0.002774637,0.001687974,0.0009287771,0.0004998701,0.0002964094,0.0002456109,0.0002906984,0.000417709,0.0006321939,0.0009705867,0.001443655,0.002056127,0.002822882,0.003807886,0.004980297,0.006388182,0.008019018,0.009693285,0.01145193,0.01337286,0.01538293,0.01741715,0.01949455,0.02163287,0.02378648,0.02593632,0.02808677,0.03022841,0.03233172,0.03439425,0.03641176,0.03834973
0.03873482,0.04082553,0.04281258,0.04467137,0.04640086,0.04795833,0.04935269,0.05053783,0.05152572,0.05227507,0.05279818,0.05306375,0.05308419,0.05284058,0.05234627,0.0515951,0.05060261,0.0493746,0.04792924,0.04628295,0.04445661,0.04247437,0.04036085,0.03814377,0.03585131,0.03351288,0.03115763,0.02881507,0.02651366,0.02428125,0.02214352,0.0201237,0.01824624,0.01652725,0.01498529,0.01363496,0.01248154,0.01154282,0.01080673,0.01029767,0.009982127,0.009896569,0.009981585,0.01029,0.01073237,0.01138501,0.0121209,0.01304257,0.01399184,0.01508047,0.0161502,0.01725182,0.01833164,0.01924425,0.02011281,0.02065302,0.02093865,0.02094295,0.02037791,0.01943399,0.01808438,0.01614921,0.01382651,0.01141685,0.00880364,0.006235193,0.004031018,0.002224587,0.001007798,0.0003132451,8.580085e-05,3.573961e-05,3.169511e-05,3.101724e-05,4.072524e-05,4.755483e-05,6.076483e-05,7.123264e-05,9.532764e-05,0.0001368812,0.0002572593,0.0006228517,0.001495058,0.002752567,0.004246707,0.005858026,0.007636122,0.00954255,0.01150955,0.01361326,0.0158043,0.01803134,0.02031382,0.02264891,0.02499712,0.02734806,0.02970046,0.03203328,0.03431883,0.03656824
0.03549682,0.03786184,0.04012568,0.04229756,0.04431154,0.04619574,0.04787324,0.04937935,0.05063761,0.05168632,0.05245671,0.05298884,0.05322587,0.05321003,0.05289774,0.05233455,0.05148989,0.05041323,0.04908572,0.04756062,0.04582858,0.04394683,0.04191142,0.03978419,0.03756303,0.03531241,0.0330306,0.0307824,0.02856418,0.02643892,0.0243995,0.02250677,0.02074556,0.0191744,0.01777215,0.01658762,0.01559968,0.01484179,0.0142963,0.01397775,0.01387634,0.01398266,0.01429974,0.01479043,0.01547493,0.01628132,0.0172539,0.01828278,0.0194282,0.02055838,0.02171268,0.02280238,0.02372553,0.02455655,0.02497401,0.0251636,0.02486369,0.02399216,0.02268203,0.02073495,0.01812781,0.01524535,0.0119783,0.008552636,0.005245853,0.002430622,0.0006950318,0.0001443222,3.506146e-05,1.895124e-05,2.022487e-05,2.155485e-05,2.236195e-05,2.868438e-05,2.818095e-05,3.369477e-05,2.97999e-05,3.241802e-05,2.846018e-05,3.881556e-05,4.924486e-05,5.169776e-05,4.343326e-05,0.0001462289,0.0005424028,0.001644479,0.003258403,0.005082447,0.006999693,0.009027323,0.0111487,0.01340203,0.01572772,0.01811761,0.02056028,0.0230591,0.02556088,0.02808154,0.03058992,0.03306609
0.03094175,0.03351219,0.03600585,0.0384089,0.04069623,0.04283377,0.0448072,0.04657853,0.04813753,0.04945206,0.05051391,0.05130305,0.0518131,0.05203879,0.0519766,0.05163661,0.05101892,0.05014781,0.04902702,0.04769314,0.04615308,0.04445234,0.04260143,0.04065009,0.03861185,0.03653826,0.03444298,0.03237744,0.03035349,0.02842043,0.02658611,0.02489477,0.02335168,0.02199327,0.02081786,0.01985961,0.0191025,0.01858317,0.01826695,0.01819643,0.01831387,0.01867303,0.01918769,0.01992639,0.0207687,0.02180334,0.02286619,0.0240667,0.02520277,0.02638561,0.02741035,0.02831557,0.02900087,0.02928915,0.02924537,0.02858027,0.02731322,0.0255243,0.022808,0.01953266,0.01577819,0.01145803,0.006888422,0.002801431,0.0006365642,8.271156e-05,4.234459e-05,4.799787e-05,2.932599e-05,3.410648e-05,NaN,NaN,NaN,NaN,NaN,NaN,NaN,NaN,NaN,NaN,NaN,3.803409e-05,1.884519e-05,3.108785e-05,2.212981e-05,1.752333e-05,0.0002404228,0.001086214,0.002620087,0.004463565,0.006422981,0.008487009,0.01068967,0.0130258,0.01543888,0.01793112,0.02049035,0.02309664,0.02570916,0.02834675
0.02558595,0.02826334,0.03088488,0.03347118,0.03593087,0.03830472,0.04048794,0.04252979,0.04432536,0.0459288,0.04724372,0.04832833,0.04909936,0.04961954,0.04982042,0.04977024,0.04941478,0.04882801,0.04796824,0.04691453,0.04563501,0.04421352,0.04262339,0.04095347,0.03917827,0.03738949,0.03556094,0.03378463,0.0320312,0.03039091,0.02882955,0.02743523,0.02616425,0.0251026,0.02419892,0.02353005,0.02304263,0.0227986,0.02274588,0.0229277,0.02329694,0.02387257,0.02461613,0.02551707,0.02654752,0.02765844,0.02883555,0.02998702,0.03110052,0.03206277,0.03282483,0.03333241,0.03337137,0.03306429,0.03194195,0.03024912,0.027692,0.02432285,0.02016173,0.01525437,0.009604292,0.004006432,0.0008461361,9.328328e-05,8.505056e-05,8.406322e-05,5.404162e-05,NaN,NaN,NaN,NaN,NaN,NaN,NaN,NaN,NaN,NaN,NaN,NaN,NaN,NaN,NaN,NaN,NaN,7.195092e-06,1.007726e-05,2.341904e-06,-1.337113e-05,0.0001425485,0.0009202459,0.002338182,0.004085555,0.005983565,0.008051907,0.01025413,0.01262644,0.01507308,0.01763396,0.02024772,0.02291102
0.0198846,0.02257686,0.02522864,0.02789139,0.03046618,0.03297741,0.03534081,0.03757254,0.03959637,0.04143215,0.04300966,0.04435963,0.04541746,0.04622804,0.04673317,0.04699245,0.04695443,0.04669214,0.04616033,0.0454433,0.04450104,0.04342537,0.04218138,0.04086349,0.03944105,0.03800843,0.03653615,0.03511642,0.033719,0.03243203,0.03122232,0.03017101,0.02924328,0.02851061,0.02793241,0.02757566,0.02738656,0.02743202,0.02764035,0.02808129,0.02865994,0.02945287,0.03033512,0.03139156,0.03245892,0.03363211,0.03469754,0.0357563,0.03655126,0.03716991,0.03736408,0.03713873,0.0363861,0.03486814,0.03262128,0.02929546,0.02494263,0.01995109,0.01369119,0.006633268,0.001564312,0.0001752292,0.0001199963,0.00014312,6.965726e-05,NaN,NaN,NaN,NaN,NaN,NaN,NaN,NaN,NaN,NaN,NaN,NaN,NaN,NaN,NaN,NaN,NaN,NaN,NaN,NaN,NaN,-2.085284e-05,-3.075471e-06,-2.597808e-05,-2.834848e-05,0.0001323983,0.0009357035,0.002226634,0.003851935,0.005639809,0.007686282,0.009869991,0.0122437,0.01468535,0.0172833
0.01431151,0.01685871,0.01944684,0.02208187,0.02467686,0.02725496,0.02971694,0.03209137,0.03428286,0.03632206,0.03812689,0.03972898,0.04106459,0.04216688,0.04299205,0.04357539,0.04389241,0.04398051,0.04383252,0.04348688,0.04295085,0.04226308,0.04144049,0.04052187,0.03952964,0.03850036,0.0374602,0.0364407,0.03546964,0.03457137,0.03377391,0.03309352,0.03255446,0.03216454,0.03194634,0.03189142,0.0320267,0.03232052,0.0328078,0.03342775,0.03422709,0.03510725,0.03613052,0.03715073,0.03824736,0.03921168,0.04014261,0.04075831,0.0411674,0.04103844,0.04046601,0.03917918,0.03715937,0.03429632,0.03033752,0.02505037,0.01882016,0.0110527,0.003600193,0.0004982612,0.0001350693,0.0002161479,8.886238e-05,NaN,NaN,NaN,NaN,NaN,NaN,NaN,NaN,NaN,NaN,NaN,NaN,NaN,NaN,NaN,NaN,NaN,NaN,NaN,NaN,NaN,NaN,NaN,NaN,NaN,-4.105153e-05,-2.291938e-05,-4.807778e-05,-4.009796e-05,0.000182581,0.0009520908,0.002130338,0.003649139,0.00537382,0.007359443,0.009527668,0.01185975
0.009197334,0.01147075,0.01390039,0.01636648,0.01892856,0.0214413,0.02397369,0.02637717,0.02872517,0.03087835,0.03291233,0.03470367,0.03633007,0.03768703,0.03885518,0.03974899,0.0404525,0.04089751,0.04117097,0.04121938,0.04113147,0.04086436,0.04050842,0.04002622,0.03950895,0.03892179,0.0383539,0.03777099,0.03725836,0.03678042,0.03641653,0.03612689,0.03598617,0.03594771,0.03607716,0.03632569,0.036742,0.03727904,0.03796279,0.03874998,0.03963673,0.04058615,0.04155535,0.04251354,0.04336768,0.04409242,0.04453009,0.04465274,0.04424587,0.04325615,0.04149185,0.03882108,0.03528569,0.0305055,0.02464228,0.01706919,0.008259821,0.001631646,0.0002095816,0.0002279092,0.0001745256,NaN,NaN,NaN,NaN,NaN,NaN,NaN,NaN,NaN,NaN,NaN,NaN,NaN,NaN,NaN,NaN,NaN,NaN,NaN,NaN,NaN,NaN,NaN,NaN,NaN,NaN,NaN,NaN,NaN,-4.356812e-05,-5.637608e-05,-5.763336e-05,-6.202888e-05,0.000230241,0.0008863491,0.002007996,0.003395302,0.005118619,0.007048907
0.004843047,0.006736877,0.00883542,0.01108823,0.01344488,0.01588131,0.0183239,0.02076532,0.02312902,0.02541875,0.02756415,0.02957772,0.03140051,0.03305396,0.03449211,0.03574574,0.03678115,0.03763838,0.03829372,0.03879539,0.03912641,0.03934237,0.03942809,0.0394466,0.03938007,0.03929706,0.039175,0.03908589,0.03899985,0.03899071,0.03901934,0.03916129,0.03936335,0.03970311,0.0401138,0.04066822,0.04128983,0.04204053,0.0428347,0.04371826,0.04459612,0.04549095,0.04629639,0.04700487,0.04749346,0.04771529,0.0475222,0.04682891,0.04543125,0.04325652,0.0399865,0.03577657,0.03005265,0.02349955,0.01469154,0.005402952,0.0007651166,0.0001981607,0.0002970482,NaN,NaN,NaN,NaN,NaN,NaN,NaN,NaN,NaN,NaN,NaN,NaN,NaN,NaN,NaN,NaN,NaN,NaN,NaN,NaN,NaN,NaN,NaN,NaN,NaN,NaN,NaN,NaN,NaN,NaN,NaN,NaN,NaN,-6.089194e-05,-6.974053e-05,-9.665344e-05,-0.0001400654,5.821443e-05,0.0007024231,0.001780066,0.003156115
0.001466252,0.002880769,0.004516062,0.006432034,0.008506177,0.01074201,0.01304785,0.0154129,0.01776525,0.02009272,0.02233662,0.02449085,0.02650825,0.02839262,0.03010835,0.03166975,0.03305266,0.03428043,0.03533947,0.03625968,0.0370366,0.03770263,0.03826233,0.03874551,0.03916494,0.03954501,0.03990422,0.04025945,0.04063338,0.04103319,0.04148413,0.04198043,0.04255131,0.04317456,0.04387941,0.04463017,0.04544859,0.04628723,0.04715466,0.04799072,0.04878423,0.04946087,0.04998204,0.05025467,0.0502059,0.04971794,0.04867883,0.04692589,0.04433225,0.04063349,0.03582159,0.02941692,0.02198817,0.01237298,0.00311856,0.0004075516,0.0002564978,0.0002451045,NaN,NaN,NaN,NaN,NaN,NaN,NaN,NaN,NaN,NaN,NaN,NaN,NaN,NaN,NaN,NaN,NaN,NaN,NaN,NaN,NaN,NaN,NaN,NaN,NaN,NaN,NaN,NaN,NaN,NaN,NaN,NaN,NaN,NaN,NaN,-7.074173e-05,-8.141276e-05,-9.300515e-05,-0.0002429859,-0.0004364249,-0.0002740924,0.0004514343
-0.0006444275,3.766768e-05,0.001155905,0.002572469,0.004293608,0.00620989,0.008308527,0.01050538,0.01278542,0.01507684,0.01737111,0.0196048,0.0217813,0.02384514,0.02581356,0.02763922,0.02935254,0.03091379,0.03236449,0.03367114,0.03488321,0.03597246,0.03699166,0.03791766,0.0388025,0.03962605,0.04043793,0.0412187,0.04201343,0.04280143,0.04362161,0.04445128,0.04531887,0.04619884,0.04710975,0.04801505,0.04892715,0.04979026,0.05061129,0.05130746,0.05188043,0.05221007,0.05229251,0.05196017,0.05120302,0.04979547,0.04772045,0.04469372,0.04066265,0.03533262,0.02854448,0.02029647,0.0103708,0.001887349,0.0002889314,0.0003250269,0.0001815828,NaN,NaN,NaN,NaN,NaN,NaN,NaN,NaN,NaN,NaN,NaN,NaN,NaN,NaN,NaN,NaN,NaN,NaN,NaN,NaN,NaN,NaN,NaN,NaN,NaN,NaN,NaN,NaN,NaN,NaN,NaN,NaN,NaN,NaN,NaN,NaN,NaN,-7.533571e-05,-9.138828e-05,-9.121441e-05,-0.0002351175,-0.0007297543,-0.0009860108
-0.001487287,-0.001557413,-0.001160722,-0.0003019759,0.0009161055,0.00244422,0.004218687,0.006187039,0.008297451,0.01050568,0.01276441,0.01504421,0.01730083,0.01952284,0.02166948,0.02374753,0.02571974,0.02760934,0.02938164,0.03107368,0.03265187,0.03416325,0.0355749,0.03693916,0.03822279,0.03948104,0.04067746,0.04186875,0.04301305,0.04416706,0.04528094,0.04640905,0.04749332,0.04858326,0.04960648,0.05061176,0.05150184,0.05232795,0.05295812,0.05344792,0.05361889,0.05353457,0.0529554,0.05195729,0.05022313,0.04785316,0.0444347,0.04010025,0.03433057,0.02728059,0.01836867,0.00834245,0.001269431,0.0002565343,0.0003383664,NaN,NaN,NaN,NaN,NaN,NaN,NaN,NaN,NaN,NaN,NaN,NaN,NaN,NaN,NaN,NaN,NaN,NaN,NaN,NaN,NaN,NaN,NaN,NaN,NaN,NaN,NaN,NaN,NaN,NaN,NaN,NaN,NaN,NaN,NaN,NaN,NaN,NaN,NaN,NaN,NaN,-0.000100094,-9.548192e-05,-0.0002147338,-0.000879594
-0.0009314172,-0.001845595,-0.002261762,-0.002103148,-0.00149986,-0.0004620839,0.0008888737,0.00254647,0.004404936,0.006456733,0.00861549,0.01087113,0.01315959,0.01546941,0.01775936,0.02001762,0.02222422,0.02436689,0.02644422,0.02844233,0.03037505,0.03222601,0.03401962,0.03573673,0.03740865,0.03901115,0.04058102,0.04208625,0.04356748,0.04498225,0.04637407,0.04768804,0.04896714,0.05014126,0.0512545,0.05221108,0.05306112,0.05367158,0.05410174,0.05416896,0.05394679,0.05318689,0.05198532,0.05000789,0.04738779,0.04367787,0.0390813,0.03299486,0.02573294,0.01639316,0.006377059,0.0009042242,0.0002618314,0.0003024134,NaN,NaN,NaN,NaN,NaN,NaN,NaN,NaN,NaN,NaN,NaN,NaN,NaN,NaN,NaN,NaN,NaN,NaN,NaN,NaN,NaN,NaN,NaN,NaN,NaN,NaN,NaN,NaN,NaN,NaN,NaN,NaN,NaN,NaN,NaN,NaN,NaN,NaN,NaN,NaN,NaN,NaN,NaN,-0.0001043035,-0.0001023298,-0.0002044366
-0.0001827561,-0.0008348941,-0.002021746,-0.002776048,-0.002847211,-0.002463189,-0.001580868,-0.0003710488,0.00119505,0.002977271,0.004994546,0.007134226,0.009408776,0.0117325,0.01411413,0.01649308,0.01887561,0.0212232,0.02353938,0.02580431,0.02801783,0.03017453,0.0322703,0.03430934,0.0362827,0.03820173,0.04004971,0.04184369,0.04355672,0.04521022,0.04676397,0.04824158,0.04958823,0.05082772,0.05188331,0.05278349,0.05341741,0.05382246,0.05384137,0.05352497,0.05265483,0.05130471,0.04917545,0.04637821,0.04250179,0.03772929,0.03148855,0.02410972,0.01464152,0.004797749,0.0006706842,0.0002827257,0.000258353,NaN,NaN,NaN,NaN,NaN,NaN,NaN,NaN,NaN,NaN,NaN,NaN,NaN,NaN,NaN,NaN,NaN,NaN,NaN,NaN,NaN,NaN,NaN,NaN,NaN,NaN,NaN,NaN,NaN,NaN,NaN,NaN,NaN,NaN,NaN,NaN,NaN,NaN,NaN,NaN,NaN,NaN,NaN,NaN,NaN,-0.0001077552,-0.0001081227
-0.000117734,-0.0001726505,-0.0007519507,-0.002159592,-0.003161454,-0.003427225,-0.003206843,-0.002450625,-0.001337135,0.0001633243,0.001905646,0.003909468,0.006058759,0.008367996,0.01074778,0.01321004,0.01568894,0.01819466,0.02068134,0.02315667,0.02559093,0.02798872,0.03033146,0.03262055,0.03484454,0.03699949,0.0390794,0.04107227,0.04297576,0.044767,0.04644604,0.04797695,0.04935859,0.05053874,0.05151661,0.05221305,0.05263241,0.05265646,0.05229866,0.05138874,0.04995705,0.04776459,0.04487363,0.04095121,0.03611505,0.02988228,0.02252186,0.01320041,0.003709567,0.0005230402,0.0002958237,0.0002291681,NaN,NaN,NaN,NaN,NaN,NaN,NaN,NaN,NaN,NaN,NaN,NaN,NaN,NaN,NaN,NaN,NaN,NaN,NaN,NaN,NaN,NaN,NaN,NaN,NaN,NaN,NaN,NaN,NaN,NaN,NaN,NaN,NaN,NaN,NaN,NaN,NaN,NaN,NaN,NaN,NaN,NaN,NaN,NaN,NaN,NaN,NaN,-0.0001061773
-0.0001095559,-0.0001294888,-0.0001672192,-0.0007010192,-0.002263766,-0.003440383,-0.003853741,-0.00374687,-0.003078341,-0.00202185,-0.0005583446,0.001172989,0.003183202,0.005361481,0.007716053,0.01016086,0.01270342,0.0152787,0.01789364,0.02050033,0.02310435,0.02567039,0.02820241,0.03067267,0.03308261,0.03540928,0.03764877,0.03978107,0.04179452,0.0436703,0.04538605,0.04692156,0.04824236,0.04932465,0.05011485,0.0505897,0.05066501,0.05032228,0.04943507,0.04799511,0.04581985,0.04292468,0.03905122,0.03426631,0.02818296,0.02098019,0.01199704,0.003006886,0.0004278073,0.0002918669,0.0002147272,NaN,NaN,NaN,NaN,NaN,NaN,NaN,NaN,NaN,NaN,NaN,NaN,NaN,NaN,NaN,NaN,NaN,NaN,NaN,NaN,NaN,NaN,NaN,NaN,NaN,NaN,NaN,NaN,NaN,NaN,NaN,NaN,NaN,NaN,NaN,NaN,NaN,NaN,NaN,NaN,NaN,NaN,NaN,NaN,NaN,NaN,NaN,NaN,NaN
NaN,-0.0001136735,-0.0001353919,-0.0001655977,-0.0006724519,-0.002331369,-0.003622137,-0.00413387,-0.004092847,-0.003474422,-0.00244164,-0.0009894056,0.0007521631,0.00278322,0.005000023,0.007402458,0.009908948,0.0125206,0.01517396,0.01787091,0.0205619,0.02324897,0.02589132,0.02849092,0.03101142,0.03345262,0.0357805,0.03799,0.04004727,0.04193977,0.04363195,0.04510184,0.04630843,0.04721746,0.04778371,0.04795114,0.0476751,0.04686721,0.04548766,0.04340405,0.04059102,0.03685775,0.03221293,0.02638256,0.01946883,0.01094387,0.00254954,0.00036434,0.0002752559,0.0002064658,NaN,NaN,NaN,NaN,NaN,NaN,NaN,NaN,NaN,NaN,NaN,NaN,NaN,NaN,NaN,NaN,NaN,NaN,NaN,NaN,NaN,NaN,NaN,NaN,NaN,NaN,NaN,NaN,NaN,NaN,NaN,NaN,NaN,NaN,NaN,NaN,NaN,NaN,NaN,NaN,NaN,NaN,NaN,NaN,NaN,NaN,NaN,NaN,NaN,NaN
NaN,NaN,-0.0001189613,-0.0001400902,-0.0001674059,-0.000660425,-0.002364671,-0.003712502,-0.00427513,-0.00425922,-0.003657869,-0.002621879,-0.001161517,0.0006040101,0.00266198,0.004917582,0.007359763,0.00991365,0.01257055,0.01527132,0.01800894,0.02073516,0.02344439,0.02609405,0.02867884,0.0311588,0.03352606,0.03574108,0.03779103,0.03963472,0.04125161,0.04259608,0.04363874,0.04432746,0.0446179,0.04445587,0.04377214,0.04251587,0.04058263,0.03793187,0.0344092,0.03000866,0.02449226,0.01794358,0.009982115,0.002229643,0.000319993,0.000251075,0.0001979243,NaN,NaN,NaN,NaN,NaN,NaN,NaN,NaN,NaN,NaN,NaN,NaN,NaN,NaN,NaN,NaN,NaN,NaN,NaN,NaN,NaN,NaN,NaN,NaN,NaN,NaN,NaN,NaN,NaN,NaN,NaN,NaN,NaN,NaN,NaN,NaN,NaN,NaN,NaN,NaN,NaN,NaN,NaN,NaN,NaN,NaN,NaN,NaN,NaN,NaN,NaN
NaN,NaN,NaN,-0.0001233231,-0.0001439115,-0.0001699721,-0.0006541949,-0.00235938,-0.00371707,-0.004287956,-0.004263409,-0.003650892,-0.002593533,-0.001111284,0.0006816908,0.002765656,0.005048536,0.007514232,0.01008806,0.01275753,0.01546084,0.0181886,0.02088653,0.02354796,0.02612159,0.02860123,0.03093613,0.03311791,0.03509386,0.03685101,0.03833263,0.03951949,0.04034726,0.04078833,0.04077239,0.04025558,0.03916736,0.03743935,0.03500697,0.03176609,0.02766796,0.0225622,0.01646108,0.009072463,0.001981705,0.0002818639,0.0002258241,0.0001856253,NaN,NaN,NaN,NaN,NaN,NaN,NaN,NaN,NaN,NaN,NaN,NaN,NaN,NaN,NaN,NaN,NaN,NaN,NaN,NaN,NaN,NaN,NaN,NaN,NaN,NaN,NaN,NaN,NaN,NaN,NaN,NaN,NaN,NaN,NaN,NaN,NaN,NaN,NaN,NaN,NaN,NaN,NaN,NaN,NaN,NaN,NaN,NaN,NaN,NaN,NaN,NaN
NaN,NaN,NaN,NaN,-0.0001281005,-0.0001462193,-0.0001746866,-0.0006516565,-0.002322714,-0.003644468,-0.004188396,-0.004125886,-0.003483793,-0.002391402,-0.0008846523,0.0009337419,0.003030678,0.005323289,0.007783468,0.01034337,0.01297961,0.01563436,0.01828874,0.02088949,0.02342093,0.02583105,0.02810453,0.03018805,0.03206442,0.03367678,0.0350037,0.03598201,0.03658558,0.03674327,0.03641953,0.03554043,0.03405347,0.03188907,0.02896947,0.02524117,0.02057493,0.01497237,0.008268773,0.001861091,0.0002644912,0.0002014703,0.0001696607,NaN,NaN,NaN,NaN,NaN,NaN,NaN,NaN,NaN,NaN,NaN,NaN,NaN,NaN,NaN,NaN,NaN,NaN,NaN,NaN,NaN,NaN,NaN,NaN,NaN,NaN,NaN,NaN,NaN,NaN,NaN,NaN,NaN,NaN,NaN,NaN,NaN,NaN,NaN,NaN,NaN,NaN,NaN,NaN,NaN,NaN,NaN,NaN,NaN,NaN,NaN,NaN,NaN
NaN,NaN,NaN,NaN,NaN,-0.0001311687,-0.0001490895,-0.0001788867,-0.0006531148,-0.002254434,-0.003504215,-0.003989974,-0.003870951,-0.00318448,-0.002055346,-0.0005258467,0.001303909,0.003396292,0.005668956,0.008090137,0.01059038,0.01314365,0.01568791,0.01820233,0.02062765,0.02294586,0.02509782,0.02706573,0.02878796,0.03024478,0.03137012,0.03214116,0.03248436,0.03237259,0.03172732,0.03051088,0.02864744,0.02608224,0.02275147,0.01857399,0.01351747,0.007441628,0.001689012,0.0002354353,0.0001748086,0.0001562545,NaN,NaN,NaN,NaN,NaN,NaN,NaN,NaN,NaN,NaN,NaN,NaN,NaN,NaN,NaN,NaN,NaN,NaN,NaN,NaN,NaN,NaN,NaN,NaN,NaN,NaN,NaN,NaN,NaN,NaN,NaN,NaN,NaN,NaN,NaN,NaN,NaN,NaN,NaN,NaN,NaN,NaN,NaN,NaN,NaN,NaN,NaN,NaN,NaN,NaN,NaN,NaN,NaN,NaN
NaN,NaN,NaN,NaN,NaN,NaN,-0.0001348394,-0.0001502188,-0.0001844583,-0.0006533158,-0.002159008,-0.003304875,-0.003711609,-0.003521433,-0.002787814,-0.001624313,-8.512714e-05,0.001738188,0.003797649,0.006017203,0.00835598,0.01074827,0.01316022,0.01553101,0.01783239,0.02000495,0.02202318,0.02382651,0.02539007,0.02664997,0.02758021,0.0281112,0.02821607,0.02781873,0.02688807,0.02534788,0.02315704,0.02024973,0.01656329,0.01206503,0.006683881,0.001584603,0.0002207843,0.0001446104,0.000134871,NaN,NaN,NaN,NaN,NaN,NaN,NaN,NaN,NaN,NaN,NaN,NaN,NaN,NaN,NaN,NaN,NaN,NaN,NaN,NaN,NaN,NaN,NaN,NaN,NaN,NaN,NaN,NaN,NaN,NaN,NaN,NaN,NaN,NaN,NaN,NaN,NaN,NaN,NaN,NaN,NaN,NaN,NaN,NaN,NaN,NaN,NaN,NaN,NaN,NaN,NaN,NaN,NaN,NaN,NaN
NaN,NaN,NaN,NaN,NaN,NaN,NaN,-0.0001367248,-0.0001512767,-0.0001890614,-0.000651499,-0.002034988,-0.003055726,-0.00336793,-0.003103779,-0.002324437,-0.001139256,0.000393006,0.002182558,0.004177901,0.006303017,0.008514409,0.01074427,0.01295663,0.0150873,0.01710531,0.01894748,0.02058532,0.02195421,0.02302631,0.02373403,0.0240497,0.02390059,0.0232588,0.02205044,0.02024185,0.01776857,0.01458444,0.0106496,0.005911457,0.001425966,0.0001953407,0.0001219948,0.0001168846,NaN,NaN,NaN,NaN,NaN,NaN,NaN,NaN,NaN,NaN,NaN,NaN,NaN,NaN,NaN,NaN,NaN,NaN,NaN,NaN,NaN,NaN,NaN,NaN,NaN,NaN,NaN,NaN,NaN,NaN,NaN,NaN,NaN,NaN,NaN,NaN,NaN,NaN,NaN,NaN,NaN,NaN,NaN,NaN,NaN,NaN,NaN,NaN,NaN,NaN,NaN,NaN,NaN,NaN,NaN,NaN
NaN,NaN,NaN,NaN,NaN,NaN,NaN,NaN,-0.0001386033,-0.0001509259,-0.0001935387,-0.0006406489,-0.001884798,-0.002766,-0.002978779,-0.002642741,-0.001828184,-0.0006378433,0.0008629049,0.00258849,0.004482459,0.006470549,0.008505668,0.01051956,0.01247304,0.01430046,0.01596775,0.01740941,0.01859471,0.01945641,0.01996605,0.02005291,0.01969192,0.01880891,0.01738056,0.01533683,0.01264982,0.009270796,0.005188516,0.001311701,0.000178167,9.391265e-05,9.40051e-05,NaN,NaN,NaN,NaN,NaN,NaN,NaN,NaN,NaN,NaN,NaN,NaN,NaN,NaN,NaN,NaN,NaN,NaN,NaN,NaN,NaN,NaN,NaN,NaN,NaN,NaN,NaN,NaN,NaN,NaN,NaN,NaN,NaN,NaN,NaN,NaN,NaN,NaN,NaN,NaN,NaN,NaN,NaN,NaN,NaN,NaN,NaN,NaN,NaN,NaN,NaN,NaN,NaN,NaN,NaN,NaN,NaN
NaN,NaN,NaN,NaN,NaN,NaN,NaN,NaN,NaN,-0.0001389675,-0.0001499496,-0.000196379,-0.000620293,-0.001710179,-0.002446502,-0.002561074,-0.002163004,-0.001328329,-0.0001559442,0.001285674,0.002912778,0.004666953,0.006473755,0.008284813,0.0100306,0.01167029,0.01313678,0.01439457,0.01537677,0.01605193,0.01635233,0.01625108,0.01567798,0.01461151,0.0129846,0.01077681,0.00793391,0.004472965,0.00118322,0.0001591099,7.402298e-05,7.394265e-05,NaN,NaN,NaN,NaN,NaN,NaN,NaN,NaN,NaN,NaN,NaN,NaN,NaN,NaN,NaN,NaN,NaN,NaN,NaN,NaN,NaN,NaN,NaN,NaN,NaN,NaN,NaN,NaN,NaN,NaN,NaN,NaN,NaN,NaN,NaN,NaN,NaN,NaN,NaN,NaN,NaN,NaN,NaN,NaN,NaN,NaN,NaN,NaN,NaN,NaN,NaN,NaN,NaN,NaN,NaN,NaN,NaN,NaN
NaN,NaN,NaN,NaN,NaN,NaN,NaN,NaN,NaN,-0.0001422401,-0.000138709,-0.0001482953,-0.0001976759,-0.0005882224,-0.001515537,-0.002108496,-0.002133187,-0.001687934,-0.0008540606,0.0002743682,0.001626069,0.003119442,0.004694772,0.006278113,0.007819883,0.0092507,0.01052851,0.01158631,0.01238819,0.01286814,0.01299594,0.01270558,0.01197493,0.01073794,0.008981462,0.006648883,0.003772462,0.001043164,0.0001405334,4.920599e-05,5.348297e-05,7.732928e-05,NaN,NaN,NaN,NaN,NaN,NaN,NaN,NaN,NaN,NaN,NaN,NaN,NaN,NaN,NaN,NaN,NaN,NaN,NaN,NaN,NaN,NaN,NaN,NaN,NaN,NaN,NaN,NaN,NaN,NaN,NaN,NaN,NaN,NaN,NaN,NaN,NaN,NaN,NaN,NaN,NaN,NaN,NaN,NaN,NaN,NaN,NaN,NaN,NaN,NaN,NaN,NaN,NaN,NaN,NaN,NaN,NaN,NaN
NaN,NaN,NaN,NaN,NaN,NaN,NaN,NaN,NaN,NaN,-0.0001409476,-0.0001373978,-0.0001457987,-0.0001965264,-0.0005436007,-0.001305261,-0.001762958,-0.001711837,-0.001239403,-0.0004298734,0.0006261314,0.001856604,0.003181489,0.004541231,0.005862592,0.007095911,0.008172694,0.009051284,0.009666119,0.009982825,0.009938283,0.009507093,0.008626973,0.00728433,0.005421319,0.003090953,0.0008933058,0.0001208517,2.893474e-05,3.294511e-05,5.584569e-05,NaN,NaN,NaN,NaN,NaN,NaN,NaN,NaN,NaN,NaN,NaN,NaN,NaN,NaN,NaN,NaN,NaN,NaN,NaN,NaN,NaN,NaN,NaN,NaN,NaN,NaN,NaN,NaN,NaN,NaN,NaN,NaN,NaN,NaN,NaN,NaN,NaN,NaN,NaN,NaN,NaN,NaN,NaN,NaN,NaN,NaN,NaN,NaN,NaN,NaN,NaN,NaN,NaN,NaN,NaN,NaN,NaN,NaN,NaN
NaN,NaN,NaN,NaN,NaN,NaN,NaN,NaN,NaN,NaN,NaN,-0.0001389912,-0.000135301,-0.0001427504,-0.0001924713,-0.0004869421,-0.001086725,-0.001422874,-0.00131406,-0.0008370482,-7.732632e-05,0.0008774236,0.001956269,0.003080772,0.004192294,0.005219487,0.006113543,0.006808428,0.00726423,0.00741938,0.007242919,0.006677468,0.005705546,0.004271083,0.002435674,0.0007268997,9.82808e-05,1.012131e-05,1.378257e-05,3.367872e-05,NaN,NaN,NaN,NaN,NaN,NaN,NaN,NaN,NaN,NaN,NaN,NaN,NaN,NaN,NaN,NaN,NaN,NaN,NaN,NaN,NaN,NaN,NaN,NaN,NaN,NaN,NaN,NaN,NaN,NaN,NaN,NaN,NaN,NaN,NaN,NaN,NaN,NaN,NaN,NaN,NaN,NaN,NaN,NaN,NaN,NaN,NaN,NaN,NaN,NaN,NaN,NaN,NaN,NaN,NaN,NaN,NaN,NaN,NaN,NaN
NaN,NaN,NaN,NaN,NaN,NaN,NaN,NaN,NaN,NaN,NaN,NaN,-0.0001361532,-0.0001323439,-0.0001389068,-0.0001853068,-0.000422374,-0.0008692475,-0.001100232,-0.0009540624,-0.0004969962,0.0001871207,0.001013274,0.001912788,0.002809536,0.003646871,0.004356276,0.004891673,0.005190676,0.00521771,0.004916607,0.004265142,0.003211492,0.00182606,0.0005658445,7.435326e-05,-6.753395e-06,-4.198983e-06,1.369623e-05,NaN,NaN,NaN,NaN,NaN,NaN,NaN,NaN,NaN,NaN,NaN,NaN,NaN,NaN,NaN,NaN,NaN,NaN,NaN,NaN,NaN,NaN,NaN,NaN,NaN,NaN,NaN,NaN,NaN,NaN,NaN,NaN,NaN,NaN,NaN,NaN,NaN,NaN,NaN,NaN,NaN,NaN,NaN,NaN,NaN,NaN,NaN,NaN,NaN,NaN,NaN,NaN,NaN,NaN,NaN,NaN,NaN,NaN,NaN,NaN,NaN
NaN,NaN,NaN,NaN,NaN,NaN,NaN,NaN,NaN,NaN,NaN,NaN,NaN,-0.0001327298,-0.0001288101,-0.0001346855,-0.0001752905,-0.0003542384,-0.0006629506,-0.0008069568,-0.0006448684,-0.0002324703,0.0003514207,0.001024695,0.001721547,0.002369618,0.002915232,0.003294388,0.00346519,0.003371745,0.002984152,0.002261207,0.001275659,0.0004077902,4.903157e-05,-2.071011e-05,-2.013444e-05,-5.233397e-06,NaN,NaN,NaN,NaN,NaN,NaN,NaN,NaN,NaN,NaN,NaN,NaN,NaN,NaN,NaN,NaN,NaN,NaN,NaN,NaN,NaN,NaN,NaN,NaN,NaN,NaN,NaN,NaN,NaN,NaN,NaN,NaN,NaN,NaN,NaN,NaN,NaN,NaN,NaN,NaN,NaN,NaN,NaN,NaN,NaN,NaN,NaN,NaN,NaN,NaN,NaN,NaN,NaN,NaN,NaN,NaN,NaN,NaN,NaN,NaN,NaN,NaN
NaN,NaN,NaN,NaN,NaN,NaN,NaN,NaN,NaN,NaN,NaN,NaN,NaN,-0.000130574,-0.0001286416,-0.0001247955,-0.000129698,-0.0001627804,-0.0002867059,-0.000479276,-0.0005538624,-0.0003969991,-5.225608e-05,0.0004091928,0.000909751,0.001386974,0.001773887,0.002020886,0.002070576,0.001888353,0.001442001,0.0008071778,0.0002632192,2.310999e-05,-3.38477e-05,-3.377878e-05,-2.192189e-05,-3.950613e-06,NaN,NaN,NaN,NaN,NaN,NaN,NaN,NaN,NaN,NaN,NaN,NaN,NaN,NaN,NaN,NaN,NaN,NaN,NaN,NaN,NaN,NaN,NaN,NaN,NaN,NaN,NaN,NaN,NaN,NaN,NaN,NaN,NaN,NaN,NaN,NaN,NaN,NaN,NaN,NaN,NaN,NaN,NaN,NaN,NaN,NaN,NaN,NaN,NaN,NaN,NaN,NaN,NaN,NaN,NaN,NaN,NaN,NaN,NaN,NaN,NaN,NaN
NaN,NaN,NaN,NaN,NaN,NaN,NaN,NaN,NaN,NaN,NaN,NaN,NaN,NaN,-0.0001270714,-0.0001242614,-0.0001204176,-0.0001242453,-0.0001487042,-0.0002254914,-0.0003288632,-0.0003519393,-0.0002192484,3.835747e-05,0.0003594078,0.0006729296,0.000921743,0.001046425,0.00100811,0.000783061,0.0004401509,0.0001415016,-2.503691e-06,-4.482638e-05,-4.579889e-05,-3.639811e-05,-2.033808e-05,NaN,NaN,NaN,NaN,NaN,NaN,NaN,NaN,NaN,NaN,NaN,NaN,NaN,NaN,NaN,NaN,NaN,NaN,NaN,NaN,NaN,NaN,NaN,NaN,NaN,NaN,NaN,NaN,NaN,NaN,NaN,NaN,NaN,NaN,NaN,NaN,NaN,NaN,NaN,NaN,NaN,NaN,NaN,NaN,NaN,NaN,NaN,NaN,NaN,NaN,NaN,NaN,NaN,NaN,NaN,NaN,NaN,NaN,NaN,NaN,NaN,NaN,NaN
NaN,NaN,NaN,NaN,NaN,NaN,NaN,NaN,NaN,NaN,NaN,NaN,NaN,NaN,NaN,-0.0001229366,-0.0001194759,-0.0001157393,-0.0001183347,-0.0001341406,-0.0001749316,-0.0002184055,-0.0002104468,-0.0001152632,4.264411e-05,0.0002148101,0.0003422564,0.0003843509,0.0003192243,0.0001832134,4.866391e-05,-2.583687e-05,-5.427121e-05,-5.545546e-05,-4.881048e-05,-3.490427e-05,NaN,NaN,NaN,NaN,NaN,NaN,NaN,NaN,NaN,NaN,NaN,NaN,NaN,NaN,NaN,NaN,NaN,NaN,NaN,NaN,NaN,NaN,NaN,NaN,NaN,NaN,NaN,NaN,NaN,NaN,NaN,NaN,NaN,NaN,NaN,NaN,NaN,NaN,NaN,NaN,NaN,NaN,NaN,NaN,NaN,NaN,NaN,NaN,NaN,NaN,NaN,NaN,NaN,NaN,NaN,NaN,NaN,NaN,NaN,NaN,NaN,NaN,NaN,NaN
NaN,NaN,NaN,NaN,NaN,NaN,NaN,NaN,NaN,NaN,NaN,NaN,NaN,NaN,NaN,-0.0001231612,-0.0001182848,-0.0001144911,-0.0001109357,-0.0001121568,-0.0001204274,-0.000137414,-0.0001475715,-0.0001297442,-7.543379e-05,-7.132213e-06,4.574459e-05,5.676834e-05,2.965087e-05,-1.424264e-05,-4.570813e-05,-6.227518e-05,-6.309687e-05,-5.871232e-05,-4.748557e-05,-3.56143e-05,NaN,NaN,NaN,NaN,NaN,NaN,NaN,NaN,NaN,NaN,NaN,NaN,NaN,NaN,NaN,NaN,NaN,NaN,NaN,NaN,NaN,NaN,NaN,NaN,NaN,NaN,NaN,NaN,NaN,NaN,NaN,NaN,NaN,NaN,NaN,NaN,NaN,NaN,NaN,NaN,NaN,NaN,NaN,NaN,NaN,NaN,NaN,NaN,NaN,NaN,NaN,NaN,NaN,NaN,NaN,NaN,NaN,NaN,NaN,NaN,NaN,NaN,NaN,NaN
NaN,NaN,NaN,NaN,NaN,NaN,NaN,NaN,NaN,NaN,NaN,NaN,NaN,NaN,NaN,NaN,-0.0001178857,-0.0001129546,-0.0001090882,-0.0001057822,-0.0001056436,-0.0001082846,-0.0001121538,-0.0001087343,-9.417094e-05,-7.069823e-05,-5.203385e-05,-4.518558e-05,-5.156878e-05,-6.075081e-05,-6.85725e-05,-6.86887e-05,-6.603152e-05,-5.747237e-05,-4.797758e-05,NaN,NaN,NaN,NaN,NaN,NaN,NaN,NaN,NaN,NaN,NaN,NaN,NaN,NaN,NaN,NaN,NaN,NaN,NaN,NaN,NaN,NaN,NaN,NaN,NaN,NaN,NaN,NaN,NaN,NaN,NaN,NaN,NaN,NaN,NaN,NaN,NaN,NaN,NaN,NaN,NaN,NaN,NaN,NaN,NaN,NaN,NaN,NaN,NaN,NaN,NaN,NaN,NaN,NaN,NaN,NaN,NaN,NaN,NaN,NaN,NaN,NaN,NaN,NaN,NaN
NaN,NaN,NaN,NaN,NaN,NaN,NaN,NaN,NaN,NaN,NaN,NaN,NaN,NaN,NaN,NaN,NaN,-0.0001112257,-0.000106511,-0.0001028341,-9.978414e-05,-9.86107e-05,-9.774173e-05,-9.607847e-05,-9.008895e-05,-8.191198e-05,-7.37005e-05,-7.04787e-05,-7.040172e-05,-7.255308e-05,-7.211272e-05,-7.051404e-05,-6.44025e-05,-5.731938e-05,NaN,NaN,NaN,NaN,NaN,NaN,NaN,NaN,NaN,NaN,NaN,NaN,NaN,NaN,NaN,NaN,NaN,NaN,NaN,NaN,NaN,NaN,NaN,NaN,NaN,NaN,NaN,NaN,NaN,NaN,NaN,NaN,NaN,NaN,NaN,NaN,NaN,NaN,NaN,NaN,NaN,NaN,NaN,NaN,NaN,NaN,NaN,NaN,NaN,NaN,NaN,NaN,NaN,NaN,NaN,NaN,NaN,NaN,NaN,NaN,NaN,NaN,NaN,NaN,NaN,NaN
NaN,NaN,NaN,NaN,NaN,NaN,NaN,NaN,NaN,NaN,NaN,NaN,NaN,NaN,NaN,NaN,NaN,-0.0001061562,-0.0001020239,-9.782505e-05,-9.456612e-05,-9.182975e-05,-9.005688e-05,-8.764975e-05,-8.468269e-05,-8.020976e-05,-7.661645e-05,-7.391335e-05,-7.335976e-05,-7.23746e-05,-7.130255e-05,-6.728939e-05,-6.242622e-05,-5.408774e-05,NaN,NaN,NaN,NaN,NaN,NaN,NaN,NaN,NaN,NaN,NaN,NaN,NaN,NaN,NaN,NaN,NaN,NaN,NaN,NaN,NaN,NaN,NaN,NaN,NaN,NaN,NaN,NaN,NaN,NaN,NaN,NaN,NaN,NaN,NaN,NaN,NaN,NaN,NaN,NaN,NaN,NaN,NaN,NaN,NaN,NaN,NaN,NaN,NaN,NaN,NaN,NaN,NaN,NaN,NaN,NaN,NaN,NaN,NaN,NaN,NaN,NaN,NaN,NaN,NaN,NaN
NaN,NaN,NaN,NaN,NaN,NaN,NaN,NaN,NaN,NaN,NaN,NaN,NaN,NaN,NaN,NaN,NaN,NaN,-9.243305e-05,-8.879938e-05,-8.539715e-05,-8.277051e-05,-8.042082e-05,-7.851083e-05,-7.598285e-05,-7.354598e-05,-7.093684e-05,-6.945214e-05,-6.810755e-05,-6.712437e-05,-6.476438e-05,-6.176282e-05,-5.618522e-05,NaN,NaN,NaN,NaN,NaN,NaN,NaN,NaN,NaN,NaN,NaN,NaN,NaN,NaN,NaN,NaN,NaN,NaN,NaN,NaN,NaN,NaN,NaN,NaN,NaN,NaN,NaN,NaN,NaN,NaN,NaN,NaN,NaN,NaN,NaN,NaN,NaN,NaN,NaN,NaN,NaN,NaN,NaN,NaN,NaN,NaN,NaN,NaN,NaN,NaN,NaN,NaN,NaN,NaN,NaN,NaN,NaN,NaN,NaN,NaN,NaN,NaN,NaN,NaN,NaN,NaN,NaN
NaN,NaN,NaN,NaN,NaN,NaN,NaN,NaN,NaN,NaN,NaN,NaN,NaN,NaN,NaN,NaN,NaN,NaN,-7.638074e-05,-7.319428e-05,-7.045153e-05,-6.802279e-05,-6.613452e-05,-6.428506e-05,-6.263769e-05,-6.074198e-05,-5.923922e-05,-5.782371e-05,-5.691938e-05,-5.555567e-05,-5.391675e-05,-5.072122e-05,-4.669792e-05,NaN,NaN,NaN,NaN,NaN,NaN,NaN,NaN,NaN,NaN,NaN,NaN,NaN,NaN,NaN,NaN,NaN,NaN,NaN,NaN,NaN,NaN,NaN,NaN,NaN,NaN,NaN,NaN,NaN,NaN,NaN,NaN,NaN,NaN,NaN,NaN,NaN,NaN,NaN,NaN,NaN,NaN,NaN,NaN,NaN,NaN,NaN,NaN,NaN,NaN,NaN,NaN,NaN,NaN,NaN,NaN,NaN,NaN,NaN,NaN,NaN,NaN,NaN,NaN,NaN,NaN,NaN
NaN,NaN,NaN,NaN,NaN,NaN,NaN,NaN,NaN,NaN,NaN,NaN,NaN,NaN,NaN,NaN,NaN,NaN,NaN,-5.142911e-05,-4.945631e-05,-4.774055e-05,-4.631996e-05,-4.509912e-05,-4.390411e-05,-4.277295e-05,-4.171763e-05,-4.089349e-05,-4.012292e-05,-3.922066e-05,-3.779438e-05,-3.581552e-05,NaN,NaN,NaN,NaN,NaN,NaN,NaN,NaN,NaN,NaN,NaN,NaN,NaN,NaN,NaN,NaN,NaN,NaN,NaN,NaN,NaN,NaN,NaN,NaN,NaN,NaN,NaN,NaN,NaN,NaN,NaN,NaN,NaN,NaN,NaN,NaN,NaN,NaN,NaN,NaN,NaN,NaN,NaN,NaN,NaN,NaN,NaN,NaN,NaN,NaN,NaN,NaN,NaN,NaN,NaN,NaN,NaN,NaN,NaN,NaN,NaN,NaN,NaN,NaN,NaN,NaN,NaN,NaN
NaN,NaN,NaN,NaN,NaN,NaN,NaN,NaN,NaN,NaN,NaN,NaN,NaN,NaN,NaN,NaN,NaN,NaN,NaN,-2.715796e-05,-2.611327e-05,-2.519734e-05,-2.445281e-05,-2.377694e-05,-2.318981e-05,-2.259068e-05,-2.209396e-05,-2.162426e-05,-2.124321e-05,-2.071602e-05,-2.003506e-05,-1.886261e-05,NaN,NaN,NaN,NaN,NaN,NaN,NaN,NaN,NaN,NaN,NaN,NaN,NaN,NaN,NaN,NaN,NaN,NaN,NaN,NaN,NaN,NaN,NaN,NaN,NaN,NaN,NaN,NaN,NaN,NaN,NaN,NaN,NaN,NaN,NaN,NaN,NaN,NaN,NaN,NaN,NaN,NaN,NaN,NaN,NaN,NaN,NaN,NaN,NaN,NaN,NaN,NaN,NaN,NaN,NaN,NaN,NaN,NaN,NaN,NaN,NaN,NaN,NaN,NaN,NaN,NaN,NaN,NaN
NaN,NaN,NaN,NaN,NaN,NaN,NaN,NaN,NaN,NaN,NaN,NaN,NaN,NaN,NaN,NaN,NaN,NaN,NaN,-7.529959e-06,-7.324406e-06,-6.973231e-06,-6.849711e-06,-6.585898e-06,-6.506141e-06,-6.249771e-06,-6.207677e-06,-5.987512e-06,-5.996184e-06,-5.723346e-06,-5.607253e-06,-5.229495e-06,NaN,NaN,NaN,NaN,NaN,NaN,NaN,NaN,NaN,NaN,NaN,NaN,NaN,NaN,NaN,NaN,NaN,NaN,NaN,NaN,NaN,NaN,NaN,NaN,NaN,NaN,NaN,NaN,NaN,NaN,NaN,NaN,NaN,NaN,NaN,NaN,NaN,NaN,NaN,NaN,NaN,NaN,NaN,NaN,NaN,NaN,NaN,NaN,NaN,NaN,NaN,NaN,NaN,NaN,NaN,NaN,NaN,NaN,NaN,NaN,NaN,NaN,NaN,NaN,NaN,NaN,NaN,NaN
NaN,NaN,NaN,NaN,NaN,NaN,NaN,NaN,NaN,NaN,NaN,NaN,NaN,NaN,NaN,NaN,NaN,NaN,NaN,0,0,0,0,0,0,0,0,0,0,0,0,0,NaN,NaN,NaN,NaN,NaN,NaN,NaN,NaN,NaN,NaN,NaN,NaN,NaN,NaN,NaN,NaN,NaN,NaN,NaN,NaN,NaN,NaN,NaN,NaN,NaN,NaN,NaN,NaN,NaN,NaN,NaN,NaN,NaN,NaN,NaN,NaN,NaN,NaN,NaN,NaN,NaN,NaN,NaN,NaN,NaN,NaN,NaN,NaN,NaN,NaN,NaN,NaN,NaN,NaN,NaN,NaN,NaN,NaN,NaN,NaN,NaN,NaN,NaN,NaN,NaN,NaN,NaN,NaN
