NaN,NaN,NaN,NaN,NaN,NaN,NaN,NaN,NaN,NaN,NaN,NaN,NaN,NaN,NaN,NaN,NaN,NaN,NaN,0,0,0,0,0,0,0,0,0,0,0,0,0,NaN,NaN,NaN,NaN,NaN,NaN,NaN,NaN,NaN,NaN,NaN,NaN,NaN,NaN,NaN,NaN,NaN,NaN,NaN,NaN,NaN,NaN,NaN,NaN,NaN,NaN,NaN,NaN,NaN,NaN,NaN,NaN,NaN,NaN,NaN,NaN,NaN,NaN,NaN,NaN,NaN,NaN,NaN,NaN,NaN,NaN,NaN,NaN,NaN,NaN,NaN,NaN,NaN,NaN,NaN,NaN,NaN,NaN,NaN,NaN,NaN,NaN,NaN,NaN,NaN,NaN,NaN,NaN
NaN,NaN,NaN,NaN,NaN,NaN,NaN,NaN,NaN,NaN,NaN,NaN,NaN,NaN,NaN,NaN,NaN,NaN,NaN,1.992951e-09,2.252812e-09,1.549979e-09,1.70541e-09,1.18616e-09,1.559147e-09,1.065128e-09,1.36571e-09,7.743853e-10,1.29053e-09,1.165017e-09,2.182381e-09,2.405562e-09,NaN,NaN,NaN,NaN,NaN,NaN,NaN,NaN,NaN,NaN,NaN,NaN,NaN,NaN,NaN,NaN,NaN,NaN,NaN,NaN,NaN,NaN,NaN,NaN,NaN,NaN,NaN,NaN,NaN,NaN,NaN,NaN,NaN,NaN,NaN,NaN,NaN,NaN,NaN,NaN,NaN,NaN,NaN,NaN,NaN,NaN,NaN,NaN,NaN,NaN,NaN,NaN,NaN,NaN,NaN,NaN,NaN,NaN,NaN,NaN,NaN,NaN,NaN,NaN,NaN,NaN,NaN,NaN
NaN,NaN,NaN,NaN,NaN,NaN,NaN,NaN,NaN,NaN,NaN,NaN,NaN,NaN,NaN,NaN,NaN,NaN,NaN,1.887958e-08,4.278474e-08,1.519108e-08,3.267245e-08,9.730787e-09,3.163738e-08,8.319478e-09,2.84159e-08,2.849935e-09,2.681317e-08,1.129415e-08,4.07138e-08,2.265816e-08,NaN,NaN,NaN,NaN,NaN,NaN,NaN,NaN,NaN,NaN,NaN,NaN,NaN,NaN,NaN,NaN,NaN,NaN,NaN,NaN,NaN,NaN,NaN,NaN,NaN,NaN,NaN,NaN,NaN,NaN,NaN,NaN,NaN,NaN,NaN,NaN,NaN,NaN,NaN,NaN,NaN,NaN,NaN,NaN,NaN,NaN,NaN,NaN,NaN,NaN,NaN,NaN,NaN,NaN,NaN,NaN,NaN,NaN,NaN,NaN,NaN,NaN,NaN,NaN,NaN,NaN,NaN,NaN
NaN,NaN,NaN,NaN,NaN,NaN,NaN,NaN,NaN,NaN,NaN,NaN,NaN,NaN,NaN,NaN,NaN,NaN,NaN,1.672563e-07,1.208523e-07,1.28334e-07,9.015492e-08,1.066857e-07,8.086975e-08,1.015433e-07,6.783671e-08,8.226478e-08,5.841505e-08,9.976034e-08,1.14985e-07,2.061642e-07,NaN,NaN,NaN,NaN,NaN,NaN,NaN,NaN,NaN,NaN,NaN,NaN,NaN,NaN,NaN,NaN,NaN,NaN,NaN,NaN,NaN,NaN,NaN,NaN,NaN,NaN,NaN,NaN,NaN,NaN,NaN,NaN,NaN,NaN,NaN,NaN,NaN,NaN,NaN,NaN,NaN,NaN,NaN,NaN,NaN,NaN,NaN,NaN,NaN,NaN,NaN,NaN,NaN,NaN,NaN,NaN,NaN,NaN,NaN,NaN,NaN,NaN,NaN,NaN,NaN,NaN,NaN,NaN
NaN,NaN,NaN,NaN,NaN,NaN,NaN,NaN,NaN,NaN,NaN,NaN,NaN,NaN,NaN,NaN,NaN,NaN,4.943972e-07,3.549545e-07,4.12725e-07,2.735064e-07,3.119752e-07,2.199161e-07,3.07787e-07,2.167555e-07,2.696512e-07,1.430714e-07,2.29786e-07,2.063134e-07,3.921087e-07,4.323609e-07,7.753922e-07,NaN,NaN,NaN,NaN,NaN,NaN,NaN,NaN,NaN,NaN,NaN,NaN,NaN,NaN,NaN,NaN,NaN,NaN,NaN,NaN,NaN,NaN,NaN,NaN,NaN,NaN,NaN,NaN,NaN,NaN,NaN,NaN,NaN,NaN,NaN,NaN,NaN,NaN,NaN,NaN,NaN,NaN,NaN,NaN,NaN,NaN,NaN,NaN,NaN,NaN,NaN,NaN,NaN,NaN,NaN,NaN,NaN,NaN,NaN,NaN,NaN,NaN,NaN,NaN,NaN,NaN,NaN
NaN,NaN,NaN,NaN,NaN,NaN,NaN,NaN,NaN,NaN,NaN,NaN,NaN,NaN,NaN,NaN,NaN,NaN,8.236376e-07,9.051263e-07,6.787426e-07,6.815275e-07,5.090023e-07,6.023503e-07,5.343252e-07,6.366004e-07,4.563168e-07,4.559651e-07,3.201737e-07,5.139185e-07,6.353189e-07,1.115006e-06,1.295025e-06,NaN,NaN,NaN,NaN,NaN,NaN,NaN,NaN,NaN,NaN,NaN,NaN,NaN,NaN,NaN,NaN,NaN,NaN,NaN,NaN,NaN,NaN,NaN,NaN,NaN,NaN,NaN,NaN,NaN,NaN,NaN,NaN,NaN,NaN,NaN,NaN,NaN,NaN,NaN,NaN,NaN,NaN,NaN,NaN,NaN,NaN,NaN,NaN,NaN,NaN,NaN,NaN,NaN,NaN,NaN,NaN,NaN,NaN,NaN,NaN,NaN,NaN,NaN,NaN,NaN,NaN,NaN
NaN,NaN,NaN,NaN,NaN,NaN,NaN,NaN,NaN,NaN,NaN,NaN,NaN,NaN,NaN,NaN,NaN,1.434472e-06,1.666563e-06,1.289859e-06,1.349875e-06,9.42267e-07,1.019019e-06,9.057882e-07,1.272737e-06,1.117931e-06,1.121874e-06,6.050944e-07,6.828704e-07,6.562111e-07,1.252704e-06,1.559988e-06,2.618367e-06,2.936697e-06,NaN,NaN,NaN,NaN,NaN,NaN,NaN,NaN,NaN,NaN,NaN,NaN,NaN,NaN,NaN,NaN,NaN,NaN,NaN,NaN,NaN,NaN,NaN,NaN,NaN,NaN,NaN,NaN,NaN,NaN,NaN,NaN,NaN,NaN,NaN,NaN,NaN,NaN,NaN,NaN,NaN,NaN,NaN,NaN,NaN,NaN,NaN,NaN,NaN,NaN,NaN,NaN,NaN,NaN,NaN,NaN,NaN,NaN,NaN,NaN,NaN,NaN,NaN,NaN,NaN,NaN
NaN,NaN,NaN,NaN,NaN,NaN,NaN,NaN,NaN,NaN,NaN,NaN,NaN,NaN,NaN,NaN,NaN,2.553101e-06,2.137056e-06,2.289459e-06,1.609823e-06,1.545319e-06,1.216245e-06,1.87008e-06,2.248666e-06,2.734188e-06,1.951524e-06,1.346302e-06,5.691283e-07,9.635977e-07,1.392542e-06,2.79244e-06,3.338398e-06,5.112764e-06,NaN,NaN,NaN,NaN,NaN,NaN,NaN,NaN,NaN,NaN,NaN,NaN,NaN,NaN,NaN,NaN,NaN,NaN,NaN,NaN,NaN,NaN,NaN,NaN,NaN,NaN,NaN,NaN,NaN,NaN,NaN,NaN,NaN,NaN,NaN,NaN,NaN,NaN,NaN,NaN,NaN,NaN,NaN,NaN,NaN,NaN,NaN,NaN,NaN,NaN,NaN,NaN,NaN,NaN,NaN,NaN,NaN,NaN,NaN,NaN,NaN,NaN,NaN,NaN,NaN,NaN
NaN,NaN,NaN,NaN,NaN,NaN,NaN,NaN,NaN,NaN,NaN,NaN,NaN,NaN,NaN,NaN,3.467277e-06,3.076238e-06,3.477986e-06,2.480821e-06,2.278462e-06,1.169638e-06,1.821737e-06,3.229309e-06,5.940588e-06,6.236904e-06,4.937167e-06,1.68375e-06,3.610327e-07,4.017918e-08,1.731012e-06,2.864738e-06,5.44987e-06,6.269081e-06,8.810074e-06,NaN,NaN,NaN,NaN,NaN,NaN,NaN,NaN,NaN,NaN,NaN,NaN,NaN,NaN,NaN,NaN,NaN,NaN,NaN,NaN,NaN,NaN,NaN,NaN,NaN,NaN,NaN,NaN,NaN,NaN,NaN,NaN,NaN,NaN,NaN,NaN,NaN,NaN,NaN,NaN,NaN,NaN,NaN,NaN,NaN,NaN,NaN,NaN,NaN,NaN,NaN,NaN,NaN,NaN,NaN,NaN,NaN,NaN,NaN,NaN,NaN,NaN,NaN,NaN,NaN
NaN,NaN,NaN,NaN,NaN,NaN,NaN,NaN,NaN,NaN,NaN,NaN,NaN,NaN,NaN,4.195351e-06,3.996324e-06,4.728091e-06,3.563225e-06,3.18156e-06,5.463639e-07,1.222346e-08,2.1694e-06,1.004101e-05,1.690874e-05,1.88212e-05,1.201759e-05,3.027849e-06,-3.808565e-06,-3.844786e-06,-1.226826e-06,3.484473e-06,5.474627e-06,9.47808e-06,1.056381e-05,1.362551e-05,NaN,NaN,NaN,NaN,NaN,NaN,NaN,NaN,NaN,NaN,NaN,NaN,NaN,NaN,NaN,NaN,NaN,NaN,NaN,NaN,NaN,NaN,NaN,NaN,NaN,NaN,NaN,NaN,NaN,NaN,NaN,NaN,NaN,NaN,NaN,NaN,NaN,NaN,NaN,NaN,NaN,NaN,NaN,NaN,NaN,NaN,NaN,NaN,NaN,NaN,NaN,NaN,NaN,NaN,NaN,NaN,NaN,NaN,NaN,NaN,NaN,NaN,NaN,NaN
NaN,NaN,NaN,NaN,NaN,NaN,NaN,NaN,NaN,NaN,NaN,NaN,NaN,NaN,NaN,4.68717e-06,5.871502e-06,4.722591e-06,4.229614e-06,-8.460242e-07,-5.006289e-06,-4.82589e-06,1.159648e-05,3.542463e-05,5.433631e-05,5.359453e-05,3.506765e-05,4.804834e-06,-1.795759e-05,-2.397221e-05,-1.359273e-05,-3.253456e-06,6.551665e-06,9.697414e-06,1.496489e-05,1.616812e-05,NaN,NaN,NaN,NaN,NaN,NaN,NaN,NaN,NaN,NaN,NaN,NaN,NaN,NaN,NaN,NaN,NaN,NaN,NaN,NaN,NaN,NaN,NaN,NaN,NaN,NaN,NaN,NaN,NaN,NaN,NaN,NaN,NaN,NaN,NaN,NaN,NaN,NaN,NaN,NaN,NaN,NaN,NaN,NaN,NaN,NaN,NaN,NaN,NaN,NaN,NaN,NaN,NaN,NaN,NaN,NaN,NaN,NaN,NaN,NaN,NaN,NaN,NaN,NaN
NaN,NaN,NaN,NaN,NaN,NaN,NaN,NaN,NaN,NaN,NaN,NaN,NaN,NaN,5.069364e-06,6.6197e-06,5.851101e-06,5.226355e-06,-2.863511e-06,-1.49706e-05,-2.270305e-05,3.851117e-06,5.59708e-05,0.0001110854,0.0001403238,0.0001347695,9.055909e-05,2.471651e-05,-4.334603e-05,-8.035444e-05,-7.175837e-05,-3.21216e-05,-5.509437e-06,1.127515e-05,1.577318e-05,2.16676e-05,2.285666e-05,NaN,NaN,NaN,NaN,NaN,NaN,NaN,NaN,NaN,NaN,NaN,NaN,NaN,NaN,NaN,NaN,NaN,NaN,NaN,NaN,NaN,NaN,NaN,NaN,NaN,NaN,NaN,NaN,NaN,NaN,NaN,NaN,NaN,NaN,NaN,NaN,NaN,NaN,NaN,NaN,NaN,NaN,NaN,NaN,NaN,NaN,NaN,NaN,NaN,NaN,NaN,NaN,NaN,NaN,NaN,NaN,NaN,NaN,NaN,NaN,NaN,NaN,NaN
NaN,NaN,NaN,NaN,NaN,NaN,NaN,NaN,NaN,NaN,NaN,NaN,NaN,4.998093e-06,6.865508e-06,6.6833e-06,6.009348e-06,-5.288056e-06,-3.107648e-05,-5.604698e-05,-2.089008e-05,6.714017e-05,0.0001760387,0.0002589841,0.00029874,0.0002766677,0.00020233,8.289031e-05,-4.795272e-05,-0.0001610168,-0.0002035172,-0.0001591199,-6.246225e-05,-6.774208e-06,1.764788e-05,2.367841e-05,2.905928e-05,3.081101e-05,NaN,NaN,NaN,NaN,NaN,NaN,NaN,NaN,NaN,NaN,NaN,NaN,NaN,NaN,NaN,NaN,NaN,NaN,NaN,NaN,NaN,NaN,NaN,NaN,NaN,NaN,NaN,NaN,NaN,NaN,NaN,NaN,NaN,NaN,NaN,NaN,NaN,NaN,NaN,NaN,NaN,NaN,NaN,NaN,NaN,NaN,NaN,NaN,NaN,NaN,NaN,NaN,NaN,NaN,NaN,NaN,NaN,NaN,NaN,NaN,NaN,NaN
NaN,NaN,NaN,NaN,NaN,NaN,NaN,NaN,NaN,NaN,NaN,NaN,NaN,6.452824e-06,7.113034e-06,6.307622e-06,-7.898273e-06,-5.332987e-05,-0.0001080192,-6.916749e-05,5.815092e-05,0.0002322943,0.0003889369,0.000502947,0.0005396147,0.0005009865,0.0003793764,0.0002032415,-1.204126e-05,-0.0002136094,-0.0003690292,-0.0004019792,-0.0002932855,-0.0001061985,-5.668227e-06,2.50328e-05,3.301111e-05,3.731688e-05,NaN,NaN,NaN,NaN,NaN,NaN,NaN,NaN,NaN,NaN,NaN,NaN,NaN,NaN,NaN,NaN,NaN,NaN,NaN,NaN,NaN,NaN,NaN,NaN,NaN,NaN,NaN,NaN,NaN,NaN,NaN,NaN,NaN,NaN,NaN,NaN,NaN,NaN,NaN,NaN,NaN,NaN,NaN,NaN,NaN,NaN,NaN,NaN,NaN,NaN,NaN,NaN,NaN,NaN,NaN,NaN,NaN,NaN,NaN,NaN,NaN,NaN
NaN,NaN,NaN,NaN,NaN,NaN,NaN,NaN,NaN,NaN,NaN,NaN,5.234107e-06,6.946497e-06,6.135529e-06,-1.067091e-05,-8.061575e-05,-0.0001797201,-0.0001455206,2.004265e-05,0.0002648466,0.0005105546,0.0007226078,0.0008507678,0.0008886124,0.0008137971,0.0006471204,0.0003907373,9.099388e-05,-0.0002294465,-0.0004995003,-0.0006827264,-0.0006836465,-0.000480051,-0.0001606207,-2.671966e-06,3.315383e-05,4.422877e-05,4.509201e-05,NaN,NaN,NaN,NaN,NaN,NaN,NaN,NaN,NaN,NaN,NaN,NaN,NaN,NaN,NaN,NaN,NaN,NaN,NaN,NaN,NaN,NaN,NaN,NaN,NaN,NaN,NaN,NaN,NaN,NaN,NaN,NaN,NaN,NaN,NaN,NaN,NaN,NaN,NaN,NaN,NaN,NaN,NaN,NaN,NaN,NaN,NaN,NaN,NaN,NaN,NaN,NaN,NaN,NaN,NaN,NaN,NaN,NaN,NaN,NaN,NaN
NaN,NaN,NaN,NaN,NaN,NaN,NaN,NaN,NaN,NaN,NaN,3.159584e-06,6.026744e-06,5.278367e-06,-1.331736e-05,-0.0001114573,-0.0002697271,-0.0002528166,-5.367429e-05,0.0002614447,0.0006065082,0.000933811,0.001181677,0.001331574,0.001349406,0.001244245,0.001007779,0.0006755819,0.0002618502,-0.0001730982,-0.0005973631,-0.0009263457,-0.001113004,-0.001056234,-0.0007191057,-0.0002239162,2.202156e-06,4.368551e-05,5.477184e-05,5.292774e-05,NaN,NaN,NaN,NaN,NaN,NaN,NaN,NaN,NaN,NaN,NaN,NaN,NaN,NaN,NaN,NaN,NaN,NaN,NaN,NaN,NaN,NaN,NaN,NaN,NaN,NaN,NaN,NaN,NaN,NaN,NaN,NaN,NaN,NaN,NaN,NaN,NaN,NaN,NaN,NaN,NaN,NaN,NaN,NaN,NaN,NaN,NaN,NaN,NaN,NaN,NaN,NaN,NaN,NaN,NaN,NaN,NaN,NaN,NaN,NaN
NaN,NaN,NaN,NaN,NaN,NaN,NaN,NaN,NaN,NaN,2.567355e-07,4.409813e-06,3.397268e-06,-1.577653e-05,-0.0001438533,-0.0003755657,-0.000390388,-0.0001679809,0.0002137934,0.0006615152,0.001115822,0.00150448,0.001797119,0.001947165,0.001952534,0.001793077,0.001493603,0.001057827,0.0005357593,-4.805839e-05,-0.0006196288,-0.001137671,-0.001507392,-0.001670469,-0.001523269,-0.001006298,-0.0002932208,9.50149e-06,5.299773e-05,6.554113e-05,5.931422e-05,NaN,NaN,NaN,NaN,NaN,NaN,NaN,NaN,NaN,NaN,NaN,NaN,NaN,NaN,NaN,NaN,NaN,NaN,NaN,NaN,NaN,NaN,NaN,NaN,NaN,NaN,NaN,NaN,NaN,NaN,NaN,NaN,NaN,NaN,NaN,NaN,NaN,NaN,NaN,NaN,NaN,NaN,NaN,NaN,NaN,NaN,NaN,NaN,NaN,NaN,NaN,NaN,NaN,NaN,NaN,NaN,NaN,NaN,NaN
NaN,NaN,NaN,NaN,NaN,NaN,NaN,NaN,NaN,-3.502789e-06,2.181782e-06,4.378388e-07,-1.79265e-05,-0.0001759382,-0.0004937895,-0.0005560617,-0.0003232727,0.000115717,0.0006646317,0.001250388,0.001794714,0.002252775,0.002568836,0.0027271,0.002697509,0.002491548,0.002103756,0.001571669,0.0009119071,0.0001863572,-0.0005698037,-0.001271329,-0.001865733,-0.002252827,-0.002361484,-0.002079788,-0.001343835,-0.0003662336,1.886855e-05,6.205665e-05,7.579798e-05,6.35591e-05,NaN,NaN,NaN,NaN,NaN,NaN,NaN,NaN,NaN,NaN,NaN,NaN,NaN,NaN,NaN,NaN,NaN,NaN,NaN,NaN,NaN,NaN,NaN,NaN,NaN,NaN,NaN,NaN,NaN,NaN,NaN,NaN,NaN,NaN,NaN,NaN,NaN,NaN,NaN,NaN,NaN,NaN,NaN,NaN,NaN,NaN,NaN,NaN,NaN,NaN,NaN,NaN,NaN,NaN,NaN,NaN,NaN,NaN
NaN,NaN,NaN,NaN,NaN,NaN,NaN,NaN,NaN,-6.910805e-07,-3.449949e-06,-2.004961e-05,-0.0002056412,-0.000619683,-0.0007460361,-0.0005174432,-3.411068e-05,0.0006081484,0.001324016,0.002030882,0.002669624,0.003177329,0.003523712,0.003669627,0.003612411,0.003337926,0.002869583,0.002216418,0.001426221,0.0005290582,-0.0004041747,-0.001325069,-0.002143714,-0.002791242,-0.003168838,-0.003182978,-0.002734918,-0.001723149,-0.0004394272,2.995829e-05,6.905988e-05,8.309945e-05,NaN,NaN,NaN,NaN,NaN,NaN,NaN,NaN,NaN,NaN,NaN,NaN,NaN,NaN,NaN,NaN,NaN,NaN,NaN,NaN,NaN,NaN,NaN,NaN,NaN,NaN,NaN,NaN,NaN,NaN,NaN,NaN,NaN,NaN,NaN,NaN,NaN,NaN,NaN,NaN,NaN,NaN,NaN,NaN,NaN,NaN,NaN,NaN,NaN,NaN,NaN,NaN,NaN,NaN,NaN,NaN,NaN,NaN
NaN,NaN,NaN,NaN,NaN,NaN,NaN,NaN,-4.188953e-06,-8.15454e-06,-2.232272e-05,-0.0002322962,-0.0007482579,-0.0009532844,-0.0007453448,-0.0002335349,0.0004897191,0.001327591,0.002196556,0.003022795,0.003739209,0.004299853,0.004658499,0.004797472,0.0046944,0.004358029,0.003789345,0.003022239,0.002079252,0.001017782,-0.0001205801,-0.001256192,-0.002328675,-0.003243968,-0.003919392,-0.004252892,-0.004141806,-0.003475913,-0.002144097,-0.0005098205,4.036041e-05,7.101068e-05,9.289354e-05,NaN,NaN,NaN,NaN,NaN,NaN,NaN,NaN,NaN,NaN,NaN,NaN,NaN,NaN,NaN,NaN,NaN,NaN,NaN,NaN,NaN,NaN,NaN,NaN,NaN,NaN,NaN,NaN,NaN,NaN,NaN,NaN,NaN,NaN,NaN,NaN,NaN,NaN,NaN,NaN,NaN,NaN,NaN,NaN,NaN,NaN,NaN,NaN,NaN,NaN,NaN,NaN,NaN,NaN,NaN,NaN,NaN
NaN,NaN,NaN,NaN,NaN,NaN,NaN,-8.030796e-06,-1.400582e-05,-2.463635e-05,-0.000255767,-0.0008749858,-0.001169947,-0.0009974547,-0.0004763752,0.00031212,0.00125754,0.002281298,0.003292804,0.004226378,0.005016771,0.005616602,0.005988446,0.006106998,0.005961177,0.005549354,0.004885164,0.003989461,0.002898881,0.001655421,0.0003173726,-0.001053813,-0.002382484,-0.003584285,-0.004575286,-0.005245164,-0.005507532,-0.005222458,-0.004305189,-0.002602008,-0.0005849311,4.749819e-05,7.978086e-05,9.495307e-05,NaN,NaN,NaN,NaN,NaN,NaN,NaN,NaN,NaN,NaN,NaN,NaN,NaN,NaN,NaN,NaN,NaN,NaN,NaN,NaN,NaN,NaN,NaN,NaN,NaN,NaN,NaN,NaN,NaN,NaN,NaN,NaN,NaN,NaN,NaN,NaN,NaN,NaN,NaN,NaN,NaN,NaN,NaN,NaN,NaN,NaN,NaN,NaN,NaN,NaN,NaN,NaN,NaN,NaN,NaN,NaN
NaN,NaN,NaN,NaN,NaN,NaN,-1.258627e-05,-1.991505e-05,-2.806008e-05,-0.0002754775,-0.0009971429,-0.001386086,-0.00126348,-0.0007501359,8.223426e-05,0.001117875,0.002279951,0.003468606,0.004615683,0.005643675,0.006499619,0.007132727,0.007509313,0.007605432,0.007409701,0.006923056,0.006156462,0.005134364,0.003888963,0.002466492,0.0009187639,-0.0006877551,-0.002280839,-0.003781294,-0.005091917,-0.006127428,-0.006764875,-0.006914334,-0.006424599,-0.005213271,-0.003087409,-0.0006667594,5.515579e-05,7.399445e-05,0.0001006688,NaN,NaN,NaN,NaN,NaN,NaN,NaN,NaN,NaN,NaN,NaN,NaN,NaN,NaN,NaN,NaN,NaN,NaN,NaN,NaN,NaN,NaN,NaN,NaN,NaN,NaN,NaN,NaN,NaN,NaN,NaN,NaN,NaN,NaN,NaN,NaN,NaN,NaN,NaN,NaN,NaN,NaN,NaN,NaN,NaN,NaN,NaN,NaN,NaN,NaN,NaN,NaN,NaN,NaN,NaN
NaN,NaN,NaN,NaN,NaN,-1.719639e-05,-2.65879e-05,-3.176374e-05,-0.0002936804,-0.001108264,-0.001595146,-0.001528002,-0.001042287,-0.0001840599,0.0009158948,0.002198241,0.003543573,0.004895687,0.006154052,0.007274306,0.008180261,0.00884418,0.009216355,0.009289312,0.009038218,0.008477743,0.007606277,0.006459927,0.005058606,0.003459066,0.001701361,-0.0001381534,-0.002003435,-0.003794407,-0.005447303,-0.006835013,-0.007889572,-0.008455584,-0.00846435,-0.007726442,-0.006175806,-0.00364433,-0.0007601177,5.91826e-05,7.640378e-05,9.923366e-05,NaN,NaN,NaN,NaN,NaN,NaN,NaN,NaN,NaN,NaN,NaN,NaN,NaN,NaN,NaN,NaN,NaN,NaN,NaN,NaN,NaN,NaN,NaN,NaN,NaN,NaN,NaN,NaN,NaN,NaN,NaN,NaN,NaN,NaN,NaN,NaN,NaN,NaN,NaN,NaN,NaN,NaN,NaN,NaN,NaN,NaN,NaN,NaN,NaN,NaN,NaN,NaN,NaN,NaN
NaN,NaN,NaN,NaN,-2.26382e-05,-3.272242e-05,-3.717479e-05,-0.0003107672,-0.001207861,-0.001782684,-0.001779715,-0.001331992,-0.0004718145,0.000670941,0.002044311,0.003525293,0.005058762,0.006536512,0.007911125,0.009095706,0.01005658,0.01073207,0.01110613,0.01114217,0.01084496,0.01020095,0.0092362,0.007958731,0.006415348,0.004633768,0.00268051,0.0006012412,-0.001516252,-0.003615658,-0.005582707,-0.007356387,-0.008794197,-0.00983225,-0.01029807,-0.01012874,-0.009118425,-0.00724871,-0.004216978,-0.0008577415,6.274484e-05,5.913534e-05,9.842368e-05,NaN,NaN,NaN,NaN,NaN,NaN,NaN,NaN,NaN,NaN,NaN,NaN,NaN,NaN,NaN,NaN,NaN,NaN,NaN,NaN,NaN,NaN,NaN,NaN,NaN,NaN,NaN,NaN,NaN,NaN,NaN,NaN,NaN,NaN,NaN,NaN,NaN,NaN,NaN,NaN,NaN,NaN,NaN,NaN,NaN,NaN,NaN,NaN,NaN,NaN,NaN,NaN,NaN
NaN,NaN,NaN,-2.807087e-05,-3.944572e-05,-4.292785e-05,-0.0003298532,-0.001290511,-0.001943148,-0.001997901,-0.001603146,-0.0007549201,0.0004007812,0.00184116,0.003423129,0.005114745,0.0067831,0.008399108,0.009847423,0.01110964,0.0120931,0.01279458,0.013146,0.01316291,0.01280009,0.01209405,0.01102072,0.009637333,0.007939127,0.006003698,0.003844026,0.001557564,-0.0008291947,-0.003194289,-0.005505637,-0.007612818,-0.009481187,-0.0109308,-0.01192685,-0.01225676,-0.01189777,-0.01060345,-0.008350626,-0.00487385,-0.0009695122,5.715731e-05,4.973471e-05,9.389991e-05,NaN,NaN,NaN,NaN,NaN,NaN,NaN,NaN,NaN,NaN,NaN,NaN,NaN,NaN,NaN,NaN,NaN,NaN,NaN,NaN,NaN,NaN,NaN,NaN,NaN,NaN,NaN,NaN,NaN,NaN,NaN,NaN,NaN,NaN,NaN,NaN,NaN,NaN,NaN,NaN,NaN,NaN,NaN,NaN,NaN,NaN,NaN,NaN,NaN,NaN,NaN,NaN
NaN,NaN,-3.470678e-05,-4.605862e-05,-5.05947e-05,-0.0003502773,-0.00135552,-0.002062998,-0.002171532,-0.001829165,-0.00101254,0.00013669,0.001609904,0.00326384,0.00507517,0.00690614,0.008731052,0.01042546,0.0119707,0.01326165,0.01429243,0.01498073,0.01533733,0.01530241,0.01490681,0.014111,0.01296686,0.01145347,0.009643718,0.007533064,0.005214934,0.00269896,0.0001013631,-0.002561644,-0.005145166,-0.007632431,-0.009847249,-0.0117749,-0.01320539,-0.0141322,-0.01430864,-0.01374576,-0.01213772,-0.009560965,-0.00552465,-0.001114087,3.962316e-05,3.644305e-05,8.335872e-05,NaN,NaN,NaN,NaN,NaN,NaN,NaN,NaN,NaN,NaN,NaN,NaN,NaN,NaN,NaN,NaN,NaN,NaN,NaN,NaN,NaN,NaN,NaN,NaN,NaN,NaN,NaN,NaN,NaN,NaN,NaN,NaN,NaN,NaN,NaN,NaN,NaN,NaN,NaN,NaN,NaN,NaN,NaN,NaN,NaN,NaN,NaN,NaN,NaN,NaN,NaN
NaN,-4.164433e-05,-5.226296e-05,-6.040313e-05,-0.0003738121,-0.001397366,-0.00213584,-0.002281359,-0.001992137,-0.001213822,-9.458602e-05,0.001385676,0.003073661,0.004969731,0.006921301,0.008921233,0.01082573,0.01263037,0.01420685,0.01556073,0.01658385,0.01729617,0.01761127,0.01756727,0.01709765,0.01626126,0.01500959,0.01342242,0.01146717,0.009244706,0.00673622,0.004063763,0.001217555,-0.001653962,-0.004559854,-0.007320667,-0.009948472,-0.01223098,-0.01418683,-0.01556746,-0.01640637,-0.01640973,-0.01563524,-0.01372028,-0.01075255,-0.006256705,-0.001326617,1.23053e-05,1.607531e-05,7.013549e-05,NaN,NaN,NaN,NaN,NaN,NaN,NaN,NaN,NaN,NaN,NaN,NaN,NaN,NaN,NaN,NaN,NaN,NaN,NaN,NaN,NaN,NaN,NaN,NaN,NaN,NaN,NaN,NaN,NaN,NaN,NaN,NaN,NaN,NaN,NaN,NaN,NaN,NaN,NaN,NaN,NaN,NaN,NaN,NaN,NaN,NaN,NaN,NaN,NaN,NaN
-5.092331e-05,-5.804036e-05,-7.384764e-05,-0.0004044891,-0.001407765,-0.002150294,-0.00231453,-0.002068265,-0.001333936,-0.000258208,0.001201515,0.002891412,0.004830549,0.006861462,0.008990725,0.01106505,0.01308913,0.01492098,0.01657191,0.01791671,0.01897881,0.01965284,0.01997843,0.0198695,0.01938557,0.01845759,0.01716631,0.0154578,0.01343449,0.01105498,0.008443307,0.005567761,0.002576683,-0.000559977,-0.003663421,-0.00676859,-0.009663318,-0.01239086,-0.01470266,-0.01665635,-0.01796076,-0.01869474,-0.01851138,-0.01752051,-0.01527908,-0.01200014,-0.007047159,-0.001616306,-3.888692e-05,-3.680643e-06,4.836906e-05,NaN,NaN,NaN,NaN,NaN,NaN,NaN,NaN,NaN,NaN,NaN,NaN,NaN,NaN,NaN,NaN,NaN,NaN,NaN,NaN,NaN,NaN,NaN,NaN,NaN,NaN,NaN,NaN,NaN,NaN,NaN,NaN,NaN,NaN,NaN,NaN,NaN,NaN,NaN,NaN,NaN,NaN,NaN,NaN,NaN,NaN,NaN,NaN,NaN
-5.985765e-05,-9.253657e-05,-0.0004472377,-0.001385715,-0.002089394,-0.002254536,-0.002036586,-0.001346076,-0.0003218251,0.001095036,0.002757326,0.00469938,0.006766011,0.00897544,0.01117161,0.01336669,0.01541126,0.01732053,0.01895769,0.02034783,0.02137095,0.02206641,0.02233233,0.02222642,0.02166294,0.02072092,0.01932863,0.01758715,0.01543634,0.01299994,0.01022666,0.007263437,0.004062287,0.0007989818,-0.002580119,-0.005865625,-0.009121693,-0.01210283,-0.01488826,-0.01719124,-0.01911325,-0.02031614,-0.0209311,-0.02054759,-0.01934755,-0.01682292,-0.0132582,-0.00788664,-0.002047948,-0.0001268664,-1.43382e-05,1.354909e-05,NaN,NaN,NaN,NaN,NaN,NaN,NaN,NaN,NaN,NaN,NaN,NaN,NaN,NaN,NaN,NaN,NaN,NaN,NaN,NaN,NaN,NaN,NaN,NaN,NaN,NaN,NaN,NaN,NaN,NaN,NaN,NaN,NaN,NaN,NaN,NaN,NaN,NaN,NaN,NaN,NaN,NaN,NaN,NaN,NaN,NaN,NaN,-6.110534e-05
-0.000119256,-0.0005141777,-0.001324307,-0.001943785,-0.002083167,-0.001875138,-0.00122501,-0.000253446,0.001102597,0.002714408,0.004620792,0.006682613,0.008919648,0.01118782,0.0134966,0.01570425,0.01781917,0.01970823,0.02138654,0.02273443,0.02377919,0.0244172,0.02469212,0.02451581,0.02395229,0.02292647,0.02152456,0.01968241,0.01750932,0.01494901,0.01213424,0.009013083,0.005744718,0.002272856,-0.001210533,-0.00477366,-0.008188836,-0.01154062,-0.01456183,-0.01735968,-0.01961941,-0.02147774,-0.02255896,-0.02303984,-0.02246167,-0.02107134,-0.01828901,-0.01447407,-0.008793152,-0.002719281,-0.000269073,-2.144989e-07,-3.987965e-05,NaN,NaN,NaN,NaN,NaN,NaN,NaN,NaN,NaN,NaN,NaN,NaN,NaN,NaN,NaN,NaN,NaN,NaN,NaN,NaN,NaN,NaN,NaN,NaN,NaN,NaN,NaN,NaN,NaN,NaN,NaN,NaN,NaN,NaN,NaN,NaN,NaN,NaN,NaN,NaN,NaN,NaN,NaN,NaN,NaN,-7.362376e-05,-5.10727e-05
-0.0005991908,-0.001228687,-0.001690991,-0.001792929,-0.001559535,-0.0009511545,-2.073174e-05,0.001255719,0.00280636,0.004638448,0.006663801,0.008873033,0.01116695,0.01352464,0.01584346,0.0180988,0.02019156,0.02210113,0.02373751,0.02509024,0.0260824,0.02671788,0.02693403,0.02675334,0.02612554,0.02509483,0.02362133,0.021772,0.01951472,0.01694009,0.01402077,0.0108716,0.007463983,0.003942472,0.0002679771,-0.003381011,-0.007059647,-0.01055327,-0.01393796,-0.01695753,-0.01971536,-0.02190424,-0.02366094,-0.02461192,-0.02494185,-0.02418995,-0.02260623,-0.01961591,-0.01559483,-0.009824099,-0.003736971,-0.0004766386,3.588852e-05,-0.0001098034,NaN,NaN,NaN,NaN,NaN,NaN,NaN,NaN,NaN,NaN,NaN,NaN,NaN,NaN,NaN,NaN,NaN,NaN,NaN,NaN,NaN,NaN,NaN,NaN,NaN,NaN,NaN,NaN,NaN,NaN,NaN,NaN,NaN,NaN,NaN,NaN,NaN,NaN,NaN,NaN,NaN,NaN,NaN,-8.403949e-05,-5.754662e-05,-0.0001390059
-0.001143375,-0.001341982,-0.00137073,-0.001082419,-0.0005033039,0.0003954612,0.00158748,0.003065939,0.004799065,0.00675575,0.008893088,0.01116275,0.01351102,0.01588048,0.01821173,0.02044606,0.02252499,0.02439498,0.02600466,0.0273106,0.02827309,0.02886179,0.02905233,0.02882733,0.02818156,0.02710865,0.02562422,0.02373129,0.02146697,0.018841,0.01591208,0.0126933,0.009267217,0.005641968,0.001929107,-0.001875228,-0.005629261,-0.009352553,-0.01287121,-0.01622494,-0.01920225,-0.02186671,-0.02396106,-0.02557673,-0.02639759,-0.02655022,-0.02565112,-0.02386396,-0.02076274,-0.0166035,-0.01109338,-0.005112669,-0.000746876,4.852709e-05,-0.0001833264,NaN,NaN,NaN,NaN,NaN,NaN,NaN,NaN,NaN,NaN,NaN,NaN,NaN,NaN,NaN,NaN,NaN,NaN,NaN,NaN,NaN,NaN,NaN,NaN,NaN,NaN,NaN,NaN,NaN,NaN,NaN,NaN,NaN,NaN,NaN,NaN,NaN,NaN,NaN,NaN,NaN,-9.043908e-05,-6.719639e-05,-0.0001547778,-0.0006347635
-0.0009648172,-0.0008462471,-0.0004546276,0.0001252223,0.001004652,0.002119665,0.003518844,0.005140177,0.007000977,0.009032583,0.01123126,0.01351819,0.01587697,0.01822058,0.02052826,0.02270974,0.02474693,0.02655206,0.02811539,0.02935631,0.03027783,0.0308099,0.03097,0.03070229,0.0300377,0.02893716,0.027444,0.02553643,0.02326841,0.02063557,0.0177006,0.01447597,0.01102805,0.007389919,0.003623958,-0.0002145388,-0.004070865,-0.007868605,-0.01156283,-0.01505507,-0.01831193,-0.02121034,-0.0237269,-0.02570924,-0.02714172,-0.02783989,-0.02778447,-0.02678421,-0.02480123,-0.02175733,-0.0175856,-0.01266664,-0.006642179,-0.00112076,-2.018424e-05,-0.0002165226,-3.414342e-05,NaN,NaN,NaN,NaN,NaN,NaN,NaN,NaN,NaN,NaN,NaN,NaN,NaN,NaN,NaN,NaN,NaN,NaN,NaN,NaN,NaN,NaN,NaN,NaN,NaN,NaN,NaN,NaN,NaN,NaN,NaN,NaN,NaN,NaN,NaN,NaN,NaN,-8.666009e-05,-8.99724e-05,-8.374547e-05,-0.0001731709,-0.0005764625,-0.0009377631
-0.0002130558,0.0002911935,0.0009214286,0.001796745,0.002861323,0.004173867,0.00569022,0.007427277,0.009339631,0.01141847,0.01361076,0.01589165,0.01819891,0.02050036,0.02272725,0.02484777,0.02679101,0.02853199,0.0300021,0.0311883,0.03202769,0.03252272,0.03261897,0.03233517,0.03162841,0.03053288,0.02901824,0.02713369,0.02486109,0.02226337,0.01933352,0.01614635,0.01270635,0.009093784,0.005327125,0.001487587,-0.002394799,-0.006238533,-0.01000493,-0.0136122,-0.01701439,-0.02012652,-0.02289706,-0.02523007,-0.02707012,-0.02829648,-0.02886884,-0.02861021,-0.02757056,-0.0254735,-0.02268307,-0.01865558,-0.01432212,-0.007979061,-0.001826538,-0.0002106711,-0.0001305539,-0.0001540617,NaN,NaN,NaN,NaN,NaN,NaN,NaN,NaN,NaN,NaN,NaN,NaN,NaN,NaN,NaN,NaN,NaN,NaN,NaN,NaN,NaN,NaN,NaN,NaN,NaN,NaN,NaN,NaN,NaN,NaN,NaN,NaN,NaN,NaN,NaN,-0.0001010802,-8.551847e-05,-0.0001049625,-0.0001915857,-0.0004208632,-0.0005974094,-0.0004563572
0.001157157,0.001867545,0.002747172,0.003800512,0.005024702,0.006456847,0.008049814,0.009843516,0.01176206,0.01383954,0.01598194,0.01821406,0.02043237,0.02265271,0.0247697,0.02679339,0.02862311,0.03026715,0.03163508,0.0327368,0.03349652,0.03392848,0.03397381,0.03365396,0.03292688,0.03182321,0.0303178,0.0284503,0.02621181,0.02365031,0.02077245,0.01763296,0.01425043,0.01068823,0.006971051,0.003170101,-0.0006851617,-0.004520217,-0.00830031,-0.01195115,-0.01543083,-0.01866923,-0.02160992,-0.02419123,-0.02633029,-0.02798444,-0.02901836,-0.02945328,-0.02905863,-0.02804223,-0.02598409,-0.02351186,-0.01968399,-0.01551464,-0.009048368,-0.003214562,-0.0005271636,-1.100638e-05,-0.0002898456,NaN,NaN,NaN,NaN,NaN,NaN,NaN,NaN,NaN,NaN,NaN,NaN,NaN,NaN,NaN,NaN,NaN,NaN,NaN,NaN,NaN,NaN,NaN,NaN,NaN,NaN,NaN,NaN,NaN,NaN,NaN,NaN,NaN,-0.0001024497,-9.68355e-05,-0.0001159983,-0.0001687164,-0.0001732054,-8.382749e-05,0.0001803889,0.0005798522
0.002951282,0.003848706,0.004898164,0.006061662,0.007413291,0.008877431,0.01053976,0.01229455,0.01422504,0.01620494,0.01831014,0.02040179,0.02254744,0.02460249,0.02662802,0.02847984,0.03021621,0.03169853,0.03298597,0.03394983,0.03465311,0.03498026,0.03500098,0.0346134,0.03389711,0.03276345,0.03130306,0.02944029,0.02727679,0.02474885,0.02196815,0.01888124,0.01561049,0.01210645,0.00850406,0.004753813,0.001000509,-0.002806332,-0.006515643,-0.01017939,-0.01364283,-0.01695723,-0.01996726,-0.02271703,-0.02505394,-0.02700266,-0.02843195,-0.02931855,-0.02961091,-0.02918947,-0.02821315,-0.02631913,-0.02396376,-0.02030608,-0.01592974,-0.01042895,-0.005137952,-0.001040206,-9.096571e-05,-0.0002482957,-0.0001607675,NaN,NaN,NaN,NaN,NaN,NaN,NaN,NaN,NaN,NaN,NaN,NaN,NaN,NaN,NaN,NaN,NaN,NaN,NaN,NaN,NaN,NaN,NaN,NaN,NaN,NaN,NaN,NaN,NaN,-0.0001126122,-9.758888e-05,-0.0001176899,-0.0001053813,-2.841035e-06,0.0001783021,0.0005668073,0.0009666018,0.001517093,0.002167086
0.005096222,0.00610772,0.007266689,0.008511988,0.009900879,0.01139849,0.01302841,0.01476272,0.01659973,0.01851025,0.02047451,0.02245935,0.02443364,0.02636039,0.02820251,0.02992196,0.03148066,0.03284311,0.03397413,0.03484414,0.03542416,0.03569344,0.0356308,0.03522774,0.03447022,0.03336483,0.03190422,0.03011089,0.02798313,0.02555975,0.0228431,0.01988808,0.01669672,0.01334313,0.009822112,0.006227401,0.002543839,-0.001117971,-0.004785299,-0.008332202,-0.01180008,-0.01504884,-0.01813258,-0.02089768,-0.02340776,-0.02549911,-0.02723196,-0.02845763,-0.02920631,-0.0294048,-0.02898491,-0.02803746,-0.02626285,-0.02382452,-0.02043758,-0.01615876,-0.01217195,-0.00674232,-0.002163972,-0.0003914798,-5.993752e-05,-0.0002990452,-0.0001238462,NaN,NaN,NaN,NaN,NaN,NaN,NaN,NaN,NaN,NaN,NaN,NaN,NaN,NaN,NaN,NaN,NaN,NaN,NaN,NaN,NaN,NaN,NaN,NaN,NaN,-0.0001257264,-9.820086e-05,-0.000126411,-0.0001160272,-3.512811e-06,0.0003363083,0.0007671581,0.001294489,0.001896427,0.00255894,0.003325234,0.004140346
0.007426566,0.008567173,0.009739618,0.01104757,0.01241343,0.01390773,0.01546701,0.01713699,0.01885598,0.02065183,0.02245915,0.02429416,0.02608643,0.02784587,0.02949785,0.03105066,0.03242846,0.03364171,0.03461643,0.0353687,0.03582906,0.03602169,0.03588469,0.03545057,0.03466835,0.03357838,0.03214206,0.03040743,0.02834896,0.02602116,0.02341115,0.02057807,0.0175231,0.01430389,0.01093776,0.007476767,0.003952217,0.0004091479,-0.003110205,-0.006569608,-0.009918042,-0.01312801,-0.0161426,-0.01894045,-0.02146146,-0.02368347,-0.02555678,-0.0270362,-0.02811854,-0.02869143,-0.02886726,-0.02836501,-0.02744907,-0.0256701,-0.02328757,-0.02033158,-0.01663045,-0.01297715,-0.008105153,-0.003901161,-0.001033554,-0.0001610967,-0.0001578135,-0.0002356806,-0.0001576071,NaN,NaN,NaN,NaN,NaN,NaN,NaN,NaN,NaN,NaN,NaN,NaN,NaN,NaN,NaN,NaN,NaN,NaN,NaN,NaN,NaN,-0.0001308532,-9.764186e-05,-0.0001257824,-0.0001403804,-3.232402e-05,0.0003343138,0.0008434634,0.001545341,0.002184419,0.002925134,0.003702573,0.004559394,0.005432306,0.006422905
0.009898692,0.01105291,0.01225135,0.01354345,0.01487394,0.01631193,0.01777829,0.01934731,0.02092342,0.02257819,0.02420536,0.02587011,0.02746094,0.02903604,0.03048298,0.03185435,0.03304077,0.03409175,0.03490416,0.03552699,0.03586628,0.03597273,0.03576318,0.03529309,0.0344898,0.03341595,0.03200943,0.03034076,0.02835814,0.0261401,0.02364432,0.02095689,0.01804157,0.01499462,0.01178057,0.008505017,0.005132041,0.001772911,-0.001609594,-0.004901781,-0.00814273,-0.01122013,-0.01417253,-0.01689366,-0.01941708,-0.0216507,-0.02360767,-0.02523531,-0.02649291,-0.02741401,-0.02783201,-0.02793727,-0.02735847,-0.02641035,-0.02473626,-0.02252138,-0.01996797,-0.01667013,-0.01296342,-0.009612993,-0.005385871,-0.002309669,-0.0006160934,-0.0001259838,-0.0001603267,-0.0002055149,-0.0001628158,NaN,NaN,NaN,NaN,NaN,NaN,NaN,NaN,NaN,NaN,NaN,NaN,NaN,NaN,NaN,NaN,NaN,-0.0001189663,-9.117121e-05,-0.0001304843,-0.0001600676,-4.535734e-05,0.000297614,0.0008932078,0.00166895,0.002388612,0.003209849,0.004034412,0.004933022,0.005819827,0.006790927,0.00777038,0.008816148
0.01234058,0.01350171,0.01467444,0.01591753,0.0171913,0.0185268,0.01989785,0.02131625,0.022759,0.02422452,0.02568776,0.02713835,0.02854696,0.02989887,0.03116078,0.03231677,0.03333144,0.03419064,0.03485923,0.03532753,0.03556281,0.03556183,0.035297,0.03477173,0.03396669,0.03289161,0.03153678,0.02991843,0.02803727,0.02591525,0.02356326,0.02100751,0.01827055,0.01537762,0.01236484,0.009253372,0.006090326,0.002892256,-0.0002860227,-0.003433812,-0.006491414,-0.009453677,-0.01226042,-0.01490985,-0.01734598,-0.0195639,-0.02152585,-0.02320179,-0.02460163,-0.02562733,-0.0263893,-0.0266454,-0.02664037,-0.02602676,-0.02503084,-0.02357322,-0.02148273,-0.01915716,-0.01628935,-0.01305284,-0.009975263,-0.006845256,-0.003617597,-0.001611995,-0.0004847838,-0.000147696,-0.0001185062,-0.0001641316,-0.000151164,-0.000123315,NaN,NaN,NaN,NaN,NaN,NaN,NaN,NaN,NaN,NaN,NaN,-0.0001028395,-9.416163e-05,-9.183084e-05,-0.0001613793,-0.0001561996,-1.827511e-05,0.0003349528,0.0009344027,0.001738677,0.002571383,0.003399025,0.004280574,0.005217359,0.0061526,0.007124134,0.008113668,0.009136967,0.01016521,0.01125402
0.01468269,0.01578911,0.01692375,0.01808958,0.01927524,0.02050291,0.02174085,0.02301819,0.02428985,0.02558482,0.02684965,0.0281093,0.02930579,0.03045911,0.03151027,0.03247491,0.03329545,0.03398515,0.03449031,0.0348237,0.03493773,0.03484672,0.0345102,0.03394703,0.03312342,0.0320651,0.03074512,0.02919685,0.02740002,0.02539612,0.02317101,0.02077427,0.01819468,0.01549262,0.01265543,0.009753671,0.006772373,0.00378892,0.0007855441,-0.00215645,-0.005058236,-0.007838362,-0.01051981,-0.01302576,-0.01537798,-0.01751216,-0.01943588,-0.02111854,-0.02252494,-0.023694,-0.02449192,-0.02508085,-0.02518824,-0.02505594,-0.02444985,-0.02341724,-0.02211682,-0.02021155,-0.01802482,-0.01564507,-0.01282989,-0.009960396,-0.007404604,-0.00496266,-0.002548957,-0.001286371,-0.000503802,-0.0001836776,-0.0001196531,-0.0001054552,-0.0001157425,-0.0001047458,-9.837698e-05,-9.108533e-05,-8.917323e-05,-8.67892e-05,-8.567038e-05,-8.270474e-05,-7.902377e-05,-8.081324e-05,-9.916168e-05,-0.000151791,-0.0001559353,-8.37239e-05,8.426132e-05,0.0004949812,0.00101455,0.00185377,0.002701257,0.003520105,0.004435048,0.005405896,0.006369059,0.007361352,0.008368354,0.00939896,0.01041995,0.01146821,0.01252345,0.0135901
0.0167986,0.01786066,0.01891547,0.01999192,0.0210768,0.02217429,0.02328484,0.0243967,0.02551478,0.02661682,0.02770728,0.02875741,0.02976843,0.03070841,0.03157533,0.03233653,0.03298759,0.03349723,0.03386042,0.03404919,0.03405964,0.03386865,0.03347566,0.03286243,0.03203463,0.03097861,0.02970755,0.02821267,0.02651537,0.0246113,0.02253012,0.02027082,0.01787286,0.01533399,0.01270528,0.009981296,0.007222077,0.004419045,0.001638198,-0.001132872,-0.003825052,-0.006454027,-0.00895216,-0.01133644,-0.01354579,-0.01559268,-0.01743607,-0.01906438,-0.02048196,-0.02161783,-0.02256551,-0.02314024,-0.02354706,-0.02353442,-0.02326429,-0.02268988,-0.02163792,-0.02041477,-0.01876944,-0.01674233,-0.01463288,-0.01231367,-0.009811474,-0.007441085,-0.005338625,-0.00366827,-0.002031288,-0.0009495083,-0.0005600426,-0.0002626739,-0.0001347291,-9.778416e-05,-9.239007e-05,-8.661885e-05,-8.6881e-05,-8.707861e-05,-9.394203e-05,-9.76534e-05,-9.496724e-05,-7.875124e-05,-3.982249e-05,8.165e-05,0.0003591173,0.0006343866,0.001197594,0.002053529,0.002766677,0.003571353,0.00448743,0.005472167,0.00645677,0.00746151,0.008485062,0.009530517,0.01056292,0.01160244,0.01264235,0.0136838,0.01471394,0.01576543
0.01866217,0.01963261,0.02061071,0.0215833,0.02255436,0.02352911,0.02449415,0.02546211,0.02640891,0.0273482,0.02824956,0.02912426,0.02993865,0.03070007,0.03137422,0.0319651,0.03243927,0.03279865,0.03301243,0.03308182,0.03298026,0.03271004,0.03224928,0.03160402,0.03075661,0.0297188,0.02847752,0.02705092,0.0254303,0.02364078,0.0216778,0.01957377,0.01732536,0.01497484,0.0125167,0.01000248,0.007424404,0.004840072,0.002239508,-0.0003162099,-0.002839456,-0.005269327,-0.00761888,-0.009832068,-0.01191986,-0.01383874,-0.01558607,-0.01714993,-0.01849015,-0.01965687,-0.02052961,-0.02126285,-0.02163549,-0.02185571,-0.02175153,-0.02134624,-0.02077687,-0.01977568,-0.01856098,-0.01716046,-0.01537547,-0.01343753,-0.01147784,-0.009403144,-0.007327521,-0.005471531,-0.003840026,-0.002546066,-0.001641647,-0.0009089814,-0.0004215203,-0.0002236676,-0.0001285915,-8.010044e-05,-4.485038e-05,-1.668281e-05,2.463026e-05,8.379189e-05,0.0001545358,0.0002511527,0.0004472645,0.0009222736,0.001573118,0.002123172,0.002745408,0.003555741,0.004456611,0.005409617,0.006401689,0.007400963,0.008436552,0.009494284,0.0105436,0.01158439,0.01262729,0.01366141,0.01467786,0.01568608,0.01668983,0.01767145
0.02020381,0.02110364,0.02198155,0.02285108,0.02371153,0.02455587,0.02539496,0.02620981,0.02701492,0.02778418,0.02853123,0.02922649,0.02988044,0.03046215,0.03097856,0.03139936,0.03172861,0.03193782,0.03202952,0.03197834,0.03178658,0.03143307,0.03092184,0.03023552,0.02938244,0.02834878,0.02714822,0.02577082,0.02423621,0.02253802,0.02070202,0.01872454,0.01663918,0.01444106,0.01217305,0.009828117,0.007455915,0.005047796,0.002657504,0.0002746416,-0.002045645,-0.004314541,-0.006479826,-0.008551403,-0.01048492,-0.01228351,-0.01392322,-0.01538348,-0.01668289,-0.0177489,-0.01867907,-0.01931003,-0.01983007,-0.02003599,-0.02006538,-0.01989355,-0.01938237,-0.01876874,-0.01786966,-0.0166758,-0.01540067,-0.01391354,-0.01219639,-0.01044008,-0.008713453,-0.006998309,-0.005349235,-0.003909917,-0.002742861,-0.001792992,-0.001070807,-0.000579063,-0.0002641419,-4.331975e-05,0.0001206283,0.0002721012,0.0004434138,0.0006507572,0.000879096,0.001140034,0.001512003,0.002069754,0.002773753,0.003529113,0.004344295,0.005259538,0.006215151,0.007197617,0.008221331,0.009285328,0.01034303,0.01138847,0.01243567,0.01347596,0.01449246,0.01548948,0.01647333,0.01743522,0.01837195,0.0193035
0.02145342,0.02225543,0.02304511,0.02381407,0.02456195,0.0252966,0.02600357,0.02669707,0.02735476,0.02799181,0.02858162,0.02913734,0.02963093,0.03007211,0.03043296,0.03072011,0.03090705,0.03099819,0.03096944,0.0308241,0.03054152,0.03012538,0.02955858,0.02884744,0.02797782,0.02696035,0.02578412,0.02446466,0.02299416,0.02139353,0.01965793,0.01781409,0.01585765,0.01382362,0.0117055,0.009545713,0.007336253,0.005124135,0.002900242,0.0007138884,-0.001444881,-0.00352783,-0.005543843,-0.007450031,-0.009251485,-0.01091781,-0.01243994,-0.01381686,-0.01500567,-0.01606028,-0.0168711,-0.01757927,-0.01800089,-0.0183116,-0.01838581,-0.01823499,-0.01798833,-0.01743357,-0.01673602,-0.01592387,-0.01482989,-0.01360446,-0.01232062,-0.01089113,-0.009353754,-0.007829726,-0.006373503,-0.005000824,-0.003746643,-0.002649914,-0.001732892,-0.001012275,-0.0004464144,3.84036e-06,0.0003840433,0.0007255679,0.001064168,0.001420097,0.001808069,0.002247158,0.00277693,0.00344085,0.004225725,0.005072276,0.005959923,0.006894443,0.00789479,0.008935753,0.00998476,0.01102173,0.01206679,0.01311262,0.01413463,0.01513105,0.01611092,0.01706734,0.01799185,0.01889218,0.01977299,0.02061778
0.02240443,0.02313365,0.02383155,0.02450591,0.02515956,0.02578287,0.02638837,0.02695726,0.027505,0.028008,0.02848083,0.02889797,0.02927127,0.02957522,0.0298184,0.02997638,0.03005522,0.03003238,0.02991232,0.02967529,0.02932515,0.02884544,0.0282412,0.02749873,0.02662629,0.02561268,0.02447018,0.02319036,0.02179009,0.02026349,0.01863213,0.01689188,0.01507073,0.01316314,0.01120464,0.009187882,0.007153553,0.005093519,0.003051249,0.001018019,-0.0009623147,-0.002897822,-0.004748172,-0.006518662,-0.008176977,-0.009720501,-0.01113617,-0.01239892,-0.01353374,-0.01447062,-0.01530182,-0.01588507,-0.01638284,-0.01663302,-0.01674361,-0.01671264,-0.01642152,-0.01606926,-0.01552134,-0.01476001,-0.0139547,-0.01300075,-0.01186667,-0.01067468,-0.009453706,-0.008168431,-0.006849601,-0.005567451,-0.004364668,-0.003253855,-0.002255353,-0.00137323,-0.0006121856,5.441752e-05,0.0006488492,0.001201479,0.001735268,0.00227437,0.002834813,0.003436436,0.004102344,0.004845007,0.005664828,0.006557402,0.007507014,0.008500707,0.009506232,0.010519,0.01154563,0.01258637,0.0136088,0.01460423,0.01558452,0.0165445,0.01747063,0.01836516,0.01923476,0.02007274,0.02087513,0.02165975
0.02311793,0.02376424,0.02438683,0.02498144,0.02554415,0.02608456,0.02658745,0.02706757,0.02750397,0.02791207,0.02826846,0.02858648,0.02884245,0.02904692,0.02917708,0.02924055,0.02921629,0.02910995,0.02890272,0.02859917,0.02818341,0.02766,0.02701588,0.02625761,0.02537422,0.02437559,0.023253,0.02202011,0.02067041,0.01922173,0.01766961,0.01603646,0.01431774,0.01254269,0.01070481,0.008839006,0.006937858,0.005039487,0.003136158,0.00126719,-0.0005748779,-0.002352567,-0.004071108,-0.005698614,-0.007235456,-0.008661767,-0.009963851,-0.01114838,-0.01217147,-0.01308717,-0.01379613,-0.01442329,-0.01481462,-0.01511389,-0.01522925,-0.01516003,-0.01502617,-0.01465641,-0.01418041,-0.01363456,-0.01288301,-0.01203807,-0.01115683,-0.01016372,-0.009069574,-0.007950185,-0.006829843,-0.005702175,-0.004581179,-0.003500144,-0.002477318,-0.001530139,-0.0006512949,0.0001619178,0.0009256933,0.001652166,0.002359421,0.003061682,0.003776524,0.004518788,0.005302099,0.006139163,0.007030171,0.007958543,0.008913693,0.009887926,0.01089132,0.01191077,0.01292278,0.01391038,0.01488786,0.01585338,0.0167872,0.01768702,0.01856041,0.01940357,0.02020856,0.02098162,0.02172799,0.02243262
0.02360983,0.02420073,0.02475635,0.02528008,0.02577686,0.02623565,0.02666925,0.02705968,0.0274219,0.02773484,0.02801259,0.02823324,0.02840843,0.0285171,0.02856814,0.02854186,0.02844494,0.0282597,0.02799135,0.02762473,0.02716442,0.02659795,0.02593078,0.0251525,0.02427114,0.02327808,0.0221844,0.0209835,0.01969004,0.01829924,0.01682936,0.01527671,0.01366477,0.01198835,0.01027691,0.008523828,0.006762297,0.004985456,0.003228153,0.001483714,-0.0002134972,-0.001868613,-0.003451181,-0.004962749,-0.00638074,-0.007698402,-0.008910846,-0.009990729,-0.01096634,-0.0117719,-0.01249166,-0.01300238,-0.01344105,-0.0136781,-0.0137946,-0.01380243,-0.01359634,-0.013343,-0.0129425,-0.01237283,-0.01177595,-0.01107391,-0.01023531,-0.009351919,-0.00844366,-0.007473643,-0.006452505,-0.00541978,-0.004397454,-0.00338742,-0.00239995,-0.001437589,-0.00051199,0.0003815418,0.001245154,0.002089114,0.002920593,0.003750405,0.004586129,0.005436849,0.006310266,0.007208199,0.008131625,0.009085481,0.01006472,0.01106097,0.01205032,0.01302825,0.01400111,0.01497126,0.01591567,0.01682585,0.01771202,0.01857154,0.01939383,0.02017969,0.02093563,0.02165649,0.0223379,0.02299519
0.02393236,0.02446815,0.02497344,0.02544678,0.02588202,0.02628919,0.02665333,0.02698845,0.02727554,0.02752893,0.02772832,0.02788625,0.02798287,0.02802822,0.0280038,0.02791727,0.02775192,0.02751371,0.02718812,0.0267801,0.02627766,0.02568571,0.0249945,0.02421056,0.02332564,0.02234893,0.02127387,0.02011254,0.01885999,0.01753154,0.01612366,0.01465535,0.01312268,0.01155011,0.009932003,0.008297101,0.006639256,0.004989262,0.003341187,0.001726144,0.0001391269,-0.001391137,-0.002866831,-0.004264836,-0.005582064,-0.006806655,-0.007922233,-0.008940417,-0.009818447,-0.01060805,-0.0112207,-0.01176451,-0.01211143,-0.01237666,-0.0124935,-0.01245103,-0.01235715,-0.01207115,-0.01169331,-0.01126334,-0.01066965,-0.00999892,-0.009302424,-0.008519964,-0.007654387,-0.006761546,-0.005856129,-0.00492616,-0.003973668,-0.003016825,-0.002063485,-0.001123625,-0.0001932195,0.000724337,0.001633077,0.002533831,0.00343198,0.004330825,0.005236416,0.006152863,0.007083306,0.008031744,0.00899707,0.009969294,0.01094271,0.0119131,0.01288907,0.01386342,0.01481906,0.01574318,0.01664669,0.01753088,0.01838043,0.01919306,0.01997509,0.02072454,0.02143442,0.0221093,0.0227542,0.02335588
0.02409485,0.02459988,0.02506741,0.02549771,0.02589666,0.0262528,0.02657831,0.02685653,0.02710127,0.02729389,0.02744726,0.02754287,0.02759146,0.02757561,0.02750378,0.02736023,0.02715153,0.0268639,0.02650267,0.02605632,0.02552962,0.02491336,0.02421298,0.02342087,0.02254458,0.0215778,0.02053053,0.01939797,0.01819289,0.01691179,0.01557029,0.01416553,0.0127174,0.01122155,0.009702479,0.008154861,0.006605755,0.005049954,0.00351529,0.001997216,0.000522461,-0.0009115359,-0.00228211,-0.003587961,-0.004813887,-0.005950536,-0.0069986,-0.007930398,-0.008775043,-0.009472479,-0.01009773,-0.01054538,-0.01092912,-0.01114603,-0.01125514,-0.01127616,-0.01111525,-0.01091038,-0.0105862,-0.0101172,-0.009621751,-0.009041612,-0.00834692,-0.0076106,-0.00685117,-0.006037767,-0.005174867,-0.00429027,-0.003398285,-0.002496395,-0.001588458,-0.0006734687,0.0002407388,0.001156089,0.00207112,0.002989139,0.003910837,0.004839116,0.005774474,0.006718152,0.007670785,0.00862974,0.009593436,0.01056515,0.01154209,0.01251886,0.01347821,0.01441627,0.01533899,0.0162497,0.01713183,0.01797738,0.01879526,0.0195841,0.02033566,0.02104956,0.02173172,0.0223778,0.02298319,0.02356071
0.02413543,0.02461169,0.02505285,0.02545901,0.0258229,0.02615411,0.02643852,0.02668887,0.02688827,0.02704948,0.02715515,0.02721656,0.02721724,0.02716626,0.0270487,0.02687177,0.02662229,0.02630608,0.025912,0.025445,0.02489614,0.0242704,0.02356059,0.02277306,0.0219018,0.02095526,0.01992874,0.01883299,0.01766447,0.01643642,0.01514641,0.0138106,0.01242598,0.01101309,0.009567476,0.008112876,0.006644636,0.005187657,0.003737816,0.002319713,0.000930502,-0.0004078677,-0.001695253,-0.002915089,-0.004062034,-0.005129782,-0.006100944,-0.006989578,-0.007755727,-0.008446898,-0.008985899,-0.00946462,-0.009777496,-0.01001582,-0.01013167,-0.01010759,-0.01003847,-0.009808164,-0.009493369,-0.009133266,-0.008634776,-0.008064241,-0.007467498,-0.006796425,-0.006050249,-0.005273359,-0.004478431,-0.003655068,-0.002802816,-0.001934317,-0.001054535,-0.000170156,0.0007222326,0.001619901,0.002524521,0.003434963,0.00435273,0.005277668,0.0062111,0.007153119,0.008102846,0.009060768,0.01002436,0.01098521,0.01193835,0.01288052,0.01381859,0.01474825,0.01565623,0.0165323,0.01738461,0.01821544,0.0190125,0.01977337,0.02050287,0.02119987,0.02185785,0.02247996,0.02307037,0.02361751
0.02406617,0.02452919,0.02495327,0.02533664,0.02568518,0.0259877,0.02625518,0.02647262,0.02665222,0.02677782,0.02686084,0.02688571,0.02686198,0.02677542,0.02663369,0.02642433,0.02615345,0.02581041,0.02540033,0.02491457,0.02435783,0.02372341,0.02301658,0.02223191,0.02137641,0.02044567,0.01944865,0.01838207,0.01725709,0.01607139,0.01483837,0.01355611,0.01224143,0.01089106,0.009525424,0.008140567,0.006758585,0.005375893,0.004014762,0.002672483,0.001369893,0.0001064351,-0.001101033,-0.00224929,-0.003328343,-0.004327543,-0.005250849,-0.006071707,-0.006818078,-0.007436492,-0.007992269,-0.00839648,-0.008742287,-0.008948366,-0.009056996,-0.009091492,-0.008969375,-0.008803906,-0.00853796,-0.00814467,-0.007721733,-0.007225119,-0.006626534,-0.005984268,-0.005315537,-0.004595336,-0.003825601,-0.003028385,-0.002215682,-0.001385622,-0.0005410427,0.0003187601,0.001187432,0.002065553,0.00295118,0.003845568,0.004748062,0.005659284,0.006578158,0.007503899,0.008435484,0.009369428,0.01030358,0.01123975,0.012176,0.01310807,0.01402253,0.0149155,0.01579191,0.01665481,0.01749143,0.01829411,0.0190699,0.01981773,0.02053066,0.02120734,0.02185234,0.02246184,0.02303107,0.02357024
0.02392534,0.02437324,0.02478336,0.02515648,0.02548491,0.0257773,0.02602068,0.02622622,0.02637911,0.02649049,0.02654566,0.02655443,0.02650321,0.02640004,0.02623293,0.02600838,0.02571615,0.0253616,0.0249363,0.02444495,0.02388106,0.02324934,0.02254474,0.02177317,0.02093046,0.02002425,0.0190514,0.01802134,0.01693183,0.01579428,0.01460725,0.0133845,0.01212394,0.01084286,0.009538022,0.008229015,0.006912626,0.005609023,0.00431569,0.003052109,0.001817163,0.0006276827,-0.000514539,-0.001597647,-0.00261505,-0.003563977,-0.004427232,-0.005219423,-0.005904373,-0.006524306,-0.007012911,-0.007447332,-0.007741127,-0.007966108,-0.008088151,-0.008086591,-0.008043514,-0.00786327,-0.007604287,-0.0073033,-0.006882684,-0.006392898,-0.00587416,-0.005287614,-0.004630261,-0.003937709,-0.003221492,-0.002473381,-0.001692671,-0.0008896432,-6.908799e-05,0.0007629112,0.001607971,0.00246317,0.003328584,0.004202413,0.005084593,0.005974125,0.006870918,0.007774353,0.008682853,0.009596264,0.01051225,0.01142408,0.01232747,0.01321988,0.01410663,0.01498504,0.01584435,0.01667588,0.0174853,0.01827515,0.01903491,0.01976188,0.02045925,0.02112614,0.02175619,0.02235126,0.02291455,0.02343571
0.02373056,0.02417015,0.02457044,0.02492838,0.02524938,0.02552293,0.02575857,0.02594303,0.02608677,0.02617602,0.02622057,0.02620743,0.02614485,0.02602135,0.02584364,0.02560189,0.02530161,0.02493466,0.02450576,0.02400855,0.02344746,0.02281771,0.0221243,0.02136346,0.0205416,0.0196558,0.01871401,0.01771419,0.01666603,0.01556825,0.0144323,0.01325712,0.01205691,0.01082946,0.009591769,0.008341128,0.007095632,0.005853057,0.004631331,0.003429176,0.002262944,0.001133477,5.345071e-05,-0.0009728172,-0.001938796,-0.002833546,-0.003662551,-0.004401358,-0.005075456,-0.005638285,-0.006145416,-0.006522723,-0.006845955,-0.007050901,-0.007167583,-0.007220008,-0.007136845,-0.007010614,-0.006797746,-0.006471976,-0.006113678,-0.005689344,-0.005172899,-0.004610915,-0.004018964,-0.003376757,-0.002684659,-0.001960484,-0.001214679,-0.0004464501,0.000341469,0.001148831,0.001969745,0.002803362,0.003647139,0.004500811,0.005362945,0.00623297,0.007109352,0.007990635,0.008875589,0.009761035,0.01064505,0.01152893,0.01241142,0.01328927,0.01415193,0.01499567,0.01582448,0.0166409,0.01743492,0.01819937,0.0189395,0.01965424,0.02033756,0.02098733,0.0216069,0.0221927,0.02273988,0.02325625
0.02351307,0.02394017,0.02432835,0.0246787,0.02498363,0.02525065,0.02546817,0.02564569,0.02577044,0.02585193,0.02587776,0.02585629,0.02577638,0.02564502,0.02545262,0.02520488,0.02489386,0.0245244,0.02409018,0.02359555,0.02303584,0.02241545,0.02173093,0.02098768,0.02018295,0.01932358,0.0184076,0.01744329,0.01642941,0.01537581,0.01428182,0.01315916,0.01200659,0.01083862,0.009653114,0.008466217,0.007275946,0.006098686,0.004933201,0.003795022,0.002684277,0.001613982,0.0005869594,-0.0003882208,-0.001304473,-0.002161086,-0.002941876,-0.003660758,-0.004285784,-0.004853497,-0.005307647,-0.005712152,-0.005996737,-0.006217613,-0.00635052,-0.006374118,-0.006358208,-0.006224491,-0.006017377,-0.00576998,-0.005418109,-0.005000145,-0.004550827,-0.00403876,-0.003459804,-0.002842515,-0.002197235,-0.001517477,-0.0008025212,-6.085262e-05,0.0007028964,0.001483085,0.00227993,0.003090302,0.003913085,0.004745925,0.005587619,0.006436566,0.007291752,0.008152087,0.009015707,0.009882211,0.01074945,0.01161208,0.01246635,0.01331022,0.01414784,0.01497761,0.01579074,0.01657981,0.01734878,0.01810012,0.01882484,0.0195201,0.0201879,0.02082737,0.0214326,0.02200441,0.02254504,0.02304528
0.02328208,0.02369957,0.02407796,0.02441365,0.0247114,0.0249617,0.02517262,0.02533267,0.02545064,0.02551495,0.02553375,0.02549637,0.02540982,0.02526487,0.0250673,0.02480939,0.02449601,0.02412097,0.02368854,0.02319413,0.02264177,0.0220282,0.021358,0.0206287,0.01984608,0.01900835,0.01812252,0.01718749,0.01621171,0.01519465,0.01414613,0.01306575,0.01196555,0.0108442,0.00971583,0.008578799,0.007447945,0.006322151,0.00521588,0.004128973,0.003074347,0.002053762,0.001076847,0.0001484478,-0.000727124,-0.001539314,-0.002293992,-0.002969307,-0.003587621,-0.004109094,-0.004580232,-0.004939695,-0.005248619,-0.005456422,-0.005584232,-0.005654905,-0.00560772,-0.005517772,-0.005351786,-0.005085294,-0.00478405,-0.004422619,-0.003977694,-0.003486453,-0.002962639,-0.002389909,-0.001767701,-0.001110451,-0.000427154,0.0002822549,0.001015236,0.00177096,0.002544065,0.003332862,0.004134515,0.004947738,0.005770577,0.006601593,0.007438873,0.008280382,0.009124654,0.009968646,0.01081043,0.01165075,0.01248859,0.01332125,0.01414026,0.01494208,0.01572978,0.01650542,0.01726113,0.01799031,0.01869687,0.01937977,0.02003381,0.02065643,0.02125013,0.02181154,0.02233596,0.02282928
0.02305314,0.02345781,0.02382319,0.02415046,0.02443253,0.02467577,0.02487008,0.02502338,0.0251249,0.02518254,0.02518601,0.02514233,0.02504251,0.02489245,0.02468458,0.02442382,0.02410409,0.02372966,0.02329589,0.0228067,0.02225883,0.02165633,0.02099694,0.02028556,0.01952052,0.01870785,0.01784657,0.01694387,0.0159993,0.01502132,0.01400993,0.01297507,0.01191625,0.01084561,0.00976193,0.008678574,0.007594535,0.006523182,0.005464214,0.004430134,0.003421921,0.00244977,0.001517012,0.0006300009,-0.0002042233,-0.0009860034,-0.001700665,-0.00236066,-0.002938425,-0.003464743,-0.003892753,-0.004274508,-0.004553251,-0.004772848,-0.004915969,-0.004962282,-0.004970129,-0.004875869,-0.004713353,-0.004511372,-0.004217321,-0.003860504,-0.003470385,-0.003021804,-0.002510242,-0.001958591,-0.001375946,-0.0007572939,-0.0001020005,0.0005829535,0.001293272,0.002023851,0.002774079,0.00354085,0.004322394,0.005116091,0.005920054,0.006732279,0.007551099,0.008375014,0.00920186,0.01003084,0.01085977,0.01168409,0.01250033,0.01330655,0.01410577,0.01489688,0.01567255,0.01642645,0.01716119,0.0178788,0.01857179,0.01923736,0.01987658,0.02048861,0.02106816,0.02161527,0.02213146,0.02260876
0.02282538,0.02321941,0.02357465,0.02388739,0.02416168,0.02438916,0.02457651,0.02471402,0.02480892,0.02485161,0.02484885,0.024792,0.02468689,0.0245262,0.02431484,0.02404686,0.02372646,0.02334908,0.0229185,0.02243148,0.02189165,0.02129696,0.0206515,0.01995387,0.01920918,0.01841655,0.01758212,0.0167056,0.01579423,0.01484817,0.01387578,0.01287728,0.01186281,0.01083181,0.009796049,0.008754778,0.007720176,0.006692022,0.00568201,0.004690812,0.003728719,0.002798069,0.001906271,0.001058319,0.0002571396,-0.0004875046,-0.00118115,-0.001804751,-0.002377286,-0.002865221,-0.003306878,-0.003652008,-0.003949327,-0.004159236,-0.004296426,-0.004381486,-0.004363683,-0.004303288,-0.004175064,-0.003957159,-0.003702719,-0.003392578,-0.003006541,-0.002574183,-0.002107362,-0.001593125,-0.001030481,-0.0004311361,0.0001972309,0.0008541888,0.001537401,0.002245683,0.002974283,0.00372107,0.004483149,0.00525866,0.006045382,0.006841341,0.007644377,0.008452123,0.00926284,0.01007347,0.010882,0.01168849,0.0124919,0.01328971,0.01407493,0.0148441,0.01559937,0.01634224,0.01706637,0.0177657,0.01844307,0.01909742,0.01972424,0.02032087,0.02088901,0.02142558,0.02192625,0.02239546
0.02260516,0.0229871,0.02332972,0.02363409,0.02389386,0.02411425,0.02428669,0.02441766,0.02449821,0.02453478,0.02451907,0.02445686,0.02434098,0.02417632,0.02395706,0.02368737,0.0233627,0.02298679,0.02255633,0.02207479,0.02154006,0.0209558,0.02032069,0.01963914,0.01891034,0.0181396,0.01732668,0.01647787,0.01559333,0.01468033,0.01373941,0.01277904,0.01179933,0.01081046,0.00981201,0.008815048,0.007819379,0.006835948,0.0058652,0.004917239,0.003993636,0.003102492,0.002247358,0.001433093,0.0006663423,-5.360955e-05,-0.0007138508,-0.001324961,-0.001863677,-0.002355245,-0.00276125,-0.003123431,-0.003396397,-0.003614014,-0.003763916,-0.003827763,-0.003853391,-0.003789702,-0.003662377,-0.003495836,-0.003247545,-0.002939748,-0.002596999,-0.002199413,-0.001742695,-0.001245078,-0.0007144486,-0.000147048,0.0004575395,0.001093555,0.001757071,0.002443532,0.003151827,0.003878969,0.004622818,0.005380698,0.006150343,0.006929526,0.007716173,0.008508564,0.00930428,0.01010213,0.01089987,0.0116934,0.01247942,0.01325597,0.01402498,0.01478542,0.01553113,0.01625661,0.0169633,0.01765272,0.01831857,0.01895811,0.01957172,0.02015858,0.02071384,0.02123715,0.02172947,0.02218406
0.02238968,0.02276159,0.02309502,0.02338635,0.02363889,0.02384551,0.02401157,0.02412904,0.02420375,0.02422788,0.02420695,0.02413409,0.02401407,0.02384119,0.02361953,0.02334467,0.02302018,0.02264279,0.0222158,0.02173709,0.02120991,0.02063312,0.02001038,0.01934111,0.01862984,0.01787643,0.01708624,0.01625961,0.01540279,0.01451649,0.01360784,0.0126776,0.01173432,0.01077812,0.009818804,0.0088564,0.00790093,0.006952891,0.006021834,0.005109005,0.004222699,0.003365584,0.002543544,0.00176142,0.001021357,0.0003320953,-0.0003111036,-0.0008920726,-0.0014263,-0.001886207,-0.002302432,-0.002634705,-0.002921167,-0.003131019,-0.003274386,-0.003368912,-0.003373197,-0.003334873,-0.003234853,-0.003054593,-0.002836366,-0.002565783,-0.002226035,-0.001840376,-0.001418876,-0.0009514824,-0.0004372026,0.0001145379,0.0006972073,0.001310006,0.001950727,0.002617974,0.003307541,0.004017095,0.004743766,0.005485403,0.00623964,0.007004219,0.007776824,0.008554949,0.009336622,0.0101188,0.01089939,0.01167782,0.01245291,0.01322223,0.01397987,0.01472244,0.01545126,0.01616719,0.01686496,0.0175392,0.01819171,0.01882131,0.01942413,0.01999752,0.02054241,0.0210561,0.02153471,0.02198142
0.02218379,0.02254538,0.0228678,0.02315184,0.02339204,0.02359251,0.02374616,0.02385812,0.02392116,0.02394037,0.0239092,0.02383226,0.023704,0.0235284,0.02330107,0.02302551,0.02269843,0.02232303,0.02189709,0.02142368,0.02090161,0.02033411,0.01972068,0.01906521,0.01836761,0.01763258,0.01686046,0.01605673,0.0152221,0.01436284,0.01347996,0.01258067,0.01166566,0.01074346,0.009814368,0.008887549,0.00796353,0.007051287,0.006151913,0.005273616,0.004418394,0.00359279,0.002800428,0.002045171,0.001333093,0.0006635583,4.762318e-05,-0.0005232276,-0.001029818,-0.001492211,-0.001879459,-0.002224321,-0.002491212,-0.002705686,-0.002859009,-0.002935419,-0.0029731,-0.002931952,-0.002831089,-0.002690658,-0.002477155,-0.002207205,-0.001900816,-0.001542632,-0.001129006,-0.0006742671,-0.0001851665,0.0003409492,0.0009041745,0.001499727,0.002124025,0.002773044,0.003445314,0.004138007,0.004848797,0.005575036,0.006314257,0.007064136,0.007822357,0.008587013,0.009355557,0.0101265,0.01089752,0.01166491,0.01242547,0.01317721,0.01392107,0.01465597,0.01537661,0.01607822,0.01676132,0.01742688,0.01806949,0.01868656,0.0192779,0.01984259,0.02037635,0.0208785,0.02134949,0.02178366
0.02198678,0.02233983,0.02265461,0.02292783,0.02316202,0.02335128,0.02349976,0.02360098,0.02365944,0.02366904,0.02363402,0.02354908,0.02341801,0.02323654,0.02300798,0.02272912,0.02240296,0.0220273,0.02160497,0.02113475,0.02061953,0.02005887,0.01945608,0.01881121,0.01812826,0.0174077,0.01665422,0.01586866,0.01505647,0.01421882,0.01336182,0.0124867,0.0116007,0.01070458,0.00980649,0.008907153,0.008014851,0.007130695,0.006262544,0.005412112,0.004586182,0.003787607,0.003021219,0.002291561,0.001600441,0.0009554598,0.0003529741,-0.000193687,-0.0006965402,-0.001133553,-0.001528308,-0.001849376,-0.002125801,-0.002334087,-0.002481044,-0.002581059,-0.002601428,-0.002578841,-0.002499111,-0.002347222,-0.002155993,-0.001914895,-0.001610571,-0.001260952,-0.0008743748,-0.0004433684,3.279204e-05,0.0005465634,0.001092443,0.001669329,0.002275089,0.002908167,0.003564809,0.004242612,0.004938801,0.005651071,0.006376992,0.007114172,0.007860212,0.008612498,0.009368916,0.01012654,0.01088311,0.01163767,0.01238875,0.01313399,0.01386832,0.01458855,0.01529517,0.0159884,0.01666383,0.0173168,0.01794815,0.0185566,0.01913876,0.01969206,0.02021687,0.02071075,0.02117021,0.02159735
0.02180374,0.02214852,0.02245432,0.02272167,0.02294603,0.02313043,0.02326923,0.02336625,0.02341583,0.02342186,0.02337927,0.02329159,0.02315467,0.02297167,0.02273941,0.02246072,0.02213337,0.02176003,0.02133938,0.0208741,0.0203637,0.01981107,0.01921632,0.01858291,0.01791132,0.01720566,0.01646684,0.01569959,0.01490513,0.01408884,0.01325221,0.01240136,0.01153754,0.01066791,0.009793432,0.008921694,0.008053879,0.007197395,0.006353864,0.005530053,0.004728289,0.003953984,0.003210698,0.002501715,0.001832453,0.001202674,0.0006215569,8.278597e-05,-0.0003983683,-0.0008370153,-0.00120915,-0.00153933,-0.001800528,-0.002011436,-0.002165913,-0.002251192,-0.002296537,-0.002271587,-0.00219028,-0.002068422,-0.001880678,-0.001639313,-0.001360008,-0.001031451,-0.0006508509,-0.0002292759,0.000227641,0.0007214965,0.001252017,0.001815187,0.002407764,0.003026181,0.003668698,0.004332635,0.005015607,0.005715006,0.006428299,0.007153107,0.007887006,0.008627884,0.009373178,0.01012119,0.01086948,0.01161474,0.01235389,0.01308483,0.01380769,0.01452124,0.01522092,0.01590255,0.01656596,0.01721149,0.01783459,0.01843275,0.01900537,0.01955129,0.02006693,0.02055127,0.02100424,0.02142114
0.02163551,0.02197341,0.02227322,0.02253215,0.02275187,0.02292773,0.02306266,0.02315166,0.02319798,0.02319699,0.0231518,0.0230585,0.02291992,0.02273303,0.02250041,0.02221989,0.02189388,0.02152106,0.02110385,0.02064173,0.02013723,0.01959051,0.01900449,0.01837978,0.01771988,0.01702578,0.01630157,0.01554858,0.0147715,0.01397196,0.0131552,0.01232293,0.01148123,0.01063151,0.009780539,0.008929703,0.008085849,0.007250679,0.006430663,0.005627969,0.004848228,0.004094421,0.003370639,0.002681097,0.002027577,0.001416505,0.0008455212,0.0003252315,-0.0001530024,-0.0005722538,-0.0009497672,-0.001261901,-0.001529657,-0.00173586,-0.001884833,-0.001987579,-0.002019582,-0.002007791,-0.001942223,-0.001811384,-0.001639643,-0.001419801,-0.001141909,-0.00081937,-0.0004588111,-5.514985e-05,0.000391911,0.0008763889,0.001393713,0.001942511,0.002520693,0.003126528,0.003756668,0.004408685,0.005079918,0.005767975,0.006470419,0.007184786,0.007908653,0.008639367,0.009374725,0.0101119,0.01084858,0.01158339,0.01231467,0.01304003,0.0137552,0.01445714,0.01514565,0.01582033,0.01647748,0.01711301,0.01772706,0.01831818,0.01888339,0.01942024,0.01992863,0.02040625,0.02085009,0.02126125
0.02148652,0.02181813,0.02211111,0.02236564,0.02257807,0.02275039,0.02287828,0.02296432,0.02300431,0.02300092,0.02295047,0.02285549,0.02271304,0.02252546,0.02229061,0.0220107,0.02168436,0.02131379,0.0208984,0.02044047,0.01994008,0.0193998,0.01882023,0.01820443,0.01755336,0.01687063,0.0161576,0.01541838,0.01465465,0.01387104,0.01306947,0.01225516,0.0114299,0.01059966,0.009766087,0.008935471,0.008109608,0.00729465,0.006492696,0.005709405,0.004947382,0.004211236,0.003504402,0.002829896,0.002192447,0.001592437,0.001037201,0.0005226987,6.047825e-05,-0.0003598244,-0.0007206886,-0.001039139,-0.00129575,-0.001503352,-0.001657728,-0.001749321,-0.001799098,-0.001785494,-0.001718253,-0.001608948,-0.001439709,-0.001219282,-0.0009592666,-0.0006520321,-0.0002958208,0.0001011098,0.0005341941,0.001004031,0.00150991,0.002048432,0.002616665,0.003211424,0.003830788,0.004472182,0.005133185,0.005811242,0.006503813,0.007208486,0.007922792,0.008644523,0.009371119,0.01010065,0.01083068,0.01155817,0.01228021,0.01299464,0.01370087,0.01439742,0.01508042,0.01574629,0.01639422,0.01702389,0.01763152,0.01821476,0.01877258,0.01930371,0.01980503,0.02027532,0.02071407,0.02111753
0.02135788,0.02168442,0.02197312,0.02222164,0.02243081,0.02259716,0.02272239,0.02280292,0.02284075,0.02283261,0.02278055,0.0226819,0.02253857,0.0223486,0.02211383,0.02183301,0.021508,0.02113822,0.02072565,0.02027036,0.01977451,0.0192388,0.01866573,0.01805641,0.01741389,0.0167396,0.0160371,0.01530816,0.01455684,0.01378519,0.0129977,0.01219656,0.01138689,0.0105707,0.009753615,0.008937692,0.008128586,0.007328575,0.006543037,0.005774547,0.005027863,0.004306074,0.003612815,0.00295195,0.002325454,0.001738595,0.001190429,0.0006889354,0.0002288065,-0.0001778573,-0.0005422882,-0.0008480789,-0.001108964,-0.001313263,-0.001463453,-0.001567067,-0.001607389,-0.00160256,-0.001546171,-0.001430428,-0.001271991,-0.001066473,-0.0008073918,-0.000504143,-0.0001617606,0.0002226422,0.0006487682,0.001112003,0.001608589,0.002136906,0.002694847,0.003280509,0.003890901,0.0045236,0.005176004,0.005845699,0.006530234,0.007227128,0.007933934,0.008648092,0.009367291,0.0100888,0.01081029,0.01153002,0.01224613,0.01295627,0.01365681,0.01434494,0.01501979,0.01568045,0.01632372,0.01694615,0.01754716,0.01812517,0.01867756,0.01920211,0.01969807,0.02016342,0.02059559,0.02099486
0.02125277,0.02157512,0.02185927,0.02210487,0.02230925,0.02247328,0.02259393,0.02267257,0.02270635,0.02269675,0.02264139,0.0225418,0.02239614,0.02220592,0.02196993,0.02168975,0.0213648,0.02099676,0.02058567,0.02013339,0.01964055,0.01910932,0.01854076,0.01793753,0.01730105,0.01663443,0.01593948,0.01521976,0.01447736,0.0137163,0.0129389,0.01214963,0.01135082,0.01054746,0.009741844,0.008939185,0.008141909,0.007355123,0.006581448,0.005825637,0.005090579,0.004380313,0.003698182,0.003047129,0.002431196,0.001851558,0.001313761,0.0008160638,0.0003664868,-4.081028e-05,-0.0003942669,-0.0007040161,-0.0009576064,-0.001162581,-0.001316266,-0.001412411,-0.001464143,-0.001458102,-0.001400366,-0.001298512,-0.001141704,-0.0009356273,-0.0006880647,-0.0003947944,-5.525736e-05,0.000324809,0.000741818,0.001195422,0.001684406,0.002205873,0.002757143,0.003335379,0.003938491,0.004563988,0.005209416,0.005872278,0.00655004,0.007240281,0.007940509,0.008648469,0.009361612,0.01007781,0.01079465,0.01150932,0.01221912,0.01292186,0.01361627,0.0143006,0.01497164,0.01562633,0.01626333,0.01688171,0.01747833,0.018051,0.01859836,0.01911897,0.01961014,0.02007053,0.02049923,0.02089335
0.02117207,0.02149141,0.02177302,0.02201506,0.02221749,0.02237798,0.02249708,0.02257249,0.02260504,0.02259271,0.02253649,0.02243482,0.02228875,0.02209725,0.02186145,0.02158089,0.02125688,0.02088948,0.02048021,0.02002967,0.01953967,0.01901131,0.01844676,0.01784752,0.01721624,0.01655476,0.01586616,0.01515265,0.01441769,0.01366379,0.01289481,0.0121134,0.01132386,0.01052887,0.009733039,0.008939111,0.008151755,0.007373833,0.006609857,0.005862816,0.005136812,0.004435051,0.00376093,0.003117965,0.002508495,0.001936665,0.001403046,0.0009130806,0.0004647636,6.556753e-05,-0.0002899238,-0.0005921626,-0.0008481517,-0.001051164,-0.001202238,-0.001305418,-0.001351509,-0.001350496,-0.001299125,-0.001193392,-0.001042812,-0.0008454992,-0.0005984677,-0.0003074716,2.395804e-05,0.0003966112,0.0008094782,0.001259154,0.001742612,0.002257979,0.002803069,0.003375803,0.003973471,0.004593662,0.005233838,0.005891576,0.006564409,0.007249871,0.007945496,0.008648789,0.00935737,0.01006864,0.01078026,0.01149016,0.0121963,0.01289633,0.01358723,0.01426646,0.01493252,0.01558396,0.01621807,0.01683204,0.01742462,0.01799407,0.0185381,0.01905469,0.0195426,0.02,0.02042472,0.02081625
0.0211177,0.02143503,0.02171439,0.02195499,0.02215504,0.02231439,0.02243122,0.02250571,0.02253627,0.02252327,0.02246546,0.02236338,0.0222162,0.02202463,0.02178831,0.02150815,0.02118424,0.02081778,0.02040932,0.01996036,0.01947192,0.01894586,0.01838362,0.01778747,0.01715925,0.01650164,0.01581684,0.01510794,0.01437745,0.01362883,0.01286487,0.01208937,0.01130524,0.01051661,0.009726487,0.008939131,0.008157645,0.007386268,0.006628167,0.005887387,0.005167141,0.004471072,0.003802465,0.003164344,0.002560113,0.001991849,0.001463377,0.0009752949,0.0005322181,0.0001327347,-0.0002173186,-0.000521465,-0.0007738354,-0.0009771101,-0.001129894,-0.001229331,-0.001280999,-0.001279376,-0.001227278,-0.001128349,-0.0009785565,-0.0007809156,-0.0005395234,-0.0002534525,7.657338e-05,0.0004471006,0.0008554711,0.001300367,0.001780033,0.002291974,0.002833719,0.00340273,0.003996722,0.004613263,0.005249898,0.005904166,0.006573562,0.007255653,0.007947954,0.008648092,0.009353577,0.01006214,0.01077135,0.01147869,0.01218163,0.01287792,0.01356571,0.01424298,0.01490708,0.01555549,0.01618641,0.01679829,0.01738863,0.01795538,0.01849687,0.01901143,0.01949694,0.01995184,0.02037481,0.02076373
0.02109018,0.02140655,0.02168508,0.0219245,0.02212391,0.02228208,0.0223984,0.02247182,0.02250198,0.02248809,0.02243001,0.02232726,0.02217996,0.02198798,0.02175175,0.02147149,0.02114793,0.0207817,0.02037387,0.01992551,0.01943804,0.01891295,0.01835207,0.01775727,0.01713079,0.0164749,0.01579223,0.0150854,0.01435739,0.01361115,0.01284999,0.0120771,0.01129605,0.0105102,0.009723322,0.008938864,0.008160664,0.007392226,0.006637332,0.005899455,0.005182202,0.004488952,0.003822993,0.003187552,0.002585458,0.002019783,0.001492693,0.001007178,0.0005645225,0.0001677311,-0.0001829906,-0.0004846498,-0.0007377874,-0.0009404108,-0.001092306,-0.001194058,-0.001243852,-0.001243864,-0.001193871,-0.001093646,-0.00094588,-0.0007511311,-0.0005099091,-0.0002245785,0.0001027778,0.0004708502,0.0008778471,0.001321438,0.00179927,0.002309181,0.002848867,0.003416037,0.004008203,0.004622953,0.005257819,0.00591036,0.006578097,0.007258582,0.007949344,0.008647909,0.00935185,0.01005876,0.01076621,0.01147195,0.01217365,0.01286901,0.01355561,0.01423117,0.0148936,0.0155409,0.01617083,0.01678122,0.0173702,0.01793586,0.01847623,0.01898943,0.01947385,0.01992775,0.02034939,0.02073742
0.02109018,0.02140655,0.02168508,0.0219245,0.02212391,0.02228208,0.0223984,0.02247182,0.02250198,0.02248809,0.02243001,0.02232726,0.02217996,0.02198798,0.02175175,0.02147149,0.02114793,0.0207817,0.02037387,0.01992551,0.01943804,0.01891295,0.01835207,0.01775727,0.01713079,0.0164749,0.01579223,0.0150854,0.01435739,0.01361115,0.01284999,0.0120771,0.01129605,0.0105102,0.009723322,0.008938864,0.008160664,0.007392226,0.006637332,0.005899455,0.005182202,0.004488952,0.003822993,0.003187552,0.002585458,0.002019783,0.001492693,0.001007178,0.0005645225,0.0001677311,-0.0001829906,-0.0004846498,-0.0007377874,-0.0009404108,-0.001092306,-0.001194058,-0.001243852,-0.001243864,-0.001193871,-0.001093646,-0.00094588,-0.0007511311,-0.0005099091,-0.0002245786,0.0001027778,0.0004708501,0.0008778471,0.001321438,0.00179927,0.002309181,0.002848867,0.003416037,0.004008203,0.004622953,0.005257819,0.00591036,0.006578097,0.007258582,0.007949344,0.008647909,0.00935185,0.01005876,0.01076621,0.01147195,0.01217365,0.01286901,0.01355561,0.01423117,0.0148936,0.0155409,0.01617083,0.01678122,0.0173702,0.01793586,0.01847623,0.01898943,0.01947385,0.01992775,0.02034939,0.02073742
0.0211177,0.02143503,0.02171439,0.02195499,0.02215504,0.02231439,0.02243122,0.02250571,0.02253627,0.02252327,0.02246546,0.02236338,0.0222162,0.02202463,0.02178831,0.02150815,0.02118424,0.02081778,0.02040932,0.01996036,0.01947192,0.01894586,0.01838362,0.01778747,0.01715925,0.01650164,0.01581684,0.01510794,0.01437745,0.01362883,0.01286487,0.01208937,0.01130524,0.01051661,0.009726487,0.008939131,0.008157645,0.007386268,0.006628167,0.005887387,0.005167141,0.004471072,0.003802465,0.003164344,0.002560113,0.001991849,0.001463377,0.0009752948,0.0005322181,0.0001327347,-0.0002173186,-0.000521465,-0.0007738354,-0.0009771101,-0.001129894,-0.001229331,-0.001280999,-0.001279376,-0.001227278,-0.001128349,-0.0009785565,-0.0007809156,-0.0005395234,-0.0002534525,7.657334e-05,0.0004471006,0.0008554711,0.001300367,0.001780033,0.002291974,0.002833719,0.00340273,0.003996722,0.004613263,0.005249898,0.005904166,0.006573562,0.007255653,0.007947954,0.008648092,0.009353577,0.01006214,0.01077135,0.01147869,0.01218163,0.01287792,0.01356571,0.01424298,0.01490708,0.01555549,0.01618641,0.01679829,0.01738863,0.01795538,0.01849687,0.01901143,0.01949694,0.01995184,0.02037481,0.02076373
0.02117207,0.02149141,0.02177302,0.02201506,0.02221749,0.02237798,0.02249708,0.02257249,0.02260504,0.02259271,0.02253649,0.02243482,0.02228875,0.02209725,0.02186145,0.02158089,0.02125688,0.02088948,0.02048021,0.02002967,0.01953967,0.01901131,0.01844676,0.01784752,0.01721624,0.01655476,0.01586616,0.01515265,0.01441769,0.01366379,0.01289481,0.0121134,0.01132386,0.01052887,0.009733039,0.008939111,0.008151755,0.007373833,0.006609857,0.005862816,0.005136812,0.004435051,0.00376093,0.003117965,0.002508495,0.001936665,0.001403046,0.0009130806,0.0004647635,6.55675e-05,-0.0002899239,-0.0005921627,-0.0008481517,-0.001051164,-0.001202238,-0.001305418,-0.001351509,-0.001350496,-0.001299125,-0.001193392,-0.001042812,-0.0008454993,-0.0005984677,-0.0003074716,2.395799e-05,0.0003966111,0.0008094781,0.001259154,0.001742612,0.002257979,0.002803068,0.003375803,0.003973471,0.004593662,0.005233838,0.005891576,0.006564409,0.007249871,0.007945496,0.008648789,0.00935737,0.01006864,0.01078026,0.01149016,0.0121963,0.01289633,0.01358723,0.01426646,0.01493252,0.01558396,0.01621807,0.01683204,0.01742462,0.01799407,0.0185381,0.01905469,0.0195426,0.02,0.02042472,0.02081625
0.02125277,0.02157512,0.02185927,0.02210487,0.02230925,0.02247328,0.02259393,0.02267257,0.02270635,0.02269675,0.02264139,0.0225418,0.02239614,0.02220592,0.02196993,0.02168975,0.0213648,0.02099676,0.02058567,0.02013339,0.01964055,0.01910931,0.01854076,0.01793753,0.01730105,0.01663443,0.01593948,0.01521976,0.01447736,0.0137163,0.0129389,0.01214963,0.01135082,0.01054746,0.009741844,0.008939185,0.008141909,0.007355123,0.006581448,0.005825637,0.005090579,0.004380313,0.003698182,0.003047129,0.002431196,0.001851558,0.001313761,0.0008160638,0.0003664868,-4.081032e-05,-0.0003942669,-0.0007040161,-0.0009576065,-0.001162581,-0.001316266,-0.001412411,-0.001464143,-0.001458102,-0.001400366,-0.001298512,-0.001141704,-0.0009356274,-0.0006880648,-0.0003947945,-5.525742e-05,0.0003248089,0.000741818,0.001195422,0.001684406,0.002205873,0.002757143,0.003335379,0.00393849,0.004563988,0.005209416,0.005872278,0.00655004,0.007240281,0.007940509,0.008648468,0.009361612,0.01007781,0.01079465,0.01150932,0.01221912,0.01292186,0.01361627,0.0143006,0.01497164,0.01562633,0.01626333,0.01688171,0.01747833,0.018051,0.01859836,0.01911897,0.01961014,0.02007053,0.02049923,0.02089335
0.02135788,0.02168442,0.02197312,0.02222164,0.02243081,0.02259716,0.02272239,0.02280292,0.02284075,0.02283261,0.02278055,0.0226819,0.02253857,0.0223486,0.02211383,0.02183301,0.021508,0.02113822,0.02072565,0.02027036,0.01977451,0.0192388,0.01866573,0.01805641,0.01741389,0.0167396,0.01603709,0.01530816,0.01455684,0.01378519,0.0129977,0.01219656,0.01138689,0.0105707,0.009753615,0.008937692,0.008128586,0.007328575,0.006543037,0.005774547,0.005027863,0.004306074,0.003612815,0.00295195,0.002325454,0.001738595,0.001190429,0.0006889353,0.0002288065,-0.0001778574,-0.0005422882,-0.0008480789,-0.001108964,-0.001313263,-0.001463453,-0.001567067,-0.001607389,-0.00160256,-0.001546171,-0.001430428,-0.001271991,-0.001066473,-0.0008073919,-0.0005041431,-0.0001617607,0.0002226421,0.0006487682,0.001112003,0.001608589,0.002136906,0.002694847,0.003280509,0.003890901,0.0045236,0.005176004,0.005845699,0.006530234,0.007227128,0.007933934,0.008648092,0.009367291,0.0100888,0.01081029,0.01153002,0.01224613,0.01295627,0.01365681,0.01434494,0.01501979,0.01568045,0.01632372,0.01694615,0.01754716,0.01812517,0.01867756,0.01920211,0.01969807,0.02016342,0.02059559,0.02099486
0.02148652,0.02181813,0.02211111,0.02236564,0.02257807,0.02275039,0.02287828,0.02296432,0.02300431,0.02300092,0.02295047,0.02285549,0.02271304,0.02252546,0.02229061,0.0220107,0.02168436,0.02131379,0.0208984,0.02044047,0.01994008,0.0193998,0.01882023,0.01820443,0.01755336,0.01687063,0.0161576,0.01541838,0.01465465,0.01387104,0.01306947,0.01225516,0.0114299,0.01059966,0.009766087,0.008935471,0.008109608,0.00729465,0.006492696,0.005709405,0.004947382,0.004211235,0.003504402,0.002829896,0.002192447,0.001592437,0.001037201,0.0005226987,6.047821e-05,-0.0003598245,-0.0007206887,-0.001039139,-0.00129575,-0.001503352,-0.001657728,-0.001749321,-0.001799098,-0.001785494,-0.001718253,-0.001608948,-0.00143971,-0.001219282,-0.0009592666,-0.0006520322,-0.0002958209,0.0001011097,0.000534194,0.001004031,0.00150991,0.002048432,0.002616665,0.003211424,0.003830788,0.004472181,0.005133185,0.005811242,0.006503813,0.007208486,0.007922792,0.008644523,0.009371119,0.01010065,0.01083068,0.01155817,0.01228021,0.01299464,0.01370087,0.01439742,0.01508042,0.01574629,0.01639422,0.01702389,0.01763152,0.01821476,0.01877258,0.01930371,0.01980503,0.02027532,0.02071407,0.02111753
0.02163551,0.02197341,0.02227322,0.02253215,0.02275187,0.02292773,0.02306266,0.02315166,0.02319798,0.02319699,0.0231518,0.0230585,0.02291992,0.02273303,0.02250041,0.02221989,0.02189388,0.02152106,0.02110385,0.02064173,0.02013723,0.01959051,0.01900449,0.01837978,0.01771988,0.01702578,0.01630157,0.01554858,0.0147715,0.01397196,0.0131552,0.01232293,0.01148123,0.01063151,0.009780539,0.008929703,0.008085849,0.007250679,0.006430663,0.005627969,0.004848228,0.004094421,0.003370639,0.002681097,0.002027577,0.001416505,0.0008455212,0.0003252314,-0.0001530025,-0.0005722538,-0.0009497672,-0.001261901,-0.001529657,-0.00173586,-0.001884833,-0.001987579,-0.002019582,-0.002007791,-0.001942223,-0.001811384,-0.001639643,-0.001419801,-0.001141909,-0.0008193701,-0.0004588111,-5.514994e-05,0.0003919109,0.0008763887,0.001393713,0.00194251,0.002520693,0.003126528,0.003756668,0.004408685,0.005079918,0.005767975,0.006470419,0.007184786,0.007908653,0.008639367,0.009374725,0.0101119,0.01084858,0.01158339,0.01231467,0.01304003,0.0137552,0.01445714,0.01514565,0.01582033,0.01647748,0.01711301,0.01772706,0.01831818,0.01888339,0.01942024,0.01992863,0.02040625,0.02085009,0.02126125
0.02180374,0.02214852,0.02245432,0.02272167,0.02294603,0.02313043,0.02326923,0.02336625,0.02341583,0.02342186,0.02337927,0.02329159,0.02315467,0.02297167,0.02273941,0.02246072,0.02213337,0.02176003,0.02133938,0.0208741,0.0203637,0.01981107,0.01921632,0.01858291,0.01791132,0.01720566,0.01646684,0.01569959,0.01490513,0.01408884,0.01325221,0.01240136,0.01153754,0.01066791,0.009793432,0.008921694,0.008053879,0.007197395,0.006353864,0.005530053,0.004728289,0.003953984,0.003210698,0.002501715,0.001832453,0.001202674,0.0006215569,8.278595e-05,-0.0003983683,-0.0008370153,-0.00120915,-0.00153933,-0.001800528,-0.002011436,-0.002165913,-0.002251192,-0.002296537,-0.002271587,-0.00219028,-0.002068422,-0.001880678,-0.001639313,-0.001360008,-0.001031451,-0.000650851,-0.000229276,0.0002276409,0.0007214965,0.001252017,0.001815187,0.002407764,0.003026181,0.003668698,0.004332635,0.005015607,0.005715006,0.006428299,0.007153107,0.007887006,0.008627884,0.009373178,0.01012119,0.01086948,0.01161474,0.01235389,0.01308483,0.01380769,0.01452124,0.01522092,0.01590255,0.01656596,0.01721149,0.01783459,0.01843275,0.01900537,0.01955129,0.02006693,0.02055127,0.02100424,0.02142114
0.02198678,0.02233983,0.02265461,0.02292783,0.02316202,0.02335128,0.02349976,0.02360098,0.02365944,0.02366904,0.02363402,0.02354908,0.02341801,0.02323654,0.02300798,0.02272912,0.02240296,0.0220273,0.02160497,0.02113475,0.02061953,0.02005887,0.01945608,0.01881121,0.01812826,0.0174077,0.01665422,0.01586866,0.01505647,0.01421882,0.01336182,0.0124867,0.0116007,0.01070458,0.009806489,0.008907153,0.008014851,0.007130695,0.006262544,0.005412112,0.004586182,0.003787607,0.003021219,0.002291561,0.001600441,0.0009554598,0.0003529741,-0.000193687,-0.0006965402,-0.001133553,-0.001528308,-0.001849376,-0.002125801,-0.002334087,-0.002481044,-0.002581059,-0.002601428,-0.002578841,-0.002499111,-0.002347222,-0.002155993,-0.001914895,-0.001610571,-0.001260952,-0.0008743748,-0.0004433685,3.279194e-05,0.0005465633,0.001092443,0.001669329,0.002275089,0.002908167,0.003564809,0.004242612,0.004938801,0.005651071,0.006376992,0.007114172,0.007860212,0.008612498,0.009368916,0.01012654,0.01088311,0.01163767,0.01238875,0.01313399,0.01386832,0.01458855,0.01529517,0.0159884,0.01666383,0.0173168,0.01794815,0.0185566,0.01913876,0.01969206,0.02021687,0.02071075,0.02117021,0.02159735
0.02218379,0.02254538,0.0228678,0.02315184,0.02339204,0.02359251,0.02374616,0.02385812,0.02392116,0.02394037,0.0239092,0.02383226,0.023704,0.0235284,0.02330107,0.02302551,0.02269843,0.02232303,0.02189709,0.02142368,0.02090161,0.02033411,0.01972068,0.01906521,0.01836761,0.01763258,0.01686046,0.01605673,0.0152221,0.01436284,0.01347996,0.01258067,0.01166566,0.01074346,0.009814368,0.008887549,0.00796353,0.007051287,0.006151913,0.005273616,0.004418394,0.00359279,0.002800428,0.002045171,0.001333093,0.0006635584,4.762319e-05,-0.0005232276,-0.001029818,-0.001492211,-0.001879459,-0.002224321,-0.002491212,-0.002705686,-0.002859009,-0.002935419,-0.0029731,-0.002931952,-0.002831089,-0.002690658,-0.002477155,-0.002207205,-0.001900816,-0.001542632,-0.001129006,-0.0006742671,-0.0001851666,0.0003409491,0.0009041743,0.001499727,0.002124024,0.002773044,0.003445314,0.004138007,0.004848797,0.005575036,0.006314257,0.007064136,0.007822357,0.008587013,0.009355557,0.0101265,0.01089752,0.01166491,0.01242547,0.01317721,0.01392107,0.01465597,0.01537661,0.01607822,0.01676132,0.01742688,0.01806949,0.01868656,0.0192779,0.01984259,0.02037635,0.0208785,0.02134949,0.02178365
0.02238968,0.02276159,0.02309502,0.02338635,0.02363889,0.02384551,0.02401157,0.02412904,0.02420375,0.02422788,0.02420695,0.02413409,0.02401407,0.02384119,0.02361953,0.02334467,0.02302018,0.02264279,0.0222158,0.02173709,0.02120991,0.02063312,0.02001038,0.01934111,0.01862984,0.01787643,0.01708624,0.01625961,0.01540279,0.01451649,0.01360784,0.0126776,0.01173432,0.01077812,0.009818804,0.0088564,0.00790093,0.006952891,0.006021834,0.005109005,0.004222699,0.003365584,0.002543544,0.00176142,0.001021357,0.0003320953,-0.0003111036,-0.0008920725,-0.0014263,-0.001886207,-0.002302432,-0.002634705,-0.002921167,-0.003131019,-0.003274386,-0.003368913,-0.003373197,-0.003334873,-0.003234853,-0.003054593,-0.002836366,-0.002565783,-0.002226035,-0.001840376,-0.001418876,-0.0009514826,-0.0004372027,0.0001145378,0.0006972072,0.001310006,0.001950727,0.002617974,0.003307541,0.004017095,0.004743766,0.005485403,0.00623964,0.007004219,0.007776823,0.008554948,0.009336622,0.0101188,0.01089939,0.01167782,0.01245291,0.01322223,0.01397987,0.01472244,0.01545126,0.01616719,0.01686496,0.0175392,0.01819171,0.01882131,0.01942413,0.01999752,0.02054241,0.0210561,0.02153471,0.02198142
0.02260516,0.0229871,0.02332972,0.02363409,0.02389386,0.02411425,0.02428669,0.02441766,0.02449821,0.02453478,0.02451907,0.02445686,0.02434098,0.02417632,0.02395706,0.02368737,0.0233627,0.02298679,0.02255633,0.02207479,0.02154006,0.0209558,0.02032069,0.01963914,0.01891034,0.0181396,0.01732668,0.01647787,0.01559333,0.01468033,0.01373941,0.01277904,0.01179933,0.01081046,0.00981201,0.008815048,0.007819379,0.006835949,0.0058652,0.004917239,0.003993636,0.003102492,0.002247358,0.001433093,0.0006663424,-5.360948e-05,-0.0007138508,-0.001324961,-0.001863677,-0.002355245,-0.00276125,-0.003123431,-0.003396397,-0.003614014,-0.003763916,-0.003827763,-0.003853391,-0.003789702,-0.003662377,-0.003495836,-0.003247545,-0.002939748,-0.002597,-0.002199413,-0.001742695,-0.001245078,-0.0007144487,-0.0001470481,0.0004575394,0.001093555,0.001757071,0.002443532,0.003151827,0.003878969,0.004622818,0.005380698,0.006150343,0.006929526,0.007716173,0.008508563,0.00930428,0.01010213,0.01089987,0.0116934,0.01247942,0.01325597,0.01402498,0.01478542,0.01553113,0.01625661,0.0169633,0.01765272,0.01831857,0.01895811,0.01957172,0.02015858,0.02071384,0.02123715,0.02172947,0.02218406
0.02282538,0.02321941,0.02357465,0.02388739,0.02416168,0.02438916,0.02457651,0.02471402,0.02480892,0.02485161,0.02484885,0.024792,0.02468689,0.0245262,0.02431484,0.02404686,0.02372646,0.02334908,0.0229185,0.02243148,0.02189165,0.02129696,0.0206515,0.01995387,0.01920918,0.01841655,0.01758212,0.0167056,0.01579423,0.01484817,0.01387578,0.01287728,0.01186281,0.01083181,0.009796049,0.008754778,0.007720176,0.006692022,0.00568201,0.004690812,0.003728719,0.002798069,0.001906271,0.001058319,0.0002571398,-0.0004875044,-0.00118115,-0.001804751,-0.002377286,-0.002865221,-0.003306878,-0.003652008,-0.003949327,-0.004159236,-0.004296426,-0.004381486,-0.004363683,-0.004303288,-0.004175064,-0.003957159,-0.003702719,-0.003392578,-0.003006541,-0.002574184,-0.002107362,-0.001593125,-0.001030481,-0.0004311362,0.0001972308,0.0008541886,0.001537401,0.002245683,0.002974283,0.00372107,0.004483149,0.00525866,0.006045382,0.006841341,0.007644377,0.008452123,0.009262839,0.01007347,0.010882,0.01168849,0.0124919,0.01328971,0.01407493,0.0148441,0.01559937,0.01634224,0.01706637,0.0177657,0.01844307,0.01909742,0.01972424,0.02032087,0.02088901,0.02142558,0.02192625,0.02239546
0.02305314,0.02345781,0.02382319,0.02415046,0.02443253,0.02467577,0.02487008,0.02502338,0.0251249,0.02518254,0.02518601,0.02514233,0.02504251,0.02489244,0.02468458,0.02442382,0.02410409,0.02372966,0.02329589,0.0228067,0.02225883,0.02165633,0.02099694,0.02028556,0.01952052,0.01870785,0.01784657,0.01694387,0.0159993,0.01502132,0.01400993,0.01297507,0.01191625,0.01084561,0.00976193,0.008678574,0.007594535,0.006523183,0.005464215,0.004430134,0.003421922,0.002449771,0.001517012,0.0006300011,-0.0002042231,-0.0009860033,-0.001700665,-0.00236066,-0.002938425,-0.003464743,-0.003892753,-0.004274508,-0.004553251,-0.004772848,-0.004915969,-0.004962282,-0.004970129,-0.004875869,-0.004713353,-0.004511372,-0.004217321,-0.003860504,-0.003470385,-0.003021804,-0.002510242,-0.001958591,-0.001375946,-0.000757294,-0.0001020006,0.0005829534,0.001293272,0.002023851,0.002774079,0.00354085,0.004322394,0.005116091,0.005920054,0.006732279,0.007551099,0.008375014,0.00920186,0.01003084,0.01085977,0.01168409,0.01250033,0.01330655,0.01410577,0.01489688,0.01567255,0.01642645,0.01716119,0.0178788,0.01857179,0.01923736,0.01987658,0.02048861,0.02106816,0.02161527,0.02213146,0.02260876
0.02328208,0.02369957,0.02407796,0.02441365,0.0247114,0.0249617,0.02517262,0.02533267,0.02545064,0.02551495,0.02553375,0.02549637,0.02540982,0.02526487,0.0250673,0.02480939,0.02449601,0.02412097,0.02368854,0.02319413,0.02264176,0.0220282,0.021358,0.0206287,0.01984608,0.01900835,0.01812252,0.01718749,0.01621171,0.01519465,0.01414613,0.01306575,0.01196555,0.0108442,0.00971583,0.008578799,0.007447945,0.006322151,0.00521588,0.004128973,0.003074347,0.002053762,0.001076847,0.000148448,-0.0007271238,-0.001539314,-0.002293992,-0.002969307,-0.003587621,-0.004109094,-0.004580232,-0.004939695,-0.005248619,-0.005456422,-0.005584232,-0.005654905,-0.00560772,-0.005517772,-0.005351786,-0.005085294,-0.00478405,-0.004422619,-0.003977694,-0.003486453,-0.002962639,-0.002389909,-0.001767701,-0.001110451,-0.0004271541,0.0002822548,0.001015236,0.00177096,0.002544065,0.003332861,0.004134515,0.004947738,0.005770576,0.006601593,0.007438873,0.008280382,0.009124653,0.009968646,0.01081043,0.01165075,0.01248859,0.01332125,0.01414026,0.01494208,0.01572978,0.01650542,0.01726113,0.01799031,0.01869687,0.01937977,0.02003381,0.02065643,0.02125013,0.02181154,0.02233596,0.02282927
0.02351307,0.02394017,0.02432835,0.0246787,0.02498363,0.02525065,0.02546817,0.02564569,0.02577044,0.02585193,0.02587776,0.02585629,0.02577638,0.02564502,0.02545262,0.02520488,0.02489386,0.0245244,0.02409018,0.02359555,0.02303584,0.02241545,0.02173093,0.02098768,0.02018295,0.01932358,0.0184076,0.01744329,0.01642941,0.01537581,0.01428182,0.01315916,0.01200659,0.01083862,0.009653114,0.008466217,0.007275946,0.006098686,0.004933201,0.003795022,0.002684278,0.001613982,0.0005869596,-0.0003882206,-0.001304472,-0.002161086,-0.002941876,-0.003660758,-0.004285784,-0.004853497,-0.005307647,-0.005712152,-0.005996737,-0.006217613,-0.006350519,-0.006374118,-0.006358207,-0.006224491,-0.006017377,-0.00576998,-0.005418109,-0.005000145,-0.004550827,-0.00403876,-0.003459804,-0.002842515,-0.002197235,-0.001517477,-0.0008025213,-6.085271e-05,0.0007028963,0.001483085,0.00227993,0.003090302,0.003913085,0.004745925,0.005587619,0.006436566,0.007291752,0.008152087,0.009015707,0.009882211,0.01074945,0.01161208,0.01246635,0.01331022,0.01414783,0.01497761,0.01579074,0.01657981,0.01734878,0.01810012,0.01882484,0.0195201,0.0201879,0.02082737,0.0214326,0.02200441,0.02254504,0.02304528
0.02373056,0.02417015,0.02457044,0.02492838,0.02524938,0.02552293,0.02575857,0.02594303,0.02608677,0.02617602,0.02622057,0.02620742,0.02614485,0.02602135,0.02584364,0.02560189,0.02530161,0.02493466,0.02450576,0.02400855,0.02344746,0.02281771,0.0221243,0.02136346,0.0205416,0.0196558,0.01871401,0.01771419,0.01666603,0.01556825,0.0144323,0.01325712,0.01205691,0.01082946,0.009591769,0.008341128,0.007095632,0.005853057,0.004631331,0.003429176,0.002262944,0.001133478,5.345095e-05,-0.000972817,-0.001938796,-0.002833546,-0.003662551,-0.004401357,-0.005075456,-0.005638284,-0.006145416,-0.006522723,-0.006845955,-0.007050901,-0.007167583,-0.007220008,-0.007136845,-0.007010614,-0.006797746,-0.006471976,-0.006113678,-0.005689344,-0.005172899,-0.004610915,-0.004018964,-0.003376757,-0.00268466,-0.001960484,-0.001214679,-0.0004464502,0.000341469,0.001148831,0.001969745,0.002803362,0.003647139,0.004500811,0.005362945,0.00623297,0.007109351,0.007990635,0.008875589,0.009761035,0.01064505,0.01152893,0.01241142,0.01328927,0.01415193,0.01499567,0.01582448,0.0166409,0.01743492,0.01819937,0.0189395,0.01965424,0.02033756,0.02098733,0.0216069,0.0221927,0.02273988,0.02325625
0.02392534,0.02437324,0.02478336,0.02515648,0.02548491,0.0257773,0.02602068,0.02622622,0.02637911,0.02649049,0.02654566,0.02655443,0.02650321,0.02640004,0.02623293,0.02600838,0.02571615,0.0253616,0.0249363,0.02444495,0.02388106,0.02324934,0.02254474,0.02177317,0.02093046,0.02002425,0.0190514,0.01802134,0.01693183,0.01579428,0.01460725,0.0133845,0.01212394,0.01084286,0.009538022,0.008229016,0.006912626,0.005609023,0.00431569,0.00305211,0.001817164,0.0006276829,-0.0005145387,-0.001597646,-0.002615049,-0.003563977,-0.004427231,-0.005219423,-0.005904372,-0.006524306,-0.007012911,-0.007447332,-0.007741127,-0.007966108,-0.008088151,-0.008086591,-0.008043514,-0.00786327,-0.007604287,-0.0073033,-0.006882684,-0.006392898,-0.00587416,-0.005287614,-0.004630261,-0.003937709,-0.003221492,-0.002473381,-0.001692671,-0.0008896433,-6.908803e-05,0.0007629112,0.001607971,0.00246317,0.003328584,0.004202413,0.005084593,0.005974125,0.006870918,0.007774353,0.008682853,0.009596264,0.01051225,0.01142408,0.01232747,0.01321988,0.01410663,0.01498504,0.01584435,0.01667588,0.0174853,0.01827515,0.01903491,0.01976188,0.02045924,0.02112614,0.02175619,0.02235126,0.02291455,0.02343571
0.02406617,0.02452919,0.02495327,0.02533664,0.02568518,0.0259877,0.02625518,0.02647262,0.02665222,0.02677782,0.02686084,0.02688571,0.02686198,0.02677542,0.02663369,0.02642433,0.02615345,0.02581041,0.02540033,0.02491457,0.02435783,0.0237234,0.02301657,0.02223191,0.02137641,0.02044567,0.01944865,0.01838207,0.01725709,0.01607139,0.01483837,0.01355611,0.01224143,0.01089106,0.009525424,0.008140567,0.006758585,0.005375894,0.004014763,0.002672483,0.001369893,0.0001064354,-0.001101033,-0.00224929,-0.003328343,-0.004327543,-0.005250848,-0.006071706,-0.006818078,-0.007436492,-0.007992269,-0.00839648,-0.008742287,-0.008948365,-0.009056996,-0.009091492,-0.008969375,-0.008803906,-0.00853796,-0.00814467,-0.007721733,-0.007225119,-0.006626534,-0.005984268,-0.005315537,-0.004595336,-0.003825601,-0.003028385,-0.002215682,-0.001385622,-0.0005410427,0.0003187601,0.001187432,0.002065553,0.00295118,0.003845568,0.004748062,0.005659284,0.006578158,0.007503899,0.008435484,0.009369428,0.01030358,0.01123975,0.012176,0.01310807,0.01402253,0.0149155,0.01579191,0.01665481,0.01749143,0.01829411,0.0190699,0.01981773,0.02053066,0.02120734,0.02185234,0.02246184,0.02303106,0.02357024
0.02413542,0.02461169,0.02505285,0.02545901,0.0258229,0.02615411,0.02643852,0.02668887,0.02688827,0.02704948,0.02715515,0.02721656,0.02721724,0.02716626,0.0270487,0.02687176,0.02662229,0.02630608,0.025912,0.025445,0.02489614,0.0242704,0.02356059,0.02277306,0.0219018,0.02095526,0.01992874,0.01883299,0.01766447,0.01643642,0.01514641,0.0138106,0.01242598,0.01101309,0.009567476,0.008112876,0.006644636,0.005187658,0.003737817,0.002319713,0.0009305023,-0.0004078674,-0.001695253,-0.002915089,-0.004062033,-0.005129782,-0.006100944,-0.006989577,-0.007755727,-0.008446898,-0.008985899,-0.00946462,-0.009777496,-0.01001582,-0.01013167,-0.01010759,-0.01003847,-0.009808164,-0.009493369,-0.009133266,-0.008634776,-0.008064241,-0.007467498,-0.006796425,-0.006050249,-0.005273359,-0.004478431,-0.003655068,-0.002802816,-0.001934317,-0.001054535,-0.000170156,0.0007222326,0.001619901,0.002524521,0.003434963,0.00435273,0.005277668,0.0062111,0.007153119,0.008102846,0.009060768,0.01002436,0.01098521,0.01193835,0.01288052,0.01381859,0.01474825,0.01565623,0.0165323,0.01738461,0.01821544,0.0190125,0.01977337,0.02050287,0.02119987,0.02185785,0.02247996,0.02307037,0.02361751
0.02409485,0.02459988,0.02506741,0.02549771,0.02589666,0.02625279,0.02657831,0.02685653,0.02710127,0.02729389,0.02744726,0.02754287,0.02759146,0.02757561,0.02750377,0.02736023,0.02715153,0.0268639,0.02650267,0.02605632,0.02552962,0.02491336,0.02421298,0.02342087,0.02254458,0.0215778,0.02053053,0.01939797,0.01819289,0.01691179,0.01557029,0.01416553,0.0127174,0.01122155,0.009702479,0.008154861,0.006605755,0.005049954,0.00351529,0.001997216,0.0005224613,-0.0009115355,-0.00228211,-0.00358796,-0.004813887,-0.005950536,-0.0069986,-0.007930398,-0.008775043,-0.009472479,-0.01009773,-0.01054538,-0.01092912,-0.01114603,-0.01125514,-0.01127615,-0.01111525,-0.01091038,-0.0105862,-0.0101172,-0.009621751,-0.009041612,-0.00834692,-0.0076106,-0.00685117,-0.006037767,-0.005174867,-0.00429027,-0.003398285,-0.002496395,-0.001588458,-0.0006734687,0.0002407388,0.001156089,0.002071121,0.002989139,0.003910837,0.004839116,0.005774474,0.006718152,0.007670785,0.00862974,0.009593436,0.01056515,0.01154209,0.01251886,0.01347821,0.01441627,0.01533899,0.0162497,0.01713183,0.01797738,0.01879526,0.0195841,0.02033566,0.02104956,0.02173172,0.0223778,0.02298319,0.02356071
0.02393236,0.02446815,0.02497344,0.02544678,0.02588202,0.02628919,0.02665333,0.02698845,0.02727554,0.02752893,0.02772832,0.02788625,0.02798287,0.02802822,0.0280038,0.02791727,0.02775192,0.02751371,0.02718812,0.0267801,0.02627766,0.02568571,0.0249945,0.02421055,0.02332564,0.02234893,0.02127387,0.02011254,0.01885999,0.01753154,0.01612366,0.01465535,0.01312268,0.01155011,0.009932003,0.008297101,0.006639256,0.004989262,0.003341188,0.001726144,0.0001391272,-0.001391137,-0.002866831,-0.004264836,-0.005582063,-0.006806654,-0.007922232,-0.008940417,-0.009818447,-0.01060805,-0.0112207,-0.01176451,-0.01211143,-0.01237666,-0.0124935,-0.01245103,-0.01235715,-0.01207115,-0.01169331,-0.01126334,-0.01066965,-0.00999892,-0.009302424,-0.008519963,-0.007654387,-0.006761545,-0.005856129,-0.00492616,-0.003973668,-0.003016825,-0.002063485,-0.001123625,-0.0001932195,0.0007243371,0.001633077,0.002533831,0.00343198,0.004330825,0.005236416,0.006152863,0.007083306,0.008031744,0.00899707,0.009969294,0.01094271,0.0119131,0.01288907,0.01386342,0.01481906,0.01574318,0.01664669,0.01753088,0.01838043,0.01919306,0.01997509,0.02072454,0.02143442,0.0221093,0.0227542,0.02335588
0.02360983,0.02420073,0.02475635,0.02528008,0.02577686,0.02623565,0.02666925,0.02705968,0.0274219,0.02773484,0.02801258,0.02823324,0.02840843,0.0285171,0.02856814,0.02854186,0.02844494,0.02825969,0.02799135,0.02762473,0.02716441,0.02659794,0.02593078,0.0251525,0.02427114,0.02327808,0.0221844,0.0209835,0.01969004,0.01829924,0.01682936,0.01527671,0.01366477,0.01198835,0.01027691,0.008523828,0.006762297,0.004985456,0.003228154,0.001483714,-0.0002134967,-0.001868612,-0.003451181,-0.004962749,-0.00638074,-0.007698401,-0.008910845,-0.009990729,-0.01096634,-0.0117719,-0.01249166,-0.01300238,-0.01344105,-0.0136781,-0.0137946,-0.01380243,-0.01359634,-0.013343,-0.0129425,-0.01237283,-0.01177595,-0.01107391,-0.01023531,-0.009351919,-0.00844366,-0.007473643,-0.006452505,-0.00541978,-0.004397454,-0.00338742,-0.00239995,-0.001437589,-0.0005119899,0.0003815418,0.001245154,0.002089114,0.002920593,0.003750405,0.004586129,0.005436849,0.006310266,0.007208199,0.008131625,0.009085481,0.01006472,0.01106097,0.01205032,0.01302825,0.01400111,0.01497126,0.01591567,0.01682585,0.01771202,0.01857154,0.01939383,0.02017969,0.02093563,0.02165649,0.0223379,0.02299519
0.02311793,0.02376424,0.02438683,0.02498144,0.02554415,0.02608456,0.02658745,0.02706757,0.02750397,0.02791207,0.02826845,0.02858648,0.02884245,0.02904692,0.02917707,0.02924055,0.02921629,0.02910995,0.02890272,0.02859917,0.02818341,0.02765999,0.02701588,0.02625761,0.02537422,0.02437559,0.023253,0.02202011,0.02067041,0.01922173,0.01766961,0.01603646,0.01431774,0.01254269,0.01070481,0.008839006,0.006937858,0.005039487,0.003136158,0.00126719,-0.0005748774,-0.002352566,-0.004071108,-0.005698613,-0.007235455,-0.008661767,-0.00996385,-0.01114838,-0.01217147,-0.01308717,-0.01379613,-0.01442329,-0.01481461,-0.01511389,-0.01522925,-0.01516003,-0.01502617,-0.01465641,-0.01418041,-0.01363456,-0.01288301,-0.01203807,-0.01115683,-0.01016372,-0.009069574,-0.007950185,-0.006829843,-0.005702175,-0.004581179,-0.003500144,-0.002477318,-0.001530139,-0.0006512949,0.0001619178,0.0009256934,0.001652166,0.002359421,0.003061683,0.003776524,0.004518789,0.005302099,0.006139163,0.007030171,0.007958543,0.008913693,0.009887926,0.01089132,0.01191077,0.01292278,0.01391038,0.01488786,0.01585338,0.0167872,0.01768702,0.01856041,0.01940357,0.02020856,0.02098162,0.02172799,0.02243262
0.02240443,0.02313365,0.02383155,0.02450591,0.02515956,0.02578287,0.02638837,0.02695726,0.027505,0.02800799,0.02848083,0.02889797,0.02927127,0.02957522,0.0298184,0.02997638,0.03005522,0.03003238,0.02991232,0.02967529,0.02932515,0.02884544,0.0282412,0.02749873,0.02662628,0.02561268,0.02447017,0.02319036,0.02179009,0.02026349,0.01863213,0.01689188,0.01507073,0.01316314,0.01120464,0.009187883,0.007153554,0.00509352,0.00305125,0.00101802,-0.0009623141,-0.002897822,-0.004748171,-0.006518661,-0.008176976,-0.009720501,-0.01113616,-0.01239892,-0.01353374,-0.01447062,-0.01530182,-0.01588507,-0.01638284,-0.01663301,-0.01674361,-0.01671264,-0.01642152,-0.01606926,-0.01552134,-0.01476001,-0.0139547,-0.01300075,-0.01186666,-0.01067468,-0.009453706,-0.008168431,-0.006849601,-0.005567451,-0.004364668,-0.003253855,-0.002255353,-0.00137323,-0.0006121856,5.441753e-05,0.0006488492,0.001201479,0.001735268,0.00227437,0.002834813,0.003436436,0.004102344,0.004845008,0.005664828,0.006557402,0.007507014,0.008500707,0.009506233,0.010519,0.01154563,0.01258637,0.0136088,0.01460423,0.01558452,0.0165445,0.01747063,0.01836516,0.01923476,0.02007274,0.02087513,0.02165975
0.02145342,0.02225543,0.02304511,0.02381407,0.02456195,0.0252966,0.02600356,0.02669707,0.02735476,0.02799181,0.02858162,0.02913734,0.02963093,0.03007211,0.03043296,0.03072011,0.03090705,0.03099819,0.03096944,0.0308241,0.03054152,0.03012538,0.02955858,0.02884744,0.02797782,0.02696035,0.02578412,0.02446466,0.02299416,0.02139353,0.01965793,0.01781409,0.01585765,0.01382362,0.0117055,0.009545713,0.007336253,0.005124136,0.002900243,0.0007138891,-0.00144488,-0.003527829,-0.005543842,-0.00745003,-0.009251484,-0.01091781,-0.01243994,-0.01381686,-0.01500567,-0.01606028,-0.0168711,-0.01757927,-0.01800089,-0.0183116,-0.01838581,-0.01823499,-0.01798833,-0.01743357,-0.01673602,-0.01592387,-0.01482989,-0.01360446,-0.01232062,-0.01089113,-0.009353754,-0.007829726,-0.006373503,-0.005000825,-0.003746643,-0.002649914,-0.001732892,-0.001012275,-0.0004464144,3.840357e-06,0.0003840433,0.0007255679,0.001064168,0.001420097,0.001808069,0.002247158,0.00277693,0.00344085,0.004225725,0.005072276,0.005959924,0.006894443,0.00789479,0.008935753,0.00998476,0.01102173,0.01206679,0.01311262,0.01413463,0.01513105,0.01611092,0.01706734,0.01799185,0.01889218,0.01977299,0.02061778
0.02020381,0.02110364,0.02198154,0.02285108,0.02371153,0.02455587,0.02539496,0.02620981,0.02701492,0.02778417,0.02853123,0.02922648,0.02988044,0.03046215,0.03097856,0.03139936,0.03172861,0.03193782,0.03202952,0.03197833,0.03178658,0.03143307,0.03092184,0.03023552,0.02938244,0.02834878,0.02714822,0.02577081,0.02423621,0.02253802,0.02070202,0.01872454,0.01663918,0.01444106,0.01217305,0.009828118,0.007455916,0.005047797,0.002657504,0.0002746424,-0.002045644,-0.00431454,-0.006479825,-0.008551402,-0.01048492,-0.01228351,-0.01392322,-0.01538348,-0.01668289,-0.0177489,-0.01867907,-0.01931003,-0.01983007,-0.02003599,-0.02006538,-0.01989355,-0.01938237,-0.01876874,-0.01786966,-0.0166758,-0.01540067,-0.01391354,-0.01219639,-0.01044008,-0.008713454,-0.006998309,-0.005349235,-0.003909917,-0.002742861,-0.001792993,-0.001070807,-0.0005790631,-0.0002641419,-4.331975e-05,0.0001206283,0.0002721013,0.0004434138,0.0006507572,0.0008790961,0.001140034,0.001512003,0.002069754,0.002773753,0.003529113,0.004344295,0.005259539,0.006215151,0.007197617,0.008221331,0.009285329,0.01034303,0.01138847,0.01243567,0.01347596,0.01449246,0.01548948,0.01647333,0.01743522,0.01837195,0.0193035
0.01866217,0.01963261,0.02061071,0.0215833,0.02255436,0.02352911,0.02449415,0.02546211,0.02640891,0.0273482,0.02824956,0.02912426,0.02993864,0.03070007,0.03137421,0.0319651,0.03243927,0.03279865,0.03301243,0.03308182,0.03298026,0.03271004,0.03224928,0.03160402,0.03075661,0.0297188,0.02847752,0.02705092,0.0254303,0.02364078,0.0216778,0.01957377,0.01732536,0.01497484,0.01251671,0.01000248,0.007424405,0.004840073,0.002239509,-0.000316209,-0.002839455,-0.005269326,-0.007618879,-0.009832067,-0.01191986,-0.01383874,-0.01558607,-0.01714993,-0.01849015,-0.01965687,-0.02052961,-0.02126285,-0.02163549,-0.02185571,-0.02175153,-0.02134624,-0.02077687,-0.01977568,-0.01856098,-0.01716046,-0.01537547,-0.01343753,-0.01147784,-0.009403144,-0.007327521,-0.005471531,-0.003840026,-0.002546066,-0.001641647,-0.0009089814,-0.0004215203,-0.0002236676,-0.0001285915,-8.010044e-05,-4.485038e-05,-1.668281e-05,2.463026e-05,8.379189e-05,0.0001545358,0.0002511527,0.0004472645,0.0009222736,0.001573118,0.002123172,0.002745408,0.003555742,0.004456611,0.005409617,0.006401689,0.007400963,0.008436552,0.009494285,0.0105436,0.01158439,0.01262729,0.01366141,0.01467786,0.01568608,0.01668983,0.01767145
0.0167986,0.01786066,0.01891547,0.01999192,0.0210768,0.02217429,0.02328484,0.0243967,0.02551478,0.02661682,0.02770727,0.02875741,0.02976843,0.0307084,0.03157532,0.03233653,0.03298759,0.03349723,0.03386042,0.03404919,0.03405964,0.03386865,0.03347566,0.03286242,0.03203462,0.03097861,0.02970755,0.02821267,0.02651537,0.0246113,0.02253012,0.02027082,0.01787286,0.01533399,0.01270528,0.009981296,0.007222078,0.004419046,0.001638199,-0.001132871,-0.003825051,-0.006454026,-0.008952159,-0.01133643,-0.01354579,-0.01559268,-0.01743607,-0.01906438,-0.02048196,-0.02161783,-0.02256551,-0.02314023,-0.02354706,-0.02353442,-0.02326429,-0.02268988,-0.02163792,-0.02041477,-0.01876944,-0.01674233,-0.01463288,-0.01231367,-0.009811475,-0.007441086,-0.005338626,-0.003668271,-0.002031288,-0.0009495083,-0.0005600426,-0.0002626739,-0.0001347291,-9.778416e-05,-9.239007e-05,-8.661885e-05,-8.6881e-05,-8.707861e-05,-9.394203e-05,-9.765341e-05,-9.496724e-05,-7.875124e-05,-3.982249e-05,8.165e-05,0.0003591173,0.0006343866,0.001197594,0.002053529,0.002766677,0.003571354,0.00448743,0.005472167,0.006456771,0.00746151,0.008485062,0.009530517,0.01056292,0.01160244,0.01264235,0.0136838,0.01471394,0.01576543
0.01468269,0.01578911,0.01692375,0.01808958,0.01927524,0.0205029,0.02174085,0.02301819,0.02428985,0.02558482,0.02684965,0.0281093,0.02930578,0.03045911,0.03151027,0.0324749,0.03329545,0.03398515,0.03449031,0.0348237,0.03493773,0.03484672,0.03451019,0.03394703,0.03312342,0.0320651,0.03074512,0.02919685,0.02740002,0.02539612,0.02317101,0.02077427,0.01819468,0.01549262,0.01265543,0.009753671,0.006772374,0.003788921,0.0007855452,-0.002156449,-0.005058235,-0.007838361,-0.01051981,-0.01302576,-0.01537798,-0.01751216,-0.01943587,-0.02111854,-0.02252494,-0.023694,-0.02449192,-0.02508085,-0.02518824,-0.02505594,-0.02444985,-0.02341724,-0.02211682,-0.02021155,-0.01802482,-0.01564507,-0.01282989,-0.009960396,-0.007404604,-0.00496266,-0.002548957,-0.001286371,-0.000503802,-0.0001836776,-0.0001196531,-0.0001054552,-0.0001157425,-0.0001047458,-9.837698e-05,-9.108533e-05,-8.917323e-05,-8.678921e-05,-8.567038e-05,-8.270475e-05,-7.902377e-05,-8.081324e-05,-9.916168e-05,-0.000151791,-0.0001559353,-8.37239e-05,8.426132e-05,0.0004949812,0.00101455,0.00185377,0.002701257,0.003520105,0.004435048,0.005405896,0.006369059,0.007361352,0.008368354,0.00939896,0.01041995,0.01146821,0.01252345,0.0135901
0.01234058,0.01350171,0.01467444,0.01591753,0.0171913,0.0185268,0.01989785,0.02131624,0.022759,0.02422452,0.02568776,0.02713835,0.02854696,0.02989887,0.03116078,0.03231677,0.03333143,0.03419064,0.03485923,0.03532753,0.03556281,0.03556182,0.035297,0.03477173,0.03396669,0.03289161,0.03153678,0.02991842,0.02803727,0.02591525,0.02356326,0.02100751,0.01827055,0.01537762,0.01236484,0.009253372,0.006090327,0.002892257,-0.0002860215,-0.003433811,-0.006491413,-0.009453676,-0.01226042,-0.01490985,-0.01734598,-0.01956389,-0.02152585,-0.02320179,-0.02460163,-0.02562733,-0.0263893,-0.0266454,-0.02664036,-0.02602676,-0.02503084,-0.02357322,-0.02148273,-0.01915716,-0.01628935,-0.01305284,-0.009975263,-0.006845256,-0.003617597,-0.001611995,-0.0004847838,-0.000147696,-0.0001185062,-0.0001641316,-0.000151164,-0.000123315,NaN,NaN,NaN,NaN,NaN,NaN,NaN,NaN,NaN,NaN,NaN,-0.0001028395,-9.416163e-05,-9.183084e-05,-0.0001613793,-0.0001561996,-1.827511e-05,0.0003349528,0.0009344027,0.001738677,0.002571383,0.003399025,0.004280574,0.005217359,0.0061526,0.007124134,0.008113668,0.009136967,0.01016521,0.01125402
0.009898692,0.01105291,0.01225135,0.01354345,0.01487394,0.01631193,0.01777829,0.0193473,0.02092342,0.02257819,0.02420536,0.02587011,0.02746094,0.02903604,0.03048298,0.03185435,0.03304077,0.03409175,0.03490416,0.03552699,0.03586628,0.03597273,0.03576318,0.03529309,0.0344898,0.03341595,0.03200943,0.03034076,0.02835814,0.0261401,0.02364432,0.02095689,0.01804158,0.01499462,0.01178057,0.008505018,0.005132042,0.001772913,-0.001609592,-0.004901779,-0.008142728,-0.01122013,-0.01417253,-0.01689366,-0.01941708,-0.0216507,-0.02360767,-0.02523531,-0.02649291,-0.02741401,-0.02783201,-0.02793727,-0.02735847,-0.02641035,-0.02473626,-0.02252138,-0.01996797,-0.01667013,-0.01296342,-0.009612993,-0.005385871,-0.002309669,-0.0006160935,-0.0001259838,-0.0001603267,-0.0002055149,-0.0001628158,NaN,NaN,NaN,NaN,NaN,NaN,NaN,NaN,NaN,NaN,NaN,NaN,NaN,NaN,NaN,NaN,NaN,-0.0001189663,-9.117121e-05,-0.0001304843,-0.0001600676,-4.535734e-05,0.000297614,0.0008932079,0.00166895,0.002388612,0.003209849,0.004034412,0.004933022,0.005819828,0.006790927,0.00777038,0.008816148
0.007426566,0.008567173,0.009739618,0.01104757,0.01241343,0.01390773,0.01546701,0.01713699,0.01885598,0.02065183,0.02245915,0.02429416,0.02608642,0.02784587,0.02949784,0.03105066,0.03242845,0.03364171,0.03461642,0.0353687,0.03582905,0.03602169,0.03588469,0.03545057,0.03466835,0.03357838,0.03214206,0.03040743,0.02834896,0.02602116,0.02341115,0.02057807,0.0175231,0.01430389,0.01093776,0.007476768,0.003952218,0.0004091491,-0.003110203,-0.006569607,-0.009918041,-0.013128,-0.0161426,-0.01894045,-0.02146146,-0.02368347,-0.02555678,-0.0270362,-0.02811854,-0.02869143,-0.02886726,-0.028365,-0.02744907,-0.0256701,-0.02328757,-0.02033158,-0.01663045,-0.01297715,-0.008105153,-0.003901161,-0.001033555,-0.0001610967,-0.0001578135,-0.0002356806,-0.0001576071,NaN,NaN,NaN,NaN,NaN,NaN,NaN,NaN,NaN,NaN,NaN,NaN,NaN,NaN,NaN,NaN,NaN,NaN,NaN,NaN,NaN,-0.0001308532,-9.764186e-05,-0.0001257824,-0.0001403804,-3.232402e-05,0.0003343138,0.0008434634,0.001545341,0.002184419,0.002925134,0.003702573,0.004559394,0.005432306,0.006422905
0.005096222,0.00610772,0.007266689,0.008511988,0.009900879,0.01139849,0.01302841,0.01476272,0.01659972,0.01851025,0.02047451,0.02245935,0.02443364,0.02636039,0.02820251,0.02992196,0.03148066,0.0328431,0.03397413,0.03484414,0.03542416,0.03569344,0.0356308,0.03522774,0.03447022,0.03336483,0.03190422,0.03011089,0.02798313,0.02555975,0.0228431,0.01988808,0.01669672,0.01334313,0.009822113,0.006227402,0.002543841,-0.00111797,-0.004785297,-0.0083322,-0.01180008,-0.01504884,-0.01813258,-0.02089768,-0.02340776,-0.0254991,-0.02723195,-0.02845763,-0.02920631,-0.0294048,-0.02898491,-0.02803746,-0.02626285,-0.02382452,-0.02043758,-0.01615876,-0.01217195,-0.00674232,-0.002163972,-0.0003914799,-5.993752e-05,-0.0002990452,-0.0001238462,NaN,NaN,NaN,NaN,NaN,NaN,NaN,NaN,NaN,NaN,NaN,NaN,NaN,NaN,NaN,NaN,NaN,NaN,NaN,NaN,NaN,NaN,NaN,NaN,NaN,-0.0001257264,-9.820086e-05,-0.000126411,-0.0001160272,-3.512803e-06,0.0003363083,0.0007671581,0.001294489,0.001896427,0.00255894,0.003325234,0.004140346
0.002951282,0.003848706,0.004898164,0.006061662,0.00741329,0.00887743,0.01053976,0.01229455,0.01422504,0.01620494,0.01831014,0.02040179,0.02254744,0.02460249,0.02662802,0.02847984,0.03021621,0.03169853,0.03298597,0.03394983,0.03465311,0.03498026,0.03500098,0.0346134,0.03389711,0.03276345,0.03130306,0.02944029,0.02727679,0.02474885,0.02196815,0.01888124,0.01561049,0.01210645,0.008504061,0.004753815,0.00100051,-0.00280633,-0.006515642,-0.01017939,-0.01364282,-0.01695723,-0.01996726,-0.02271702,-0.02505394,-0.02700266,-0.02843195,-0.02931855,-0.02961091,-0.02918947,-0.02821315,-0.02631913,-0.02396375,-0.02030608,-0.01592974,-0.01042895,-0.005137952,-0.001040206,-9.096571e-05,-0.0002482957,-0.0001607675,NaN,NaN,NaN,NaN,NaN,NaN,NaN,NaN,NaN,NaN,NaN,NaN,NaN,NaN,NaN,NaN,NaN,NaN,NaN,NaN,NaN,NaN,NaN,NaN,NaN,NaN,NaN,NaN,NaN,-0.0001126122,-9.758888e-05,-0.0001176899,-0.0001053812,-2.841015e-06,0.0001783022,0.0005668073,0.0009666018,0.001517093,0.002167086
0.001157157,0.001867545,0.002747172,0.003800512,0.005024702,0.006456847,0.008049813,0.009843515,0.01176206,0.01383954,0.01598193,0.01821406,0.02043237,0.02265271,0.0247697,0.02679338,0.02862311,0.03026715,0.03163507,0.0327368,0.03349652,0.03392848,0.03397381,0.03365396,0.03292687,0.03182321,0.0303178,0.0284503,0.02621181,0.02365031,0.02077245,0.01763296,0.01425043,0.01068823,0.006971052,0.003170103,-0.0006851605,-0.004520216,-0.008300308,-0.01195115,-0.01543083,-0.01866923,-0.02160992,-0.02419123,-0.02633029,-0.02798443,-0.02901835,-0.02945328,-0.02905862,-0.02804223,-0.02598409,-0.02351186,-0.01968399,-0.01551464,-0.009048367,-0.003214562,-0.0005271636,-1.100637e-05,-0.0002898456,NaN,NaN,NaN,NaN,NaN,NaN,NaN,NaN,NaN,NaN,NaN,NaN,NaN,NaN,NaN,NaN,NaN,NaN,NaN,NaN,NaN,NaN,NaN,NaN,NaN,NaN,NaN,NaN,NaN,NaN,NaN,NaN,NaN,-0.0001024497,-9.68355e-05,-0.0001159983,-0.0001687164,-0.0001732054,-8.382743e-05,0.000180389,0.0005798523
-0.0002130557,0.0002911936,0.0009214286,0.001796745,0.002861323,0.004173866,0.00569022,0.007427276,0.009339631,0.01141847,0.01361076,0.01589165,0.01819891,0.02050036,0.02272724,0.02484777,0.02679101,0.02853198,0.0300021,0.0311883,0.03202769,0.03252272,0.03261897,0.03233517,0.0316284,0.03053288,0.02901824,0.02713369,0.02486109,0.02226337,0.01933352,0.01614635,0.01270635,0.009093785,0.005327126,0.001487588,-0.002394798,-0.006238532,-0.01000493,-0.0136122,-0.01701439,-0.02012652,-0.02289706,-0.02523007,-0.02707012,-0.02829648,-0.02886884,-0.02861021,-0.02757056,-0.0254735,-0.02268307,-0.01865558,-0.01432212,-0.007979061,-0.001826538,-0.0002106711,-0.0001305539,-0.0001540617,NaN,NaN,NaN,NaN,NaN,NaN,NaN,NaN,NaN,NaN,NaN,NaN,NaN,NaN,NaN,NaN,NaN,NaN,NaN,NaN,NaN,NaN,NaN,NaN,NaN,NaN,NaN,NaN,NaN,NaN,NaN,NaN,NaN,NaN,NaN,-0.0001010802,-8.551847e-05,-0.0001049625,-0.0001915857,-0.0004208631,-0.0005974093,-0.0004563572
-0.0009648171,-0.000846247,-0.0004546275,0.0001252223,0.001004652,0.002119665,0.003518844,0.005140177,0.007000977,0.009032582,0.01123126,0.01351819,0.01587696,0.01822058,0.02052826,0.02270974,0.02474693,0.02655206,0.02811539,0.02935631,0.03027783,0.0308099,0.03097,0.03070229,0.0300377,0.02893716,0.027444,0.02553643,0.02326841,0.02063557,0.0177006,0.01447597,0.01102805,0.00738992,0.003623959,-0.0002145377,-0.004070863,-0.007868603,-0.01156283,-0.01505507,-0.01831193,-0.02121034,-0.0237269,-0.02570923,-0.02714172,-0.02783989,-0.02778447,-0.02678421,-0.02480123,-0.02175732,-0.0175856,-0.01266664,-0.006642179,-0.00112076,-2.018423e-05,-0.0002165226,-3.414342e-05,NaN,NaN,NaN,NaN,NaN,NaN,NaN,NaN,NaN,NaN,NaN,NaN,NaN,NaN,NaN,NaN,NaN,NaN,NaN,NaN,NaN,NaN,NaN,NaN,NaN,NaN,NaN,NaN,NaN,NaN,NaN,NaN,NaN,NaN,NaN,NaN,NaN,-8.666009e-05,-8.997239e-05,-8.374547e-05,-0.0001731709,-0.0005764625,-0.000937763
-0.001143375,-0.001341982,-0.00137073,-0.001082419,-0.0005033038,0.0003954612,0.00158748,0.003065939,0.004799065,0.00675575,0.008893088,0.01116275,0.01351102,0.01588048,0.01821172,0.02044606,0.02252499,0.02439498,0.02600465,0.02731059,0.02827309,0.02886179,0.02905232,0.02882733,0.02818155,0.02710865,0.02562422,0.02373129,0.02146697,0.018841,0.01591208,0.0126933,0.009267218,0.005641969,0.001929108,-0.001875227,-0.00562926,-0.009352552,-0.01287121,-0.01622494,-0.01920225,-0.02186671,-0.02396106,-0.02557673,-0.02639759,-0.02655021,-0.02565112,-0.02386396,-0.02076274,-0.0166035,-0.01109338,-0.005112669,-0.0007468759,4.85271e-05,-0.0001833264,NaN,NaN,NaN,NaN,NaN,NaN,NaN,NaN,NaN,NaN,NaN,NaN,NaN,NaN,NaN,NaN,NaN,NaN,NaN,NaN,NaN,NaN,NaN,NaN,NaN,NaN,NaN,NaN,NaN,NaN,NaN,NaN,NaN,NaN,NaN,NaN,NaN,NaN,NaN,NaN,NaN,-9.043908e-05,-6.719638e-05,-0.0001547778,-0.0006347634
-0.0005991908,-0.001228687,-0.001690991,-0.001792929,-0.001559535,-0.0009511545,-2.073184e-05,0.001255719,0.002806359,0.004638448,0.0066638,0.008873032,0.01116695,0.01352464,0.01584346,0.0180988,0.02019155,0.02210113,0.02373751,0.02509024,0.0260824,0.02671788,0.02693403,0.02675334,0.02612554,0.02509483,0.02362132,0.021772,0.01951472,0.01694009,0.01402077,0.0108716,0.007463983,0.003942473,0.000267978,-0.00338101,-0.007059646,-0.01055327,-0.01393796,-0.01695753,-0.01971535,-0.02190424,-0.02366094,-0.02461192,-0.02494185,-0.02418995,-0.02260623,-0.01961591,-0.01559483,-0.009824099,-0.003736971,-0.0004766386,3.588852e-05,-0.0001098034,NaN,NaN,NaN,NaN,NaN,NaN,NaN,NaN,NaN,NaN,NaN,NaN,NaN,NaN,NaN,NaN,NaN,NaN,NaN,NaN,NaN,NaN,NaN,NaN,NaN,NaN,NaN,NaN,NaN,NaN,NaN,NaN,NaN,NaN,NaN,NaN,NaN,NaN,NaN,NaN,NaN,NaN,NaN,-8.403949e-05,-5.754662e-05,-0.0001390059
-0.000119256,-0.0005141777,-0.001324307,-0.001943785,-0.002083167,-0.001875138,-0.00122501,-0.0002534462,0.001102596,0.002714407,0.004620791,0.006682613,0.008919647,0.01118782,0.0134966,0.01570425,0.01781917,0.01970822,0.02138654,0.02273443,0.02377919,0.0244172,0.02469211,0.02451581,0.02395229,0.02292647,0.02152456,0.01968241,0.01750932,0.01494901,0.01213424,0.009013083,0.005744719,0.002272857,-0.001210532,-0.004773658,-0.008188835,-0.01154062,-0.01456183,-0.01735967,-0.01961941,-0.02147774,-0.02255896,-0.02303984,-0.02246167,-0.02107134,-0.01828901,-0.01447407,-0.008793152,-0.002719281,-0.000269073,-2.144932e-07,-3.987964e-05,NaN,NaN,NaN,NaN,NaN,NaN,NaN,NaN,NaN,NaN,NaN,NaN,NaN,NaN,NaN,NaN,NaN,NaN,NaN,NaN,NaN,NaN,NaN,NaN,NaN,NaN,NaN,NaN,NaN,NaN,NaN,NaN,NaN,NaN,NaN,NaN,NaN,NaN,NaN,NaN,NaN,NaN,NaN,NaN,NaN,-7.362376e-05,-5.10727e-05
-5.985764e-05,-9.253656e-05,-0.0004472376,-0.001385715,-0.002089394,-0.002254536,-0.002036586,-0.001346076,-0.0003218253,0.001095035,0.002757326,0.00469938,0.006766011,0.008975439,0.01117161,0.01336669,0.01541126,0.01732053,0.01895769,0.02034783,0.02137095,0.02206641,0.02233233,0.02222642,0.02166294,0.02072092,0.01932863,0.01758715,0.01543634,0.01299994,0.01022666,0.007263437,0.004062288,0.0007989825,-0.002580118,-0.005865623,-0.009121691,-0.01210282,-0.01488826,-0.01719123,-0.01911325,-0.02031614,-0.02093109,-0.02054759,-0.01934755,-0.01682292,-0.0132582,-0.007886639,-0.002047948,-0.0001268664,-1.43382e-05,1.35491e-05,NaN,NaN,NaN,NaN,NaN,NaN,NaN,NaN,NaN,NaN,NaN,NaN,NaN,NaN,NaN,NaN,NaN,NaN,NaN,NaN,NaN,NaN,NaN,NaN,NaN,NaN,NaN,NaN,NaN,NaN,NaN,NaN,NaN,NaN,NaN,NaN,NaN,NaN,NaN,NaN,NaN,NaN,NaN,NaN,NaN,NaN,NaN,-6.110534e-05
-5.092331e-05,-5.804036e-05,-7.384764e-05,-0.0004044891,-0.001407765,-0.002150294,-0.00231453,-0.002068265,-0.001333936,-0.0002582082,0.001201515,0.002891412,0.004830548,0.006861461,0.008990724,0.01106505,0.01308913,0.01492098,0.01657191,0.01791671,0.01897881,0.01965284,0.01997843,0.0198695,0.01938557,0.01845759,0.01716631,0.01545779,0.01343449,0.01105498,0.008443308,0.005567761,0.002576683,-0.0005599763,-0.00366342,-0.006768589,-0.009663317,-0.01239086,-0.01470266,-0.01665635,-0.01796076,-0.01869473,-0.01851138,-0.01752051,-0.01527908,-0.01200014,-0.007047159,-0.001616306,-3.888691e-05,-3.680636e-06,4.836906e-05,NaN,NaN,NaN,NaN,NaN,NaN,NaN,NaN,NaN,NaN,NaN,NaN,NaN,NaN,NaN,NaN,NaN,NaN,NaN,NaN,NaN,NaN,NaN,NaN,NaN,NaN,NaN,NaN,NaN,NaN,NaN,NaN,NaN,NaN,NaN,NaN,NaN,NaN,NaN,NaN,NaN,NaN,NaN,NaN,NaN,NaN,NaN,NaN,NaN
NaN,-4.164433e-05,-5.226296e-05,-6.040313e-05,-0.0003738121,-0.001397366,-0.00213584,-0.002281359,-0.001992137,-0.001213822,-9.458624e-05,0.001385676,0.003073661,0.00496973,0.006921301,0.008921232,0.01082573,0.01263037,0.01420685,0.01556073,0.01658385,0.01729617,0.01761127,0.01756727,0.01709765,0.01626126,0.01500959,0.01342242,0.01146717,0.009244706,0.006736221,0.004063763,0.001217556,-0.001653962,-0.004559853,-0.007320666,-0.009948472,-0.01223098,-0.01418683,-0.01556746,-0.01640637,-0.01640973,-0.01563524,-0.01372028,-0.01075255,-0.006256705,-0.001326617,1.23053e-05,1.607532e-05,7.01355e-05,NaN,NaN,NaN,NaN,NaN,NaN,NaN,NaN,NaN,NaN,NaN,NaN,NaN,NaN,NaN,NaN,NaN,NaN,NaN,NaN,NaN,NaN,NaN,NaN,NaN,NaN,NaN,NaN,NaN,NaN,NaN,NaN,NaN,NaN,NaN,NaN,NaN,NaN,NaN,NaN,NaN,NaN,NaN,NaN,NaN,NaN,NaN,NaN,NaN,NaN
NaN,NaN,-3.470677e-05,-4.605862e-05,-5.059469e-05,-0.0003502773,-0.00135552,-0.002062998,-0.002171532,-0.001829165,-0.00101254,0.0001366898,0.001609904,0.003263839,0.00507517,0.006906139,0.008731052,0.01042546,0.0119707,0.01326165,0.01429243,0.01498073,0.01533733,0.01530241,0.01490681,0.014111,0.01296686,0.01145347,0.009643717,0.007533064,0.005214934,0.00269896,0.0001013637,-0.002561643,-0.005145165,-0.00763243,-0.009847248,-0.0117749,-0.01320539,-0.0141322,-0.01430864,-0.01374576,-0.01213772,-0.009560964,-0.005524649,-0.001114087,3.962317e-05,3.644306e-05,8.335873e-05,NaN,NaN,NaN,NaN,NaN,NaN,NaN,NaN,NaN,NaN,NaN,NaN,NaN,NaN,NaN,NaN,NaN,NaN,NaN,NaN,NaN,NaN,NaN,NaN,NaN,NaN,NaN,NaN,NaN,NaN,NaN,NaN,NaN,NaN,NaN,NaN,NaN,NaN,NaN,NaN,NaN,NaN,NaN,NaN,NaN,NaN,NaN,NaN,NaN,NaN,NaN
NaN,NaN,NaN,-2.807087e-05,-3.944572e-05,-4.292785e-05,-0.0003298532,-0.001290511,-0.001943148,-0.001997901,-0.001603146,-0.0007549203,0.0004007809,0.001841159,0.003423129,0.005114744,0.006783099,0.008399107,0.009847422,0.01110964,0.0120931,0.01279458,0.013146,0.01316291,0.01280008,0.01209405,0.01102072,0.009637333,0.007939127,0.006003698,0.003844026,0.001557565,-0.0008291942,-0.003194289,-0.005505637,-0.007612817,-0.009481186,-0.0109308,-0.01192685,-0.01225676,-0.01189777,-0.01060344,-0.008350625,-0.00487385,-0.0009695121,5.715732e-05,4.973472e-05,9.389991e-05,NaN,NaN,NaN,NaN,NaN,NaN,NaN,NaN,NaN,NaN,NaN,NaN,NaN,NaN,NaN,NaN,NaN,NaN,NaN,NaN,NaN,NaN,NaN,NaN,NaN,NaN,NaN,NaN,NaN,NaN,NaN,NaN,NaN,NaN,NaN,NaN,NaN,NaN,NaN,NaN,NaN,NaN,NaN,NaN,NaN,NaN,NaN,NaN,NaN,NaN,NaN,NaN
NaN,NaN,NaN,NaN,-2.26382e-05,-3.272242e-05,-3.717479e-05,-0.0003107672,-0.001207861,-0.001782684,-0.001779715,-0.001331992,-0.0004718147,0.0006709407,0.00204431,0.003525293,0.005058761,0.006536511,0.007911125,0.009095706,0.01005658,0.01073207,0.01110613,0.01114217,0.01084496,0.01020095,0.0092362,0.007958731,0.006415348,0.004633768,0.002680511,0.0006012417,-0.001516251,-0.003615657,-0.005582707,-0.007356386,-0.008794197,-0.00983225,-0.01029807,-0.01012874,-0.009118425,-0.007248709,-0.004216978,-0.0008577414,6.274485e-05,5.913535e-05,9.842368e-05,NaN,NaN,NaN,NaN,NaN,NaN,NaN,NaN,NaN,NaN,NaN,NaN,NaN,NaN,NaN,NaN,NaN,NaN,NaN,NaN,NaN,NaN,NaN,NaN,NaN,NaN,NaN,NaN,NaN,NaN,NaN,NaN,NaN,NaN,NaN,NaN,NaN,NaN,NaN,NaN,NaN,NaN,NaN,NaN,NaN,NaN,NaN,NaN,NaN,NaN,NaN,NaN,NaN
NaN,NaN,NaN,NaN,NaN,-1.719639e-05,-2.65879e-05,-3.176374e-05,-0.0002936804,-0.001108264,-0.001595146,-0.001528002,-0.001042287,-0.0001840601,0.0009158945,0.002198241,0.003543573,0.004895686,0.006154051,0.007274306,0.00818026,0.008844179,0.009216354,0.009289312,0.009038218,0.008477743,0.007606277,0.006459927,0.005058606,0.003459066,0.001701362,-0.0001381531,-0.002003434,-0.003794407,-0.005447303,-0.006835013,-0.007889571,-0.008455583,-0.00846435,-0.007726442,-0.006175806,-0.003644329,-0.0007601176,5.91826e-05,7.640378e-05,9.923366e-05,NaN,NaN,NaN,NaN,NaN,NaN,NaN,NaN,NaN,NaN,NaN,NaN,NaN,NaN,NaN,NaN,NaN,NaN,NaN,NaN,NaN,NaN,NaN,NaN,NaN,NaN,NaN,NaN,NaN,NaN,NaN,NaN,NaN,NaN,NaN,NaN,NaN,NaN,NaN,NaN,NaN,NaN,NaN,NaN,NaN,NaN,NaN,NaN,NaN,NaN,NaN,NaN,NaN,NaN
NaN,NaN,NaN,NaN,NaN,NaN,-1.258627e-05,-1.991504e-05,-2.806008e-05,-0.0002754775,-0.0009971429,-0.001386087,-0.00126348,-0.000750136,8.223404e-05,0.001117875,0.002279951,0.003468605,0.004615682,0.005643674,0.006499618,0.007132727,0.007509313,0.007605431,0.007409701,0.006923055,0.006156462,0.005134364,0.003888963,0.002466493,0.0009187642,-0.0006877548,-0.002280838,-0.003781294,-0.005091917,-0.006127427,-0.006764874,-0.006914333,-0.006424599,-0.00521327,-0.003087409,-0.0006667594,5.51558e-05,7.399446e-05,0.0001006688,NaN,NaN,NaN,NaN,NaN,NaN,NaN,NaN,NaN,NaN,NaN,NaN,NaN,NaN,NaN,NaN,NaN,NaN,NaN,NaN,NaN,NaN,NaN,NaN,NaN,NaN,NaN,NaN,NaN,NaN,NaN,NaN,NaN,NaN,NaN,NaN,NaN,NaN,NaN,NaN,NaN,NaN,NaN,NaN,NaN,NaN,NaN,NaN,NaN,NaN,NaN,NaN,NaN,NaN,NaN
NaN,NaN,NaN,NaN,NaN,NaN,NaN,-8.030796e-06,-1.400582e-05,-2.463635e-05,-0.000255767,-0.0008749858,-0.001169947,-0.0009974549,-0.0004763754,0.0003121198,0.001257539,0.002281298,0.003292803,0.004226377,0.005016771,0.005616602,0.005988446,0.006106997,0.005961177,0.005549353,0.004885164,0.003989461,0.002898881,0.001655422,0.0003173728,-0.001053813,-0.002382484,-0.003584285,-0.004575285,-0.005245164,-0.005507531,-0.005222457,-0.004305189,-0.002602008,-0.0005849311,4.749819e-05,7.978086e-05,9.495307e-05,NaN,NaN,NaN,NaN,NaN,NaN,NaN,NaN,NaN,NaN,NaN,NaN,NaN,NaN,NaN,NaN,NaN,NaN,NaN,NaN,NaN,NaN,NaN,NaN,NaN,NaN,NaN,NaN,NaN,NaN,NaN,NaN,NaN,NaN,NaN,NaN,NaN,NaN,NaN,NaN,NaN,NaN,NaN,NaN,NaN,NaN,NaN,NaN,NaN,NaN,NaN,NaN,NaN,NaN,NaN,NaN
NaN,NaN,NaN,NaN,NaN,NaN,NaN,NaN,-4.188953e-06,-8.15454e-06,-2.232272e-05,-0.0002322962,-0.0007482579,-0.0009532845,-0.0007453449,-0.000233535,0.0004897189,0.001327591,0.002196556,0.003022795,0.003739208,0.004299852,0.004658499,0.004797472,0.0046944,0.004358029,0.003789345,0.003022239,0.002079252,0.001017782,-0.0001205799,-0.001256191,-0.002328675,-0.003243968,-0.003919391,-0.004252892,-0.004141806,-0.003475912,-0.002144096,-0.0005098205,4.036041e-05,7.101068e-05,9.289355e-05,NaN,NaN,NaN,NaN,NaN,NaN,NaN,NaN,NaN,NaN,NaN,NaN,NaN,NaN,NaN,NaN,NaN,NaN,NaN,NaN,NaN,NaN,NaN,NaN,NaN,NaN,NaN,NaN,NaN,NaN,NaN,NaN,NaN,NaN,NaN,NaN,NaN,NaN,NaN,NaN,NaN,NaN,NaN,NaN,NaN,NaN,NaN,NaN,NaN,NaN,NaN,NaN,NaN,NaN,NaN,NaN,NaN
NaN,NaN,NaN,NaN,NaN,NaN,NaN,NaN,NaN,-6.910803e-07,-3.449949e-06,-2.004961e-05,-0.0002056412,-0.000619683,-0.0007460361,-0.0005174433,-3.411082e-05,0.0006081482,0.001324016,0.002030882,0.002669624,0.003177328,0.003523712,0.003669627,0.003612411,0.003337925,0.002869583,0.002216418,0.001426221,0.0005290583,-0.0004041745,-0.001325069,-0.002143714,-0.002791241,-0.003168838,-0.003182977,-0.002734918,-0.001723149,-0.0004394272,2.99583e-05,6.905988e-05,8.309945e-05,NaN,NaN,NaN,NaN,NaN,NaN,NaN,NaN,NaN,NaN,NaN,NaN,NaN,NaN,NaN,NaN,NaN,NaN,NaN,NaN,NaN,NaN,NaN,NaN,NaN,NaN,NaN,NaN,NaN,NaN,NaN,NaN,NaN,NaN,NaN,NaN,NaN,NaN,NaN,NaN,NaN,NaN,NaN,NaN,NaN,NaN,NaN,NaN,NaN,NaN,NaN,NaN,NaN,NaN,NaN,NaN,NaN,NaN
NaN,NaN,NaN,NaN,NaN,NaN,NaN,NaN,NaN,-3.502789e-06,2.181782e-06,4.378384e-07,-1.79265e-05,-0.0001759382,-0.0004937896,-0.0005560617,-0.0003232728,0.0001157169,0.0006646315,0.001250387,0.001794713,0.002252775,0.002568836,0.0027271,0.002697509,0.002491548,0.002103756,0.001571669,0.0009119072,0.0001863573,-0.0005698035,-0.001271329,-0.001865733,-0.002252826,-0.002361483,-0.002079788,-0.001343834,-0.0003662336,1.886856e-05,6.205666e-05,7.579798e-05,6.35591e-05,NaN,NaN,NaN,NaN,NaN,NaN,NaN,NaN,NaN,NaN,NaN,NaN,NaN,NaN,NaN,NaN,NaN,NaN,NaN,NaN,NaN,NaN,NaN,NaN,NaN,NaN,NaN,NaN,NaN,NaN,NaN,NaN,NaN,NaN,NaN,NaN,NaN,NaN,NaN,NaN,NaN,NaN,NaN,NaN,NaN,NaN,NaN,NaN,NaN,NaN,NaN,NaN,NaN,NaN,NaN,NaN,NaN,NaN
NaN,NaN,NaN,NaN,NaN,NaN,NaN,NaN,NaN,NaN,2.567352e-07,4.409813e-06,3.397267e-06,-1.577653e-05,-0.0001438533,-0.0003755658,-0.000390388,-0.000167981,0.0002137933,0.000661515,0.001115822,0.00150448,0.001797118,0.001947164,0.001952534,0.001793077,0.001493603,0.001057827,0.0005357593,-4.805827e-05,-0.0006196287,-0.001137671,-0.001507392,-0.001670469,-0.001523268,-0.001006297,-0.0002932208,9.501494e-06,5.299773e-05,6.554113e-05,5.931422e-05,NaN,NaN,NaN,NaN,NaN,NaN,NaN,NaN,NaN,NaN,NaN,NaN,NaN,NaN,NaN,NaN,NaN,NaN,NaN,NaN,NaN,NaN,NaN,NaN,NaN,NaN,NaN,NaN,NaN,NaN,NaN,NaN,NaN,NaN,NaN,NaN,NaN,NaN,NaN,NaN,NaN,NaN,NaN,NaN,NaN,NaN,NaN,NaN,NaN,NaN,NaN,NaN,NaN,NaN,NaN,NaN,NaN,NaN,NaN
NaN,NaN,NaN,NaN,NaN,NaN,NaN,NaN,NaN,NaN,NaN,3.159584e-06,6.026743e-06,5.278366e-06,-1.331736e-05,-0.0001114573,-0.0002697272,-0.0002528166,-5.367436e-05,0.0002614446,0.0006065081,0.0009338109,0.001181677,0.001331574,0.001349406,0.001244245,0.001007779,0.0006755819,0.0002618502,-0.0001730981,-0.0005973629,-0.0009263455,-0.001113004,-0.001056234,-0.0007191057,-0.0002239161,2.202159e-06,4.368551e-05,5.477184e-05,5.292774e-05,NaN,NaN,NaN,NaN,NaN,NaN,NaN,NaN,NaN,NaN,NaN,NaN,NaN,NaN,NaN,NaN,NaN,NaN,NaN,NaN,NaN,NaN,NaN,NaN,NaN,NaN,NaN,NaN,NaN,NaN,NaN,NaN,NaN,NaN,NaN,NaN,NaN,NaN,NaN,NaN,NaN,NaN,NaN,NaN,NaN,NaN,NaN,NaN,NaN,NaN,NaN,NaN,NaN,NaN,NaN,NaN,NaN,NaN,NaN,NaN
NaN,NaN,NaN,NaN,NaN,NaN,NaN,NaN,NaN,NaN,NaN,NaN,5.234107e-06,6.946497e-06,6.135528e-06,-1.067091e-05,-8.061576e-05,-0.0001797202,-0.0001455206,2.004259e-05,0.0002648465,0.0005105545,0.0007226077,0.0008507678,0.0008886123,0.000813797,0.0006471204,0.0003907373,9.099393e-05,-0.0002294464,-0.0004995001,-0.0006827263,-0.0006836464,-0.0004800509,-0.0001606207,-2.671963e-06,3.315383e-05,4.422877e-05,4.509201e-05,NaN,NaN,NaN,NaN,NaN,NaN,NaN,NaN,NaN,NaN,NaN,NaN,NaN,NaN,NaN,NaN,NaN,NaN,NaN,NaN,NaN,NaN,NaN,NaN,NaN,NaN,NaN,NaN,NaN,NaN,NaN,NaN,NaN,NaN,NaN,NaN,NaN,NaN,NaN,NaN,NaN,NaN,NaN,NaN,NaN,NaN,NaN,NaN,NaN,NaN,NaN,NaN,NaN,NaN,NaN,NaN,NaN,NaN,NaN,NaN,NaN
NaN,NaN,NaN,NaN,NaN,NaN,NaN,NaN,NaN,NaN,NaN,NaN,NaN,6.452824e-06,7.113034e-06,6.307621e-06,-7.898275e-06,-5.332988e-05,-0.0001080192,-6.916752e-05,5.815087e-05,0.0002322943,0.0003889369,0.000502947,0.0005396147,0.0005009865,0.0003793764,0.0002032415,-1.204121e-05,-0.0002136093,-0.0003690291,-0.0004019791,-0.0002932855,-0.0001061985,-5.668224e-06,2.50328e-05,3.301111e-05,3.731688e-05,NaN,NaN,NaN,NaN,NaN,NaN,NaN,NaN,NaN,NaN,NaN,NaN,NaN,NaN,NaN,NaN,NaN,NaN,NaN,NaN,NaN,NaN,NaN,NaN,NaN,NaN,NaN,NaN,NaN,NaN,NaN,NaN,NaN,NaN,NaN,NaN,NaN,NaN,NaN,NaN,NaN,NaN,NaN,NaN,NaN,NaN,NaN,NaN,NaN,NaN,NaN,NaN,NaN,NaN,NaN,NaN,NaN,NaN,NaN,NaN,NaN,NaN
NaN,NaN,NaN,NaN,NaN,NaN,NaN,NaN,NaN,NaN,NaN,NaN,NaN,4.998093e-06,6.865508e-06,6.6833e-06,6.009347e-06,-5.288058e-06,-3.107648e-05,-5.604699e-05,-2.089011e-05,6.714014e-05,0.0001760386,0.0002589841,0.00029874,0.0002766677,0.00020233,8.289033e-05,-4.795269e-05,-0.0001610167,-0.0002035172,-0.0001591199,-6.246224e-05,-6.774206e-06,1.764788e-05,2.367841e-05,2.905928e-05,3.081101e-05,NaN,NaN,NaN,NaN,NaN,NaN,NaN,NaN,NaN,NaN,NaN,NaN,NaN,NaN,NaN,NaN,NaN,NaN,NaN,NaN,NaN,NaN,NaN,NaN,NaN,NaN,NaN,NaN,NaN,NaN,NaN,NaN,NaN,NaN,NaN,NaN,NaN,NaN,NaN,NaN,NaN,NaN,NaN,NaN,NaN,NaN,NaN,NaN,NaN,NaN,NaN,NaN,NaN,NaN,NaN,NaN,NaN,NaN,NaN,NaN,NaN,NaN
NaN,NaN,NaN,NaN,NaN,NaN,NaN,NaN,NaN,NaN,NaN,NaN,NaN,NaN,5.069363e-06,6.619699e-06,5.8511e-06,5.226354e-06,-2.863512e-06,-1.49706e-05,-2.270306e-05,3.851102e-06,5.597078e-05,0.0001110854,0.0001403237,0.0001347695,9.055909e-05,2.471652e-05,-4.334601e-05,-8.035442e-05,-7.175835e-05,-3.21216e-05,-5.509435e-06,1.127515e-05,1.577318e-05,2.16676e-05,2.285666e-05,NaN,NaN,NaN,NaN,NaN,NaN,NaN,NaN,NaN,NaN,NaN,NaN,NaN,NaN,NaN,NaN,NaN,NaN,NaN,NaN,NaN,NaN,NaN,NaN,NaN,NaN,NaN,NaN,NaN,NaN,NaN,NaN,NaN,NaN,NaN,NaN,NaN,NaN,NaN,NaN,NaN,NaN,NaN,NaN,NaN,NaN,NaN,NaN,NaN,NaN,NaN,NaN,NaN,NaN,NaN,NaN,NaN,NaN,NaN,NaN,NaN,NaN,NaN
NaN,NaN,NaN,NaN,NaN,NaN,NaN,NaN,NaN,NaN,NaN,NaN,NaN,NaN,NaN,4.68717e-06,5.871502e-06,4.722591e-06,4.229614e-06,-8.460252e-07,-5.006292e-06,-4.825895e-06,1.159648e-05,3.542461e-05,5.43363e-05,5.359453e-05,3.506765e-05,4.804841e-06,-1.795758e-05,-2.39722e-05,-1.359272e-05,-3.253454e-06,6.551665e-06,9.697414e-06,1.496489e-05,1.616812e-05,NaN,NaN,NaN,NaN,NaN,NaN,NaN,NaN,NaN,NaN,NaN,NaN,NaN,NaN,NaN,NaN,NaN,NaN,NaN,NaN,NaN,NaN,NaN,NaN,NaN,NaN,NaN,NaN,NaN,NaN,NaN,NaN,NaN,NaN,NaN,NaN,NaN,NaN,NaN,NaN,NaN,NaN,NaN,NaN,NaN,NaN,NaN,NaN,NaN,NaN,NaN,NaN,NaN,NaN,NaN,NaN,NaN,NaN,NaN,NaN,NaN,NaN,NaN,NaN
NaN,NaN,NaN,NaN,NaN,NaN,NaN,NaN,NaN,NaN,NaN,NaN,NaN,NaN,NaN,4.19535e-06,3.996324e-06,4.728091e-06,3.563225e-06,3.18156e-06,5.463633e-07,1.222192e-08,2.169398e-06,1.004101e-05,1.690873e-05,1.88212e-05,1.201759e-05,3.027852e-06,-3.808563e-06,-3.844784e-06,-1.226825e-06,3.484473e-06,5.474627e-06,9.47808e-06,1.056381e-05,1.362551e-05,NaN,NaN,NaN,NaN,NaN,NaN,NaN,NaN,NaN,NaN,NaN,NaN,NaN,NaN,NaN,NaN,NaN,NaN,NaN,NaN,NaN,NaN,NaN,NaN,NaN,NaN,NaN,NaN,NaN,NaN,NaN,NaN,NaN,NaN,NaN,NaN,NaN,NaN,NaN,NaN,NaN,NaN,NaN,NaN,NaN,NaN,NaN,NaN,NaN,NaN,NaN,NaN,NaN,NaN,NaN,NaN,NaN,NaN,NaN,NaN,NaN,NaN,NaN,NaN
NaN,NaN,NaN,NaN,NaN,NaN,NaN,NaN,NaN,NaN,NaN,NaN,NaN,NaN,NaN,NaN,3.467277e-06,3.076238e-06,3.477986e-06,2.480821e-06,2.278462e-06,1.169637e-06,1.821736e-06,3.229307e-06,5.940587e-06,6.236904e-06,4.937167e-06,1.68375e-06,3.610334e-07,4.017954e-08,1.731012e-06,2.864738e-06,5.44987e-06,6.26908e-06,8.810074e-06,NaN,NaN,NaN,NaN,NaN,NaN,NaN,NaN,NaN,NaN,NaN,NaN,NaN,NaN,NaN,NaN,NaN,NaN,NaN,NaN,NaN,NaN,NaN,NaN,NaN,NaN,NaN,NaN,NaN,NaN,NaN,NaN,NaN,NaN,NaN,NaN,NaN,NaN,NaN,NaN,NaN,NaN,NaN,NaN,NaN,NaN,NaN,NaN,NaN,NaN,NaN,NaN,NaN,NaN,NaN,NaN,NaN,NaN,NaN,NaN,NaN,NaN,NaN,NaN,NaN
NaN,NaN,NaN,NaN,NaN,NaN,NaN,NaN,NaN,NaN,NaN,NaN,NaN,NaN,NaN,NaN,NaN,2.553101e-06,2.137056e-06,2.289459e-06,1.609823e-06,1.545319e-06,1.216244e-06,1.870079e-06,2.248665e-06,2.734188e-06,1.951524e-06,1.346302e-06,5.691285e-07,9.635977e-07,1.392542e-06,2.792439e-06,3.338398e-06,5.112764e-06,NaN,NaN,NaN,NaN,NaN,NaN,NaN,NaN,NaN,NaN,NaN,NaN,NaN,NaN,NaN,NaN,NaN,NaN,NaN,NaN,NaN,NaN,NaN,NaN,NaN,NaN,NaN,NaN,NaN,NaN,NaN,NaN,NaN,NaN,NaN,NaN,NaN,NaN,NaN,NaN,NaN,NaN,NaN,NaN,NaN,NaN,NaN,NaN,NaN,NaN,NaN,NaN,NaN,NaN,NaN,NaN,NaN,NaN,NaN,NaN,NaN,NaN,NaN,NaN,NaN,NaN
NaN,NaN,NaN,NaN,NaN,NaN,NaN,NaN,NaN,NaN,NaN,NaN,NaN,NaN,NaN,NaN,NaN,1.434472e-06,1.666563e-06,1.289859e-06,1.349875e-06,9.422669e-07,1.019019e-06,9.057879e-07,1.272736e-06,1.11793e-06,1.121874e-06,6.050944e-07,6.828704e-07,6.562111e-07,1.252704e-06,1.559988e-06,2.618367e-06,2.936696e-06,NaN,NaN,NaN,NaN,NaN,NaN,NaN,NaN,NaN,NaN,NaN,NaN,NaN,NaN,NaN,NaN,NaN,NaN,NaN,NaN,NaN,NaN,NaN,NaN,NaN,NaN,NaN,NaN,NaN,NaN,NaN,NaN,NaN,NaN,NaN,NaN,NaN,NaN,NaN,NaN,NaN,NaN,NaN,NaN,NaN,NaN,NaN,NaN,NaN,NaN,NaN,NaN,NaN,NaN,NaN,NaN,NaN,NaN,NaN,NaN,NaN,NaN,NaN,NaN,NaN,NaN
NaN,NaN,NaN,NaN,NaN,NaN,NaN,NaN,NaN,NaN,NaN,NaN,NaN,NaN,NaN,NaN,NaN,NaN,8.236376e-07,9.051263e-07,6.787426e-07,6.815274e-07,5.090023e-07,6.023502e-07,5.343251e-07,6.366002e-07,4.563167e-07,4.559651e-07,3.201737e-07,5.139185e-07,6.353188e-07,1.115006e-06,1.295025e-06,NaN,NaN,NaN,NaN,NaN,NaN,NaN,NaN,NaN,NaN,NaN,NaN,NaN,NaN,NaN,NaN,NaN,NaN,NaN,NaN,NaN,NaN,NaN,NaN,NaN,NaN,NaN,NaN,NaN,NaN,NaN,NaN,NaN,NaN,NaN,NaN,NaN,NaN,NaN,NaN,NaN,NaN,NaN,NaN,NaN,NaN,NaN,NaN,NaN,NaN,NaN,NaN,NaN,NaN,NaN,NaN,NaN,NaN,NaN,NaN,NaN,NaN,NaN,NaN,NaN,NaN,NaN
NaN,NaN,NaN,NaN,NaN,NaN,NaN,NaN,NaN,NaN,NaN,NaN,NaN,NaN,NaN,NaN,NaN,NaN,4.943972e-07,3.549545e-07,4.12725e-07,2.735064e-07,3.119752e-07,2.19916e-07,3.077869e-07,2.167555e-07,2.696512e-07,1.430714e-07,2.297859e-07,2.063134e-07,3.921087e-07,4.323608e-07,7.753922e-07,NaN,NaN,NaN,NaN,NaN,NaN,NaN,NaN,NaN,NaN,NaN,NaN,NaN,NaN,NaN,NaN,NaN,NaN,NaN,NaN,NaN,NaN,NaN,NaN,NaN,NaN,NaN,NaN,NaN,NaN,NaN,NaN,NaN,NaN,NaN,NaN,NaN,NaN,NaN,NaN,NaN,NaN,NaN,NaN,NaN,NaN,NaN,NaN,NaN,NaN,NaN,NaN,NaN,NaN,NaN,NaN,NaN,NaN,NaN,NaN,NaN,NaN,NaN,NaN,NaN,NaN,NaN
NaN,NaN,NaN,NaN,NaN,NaN,NaN,NaN,NaN,NaN,NaN,NaN,NaN,NaN,NaN,NaN,NaN,NaN,NaN,1.672563e-07,1.208522e-07,1.28334e-07,9.015491e-08,1.066856e-07,8.086973e-08,1.015433e-07,6.78367e-08,8.226478e-08,5.841504e-08,9.976034e-08,1.149849e-07,2.061642e-07,NaN,NaN,NaN,NaN,NaN,NaN,NaN,NaN,NaN,NaN,NaN,NaN,NaN,NaN,NaN,NaN,NaN,NaN,NaN,NaN,NaN,NaN,NaN,NaN,NaN,NaN,NaN,NaN,NaN,NaN,NaN,NaN,NaN,NaN,NaN,NaN,NaN,NaN,NaN,NaN,NaN,NaN,NaN,NaN,NaN,NaN,NaN,NaN,NaN,NaN,NaN,NaN,NaN,NaN,NaN,NaN,NaN,NaN,NaN,NaN,NaN,NaN,NaN,NaN,NaN,NaN,NaN,NaN
NaN,NaN,NaN,NaN,NaN,NaN,NaN,NaN,NaN,NaN,NaN,NaN,NaN,NaN,NaN,NaN,NaN,NaN,NaN,1.887958e-08,4.278473e-08,1.519108e-08,3.267245e-08,9.730783e-09,3.163737e-08,8.319477e-09,2.841589e-08,2.849936e-09,2.681317e-08,1.129415e-08,4.07138e-08,2.265816e-08,NaN,NaN,NaN,NaN,NaN,NaN,NaN,NaN,NaN,NaN,NaN,NaN,NaN,NaN,NaN,NaN,NaN,NaN,NaN,NaN,NaN,NaN,NaN,NaN,NaN,NaN,NaN,NaN,NaN,NaN,NaN,NaN,NaN,NaN,NaN,NaN,NaN,NaN,NaN,NaN,NaN,NaN,NaN,NaN,NaN,NaN,NaN,NaN,NaN,NaN,NaN,NaN,NaN,NaN,NaN,NaN,NaN,NaN,NaN,NaN,NaN,NaN,NaN,NaN,NaN,NaN,NaN,NaN
NaN,NaN,NaN,NaN,NaN,NaN,NaN,NaN,NaN,NaN,NaN,NaN,NaN,NaN,NaN,NaN,NaN,NaN,NaN,1.992951e-09,2.252812e-09,1.549979e-09,1.70541e-09,1.18616e-09,1.559147e-09,1.065128e-09,1.36571e-09,7.743854e-10,1.29053e-09,1.165017e-09,2.18238e-09,2.405562e-09,NaN,NaN,NaN,NaN,NaN,NaN,NaN,NaN,NaN,NaN,NaN,NaN,NaN,NaN,NaN,NaN,NaN,NaN,NaN,NaN,NaN,NaN,NaN,NaN,NaN,NaN,NaN,NaN,NaN,NaN,NaN,NaN,NaN,NaN,NaN,NaN,NaN,NaN,NaN,NaN,NaN,NaN,NaN,NaN,NaN,NaN,NaN,NaN,NaN,NaN,NaN,NaN,NaN,NaN,NaN,NaN,NaN,NaN,NaN,NaN,NaN,NaN,NaN,NaN,NaN,NaN,NaN,NaN
NaN,NaN,NaN,NaN,NaN,NaN,NaN,NaN,NaN,NaN,NaN,NaN,NaN,NaN,NaN,NaN,NaN,NaN,NaN,0,0,0,0,0,0,0,0,0,0,0,0,0,NaN,NaN,NaN,NaN,NaN,NaN,NaN,NaN,NaN,NaN,NaN,NaN,NaN,NaN,NaN,NaN,NaN,NaN,NaN,NaN,NaN,NaN,NaN,NaN,NaN,NaN,NaN,NaN,NaN,NaN,NaN,NaN,NaN,NaN,NaN,NaN,NaN,NaN,NaN,NaN,NaN,NaN,NaN,NaN,NaN,NaN,NaN,NaN,NaN,NaN,NaN,NaN,NaN,NaN,NaN,NaN,NaN,NaN,NaN,NaN,NaN,NaN,NaN,NaN,NaN,NaN,NaN,NaN
