NaN,NaN,NaN,NaN,NaN,NaN,NaN,NaN,NaN,NaN,NaN,NaN,NaN,NaN,NaN,NaN,NaN,NaN,NaN,0,0,0,0,0,0,0,0,0,0,0,0,0,NaN,NaN,NaN,NaN,NaN,NaN,NaN,NaN,NaN,NaN,NaN,NaN,NaN,NaN,NaN,NaN,NaN,NaN,NaN,NaN,NaN,NaN,NaN,NaN,NaN,NaN,NaN,NaN,NaN,NaN,NaN,NaN,NaN,NaN,NaN,NaN,NaN,NaN,NaN,NaN,NaN,NaN,NaN,NaN,NaN,NaN,NaN,NaN,NaN,NaN,NaN,NaN,NaN,NaN,NaN,NaN,NaN,NaN,NaN,NaN,NaN,NaN,NaN,NaN,NaN,NaN,NaN,NaN
NaN,NaN,NaN,NaN,NaN,NaN,NaN,NaN,NaN,NaN,NaN,NaN,NaN,NaN,NaN,NaN,NaN,NaN,NaN,-5.1179e-06,-5.124109e-06,-5.115338e-06,-5.069803e-06,-5.111027e-06,-5.046679e-06,-5.017178e-06,-4.876778e-06,-4.789672e-06,-4.615635e-06,-4.517258e-06,-4.340014e-06,-4.231095e-06,NaN,NaN,NaN,NaN,NaN,NaN,NaN,NaN,NaN,NaN,NaN,NaN,NaN,NaN,NaN,NaN,NaN,NaN,NaN,NaN,NaN,NaN,NaN,NaN,NaN,NaN,NaN,NaN,NaN,NaN,NaN,NaN,NaN,NaN,NaN,NaN,NaN,NaN,NaN,NaN,NaN,NaN,NaN,NaN,NaN,NaN,NaN,NaN,NaN,NaN,NaN,NaN,NaN,NaN,NaN,NaN,NaN,NaN,NaN,NaN,NaN,NaN,NaN,NaN,NaN,NaN,NaN,NaN
NaN,NaN,NaN,NaN,NaN,NaN,NaN,NaN,NaN,NaN,NaN,NaN,NaN,NaN,NaN,NaN,NaN,NaN,NaN,-1.830976e-05,-1.82196e-05,-1.829003e-05,-1.820106e-05,-1.824104e-05,-1.805409e-05,-1.788798e-05,-1.743601e-05,-1.705775e-05,-1.650533e-05,-1.609578e-05,-1.550173e-05,-1.499723e-05,NaN,NaN,NaN,NaN,NaN,NaN,NaN,NaN,NaN,NaN,NaN,NaN,NaN,NaN,NaN,NaN,NaN,NaN,NaN,NaN,NaN,NaN,NaN,NaN,NaN,NaN,NaN,NaN,NaN,NaN,NaN,NaN,NaN,NaN,NaN,NaN,NaN,NaN,NaN,NaN,NaN,NaN,NaN,NaN,NaN,NaN,NaN,NaN,NaN,NaN,NaN,NaN,NaN,NaN,NaN,NaN,NaN,NaN,NaN,NaN,NaN,NaN,NaN,NaN,NaN,NaN,NaN,NaN
NaN,NaN,NaN,NaN,NaN,NaN,NaN,NaN,NaN,NaN,NaN,NaN,NaN,NaN,NaN,NaN,NaN,NaN,NaN,-3.466388e-05,-3.456423e-05,-3.467468e-05,-3.45605e-05,-3.472402e-05,-3.442018e-05,-3.410163e-05,-3.319283e-05,-3.240582e-05,-3.129572e-05,-3.048549e-05,-2.935281e-05,-2.841251e-05,NaN,NaN,NaN,NaN,NaN,NaN,NaN,NaN,NaN,NaN,NaN,NaN,NaN,NaN,NaN,NaN,NaN,NaN,NaN,NaN,NaN,NaN,NaN,NaN,NaN,NaN,NaN,NaN,NaN,NaN,NaN,NaN,NaN,NaN,NaN,NaN,NaN,NaN,NaN,NaN,NaN,NaN,NaN,NaN,NaN,NaN,NaN,NaN,NaN,NaN,NaN,NaN,NaN,NaN,NaN,NaN,NaN,NaN,NaN,NaN,NaN,NaN,NaN,NaN,NaN,NaN,NaN,NaN
NaN,NaN,NaN,NaN,NaN,NaN,NaN,NaN,NaN,NaN,NaN,NaN,NaN,NaN,NaN,NaN,NaN,NaN,-4.908895e-05,-4.937905e-05,-4.92055e-05,-4.95455e-05,-4.955519e-05,-4.994491e-05,-4.964443e-05,-4.917621e-05,-4.773278e-05,-4.639977e-05,-4.466879e-05,-4.342421e-05,-4.177461e-05,-4.039352e-05,-3.841587e-05,NaN,NaN,NaN,NaN,NaN,NaN,NaN,NaN,NaN,NaN,NaN,NaN,NaN,NaN,NaN,NaN,NaN,NaN,NaN,NaN,NaN,NaN,NaN,NaN,NaN,NaN,NaN,NaN,NaN,NaN,NaN,NaN,NaN,NaN,NaN,NaN,NaN,NaN,NaN,NaN,NaN,NaN,NaN,NaN,NaN,NaN,NaN,NaN,NaN,NaN,NaN,NaN,NaN,NaN,NaN,NaN,NaN,NaN,NaN,NaN,NaN,NaN,NaN,NaN,NaN,NaN,NaN
NaN,NaN,NaN,NaN,NaN,NaN,NaN,NaN,NaN,NaN,NaN,NaN,NaN,NaN,NaN,NaN,NaN,NaN,-5.945845e-05,-5.983818e-05,-5.986225e-05,-6.04564e-05,-6.099113e-05,-6.205889e-05,-6.21236e-05,-6.150013e-05,-5.93177e-05,-5.706411e-05,-5.448776e-05,-5.267677e-05,-5.060566e-05,-4.890878e-05,-4.650084e-05,NaN,NaN,NaN,NaN,NaN,NaN,NaN,NaN,NaN,NaN,NaN,NaN,NaN,NaN,NaN,NaN,NaN,NaN,NaN,NaN,NaN,NaN,NaN,NaN,NaN,NaN,NaN,NaN,NaN,NaN,NaN,NaN,NaN,NaN,NaN,NaN,NaN,NaN,NaN,NaN,NaN,NaN,NaN,NaN,NaN,NaN,NaN,NaN,NaN,NaN,NaN,NaN,NaN,NaN,NaN,NaN,NaN,NaN,NaN,NaN,NaN,NaN,NaN,NaN,NaN,NaN,NaN
NaN,NaN,NaN,NaN,NaN,NaN,NaN,NaN,NaN,NaN,NaN,NaN,NaN,NaN,NaN,NaN,NaN,-6.548633e-05,-6.56193e-05,-6.618837e-05,-6.648371e-05,-6.814126e-05,-7.009466e-05,-7.290746e-05,-7.408104e-05,-7.333972e-05,-6.961117e-05,-6.541906e-05,-6.117346e-05,-5.845643e-05,-5.585097e-05,-5.390183e-05,-5.125815e-05,-4.879085e-05,NaN,NaN,NaN,NaN,NaN,NaN,NaN,NaN,NaN,NaN,NaN,NaN,NaN,NaN,NaN,NaN,NaN,NaN,NaN,NaN,NaN,NaN,NaN,NaN,NaN,NaN,NaN,NaN,NaN,NaN,NaN,NaN,NaN,NaN,NaN,NaN,NaN,NaN,NaN,NaN,NaN,NaN,NaN,NaN,NaN,NaN,NaN,NaN,NaN,NaN,NaN,NaN,NaN,NaN,NaN,NaN,NaN,NaN,NaN,NaN,NaN,NaN,NaN,NaN,NaN,NaN
NaN,NaN,NaN,NaN,NaN,NaN,NaN,NaN,NaN,NaN,NaN,NaN,NaN,NaN,NaN,NaN,NaN,-6.852025e-05,-6.866213e-05,-6.967013e-05,-7.132449e-05,-7.544213e-05,-8.189629e-05,-8.987241e-05,-9.442175e-05,-9.320708e-05,-8.548681e-05,-7.591638e-05,-6.732511e-05,-6.208549e-05,-5.853363e-05,-5.628098e-05,-5.350414e-05,-5.087753e-05,NaN,NaN,NaN,NaN,NaN,NaN,NaN,NaN,NaN,NaN,NaN,NaN,NaN,NaN,NaN,NaN,NaN,NaN,NaN,NaN,NaN,NaN,NaN,NaN,NaN,NaN,NaN,NaN,NaN,NaN,NaN,NaN,NaN,NaN,NaN,NaN,NaN,NaN,NaN,NaN,NaN,NaN,NaN,NaN,NaN,NaN,NaN,NaN,NaN,NaN,NaN,NaN,NaN,NaN,NaN,NaN,NaN,NaN,NaN,NaN,NaN,NaN,NaN,NaN,NaN,NaN
NaN,NaN,NaN,NaN,NaN,NaN,NaN,NaN,NaN,NaN,NaN,NaN,NaN,NaN,NaN,NaN,-6.906475e-05,-6.98182e-05,-7.056107e-05,-7.298216e-05,-7.846957e-05,-9.168259e-05,-0.0001119075,-0.0001348615,-0.0001479246,-0.0001445306,-0.000125095,-0.0001005654,-7.938231e-05,-6.694417e-05,-6.038623e-05,-5.737622e-05,-5.449033e-05,-5.193897e-05,-4.828611e-05,NaN,NaN,NaN,NaN,NaN,NaN,NaN,NaN,NaN,NaN,NaN,NaN,NaN,NaN,NaN,NaN,NaN,NaN,NaN,NaN,NaN,NaN,NaN,NaN,NaN,NaN,NaN,NaN,NaN,NaN,NaN,NaN,NaN,NaN,NaN,NaN,NaN,NaN,NaN,NaN,NaN,NaN,NaN,NaN,NaN,NaN,NaN,NaN,NaN,NaN,NaN,NaN,NaN,NaN,NaN,NaN,NaN,NaN,NaN,NaN,NaN,NaN,NaN,NaN,NaN
NaN,NaN,NaN,NaN,NaN,NaN,NaN,NaN,NaN,NaN,NaN,NaN,NaN,NaN,NaN,-6.894458e-05,-6.931956e-05,-7.083434e-05,-7.278917e-05,-8.067739e-05,-0.0001011428,-0.0001442441,-0.0002065219,-0.0002645924,-0.0002894676,-0.0002732714,-0.0002243528,-0.0001642906,-0.0001116948,-7.871554e-05,-6.312296e-05,-5.768174e-05,-5.457556e-05,-5.200554e-05,-4.865816e-05,-4.497223e-05,NaN,NaN,NaN,NaN,NaN,NaN,NaN,NaN,NaN,NaN,NaN,NaN,NaN,NaN,NaN,NaN,NaN,NaN,NaN,NaN,NaN,NaN,NaN,NaN,NaN,NaN,NaN,NaN,NaN,NaN,NaN,NaN,NaN,NaN,NaN,NaN,NaN,NaN,NaN,NaN,NaN,NaN,NaN,NaN,NaN,NaN,NaN,NaN,NaN,NaN,NaN,NaN,NaN,NaN,NaN,NaN,NaN,NaN,NaN,NaN,NaN,NaN,NaN,NaN
NaN,NaN,NaN,NaN,NaN,NaN,NaN,NaN,NaN,NaN,NaN,NaN,NaN,NaN,NaN,-6.900587e-05,-7.028904e-05,-7.266797e-05,-8.162548e-05,-0.0001112284,-0.0001874022,-0.0003196792,-0.0004589034,-0.0005452941,-0.0005514416,-0.0004926829,-0.0003915433,-0.0002786382,-0.0001761426,-0.0001055413,-6.956488e-05,-5.754812e-05,-5.386732e-05,-5.20782e-05,-4.866056e-05,-4.555858e-05,NaN,NaN,NaN,NaN,NaN,NaN,NaN,NaN,NaN,NaN,NaN,NaN,NaN,NaN,NaN,NaN,NaN,NaN,NaN,NaN,NaN,NaN,NaN,NaN,NaN,NaN,NaN,NaN,NaN,NaN,NaN,NaN,NaN,NaN,NaN,NaN,NaN,NaN,NaN,NaN,NaN,NaN,NaN,NaN,NaN,NaN,NaN,NaN,NaN,NaN,NaN,NaN,NaN,NaN,NaN,NaN,NaN,NaN,NaN,NaN,NaN,NaN,NaN,NaN
NaN,NaN,NaN,NaN,NaN,NaN,NaN,NaN,NaN,NaN,NaN,NaN,NaN,NaN,-6.762598e-05,-6.971655e-05,-7.14394e-05,-8.196075e-05,-0.0001196102,-0.0002406326,-0.0004697902,-0.0007203996,-0.0008718665,-0.0009004254,-0.0008290963,-0.0006964581,-0.0005315436,-0.0003661802,-0.0002206738,-0.0001170016,-6.225862e-05,-4.851813e-05,-4.883593e-05,-4.978673e-05,-4.84476e-05,-4.504255e-05,-4.115805e-05,NaN,NaN,NaN,NaN,NaN,NaN,NaN,NaN,NaN,NaN,NaN,NaN,NaN,NaN,NaN,NaN,NaN,NaN,NaN,NaN,NaN,NaN,NaN,NaN,NaN,NaN,NaN,NaN,NaN,NaN,NaN,NaN,NaN,NaN,NaN,NaN,NaN,NaN,NaN,NaN,NaN,NaN,NaN,NaN,NaN,NaN,NaN,NaN,NaN,NaN,NaN,NaN,NaN,NaN,NaN,NaN,NaN,NaN,NaN,NaN,NaN,NaN,NaN
NaN,NaN,NaN,NaN,NaN,NaN,NaN,NaN,NaN,NaN,NaN,NaN,NaN,-6.673385e-05,-6.865781e-05,-7.072823e-05,-8.124385e-05,-0.0001270022,-0.0002987336,-0.0006497033,-0.001015631,-0.001225149,-0.001265445,-0.001179935,-0.001006878,-0.0007889791,-0.0005538711,-0.0003339915,-0.0001479074,-1.931625e-05,4.12714e-05,2.908394e-05,-1.236234e-05,-3.929772e-05,-4.531699e-05,-4.542598e-05,-4.08983e-05,-3.729908e-05,NaN,NaN,NaN,NaN,NaN,NaN,NaN,NaN,NaN,NaN,NaN,NaN,NaN,NaN,NaN,NaN,NaN,NaN,NaN,NaN,NaN,NaN,NaN,NaN,NaN,NaN,NaN,NaN,NaN,NaN,NaN,NaN,NaN,NaN,NaN,NaN,NaN,NaN,NaN,NaN,NaN,NaN,NaN,NaN,NaN,NaN,NaN,NaN,NaN,NaN,NaN,NaN,NaN,NaN,NaN,NaN,NaN,NaN,NaN,NaN,NaN,NaN
NaN,NaN,NaN,NaN,NaN,NaN,NaN,NaN,NaN,NaN,NaN,NaN,NaN,-6.757106e-05,-6.899546e-05,-8.005711e-05,-0.0001309338,-0.0003576225,-0.0008433331,-0.001321674,-0.001583612,-0.001639497,-0.001536355,-0.001326232,-0.001046689,-0.0007380983,-0.0004277035,-0.0001465822,8.627796e-05,0.0002470322,0.0003229708,0.0002973429,0.0001768507,3.778055e-05,-2.783104e-05,-4.079128e-05,-4.110566e-05,-3.639536e-05,NaN,NaN,NaN,NaN,NaN,NaN,NaN,NaN,NaN,NaN,NaN,NaN,NaN,NaN,NaN,NaN,NaN,NaN,NaN,NaN,NaN,NaN,NaN,NaN,NaN,NaN,NaN,NaN,NaN,NaN,NaN,NaN,NaN,NaN,NaN,NaN,NaN,NaN,NaN,NaN,NaN,NaN,NaN,NaN,NaN,NaN,NaN,NaN,NaN,NaN,NaN,NaN,NaN,NaN,NaN,NaN,NaN,NaN,NaN,NaN,NaN,NaN
NaN,NaN,NaN,NaN,NaN,NaN,NaN,NaN,NaN,NaN,NaN,NaN,-6.608255e-05,-6.786204e-05,-7.825253e-05,-0.0001330295,-0.0004111527,-0.001043176,-0.001626685,-0.001947967,-0.002021463,-0.001910561,-0.00166165,-0.001324902,-0.0009353401,-0.0005326008,-0.0001416403,0.0002064548,0.0004940615,0.0006961997,0.0008003672,0.0007856896,0.000643605,0.0003750245,0.0001001479,-1.752297e-05,-3.612603e-05,-3.752327e-05,-3.151623e-05,NaN,NaN,NaN,NaN,NaN,NaN,NaN,NaN,NaN,NaN,NaN,NaN,NaN,NaN,NaN,NaN,NaN,NaN,NaN,NaN,NaN,NaN,NaN,NaN,NaN,NaN,NaN,NaN,NaN,NaN,NaN,NaN,NaN,NaN,NaN,NaN,NaN,NaN,NaN,NaN,NaN,NaN,NaN,NaN,NaN,NaN,NaN,NaN,NaN,NaN,NaN,NaN,NaN,NaN,NaN,NaN,NaN,NaN,NaN,NaN,NaN
NaN,NaN,NaN,NaN,NaN,NaN,NaN,NaN,NaN,NaN,NaN,-6.44809e-05,-6.563548e-05,-7.623181e-05,-0.0001317208,-0.0004579614,-0.001235457,-0.001931158,-0.002313069,-0.002417271,-0.002301745,-0.002024055,-0.001629464,-0.001165189,-0.0006647019,-0.000164583,0.0003106388,0.0007321436,0.001081648,0.001335378,0.001478824,0.001491326,0.001360798,0.001068186,0.0006218245,0.0001693425,-5.944936e-06,-3.121381e-05,-3.251457e-05,-2.614183e-05,NaN,NaN,NaN,NaN,NaN,NaN,NaN,NaN,NaN,NaN,NaN,NaN,NaN,NaN,NaN,NaN,NaN,NaN,NaN,NaN,NaN,NaN,NaN,NaN,NaN,NaN,NaN,NaN,NaN,NaN,NaN,NaN,NaN,NaN,NaN,NaN,NaN,NaN,NaN,NaN,NaN,NaN,NaN,NaN,NaN,NaN,NaN,NaN,NaN,NaN,NaN,NaN,NaN,NaN,NaN,NaN,NaN,NaN,NaN,NaN
NaN,NaN,NaN,NaN,NaN,NaN,NaN,NaN,NaN,NaN,-6.251686e-05,-6.407372e-05,-7.390801e-05,-0.0001286969,-0.0004956132,-0.001420783,-0.002230271,-0.002685845,-0.002825876,-0.002718912,-0.002416276,-0.001975534,-0.001437469,-0.0008473806,-0.0002352247,0.0003633299,0.0009268605,0.001426409,0.001845944,0.002160295,0.00235623,0.002410049,0.002309641,0.00203235,0.001565583,0.0009052077,0.0002469623,2.786028e-06,-2.621781e-05,-2.829243e-05,-2.05002e-05,NaN,NaN,NaN,NaN,NaN,NaN,NaN,NaN,NaN,NaN,NaN,NaN,NaN,NaN,NaN,NaN,NaN,NaN,NaN,NaN,NaN,NaN,NaN,NaN,NaN,NaN,NaN,NaN,NaN,NaN,NaN,NaN,NaN,NaN,NaN,NaN,NaN,NaN,NaN,NaN,NaN,NaN,NaN,NaN,NaN,NaN,NaN,NaN,NaN,NaN,NaN,NaN,NaN,NaN,NaN,NaN,NaN,NaN,NaN
NaN,NaN,NaN,NaN,NaN,NaN,NaN,NaN,NaN,-6.03774e-05,-6.135104e-05,-7.152375e-05,-0.0001229249,-0.0005220716,-0.001591687,-0.002526028,-0.00306026,-0.003251306,-0.00315831,-0.002845329,-0.002363325,-0.001764355,-0.001087575,-0.0003739668,0.0003479073,0.001046331,0.001700079,0.002283401,0.002779261,0.003164838,0.003424507,0.003536096,0.003483547,0.003243921,0.002800198,0.002128632,0.001226733,0.0003222495,1.158356e-05,-2.062629e-05,-2.260946e-05,-1.439139e-05,NaN,NaN,NaN,NaN,NaN,NaN,NaN,NaN,NaN,NaN,NaN,NaN,NaN,NaN,NaN,NaN,NaN,NaN,NaN,NaN,NaN,NaN,NaN,NaN,NaN,NaN,NaN,NaN,NaN,NaN,NaN,NaN,NaN,NaN,NaN,NaN,NaN,NaN,NaN,NaN,NaN,NaN,NaN,NaN,NaN,NaN,NaN,NaN,NaN,NaN,NaN,NaN,NaN,NaN,NaN,NaN,NaN,NaN
NaN,NaN,NaN,NaN,NaN,NaN,NaN,NaN,NaN,-5.930274e-05,-6.900607e-05,-0.0001169598,-0.0005388837,-0.001752574,-0.002814807,-0.003442361,-0.003690755,-0.00362753,-0.003311133,-0.002803414,-0.002149947,-0.001401327,-0.0005912922,0.0002408089,0.00107105,0.001868214,0.002615187,0.003285521,0.003865568,0.004330509,0.004667391,0.0048505,0.004865648,0.004684748,0.004291431,0.003654319,0.002755707,0.001573337,0.0003981151,1.836516e-05,-1.47328e-05,-1.757685e-05,NaN,NaN,NaN,NaN,NaN,NaN,NaN,NaN,NaN,NaN,NaN,NaN,NaN,NaN,NaN,NaN,NaN,NaN,NaN,NaN,NaN,NaN,NaN,NaN,NaN,NaN,NaN,NaN,NaN,NaN,NaN,NaN,NaN,NaN,NaN,NaN,NaN,NaN,NaN,NaN,NaN,NaN,NaN,NaN,NaN,NaN,NaN,NaN,NaN,NaN,NaN,NaN,NaN,NaN,NaN,NaN,NaN,NaN
NaN,NaN,NaN,NaN,NaN,NaN,NaN,NaN,-5.604777e-05,-6.640999e-05,-0.0001096264,-0.0005488575,-0.001900572,-0.003099755,-0.0038253,-0.004146673,-0.004120507,-0.003817596,-0.003292084,-0.002601205,-0.001788644,-0.0008987343,3.631647e-05,0.0009826252,0.001917088,0.002813391,0.003653951,0.004416546,0.00508582,0.005640552,0.006064771,0.006335823,0.006434968,0.006336432,0.006017323,0.005448344,0.004600686,0.003443392,0.001954236,0.0004738749,2.391178e-05,-8.428167e-06,-1.127835e-05,NaN,NaN,NaN,NaN,NaN,NaN,NaN,NaN,NaN,NaN,NaN,NaN,NaN,NaN,NaN,NaN,NaN,NaN,NaN,NaN,NaN,NaN,NaN,NaN,NaN,NaN,NaN,NaN,NaN,NaN,NaN,NaN,NaN,NaN,NaN,NaN,NaN,NaN,NaN,NaN,NaN,NaN,NaN,NaN,NaN,NaN,NaN,NaN,NaN,NaN,NaN,NaN,NaN,NaN,NaN,NaN,NaN
NaN,NaN,NaN,NaN,NaN,NaN,NaN,-5.352014e-05,-6.364848e-05,-0.0001029255,-0.0005547842,-0.002045392,-0.003380815,-0.004216564,-0.004616609,-0.004644107,-0.004363084,-0.003837751,-0.003118828,-0.002260754,-0.001300574,-0.0002811919,0.0007717608,0.001825205,0.002861799,0.003854743,0.004791666,0.005648581,0.006414809,0.007066083,0.007590721,0.007961622,0.008164062,0.008166142,0.007948838,0.007473696,0.006717603,0.005632921,0.004197488,0.002361095,0.0005397838,3.32976e-05,-1.129455e-06,-5.736566e-06,NaN,NaN,NaN,NaN,NaN,NaN,NaN,NaN,NaN,NaN,NaN,NaN,NaN,NaN,NaN,NaN,NaN,NaN,NaN,NaN,NaN,NaN,NaN,NaN,NaN,NaN,NaN,NaN,NaN,NaN,NaN,NaN,NaN,NaN,NaN,NaN,NaN,NaN,NaN,NaN,NaN,NaN,NaN,NaN,NaN,NaN,NaN,NaN,NaN,NaN,NaN,NaN,NaN,NaN,NaN,NaN
NaN,NaN,NaN,NaN,NaN,NaN,-4.974339e-05,-6.072852e-05,-9.582343e-05,-0.000557804,-0.002185118,-0.003664202,-0.00461166,-0.005104247,-0.005192196,-0.004950577,-0.004434782,-0.003706964,-0.002813819,-0.001803355,-0.0007106946,0.0004285245,0.001589526,0.002745657,0.003879379,0.004969667,0.006002584,0.006959358,0.00782652,0.00858466,0.00921811,0.009704465,0.01002366,0.01014847,0.01005265,0.009703025,0.009065395,0.008101047,0.006765474,0.005018312,0.002813949,0.0006456634,3.82333e-05,5.79545e-06,1.198853e-06,NaN,NaN,NaN,NaN,NaN,NaN,NaN,NaN,NaN,NaN,NaN,NaN,NaN,NaN,NaN,NaN,NaN,NaN,NaN,NaN,NaN,NaN,NaN,NaN,NaN,NaN,NaN,NaN,NaN,NaN,NaN,NaN,NaN,NaN,NaN,NaN,NaN,NaN,NaN,NaN,NaN,NaN,NaN,NaN,NaN,NaN,NaN,NaN,NaN,NaN,NaN,NaN,NaN,NaN,NaN
NaN,NaN,NaN,NaN,NaN,-4.676134e-05,-5.759179e-05,-9.053997e-05,-0.0005649127,-0.002331503,-0.003951997,-0.005021669,-0.005610352,-0.005774112,-0.005579839,-0.005092196,-0.00436587,-0.003457989,-0.002408976,-0.001264403,-5.149737e-05,0.001194818,0.002457276,0.003708831,0.004938565,0.006123672,0.007256318,0.008314663,0.009290989,0.01016163,0.01091659,0.01152804,0.01198175,0.01224364,0.01229386,0.01209006,0.01160606,0.01078899,0.009607901,0.007994701,0.005925608,0.003314609,0.0007091964,4.821467e-05,1.445473e-05,7.141187e-06,NaN,NaN,NaN,NaN,NaN,NaN,NaN,NaN,NaN,NaN,NaN,NaN,NaN,NaN,NaN,NaN,NaN,NaN,NaN,NaN,NaN,NaN,NaN,NaN,NaN,NaN,NaN,NaN,NaN,NaN,NaN,NaN,NaN,NaN,NaN,NaN,NaN,NaN,NaN,NaN,NaN,NaN,NaN,NaN,NaN,NaN,NaN,NaN,NaN,NaN,NaN,NaN,NaN,NaN
NaN,NaN,NaN,NaN,-4.250955e-05,-5.415755e-05,-8.549421e-05,-0.0005789417,-0.002486225,-0.004253379,-0.005444646,-0.006141949,-0.006386751,-0.00625649,-0.005805939,-0.005100693,-0.004189346,-0.003123221,-0.001939443,-0.0006755863,0.0006422587,0.001987312,0.003341923,0.004686275,0.006007783,0.007290224,0.008522682,0.009689515,0.01077871,0.01177276,0.01265624,0.01340772,0.01400639,0.01442519,0.01463604,0.01460494,0.01429458,0.01366332,0.0126624,0.01124401,0.009343899,0.006913657,0.0038649,0.0008390591,5.401271e-05,2.223325e-05,1.521765e-05,NaN,NaN,NaN,NaN,NaN,NaN,NaN,NaN,NaN,NaN,NaN,NaN,NaN,NaN,NaN,NaN,NaN,NaN,NaN,NaN,NaN,NaN,NaN,NaN,NaN,NaN,NaN,NaN,NaN,NaN,NaN,NaN,NaN,NaN,NaN,NaN,NaN,NaN,NaN,NaN,NaN,NaN,NaN,NaN,NaN,NaN,NaN,NaN,NaN,NaN,NaN,NaN,NaN
NaN,NaN,NaN,-3.919073e-05,-5.049064e-05,-8.301797e-05,-0.000604679,-0.00266366,-0.004574611,-0.005896274,-0.00670432,-0.00704452,-0.00698509,-0.00658964,-0.005915474,-0.005021363,-0.003950366,-0.002749962,-0.001448996,-8.36065e-05,0.001328958,0.002761353,0.004204139,0.005635539,0.007050297,0.008428792,0.009767029,0.01104469,0.01225655,0.01337929,0.01440451,0.01530392,0.01606436,0.01665067,0.01704362,0.01719924,0.01709112,0.01666421,0.01588472,0.01468326,0.01302103,0.01080453,0.00800564,0.004484965,0.0009153333,6.614096e-05,3.103341e-05,2.165543e-05,NaN,NaN,NaN,NaN,NaN,NaN,NaN,NaN,NaN,NaN,NaN,NaN,NaN,NaN,NaN,NaN,NaN,NaN,NaN,NaN,NaN,NaN,NaN,NaN,NaN,NaN,NaN,NaN,NaN,NaN,NaN,NaN,NaN,NaN,NaN,NaN,NaN,NaN,NaN,NaN,NaN,NaN,NaN,NaN,NaN,NaN,NaN,NaN,NaN,NaN,NaN,NaN
NaN,NaN,-3.477086e-05,-4.6277e-05,-8.106298e-05,-0.0006466472,-0.002864007,-0.004927095,-0.006378736,-0.007309515,-0.007749454,-0.007776919,-0.007444682,-0.00682081,-0.005954857,-0.004900674,-0.003696728,-0.002382279,-0.0009840879,0.0004707714,0.001964816,0.003479476,0.005003297,0.006522383,0.008028063,0.009508056,0.01095352,0.0123513,0.01369013,0.01495408,0.0161276,0.01719041,0.01812104,0.01889358,0.01947895,0.0198444,0.01995133,0.01975906,0.01921708,0.01827629,0.01687024,0.01494292,0.01240281,0.009198598,0.005175828,0.001091924,8.584598e-05,3.963874e-05,3.073897e-05,NaN,NaN,NaN,NaN,NaN,NaN,NaN,NaN,NaN,NaN,NaN,NaN,NaN,NaN,NaN,NaN,NaN,NaN,NaN,NaN,NaN,NaN,NaN,NaN,NaN,NaN,NaN,NaN,NaN,NaN,NaN,NaN,NaN,NaN,NaN,NaN,NaN,NaN,NaN,NaN,NaN,NaN,NaN,NaN,NaN,NaN,NaN,NaN,NaN,NaN,NaN
NaN,-3.143326e-05,-4.162192e-05,-8.368563e-05,-0.0007061957,-0.003101301,-0.005318535,-0.006911608,-0.007968433,-0.008522782,-0.008643802,-0.008392603,-0.007828638,-0.007011349,-0.005986073,-0.004801403,-0.003487678,-0.002081459,-0.0006003178,0.0009289322,0.002497892,0.004086145,0.005690591,0.007294002,0.008895258,0.01047736,0.01203873,0.01356029,0.01503808,0.01644914,0.01778568,0.01901941,0.02013757,0.02110504,0.02190306,0.02248811,0.02283437,0.0228879,0.02261478,0.02194771,0.02084413,0.01921809,0.01702069,0.01413371,0.01052395,0.00599057,0.001307552,0.0001113125,4.714469e-05,3.884502e-05,NaN,NaN,NaN,NaN,NaN,NaN,NaN,NaN,NaN,NaN,NaN,NaN,NaN,NaN,NaN,NaN,NaN,NaN,NaN,NaN,NaN,NaN,NaN,NaN,NaN,NaN,NaN,NaN,NaN,NaN,NaN,NaN,NaN,NaN,NaN,NaN,NaN,NaN,NaN,NaN,NaN,NaN,NaN,NaN,NaN,NaN,NaN,NaN,NaN,NaN
-2.88215e-05,-3.623066e-05,-9.150318e-05,-0.0008078612,-0.003376983,-0.005760456,-0.007499376,-0.008697139,-0.009372239,-0.009604015,-0.009442566,-0.008958068,-0.008200462,-0.007225908,-0.006073738,-0.004784717,-0.003385784,-0.001904383,-0.0003571524,0.001238204,0.002871929,0.00453218,0.006212733,0.007904095,0.009600714,0.01129286,0.01297324,0.01462997,0.01625226,0.01782469,0.01933166,0.02075309,0.02206734,0.02324892,0.02426884,0.02509529,0.02569047,0.02601526,0.02602088,0.02565978,0.02486882,0.02359128,0.02174348,0.0192621,0.01602888,0.01199843,0.006931077,0.001615401,0.0001538487,5.392134e-05,5.04524e-05,NaN,NaN,NaN,NaN,NaN,NaN,NaN,NaN,NaN,NaN,NaN,NaN,NaN,NaN,NaN,NaN,NaN,NaN,NaN,NaN,NaN,NaN,NaN,NaN,NaN,NaN,NaN,NaN,NaN,NaN,NaN,NaN,NaN,NaN,NaN,NaN,NaN,NaN,NaN,NaN,NaN,NaN,NaN,NaN,NaN,NaN,NaN,NaN,NaN
-2.686745e-05,-0.0001113831,-0.0009764844,-0.003722002,-0.006266389,-0.008164389,-0.009509753,-0.01032377,-0.01067569,-0.01062396,-0.01023006,-0.009553762,-0.008642819,-0.007546603,-0.006297143,-0.004931014,-0.00346633,-0.001928771,-0.0003261309,0.001323351,0.003018282,0.00474433,0.00650291,0.008280692,0.01007904,0.01188322,0.01369263,0.01548932,0.0172693,0.01901012,0.02070341,0.02232121,0.02385004,0.02525539,0.02651809,0.02759596,0.0284634,0.02906916,0.02938019,0.02933392,0.0288887,0.02796684,0.02651718,0.02444006,0.02167803,0.01809041,0.01363737,0.00803308,0.002089838,0.0002229025,5.688901e-05,6.221637e-05,NaN,NaN,NaN,NaN,NaN,NaN,NaN,NaN,NaN,NaN,NaN,NaN,NaN,NaN,NaN,NaN,NaN,NaN,NaN,NaN,NaN,NaN,NaN,NaN,NaN,NaN,NaN,NaN,NaN,NaN,NaN,NaN,NaN,NaN,NaN,NaN,NaN,NaN,NaN,NaN,NaN,NaN,NaN,NaN,NaN,NaN,NaN,-2.552255e-05
-0.000169438,-0.001277444,-0.004162985,-0.006860435,-0.00891525,-0.01042337,-0.0113859,-0.01187933,-0.01194985,-0.01166948,-0.01108813,-0.01026479,-0.009239402,-0.008054975,-0.00673827,-0.005317778,-0.003808701,-0.002228591,-0.0005845333,0.001112841,0.00286088,0.004652206,0.0064855,0.008353593,0.01025413,0.01217804,0.01412005,0.01606774,0.01801161,0.01993494,0.02182313,0.02365438,0.02540819,0.02705727,0.02857438,0.02992624,0.03107801,0.0319897,0.03261757,0.03291397,0.03282402,0.0322911,0.03124526,0.02961975,0.02732205,0.0242775,0.02035006,0.01548502,0.009394376,0.00286932,0.0003451151,5.719426e-05,7.676895e-05,NaN,NaN,NaN,NaN,NaN,NaN,NaN,NaN,NaN,NaN,NaN,NaN,NaN,NaN,NaN,NaN,NaN,NaN,NaN,NaN,NaN,NaN,NaN,NaN,NaN,NaN,NaN,NaN,NaN,NaN,NaN,NaN,NaN,NaN,NaN,NaN,NaN,NaN,NaN,NaN,NaN,NaN,NaN,NaN,NaN,-2.234886e-05,-2.295538e-05
-0.001973836,-0.004820069,-0.007572623,-0.009782973,-0.01144978,-0.01258162,-0.01322873,-0.01344775,-0.0132968,-0.01283738,-0.01211839,-0.0111911,-0.01008929,-0.008850309,-0.007493223,-0.006042872,-0.004506859,-0.002901032,-0.001225549,0.0005088829,0.002305803,0.0041563,0.006064471,0.008020715,0.01002731,0.01207205,0.0141539,0.01625673,0.0183751,0.02048806,0.02258505,0.02463971,0.02663589,0.02854116,0.03033345,0.03197375,0.03343357,0.0346667,0.03563758,0.03629169,0.03658545,0.03645406,0.03584427,0.03467735,0.03288868,0.0303782,0.02707215,0.02283271,0.01760935,0.01114246,0.004169482,0.0005477393,5.774351e-05,8.710942e-05,NaN,NaN,NaN,NaN,NaN,NaN,NaN,NaN,NaN,NaN,NaN,NaN,NaN,NaN,NaN,NaN,NaN,NaN,NaN,NaN,NaN,NaN,NaN,NaN,NaN,NaN,NaN,NaN,NaN,NaN,NaN,NaN,NaN,NaN,NaN,NaN,NaN,NaN,NaN,NaN,NaN,NaN,NaN,-2.061999e-05,-1.211583e-05,-0.0002302314
-0.005630688,-0.008461618,-0.01077006,-0.01260024,-0.01390339,-0.01473019,-0.01511492,-0.01512453,-0.01480754,-0.01422423,-0.01341573,-0.01242757,-0.01128737,-0.0100254,-0.008656306,-0.007198049,-0.005655533,-0.004038488,-0.002345949,-0.0005833179,0.001252709,0.003157802,0.00513488,0.007178102,0.009288094,0.01145579,0.01367806,0.01594147,0.01823824,0.02054982,0.02286323,0.0251542,0.02740412,0.02958269,0.03166531,0.03361523,0.03540165,0.03698092,0.03831569,0.03935471,0.0400535,0.04035204,0.04019735,0.03951865,0.03825162,0.03631265,0.03362147,0.03008496,0.02560138,0.02010647,0.0134512,0.006160621,0.0008601775,7.252988e-05,9.577871e-05,NaN,NaN,NaN,NaN,NaN,NaN,NaN,NaN,NaN,NaN,NaN,NaN,NaN,NaN,NaN,NaN,NaN,NaN,NaN,NaN,NaN,NaN,NaN,NaN,NaN,NaN,NaN,NaN,NaN,NaN,NaN,NaN,NaN,NaN,NaN,NaN,NaN,NaN,NaN,NaN,NaN,-1.448294e-05,-1.166866e-05,-0.0003161922,-0.002465589
-0.009383529,-0.01186475,-0.01385124,-0.01534395,-0.01636294,-0.01694624,-0.01714058,-0.01700336,-0.01658214,-0.01592947,-0.0150808,-0.01407556,-0.01293437,-0.01168311,-0.01032955,-0.008888952,-0.007360029,-0.005751285,-0.00405634,-0.002280651,-0.0004161173,0.001531839,0.003570368,0.005691977,0.007900856,0.01018593,0.01254724,0.0149691,0.01744651,0.0199586,0.02249474,0.02502851,0.02754327,0.03000672,0.03239587,0.03467247,0.03680677,0.03875455,0.04047887,0.04192955,0.04306178,0.04381932,0.04414831,0.04398574,0.04326683,0.04192025,0.0398693,0.03703362,0.03333138,0.0286793,0.02302914,0.01629944,0.008618532,0.001338973,0.0001247717,9.187212e-05,9.424736e-05,NaN,NaN,NaN,NaN,NaN,NaN,NaN,NaN,NaN,NaN,NaN,NaN,NaN,NaN,NaN,NaN,NaN,NaN,NaN,NaN,NaN,NaN,NaN,NaN,NaN,NaN,NaN,NaN,NaN,NaN,NaN,NaN,NaN,NaN,NaN,NaN,NaN,-2.731845e-06,-7.772909e-06,-2.098653e-05,-0.0004615874,-0.003243059,-0.006435295
-0.0129485,-0.01512915,-0.01682762,-0.01806981,-0.01887641,-0.01929611,-0.01937146,-0.01915636,-0.01869345,-0.0180274,-0.01718977,-0.01621111,-0.01510967,-0.01390265,-0.01259709,-0.01120018,-0.009711355,-0.00813168,-0.006456765,-0.004685048,-0.002811557,-0.0008349033,0.001248052,0.003436347,0.005729672,0.008123286,0.01061222,0.01318705,0.01583743,0.01854866,0.02130461,0.02408482,0.02686707,0.02962494,0.03232985,0.03494911,0.03744782,0.03978668,0.04192458,0.04381533,0.04541178,0.04666044,0.04750836,0.04789406,0.04775848,0.0470316,0.04564781,0.04353027,0.04060816,0.03680884,0.03205959,0.02630083,0.01942371,0.01108887,0.002312297,0.0002952827,7.561726e-05,0.0001046165,NaN,NaN,NaN,NaN,NaN,NaN,NaN,NaN,NaN,NaN,NaN,NaN,NaN,NaN,NaN,NaN,NaN,NaN,NaN,NaN,NaN,NaN,NaN,NaN,NaN,NaN,NaN,NaN,NaN,NaN,NaN,NaN,NaN,NaN,NaN,1.027475e-06,3.357646e-06,-6.290714e-05,-0.0007349463,-0.003916873,-0.007291574,-0.01031577
-0.016298,-0.01823463,-0.01972884,-0.02079947,-0.02148133,-0.02181835,-0.02185185,-0.02163069,-0.02118995,-0.02057073,-0.01979539,-0.01889282,-0.01787201,-0.01675039,-0.01552616,-0.01420827,-0.01278775,-0.01126874,-0.009638671,-0.007900173,-0.006040106,-0.004062275,-0.001955257,0.0002740879,0.002633737,0.005112454,0.007713785,0.01042121,0.01323316,0.01612728,0.01909642,0.02211208,0.02516133,0.02820911,0.03123652,0.03420177,0.03707982,0.03982208,0.04239723,0.04474993,0.04684263,0.04861335,0.05001854,0.05098978,0.05147795,0.05140802,0.05072706,0.04935323,0.04723493,0.04428204,0.04045336,0.03563358,0.02974598,0.02261467,0.0138647,0.00475422,0.0006996752,8.196216e-05,0.000100684,NaN,NaN,NaN,NaN,NaN,NaN,NaN,NaN,NaN,NaN,NaN,NaN,NaN,NaN,NaN,NaN,NaN,NaN,NaN,NaN,NaN,NaN,NaN,NaN,NaN,NaN,NaN,NaN,NaN,NaN,NaN,NaN,NaN,6.912261e-06,6.603638e-06,-0.0001574872,-0.001374203,-0.004511923,-0.00797657,-0.01112232,-0.013918
-0.01936846,-0.0211466,-0.02251285,-0.02350692,-0.02414968,-0.02449074,-0.02456136,-0.02440762,-0.02405719,-0.02354555,-0.02289022,-0.02211411,-0.02122344,-0.02023011,-0.01913098,-0.01793013,-0.01661818,-0.01519494,-0.01364798,-0.01197609,-0.01016658,-0.008219726,-0.00612468,-0.003885268,-0.001493847,0.001040886,0.003722285,0.006535968,0.009480378,0.01253493,0.01569276,0.0189267,0.02222428,0.02555165,0.02889028,0.03219957,0.03545475,0.03860829,0.04162907,0.0444627,0.04707156,0.0493948,0.05138839,0.05298592,0.05413702,0.05477154,0.05483273,0.05425055,0.05296087,0.0509006,0.04799045,0.0441733,0.03933151,0.03336298,0.02620323,0.0178233,0.009282361,0.001463342,0.0001872239,7.367702e-05,0.0001089591,NaN,NaN,NaN,NaN,NaN,NaN,NaN,NaN,NaN,NaN,NaN,NaN,NaN,NaN,NaN,NaN,NaN,NaN,NaN,NaN,NaN,NaN,NaN,NaN,NaN,NaN,NaN,NaN,NaN,1.482449e-05,1.431728e-05,-5.106399e-06,-0.000298032,-0.002380054,-0.005215467,-0.008477014,-0.01166293,-0.01460011,-0.01718743
-0.02206059,-0.02375588,-0.02509433,-0.02609726,-0.02679513,-0.02722341,-0.02741382,-0.02740205,-0.02721278,-0.02687402,-0.02639984,-0.02580776,-0.0251014,-0.0242884,-0.02336423,-0.02232905,-0.02117331,-0.01989265,-0.01847572,-0.01691641,-0.01520432,-0.01333392,-0.01129792,-0.009093028,-0.006716775,-0.004169219,-0.00145375,0.001425432,0.004458379,0.007636275,0.01094214,0.01436233,0.01787258,0.02145403,0.025075,0.0287112,0.03232324,0.03588132,0.03933819,0.04265835,0.04578666,0.04868198,0.05128162,0.05353911,0.05538528,0.05676895,0.05761673,0.0578736,0.05746605,0.05633446,0.05440857,0.05161803,0.04788142,0.04313984,0.03728683,0.03049922,0.02264824,0.0136236,0.003786865,0.0006346281,9.204735e-05,7.377193e-05,0.000113884,NaN,NaN,NaN,NaN,NaN,NaN,NaN,NaN,NaN,NaN,NaN,NaN,NaN,NaN,NaN,NaN,NaN,NaN,NaN,NaN,NaN,NaN,NaN,NaN,NaN,2.17661e-05,2.04714e-05,1.547871e-05,-5.706932e-05,-0.0006292912,-0.002933124,-0.005744277,-0.008768598,-0.01183665,-0.01483135,-0.0175731,-0.0199967
-0.02418971,-0.02589425,-0.02728591,-0.02839129,-0.02922759,-0.02982895,-0.03021752,-0.03042426,-0.03046774,-0.03037021,-0.03014272,-0.02979703,-0.02933615,-0.02876208,-0.0280715,-0.02725878,-0.02631691,-0.02523533,-0.02400622,-0.0226166,-0.02106051,-0.01932465,-0.01740704,-0.01529578,-0.01299434,-0.01049342,-0.00780311,-0.004917397,-0.001853706,0.001390241,0.004789233,0.008341501,0.0120137,0.0158,0.0196585,0.02357914,0.0275113,0.03144041,0.03530698,0.03909172,0.04272602,0.04618584,0.04939346,0.05232048,0.05488045,0.05704188,0.0587103,0.0598539,0.06037128,0.0602344,0.05933464,0.05764768,0.05506402,0.05154639,0.04705406,0.04152825,0.03506209,0.0274556,0.01854065,0.01001569,0.001781188,0.00034404,6.556642e-05,7.160534e-05,0.0001107571,NaN,NaN,NaN,NaN,NaN,NaN,NaN,NaN,NaN,NaN,NaN,NaN,NaN,NaN,NaN,NaN,NaN,NaN,NaN,NaN,NaN,3.037146e-05,2.597975e-05,2.096866e-05,1.35253e-05,-0.000119345,-0.001231225,-0.003080306,-0.005658838,-0.008508831,-0.01145555,-0.01441455,-0.01723322,-0.01984275,-0.02217165
-0.02552924,-0.02731743,-0.02884549,-0.03013048,-0.03118529,-0.03203603,-0.03269767,-0.03319616,-0.03354222,-0.0337561,-0.03384123,-0.03380997,-0.03365804,-0.03339015,-0.03299558,-0.03247306,-0.0318077,-0.03099455,-0.03001701,-0.02886888,-0.02753414,-0.02600749,-0.02427541,-0.02233512,-0.02017722,-0.01780266,-0.01520712,-0.01239614,-0.009371208,-0.006142979,-0.00271917,0.0008841664,0.004652892,0.00856517,0.01260035,0.01673059,0.02092849,0.02516004,0.02939083,0.03358044,0.03768713,0.0416638,0.04546126,0.04902566,0.05230076,0.05522616,0.05773985,0.05977573,0.06126885,0.06214873,0.06235095,0.06180365,0.06043992,0.05821003,0.0550331,0.05093746,0.04582703,0.03968539,0.03271428,0.02474619,0.01598792,0.006916253,0.001200833,0.0002910345,4.477731e-05,4.784881e-05,9.593656e-05,NaN,NaN,NaN,NaN,NaN,NaN,NaN,NaN,NaN,NaN,NaN,NaN,NaN,NaN,NaN,NaN,NaN,3.791277e-05,2.666316e-05,2.305807e-05,3.917578e-05,4.53779e-05,-0.0001621777,-0.001111783,-0.002769043,-0.004951195,-0.007492029,-0.01026856,-0.01312558,-0.01593991,-0.01865461,-0.02117878,-0.0234823
-0.02580778,-0.02774082,-0.02946593,-0.03099378,-0.0323306,-0.03349338,-0.03449276,-0.03534507,-0.03605906,-0.03664634,-0.03711029,-0.03745608,-0.03768065,-0.0377829,-0.03775394,-0.03758774,-0.03727124,-0.03679553,-0.03614541,-0.03531123,-0.03427777,-0.03303657,-0.03157423,-0.0298852,-0.02795918,-0.02579489,-0.02338622,-0.02073701,-0.01784601,-0.01472275,-0.01137123,-0.007807108,-0.004039892,-9.143245e-05,0.004022966,0.008275047,0.01264365,0.0170938,0.02159837,0.02611537,0.03061135,0.03503689,0.03935199,0.04349953,0.04743274,0.05108701,0.05440883,0.05732709,0.05978242,0.06169982,0.06301611,0.06365434,0.06355742,0.06263991,0.06088298,0.05818671,0.05457905,0.0500181,0.04445547,0.03811115,0.03095113,0.02272066,0.01487742,0.006232245,0.001196158,0.0004012386,6.905945e-05,1.063973e-05,4.714019e-05,7.771861e-05,NaN,NaN,NaN,NaN,NaN,NaN,NaN,NaN,NaN,NaN,NaN,4.532727e-05,3.183983e-05,1.906607e-05,2.921386e-05,8.357925e-05,0.0001681296,0.0004676538,0.000457368,-0.0002460385,-0.001587665,-0.003415857,-0.005622051,-0.008120296,-0.01077499,-0.0134998,-0.0162144,-0.01884365,-0.02134306,-0.02367266
-0.02478383,-0.0268988,-0.02885741,-0.03066775,-0.03232503,-0.03384372,-0.03522277,-0.03647728,-0.03760549,-0.0386191,-0.03951294,-0.04029318,-0.0409503,-0.04148454,-0.0418824,-0.04213899,-0.04223811,-0.04217124,-0.04192123,-0.04147783,-0.04082466,-0.03995159,-0.0388447,-0.03749545,-0.03589395,-0.03403439,-0.03191195,-0.02952449,-0.02687296,-0.02395953,-0.02079145,-0.01737543,-0.01372524,-0.009852519,-0.005777617,-0.001517241,0.002901492,0.007456746,0.01211442,0.01684734,0.0216141,0.02638179,0.03110126,0.03573348,0.04022129,0.04451896,0.04856132,0.05229564,0.05564966,0.0585642,0.0609619,0.06278091,0.06393789,0.06438489,0.0640259,0.06285175,0.06077153,0.05777491,0.05390278,0.04910029,0.04340533,0.03713475,0.03022533,0.02241204,0.0154693,0.008498167,0.002041843,0.0006559124,0.0003217562,5.965426e-05,1.224729e-06,-4.939738e-06,6.307966e-06,1.863726e-05,3.123636e-05,3.364697e-05,3.170526e-05,2.263428e-05,1.399617e-05,6.95668e-06,1.007156e-05,3.336132e-05,0.0001129236,0.0002081327,0.0004763906,0.001453182,0.002078724,0.002052081,0.00155427,0.0005322229,-0.0009335616,-0.002792961,-0.004943863,-0.007318333,-0.009838637,-0.01244351,-0.01505314,-0.01763715,-0.02013404,-0.02252788
-0.02229734,-0.02459644,-0.02679698,-0.02889358,-0.03088375,-0.03276678,-0.0345444,-0.03621672,-0.0377858,-0.03924968,-0.04060811,-0.04185537,-0.04298763,-0.04399495,-0.04486989,-0.04559874,-0.04617129,-0.04657122,-0.04678691,-0.0468009,-0.04660178,-0.04617244,-0.04550326,-0.04457895,-0.04339287,-0.04193282,-0.04019626,-0.03817496,-0.03587122,-0.03328137,-0.03041304,-0.0272676,-0.02385835,-0.02019167,-0.01628684,-0.01215539,-0.00782261,-0.003305335,0.001365103,0.00616641,0.01106092,0.01602056,0.02100093,0.02596782,0.03086943,0.0356651,0.04029473,0.04471095,0.04884468,0.05264257,0.05602707,0.05893937,0.06130009,0.06304073,0.06409825,0.06439518,0.06388813,0.0625478,0.06029109,0.05719972,0.05327326,0.04848819,0.04303117,0.0371714,0.03098928,0.02424697,0.01770266,0.01289522,0.007191557,0.00223335,0.0008467414,0.0005703455,0.0004379045,0.0003228384,0.0002297219,0.0001867715,0.0001887322,0.0002280628,0.0002846644,0.000346505,0.0004593876,0.0009087406,0.002299941,0.003708873,0.004341632,0.004746708,0.004845643,0.004471663,0.003688864,0.00253579,0.001040822,-0.0007493333,-0.002786366,-0.005023885,-0.007402746,-0.009876994,-0.01240405,-0.01493817,-0.01745038,-0.01991019
-0.01833836,-0.02079874,-0.02321243,-0.02557078,-0.02786548,-0.03009261,-0.03224616,-0.03432409,-0.03632038,-0.03823243,-0.04005236,-0.04177536,-0.04339072,-0.04489075,-0.04626171,-0.0474932,-0.048569,-0.04947681,-0.0501989,-0.0507223,-0.05102905,-0.05110683,-0.05093871,-0.05051434,-0.04981913,-0.04884573,-0.04758291,-0.04602724,-0.0441716,-0.04201715,-0.03956146,-0.03681063,-0.03376715,-0.03044247,-0.02684405,-0.0229888,-0.01888928,-0.01456781,-0.01004214,-0.005340061,-0.0004846685,0.004490541,0.009556821,0.01467456,0.01980898,0.02491361,0.0299471,0.03485505,0.03958907,0.04408605,0.04829036,0.05213171,0.05554469,0.05846155,0.06080225,0.0625138,0.0635187,0.06375501,0.06321943,0.06183367,0.05960347,0.05662458,0.05289482,0.04844349,0.04353044,0.0383612,0.03310428,0.02791792,0.02242491,0.01726973,0.01387776,0.0117121,0.009654513,0.007386492,0.005531113,0.004584233,0.004512975,0.005126983,0.006053875,0.006777258,0.007155983,0.007481105,0.008069107,0.008685111,0.008956296,0.008890343,0.008556608,0.007941396,0.007033502,0.005840334,0.004384234,0.002684952,0.0007740113,-0.001315286,-0.003552942,-0.005905422,-0.008336958,-0.01082317,-0.01333243,-0.01584468
-0.01306578,-0.01563713,-0.01820969,-0.02077135,-0.02331307,-0.02582488,-0.02829993,-0.03072907,-0.03310588,-0.03542066,-0.03766598,-0.03983048,-0.04190481,-0.04387548,-0.04573091,-0.04745553,-0.04903585,-0.05045473,-0.05169757,-0.05274653,-0.05358696,-0.05420133,-0.0545761,-0.05469522,-0.05454722,-0.05411863,-0.05340103,-0.05238437,-0.05106403,-0.04943399,-0.04749399,-0.04524256,-0.04268417,-0.03982194,-0.03666541,-0.03322244,-0.02950756,-0.02553348,-0.0213197,-0.01688374,-0.01225015,-0.007441418,-0.002487274,0.002584589,0.007738789,0.0129421,0.01815262,0.02333083,0.02842725,0.03339542,0.03817762,0.04271884,0.04695641,0.0508214,0.05425546,0.0571762,0.05952733,0.06125088,0.06226037,0.06255122,0.06209201,0.06082642,0.05881692,0.05616475,0.05288589,0.04905084,0.04486185,0.04058449,0.03629609,0.03208284,0.02828869,0.02515552,0.02244412,0.01991082,0.01769344,0.01605444,0.01507912,0.01469515,0.01469798,0.01479976,0.01481378,0.01474211,0.01464264,0.01451898,0.01429677,0.01391359,0.01333777,0.01255541,0.01156107,0.01035657,0.008944107,0.007336648,0.00554595,0.003588429,0.001484944,-0.0007435235,-0.003078987,-0.005496537,-0.007979868,-0.01050807
-0.006808701,-0.00942868,-0.0120875,-0.01477592,-0.01748076,-0.02019409,-0.02290315,-0.02560046,-0.028273,-0.03091285,-0.03350599,-0.03604326,-0.03850918,-0.04089291,-0.0431773,-0.04534991,-0.04739211,-0.04929023,-0.05102473,-0.05258142,-0.0539406,-0.05508853,-0.05600621,-0.05668125,-0.05709641,-0.05724151,-0.0571019,-0.05667042,-0.05593574,-0.0548944,-0.05353896,-0.05187007,-0.04988445,-0.04758731,-0.04497966,-0.04207138,-0.0388679,-0.03538368,-0.03162862,-0.02762169,-0.02337722,-0.01891876,-0.01426511,-0.009444539,-0.004480484,0.0005936412,0.005749375,0.0109473,0.01615322,0.02132072,0.02640869,0.03136394,0.03613474,0.04066587,0.04488988,0.0487532,0.05218388,0.05511067,0.05749865,0.05926092,0.06035609,0.0607906,0.06052553,0.05953603,0.05791175,0.05574761,0.05311093,0.05006733,0.046744,0.04330624,0.039977,0.03690816,0.03415832,0.03168957,0.02947225,0.02754459,0.02596833,0.02475522,0.02386117,0.02318882,0.02263201,0.02211303,0.02160496,0.02107787,0.02049502,0.01981868,0.01902905,0.01810679,0.0170393,0.015815,0.0144336,0.01289158,0.01119554,0.00935082,0.007366819,0.005252136,0.003022759,0.0006869379,-0.001737883,-0.004241646
-2.97927e-07,-0.002602417,-0.005273113,-0.008001301,-0.01077828,-0.01359228,-0.01643437,-0.01929205,-0.02215573,-0.02501197,-0.02785009,-0.03065537,-0.03341577,-0.03611517,-0.03874008,-0.04127303,-0.0436993,-0.04600042,-0.0481609,-0.05016178,-0.05198748,-0.05361922,-0.05504218,-0.05623856,-0.05719499,-0.05789552,-0.05832903,-0.05848213,-0.05834663,-0.05791229,-0.05717437,-0.05612629,-0.05476722,-0.05309435,-0.0511111,-0.04881863,-0.04622459,-0.04333422,-0.04015934,-0.0367092,-0.03299972,-0.02904416,-0.02486249,-0.02047194,-0.01589668,-0.01115798,-0.006284609,-0.001302324,0.003754774,0.008855773,0.01396064,0.01903122,0.02402322,0.02888596,0.03357467,0.0380255,0.04218671,0.0460044,0.04939749,0.05233247,0.05475499,0.05659099,0.05782835,0.05847782,0.05850604,0.05791729,0.05677987,0.05520146,0.05326323,0.05103958,0.04861993,0.04614666,0.04372848,0.04142731,0.0392806,0.03731993,0.03556946,0.03404463,0.03273549,0.03160902,0.03061497,0.02970589,0.02883786,0.0279844,0.02712077,0.02622204,0.02525969,0.02421392,0.02306873,0.02181407,0.02043901,0.01894018,0.0173127,0.01555639,0.01367278,0.0116667,0.009540586,0.007304066,0.004961985,0.002524704
0.006863093,0.004335624,0.001724586,-0.000964871,-0.003721929,-0.00654039,-0.009407965,-0.01231728,-0.01525465,-0.01821137,-0.02117234,-0.02412739,-0.02706,-0.02995851,-0.03280505,-0.03558666,-0.03828431,-0.04088408,-0.0433662,-0.04571627,-0.04791427,-0.04994602,-0.05179185,-0.05343843,-0.05486727,-0.05606652,-0.05701949,-0.05771652,-0.05814335,-0.05829309,-0.05815446,-0.05772374,-0.05699294,-0.05596204,-0.05462646,-0.05299002,-0.05105178,-0.04881934,-0.04629548,-0.04349151,-0.04041381,-0.03707736,-0.03349207,-0.0296765,-0.02564399,-0.02141681,-0.01701177,-0.01245513,-0.007767561,-0.002979773,0.001882717,0.006785022,0.01169354,0.01657177,0.02137379,0.02606105,0.03058231,0.03488009,0.03892063,0.04262951,0.04595581,0.04887182,0.05132002,0.05324301,0.0546472,0.05553962,0.05591798,0.05578327,0.05518829,0.05420994,0.052942,0.05145525,0.04983293,0.04814768,0.04645482,0.04479183,0.04319501,0.04168768,0.04028779,0.03899573,0.03780304,0.03668594,0.0356239,0.03458805,0.03355605,0.03250488,0.03142073,0.03028509,0.02908476,0.02780387,0.02643501,0.02496638,0.02339448,0.02171311,0.01992112,0.01801485,0.01599854,0.01387003,0.01163605,0.009297804
0.01329014,0.01088953,0.008396518,0.005817781,0.00315779,0.0004252101,-0.002373928,-0.005229146,-0.008132771,-0.01107261,-0.01403932,-0.01701908,-0.02000089,-0.02296941,-0.02591216,-0.02881247,-0.03165664,-0.034427,-0.03710903,-0.03968445,-0.04213846,-0.04445263,-0.04661252,-0.04860017,-0.05040197,-0.05200114,-0.05338553,-0.05454008,-0.0554547,-0.05611657,-0.0565181,-0.05664921,-0.0565053,-0.05607914,-0.05536949,-0.05437224,-0.05308954,-0.05152059,-0.04967089,-0.04754291,-0.04514547,-0.04248425,-0.03957122,-0.03641513,-0.03303109,-0.02943075,-0.0256324,-0.02165068,-0.01750718,-0.01321987,-0.00881372,-0.004311516,0.0002598144,0.004868724,0.009488035,0.01407716,0.01860137,0.02302559,0.02729104,0.03136866,0.03521161,0.03875557,0.04196745,0.04482487,0.04727274,0.04927544,0.05082976,0.05195602,0.05266339,0.05296791,0.05289566,0.05250572,0.05185666,0.05100808,0.05001703,0.04893567,0.04780229,0.04664938,0.04549773,0.04436263,0.04324907,0.042159,0.04108417,0.04001841,0.0389507,0.03787036,0.03676126,0.03561179,0.03440938,0.03314544,0.03180841,0.03039236,0.02888844,0.02729177,0.02559717,0.02380316,0.02190506,0.01990495,0.01780064,0.01559544
0.01881313,0.01658298,0.01426187,0.01185063,0.009356108,0.006780653,0.004133072,0.0014174,-0.001355706,-0.004180437,-0.007044368,-0.009939923,-0.01285301,-0.0157744,-0.01868849,-0.0215846,-0.0244459,-0.02726057,-0.03001084,-0.03268421,-0.03526237,-0.03773265,-0.04007665,-0.04228204,-0.04433096,-0.04621189,-0.04790805,-0.04940929,-0.05070037,-0.05177304,-0.05261414,-0.05321766,-0.05357279,-0.05367627,-0.05351986,-0.05310323,-0.05242093,-0.05147561,-0.05026473,-0.04879389,-0.04706343,-0.04508182,-0.04285219,-0.04038576,-0.03768825,-0.03477357,-0.03164991,-0.02833376,-0.02483582,-0.02117519,-0.01736558,-0.01342802,-0.009381539,-0.005247056,-0.001051452,0.003182852,0.007426546,0.01164245,0.01581177,0.01988447,0.02382433,0.02760595,0.03118283,0.03450091,0.0375425,0.04028319,0.04269112,0.04473164,0.04640156,0.04770987,0.04868036,0.04932643,0.0496776,0.04976681,0.0496325,0.0493088,0.04883492,0.04824152,0.04756,0.04681116,0.04601477,0.04517886,0.04431283,0.04341452,0.04248355,0.04151339,0.04050306,0.03944461,0.0383337,0.03716058,0.03592187,0.03460814,0.03321669,0.03174067,0.03017777,0.02852173,0.02677365,0.02492785,0.0229868,0.02094745
0.0230412,0.02102731,0.01892304,0.01673216,0.01445588,0.01209973,0.009666326,0.007162936,0.004593783,0.001967821,-0.0007090258,-0.003426151,-0.006175958,-0.008946276,-0.01172796,-0.01450744,-0.01727425,-0.02001368,-0.02271425,-0.0253604,-0.02794009,-0.03043725,-0.03283974,-0.0351315,-0.03730063,-0.03933159,-0.04121327,-0.0429311,-0.04447523,-0.04583247,-0.0469946,-0.04795028,-0.04869338,-0.04921454,-0.04951008,-0.04957289,-0.04940182,-0.04899224,-0.04834558,-0.04745975,-0.04633871,-0.04498286,-0.04339861,-0.04158872,-0.03956196,-0.03732323,-0.03488353,-0.03224987,-0.02943528,-0.02644892,-0.02330553,-0.02001739,-0.0165995,-0.01306965,-0.009442105,-0.005739523,-0.001981563,0.001814457,0.005612264,0.009396885,0.01313978,0.01679952,0.02035113,0.02377522,0.02702611,0.03006753,0.0328773,0.03544467,0.0377473,0.03976704,0.04148981,0.04292345,0.04407714,0.04496719,0.04561326,0.04604122,0.04627354,0.04633583,0.04624867,0.04603383,0.04570714,0.04528544,0.04477795,0.0441958,0.04354412,0.042828,0.0420455,0.0411972,0.0402801,0.03929395,0.03823381,0.03709899,0.03588453,0.0345885,0.03320711,0.03173994,0.03018218,0.02853522,0.02679555,0.02496471
0.02568572,0.0239272,0.02208334,0.02015331,0.01814207,0.01604972,0.01388261,0.0116421,0.00933596,0.006966968,0.004544368,0.002072423,-0.0004381731,-0.002981676,-0.00554602,-0.008124102,-0.01070263,-0.01327335,-0.01582197,-0.0183394,-0.02081057,-0.02322597,-0.02557011,-0.02783337,-0.03000034,-0.03206167,-0.0340024,-0.03581389,-0.03748206,-0.03899936,-0.040353,-0.04153688,-0.0425397,-0.0433573,-0.04398008,-0.04440598,-0.04462739,-0.04464439,-0.04445154,-0.04405111,-0.0434398,-0.04262207,-0.04159674,-0.04037033,-0.03894361,-0.03732509,-0.03551734,-0.03353058,-0.03136914,-0.02904473,-0.02656369,-0.02393837,-0.0211786,-0.01829566,-0.01530399,-0.01221547,-0.009044391,-0.005812778,-0.002526709,0.0007842677,0.004101045,0.007410118,0.01068463,0.01388884,0.0170104,0.02002767,0.02291286,0.02563119,0.02816619,0.03050337,0.03263696,0.03455151,0.03624337,0.03771024,0.03895818,0.03999208,0.04082638,0.04147248,0.04194837,0.04226686,0.04244518,0.04249334,0.04242595,0.04224908,0.04197211,0.04159812,0.04113533,0.0405848,0.03995096,0.03923184,0.03843081,0.03754439,0.03657479,0.03551919,0.03437876,0.03314965,0.0318348,0.03042977,0.02893757,0.02735526
0.02663176,0.02516253,0.02360862,0.02197337,0.02025695,0.01846379,0.01659485,0.01465565,0.0126482,0.01057918,0.008451812,0.00627397,0.004050147,0.001789425,-0.000502458,-0.002815271,-0.005142142,-0.007471815,-0.009796481,-0.01210403,-0.01438601,-0.01662967,-0.01882623,-0.02096267,-0.02303012,-0.02501565,-0.0269107,-0.02870278,-0.030384,-0.03194261,-0.03337168,-0.03466061,-0.03580381,-0.03679192,-0.03762103,-0.03828327,-0.03877649,-0.03909457,-0.03923719,-0.03920005,-0.03898469,-0.03858863,-0.03801521,-0.03726373,-0.03633923,-0.03524261,-0.0339805,-0.03255532,-0.030975,-0.02924347,-0.02736947,-0.02535911,-0.02322058,-0.02096357,-0.01859516,-0.01612724,-0.01357053,-0.01093154,-0.008231772,-0.005475892,-0.002678534,0.0001377604,0.002960063,0.005780163,0.008569817,0.01130708,0.01397586,0.01656609,0.01905596,0.02142536,0.02365277,0.02572979,0.02764579,0.02939523,0.03097308,0.03238079,0.03361788,0.03468976,0.03559978,0.03635631,0.03696496,0.03743586,0.03777463,0.03799126,0.03809158,0.03808373,0.03797005,0.03775607,0.03744347,0.03703707,0.03653668,0.03594619,0.03526475,0.03449436,0.03363423,0.03268695,0.03164995,0.03052651,0.02931455,0.02801663
0.02595608,0.02478793,0.02353997,0.02221127,0.02080649,0.01932509,0.01777256,0.01614905,0.0144609,0.01270917,0.01090113,0.009038845,0.007130564,0.005179388,0.003194561,0.001180194,-0.0008535412,-0.002901627,-0.004953058,-0.007002108,-0.009037063,-0.01105176,-0.01303398,-0.0149773,-0.0168694,-0.01870385,-0.02046844,-0.02215705,-0.02375788,-0.02526546,-0.02666873,-0.02796305,-0.02913828,-0.03019106,-0.03111232,-0.03190009,-0.03254664,-0.0330515,-0.03340841,-0.03361843,-0.03367686,-0.03358629,-0.03334356,-0.03295277,-0.03241219,-0.03172731,-0.03089773,-0.02993013,-0.02882538,-0.02759101,-0.0262294,-0.02474806,-0.02315184,-0.02144699,-0.01964108,-0.01774059,-0.0157517,-0.0136879,-0.01154859,-0.009351141,-0.007103854,-0.004812142,-0.002488749,-0.0001542507,0.002188281,0.004526872,0.006846325,0.009124086,0.01135012,0.01351168,0.01560141,0.0176017,0.01950266,0.02129191,0.02296341,0.02450781,0.02592392,0.02720714,0.02836014,0.02938155,0.03027648,0.03104495,0.03169358,0.0322229,0.03263874,0.03294181,0.03313915,0.03323178,0.03322525,0.0331192,0.03291893,0.03262314,0.03223625,0.03175755,0.03119047,0.03053304,0.02978993,0.02895833,0.02804248,0.02704051
0.02394622,0.02307067,0.02211716,0.02108909,0.0199863,0.01881289,0.01756911,0.01625973,0.01488562,0.01345226,0.01196131,0.01041901,0.008827837,0.007194852,0.005523387,0.003821286,0.002092692,0.0003461888,-0.001413384,-0.003176777,-0.004938656,-0.0066892,-0.008422784,-0.01012929,-0.01180291,-0.01343346,-0.01501523,-0.01653825,-0.01799714,-0.01938233,-0.02068898,-0.02190821,-0.02303608,-0.0240644,-0.02499037,-0.02580678,-0.02651199,-0.02709997,-0.02757033,-0.02791831,-0.02814482,-0.02824638,-0.02822516,-0.02807896,-0.02781117,-0.02742077,-0.02691221,-0.02628563,-0.02554631,-0.02469553,-0.02373891,-0.02267936,-0.02152172,-0.02027138,-0.01893215,-0.01751023,-0.01601214,-0.0144392,-0.01280499,-0.01110928,-0.009359573,-0.007567492,-0.005738843,-0.003874638,-0.00199099,-9.800203e-05,0.001796616,0.003689762,0.005568099,0.007420123,0.009230974,0.01099472,0.01270098,0.01434277,0.01591062,0.01739982,0.01880212,0.02011423,0.02132997,0.02244822,0.02346503,0.02438166,0.0251957,0.02591007,0.02652436,0.02704212,0.02746219,0.02778766,0.02801817,0.02815742,0.02820458,0.02816342,0.0280332,0.02781649,0.02751287,0.02712567,0.02665299,0.02609873,0.02546139,0.02474411
0.02102746,0.02040724,0.01971709,0.01895578,0.01812754,0.01723134,0.01627201,0.01524893,0.01416752,0.01302776,0.01183568,0.01059193,0.00930318,0.0079708,0.006602126,0.005199215,0.003770045,0.002317308,0.0008495751,-0.0006299557,-0.002112173,-0.003593564,-0.005064605,-0.00652155,-0.007954755,-0.009360413,-0.01072888,-0.0120565,-0.01333384,-0.01455764,-0.0157189,-0.01681489,-0.01783715,-0.01878383,-0.01964712,-0.02042613,-0.02111393,-0.02171062,-0.02221032,-0.02261415,-0.02291732,-0.02312203,-0.02322457,-0.02322819,-0.02313022,-0.0229349,-0.02264055,-0.02225216,-0.02176904,-0.02119667,-0.02053553,-0.01979083,-0.01896492,-0.01806187,-0.01708569,-0.0160407,-0.01492914,-0.01376038,-0.01253133,-0.01125327,-0.009929257,-0.008561421,-0.007155271,-0.005722979,-0.004262502,-0.002779874,-0.001281639,0.0002192821,0.001720272,0.003214506,0.004699857,0.006164637,0.007603467,0.009006639,0.01036965,0.01168303,0.01294382,0.01414422,0.01528262,0.01635254,0.01735357,0.01828006,0.01913291,0.01990736,0.0206044,0.0212202,0.02175753,0.02221381,0.02259174,0.02288854,0.02310754,0.02324591,0.02330685,0.02328865,0.02319415,0.02302085,0.02277301,0.02244763,0.02204867,0.02157413
0.01769345,0.01727777,0.01679794,0.01625681,0.01565352,0.01499153,0.01427027,0.01349374,0.01266182,0.01177903,0.0108458,0.009867209,0.008844275,0.00778263,0.006683903,0.005554275,0.004395944,0.003215614,0.002015971,0.0008042046,-0.0004166595,-0.001638993,-0.002859566,-0.004070523,-0.005268455,-0.006445445,-0.007598139,-0.008718706,-0.009804004,-0.01084644,-0.0118432,-0.01278716,-0.0136761,-0.01450331,-0.01526739,-0.01596223,-0.01658725,-0.01713716,-0.01761221,-0.01800801,-0.0183257,-0.0185618,-0.01871834,-0.01879275,-0.0187879,-0.01870208,-0.01853891,-0.01829757,-0.01798218,-0.01759284,-0.01713373,-0.01660629,-0.01601392,-0.01535982,-0.01464665,-0.01387778,-0.01305804,-0.01218669,-0.01127345,-0.01031637,-0.009320143,-0.008290975,-0.007231825,-0.006140913,-0.005028308,-0.003897842,-0.002752778,-0.00159212,-0.0004235393,0.000748154,0.001914499,0.00307447,0.004222064,0.005354507,0.006465304,0.007552074,0.008607931,0.009630295,0.01061259,0.01155277,0.01244499,0.01328822,0.01407726,0.01481198,0.01548862,0.01610772,0.01666521,0.01716154,0.01759362,0.01796283,0.01826612,0.01850545,0.01867836,0.01878611,0.01882685,0.01880294,0.01871147,0.01855553,0.01833286,0.01804596
0.01438372,0.01411084,0.01378515,0.01340467,0.01297285,0.0124879,0.01195379,0.01136907,0.0107382,0.01006018,0.009339957,0.008577025,0.007776812,0.006939354,0.006070555,0.005170961,0.004246938,0.003299494,0.002335426,0.001356099,0.0003687211,-0.0006251354,-0.00161794,-0.002607943,-0.003587529,-0.004554891,-0.005502385,-0.0064283,-0.007325121,-0.008191392,-0.009019901,-0.009809543,-0.01055344,-0.01125114,-0.01189616,-0.01248872,-0.01302297,-0.0134998,-0.01391407,-0.01426742,-0.01455545,-0.01478057,-0.01493918,-0.0150344,-0.01506339,-0.01502996,-0.01493203,-0.0147739,-0.01455428,-0.01427769,-0.01394385,-0.01355692,-0.01311808,-0.01263054,-0.01209656,-0.01151975,-0.01090059,-0.01024651,-0.009553938,-0.00883129,-0.008079374,-0.007299658,-0.006494531,-0.005672226,-0.004828994,-0.003968678,-0.003093804,-0.002212371,-0.001323155,-0.0004296509,0.000469377,0.001366655,0.002261018,0.003146507,0.004022271,0.004882029,0.005725416,0.006546631,0.007345498,0.008116368,0.008859186,0.009568265,0.01024394,0.01088071,0.01147862,0.0120325,0.01254355,0.01300756,0.0134257,0.01379369,0.01411331,0.01438035,0.0145966,0.01475906,0.01486944,0.01492413,0.01492631,0.01487213,0.01476459,0.01460091
0.01142966,0.01124669,0.01101809,0.01074613,0.01042915,0.01006996,0.009667158,0.009224008,0.00873946,0.008217216,0.00765666,0.007061911,0.006432815,0.005773908,0.005085499,0.004372533,0.003635742,0.002880458,0.002107772,0.001323382,0.0005286128,-0.0002704902,-0.001072466,-0.001871101,-0.002664785,-0.00344725,-0.004216927,-0.004967597,-0.005697838,-0.006401577,-0.007077624,-0.007720215,-0.008328605,-0.008897281,-0.009426089,-0.009909938,-0.01034925,-0.01073949,-0.01108169,-0.01137196,-0.01161194,-0.0117984,-0.01193361,-0.01201502,-0.01204547,-0.01202306,-0.01195115,-0.01182855,-0.01165888,-0.01144175,-0.01118071,-0.01087646,-0.01053187,-0.01014894,-0.009730089,-0.009277165,-0.008794419,-0.008280415,-0.007742902,-0.00717961,-0.006594361,-0.005990709,-0.005370843,-0.004732429,-0.004082956,-0.003423483,-0.002755765,-0.002077501,-0.001394031,-0.0007069574,-2.151826e-05,0.0006639104,0.001345913,0.002024673,0.002696255,0.003360928,0.004014205,0.004655892,0.005281383,0.005890485,0.006478687,0.0070461,0.007588222,0.008105385,0.008593819,0.009054093,0.00948194,0.009877602,0.01023734,0.01056199,0.01084778,0.01109601,0.01130341,0.01147062,0.0115949,0.01167798,0.01171617,0.01171188,0.01166212,0.01156875
0.008998758,0.008860692,0.008687748,0.008477463,0.008232778,0.007951339,0.007636525,0.007286252,0.006904284,0.006488891,0.006044202,0.005568885,0.005067429,0.004538904,0.003988157,0.003414645,0.002823553,0.002214682,0.00159354,0.0009601802,0.0003204307,-0.0003255222,-0.0009715967,-0.001617473,-0.002257015,-0.002889856,-0.003509829,-0.004116632,-0.004704178,-0.005272354,-0.00581529,-0.006333119,-0.006820177,-0.007277096,-0.007698468,-0.008085425,-0.008432984,-0.008742766,-0.009010301,-0.009237735,-0.009421145,-0.009563204,-0.00966059,-0.009716477,-0.009728123,-0.00969917,-0.009627474,-0.009516967,-0.00936617,-0.009179105,-0.008955131,-0.008697885,-0.008407921,-0.008088146,-0.007739805,-0.007366308,-0.0069673,-0.006549192,-0.00610857,-0.00565241,-0.005180536,-0.004694656,-0.004195876,-0.0036906,-0.003174864,-0.002652103,-0.002123315,-0.001594382,-0.001062686,-0.0005306389,4.122544e-06,0.0005362455,0.001066519,0.001590858,0.002110432,0.002620982,0.003124042,0.003615629,0.004097259,0.004564857,0.005019809,0.005457774,0.005880199,0.006282656,0.006666085,0.007026008,0.00736401,0.007676178,0.007963926,0.008223111,0.008455496,0.008656845,0.00882878,0.008968059,0.009076215,0.009149332,0.009190236,0.009194799,0.009165614,0.009099524
0.007129638,0.007011067,0.006862512,0.006686075,0.006479722,0.006246012,0.00598307,0.005693811,0.005376627,0.005034749,0.004666896,0.004276603,0.003862935,0.003429729,0.002976391,0.002507053,0.002021431,0.001523938,0.001014546,0.0004979408,-2.57521e-05,-0.0005515749,-0.001079322,-0.001603915,-0.00212503,-0.002637548,-0.003141186,-0.003630856,-0.004106384,-0.004562783,-0.005000038,-0.005413385,-0.005803156,-0.006164726,-0.00649888,-0.006801282,-0.007073133,-0.007310508,-0.007515038,-0.007683254,-0.00781724,-0.007914018,-0.007976093,-0.008001004,-0.007991664,-0.007946114,-0.007867587,-0.007754715,-0.007610878,-0.00743537,-0.007231408,-0.006999237,-0.006741452,-0.006459319,-0.006155192,-0.005829999,-0.00548773,-0.00512667,-0.004753431,-0.004365739,-0.003967214,-0.003559946,-0.003146025,-0.002723267,-0.002298058,-0.001870218,-0.001441223,-0.001008673,-0.0005772446,-0.0001472839,0.0002771919,0.0006987207,0.001114736,0.001526632,0.001931483,0.002330788,0.002721228,0.003103982,0.003475671,0.003837475,0.004186043,0.004522708,0.004844003,0.005151287,0.005441538,0.005716207,0.005971756,0.006209198,0.006425243,0.006621254,0.006793782,0.00694448,0.007070269,0.007172083,0.007247174,0.007297434,0.00731917,0.007314795,0.007281215,0.007220273
0.005749222,0.005634078,0.005496732,0.005334681,0.005150739,0.004942425,0.004712894,0.004459837,0.004186695,0.003891408,0.003577674,0.003243717,0.002893488,0.002525504,0.00214396,0.001747649,0.001341005,0.0009230625,0.0004984822,6.646692e-05,-0.0003680823,-0.0008058954,-0.001241878,-0.001676669,-0.002105151,-0.002527937,-0.002939882,-0.003341653,-0.003728164,-0.004100228,-0.004452923,-0.004787242,-0.005098389,-0.005387757,-0.00565071,-0.005889016,-0.006098341,-0.006280808,-0.006432456,-0.006555786,-0.006647242,-0.006709692,-0.006740037,-0.006741491,-0.006711399,-0.006653294,-0.006564999,-0.006450201,-0.006307287,-0.006139927,-0.005947238,-0.005732483,-0.005495783,-0.005239845,-0.004965208,-0.004675166,-0.004368833,-0.004051924,-0.003721235,-0.003382844,-0.003036005,-0.002682759,-0.002323589,-0.001963876,-0.001599814,-0.00123493,-0.0008696495,-0.0005089029,-0.000149663,0.0002058225,0.0005600416,0.0009082758,0.001251949,0.001587585,0.001917061,0.002236889,0.002549333,0.00285118,0.003144699,0.003426604,0.003699067,0.003958594,0.004207398,0.004441913,0.004663897,0.004869644,0.005061348,0.005235719,0.005394766,0.005534931,0.005658451,0.005761581,0.00584632,0.005909768,0.005953794,0.005974757,0.005975665,0.005952633,0.005908345,0.005839785
0.004746651,0.004633432,0.00449993,0.004348371,0.004176658,0.003987382,0.003778527,0.00355295,0.003308806,0.003049176,0.002772441,0.002481887,0.00217614,0.001858688,0.001528397,0.001188951,0.0008394307,0.0004837104,0.0001210411,-0.0002445088,-0.0006136057,-0.0009819756,-0.001350254,-0.001714091,-0.002074037,-0.002425721,-0.002769739,-0.003101751,-0.003422443,-0.003727546,-0.004017865,-0.004289297,-0.004542926,-0.004774718,-0.004986116,-0.00517328,-0.005337964,-0.005476628,-0.005591335,-0.00567888,-0.005741647,-0.005776804,-0.00578702,-0.005769856,-0.005728257,-0.005660179,-0.005568759,-0.005452449,-0.005314422,-0.005153706,-0.004973252,-0.004772903,-0.004555065,-0.004320374,-0.004071144,-0.00380758,-0.003533453,-0.003246826,-0.002953499,-0.002651153,-0.002343322,-0.002031089,-0.001716532,-0.001397643,-0.001080216,-0.0007633585,-0.0004485576,-0.0001335637,0.0001770788,0.0004835552,0.0007822863,0.001076056,0.001362422,0.001643166,0.001915566,0.002181506,0.002437985,0.002686696,0.002924667,0.003153667,0.003370801,0.003577997,0.003772271,0.003955562,0.004125254,0.00428339,0.00442694,0.004557544,0.004672327,0.004773183,0.00485706,0.004926093,0.004977544,0.005012824,0.005029425,0.005029632,0.005009999,0.004973228,0.004916409,0.004841629
0.003991364,0.003879811,0.003753405,0.003609746,0.003451673,0.003276746,0.00308807,0.002883304,0.002665755,0.00243325,0.00218927,0.001931841,0.001664608,0.0013858,0.001099222,0.0008032909,0.0005019702,0.0001938356,-0.0001169955,-0.0004318482,-0.0007464297,-0.001062051,-0.001374276,-0.001684362,-0.001987878,-0.002286074,-0.002574502,-0.002854463,-0.003121553,-0.003377196,-0.003617118,-0.003842874,-0.004050266,-0.00424118,-0.004411503,-0.004563414,-0.004693016,-0.004802741,-0.004888967,-0.004954395,-0.004995703,-0.005015844,-0.005011845,-0.004986891,-0.004938351,-0.004869612,-0.004778435,-0.004668257,-0.004537317,-0.004388956,-0.00422206,-0.004039553,-0.003841161,-0.003629372,-0.003404148,-0.003168604,-0.002921423,-0.002667719,-0.002404376,-0.002136779,-0.00186371,-0.001587379,-0.001307827,-0.001029697,-0.0007492857,-0.0004701965,-0.0001925368,7.933711e-05,0.0003486194,0.0006130576,0.0008750443,0.001130095,0.001379823,0.00162092,0.001855454,0.002080182,0.00229755,0.002504576,0.00270373,0.002891979,0.003071737,0.003239839,0.003398775,0.003545365,0.003681744,0.003804601,0.003916427,0.004014285,0.004100531,0.004172002,0.00423125,0.004274916,0.004305293,0.004319797,0.004320603,0.004304374,0.004274329,0.004226887,0.004164902,0.00408559
0.003384553,0.003281233,0.003163317,0.00303316,0.002888646,0.002732439,0.002562446,0.002381531,0.002187708,0.001983999,0.00176857,0.001544578,0.001310359,0.001069197,0.0008195926,0.0005649575,0.000303936,4.006228e-05,-0.0002279134,-0.000496321,-0.0007663796,-0.001034263,-0.001301195,-0.001563309,-0.001821768,-0.002072698,-0.002317312,-0.002551765,-0.00277735,-0.00299027,-0.003191903,-0.003378579,-0.003551906,-0.003708226,-0.003849438,-0.003972012,-0.004078071,-0.004164303,-0.004233051,-0.004281246,-0.004311454,-0.004320884,-0.004312282,-0.00428316,-0.004236439,-0.004169939,-0.004086673,-0.003984881,-0.00386753,-0.003733358,-0.003585067,-0.003422112,-0.003246685,-0.003058862,-0.002860846,-0.002652219,-0.002436502,-0.002211492,-0.001982329,-0.00174654,-0.001507516,-0.001265539,-0.001022589,-0.0007766853,-0.000533175,-0.0002906079,-5.044475e-05,0.0001895091,0.0004247793,0.0006559035,0.0008795402,0.001098601,0.001310631,0.001517585,0.001716738,0.001910109,0.002094736,0.002272503,0.002440519,0.002600788,0.00275052,0.002891875,0.003022008,0.003143093,0.003252618,0.003352894,0.003441088,0.003519167,0.003584421,0.003639044,0.003680167,0.003710212,0.00372662,0.00373112,0.003721335,0.003699833,0.003663325,0.003614736,0.00355129,0.003475283
0.002845192,0.002752086,0.002648862,0.002533183,0.002407865,0.002270488,0.002124084,0.001966281,0.001800257,0.001623749,0.001440052,0.001247038,0.001048106,0.0008412666,0.0006300187,0.0004125014,0.0001923106,-3.231132e-05,-0.0002576663,-0.0004854616,-0.0007118684,-0.0009386155,-0.001161766,-0.001383018,-0.001598457,-0.001809785,-0.002013076,-0.002210073,-0.002396883,-0.002575349,-0.002741674,-0.002897801,-0.00303996,-0.003170367,-0.003285285,-0.003387151,-0.003472375,-0.003543569,-0.003597338,-0.003636477,-0.003657806,-0.00366428,-0.003652984,-0.003627013,-0.003583712,-0.003526288,-0.003452403,-0.003365228,-0.003262837,-0.003148242,-0.003020089,-0.002880967,-0.00273023,-0.002570102,-0.002400051,-0.002222935,-0.002037051,-0.001846959,-0.0016495,-0.001449463,-0.001245192,-0.001038872,-0.0008301586,-0.0006230716,-0.0004138741,-0.0002061101,3.937411e-07,0.0002017534,0.000401331,0.000596944,0.000790949,0.0009790509,0.001162985,0.001339561,0.001510935,0.001674003,0.00183127,0.001979858,0.002122278,0.002255604,0.002382303,0.002499341,0.002609281,0.00270911,0.002801101,0.002882124,0.002954759,0.003016222,0.003069005,0.003110142,0.00314231,0.003162352,0.003172687,0.003170898,0.003159308,0.003134751,0.003100535,0.003053263,0.002995857,0.002925677
0.002334378,0.002257002,0.002169272,0.0020736,0.001967786,0.001854508,0.001731545,0.001601728,0.001462898,0.001317992,0.001164951,0.001006795,0.0008415799,0.0006724018,0.0004974273,0.0003198272,0.0001378622,-4.522054e-05,-0.000231099,-0.0004164306,-0.0006028979,-0.000787034,-0.00097055,-0.001149958,-0.001326922,-0.001497952,-0.001664759,-0.001823877,-0.001977078,-0.002120921,-0.002257236,-0.002382669,-0.002499233,-0.002603542,-0.002697838,-0.002778799,-0.002848827,-0.002904749,-0.002949106,-0.002978894,-0.002996793,-0.002999998,-0.002991287,-0.002968078,-0.002933238,-0.002884422,-0.002824509,-0.002751504,-0.002668174,-0.002572958,-0.002468312,-0.002353314,-0.00222993,-0.002097727,-0.001958746,-0.001812015,-0.001660778,-0.00150252,-0.001341838,-0.001175999,-0.0010082,-0.0008380517,-0.0006673524,-0.0004939987,-0.0003229473,-0.0001522495,1.674943e-05,0.0001863341,0.0003521527,0.0005150755,0.0006719757,0.0008259381,0.0009745429,0.001119925,0.001259375,0.001395047,0.001524001,0.00164827,0.00176499,0.001876321,0.001979505,0.002076842,0.002165524,0.002247859,0.002321338,0.002388419,0.002446329,0.002497221,0.002538425,0.002572295,0.002596017,0.00261217,0.002618247,0.002616157,0.002603543,0.002583131,0.002551676,0.002512219,0.002462009,0.002403454
0.001823219,0.001761185,0.001693115,0.001616671,0.001534581,0.00144439,0.001348999,0.001245957,0.001138269,0.001023547,0.000904866,0.0007799253,0.0006518553,0.0005184478,0.0003828854,0.0002430419,0.0001021547,-4.184093e-05,-0.000185643,-0.0003313,-0.00047541,-0.0006200673,-0.0007617834,-0.0009026346,-0.001039165,-0.001173457,-0.001302036,-0.001427019,-0.001544944,-0.001658002,-0.001762802,-0.001861593,-0.001950968,-0.0020334,-0.002105461,-0.002169783,-0.002223024,-0.002267919,-0.002301252,-0.002325866,-0.002338685,-0.002342635,-0.002334829,-0.002318252,-0.002290206,-0.002253711,-0.00220632,-0.002150946,-0.002085492,-0.002012656,-0.001930847,-0.001842319,-0.001746101,-0.00164412,-0.001535422,-0.001422566,-0.001303492,-0.00118226,-0.001055568,-0.0009276773,-0.0007965401,-0.0006641774,-0.0005298855,-0.0003971463,-0.0002620862,-0.0001280699,5.35349e-06,0.0001347258,0.0002636111,0.0003899945,0.0005162933,0.0006384378,0.0007583046,0.000872872,0.0009844027,0.001089959,0.001192116,0.001288125,0.001380546,0.00146656,0.001548674,0.001623975,0.00169506,0.001759048,0.001818279,0.00186975,0.001916073,0.001954568,0.001987779,0.002012864,0.002032544,0.002043789,0.002049053,0.002046019,0.002037054,0.002019092,0.001995445,0.001962817,0.001924116,0.001876769
0.001309954,0.00126647,0.001216679,0.001162994,0.001103087,0.001039599,0.0009701449,0.0008974769,0.0008192295,0.0007382171,0.0006521298,0.0005638215,0.0004710522,0.0003767079,0.000278616,0.000179696,7.782913e-05,-2.402541e-05,-0.0001279592,-0.000230948,-0.0003351137,-0.0004373307,-0.0005397649,-0.0006392825,-0.0007380063,-0.0008328017,-0.0009258333,-0.001013974,-0.001099434,-0.001179087,-0.001255166,-0.001324598,-0.001389756,-0.001447484,-0.001500331,-0.001545151,-0.001584586,-0.001615575,-0.001640829,-0.001657387,-0.001668026,-0.00166991,-0.00166584,-0.001653131,-0.001634598,-0.001607725,-0.001575269,-0.001535004,-0.001489511,-0.001436941,-0.00137952,-0.001315965,-0.00124802,-0.001174808,-0.001098159,-0.001016625,-0.0009331668,-0.0008449286,-0.0007560583,-0.0006635074,-0.0005702408,-0.0004753127,-0.0003802911,-0.0002828415,-0.0001875786,-9.210892e-05,2.400531e-06,9.84318e-05,0.0001918034,0.000283712,0.0003712443,0.0004577102,0.0005407855,0.0006228206,0.0007011836,0.0007782044,0.0008510061,0.0009217943,0.0009877629,0.001051234,0.001109495,0.001164997,0.001214969,0.001261855,0.001303155,0.001341456,0.001374026,0.001403162,0.001426214,0.001445659,0.001458703,0.001468043,0.001471183,0.001470154,0.001462585,0.0014513,0.001433051,0.001410945,0.001382202,0.001349285
0.0007873792,0.0007603731,0.0007314163,0.0006981453,0.0006631642,0.000623956,0.0005832583,0.0005385202,0.0004925411,0.0004427914,0.0003920972,0.0003379728,0.0002832588,0.0002255186,0.0001676048,0.0001071228,4.694282e-05,-1.530293e-05,-7.671111e-05,-0.0001396614,-0.000201175,-0.000263696,-0.0003241752,-0.0003850475,-0.0004432999,-0.0005013731,-0.0005562286,-0.0006103258,-0.0006606216,-0.0007096239,-0.0007543278,-0.0007972634,-0.0008353688,-0.0008713488,-0.0009020687,-0.0009303351,-0.0009530378,-0.0009730243,-0.0009872442,-0.0009985802,-0.001004055,-0.001006562,-0.001003243,-0.0009969767,-0.000985025,-0.0009702324,-0.0009500472,-0.0009271457,-0.0008992674,-0.0008688191,-0.0008339895,-0.0007967064,-0.0007557191,-0.0007126364,-0.0006661543,-0.0006185021,-0.0005672962,-0.0005161548,-0.0004615613,-0.000407317,-0.0003510299,-0.000294454,-0.0002365643,-0.0001803848,-0.0001218411,-6.403631e-05,-6.256746e-06,4.841839e-05,0.0001037672,0.0001580091,0.0002136898,0.0002669911,0.0003199465,0.0003697442,0.0004187756,0.0004642992,0.0005089897,0.0005502643,0.0005907596,0.0006278029,0.0006639637,0.0006964733,0.0007279793,0.0007557418,0.0007821632,0.0008043731,0.0008250183,0.0008415321,0.000856498,0.0008671897,0.0008763555,0.0008810753,0.0008838229,0.0008823634,0.0008790802,0.0008709821,0.0008613638,0.0008469964,0.0008307472,0.0008100799
0.000263988,0.0002557729,0.0002453673,0.0002351634,0.0002226946,0.0002105421,0.0001961441,0.0001821552,0.0001659919,0.0001503292,0.0001325978,0.0001154701,9.64044e-05,7.806482e-05,5.793683e-05,3.868002e-05,1.779759e-05,-2.044552e-06,-2.334638e-05,-4.340391e-05,-6.477012e-05,-8.465862e-05,-0.0001056795,-0.0001250473,-0.0001453325,-0.0001637464,-0.0001828933,-0.0001999792,-0.0002176325,-0.0002330365,-0.0002488122,-0.000262157,-0.0002757901,-0.0002867815,-0.0002979738,-0.0003063901,-0.0003149076,-0.000320571,-0.0003262618,-0.0003290566,-0.0003318331,-0.0003317262,-0.0003315637,-0.0003285627,-0.0003254984,-0.0003196901,-0.0003137886,-0.0003053436,-0.0002967715,-0.0002859448,-0.0002748795,-0.0002619618,-0.0002487006,-0.0002338314,-0.0002189436,-0.0002021745,-0.000186201,-0.0001678031,-0.0001507743,-0.0001317104,-0.0001133096,-9.4175e-05,-7.561638e-05,-5.49904e-05,-3.661856e-05,-1.772268e-05,7.441519e-07,2.153411e-05,4.066076e-05,5.962787e-05,7.571985e-05,9.249722e-05,0.0001077712,0.0001241242,0.000139037,0.000155042,0.0001693579,0.0001843796,0.0001973829,0.0002108663,0.0002221867,0.0002339547,0.0002434574,0.0002532864,0.0002609803,0.0002692679,0.0002754582,0.000281988,0.0002862365,0.0002908056,0.0002929218,0.0002953943,0.0002957354,0.0002960838,0.0002940567,0.0002925635,0.0002883353,0.0002845384,0.0002783498,0.0002722704
-0.0002639874,-0.0002557724,-0.0002453668,-0.000235163,-0.0002226941,-0.0002105416,-0.0001961437,-0.0001821548,-0.0001659916,-0.0001503289,-0.0001325975,-0.0001154698,-9.640418e-05,-7.806462e-05,-5.793668e-05,-3.867989e-05,-1.779751e-05,2.044601e-06,2.334639e-05,4.340389e-05,6.477005e-05,8.465852e-05,0.0001056794,0.0001250471,0.0001453322,0.0001637461,0.000182893,0.0001999789,0.0002176321,0.0002330361,0.0002488118,0.0002621566,0.0002757897,0.000286781,0.0002979732,0.0003063895,0.0003149071,0.0003205704,0.0003262612,0.000329056,0.0003318325,0.0003317255,0.0003315631,0.0003285621,0.0003254977,0.0003196894,0.0003137879,0.0003053429,0.0002967708,0.0002859442,0.0002748788,0.0002619612,0.0002487001,0.0002338308,0.0002189431,0.000202174,0.0001862005,0.0001678026,0.0001507738,0.00013171,0.0001133092,9.417464e-05,7.561605e-05,5.499011e-05,3.66183e-05,1.772245e-05,-7.443405e-07,-2.153426e-05,-4.066087e-05,-5.962795e-05,-7.571989e-05,-9.249723e-05,-0.0001077711,-0.0001241241,-0.0001390369,-0.0001550418,-0.0001693577,-0.0001843794,-0.0001973827,-0.000210866,-0.0002221864,-0.0002339544,-0.000243457,-0.000253286,-0.0002609799,-0.0002692674,-0.0002754577,-0.0002819875,-0.0002862361,-0.0002908051,-0.0002929213,-0.0002953938,-0.0002957349,-0.0002960833,-0.0002940562,-0.000292563,-0.0002883348,-0.0002845378,-0.0002783492,-0.0002722699
-0.0007873786,-0.0007603726,-0.0007314159,-0.0006981448,-0.0006631637,-0.0006239556,-0.0005832579,-0.0005385199,-0.0004925408,-0.000442791,-0.0003920969,-0.0003379726,-0.0002832586,-0.0002255184,-0.0001676047,-0.0001071227,-4.694273e-05,1.530298e-05,7.671112e-05,0.0001396614,0.0002011749,0.000263696,0.0003241751,0.0003850473,0.0004432997,0.0005013729,0.0005562283,0.0006103255,0.0006606213,0.0007096235,0.0007543274,0.0007972629,0.0008353684,0.0008713483,0.0009020682,0.0009303346,0.0009530372,0.0009730236,0.0009872436,0.0009985797,0.001004054,0.001006562,0.001003242,0.000996976,0.0009850244,0.0009702317,0.0009500465,0.0009271451,0.0008992667,0.0008688184,0.0008339888,0.0007967058,0.0007557185,0.0007126358,0.0006661537,0.0006185016,0.0005672957,0.0005161543,0.0004615608,0.0004073166,0.0003510296,0.0002944536,0.000236564,0.0001803845,0.0001218408,6.403609e-05,6.256562e-06,-4.841854e-05,-0.0001037673,-0.0001580092,-0.0002136898,-0.0002669911,-0.0003199464,-0.0003697441,-0.0004187755,-0.0004642991,-0.0005089895,-0.0005502641,-0.0005907594,-0.0006278026,-0.0006639634,-0.0006964729,-0.000727979,-0.0007557414,-0.0007821628,-0.0008043727,-0.0008250178,-0.0008415317,-0.0008564975,-0.0008671892,-0.000876355,-0.0008810748,-0.0008838224,-0.0008823629,-0.0008790797,-0.0008709815,-0.0008613633,-0.0008469959,-0.0008307467,-0.0008100795
-0.001309954,-0.00126647,-0.001216678,-0.001162993,-0.001103087,-0.001039599,-0.0009701445,-0.0008974766,-0.0008192291,-0.0007382167,-0.0006521295,-0.0005638213,-0.0004710519,-0.0003767077,-0.0002786159,-0.0001796959,-7.782905e-05,2.402546e-05,0.0001279592,0.0002309479,0.0003351136,0.0004373306,0.0005397648,0.0006392823,0.0007380061,0.0008328014,0.000925833,0.001013974,0.001099433,0.001179086,0.001255166,0.001324598,0.001389755,0.001447483,0.00150033,0.00154515,0.001584586,0.001615574,0.001640829,0.001657386,0.001668025,0.001669909,0.00166584,0.00165313,0.001634597,0.001607724,0.001575268,0.001535003,0.00148951,0.00143694,0.001379519,0.001315965,0.00124802,0.001174807,0.001098158,0.001016625,0.0009331663,0.0008449281,0.0007560579,0.000663507,0.0005702404,0.0004753123,0.0003802908,0.0002828412,0.0001875783,9.21087e-05,-2.400707e-06,-9.843194e-05,-0.0001918035,-0.000283712,-0.0003712443,-0.0004577102,-0.0005407855,-0.0006228205,-0.0007011835,-0.0007782043,-0.000851006,-0.0009217942,-0.0009877627,-0.001051233,-0.001109495,-0.001164997,-0.001214969,-0.001261855,-0.001303154,-0.001341456,-0.001374026,-0.001403162,-0.001426213,-0.001445659,-0.001458703,-0.001468043,-0.001471182,-0.001470153,-0.001462584,-0.001451299,-0.00143305,-0.001410944,-0.001382201,-0.001349284
-0.001823218,-0.001761185,-0.001693115,-0.001616671,-0.001534581,-0.00144439,-0.001348999,-0.001245957,-0.001138269,-0.001023547,-0.0009048657,-0.000779925,-0.0006518551,-0.0005184475,-0.0003828852,-0.0002430418,-0.0001021546,4.184098e-05,0.000185643,0.0003313,0.00047541,0.0006200672,0.0007617833,0.0009026344,0.001039164,0.001173456,0.001302036,0.001427018,0.001544944,0.001658002,0.001762802,0.001861592,0.001950967,0.002033399,0.002105461,0.002169783,0.002223023,0.002267918,0.002301252,0.002325866,0.002338685,0.002342634,0.002334828,0.002318251,0.002290206,0.002253711,0.002206319,0.002150945,0.002085492,0.002012656,0.001930847,0.001842318,0.0017461,0.00164412,0.001535421,0.001422566,0.001303491,0.001182259,0.001055567,0.0009276769,0.0007965397,0.0006641771,0.0005298852,0.000397146,0.0002620859,0.0001280697,-5.353661e-06,-0.0001347259,-0.0002636112,-0.0003899946,-0.0005162933,-0.0006384378,-0.0007583045,-0.0008728719,-0.0009844026,-0.001089959,-0.001192116,-0.001288125,-0.001380545,-0.001466559,-0.001548673,-0.001623975,-0.00169506,-0.001759047,-0.001818278,-0.001869749,-0.001916072,-0.001954567,-0.001987779,-0.002012864,-0.002032544,-0.002043788,-0.002049053,-0.002046018,-0.002037053,-0.002019092,-0.001995445,-0.001962817,-0.001924116,-0.001876769
-0.002334377,-0.002257001,-0.002169271,-0.0020736,-0.001967786,-0.001854508,-0.001731544,-0.001601727,-0.001462898,-0.001317992,-0.00116495,-0.001006795,-0.0008415796,-0.0006724016,-0.0004974271,-0.0003198271,-0.0001378621,4.52206e-05,0.0002310991,0.0004164306,0.0006028978,0.0007870339,0.0009705498,0.001149958,0.001326922,0.001497952,0.001664759,0.001823877,0.001977077,0.002120921,0.002257235,0.002382669,0.002499233,0.002603541,0.002697837,0.002778798,0.002848827,0.002904748,0.002949106,0.002978893,0.002996792,0.002999997,0.002991286,0.002968077,0.002933238,0.002884421,0.002824508,0.002751503,0.002668174,0.002572957,0.002468311,0.002353314,0.002229929,0.002097727,0.001958746,0.001812014,0.001660777,0.00150252,0.001341837,0.001175999,0.0010082,0.0008380513,0.0006673521,0.0004939984,0.000322947,0.0001522493,-1.674961e-05,-0.0001863342,-0.0003521528,-0.0005150755,-0.0006719757,-0.0008259381,-0.0009745428,-0.001119924,-0.001259374,-0.001395047,-0.001524001,-0.00164827,-0.00176499,-0.001876321,-0.001979504,-0.002076842,-0.002165523,-0.002247859,-0.002321337,-0.002388418,-0.002446329,-0.00249722,-0.002538424,-0.002572295,-0.002596017,-0.00261217,-0.002618246,-0.002616156,-0.002603543,-0.00258313,-0.002551675,-0.002512218,-0.002462009,-0.002403454
-0.002845192,-0.002752086,-0.002648862,-0.002533182,-0.002407864,-0.002270488,-0.002124084,-0.001966281,-0.001800257,-0.001623749,-0.001440052,-0.001247038,-0.001048105,-0.0008412664,-0.0006300185,-0.0004125013,-0.0001923105,3.23114e-05,0.0002576664,0.0004854616,0.0007118683,0.0009386155,0.001161766,0.001383017,0.001598457,0.001809785,0.002013075,0.002210073,0.002396883,0.002575348,0.002741674,0.0028978,0.003039959,0.003170366,0.003285284,0.00338715,0.003472374,0.003543568,0.003597338,0.003636477,0.003657805,0.003664279,0.003652983,0.003627012,0.003583712,0.003526287,0.003452402,0.003365227,0.003262837,0.003148242,0.003020088,0.002880966,0.002730229,0.002570102,0.00240005,0.002222935,0.00203705,0.001846958,0.001649499,0.001449462,0.001245191,0.001038872,0.0008301583,0.0006230713,0.0004138738,0.0002061099,-3.939324e-07,-0.0002017535,-0.0004013311,-0.0005969441,-0.000790949,-0.0009790509,-0.001162985,-0.001339561,-0.001510935,-0.001674003,-0.00183127,-0.001979858,-0.002122278,-0.002255604,-0.002382302,-0.002499341,-0.00260928,-0.002709109,-0.0028011,-0.002882124,-0.002954759,-0.003016222,-0.003069005,-0.003110142,-0.003142309,-0.003162352,-0.003172687,-0.003170898,-0.003159307,-0.003134751,-0.003100534,-0.003053262,-0.002995856,-0.002925677
-0.003384552,-0.003281233,-0.003163317,-0.00303316,-0.002888645,-0.002732439,-0.002562445,-0.00238153,-0.002187708,-0.001983999,-0.00176857,-0.001544578,-0.001310358,-0.001069196,-0.0008195923,-0.0005649573,-0.0003039358,-4.006216e-05,0.0002279135,0.000496321,0.0007663796,0.001034263,0.001301195,0.001563309,0.001821768,0.002072698,0.002317312,0.002551765,0.00277735,0.002990269,0.003191902,0.003378578,0.003551905,0.003708225,0.003849438,0.003972011,0.00407807,0.004164302,0.00423305,0.004281246,0.004311453,0.004320883,0.004312281,0.004283159,0.004236439,0.004169938,0.004086673,0.00398488,0.003867529,0.003733358,0.003585066,0.003422112,0.003246685,0.003058861,0.002860846,0.002652219,0.002436502,0.002211491,0.001982329,0.00174654,0.001507515,0.001265538,0.001022588,0.000776685,0.0005331747,0.0002906076,5.044452e-05,-0.0001895093,-0.0004247794,-0.0006559037,-0.0008795403,-0.001098601,-0.001310631,-0.001517585,-0.001716738,-0.001910109,-0.002094735,-0.002272503,-0.002440519,-0.002600787,-0.002750519,-0.002891875,-0.003022008,-0.003143093,-0.003252617,-0.003352893,-0.003441087,-0.003519166,-0.003584421,-0.003639044,-0.003680166,-0.003710211,-0.003726619,-0.00373112,-0.003721335,-0.003699832,-0.003663325,-0.003614736,-0.003551289,-0.003475282
-0.003991363,-0.003879811,-0.003753405,-0.003609746,-0.003451673,-0.003276746,-0.00308807,-0.002883304,-0.002665755,-0.002433249,-0.00218927,-0.001931841,-0.001664608,-0.001385799,-0.001099221,-0.0008032907,-0.00050197,-0.0001938354,0.0001169956,0.0004318483,0.0007464297,0.001062051,0.001374276,0.001684362,0.001987878,0.002286073,0.002574502,0.002854462,0.003121553,0.003377196,0.003617117,0.003842874,0.004050266,0.00424118,0.004411503,0.004563414,0.004693015,0.00480274,0.004888967,0.004954394,0.004995702,0.005015843,0.005011844,0.00498689,0.00493835,0.004869611,0.004778435,0.004668256,0.004537317,0.004388955,0.004222059,0.004039552,0.00384116,0.003629371,0.003404148,0.003168603,0.002921422,0.002667718,0.002404375,0.002136778,0.00186371,0.001587379,0.001307826,0.001029697,0.0007492853,0.0004701962,0.0001925365,-7.933736e-05,-0.0003486196,-0.0006130578,-0.0008750444,-0.001130095,-0.001379823,-0.00162092,-0.001855454,-0.002080182,-0.00229755,-0.002504576,-0.002703729,-0.002891978,-0.003071737,-0.003239839,-0.003398774,-0.003545364,-0.003681743,-0.0038046,-0.003916427,-0.004014284,-0.004100531,-0.004172001,-0.00423125,-0.004274916,-0.004305293,-0.004319796,-0.004320603,-0.004304373,-0.004274328,-0.004226887,-0.004164901,-0.004085589
-0.004746651,-0.004633431,-0.00449993,-0.00434837,-0.004176657,-0.003987381,-0.003778527,-0.003552949,-0.003308806,-0.003049175,-0.00277244,-0.002481886,-0.00217614,-0.001858688,-0.001528397,-0.001188951,-0.0008394304,-0.0004837101,-0.0001210409,0.000244509,0.0006136058,0.0009819757,0.001350254,0.001714091,0.002074037,0.002425721,0.002769739,0.003101751,0.003422443,0.003727546,0.004017865,0.004289297,0.004542926,0.004774717,0.004986115,0.00517328,0.005337964,0.005476628,0.005591334,0.005678879,0.005741646,0.005776803,0.00578702,0.005769855,0.005728256,0.005660179,0.005568758,0.005452448,0.005314422,0.005153705,0.004973251,0.004772902,0.004555064,0.004320373,0.004071143,0.003807579,0.003533452,0.003246825,0.002953498,0.002651153,0.002343321,0.002031089,0.001716531,0.001397643,0.001080216,0.0007633581,0.0004485572,0.0001335634,-0.0001770791,-0.0004835554,-0.0007822865,-0.001076056,-0.001362422,-0.001643166,-0.001915566,-0.002181506,-0.002437985,-0.002686696,-0.002924667,-0.003153666,-0.003370801,-0.003577997,-0.003772271,-0.003955562,-0.004125254,-0.00428339,-0.00442694,-0.004557544,-0.004672326,-0.004773182,-0.00485706,-0.004926092,-0.004977543,-0.005012824,-0.005029425,-0.005029631,-0.005009999,-0.004973228,-0.004916408,-0.004841628
-0.005749221,-0.005634077,-0.005496731,-0.00533468,-0.005150738,-0.004942424,-0.004712893,-0.004459837,-0.004186695,-0.003891408,-0.003577673,-0.003243717,-0.002893487,-0.002525503,-0.002143959,-0.001747649,-0.001341005,-0.0009230621,-0.0004984819,-6.646665e-05,0.0003680825,0.0008058955,0.001241878,0.001676669,0.002105151,0.002527937,0.002939882,0.003341653,0.003728164,0.004100228,0.004452923,0.004787241,0.005098389,0.005387757,0.005650709,0.005889015,0.00609834,0.006280807,0.006432455,0.006555785,0.006647241,0.006709691,0.006740036,0.00674149,0.006711398,0.006653292,0.006564998,0.0064502,0.006307286,0.006139926,0.005947237,0.005732482,0.005495782,0.005239844,0.004965208,0.004675165,0.004368832,0.004051924,0.003721234,0.003382843,0.003036004,0.002682759,0.002323588,0.001963875,0.001599814,0.00123493,0.000869649,0.0005089025,0.0001496626,-0.0002058228,-0.0005600419,-0.000908276,-0.00125195,-0.001587585,-0.001917061,-0.002236889,-0.002549333,-0.00285118,-0.003144699,-0.003426604,-0.003699067,-0.003958593,-0.004207398,-0.004441912,-0.004663897,-0.004869643,-0.005061348,-0.005235718,-0.005394766,-0.005534931,-0.00565845,-0.005761581,-0.005846319,-0.005909767,-0.005953793,-0.005974756,-0.005975664,-0.005952632,-0.005908345,-0.005839784
-0.007129637,-0.007011066,-0.00686251,-0.006686074,-0.006479721,-0.006246011,-0.005983069,-0.00569381,-0.005376626,-0.005034748,-0.004666895,-0.004276602,-0.003862934,-0.003429729,-0.002976391,-0.002507053,-0.002021431,-0.001523938,-0.001014545,-0.0004979404,2.575239e-05,0.0005515752,0.001079322,0.001603915,0.00212503,0.002637548,0.003141185,0.003630856,0.004106383,0.004562782,0.005000038,0.005413385,0.005803155,0.006164725,0.00649888,0.006801281,0.007073132,0.007310507,0.007515037,0.007683253,0.007817238,0.007914017,0.007976092,0.008001003,0.007991663,0.007946112,0.007867585,0.007754714,0.007610877,0.007435368,0.007231407,0.006999236,0.006741452,0.006459318,0.006155191,0.005829998,0.005487729,0.005126669,0.004753429,0.004365738,0.003967213,0.003559945,0.003146025,0.002723267,0.002298058,0.001870218,0.001441223,0.001008673,0.0005772441,0.0001472835,-0.0002771922,-0.000698721,-0.001114736,-0.001526632,-0.001931483,-0.002330788,-0.002721228,-0.003103982,-0.003475671,-0.003837475,-0.004186042,-0.004522708,-0.004844002,-0.005151286,-0.005441537,-0.005716206,-0.005971755,-0.006209197,-0.006425242,-0.006621253,-0.006793781,-0.006944479,-0.007070268,-0.007172082,-0.007247173,-0.007297433,-0.007319169,-0.007314794,-0.007281214,-0.007220272
-0.008998756,-0.008860691,-0.008687747,-0.008477462,-0.008232776,-0.007951338,-0.007636523,-0.007286251,-0.006904283,-0.006488889,-0.006044201,-0.005568884,-0.005067428,-0.004538903,-0.003988156,-0.003414644,-0.002823553,-0.002214681,-0.001593539,-0.0009601798,-0.0003204304,0.0003255224,0.0009715968,0.001617473,0.002257015,0.002889856,0.003509828,0.004116632,0.004704177,0.005272354,0.00581529,0.006333118,0.006820176,0.007277095,0.007698467,0.008085424,0.008432983,0.008742766,0.0090103,0.009237734,0.009421144,0.009563203,0.009660589,0.009716476,0.009728121,0.009699168,0.009627472,0.009516966,0.009366169,0.009179103,0.008955129,0.008697883,0.00840792,0.008088145,0.007739804,0.007366306,0.006967298,0.00654919,0.006108569,0.005652409,0.005180535,0.004694654,0.004195875,0.003690599,0.003174864,0.002652102,0.002123315,0.001594382,0.001062685,0.0005306384,-4.122948e-06,-0.0005362458,-0.001066519,-0.001590858,-0.002110432,-0.002620982,-0.003124042,-0.003615629,-0.004097259,-0.004564856,-0.005019809,-0.005457774,-0.005880198,-0.006282656,-0.006666084,-0.007026007,-0.007364009,-0.007676177,-0.007963925,-0.00822311,-0.008455495,-0.008656844,-0.008828778,-0.008968058,-0.009076213,-0.00914933,-0.009190235,-0.009194798,-0.009165612,-0.009099523
-0.01142966,-0.01124669,-0.01101809,-0.01074613,-0.01042915,-0.01006996,-0.009667156,-0.009224006,-0.008739459,-0.008217216,-0.007656659,-0.007061909,-0.006432813,-0.005773907,-0.005085498,-0.004372532,-0.003635741,-0.002880457,-0.002107771,-0.001323381,-0.0005286125,0.0002704903,0.001072466,0.001871101,0.002664785,0.00344725,0.004216927,0.004967597,0.005697837,0.006401577,0.007077623,0.007720214,0.008328603,0.00889728,0.009426088,0.009909937,0.01034924,0.01073949,0.01108169,0.01137196,0.01161194,0.0117984,0.01193361,0.01201501,0.01204546,0.01202306,0.01195115,0.01182854,0.01165888,0.01144175,0.01118071,0.01087646,0.01053186,0.01014894,0.009730087,0.009277163,0.008794418,0.008280413,0.0077429,0.007179608,0.00659436,0.005990708,0.005370841,0.004732428,0.004082955,0.003423482,0.002755764,0.002077501,0.001394031,0.000706957,2.151795e-05,-0.0006639106,-0.001345913,-0.002024673,-0.002696254,-0.003360928,-0.004014204,-0.004655892,-0.005281382,-0.005890484,-0.006478686,-0.007046099,-0.007588221,-0.008105384,-0.008593818,-0.009054092,-0.009481939,-0.009877601,-0.01023734,-0.01056199,-0.01084778,-0.01109601,-0.01130341,-0.01147062,-0.0115949,-0.01167798,-0.01171617,-0.01171188,-0.01166211,-0.01156875
-0.01438372,-0.01411084,-0.01378515,-0.01340466,-0.01297285,-0.0124879,-0.01195379,-0.01136907,-0.0107382,-0.01006018,-0.009339955,-0.008577023,-0.00777681,-0.006939353,-0.006070554,-0.00517096,-0.004246937,-0.003299493,-0.002335425,-0.001356099,-0.0003687209,0.0006251354,0.00161794,0.002607943,0.003587529,0.00455489,0.005502385,0.006428299,0.007325119,0.00819139,0.0090199,0.009809542,0.01055344,0.01125114,0.01189616,0.01248872,0.01302297,0.0134998,0.01391406,0.01426741,0.01455545,0.01478057,0.01493918,0.01503439,0.01506339,0.01502995,0.01493203,0.0147739,0.01455428,0.01427769,0.01394385,0.01355692,0.01311807,0.01263054,0.01209656,0.01151975,0.01090059,0.01024651,0.009553937,0.008831288,0.008079373,0.007299657,0.00649453,0.005672224,0.004828993,0.003968677,0.003093804,0.002212371,0.001323154,0.0004296507,-0.000469377,-0.001366655,-0.002261017,-0.003146507,-0.004022271,-0.004882028,-0.005725415,-0.00654663,-0.007345497,-0.008116367,-0.008859186,-0.009568264,-0.01024393,-0.01088071,-0.01147861,-0.0120325,-0.01254355,-0.01300756,-0.01342569,-0.01379368,-0.0141133,-0.01438034,-0.0145966,-0.01475906,-0.01486944,-0.01492413,-0.01492631,-0.01487212,-0.01476459,-0.0146009
-0.01769344,-0.01727777,-0.01679793,-0.01625681,-0.01565352,-0.01499153,-0.01427027,-0.01349374,-0.01266182,-0.01177903,-0.0108458,-0.009867208,-0.008844274,-0.007782629,-0.006683902,-0.005554274,-0.004395944,-0.003215613,-0.002015971,-0.0008042046,0.0004166593,0.001638993,0.002859565,0.004070522,0.005268455,0.006445444,0.007598137,0.008718705,0.009804002,0.01084644,0.0118432,0.01278716,0.0136761,0.01450331,0.01526738,0.01596223,0.01658725,0.01713715,0.01761221,0.018008,0.0183257,0.0185618,0.01871834,0.01879274,0.01878789,0.01870208,0.01853891,0.01829757,0.01798218,0.01759283,0.01713373,0.01660629,0.01601391,0.01535982,0.01464665,0.01387778,0.01305804,0.01218669,0.01127344,0.01031637,0.009320141,0.008290974,0.007231824,0.006140912,0.005028307,0.003897842,0.002752777,0.00159212,0.0004235393,-0.0007481538,-0.001914498,-0.003074469,-0.004222063,-0.005354506,-0.006465302,-0.007552072,-0.00860793,-0.009630293,-0.01061259,-0.01155277,-0.01244498,-0.01328822,-0.01407726,-0.01481198,-0.01548862,-0.01610772,-0.0166652,-0.01716154,-0.01759362,-0.01796282,-0.01826611,-0.01850545,-0.01867836,-0.01878611,-0.01882685,-0.01880293,-0.01871146,-0.01855553,-0.01833286,-0.01804596
-0.02102746,-0.02040724,-0.01971709,-0.01895577,-0.01812754,-0.01723134,-0.016272,-0.01524893,-0.01416752,-0.01302776,-0.01183568,-0.01059192,-0.009303178,-0.007970799,-0.006602125,-0.005199214,-0.003770045,-0.002317308,-0.0008495753,0.0006299553,0.002112172,0.003593564,0.005064604,0.006521549,0.007954753,0.009360411,0.01072888,0.0120565,0.01333384,0.01455764,0.0157189,0.01681488,0.01783715,0.01878382,0.01964712,0.02042612,0.02111393,0.02171062,0.02221031,0.02261415,0.02291732,0.02312202,0.02322456,0.02322818,0.02313022,0.0229349,0.02264054,0.02225215,0.02176904,0.02119666,0.02053552,0.01979083,0.01896492,0.01806186,0.01708568,0.0160407,0.01492914,0.01376037,0.01253133,0.01125327,0.009929256,0.00856142,0.00715527,0.005722979,0.004262502,0.002779874,0.001281639,-0.0002192816,-0.001720271,-0.003214505,-0.004699856,-0.006164636,-0.007603466,-0.009006637,-0.01036965,-0.01168303,-0.01294382,-0.01414421,-0.01528262,-0.01635254,-0.01735356,-0.01828006,-0.0191329,-0.01990735,-0.0206044,-0.0212202,-0.02175753,-0.02221381,-0.02259173,-0.02288854,-0.02310753,-0.02324591,-0.02330685,-0.02328864,-0.02319415,-0.02302085,-0.02277301,-0.02244763,-0.02204867,-0.02157412
-0.02394621,-0.02307067,-0.02211716,-0.02108908,-0.0199863,-0.01881289,-0.01756911,-0.01625973,-0.01488562,-0.01345226,-0.01196131,-0.01041901,-0.008827837,-0.007194851,-0.005523387,-0.003821286,-0.002092692,-0.0003461895,0.001413383,0.003176776,0.004938655,0.006689199,0.008422783,0.01012929,0.0118029,0.01343345,0.01501523,0.01653825,0.01799714,0.01938232,0.02068898,0.02190821,0.02303607,0.0240644,0.02499037,0.02580678,0.02651198,0.02709996,0.02757033,0.02791831,0.02814481,0.02824637,0.02822516,0.02807896,0.02781117,0.02742076,0.0269122,0.02628562,0.0255463,0.02469553,0.02373891,0.02267935,0.02152172,0.02027138,0.01893214,0.01751023,0.01601213,0.01443919,0.01280499,0.01110928,0.009359572,0.007567491,0.005738843,0.003874638,0.00199099,9.800283e-05,-0.001796615,-0.003689761,-0.005568097,-0.007420121,-0.009230972,-0.01099472,-0.01270097,-0.01434276,-0.01591062,-0.01739982,-0.01880211,-0.02011423,-0.02132997,-0.02244822,-0.02346502,-0.02438166,-0.0251957,-0.02591006,-0.02652436,-0.02704212,-0.02746219,-0.02778765,-0.02801817,-0.02815742,-0.02820457,-0.02816341,-0.0280332,-0.02781649,-0.02751287,-0.02712567,-0.02665298,-0.02609873,-0.02546139,-0.02474411
-0.02595607,-0.02478793,-0.02353997,-0.02221127,-0.02080649,-0.01932509,-0.01777256,-0.01614905,-0.0144609,-0.01270917,-0.01090113,-0.009038845,-0.007130564,-0.005179388,-0.003194562,-0.001180194,0.0008535401,0.002901625,0.004953057,0.007002106,0.009037061,0.01105176,0.01303398,0.0149773,0.0168694,0.01870385,0.02046843,0.02215704,0.02375788,0.02526546,0.02666872,0.02796305,0.02913828,0.03019106,0.03111231,0.03190009,0.03254664,0.0330515,0.0334084,0.03361843,0.03367685,0.03358629,0.03334356,0.03295277,0.03241218,0.0317273,0.03089773,0.02993012,0.02882538,0.02759101,0.02622939,0.02474806,0.02315184,0.02144699,0.01964107,0.01774059,0.0157517,0.01368789,0.01154859,0.009351141,0.007103854,0.004812143,0.002488749,0.0001542519,-0.00218828,-0.00452687,-0.006846323,-0.009124083,-0.01135012,-0.01351168,-0.01560141,-0.0176017,-0.01950266,-0.0212919,-0.0229634,-0.0245078,-0.02592392,-0.02720714,-0.02836014,-0.02938155,-0.03027647,-0.03104495,-0.03169358,-0.0322229,-0.03263873,-0.03294181,-0.03313914,-0.03323177,-0.03322524,-0.03311919,-0.03291893,-0.03262313,-0.03223624,-0.03175755,-0.03119047,-0.03053304,-0.02978993,-0.02895833,-0.02804248,-0.02704051
-0.02663176,-0.02516253,-0.02360862,-0.02197337,-0.02025695,-0.01846379,-0.01659485,-0.01465565,-0.0126482,-0.01057918,-0.008451812,-0.00627397,-0.004050148,-0.001789426,0.0005024566,0.002815269,0.00514214,0.007471812,0.009796479,0.01210403,0.01438601,0.01662966,0.01882623,0.02096267,0.02303012,0.02501564,0.0269107,0.02870278,0.03038399,0.0319426,0.03337167,0.0346606,0.03580381,0.03679192,0.03762102,0.03828326,0.03877649,0.03909457,0.03923719,0.03920005,0.03898468,0.03858863,0.03801521,0.03726372,0.03633922,0.03524261,0.0339805,0.03255532,0.03097499,0.02924347,0.02736947,0.02535911,0.02322058,0.02096357,0.01859516,0.01612724,0.01357053,0.01093154,0.008231773,0.005475893,0.002678535,-0.0001377587,-0.00296006,-0.00578016,-0.008569814,-0.01130708,-0.01397585,-0.01656608,-0.01905596,-0.02142536,-0.02365277,-0.02572978,-0.02764579,-0.02939522,-0.03097307,-0.03238078,-0.03361787,-0.03468975,-0.03559977,-0.0363563,-0.03696496,-0.03743586,-0.03777463,-0.03799126,-0.03809158,-0.03808373,-0.03797005,-0.03775606,-0.03744347,-0.03703707,-0.03653667,-0.03594619,-0.03526475,-0.03449435,-0.03363423,-0.03268694,-0.03164995,-0.03052651,-0.02931455,-0.02801663
-0.02568572,-0.02392719,-0.02208334,-0.02015331,-0.01814207,-0.01604972,-0.01388261,-0.0116421,-0.009335961,-0.006966969,-0.004544369,-0.002072424,0.0004381714,0.002981674,0.005546018,0.008124099,0.01070263,0.01327335,0.01582197,0.0183394,0.02081057,0.02322597,0.02557011,0.02783336,0.03000033,0.03206166,0.0340024,0.03581389,0.03748205,0.03899936,0.04035299,0.04153687,0.04253969,0.04335729,0.04398008,0.04440597,0.04462739,0.04464439,0.04445153,0.0440511,0.0434398,0.04262207,0.04159674,0.04037032,0.03894361,0.03732508,0.03551733,0.03353057,0.03136914,0.02904472,0.02656369,0.02393837,0.0211786,0.01829566,0.01530399,0.01221547,0.009044392,0.005812779,0.002526711,-0.0007842654,-0.004101042,-0.007410116,-0.01068463,-0.01388883,-0.01701039,-0.02002766,-0.02291286,-0.02563119,-0.02816619,-0.03050337,-0.03263696,-0.03455151,-0.03624337,-0.03771023,-0.03895817,-0.03999207,-0.04082638,-0.04147247,-0.04194837,-0.04226686,-0.04244518,-0.04249334,-0.04242594,-0.04224907,-0.04197211,-0.04159812,-0.04113533,-0.0405848,-0.03995096,-0.03923183,-0.03843081,-0.03754438,-0.03657478,-0.03551919,-0.03437876,-0.03314965,-0.03183479,-0.03042976,-0.02893757,-0.02735526
-0.0230412,-0.02102731,-0.01892304,-0.01673216,-0.01445588,-0.01209973,-0.009666327,-0.007162936,-0.004593784,-0.001967823,0.0007090237,0.003426149,0.006175955,0.008946273,0.01172795,0.01450744,0.01727425,0.02001368,0.02271424,0.02536039,0.02794009,0.03043724,0.03283974,0.03513149,0.03730062,0.03933158,0.04121326,0.04293109,0.04447522,0.04583246,0.04699459,0.04795027,0.04869338,0.04921454,0.04951007,0.04957288,0.04940181,0.04899224,0.04834558,0.04745975,0.04633871,0.04498286,0.04339861,0.04158872,0.03956195,0.03732323,0.03488353,0.03224987,0.02943528,0.02644892,0.02330553,0.02001739,0.0165995,0.01306965,0.009442106,0.005739524,0.001981565,-0.001814454,-0.005612261,-0.009396881,-0.01313977,-0.01679952,-0.02035113,-0.02377522,-0.02702611,-0.03006752,-0.03287729,-0.03544467,-0.03774729,-0.03976703,-0.04148981,-0.04292344,-0.04407714,-0.04496719,-0.04561326,-0.04604122,-0.04627354,-0.04633582,-0.04624867,-0.04603383,-0.04570713,-0.04528544,-0.04477794,-0.04419579,-0.04354412,-0.042828,-0.0420455,-0.0411972,-0.04028009,-0.03929395,-0.03823381,-0.03709899,-0.03588453,-0.0345885,-0.03320711,-0.03173994,-0.03018218,-0.02853522,-0.02679555,-0.02496471
-0.01881313,-0.01658298,-0.01426187,-0.01185063,-0.009356108,-0.006780654,-0.004133074,-0.001417402,0.001355704,0.004180435,0.007044365,0.00993992,0.01285301,0.01577439,0.01868849,0.0215846,0.0244459,0.02726056,0.03001084,0.03268421,0.03526236,0.03773265,0.04007665,0.04228203,0.04433095,0.04621189,0.04790805,0.04940928,0.05070036,0.05177303,0.05261414,0.05321765,0.05357278,0.05367627,0.05351986,0.05310322,0.05242093,0.0514756,0.05026472,0.04879389,0.04706343,0.04508182,0.04285219,0.04038576,0.03768825,0.03477357,0.03164991,0.02833376,0.02483582,0.02117519,0.01736558,0.01342802,0.009381541,0.005247059,0.001051454,-0.003182849,-0.007426542,-0.01164244,-0.01581177,-0.01988447,-0.02382432,-0.02760594,-0.03118282,-0.03450091,-0.03754249,-0.04028318,-0.04269112,-0.04473163,-0.04640156,-0.04770986,-0.04868035,-0.04932643,-0.0496776,-0.0497668,-0.0496325,-0.0493088,-0.04883491,-0.04824151,-0.04755999,-0.04681115,-0.04601476,-0.04517886,-0.04431282,-0.04341452,-0.04248355,-0.04151339,-0.04050306,-0.03944461,-0.0383337,-0.03716058,-0.03592186,-0.03460814,-0.03321668,-0.03174067,-0.03017777,-0.02852173,-0.02677365,-0.02492785,-0.0229868,-0.02094745
-0.01329014,-0.01088953,-0.008396519,-0.005817783,-0.003157792,-0.0004252123,0.002373925,0.005229143,0.008132767,0.01107261,0.01403932,0.01701907,0.02000088,0.02296941,0.02591215,0.02881246,0.03165663,0.03442699,0.03710902,0.03968444,0.04213845,0.04445263,0.04661251,0.04860017,0.05040197,0.05200113,0.05338552,0.05454007,0.05545469,0.05611656,0.0565181,0.05664921,0.05650529,0.05607913,0.05536948,0.05437224,0.05308954,0.05152059,0.04967089,0.04754291,0.04514547,0.04248425,0.03957121,0.03641513,0.03303109,0.02943075,0.0256324,0.02165068,0.01750719,0.01321988,0.008813723,0.004311519,-0.0002598111,-0.00486872,-0.009488031,-0.01407715,-0.01860136,-0.02302558,-0.02729103,-0.03136865,-0.0352116,-0.03875557,-0.04196744,-0.04482486,-0.04727273,-0.04927543,-0.05082975,-0.05195602,-0.05266338,-0.05296791,-0.05289565,-0.05250572,-0.05185665,-0.05100808,-0.05001702,-0.04893567,-0.04780229,-0.04664938,-0.04549772,-0.04436263,-0.04324907,-0.04215899,-0.04108416,-0.0400184,-0.0389507,-0.03787036,-0.03676126,-0.03561179,-0.03440938,-0.03314544,-0.03180841,-0.03039235,-0.02888844,-0.02729177,-0.02559717,-0.02380316,-0.02190506,-0.01990495,-0.01780064,-0.01559544
-0.006863095,-0.004335626,-0.001724588,0.0009648688,0.003721926,0.006540387,0.009407963,0.01231728,0.01525465,0.01821136,0.02117234,0.02412739,0.02705999,0.02995851,0.03280504,0.03558665,0.03828431,0.04088407,0.04336619,0.04571626,0.04791426,0.04994601,0.05179184,0.05343843,0.05486726,0.05606651,0.05701948,0.05771652,0.05814334,0.05829309,0.05815445,0.05772374,0.05699294,0.05596204,0.05462646,0.05299001,0.05105177,0.04881934,0.04629548,0.04349151,0.04041381,0.03707736,0.03349207,0.0296765,0.02564399,0.02141681,0.01701178,0.01245514,0.007767564,0.002979776,-0.001882714,-0.006785017,-0.01169353,-0.01657176,-0.02137378,-0.02606104,-0.03058231,-0.03488008,-0.03892062,-0.04262951,-0.04595581,-0.04887182,-0.05132001,-0.05324301,-0.05464719,-0.05553961,-0.05591797,-0.05578326,-0.05518829,-0.05420993,-0.05294199,-0.05145524,-0.04983292,-0.04814768,-0.04645482,-0.04479183,-0.04319501,-0.04168768,-0.04028778,-0.03899572,-0.03780304,-0.03668594,-0.0356239,-0.03458805,-0.03355605,-0.03250488,-0.03142073,-0.03028509,-0.02908476,-0.02780387,-0.02643501,-0.02496638,-0.02339448,-0.02171311,-0.01992112,-0.01801485,-0.01599854,-0.01387003,-0.01163605,-0.009297805
2.959491e-07,0.002602415,0.00527311,0.008001299,0.01077828,0.01359228,0.01643436,0.01929204,0.02215573,0.02501196,0.02785008,0.03065536,0.03341577,0.03611517,0.03874007,0.04127302,0.04369929,0.04600042,0.0481609,0.05016177,0.05198748,0.05361921,0.05504217,0.05623856,0.05719499,0.05789551,0.05832902,0.05848212,0.05834663,0.05791228,0.05717437,0.05612628,0.05476721,0.05309434,0.05111109,0.04881863,0.04622459,0.04333422,0.04015934,0.0367092,0.03299972,0.02904416,0.02486249,0.02047194,0.01589668,0.01115798,0.006284612,0.001302328,-0.00375477,-0.008855768,-0.01396063,-0.01903122,-0.02402321,-0.02888595,-0.03357467,-0.03802549,-0.0421867,-0.04600439,-0.04939748,-0.05233247,-0.05475498,-0.05659099,-0.05782834,-0.05847782,-0.05850603,-0.05791728,-0.05677986,-0.05520146,-0.05326322,-0.05103958,-0.04861993,-0.04614666,-0.04372847,-0.0414273,-0.0392806,-0.03731992,-0.03556946,-0.03404462,-0.03273549,-0.03160902,-0.03061496,-0.02970589,-0.02883786,-0.0279844,-0.02712076,-0.02622204,-0.02525969,-0.02421392,-0.02306873,-0.02181407,-0.02043901,-0.01894018,-0.0173127,-0.01555639,-0.01367278,-0.0116667,-0.009540587,-0.007304067,-0.004961986,-0.002524706
0.006808699,0.009428678,0.0120875,0.01477591,0.01748076,0.02019409,0.02290314,0.02560045,0.028273,0.03091284,0.03350599,0.03604326,0.03850917,0.0408929,0.0431773,0.0453499,0.04739211,0.04929022,0.05102472,0.05258141,0.05394059,0.05508853,0.05600621,0.05668125,0.05709641,0.05724151,0.05710189,0.05667042,0.05593574,0.0548944,0.05353896,0.05187006,0.04988444,0.04758731,0.04497966,0.04207138,0.0388679,0.03538368,0.03162862,0.02762169,0.02337722,0.01891876,0.01426511,0.009444542,0.004480488,-0.0005936378,-0.005749371,-0.01094729,-0.01615322,-0.02132072,-0.02640869,-0.03136393,-0.03613473,-0.04066587,-0.04488988,-0.04875319,-0.05218387,-0.05511066,-0.05749864,-0.05926091,-0.06035608,-0.06079059,-0.06052552,-0.05953602,-0.05791174,-0.05574761,-0.05311093,-0.05006732,-0.046744,-0.04330624,-0.039977,-0.03690816,-0.03415831,-0.03168957,-0.02947224,-0.02754459,-0.02596832,-0.02475522,-0.02386116,-0.02318882,-0.022632,-0.02211303,-0.02160496,-0.02107787,-0.02049502,-0.01981868,-0.01902905,-0.01810679,-0.0170393,-0.015815,-0.0144336,-0.01289158,-0.01119554,-0.00935082,-0.00736682,-0.005252138,-0.003022761,-0.0006869396,0.001737881,0.004241643
0.01306577,0.01563713,0.01820969,0.02077135,0.02331306,0.02582487,0.02829993,0.03072906,0.03310588,0.03542066,0.03766597,0.03983047,0.04190481,0.04387547,0.04573091,0.04745552,0.04903585,0.05045472,0.05169757,0.05274653,0.05358696,0.05420133,0.05457609,0.05469522,0.05454722,0.05411863,0.05340103,0.05238436,0.05106403,0.04943398,0.04749399,0.04524256,0.04268417,0.03982194,0.03666541,0.03322243,0.02950756,0.02553348,0.0213197,0.01688374,0.01225015,0.007441421,0.002487277,-0.002584586,-0.007738785,-0.0129421,-0.01815261,-0.02333083,-0.02842724,-0.03339541,-0.03817761,-0.04271884,-0.0469564,-0.0508214,-0.05425545,-0.05717619,-0.05952732,-0.06125087,-0.06226037,-0.06255122,-0.062092,-0.06082642,-0.05881692,-0.05616475,-0.05288589,-0.04905084,-0.04486185,-0.04058448,-0.03629609,-0.03208284,-0.02828868,-0.02515552,-0.02244412,-0.01991082,-0.01769343,-0.01605444,-0.01507912,-0.01469515,-0.01469798,-0.01479976,-0.01481378,-0.01474211,-0.01464264,-0.01451898,-0.01429677,-0.01391359,-0.01333777,-0.01255541,-0.01156107,-0.01035657,-0.008944107,-0.007336649,-0.005545951,-0.00358843,-0.001484946,0.000743522,0.003078985,0.005496535,0.007979865,0.01050806
0.01833835,0.02079874,0.02321243,0.02557078,0.02786548,0.03009261,0.03224615,0.03432409,0.03632038,0.03823243,0.04005235,0.04177536,0.04339071,0.04489075,0.0462617,0.0474932,0.04856899,0.0494768,0.0501989,0.0507223,0.05102904,0.05110683,0.05093871,0.05051434,0.04981913,0.04884573,0.04758291,0.04602724,0.04417159,0.04201715,0.03956145,0.03681063,0.03376715,0.03044247,0.02684405,0.0229888,0.01888928,0.01456781,0.01004214,0.005340063,0.0004846714,-0.004490538,-0.009556817,-0.01467455,-0.01980897,-0.02491361,-0.02994709,-0.03485505,-0.03958906,-0.04408605,-0.04829035,-0.05213171,-0.05554468,-0.05846154,-0.06080224,-0.06251379,-0.06351869,-0.063755,-0.06321942,-0.06183367,-0.05960346,-0.05662457,-0.05289482,-0.04844349,-0.04353044,-0.0383612,-0.03310428,-0.02791792,-0.0224249,-0.01726973,-0.01387776,-0.0117121,-0.009654513,-0.007386492,-0.005531113,-0.004584232,-0.004512974,-0.005126983,-0.006053874,-0.006777257,-0.007155982,-0.007481105,-0.008069107,-0.00868511,-0.008956295,-0.008890343,-0.008556608,-0.007941396,-0.007033503,-0.005840335,-0.004384234,-0.002684953,-0.0007740123,0.001315285,0.003552941,0.005905421,0.008336956,0.01082317,0.01333243,0.01584468
0.02229733,0.02459644,0.02679698,0.02889358,0.03088374,0.03276677,0.03454439,0.03621672,0.0377858,0.03924968,0.0406081,0.04185536,0.04298763,0.04399494,0.04486989,0.04559874,0.04617129,0.04657122,0.0467869,0.04680089,0.04660178,0.04617244,0.04550326,0.04457895,0.04339287,0.04193282,0.04019626,0.03817496,0.03587122,0.03328136,0.03041304,0.0272676,0.02385835,0.02019167,0.01628684,0.01215539,0.007822611,0.003305338,-0.0013651,-0.006166407,-0.01106091,-0.01602056,-0.02100092,-0.02596781,-0.03086942,-0.03566509,-0.04029473,-0.04471094,-0.04884467,-0.05264256,-0.05602706,-0.05893936,-0.06130008,-0.06304073,-0.06409824,-0.06439517,-0.06388812,-0.0625478,-0.06029109,-0.05719972,-0.05327326,-0.04848818,-0.04303117,-0.0371714,-0.03098928,-0.02424697,-0.01770266,-0.01289522,-0.007191557,-0.00223335,-0.0008467414,-0.0005703454,-0.0004379045,-0.0003228384,-0.0002297219,-0.0001867715,-0.0001887322,-0.0002280628,-0.0002846644,-0.000346505,-0.0004593875,-0.0009087406,-0.002299941,-0.003708873,-0.004341632,-0.004746708,-0.004845643,-0.004471663,-0.003688865,-0.002535791,-0.001040822,0.0007493325,0.002786365,0.005023883,0.007402745,0.009876993,0.01240405,0.01493817,0.01745038,0.01991019
0.02478383,0.02689879,0.02885741,0.03066775,0.03232503,0.03384371,0.03522276,0.03647727,0.03760549,0.03861909,0.03951293,0.04029317,0.04095029,0.04148454,0.0418824,0.04213899,0.0422381,0.04217124,0.04192123,0.04147782,0.04082466,0.03995158,0.0388447,0.03749545,0.03589395,0.03403439,0.03191195,0.02952449,0.02687296,0.02395953,0.02079145,0.01737543,0.01372524,0.009852521,0.005777618,0.001517243,-0.00290149,-0.007456744,-0.01211441,-0.01684734,-0.02161409,-0.02638178,-0.03110126,-0.03573348,-0.04022128,-0.04451896,-0.04856131,-0.05229564,-0.05564966,-0.05856419,-0.0609619,-0.0627809,-0.06393789,-0.06438489,-0.0640259,-0.06285174,-0.06077153,-0.05777491,-0.05390278,-0.04910029,-0.04340533,-0.03713475,-0.03022533,-0.02241204,-0.0154693,-0.008498166,-0.002041843,-0.0006559124,-0.0003217561,-5.965426e-05,-1.224728e-06,4.939739e-06,-6.307965e-06,-1.863726e-05,-3.123636e-05,-3.364697e-05,-3.170526e-05,-2.263428e-05,-1.399617e-05,-6.956679e-06,-1.007156e-05,-3.336132e-05,-0.0001129236,-0.0002081327,-0.0004763906,-0.001453182,-0.002078724,-0.002052082,-0.00155427,-0.0005322232,0.0009335611,0.00279296,0.004943862,0.007318332,0.009838636,0.01244351,0.01505314,0.01763714,0.02013404,0.02252788
0.02580777,0.02774082,0.02946593,0.03099377,0.0323306,0.03349338,0.03449276,0.03534507,0.03605906,0.03664634,0.03711028,0.03745608,0.03768065,0.0377829,0.03775393,0.03758774,0.03727124,0.03679553,0.03614541,0.03531123,0.03427777,0.03303657,0.03157423,0.0298852,0.02795918,0.02579489,0.02338622,0.02073701,0.01784601,0.01472275,0.01137123,0.007807109,0.004039893,9.143419e-05,-0.004022964,-0.008275044,-0.01264364,-0.0170938,-0.02159837,-0.02611537,-0.03061135,-0.03503689,-0.03935199,-0.04349953,-0.04743274,-0.051087,-0.05440883,-0.05732708,-0.05978242,-0.06169981,-0.0630161,-0.06365434,-0.06355742,-0.06263991,-0.06088297,-0.05818671,-0.05457905,-0.0500181,-0.04445547,-0.03811115,-0.03095113,-0.02272066,-0.01487742,-0.006232244,-0.001196158,-0.0004012386,-6.905945e-05,-1.063973e-05,-4.714019e-05,-7.771861e-05,NaN,NaN,NaN,NaN,NaN,NaN,NaN,NaN,NaN,NaN,NaN,-4.532727e-05,-3.183982e-05,-1.906606e-05,-2.921386e-05,-8.357924e-05,-0.0001681296,-0.0004676538,-0.0004573681,0.0002460383,0.001587665,0.003415857,0.00562205,0.008120295,0.01077499,0.0134998,0.0162144,0.01884365,0.02134306,0.02367266
0.02552924,0.02731743,0.02884549,0.03013047,0.03118529,0.03203603,0.03269767,0.03319616,0.03354222,0.0337561,0.03384123,0.03380997,0.03365804,0.03339015,0.03299558,0.03247306,0.0318077,0.03099455,0.03001701,0.02886888,0.02753414,0.02600749,0.02427541,0.02233512,0.02017722,0.01780266,0.01520712,0.01239614,0.009371208,0.00614298,0.002719171,-0.000884165,-0.00465289,-0.008565168,-0.01260035,-0.01673059,-0.02092848,-0.02516004,-0.02939082,-0.03358044,-0.03768713,-0.0416638,-0.04546126,-0.04902566,-0.05230076,-0.05522616,-0.05773984,-0.05977573,-0.06126885,-0.06214873,-0.06235095,-0.06180365,-0.06043991,-0.05821003,-0.0550331,-0.05093746,-0.04582703,-0.03968539,-0.03271428,-0.02474619,-0.01598792,-0.006916252,-0.001200833,-0.0002910345,-4.477731e-05,-4.784881e-05,-9.593656e-05,NaN,NaN,NaN,NaN,NaN,NaN,NaN,NaN,NaN,NaN,NaN,NaN,NaN,NaN,NaN,NaN,NaN,-3.791277e-05,-2.666316e-05,-2.305807e-05,-3.917578e-05,-4.53779e-05,0.0001621776,0.001111782,0.002769043,0.004951194,0.007492028,0.01026856,0.01312557,0.01593991,0.01865461,0.02117878,0.0234823
0.02418971,0.02589425,0.02728591,0.02839128,0.02922759,0.02982895,0.03021752,0.03042426,0.03046773,0.03037021,0.03014272,0.02979702,0.02933615,0.02876208,0.0280715,0.02725877,0.02631691,0.02523533,0.02400622,0.02261659,0.02106051,0.01932464,0.01740704,0.01529578,0.01299434,0.01049342,0.00780311,0.004917397,0.001853706,-0.00139024,-0.004789231,-0.008341501,-0.0120137,-0.0158,-0.0196585,-0.02357914,-0.0275113,-0.03144041,-0.03530698,-0.03909172,-0.04272602,-0.04618583,-0.04939345,-0.05232048,-0.05488044,-0.05704188,-0.0587103,-0.0598539,-0.06037128,-0.0602344,-0.05933464,-0.05764768,-0.05506402,-0.05154638,-0.04705405,-0.04152825,-0.03506208,-0.0274556,-0.01854065,-0.01001569,-0.001781188,-0.00034404,-6.556642e-05,-7.160534e-05,-0.0001107571,NaN,NaN,NaN,NaN,NaN,NaN,NaN,NaN,NaN,NaN,NaN,NaN,NaN,NaN,NaN,NaN,NaN,NaN,NaN,NaN,NaN,-3.037146e-05,-2.597975e-05,-2.096866e-05,-1.35253e-05,0.000119345,0.001231225,0.003080305,0.005658837,0.00850883,0.01145555,0.01441455,0.01723322,0.01984274,0.02217165
0.02206059,0.02375588,0.02509433,0.02609726,0.02679512,0.02722341,0.02741381,0.02740205,0.02721278,0.02687402,0.02639984,0.02580776,0.02510139,0.0242884,0.02336423,0.02232905,0.02117331,0.01989265,0.01847572,0.01691641,0.01520431,0.01333392,0.01129792,0.009093028,0.006716775,0.004169219,0.001453751,-0.001425432,-0.004458379,-0.007636274,-0.01094214,-0.01436233,-0.01787258,-0.02145403,-0.025075,-0.02871119,-0.03232324,-0.03588132,-0.03933818,-0.04265835,-0.04578666,-0.04868198,-0.05128162,-0.05353911,-0.05538528,-0.05676895,-0.05761673,-0.0578736,-0.05746604,-0.05633446,-0.05440857,-0.05161803,-0.04788142,-0.04313984,-0.03728683,-0.03049922,-0.02264824,-0.0136236,-0.003786865,-0.0006346281,-9.204735e-05,-7.377193e-05,-0.000113884,NaN,NaN,NaN,NaN,NaN,NaN,NaN,NaN,NaN,NaN,NaN,NaN,NaN,NaN,NaN,NaN,NaN,NaN,NaN,NaN,NaN,NaN,NaN,NaN,NaN,-2.17661e-05,-2.04714e-05,-1.547871e-05,5.706931e-05,0.0006292912,0.002933124,0.005744277,0.008768598,0.01183665,0.01483135,0.0175731,0.0199967
0.01936846,0.0211466,0.02251285,0.02350691,0.02414968,0.02449074,0.02456136,0.02440761,0.02405718,0.02354555,0.02289022,0.02211411,0.02122344,0.0202301,0.01913098,0.01793013,0.01661818,0.01519494,0.01364798,0.01197609,0.01016658,0.008219725,0.00612468,0.003885268,0.001493847,-0.001040885,-0.003722285,-0.006535967,-0.009480377,-0.01253493,-0.01569276,-0.0189267,-0.02222427,-0.02555164,-0.02889028,-0.03219957,-0.03545475,-0.03860829,-0.04162907,-0.0444627,-0.04707155,-0.0493948,-0.05138839,-0.05298592,-0.05413702,-0.05477154,-0.05483273,-0.05425055,-0.05296087,-0.0509006,-0.04799045,-0.0441733,-0.03933151,-0.03336298,-0.02620322,-0.0178233,-0.00928236,-0.001463341,-0.0001872239,-7.367702e-05,-0.0001089591,NaN,NaN,NaN,NaN,NaN,NaN,NaN,NaN,NaN,NaN,NaN,NaN,NaN,NaN,NaN,NaN,NaN,NaN,NaN,NaN,NaN,NaN,NaN,NaN,NaN,NaN,NaN,NaN,NaN,-1.482449e-05,-1.431728e-05,5.1064e-06,0.000298032,0.002380054,0.005215466,0.008477014,0.01166293,0.01460011,0.01718743
0.016298,0.01823463,0.01972884,0.02079947,0.02148132,0.02181835,0.02185185,0.02163069,0.02118995,0.02057073,0.01979539,0.01889281,0.01787201,0.01675039,0.01552615,0.01420826,0.01278775,0.01126874,0.009638671,0.007900173,0.006040106,0.004062275,0.001955257,-0.0002740877,-0.002633737,-0.005112454,-0.007713784,-0.01042121,-0.01323316,-0.01612728,-0.01909642,-0.02211208,-0.02516133,-0.0282091,-0.03123652,-0.03420177,-0.03707982,-0.03982207,-0.04239723,-0.04474993,-0.04684262,-0.04861335,-0.05001854,-0.05098977,-0.05147794,-0.05140802,-0.05072706,-0.04935323,-0.04723493,-0.04428204,-0.04045336,-0.03563358,-0.02974598,-0.02261467,-0.0138647,-0.00475422,-0.0006996752,-8.196216e-05,-0.000100684,NaN,NaN,NaN,NaN,NaN,NaN,NaN,NaN,NaN,NaN,NaN,NaN,NaN,NaN,NaN,NaN,NaN,NaN,NaN,NaN,NaN,NaN,NaN,NaN,NaN,NaN,NaN,NaN,NaN,NaN,NaN,NaN,NaN,-6.912259e-06,-6.603636e-06,0.0001574872,0.001374203,0.004511923,0.007976569,0.01112232,0.013918
0.0129485,0.01512915,0.01682762,0.01806981,0.01887641,0.01929611,0.01937146,0.01915636,0.01869345,0.0180274,0.01718977,0.01621111,0.01510966,0.01390265,0.01259709,0.01120018,0.009711354,0.008131679,0.006456765,0.004685048,0.002811557,0.0008349032,-0.001248052,-0.003436346,-0.005729671,-0.008123286,-0.01061222,-0.01318705,-0.01583743,-0.01854866,-0.02130461,-0.02408482,-0.02686707,-0.02962494,-0.03232985,-0.03494911,-0.03744781,-0.03978668,-0.04192458,-0.04381532,-0.04541177,-0.04666044,-0.04750835,-0.04789406,-0.04775848,-0.0470316,-0.04564781,-0.04353027,-0.04060816,-0.03680884,-0.03205959,-0.02630083,-0.01942371,-0.01108887,-0.002312297,-0.0002952827,-7.561726e-05,-0.0001046165,NaN,NaN,NaN,NaN,NaN,NaN,NaN,NaN,NaN,NaN,NaN,NaN,NaN,NaN,NaN,NaN,NaN,NaN,NaN,NaN,NaN,NaN,NaN,NaN,NaN,NaN,NaN,NaN,NaN,NaN,NaN,NaN,NaN,NaN,NaN,-1.027474e-06,-3.357645e-06,6.290714e-05,0.0007349462,0.003916872,0.007291573,0.01031577
0.009383529,0.01186475,0.01385124,0.01534395,0.01636293,0.01694624,0.01714058,0.01700336,0.01658214,0.01592947,0.0150808,0.01407556,0.01293437,0.01168311,0.01032955,0.008888952,0.007360029,0.005751285,0.004056339,0.002280651,0.0004161172,-0.001531839,-0.003570368,-0.005691977,-0.007900856,-0.01018593,-0.01254724,-0.0149691,-0.01744651,-0.0199586,-0.02249474,-0.02502851,-0.02754326,-0.03000672,-0.03239587,-0.03467247,-0.03680677,-0.03875455,-0.04047887,-0.04192955,-0.04306178,-0.04381932,-0.04414831,-0.04398574,-0.04326683,-0.04192025,-0.0398693,-0.03703362,-0.03333138,-0.0286793,-0.02302914,-0.01629944,-0.008618532,-0.001338973,-0.0001247717,-9.187212e-05,-9.424736e-05,NaN,NaN,NaN,NaN,NaN,NaN,NaN,NaN,NaN,NaN,NaN,NaN,NaN,NaN,NaN,NaN,NaN,NaN,NaN,NaN,NaN,NaN,NaN,NaN,NaN,NaN,NaN,NaN,NaN,NaN,NaN,NaN,NaN,NaN,NaN,NaN,NaN,2.731846e-06,7.77291e-06,2.098653e-05,0.0004615874,0.003243059,0.006435295
0.005630688,0.008461617,0.01077006,0.01260024,0.01390339,0.01473019,0.01511492,0.01512453,0.01480754,0.01422423,0.01341573,0.01242757,0.01128737,0.0100254,0.008656305,0.007198048,0.005655532,0.004038488,0.002345949,0.0005833178,-0.001252709,-0.003157802,-0.00513488,-0.007178101,-0.009288094,-0.01145579,-0.01367806,-0.01594147,-0.01823824,-0.02054982,-0.02286323,-0.0251542,-0.02740412,-0.02958269,-0.03166531,-0.03361523,-0.03540165,-0.03698092,-0.03831569,-0.03935471,-0.0400535,-0.04035204,-0.04019735,-0.03951865,-0.03825162,-0.03631265,-0.03362147,-0.03008496,-0.02560138,-0.02010647,-0.0134512,-0.006160621,-0.0008601774,-7.252988e-05,-9.577871e-05,NaN,NaN,NaN,NaN,NaN,NaN,NaN,NaN,NaN,NaN,NaN,NaN,NaN,NaN,NaN,NaN,NaN,NaN,NaN,NaN,NaN,NaN,NaN,NaN,NaN,NaN,NaN,NaN,NaN,NaN,NaN,NaN,NaN,NaN,NaN,NaN,NaN,NaN,NaN,NaN,NaN,1.448294e-05,1.166866e-05,0.0003161922,0.002465589
0.001973836,0.004820069,0.007572623,0.009782972,0.01144977,0.01258162,0.01322873,0.01344775,0.0132968,0.01283738,0.01211839,0.0111911,0.01008929,0.008850308,0.007493222,0.006042871,0.004506858,0.002901031,0.001225549,-0.000508883,-0.002305803,-0.0041563,-0.006064471,-0.008020715,-0.01002731,-0.01207205,-0.0141539,-0.01625673,-0.0183751,-0.02048806,-0.02258505,-0.02463971,-0.02663589,-0.02854116,-0.03033345,-0.03197375,-0.03343357,-0.03466669,-0.03563758,-0.03629169,-0.03658545,-0.03645406,-0.03584427,-0.03467735,-0.03288868,-0.0303782,-0.02707215,-0.02283271,-0.01760935,-0.01114246,-0.004169482,-0.0005477393,-5.774351e-05,-8.710942e-05,NaN,NaN,NaN,NaN,NaN,NaN,NaN,NaN,NaN,NaN,NaN,NaN,NaN,NaN,NaN,NaN,NaN,NaN,NaN,NaN,NaN,NaN,NaN,NaN,NaN,NaN,NaN,NaN,NaN,NaN,NaN,NaN,NaN,NaN,NaN,NaN,NaN,NaN,NaN,NaN,NaN,NaN,NaN,2.061999e-05,1.211583e-05,0.0002302314
0.000169438,0.001277444,0.004162985,0.006860434,0.00891525,0.01042337,0.0113859,0.01187933,0.01194985,0.01166947,0.01108813,0.01026479,0.009239402,0.008054974,0.006738269,0.005317777,0.0038087,0.00222859,0.000584533,-0.001112841,-0.00286088,-0.004652206,-0.0064855,-0.008353593,-0.01025413,-0.01217804,-0.01412005,-0.01606774,-0.01801161,-0.01993494,-0.02182313,-0.02365438,-0.02540819,-0.02705727,-0.02857438,-0.02992624,-0.03107801,-0.0319897,-0.03261757,-0.03291397,-0.03282402,-0.0322911,-0.03124526,-0.02961975,-0.02732205,-0.0242775,-0.02035006,-0.01548502,-0.009394376,-0.00286932,-0.0003451151,-5.719426e-05,-7.676895e-05,NaN,NaN,NaN,NaN,NaN,NaN,NaN,NaN,NaN,NaN,NaN,NaN,NaN,NaN,NaN,NaN,NaN,NaN,NaN,NaN,NaN,NaN,NaN,NaN,NaN,NaN,NaN,NaN,NaN,NaN,NaN,NaN,NaN,NaN,NaN,NaN,NaN,NaN,NaN,NaN,NaN,NaN,NaN,NaN,NaN,2.234886e-05,2.295538e-05
2.686745e-05,0.0001113831,0.0009764843,0.003722002,0.006266389,0.008164388,0.009509752,0.01032377,0.01067569,0.01062396,0.01023006,0.009553761,0.008642818,0.007546602,0.006297142,0.004931013,0.00346633,0.001928771,0.0003261306,-0.001323351,-0.003018282,-0.00474433,-0.00650291,-0.008280692,-0.01007904,-0.01188322,-0.01369263,-0.01548931,-0.0172693,-0.01901012,-0.02070341,-0.02232121,-0.02385004,-0.02525539,-0.02651808,-0.02759596,-0.0284634,-0.02906916,-0.02938019,-0.02933392,-0.0288887,-0.02796684,-0.02651718,-0.02444006,-0.02167803,-0.01809041,-0.01363737,-0.00803308,-0.002089838,-0.0002229025,-5.688901e-05,-6.221637e-05,NaN,NaN,NaN,NaN,NaN,NaN,NaN,NaN,NaN,NaN,NaN,NaN,NaN,NaN,NaN,NaN,NaN,NaN,NaN,NaN,NaN,NaN,NaN,NaN,NaN,NaN,NaN,NaN,NaN,NaN,NaN,NaN,NaN,NaN,NaN,NaN,NaN,NaN,NaN,NaN,NaN,NaN,NaN,NaN,NaN,NaN,NaN,2.552255e-05
2.88215e-05,3.623066e-05,9.150318e-05,0.0008078612,0.003376983,0.005760456,0.007499376,0.008697139,0.009372239,0.009604015,0.009442565,0.008958068,0.008200461,0.007225907,0.006073737,0.004784716,0.003385784,0.001904383,0.0003571521,-0.001238204,-0.002871929,-0.00453218,-0.006212733,-0.007904095,-0.009600714,-0.01129286,-0.01297324,-0.01462997,-0.01625226,-0.01782469,-0.01933165,-0.02075309,-0.02206734,-0.02324892,-0.02426884,-0.02509529,-0.02569047,-0.02601526,-0.02602088,-0.02565978,-0.02486882,-0.02359128,-0.02174348,-0.0192621,-0.01602888,-0.01199843,-0.006931077,-0.001615401,-0.0001538487,-5.392134e-05,-5.04524e-05,NaN,NaN,NaN,NaN,NaN,NaN,NaN,NaN,NaN,NaN,NaN,NaN,NaN,NaN,NaN,NaN,NaN,NaN,NaN,NaN,NaN,NaN,NaN,NaN,NaN,NaN,NaN,NaN,NaN,NaN,NaN,NaN,NaN,NaN,NaN,NaN,NaN,NaN,NaN,NaN,NaN,NaN,NaN,NaN,NaN,NaN,NaN,NaN,NaN
NaN,3.143326e-05,4.162192e-05,8.368563e-05,0.0007061957,0.003101301,0.005318535,0.006911608,0.007968433,0.008522782,0.008643802,0.008392603,0.007828637,0.007011348,0.005986072,0.004801403,0.003487678,0.002081458,0.0006003175,-0.0009289324,-0.002497892,-0.004086145,-0.005690591,-0.007294002,-0.008895258,-0.01047736,-0.01203873,-0.01356029,-0.01503808,-0.01644914,-0.01778568,-0.01901941,-0.02013757,-0.02110503,-0.02190306,-0.02248811,-0.02283437,-0.0228879,-0.02261478,-0.02194771,-0.02084413,-0.01921809,-0.01702069,-0.01413371,-0.01052395,-0.00599057,-0.001307552,-0.0001113125,-4.714469e-05,-3.884502e-05,NaN,NaN,NaN,NaN,NaN,NaN,NaN,NaN,NaN,NaN,NaN,NaN,NaN,NaN,NaN,NaN,NaN,NaN,NaN,NaN,NaN,NaN,NaN,NaN,NaN,NaN,NaN,NaN,NaN,NaN,NaN,NaN,NaN,NaN,NaN,NaN,NaN,NaN,NaN,NaN,NaN,NaN,NaN,NaN,NaN,NaN,NaN,NaN,NaN,NaN
NaN,NaN,3.477086e-05,4.6277e-05,8.106298e-05,0.0006466472,0.002864007,0.004927095,0.006378736,0.007309515,0.007749454,0.007776919,0.007444682,0.00682081,0.005954857,0.004900673,0.003696727,0.002382278,0.0009840876,-0.0004707717,-0.001964816,-0.003479476,-0.005003297,-0.006522383,-0.008028063,-0.009508056,-0.01095352,-0.0123513,-0.01369013,-0.01495408,-0.0161276,-0.01719041,-0.01812104,-0.01889358,-0.01947895,-0.0198444,-0.01995133,-0.01975906,-0.01921708,-0.01827629,-0.01687024,-0.01494292,-0.01240281,-0.009198598,-0.005175828,-0.001091924,-8.584598e-05,-3.963874e-05,-3.073897e-05,NaN,NaN,NaN,NaN,NaN,NaN,NaN,NaN,NaN,NaN,NaN,NaN,NaN,NaN,NaN,NaN,NaN,NaN,NaN,NaN,NaN,NaN,NaN,NaN,NaN,NaN,NaN,NaN,NaN,NaN,NaN,NaN,NaN,NaN,NaN,NaN,NaN,NaN,NaN,NaN,NaN,NaN,NaN,NaN,NaN,NaN,NaN,NaN,NaN,NaN,NaN
NaN,NaN,NaN,3.919073e-05,5.049064e-05,8.301797e-05,0.0006046789,0.00266366,0.00457461,0.005896274,0.00670432,0.00704452,0.006985089,0.006589639,0.005915473,0.005021363,0.003950366,0.002749961,0.001448996,8.360623e-05,-0.001328958,-0.002761353,-0.004204139,-0.005635539,-0.007050297,-0.008428792,-0.009767029,-0.01104469,-0.01225655,-0.01337929,-0.01440451,-0.01530392,-0.01606436,-0.01665067,-0.01704362,-0.01719924,-0.01709112,-0.01666421,-0.01588472,-0.01468326,-0.01302103,-0.01080453,-0.00800564,-0.004484965,-0.0009153333,-6.614096e-05,-3.103341e-05,-2.165543e-05,NaN,NaN,NaN,NaN,NaN,NaN,NaN,NaN,NaN,NaN,NaN,NaN,NaN,NaN,NaN,NaN,NaN,NaN,NaN,NaN,NaN,NaN,NaN,NaN,NaN,NaN,NaN,NaN,NaN,NaN,NaN,NaN,NaN,NaN,NaN,NaN,NaN,NaN,NaN,NaN,NaN,NaN,NaN,NaN,NaN,NaN,NaN,NaN,NaN,NaN,NaN,NaN
NaN,NaN,NaN,NaN,4.250955e-05,5.415755e-05,8.54942e-05,0.0005789417,0.002486224,0.004253379,0.005444646,0.006141948,0.00638675,0.00625649,0.005805939,0.005100693,0.004189346,0.00312322,0.001939442,0.000675586,-0.000642259,-0.001987312,-0.003341923,-0.004686275,-0.006007783,-0.007290224,-0.008522682,-0.009689515,-0.01077871,-0.01177276,-0.01265624,-0.01340772,-0.01400638,-0.01442519,-0.01463604,-0.01460494,-0.01429458,-0.01366332,-0.0126624,-0.01124401,-0.009343899,-0.006913657,-0.0038649,-0.0008390591,-5.401271e-05,-2.223325e-05,-1.521765e-05,NaN,NaN,NaN,NaN,NaN,NaN,NaN,NaN,NaN,NaN,NaN,NaN,NaN,NaN,NaN,NaN,NaN,NaN,NaN,NaN,NaN,NaN,NaN,NaN,NaN,NaN,NaN,NaN,NaN,NaN,NaN,NaN,NaN,NaN,NaN,NaN,NaN,NaN,NaN,NaN,NaN,NaN,NaN,NaN,NaN,NaN,NaN,NaN,NaN,NaN,NaN,NaN,NaN
NaN,NaN,NaN,NaN,NaN,4.676134e-05,5.759179e-05,9.053996e-05,0.0005649127,0.002331503,0.003951997,0.005021668,0.005610352,0.005774111,0.005579839,0.005092196,0.00436587,0.003457988,0.002408976,0.001264403,5.14971e-05,-0.001194819,-0.002457276,-0.003708831,-0.004938565,-0.006123673,-0.007256318,-0.008314663,-0.009290989,-0.01016163,-0.01091659,-0.01152804,-0.01198175,-0.01224364,-0.01229386,-0.01209006,-0.01160606,-0.01078899,-0.009607901,-0.007994701,-0.005925608,-0.003314609,-0.0007091964,-4.821467e-05,-1.445473e-05,-7.141188e-06,NaN,NaN,NaN,NaN,NaN,NaN,NaN,NaN,NaN,NaN,NaN,NaN,NaN,NaN,NaN,NaN,NaN,NaN,NaN,NaN,NaN,NaN,NaN,NaN,NaN,NaN,NaN,NaN,NaN,NaN,NaN,NaN,NaN,NaN,NaN,NaN,NaN,NaN,NaN,NaN,NaN,NaN,NaN,NaN,NaN,NaN,NaN,NaN,NaN,NaN,NaN,NaN,NaN,NaN
NaN,NaN,NaN,NaN,NaN,NaN,4.974339e-05,6.072851e-05,9.582343e-05,0.000557804,0.002185118,0.003664202,0.00461166,0.005104247,0.005192195,0.004950577,0.004434781,0.003706963,0.002813819,0.001803355,0.0007106943,-0.0004285247,-0.001589526,-0.002745657,-0.003879379,-0.004969667,-0.006002584,-0.006959358,-0.00782652,-0.00858466,-0.00921811,-0.009704465,-0.01002366,-0.01014847,-0.01005265,-0.009703025,-0.009065395,-0.008101047,-0.006765474,-0.005018312,-0.002813949,-0.0006456634,-3.823331e-05,-5.795451e-06,-1.198854e-06,NaN,NaN,NaN,NaN,NaN,NaN,NaN,NaN,NaN,NaN,NaN,NaN,NaN,NaN,NaN,NaN,NaN,NaN,NaN,NaN,NaN,NaN,NaN,NaN,NaN,NaN,NaN,NaN,NaN,NaN,NaN,NaN,NaN,NaN,NaN,NaN,NaN,NaN,NaN,NaN,NaN,NaN,NaN,NaN,NaN,NaN,NaN,NaN,NaN,NaN,NaN,NaN,NaN,NaN,NaN
NaN,NaN,NaN,NaN,NaN,NaN,NaN,5.352014e-05,6.364848e-05,0.0001029255,0.0005547841,0.002045392,0.003380815,0.004216563,0.004616609,0.004644107,0.004363083,0.00383775,0.003118828,0.002260754,0.001300573,0.0002811917,-0.0007717611,-0.001825206,-0.002861799,-0.003854743,-0.004791666,-0.005648581,-0.006414809,-0.007066083,-0.007590721,-0.007961622,-0.008164062,-0.008166142,-0.007948838,-0.007473696,-0.006717603,-0.005632921,-0.004197488,-0.002361095,-0.0005397838,-3.32976e-05,1.129454e-06,5.736565e-06,NaN,NaN,NaN,NaN,NaN,NaN,NaN,NaN,NaN,NaN,NaN,NaN,NaN,NaN,NaN,NaN,NaN,NaN,NaN,NaN,NaN,NaN,NaN,NaN,NaN,NaN,NaN,NaN,NaN,NaN,NaN,NaN,NaN,NaN,NaN,NaN,NaN,NaN,NaN,NaN,NaN,NaN,NaN,NaN,NaN,NaN,NaN,NaN,NaN,NaN,NaN,NaN,NaN,NaN,NaN,NaN
NaN,NaN,NaN,NaN,NaN,NaN,NaN,NaN,5.604777e-05,6.640999e-05,0.0001096264,0.0005488575,0.001900571,0.003099754,0.003825299,0.004146673,0.004120506,0.003817596,0.003292084,0.002601205,0.001788644,0.000898734,-3.63167e-05,-0.0009826254,-0.001917088,-0.002813392,-0.003653951,-0.004416546,-0.00508582,-0.005640552,-0.006064772,-0.006335824,-0.006434968,-0.006336432,-0.006017323,-0.005448344,-0.004600686,-0.003443392,-0.001954236,-0.0004738749,-2.391178e-05,8.428166e-06,1.127835e-05,NaN,NaN,NaN,NaN,NaN,NaN,NaN,NaN,NaN,NaN,NaN,NaN,NaN,NaN,NaN,NaN,NaN,NaN,NaN,NaN,NaN,NaN,NaN,NaN,NaN,NaN,NaN,NaN,NaN,NaN,NaN,NaN,NaN,NaN,NaN,NaN,NaN,NaN,NaN,NaN,NaN,NaN,NaN,NaN,NaN,NaN,NaN,NaN,NaN,NaN,NaN,NaN,NaN,NaN,NaN,NaN,NaN
NaN,NaN,NaN,NaN,NaN,NaN,NaN,NaN,NaN,5.930273e-05,6.900607e-05,0.0001169598,0.0005388837,0.001752574,0.002814807,0.003442361,0.003690754,0.00362753,0.003311133,0.002803414,0.002149947,0.001401327,0.000591292,-0.0002408091,-0.00107105,-0.001868214,-0.002615187,-0.003285521,-0.003865568,-0.004330509,-0.004667391,-0.0048505,-0.004865648,-0.004684748,-0.004291431,-0.003654319,-0.002755707,-0.001573337,-0.0003981151,-1.836516e-05,1.47328e-05,1.757685e-05,NaN,NaN,NaN,NaN,NaN,NaN,NaN,NaN,NaN,NaN,NaN,NaN,NaN,NaN,NaN,NaN,NaN,NaN,NaN,NaN,NaN,NaN,NaN,NaN,NaN,NaN,NaN,NaN,NaN,NaN,NaN,NaN,NaN,NaN,NaN,NaN,NaN,NaN,NaN,NaN,NaN,NaN,NaN,NaN,NaN,NaN,NaN,NaN,NaN,NaN,NaN,NaN,NaN,NaN,NaN,NaN,NaN,NaN
NaN,NaN,NaN,NaN,NaN,NaN,NaN,NaN,NaN,6.03774e-05,6.135104e-05,7.152375e-05,0.0001229249,0.0005220715,0.001591687,0.002526027,0.00306026,0.003251306,0.003158309,0.002845329,0.002363325,0.001764354,0.001087575,0.0003739666,-0.0003479075,-0.001046331,-0.001700079,-0.002283401,-0.002779261,-0.003164838,-0.003424507,-0.003536096,-0.003483547,-0.003243921,-0.002800198,-0.002128632,-0.001226733,-0.0003222495,-1.158357e-05,2.062629e-05,2.260946e-05,1.439139e-05,NaN,NaN,NaN,NaN,NaN,NaN,NaN,NaN,NaN,NaN,NaN,NaN,NaN,NaN,NaN,NaN,NaN,NaN,NaN,NaN,NaN,NaN,NaN,NaN,NaN,NaN,NaN,NaN,NaN,NaN,NaN,NaN,NaN,NaN,NaN,NaN,NaN,NaN,NaN,NaN,NaN,NaN,NaN,NaN,NaN,NaN,NaN,NaN,NaN,NaN,NaN,NaN,NaN,NaN,NaN,NaN,NaN,NaN
NaN,NaN,NaN,NaN,NaN,NaN,NaN,NaN,NaN,NaN,6.251686e-05,6.407371e-05,7.390801e-05,0.0001286969,0.0004956131,0.001420783,0.002230271,0.002685844,0.002825876,0.002718912,0.002416276,0.001975534,0.001437468,0.0008473804,0.0002352246,-0.0003633301,-0.0009268606,-0.00142641,-0.001845945,-0.002160295,-0.00235623,-0.002410049,-0.002309641,-0.00203235,-0.001565583,-0.0009052078,-0.0002469623,-2.78603e-06,2.621781e-05,2.829243e-05,2.05002e-05,NaN,NaN,NaN,NaN,NaN,NaN,NaN,NaN,NaN,NaN,NaN,NaN,NaN,NaN,NaN,NaN,NaN,NaN,NaN,NaN,NaN,NaN,NaN,NaN,NaN,NaN,NaN,NaN,NaN,NaN,NaN,NaN,NaN,NaN,NaN,NaN,NaN,NaN,NaN,NaN,NaN,NaN,NaN,NaN,NaN,NaN,NaN,NaN,NaN,NaN,NaN,NaN,NaN,NaN,NaN,NaN,NaN,NaN,NaN
NaN,NaN,NaN,NaN,NaN,NaN,NaN,NaN,NaN,NaN,NaN,6.44809e-05,6.563548e-05,7.62318e-05,0.0001317208,0.0004579613,0.001235457,0.001931158,0.002313068,0.002417271,0.002301745,0.002024055,0.001629463,0.001165189,0.0006647017,0.0001645828,-0.0003106389,-0.0007321438,-0.001081648,-0.001335378,-0.001478824,-0.001491326,-0.001360798,-0.001068186,-0.0006218246,-0.0001693425,5.944934e-06,3.12138e-05,3.251456e-05,2.614183e-05,NaN,NaN,NaN,NaN,NaN,NaN,NaN,NaN,NaN,NaN,NaN,NaN,NaN,NaN,NaN,NaN,NaN,NaN,NaN,NaN,NaN,NaN,NaN,NaN,NaN,NaN,NaN,NaN,NaN,NaN,NaN,NaN,NaN,NaN,NaN,NaN,NaN,NaN,NaN,NaN,NaN,NaN,NaN,NaN,NaN,NaN,NaN,NaN,NaN,NaN,NaN,NaN,NaN,NaN,NaN,NaN,NaN,NaN,NaN,NaN
NaN,NaN,NaN,NaN,NaN,NaN,NaN,NaN,NaN,NaN,NaN,NaN,6.608255e-05,6.786204e-05,7.825252e-05,0.0001330295,0.0004111526,0.001043176,0.001626685,0.001947967,0.002021463,0.001910561,0.00166165,0.001324902,0.00093534,0.0005326007,0.0001416402,-0.0002064549,-0.0004940616,-0.0006961998,-0.0008003672,-0.0007856896,-0.000643605,-0.0003750246,-0.0001001479,1.752297e-05,3.612603e-05,3.752327e-05,3.151623e-05,NaN,NaN,NaN,NaN,NaN,NaN,NaN,NaN,NaN,NaN,NaN,NaN,NaN,NaN,NaN,NaN,NaN,NaN,NaN,NaN,NaN,NaN,NaN,NaN,NaN,NaN,NaN,NaN,NaN,NaN,NaN,NaN,NaN,NaN,NaN,NaN,NaN,NaN,NaN,NaN,NaN,NaN,NaN,NaN,NaN,NaN,NaN,NaN,NaN,NaN,NaN,NaN,NaN,NaN,NaN,NaN,NaN,NaN,NaN,NaN,NaN
NaN,NaN,NaN,NaN,NaN,NaN,NaN,NaN,NaN,NaN,NaN,NaN,NaN,6.757105e-05,6.899546e-05,8.005711e-05,0.0001309338,0.0003576225,0.000843333,0.001321674,0.001583611,0.001639497,0.001536355,0.001326232,0.001046689,0.0007380982,0.0004277034,0.0001465821,-8.627804e-05,-0.0002470323,-0.0003229709,-0.000297343,-0.0001768507,-3.778056e-05,2.783103e-05,4.079128e-05,4.110566e-05,3.639535e-05,NaN,NaN,NaN,NaN,NaN,NaN,NaN,NaN,NaN,NaN,NaN,NaN,NaN,NaN,NaN,NaN,NaN,NaN,NaN,NaN,NaN,NaN,NaN,NaN,NaN,NaN,NaN,NaN,NaN,NaN,NaN,NaN,NaN,NaN,NaN,NaN,NaN,NaN,NaN,NaN,NaN,NaN,NaN,NaN,NaN,NaN,NaN,NaN,NaN,NaN,NaN,NaN,NaN,NaN,NaN,NaN,NaN,NaN,NaN,NaN,NaN,NaN
NaN,NaN,NaN,NaN,NaN,NaN,NaN,NaN,NaN,NaN,NaN,NaN,NaN,6.673385e-05,6.865781e-05,7.072823e-05,8.124385e-05,0.0001270022,0.0002987336,0.0006497033,0.001015631,0.001225149,0.001265445,0.001179935,0.001006878,0.0007889791,0.000553871,0.0003339914,0.0001479074,1.93162e-05,-4.127143e-05,-2.908396e-05,1.236233e-05,3.929771e-05,4.531699e-05,4.542598e-05,4.089829e-05,3.729907e-05,NaN,NaN,NaN,NaN,NaN,NaN,NaN,NaN,NaN,NaN,NaN,NaN,NaN,NaN,NaN,NaN,NaN,NaN,NaN,NaN,NaN,NaN,NaN,NaN,NaN,NaN,NaN,NaN,NaN,NaN,NaN,NaN,NaN,NaN,NaN,NaN,NaN,NaN,NaN,NaN,NaN,NaN,NaN,NaN,NaN,NaN,NaN,NaN,NaN,NaN,NaN,NaN,NaN,NaN,NaN,NaN,NaN,NaN,NaN,NaN,NaN,NaN
NaN,NaN,NaN,NaN,NaN,NaN,NaN,NaN,NaN,NaN,NaN,NaN,NaN,NaN,6.762598e-05,6.971655e-05,7.14394e-05,8.196075e-05,0.0001196102,0.0002406326,0.0004697901,0.0007203995,0.0008718665,0.0009004253,0.0008290962,0.000696458,0.0005315435,0.0003661801,0.0002206738,0.0001170015,6.225859e-05,4.851812e-05,4.883592e-05,4.978673e-05,4.84476e-05,4.504255e-05,4.115805e-05,NaN,NaN,NaN,NaN,NaN,NaN,NaN,NaN,NaN,NaN,NaN,NaN,NaN,NaN,NaN,NaN,NaN,NaN,NaN,NaN,NaN,NaN,NaN,NaN,NaN,NaN,NaN,NaN,NaN,NaN,NaN,NaN,NaN,NaN,NaN,NaN,NaN,NaN,NaN,NaN,NaN,NaN,NaN,NaN,NaN,NaN,NaN,NaN,NaN,NaN,NaN,NaN,NaN,NaN,NaN,NaN,NaN,NaN,NaN,NaN,NaN,NaN,NaN
NaN,NaN,NaN,NaN,NaN,NaN,NaN,NaN,NaN,NaN,NaN,NaN,NaN,NaN,NaN,6.900587e-05,7.028904e-05,7.266797e-05,8.162548e-05,0.0001112284,0.0001874021,0.0003196792,0.0004589034,0.0005452941,0.0005514416,0.0004926829,0.0003915432,0.0002786382,0.0001761426,0.0001055413,6.956487e-05,5.754811e-05,5.386732e-05,5.20782e-05,4.866056e-05,4.555858e-05,NaN,NaN,NaN,NaN,NaN,NaN,NaN,NaN,NaN,NaN,NaN,NaN,NaN,NaN,NaN,NaN,NaN,NaN,NaN,NaN,NaN,NaN,NaN,NaN,NaN,NaN,NaN,NaN,NaN,NaN,NaN,NaN,NaN,NaN,NaN,NaN,NaN,NaN,NaN,NaN,NaN,NaN,NaN,NaN,NaN,NaN,NaN,NaN,NaN,NaN,NaN,NaN,NaN,NaN,NaN,NaN,NaN,NaN,NaN,NaN,NaN,NaN,NaN,NaN
NaN,NaN,NaN,NaN,NaN,NaN,NaN,NaN,NaN,NaN,NaN,NaN,NaN,NaN,NaN,6.894457e-05,6.931956e-05,7.083434e-05,7.278917e-05,8.067739e-05,0.0001011428,0.0001442441,0.0002065219,0.0002645924,0.0002894676,0.0002732714,0.0002243527,0.0001642906,0.0001116948,7.871553e-05,6.312296e-05,5.768174e-05,5.457556e-05,5.200553e-05,4.865816e-05,4.497223e-05,NaN,NaN,NaN,NaN,NaN,NaN,NaN,NaN,NaN,NaN,NaN,NaN,NaN,NaN,NaN,NaN,NaN,NaN,NaN,NaN,NaN,NaN,NaN,NaN,NaN,NaN,NaN,NaN,NaN,NaN,NaN,NaN,NaN,NaN,NaN,NaN,NaN,NaN,NaN,NaN,NaN,NaN,NaN,NaN,NaN,NaN,NaN,NaN,NaN,NaN,NaN,NaN,NaN,NaN,NaN,NaN,NaN,NaN,NaN,NaN,NaN,NaN,NaN,NaN
NaN,NaN,NaN,NaN,NaN,NaN,NaN,NaN,NaN,NaN,NaN,NaN,NaN,NaN,NaN,NaN,6.906474e-05,6.98182e-05,7.056107e-05,7.298216e-05,7.846957e-05,9.168259e-05,0.0001119075,0.0001348615,0.0001479246,0.0001445306,0.000125095,0.0001005654,7.93823e-05,6.694417e-05,6.038623e-05,5.737622e-05,5.449032e-05,5.193897e-05,4.828611e-05,NaN,NaN,NaN,NaN,NaN,NaN,NaN,NaN,NaN,NaN,NaN,NaN,NaN,NaN,NaN,NaN,NaN,NaN,NaN,NaN,NaN,NaN,NaN,NaN,NaN,NaN,NaN,NaN,NaN,NaN,NaN,NaN,NaN,NaN,NaN,NaN,NaN,NaN,NaN,NaN,NaN,NaN,NaN,NaN,NaN,NaN,NaN,NaN,NaN,NaN,NaN,NaN,NaN,NaN,NaN,NaN,NaN,NaN,NaN,NaN,NaN,NaN,NaN,NaN,NaN
NaN,NaN,NaN,NaN,NaN,NaN,NaN,NaN,NaN,NaN,NaN,NaN,NaN,NaN,NaN,NaN,NaN,6.852024e-05,6.866213e-05,6.967012e-05,7.132449e-05,7.544213e-05,8.189629e-05,8.98724e-05,9.442175e-05,9.320708e-05,8.548681e-05,7.591637e-05,6.732511e-05,6.208548e-05,5.853363e-05,5.628098e-05,5.350413e-05,5.087752e-05,NaN,NaN,NaN,NaN,NaN,NaN,NaN,NaN,NaN,NaN,NaN,NaN,NaN,NaN,NaN,NaN,NaN,NaN,NaN,NaN,NaN,NaN,NaN,NaN,NaN,NaN,NaN,NaN,NaN,NaN,NaN,NaN,NaN,NaN,NaN,NaN,NaN,NaN,NaN,NaN,NaN,NaN,NaN,NaN,NaN,NaN,NaN,NaN,NaN,NaN,NaN,NaN,NaN,NaN,NaN,NaN,NaN,NaN,NaN,NaN,NaN,NaN,NaN,NaN,NaN,NaN
NaN,NaN,NaN,NaN,NaN,NaN,NaN,NaN,NaN,NaN,NaN,NaN,NaN,NaN,NaN,NaN,NaN,6.548633e-05,6.561929e-05,6.618837e-05,6.648371e-05,6.814126e-05,7.009466e-05,7.290746e-05,7.408104e-05,7.333972e-05,6.961117e-05,6.541905e-05,6.117345e-05,5.845643e-05,5.585096e-05,5.390183e-05,5.125814e-05,4.879085e-05,NaN,NaN,NaN,NaN,NaN,NaN,NaN,NaN,NaN,NaN,NaN,NaN,NaN,NaN,NaN,NaN,NaN,NaN,NaN,NaN,NaN,NaN,NaN,NaN,NaN,NaN,NaN,NaN,NaN,NaN,NaN,NaN,NaN,NaN,NaN,NaN,NaN,NaN,NaN,NaN,NaN,NaN,NaN,NaN,NaN,NaN,NaN,NaN,NaN,NaN,NaN,NaN,NaN,NaN,NaN,NaN,NaN,NaN,NaN,NaN,NaN,NaN,NaN,NaN,NaN,NaN
NaN,NaN,NaN,NaN,NaN,NaN,NaN,NaN,NaN,NaN,NaN,NaN,NaN,NaN,NaN,NaN,NaN,NaN,5.945845e-05,5.983817e-05,5.986225e-05,6.04564e-05,6.099113e-05,6.205888e-05,6.21236e-05,6.150013e-05,5.93177e-05,5.706411e-05,5.448776e-05,5.267677e-05,5.060566e-05,4.890878e-05,4.650084e-05,NaN,NaN,NaN,NaN,NaN,NaN,NaN,NaN,NaN,NaN,NaN,NaN,NaN,NaN,NaN,NaN,NaN,NaN,NaN,NaN,NaN,NaN,NaN,NaN,NaN,NaN,NaN,NaN,NaN,NaN,NaN,NaN,NaN,NaN,NaN,NaN,NaN,NaN,NaN,NaN,NaN,NaN,NaN,NaN,NaN,NaN,NaN,NaN,NaN,NaN,NaN,NaN,NaN,NaN,NaN,NaN,NaN,NaN,NaN,NaN,NaN,NaN,NaN,NaN,NaN,NaN,NaN
NaN,NaN,NaN,NaN,NaN,NaN,NaN,NaN,NaN,NaN,NaN,NaN,NaN,NaN,NaN,NaN,NaN,NaN,4.908895e-05,4.937905e-05,4.92055e-05,4.95455e-05,4.955519e-05,4.994491e-05,4.964443e-05,4.917621e-05,4.773278e-05,4.639977e-05,4.466879e-05,4.342421e-05,4.177461e-05,4.039352e-05,3.841586e-05,NaN,NaN,NaN,NaN,NaN,NaN,NaN,NaN,NaN,NaN,NaN,NaN,NaN,NaN,NaN,NaN,NaN,NaN,NaN,NaN,NaN,NaN,NaN,NaN,NaN,NaN,NaN,NaN,NaN,NaN,NaN,NaN,NaN,NaN,NaN,NaN,NaN,NaN,NaN,NaN,NaN,NaN,NaN,NaN,NaN,NaN,NaN,NaN,NaN,NaN,NaN,NaN,NaN,NaN,NaN,NaN,NaN,NaN,NaN,NaN,NaN,NaN,NaN,NaN,NaN,NaN,NaN
NaN,NaN,NaN,NaN,NaN,NaN,NaN,NaN,NaN,NaN,NaN,NaN,NaN,NaN,NaN,NaN,NaN,NaN,NaN,3.466388e-05,3.456423e-05,3.467468e-05,3.45605e-05,3.472402e-05,3.442018e-05,3.410162e-05,3.319283e-05,3.240582e-05,3.129572e-05,3.048549e-05,2.935281e-05,2.841251e-05,NaN,NaN,NaN,NaN,NaN,NaN,NaN,NaN,NaN,NaN,NaN,NaN,NaN,NaN,NaN,NaN,NaN,NaN,NaN,NaN,NaN,NaN,NaN,NaN,NaN,NaN,NaN,NaN,NaN,NaN,NaN,NaN,NaN,NaN,NaN,NaN,NaN,NaN,NaN,NaN,NaN,NaN,NaN,NaN,NaN,NaN,NaN,NaN,NaN,NaN,NaN,NaN,NaN,NaN,NaN,NaN,NaN,NaN,NaN,NaN,NaN,NaN,NaN,NaN,NaN,NaN,NaN,NaN
NaN,NaN,NaN,NaN,NaN,NaN,NaN,NaN,NaN,NaN,NaN,NaN,NaN,NaN,NaN,NaN,NaN,NaN,NaN,1.830976e-05,1.82196e-05,1.829003e-05,1.820106e-05,1.824104e-05,1.805409e-05,1.788798e-05,1.743601e-05,1.705775e-05,1.650533e-05,1.609578e-05,1.550173e-05,1.499723e-05,NaN,NaN,NaN,NaN,NaN,NaN,NaN,NaN,NaN,NaN,NaN,NaN,NaN,NaN,NaN,NaN,NaN,NaN,NaN,NaN,NaN,NaN,NaN,NaN,NaN,NaN,NaN,NaN,NaN,NaN,NaN,NaN,NaN,NaN,NaN,NaN,NaN,NaN,NaN,NaN,NaN,NaN,NaN,NaN,NaN,NaN,NaN,NaN,NaN,NaN,NaN,NaN,NaN,NaN,NaN,NaN,NaN,NaN,NaN,NaN,NaN,NaN,NaN,NaN,NaN,NaN,NaN,NaN
NaN,NaN,NaN,NaN,NaN,NaN,NaN,NaN,NaN,NaN,NaN,NaN,NaN,NaN,NaN,NaN,NaN,NaN,NaN,5.1179e-06,5.124109e-06,5.115338e-06,5.069803e-06,5.111027e-06,5.046679e-06,5.017177e-06,4.876777e-06,4.789672e-06,4.615635e-06,4.517258e-06,4.340014e-06,4.231095e-06,NaN,NaN,NaN,NaN,NaN,NaN,NaN,NaN,NaN,NaN,NaN,NaN,NaN,NaN,NaN,NaN,NaN,NaN,NaN,NaN,NaN,NaN,NaN,NaN,NaN,NaN,NaN,NaN,NaN,NaN,NaN,NaN,NaN,NaN,NaN,NaN,NaN,NaN,NaN,NaN,NaN,NaN,NaN,NaN,NaN,NaN,NaN,NaN,NaN,NaN,NaN,NaN,NaN,NaN,NaN,NaN,NaN,NaN,NaN,NaN,NaN,NaN,NaN,NaN,NaN,NaN,NaN,NaN
NaN,NaN,NaN,NaN,NaN,NaN,NaN,NaN,NaN,NaN,NaN,NaN,NaN,NaN,NaN,NaN,NaN,NaN,NaN,0,0,0,0,0,0,0,0,0,0,0,0,0,NaN,NaN,NaN,NaN,NaN,NaN,NaN,NaN,NaN,NaN,NaN,NaN,NaN,NaN,NaN,NaN,NaN,NaN,NaN,NaN,NaN,NaN,NaN,NaN,NaN,NaN,NaN,NaN,NaN,NaN,NaN,NaN,NaN,NaN,NaN,NaN,NaN,NaN,NaN,NaN,NaN,NaN,NaN,NaN,NaN,NaN,NaN,NaN,NaN,NaN,NaN,NaN,NaN,NaN,NaN,NaN,NaN,NaN,NaN,NaN,NaN,NaN,NaN,NaN,NaN,NaN,NaN,NaN
