NaN,NaN,NaN,NaN,NaN,NaN,NaN,NaN,NaN,NaN,NaN,NaN,NaN,NaN,NaN,NaN,NaN,NaN,NaN,NaN,NaN,4.815984e-11,-5.581089e-11,-8.659806e-11,4.315649e-11,-5.182984e-11,5.040086e-11,1.077919e-10,-8.099117e-12,-4.51986e-11,5.302123e-11,-3.104471e-11,-6.024525e-11,2.861621e-11,NaN,NaN,NaN,NaN,NaN,NaN,NaN,NaN,NaN,NaN,NaN,NaN,NaN,NaN,NaN,NaN,NaN,NaN,NaN,NaN,NaN,NaN,NaN,NaN,NaN,NaN,NaN,NaN,NaN,NaN,NaN,NaN,NaN,NaN,NaN,NaN,NaN,NaN,NaN,NaN,NaN,NaN,NaN,NaN,NaN,NaN,NaN,NaN,NaN,NaN,NaN,NaN,NaN,NaN,NaN,NaN,NaN,NaN,NaN,NaN,NaN,NaN,NaN,NaN,NaN,NaN,NaN,NaN,NaN,NaN,NaN,NaN,NaN,NaN
NaN,NaN,NaN,NaN,NaN,NaN,NaN,NaN,NaN,NaN,NaN,NaN,NaN,NaN,NaN,NaN,NaN,NaN,NaN,NaN,NaN,-1.163046e-08,-4.142737e-08,3.204986e-08,2.268326e-09,2.967832e-08,-1.664002e-08,2.230046e-08,-1.990082e-08,1.179984e-08,-4.64171e-08,4.56468e-09,2.225538e-08,7.553625e-08,NaN,NaN,NaN,NaN,NaN,NaN,NaN,NaN,NaN,NaN,NaN,NaN,NaN,NaN,NaN,NaN,NaN,NaN,NaN,NaN,NaN,NaN,NaN,NaN,NaN,NaN,NaN,NaN,NaN,NaN,NaN,NaN,NaN,NaN,NaN,NaN,NaN,NaN,NaN,NaN,NaN,NaN,NaN,NaN,NaN,NaN,NaN,NaN,NaN,NaN,NaN,NaN,NaN,NaN,NaN,NaN,NaN,NaN,NaN,NaN,NaN,NaN,NaN,NaN,NaN,NaN,NaN,NaN,NaN,NaN,NaN,NaN,NaN,NaN
NaN,NaN,NaN,NaN,NaN,NaN,NaN,NaN,NaN,NaN,NaN,NaN,NaN,NaN,NaN,NaN,NaN,NaN,NaN,NaN,NaN,4.222556e-08,9.977528e-08,-5.114424e-08,1.414125e-09,-4.8552e-08,4.337049e-08,-2.212259e-08,6.639768e-08,1.291036e-08,1.257197e-07,2.899172e-08,-2.415094e-08,-1.238256e-07,NaN,NaN,NaN,NaN,NaN,NaN,NaN,NaN,NaN,NaN,NaN,NaN,NaN,NaN,NaN,NaN,NaN,NaN,NaN,NaN,NaN,NaN,NaN,NaN,NaN,NaN,NaN,NaN,NaN,NaN,NaN,NaN,NaN,NaN,NaN,NaN,NaN,NaN,NaN,NaN,NaN,NaN,NaN,NaN,NaN,NaN,NaN,NaN,NaN,NaN,NaN,NaN,NaN,NaN,NaN,NaN,NaN,NaN,NaN,NaN,NaN,NaN,NaN,NaN,NaN,NaN,NaN,NaN,NaN,NaN,NaN,NaN,NaN,NaN
NaN,NaN,NaN,NaN,NaN,NaN,NaN,NaN,NaN,NaN,NaN,NaN,NaN,NaN,NaN,NaN,NaN,NaN,NaN,NaN,1.141835e-07,7.147202e-09,-6.772662e-08,1.316159e-07,3.574023e-08,1.044873e-07,-1.720599e-08,1.331915e-07,5.334013e-08,1.644874e-07,-1.321668e-08,1.31895e-07,1.671564e-07,3.380004e-07,-2.152612e-07,NaN,NaN,NaN,NaN,NaN,NaN,NaN,NaN,NaN,NaN,NaN,NaN,NaN,NaN,NaN,NaN,NaN,NaN,NaN,NaN,NaN,NaN,NaN,NaN,NaN,NaN,NaN,NaN,NaN,NaN,NaN,NaN,NaN,NaN,NaN,NaN,NaN,NaN,NaN,NaN,NaN,NaN,NaN,NaN,NaN,NaN,NaN,NaN,NaN,NaN,NaN,NaN,NaN,NaN,NaN,NaN,NaN,NaN,NaN,NaN,NaN,NaN,NaN,NaN,NaN,NaN,NaN,NaN,NaN,NaN,NaN,NaN,NaN
NaN,NaN,NaN,NaN,NaN,NaN,NaN,NaN,NaN,NaN,NaN,NaN,NaN,NaN,NaN,NaN,NaN,NaN,NaN,-1.218291e-09,3.718399e-08,2.256836e-07,3.166067e-07,-9.337983e-08,-6.60625e-08,-1.623202e-07,6.664109e-08,9.391643e-08,4.143023e-07,4.234322e-07,6.469398e-07,4.354909e-07,1.346258e-07,-6.822025e-08,6.758831e-07,2.505599e-07,NaN,NaN,NaN,NaN,NaN,NaN,NaN,NaN,NaN,NaN,NaN,NaN,NaN,NaN,NaN,NaN,NaN,NaN,NaN,NaN,NaN,NaN,NaN,NaN,NaN,NaN,NaN,NaN,NaN,NaN,NaN,NaN,NaN,NaN,NaN,NaN,NaN,NaN,NaN,NaN,NaN,NaN,NaN,NaN,NaN,NaN,NaN,NaN,NaN,NaN,NaN,NaN,NaN,NaN,NaN,NaN,NaN,NaN,NaN,NaN,NaN,NaN,NaN,NaN,NaN,NaN,NaN,NaN,NaN,NaN,NaN,NaN
NaN,NaN,NaN,NaN,NaN,NaN,NaN,NaN,NaN,NaN,NaN,NaN,NaN,NaN,NaN,NaN,NaN,NaN,NaN,5.474639e-07,3.886119e-07,6.947216e-08,-1.010937e-07,1.442074e-08,-3.711075e-07,-4.242064e-07,-4.482365e-07,3.441577e-07,8.215231e-07,1.335552e-06,9.601976e-07,1.016824e-06,8.391191e-07,1.073081e-06,-1.16498e-07,5.255966e-08,NaN,NaN,NaN,NaN,NaN,NaN,NaN,NaN,NaN,NaN,NaN,NaN,NaN,NaN,NaN,NaN,NaN,NaN,NaN,NaN,NaN,NaN,NaN,NaN,NaN,NaN,NaN,NaN,NaN,NaN,NaN,NaN,NaN,NaN,NaN,NaN,NaN,NaN,NaN,NaN,NaN,NaN,NaN,NaN,NaN,NaN,NaN,NaN,NaN,NaN,NaN,NaN,NaN,NaN,NaN,NaN,NaN,NaN,NaN,NaN,NaN,NaN,NaN,NaN,NaN,NaN,NaN,NaN,NaN,NaN,NaN,NaN
NaN,NaN,NaN,NaN,NaN,NaN,NaN,NaN,NaN,NaN,NaN,NaN,NaN,NaN,NaN,NaN,NaN,NaN,6.078837e-07,1.961349e-07,9.211158e-08,3.541348e-07,-7.193101e-08,-1.927556e-06,-3.015903e-06,-3.695088e-06,-2.522332e-06,-1.197142e-07,2.955466e-06,4.597419e-06,4.850745e-06,3.640203e-06,1.623937e-06,6.2279e-07,1.712848e-06,7.428603e-07,9.215842e-08,NaN,NaN,NaN,NaN,NaN,NaN,NaN,NaN,NaN,NaN,NaN,NaN,NaN,NaN,NaN,NaN,NaN,NaN,NaN,NaN,NaN,NaN,NaN,NaN,NaN,NaN,NaN,NaN,NaN,NaN,NaN,NaN,NaN,NaN,NaN,NaN,NaN,NaN,NaN,NaN,NaN,NaN,NaN,NaN,NaN,NaN,NaN,NaN,NaN,NaN,NaN,NaN,NaN,NaN,NaN,NaN,NaN,NaN,NaN,NaN,NaN,NaN,NaN,NaN,NaN,NaN,NaN,NaN,NaN,NaN,NaN
NaN,NaN,NaN,NaN,NaN,NaN,NaN,NaN,NaN,NaN,NaN,NaN,NaN,NaN,NaN,NaN,NaN,8.986244e-07,-4.920551e-07,1.039961e-06,4.260187e-07,-1.835341e-06,-4.789352e-06,-9.969906e-06,-1.54533e-05,-1.799521e-05,-1.368951e-05,-2.156089e-06,1.026641e-05,1.902269e-05,1.874643e-05,1.461571e-05,8.541624e-06,5.354683e-06,9.451052e-07,2.276512e-07,3.421565e-06,-6.690964e-07,NaN,NaN,NaN,NaN,NaN,NaN,NaN,NaN,NaN,NaN,NaN,NaN,NaN,NaN,NaN,NaN,NaN,NaN,NaN,NaN,NaN,NaN,NaN,NaN,NaN,NaN,NaN,NaN,NaN,NaN,NaN,NaN,NaN,NaN,NaN,NaN,NaN,NaN,NaN,NaN,NaN,NaN,NaN,NaN,NaN,NaN,NaN,NaN,NaN,NaN,NaN,NaN,NaN,NaN,NaN,NaN,NaN,NaN,NaN,NaN,NaN,NaN,NaN,NaN,NaN,NaN,NaN,NaN,NaN,NaN
NaN,NaN,NaN,NaN,NaN,NaN,NaN,NaN,NaN,NaN,NaN,NaN,NaN,NaN,NaN,NaN,-5.789205e-07,8.753361e-07,8.197356e-07,-4.444142e-07,-3.753416e-06,-1.113932e-05,-2.958116e-05,-5.485046e-05,-6.844191e-05,-6.661358e-05,-4.67441e-05,-1.303636e-05,2.589129e-05,5.944749e-05,7.631895e-05,7.125201e-05,4.452564e-05,1.982474e-05,1.026262e-05,3.336938e-06,8.845154e-07,6.436753e-07,3.618041e-06,NaN,NaN,NaN,NaN,NaN,NaN,NaN,NaN,NaN,NaN,NaN,NaN,NaN,NaN,NaN,NaN,NaN,NaN,NaN,NaN,NaN,NaN,NaN,NaN,NaN,NaN,NaN,NaN,NaN,NaN,NaN,NaN,NaN,NaN,NaN,NaN,NaN,NaN,NaN,NaN,NaN,NaN,NaN,NaN,NaN,NaN,NaN,NaN,NaN,NaN,NaN,NaN,NaN,NaN,NaN,NaN,NaN,NaN,NaN,NaN,NaN,NaN,NaN,NaN,NaN,NaN,NaN,NaN,NaN
NaN,NaN,NaN,NaN,NaN,NaN,NaN,NaN,NaN,NaN,NaN,NaN,NaN,NaN,NaN,3.473261e-07,-2.171575e-07,1.901214e-06,-3.255033e-06,-4.845749e-06,-2.870188e-05,-7.706473e-05,-0.0001266003,-0.0001606977,-0.0001730095,-0.0001530672,-0.0001082631,-4.194745e-05,3.399482e-05,0.0001102761,0.0001686345,0.0001931119,0.0001793218,0.0001283825,5.50654e-05,1.358647e-05,1.194128e-05,-1.76835e-06,8.558218e-07,5.59655e-06,NaN,NaN,NaN,NaN,NaN,NaN,NaN,NaN,NaN,NaN,NaN,NaN,NaN,NaN,NaN,NaN,NaN,NaN,NaN,NaN,NaN,NaN,NaN,NaN,NaN,NaN,NaN,NaN,NaN,NaN,NaN,NaN,NaN,NaN,NaN,NaN,NaN,NaN,NaN,NaN,NaN,NaN,NaN,NaN,NaN,NaN,NaN,NaN,NaN,NaN,NaN,NaN,NaN,NaN,NaN,NaN,NaN,NaN,NaN,NaN,NaN,NaN,NaN,NaN,NaN,NaN,NaN,NaN
NaN,NaN,NaN,NaN,NaN,NaN,NaN,NaN,NaN,NaN,NaN,NaN,NaN,NaN,-5.92718e-07,8.890784e-07,-1.678341e-06,-9.162461e-07,-1.331317e-05,-6.501351e-05,-0.0001429945,-0.0002256172,-0.0002918061,-0.0003126775,-0.0003107378,-0.0002714596,-0.0001990636,-9.996013e-05,1.832914e-05,0.0001387224,0.0002506681,0.0003284027,0.0003855112,0.0003550705,0.0002709214,0.0001424181,3.64047e-05,8.226463e-06,8.009666e-06,-1.937151e-06,2.93229e-06,NaN,NaN,NaN,NaN,NaN,NaN,NaN,NaN,NaN,NaN,NaN,NaN,NaN,NaN,NaN,NaN,NaN,NaN,NaN,NaN,NaN,NaN,NaN,NaN,NaN,NaN,NaN,NaN,NaN,NaN,NaN,NaN,NaN,NaN,NaN,NaN,NaN,NaN,NaN,NaN,NaN,NaN,NaN,NaN,NaN,NaN,NaN,NaN,NaN,NaN,NaN,NaN,NaN,NaN,NaN,NaN,NaN,NaN,NaN,NaN,NaN,NaN,NaN,NaN,NaN,NaN,NaN
NaN,NaN,NaN,NaN,NaN,NaN,NaN,NaN,NaN,NaN,NaN,NaN,NaN,-3.014755e-06,5.768071e-07,-3.039007e-06,1.006199e-07,-3.295893e-05,-0.0001079039,-0.0002209358,-0.0003398208,-0.0004209875,-0.000489428,-0.000505546,-0.0004900172,-0.0004316577,-0.0003298324,-0.0001965119,-3.219264e-05,0.0001362123,0.0003086044,0.000446217,0.0005742416,0.0006073136,0.0006151381,0.0004774403,0.0002910177,0.0001019365,3.025892e-06,2.198857e-05,-9.517385e-06,4.315084e-06,NaN,NaN,NaN,NaN,NaN,NaN,NaN,NaN,NaN,NaN,NaN,NaN,NaN,NaN,NaN,NaN,NaN,NaN,NaN,NaN,NaN,NaN,NaN,NaN,NaN,NaN,NaN,NaN,NaN,NaN,NaN,NaN,NaN,NaN,NaN,NaN,NaN,NaN,NaN,NaN,NaN,NaN,NaN,NaN,NaN,NaN,NaN,NaN,NaN,NaN,NaN,NaN,NaN,NaN,NaN,NaN,NaN,NaN,NaN,NaN,NaN,NaN,NaN,NaN,NaN,NaN
NaN,NaN,NaN,NaN,NaN,NaN,NaN,NaN,NaN,NaN,NaN,NaN,-1.978605e-06,-4.44191e-06,1.506973e-06,-7.997413e-06,-4.830541e-05,-0.0001539221,-0.0002912055,-0.0004337675,-0.0005635429,-0.0006643448,-0.0007335793,-0.0007498643,-0.0007202582,-0.0006434529,-0.0005124811,-0.0003413454,-0.0001313723,9.302764e-05,0.0003248688,0.0005377325,0.0007347231,0.0008583053,0.0009294939,0.0008993235,0.0007617339,0.0005179463,0.0002128439,3.513244e-05,3.064932e-06,1.025292e-05,-5.688108e-06,NaN,NaN,NaN,NaN,NaN,NaN,NaN,NaN,NaN,NaN,NaN,NaN,NaN,NaN,NaN,NaN,NaN,NaN,NaN,NaN,NaN,NaN,NaN,NaN,NaN,NaN,NaN,NaN,NaN,NaN,NaN,NaN,NaN,NaN,NaN,NaN,NaN,NaN,NaN,NaN,NaN,NaN,NaN,NaN,NaN,NaN,NaN,NaN,NaN,NaN,NaN,NaN,NaN,NaN,NaN,NaN,NaN,NaN,NaN,NaN,NaN,NaN,NaN,NaN,NaN
NaN,NaN,NaN,NaN,NaN,NaN,NaN,NaN,NaN,NaN,NaN,-7.516581e-06,-4.66264e-07,-1.793494e-06,-1.219337e-05,-5.315157e-05,-0.0001735192,-0.0003370349,-0.0005045684,-0.0006858585,-0.0008433858,-0.0009599407,-0.00104024,-0.001054975,-0.001020182,-0.0009174249,-0.0007630757,-0.0005442165,-0.000293179,2.104495e-07,0.0002889679,0.0005914161,0.0008522198,0.001084449,0.001227822,0.001317271,0.001224458,0.001141768,0.0007837575,0.0004019563,0.0001077667,-1.61769e-05,3.456991e-05,-1.909553e-05,NaN,NaN,NaN,NaN,NaN,NaN,NaN,NaN,NaN,NaN,NaN,NaN,NaN,NaN,NaN,NaN,NaN,NaN,NaN,NaN,NaN,NaN,NaN,NaN,NaN,NaN,NaN,NaN,NaN,NaN,NaN,NaN,NaN,NaN,NaN,NaN,NaN,NaN,NaN,NaN,NaN,NaN,NaN,NaN,NaN,NaN,NaN,NaN,NaN,NaN,NaN,NaN,NaN,NaN,NaN,NaN,NaN,NaN,NaN,NaN,NaN,NaN,NaN,NaN
NaN,NaN,NaN,NaN,NaN,NaN,NaN,NaN,NaN,NaN,-1.18373e-05,7.829404e-07,-6.389777e-06,3.279246e-06,-2.848015e-05,-0.0001499112,-0.0003267277,-0.0005501389,-0.0007739751,-0.0009964949,-0.001187091,-0.0013315,-0.001423203,-0.001442172,-0.001396144,-0.001274508,-0.001086127,-0.0008271994,-0.0005194888,-0.0001665084,0.000200604,0.0005800707,0.000937323,0.001258037,0.001508928,0.001686671,0.001729909,0.001701879,0.001486931,0.001125361,0.0007085687,0.0002078159,1.193045e-05,1.088887e-05,5.348241e-07,NaN,NaN,NaN,NaN,NaN,NaN,NaN,NaN,NaN,NaN,NaN,NaN,NaN,NaN,NaN,NaN,NaN,NaN,NaN,NaN,NaN,NaN,NaN,NaN,NaN,NaN,NaN,NaN,NaN,NaN,NaN,NaN,NaN,NaN,NaN,NaN,NaN,NaN,NaN,NaN,NaN,NaN,NaN,NaN,NaN,NaN,NaN,NaN,NaN,NaN,NaN,NaN,NaN,NaN,NaN,NaN,NaN,NaN,NaN,NaN,NaN,NaN,NaN
NaN,NaN,NaN,NaN,NaN,NaN,NaN,NaN,-2.557856e-05,5.522672e-06,-1.69906e-05,6.805915e-06,5.781204e-05,5.193063e-05,-5.071625e-05,-0.0002695881,-0.0005264315,-0.0008282927,-0.001109884,-0.001392544,-0.001618885,-0.001798322,-0.001897936,-0.001929346,-0.001865353,-0.001729451,-0.001496751,-0.001200985,-0.0008244493,-0.0004136404,4.59965e-05,0.0005004698,0.0009678417,0.001376002,0.001757318,0.002021936,0.002205576,0.002259785,0.002192065,0.001858607,0.001634768,0.001006328,0.0003989825,7.936577e-05,-3.034518e-05,4.165185e-05,-2.683966e-05,NaN,NaN,NaN,NaN,NaN,NaN,NaN,NaN,NaN,NaN,NaN,NaN,NaN,NaN,NaN,NaN,NaN,NaN,NaN,NaN,NaN,NaN,NaN,NaN,NaN,NaN,NaN,NaN,NaN,NaN,NaN,NaN,NaN,NaN,NaN,NaN,NaN,NaN,NaN,NaN,NaN,NaN,NaN,NaN,NaN,NaN,NaN,NaN,NaN,NaN,NaN,NaN,NaN,NaN,NaN,NaN,NaN,NaN,NaN,NaN,NaN
NaN,NaN,NaN,NaN,NaN,NaN,NaN,-3.382786e-05,1.025931e-05,-2.513931e-05,4.901758e-05,0.0002085217,0.0002006122,0.0001265386,-0.0001267676,-0.000442587,-0.0008088985,-0.001189097,-0.001555583,-0.00189085,-0.002166863,-0.002375736,-0.002494806,-0.002525272,-0.002451838,-0.002286234,-0.002017631,-0.001665843,-0.001229962,-0.0007382535,-0.0001986426,0.00035921,0.0009222057,0.001452496,0.00193453,0.002335918,0.002632752,0.0028176,0.002835144,0.002691679,0.002461395,0.002045855,0.001335911,0.0007572491,0.0001660098,-1.990548e-05,3.297331e-05,-1.886331e-05,NaN,NaN,NaN,NaN,NaN,NaN,NaN,NaN,NaN,NaN,NaN,NaN,NaN,NaN,NaN,NaN,NaN,NaN,NaN,NaN,NaN,NaN,NaN,NaN,NaN,NaN,NaN,NaN,NaN,NaN,NaN,NaN,NaN,NaN,NaN,NaN,NaN,NaN,NaN,NaN,NaN,NaN,NaN,NaN,NaN,NaN,NaN,NaN,NaN,NaN,NaN,NaN,NaN,NaN,NaN,NaN,NaN,NaN,NaN,NaN
NaN,NaN,NaN,NaN,NaN,NaN,9.361886e-06,-3.723204e-05,3.032871e-06,0.0001637395,0.0004514343,0.0005421144,0.0003388761,0.0001228751,-0.0002817887,-0.0007141649,-0.001210839,-0.001674628,-0.002135715,-0.00252255,-0.002860816,-0.003085635,-0.003232755,-0.003248262,-0.003171717,-0.002959402,-0.002658671,-0.00223323,-0.001740254,-0.001150451,-0.0005314929,0.0001446497,0.0008028206,0.001467531,0.002059545,0.002604832,0.003013277,0.003347829,0.003474412,0.003477822,0.003340795,0.003040412,0.002368964,0.001932588,0.001128984,0.0003205077,3.843537e-05,-2.814986e-05,3.458812e-05,NaN,NaN,NaN,NaN,NaN,NaN,NaN,NaN,NaN,NaN,NaN,NaN,NaN,NaN,NaN,NaN,NaN,NaN,NaN,NaN,NaN,NaN,NaN,NaN,NaN,NaN,NaN,NaN,NaN,NaN,NaN,NaN,NaN,NaN,NaN,NaN,NaN,NaN,NaN,NaN,NaN,NaN,NaN,NaN,NaN,NaN,NaN,NaN,NaN,NaN,NaN,NaN,NaN,NaN,NaN,NaN,NaN,NaN,NaN
NaN,NaN,NaN,NaN,NaN,3.686315e-05,-6.662767e-05,7.977473e-05,0.0004903593,0.00072824,0.001013082,0.0007530087,0.0004334758,-2.294081e-05,-0.0005518733,-0.001155567,-0.001753661,-0.002339042,-0.002872796,-0.00333464,-0.003707684,-0.003969079,-0.004116912,-0.00413016,-0.004021582,-0.003774205,-0.003412058,-0.002923823,-0.002343687,-0.001668064,-0.0009392544,-0.000159203,0.0006280687,0.001408586,0.002141407,0.002808774,0.003376723,0.003817853,0.004107134,0.004234321,0.004225257,0.003985554,0.003539793,0.003012869,0.002478617,0.001406736,0.0006762502,0.0001238182,-4.15425e-05,4.826995e-05,NaN,NaN,NaN,NaN,NaN,NaN,NaN,NaN,NaN,NaN,NaN,NaN,NaN,NaN,NaN,NaN,NaN,NaN,NaN,NaN,NaN,NaN,NaN,NaN,NaN,NaN,NaN,NaN,NaN,NaN,NaN,NaN,NaN,NaN,NaN,NaN,NaN,NaN,NaN,NaN,NaN,NaN,NaN,NaN,NaN,NaN,NaN,NaN,NaN,NaN,NaN,NaN,NaN,NaN,NaN,NaN,NaN,NaN
NaN,NaN,NaN,1.824831e-05,-5.603705e-05,-2.38896e-05,0.0002638542,0.001026903,0.001394461,0.001374047,0.00134971,0.0008909774,0.0003361744,-0.0003313709,-0.001026034,-0.001790551,-0.002506641,-0.003210701,-0.003810894,-0.004349144,-0.004745073,-0.005039813,-0.005169081,-0.005179699,-0.005016616,-0.004733232,-0.004285567,-0.003733948,-0.003043338,-0.002281776,-0.001422194,-0.0005386146,0.0003929484,0.00129009,0.002179293,0.002970666,0.003693702,0.004265597,0.004713092,0.004959321,0.005094755,0.004957224,0.004644541,0.004230238,0.003696369,0.002718041,0.002000313,0.0011298,0.0002524868,5.919965e-06,-2.034667e-05,2.508222e-05,NaN,NaN,NaN,NaN,NaN,NaN,NaN,NaN,NaN,NaN,NaN,NaN,NaN,NaN,NaN,NaN,NaN,NaN,NaN,NaN,NaN,NaN,NaN,NaN,NaN,NaN,NaN,NaN,NaN,NaN,NaN,NaN,NaN,NaN,NaN,NaN,NaN,NaN,NaN,NaN,NaN,NaN,NaN,NaN,NaN,NaN,NaN,NaN,NaN,NaN,NaN,NaN,NaN,NaN,NaN,NaN
NaN,NaN,7.779352e-05,-0.000123391,0.0001070911,0.0008391557,0.001483924,0.002376798,0.002088194,0.001917516,0.00146572,0.0008135383,-1.535729e-05,-0.0008678202,-0.00177125,-0.002669526,-0.003524175,-0.004317945,-0.005000084,-0.005582367,-0.006005119,-0.006304682,-0.006415392,-0.006392478,-0.006171921,-0.005823901,-0.00528753,-0.004645438,-0.00384212,-0.002970057,-0.001980203,-0.000970451,0.0001031308,0.001137471,0.002171603,0.003107911,0.003980968,0.004694251,0.005283857,0.005688678,0.00592387,0.005935508,0.00575393,0.005426908,0.004920904,0.00413992,0.003289599,0.00266442,0.001398648,0.0005851751,9.192784e-05,-4.879571e-05,4.796626e-05,NaN,NaN,NaN,NaN,NaN,NaN,NaN,NaN,NaN,NaN,NaN,NaN,NaN,NaN,NaN,NaN,NaN,NaN,NaN,NaN,NaN,NaN,NaN,NaN,NaN,NaN,NaN,NaN,NaN,NaN,NaN,NaN,NaN,NaN,NaN,NaN,NaN,NaN,NaN,NaN,NaN,NaN,NaN,NaN,NaN,NaN,NaN,NaN,NaN,NaN,NaN,NaN,NaN,NaN,NaN
7.154363e-05,-0.0001040589,-5.767041e-05,0.0004508382,0.001800656,0.002618071,0.002922325,0.003205209,0.002704429,0.002107421,0.00131691,0.0004085881,-0.0006779882,-0.001729748,-0.002832375,-0.003853306,-0.004849263,-0.005702436,-0.006469139,-0.007054841,-0.007514279,-0.007765901,-0.007869937,-0.007758794,-0.007495974,-0.007026348,-0.006419274,-0.00563065,-0.004735999,-0.003700274,-0.00260463,-0.001420454,-0.0002335324,0.0009808004,0.002134722,0.003250459,0.00423861,0.005133124,0.005839876,0.006403238,0.006753215,0.006915377,0.006830806,0.006639885,0.006166828,0.005507531,0.004764754,0.00401931,0.002866499,0.001971609,0.001051905,0.0002288879,-9.293882e-06,-2.506522e-05,2.542798e-05,NaN,NaN,NaN,NaN,NaN,NaN,NaN,NaN,NaN,NaN,NaN,NaN,NaN,NaN,NaN,NaN,NaN,NaN,NaN,NaN,NaN,NaN,NaN,NaN,NaN,NaN,NaN,NaN,NaN,NaN,NaN,NaN,NaN,NaN,NaN,NaN,NaN,NaN,NaN,NaN,NaN,NaN,NaN,NaN,NaN,NaN,NaN,NaN,NaN,NaN,NaN,NaN,NaN
-0.0001745296,0.0002038708,0.00149668,0.002527773,0.004296684,0.00398693,0.0040964,0.003687875,0.002913795,0.001888374,0.000805677,-0.0004311131,-0.001719084,-0.002994746,-0.004255852,-0.005408511,-0.006502861,-0.007410832,-0.008226025,-0.008799637,-0.009258778,-0.009445089,-0.009509687,-0.009287597,-0.008953753,-0.008340123,-0.007639058,-0.006682601,-0.005679034,-0.004461286,-0.003248586,-0.001875019,-0.0005679223,0.0008369674,0.002107494,0.003410302,0.004516019,0.005585179,0.006402396,0.007139694,0.007577497,0.007897751,0.007923743,0.007820762,0.007437572,0.006901478,0.00618463,0.005445821,0.00439685,0.003364754,0.002615303,0.001331216,0.0005592876,8.629532e-05,-4.585863e-05,2.977406e-05,NaN,NaN,NaN,NaN,NaN,NaN,NaN,NaN,NaN,NaN,NaN,NaN,NaN,NaN,NaN,NaN,NaN,NaN,NaN,NaN,NaN,NaN,NaN,NaN,NaN,NaN,NaN,NaN,NaN,NaN,NaN,NaN,NaN,NaN,NaN,NaN,NaN,NaN,NaN,NaN,NaN,NaN,NaN,NaN,NaN,NaN,NaN,NaN,NaN,NaN,NaN,8.266644e-05
0.001042475,0.002877377,0.004651143,0.004910928,0.005767684,0.005201968,0.004660456,0.00370641,0.002596434,0.001171309,-0.0002243657,-0.001744109,-0.003237701,-0.004715239,-0.006096696,-0.007371722,-0.00851215,-0.009472366,-0.01026712,-0.01083362,-0.01121961,-0.01134734,-0.01129533,-0.01097708,-0.01049484,-0.0097576,-0.008886666,-0.00778963,-0.006605051,-0.005239446,-0.003842461,-0.002320805,-0.0008334978,0.0007148464,0.002160312,0.003597102,0.004863622,0.006062394,0.007032569,0.007874686,0.008462057,0.008881648,0.009024681,0.009018905,0.008721427,0.008262647,0.007644817,0.006866405,0.005902854,0.004936416,0.003990512,0.002768188,0.001930717,0.0009581835,0.0002543904,-4.402063e-06,-3.449168e-05,2.580341e-05,NaN,NaN,NaN,NaN,NaN,NaN,NaN,NaN,NaN,NaN,NaN,NaN,NaN,NaN,NaN,NaN,NaN,NaN,NaN,NaN,NaN,NaN,NaN,NaN,NaN,NaN,NaN,NaN,NaN,NaN,NaN,NaN,NaN,NaN,NaN,NaN,NaN,NaN,NaN,NaN,NaN,NaN,NaN,NaN,NaN,NaN,NaN,0.0001913588,-0.0002159406,-5.321702e-05
0.004494687,0.006657832,0.006827061,0.006836131,0.006687884,0.005674434,0.004562871,0.003147048,0.001597027,-0.0001497459,-0.001839214,-0.003631088,-0.005281864,-0.006942311,-0.008387979,-0.009770435,-0.01088639,-0.01188778,-0.01258824,-0.01313963,-0.01337164,-0.01344225,-0.01319276,-0.01278464,-0.01207465,-0.01122873,-0.01011261,-0.008898223,-0.007462505,-0.005980931,-0.004335814,-0.002705856,-0.0009795123,0.0006648597,0.00233355,0.003852255,0.005331054,0.006593074,0.007757562,0.008659203,0.009414663,0.009881504,0.01019532,0.01019439,0.01005423,0.009623596,0.009080609,0.008316321,0.007442636,0.006422691,0.00547427,0.004268975,0.003263901,0.002356932,0.001275428,0.0005548931,0.0001213551,-3.786211e-05,-9.665981e-06,6.547812e-07,NaN,NaN,NaN,NaN,NaN,NaN,NaN,NaN,NaN,NaN,NaN,NaN,NaN,NaN,NaN,NaN,NaN,NaN,NaN,NaN,NaN,NaN,NaN,NaN,NaN,NaN,NaN,NaN,NaN,NaN,NaN,NaN,NaN,NaN,NaN,NaN,NaN,NaN,NaN,NaN,NaN,NaN,NaN,0.0001773747,-0.0001389623,-0.0002397852,0.0007281939,0.002785258
0.007753762,0.008915138,0.008558525,0.007798832,0.006775671,0.005356153,0.003661382,0.001790798,-0.0001168069,-0.002185028,-0.004129382,-0.006123581,-0.007912227,-0.009685677,-0.01116352,-0.01257927,-0.0136424,-0.01460968,-0.01518484,-0.01564901,-0.01570229,-0.01564432,-0.01517696,-0.01461567,-0.01366425,-0.0126533,-0.0112854,-0.009906166,-0.008220631,-0.006584679,-0.004700347,-0.002933203,-0.0009851613,0.0007757176,0.002648333,0.004260643,0.005919744,0.007259974,0.008588795,0.009539442,0.01045327,0.01095824,0.01139739,0.01143901,0.01140451,0.01098532,0.01055927,0.009750617,0.008972416,0.007939084,0.006950389,0.005738419,0.004749987,0.00360283,0.002517283,0.001737147,0.0008277805,0.0002938266,5.360655e-05,-3.563366e-05,1.330116e-06,NaN,NaN,NaN,NaN,NaN,NaN,NaN,NaN,NaN,NaN,NaN,NaN,NaN,NaN,NaN,NaN,NaN,NaN,NaN,NaN,NaN,NaN,NaN,NaN,NaN,NaN,NaN,NaN,NaN,NaN,NaN,NaN,NaN,NaN,NaN,NaN,NaN,NaN,NaN,NaN,NaN,-3.289124e-05,-0.0003347537,0.0005223928,0.002614913,0.004548171,0.00781318
0.01038582,0.01020488,0.009095475,0.007675294,0.006011566,0.00396723,0.001860887,-0.0004238684,-0.002670703,-0.004985745,-0.007123444,-0.009266695,-0.01113078,-0.01294109,-0.01440513,-0.01576842,-0.01673805,-0.01758119,-0.01800292,-0.01828772,-0.01814142,-0.0178688,-0.01717454,-0.01637729,-0.01518712,-0.01393594,-0.01233144,-0.01071991,-0.008811689,-0.006961973,-0.00487693,-0.002920542,-0.0007979629,0.00112442,0.003141559,0.004888483,0.006670023,0.008116044,0.009542855,0.01058853,0.0115739,0.01215655,0.01266933,0.01275339,0.01278762,0.01241805,0.012005,0.01125003,0.01049094,0.009428192,0.008464084,0.007224902,0.006153292,0.004936127,0.003848567,0.002777586,0.001868067,0.001143607,0.0004854102,0.0001301637,1.522359e-05,-1.66625e-05,-4.949257e-06,NaN,NaN,NaN,NaN,NaN,NaN,NaN,NaN,NaN,NaN,NaN,NaN,NaN,NaN,NaN,NaN,NaN,NaN,NaN,NaN,NaN,NaN,NaN,NaN,NaN,NaN,NaN,NaN,NaN,NaN,NaN,NaN,NaN,NaN,NaN,NaN,NaN,-3.152368e-05,-0.0003897198,0.0003968563,0.002644405,0.004917987,0.00849201,0.009143868,0.0105446
0.01144313,0.01015017,0.008496528,0.006315134,0.004047926,0.001558287,-0.0009701691,-0.003596755,-0.006073085,-0.00858068,-0.01084102,-0.01303102,-0.01491279,-0.01666544,-0.01805096,-0.01926977,-0.02008927,-0.02072125,-0.02093657,-0.02096387,-0.02057712,-0.02001788,-0.0190663,-0.01797373,-0.01652653,-0.01498632,-0.01313871,-0.0112576,-0.009131712,-0.007041364,-0.004770835,-0.002608196,-0.0003362981,0.001756856,0.003890195,0.005773628,0.007636932,0.009195355,0.01068068,0.01180709,0.01284222,0.01349153,0.01402524,0.01418285,0.01422313,0.0138978,0.01351113,0.01276315,0.01200702,0.01097176,0.009942992,0.00870647,0.007592263,0.006264413,0.005131293,0.003942713,0.002930934,0.001949096,0.001232272,0.0005977547,0.0001860265,-1.303553e-05,-2.9863e-06,1.361936e-06,1.257849e-05,-4.588862e-05,NaN,NaN,NaN,NaN,NaN,NaN,NaN,NaN,NaN,NaN,NaN,NaN,NaN,NaN,NaN,NaN,NaN,NaN,NaN,NaN,NaN,NaN,NaN,NaN,NaN,NaN,NaN,NaN,NaN,NaN,NaN,0.0003788562,-0.0002223107,-0.0004052603,0.0004792895,0.003069971,0.005166952,0.009256703,0.0109095,0.01201999,0.01238996,0.01241488
0.01096599,0.008771565,0.006375344,0.003632586,0.0009281259,-0.002058896,-0.004826436,-0.007719762,-0.01033338,-0.01294856,-0.0151962,-0.01738785,-0.01914222,-0.0207891,-0.02196413,-0.02299636,-0.02353919,-0.0239269,-0.0238234,-0.0235695,-0.02284029,-0.02198625,-0.02068991,-0.01930518,-0.01752779,-0.01571519,-0.01356573,-0.01144359,-0.009054279,-0.006762211,-0.004271976,-0.001950059,0.00049715,0.002707635,0.004972219,0.006936616,0.008898637,0.01050359,0.01205782,0.01321852,0.01429457,0.01496284,0.01553908,0.01568924,0.01576953,0.01544685,0.01505878,0.01432757,0.01356927,0.01249254,0.0114799,0.01019024,0.009002984,0.007641487,0.006430991,0.00508887,0.00400697,0.002864377,0.001978707,0.001104993,0.0005407191,7.087676e-05,-9.173019e-05,-0.0002045666,-5.165636e-05,2.267406e-05,5.608895e-05,-4.435249e-05,NaN,NaN,NaN,NaN,NaN,NaN,NaN,NaN,NaN,NaN,NaN,NaN,NaN,NaN,NaN,NaN,NaN,NaN,NaN,NaN,NaN,NaN,NaN,NaN,NaN,NaN,NaN,0.0002499743,-0.0004460129,-0.0003432649,0.0009320985,0.004106587,0.005506404,0.01053759,0.01228844,0.01356763,0.01456195,0.01456548,0.01386546,0.01252842
0.008607172,0.005789715,0.002812994,-0.0003808404,-0.003550452,-0.006711762,-0.009751522,-0.01271444,-0.01538801,-0.01794729,-0.02013217,-0.02214262,-0.02372648,-0.02511058,-0.0260248,-0.02673419,-0.02695743,-0.0269858,-0.02652499,-0.02589845,-0.02480052,-0.02357941,-0.02192224,-0.02019621,-0.01808335,-0.01596828,-0.01352114,-0.01114585,-0.008505188,-0.006014316,-0.003322131,-0.0008567258,0.001743516,0.004046102,0.006422244,0.008433961,0.01046937,0.01209108,0.01369514,0.01484061,0.01596019,0.01659925,0.01719799,0.01732894,0.01742315,0.01706086,0.01671351,0.01591581,0.01518274,0.01406548,0.01302932,0.01167635,0.01048963,0.008996198,0.007751392,0.006297838,0.005113438,0.003774612,0.002797625,0.001692982,0.0009792352,0.0002229485,-0.0001558173,-0.0005809781,-0.0004100928,-0.000522623,-0.0002231038,-1.103504e-05,7.701867e-05,9.359105e-05,-3.728338e-05,NaN,NaN,NaN,NaN,NaN,NaN,NaN,NaN,NaN,NaN,NaN,NaN,NaN,NaN,NaN,NaN,NaN,NaN,NaN,NaN,NaN,0.0002948454,-0.0004916478,-0.0003268968,9.166325e-05,0.002345291,0.005056734,0.006575485,0.01302602,0.01298318,0.0153644,0.01624322,0.01674804,0.01618186,0.01498593,0.01327631,0.0112264
0.00457667,0.001266085,-0.002305377,-0.005705373,-0.009163396,-0.0124291,-0.01557004,-0.01842039,-0.02109064,-0.02339155,-0.02543914,-0.0270992,-0.02845043,-0.02940087,-0.03002371,-0.03024734,-0.03014257,-0.02965997,-0.02886164,-0.02772243,-0.02629793,-0.02458625,-0.02263389,-0.02045454,-0.01809257,-0.01557506,-0.0129351,-0.01021596,-0.007443583,-0.004669709,-0.001906983,0.0007826166,0.00339732,0.00587118,0.008211675,0.01035274,0.01231799,0.01403314,0.01554033,0.01676837,0.01776861,0.01847926,0.01896629,0.01914966,0.01913851,0.01884278,0.01836346,0.01765174,0.01679297,0.01571964,0.01458373,0.01326443,0.01191817,0.01047932,0.009061445,0.007578301,0.006217567,0.004840857,0.003608308,0.002419158,0.001449929,0.0005434468,-0.0001179689,-0.0006688458,-0.0009477111,-0.00137837,-0.001063037,-0.0006128226,-0.0008931397,-0.0002980864,-7.540505e-06,8.083995e-05,0.0001774167,0.0001097357,9.808292e-06,-7.246295e-06,NaN,NaN,NaN,NaN,NaN,NaN,NaN,NaN,NaN,NaN,NaN,0.0001341088,0.0001845496,-0.0001543252,-0.0004477554,-0.0001902584,0.0001630314,0.001919466,0.005439137,0.003953644,0.01012518,0.01479278,0.01419684,0.01741203,0.01769199,0.01857016,0.01816348,0.01717384,0.01547459,0.01350289,0.0107233,0.007807605
-0.001140516,-0.004911534,-0.008608974,-0.01226676,-0.01574752,-0.01898135,-0.0219961,-0.02469309,-0.02707088,-0.02909657,-0.03077002,-0.03204325,-0.03295916,-0.033461,-0.03360835,-0.03334956,-0.03276127,-0.03178907,-0.03052112,-0.02891038,-0.02705437,-0.02490718,-0.02257724,-0.0200158,-0.01734233,-0.01450436,-0.01162553,-0.008652723,-0.005715241,-0.002752875,0.0001046972,0.002922376,0.005568902,0.008119978,0.01044241,0.01262121,0.01452669,0.0162578,0.01768113,0.01890551,0.01981676,0.0205214,0.02090335,0.02110255,0.02098098,0.02069698,0.02013567,0.01942381,0.01847539,0.01743796,0.01617382,0.0148851,0.01343592,0.01197899,0.01042807,0.008952053,0.007396757,0.005970888,0.00454299,0.003282076,0.002048457,0.001039932,8.389277e-05,-0.000615744,-0.001255898,-0.001636819,-0.001772385,-0.001878184,-0.002376626,-0.001478053,-0.0007656167,-0.001144578,-0.001025653,-0.0002705336,-2.606227e-05,3.878553e-05,8.520429e-05,0.0001657548,0.0001960062,0.0001891379,0.0001268471,0.0001045443,1.864485e-05,-6.720643e-05,-0.0001972553,-0.0001292359,-6.590945e-05,7.102206e-05,0.0001482733,0.001202014,0.004034784,0.004313271,0.003200845,0.009509613,0.01483254,0.01271212,0.01643965,0.01893067,0.01933639,0.02019711,0.01980243,0.01873309,0.01732403,0.01529933,0.01265641,0.009496585,0.006177595,0.002624451
-0.008325092,-0.01224438,-0.01608503,-0.01964003,-0.0229854,-0.02602978,-0.02874119,-0.03107764,-0.03306994,-0.03463146,-0.03582253,-0.03658412,-0.03696254,-0.03692009,-0.03651454,-0.03571059,-0.03457743,-0.03308497,-0.0313069,-0.02922202,-0.02690805,-0.02435156,-0.02163068,-0.01873411,-0.01574495,-0.0126519,-0.009535843,-0.006388102,-0.003288783,-0.0002260609,0.002724758,0.005577036,0.008259636,0.01079123,0.01310378,0.01522475,0.01709303,0.01873707,0.02010679,0.02124047,0.02208617,0.02269842,0.02303143,0.02312871,0.02297521,0.02260968,0.02200322,0.02123704,0.02025813,0.01913979,0.01787985,0.01650872,0.01502472,0.0135111,0.01191896,0.01032441,0.008732831,0.007184655,0.0056606,0.004240285,0.002901371,0.001691746,0.0005999819,-0.0003285292,-0.001140002,-0.001764476,-0.002175121,-0.002550216,-0.002772317,-0.002426084,-0.002400414,-0.003089597,-0.002876541,-0.001270183,-0.0004853572,-0.0004797188,-0.0007334954,-0.001058807,-0.0009895533,-0.0005872012,-0.0001751611,0.0001764721,0.0006819313,0.001512248,0.002376969,0.002315973,0.001698607,0.001544641,0.002377108,0.006298397,0.01273123,0.01233389,0.01116882,0.01572624,0.01871962,0.0186639,0.02033442,0.02154014,0.02088391,0.01997238,0.01850027,0.01656288,0.01393669,0.01078046,0.007324158,0.003666342,-0.000318864,-0.004348606
-0.016624,-0.0205035,-0.02409745,-0.02745864,-0.03046111,-0.03308565,-0.03534,-0.0371849,-0.03859859,-0.0396068,-0.0401809,-0.04034092,-0.04009042,-0.0394464,-0.03842215,-0.03704316,-0.03533121,-0.03331258,-0.03101468,-0.02847216,-0.02571492,-0.02277959,-0.01970012,-0.01651228,-0.01325293,-0.009955426,-0.006655908,-0.003386924,-0.0001836487,0.002926593,0.005912281,0.008749878,0.0114114,0.01388087,0.01613362,0.01815967,0.01994034,0.02147616,0.02274821,0.02376341,0.02451984,0.02501875,0.02526119,0.02527304,0.02503558,0.02458977,0.02393721,0.02308676,0.02206963,0.02090668,0.01958689,0.01817757,0.01666814,0.01508125,0.0134534,0.01181409,0.0101475,0.008517218,0.006927797,0.005405943,0.003954567,0.002621453,0.001390642,0.0003030239,-0.0006450809,-0.00141076,-0.002065463,-0.002597532,-0.002920579,-0.002966616,-0.00317716,-0.003425498,-0.002929129,-0.00190698,-0.001377828,-0.001531185,-0.002167104,-0.00273665,-0.002428095,-0.001243587,4.558579e-05,0.001377201,0.003068131,0.005433491,0.007331525,0.00717102,0.005923748,0.005908774,0.007897064,0.01246607,0.01651265,0.01688441,0.01707172,0.01969589,0.02136037,0.02113238,0.02110668,0.02042717,0.01909115,0.01713759,0.0145062,0.01131871,0.007872185,0.004132565,6.560778e-05,-0.004194506,-0.008373581,-0.01252608
-0.02540483,-0.02897284,-0.0322474,-0.03509812,-0.03757741,-0.03965073,-0.04127596,-0.04246603,-0.04323043,-0.04354264,-0.04343981,-0.04291812,-0.04200146,-0.040705,-0.03906046,-0.03708462,-0.03481598,-0.0322753,-0.02950369,-0.02652671,-0.02338682,-0.02011357,-0.01674711,-0.0133175,-0.00986514,-0.006418383,-0.00301394,0.0003204377,0.00355187,0.006656334,0.009606606,0.01238183,0.01496057,0.01732645,0.01946332,0.02136213,0.02301289,0.02440733,0.02554668,0.02642942,0.02705313,0.02743109,0.02756596,0.02745904,0.02714042,0.02660381,0.02586802,0.02496326,0.02388421,0.02265584,0.02131663,0.01985063,0.01830039,0.01669333,0.0150291,0.01333202,0.0116482,0.009969211,0.008323765,0.006735427,0.005229611,0.003806016,0.00250165,0.001313856,0.0002624627,-0.0006569643,-0.001402568,-0.001998833,-0.002403027,-0.002711837,-0.002970011,-0.003019294,-0.002618931,-0.001982117,-0.001693452,-0.001813403,-0.002092317,-0.002023754,-0.001167181,0.0003294562,0.002106909,0.00406391,0.006335719,0.008638388,0.01007042,0.01010695,0.009853737,0.01064475,0.01305093,0.01648481,0.01913702,0.01956237,0.01983096,0.02057652,0.02052151,0.01978174,0.01858662,0.01684029,0.0141932,0.01107599,0.007636239,0.003909172,-0.0002099034,-0.004549783,-0.008889938,-0.01317228,-0.01747032,-0.02158277
-0.03403989,-0.03709308,-0.03971821,-0.04197329,-0.04376781,-0.04510441,-0.04600798,-0.04645942,-0.04645925,-0.0460458,-0.04521003,-0.04398627,-0.04239186,-0.0404567,-0.03820433,-0.03567144,-0.03288487,-0.0298814,-0.02669092,-0.02335399,-0.0199002,-0.01636898,-0.01279101,-0.009203377,-0.005635355,-0.002120555,0.001314051,0.004638304,0.007828588,0.01086004,0.0137133,0.01636839,0.01881045,0.02102594,0.02300453,0.02473712,0.02621881,0.02744957,0.02842401,0.02914685,0.02962622,0.02986033,0.02986134,0.02964665,0.02920914,0.02858062,0.02776953,0.02677806,0.02564293,0.02437303,0.02296858,0.02148078,0.01990652,0.01825908,0.01657827,0.01487923,0.01315889,0.0114636,0.009804811,0.008197252,0.006654076,0.005207489,0.003855942,0.002628048,0.001532414,0.0005884465,-0.0002325353,-0.0008952576,-0.001399451,-0.001724755,-0.001902167,-0.001854641,-0.00158099,-0.001272804,-0.00106123,-0.0009444873,-0.0007476234,-0.0001369772,0.00107663,0.002799098,0.004777043,0.006920964,0.009101635,0.01102908,0.01220642,0.01263783,0.01302027,0.01414135,0.01600683,0.01798376,0.01891662,0.01901624,0.01875133,0.01827256,0.01718856,0.01526538,0.01284793,0.009863847,0.006592247,0.002895684,-0.001200033,-0.005555614,-0.009915622,-0.01426717,-0.01863842,-0.02291232,-0.02687847,-0.03059186
-0.04169185,-0.04403525,-0.04596836,-0.047403,-0.04840343,-0.04895703,-0.0490447,-0.0486981,-0.04793888,-0.0467623,-0.04521543,-0.0433097,-0.04107907,-0.03854974,-0.03575935,-0.03273404,-0.02951403,-0.02612742,-0.02261482,-0.01900423,-0.01533589,-0.01163791,-0.007946622,-0.004288601,-0.000697568,0.002802987,0.006183726,0.009424283,0.01250008,0.01539488,0.01808945,0.02057176,0.02282798,0.02484998,0.02662915,0.02816347,0.02944875,0.03048362,0.03127361,0.0318216,0.0321285,0.03221083,0.03207196,0.03171724,0.03117429,0.03043899,0.02952994,0.02847499,0.02726847,0.0259364,0.02450961,0.02297616,0.02137377,0.01972654,0.01803228,0.01631601,0.01461497,0.01292359,0.01126588,0.009664205,0.008138206,0.006691992,0.005355356,0.004130504,0.003032692,0.00206525,0.001266332,0.000620169,0.000138438,-0.0002082904,-0.000381429,-0.000370906,-0.0001892896,0.0001107343,0.0004263164,0.0008146616,0.001421688,0.002382078,0.003732687,0.005375831,0.007203744,0.009066292,0.01080822,0.01217376,0.01305123,0.01359949,0.01419907,0.0150001,0.01590901,0.01649574,0.01654418,0.01576432,0.01451507,0.01276282,0.01044908,0.007771596,0.004614452,0.001087555,-0.002943959,-0.007180252,-0.01147038,-0.01577151,-0.02014703,-0.02444589,-0.0284886,-0.03224599,-0.0357881,-0.03896035
-0.04771763,-0.04923342,-0.05027046,-0.05089459,-0.05104651,-0.05074789,-0.05003829,-0.04891451,-0.04739575,-0.04552744,-0.04331643,-0.04080393,-0.03801732,-0.03499066,-0.03175411,-0.02834612,-0.0247962,-0.0211413,-0.01741133,-0.01364302,-0.009864092,-0.006107722,-0.002400838,0.001227147,0.004752842,0.008150865,0.01140103,0.01448261,0.01737934,0.02007557,0.02255903,0.02481898,0.02684714,0.02863815,0.03018771,0.0314936,0.03255587,0.03337977,0.03396376,0.03431677,0.0344483,0.03436001,0.0340655,0.03358178,0.03290421,0.03206373,0.03106701,0.02991867,0.02865214,0.02727463,0.02578801,0.02423854,0.02262156,0.02095178,0.01926335,0.01756875,0.015867,0.01419932,0.01257391,0.01100482,0.009503703,0.00809894,0.006788849,0.005600314,0.004540103,0.003626914,0.00283931,0.002206982,0.001726196,0.001437085,0.001307278,0.0013419,0.00151172,0.001773274,0.002162496,0.002693073,0.003425806,0.004402745,0.005617398,0.007017185,0.008470915,0.009868487,0.01106443,0.01197809,0.01254697,0.01284112,0.01296259,0.01301373,0.01283614,0.01226531,0.01105712,0.00945481,0.007364293,0.004848097,0.001911752,-0.001552421,-0.005322739,-0.00937205,-0.01343786,-0.01762131,-0.02189237,-0.0261254,-0.03011194,-0.03384713,-0.03736906,-0.04058823,-0.04335114,-0.04572532
-0.05147409,-0.05210862,-0.05231792,-0.05204793,-0.05137319,-0.05029634,-0.0488171,-0.04697846,-0.04481012,-0.04232086,-0.03956231,-0.03655307,-0.03333132,-0.02992604,-0.02637534,-0.02270643,-0.01895712,-0.01515438,-0.01133415,-0.007520321,-0.0037472,-3.659342e-05,0.003582038,0.007089631,0.01046036,0.0136787,0.01672347,0.01958285,0.02224011,0.02468745,0.0269127,0.02891193,0.03067728,0.03220792,0.03350017,0.03455811,0.03538081,0.0359726,0.03634065,0.03649144,0.03642778,0.03616822,0.03571554,0.03507885,0.03428249,0.03332472,0.03222338,0.03100453,0.02966225,0.02822393,0.0267133,0.02512312,0.02348647,0.02182543,0.02013619,0.01844467,0.01678037,0.01514063,0.01354491,0.01201462,0.01056352,0.009198371,0.007941132,0.006796727,0.005775021,0.004883863,0.004149922,0.003560969,0.00312015,0.002815001,0.002661439,0.002650326,0.002785468,0.003065331,0.003453301,0.003958665,0.004630397,0.00543863,0.006343806,0.007284301,0.008202857,0.008992607,0.009573786,0.009857023,0.009841978,0.009558283,0.009051148,0.008259848,0.007142898,0.005617903,0.00375765,0.001335763,-0.001476689,-0.004683415,-0.008209983,-0.0118634,-0.01571086,-0.01964759,-0.02375724,-0.02778934,-0.03161857,-0.03522278,-0.03866139,-0.04181746,-0.04455898,-0.04688735,-0.04887893,-0.05041981
-0.05271024,-0.05248296,-0.05182078,-0.05079367,-0.04936527,-0.04756969,-0.04545347,-0.04302322,-0.0403078,-0.03735367,-0.03417465,-0.0308126,-0.02729643,-0.02365876,-0.01992872,-0.01614092,-0.01232182,-0.008502968,-0.004709265,-0.0009701005,0.002693046,0.006254972,0.009696048,0.01299538,0.01613723,0.01910451,0.02188494,0.02446572,0.02683798,0.02899348,0.03092665,0.03263318,0.03411058,0.03535877,0.03637815,0.03717076,0.03774023,0.03809461,0.03823519,0.0381729,0.03791833,0.0374746,0.03685664,0.03607972,0.03514215,0.03407265,0.03287721,0.03156178,0.03015738,0.02866921,0.02710138,0.02549478,0.02384444,0.02216539,0.02048755,0.01881987,0.01716371,0.0155546,0.01399848,0.01250694,0.01109002,0.00977046,0.008545626,0.007438038,0.006451835,0.005600619,0.004864711,0.004265997,0.003795894,0.003488694,0.003306057,0.003248602,0.003296681,0.003426509,0.003664347,0.003979391,0.004380668,0.004828163,0.005288943,0.005728008,0.006067475,0.006245461,0.006190994,0.0058799,0.005266356,0.004335164,0.003076975,0.001534482,-0.0003384775,-0.002546318,-0.00517835,-0.008024294,-0.01116579,-0.01450926,-0.01803012,-0.02176387,-0.02552648,-0.029285,-0.03282775,-0.0362385,-0.03950149,-0.04252286,-0.04514677,-0.04738894,-0.04930455,-0.05083096,-0.05186349,-0.05248215
-0.05131666,-0.05032176,-0.04897206,-0.04723578,-0.04519137,-0.04284815,-0.04021671,-0.03734253,-0.03425671,-0.03097271,-0.02753974,-0.02397636,-0.02031822,-0.01659118,-0.0128283,-0.009052265,-0.005294677,-0.001576589,0.00207364,0.005638874,0.009093158,0.01242183,0.01560389,0.01862767,0.02147562,0.02413916,0.02660511,0.028868,0.03091815,0.03275367,0.03436844,0.03576349,0.03693593,0.03788888,0.03862277,0.03914447,0.03945574,0.0395636,0.0394768,0.03920273,0.03874641,0.03812581,0.03734449,0.03641256,0.03535266,0.03416335,0.03286316,0.03147432,0.02999271,0.02844447,0.02684886,0.02520064,0.02353016,0.02185521,0.02017279,0.01850588,0.01687901,0.01528898,0.01375285,0.01228724,0.01090216,0.009601932,0.008402971,0.007307029,0.00632014,0.005446853,0.004705316,0.004079779,0.003567334,0.003154355,0.002848103,0.002633034,0.002512156,0.002473041,0.00247743,0.002505371,0.002568505,0.002611941,0.002598103,0.002482075,0.002237284,0.001799531,0.001134934,0.0001877621,-0.001036182,-0.002537247,-0.00429659,-0.006360109,-0.008683184,-0.01127303,-0.01402911,-0.01709307,-0.02031444,-0.02366889,-0.02709058,-0.03039221,-0.03363461,-0.03674478,-0.0397963,-0.04258163,-0.04501433,-0.04710093,-0.04891108,-0.05035759,-0.05135383,-0.05192379,-0.05215071,-0.05195098
-0.04761091,-0.04597815,-0.04401715,-0.04179386,-0.03928599,-0.03653074,-0.0335742,-0.03042496,-0.02711365,-0.02368112,-0.02014142,-0.01653108,-0.01287504,-0.009200121,-0.005530042,-0.001891824,0.001694014,0.00520369,0.008619273,0.01191951,0.01509035,0.01811409,0.02097861,0.02367033,0.02618067,0.0284988,0.03061935,0.0325349,0.03424258,0.03573882,0.03702313,0.03809489,0.03895589,0.03960852,0.04005687,0.04030443,0.04035771,0.04022509,0.03991079,0.03942526,0.03878022,0.03797866,0.03703722,0.03596773,0.03477224,0.03347538,0.03208381,0.03060275,0.02906176,0.02746281,0.02581291,0.02414568,0.02245726,0.02076031,0.0190821,0.01742568,0.01579511,0.0142179,0.01269917,0.01124476,0.009863943,0.008570543,0.007362058,0.006252172,0.005243523,0.004339647,0.003523673,0.002806475,0.002179113,0.00165864,0.001210678,0.0008271554,0.0004860102,0.0001608282,-0.0001365245,-0.0004439563,-0.0007762135,-0.001167205,-0.001637058,-0.002216077,-0.002951801,-0.003877264,-0.005021419,-0.006389239,-0.007995908,-0.009852755,-0.01196056,-0.01428505,-0.01678783,-0.01945536,-0.02233001,-0.02520262,-0.02814529,-0.03104906,-0.03392695,-0.03676894,-0.03944968,-0.04194799,-0.04410823,-0.04600874,-0.04765712,-0.04899037,-0.04990018,-0.05041754,-0.05061293,-0.05044159,-0.04983659,-0.04888203
-0.04199968,-0.03990714,-0.03757164,-0.03497218,-0.0321838,-0.0292148,-0.02607927,-0.02281775,-0.01945764,-0.01601038,-0.01251847,-0.008995484,-0.005471144,-0.001964822,0.001497544,0.004900448,0.008219711,0.01144089,0.0145437,0.01751753,0.02034448,0.02301593,0.02551811,0.02784516,0.02998647,0.031938,0.03369287,0.03524961,0.03660375,0.03775671,0.03870659,0.03945711,0.04000866,0.04036615,0.04053302,0.04051663,0.04032088,0.03995338,0.03942452,0.03874071,0.03790887,0.03694516,0.03585449,0.03464593,0.03334118,0.03193774,0.03045502,0.0289102,0.02730153,0.02565179,0.02397735,0.02227249,0.02056555,0.01886823,0.01717931,0.0155161,0.01389934,0.01232274,0.01080192,0.009346225,0.007963422,0.006652148,0.00542564,0.004278544,0.003215126,0.002232395,0.001344669,0.0005309915,-0.0002114131,-0.0009085015,-0.001549314,-0.00215709,-0.00273042,-0.003288094,-0.003864737,-0.00447505,-0.005133737,-0.005866744,-0.006692349,-0.007649805,-0.008749684,-0.0100266,-0.01147964,-0.0131345,-0.01495679,-0.01694042,-0.0190662,-0.02137498,-0.02376056,-0.02622983,-0.02869291,-0.03123702,-0.03374843,-0.03619039,-0.03853487,-0.04060729,-0.04248789,-0.04413369,-0.04562225,-0.04678298,-0.0475677,-0.04800448,-0.04817175,-0.04800251,-0.04744488,-0.04653379,-0.04535364,-0.04383912
-0.03517053,-0.03278124,-0.03018561,-0.0274396,-0.02452693,-0.02148122,-0.01834281,-0.01511702,-0.01183134,-0.008517489,-0.005186416,-0.001866359,0.001423561,0.004663999,0.007837377,0.01092514,0.01391305,0.01678401,0.01952694,0.02212724,0.02457731,0.02686524,0.02898452,0.03092698,0.03268946,0.03426501,0.03565313,0.03684986,0.03785619,0.03867119,0.03929739,0.03973641,0.03999235,0.04006877,0.0399721,0.03970587,0.03927847,0.03869749,0.03796954,0.03710345,0.03611135,0.03499573,0.03377413,0.0324546,0.03104217,0.02955688,0.02800578,0.02639251,0.02474462,0.02306058,0.02134963,0.01963736,0.0179211,0.01620962,0.01452764,0.01287215,0.01124887,0.009676649,0.0081601,0.006698722,0.005301374,0.003972842,0.002712124,0.001523121,0.0004084592,-0.0006383396,-0.001628669,-0.002559727,-0.003435372,-0.004259652,-0.005051294,-0.005824678,-0.006599201,-0.007395685,-0.008206551,-0.009052185,-0.009969228,-0.0109538,-0.01200763,-0.01315947,-0.0144386,-0.0158539,-0.01740179,-0.01906801,-0.02083954,-0.02272147,-0.02471319,-0.02679394,-0.02887494,-0.03096261,-0.03308524,-0.03505301,-0.03694826,-0.0386647,-0.04025519,-0.04169011,-0.04289749,-0.04386669,-0.04449093,-0.04484688,-0.044961,-0.04479023,-0.04426127,-0.04341273,-0.04232021,-0.04094793,-0.03925336,-0.0373161
-0.02773258,-0.02522535,-0.02258324,-0.01978946,-0.0169097,-0.01394791,-0.01091656,-0.00784813,-0.004763852,-0.001670654,0.001397128,0.004432099,0.007411117,0.01032166,0.01314434,0.01587045,0.01848274,0.02097154,0.02332377,0.02553335,0.02758892,0.02948605,0.03121604,0.03277691,0.03416304,0.03537292,0.03640392,0.03725703,0.03793091,0.03842872,0.03875094,0.03890282,0.03888643,0.03870752,0.03837115,0.03788437,0.03725227,0.03648218,0.03558523,0.03456644,0.03343369,0.03220107,0.03087394,0.02946003,0.0279792,0.02642806,0.02482543,0.02318386,0.02150284,0.01980134,0.01809287,0.01637057,0.0146601,0.01296738,0.01129204,0.009646414,0.008047125,0.00648481,0.004973378,0.00351614,0.002119311,0.000776973,-0.0004989463,-0.001719815,-0.0028815,-0.003992512,-0.005038748,-0.006041924,-0.007000038,-0.007950555,-0.008869833,-0.009783172,-0.0106864,-0.01159362,-0.01253295,-0.01349863,-0.0145271,-0.01560455,-0.01673331,-0.01794576,-0.01924396,-0.02063899,-0.02211035,-0.02366322,-0.02525187,-0.02686937,-0.02850491,-0.03019671,-0.031822,-0.03340297,-0.03487164,-0.03629406,-0.0375924,-0.03873579,-0.03972126,-0.04040626,-0.04088141,-0.04112301,-0.04121087,-0.04100781,-0.04049223,-0.03970106,-0.03871293,-0.03747467,-0.03595334,-0.03418707,-0.03225303,-0.03009613
-0.02038623,-0.01788833,-0.01528463,-0.01262041,-0.009879371,-0.007089979,-0.004283764,-0.001461994,0.00135344,0.004139309,0.006889016,0.009581906,0.01220475,0.01474468,0.01718937,0.01952696,0.02174867,0.02384218,0.02580179,0.0276175,0.02928628,0.03080037,0.03215677,0.03335096,0.03438306,0.03524884,0.03595033,0.0364862,0.03685914,0.03706992,0.03712243,0.03701961,0.03676653,0.03636743,0.03582926,0.03515582,0.03435582,0.03343607,0.03240368,0.03126647,0.0300357,0.02871362,0.02731644,0.02585018,0.02432008,0.02274314,0.02112474,0.01946803,0.01779645,0.01610664,0.01440772,0.01271911,0.01103773,0.009369758,0.007735418,0.00612944,0.004556402,0.003029333,0.00155089,0.0001179128,-0.001262272,-0.002589228,-0.003863012,-0.005084626,-0.006251845,-0.007374562,-0.008459575,-0.009504993,-0.01050974,-0.01148767,-0.01244333,-0.01338958,-0.01434108,-0.01530713,-0.01628151,-0.01726478,-0.01830165,-0.01936073,-0.02043539,-0.02154586,-0.02271119,-0.02392399,-0.02517043,-0.0264277,-0.02768075,-0.02893253,-0.03018681,-0.03142416,-0.03256797,-0.03363411,-0.03464719,-0.03545558,-0.03614154,-0.03662508,-0.0369636,-0.03714633,-0.03712427,-0.03689121,-0.0363736,-0.03565203,-0.03475858,-0.03365895,-0.03230007,-0.03072575,-0.02900284,-0.02710188,-0.02499154,-0.02274362
-0.01361082,-0.01124783,-0.008828409,-0.006338628,-0.003831551,-0.001307618,0.001225205,0.003741437,0.006226942,0.008678089,0.01106889,0.0133963,0.01564355,0.0178031,0.0198611,0.02181327,0.02364787,0.02535891,0.02693819,0.02838275,0.02968543,0.03084481,0.03185532,0.03271753,0.03342843,0.03398876,0.03439764,0.03465803,0.03476986,0.03473747,0.03456225,0.03425026,0.03380406,0.03322998,0.03253283,0.03171992,0.03079597,0.02976827,0.02864636,0.02743535,0.02614215,0.02477946,0.02335082,0.02186442,0.02033557,0.01876208,0.01715926,0.01553753,0.01389498,0.01224847,0.01060708,0.008964903,0.007342646,0.005743746,0.004165822,0.002620495,0.001118212,-0.0003497673,-0.001773516,-0.003150581,-0.004477907,-0.005760322,-0.006989048,-0.008174527,-0.009314606,-0.01041535,-0.01146542,-0.01248057,-0.0134585,-0.01443088,-0.01537222,-0.01630063,-0.01720995,-0.01810629,-0.01901075,-0.01990796,-0.02082947,-0.02175014,-0.02266957,-0.02360529,-0.02455551,-0.02551855,-0.02647611,-0.02742493,-0.02833214,-0.02918987,-0.02999423,-0.03076663,-0.0314304,-0.03199962,-0.03242561,-0.0327787,-0.03299262,-0.03306493,-0.03297984,-0.03265431,-0.0321623,-0.03149309,-0.03071824,-0.02973434,-0.02853003,-0.02714271,-0.02564144,-0.0239859,-0.02214728,-0.02016556,-0.01810335,-0.01591366
-0.007853311,-0.005685878,-0.003478278,-0.001266622,0.0009672947,0.003199694,0.005408012,0.007593647,0.009740707,0.01183213,0.01386556,0.01582566,0.01770437,0.01949313,0.02118405,0.0227693,0.02424398,0.0255998,0.02683406,0.02794025,0.02891764,0.02976162,0.03047121,0.03104431,0.03148229,0.03178341,0.03195032,0.03198351,0.03188614,0.03166014,0.03130965,0.0308382,0.0302508,0.02955208,0.02874809,0.02784318,0.02684501,0.02575997,0.0245936,0.02335386,0.02204961,0.02068331,0.01926803,0.01780939,0.01631058,0.01478702,0.01324099,0.0116763,0.01011098,0.008541536,0.006975037,0.005427467,0.003893819,0.002380009,0.0009004935,-0.0005487842,-0.001966037,-0.003340268,-0.00467191,-0.005962671,-0.007208018,-0.008406674,-0.009560002,-0.01066747,-0.01172879,-0.01275029,-0.01373797,-0.01468635,-0.01559475,-0.01646997,-0.01731608,-0.01813813,-0.01894729,-0.01974413,-0.02052147,-0.02127622,-0.02203627,-0.02277466,-0.02348619,-0.02417803,-0.02486231,-0.02552739,-0.02616483,-0.02675406,-0.02729254,-0.02778104,-0.0282232,-0.02859418,-0.02886572,-0.02904283,-0.02914843,-0.02907308,-0.02888497,-0.02853731,-0.02807057,-0.02750338,-0.02678816,-0.0259228,-0.02485163,-0.02365799,-0.0223685,-0.02095308,-0.01936838,-0.01766034,-0.01588116,-0.01400648,-0.0120088,-0.009951647
-0.003285727,-0.001372565,0.0005518416,0.00249972,0.004429109,0.006342472,0.008235765,0.01008913,0.0118942,0.0136495,0.01533589,0.01695294,0.01848892,0.01993943,0.02129502,0.02255374,0.02370757,0.02475365,0.0256864,0.02650519,0.02720503,0.02778656,0.02824624,0.02858596,0.02880386,0.02890238,0.02888115,0.02874408,0.02849158,0.02812847,0.02765636,0.0270812,0.02640545,0.02563535,0.02477474,0.02383089,0.0228074,0.02171123,0.02054954,0.01932763,0.01805061,0.01672973,0.01536638,0.01396894,0.01254821,0.01110303,0.009645075,0.008183164,0.006713824,0.005252164,0.003803201,0.002362684,0.0009464428,-0.0004429304,-0.001809553,-0.003141873,-0.004434221,-0.005693105,-0.006911964,-0.008087319,-0.009218631,-0.01030771,-0.01134908,-0.01234902,-0.01330701,-0.01422419,-0.01509284,-0.01592274,-0.01671343,-0.01748291,-0.01821279,-0.01891227,-0.0195746,-0.02020187,-0.02080873,-0.0213827,-0.02193767,-0.02245966,-0.02294994,-0.023414,-0.02384754,-0.02424778,-0.02460507,-0.02491791,-0.02516804,-0.02534774,-0.0254545,-0.02550079,-0.02545486,-0.02531834,-0.02505844,-0.0247477,-0.02432592,-0.02380938,-0.02317124,-0.02236886,-0.02145798,-0.02043665,-0.01936375,-0.01815887,-0.01681322,-0.01536182,-0.01386139,-0.01227885,-0.01058711,-0.008824262,-0.007038677,-0.005189014
-1.807714e-05,0.001642695,0.003309456,0.004954303,0.006595812,0.008214729,0.009795178,0.01134032,0.01283879,0.01427817,0.01565886,0.01696931,0.01820506,0.01936031,0.02043033,0.02140971,0.02229577,0.02308356,0.02377158,0.02435593,0.02483674,0.02521149,0.0254803,0.02564242,0.02569944,0.02565129,0.02550041,0.02524813,0.0248975,0.02445087,0.02391204,0.02328435,0.02257228,0.02178016,0.0209128,0.01997449,0.01897138,0.01790908,0.01679146,0.01562596,0.01441904,0.01317294,0.01189782,0.01059847,0.009276408,0.007945074,0.006604478,0.00525854,0.003920837,0.002588013,0.001265293,-3.396628e-05,-0.001315918,-0.002574627,-0.003799692,-0.004994304,-0.006158034,-0.007280814,-0.008364705,-0.009409749,-0.01041318,-0.01137234,-0.01228959,-0.01316174,-0.01398947,-0.0147753,-0.01552512,-0.01623152,-0.0168948,-0.0175128,-0.0180939,-0.01863695,-0.01915093,-0.01963323,-0.02007594,-0.02047971,-0.02085512,-0.02118939,-0.02147974,-0.02172627,-0.02193672,-0.02210276,-0.0222224,-0.02228227,-0.02228797,-0.02224008,-0.02214045,-0.02196733,-0.02172082,-0.02139935,-0.02102415,-0.02051388,-0.01992546,-0.01923023,-0.01845936,-0.01764028,-0.01672864,-0.01572401,-0.01458195,-0.01337973,-0.01213689,-0.01082632,-0.009410909,-0.007933058,-0.006433436,-0.004889543,-0.003276858,-0.001649537
0.002078413,0.003480964,0.004875598,0.00627363,0.007641338,0.00898342,0.01029808,0.01156997,0.01279445,0.01397148,0.01508677,0.01614138,0.01712699,0.0180411,0.01887727,0.01963474,0.02030773,0.02089565,0.02139413,0.02180401,0.02212138,0.02234796,0.02248131,0.02252381,0.02247399,0.02233504,0.02210655,0.0217925,0.02139328,0.02091353,0.02035453,0.01972157,0.01901656,0.01824506,0.01740985,0.01651741,0.01557013,0.01457414,0.0135346,0.01245616,0.0113423,0.0102026,0.009036937,0.007852893,0.006658072,0.005451549,0.004242302,0.003037416,0.00183274,0.0006415094,-0.0005339209,-0.001696588,-0.002834203,-0.003944694,-0.005032485,-0.006087079,-0.007105282,-0.008091525,-0.009041056,-0.00994988,-0.01081864,-0.0116471,-0.01243194,-0.01317597,-0.01387922,-0.01453967,-0.01515242,-0.01572402,-0.01625524,-0.01675383,-0.01720893,-0.01762424,-0.01799357,-0.01831864,-0.01860972,-0.01886,-0.0190714,-0.01924174,-0.01937342,-0.01946706,-0.01951781,-0.01952575,-0.01948724,-0.0194044,-0.01926675,-0.01906839,-0.01880757,-0.0184955,-0.01812015,-0.01767903,-0.01715006,-0.01659986,-0.01597574,-0.01529872,-0.01454092,-0.01367631,-0.01274993,-0.01176406,-0.01076561,-0.009687033,-0.008520848,-0.007298879,-0.006066779,-0.004794329,-0.003457672,-0.002090061,-0.0007289154,0.00066318
0.003146275,0.004331956,0.005511278,0.006663201,0.007805085,0.008921592,0.0100012,0.0110481,0.01205378,0.0130093,0.0139163,0.01476598,0.0155559,0.01628201,0.01694147,0.01753032,0.01804701,0.01848874,0.01885435,0.01914157,0.01935063,0.01948019,0.01953067,0.01950191,0.01939523,0.01921122,0.01895179,0.01861839,0.01821352,0.01773937,0.01719896,0.01659513,0.01593139,0.01521136,0.01443868,0.01361689,0.01275074,0.0118447,0.01090147,0.009927235,0.008926455,0.007900988,0.006858777,0.005803275,0.004735222,0.003665719,0.002593647,0.001522469,0.0004626823,-0.0005889907,-0.001628377,-0.002644542,-0.003643668,-0.004620111,-0.005565809,-0.006483858,-0.007373885,-0.008226815,-0.009045001,-0.009827762,-0.01057309,-0.01127796,-0.0119449,-0.01256939,-0.01315219,-0.01369408,-0.01420044,-0.01466406,-0.01508552,-0.01545858,-0.01579414,-0.01608867,-0.01634988,-0.01657491,-0.01675644,-0.01689831,-0.01700278,-0.01706627,-0.01708713,-0.01706418,-0.01700309,-0.01689952,-0.01675446,-0.01656029,-0.01632466,-0.01604925,-0.01573512,-0.01536667,-0.0149507,-0.01448603,-0.01399075,-0.0134001,-0.01276342,-0.01205881,-0.0113151,-0.01055437,-0.009739383,-0.008869391,-0.007908343,-0.006922629,-0.005926431,-0.004895244,-0.003797294,-0.002668812,-0.001542587,-0.0003964932,0.0007904885,0.001973283
0.003472772,0.004462622,0.005441178,0.006418913,0.007368072,0.008294648,0.009197725,0.01006545,0.01089514,0.01168765,0.01243176,0.01312933,0.01377401,0.01436443,0.01489582,0.01536808,0.01577665,0.01612201,0.01640047,0.01661339,0.01675741,0.01683453,0.01684269,0.01678422,0.01665766,0.01646608,0.01620881,0.01588938,0.01550785,0.01506819,0.01457107,0.01402094,0.01341891,0.01276959,0.01207485,0.01133993,0.01056626,0.009758833,0.008921484,0.008057714,0.007169763,0.006265608,0.005344357,0.004412288,0.003475007,0.002531427,0.001588779,0.000652463,-0.0002815386,-0.001201876,-0.002107584,-0.003000995,-0.00387212,-0.004719444,-0.005546781,-0.006345239,-0.007112642,-0.007852103,-0.008559639,-0.009231566,-0.009868783,-0.01047035,-0.011034,-0.01156086,-0.01205088,-0.01250114,-0.01290834,-0.01327772,-0.01361026,-0.01390949,-0.01416842,-0.0143889,-0.01456566,-0.01470106,-0.01480306,-0.01486793,-0.01489435,-0.01488489,-0.01484189,-0.01476546,-0.0146516,-0.01450241,-0.01431654,-0.01409781,-0.01383845,-0.01353479,-0.01318632,-0.0128048,-0.01238148,-0.01191545,-0.01139097,-0.0108646,-0.01029199,-0.009691538,-0.009039547,-0.008314406,-0.007555587,-0.006766563,-0.005984531,-0.005150015,-0.004257212,-0.003334372,-0.002418387,-0.001480579,-0.0005011681,0.0004920835,0.001469609,0.002465352
0.003278515,0.004125589,0.004965523,0.005782453,0.006591702,0.007380929,0.008141314,0.008877392,0.009582273,0.01024945,0.01088073,0.01146929,0.01201352,0.0125105,0.01295817,0.01335355,0.01369547,0.01398213,0.01421243,0.01438485,0.01449944,0.0145553,0.01455266,0.01449148,0.01437265,0.01419669,0.01396491,0.01367849,0.01333924,0.01294886,0.01250946,0.01202331,0.01149288,0.010921,0.01031032,0.009663467,0.008984032,0.00827537,0.007539489,0.006781151,0.006003398,0.005207717,0.004400483,0.003583901,0.002758483,0.001933207,0.001106581,0.0002815094,-0.0005335853,-0.001341833,-0.002139553,-0.002917944,-0.003682522,-0.004428195,-0.005148305,-0.005845984,-0.006520457,-0.007163908,-0.007778363,-0.008363098,-0.00891631,-0.009435401,-0.009922403,-0.01037295,-0.01078755,-0.0111667,-0.01151474,-0.01182557,-0.01209946,-0.01233052,-0.01252884,-0.01269121,-0.01282425,-0.01292543,-0.01298889,-0.01301873,-0.01301614,-0.01297992,-0.01290861,-0.01280199,-0.01266504,-0.01249552,-0.01229484,-0.01205828,-0.0117926,-0.01150044,-0.01118295,-0.0108295,-0.01044422,-0.01002875,-0.009597423,-0.009096134,-0.008568399,-0.007994585,-0.007402862,-0.006806839,-0.006176988,-0.005511393,-0.004780965,-0.004040994,-0.003302136,-0.002542233,-0.001734553,-0.0009092935,-9.350703e-05,0.0007342423,0.001591292,0.00244036
0.002833986,0.003561476,0.004280877,0.005001451,0.005699982,0.006382773,0.007049058,0.007689475,0.00830225,0.00888853,0.009439059,0.009955938,0.01043387,0.01087206,0.01126659,0.01161759,0.01192119,0.01217802,0.01238485,0.01254297,0.0126493,0.01270565,0.01271,0.0126643,0.01256705,0.0124207,0.01222434,0.01198087,0.01168995,0.01135475,0.01097536,0.01055543,0.01009533,0.009598802,0.009067004,0.008504023,0.007910619,0.007290786,0.006647462,0.005983131,0.005299253,0.00460247,0.003891586,0.003171744,0.002447252,0.001716981,0.0009869533,0.0002612971,-0.0004634915,-0.001177724,-0.001881075,-0.002575352,-0.003252155,-0.00391044,-0.004553221,-0.005173017,-0.00576814,-0.006340933,-0.006887831,-0.007405735,-0.007895418,-0.008355888,-0.008785255,-0.009184211,-0.009552459,-0.00988729,-0.01018609,-0.01045338,-0.01068997,-0.01089856,-0.0110731,-0.01121539,-0.01132094,-0.01139231,-0.01143634,-0.01144972,-0.01143237,-0.0113866,-0.01131424,-0.01121593,-0.01108892,-0.01093561,-0.0107551,-0.01055104,-0.01031662,-0.01004963,-0.00975077,-0.009431214,-0.009081315,-0.008702145,-0.008282018,-0.007867361,-0.007421242,-0.006958122,-0.00645862,-0.005903309,-0.005327185,-0.004733565,-0.00415214,-0.003530536,-0.002864733,-0.002179282,-0.001504312,-0.0008132763,-9.012993e-05,0.0006419774,0.001359272,0.002091944
0.002289171,0.002941346,0.003589201,0.004220465,0.004848221,0.005462245,0.00605545,0.006632138,0.007186383,0.007713235,0.008214185,0.008683732,0.009120497,0.009522239,0.009887115,0.01021274,0.010498,0.01074141,0.01094188,0.01109812,0.01120993,0.01127653,0.0112978,0.01127359,0.01120441,0.01109048,0.01093258,0.01073155,0.01048861,0.01020493,0.009881919,0.009521335,0.009124815,0.008694594,0.008232555,0.007740623,0.007221553,0.006677885,0.006111151,0.005525068,0.004921787,0.004302554,0.003672577,0.003033321,0.002385241,0.001735724,0.001083245,0.000430364,-0.0002160168,-0.0008586794,-0.001494259,-0.002115593,-0.002727357,-0.003324998,-0.003902949,-0.004464043,-0.005007227,-0.005525905,-0.006021723,-0.006494,-0.006941036,-0.00736072,-0.007754498,-0.008118659,-0.008453488,-0.008759584,-0.009040157,-0.009290089,-0.009509368,-0.009693719,-0.009851091,-0.009979217,-0.01008369,-0.01016198,-0.01020982,-0.01023002,-0.01022486,-0.01019257,-0.01013176,-0.01004296,-0.009930746,-0.009793463,-0.009632185,-0.009443296,-0.009232358,-0.009002072,-0.008753713,-0.008479335,-0.008180441,-0.007860017,-0.007529204,-0.007142333,-0.006737334,-0.006296598,-0.005846196,-0.005394164,-0.004916778,-0.004411166,-0.003854092,-0.003291747,-0.002732347,-0.002155975,-0.001540546,-0.0009115244,-0.0002912261,0.0003400696,0.0009963564,0.001646563
0.001797709,0.002386371,0.002970702,0.003558433,0.004130027,0.004691381,0.005241614,0.005773094,0.006284419,0.006776638,0.007241884,0.007682122,0.008092684,0.008473054,0.008819727,0.009132865,0.009409012,0.009648646,0.009848856,0.01001065,0.01013118,0.0102119,0.01025079,0.01024939,0.01020614,0.01012297,0.009998756,0.009835855,0.00963364,0.009394635,0.009118554,0.008808383,0.008464049,0.008088636,0.007682806,0.007249861,0.006790148,0.006306967,0.005802572,0.005278895,0.004736973,0.004182389,0.003613892,0.003035909,0.002451787,0.001860639,0.001267522,0.0006757855,8.249309e-05,-0.0005039953,-0.001083686,-0.001657815,-0.002219287,-0.002767282,-0.003304187,-0.003823486,-0.004323909,-0.004807183,-0.005270186,-0.005710226,-0.00612794,-0.006522297,-0.006891678,-0.007236568,-0.007556591,-0.007849293,-0.008112529,-0.008350017,-0.008562456,-0.00875224,-0.00891369,-0.00904853,-0.009153005,-0.009229308,-0.009283431,-0.009311829,-0.009315684,-0.009296121,-0.009254566,-0.009191673,-0.009105573,-0.008998092,-0.008868541,-0.008719626,-0.008545526,-0.008344524,-0.008117893,-0.007875031,-0.007607001,-0.00731507,-0.006990581,-0.006671556,-0.006326965,-0.005968521,-0.005579543,-0.005144134,-0.004692269,-0.004226879,-0.003771818,-0.003282095,-0.002755145,-0.002212028,-0.001677532,-0.001128149,-0.0005508435,3.469147e-05,0.0006091871,0.001198753
0.001394375,0.001948035,0.002499547,0.003039102,0.003577651,0.004106488,0.004619768,0.005121219,0.005605621,0.006069012,0.006512452,0.00693136,0.007324409,0.007689749,0.008025609,0.008329978,0.008601715,0.008839478,0.009042145,0.009208549,0.009338275,0.009430584,0.009485088,0.009501596,0.009480235,0.009421113,0.009324589,0.009191304,0.009021979,0.008817531,0.008578865,0.008307396,0.008004254,0.007671263,0.007309765,0.006921353,0.006508159,0.006072265,0.005614797,0.005138925,0.004646266,0.004137937,0.003618221,0.003088335,0.002548669,0.002005519,0.001457431,0.0009068593,0.0003594623,-0.0001870039,-0.0007295301,-0.001262094,-0.001788627,-0.002304968,-0.002806552,-0.003295592,-0.003771023,-0.004227196,-0.004665517,-0.00508517,-0.005484655,-0.005862083,-0.006218531,-0.006550778,-0.006859083,-0.007143862,-0.007407553,-0.007645631,-0.007858072,-0.008041538,-0.008202399,-0.008338751,-0.008455342,-0.008549501,-0.00861804,-0.008662775,-0.008686072,-0.008685875,-0.008661064,-0.008612043,-0.008542787,-0.008451641,-0.008339569,-0.00820346,-0.008048202,-0.00787584,-0.007687399,-0.007476101,-0.007243481,-0.006991835,-0.006729983,-0.006419905,-0.006093903,-0.005737162,-0.00537212,-0.00500473,-0.004614979,-0.004199662,-0.003740407,-0.003276369,-0.002813893,-0.002335367,-0.001822805,-0.001298099,-0.0007794822,-0.00024971,0.0003023879,0.0008506686
0.001123474,0.001641912,0.002158027,0.002677956,0.003185302,0.003685195,0.004176629,0.004653229,0.00511378,0.005559061,0.005982348,0.006385304,0.006763791,0.007117384,0.007442924,0.007740535,0.008007076,0.008242897,0.008445336,0.008615188,0.008749817,0.008850402,0.008914991,0.008944847,0.008938378,0.008897202,0.008820127,0.008709103,0.008563342,0.00838498,0.008173558,0.007931566,0.007658774,0.00735779,0.007028949,0.006675139,0.00629644,0.005895766,0.005474738,0.005035178,0.004577917,0.004107674,0.003623239,0.003128682,0.002626538,0.002116374,0.00160237,0.001087481,0.0005692415,5.498364e-05,-0.0004555501,-0.000962941,-0.001461305,-0.001949796,-0.002430407,-0.002897216,-0.003349421,-0.003788102,-0.004210677,-0.004614579,-0.005000436,-0.005367,-0.005713023,-0.006038638,-0.006343583,-0.006625392,-0.006882479,-0.007117593,-0.007331523,-0.007525815,-0.007695762,-0.007842425,-0.007962812,-0.008058595,-0.008134739,-0.008188063,-0.0082195,-0.008229787,-0.008220427,-0.008191376,-0.00814119,-0.008070972,-0.007980498,-0.007871576,-0.007739786,-0.00758325,-0.007403275,-0.007206824,-0.006988088,-0.006746929,-0.006477081,-0.006210139,-0.005919639,-0.005615944,-0.005283594,-0.004911687,-0.004524514,-0.004124811,-0.003731788,-0.003307961,-0.002851766,-0.002381089,-0.001916339,-0.001437582,-0.0009340965,-0.0004229563,8.024661e-05,0.0005974934
0.0009476597,0.001447238,0.001945246,0.002433687,0.002921575,0.003401438,0.003868404,0.004325543,0.004768247,0.005193268,0.005601272,0.005988409,0.006353389,0.006694643,0.007010465,0.007299184,0.007559603,0.007790584,0.007990957,0.008159746,0.008296381,0.008400209,0.008470709,0.008507717,0.008511105,0.008481006,0.008417513,0.008321176,0.008192388,0.008031987,0.007840573,0.00761935,0.007369174,0.007091616,0.006787631,0.006458741,0.006106576,0.005733036,0.00533885,0.004926976,0.004498691,0.004055058,0.003599574,0.003133502,0.002657126,0.002175968,0.001688673,0.001197708,0.0007076635,0.0002169179,-0.0002719431,-0.0007536848,-0.001231633,-0.001701895,-0.002160846,-0.002609927,-0.003048241,-0.003470832,-0.00387897,-0.004271575,-0.004647429,-0.005004649,-0.005344142,-0.005662946,-0.005961401,-0.006239532,-0.006499331,-0.006736619,-0.006951495,-0.007140897,-0.007310358,-0.007457818,-0.00758737,-0.007696302,-0.007782016,-0.007846012,-0.007889753,-0.007911501,-0.007910747,-0.007887285,-0.007844361,-0.007780258,-0.007696135,-0.007589253,-0.00746428,-0.00732239,-0.007164249,-0.006983488,-0.006783341,-0.006564542,-0.006334116,-0.006061219,-0.005772652,-0.005456795,-0.005131846,-0.00480364,-0.004454622,-0.004081831,-0.00367089,-0.003255194,-0.002839613,-0.002408879,-0.001948531,-0.001477549,-0.001010651,-0.0005333372,-3.677147e-05,0.0004570154
0.0008627873,0.001337247,0.00180977,0.002285152,0.002749656,0.003207624,0.00365792,0.004095241,0.004518439,0.004928072,0.005318378,0.005690739,0.006041485,0.006370268,0.006674237,0.006953516,0.007205253,0.007429752,0.007624581,0.007790416,0.007924864,0.008028915,0.008100759,0.008141485,0.008149562,0.008126418,0.008070881,0.007984634,0.007866845,0.007719414,0.007541822,0.00733623,0.007102357,0.006842491,0.006556785,0.006247852,0.005915633,0.005562787,0.005190477,0.004800523,0.004393623,0.003973832,0.003540068,0.003096098,0.002643868,0.002183365,0.001718051,0.001250605,0.0007790154,0.0003096973,-0.0001577157,-0.0006232549,-0.001082076,-0.001533245,-0.001978397,-0.002412173,-0.002834087,-0.003244665,-0.003641792,-0.004022995,-0.004388853,-0.004737939,-0.005069308,-0.005382749,-0.00567809,-0.005952881,-0.006205984,-0.006439298,-0.006653599,-0.006849664,-0.007023766,-0.007176321,-0.007304967,-0.007410934,-0.007498199,-0.007564086,-0.007609069,-0.007633734,-0.007639664,-0.007626259,-0.007592341,-0.007538517,-0.007464955,-0.007372874,-0.007259054,-0.007121564,-0.006961615,-0.006784347,-0.006586474,-0.00636699,-0.006121424,-0.005875942,-0.005608334,-0.005327632,-0.005020168,-0.004678702,-0.00432285,-0.003955202,-0.003591287,-0.003200294,-0.002781469,-0.002349872,-0.001922316,-0.001482199,-0.001020931,-0.0005531549,-9.156245e-05,0.0003820584
0.0008187924,0.00127866,0.001736565,0.002186055,0.002634318,0.003075067,0.003504155,0.003924094,0.004330791,0.004721622,0.005096879,0.005453389,0.005789865,0.006105024,0.006397217,0.006665111,0.006907475,0.007123396,0.007311695,0.00747161,0.007602474,0.007703784,0.007774931,0.007815854,0.007826259,0.007806358,0.007756073,0.00767595,0.00756617,0.007427563,0.007260519,0.00706616,0.006845122,0.006598852,0.006328047,0.006034188,0.005718552,0.005382916,0.005027797,0.004655937,0.004268365,0.003866177,0.003452246,0.003027872,0.002593323,0.002153423,0.00170702,0.001256528,0.0008056842,0.0003534266,-9.801868e-05,-0.0005441039,-0.0009875508,-0.001424778,-0.001852865,-0.002272657,-0.002683353,-0.003080623,-0.003465534,-0.003836842,-0.004193528,-0.004533751,-0.004858227,-0.005164257,-0.005452165,-0.005721699,-0.005974416,-0.006206545,-0.00641819,-0.006606647,-0.006776534,-0.006925832,-0.007057956,-0.007170311,-0.007260812,-0.007330567,-0.00738061,-0.007409356,-0.007416664,-0.007402056,-0.007368205,-0.007313488,-0.007239119,-0.007142801,-0.007028743,-0.006897633,-0.006749981,-0.006580296,-0.006392193,-0.006185866,-0.005966924,-0.005710498,-0.005438863,-0.005142752,-0.004837323,-0.004527503,-0.004198677,-0.003848243,-0.003465213,-0.003077479,-0.002688946,-0.002286708,-0.00185941,-0.001423118,-0.0009898518,-0.0005475637,-8.950732e-05,0.0003660342
0.0008103909,0.001248764,0.001684903,0.002122523,0.002550182,0.002971486,0.003385172,0.003786908,0.004175539,0.004551472,0.004909763,0.005251559,0.005573595,0.005875617,0.006155043,0.006412023,0.006643984,0.006851193,0.007031467,0.007185399,0.007310842,0.007408664,0.007477204,0.007517443,0.007527959,0.007510029,0.007462556,0.007387034,0.007282652,0.007151126,0.006991931,0.006807,0.006596031,0.006361087,0.006102219,0.005821804,0.005519727,0.005198434,0.00485879,0.004502587,0.004130419,0.003745823,0.003347899,0.002940087,0.002523918,0.002099722,0.001670364,0.001238296,0.0008019416,0.0003668708,-6.727691e-05,-0.0005001164,-0.0009276787,-0.001348937,-0.001765172,-0.002171617,-0.002567951,-0.00295426,-0.003328793,-0.003689218,-0.004036007,-0.004367651,-0.004683398,-0.004982796,-0.005265699,-0.005529786,-0.005774195,-0.006000159,-0.006208362,-0.006399136,-0.006569421,-0.006719286,-0.006846861,-0.006952999,-0.007040913,-0.007108233,-0.007155431,-0.007182738,-0.007191681,-0.007181465,-0.007151255,-0.007101319,-0.007032059,-0.006944272,-0.006835628,-0.006704382,-0.00655177,-0.006381691,-0.006192196,-0.005982177,-0.00574855,-0.005512556,-0.005256132,-0.004986788,-0.004693179,-0.00437031,-0.004034179,-0.003687101,-0.003341638,-0.002972733,-0.00258033,-0.002176905,-0.001776251,-0.001364729,-0.0009357322,-0.0005015116,-7.242839e-05,0.000366379
0.0008037055,0.001229154,0.001652084,0.002067365,0.002480506,0.002886333,0.003281274,0.003667339,0.004040897,0.004399863,0.004744174,0.005071276,0.005379857,0.005668906,0.005936817,0.006182566,0.006404906,0.006603116,0.006776037,0.006923102,0.007043578,0.007137124,0.00720306,0.007241441,0.007251867,0.00723462,0.007189506,0.007117101,0.007017431,0.00689134,0.006739052,0.006561662,0.006359621,0.006134307,0.005886227,0.005616833,0.005327119,0.005018783,0.004692208,0.004349926,0.003992773,0.003621912,0.003239687,0.002847443,0.002445457,0.002037932,0.00162395,0.001205843,0.0007866395,0.0003657903,-5.480928e-05,-0.0004712017,-0.000885538,-0.001294553,-0.001695902,-0.002089916,-0.002475876,-0.00285001,-0.003213164,-0.003563995,-0.003901639,-0.004224323,-0.00453257,-0.004823956,-0.005098755,-0.005356506,-0.005598385,-0.005821043,-0.006024582,-0.006206717,-0.006371112,-0.006515935,-0.006643978,-0.006752843,-0.006840959,-0.006908984,-0.00695789,-0.006986084,-0.006993688,-0.006980135,-0.006947713,-0.006894927,-0.006822984,-0.00672996,-0.006619549,-0.006492148,-0.006348298,-0.006183422,-0.006000972,-0.005800962,-0.005587905,-0.005342018,-0.005081604,-0.004799307,-0.004507695,-0.004210698,-0.003896605,-0.003563203,-0.003202329,-0.002836732,-0.002469642,-0.00209042,-0.001690411,-0.001282872,-0.0008775893,-0.0004647664,-3.945322e-05,0.0003834861
0.0008051401,0.001212331,0.001616934,0.002021759,0.002417388,0.002806714,0.003188363,0.003558866,0.003917014,0.004263084,0.004592841,0.004907205,0.005203261,0.005480833,0.00573757,0.005973634,0.006186705,0.00637701,0.006542591,0.006683967,0.00679922,0.006889114,0.006952127,0.006989154,0.00699889,0.006982478,0.006938905,0.00686952,0.006773547,0.006652548,0.006506013,0.006335694,0.006141284,0.005924665,0.005685829,0.005426944,0.005147883,0.004850899,0.004536647,0.004206882,0.003862123,0.003505471,0.003136227,0.002757515,0.00237055,0.001975964,0.001576101,0.001173236,0.0007661917,0.0003597745,-4.631163e-05,-0.0004513403,-0.0008521082,-0.00124748,-0.001638412,-0.002020707,-0.002394128,-0.002758392,-0.003112067,-0.003452962,-0.003781432,-0.004095935,-0.004395863,-0.004680578,-0.004949957,-0.005201845,-0.005435591,-0.005651868,-0.005851272,-0.006033845,-0.006197084,-0.006340835,-0.006463679,-0.006566118,-0.006650767,-0.006715491,-0.006760898,-0.006786852,-0.006794792,-0.006783867,-0.006753606,-0.006704012,-0.006635652,-0.006548975,-0.006442407,-0.006314428,-0.00616632,-0.006000963,-0.005817325,-0.005614358,-0.005390075,-0.005161286,-0.004913777,-0.00465358,-0.004371674,-0.004064659,-0.0037454,-0.00341586,-0.003086107,-0.002736242,-0.002366723,-0.001987605,-0.001610071,-0.001223209,-0.0008221571,-0.0004168917,-1.581399e-05,0.0003928913
0.0007971054,0.001193646,0.001587288,0.001974024,0.002357812,0.002734503,0.003100988,0.003458797,0.003804712,0.004137092,0.004455538,0.004758033,0.005043221,0.005310319,0.005557746,0.005784735,0.005990013,0.006173032,0.006332635,0.00646843,0.006579615,0.006665996,0.006726832,0.006762283,0.006771852,0.006755899,0.006714125,0.006647151,0.00655487,0.00643815,0.006297077,0.006132739,0.005945429,0.005736485,0.005506259,0.00525619,0.004987039,0.004700446,0.004396704,0.004078155,0.003745487,0.003399943,0.003043406,0.002677289,0.002301881,0.001920842,0.001533501,0.001142103,0.000749064,0.0003543285,-4.052397e-05,-0.0004320333,-0.0008218208,-0.00120692,-0.001585479,-0.001957355,-0.002321917,-0.002675879,-0.003019876,-0.003352487,-0.003672995,-0.003979687,-0.004272928,-0.00455054,-0.004812752,-0.005058917,-0.005289907,-0.005502788,-0.005697685,-0.005872667,-0.006030556,-0.006169719,-0.006292406,-0.006396456,-0.006480776,-0.006545629,-0.006591976,-0.006618252,-0.006624785,-0.006610964,-0.006578761,-0.006526819,-0.006456316,-0.006365638,-0.006257973,-0.006133482,-0.005992788,-0.00583215,-0.005654739,-0.005460425,-0.005252853,-0.005016692,-0.004766602,-0.004496886,-0.004217699,-0.003932119,-0.003631128,-0.003312923,-0.002971703,-0.00262545,-0.002276885,-0.001917539,-0.001541116,-0.001158207,-0.0007766794,-0.0003888501,8.682324e-06,0.0004041766
0.0007917405,0.001173966,0.001553371,0.001931966,0.002302148,0.002666099,0.003022338,0.003368153,0.00370224,0.004024747,0.004332052,0.004624834,0.004900484,0.005158866,0.005397819,0.005617494,0.005815783,0.005992874,0.006146991,0.006278579,0.006385915,0.006469668,0.006528439,0.006563039,0.006572268,0.006557155,0.006516765,0.00645232,0.00636309,0.006250503,0.006114072,0.005955398,0.005774181,0.005572158,0.005349279,0.005107539,0.004846822,0.004569217,0.004275214,0.003966553,0.003643687,0.003309355,0.002963069,0.002607661,0.002244098,0.001873299,0.001497139,0.00111777,0.0007343845,0.0003510973,-3.227957e-05,-0.0004147238,-0.0007937151,-0.001167986,-0.001538197,-0.001900683,-0.002255248,-0.002601271,-0.002937612,-0.003262207,-0.003575304,-0.003875339,-0.004161838,-0.004433985,-0.004691695,-0.004932979,-0.005157374,-0.005365067,-0.005556583,-0.005731701,-0.005888489,-0.006026595,-0.006145027,-0.006243954,-0.006325481,-0.006387722,-0.006431367,-0.006456011,-0.00646299,-0.006451436,-0.006421201,-0.006372082,-0.006304765,-0.006219409,-0.006115101,-0.005990535,-0.005846987,-0.005686457,-0.005508638,-0.005312555,-0.005097101,-0.004875071,-0.0046358,-0.004383936,-0.004112689,-0.003819844,-0.003515455,-0.003201096,-0.002884685,-0.002551032,-0.002200964,-0.001842264,-0.001483804,-0.001117233,-0.0007392421,-0.0003576533,2.081279e-05,0.0004051531
0.0007793749,0.001153713,0.001524958,0.001890067,0.002251537,0.002606162,0.002951199,0.003287709,0.003612836,0.003925305,0.00422438,0.004508514,0.00477628,0.005027077,0.005259325,0.005472467,0.005665189,0.005837092,0.005987002,0.006114675,0.006219232,0.006300614,0.006358012,0.006391681,0.006401033,0.006386504,0.006347697,0.006285285,0.006199045,0.006089879,0.005957751,0.005803757,0.00562806,0.005431976,0.005215734,0.004980775,0.00472766,0.004458005,0.00417204,0.003871946,0.003558291,0.003232424,0.002895817,0.002549979,0.002195213,0.001834712,0.001468055,0.00109741,0.0007246585,0.0003502274,-2.459857e-05,-0.0003967823,-0.0007674442,-0.001133895,-0.001494701,-0.001849285,-0.002197102,-0.002535284,-0.002864265,-0.003182555,-0.003489582,-0.003783674,-0.004065075,-0.004331811,-0.00458407,-0.004821028,-0.005043326,-0.005248432,-0.005436501,-0.005605868,-0.00575865,-0.005893379,-0.006011827,-0.006112096,-0.00619352,-0.006256038,-0.006300563,-0.006325636,-0.006331739,-0.00631822,-0.006286758,-0.006236143,-0.006167509,-0.006079507,-0.005974816,-0.005853398,-0.005715961,-0.005559549,-0.005386979,-0.005197999,-0.004995537,-0.004768245,-0.004527379,-0.004268728,-0.004000176,-0.003724046,-0.003433863,-0.003128246,-0.002803416,-0.002472884,-0.002138994,-0.001795371,-0.001437825,-0.00107441,-0.0007113187,-0.000342875,3.294819e-05,0.0004072933
0.0007709744,0.00113504,0.001496141,0.001855565,0.002207352,0.00255297,0.002890826,0.003218877,0.003535688,0.003841268,0.00413253,0.004409899,0.004671024,0.004915775,0.005142152,0.005350256,0.005538167,0.005706032,0.005852212,0.005977082,0.006079077,0.00615878,0.006214895,0.006248154,0.006257451,0.006243717,0.006206084,0.006145667,0.006061788,0.00595576,0.005827126,0.005677362,0.005506188,0.00531522,0.005104394,0.004875555,0.004628623,0.004365547,0.004086704,0.003793825,0.003487313,0.003169611,0.002840454,0.002502407,0.002156247,0.00180317,0.001444635,0.001082711,0.0007169424,0.0003508186,-1.570407e-05,-0.0003813376,-0.0007441751,-0.001102795,-0.001457578,-0.001805364,-0.002145958,-0.002478419,-0.002801873,-0.003114371,-0.003416056,-0.003705356,-0.003981916,-0.004244742,-0.004493787,-0.004727231,-0.00494479,-0.005146214,-0.005331956,-0.005501538,-0.005653627,-0.005787676,-0.005903097,-0.005999741,-0.006079258,-0.006140019,-0.006182739,-0.00620684,-0.006213518,-0.006201917,-0.006172169,-0.006123913,-0.006057916,-0.005974096,-0.005872106,-0.005750851,-0.005611564,-0.005455498,-0.005282871,-0.005092827,-0.004884987,-0.004668425,-0.004435821,-0.004190494,-0.003927845,-0.003646497,-0.003353974,-0.003051452,-0.002744955,-0.002423647,-0.002088626,-0.001745544,-0.001401194,-0.001049639,-0.0006890105,-0.0003250692,3.692702e-05,0.0004033305
0.0007597475,0.001118545,0.001474159,0.001824406,0.002170371,0.002509729,0.002840024,0.003161849,0.003472665,0.003771504,0.004057289,0.004328879,0.00458476,0.004824465,0.005046404,0.005250175,0.005434416,0.005598873,0.005742312,0.005864637,0.005964863,0.006043069,0.006098372,0.006131113,0.006140611,0.006127387,0.006090946,0.00603202,0.005950287,0.005846694,0.005721096,0.00557462,0.005407306,0.005220477,0.005014269,0.004790135,0.004548475,0.004290896,0.004017612,0.003730656,0.003430495,0.003118619,0.002796141,0.002464677,0.002124567,0.001778583,0.001426573,0.001070636,0.0007121834,0.0003521187,-8.537085e-06,-0.0003671215,-0.0007242652,-0.001077536,-0.001425853,-0.001768247,-0.00210424,-0.002431332,-0.002749751,-0.00305795,-0.003355494,-0.003640749,-0.003913856,-0.004173,-0.004418334,-0.004648859,-0.00486505,-0.005064767,-0.00524819,-0.005413823,-0.005563222,-0.005695034,-0.005810608,-0.005908316,-0.00598789,-0.006048994,-0.006092434,-0.00611697,-0.006123147,-0.006110293,-0.006079796,-0.006030631,-0.005963841,-0.005878342,-0.005776256,-0.005657398,-0.00552256,-0.005369612,-0.005200833,-0.005015936,-0.00481726,-0.004597058,-0.0043634,-0.004113388,-0.00385285,-0.003583274,-0.003300721,-0.003004246,-0.002691849,-0.002372762,-0.002049047,-0.001716403,-0.001372568,-0.001023127,-0.0006728234,-0.0003178835,4.244794e-05,0.000402025
0.0007530793,0.001105314,0.001454473,0.001801186,0.00214099,0.002474649,0.002800435,0.003116911,0.003422475,0.00371699,0.003997844,0.004265184,0.004516893,0.004752805,0.004971061,0.005171684,0.005352912,0.005514856,0.005655974,0.005776574,0.005875221,0.005952416,0.006006955,0.006039491,0.006049005,0.006036345,0.0060007,0.005943099,0.005862921,0.005761382,0.005638058,0.005494328,0.005329942,0.005146422,0.004943711,0.004723526,0.004485847,0.004232502,0.003963807,0.003681493,0.003385914,0.00307929,0.002761592,0.002435131,0.002100549,0.001759318,0.001412523,0.001062183,0.0007081885,0.000353455,-1.879316e-06,-0.000356286,-0.000708412,-0.001056668,-0.001401144,-0.001739186,-0.002070557,-0.002394006,-0.002708898,-0.003013394,-0.00330753,-0.00358973,-0.00385976,-0.004116433,-0.004359739,-0.004588023,-0.004801175,-0.004998564,-0.005180563,-0.005346403,-0.005495417,-0.005626839,-0.005740474,-0.005835867,-0.005914245,-0.005974265,-0.00601658,-0.006040568,-0.006047209,-0.0060357,-0.00600641,-0.005958886,-0.005893916,-0.005811241,-0.005710971,-0.00559225,-0.005456232,-0.005303583,-0.00513479,-0.004949223,-0.004747124,-0.004534042,-0.00430587,-0.004064604,-0.003807902,-0.003534839,-0.003250723,-0.002956315,-0.002655929,-0.002342789,-0.002018217,-0.001685867,-0.001350613,-0.001008803,-0.0006599744,-0.0003078698,4.353945e-05,0.000398093
0.0007460532,0.00109529,0.001441311,0.00178271,0.002119191,0.002449261,0.00277069,0.003083599,0.003385729,0.003676367,0.003954087,0.004218112,0.004466817,0.004699837,0.004915556,0.005113697,0.005292827,0.005452823,0.00559238,0.005711528,0.005809174,0.005885522,0.005939612,0.005971865,0.005981514,0.005969163,0.005934225,0.0058775,0.00579858,0.005698461,0.005576908,0.005435091,0.00527295,0.005091835,0.004891808,0.004674352,0.004439734,0.004189578,0.003924109,0.003645231,0.003353337,0.003050085,0.002736265,0.002413618,0.002082538,0.001745424,0.001402407,0.001055529,0.000705783,0.0003545502,2.611013e-06,-0.0003477041,-0.000696541,-0.001041705,-0.001382426,-0.001717353,-0.00204607,-0.002366409,-0.002678386,-0.002980399,-0.003272142,-0.003552004,-0.003820044,-0.004074588,-0.004315746,-0.004542351,-0.004754734,-0.004951149,-0.005131805,-0.00529534,-0.005442796,-0.005572935,-0.005686702,-0.00578276,-0.005861205,-0.005921461,-0.005964228,-0.005988495,-0.005994856,-0.005982623,-0.005952904,-0.005904859,-0.005839436,-0.005755792,-0.005655495,-0.005538228,-0.005404873,-0.005254111,-0.005087621,-0.004905127,-0.004708431,-0.004493163,-0.004264344,-0.00402029,-0.003764864,-0.00349876,-0.003220514,-0.002929616,-0.002625687,-0.002313831,-0.001995906,-0.00166965,-0.001334612,-0.0009939837,-0.0006511915,-0.0003043072,4.621894e-05,0.0003968256
0.0007426987,0.001088741,0.001431628,0.001771336,0.002104825,0.002432133,0.002751388,0.003061704,0.00336129,0.003649842,0.003925171,0.004187142,0.004433827,0.004665012,0.004878948,0.005075566,0.005253237,0.005412018,0.00555045,0.005668767,0.005765648,0.005841508,0.005895228,0.005927385,0.005937043,0.005924968,0.005890417,0.005834338,0.005756174,0.005657054,0.005536605,0.005396125,0.005235406,0.0050559,0.004857572,0.004642036,0.004409352,0.004161254,0.003898017,0.003621394,0.003331727,0.003031031,0.002719531,0.002399317,0.002070928,0.00173612,0.00139564,0.001051486,0.0007039011,0.0003552641,5.913368e-06,-0.0003423764,-0.0006887701,-0.001031494,-0.001370353,-0.001703162,-0.002029628,-0.002348199,-0.002658463,-0.002958673,-0.003248757,-0.003527135,-0.003793678,-0.004047024,-0.0042872,-0.004512711,-0.004723607,-0.004918888,-0.00509886,-0.005262514,-0.005409791,-0.005539744,-0.005652555,-0.005747473,-0.005825333,-0.005885058,-0.005927276,-0.005951282,-0.005957883,-0.005946326,-0.005917215,-0.005869993,-0.00580548,-0.005723237,-0.005623835,-0.005506629,-0.005372686,-0.005222064,-0.00505556,-0.004872725,-0.004674344,-0.00446261,-0.004236506,-0.003996772,-0.003743208,-0.003475349,-0.003196308,-0.002906428,-0.002608421,-0.002299465,-0.001981073,-0.001654932,-0.001324107,-0.0009872066,-0.0006450922,-0.0002995694,4.659073e-05,0.000394771
0.0007403863,0.001085456,0.001427321,0.001765289,0.002097697,0.002423835,0.002741666,0.00305082,0.003349285,0.003636569,0.003910877,0.004171764,0.00441747,0.00464771,0.004860817,0.005056625,0.00523361,0.005391754,0.005529676,0.005647517,0.005744071,0.005819653,0.005873225,0.005905288,0.005914989,0.005903014,0.005868693,0.005812899,0.005735145,0.005636488,0.005516617,0.00537676,0.005216775,0.005038053,0.004840602,0.004625957,0.004394273,0.004147217,0.003885033,0.003609533,0.00332107,0.003021475,0.002711243,0.002392276,0.00206503,0.00173157,0.001392325,0.001049302,0.0007031079,0.0003556141,7.373065e-06,-0.0003395766,-0.0006848958,-0.001026609,-0.001364238,-0.001696028,-0.002021627,-0.002339179,-0.002648489,-0.002947887,-0.003237188,-0.003514801,-0.003780692,-0.00403334,-0.004272811,-0.004497773,-0.00470842,-0.004903382,-0.005082911,-0.005245804,-0.005392569,-0.0055221,-0.005634959,-0.0057301,-0.005807984,-0.005867788,-0.005910157,-0.005934254,-0.00594076,-0.005928962,-0.005899707,-0.00585231,-0.005787645,-0.005705081,-0.005605671,-0.005488947,-0.005355888,-0.005205891,-0.005040149,-0.004858331,-0.004661731,-0.004449264,-0.004222937,-0.003982274,-0.003729132,-0.003463573,-0.003186468,-0.002897735,-0.002598542,-0.002290004,-0.001973803,-0.001649664,-0.001318894,-0.0009823717,-0.0006422419,-0.0002984285,4.745703e-05,0.0003943464
0.0007403863,0.001085456,0.001427321,0.001765289,0.002097697,0.002423835,0.002741666,0.00305082,0.003349285,0.003636569,0.003910877,0.004171764,0.00441747,0.00464771,0.004860817,0.005056625,0.00523361,0.005391754,0.005529676,0.005647517,0.005744071,0.005819653,0.005873225,0.005905288,0.005914989,0.005903014,0.005868693,0.005812899,0.005735145,0.005636488,0.005516617,0.00537676,0.005216775,0.005038053,0.004840602,0.004625957,0.004394273,0.004147217,0.003885033,0.003609533,0.00332107,0.003021475,0.002711243,0.002392276,0.00206503,0.00173157,0.001392325,0.001049302,0.0007031079,0.000355614,7.373057e-06,-0.0003395767,-0.0006848958,-0.001026609,-0.001364238,-0.001696028,-0.002021627,-0.002339179,-0.002648489,-0.002947887,-0.003237188,-0.003514801,-0.003780692,-0.00403334,-0.004272811,-0.004497773,-0.00470842,-0.004903382,-0.005082911,-0.005245804,-0.005392569,-0.0055221,-0.005634959,-0.0057301,-0.005807984,-0.005867788,-0.005910157,-0.005934254,-0.00594076,-0.005928962,-0.005899707,-0.00585231,-0.005787645,-0.005705081,-0.005605671,-0.005488947,-0.005355888,-0.005205891,-0.005040149,-0.004858331,-0.004661731,-0.004449264,-0.004222937,-0.003982274,-0.003729132,-0.003463573,-0.003186468,-0.002897735,-0.002598542,-0.002290004,-0.001973803,-0.001649664,-0.001318894,-0.0009823717,-0.0006422419,-0.0002984285,4.745704e-05,0.0003943464
0.0007426987,0.001088741,0.001431628,0.001771336,0.002104825,0.002432133,0.002751388,0.003061704,0.00336129,0.003649841,0.003925171,0.004187141,0.004433827,0.004665012,0.004878947,0.005075566,0.005253237,0.005412018,0.00555045,0.005668766,0.005765648,0.005841508,0.005895228,0.005927385,0.005937043,0.005924968,0.005890417,0.005834338,0.005756173,0.005657054,0.005536605,0.005396124,0.005235406,0.005055899,0.004857571,0.004642036,0.004409352,0.004161254,0.003898017,0.003621394,0.003331726,0.003031031,0.002719531,0.002399317,0.002070927,0.00173612,0.00139564,0.001051486,0.0007039011,0.000355264,5.913346e-06,-0.0003423764,-0.0006887701,-0.001031494,-0.001370353,-0.001703162,-0.002029628,-0.002348199,-0.002658463,-0.002958673,-0.003248757,-0.003527135,-0.003793678,-0.004047024,-0.0042872,-0.004512711,-0.004723607,-0.004918888,-0.00509886,-0.005262514,-0.005409791,-0.005539744,-0.005652555,-0.005747473,-0.005825333,-0.005885058,-0.005927276,-0.005951282,-0.005957883,-0.005946326,-0.005917215,-0.005869993,-0.00580548,-0.005723237,-0.005623835,-0.005506629,-0.005372686,-0.005222064,-0.00505556,-0.004872725,-0.004674344,-0.00446261,-0.004236506,-0.003996772,-0.003743208,-0.003475349,-0.003196308,-0.002906428,-0.002608421,-0.002299465,-0.001981073,-0.001654932,-0.001324107,-0.0009872065,-0.0006450921,-0.0002995693,4.659078e-05,0.000394771
0.0007460532,0.00109529,0.001441311,0.00178271,0.002119191,0.002449261,0.00277069,0.003083599,0.003385729,0.003676367,0.003954087,0.004218112,0.004466817,0.004699837,0.004915556,0.005113697,0.005292827,0.005452823,0.005592379,0.005711528,0.005809174,0.005885522,0.005939612,0.005971865,0.005981513,0.005969163,0.005934225,0.0058775,0.00579858,0.005698461,0.005576907,0.005435091,0.00527295,0.005091835,0.004891808,0.004674351,0.004439734,0.004189578,0.003924109,0.003645231,0.003353336,0.003050084,0.002736264,0.002413618,0.002082538,0.001745423,0.001402407,0.001055529,0.0007057829,0.0003545501,2.610973e-06,-0.0003477041,-0.000696541,-0.001041705,-0.001382426,-0.001717353,-0.00204607,-0.002366409,-0.002678386,-0.002980399,-0.003272142,-0.003552004,-0.003820044,-0.004074588,-0.004315746,-0.004542351,-0.004754734,-0.004951148,-0.005131804,-0.00529534,-0.005442796,-0.005572934,-0.005686702,-0.005782759,-0.005861205,-0.005921461,-0.005964228,-0.005988495,-0.005994856,-0.005982623,-0.005952904,-0.005904859,-0.005839436,-0.005755792,-0.005655495,-0.005538228,-0.005404873,-0.005254111,-0.005087621,-0.004905127,-0.00470843,-0.004493163,-0.004264344,-0.00402029,-0.003764864,-0.00349876,-0.003220514,-0.002929616,-0.002625687,-0.00231383,-0.001995906,-0.00166965,-0.001334612,-0.0009939836,-0.0006511915,-0.0003043071,4.621902e-05,0.0003968257
0.0007530794,0.001105314,0.001454473,0.001801186,0.00214099,0.002474649,0.002800435,0.003116911,0.003422475,0.00371699,0.003997843,0.004265184,0.004516893,0.004752805,0.004971061,0.005171684,0.005352912,0.005514856,0.005655973,0.005776574,0.005875221,0.005952415,0.006006955,0.006039491,0.006049005,0.006036344,0.0060007,0.005943099,0.005862921,0.005761381,0.005638057,0.005494328,0.005329942,0.005146421,0.004943711,0.004723526,0.004485846,0.004232501,0.003963807,0.003681492,0.003385914,0.00307929,0.002761592,0.002435131,0.002100549,0.001759318,0.001412523,0.001062183,0.0007081883,0.0003534549,-1.879383e-06,-0.0003562861,-0.000708412,-0.001056668,-0.001401144,-0.001739186,-0.002070557,-0.002394006,-0.002708898,-0.003013394,-0.00330753,-0.00358973,-0.00385976,-0.004116433,-0.004359739,-0.004588023,-0.004801175,-0.004998564,-0.005180562,-0.005346403,-0.005495417,-0.005626839,-0.005740474,-0.005835866,-0.005914245,-0.005974265,-0.006016579,-0.006040568,-0.006047208,-0.0060357,-0.006006409,-0.005958886,-0.005893915,-0.005811241,-0.00571097,-0.005592249,-0.005456231,-0.005303583,-0.00513479,-0.004949223,-0.004747124,-0.004534042,-0.00430587,-0.004064604,-0.003807902,-0.003534839,-0.003250723,-0.002956315,-0.002655929,-0.002342788,-0.002018217,-0.001685867,-0.001350612,-0.001008803,-0.0006599742,-0.0003078697,4.353956e-05,0.0003980931
0.0007597476,0.001118546,0.001474159,0.001824406,0.002170371,0.002509729,0.002840024,0.003161849,0.003472665,0.003771504,0.004057289,0.004328878,0.00458476,0.004824464,0.005046404,0.005250175,0.005434416,0.005598872,0.005742312,0.005864637,0.005964862,0.006043069,0.006098372,0.006131112,0.00614061,0.006127387,0.006090946,0.006032019,0.005950287,0.005846694,0.005721096,0.00557462,0.005407305,0.005220477,0.005014269,0.004790134,0.004548475,0.004290895,0.004017611,0.003730656,0.003430494,0.003118618,0.002796141,0.002464677,0.002124567,0.001778582,0.001426573,0.001070636,0.0007121832,0.0003521186,-8.53717e-06,-0.0003671215,-0.0007242652,-0.001077536,-0.001425853,-0.001768246,-0.00210424,-0.002431332,-0.002749751,-0.003057949,-0.003355494,-0.003640749,-0.003913856,-0.004173,-0.004418334,-0.004648859,-0.00486505,-0.005064767,-0.00524819,-0.005413822,-0.005563222,-0.005695033,-0.005810608,-0.005908316,-0.00598789,-0.006048993,-0.006092433,-0.006116969,-0.006123147,-0.006110293,-0.006079795,-0.00603063,-0.005963841,-0.005878341,-0.005776256,-0.005657398,-0.005522559,-0.005369612,-0.005200833,-0.005015936,-0.004817259,-0.004597057,-0.0043634,-0.004113388,-0.003852849,-0.003583274,-0.00330072,-0.003004246,-0.002691849,-0.002372762,-0.002049047,-0.001716403,-0.001372567,-0.001023126,-0.0006728232,-0.0003178833,4.24481e-05,0.0004020251
0.0007709746,0.00113504,0.001496141,0.001855565,0.002207352,0.00255297,0.002890826,0.003218877,0.003535687,0.003841267,0.00413253,0.004409898,0.004671024,0.004915775,0.005142151,0.005350255,0.005538167,0.005706032,0.005852212,0.005977081,0.006079077,0.006158779,0.006214895,0.006248153,0.00625745,0.006243716,0.006206084,0.006145666,0.006061787,0.00595576,0.005827126,0.005677361,0.005506188,0.00531522,0.005104393,0.004875555,0.004628623,0.004365547,0.004086704,0.003793824,0.003487312,0.00316961,0.002840454,0.002502407,0.002156247,0.00180317,0.001444635,0.001082711,0.0007169421,0.0003508185,-1.570418e-05,-0.0003813377,-0.0007441752,-0.001102795,-0.001457578,-0.001805364,-0.002145958,-0.002478419,-0.002801873,-0.003114371,-0.003416056,-0.003705356,-0.003981916,-0.004244742,-0.004493787,-0.004727231,-0.004944789,-0.005146214,-0.005331956,-0.005501537,-0.005653626,-0.005787675,-0.005903096,-0.00599974,-0.006079257,-0.006140018,-0.006182738,-0.00620684,-0.006213518,-0.006201916,-0.006172169,-0.006123913,-0.006057915,-0.005974095,-0.005872106,-0.00575085,-0.005611564,-0.005455498,-0.005282871,-0.005092826,-0.004884986,-0.004668425,-0.004435821,-0.004190494,-0.003927844,-0.003646497,-0.003353973,-0.003051451,-0.002744955,-0.002423647,-0.002088626,-0.001745544,-0.001401194,-0.001049638,-0.0006890102,-0.0003250689,3.692722e-05,0.0004033307
0.0007793751,0.001153713,0.001524958,0.001890067,0.002251537,0.002606162,0.002951199,0.003287709,0.003612836,0.003925304,0.00422438,0.004508514,0.00477628,0.005027077,0.005259325,0.005472466,0.005665188,0.005837092,0.005987001,0.006114675,0.006219231,0.006300613,0.006358011,0.00639168,0.006401032,0.006386503,0.006347697,0.006285284,0.006199044,0.006089878,0.00595775,0.005803757,0.005628059,0.005431975,0.005215733,0.004980774,0.004727659,0.004458004,0.00417204,0.003871946,0.00355829,0.003232423,0.002895817,0.002549978,0.002195213,0.001834712,0.001468055,0.001097409,0.0007246583,0.0003502273,-2.45987e-05,-0.0003967824,-0.0007674443,-0.001133895,-0.001494701,-0.001849285,-0.002197102,-0.002535284,-0.002864265,-0.003182555,-0.003489582,-0.003783674,-0.004065075,-0.00433181,-0.00458407,-0.004821028,-0.005043326,-0.005248431,-0.005436501,-0.005605868,-0.005758649,-0.005893378,-0.006011826,-0.006112095,-0.00619352,-0.006256038,-0.006300563,-0.006325635,-0.006331739,-0.006318219,-0.006286758,-0.006236142,-0.006167508,-0.006079506,-0.005974816,-0.005853397,-0.005715961,-0.005559548,-0.005386979,-0.005197999,-0.004995536,-0.004768244,-0.004527379,-0.004268728,-0.004000175,-0.003724046,-0.003433862,-0.003128246,-0.002803415,-0.002472884,-0.002138993,-0.00179537,-0.001437825,-0.001074409,-0.0007113185,-0.0003428747,3.294844e-05,0.0004072935
0.0007917408,0.001173966,0.001553371,0.001931966,0.002302148,0.002666099,0.003022338,0.003368153,0.00370224,0.004024747,0.004332052,0.004624834,0.004900483,0.005158865,0.005397819,0.005617493,0.005815782,0.005992874,0.00614699,0.006278578,0.006385915,0.006469668,0.006528439,0.006563038,0.006572267,0.006557154,0.006516764,0.006452319,0.006363089,0.006250503,0.006114071,0.005955397,0.00577418,0.005572157,0.005349278,0.005107538,0.004846821,0.004569216,0.004275214,0.003966552,0.003643686,0.003309355,0.002963069,0.002607661,0.002244098,0.001873299,0.001497139,0.00111777,0.0007343842,0.0003510971,-3.227974e-05,-0.0004147239,-0.0007937151,-0.001167986,-0.001538197,-0.001900682,-0.002255248,-0.002601271,-0.002937612,-0.003262207,-0.003575303,-0.003875338,-0.004161838,-0.004433985,-0.004691694,-0.004932979,-0.005157374,-0.005365066,-0.005556582,-0.0057317,-0.005888488,-0.006026594,-0.006145027,-0.006243953,-0.006325481,-0.006387721,-0.006431367,-0.006456011,-0.00646299,-0.006451435,-0.0064212,-0.006372082,-0.006304764,-0.006219408,-0.006115101,-0.005990535,-0.005846986,-0.005686456,-0.005508638,-0.005312554,-0.005097101,-0.00487507,-0.0046358,-0.004383936,-0.004112688,-0.003819844,-0.003515455,-0.003201096,-0.002884684,-0.002551031,-0.002200963,-0.001842263,-0.001483804,-0.001117233,-0.0007392417,-0.0003576529,2.08131e-05,0.0004051533
0.0007971057,0.001193646,0.001587288,0.001974024,0.002357812,0.002734503,0.003100988,0.003458797,0.003804712,0.004137092,0.004455538,0.004758033,0.00504322,0.005310319,0.005557745,0.005784734,0.005990013,0.006173031,0.006332634,0.006468429,0.006579614,0.006665995,0.006726831,0.006762282,0.006771851,0.006755898,0.006714124,0.00664715,0.006554869,0.006438149,0.006297076,0.006132738,0.005945428,0.005736484,0.005506258,0.005256189,0.004987038,0.004700445,0.004396703,0.004078154,0.003745486,0.003399943,0.003043405,0.002677289,0.00230188,0.001920842,0.001533501,0.001142103,0.0007490636,0.0003543282,-4.052418e-05,-0.0004320334,-0.0008218209,-0.00120692,-0.001585478,-0.001957354,-0.002321917,-0.002675878,-0.003019875,-0.003352486,-0.003672995,-0.003979686,-0.004272928,-0.004550539,-0.004812751,-0.005058916,-0.005289907,-0.005502788,-0.005697684,-0.005872666,-0.006030555,-0.006169719,-0.006292406,-0.006396456,-0.006480775,-0.006545628,-0.006591975,-0.006618252,-0.006624785,-0.006610963,-0.00657876,-0.006526818,-0.006456316,-0.006365637,-0.006257972,-0.006133481,-0.005992788,-0.005832149,-0.005654738,-0.005460424,-0.005252853,-0.005016692,-0.004766601,-0.004496886,-0.004217698,-0.003932118,-0.003631128,-0.003312923,-0.002971702,-0.002625449,-0.002276885,-0.001917539,-0.001541115,-0.001158206,-0.000776679,-0.0003888497,8.682709e-06,0.0004041769
0.0008051404,0.001212331,0.001616935,0.002021759,0.002417388,0.002806714,0.003188363,0.003558866,0.003917014,0.004263084,0.004592841,0.004907205,0.005203261,0.005480833,0.005737569,0.005973633,0.006186704,0.006377009,0.00654259,0.006683966,0.006799219,0.006889113,0.006952127,0.006989154,0.006998889,0.006982477,0.006938905,0.006869518,0.006773545,0.006652547,0.006506011,0.006335693,0.006141283,0.005924664,0.005685828,0.005426942,0.005147882,0.004850898,0.004536646,0.004206881,0.003862122,0.00350547,0.003136226,0.002757514,0.002370549,0.001975964,0.0015761,0.001173235,0.0007661913,0.0003597742,-4.631188e-05,-0.0004513405,-0.0008521084,-0.00124748,-0.001638412,-0.002020707,-0.002394128,-0.002758392,-0.003112067,-0.003452961,-0.003781431,-0.004095934,-0.004395863,-0.004680577,-0.004949956,-0.005201845,-0.005435591,-0.005651867,-0.005851272,-0.006033845,-0.006197083,-0.006340835,-0.006463679,-0.006566118,-0.006650766,-0.00671549,-0.006760898,-0.006786851,-0.006794792,-0.006783866,-0.006753605,-0.006704011,-0.006635652,-0.006548974,-0.006442406,-0.006314427,-0.00616632,-0.006000962,-0.005817324,-0.005614357,-0.005390074,-0.005161285,-0.004913776,-0.00465358,-0.004371674,-0.004064658,-0.003745399,-0.00341586,-0.003086107,-0.002736242,-0.002366723,-0.001987605,-0.00161007,-0.001223209,-0.0008221565,-0.0004168912,-1.581352e-05,0.0003928917
0.0008037059,0.001229155,0.001652085,0.002067365,0.002480506,0.002886333,0.003281274,0.003667339,0.004040897,0.004399863,0.004744174,0.005071275,0.005379856,0.005668906,0.005936816,0.006182565,0.006404905,0.006603115,0.006776036,0.006923101,0.007043577,0.007137123,0.007203059,0.00724144,0.007251866,0.007234619,0.007189504,0.0071171,0.007017429,0.006891339,0.006739051,0.006561661,0.00635962,0.006134306,0.005886225,0.005616832,0.005327118,0.005018782,0.004692208,0.004349925,0.003992772,0.003621911,0.003239686,0.002847442,0.002445456,0.002037931,0.001623949,0.001205843,0.0007866391,0.0003657899,-5.480954e-05,-0.0004712019,-0.0008855381,-0.001294553,-0.001695902,-0.002089916,-0.002475876,-0.00285001,-0.003213164,-0.003563995,-0.003901638,-0.004224322,-0.004532569,-0.004823955,-0.005098754,-0.005356506,-0.005598384,-0.005821043,-0.006024581,-0.006206716,-0.006371111,-0.006515934,-0.006643977,-0.006752843,-0.006840958,-0.006908983,-0.006957889,-0.006986083,-0.006993687,-0.006980134,-0.006947712,-0.006894927,-0.006822984,-0.006729959,-0.006619548,-0.006492147,-0.006348297,-0.006183421,-0.006000971,-0.005800961,-0.005587904,-0.005342017,-0.005081603,-0.004799306,-0.004507694,-0.004210697,-0.003896604,-0.003563202,-0.003202328,-0.002836731,-0.002469641,-0.002090419,-0.001690411,-0.001282871,-0.0008775887,-0.0004647658,-3.945266e-05,0.0003834866
0.0008103914,0.001248765,0.001684904,0.002122524,0.002550183,0.002971487,0.003385172,0.003786908,0.004175539,0.004551472,0.004909763,0.005251558,0.005573595,0.005875616,0.006155042,0.006412023,0.006643984,0.006851192,0.007031466,0.007185398,0.007310841,0.007408663,0.007477202,0.007517441,0.007527958,0.007510028,0.007462554,0.007387033,0.007282651,0.007151125,0.006991929,0.006806999,0.00659603,0.006361086,0.006102218,0.005821803,0.005519726,0.005198432,0.004858789,0.004502585,0.004130418,0.003745822,0.003347899,0.002940086,0.002523917,0.002099721,0.001670364,0.001238296,0.0008019411,0.0003668705,-6.727719e-05,-0.0005001166,-0.0009276788,-0.001348937,-0.001765172,-0.002171617,-0.00256795,-0.00295426,-0.003328793,-0.003689218,-0.004036007,-0.004367651,-0.004683398,-0.004982795,-0.005265698,-0.005529785,-0.005774194,-0.006000159,-0.006208361,-0.006399135,-0.00656942,-0.006719285,-0.00684686,-0.006952998,-0.007040912,-0.007108232,-0.00715543,-0.007182737,-0.00719168,-0.007181465,-0.007151254,-0.007101319,-0.007032059,-0.006944271,-0.006835628,-0.006704381,-0.00655177,-0.006381691,-0.006192195,-0.005982177,-0.005748549,-0.005512555,-0.005256131,-0.004986788,-0.004693178,-0.004370309,-0.004034178,-0.003687101,-0.003341637,-0.002972733,-0.00258033,-0.002176904,-0.00177625,-0.001364729,-0.0009357315,-0.0005015109,-7.242778e-05,0.0003663796
0.0008187929,0.001278661,0.001736565,0.002186055,0.002634318,0.003075067,0.003504155,0.003924094,0.004330791,0.004721622,0.005096879,0.005453389,0.005789865,0.006105023,0.006397216,0.00666511,0.006907474,0.007123395,0.007311694,0.007471609,0.007602472,0.007703783,0.00777493,0.007815852,0.007826258,0.007806357,0.007756072,0.007675949,0.007566168,0.007427562,0.007260518,0.007066159,0.00684512,0.006598851,0.006328045,0.006034187,0.005718551,0.005382915,0.005027795,0.004655936,0.004268364,0.003866176,0.003452245,0.003027871,0.002593323,0.002153423,0.001707019,0.001256527,0.0008056838,0.0003534263,-9.801889e-05,-0.000544104,-0.0009875508,-0.001424778,-0.001852865,-0.002272657,-0.002683353,-0.003080623,-0.003465533,-0.003836842,-0.004193527,-0.00453375,-0.004858227,-0.005164257,-0.005452165,-0.005721698,-0.005974415,-0.006206544,-0.006418189,-0.006606646,-0.006776534,-0.006925832,-0.007057956,-0.00717031,-0.007260811,-0.007330566,-0.007380609,-0.007409355,-0.007416664,-0.007402055,-0.007368204,-0.007313488,-0.007239118,-0.0071428,-0.007028742,-0.006897632,-0.00674998,-0.006580295,-0.006392193,-0.006185865,-0.005966924,-0.005710497,-0.005438862,-0.005142751,-0.004837322,-0.004527502,-0.004198676,-0.003848242,-0.003465212,-0.003077478,-0.002688945,-0.002286707,-0.00185941,-0.001423117,-0.0009898511,-0.000547563,-8.95067e-05,0.0003660348
0.0008627878,0.001337247,0.001809771,0.002285152,0.002749656,0.003207624,0.00365792,0.004095241,0.004518439,0.004928072,0.005318378,0.005690738,0.006041485,0.006370267,0.006674237,0.006953516,0.007205253,0.007429751,0.00762458,0.007790416,0.007924863,0.008028914,0.008100758,0.008141484,0.008149561,0.008126416,0.00807088,0.007984633,0.007866845,0.007719412,0.00754182,0.007336228,0.007102355,0.00684249,0.006556784,0.006247852,0.005915632,0.005562786,0.005190476,0.004800522,0.004393622,0.003973831,0.003540067,0.003096097,0.002643867,0.002183365,0.00171805,0.001250604,0.0007790152,0.0003096971,-0.0001577157,-0.0006232548,-0.001082076,-0.001533245,-0.001978397,-0.002412173,-0.002834086,-0.003244665,-0.003641791,-0.004022994,-0.004388853,-0.004737939,-0.005069308,-0.005382748,-0.005678089,-0.00595288,-0.006205983,-0.006439297,-0.006653599,-0.006849663,-0.007023765,-0.00717632,-0.007304966,-0.007410934,-0.007498198,-0.007564085,-0.007609068,-0.007633734,-0.007639663,-0.007626258,-0.007592341,-0.007538516,-0.007464955,-0.007372874,-0.007259053,-0.007121563,-0.006961615,-0.006784346,-0.006586474,-0.00636699,-0.006121424,-0.005875941,-0.005608334,-0.005327632,-0.005020167,-0.004678702,-0.00432285,-0.003955201,-0.003591287,-0.003200293,-0.002781468,-0.002349871,-0.001922315,-0.001482198,-0.00102093,-0.0005531543,-9.156192e-05,0.0003820589
0.0009476599,0.001447238,0.001945246,0.002433687,0.002921575,0.003401438,0.003868403,0.004325543,0.004768247,0.005193267,0.005601272,0.005988408,0.006353389,0.006694642,0.007010464,0.007299183,0.007559601,0.007790583,0.007990956,0.008159745,0.008296379,0.008400208,0.008470708,0.008507716,0.008511103,0.008481005,0.008417512,0.008321174,0.008192386,0.008031986,0.007840572,0.007619349,0.007369172,0.007091615,0.00678763,0.00645874,0.006106575,0.005733035,0.005338849,0.004926975,0.004498691,0.004055057,0.003599573,0.003133502,0.002657126,0.002175967,0.001688672,0.001197708,0.0007076636,0.0002169181,-0.0002719428,-0.0007536845,-0.001231632,-0.001701895,-0.002160845,-0.002609926,-0.00304824,-0.003470831,-0.003878969,-0.004271574,-0.004647428,-0.005004648,-0.005344141,-0.005662945,-0.0059614,-0.006239532,-0.006499331,-0.006736618,-0.006951494,-0.007140896,-0.007310357,-0.007457817,-0.00758737,-0.007696301,-0.007782015,-0.007846011,-0.007889752,-0.007911501,-0.007910746,-0.007887284,-0.007844361,-0.007780257,-0.007696134,-0.007589253,-0.007464279,-0.00732239,-0.007164248,-0.006983488,-0.006783341,-0.006564541,-0.006334116,-0.006061219,-0.005772652,-0.005456795,-0.005131846,-0.004803639,-0.004454622,-0.004081831,-0.00367089,-0.003255194,-0.002839613,-0.002408879,-0.00194853,-0.001477549,-0.00101065,-0.0005333368,-3.677119e-05,0.0004570156
0.001123473,0.001641912,0.002158027,0.002677955,0.003185302,0.003685194,0.004176628,0.004653229,0.005113779,0.00555906,0.005982347,0.006385303,0.00676379,0.007117382,0.007442922,0.007740533,0.008007074,0.008242896,0.008445336,0.008615186,0.008749816,0.0088504,0.008914989,0.008944845,0.008938376,0.0088972,0.008820125,0.008709101,0.00856334,0.008384978,0.008173556,0.007931564,0.007658773,0.007357789,0.007028948,0.006675138,0.006296438,0.005895765,0.005474737,0.005035177,0.004577916,0.004107674,0.003623239,0.003128682,0.002626538,0.002116374,0.00160237,0.001087481,0.000569242,5.498425e-05,-0.0004555494,-0.0009629402,-0.001461304,-0.001949795,-0.002430406,-0.002897215,-0.00334942,-0.003788101,-0.004210676,-0.004614578,-0.005000435,-0.005366998,-0.005713021,-0.006038636,-0.006343581,-0.00662539,-0.006882478,-0.007117591,-0.007331521,-0.007525813,-0.007695761,-0.007842424,-0.007962811,-0.008058594,-0.008134739,-0.008188062,-0.008219499,-0.008229787,-0.008220426,-0.008191375,-0.008141189,-0.008070971,-0.007980498,-0.007871575,-0.007739786,-0.007583249,-0.007403274,-0.007206824,-0.006988088,-0.006746929,-0.00647708,-0.006210139,-0.005919639,-0.005615944,-0.005283593,-0.004911687,-0.004524514,-0.004124811,-0.003731788,-0.00330796,-0.002851766,-0.002381089,-0.001916339,-0.001437582,-0.0009340965,-0.0004229564,8.024649e-05,0.0005974932
0.001394374,0.001948034,0.002499545,0.003039101,0.00357765,0.004106487,0.004619767,0.005121218,0.005605619,0.006069011,0.006512451,0.006931358,0.007324407,0.007689747,0.008025606,0.008329975,0.008601713,0.008839475,0.009042142,0.009208546,0.009338273,0.009430581,0.009485086,0.009501593,0.009480233,0.009421111,0.009324586,0.009191301,0.009021977,0.008817528,0.008578863,0.008307393,0.008004252,0.007671261,0.007309763,0.006921351,0.006508158,0.006072264,0.005614796,0.005138924,0.004646266,0.004137937,0.003618221,0.003088335,0.002548669,0.002005519,0.001457431,0.0009068602,0.0003594632,-0.0001870028,-0.0007295288,-0.001262092,-0.001788626,-0.002304966,-0.00280655,-0.00329559,-0.003771021,-0.004227194,-0.004665515,-0.005085167,-0.005484653,-0.00586208,-0.006218528,-0.006550775,-0.00685908,-0.00714386,-0.007407551,-0.007645628,-0.00785807,-0.008041536,-0.008202396,-0.008338748,-0.00845534,-0.008549498,-0.008618038,-0.008662773,-0.00868607,-0.008685873,-0.008661063,-0.008612042,-0.008542785,-0.00845164,-0.008339568,-0.008203459,-0.008048201,-0.007875839,-0.007687398,-0.007476101,-0.007243481,-0.006991835,-0.006729982,-0.006419904,-0.006093903,-0.005737162,-0.00537212,-0.005004729,-0.004614979,-0.004199662,-0.003740407,-0.003276369,-0.002813893,-0.002335367,-0.001822806,-0.0012981,-0.0007794827,-0.0002497106,0.0003023872,0.0008506679
0.001797708,0.002386369,0.0029707,0.003558431,0.004130025,0.004691379,0.005241612,0.005773091,0.006284416,0.006776635,0.007241881,0.007682119,0.008092681,0.00847305,0.008819724,0.009132861,0.009409009,0.009648643,0.009848853,0.01001065,0.01013117,0.01021189,0.01025078,0.01024939,0.01020614,0.01012296,0.009998752,0.009835852,0.009633636,0.009394632,0.00911855,0.00880838,0.008464047,0.008088634,0.007682804,0.007249859,0.006790146,0.006306966,0.005802571,0.005278893,0.004736973,0.004182389,0.003613892,0.003035909,0.002451788,0.00186064,0.001267523,0.0006757866,8.249445e-05,-0.0005039937,-0.001083684,-0.001657813,-0.002219285,-0.002767279,-0.003304185,-0.003823483,-0.004323906,-0.004807179,-0.005270183,-0.005710222,-0.006127936,-0.006522294,-0.006891675,-0.007236565,-0.007556587,-0.007849289,-0.008112526,-0.008350013,-0.008562452,-0.008752237,-0.008913686,-0.009048526,-0.009153002,-0.009229305,-0.009283428,-0.009311826,-0.009315681,-0.009296118,-0.009254564,-0.00919167,-0.009105571,-0.00899809,-0.008868539,-0.008719624,-0.008545524,-0.008344522,-0.008117891,-0.007875029,-0.007607,-0.007315069,-0.00699058,-0.006671555,-0.006326964,-0.005968521,-0.005579543,-0.005144134,-0.004692269,-0.004226879,-0.003771819,-0.003282096,-0.002755146,-0.002212028,-0.001677533,-0.00112815,-0.0005508444,3.469038e-05,0.0006091859,0.001198752
0.002289169,0.002941344,0.003589199,0.004220462,0.004848218,0.005462241,0.006055446,0.006632134,0.007186378,0.007713231,0.00821418,0.008683727,0.009120491,0.009522234,0.00988711,0.01021273,0.01049799,0.0107414,0.01094188,0.01109812,0.01120993,0.01127653,0.01129779,0.01127359,0.0112044,0.01109047,0.01093257,0.01073155,0.0104886,0.01020493,0.009881915,0.009521331,0.00912481,0.00869459,0.008232553,0.00774062,0.00722155,0.006677882,0.006111149,0.005525066,0.004921786,0.004302553,0.003672576,0.00303332,0.002385241,0.001735725,0.001083246,0.0004303652,-0.0002160153,-0.0008586776,-0.001494257,-0.00211559,-0.002727354,-0.003324995,-0.003902945,-0.004464039,-0.005007223,-0.005525901,-0.006021719,-0.006493995,-0.006941031,-0.007360715,-0.007754493,-0.008118654,-0.008453483,-0.00875958,-0.009040153,-0.009290083,-0.009509363,-0.009693715,-0.009851085,-0.009979213,-0.01008368,-0.01016198,-0.01020981,-0.01023001,-0.01022485,-0.01019257,-0.01013176,-0.01004295,-0.009930742,-0.009793459,-0.009632181,-0.009443292,-0.009232355,-0.009002069,-0.00875371,-0.008479333,-0.008180439,-0.007860014,-0.007529202,-0.007142331,-0.006737332,-0.006296597,-0.005846195,-0.005394163,-0.004916777,-0.004411166,-0.003854092,-0.003291746,-0.002732348,-0.002155975,-0.001540547,-0.0009115253,-0.0002912271,0.0003400682,0.0009963547,0.001646561
0.002833984,0.003561473,0.004280874,0.005001448,0.005699979,0.006382769,0.007049053,0.00768947,0.008302244,0.008888524,0.009439052,0.009955931,0.01043386,0.01087205,0.01126658,0.01161759,0.01192118,0.01217801,0.01238484,0.01254296,0.01264929,0.01270564,0.01271,0.0126643,0.01256704,0.01242069,0.01222433,0.01198086,0.01168994,0.01135474,0.01097536,0.01055542,0.01009532,0.009598796,0.009066998,0.008504018,0.007910615,0.007290781,0.006647459,0.005983128,0.00529925,0.004602467,0.003891584,0.003171742,0.002447251,0.001716981,0.0009869535,0.0002612978,-0.0004634904,-0.001177722,-0.001881073,-0.002575349,-0.003252152,-0.003910437,-0.004553217,-0.005173013,-0.005768136,-0.006340927,-0.006887826,-0.00740573,-0.007895413,-0.008355882,-0.008785249,-0.009184206,-0.009552453,-0.009887284,-0.01018608,-0.01045337,-0.01068996,-0.01089855,-0.01107309,-0.01121538,-0.01132094,-0.01139231,-0.01143634,-0.01144971,-0.01143236,-0.0113866,-0.01131423,-0.01121592,-0.01108892,-0.0109356,-0.0107551,-0.01055103,-0.01031661,-0.01004963,-0.009750766,-0.009431209,-0.009081311,-0.00870214,-0.008282014,-0.007867358,-0.007421238,-0.006958119,-0.006458617,-0.005903306,-0.005327183,-0.004733563,-0.004152138,-0.003530535,-0.002864732,-0.002179281,-0.001504312,-0.0008132766,-9.013058e-05,0.0006419764,0.00135927,0.002091943
0.003278513,0.004125586,0.00496552,0.00578245,0.006591698,0.007380925,0.008141308,0.008877386,0.009582266,0.01024944,0.01088072,0.01146928,0.01201351,0.01251049,0.01295816,0.01335355,0.01369546,0.01398212,0.01421242,0.01438484,0.01449942,0.01455529,0.01455265,0.01449147,0.01437264,0.01419668,0.0139649,0.01367848,0.01333923,0.01294885,0.01250945,0.0120233,0.01149287,0.01092099,0.01031032,0.00966346,0.008984026,0.008275364,0.007539483,0.006781145,0.006003392,0.005207712,0.004400479,0.003583898,0.002758481,0.001933205,0.00110658,0.0002815087,-0.0005335853,-0.001341833,-0.002139552,-0.002917942,-0.003682519,-0.004428193,-0.005148301,-0.00584598,-0.006520453,-0.007163903,-0.007778358,-0.008363092,-0.008916304,-0.009435394,-0.009922396,-0.01037295,-0.01078754,-0.01116669,-0.01151473,-0.01182556,-0.01209945,-0.01233051,-0.01252883,-0.0126912,-0.01282424,-0.01292542,-0.01298888,-0.01301872,-0.01301613,-0.01297991,-0.0129086,-0.01280198,-0.01266503,-0.01249551,-0.01229483,-0.01205827,-0.01179259,-0.01150043,-0.01118294,-0.01082949,-0.01044421,-0.01002875,-0.009597417,-0.009096127,-0.008568392,-0.007994579,-0.007402856,-0.006806834,-0.006176983,-0.005511389,-0.004780961,-0.00404099,-0.003302134,-0.002542231,-0.001734551,-0.0009092923,-9.350633e-05,0.0007342424,0.001591291,0.002440359
0.003472772,0.004462621,0.005441176,0.006418911,0.007368069,0.008294643,0.00919772,0.01006544,0.01089513,0.01168764,0.01243175,0.01312932,0.013774,0.01436442,0.01489581,0.01536807,0.01577664,0.016122,0.01640045,0.01661338,0.0167574,0.01683451,0.01684268,0.0167842,0.01665765,0.01646607,0.01620879,0.01588937,0.01550783,0.01506817,0.01457105,0.01402092,0.0134189,0.01276958,0.01207484,0.01133992,0.01056625,0.009758823,0.008921474,0.008057706,0.007169755,0.0062656,0.00534435,0.004412282,0.003475001,0.002531423,0.001588775,0.00065246,-0.0002815408,-0.001201878,-0.002107585,-0.003000995,-0.003872119,-0.004719442,-0.005546778,-0.006345236,-0.007112638,-0.007852099,-0.008559634,-0.009231561,-0.009868777,-0.01047034,-0.01103399,-0.01156085,-0.01205087,-0.01250114,-0.01290833,-0.01327771,-0.01361025,-0.01390948,-0.01416841,-0.01438889,-0.01456565,-0.01470105,-0.01480305,-0.01486792,-0.01489434,-0.01488488,-0.01484188,-0.01476545,-0.01465159,-0.0145024,-0.01431652,-0.0140978,-0.01383844,-0.01353478,-0.01318631,-0.01280478,-0.01238147,-0.01191544,-0.01139096,-0.01086459,-0.01029198,-0.009691529,-0.009039538,-0.008314397,-0.007555578,-0.006766555,-0.005984523,-0.005150008,-0.004257206,-0.003334366,-0.002418382,-0.001480575,-0.0005011647,0.0004920861,0.001469611,0.002465353
0.003146279,0.004331958,0.00551128,0.006663201,0.007805084,0.008921589,0.01000119,0.0110481,0.01205378,0.0130093,0.01391629,0.01476597,0.01555589,0.016282,0.01694146,0.01753031,0.018047,0.01848873,0.01885433,0.01914155,0.01935062,0.01948018,0.01953066,0.01950189,0.01939521,0.0192112,0.01895177,0.01861837,0.0182135,0.01773935,0.01719894,0.01659511,0.01593137,0.01521134,0.01443866,0.01361687,0.01275073,0.01184468,0.01090145,0.009927221,0.008926442,0.007900976,0.006858766,0.005803266,0.004735213,0.003665711,0.002593639,0.001522462,0.0004626767,-0.0005889953,-0.001628381,-0.002644544,-0.00364367,-0.004620112,-0.005565809,-0.006483857,-0.007373883,-0.008226812,-0.009044997,-0.009827758,-0.01057308,-0.01127796,-0.01194489,-0.01256938,-0.01315219,-0.01369407,-0.01420043,-0.01466405,-0.01508551,-0.01545857,-0.01579413,-0.01608866,-0.01634987,-0.0165749,-0.01675642,-0.0168983,-0.01700277,-0.01706626,-0.01708712,-0.01706417,-0.01700308,-0.01689951,-0.01675444,-0.01656028,-0.01632464,-0.01604923,-0.0157351,-0.01536665,-0.01495068,-0.01448602,-0.01399073,-0.01340009,-0.0127634,-0.0120588,-0.01131509,-0.01055436,-0.00973937,-0.008869379,-0.007908331,-0.006922617,-0.00592642,-0.004895234,-0.003797285,-0.002668804,-0.00154258,-0.0003964866,0.000790494,0.001973287
0.002078422,0.003480971,0.004875604,0.006273634,0.007641341,0.008983421,0.01029808,0.01156997,0.01279444,0.01397148,0.01508676,0.01614137,0.01712699,0.01804109,0.01887725,0.01963473,0.02030772,0.02089563,0.02139411,0.02180399,0.02212136,0.02234794,0.02248129,0.02252379,0.02247397,0.02233502,0.02210653,0.02179248,0.02139326,0.02091351,0.02035451,0.01972154,0.01901654,0.01824503,0.01740983,0.01651739,0.01557011,0.01457412,0.01353458,0.01245614,0.01134229,0.01020258,0.009036921,0.007852878,0.006658058,0.005451536,0.00424229,0.003037405,0.00183273,0.0006415006,-0.0005339287,-0.001696595,-0.002834209,-0.003944698,-0.005032489,-0.006087081,-0.007105283,-0.008091525,-0.009041055,-0.009949879,-0.01081864,-0.01164709,-0.01243194,-0.01317597,-0.01387922,-0.01453966,-0.01515241,-0.01572401,-0.01625524,-0.01675382,-0.01720892,-0.01762423,-0.01799355,-0.01831863,-0.0186097,-0.01885999,-0.01907138,-0.01924172,-0.01937341,-0.01946704,-0.01951779,-0.01952574,-0.01948722,-0.01940438,-0.01926673,-0.01906837,-0.01880755,-0.01849548,-0.01812012,-0.01767901,-0.01715005,-0.01659984,-0.01597572,-0.0152987,-0.01454091,-0.01367629,-0.01274991,-0.01176404,-0.01076559,-0.009687015,-0.008520831,-0.007298863,-0.006066764,-0.004794315,-0.003457659,-0.002090049,-0.0007289045,0.0006631896
-1.806226e-05,0.001642708,0.003309468,0.004954313,0.006595821,0.008214736,0.009795183,0.01134033,0.01283879,0.01427817,0.01565885,0.01696931,0.01820506,0.0193603,0.02043032,0.02140969,0.02229576,0.02308355,0.02377156,0.02435591,0.02483672,0.02521147,0.02548028,0.0256424,0.02569942,0.02565127,0.02550039,0.02524811,0.02489747,0.02445085,0.02391201,0.02328432,0.02257225,0.02178013,0.02091277,0.01997446,0.01897136,0.01790905,0.01679143,0.01562594,0.01441901,0.01317292,0.0118978,0.01059845,0.009276388,0.007945056,0.006604461,0.005258524,0.003920822,0.002587999,0.001265281,-3.397778e-05,-0.001315929,-0.002574636,-0.0037997,-0.004994311,-0.006158039,-0.007280818,-0.008364709,-0.009409751,-0.01041318,-0.01137234,-0.01228959,-0.01316174,-0.01398946,-0.01477529,-0.01552512,-0.01623152,-0.0168948,-0.0175128,-0.0180939,-0.01863694,-0.01915092,-0.01963322,-0.02007593,-0.0204797,-0.0208551,-0.02118938,-0.02147972,-0.02172625,-0.02193671,-0.02210274,-0.02222238,-0.02228225,-0.02228795,-0.02224006,-0.02214043,-0.0219673,-0.0217208,-0.02139933,-0.02102413,-0.02051386,-0.01992543,-0.0192302,-0.01845933,-0.01764025,-0.01672862,-0.01572398,-0.01458193,-0.0133797,-0.01213687,-0.0108263,-0.009410887,-0.007933036,-0.006433416,-0.004889524,-0.00327684,-0.00164952
-0.003285704,-0.001372544,0.0005518608,0.002499737,0.004429125,0.006342486,0.008235776,0.01008914,0.01189421,0.01364951,0.01533589,0.01695294,0.01848892,0.01993942,0.02129501,0.02255373,0.02370756,0.02475364,0.02568639,0.02650517,0.02720502,0.02778654,0.02824621,0.02858594,0.02880384,0.02890235,0.02888113,0.02874405,0.02849155,0.02812844,0.02765633,0.02708117,0.02640542,0.02563532,0.02477471,0.02383086,0.02280737,0.0217112,0.02054952,0.0193276,0.01805058,0.01672971,0.01536635,0.01396891,0.01254818,0.01110301,0.009645052,0.008183142,0.006713804,0.005252145,0.003803183,0.002362667,0.0009464273,-0.0004429448,-0.001809567,-0.003141884,-0.004434232,-0.005693114,-0.006911973,-0.008087326,-0.009218637,-0.01030772,-0.01134909,-0.01234902,-0.01330701,-0.01422419,-0.01509284,-0.01592273,-0.01671343,-0.01748291,-0.01821279,-0.01891227,-0.01957459,-0.02020187,-0.02080872,-0.02138269,-0.02193766,-0.02245965,-0.02294993,-0.02341398,-0.02384752,-0.02424777,-0.02460506,-0.02491789,-0.02516802,-0.02534772,-0.02545447,-0.02550077,-0.02545484,-0.02531831,-0.02505841,-0.02474767,-0.02432589,-0.02380935,-0.02317121,-0.02236883,-0.02145795,-0.02043662,-0.01936372,-0.01815884,-0.01681319,-0.01536179,-0.01386136,-0.01227882,-0.01058708,-0.008824236,-0.007038651,-0.00518899
-0.00785328,-0.005685848,-0.003478251,-0.001266596,0.0009673186,0.003199716,0.005408032,0.007593664,0.009740722,0.01183215,0.01386557,0.01582567,0.01770438,0.01949313,0.02118405,0.0227693,0.02424397,0.0255998,0.02683405,0.02794023,0.02891763,0.0297616,0.03047119,0.03104429,0.03148227,0.03178339,0.0319503,0.03198348,0.03188612,0.03166011,0.03130962,0.03083817,0.03025076,0.02955205,0.02874805,0.02784315,0.02684498,0.02575993,0.02459357,0.02335383,0.02204957,0.02068328,0.019268,0.01780936,0.01631055,0.01478699,0.01324096,0.01167628,0.01011095,0.008541511,0.006975013,0.005427444,0.003893798,0.00237999,0.0009004753,-0.0005488013,-0.001966053,-0.003340283,-0.004671924,-0.005962683,-0.007208028,-0.008406685,-0.00956001,-0.01066748,-0.0117288,-0.0127503,-0.01373797,-0.01468635,-0.01559476,-0.01646998,-0.01731608,-0.01813813,-0.01894729,-0.01974413,-0.02052147,-0.02127622,-0.02203627,-0.02277466,-0.02348618,-0.02417802,-0.0248623,-0.02552737,-0.02616481,-0.02675405,-0.02729252,-0.02778102,-0.02822317,-0.02859415,-0.0288657,-0.0290428,-0.0291484,-0.02907305,-0.02888494,-0.02853728,-0.02807053,-0.02750335,-0.02678813,-0.02592276,-0.0248516,-0.02365796,-0.02236846,-0.02095304,-0.01936835,-0.01766031,-0.01588112,-0.01400644,-0.01200877,-0.009951615
-0.01361078,-0.01124779,-0.008828373,-0.006338594,-0.003831519,-0.001307587,0.001225234,0.003741463,0.006226966,0.008678109,0.0110689,0.01339632,0.01564356,0.01780311,0.01986111,0.02181328,0.02364787,0.0253589,0.02693818,0.02838274,0.02968542,0.03084479,0.03185531,0.03271752,0.0334284,0.03398873,0.03439762,0.03465801,0.03476984,0.03473744,0.03456222,0.03425023,0.03380403,0.03322995,0.03253279,0.03171989,0.03079593,0.02976824,0.02864632,0.02743532,0.02614211,0.02477942,0.02335079,0.02186439,0.02033554,0.01876205,0.01715923,0.0155375,0.01389495,0.01224845,0.01060705,0.008964876,0.00734262,0.005743721,0.004165799,0.002620473,0.001118192,-0.0003497868,-0.001773535,-0.003150598,-0.004477923,-0.005760337,-0.006989061,-0.00817454,-0.009314617,-0.01041536,-0.01146543,-0.01248058,-0.01345851,-0.01443088,-0.01537223,-0.01630064,-0.01720995,-0.01810629,-0.01901075,-0.01990796,-0.02082947,-0.02175014,-0.02266957,-0.02360529,-0.0245555,-0.02551854,-0.0264761,-0.02742492,-0.02833213,-0.02918985,-0.02999421,-0.03076661,-0.03143038,-0.03199959,-0.03242558,-0.03277867,-0.03299259,-0.0330649,-0.03297981,-0.03265427,-0.03216226,-0.03149305,-0.0307182,-0.0297343,-0.02852998,-0.02714267,-0.02564139,-0.02398586,-0.02214724,-0.02016552,-0.01810331,-0.01591362
-0.02038619,-0.01788828,-0.01528458,-0.01262036,-0.009879329,-0.00708994,-0.004283727,-0.001461959,0.001353473,0.004139339,0.006889043,0.009581929,0.01220477,0.0147447,0.01718939,0.01952697,0.02174868,0.02384218,0.0258018,0.0276175,0.02928627,0.03080036,0.03215675,0.03335094,0.03438304,0.03524882,0.03595031,0.03648617,0.03685912,0.03706989,0.03712241,0.03701958,0.0367665,0.0363674,0.03582922,0.03515578,0.03435578,0.03343604,0.03240364,0.03126644,0.03003566,0.02871358,0.02731641,0.02585015,0.02432004,0.0227431,0.02112471,0.019468,0.01779642,0.01610661,0.01440769,0.01271908,0.0110377,0.00936973,0.007735392,0.006129414,0.004556377,0.00302931,0.001550868,0.0001178915,-0.001262292,-0.002589247,-0.00386303,-0.005084643,-0.00625186,-0.007374577,-0.008459589,-0.009505007,-0.01050976,-0.01148768,-0.01244334,-0.01338959,-0.01434109,-0.01530714,-0.01628152,-0.01726478,-0.01830166,-0.01936074,-0.0204354,-0.02154586,-0.02271119,-0.02392399,-0.02517043,-0.0264277,-0.02768074,-0.02893252,-0.0301868,-0.03142414,-0.03256795,-0.03363409,-0.03464717,-0.03545556,-0.03614151,-0.03662505,-0.03696357,-0.0371463,-0.03712424,-0.03689117,-0.03637356,-0.03565199,-0.03475853,-0.0336589,-0.03230003,-0.0307257,-0.02900279,-0.02710183,-0.0249915,-0.02274358
-0.02773252,-0.0252253,-0.02258319,-0.01978941,-0.01690965,-0.01394786,-0.01091651,-0.007848086,-0.004763811,-0.001670615,0.001397164,0.004432132,0.007411147,0.01032169,0.01314436,0.01587046,0.01848276,0.02097155,0.02332378,0.02553335,0.02758893,0.02948605,0.03121603,0.0327769,0.03416303,0.03537291,0.03640391,0.03725701,0.03793089,0.0384287,0.03875091,0.03890279,0.0388864,0.03870749,0.03837112,0.03788433,0.03725224,0.03648214,0.03558519,0.0345664,0.03343366,0.03220103,0.03087391,0.02945999,0.02797916,0.02642803,0.0248254,0.02318382,0.0215028,0.0198013,0.01809284,0.01637054,0.01466007,0.01296735,0.01129201,0.009646385,0.008047098,0.006484784,0.004973353,0.003516116,0.002119288,0.0007769508,-0.0004989676,-0.001719835,-0.00288152,-0.003992531,-0.005038766,-0.006041941,-0.007000054,-0.00795057,-0.008869849,-0.009783186,-0.01068642,-0.01159363,-0.01253296,-0.01349864,-0.01452711,-0.01560456,-0.01673332,-0.01794577,-0.01924397,-0.020639,-0.02211035,-0.02366322,-0.02525187,-0.02686937,-0.0285049,-0.03019671,-0.03182199,-0.03340295,-0.03487162,-0.03629404,-0.03759237,-0.03873577,-0.03972123,-0.04040623,-0.04088137,-0.04112297,-0.04121083,-0.04100776,-0.04049219,-0.03970101,-0.03871288,-0.03747462,-0.03595329,-0.03418702,-0.03225298,-0.03009608
-0.03517048,-0.03278118,-0.03018555,-0.02743955,-0.02452688,-0.02148117,-0.01834276,-0.01511697,-0.01183129,-0.008517442,-0.005186372,-0.001866318,0.001423599,0.004664035,0.007837409,0.01092516,0.01391308,0.01678403,0.01952696,0.02212726,0.02457732,0.02686525,0.02898453,0.03092698,0.03268946,0.034265,0.03565311,0.03684985,0.03785617,0.03867117,0.03929738,0.03973638,0.03999233,0.04006874,0.03997207,0.03970584,0.03927843,0.03869746,0.03796951,0.03710341,0.03611131,0.0349957,0.0337741,0.03245456,0.03104213,0.02955684,0.02800575,0.02639248,0.02474459,0.02306055,0.0213496,0.01963733,0.01792106,0.01620959,0.0145276,0.01287212,0.01124884,0.009676622,0.008160074,0.006698696,0.005301349,0.003972818,0.002712101,0.001523099,0.0004084377,-0.0006383604,-0.00162869,-0.002559747,-0.003435391,-0.004259671,-0.005051313,-0.005824695,-0.006599219,-0.007395702,-0.008206569,-0.009052202,-0.009969244,-0.01095382,-0.01200764,-0.01315948,-0.01443862,-0.01585392,-0.0174018,-0.01906802,-0.02083955,-0.02272148,-0.02471319,-0.02679395,-0.02887494,-0.03096261,-0.03308524,-0.03505301,-0.03694825,-0.03866468,-0.04025517,-0.04169009,-0.04289747,-0.04386666,-0.0444909,-0.04484684,-0.04496096,-0.04479019,-0.04426122,-0.04341268,-0.04232016,-0.04094788,-0.03925331,-0.03731604
-0.04199963,-0.03990708,-0.03757158,-0.03497212,-0.03218374,-0.02921474,-0.02607921,-0.02281769,-0.01945759,-0.01601033,-0.01251842,-0.008995434,-0.005471098,-0.001964779,0.001497584,0.004900484,0.008219744,0.01144092,0.01454373,0.01751755,0.0203445,0.02301594,0.02551812,0.02784517,0.02998647,0.031938,0.03369287,0.0352496,0.03660373,0.0377567,0.03870657,0.03945709,0.04000864,0.04036612,0.040533,0.0405166,0.04032085,0.03995335,0.03942449,0.03874068,0.03790883,0.03694513,0.03585446,0.03464589,0.03334115,0.03193771,0.03045499,0.02891016,0.02730149,0.02565175,0.02397732,0.02227245,0.02056552,0.0188682,0.01717928,0.01551607,0.01389932,0.01232272,0.01080189,0.0093462,0.007963397,0.006652124,0.005425617,0.004278522,0.003215104,0.002232373,0.001344648,0.0005309712,-0.000211433,-0.0009085211,-0.001549333,-0.002157109,-0.002730439,-0.003288113,-0.003864757,-0.00447507,-0.005133756,-0.005866764,-0.006692369,-0.007649825,-0.008749704,-0.01002662,-0.01147965,-0.01313452,-0.01495681,-0.01694044,-0.01906621,-0.02137499,-0.02376058,-0.02622984,-0.02869291,-0.03123702,-0.03374843,-0.03619038,-0.03853486,-0.04060727,-0.04248787,-0.04413367,-0.04562223,-0.04678296,-0.04756767,-0.04800444,-0.04817171,-0.04800247,-0.04744484,-0.04653374,-0.04535358,-0.04383907
-0.04761085,-0.04597809,-0.0440171,-0.0417938,-0.03928593,-0.03653068,-0.03357414,-0.0304249,-0.02711359,-0.02368106,-0.02014136,-0.01653103,-0.01287499,-0.009200072,-0.005529995,-0.001891781,0.001694055,0.005203727,0.008619307,0.01191954,0.01509038,0.01811411,0.02097863,0.02367034,0.02618068,0.02849881,0.03061935,0.0325349,0.03424258,0.03573881,0.03702312,0.03809488,0.03895588,0.0396085,0.04005685,0.04030441,0.04035768,0.04022506,0.03991076,0.03942524,0.03878019,0.03797863,0.03703719,0.0359677,0.03477221,0.03347535,0.03208377,0.03060272,0.02906173,0.02746278,0.02581287,0.02414565,0.02245723,0.02076028,0.01908207,0.01742565,0.01579509,0.01421787,0.01269915,0.01124473,0.00986392,0.008570521,0.007362036,0.006252151,0.005243502,0.004339627,0.003523653,0.002806456,0.002179094,0.001658621,0.001210659,0.0008271367,0.0004859914,0.0001608091,-0.0001365439,-0.0004439761,-0.0007762338,-0.001167226,-0.00163708,-0.0022161,-0.002951823,-0.003877287,-0.005021442,-0.006389263,-0.007995931,-0.009852778,-0.01196058,-0.01428508,-0.01678785,-0.01945538,-0.02233003,-0.02520264,-0.0281453,-0.03104907,-0.03392695,-0.03676894,-0.03944968,-0.04194798,-0.04410822,-0.04600872,-0.0476571,-0.04899034,-0.04990015,-0.0504175,-0.05061289,-0.05044154,-0.04983654,-0.04888197
-0.05131662,-0.05032171,-0.048972,-0.04723572,-0.04519132,-0.04284809,-0.04021664,-0.03734247,-0.03425665,-0.03097265,-0.02753969,-0.0239763,-0.02031816,-0.01659112,-0.01282825,-0.009052217,-0.005294631,-0.001576546,0.002073679,0.005638911,0.009093191,0.01242186,0.01560391,0.01862769,0.02147564,0.02413918,0.02660513,0.028868,0.03091816,0.03275367,0.03436844,0.03576349,0.03693592,0.03788887,0.03862276,0.03914445,0.03945572,0.03956358,0.03947677,0.03920271,0.03874638,0.03812578,0.03734446,0.03641253,0.03535264,0.03416333,0.03286313,0.03147429,0.02999268,0.02844444,0.02684883,0.02520061,0.02353013,0.02185518,0.02017276,0.01850586,0.01687898,0.01528895,0.01375282,0.01228722,0.01090213,0.009601911,0.00840295,0.00730701,0.006320121,0.005446834,0.004705298,0.004079761,0.003567317,0.003154339,0.002848086,0.002633018,0.002512139,0.002473024,0.002477412,0.002505353,0.002568486,0.002611921,0.002598082,0.002482053,0.002237261,0.001799507,0.001134909,0.0001877361,-0.001036209,-0.002537275,-0.004296617,-0.006360137,-0.008683211,-0.01127305,-0.01402914,-0.01709309,-0.02031446,-0.02366891,-0.0270906,-0.03039223,-0.03363462,-0.03674479,-0.0397963,-0.04258163,-0.04501432,-0.04710092,-0.04891105,-0.05035756,-0.0513538,-0.05192376,-0.05215067,-0.05195094
-0.05271021,-0.05248292,-0.05182074,-0.05079362,-0.04936522,-0.04756964,-0.04545341,-0.04302317,-0.04030774,-0.03735361,-0.03417459,-0.03081254,-0.02729637,-0.0236587,-0.01992866,-0.01614086,-0.01232177,-0.00850292,-0.00470922,-0.0009700589,0.002693084,0.006255007,0.009696078,0.01299541,0.01613726,0.01910453,0.02188496,0.02446573,0.02683799,0.02899349,0.03092666,0.03263318,0.03411058,0.03535876,0.03637814,0.03717075,0.03774022,0.03809459,0.03823517,0.03817287,0.03791831,0.03747458,0.03685661,0.03607969,0.03514212,0.03407262,0.03287719,0.03156175,0.03015735,0.02866919,0.02710135,0.02549475,0.02384441,0.02216537,0.02048752,0.01881985,0.01716369,0.01555458,0.01399846,0.01250692,0.01109,0.009770442,0.008545607,0.00743802,0.006451819,0.005600604,0.004864696,0.004265982,0.00379588,0.00348868,0.003306043,0.003248588,0.003296667,0.003426494,0.003664333,0.003979377,0.004380652,0.004828146,0.005288925,0.005727989,0.006067454,0.006245438,0.00619097,0.005879875,0.00526633,0.004335136,0.003076946,0.001534451,-0.0003385084,-0.002546349,-0.005178381,-0.008024324,-0.01116582,-0.01450929,-0.01803015,-0.0217639,-0.0255265,-0.02928501,-0.03282776,-0.0362385,-0.03950149,-0.04252286,-0.04514677,-0.04738893,-0.04930453,-0.05083094,-0.05186346,-0.05248212
-0.05147406,-0.05210858,-0.05231788,-0.05204789,-0.05137315,-0.0502963,-0.04881705,-0.0469784,-0.04481006,-0.04232081,-0.03956226,-0.03655302,-0.03333126,-0.02992598,-0.02637528,-0.02270637,-0.01895707,-0.01515433,-0.0113341,-0.007520276,-0.003747158,-3.655443e-05,0.003582074,0.007089663,0.01046039,0.01367873,0.01672349,0.01958287,0.02224013,0.02468746,0.0269127,0.02891193,0.03067728,0.03220791,0.03350017,0.0345581,0.0353808,0.03597259,0.03634063,0.03649142,0.03642777,0.0361682,0.03571552,0.03507883,0.03428247,0.0333247,0.03222336,0.03100451,0.02966222,0.02822391,0.02671327,0.02512309,0.02348645,0.0218254,0.02013617,0.01844465,0.01678035,0.01514061,0.01354489,0.01201461,0.0105635,0.009198355,0.007941117,0.006796713,0.005775008,0.00488385,0.00414991,0.003560957,0.003120139,0.00281499,0.002661428,0.002650315,0.002785458,0.00306532,0.00345329,0.003958653,0.004630385,0.005438617,0.006343791,0.007284286,0.008202841,0.008992588,0.009573765,0.009857001,0.009841953,0.009558258,0.00905112,0.008259819,0.007142867,0.00561787,0.003757617,0.00133573,-0.001476723,-0.004683449,-0.008210015,-0.01186343,-0.01571089,-0.01964762,-0.02375726,-0.02778936,-0.03161858,-0.03522278,-0.03866139,-0.04181746,-0.04455898,-0.04688734,-0.04887891,-0.05041979
-0.04771762,-0.0492334,-0.05027043,-0.05089456,-0.05104648,-0.05074785,-0.05003825,-0.04891446,-0.04739571,-0.04552739,-0.04331638,-0.04080387,-0.03801727,-0.03499061,-0.03175406,-0.02834607,-0.02479615,-0.02114125,-0.01741129,-0.01364298,-0.009864048,-0.00610768,-0.002400799,0.001227183,0.004752875,0.008150894,0.01140106,0.01448264,0.01737936,0.02007558,0.02255904,0.02481898,0.02684714,0.02863815,0.03018771,0.0314936,0.03255586,0.03337977,0.03396375,0.03431675,0.03444828,0.03435999,0.03406549,0.03358176,0.03290419,0.03206371,0.03106699,0.02991865,0.02865212,0.02727461,0.02578799,0.02423852,0.02262153,0.02095176,0.01926333,0.01756873,0.01586699,0.01419931,0.0125739,0.01100481,0.009503688,0.008098926,0.006788836,0.005600302,0.004540091,0.003626903,0.0028393,0.002206973,0.001726187,0.001437077,0.00130727,0.001341892,0.001511712,0.001773266,0.002162488,0.002693065,0.003425797,0.004402736,0.005617389,0.007017174,0.008470902,0.009868473,0.01106441,0.01197807,0.01254695,0.0128411,0.01296257,0.0130137,0.01283612,0.01226528,0.01105709,0.009454777,0.007364259,0.004848062,0.001911717,-0.001552456,-0.005322774,-0.009372083,-0.01343789,-0.01762134,-0.02189239,-0.02612542,-0.03011196,-0.03384714,-0.03736907,-0.04058823,-0.04335114,-0.0457253
-0.04169185,-0.04403524,-0.04596834,-0.04740298,-0.04840341,-0.04895701,-0.04904466,-0.04869806,-0.04793883,-0.04676226,-0.04521538,-0.04330965,-0.04107902,-0.03854969,-0.0357593,-0.03273399,-0.02951398,-0.02612737,-0.02261477,-0.01900418,-0.01533585,-0.01163787,-0.007946582,-0.004288564,-0.0006975333,0.002803019,0.006183755,0.009424308,0.0125001,0.0153949,0.01808946,0.02057178,0.02282798,0.02484999,0.02662915,0.02816347,0.02944875,0.03048361,0.0312736,0.03182159,0.03212849,0.03221082,0.03207195,0.03171723,0.03117427,0.03043897,0.02952992,0.02847498,0.02726845,0.02593638,0.02450959,0.02297614,0.02137375,0.01972653,0.01803226,0.016316,0.01461495,0.01292357,0.01126586,0.009664192,0.008138194,0.006691981,0.005355346,0.004130494,0.003032683,0.002065241,0.001266324,0.0006201616,0.0001384311,-0.0002082967,-0.000381435,-0.0003709117,-0.0001892951,0.000110729,0.0004263111,0.0008146562,0.001421682,0.002382072,0.00373268,0.005375824,0.007203736,0.009066283,0.01080821,0.01217374,0.01305122,0.01359947,0.01419905,0.01500008,0.01590899,0.01649571,0.01654415,0.01576429,0.01451504,0.01276278,0.01044905,0.00777156,0.004614416,0.001087519,-0.002943994,-0.007180285,-0.01147041,-0.01577154,-0.02014705,-0.02444591,-0.02848862,-0.032246,-0.0357881,-0.03896035
-0.0340399,-0.03709308,-0.0397182,-0.04197328,-0.04376779,-0.0451044,-0.04600796,-0.04645939,-0.04645922,-0.04604576,-0.04520999,-0.04398623,-0.04239182,-0.04045666,-0.03820428,-0.0356714,-0.03288483,-0.02988135,-0.02669087,-0.02335394,-0.01990015,-0.01636894,-0.01279097,-0.009203339,-0.005635319,-0.002120522,0.001314081,0.004638331,0.007828612,0.01086006,0.01371332,0.0163684,0.01881046,0.02102595,0.02300454,0.02473713,0.02621881,0.02744957,0.02842401,0.02914684,0.02962621,0.02986032,0.02986133,0.02964663,0.02920913,0.0285806,0.02776952,0.02677805,0.02564291,0.02437301,0.02296857,0.02148077,0.0199065,0.01825907,0.01657825,0.01487922,0.01315887,0.01146358,0.009804798,0.008197241,0.006654065,0.005207479,0.003855933,0.00262804,0.001532406,0.0005884393,-0.0002325419,-0.0008952636,-0.001399457,-0.00172476,-0.001902172,-0.001854645,-0.001580994,-0.001272807,-0.001061233,-0.0009444908,-0.0007476268,-0.0001369806,0.001076626,0.002799094,0.004777038,0.006920958,0.009101629,0.01102907,0.01220641,0.01263782,0.01302025,0.01414134,0.01600682,0.01798374,0.0189166,0.01901621,0.0187513,0.01827253,0.01718853,0.01526535,0.0128479,0.009863812,0.006592212,0.002895649,-0.001200067,-0.005555646,-0.009915652,-0.0142672,-0.01863844,-0.02291234,-0.02687848,-0.03059187
-0.02540484,-0.02897285,-0.03224741,-0.03509812,-0.03757741,-0.03965072,-0.04127594,-0.04246601,-0.04323041,-0.04354261,-0.04343978,-0.04291808,-0.04200142,-0.04070496,-0.03906042,-0.03708458,-0.03481594,-0.03227526,-0.02950365,-0.02652667,-0.02338678,-0.02011353,-0.01674707,-0.01331746,-0.009865104,-0.00641835,-0.003013909,0.0003204658,0.003551896,0.006656356,0.009606626,0.01238185,0.01496059,0.01732646,0.01946333,0.02136214,0.02301289,0.02440733,0.02554667,0.02642942,0.02705312,0.02743108,0.02756595,0.02745903,0.02714041,0.0266038,0.02586801,0.02496325,0.0238842,0.02265582,0.02131662,0.01985062,0.01830037,0.01669331,0.01502908,0.013332,0.01164819,0.0099692,0.008323754,0.006735416,0.005229601,0.003806007,0.002501641,0.001313849,0.0002624558,-0.0006569704,-0.001402574,-0.001998838,-0.002403031,-0.002711841,-0.002970014,-0.003019297,-0.002618933,-0.00198212,-0.001693454,-0.001813406,-0.002092319,-0.002023756,-0.001167182,0.0003294545,0.002106907,0.004063908,0.006335716,0.008638385,0.01007042,0.01010695,0.00985373,0.01064474,0.01305092,0.0164848,0.019137,0.01956235,0.01983094,0.0205765,0.02052148,0.01978171,0.01858659,0.01684026,0.01419317,0.01107596,0.007636205,0.003909138,-0.0002099356,-0.004549813,-0.008889967,-0.0131723,-0.01747035,-0.02158279
-0.01662402,-0.02050352,-0.02409746,-0.02745865,-0.03046111,-0.03308564,-0.03533999,-0.03718489,-0.03859857,-0.03960678,-0.04018088,-0.04034089,-0.04009039,-0.03944637,-0.03842212,-0.03704312,-0.03533117,-0.03331254,-0.03101465,-0.02847212,-0.02571488,-0.02277955,-0.01970008,-0.01651224,-0.01325289,-0.009955393,-0.006655877,-0.003386896,-0.0001836231,0.002926616,0.005912302,0.008749896,0.01141142,0.01388088,0.01613363,0.01815968,0.01994034,0.02147616,0.02274821,0.0237634,0.02451983,0.02501874,0.02526119,0.02527303,0.02503557,0.02458976,0.0239372,0.02308674,0.02206961,0.02090666,0.01958688,0.01817756,0.01666812,0.01508124,0.01345338,0.01181408,0.01014749,0.008517208,0.006927787,0.005405934,0.003954559,0.002621445,0.001390635,0.0003030174,-0.0006450868,-0.001410765,-0.002065467,-0.002597537,-0.002920582,-0.002966619,-0.003177162,-0.0034255,-0.002929131,-0.001906982,-0.001377829,-0.001531186,-0.002167105,-0.002736651,-0.002428095,-0.001243588,4.55853e-05,0.0013772,0.00306813,0.00543349,0.007331523,0.007171017,0.005923744,0.00590877,0.007897059,0.01246606,0.01651264,0.0168844,0.01707171,0.01969587,0.02136035,0.02113236,0.02110665,0.02042714,0.01909112,0.01713756,0.01450617,0.01131868,0.007872153,0.004132534,6.557797e-05,-0.004194533,-0.008373607,-0.0125261
-0.008325115,-0.0122444,-0.01608504,-0.01964004,-0.0229854,-0.02602978,-0.02874119,-0.03107763,-0.03306993,-0.03463145,-0.03582252,-0.0365841,-0.03696251,-0.03692006,-0.03651451,-0.03571056,-0.03457739,-0.03308494,-0.03130687,-0.02922199,-0.02690801,-0.02435153,-0.02163064,-0.01873407,-0.01574492,-0.01265186,-0.009535813,-0.006388075,-0.003288758,-0.0002260381,0.002724778,0.005577054,0.008259651,0.01079124,0.0131038,0.01522476,0.01709303,0.01873707,0.02010679,0.02124047,0.02208617,0.02269842,0.02303142,0.02312871,0.0229752,0.02260967,0.02200321,0.02123703,0.02025812,0.01913978,0.01787984,0.0165087,0.01502471,0.01351109,0.01191895,0.0103244,0.008732822,0.007184646,0.005660591,0.004240277,0.002901364,0.001691739,0.0005999759,-0.0003285347,-0.001140007,-0.00176448,-0.002175124,-0.002550219,-0.00277232,-0.002426086,-0.002400415,-0.003089598,-0.002876543,-0.001270184,-0.0004853575,-0.0004797191,-0.0007334957,-0.001058807,-0.0009895535,-0.0005872012,-0.0001751611,0.0001764721,0.0006819312,0.001512248,0.002376968,0.002315972,0.001698607,0.00154464,0.002377107,0.006298395,0.01273122,0.01233388,0.01116881,0.01572623,0.01871961,0.01866388,0.0203344,0.02154011,0.02088388,0.01997235,0.01850024,0.01656285,0.01393666,0.01078043,0.007324129,0.003666314,-0.0003188909,-0.004348631
-0.00114054,-0.004911555,-0.008608993,-0.01226678,-0.01574753,-0.01898136,-0.0219961,-0.02469309,-0.02707088,-0.02909657,-0.03077001,-0.03204324,-0.03295914,-0.03346099,-0.03360833,-0.03334954,-0.03276124,-0.03178904,-0.0305211,-0.02891035,-0.02705434,-0.02490715,-0.02257721,-0.02001577,-0.0173423,-0.01450433,-0.0116255,-0.008652697,-0.005715217,-0.002752853,0.0001047171,0.002922394,0.005568918,0.008119991,0.01044242,0.01262121,0.01452669,0.0162578,0.01768113,0.01890551,0.01981676,0.0205214,0.02090334,0.02110254,0.02098097,0.02069698,0.02013567,0.0194238,0.01847538,0.01743794,0.01617381,0.01488509,0.01343591,0.01197898,0.01042806,0.008952045,0.007396749,0.00597088,0.004542983,0.003282069,0.002048451,0.001039926,8.388767e-05,-0.0006157485,-0.001255902,-0.001636823,-0.001772387,-0.001878186,-0.002376628,-0.001478054,-0.0007656172,-0.001144579,-0.001025653,-0.0002705336,-2.606227e-05,3.878553e-05,8.520431e-05,0.0001657548,0.0001960062,0.0001891379,0.000126847,0.0001045443,1.864482e-05,-6.720645e-05,-0.0001972553,-0.0001292359,-6.590945e-05,7.102203e-05,0.0001482733,0.001202013,0.004034783,0.00431327,0.003200843,0.009509608,0.01483253,0.01271211,0.01643964,0.01893066,0.01933637,0.0201971,0.01980241,0.01873307,0.017324,0.0152993,0.01265638,0.009496559,0.006177569,0.002624426
0.004576647,0.001266063,-0.002305397,-0.005705391,-0.009163411,-0.01242911,-0.01557005,-0.01842039,-0.02109065,-0.02339155,-0.02543914,-0.02709919,-0.02845042,-0.02940086,-0.0300237,-0.03024732,-0.03014255,-0.02965994,-0.02886161,-0.02772241,-0.0262979,-0.02458622,-0.02263387,-0.02045451,-0.01809255,-0.01557503,-0.01293507,-0.01021594,-0.007443561,-0.004669688,-0.001906964,0.0007826335,0.003397335,0.005871193,0.008211685,0.01035275,0.01231799,0.01403315,0.01554033,0.01676837,0.01776861,0.01847925,0.01896628,0.01914965,0.0191385,0.01884277,0.01836345,0.01765173,0.01679296,0.01571964,0.01458372,0.01326442,0.01191816,0.01047931,0.009061437,0.007578293,0.00621756,0.004840851,0.003608302,0.002419153,0.001449924,0.0005434423,-0.0001179728,-0.0006688492,-0.0009477137,-0.001378372,-0.001063038,-0.0006128233,-0.0008931404,-0.0002980866,-7.540515e-06,8.083999e-05,0.0001774168,0.0001097357,9.808279e-06,-7.246303e-06,NaN,NaN,NaN,NaN,NaN,NaN,NaN,NaN,NaN,NaN,NaN,0.0001341087,0.0001845495,-0.0001543252,-0.0004477553,-0.0001902584,0.0001630313,0.001919465,0.005439134,0.003953641,0.01012517,0.01479277,0.01419683,0.01741201,0.01769198,0.01857015,0.01816346,0.01717382,0.01547457,0.01350286,0.01072328,0.007807582
0.008607151,0.005789694,0.002812974,-0.0003808589,-0.003550469,-0.006711776,-0.009751534,-0.01271445,-0.01538801,-0.01794729,-0.02013217,-0.02214262,-0.02372647,-0.02511057,-0.02602479,-0.02673418,-0.02695741,-0.02698578,-0.02652497,-0.02589843,-0.0248005,-0.02357939,-0.02192222,-0.02019618,-0.01808333,-0.01596825,-0.01352111,-0.01114583,-0.008505167,-0.006014297,-0.003322113,-0.0008567098,0.00174353,0.004046114,0.006422255,0.008433969,0.01046938,0.01209109,0.01369514,0.01484061,0.01596019,0.01659925,0.01719799,0.01732894,0.01742315,0.01706085,0.01671351,0.01591581,0.01518273,0.01406547,0.01302931,0.01167635,0.01048962,0.008996191,0.007751385,0.006297831,0.005113431,0.003774606,0.00279762,0.001692978,0.0009792312,0.0002229453,-0.0001558199,-0.0005809804,-0.0004100939,-0.0005226238,-0.0002231041,-1.103503e-05,7.701873e-05,9.359114e-05,-3.728341e-05,NaN,NaN,NaN,NaN,NaN,NaN,NaN,NaN,NaN,NaN,NaN,NaN,NaN,NaN,NaN,NaN,NaN,NaN,NaN,NaN,NaN,0.0002948452,-0.0004916477,-0.0003268967,9.166318e-05,0.00234529,0.005056731,0.006575481,0.01302601,0.01298317,0.01536439,0.01624321,0.01674802,0.01618184,0.01498591,0.01327629,0.01122638
0.01096597,0.008771545,0.006375325,0.003632569,0.0009281091,-0.002058911,-0.004826449,-0.007719773,-0.01033339,-0.01294857,-0.0151962,-0.01738785,-0.01914222,-0.0207891,-0.02196412,-0.02299635,-0.02353917,-0.02392689,-0.02382338,-0.02356948,-0.02284027,-0.02198623,-0.02068989,-0.01930516,-0.01752777,-0.01571517,-0.01356571,-0.01144357,-0.00905426,-0.006762194,-0.00427196,-0.001950044,0.000497163,0.002707646,0.004972229,0.006936624,0.008898643,0.0105036,0.01205783,0.01321852,0.01429457,0.01496284,0.01553907,0.01568924,0.01576953,0.01544685,0.01505878,0.01432756,0.01356926,0.01249253,0.01147989,0.01019023,0.009002977,0.00764148,0.006430984,0.005088864,0.004006965,0.002864372,0.001978703,0.00110499,0.0005407164,7.087478e-05,-9.173122e-05,-0.0002045673,-5.165648e-05,2.267413e-05,5.608904e-05,-4.435251e-05,NaN,NaN,NaN,NaN,NaN,NaN,NaN,NaN,NaN,NaN,NaN,NaN,NaN,NaN,NaN,NaN,NaN,NaN,NaN,NaN,NaN,NaN,NaN,NaN,NaN,NaN,NaN,0.0002499741,-0.0004460128,-0.0003432648,0.000932098,0.004106584,0.0055064,0.01053758,0.01228843,0.01356762,0.01456193,0.01456546,0.01386544,0.0125284
0.01144311,0.01015015,0.008496511,0.006315117,0.00404791,0.001558272,-0.0009701826,-0.003596767,-0.006073095,-0.008580687,-0.01084103,-0.01303102,-0.01491279,-0.01666544,-0.01805095,-0.01926976,-0.02008926,-0.02072124,-0.02093656,-0.02096385,-0.0205771,-0.02001786,-0.01906628,-0.01797371,-0.01652651,-0.0149863,-0.01313869,-0.01125758,-0.009131695,-0.007041348,-0.00477082,-0.002608183,-0.0003362864,0.001756866,0.003890204,0.005773635,0.007636937,0.009195358,0.01068069,0.0118071,0.01284222,0.01349152,0.01402523,0.01418285,0.01422312,0.01389779,0.01351113,0.01276314,0.01200701,0.01097175,0.009942985,0.008706464,0.007592257,0.006264408,0.005131288,0.003942708,0.002930931,0.001949092,0.001232269,0.0005977527,0.0001860254,-1.303607e-05,-2.986379e-06,1.362018e-06,1.257853e-05,-4.588868e-05,NaN,NaN,NaN,NaN,NaN,NaN,NaN,NaN,NaN,NaN,NaN,NaN,NaN,NaN,NaN,NaN,NaN,NaN,NaN,NaN,NaN,NaN,NaN,NaN,NaN,NaN,NaN,NaN,NaN,NaN,NaN,0.0003788559,-0.0002223107,-0.0004052601,0.0004792892,0.003069969,0.005166947,0.009256695,0.01090949,0.01201998,0.01238994,0.01241486
0.01038581,0.01020486,0.00909546,0.007675279,0.006011551,0.003967215,0.001860873,-0.0004238803,-0.002670713,-0.004985754,-0.007123451,-0.0092667,-0.01113078,-0.0129411,-0.01440513,-0.01576842,-0.01673804,-0.01758118,-0.01800291,-0.01828771,-0.01814141,-0.01786879,-0.01717452,-0.01637728,-0.0151871,-0.01393592,-0.01233143,-0.0107199,-0.008811675,-0.006961959,-0.004876917,-0.00292053,-0.0007979525,0.001124429,0.003141567,0.004888489,0.006670028,0.008116048,0.009542858,0.01058853,0.0115739,0.01215654,0.01266932,0.01275339,0.01278762,0.01241805,0.01200499,0.01125002,0.01049094,0.009428186,0.008464078,0.007224896,0.006153288,0.004936123,0.003848563,0.002777583,0.001868064,0.001143605,0.0004854091,0.0001301632,1.522352e-05,-1.666242e-05,-4.949263e-06,NaN,NaN,NaN,NaN,NaN,NaN,NaN,NaN,NaN,NaN,NaN,NaN,NaN,NaN,NaN,NaN,NaN,NaN,NaN,NaN,NaN,NaN,NaN,NaN,NaN,NaN,NaN,NaN,NaN,NaN,NaN,NaN,NaN,NaN,NaN,NaN,NaN,-3.152373e-05,-0.0003897196,0.000396856,0.002644403,0.004917983,0.008492002,0.009143858,0.01054459
0.007753753,0.008915127,0.008558513,0.00779882,0.006775658,0.00535614,0.00366137,0.001790786,-0.0001168174,-0.002185037,-0.00412939,-0.006123587,-0.007912231,-0.009685679,-0.01116352,-0.01257927,-0.0136424,-0.01460967,-0.01518484,-0.01564901,-0.01570228,-0.01564431,-0.01517695,-0.01461566,-0.01366424,-0.01265329,-0.01128539,-0.009906153,-0.008220619,-0.006584667,-0.004700336,-0.002933193,-0.0009851522,0.0007757257,0.00264834,0.004260649,0.005919748,0.007259978,0.008588796,0.009539443,0.01045327,0.01095824,0.01139738,0.01143901,0.0114045,0.01098532,0.01055926,0.009750612,0.008972411,0.00793908,0.006950384,0.005738415,0.004749983,0.003602827,0.002517281,0.001737145,0.0008277793,0.000293826,5.360643e-05,-3.563357e-05,1.330109e-06,NaN,NaN,NaN,NaN,NaN,NaN,NaN,NaN,NaN,NaN,NaN,NaN,NaN,NaN,NaN,NaN,NaN,NaN,NaN,NaN,NaN,NaN,NaN,NaN,NaN,NaN,NaN,NaN,NaN,NaN,NaN,NaN,NaN,NaN,NaN,NaN,NaN,NaN,NaN,NaN,NaN,-3.289127e-05,-0.0003347535,0.0005223923,0.00261491,0.004548166,0.007813171
0.004494682,0.006657824,0.006827052,0.006836121,0.006687873,0.005674423,0.004562859,0.003147037,0.001597017,-0.000149755,-0.001839222,-0.003631095,-0.005281869,-0.006942315,-0.008387981,-0.009770435,-0.01088638,-0.01188777,-0.01258823,-0.01313963,-0.01337164,-0.01344224,-0.01319275,-0.01278463,-0.01207464,-0.01122871,-0.0101126,-0.008898212,-0.007462494,-0.005980921,-0.004335804,-0.002705847,-0.0009795044,0.0006648666,0.002333556,0.003852259,0.005331057,0.006593076,0.007757563,0.008659203,0.009414662,0.009881502,0.01019532,0.01019439,0.01005423,0.009623592,0.009080605,0.008316318,0.007442632,0.006422687,0.005474267,0.004268972,0.003263898,0.00235693,0.001275427,0.0005548924,0.000121355,-3.786205e-05,-9.665959e-06,6.547538e-07,NaN,NaN,NaN,NaN,NaN,NaN,NaN,NaN,NaN,NaN,NaN,NaN,NaN,NaN,NaN,NaN,NaN,NaN,NaN,NaN,NaN,NaN,NaN,NaN,NaN,NaN,NaN,NaN,NaN,NaN,NaN,NaN,NaN,NaN,NaN,NaN,NaN,NaN,NaN,NaN,NaN,NaN,NaN,0.0001773745,-0.0001389622,-0.000239785,0.0007281932,0.002785255
0.001042473,0.002877373,0.004651138,0.004910921,0.005767675,0.005201959,0.004660447,0.0037064,0.002596424,0.001171301,-0.0002243734,-0.001744116,-0.003237707,-0.004715243,-0.006096699,-0.007371723,-0.008512149,-0.009472365,-0.01026712,-0.01083362,-0.0112196,-0.01134733,-0.01129532,-0.01097707,-0.01049484,-0.00975759,-0.008886657,-0.007789621,-0.006605042,-0.005239437,-0.003842453,-0.002320797,-0.0008334912,0.0007148522,0.002160317,0.003597106,0.004863624,0.006062395,0.007032569,0.007874686,0.008462057,0.008881647,0.009024679,0.009018902,0.008721423,0.008262644,0.007644813,0.006866401,0.005902851,0.004936413,0.00399051,0.002768185,0.001930715,0.0009581826,0.0002543901,-4.402059e-06,-3.449164e-05,2.580337e-05,NaN,NaN,NaN,NaN,NaN,NaN,NaN,NaN,NaN,NaN,NaN,NaN,NaN,NaN,NaN,NaN,NaN,NaN,NaN,NaN,NaN,NaN,NaN,NaN,NaN,NaN,NaN,NaN,NaN,NaN,NaN,NaN,NaN,NaN,NaN,NaN,NaN,NaN,NaN,NaN,NaN,NaN,NaN,NaN,NaN,NaN,NaN,0.0001913586,-0.0002159404,-5.321704e-05
-0.0001745295,0.0002038705,0.001496678,0.00252777,0.004296677,0.003986923,0.004096392,0.003687867,0.002913787,0.001888366,0.0008056698,-0.0004311195,-0.00171909,-0.00299475,-0.004255855,-0.005408513,-0.006502861,-0.007410831,-0.008226023,-0.008799634,-0.009258774,-0.009445084,-0.009509681,-0.00928759,-0.008953745,-0.008340115,-0.00763905,-0.006682593,-0.005679026,-0.004461279,-0.003248579,-0.001875012,-0.0005679167,0.0008369722,0.002107498,0.003410305,0.004516021,0.005585181,0.006402397,0.007139694,0.007577497,0.00789775,0.007923741,0.00782076,0.00743757,0.006901476,0.006184627,0.005445817,0.004396847,0.003364752,0.002615301,0.001331215,0.000559287,8.629524e-05,-4.585859e-05,2.977402e-05,NaN,NaN,NaN,NaN,NaN,NaN,NaN,NaN,NaN,NaN,NaN,NaN,NaN,NaN,NaN,NaN,NaN,NaN,NaN,NaN,NaN,NaN,NaN,NaN,NaN,NaN,NaN,NaN,NaN,NaN,NaN,NaN,NaN,NaN,NaN,NaN,NaN,NaN,NaN,NaN,NaN,NaN,NaN,NaN,NaN,NaN,NaN,NaN,NaN,NaN,NaN,8.26663e-05
7.154351e-05,-0.0001040588,-5.767037e-05,0.0004508376,0.001800654,0.002618067,0.00292232,0.003205202,0.002704422,0.002107415,0.001316904,0.0004085821,-0.0006779935,-0.001729752,-0.002832378,-0.003853308,-0.004849264,-0.005702436,-0.006469138,-0.007054839,-0.007514277,-0.007765897,-0.007869933,-0.007758789,-0.007495969,-0.007026342,-0.006419268,-0.005630644,-0.004735993,-0.003700268,-0.002604624,-0.001420449,-0.0002335278,0.0009808042,0.002134725,0.003250462,0.004238611,0.005133125,0.005839876,0.006403237,0.006753214,0.006915376,0.006830804,0.006639883,0.006166826,0.005507529,0.004764752,0.004019308,0.002866497,0.001971608,0.001051904,0.0002288877,-9.293888e-06,-2.50652e-05,2.542795e-05,NaN,NaN,NaN,NaN,NaN,NaN,NaN,NaN,NaN,NaN,NaN,NaN,NaN,NaN,NaN,NaN,NaN,NaN,NaN,NaN,NaN,NaN,NaN,NaN,NaN,NaN,NaN,NaN,NaN,NaN,NaN,NaN,NaN,NaN,NaN,NaN,NaN,NaN,NaN,NaN,NaN,NaN,NaN,NaN,NaN,NaN,NaN,NaN,NaN,NaN,NaN,NaN,NaN
NaN,NaN,7.779338e-05,-0.0001233909,0.0001070909,0.0008391544,0.001483921,0.002376793,0.002088189,0.001917511,0.001465714,0.000813533,-1.536217e-05,-0.0008678245,-0.001771254,-0.002669529,-0.003524177,-0.004317946,-0.005000084,-0.005582366,-0.006005117,-0.006304679,-0.006415388,-0.006392474,-0.006171916,-0.005823896,-0.005287525,-0.004645433,-0.003842115,-0.002970052,-0.001980198,-0.0009704468,0.0001031344,0.001137474,0.002171606,0.003107913,0.003980969,0.004694252,0.005283857,0.005688678,0.005923869,0.005935506,0.005753928,0.005426906,0.004920902,0.004139918,0.003289597,0.002664418,0.001398647,0.0005851747,9.192778e-05,-4.879567e-05,4.796622e-05,NaN,NaN,NaN,NaN,NaN,NaN,NaN,NaN,NaN,NaN,NaN,NaN,NaN,NaN,NaN,NaN,NaN,NaN,NaN,NaN,NaN,NaN,NaN,NaN,NaN,NaN,NaN,NaN,NaN,NaN,NaN,NaN,NaN,NaN,NaN,NaN,NaN,NaN,NaN,NaN,NaN,NaN,NaN,NaN,NaN,NaN,NaN,NaN,NaN,NaN,NaN,NaN,NaN,NaN,NaN
NaN,NaN,NaN,1.824825e-05,-5.6037e-05,-2.388959e-05,0.0002638537,0.001026901,0.001394458,0.001374043,0.001349706,0.000890973,0.0003361702,-0.0003313749,-0.001026037,-0.001790554,-0.002506643,-0.003210703,-0.003810895,-0.004349144,-0.004745072,-0.005039811,-0.005169079,-0.005179696,-0.005016612,-0.004733228,-0.004285563,-0.003733944,-0.003043334,-0.002281772,-0.00142219,-0.0005386113,0.0003929513,0.001290093,0.002179295,0.002970668,0.003693703,0.004265597,0.004713092,0.004959321,0.005094754,0.004957223,0.004644539,0.004230236,0.003696368,0.002718039,0.002000313,0.001129799,0.0002524867,5.919965e-06,-2.034665e-05,2.508219e-05,NaN,NaN,NaN,NaN,NaN,NaN,NaN,NaN,NaN,NaN,NaN,NaN,NaN,NaN,NaN,NaN,NaN,NaN,NaN,NaN,NaN,NaN,NaN,NaN,NaN,NaN,NaN,NaN,NaN,NaN,NaN,NaN,NaN,NaN,NaN,NaN,NaN,NaN,NaN,NaN,NaN,NaN,NaN,NaN,NaN,NaN,NaN,NaN,NaN,NaN,NaN,NaN,NaN,NaN,NaN,NaN
NaN,NaN,NaN,NaN,NaN,3.686306e-05,-6.662757e-05,7.977452e-05,0.0004903582,0.000728238,0.001013079,0.0007530053,0.0004334723,-2.294422e-05,-0.0005518765,-0.00115557,-0.001753663,-0.002339044,-0.002872797,-0.00333464,-0.003707683,-0.003969077,-0.004116911,-0.004130157,-0.004021579,-0.003774201,-0.003412055,-0.00292382,-0.002343684,-0.001668061,-0.0009392515,-0.0001592004,0.0006280709,0.001408588,0.002141409,0.002808775,0.003376723,0.003817853,0.004107134,0.00423432,0.004225256,0.003985553,0.003539791,0.003012868,0.002478616,0.001406736,0.0006762498,0.0001238182,-4.154248e-05,4.826991e-05,NaN,NaN,NaN,NaN,NaN,NaN,NaN,NaN,NaN,NaN,NaN,NaN,NaN,NaN,NaN,NaN,NaN,NaN,NaN,NaN,NaN,NaN,NaN,NaN,NaN,NaN,NaN,NaN,NaN,NaN,NaN,NaN,NaN,NaN,NaN,NaN,NaN,NaN,NaN,NaN,NaN,NaN,NaN,NaN,NaN,NaN,NaN,NaN,NaN,NaN,NaN,NaN,NaN,NaN,NaN,NaN,NaN,NaN
NaN,NaN,NaN,NaN,NaN,NaN,9.361831e-06,-3.723198e-05,3.032839e-06,0.000163739,0.0004514328,0.0005421122,0.0003388737,0.0001228723,-0.0002817913,-0.0007141673,-0.001210841,-0.001674629,-0.002135716,-0.00252255,-0.002860816,-0.003085634,-0.003232754,-0.003248261,-0.003171715,-0.0029594,-0.002658668,-0.002233227,-0.001740251,-0.001150449,-0.0005314907,0.0001446516,0.0008028222,0.001467532,0.002059546,0.002604832,0.003013277,0.003347829,0.003474412,0.003477822,0.003340794,0.003040411,0.002368963,0.001932587,0.001128984,0.0003205074,3.843534e-05,-2.814985e-05,3.458809e-05,NaN,NaN,NaN,NaN,NaN,NaN,NaN,NaN,NaN,NaN,NaN,NaN,NaN,NaN,NaN,NaN,NaN,NaN,NaN,NaN,NaN,NaN,NaN,NaN,NaN,NaN,NaN,NaN,NaN,NaN,NaN,NaN,NaN,NaN,NaN,NaN,NaN,NaN,NaN,NaN,NaN,NaN,NaN,NaN,NaN,NaN,NaN,NaN,NaN,NaN,NaN,NaN,NaN,NaN,NaN,NaN,NaN,NaN,NaN
NaN,NaN,NaN,NaN,NaN,NaN,NaN,-3.382783e-05,1.025926e-05,-2.513927e-05,4.901738e-05,0.0002085207,0.0002006108,0.0001265366,-0.0001267696,-0.000442589,-0.0008089003,-0.001189099,-0.001555584,-0.001890851,-0.002166863,-0.002375736,-0.002494805,-0.002525271,-0.002451836,-0.002286233,-0.002017629,-0.001665841,-0.00122996,-0.0007382517,-0.000198641,0.0003592114,0.0009222068,0.001452497,0.001934531,0.002335918,0.002632752,0.002817599,0.002835144,0.002691678,0.002461394,0.002045854,0.001335911,0.0007572488,0.0001660097,-1.990547e-05,3.297328e-05,-1.886329e-05,NaN,NaN,NaN,NaN,NaN,NaN,NaN,NaN,NaN,NaN,NaN,NaN,NaN,NaN,NaN,NaN,NaN,NaN,NaN,NaN,NaN,NaN,NaN,NaN,NaN,NaN,NaN,NaN,NaN,NaN,NaN,NaN,NaN,NaN,NaN,NaN,NaN,NaN,NaN,NaN,NaN,NaN,NaN,NaN,NaN,NaN,NaN,NaN,NaN,NaN,NaN,NaN,NaN,NaN,NaN,NaN,NaN,NaN,NaN,NaN
NaN,NaN,NaN,NaN,NaN,NaN,NaN,NaN,-2.557851e-05,5.522625e-06,-1.699054e-05,6.80582e-06,5.78116e-05,5.192964e-05,-5.071772e-05,-0.0002695895,-0.0005264329,-0.000828294,-0.001109885,-0.001392544,-0.001618885,-0.001798322,-0.001897935,-0.001929346,-0.001865353,-0.00172945,-0.00149675,-0.001200984,-0.0008244479,-0.0004136391,4.599765e-05,0.0005004708,0.0009678424,0.001376002,0.001757319,0.002021936,0.002205576,0.002259784,0.002192064,0.001858607,0.001634767,0.001006328,0.0003989823,7.936574e-05,-3.034517e-05,4.165183e-05,-2.683966e-05,NaN,NaN,NaN,NaN,NaN,NaN,NaN,NaN,NaN,NaN,NaN,NaN,NaN,NaN,NaN,NaN,NaN,NaN,NaN,NaN,NaN,NaN,NaN,NaN,NaN,NaN,NaN,NaN,NaN,NaN,NaN,NaN,NaN,NaN,NaN,NaN,NaN,NaN,NaN,NaN,NaN,NaN,NaN,NaN,NaN,NaN,NaN,NaN,NaN,NaN,NaN,NaN,NaN,NaN,NaN,NaN,NaN,NaN,NaN,NaN,NaN
NaN,NaN,NaN,NaN,NaN,NaN,NaN,NaN,NaN,NaN,-1.18373e-05,7.829483e-07,-6.389776e-06,3.279048e-06,-2.84808e-05,-0.0001499122,-0.0003267287,-0.00055014,-0.000773976,-0.0009964956,-0.001187091,-0.0013315,-0.001423203,-0.001442172,-0.001396143,-0.001274507,-0.001086126,-0.0008271984,-0.0005194878,-0.0001665075,0.0002006048,0.0005800714,0.0009373234,0.001258037,0.001508928,0.001686671,0.001729909,0.001701879,0.001486931,0.00112536,0.0007085684,0.0002078158,1.193045e-05,1.088886e-05,5.348254e-07,NaN,NaN,NaN,NaN,NaN,NaN,NaN,NaN,NaN,NaN,NaN,NaN,NaN,NaN,NaN,NaN,NaN,NaN,NaN,NaN,NaN,NaN,NaN,NaN,NaN,NaN,NaN,NaN,NaN,NaN,NaN,NaN,NaN,NaN,NaN,NaN,NaN,NaN,NaN,NaN,NaN,NaN,NaN,NaN,NaN,NaN,NaN,NaN,NaN,NaN,NaN,NaN,NaN,NaN,NaN,NaN,NaN,NaN,NaN,NaN,NaN,NaN,NaN
NaN,NaN,NaN,NaN,NaN,NaN,NaN,NaN,NaN,NaN,NaN,-7.516535e-06,-4.662961e-07,-1.793471e-06,-1.219346e-05,-5.31519e-05,-0.0001735198,-0.0003370357,-0.0005045691,-0.0006858592,-0.0008433862,-0.000959941,-0.00104024,-0.001054975,-0.001020182,-0.0009174243,-0.0007630751,-0.0005442158,-0.0002931784,2.110512e-07,0.0002889685,0.0005914165,0.0008522201,0.001084449,0.001227822,0.00131727,0.001224458,0.001141767,0.0007837573,0.0004019562,0.0001077667,-1.617689e-05,3.45699e-05,-1.909553e-05,NaN,NaN,NaN,NaN,NaN,NaN,NaN,NaN,NaN,NaN,NaN,NaN,NaN,NaN,NaN,NaN,NaN,NaN,NaN,NaN,NaN,NaN,NaN,NaN,NaN,NaN,NaN,NaN,NaN,NaN,NaN,NaN,NaN,NaN,NaN,NaN,NaN,NaN,NaN,NaN,NaN,NaN,NaN,NaN,NaN,NaN,NaN,NaN,NaN,NaN,NaN,NaN,NaN,NaN,NaN,NaN,NaN,NaN,NaN,NaN,NaN,NaN,NaN,NaN
NaN,NaN,NaN,NaN,NaN,NaN,NaN,NaN,NaN,NaN,NaN,NaN,-1.978591e-06,-4.441905e-06,1.506971e-06,-7.997442e-06,-4.830555e-05,-0.0001539224,-0.000291206,-0.0004337679,-0.0005635433,-0.000664345,-0.0007335793,-0.0007498642,-0.000720258,-0.0006434526,-0.0005124807,-0.0003413449,-0.0001313718,9.302802e-05,0.0003248691,0.0005377327,0.0007347232,0.0008583053,0.0009294938,0.0008993233,0.0007617337,0.0005179461,0.0002128438,3.513243e-05,3.064929e-06,1.025292e-05,-5.6881e-06,NaN,NaN,NaN,NaN,NaN,NaN,NaN,NaN,NaN,NaN,NaN,NaN,NaN,NaN,NaN,NaN,NaN,NaN,NaN,NaN,NaN,NaN,NaN,NaN,NaN,NaN,NaN,NaN,NaN,NaN,NaN,NaN,NaN,NaN,NaN,NaN,NaN,NaN,NaN,NaN,NaN,NaN,NaN,NaN,NaN,NaN,NaN,NaN,NaN,NaN,NaN,NaN,NaN,NaN,NaN,NaN,NaN,NaN,NaN,NaN,NaN,NaN,NaN,NaN,NaN
NaN,NaN,NaN,NaN,NaN,NaN,NaN,NaN,NaN,NaN,NaN,NaN,NaN,-3.014734e-06,5.768294e-07,-3.039019e-06,1.006256e-07,-3.295899e-05,-0.000107904,-0.000220936,-0.0003398211,-0.0004209877,-0.0004894281,-0.000505546,-0.0004900171,-0.0004316575,-0.0003298322,-0.0001965116,-3.219239e-05,0.0001362125,0.0003086046,0.0004462171,0.0005742417,0.0006073136,0.000615138,0.0004774402,0.0002910176,0.0001019364,3.025892e-06,2.198856e-05,-9.517383e-06,4.315083e-06,NaN,NaN,NaN,NaN,NaN,NaN,NaN,NaN,NaN,NaN,NaN,NaN,NaN,NaN,NaN,NaN,NaN,NaN,NaN,NaN,NaN,NaN,NaN,NaN,NaN,NaN,NaN,NaN,NaN,NaN,NaN,NaN,NaN,NaN,NaN,NaN,NaN,NaN,NaN,NaN,NaN,NaN,NaN,NaN,NaN,NaN,NaN,NaN,NaN,NaN,NaN,NaN,NaN,NaN,NaN,NaN,NaN,NaN,NaN,NaN,NaN,NaN,NaN,NaN,NaN,NaN
NaN,NaN,NaN,NaN,NaN,NaN,NaN,NaN,NaN,NaN,NaN,NaN,NaN,NaN,-5.927185e-07,8.890931e-07,-1.678339e-06,-9.162409e-07,-1.331319e-05,-6.501358e-05,-0.0001429946,-0.0002256174,-0.0002918062,-0.0003126776,-0.0003107378,-0.0002714595,-0.0001990635,-9.996e-05,1.832927e-05,0.0001387225,0.0002506682,0.0003284027,0.0003855112,0.0003550705,0.0002709214,0.0001424181,3.640467e-05,8.226471e-06,8.009671e-06,-1.937143e-06,2.932296e-06,NaN,NaN,NaN,NaN,NaN,NaN,NaN,NaN,NaN,NaN,NaN,NaN,NaN,NaN,NaN,NaN,NaN,NaN,NaN,NaN,NaN,NaN,NaN,NaN,NaN,NaN,NaN,NaN,NaN,NaN,NaN,NaN,NaN,NaN,NaN,NaN,NaN,NaN,NaN,NaN,NaN,NaN,NaN,NaN,NaN,NaN,NaN,NaN,NaN,NaN,NaN,NaN,NaN,NaN,NaN,NaN,NaN,NaN,NaN,NaN,NaN,NaN,NaN,NaN,NaN,NaN,NaN
NaN,NaN,NaN,NaN,NaN,NaN,NaN,NaN,NaN,NaN,NaN,NaN,NaN,NaN,NaN,3.473265e-07,-2.171546e-07,1.901223e-06,-3.255033e-06,-4.845753e-06,-2.870189e-05,-7.706477e-05,-0.0001266003,-0.0001606977,-0.0001730095,-0.0001530672,-0.000108263,-4.19474e-05,3.399488e-05,0.0001102762,0.0001686346,0.0001931119,0.0001793218,0.0001283825,5.506539e-05,1.358646e-05,1.194128e-05,-1.768345e-06,8.558346e-07,5.596551e-06,NaN,NaN,NaN,NaN,NaN,NaN,NaN,NaN,NaN,NaN,NaN,NaN,NaN,NaN,NaN,NaN,NaN,NaN,NaN,NaN,NaN,NaN,NaN,NaN,NaN,NaN,NaN,NaN,NaN,NaN,NaN,NaN,NaN,NaN,NaN,NaN,NaN,NaN,NaN,NaN,NaN,NaN,NaN,NaN,NaN,NaN,NaN,NaN,NaN,NaN,NaN,NaN,NaN,NaN,NaN,NaN,NaN,NaN,NaN,NaN,NaN,NaN,NaN,NaN,NaN,NaN,NaN,NaN
NaN,NaN,NaN,NaN,NaN,NaN,NaN,NaN,NaN,NaN,NaN,NaN,NaN,NaN,NaN,NaN,-5.789113e-07,8.753272e-07,8.197435e-07,-4.444047e-07,-3.753419e-06,-1.113934e-05,-2.958117e-05,-5.485049e-05,-6.844191e-05,-6.661359e-05,-4.67441e-05,-1.303633e-05,2.589131e-05,5.94475e-05,7.631895e-05,7.125201e-05,4.452563e-05,1.982475e-05,1.026263e-05,3.336932e-06,8.845079e-07,6.436533e-07,3.618036e-06,NaN,NaN,NaN,NaN,NaN,NaN,NaN,NaN,NaN,NaN,NaN,NaN,NaN,NaN,NaN,NaN,NaN,NaN,NaN,NaN,NaN,NaN,NaN,NaN,NaN,NaN,NaN,NaN,NaN,NaN,NaN,NaN,NaN,NaN,NaN,NaN,NaN,NaN,NaN,NaN,NaN,NaN,NaN,NaN,NaN,NaN,NaN,NaN,NaN,NaN,NaN,NaN,NaN,NaN,NaN,NaN,NaN,NaN,NaN,NaN,NaN,NaN,NaN,NaN,NaN,NaN,NaN,NaN,NaN
NaN,NaN,NaN,NaN,NaN,NaN,NaN,NaN,NaN,NaN,NaN,NaN,NaN,NaN,NaN,NaN,NaN,8.986204e-07,-4.920598e-07,1.039971e-06,4.260127e-07,-1.835333e-06,-4.789361e-06,-9.96991e-06,-1.545331e-05,-1.799522e-05,-1.368952e-05,-2.156088e-06,1.026642e-05,1.902269e-05,1.874644e-05,1.461572e-05,8.541634e-06,5.354693e-06,9.451012e-07,2.276518e-07,3.421567e-06,-6.690901e-07,NaN,NaN,NaN,NaN,NaN,NaN,NaN,NaN,NaN,NaN,NaN,NaN,NaN,NaN,NaN,NaN,NaN,NaN,NaN,NaN,NaN,NaN,NaN,NaN,NaN,NaN,NaN,NaN,NaN,NaN,NaN,NaN,NaN,NaN,NaN,NaN,NaN,NaN,NaN,NaN,NaN,NaN,NaN,NaN,NaN,NaN,NaN,NaN,NaN,NaN,NaN,NaN,NaN,NaN,NaN,NaN,NaN,NaN,NaN,NaN,NaN,NaN,NaN,NaN,NaN,NaN,NaN,NaN,NaN,NaN
NaN,NaN,NaN,NaN,NaN,NaN,NaN,NaN,NaN,NaN,NaN,NaN,NaN,NaN,NaN,NaN,NaN,NaN,6.078919e-07,1.961442e-07,9.212127e-08,3.541301e-07,-7.192248e-08,-1.927559e-06,-3.015907e-06,-3.695088e-06,-2.522328e-06,-1.197157e-07,2.955472e-06,4.597402e-06,4.850749e-06,3.6402e-06,1.623945e-06,6.227961e-07,1.71283e-06,7.428635e-07,9.216564e-08,NaN,NaN,NaN,NaN,NaN,NaN,NaN,NaN,NaN,NaN,NaN,NaN,NaN,NaN,NaN,NaN,NaN,NaN,NaN,NaN,NaN,NaN,NaN,NaN,NaN,NaN,NaN,NaN,NaN,NaN,NaN,NaN,NaN,NaN,NaN,NaN,NaN,NaN,NaN,NaN,NaN,NaN,NaN,NaN,NaN,NaN,NaN,NaN,NaN,NaN,NaN,NaN,NaN,NaN,NaN,NaN,NaN,NaN,NaN,NaN,NaN,NaN,NaN,NaN,NaN,NaN,NaN,NaN,NaN,NaN,NaN
NaN,NaN,NaN,NaN,NaN,NaN,NaN,NaN,NaN,NaN,NaN,NaN,NaN,NaN,NaN,NaN,NaN,NaN,NaN,5.474741e-07,3.886144e-07,6.947703e-08,-1.010814e-07,1.444574e-08,-3.711053e-07,-4.242033e-07,-4.482227e-07,3.44158e-07,8.215095e-07,1.335565e-06,9.602006e-07,1.01683e-06,8.391179e-07,1.07308e-06,-1.165063e-07,5.258128e-08,NaN,NaN,NaN,NaN,NaN,NaN,NaN,NaN,NaN,NaN,NaN,NaN,NaN,NaN,NaN,NaN,NaN,NaN,NaN,NaN,NaN,NaN,NaN,NaN,NaN,NaN,NaN,NaN,NaN,NaN,NaN,NaN,NaN,NaN,NaN,NaN,NaN,NaN,NaN,NaN,NaN,NaN,NaN,NaN,NaN,NaN,NaN,NaN,NaN,NaN,NaN,NaN,NaN,NaN,NaN,NaN,NaN,NaN,NaN,NaN,NaN,NaN,NaN,NaN,NaN,NaN,NaN,NaN,NaN,NaN,NaN,NaN
NaN,NaN,NaN,NaN,NaN,NaN,NaN,NaN,NaN,NaN,NaN,NaN,NaN,NaN,NaN,NaN,NaN,NaN,NaN,-1.218228e-09,3.71857e-08,2.256931e-07,3.166025e-07,-9.337435e-08,-6.605443e-08,-1.623051e-07,6.664216e-08,9.391267e-08,4.142903e-07,4.234441e-07,6.469523e-07,4.355189e-07,1.346583e-07,-6.821693e-08,6.758844e-07,2.505584e-07,NaN,NaN,NaN,NaN,NaN,NaN,NaN,NaN,NaN,NaN,NaN,NaN,NaN,NaN,NaN,NaN,NaN,NaN,NaN,NaN,NaN,NaN,NaN,NaN,NaN,NaN,NaN,NaN,NaN,NaN,NaN,NaN,NaN,NaN,NaN,NaN,NaN,NaN,NaN,NaN,NaN,NaN,NaN,NaN,NaN,NaN,NaN,NaN,NaN,NaN,NaN,NaN,NaN,NaN,NaN,NaN,NaN,NaN,NaN,NaN,NaN,NaN,NaN,NaN,NaN,NaN,NaN,NaN,NaN,NaN,NaN,NaN
NaN,NaN,NaN,NaN,NaN,NaN,NaN,NaN,NaN,NaN,NaN,NaN,NaN,NaN,NaN,NaN,NaN,NaN,NaN,NaN,1.141776e-07,7.147086e-09,-6.773649e-08,1.31631e-07,3.571486e-08,1.04504e-07,-1.721838e-08,1.331644e-07,5.335428e-08,1.645166e-07,-1.322357e-08,1.318876e-07,1.671647e-07,3.379851e-07,-2.152523e-07,NaN,NaN,NaN,NaN,NaN,NaN,NaN,NaN,NaN,NaN,NaN,NaN,NaN,NaN,NaN,NaN,NaN,NaN,NaN,NaN,NaN,NaN,NaN,NaN,NaN,NaN,NaN,NaN,NaN,NaN,NaN,NaN,NaN,NaN,NaN,NaN,NaN,NaN,NaN,NaN,NaN,NaN,NaN,NaN,NaN,NaN,NaN,NaN,NaN,NaN,NaN,NaN,NaN,NaN,NaN,NaN,NaN,NaN,NaN,NaN,NaN,NaN,NaN,NaN,NaN,NaN,NaN,NaN,NaN,NaN,NaN,NaN,NaN
NaN,NaN,NaN,NaN,NaN,NaN,NaN,NaN,NaN,NaN,NaN,NaN,NaN,NaN,NaN,NaN,NaN,NaN,NaN,NaN,NaN,4.223473e-08,9.978564e-08,-5.112744e-08,1.406763e-09,-4.854406e-08,4.334802e-08,-2.211299e-08,6.637416e-08,1.289689e-08,1.257171e-07,2.899492e-08,-2.416736e-08,-1.238276e-07,NaN,NaN,NaN,NaN,NaN,NaN,NaN,NaN,NaN,NaN,NaN,NaN,NaN,NaN,NaN,NaN,NaN,NaN,NaN,NaN,NaN,NaN,NaN,NaN,NaN,NaN,NaN,NaN,NaN,NaN,NaN,NaN,NaN,NaN,NaN,NaN,NaN,NaN,NaN,NaN,NaN,NaN,NaN,NaN,NaN,NaN,NaN,NaN,NaN,NaN,NaN,NaN,NaN,NaN,NaN,NaN,NaN,NaN,NaN,NaN,NaN,NaN,NaN,NaN,NaN,NaN,NaN,NaN,NaN,NaN,NaN,NaN,NaN,NaN
NaN,NaN,NaN,NaN,NaN,NaN,NaN,NaN,NaN,NaN,NaN,NaN,NaN,NaN,NaN,NaN,NaN,NaN,NaN,NaN,NaN,-1.162915e-08,-4.142703e-08,3.201518e-08,2.314955e-09,2.969937e-08,-1.664372e-08,2.230581e-08,-1.993468e-08,1.178591e-08,-4.642079e-08,4.573829e-09,2.226567e-08,7.554523e-08,NaN,NaN,NaN,NaN,NaN,NaN,NaN,NaN,NaN,NaN,NaN,NaN,NaN,NaN,NaN,NaN,NaN,NaN,NaN,NaN,NaN,NaN,NaN,NaN,NaN,NaN,NaN,NaN,NaN,NaN,NaN,NaN,NaN,NaN,NaN,NaN,NaN,NaN,NaN,NaN,NaN,NaN,NaN,NaN,NaN,NaN,NaN,NaN,NaN,NaN,NaN,NaN,NaN,NaN,NaN,NaN,NaN,NaN,NaN,NaN,NaN,NaN,NaN,NaN,NaN,NaN,NaN,NaN,NaN,NaN,NaN,NaN,NaN,NaN
NaN,NaN,NaN,NaN,NaN,NaN,NaN,NaN,NaN,NaN,NaN,NaN,NaN,NaN,NaN,NaN,NaN,NaN,NaN,NaN,NaN,-4.313798e-11,4.356432e-11,-1.233765e-11,-8.93394e-11,-6.830325e-11,3.485251e-11,7.16126e-11,7.281303e-11,1.925635e-11,-1.073035e-10,-3.286477e-11,1.019514e-10,-2.729479e-11,NaN,NaN,NaN,NaN,NaN,NaN,NaN,NaN,NaN,NaN,NaN,NaN,NaN,NaN,NaN,NaN,NaN,NaN,NaN,NaN,NaN,NaN,NaN,NaN,NaN,NaN,NaN,NaN,NaN,NaN,NaN,NaN,NaN,NaN,NaN,NaN,NaN,NaN,NaN,NaN,NaN,NaN,NaN,NaN,NaN,NaN,NaN,NaN,NaN,NaN,NaN,NaN,NaN,NaN,NaN,NaN,NaN,NaN,NaN,NaN,NaN,NaN,NaN,NaN,NaN,NaN,NaN,NaN,NaN,NaN,NaN,NaN,NaN,NaN
