NaN,NaN,NaN,NaN,NaN,NaN,NaN,NaN,NaN,NaN,NaN,NaN,NaN,NaN,NaN,NaN,NaN,NaN,NaN,NaN,NaN,3.891071e-11,-4.509238e-11,-6.996686e-11,3.486826e-11,-4.187589e-11,4.072135e-11,8.709042e-11,-6.543677e-12,-3.651818e-11,4.283847e-11,-2.508256e-11,-4.867511e-11,2.312045e-11,NaN,NaN,NaN,NaN,NaN,NaN,NaN,NaN,NaN,NaN,NaN,NaN,NaN,NaN,NaN,NaN,NaN,NaN,NaN,NaN,NaN,NaN,NaN,NaN,NaN,NaN,NaN,NaN,NaN,NaN,NaN,NaN,NaN,NaN,NaN,NaN,NaN,NaN,NaN,NaN,NaN,NaN,NaN,NaN,NaN,NaN,NaN,NaN,NaN,NaN,NaN,NaN,NaN,NaN,NaN,NaN,NaN,NaN,NaN,NaN,NaN,NaN,NaN,NaN,NaN,NaN,NaN,NaN,NaN,NaN,NaN,NaN,NaN,NaN
NaN,NaN,NaN,NaN,NaN,NaN,NaN,NaN,NaN,NaN,NaN,NaN,NaN,NaN,NaN,NaN,NaN,NaN,NaN,NaN,NaN,8.972947e-09,3.981802e-09,-4.395886e-10,-5.029521e-09,4.03781e-10,-1.910508e-09,1.771917e-09,-1.573475e-09,2.900316e-09,5.816015e-10,3.409261e-09,-4.738894e-09,-1.476894e-09,NaN,NaN,NaN,NaN,NaN,NaN,NaN,NaN,NaN,NaN,NaN,NaN,NaN,NaN,NaN,NaN,NaN,NaN,NaN,NaN,NaN,NaN,NaN,NaN,NaN,NaN,NaN,NaN,NaN,NaN,NaN,NaN,NaN,NaN,NaN,NaN,NaN,NaN,NaN,NaN,NaN,NaN,NaN,NaN,NaN,NaN,NaN,NaN,NaN,NaN,NaN,NaN,NaN,NaN,NaN,NaN,NaN,NaN,NaN,NaN,NaN,NaN,NaN,NaN,NaN,NaN,NaN,NaN,NaN,NaN,NaN,NaN,NaN,NaN
NaN,NaN,NaN,NaN,NaN,NaN,NaN,NaN,NaN,NaN,NaN,NaN,NaN,NaN,NaN,NaN,NaN,NaN,NaN,NaN,NaN,-1.663504e-08,-7.687666e-09,3.961748e-09,1.233782e-08,2.358634e-09,5.490055e-09,-1.698909e-09,3.225673e-09,-5.200023e-09,-1.387013e-09,-6.197721e-09,1.035319e-08,4.355504e-09,NaN,NaN,NaN,NaN,NaN,NaN,NaN,NaN,NaN,NaN,NaN,NaN,NaN,NaN,NaN,NaN,NaN,NaN,NaN,NaN,NaN,NaN,NaN,NaN,NaN,NaN,NaN,NaN,NaN,NaN,NaN,NaN,NaN,NaN,NaN,NaN,NaN,NaN,NaN,NaN,NaN,NaN,NaN,NaN,NaN,NaN,NaN,NaN,NaN,NaN,NaN,NaN,NaN,NaN,NaN,NaN,NaN,NaN,NaN,NaN,NaN,NaN,NaN,NaN,NaN,NaN,NaN,NaN,NaN,NaN,NaN,NaN,NaN,NaN
NaN,NaN,NaN,NaN,NaN,NaN,NaN,NaN,NaN,NaN,NaN,NaN,NaN,NaN,NaN,NaN,NaN,NaN,NaN,NaN,-3.551782e-08,3.411304e-08,1.627099e-08,8.012142e-09,-5.776163e-09,1.326112e-08,2.679673e-09,1.104593e-08,-4.796736e-09,8.64447e-09,1.804918e-09,1.17671e-08,-1.135113e-08,-2.43069e-09,1.210321e-08,NaN,NaN,NaN,NaN,NaN,NaN,NaN,NaN,NaN,NaN,NaN,NaN,NaN,NaN,NaN,NaN,NaN,NaN,NaN,NaN,NaN,NaN,NaN,NaN,NaN,NaN,NaN,NaN,NaN,NaN,NaN,NaN,NaN,NaN,NaN,NaN,NaN,NaN,NaN,NaN,NaN,NaN,NaN,NaN,NaN,NaN,NaN,NaN,NaN,NaN,NaN,NaN,NaN,NaN,NaN,NaN,NaN,NaN,NaN,NaN,NaN,NaN,NaN,NaN,NaN,NaN,NaN,NaN,NaN,NaN,NaN,NaN,NaN
NaN,NaN,NaN,NaN,NaN,NaN,NaN,NaN,NaN,NaN,NaN,NaN,NaN,NaN,NaN,NaN,NaN,NaN,NaN,1.861702e-08,6.396483e-08,-2.617776e-08,-9.890094e-09,4.340296e-08,6.166007e-08,4.698109e-08,3.71197e-08,1.185795e-08,-1.720562e-10,-1.916306e-08,-1.555097e-08,-1.630404e-08,2.68344e-08,1.919208e-08,-4.721497e-09,-3.551077e-09,NaN,NaN,NaN,NaN,NaN,NaN,NaN,NaN,NaN,NaN,NaN,NaN,NaN,NaN,NaN,NaN,NaN,NaN,NaN,NaN,NaN,NaN,NaN,NaN,NaN,NaN,NaN,NaN,NaN,NaN,NaN,NaN,NaN,NaN,NaN,NaN,NaN,NaN,NaN,NaN,NaN,NaN,NaN,NaN,NaN,NaN,NaN,NaN,NaN,NaN,NaN,NaN,NaN,NaN,NaN,NaN,NaN,NaN,NaN,NaN,NaN,NaN,NaN,NaN,NaN,NaN,NaN,NaN,NaN,NaN,NaN,NaN
NaN,NaN,NaN,NaN,NaN,NaN,NaN,NaN,NaN,NaN,NaN,NaN,NaN,NaN,NaN,NaN,NaN,NaN,NaN,-5.662378e-08,-5.723928e-08,1.002403e-07,7.36781e-08,1.001393e-07,9.784247e-08,1.506261e-07,9.43058e-08,4.83205e-08,-4.667017e-08,-4.300132e-08,-4.540178e-08,-4.879212e-09,-2.655683e-08,-5.38731e-09,3.49552e-08,5.294731e-08,NaN,NaN,NaN,NaN,NaN,NaN,NaN,NaN,NaN,NaN,NaN,NaN,NaN,NaN,NaN,NaN,NaN,NaN,NaN,NaN,NaN,NaN,NaN,NaN,NaN,NaN,NaN,NaN,NaN,NaN,NaN,NaN,NaN,NaN,NaN,NaN,NaN,NaN,NaN,NaN,NaN,NaN,NaN,NaN,NaN,NaN,NaN,NaN,NaN,NaN,NaN,NaN,NaN,NaN,NaN,NaN,NaN,NaN,NaN,NaN,NaN,NaN,NaN,NaN,NaN,NaN,NaN,NaN,NaN,NaN,NaN,NaN
NaN,NaN,NaN,NaN,NaN,NaN,NaN,NaN,NaN,NaN,NaN,NaN,NaN,NaN,NaN,NaN,NaN,NaN,-8.360485e-08,3.652166e-08,1.564551e-07,2.912189e-08,1.420972e-07,4.411434e-07,5.853011e-07,6.041109e-07,4.186953e-07,1.010873e-07,-1.993242e-07,-3.403416e-07,-3.085875e-07,-2.023714e-07,-2.094883e-08,2.59208e-08,-1.263138e-08,1.01993e-08,6.754949e-08,NaN,NaN,NaN,NaN,NaN,NaN,NaN,NaN,NaN,NaN,NaN,NaN,NaN,NaN,NaN,NaN,NaN,NaN,NaN,NaN,NaN,NaN,NaN,NaN,NaN,NaN,NaN,NaN,NaN,NaN,NaN,NaN,NaN,NaN,NaN,NaN,NaN,NaN,NaN,NaN,NaN,NaN,NaN,NaN,NaN,NaN,NaN,NaN,NaN,NaN,NaN,NaN,NaN,NaN,NaN,NaN,NaN,NaN,NaN,NaN,NaN,NaN,NaN,NaN,NaN,NaN,NaN,NaN,NaN,NaN,NaN
NaN,NaN,NaN,NaN,NaN,NaN,NaN,NaN,NaN,NaN,NaN,NaN,NaN,NaN,NaN,NaN,NaN,-2.567804e-07,4.074856e-07,-1.06829e-07,3.191185e-08,6.395619e-07,1.078292e-06,1.914979e-06,2.482726e-06,2.650748e-06,1.773311e-06,3.827658e-07,-9.759858e-07,-1.596776e-06,-1.472888e-06,-9.497926e-07,-4.963289e-07,-2.028342e-07,2.904468e-08,1.036421e-07,-8.995595e-08,1.229365e-07,NaN,NaN,NaN,NaN,NaN,NaN,NaN,NaN,NaN,NaN,NaN,NaN,NaN,NaN,NaN,NaN,NaN,NaN,NaN,NaN,NaN,NaN,NaN,NaN,NaN,NaN,NaN,NaN,NaN,NaN,NaN,NaN,NaN,NaN,NaN,NaN,NaN,NaN,NaN,NaN,NaN,NaN,NaN,NaN,NaN,NaN,NaN,NaN,NaN,NaN,NaN,NaN,NaN,NaN,NaN,NaN,NaN,NaN,NaN,NaN,NaN,NaN,NaN,NaN,NaN,NaN,NaN,NaN,NaN,NaN
NaN,NaN,NaN,NaN,NaN,NaN,NaN,NaN,NaN,NaN,NaN,NaN,NaN,NaN,NaN,NaN,4.058387e-07,-1.006357e-07,-5.505698e-08,3.433342e-07,1.296456e-06,2.692359e-06,6.02719e-06,9.779372e-06,1.0746e-05,9.242596e-06,5.729005e-06,1.381473e-06,-2.660613e-06,-5.39425e-06,-6.230292e-06,-5.226553e-06,-2.877367e-06,-1.082137e-06,-4.195907e-07,-6.127297e-08,8.845999e-08,8.247999e-08,-5.317249e-08,NaN,NaN,NaN,NaN,NaN,NaN,NaN,NaN,NaN,NaN,NaN,NaN,NaN,NaN,NaN,NaN,NaN,NaN,NaN,NaN,NaN,NaN,NaN,NaN,NaN,NaN,NaN,NaN,NaN,NaN,NaN,NaN,NaN,NaN,NaN,NaN,NaN,NaN,NaN,NaN,NaN,NaN,NaN,NaN,NaN,NaN,NaN,NaN,NaN,NaN,NaN,NaN,NaN,NaN,NaN,NaN,NaN,NaN,NaN,NaN,NaN,NaN,NaN,NaN,NaN,NaN,NaN,NaN,NaN
NaN,NaN,NaN,NaN,NaN,NaN,NaN,NaN,NaN,NaN,NaN,NaN,NaN,NaN,NaN,6.860956e-07,-1.310022e-07,-5.426283e-07,1.608164e-06,1.794364e-06,7.735205e-06,1.802655e-05,2.545468e-05,2.811447e-05,2.622217e-05,2.0404e-05,1.23514e-05,3.927176e-06,-4.058861e-06,-1.016869e-05,-1.392394e-05,-1.413432e-05,-1.196857e-05,-7.632733e-06,-2.939149e-06,-4.495078e-07,-4.477386e-07,2.685834e-07,1.673564e-08,2.71177e-09,NaN,NaN,NaN,NaN,NaN,NaN,NaN,NaN,NaN,NaN,NaN,NaN,NaN,NaN,NaN,NaN,NaN,NaN,NaN,NaN,NaN,NaN,NaN,NaN,NaN,NaN,NaN,NaN,NaN,NaN,NaN,NaN,NaN,NaN,NaN,NaN,NaN,NaN,NaN,NaN,NaN,NaN,NaN,NaN,NaN,NaN,NaN,NaN,NaN,NaN,NaN,NaN,NaN,NaN,NaN,NaN,NaN,NaN,NaN,NaN,NaN,NaN,NaN,NaN,NaN,NaN,NaN,NaN
NaN,NaN,NaN,NaN,NaN,NaN,NaN,NaN,NaN,NaN,NaN,NaN,NaN,NaN,1.07447e-07,-6.814374e-07,1.022623e-06,9.668754e-07,5.277581e-06,2.089613e-05,3.944147e-05,5.168643e-05,5.773167e-05,5.240289e-05,4.514111e-05,3.384877e-05,2.135418e-05,8.342789e-06,-3.534801e-06,-1.339015e-05,-2.042126e-05,-2.376195e-05,-2.509699e-05,-2.101056e-05,-1.444977e-05,-6.918407e-06,-1.412233e-06,-1.381552e-07,-1.809536e-07,2.247309e-07,1.301805e-08,NaN,NaN,NaN,NaN,NaN,NaN,NaN,NaN,NaN,NaN,NaN,NaN,NaN,NaN,NaN,NaN,NaN,NaN,NaN,NaN,NaN,NaN,NaN,NaN,NaN,NaN,NaN,NaN,NaN,NaN,NaN,NaN,NaN,NaN,NaN,NaN,NaN,NaN,NaN,NaN,NaN,NaN,NaN,NaN,NaN,NaN,NaN,NaN,NaN,NaN,NaN,NaN,NaN,NaN,NaN,NaN,NaN,NaN,NaN,NaN,NaN,NaN,NaN,NaN,NaN,NaN,NaN
NaN,NaN,NaN,NaN,NaN,NaN,NaN,NaN,NaN,NaN,NaN,NaN,NaN,1.364629e-07,-1.995029e-06,3.256267e-06,1.705472e-07,1.573594e-05,4.457515e-05,7.150787e-05,9.249622e-05,9.311418e-05,9.280856e-05,8.005994e-05,6.732649e-05,4.999793e-05,3.305903e-05,1.507968e-05,-6.016579e-07,-1.457601e-05,-2.487194e-05,-3.173242e-05,-3.590347e-05,-3.467651e-05,-3.159483e-05,-2.276043e-05,-1.226243e-05,-3.996624e-06,1.944263e-07,-6.135703e-07,4.729361e-07,-1.115953e-07,NaN,NaN,NaN,NaN,NaN,NaN,NaN,NaN,NaN,NaN,NaN,NaN,NaN,NaN,NaN,NaN,NaN,NaN,NaN,NaN,NaN,NaN,NaN,NaN,NaN,NaN,NaN,NaN,NaN,NaN,NaN,NaN,NaN,NaN,NaN,NaN,NaN,NaN,NaN,NaN,NaN,NaN,NaN,NaN,NaN,NaN,NaN,NaN,NaN,NaN,NaN,NaN,NaN,NaN,NaN,NaN,NaN,NaN,NaN,NaN,NaN,NaN,NaN,NaN,NaN,NaN
NaN,NaN,NaN,NaN,NaN,NaN,NaN,NaN,NaN,NaN,NaN,NaN,-1.713219e-06,1.51202e-06,-1.022415e-07,5.722391e-06,3.460465e-05,8.220597e-05,0.000118271,0.0001385577,0.0001457751,0.0001402551,0.0001304914,0.0001116985,9.192582e-05,6.943689e-05,4.729617e-05,2.484507e-05,4.999191e-06,-1.290836e-05,-2.654422e-05,-3.720281e-05,-4.407247e-05,-4.654044e-05,-4.515917e-05,-4.035618e-05,-3.096681e-05,-1.946869e-05,-7.062575e-06,-1.015285e-06,2.550348e-07,-3.387551e-07,3.705171e-07,NaN,NaN,NaN,NaN,NaN,NaN,NaN,NaN,NaN,NaN,NaN,NaN,NaN,NaN,NaN,NaN,NaN,NaN,NaN,NaN,NaN,NaN,NaN,NaN,NaN,NaN,NaN,NaN,NaN,NaN,NaN,NaN,NaN,NaN,NaN,NaN,NaN,NaN,NaN,NaN,NaN,NaN,NaN,NaN,NaN,NaN,NaN,NaN,NaN,NaN,NaN,NaN,NaN,NaN,NaN,NaN,NaN,NaN,NaN,NaN,NaN,NaN,NaN,NaN,NaN
NaN,NaN,NaN,NaN,NaN,NaN,NaN,NaN,NaN,NaN,NaN,-4.280301e-06,6.113178e-06,-3.571484e-06,1.880985e-05,6.93438e-05,0.0001280876,0.0001833712,0.0001937387,0.0002100727,0.0002025565,0.0001913743,0.0001701865,0.0001473543,0.0001190978,9.27904e-05,6.402876e-05,3.839901e-05,1.320106e-05,-7.521645e-06,-2.562238e-05,-3.897904e-05,-4.929831e-05,-5.456894e-05,-5.637037e-05,-5.433337e-05,-4.658207e-05,-3.94309e-05,-2.557237e-05,-1.121495e-05,-3.022986e-06,7.580366e-07,-8.011842e-07,5.477291e-07,NaN,NaN,NaN,NaN,NaN,NaN,NaN,NaN,NaN,NaN,NaN,NaN,NaN,NaN,NaN,NaN,NaN,NaN,NaN,NaN,NaN,NaN,NaN,NaN,NaN,NaN,NaN,NaN,NaN,NaN,NaN,NaN,NaN,NaN,NaN,NaN,NaN,NaN,NaN,NaN,NaN,NaN,NaN,NaN,NaN,NaN,NaN,NaN,NaN,NaN,NaN,NaN,NaN,NaN,NaN,NaN,NaN,NaN,NaN,NaN,NaN,NaN,NaN,NaN
NaN,NaN,NaN,NaN,NaN,NaN,NaN,NaN,NaN,NaN,-2.949533e-07,1.495411e-06,1.8751e-06,3.886411e-05,0.0001273262,0.0001923138,0.0002448138,0.000276206,0.0002807447,0.0002800252,0.0002645905,0.0002432138,0.0002152247,0.0001844241,0.0001507282,0.0001182175,8.502993e-05,5.46153e-05,2.560405e-05,1.034743e-06,-2.055153e-05,-3.717561e-05,-5.073519e-05,-5.877614e-05,-6.355123e-05,-6.370321e-05,-5.98838e-05,-5.351834e-05,-4.366946e-05,-2.975454e-05,-1.740579e-05,-4.462642e-06,-2.065405e-07,5.348849e-08,-2.213871e-07,NaN,NaN,NaN,NaN,NaN,NaN,NaN,NaN,NaN,NaN,NaN,NaN,NaN,NaN,NaN,NaN,NaN,NaN,NaN,NaN,NaN,NaN,NaN,NaN,NaN,NaN,NaN,NaN,NaN,NaN,NaN,NaN,NaN,NaN,NaN,NaN,NaN,NaN,NaN,NaN,NaN,NaN,NaN,NaN,NaN,NaN,NaN,NaN,NaN,NaN,NaN,NaN,NaN,NaN,NaN,NaN,NaN,NaN,NaN,NaN,NaN,NaN,NaN
NaN,NaN,NaN,NaN,NaN,NaN,NaN,NaN,-6.809662e-06,9.157416e-06,-7.392987e-06,1.601531e-05,8.031004e-05,0.0001870986,0.0002916486,0.0003155681,0.0003638241,0.0003720363,0.0003690055,0.0003515568,0.0003306144,0.0002965314,0.0002637009,0.000223633,0.0001864066,0.0001462446,0.0001102829,7.378195e-05,4.253778e-05,1.286757e-05,-1.075821e-05,-3.175675e-05,-4.706617e-05,-5.897604e-05,-6.58099e-05,-6.912918e-05,-6.735528e-05,-6.395644e-05,-5.640873e-05,-4.389127e-05,-3.521119e-05,-2.07634e-05,-6.590304e-06,-1.501152e-06,6.458351e-07,-7.121242e-07,2.62648e-07,NaN,NaN,NaN,NaN,NaN,NaN,NaN,NaN,NaN,NaN,NaN,NaN,NaN,NaN,NaN,NaN,NaN,NaN,NaN,NaN,NaN,NaN,NaN,NaN,NaN,NaN,NaN,NaN,NaN,NaN,NaN,NaN,NaN,NaN,NaN,NaN,NaN,NaN,NaN,NaN,NaN,NaN,NaN,NaN,NaN,NaN,NaN,NaN,NaN,NaN,NaN,NaN,NaN,NaN,NaN,NaN,NaN,NaN,NaN,NaN,NaN
NaN,NaN,NaN,NaN,NaN,NaN,NaN,-4.747035e-06,7.473623e-06,-5.039894e-06,3.665977e-05,0.0001610232,0.0002601774,0.000377128,0.0004322661,0.0004577718,0.0004735875,0.0004735106,0.0004547245,0.0004286756,0.0003944433,0.0003550103,0.0003124036,0.0002676397,0.0002231893,0.0001790978,0.0001377108,9.79271e-05,6.252046e-05,2.985354e-05,2.859421e-06,-2.104496e-05,-3.914022e-05,-5.394156e-05,-6.290687e-05,-6.920014e-05,-6.982808e-05,-6.894093e-05,-6.274781e-05,-5.480275e-05,-4.545354e-05,-3.582437e-05,-2.050605e-05,-1.024418e-05,-2.056882e-06,9.725595e-08,-2.38957e-07,-2.991671e-07,NaN,NaN,NaN,NaN,NaN,NaN,NaN,NaN,NaN,NaN,NaN,NaN,NaN,NaN,NaN,NaN,NaN,NaN,NaN,NaN,NaN,NaN,NaN,NaN,NaN,NaN,NaN,NaN,NaN,NaN,NaN,NaN,NaN,NaN,NaN,NaN,NaN,NaN,NaN,NaN,NaN,NaN,NaN,NaN,NaN,NaN,NaN,NaN,NaN,NaN,NaN,NaN,NaN,NaN,NaN,NaN,NaN,NaN,NaN,NaN
NaN,NaN,NaN,NaN,NaN,NaN,1.037518e-05,-8.328396e-06,9.632951e-06,7.849558e-05,0.0002499147,0.0003994737,0.0004504198,0.0005516813,0.0005808646,0.000591615,0.0005858305,0.0005748737,0.0005398401,0.0005064735,0.0004599938,0.0004150902,0.0003626566,0.0003145552,0.0002623276,0.0002158325,0.0001680073,0.0001267094,8.587566e-05,5.213579e-05,2.028398e-05,-4.433704e-06,-2.68687e-05,-4.240111e-05,-5.563822e-05,-6.258902e-05,-6.710819e-05,-6.709342e-05,-6.464846e-05,-5.760443e-05,-5.194339e-05,-4.281194e-05,-3.017518e-05,-2.103772e-05,-1.213588e-05,-2.291168e-06,-6.509981e-07,1.241371e-07,-5.318164e-07,NaN,NaN,NaN,NaN,NaN,NaN,NaN,NaN,NaN,NaN,NaN,NaN,NaN,NaN,NaN,NaN,NaN,NaN,NaN,NaN,NaN,NaN,NaN,NaN,NaN,NaN,NaN,NaN,NaN,NaN,NaN,NaN,NaN,NaN,NaN,NaN,NaN,NaN,NaN,NaN,NaN,NaN,NaN,NaN,NaN,NaN,NaN,NaN,NaN,NaN,NaN,NaN,NaN,NaN,NaN,NaN,NaN,NaN,NaN
NaN,NaN,NaN,NaN,NaN,1.509962e-05,-1.197901e-05,3.397877e-05,0.0001790997,0.00032578,0.0005371397,0.0005989764,0.0006630013,0.0007090905,0.0007305389,0.0007183813,0.000701239,0.0006689381,0.0006293578,0.0005803437,0.0005287932,0.0004734473,0.0004172455,0.000361228,0.0003060041,0.0002537352,0.0002034161,0.0001578743,0.0001148137,7.784629e-05,4.376548e-05,1.647014e-05,-8.332972e-06,-2.597119e-05,-4.157409e-05,-5.037411e-05,-5.790912e-05,-5.904337e-05,-5.958526e-05,-5.469169e-05,-5.129702e-05,-4.300894e-05,-3.484091e-05,-2.477356e-05,-1.990295e-05,-9.072573e-06,-2.740127e-06,-7.028495e-07,-2.673819e-07,-2.409014e-07,NaN,NaN,NaN,NaN,NaN,NaN,NaN,NaN,NaN,NaN,NaN,NaN,NaN,NaN,NaN,NaN,NaN,NaN,NaN,NaN,NaN,NaN,NaN,NaN,NaN,NaN,NaN,NaN,NaN,NaN,NaN,NaN,NaN,NaN,NaN,NaN,NaN,NaN,NaN,NaN,NaN,NaN,NaN,NaN,NaN,NaN,NaN,NaN,NaN,NaN,NaN,NaN,NaN,NaN,NaN,NaN,NaN,NaN
NaN,NaN,NaN,1.19636e-05,-7.15031e-06,2.938774e-06,7.899218e-05,0.0003140405,0.0004999642,0.0006084944,0.0007705647,0.0008192656,0.0008500864,0.000869167,0.0008722928,0.000841121,0.0008110992,0.0007636942,0.0007143753,0.0006544316,0.0005970722,0.000532444,0.0004726895,0.0004094659,0.0003523795,0.0002939909,0.0002428684,0.0001920438,0.0001489289,0.0001071608,7.338105e-05,4.152253e-05,1.72864e-05,-4.853953e-06,-2.002795e-05,-3.330459e-05,-4.021182e-05,-4.609535e-05,-4.631958e-05,-4.595516e-05,-4.238234e-05,-3.842224e-05,-3.009897e-05,-2.510835e-05,-1.858758e-05,-1.186646e-05,-4.182027e-06,-2.479929e-06,4.14828e-08,-5.835233e-07,-4.561721e-07,-4.444476e-07,NaN,NaN,NaN,NaN,NaN,NaN,NaN,NaN,NaN,NaN,NaN,NaN,NaN,NaN,NaN,NaN,NaN,NaN,NaN,NaN,NaN,NaN,NaN,NaN,NaN,NaN,NaN,NaN,NaN,NaN,NaN,NaN,NaN,NaN,NaN,NaN,NaN,NaN,NaN,NaN,NaN,NaN,NaN,NaN,NaN,NaN,NaN,NaN,NaN,NaN,NaN,NaN,NaN,NaN,NaN,NaN
NaN,NaN,2.182055e-05,-1.710531e-05,3.338053e-05,0.0002029432,0.0004060872,0.00071367,0.0007754648,0.0009000661,0.0009858523,0.001025088,0.001026402,0.001026171,0.00100023,0.0009633899,0.0009122267,0.0008566766,0.0007949781,0.000728679,0.0006620056,0.0005930961,0.0005273294,0.0004603437,0.00039941,0.0003379216,0.0002844951,0.0002308143,0.0001864499,0.0001418843,0.0001074886,7.265082e-05,4.813343e-05,2.277424e-05,7.6443e-06,-9.16784e-06,-1.630403e-05,-2.570515e-05,-2.610474e-05,-3.019264e-05,-2.621768e-05,-2.642551e-05,-1.920425e-05,-1.765248e-05,-1.114757e-05,-8.381914e-06,-3.913572e-07,-6.474571e-07,1.369839e-06,2.137859e-06,-4.46955e-09,-9.662581e-07,-1.22664e-07,NaN,NaN,NaN,NaN,NaN,NaN,NaN,NaN,NaN,NaN,NaN,NaN,NaN,NaN,NaN,NaN,NaN,NaN,NaN,NaN,NaN,NaN,NaN,NaN,NaN,NaN,NaN,NaN,NaN,NaN,NaN,NaN,NaN,NaN,NaN,NaN,NaN,NaN,NaN,NaN,NaN,NaN,NaN,NaN,NaN,NaN,NaN,NaN,NaN,NaN,NaN,NaN,NaN,NaN,NaN
1.998582e-05,-1.055077e-05,-9.502842e-07,9.690949e-05,0.0003860303,0.0006264082,0.0007977724,0.001013871,0.00108205,0.001148644,0.001196089,0.001215108,0.001190236,0.001169624,0.001124807,0.001073536,0.001008853,0.000945115,0.0008708933,0.0008007985,0.0007247868,0.0006540174,0.0005805222,0.0005138084,0.0004463184,0.0003862843,0.0003269689,0.000275504,0.0002256744,0.0001837694,0.0001440283,0.0001119866,8.21622e-05,5.952652e-05,3.877898e-05,2.458552e-05,1.186016e-05,4.589219e-06,-1.868306e-06,-3.612924e-06,-6.077006e-06,-4.348939e-06,-3.505751e-06,-6.697452e-07,2.338903e-07,4.644855e-06,5.958028e-06,8.345818e-06,5.949144e-06,9.898989e-06,4.789283e-06,1.516651e-06,-1.011126e-06,-9.882103e-07,-4.192994e-07,NaN,NaN,NaN,NaN,NaN,NaN,NaN,NaN,NaN,NaN,NaN,NaN,NaN,NaN,NaN,NaN,NaN,NaN,NaN,NaN,NaN,NaN,NaN,NaN,NaN,NaN,NaN,NaN,NaN,NaN,NaN,NaN,NaN,NaN,NaN,NaN,NaN,NaN,NaN,NaN,NaN,NaN,NaN,NaN,NaN,NaN,NaN,NaN,NaN,NaN,NaN,NaN,NaN
-1.863067e-05,4.53246e-05,0.0002695614,0.0005080278,0.0009143749,0.0009895825,0.001175145,0.001296835,0.001352195,0.001377406,0.001397575,0.001378765,0.001346107,0.001298044,0.001239238,0.001174798,0.00109903,0.001025575,0.0009440945,0.0008684725,0.0007856628,0.0007132264,0.0006339892,0.0005675426,0.000494757,0.0004367113,0.0003722654,0.0003237969,0.0002687739,0.0002305406,0.0001853496,0.0001572484,0.0001215685,0.0001029359,7.604458e-05,6.574278e-05,4.617576e-05,4.279145e-05,2.91889e-05,3.058436e-05,2.108831e-05,2.573116e-05,1.848495e-05,2.448381e-05,1.781219e-05,2.420898e-05,1.838166e-05,2.274593e-05,1.533108e-05,2.029772e-05,1.370585e-05,9.550882e-06,5.02102e-06,7.175028e-07,-1.718415e-06,-3.85113e-07,NaN,NaN,NaN,NaN,NaN,NaN,NaN,NaN,NaN,NaN,NaN,NaN,NaN,NaN,NaN,NaN,NaN,NaN,NaN,NaN,NaN,NaN,NaN,NaN,NaN,NaN,NaN,NaN,NaN,NaN,NaN,NaN,NaN,NaN,NaN,NaN,NaN,NaN,NaN,NaN,NaN,NaN,NaN,NaN,NaN,NaN,NaN,NaN,NaN,NaN,NaN,2.068165e-05
0.0001677134,0.0004835541,0.0008385932,0.0009992394,0.001293848,0.001382773,0.001493596,0.001557727,0.00159679,0.001582218,0.001573003,0.001532801,0.00147945,0.001413924,0.001343713,0.001263705,0.001182185,0.001098835,0.001012797,0.0009305038,0.0008462134,0.0007684724,0.0006892193,0.0006190658,0.0005472738,0.0004863186,0.0004233585,0.0003724056,0.0003191084,0.0002785699,0.0002350578,0.0002045591,0.000170411,0.0001490953,0.0001232765,0.0001099922,9.133777e-05,8.428992e-05,7.103333e-05,6.879992e-05,5.902127e-05,5.933009e-05,5.187687e-05,5.276441e-05,4.587608e-05,4.704979e-05,4.01191e-05,3.959235e-05,3.23679e-05,3.189405e-05,2.522199e-05,1.893639e-05,1.808546e-05,7.939202e-06,2.678125e-06,-9.641808e-07,-1.332231e-06,-6.910825e-07,NaN,NaN,NaN,NaN,NaN,NaN,NaN,NaN,NaN,NaN,NaN,NaN,NaN,NaN,NaN,NaN,NaN,NaN,NaN,NaN,NaN,NaN,NaN,NaN,NaN,NaN,NaN,NaN,NaN,NaN,NaN,NaN,NaN,NaN,NaN,NaN,NaN,NaN,NaN,NaN,NaN,NaN,NaN,NaN,NaN,NaN,NaN,3.415795e-05,-2.092171e-05,3.58547e-06
0.0007118109,0.001127606,0.001289198,0.001470086,0.001650704,0.001713745,0.001775836,0.001802824,0.001797638,0.001766179,0.001727745,0.001662483,0.001598476,0.001513891,0.001434431,0.001342539,0.00125718,0.001162666,0.001078328,0.0009862504,0.0009056267,0.0008198267,0.0007462809,0.000668394,0.0006035407,0.000535234,0.000479963,0.000421597,0.0003763703,0.0003282164,0.0002928496,0.0002543021,0.0002281164,0.0001982415,0.0001802235,0.0001578117,0.0001463253,0.000129779,0.0001233482,0.0001107274,0.0001075828,9.710903e-05,9.519395e-05,8.543417e-05,8.365056e-05,7.333289e-05,7.12205e-05,5.945503e-05,5.666696e-05,4.493328e-05,4.207781e-05,2.847454e-05,2.898677e-05,1.592846e-05,1.353558e-05,4.848381e-06,1.623955e-06,-2.320311e-06,-9.668082e-07,-1.476234e-06,NaN,NaN,NaN,NaN,NaN,NaN,NaN,NaN,NaN,NaN,NaN,NaN,NaN,NaN,NaN,NaN,NaN,NaN,NaN,NaN,NaN,NaN,NaN,NaN,NaN,NaN,NaN,NaN,NaN,NaN,NaN,NaN,NaN,NaN,NaN,NaN,NaN,NaN,NaN,NaN,NaN,NaN,NaN,2.951682e-05,-7.560174e-06,-2.027654e-05,0.0001084225,0.0004078323
0.001277,0.001604368,0.001750506,0.001865353,0.001959032,0.002009706,0.002017292,0.0020054,0.001977808,0.001916682,0.001856616,0.001776015,0.001695193,0.00159902,0.001512759,0.001409473,0.001322518,0.001220856,0.001136346,0.001039079,0.0009612457,0.0008706959,0.0008013787,0.0007194945,0.0006598734,0.0005876462,0.000538099,0.0004756458,0.0004363763,0.0003837903,0.0003543227,0.0003108228,0.0002903551,0.0002548776,0.0002420957,0.0002134653,0.0002069684,0.0001832993,0.0001812477,0.0001612969,0.0001617338,0.0001431243,0.0001446995,0.0001259228,0.0001270801,0.0001075552,0.0001073375,8.629364e-05,8.512066e-05,6.351855e-05,6.165799e-05,4.001041e-05,4.085392e-05,2.05028e-05,2.117037e-05,1.057481e-05,6.485865e-06,2.878988e-07,1.22095e-06,-2.498523e-06,-9.559051e-07,NaN,NaN,NaN,NaN,NaN,NaN,NaN,NaN,NaN,NaN,NaN,NaN,NaN,NaN,NaN,NaN,NaN,NaN,NaN,NaN,NaN,NaN,NaN,NaN,NaN,NaN,NaN,NaN,NaN,NaN,NaN,NaN,NaN,NaN,NaN,NaN,NaN,NaN,NaN,NaN,NaN,6.4989e-06,-2.828958e-05,7.345271e-05,0.000343455,0.0006400722,0.001155745
0.001834708,0.002035187,0.002125758,0.00219892,0.002243875,0.002238703,0.002222463,0.002177439,0.002118054,0.002041199,0.001962609,0.001864059,0.00177577,0.001668854,0.001575215,0.001468438,0.001376994,0.00127314,0.001187837,0.001089921,0.001012001,0.000922559,0.0008540903,0.000773709,0.0007153195,0.0006449474,0.000596694,0.0005360345,0.0004978761,0.0004468337,0.0004180921,0.0003756699,0.0003553704,0.000320415,0.0003073346,0.000278579,0.000270937,0.0002466878,0.0002429717,0.0002214719,0.0002198668,0.0001991706,0.000197649,0.000176595,0.0001740438,0.0001512152,0.0001470196,0.0001221002,0.0001161491,8.993172e-05,8.312622e-05,5.691405e-05,5.150324e-05,2.738275e-05,2.497047e-05,7.070264e-06,5.042406e-06,-1.039391e-06,-2.058738e-06,-3.967927e-06,6.304629e-07,-1.52477e-06,-1.579099e-06,NaN,NaN,NaN,NaN,NaN,NaN,NaN,NaN,NaN,NaN,NaN,NaN,NaN,NaN,NaN,NaN,NaN,NaN,NaN,NaN,NaN,NaN,NaN,NaN,NaN,NaN,NaN,NaN,NaN,NaN,NaN,NaN,NaN,NaN,NaN,NaN,NaN,7.158052e-06,-3.045873e-05,5.30397e-05,0.000317893,0.0006203401,0.001129834,0.001330608,0.00166456
0.002282829,0.002387865,0.002458218,0.002467329,0.002464501,0.002433673,0.002381065,0.002306669,0.002233061,0.002133748,0.002041703,0.001935568,0.001834868,0.001724624,0.001625995,0.001516549,0.001423119,0.001320578,0.001233301,0.001138635,0.001060335,0.0009746013,0.0009061272,0.0008301878,0.0007719211,0.0007060405,0.0006576927,0.000601377,0.0005627578,0.0005156963,0.0004859423,0.0004469935,0.0004250902,0.0003929685,0.0003774904,0.0003509382,0.0003403829,0.0003174434,0.0003100482,0.00028955,0.000283343,0.0002628253,0.0002565115,0.0002346166,0.0002266548,0.0002025663,0.0001919975,0.0001651299,0.0001522641,0.0001230494,0.0001086506,7.871271e-05,6.533012e-05,3.654685e-05,2.65254e-05,3.13071e-06,-2.482915e-06,-1.707175e-05,-1.771776e-05,-1.893128e-05,-1.222038e-05,-1.057946e-05,1.536137e-07,-5.2125e-07,-4.485118e-08,-4.274118e-06,NaN,NaN,NaN,NaN,NaN,NaN,NaN,NaN,NaN,NaN,NaN,NaN,NaN,NaN,NaN,NaN,NaN,NaN,NaN,NaN,NaN,NaN,NaN,NaN,NaN,NaN,NaN,NaN,NaN,NaN,NaN,4.440834e-05,-1.072889e-05,-2.926949e-05,5.709678e-05,0.0003401048,0.000599313,0.001125997,0.001426654,0.001708863,0.001938518,0.002162961
0.002654224,0.002692384,0.002702212,0.002677546,0.002644922,0.002568033,0.002501354,0.00240366,0.002310727,0.002200557,0.002100775,0.001981958,0.001882154,0.001764607,0.001666397,0.001555496,0.001464078,0.001360595,0.001277971,0.001183243,0.001109601,0.001024995,0.0009614217,0.0008866466,0.0008331115,0.000768423,0.0007244095,0.0006690281,0.0006341595,0.0005876134,0.0005608816,0.0005218989,0.0005021716,0.0004694284,0.0004554056,0.0004275648,0.0004174311,0.0003927825,0.0003850928,0.0003619788,0.0003549154,0.0003313219,0.0003230114,0.0002978617,0.0002871063,0.0002588896,0.0002450103,0.0002133349,0.0001960165,0.0001612736,0.0001415142,0.0001051583,8.473738e-05,4.927777e-05,3.145025e-05,-3.957676e-07,-1.271328e-05,-3.612691e-05,-4.066686e-05,-5.164648e-05,-4.869533e-05,-4.392738e-05,-2.646348e-05,-2.290549e-05,-3.324299e-06,1.488653e-06,3.466145e-06,-4.703487e-06,NaN,NaN,NaN,NaN,NaN,NaN,NaN,NaN,NaN,NaN,NaN,NaN,NaN,NaN,NaN,NaN,NaN,NaN,NaN,NaN,NaN,NaN,NaN,NaN,NaN,NaN,NaN,3.226514e-05,-2.954136e-05,-2.302702e-05,9.710733e-05,0.0004228636,0.0006007238,0.001188868,0.001484924,0.001772265,0.002061815,0.002281726,0.002442389,0.00255462
0.002921576,0.002916772,0.002892237,0.002830098,0.002757461,0.002672402,0.002574757,0.00246529,0.002362365,0.002242733,0.002134723,0.002017456,0.001910275,0.001796083,0.001697117,0.001588389,0.001498832,0.001399515,0.001318711,0.001228709,0.001158298,0.001077759,0.001017726,0.0009467985,0.0008969079,0.0008353155,0.0007947751,0.0007416977,0.0007099917,0.0006648247,0.0006407978,0.0006022432,0.0005847427,0.0005514277,0.0005389812,0.0005096317,0.0005006957,0.0004734294,0.0004663443,0.0004400608,0.0004328482,0.0004051804,0.000396639,0.0003663075,0.0003548442,0.0003209313,0.0003054889,0.0002673002,0.000247826,0.0002054614,0.0001825198,0.0001373434,0.0001128581,6.686434e-05,4.343286e-05,4.724341e-07,-1.847399e-05,-5.51072e-05,-6.520532e-05,-9.017045e-05,-8.898461e-05,-9.817175e-05,-8.746743e-05,-8.588658e-05,-4.811231e-05,-4.739196e-05,-1.600908e-05,2.414128e-07,5.557079e-06,5.691363e-06,-3.362325e-06,NaN,NaN,NaN,NaN,NaN,NaN,NaN,NaN,NaN,NaN,NaN,NaN,NaN,NaN,NaN,NaN,NaN,NaN,NaN,NaN,NaN,3.464303e-05,-3.232134e-05,-1.904686e-05,1.390705e-05,0.0002236291,0.0004962044,0.0006837999,0.001377024,0.001494229,0.001875415,0.002146384,0.002411458,0.002594827,0.002729391,0.002830891,0.002906295
0.003119947,0.003081654,0.003002866,0.002929547,0.002830632,0.00272583,0.002613805,0.00250307,0.002380679,0.002269181,0.00215045,0.002038581,0.00192729,0.001821853,0.001717424,0.001621673,0.001527086,0.001440297,0.001356237,0.001278795,0.001204626,0.001137111,0.001073102,0.001014709,0.0009603478,0.0009108557,0.0008652385,0.000823657,0.0007861335,0.0007517404,0.0007211023,0.000692557,0.000667592,0.0006435385,0.0006229404,0.0006020456,0.00058404,0.000564708,0.0005479405,0.00052861,0.0005113165,0.0004900795,0.0004705581,0.0004463827,0.0004233684,0.0003947287,0.000367432,0.0003337268,0.0003015464,0.000262795,0.0002263301,0.0001834883,0.0001439652,9.912068e-05,5.936025e-05,1.518235e-05,-2.127894e-05,-6.026334e-05,-8.914259e-05,-0.0001188591,-0.0001358982,-0.0001514671,-0.0001547283,-0.0001546328,-0.0001421808,-0.0001471262,-9.852534e-05,-5.485053e-05,-7.005841e-05,-1.957459e-05,7.464045e-07,6.805432e-06,1.310104e-05,7.540924e-06,1.112541e-06,1.374808e-07,NaN,NaN,NaN,NaN,NaN,NaN,NaN,NaN,NaN,NaN,NaN,1.709317e-05,2.251926e-05,-3.76046e-06,-2.838996e-05,-9.617055e-06,1.86561e-05,0.0001706389,0.0004977441,0.0003972431,0.0009939391,0.001511711,0.001576998,0.002023639,0.002230615,0.002527058,0.002726879,0.002889476,0.003003681,0.003104111,0.003128475,0.00313921
0.003239325,0.003162388,0.003076705,0.002970553,0.002858246,0.002747748,0.00262566,0.002507127,0.002389681,0.002272021,0.002157026,0.002048701,0.001939107,0.00183893,0.001739816,0.00164818,0.001559395,0.001478531,0.001398653,0.001327863,0.001257779,0.001196509,0.001135697,0.00108362,0.001031508,0.0009879288,0.0009435143,0.0009074532,0.0008700337,0.0008406485,0.0008089977,0.000784978,0.0007579409,0.0007379086,0.0007140869,0.0006967902,0.0006747316,0.0006584254,0.0006366299,0.0006202548,0.0005968551,0.0005782595,0.000552199,0.0005301228,0.000499856,0.0004733253,0.000437727,0.0004058797,0.0003646107,0.0003271671,0.0002803654,0.0002381127,0.0001870335,0.0001413602,8.804721e-05,4.222945e-05,-1.016503e-05,-5.292744e-05,-9.976806e-05,-0.0001342646,-0.0001709245,-0.0001934024,-0.0002175354,-0.0002240273,-0.000233246,-0.0002260946,-0.0002060953,-0.0001917987,-0.0002061181,-0.0001209948,-6.576924e-05,-9.092569e-05,-7.434856e-05,-1.666097e-05,-2.40441e-07,4.590681e-06,7.817055e-06,1.424019e-05,1.634285e-05,1.651174e-05,1.224536e-05,1.168545e-05,5.54366e-06,-3.8705e-07,-1.101547e-05,-5.917494e-06,-1.670718e-06,9.21001e-06,1.463665e-05,0.0001009129,0.0003430687,0.0003936841,0.0003175527,0.0008860611,0.001418683,0.00133537,0.001777036,0.002149548,0.002364503,0.002654539,0.002852668,0.003013428,0.003161286,0.003270299,0.003326514,0.003337214,0.003334019,0.0033049
0.003295642,0.003199544,0.003084744,0.002976194,0.002857319,0.002735041,0.002615785,0.002498603,0.002378102,0.002268098,0.002156192,0.002051245,0.001949751,0.001854182,0.001761165,0.001676706,0.001593622,0.001518575,0.001445587,0.00137979,0.001315814,0.001259303,0.001204137,0.001155842,0.001108751,0.00106812,0.001028085,0.0009940721,0.0009603024,0.0009320249,0.0009033129,0.0008794989,0.0008546734,0.0008340281,0.0008118766,0.0007931188,0.0007720246,0.0007537449,0.0007324772,0.0007131987,0.0006901639,0.0006682148,0.0006418945,0.000616272,0.0005854303,0.0005546614,0.0005184551,0.0004817851,0.000439418,0.000396539,0.0003481594,0.0002994832,0.0002457218,0.0001926525,0.0001355397,8.011996e-05,2.252814e-05,-3.143607e-05,-8.571729e-05,-0.000134219,-0.0001805746,-0.0002186922,-0.0002522754,-0.0002765534,-0.0002967385,-0.0003045499,-0.000301528,-0.0002997935,-0.000288739,-0.000239881,-0.0002251332,-0.0002613256,-0.0002246104,-9.626871e-05,-3.991701e-05,-3.862657e-05,-5.668335e-05,-7.79894e-05,-7.01448e-05,-3.874278e-05,-8.224237e-06,1.814753e-05,5.763025e-05,0.0001250991,0.0002003837,0.0002058088,0.0001661634,0.0001605077,0.0002352569,0.0005659464,0.001139178,0.00118395,0.001159347,0.001632311,0.002009813,0.002156897,0.002477516,0.002790927,0.002964978,0.003140798,0.003287227,0.003411721,0.003483677,0.003512945,0.003517978,0.003504293,0.003448007,0.003375865
0.003290758,0.003179973,0.003069302,0.002946822,0.002826006,0.0027102,0.002589802,0.002474727,0.002364957,0.002255569,0.002152529,0.002054754,0.001959288,0.001870972,0.00178652,0.001706882,0.001632507,0.001562813,0.001496829,0.001436225,0.001379013,0.001326584,0.001277337,0.001232595,0.001190574,0.001152637,0.001116819,0.001084729,0.00105431,0.001027156,0.001000977,0.0009775803,0.0009545537,0.0009336506,0.000912504,0.0008929359,0.0008723865,0.0008526346,0.0008313447,0.0008104126,0.000786721,0.0007628074,0.0007357819,0.0007076538,0.000675877,0.0006426097,0.0006049533,0.000565633,0.0005215941,0.0004757011,0.0004250805,0.0003729356,0.0003164294,0.0002588185,0.0001977937,0.0001371255,7.392681e-05,1.268598e-05,-4.89072e-05,-0.0001062888,-0.0001619832,-0.0002114081,-0.0002571584,-0.0002938217,-0.000324162,-0.0003430586,-0.0003578859,-0.0003648395,-0.0003584485,-0.0003352322,-0.0003299546,-0.0003245666,-0.0002643977,-0.0001725988,-0.0001262449,-0.000130104,-0.0001701047,-0.0002012028,-0.0001673313,-7.040572e-05,3.02645e-05,0.0001367579,0.0002745209,0.0004746399,0.0006493406,0.0006710266,0.0006040768,0.0006348634,0.0008307655,0.001255379,0.001671041,0.001813457,0.001951493,0.00231627,0.002632531,0.002817187,0.003042713,0.003237075,0.003397421,0.00352477,0.003604509,0.003644328,0.00366656,0.003665175,0.003625874,0.003558215,0.00348611,0.00339949
0.003251572,0.003137615,0.003015205,0.002902063,0.002785357,0.002668247,0.002558222,0.00245081,0.00234402,0.002246615,0.002149988,0.002059189,0.001973507,0.001892089,0.001814712,0.00174365,0.001675137,0.001612403,0.001552817,0.001498019,0.001446085,0.001399014,0.001354281,0.001313848,0.001275538,0.001241077,0.001208231,0.001178772,0.001150555,0.00112521,0.001100553,0.001078218,0.001056053,0.001035587,0.00101484,0.0009950725,0.0009743561,0.0009541175,0.0009323309,0.0009102529,0.0008860714,0.0008608106,0.0008328674,0.0008034712,0.0007706588,0.0007358016,0.0006973136,0.0006562233,0.00061123,0.0005634726,0.0005118573,0.0004574926,0.0003995161,0.0003394602,0.0002764819,0.0002120862,0.0001462643,8.046076e-05,1.470422e-05,-4.923543e-05,-0.0001108369,-0.000168114,-0.0002203516,-0.0002665329,-0.0003059747,-0.0003371212,-0.0003584685,-0.0003699993,-0.0003699106,-0.0003641362,-0.0003564676,-0.0003313794,-0.0002749203,-0.000205668,-0.0001673011,-0.0001578099,-0.0001590749,-0.0001306724,-4.332232e-05,9.138561e-05,0.000246308,0.0004193859,0.0006234382,0.000841181,0.001001378,0.001060263,0.001100014,0.001229612,0.001501396,0.001880248,0.002226075,0.002416398,0.0026125,0.002872691,0.003091568,0.003279024,0.003450101,0.003596328,0.003679345,0.003733808,0.003767979,0.003781845,0.003756473,0.003702802,0.003638058,0.003564243,0.00346416,0.0033571
0.003180509,0.003067905,0.002959113,0.002844056,0.002733665,0.00263,0.002524057,0.002424695,0.002330767,0.002238134,0.00215177,0.002070366,0.00199126,0.001918683,0.001849335,0.001784264,0.001723548,0.001666805,0.001613105,0.001563885,0.001517336,0.001474609,0.001434353,0.001397653,0.001362952,0.001331386,0.001301349,0.001274074,0.001247892,0.001224047,0.001200753,0.001179354,0.001157978,0.001137939,0.001117374,0.001097678,0.001076863,0.001056233,0.001034003,0.001011534,0.0009865157,0.0009607992,0.0009321563,0.0009020287,0.0008685758,0.0008332476,0.0007939498,0.000752602,0.0007069816,0.000659078,0.0006068076,0.0005524474,0.0004939692,0.0004336382,0.0003698784,0.000305349,0.0002380926,0.000171317,0.0001035466,3.810863e-05,-2.644321e-05,-8.662605e-05,-0.0001437273,-0.0001934164,-0.0002369581,-0.0002710378,-0.0002988746,-0.0003154034,-0.0003217981,-0.0003150229,-0.0002982092,-0.0002631666,-0.0002131107,-0.0001608198,-0.0001166858,-7.620139e-05,-2.741118e-05,5.68477e-05,0.0001874986,0.000359024,0.0005521758,0.0007656302,0.0009901732,0.001207398,0.00137644,0.00149849,0.001625709,0.001825792,0.002102606,0.002414121,0.002665683,0.002874085,0.003074087,0.003281001,0.003460312,0.003590082,0.003693854,0.003763644,0.003819235,0.003844969,0.003833802,0.003794497,0.003745157,0.003684073,0.00359891,0.003498448,0.003400842,0.003297166
0.003103566,0.002997755,0.002887926,0.002788593,0.002687653,0.002588111,0.002495822,0.002406325,0.002318039,0.002238319,0.002159224,0.002085508,0.002016101,0.001950293,0.001887798,0.001830642,0.001775229,0.001724779,0.001676609,0.001632404,0.001590238,0.001552037,0.001515374,0.001482219,0.001450362,0.001421617,0.001393774,0.001368614,0.001343987,0.001321618,0.001299356,0.001278878,0.00125805,0.001238515,0.001218208,0.001198596,0.001177677,0.001157052,0.001134557,0.001111695,0.001086618,0.001060507,0.001031619,0.001001417,0.0009678284,0.000932429,0.0008934682,0.0008522262,0.0008072098,0.0007597776,0.0007085417,0.0006548808,0.0005976346,0.0005385145,0.0004762852,0.0004127122,0.0003473486,0.0002818109,0.0002156547,0.0001508767,8.753967e-05,2.795892e-05,-2.761863e-05,-7.747867e-05,-0.000121281,-0.0001566213,-0.0001819898,-0.0001966505,-0.0002006095,-0.0001932103,-0.0001727018,-0.000136451,-8.690412e-05,-2.628728e-05,3.766562e-05,0.0001124081,0.0002080333,0.0003357376,0.0004964388,0.000685388,0.0008949684,0.001117476,0.001341157,0.001548644,0.00172978,0.001898966,0.002086611,0.002308822,0.002559148,0.002806999,0.003034613,0.003217789,0.003382342,0.003525132,0.003637691,0.003734917,0.003801873,0.003846174,0.003847627,0.003828614,0.003797018,0.003753537,0.003683777,0.003597872,0.003509668,0.003419583,0.003312799,0.003205416
0.003018304,0.002921723,0.002829515,0.002733364,0.002642391,0.002557803,0.002471386,0.00239135,0.00231566,0.002241236,0.002172091,0.002107067,0.00204367,0.00198587,0.00193024,0.001878248,0.001829439,0.001783925,0.001740508,0.001700819,0.001662875,0.001628047,0.001594817,0.001564504,0.001535348,0.001508758,0.001482975,0.001459418,0.001436263,0.001415,0.001393735,0.001373981,0.001353776,0.001334638,0.001314561,0.00129519,0.001274395,0.001253739,0.001231245,0.001208523,0.001183263,0.001157428,0.001128668,0.0010987,0.001065546,0.001030849,0.0009924495,0.0009524207,0.0009084754,0.0008627461,0.0008129972,0.0007616784,0.0007066081,0.0006502008,0.000590642,0.0005306778,0.0004682623,0.0004065843,0.0003439228,0.0002836169,0.000224041,0.0001687574,0.0001163026,7.113922e-05,3.191715e-05,2.358252e-06,-2.033846e-05,-3.125709e-05,-3.175672e-05,-1.583769e-05,1.259818e-05,5.664152e-05,0.0001131564,0.0001818494,0.0002647908,0.0003652352,0.0004879148,0.0006367091,0.0008094052,0.001005982,0.001216791,0.001436994,0.001654149,0.001864642,0.002061623,0.002253784,0.002448857,0.002659677,0.002870267,0.003070681,0.003238547,0.00339319,0.003523955,0.003634259,0.003721214,0.003770577,0.003795502,0.003796182,0.003790277,0.003764594,0.003713262,0.00364468,0.00357343,0.003497869,0.00340687,0.003308179,0.003215746,0.003121178
0.002942881,0.002856234,0.002767219,0.002687852,0.002606976,0.002527734,0.002454676,0.002383689,0.002313613,0.002250742,0.002187814,0.002129462,0.002074284,0.002021887,0.001971895,0.00192625,0.001881532,0.001840959,0.00180178,0.001765841,0.001731154,0.001699704,0.001669063,0.001641323,0.001614179,0.001589625,0.001565366,0.001543329,0.001521246,0.001501071,0.001480534,0.001461502,0.001441725,0.001423077,0.001403307,0.001384193,0.001363516,0.001343196,0.001320813,0.001298252,0.001273445,0.001247899,0.001219614,0.001190427,0.001158021,0.001124344,0.001087349,0.001048758,0.001006747,0.0009631205,0.0009160456,0.0008674361,0.0008156804,0.0007629589,0.0007075316,0.0006516802,0.0005944073,0.0005378325,0.0004808803,0.0004260475,0.0003726978,0.0003236952,0.0002784568,0.0002395686,0.0002066625,0.000183069,0.0001690932,0.0001662816,0.0001737205,0.0001949883,0.0002293921,0.0002792201,0.0003444346,0.0004272918,0.0005249813,0.0006399329,0.0007777842,0.0009355673,0.001108982,0.001298184,0.001499606,0.001707629,0.001914313,0.0021143,0.002305064,0.002491682,0.002678365,0.002864382,0.003039656,0.003199201,0.003347893,0.003464104,0.003558721,0.003627028,0.003672796,0.003706174,0.003717437,0.003713941,0.003680769,0.003635494,0.003584616,0.003528218,0.003454225,0.003370987,0.003289701,0.003209359,0.003117188,0.003026947
0.002866997,0.002791331,0.002719123,0.002643535,0.002572516,0.002506577,0.002438578,0.002376052,0.002316523,0.002257798,0.002203194,0.002151687,0.002101087,0.002055045,0.002010224,0.001968376,0.001928742,0.001891706,0.001855985,0.001823307,0.001791646,0.001762521,0.001734312,0.001708515,0.001683266,0.001660156,0.001637327,0.001616357,0.00159531,0.001575886,0.001556077,0.001537577,0.001518318,0.001500014,0.001480542,0.001461765,0.001441396,0.001421273,0.001399246,0.001377174,0.00135266,0.001327856,0.001300289,0.001271954,0.001240718,0.001208469,0.001172942,0.001136445,0.00109657,0.001055713,0.001011416,0.000966451,0.0009183961,0.0008699948,0.0008191448,0.0007688124,0.0007167695,0.0006664402,0.0006157415,0.0005682155,0.0005218433,0.0004804368,0.0004420316,0.0004114493,0.0003868709,0.0003724277,0.0003648562,0.0003690058,0.0003825774,0.0004133794,0.0004558922,0.0005139535,0.0005856886,0.0006724528,0.000775855,0.0008947336,0.001033637,0.001187476,0.001351824,0.001530142,0.001717193,0.001910771,0.002102074,0.002290626,0.002468699,0.002638182,0.002798016,0.002956741,0.003098781,0.003226546,0.00333022,0.003422537,0.003494877,0.003549214,0.003587226,0.00359601,0.003588195,0.003565333,0.00354165,0.003505002,0.003450392,0.003385244,0.003321311,0.003255926,0.003179439,0.003098557,0.003024374,0.002948886
0.002800612,0.002733833,0.002665097,0.00260433,0.002541554,0.002480005,0.00242327,0.002367669,0.002312467,0.002263038,0.002212871,0.002166433,0.002122119,0.002079837,0.002039174,0.00200199,0.001965149,0.001931676,0.001898923,0.0018688,0.001839353,0.001812574,0.00178607,0.001762001,0.001738066,0.001716324,0.001694464,0.001674512,0.001654145,0.001635471,0.001616123,0.001598147,0.00157918,0.001561285,0.001542102,0.001523617,0.001503452,0.001483785,0.001462055,0.001440415,0.001416579,0.001392379,0.001365648,0.001338479,0.001308413,0.001277684,0.001244033,0.001209555,0.001172167,0.001134078,0.001093088,0.001051602,0.001007613,0.0009637549,0.0009178966,0.0008727072,0.0008267323,0.0007826086,0.0007386927,0.0006979117,0.0006589344,0.0006250819,0.0005948756,0.0005716803,0.0005543338,0.0005468212,0.0005480203,0.000559849,0.0005801611,0.0006149511,0.0006610402,0.0007214344,0.0007960648,0.000886647,0.0009904811,0.001106529,0.001241696,0.001387446,0.00153871,0.001699111,0.001867685,0.002041168,0.002212627,0.002377955,0.002532145,0.002677859,0.002817104,0.002951578,0.003068694,0.003170991,0.003265425,0.003333461,0.003386421,0.003418184,0.003436395,0.003445429,0.003439953,0.003425678,0.003390631,0.003348303,0.003303928,0.003256968,0.003197063,0.003130832,0.003067784,0.003005812,0.002934179,0.002864793
0.002728196,0.002671139,0.002616275,0.002557983,0.002503356,0.00245237,0.002398997,0.00235007,0.002302934,0.002256127,0.002212387,0.002170851,0.002129625,0.002092045,0.002054959,0.0020203,0.001987169,0.001955999,0.001925595,0.001897662,0.001870249,0.001844933,0.001820047,0.001797185,0.001774496,0.001753611,0.001732658,0.001713316,0.001693603,0.001675347,0.001656446,0.001638766,0.001620134,0.001602421,0.001583465,0.001565234,0.001545349,0.001525859,0.001504563,0.001483447,0.001460012,0.001436619,0.001410754,0.001384563,0.001355847,0.001326666,0.001294703,0.001262441,0.001227389,0.00119218,0.001154174,0.00111642,0.001076275,0.001036789,0.0009956419,0.0009558881,0.0009151427,0.0008770915,0.0008393021,0.0008054601,0.0007730935,0.0007461936,0.0007221638,0.0007061759,0.0006958446,0.0006955623,0.0007012825,0.0007175367,0.0007410303,0.0007811633,0.0008302327,0.0008926356,0.0009661373,0.001051862,0.00115058,0.001258876,0.001383776,0.00151609,0.001651107,0.001794688,0.001944176,0.002098487,0.002249456,0.002396581,0.002531466,0.002656417,0.002771474,0.00288606,0.002982064,0.003066173,0.003132653,0.003190879,0.003235814,0.003267391,0.003289593,0.003288395,0.003276254,0.003255083,0.003236232,0.003207673,0.003165203,0.003115589,0.003068472,0.003020184,0.002962809,0.002902119,0.002847222,0.00279057
0.002655368,0.002604783,0.002552283,0.002506006,0.002457223,0.002409162,0.002364655,0.002320497,0.002276279,0.002236594,0.002195653,0.002157729,0.002121069,0.002085881,0.002051691,0.002020307,0.001988928,0.00196021,0.001931765,0.001905452,0.001879437,0.00185566,0.001831781,0.001809977,0.001788041,0.001767967,0.001747505,0.001728737,0.001709333,0.001691479,0.00167273,0.001655305,0.001636724,0.001619206,0.001600361,0.001582263,0.001562451,0.001543279,0.001522196,0.001501461,0.001478581,0.001455724,0.001430642,0.001405529,0.001377907,0.001350168,0.001319944,0.001289579,0.001256811,0.001224166,0.001189168,0.001154588,0.001118086,0.00108266,0.001045906,0.001010649,0.0009750717,0.0009422654,0.0009100923,0.0008817615,0.0008552702,0.0008342366,0.0008162676,0.0008053944,0.0007997078,0.0008036369,0.0008146405,0.0008347114,0.0008606132,0.0009004056,0.0009480923,0.001007436,0.001077771,0.001160151,0.001252253,0.001351138,0.00146609,0.001585696,0.001704894,0.00182955,0.001960105,0.002094491,0.002225948,0.002351396,0.002465277,0.002571327,0.002672264,0.00277199,0.002854288,0.002925896,0.002993041,0.003039417,0.003076632,0.003097056,0.003110968,0.003117102,0.003113455,0.003104405,0.003080085,0.003050526,0.003020016,0.002987858,0.002945215,0.002897227,0.002852368,0.002807729,0.002754503,0.002703031
0.002565878,0.002523024,0.002481253,0.002435928,0.002393427,0.00235334,0.002310652,0.002271514,0.002233228,0.002194924,0.002158809,0.002124233,0.002089506,0.002057717,0.002025879,0.00199606,0.001967327,0.001939988,0.001913062,0.001888129,0.001863394,0.001840433,0.001817533,0.001796357,0.001775135,0.00175543,0.001735414,0.001716846,0.001697723,0.001679946,0.001661313,0.001643897,0.001625369,0.001607775,0.001588945,0.001570874,0.001551138,0.001531941,0.001511138,0.001490732,0.001468087,0.001445828,0.001421437,0.001397091,0.001370605,0.001344134,0.001315343,0.001286823,0.001256018,0.001225758,0.001193258,0.001161756,0.001128397,0.001096491,0.001063556,0.00103257,0.001001002,0.0009728047,0.0009452086,0.0009219796,0.0009001491,0.0008838259,0.0008696891,0.000863265,0.0008615993,0.0008693377,0.0008816192,0.0009026257,0.0009281904,0.0009692462,0.00101573,0.00107288,0.001138039,0.001212155,0.001295872,0.001384265,0.001487145,0.001592963,0.001697079,0.001806837,0.001921199,0.00203984,0.002155159,0.002267113,0.002367438,0.002459692,0.002545093,0.002633689,0.002704525,0.002767311,0.002817834,0.002862627,0.002899114,0.002925137,0.002946792,0.00294818,0.00294196,0.002930211,0.002922036,0.002905371,0.002876878,0.002843039,0.002811884,0.002778925,0.00273806,0.002694151,0.002654837,0.002613068
0.002464709,0.002426052,0.002385483,0.002349624,0.002310936,0.002272561,0.002236703,0.002200658,0.00216421,0.002131306,0.002096787,0.002064736,0.002033273,0.002002921,0.001973062,0.001945487,0.001917745,0.001892048,0.001866345,0.001842359,0.001818417,0.001796393,0.001773975,0.001753339,0.001732416,0.001713071,0.001693144,0.001674771,0.001655625,0.00163792,0.001619138,0.001601688,0.001582951,0.001565303,0.00154635,0.001528194,0.001508341,0.001489243,0.001468466,0.001448255,0.001425944,0.001404022,0.001380206,0.001356681,0.001331025,0.001305711,0.0012783,0.001251298,0.001222294,0.001194077,0.001163964,0.00113495,0.001104428,0.001075644,0.001046059,0.001018432,0.0009906475,0.000966191,0.0009425332,0.0009230562,0.0009051449,0.0008926005,0.0008821869,0.0008784488,0.0008788395,0.0008881306,0.0009027282,0.0009247615,0.0009500808,0.0009882937,0.001031169,0.001083358,0.00114367,0.001212768,0.001289078,0.001368215,0.001461532,0.001556446,0.001648081,0.001743439,0.001843672,0.001947686,0.002049094,0.00214594,0.002232489,0.002313331,0.002391288,0.002471772,0.002535935,0.002593394,0.002648793,0.002687413,0.002720786,0.002740055,0.002757428,0.002767264,0.0027701,0.002769113,0.002756263,0.002738969,0.002720844,0.002701292,0.002672846,0.002639451,0.002608825,0.002577488,0.002538314,0.002500264
0.002337855,0.002305177,0.002272683,0.002236675,0.002202731,0.002170307,0.002135165,0.002102885,0.002070759,0.002038408,0.002007527,0.001977708,0.001947403,0.001919526,0.001891188,0.001864528,0.00183861,0.001813676,0.001788912,0.001765745,0.001742549,0.001720878,0.001698997,0.001678578,0.001657969,0.001638633,0.001618825,0.001600345,0.001581215,0.001563306,0.001544429,0.001526732,0.001507871,0.001489945,0.001470856,0.001452533,0.00143265,0.001413377,0.001392768,0.001372674,0.001350534,0.001329025,0.001305762,0.001282802,0.001258098,0.001233769,0.001207571,0.001182026,0.001154646,0.001128279,0.001100224,0.001073587,0.001045574,0.001019421,0.0009928031,0.0009683218,0.0009435019,0.0009222668,0.0009018597,0.0008858258,0.0008710496,0.0008613845,0.0008532986,0.0008520858,0.0008546674,0.0008654325,0.0008795492,0.00090087,0.0009251285,0.000962712,0.00100342,0.00105269,0.001107544,0.001169087,0.001237783,0.001308713,0.001391601,0.001475818,0.001557128,0.001642657,0.001731884,0.001825112,0.001915732,0.002004171,0.002082978,0.002156061,0.00222465,0.002297893,0.002355722,0.002408504,0.002452255,0.002492221,0.002526487,0.002552666,0.002576361,0.002582895,0.002583748,0.002580765,0.002581168,0.002573933,0.002556334,0.002534548,0.002515113,0.002493493,0.002464775,0.002433265,0.002405158,0.002374107
0.002191497,0.002161306,0.002129131,0.002100603,0.002068976,0.00203747,0.002007604,0.001977258,0.001946248,0.001918023,0.001887965,0.001859938,0.001831998,0.001804938,0.001777993,0.001752887,0.00172743,0.00170362,0.001679589,0.001656957,0.001634176,0.001613032,0.001591329,0.001571139,0.001550557,0.001531312,0.001511403,0.001492887,0.001473583,0.001455546,0.00143643,0.001418544,0.001399426,0.001381346,0.001362085,0.001343596,0.001323617,0.001304397,0.001283802,0.001263837,0.001242055,0.001220844,0.001198135,0.001175899,0.001151976,0.001128662,0.001103723,0.001079475,0.001053712,0.001029037,0.001003053,0.0009784196,0.0009528076,0.0009291254,0.0009051636,0.0008832565,0.0008614602,0.0008429621,0.0008254884,0.0008119955,0.0008000174,0.0007928045,0.0007873584,0.0007876147,0.0007912578,0.0008023552,0.0008176565,0.0008390248,0.0008629444,0.0008970855,0.0009344665,0.0009793484,0.001030145,0.001087731,0.00115039,0.001215172,0.001290271,0.001366553,0.001439908,0.0015161,0.001595823,0.001678731,0.001759649,0.00183743,0.00190752,0.001974108,0.002038997,0.002106081,0.002160467,0.002210746,0.002259335,0.002295035,0.002326655,0.00234757,0.002367125,0.002381228,0.002389703,0.002394836,0.002389668,0.002381108,0.00237173,0.002360979,0.002342184,0.002319287,0.002298438,0.002276444,0.002247143,0.002218631
0.002014952,0.001989373,0.001963228,0.001933887,0.001905885,0.001878846,0.001849035,0.001821576,0.001793735,0.00176559,0.00173835,0.001711841,0.001684614,0.001659406,0.001633476,0.001608933,0.001584765,0.001561387,0.001537956,0.001515858,0.00149353,0.001472513,0.001451133,0.001431004,0.001410563,0.001391222,0.001371341,0.001352645,0.001333296,0.00131502,0.001295821,0.0012777,0.001258511,0.001240212,0.001220891,0.001202315,0.00118242,0.00116316,0.001142827,0.001123065,0.001101625,0.001080932,0.001058865,0.001037283,0.001014379,0.0009920663,0.0009683739,0.0009455296,0.0009213703,0.0008983947,0.0008743324,0.0008518014,0.0008284468,0.0008070217,0.0007855695,0.0007662705,0.0007470038,0.0007310866,0.0007162046,0.0007052911,0.0006956839,0.0006905031,0.0006868336,0.0006889109,0.0006941452,0.0007059702,0.000720532,0.0007410594,0.0007642764,0.0007976581,0.0008333938,0.0008759811,0.0009224486,0.0009742142,0.001031095,0.001090227,0.001157214,0.001225786,0.001292543,0.001362591,0.001434895,0.001510257,0.001583651,0.001655914,0.001721353,0.001783116,0.001841338,0.001902471,0.001952442,0.001999009,0.002037963,0.002075213,0.002107409,0.002134284,0.002157938,0.002168602,0.002174418,0.002177257,0.002182398,0.002181162,0.002170876,0.002157259,0.002145257,0.002131285,0.002110633,0.002087693,0.002067064,0.002043476
0.001815969,0.001791697,0.001765369,0.001741977,0.00171532,0.001688735,0.001663084,0.001636821,0.001609688,0.001584784,0.001557942,0.0015328,0.001507382,0.001482676,0.001457817,0.001434443,0.001410497,0.001387998,0.001365077,0.001343371,0.001321331,0.001300712,0.001279448,0.001259511,0.001239073,0.001219836,0.001199904,0.001181226,0.001161779,0.001143473,0.00112418,0.001106013,0.001086756,0.001068494,0.001049193,0.00103068,0.001010931,0.0009919719,0.0009718692,0.0009524797,0.0009316459,0.0009115103,0.0008902047,0.0008695549,0.0008476179,0.0008264906,0.0008041751,0.0007827521,0.0007602804,0.0007390403,0.000717001,0.0006964208,0.0006753384,0.000656204,0.0006371216,0.0006201508,0.0006035776,0.0005900349,0.0005776146,0.0005687721,0.0005614464,0.0005582529,0.0005567718,0.0005600044,0.0005660448,0.0005780725,0.0005936107,0.0006142345,0.0006372735,0.0006677202,0.0007009258,0.0007401224,0.0007836907,0.0008326768,0.00088513,0.0009400056,0.001001228,0.001064138,0.001125453,0.001188963,0.001254403,0.001322041,0.001388101,0.001452264,0.001511367,0.001568556,0.001624068,0.00168008,0.001727456,0.001772048,0.00181478,0.001847822,0.001877061,0.00189859,0.001918118,0.001934668,0.001946257,0.00195465,0.001953658,0.001950448,0.001946482,0.001941141,0.001928334,0.001912412,0.001897753,0.001881871,0.001859222,0.001837315
0.001587211,0.001566564,0.001544793,0.001520264,0.001496474,0.001473311,0.001447393,0.001423443,0.001398728,0.001373714,0.001349177,0.001325155,0.001300281,0.001277093,0.001253022,0.001230103,0.001207199,0.001185062,0.001162662,0.001141455,0.00111984,0.001099383,0.001078479,0.001058693,0.001038473,0.001019285,0.0009995314,0.0009808586,0.0009615446,0.0009432207,0.0009240868,0.0009059413,0.0008868938,0.0008687158,0.0008496495,0.0008313721,0.0008120301,0.0007933856,0.0007738387,0.0007549618,0.0007348281,0.0007155235,0.0006951453,0.0006754482,0.0006547765,0.0006348873,0.0006140307,0.0005941832,0.0005734681,0.0005540336,0.0005339786,0.0005154998,0.0004966413,0.0004796836,0.0004629576,0.0004483962,0.0004341758,0.0004229558,0.0004128335,0.0004061997,0.0004009086,0.0003994244,0.0003995259,0.0004043351,0.0004117436,0.0004242922,0.0004392136,0.0004592457,0.0004819334,0.0005118217,0.0005439079,0.0005813818,0.0006215341,0.0006660028,0.0007139851,0.000764642,0.0008195409,0.0008765807,0.0009331233,0.0009922422,0.001052148,0.001114023,0.001174321,0.001234334,0.00128994,0.001343222,0.001393067,0.001443747,0.001487188,0.001527994,0.00156217,0.001596155,0.001625324,0.001651414,0.001673194,0.001685876,0.001694181,0.001699969,0.001706936,0.001708844,0.001702948,0.00169436,0.001686671,0.001677431,0.001661873,0.001644606,0.001628801,0.001610288
0.001337691,0.001317621,0.001295445,0.001275733,0.001252706,0.001229789,0.001207254,0.001184094,0.001159921,0.001137574,0.001113278,0.001090431,0.001067085,0.001044327,0.001021228,0.0009993381,0.0009766523,0.0009553738,0.0009334941,0.0009127532,0.0008915204,0.0008715521,0.0008509154,0.000831485,0.0008114512,0.0007925776,0.0007730188,0.0007546146,0.0007354698,0.0007173963,0.0006984866,0.0006806077,0.0006618443,0.0006440514,0.000625352,0.0006075083,0.0005886873,0.0005707124,0.0005517369,0.0005335837,0.0005144117,0.0004960163,0.0004767074,0.0004582369,0.0004388072,0.000420354,0.0004010772,0.0003828482,0.0003639689,0.000346399,0.0003284134,0.0003119272,0.0002953125,0.0002805804,0.0002660862,0.0002537267,0.0002419972,0.0002329456,0.0002250122,0.0002201934,0.0002168831,0.0002171125,0.0002191106,0.0002248949,0.0002329734,0.0002456845,0.0002614565,0.0002816339,0.0003042202,0.0003315436,0.0003616287,0.0003963535,0.0004342834,0.0004766268,0.0005210785,0.0005685225,0.000618826,0.0006713743,0.000723664,0.0007776475,0.0008320591,0.0008876235,0.0009418425,0.0009951027,0.001045476,0.001094935,0.001142295,0.001188291,0.00122933,0.001268161,0.001304914,0.00133453,0.001360351,0.001381024,0.001398676,0.001415828,0.001428385,0.001437761,0.001438403,0.001437974,0.001436927,0.001434511,0.001425134,0.00141364,0.001402693,0.001390674,0.00137245,0.001355059
0.001062796,0.001045659,0.001026995,0.001006075,0.0009854123,0.0009652069,0.0009423202,0.0009211238,0.0008989039,0.0008764518,0.0008541647,0.0008322692,0.0008094785,0.0007881023,0.0007657576,0.0007443822,0.0007226864,0.0007018716,0.0006806031,0.0006604844,0.0006398101,0.0006201909,0.000600096,0.0005810431,0.0005614395,0.0005428865,0.0005237756,0.000505677,0.0004869514,0.0004691824,0.0004507604,0.0004332416,0.0004150381,0.0003976933,0.0003795808,0.0003623393,0.0003442799,0.0003269955,0.0003088911,0.0002915752,0.0002734542,0.0002561958,0.0002380911,0.0002208511,0.0002029122,0.0001859077,0.0001682699,0.0001517567,0.0001347516,0.0001190652,0.0001030959,8.869111e-05,7.424648e-05,6.160224e-05,4.931203e-05,3.916746e-05,2.960959e-05,2.264464e-05,1.674924e-05,1.382249e-05,1.224875e-05,1.389332e-05,1.725707e-05,2.43484e-05,3.353545e-05,4.653767e-05,6.171871e-05,8.139326e-05,0.0001037458,0.0001304957,0.0001596789,0.0001928995,0.0002278972,0.0002664679,0.0003071474,0.0003511509,0.0003961508,0.0004438202,0.0004922635,0.0005427229,0.0005926137,0.0006433933,0.0006928238,0.0007425819,0.0007899501,0.0008358838,0.0008781299,0.0009190994,0.0009564226,0.0009913576,0.0010204,0.001050413,0.001075662,0.001099748,0.001118296,0.00113141,0.001140387,0.001147069,0.00115387,0.001156961,0.001153431,0.001147709,0.001142241,0.001135788,0.001123335,0.001109782,0.001097021,0.001081967
0.0007720476,0.0007550721,0.0007359534,0.0007190112,0.0006987911,0.0006787789,0.0006587324,0.0006381291,0.0006164236,0.0005962646,0.0005742153,0.0005534372,0.0005320492,0.000511154,0.0004897999,0.0004694422,0.0004480767,0.0004282036,0.0004075696,0.0003880788,0.0003679657,0.0003490063,0.0003293985,0.0003109248,0.0002917496,0.000273767,0.0002551349,0.0002375864,0.0002193221,0.0002021002,0.0001842232,0.0001672802,0.0001496962,0.0001330579,0.0001156307,9.915054e-05,8.193275e-05,6.562374e-05,4.837203e-05,3.205887e-05,1.517091e-05,-9.172518e-07,-1.773266e-05,-3.354863e-05,-5.006717e-05,-6.549015e-05,-8.144558e-05,-9.625083e-05,-0.0001113753,-0.0001251729,-0.0001391203,-0.0001515855,-0.0001639025,-0.0001744668,-0.0001847266,-0.0001928705,-0.0002002029,-0.0002052597,-0.0002092743,-0.0002106785,-0.0002106077,-0.0002075721,-0.0002026617,-0.0001948481,-0.0001852072,-0.0001721876,-0.0001563874,-0.0001366744,-0.0001145246,-9.017613e-05,-6.274279e-05,-3.194118e-05,1.157593e-06,3.789647e-05,7.552611e-05,0.0001168835,0.0001579494,0.0002017659,0.0002466022,0.0002927473,0.0003379689,0.000383336,0.0004274911,0.000471398,0.0005142452,0.0005568194,0.0005966851,0.0006333112,0.0006683697,0.0007013401,0.0007320293,0.0007576867,0.000779434,0.0007982696,0.0008128643,0.0008294171,0.0008415276,0.000850419,0.0008510593,0.0008517466,0.0008520046,0.0008509262,0.0008433368,0.0008346016,0.0008257623,0.0008161533,0.0008008762,0.0007866084
0.0004626538,0.0004481063,0.0004317466,0.000413661,0.0003954518,0.0003776543,0.0003572844,0.0003384139,0.0003183582,0.0002981779,0.0002779431,0.000258049,0.0002372857,0.0002177119,0.0001971449,0.0001774063,0.0001570459,0.0001377737,0.0001178733,9.914971e-05,7.97483e-05,6.133291e-05,4.245066e-05,2.457167e-05,6.03165e-06,-1.138363e-05,-2.932798e-05,-4.630818e-05,-6.390864e-05,-8.055496e-05,-9.767949e-05,-0.0001139903,-0.0001307446,-0.0001466568,-0.0001632365,-0.0001788488,-0.0001950591,-0.0002104188,-0.0002265954,-0.0002418618,-0.0002574841,-0.000272261,-0.0002877244,-0.0003021681,-0.0003171037,-0.0003310008,-0.0003452732,-0.0003583534,-0.0003716202,-0.0003835811,-0.0003956039,-0.000406118,-0.0004164285,-0.0004250905,-0.0004333862,-0.0004395871,-0.0004450144,-0.0004482839,-0.0004505786,-0.0004504441,-0.0004489798,-0.000444862,-0.0004388745,-0.000430077,-0.0004196411,-0.000406591,-0.0003914465,-0.0003722707,-0.0003504002,-0.0003267415,-0.0003001632,-0.0002708104,-0.000240358,-0.0002069134,-0.0001726129,-0.0001342118,-9.774473e-05,-5.814869e-05,-1.65789e-05,2.658328e-05,6.797233e-05,0.0001092486,0.0001493173,0.0001901714,0.0002303491,0.0002697008,0.0003049481,0.0003369033,0.0003685083,0.000397669,0.000421512,0.0004472337,0.0004681622,0.0004895671,0.0005041923,0.0005167957,0.0005253241,0.0005316337,0.0005371106,0.0005402211,0.0005378092,0.0005335909,0.0005290544,0.0005241725,0.0005135626,0.0005024459,0.000491584,0.0004789334
0.0001438681,0.0001292459,0.0001124555,9.768356e-05,7.973495e-05,6.212982e-05,4.41788e-05,2.579663e-05,6.260899e-06,-1.191432e-05,-3.187643e-05,-5.069036e-05,-7.01398e-05,-8.917118e-05,-0.0001087268,-0.0001274438,-0.0001473614,-0.0001656235,-0.0001847905,-0.0002027571,-0.0002214548,-0.0002390777,-0.0002573026,-0.0002744345,-0.0002923617,-0.0003090189,-0.0003262771,-0.0003425056,-0.0003594364,-0.0003753285,-0.0003916888,-0.0004072163,-0.0004231311,-0.0004381334,-0.0004538282,-0.0004684797,-0.0004836612,-0.000497875,-0.0005130438,-0.0005271619,-0.0005414241,-0.0005549128,-0.0005690033,-0.0005819633,-0.0005954346,-0.0006077391,-0.0006203541,-0.0006317658,-0.0006432312,-0.0006533991,-0.0006635548,-0.0006722852,-0.0006806778,-0.000687488,-0.0006940198,-0.0006984898,-0.0007020159,-0.0007036839,-0.0007044358,-0.0007030929,-0.0007003367,-0.0006951648,-0.0006879961,-0.0006787414,-0.000668078,-0.0006551705,-0.000639655,-0.0006205969,-0.0005990868,-0.0005777116,-0.0005527318,-0.0005255711,-0.0004968111,-0.0004650122,-0.0004334069,-0.000397262,-0.0003642173,-0.0003279997,-0.0002895792,-0.0002501279,-0.0002127654,-0.0001761609,-0.0001406821,-0.0001049085,-6.865892e-05,-3.2264e-05,7.733505e-07,2.881611e-05,5.836838e-05,8.568908e-05,0.0001105602,0.0001321416,0.0001496584,0.0001661755,0.0001771844,0.0001924812,0.0002033362,0.0002109382,0.0002106812,0.0002115175,0.0002121283,0.0002114469,0.0002046582,0.0001976232,0.0001898909,0.0001817674,0.0001684717,0.0001563952
-0.0001860469,-0.0001986548,-0.0002132659,-0.0002290789,-0.0002453098,-0.0002610927,-0.0002793159,-0.0002961676,-0.0003142958,-0.0003324189,-0.0003507479,-0.0003687397,-0.0003875287,-0.0004053162,-0.0004240747,-0.0004421057,-0.00046102,-0.000478594,-0.0004969572,-0.0005140759,-0.0005319717,-0.0005489271,-0.0005663179,-0.0005827193,-0.000599884,-0.0006158192,-0.0006322462,-0.0006477431,-0.0006638631,-0.0006790119,-0.0006944673,-0.0007092014,-0.0007241394,-0.0007382603,-0.0007529704,-0.0007666168,-0.0007806761,-0.0007938134,-0.0008078197,-0.0008208008,-0.0008337218,-0.0008458528,-0.0008585639,-0.0008701308,-0.0008820415,-0.0008928524,-0.000903849,-0.0009136274,-0.0009233541,-0.0009318237,-0.0009402319,-0.0009472124,-0.000953829,-0.0009589737,-0.0009638197,-0.0009666486,-0.0009685725,-0.0009687665,-0.0009681212,-0.0009655731,-0.0009617507,-0.0009558037,-0.0009478452,-0.0009378975,-0.0009267071,-0.0009139581,-0.0008991528,-0.0008806922,-0.0008595558,-0.0008389486,-0.0008148038,-0.0007890397,-0.0007626692,-0.0007337597,-0.0007050915,-0.0006715085,-0.000642421,-0.000609859,-0.0005742717,-0.0005374016,-0.0005032985,-0.000470156,-0.0004381276,-0.0004049999,-0.0003711421,-0.0003376808,-0.0003087416,-0.0002848761,-0.0002584343,-0.0002346558,-0.0002157377,-0.0001942511,-0.00017761,-0.0001591378,-0.0001485921,-0.000137021,-0.0001295821,-0.0001243285,-0.000120706,-0.0001181815,-0.0001202011,-0.0001237401,-0.0001280996,-0.0001321668,-0.0001417301,-0.0001512566,-0.0001609663,-0.0001719376
-0.0005185869,-0.0005314261,-0.0005464368,-0.0005595062,-0.0005756019,-0.0005912041,-0.0006073792,-0.0006238288,-0.0006414539,-0.0006578399,-0.0006758857,-0.0006928719,-0.000710468,-0.0007277027,-0.0007454791,-0.0007625152,-0.0007809123,-0.0007974711,-0.0008150658,-0.0008313789,-0.0008485062,-0.0008646128,-0.0008812608,-0.0008968316,-0.0009132785,-0.0009283618,-0.0009439961,-0.0009586379,-0.0009739723,-0.0009882561,-0.001002834,-0.001016678,-0.001030673,-0.001043792,-0.001057525,-0.001070128,-0.001083092,-0.001095025,-0.001107955,-0.00111974,-0.001131294,-0.001142128,-0.001153478,-0.001163595,-0.001174084,-0.001183374,-0.001192815,-0.001201039,-0.001209117,-0.001215957,-0.001222705,-0.001228103,-0.001233049,-0.001236591,-0.001239942,-0.001241319,-0.001241674,-0.001240565,-0.001238688,-0.001235204,-0.001230398,-0.00122369,-0.001214883,-0.001204684,-0.001193409,-0.001180863,-0.001165876,-0.001147704,-0.001127091,-0.001108576,-0.00108589,-0.001062088,-0.001037212,-0.001009757,-0.0009834415,-0.0009517894,-0.0009255641,-0.0008959201,-0.0008631668,-0.0008295769,-0.0007989302,-0.0007697137,-0.0007415661,-0.0007128068,-0.0006824327,-0.0006516398,-0.0006246622,-0.0006041082,-0.0005794642,-0.0005573237,-0.0005377592,-0.0005200679,-0.0005065938,-0.0004925426,-0.0004851718,-0.0004715454,-0.0004624306,-0.0004564656,-0.0004579462,-0.0004574518,-0.0004570399,-0.0004578664,-0.0004644261,-0.0004704617,-0.0004777191,-0.0004849738,-0.0004969486,-0.0005075107
-0.0008548669,-0.0008660859,-0.0008793687,-0.0008934005,-0.0009080395,-0.0009221701,-0.0009385749,-0.0009537045,-0.0009701386,-0.0009864373,-0.001003046,-0.001019295,-0.001036274,-0.001052391,-0.001069418,-0.001085744,-0.001103127,-0.001119,-0.001135778,-0.001151254,-0.001167558,-0.001182946,-0.001198735,-0.001213523,-0.001229129,-0.001243428,-0.001258184,-0.001272024,-0.001286471,-0.001299919,-0.001313543,-0.001326497,-0.001339486,-0.001351659,-0.001364352,-0.001375908,-0.001387752,-0.001398585,-0.001410303,-0.001420907,-0.001431186,-0.001440698,-0.001450707,-0.001459478,-0.001468492,-0.001476373,-0.001484317,-0.001491038,-0.00149756,-0.001502881,-0.001508097,-0.001511956,-0.00151539,-0.001517489,-0.001519408,-0.00151942,-0.001518499,-0.001516189,-0.001513208,-0.00150876,-0.00150317,-0.001495906,-0.001486641,-0.001475964,-0.001464331,-0.001451876,-0.001437581,-0.001420151,-0.001400199,-0.001382204,-0.001360426,-0.001337895,-0.001315132,-0.001290185,-0.001266342,-0.001237109,-0.001213889,-0.001187244,-0.0011572,-0.001126094,-0.001098201,-0.001071677,-0.001046223,-0.001019653,-0.0009916656,-0.0009638044,-0.0009404173,-0.0009230112,-0.0009012932,-0.000882327,-0.0008677916,-0.000850298,-0.0008375955,-0.0008221944,-0.0008152294,-0.0008053403,-0.0007995543,-0.0007956171,-0.0007937176,-0.0007920309,-0.0007941556,-0.0007975249,-0.0008020668,-0.0008058798,-0.0008148797,-0.0008234346,-0.0008324748,-0.0008423224
-0.001187305,-0.001198918,-0.0012125,-0.001224346,-0.00123891,-0.001252926,-0.001267606,-0.00128243,-0.001298391,-0.001313207,-0.001329557,-0.00134489,-0.001360876,-0.001376468,-0.001392621,-0.001408029,-0.001424733,-0.001439717,-0.001455707,-0.001470438,-0.001485968,-0.001500487,-0.001515536,-0.001529496,-0.001544287,-0.001557725,-0.001571687,-0.001584642,-0.001598243,-0.001610743,-0.001623515,-0.001635464,-0.001647554,-0.001658693,-0.001670375,-0.001680865,-0.001691671,-0.001701352,-0.001711921,-0.001721246,-0.001730351,-0.001738607,-0.00174731,-0.001754701,-0.001762402,-0.001768843,-0.001775394,-0.001780662,-0.001785781,-0.001789635,-0.001793444,-0.001795879,-0.001797963,-0.001798659,-0.001799306,-0.001798065,-0.001796007,-0.0017926,-0.001788712,-0.001783408,-0.00177714,-0.001769182,-0.001759577,-0.001748745,-0.001737212,-0.00172462,-0.001710241,-0.001693268,-0.001674568,-0.001657717,-0.001637594,-0.001616707,-0.00159519,-0.001571629,-0.001549404,-0.001522628,-0.001500944,-0.001476412,-0.001449384,-0.001421651,-0.001396748,-0.001373122,-0.001350618,-0.001327473,-0.001303004,-0.001278081,-0.001256674,-0.001240708,-0.001221145,-0.001203625,-0.001188432,-0.001174587,-0.001164384,-0.001153513,-0.00114828,-0.001137554,-0.001130843,-0.001126592,-0.001128653,-0.001128783,-0.001129118,-0.001130473,-0.001136847,-0.001142613,-0.001149622,-0.001156535,-0.001167532,-0.001177128
-0.001516615,-0.001526971,-0.001539142,-0.001551904,-0.001565241,-0.001578113,-0.001592993,-0.00160671,-0.001621666,-0.001636384,-0.001651508,-0.0016662,-0.001681673,-0.00169627,-0.001711771,-0.001726515,-0.001742167,-0.001756548,-0.001771725,-0.001785701,-0.001800434,-0.001814211,-0.001828435,-0.00184163,-0.001855535,-0.001868193,-0.001881315,-0.001893445,-0.001906133,-0.00191774,-0.001929609,-0.001940596,-0.001951749,-0.00196193,-0.001972574,-0.001982022,-0.00199178,-0.002000421,-0.002009751,-0.002017864,-0.002025869,-0.002032879,-0.002040314,-0.002046441,-0.002052802,-0.002057921,-0.002063143,-0.002067034,-0.002070851,-0.002073358,-0.002075871,-0.002076947,-0.002077818,-0.002077276,-0.002076685,-0.002074287,-0.002071341,-0.002066951,-0.002062235,-0.002056044,-0.002049208,-0.00204072,-0.002031021,-0.002019842,-0.002008175,-0.001995476,-0.001981768,-0.001965565,-0.001948003,-0.001931108,-0.0019121,-0.001892277,-0.00187258,-0.001851241,-0.001830799,-0.001806773,-0.001786845,-0.001764494,-0.001740267,-0.001715143,-0.001692586,-0.00167082,-0.00165023,-0.001628697,-0.001606781,-0.001585,-0.001566872,-0.001552421,-0.001535913,-0.001521197,-0.001510008,-0.001496598,-0.001486829,-0.001475396,-0.001469971,-0.001463195,-0.001459639,-0.001457159,-0.001456088,-0.001455482,-0.001458302,-0.001461951,-0.001466529,-0.001470746,-0.001479223,-0.001487318,-0.001495845,-0.001505038
-0.001836139,-0.001846942,-0.001859384,-0.001870394,-0.001883733,-0.001896537,-0.001910004,-0.001923493,-0.00193803,-0.001951512,-0.001966413,-0.00198032,-0.001994961,-0.002009082,-0.00202381,-0.002037726,-0.002052707,-0.002066279,-0.002080712,-0.002093997,-0.002107989,-0.002120935,-0.002134441,-0.00214684,-0.002159934,-0.002171763,-0.002184112,-0.002195372,-0.002207207,-0.002217881,-0.002228911,-0.002238917,-0.0022492,-0.002258383,-0.002268045,-0.00227647,-0.002285241,-0.002292797,-0.002301003,-0.002307906,-0.002314842,-0.002320693,-0.002326916,-0.002331787,-0.002336951,-0.002340769,-0.002344751,-0.002347363,-0.002349981,-0.002351227,-0.002352538,-0.002352405,-0.002352154,-0.00235044,-0.002348769,-0.002345354,-0.002341544,-0.002336293,-0.002330857,-0.002323947,-0.002316566,-0.00230753,-0.002297673,-0.002286456,-0.002274945,-0.002262136,-0.002248448,-0.002232783,-0.002216442,-0.002200474,-0.002182968,-0.002164519,-0.002145898,-0.002125718,-0.002106603,-0.002084737,-0.00206586,-0.00204519,-0.002023714,-0.002001638,-0.001981605,-0.001962114,-0.001943856,-0.001925179,-0.00190645,-0.001887385,-0.001870902,-0.001857338,-0.001842747,-0.001829238,-0.00181757,-0.001807354,-0.001799791,-0.001792288,-0.001788248,-0.001781035,-0.001776894,-0.001774344,-0.001776637,-0.001777658,-0.001779143,-0.001781292,-0.001787514,-0.001793443,-0.001800268,-0.00180711,-0.001817338,-0.001826394
-0.002146286,-0.002156105,-0.002167462,-0.002179282,-0.002191633,-0.002203544,-0.002217199,-0.002229777,-0.002243497,-0.00225689,-0.002270765,-0.002284137,-0.002298335,-0.0023116,-0.002325752,-0.00233906,-0.002353098,-0.00236611,-0.002379796,-0.002392387,-0.002405638,-0.002417883,-0.002430615,-0.002442285,-0.002454538,-0.002465621,-0.002477169,-0.002487635,-0.002498591,-0.002508404,-0.00251857,-0.002527659,-0.002537052,-0.002545324,-0.002554005,-0.002561453,-0.002569244,-0.002575825,-0.002582876,-0.00258866,-0.002594591,-0.002599314,-0.002604387,-0.002608121,-0.00261209,-0.002614737,-0.002617551,-0.00261897,-0.002620473,-0.002620578,-0.002620788,-0.002619518,-0.002618257,-0.00261552,-0.002612826,-0.002608479,-0.002603973,-0.00259795,-0.002591858,-0.002584239,-0.00257642,-0.002566995,-0.002557128,-0.002545695,-0.002534138,-0.002521303,-0.002508248,-0.002493318,-0.002477986,-0.002462012,-0.002445501,-0.002427973,-0.002410905,-0.002392591,-0.002374961,-0.002355387,-0.00233793,-0.002319045,-0.002299938,-0.002280089,-0.002262004,-0.002244006,-0.002227285,-0.002209969,-0.002193464,-0.002177115,-0.002163371,-0.002151052,-0.002139044,-0.00212792,-0.002119582,-0.002109742,-0.002102591,-0.002094696,-0.002090654,-0.002086906,-0.002085523,-0.002084483,-0.002084256,-0.002084835,-0.002088549,-0.002092677,-0.002097469,-0.002102229,-0.002110362,-0.002118217,-0.002126459,-0.002135298
-0.002441359,-0.002451629,-0.002463241,-0.00247367,-0.002486077,-0.002497953,-0.002510472,-0.002522887,-0.002536258,-0.00254864,-0.00256233,-0.002575041,-0.002588547,-0.002601393,-0.002614873,-0.00262746,-0.00264089,-0.002653184,-0.002666198,-0.00267816,-0.002690734,-0.002702222,-0.002714286,-0.002725219,-0.002736715,-0.002747029,-0.00275785,-0.002767507,-0.002777658,-0.002786603,-0.002795979,-0.002804158,-0.002812737,-0.002820087,-0.002827859,-0.002834368,-0.002841248,-0.002846841,-0.002852864,-0.002857559,-0.002862527,-0.002866216,-0.002870213,-0.00287284,-0.002875756,-0.002877271,-0.002879013,-0.002879337,-0.002879823,-0.002878871,-0.002878072,-0.002875801,-0.002873613,-0.00286992,-0.002866347,-0.002861182,-0.002855996,-0.002849303,-0.002842654,-0.002834477,-0.002826246,-0.002816416,-0.002806475,-0.002795068,-0.002783693,-0.002770822,-0.002757853,-0.002743445,-0.002729176,-0.002714009,-0.002698786,-0.002682404,-0.002666236,-0.002648892,-0.002632351,-0.002614549,-0.002597963,-0.002580461,-0.002563632,-0.002546315,-0.00253033,-0.002514216,-0.00249943,-0.002484486,-0.002470627,-0.002456522,-0.002444133,-0.002432544,-0.002422117,-0.002411986,-0.002403334,-0.002396202,-0.002390968,-0.002386377,-0.002383512,-0.002379488,-0.00237771,-0.002376758,-0.00237941,-0.002381396,-0.002384087,-0.002387102,-0.002393359,-0.00239958,-0.002406401,-0.002413322,-0.002423034,-0.002431798
-0.00272159,-0.002731096,-0.002741888,-0.002753014,-0.002764641,-0.00277583,-0.002788523,-0.002800203,-0.002812926,-0.002825234,-0.002838083,-0.002850354,-0.002863484,-0.002875611,-0.002888594,-0.002900649,-0.002913271,-0.002925067,-0.002937421,-0.002948764,-0.002960678,-0.002971533,-0.0029829,-0.00299317,-0.003003907,-0.003013538,-0.00302363,-0.00303256,-0.003041909,-0.00305007,-0.003058655,-0.003066002,-0.003073771,-0.003080295,-0.003087183,-0.003092814,-0.003098811,-0.003103531,-0.003108528,-0.003112237,-0.003116314,-0.003119017,-0.003122011,-0.003123654,-0.003125542,-0.003126055,-0.003126802,-0.003126123,-0.003125673,-0.003123777,-0.003122064,-0.003118866,-0.003115852,-0.003111336,-0.003106941,-0.003101038,-0.003095307,-0.003088018,-0.003080865,-0.003072151,-0.003063599,-0.003053496,-0.003043584,-0.003032049,-0.003020685,-0.00300786,-0.002995464,-0.002981706,-0.002968272,-0.002953148,-0.002938772,-0.002923172,-0.002908302,-0.002892496,-0.002877179,-0.002861239,-0.002845839,-0.00282979,-0.002814861,-0.002799342,-0.00278494,-0.002770052,-0.002756524,-0.002742705,-0.002730662,-0.002718776,-0.002708632,-0.00269812,-0.002689823,-0.002681676,-0.002675753,-0.002668929,-0.002664072,-0.002659198,-0.002656463,-0.002655347,-0.002655881,-0.002656186,-0.002656867,-0.00265861,-0.002663221,-0.002667902,-0.002673051,-0.002678408,-0.002686377,-0.002694156,-0.002702305,-0.002710968
-0.002982243,-0.002992162,-0.003003186,-0.003013225,-0.003024937,-0.003036112,-0.003047912,-0.003059481,-0.003071925,-0.003083425,-0.003096125,-0.003107853,-0.003120416,-0.003132188,-0.003144604,-0.003156053,-0.003168157,-0.003179338,-0.003191111,-0.003201903,-0.003213223,-0.003223419,-0.003234192,-0.003243811,-0.003253879,-0.00326283,-0.003272271,-0.003280484,-0.003289116,-0.003296509,-0.003304387,-0.003310933,-0.003317975,-0.003323687,-0.003329773,-0.003334581,-0.003339773,-0.003343632,-0.003347737,-0.00335051,-0.003353752,-0.003355567,-0.003357644,-0.003358349,-0.003359348,-0.003358914,-0.003358764,-0.003357179,-0.003355889,-0.00335313,-0.003350594,-0.003346589,-0.00334283,-0.003337554,-0.003332464,-0.003325921,-0.00331966,-0.00331186,-0.003304288,-0.003295163,-0.003286313,-0.003275925,-0.003265983,-0.003254513,-0.003243335,-0.003230536,-0.003218259,-0.003204965,-0.003192396,-0.003177977,-0.003164659,-0.003149994,-0.003135863,-0.003120846,-0.003106422,-0.003091883,-0.003077232,-0.003062308,-0.003049183,-0.003035674,-0.003022968,-0.00300963,-0.002997692,-0.002985797,-0.002975851,-0.002965727,-0.002956662,-0.002946799,-0.00293976,-0.002932418,-0.002926305,-0.002921706,-0.002918468,-0.002916277,-0.00291454,-0.002913214,-0.002913466,-0.002913938,-0.002917035,-0.002919956,-0.002923789,-0.002927657,-0.002934076,-0.002940646,-0.002947606,-0.002954705,-0.002964092,-0.00297272
-0.003223463,-0.003232798,-0.003243217,-0.00325383,-0.003264942,-0.003275599,-0.003287552,-0.003298546,-0.00331049,-0.003321933,-0.003333963,-0.00334534,-0.00335759,-0.003368776,-0.00338078,-0.003391785,-0.003403233,-0.003413987,-0.003425206,-0.003435469,-0.003446227,-0.003455879,-0.003466055,-0.003475101,-0.003484521,-0.00349288,-0.003501688,-0.003509272,-0.003517213,-0.003523933,-0.003531124,-0.003536956,-0.003543295,-0.003548296,-0.003553624,-0.003557682,-0.003562115,-0.003565226,-0.003568471,-0.003570419,-0.003572902,-0.003573892,-0.003575135,-0.003575024,-0.003575175,-0.003573921,-0.003572957,-0.003570559,-0.003568507,-0.003564992,-0.003561722,-0.003556984,-0.003552568,-0.003546651,-0.003540923,-0.003533812,-0.003527128,-0.003518881,-0.003510935,-0.003501422,-0.003492346,-0.003481783,-0.00347188,-0.003460346,-0.003449213,-0.003436517,-0.003424731,-0.003411973,-0.003400046,-0.003385718,-0.003373081,-0.003359061,-0.003345983,-0.003332198,-0.003318773,-0.003305677,-0.003292029,-0.00327827,-0.003266593,-0.003254455,-0.003242992,-0.003230652,-0.003219733,-0.003208741,-0.003200192,-0.003191783,-0.003184495,-0.003175592,-0.003170236,-0.003164496,-0.003160567,-0.003156205,-0.003153302,-0.003150885,-0.003149369,-0.003150358,-0.00315246,-0.003153948,-0.003155563,-0.003158369,-0.003163784,-0.003169008,-0.003174602,-0.003180542,-0.003188479,-0.003196284,-0.003204476,-0.003213074
-0.003441465,-0.003451148,-0.003461767,-0.003471553,-0.003482758,-0.003493412,-0.003504687,-0.003515608,-0.00352734,-0.003538161,-0.003550074,-0.003561021,-0.003572819,-0.003583716,-0.003595261,-0.003605782,-0.003616819,-0.003627068,-0.003637813,-0.003647614,-0.003657879,-0.003666987,-0.003676665,-0.003685167,-0.003694034,-0.003701821,-0.00371008,-0.003717064,-0.003724407,-0.00373049,-0.003737083,-0.003742252,-0.003747975,-0.003752299,-0.003756959,-0.003760332,-0.003764092,-0.00376649,-0.003769009,-0.003770199,-0.003771987,-0.003772252,-0.003772751,-0.003771886,-0.003771321,-0.003769313,-0.003767633,-0.003764518,-0.003761796,-0.003757603,-0.003753686,-0.003748323,-0.003743325,-0.003736829,-0.003730575,-0.003722981,-0.003715887,-0.003707264,-0.003699011,-0.003689216,-0.003679933,-0.003669186,-0.00365927,-0.003647819,-0.003636862,-0.003624249,-0.003612588,-0.003600199,-0.003588917,-0.003575207,-0.003563384,-0.003550109,-0.003537616,-0.003524449,-0.00351175,-0.003499694,-0.003486711,-0.003473856,-0.003463516,-0.003452873,-0.003442722,-0.003431634,-0.003421994,-0.003412511,-0.003405517,-0.003398392,-0.003391925,-0.003383643,-0.003379232,-0.003374125,-0.003370104,-0.00336749,-0.003365904,-0.003365559,-0.003364892,-0.003365669,-0.00336755,-0.003369231,-0.00337282,-0.003376573,-0.003381402,-0.003386046,-0.003392698,-0.003399601,-0.003406798,-0.003414122,-0.003423322,-0.003431907
-0.00363636,-0.003645605,-0.003655796,-0.003666028,-0.003676791,-0.003687066,-0.003698469,-0.00370896,-0.003720326,-0.003731105,-0.00374251,-0.003753187,-0.00376473,-0.003775172,-0.003786392,-0.003796567,-0.00380711,-0.003817014,-0.00382732,-0.003836691,-0.003846506,-0.003855179,-0.003864374,-0.003872412,-0.003880766,-0.003888072,-0.003895814,-0.003902289,-0.00390908,-0.003914624,-0.003920658,-0.003925258,-0.003930404,-0.003934154,-0.003938206,-0.003940975,-0.003944119,-0.003945915,-0.003947766,-0.003948312,-0.003949481,-0.003949093,-0.003948939,-0.003947438,-0.003946212,-0.003943572,-0.003941261,-0.003937522,-0.003934206,-0.003929434,-0.003924952,-0.003919038,-0.003913538,-0.003906566,-0.003899842,-0.003891831,-0.00388441,-0.003875463,-0.003866939,-0.003856889,-0.003847458,-0.003836614,-0.003826724,-0.003815255,-0.003804365,-0.003791902,-0.003780636,-0.003768643,-0.003757792,-0.00374423,-0.003732906,-0.003720144,-0.003708466,-0.00369624,-0.00368434,-0.003673321,-0.003661206,-0.003649272,-0.003639932,-0.003630228,-0.003621,-0.003610725,-0.003601908,-0.00359312,-0.003587088,-0.003581163,-0.003576034,-0.003568645,-0.00356548,-0.003561609,-0.003559272,-0.003556823,-0.003555526,-0.003554979,-0.003554597,-0.003557066,-0.003560328,-0.003562799,-0.003565358,-0.003569075,-0.003575128,-0.003580818,-0.003586893,-0.003593345,-0.003601339,-0.003609217,-0.00361755,-0.00362614
-0.003805278,-0.00381478,-0.00382514,-0.003834768,-0.00384562,-0.003855892,-0.003866812,-0.003877257,-0.003888476,-0.003898805,-0.003910123,-0.003920479,-0.00393167,-0.00394189,-0.003952758,-0.003962576,-0.003972842,-0.00398235,-0.003992299,-0.0040013,-0.004010735,-0.004018993,-0.004027799,-0.004035417,-0.004043358,-0.004050219,-0.004057525,-0.004063534,-0.004069871,-0.004074932,-0.004080495,-0.004084595,-0.004089248,-0.004092475,-0.004096014,-0.004098254,-0.004100866,-0.004102109,-0.004103431,-0.004103419,-0.004104028,-0.004103087,-0.004102377,-0.004100311,-0.004098549,-0.004095353,-0.004092507,-0.004088242,-0.004084412,-0.004079137,-0.004074175,-0.004067808,-0.004061871,-0.004054484,-0.004047396,-0.004039044,-0.0040313,-0.004022085,-0.004013343,-0.004003129,-0.003993565,-0.003982627,-0.0039727,-0.003961319,-0.003950588,-0.003938289,-0.003927136,-0.003915371,-0.003904895,-0.003891925,-0.003881142,-0.003868953,-0.003857711,-0.003845941,-0.003834632,-0.003824255,-0.003812819,-0.003801628,-0.003793119,-0.003784353,-0.003776072,-0.003766821,-0.003759041,-0.003751389,-0.003746331,-0.003741162,-0.003736618,-0.003729959,-0.003727394,-0.003723992,-0.00372165,-0.003720476,-0.003720198,-0.003721112,-0.003721505,-0.00372366,-0.0037267,-0.003729367,-0.003733519,-0.00373795,-0.003743554,-0.003748843,-0.003755765,-0.003762912,-0.003770412,-0.003777965,-0.003787085,-0.003795673
-0.003948311,-0.003957482,-0.003967592,-0.003977516,-0.003988081,-0.003998081,-0.004009104,-0.004019248,-0.004030227,-0.004040533,-0.004051493,-0.004061664,-0.004072637,-0.004082537,-0.004093157,-0.004102725,-0.004112709,-0.00412193,-0.004131578,-0.00414024,-0.004149344,-0.004157295,-0.00416574,-0.00417301,-0.004180609,-0.004187108,-0.004194017,-0.00419965,-0.004205597,-0.004210284,-0.00421541,-0.004219131,-0.004223326,-0.004226136,-0.004229237,-0.004231036,-0.004233174,-0.004233959,-0.004234842,-0.004234413,-0.004234506,-0.004233096,-0.004231924,-0.004229408,-0.00422717,-0.004223544,-0.004220242,-0.004215555,-0.004211273,-0.004205591,-0.004200222,-0.004193486,-0.004187168,-0.004179465,-0.004172072,-0.004163458,-0.004155425,-0.004146002,-0.00413705,-0.004126729,-0.004117055,-0.004106133,-0.004096129,-0.004084775,-0.004074086,-0.004062079,-0.004051218,-0.004039675,-0.004029238,-0.004016703,-0.004006104,-0.003994332,-0.003983683,-0.003972525,-0.003961962,-0.00395196,-0.003941508,-0.003931142,-0.00392308,-0.003914705,-0.003907034,-0.003898529,-0.003891471,-0.003884414,-0.003879774,-0.003875154,-0.003871445,-0.00386602,-0.003864066,-0.003861535,-0.003860485,-0.00385933,-0.003859388,-0.003859926,-0.003860958,-0.003863954,-0.003867861,-0.0038711,-0.003874783,-0.003879197,-0.003885602,-0.003891612,-0.003898243,-0.003905011,-0.00391316,-0.003921087,-0.003929668,-0.003938271
-0.004063451,-0.004072775,-0.00408303,-0.004092547,-0.004103188,-0.004113176,-0.004123894,-0.004134008,-0.004144904,-0.00415492,-0.004165822,-0.004175783,-0.004186494,-0.004196248,-0.00420662,-0.004215952,-0.004225807,-0.004234733,-0.004244155,-0.004252543,-0.004261388,-0.004269069,-0.00427724,-0.004284217,-0.004291563,-0.004297751,-0.004304347,-0.004309663,-0.004315314,-0.004319689,-0.004324472,-0.004327883,-0.004331712,-0.004334171,-0.004336929,-0.004338369,-0.004340127,-0.004340519,-0.004341087,-0.004340318,-0.004339979,-0.004338199,-0.004336662,-0.004333775,-0.004331175,-0.004327195,-0.004323534,-0.004318515,-0.004313865,-0.004307852,-0.004302159,-0.004295139,-0.004288509,-0.004280547,-0.004272938,-0.00426412,-0.004255824,-0.004246238,-0.004237128,-0.004226762,-0.004217,-0.004206083,-0.004195979,-0.004184714,-0.004174124,-0.004162367,-0.004151584,-0.004140143,-0.00412975,-0.004117865,-0.004107486,-0.004096136,-0.004085782,-0.004074891,-0.004064859,-0.004054994,-0.004045301,-0.004035573,-0.004027843,-0.004019863,-0.004012786,-0.004005105,-0.003998854,-0.003992628,-0.003988408,-0.003984032,-0.003980629,-0.003976176,-0.003974396,-0.003972174,-0.00397122,-0.003970832,-0.003971667,-0.003972983,-0.00397485,-0.003977355,-0.003981039,-0.003984439,-0.003989368,-0.003994237,-0.004000288,-0.00400603,-0.004013309,-0.004020477,-0.004028376,-0.004036088,-0.004045242,-0.004053839
-0.004150771,-0.004159895,-0.004170014,-0.004179706,-0.004190182,-0.004200008,-0.004210791,-0.004220729,-0.00423149,-0.004241493,-0.004252182,-0.00426203,-0.004272601,-0.004282161,-0.004292381,-0.004301568,-0.004311269,-0.004320017,-0.00432926,-0.004337434,-0.004346079,-0.004353573,-0.004361523,-0.004368288,-0.004375432,-0.004381396,-0.004387746,-0.004392833,-0.004398254,-0.004402404,-0.004406918,-0.004410101,-0.004413645,-0.004415849,-0.004418341,-0.004419511,-0.004420975,-0.004421087,-0.004421404,-0.004420388,-0.004419725,-0.00441766,-0.004415849,-0.004412693,-0.00440981,-0.004405577,-0.004401644,-0.004396375,-0.004391446,-0.004385188,-0.004379252,-0.004372014,-0.004365154,-0.004357008,-0.00434923,-0.004340258,-0.004331777,-0.004322069,-0.004312841,-0.004302435,-0.004292622,-0.00428173,-0.004271568,-0.004260327,-0.004249776,-0.004238233,-0.004227625,-0.004216284,-0.004205876,-0.004194301,-0.004184006,-0.004172919,-0.004162917,-0.004152395,-0.004142827,-0.004133139,-0.004124123,-0.004114922,-0.004107376,-0.004099541,-0.004092814,-0.004085629,-0.004079858,-0.004073993,-0.004069929,-0.004065783,-0.004062879,-0.00405929,-0.004057837,-0.004056138,-0.004055968,-0.004055584,-0.004056628,-0.004057704,-0.004060007,-0.004062939,-0.004067109,-0.004070865,-0.004075572,-0.004080436,-0.004086948,-0.004093119,-0.004100249,-0.004107194,-0.004115505,-0.004123451,-0.004132303,-0.004140912
-0.004209088,-0.004218288,-0.00422848,-0.004237972,-0.004248489,-0.004258309,-0.004268942,-0.004278868,-0.004289588,-0.004299449,-0.00431011,-0.004319851,-0.004330289,-0.004339774,-0.00434987,-0.004358941,-0.004368581,-0.004377181,-0.004386309,-0.004394345,-0.004402859,-0.004410216,-0.004418028,-0.004424645,-0.004431662,-0.004437468,-0.004443659,-0.004448586,-0.004453859,-0.004457853,-0.004462193,-0.004465219,-0.004468577,-0.004470603,-0.004472922,-0.004473909,-0.00447518,-0.004475094,-0.004475255,-0.004474071,-0.004473189,-0.004470936,-0.004468944,-0.004465602,-0.00446254,-0.004458132,-0.00445402,-0.004448585,-0.004443471,-0.004437047,-0.004430949,-0.00442357,-0.004416556,-0.004408283,-0.004400401,-0.004391329,-0.004382716,-0.004372927,-0.004363626,-0.004353205,-0.004343356,-0.004332471,-0.00432226,-0.004311067,-0.004300572,-0.004289161,-0.004278593,-0.004267295,-0.004256903,-0.004245656,-0.004235468,-0.004224594,-0.004214739,-0.004204353,-0.004195051,-0.004185432,-0.004176809,-0.00416793,-0.004160529,-0.004152866,-0.004146429,-0.004139664,-0.004134305,-0.004128848,-0.004124966,-0.004120915,-0.004118164,-0.004115078,-0.004113716,-0.004112172,-0.004112056,-0.004112055,-0.004113486,-0.004114948,-0.004117665,-0.004120339,-0.004124392,-0.004128235,-0.004133574,-0.004138666,-0.004145002,-0.004151044,-0.004158502,-0.00416565,-0.004173846,-0.004181694,-0.004190836,-0.004199442
-0.004238442,-0.004247576,-0.004257724,-0.004267274,-0.004277735,-0.004287503,-0.004298158,-0.004308026,-0.004318703,-0.00432856,-0.004339149,-0.004348853,-0.004359243,-0.004368663,-0.004378709,-0.004387731,-0.004397321,-0.004405862,-0.00441493,-0.004422894,-0.00443134,-0.004438635,-0.004446372,-0.004452918,-0.004459868,-0.0044656,-0.004471707,-0.004476557,-0.004481753,-0.004485672,-0.004489922,-0.004492871,-0.004496133,-0.004498073,-0.004500302,-0.004501198,-0.004502371,-0.004502191,-0.00450227,-0.004501003,-0.004500012,-0.004497665,-0.00449558,-0.00449215,-0.004488993,-0.004484501,-0.004480299,-0.004474781,-0.004469573,-0.004463067,-0.004456889,-0.004449437,-0.004442347,-0.004434014,-0.004426077,-0.004416954,-0.004408279,-0.004398451,-0.004389111,-0.00437868,-0.004368815,-0.004357941,-0.004347711,-0.004336528,-0.004326048,-0.00431471,-0.004304199,-0.004292933,-0.004282534,-0.004271392,-0.004261232,-0.004250445,-0.004240708,-0.004230445,-0.004221299,-0.004211739,-0.004203343,-0.00419464,-0.004187295,-0.004179674,-0.004173351,-0.004166753,-0.004161555,-0.004156215,-0.004152379,-0.004148399,-0.004145813,-0.004143018,-0.004141766,-0.004140397,-0.004140541,-0.004140542,-0.004142043,-0.004143426,-0.004146289,-0.0041491,-0.004153313,-0.004157274,-0.004162543,-0.004167635,-0.004174124,-0.00418031,-0.004187721,-0.004194797,-0.004203133,-0.004211059,-0.004220104,-0.004228715
-0.004238442,-0.004247576,-0.004257724,-0.004267274,-0.004277735,-0.004287503,-0.004298158,-0.004308026,-0.004318703,-0.00432856,-0.004339149,-0.004348853,-0.004359243,-0.004368663,-0.004378709,-0.004387731,-0.004397321,-0.004405862,-0.00441493,-0.004422894,-0.00443134,-0.004438635,-0.004446372,-0.004452918,-0.004459868,-0.0044656,-0.004471707,-0.004476557,-0.004481753,-0.004485672,-0.004489922,-0.004492871,-0.004496133,-0.004498073,-0.004500302,-0.004501198,-0.004502371,-0.004502191,-0.00450227,-0.004501003,-0.004500012,-0.004497665,-0.00449558,-0.00449215,-0.004488993,-0.004484501,-0.004480299,-0.004474781,-0.004469573,-0.004463067,-0.004456889,-0.004449437,-0.004442347,-0.004434014,-0.004426077,-0.004416954,-0.004408279,-0.004398451,-0.004389111,-0.00437868,-0.004368815,-0.004357941,-0.004347711,-0.004336528,-0.004326048,-0.00431471,-0.004304199,-0.004292933,-0.004282534,-0.004271392,-0.004261232,-0.004250445,-0.004240708,-0.004230445,-0.004221299,-0.004211739,-0.004203343,-0.00419464,-0.004187295,-0.004179674,-0.004173351,-0.004166753,-0.004161555,-0.004156215,-0.004152379,-0.004148399,-0.004145813,-0.004143018,-0.004141766,-0.004140397,-0.004140541,-0.004140542,-0.004142043,-0.004143425,-0.004146288,-0.0041491,-0.004153313,-0.004157274,-0.004162543,-0.004167635,-0.004174124,-0.00418031,-0.004187721,-0.004194796,-0.004203133,-0.004211059,-0.004220104,-0.004228715
-0.004209088,-0.004218288,-0.00422848,-0.004237972,-0.004248489,-0.004258309,-0.004268942,-0.004278868,-0.004289588,-0.004299449,-0.004310109,-0.004319851,-0.004330289,-0.004339774,-0.00434987,-0.004358941,-0.004368581,-0.004377181,-0.004386309,-0.004394345,-0.004402859,-0.004410216,-0.004418028,-0.004424645,-0.004431662,-0.004437468,-0.004443659,-0.004448586,-0.004453859,-0.004457853,-0.004462193,-0.004465219,-0.004468577,-0.004470603,-0.004472922,-0.004473909,-0.00447518,-0.004475094,-0.004475255,-0.004474071,-0.004473189,-0.004470936,-0.004468943,-0.004465602,-0.00446254,-0.004458131,-0.004454019,-0.004448585,-0.00444347,-0.004437047,-0.004430949,-0.00442357,-0.004416556,-0.004408283,-0.004400401,-0.004391329,-0.004382716,-0.004372927,-0.004363626,-0.004353205,-0.004343355,-0.004332471,-0.00432226,-0.004311067,-0.004300572,-0.004289161,-0.004278593,-0.004267295,-0.004256903,-0.004245656,-0.004235468,-0.004224594,-0.004214739,-0.004204353,-0.004195051,-0.004185432,-0.004176809,-0.00416793,-0.004160529,-0.004152866,-0.004146429,-0.004139664,-0.004134305,-0.004128848,-0.004124966,-0.004120914,-0.004118164,-0.004115078,-0.004113715,-0.004112172,-0.004112055,-0.004112055,-0.004113486,-0.004114948,-0.004117665,-0.004120339,-0.004124392,-0.004128235,-0.004133574,-0.004138666,-0.004145002,-0.004151044,-0.004158502,-0.00416565,-0.004173846,-0.004181693,-0.004190836,-0.004199442
-0.004150771,-0.004159895,-0.004170014,-0.004179706,-0.004190182,-0.004200008,-0.004210791,-0.004220729,-0.004231489,-0.004241493,-0.004252182,-0.00426203,-0.004272601,-0.004282161,-0.004292381,-0.004301568,-0.004311269,-0.004320017,-0.004329259,-0.004337434,-0.004346079,-0.004353573,-0.004361523,-0.004368288,-0.004375432,-0.004381396,-0.004387746,-0.004392833,-0.004398254,-0.004402404,-0.004406918,-0.004410101,-0.004413645,-0.004415849,-0.004418341,-0.004419511,-0.004420975,-0.004421087,-0.004421404,-0.004420388,-0.004419725,-0.00441766,-0.004415849,-0.004412693,-0.00440981,-0.004405577,-0.004401644,-0.004396375,-0.004391446,-0.004385188,-0.004379252,-0.004372014,-0.004365154,-0.004357008,-0.00434923,-0.004340258,-0.004331777,-0.004322068,-0.004312841,-0.004302435,-0.004292622,-0.00428173,-0.004271568,-0.004260327,-0.004249776,-0.004238233,-0.004227624,-0.004216284,-0.004205876,-0.004194301,-0.004184005,-0.004172919,-0.004162917,-0.004152395,-0.004142827,-0.004133139,-0.004124123,-0.004114922,-0.004107376,-0.00409954,-0.004092814,-0.004085629,-0.004079858,-0.004073992,-0.004069929,-0.004065783,-0.004062879,-0.00405929,-0.004057837,-0.004056138,-0.004055968,-0.004055584,-0.004056628,-0.004057704,-0.004060007,-0.004062938,-0.004067109,-0.004070865,-0.004075572,-0.004080436,-0.004086948,-0.004093119,-0.004100249,-0.004107193,-0.004115505,-0.00412345,-0.004132303,-0.004140912
-0.004063451,-0.004072775,-0.00408303,-0.004092547,-0.004103188,-0.004113176,-0.004123894,-0.004134008,-0.004144904,-0.00415492,-0.004165822,-0.004175783,-0.004186494,-0.004196248,-0.00420662,-0.004215952,-0.004225807,-0.004234733,-0.004244155,-0.004252543,-0.004261388,-0.004269069,-0.00427724,-0.004284217,-0.004291563,-0.004297751,-0.004304347,-0.004309663,-0.004315314,-0.004319689,-0.004324472,-0.004327883,-0.004331712,-0.004334171,-0.004336929,-0.004338369,-0.004340127,-0.004340519,-0.004341087,-0.004340318,-0.004339979,-0.004338199,-0.004336662,-0.004333775,-0.004331175,-0.004327195,-0.004323534,-0.004318515,-0.004313865,-0.004307852,-0.004302158,-0.004295139,-0.004288509,-0.004280547,-0.004272938,-0.00426412,-0.004255823,-0.004246238,-0.004237128,-0.004226762,-0.004217,-0.004206083,-0.004195979,-0.004184714,-0.004174124,-0.004162367,-0.004151584,-0.004140143,-0.00412975,-0.004117865,-0.004107486,-0.004096136,-0.004085782,-0.004074891,-0.004064859,-0.004054994,-0.004045301,-0.004035573,-0.004027843,-0.004019863,-0.004012786,-0.004005105,-0.003998854,-0.003992628,-0.003988407,-0.003984032,-0.003980629,-0.003976176,-0.003974396,-0.003972174,-0.00397122,-0.003970832,-0.003971667,-0.003972983,-0.003974849,-0.003977354,-0.003981039,-0.003984438,-0.003989367,-0.003994236,-0.004000288,-0.00400603,-0.004013309,-0.004020477,-0.004028376,-0.004036088,-0.004045241,-0.004053839
-0.003948311,-0.003957482,-0.003967592,-0.003977516,-0.003988081,-0.003998081,-0.004009104,-0.004019248,-0.004030227,-0.004040533,-0.004051493,-0.004061664,-0.004072637,-0.004082537,-0.004093157,-0.004102725,-0.004112709,-0.00412193,-0.004131578,-0.00414024,-0.004149344,-0.004157295,-0.00416574,-0.00417301,-0.004180609,-0.004187108,-0.004194017,-0.00419965,-0.004205597,-0.004210284,-0.00421541,-0.004219131,-0.004223325,-0.004226136,-0.004229236,-0.004231036,-0.004233174,-0.004233958,-0.004234842,-0.004234412,-0.004234506,-0.004233095,-0.004231924,-0.004229408,-0.00422717,-0.004223544,-0.004220242,-0.004215555,-0.004211273,-0.004205591,-0.004200222,-0.004193486,-0.004187168,-0.004179465,-0.004172071,-0.004163458,-0.004155425,-0.004146002,-0.004137049,-0.004126729,-0.004117055,-0.004106132,-0.004096129,-0.004084775,-0.004074086,-0.004062079,-0.004051218,-0.004039675,-0.004029238,-0.004016703,-0.004006104,-0.003994332,-0.003983683,-0.003972524,-0.003961962,-0.003951959,-0.003941508,-0.003931142,-0.003923079,-0.003914705,-0.003907033,-0.003898529,-0.00389147,-0.003884414,-0.003879773,-0.003875154,-0.003871445,-0.00386602,-0.003864066,-0.003861534,-0.003860485,-0.00385933,-0.003859388,-0.003859925,-0.003860958,-0.003863954,-0.003867861,-0.0038711,-0.003874783,-0.003879197,-0.003885602,-0.003891612,-0.003898242,-0.003905011,-0.003913159,-0.003921087,-0.003929668,-0.003938271
-0.003805277,-0.003814779,-0.003825139,-0.003834768,-0.00384562,-0.003855892,-0.003866812,-0.003877256,-0.003888475,-0.003898805,-0.003910123,-0.003920479,-0.00393167,-0.00394189,-0.003952758,-0.003962576,-0.003972841,-0.00398235,-0.003992299,-0.0040013,-0.004010734,-0.004018993,-0.004027799,-0.004035417,-0.004043358,-0.004050219,-0.004057524,-0.004063534,-0.004069871,-0.004074932,-0.004080495,-0.004084595,-0.004089248,-0.004092475,-0.004096014,-0.004098254,-0.004100866,-0.004102109,-0.004103431,-0.004103419,-0.004104028,-0.004103087,-0.004102376,-0.004100311,-0.004098549,-0.004095353,-0.004092507,-0.004088242,-0.004084412,-0.004079137,-0.004074175,-0.004067807,-0.00406187,-0.004054484,-0.004047396,-0.004039044,-0.0040313,-0.004022085,-0.004013343,-0.004003129,-0.003993564,-0.003982626,-0.0039727,-0.003961318,-0.003950588,-0.003938289,-0.003927135,-0.00391537,-0.003904895,-0.003891925,-0.003881142,-0.003868953,-0.003857711,-0.00384594,-0.003834632,-0.003824254,-0.003812818,-0.003801628,-0.003793118,-0.003784352,-0.003776072,-0.003766821,-0.003759041,-0.003751388,-0.003746331,-0.003741162,-0.003736618,-0.003729959,-0.003727393,-0.003723992,-0.003721649,-0.003720475,-0.003720197,-0.003721111,-0.003721505,-0.00372366,-0.0037267,-0.003729366,-0.003733519,-0.00373795,-0.003743554,-0.003748843,-0.003755764,-0.003762912,-0.003770412,-0.003777965,-0.003787085,-0.003795672
-0.003636359,-0.003645605,-0.003655796,-0.003666027,-0.003676791,-0.003687066,-0.003698469,-0.00370896,-0.003720326,-0.003731105,-0.00374251,-0.003753187,-0.00376473,-0.003775172,-0.003786392,-0.003796567,-0.00380711,-0.003817014,-0.00382732,-0.003836691,-0.003846505,-0.003855179,-0.003864374,-0.003872412,-0.003880766,-0.003888072,-0.003895814,-0.003902289,-0.00390908,-0.003914624,-0.003920658,-0.003925258,-0.003930404,-0.003934154,-0.003938206,-0.003940975,-0.003944118,-0.003945915,-0.003947765,-0.003948312,-0.00394948,-0.003949093,-0.003948939,-0.003947437,-0.003946212,-0.003943572,-0.003941261,-0.003937522,-0.003934206,-0.003929434,-0.003924952,-0.003919038,-0.003913538,-0.003906566,-0.003899842,-0.003891831,-0.00388441,-0.003875462,-0.003866939,-0.003856889,-0.003847458,-0.003836614,-0.003826724,-0.003815254,-0.003804364,-0.003791902,-0.003780636,-0.003768642,-0.003757792,-0.003744229,-0.003732906,-0.003720143,-0.003708466,-0.003696239,-0.00368434,-0.00367332,-0.003661206,-0.003649271,-0.003639932,-0.003630228,-0.003621,-0.003610725,-0.003601908,-0.003593119,-0.003587088,-0.003581163,-0.003576034,-0.003568645,-0.00356548,-0.003561608,-0.003559272,-0.003556823,-0.003555525,-0.003554979,-0.003554596,-0.003557066,-0.003560328,-0.003562799,-0.003565358,-0.003569075,-0.003575127,-0.003580818,-0.003586893,-0.003593345,-0.003601338,-0.003609217,-0.00361755,-0.00362614
-0.003441464,-0.003451147,-0.003461766,-0.003471553,-0.003482758,-0.003493411,-0.003504687,-0.003515608,-0.00352734,-0.003538161,-0.003550074,-0.003561021,-0.003572819,-0.003583715,-0.003595261,-0.003605782,-0.003616819,-0.003627068,-0.003637813,-0.003647614,-0.003657879,-0.003666987,-0.003676665,-0.003685167,-0.003694034,-0.003701821,-0.00371008,-0.003717064,-0.003724407,-0.00373049,-0.003737083,-0.003742252,-0.003747975,-0.003752299,-0.003756959,-0.003760332,-0.003764092,-0.00376649,-0.003769009,-0.003770199,-0.003771986,-0.003772252,-0.003772751,-0.003771886,-0.003771321,-0.003769313,-0.003767633,-0.003764518,-0.003761796,-0.003757603,-0.003753685,-0.003748323,-0.003743325,-0.003736829,-0.003730575,-0.003722981,-0.003715886,-0.003707264,-0.003699011,-0.003689216,-0.003679933,-0.003669186,-0.003659269,-0.003647819,-0.003636862,-0.003624249,-0.003612587,-0.003600199,-0.003588916,-0.003575207,-0.003563384,-0.003550109,-0.003537615,-0.003524449,-0.00351175,-0.003499693,-0.003486711,-0.003473856,-0.003463515,-0.003452872,-0.003442722,-0.003431634,-0.003421994,-0.00341251,-0.003405517,-0.003398392,-0.003391925,-0.003383643,-0.003379232,-0.003374125,-0.003370104,-0.00336749,-0.003365904,-0.003365558,-0.003364892,-0.003365669,-0.003367549,-0.003369231,-0.00337282,-0.003376572,-0.003381402,-0.003386046,-0.003392698,-0.003399601,-0.003406798,-0.003414122,-0.003423322,-0.003431907
-0.003223463,-0.003232798,-0.003243217,-0.00325383,-0.003264942,-0.003275598,-0.003287552,-0.003298546,-0.00331049,-0.003321933,-0.003333963,-0.00334534,-0.00335759,-0.003368776,-0.00338078,-0.003391785,-0.003403233,-0.003413987,-0.003425205,-0.003435469,-0.003446227,-0.003455879,-0.003466055,-0.003475101,-0.003484521,-0.003492879,-0.003501688,-0.003509272,-0.003517213,-0.003523932,-0.003531124,-0.003536956,-0.003543295,-0.003548296,-0.003553624,-0.003557682,-0.003562115,-0.003565226,-0.003568471,-0.003570419,-0.003572902,-0.003573892,-0.003575135,-0.003575024,-0.003575174,-0.003573921,-0.003572957,-0.003570559,-0.003568507,-0.003564992,-0.003561722,-0.003556984,-0.003552568,-0.003546651,-0.003540923,-0.003533812,-0.003527128,-0.003518881,-0.003510935,-0.003501422,-0.003492346,-0.003481783,-0.00347188,-0.003460345,-0.003449213,-0.003436516,-0.003424731,-0.003411972,-0.003400046,-0.003385718,-0.00337308,-0.003359061,-0.003345983,-0.003332197,-0.003318772,-0.003305677,-0.003292029,-0.00327827,-0.003266593,-0.003254454,-0.003242991,-0.003230652,-0.003219733,-0.003208741,-0.003200192,-0.003191782,-0.003184495,-0.003175592,-0.003170236,-0.003164496,-0.003160567,-0.003156205,-0.003153302,-0.003150885,-0.003149369,-0.003150358,-0.003152459,-0.003153948,-0.003155563,-0.003158369,-0.003163784,-0.003169007,-0.003174602,-0.003180542,-0.003188479,-0.003196284,-0.003204476,-0.003213074
-0.002982243,-0.002992162,-0.003003186,-0.003013225,-0.003024937,-0.003036112,-0.003047912,-0.003059481,-0.003071925,-0.003083425,-0.003096125,-0.003107853,-0.003120416,-0.003132187,-0.003144603,-0.003156053,-0.003168157,-0.003179338,-0.003191111,-0.003201903,-0.003213223,-0.003223419,-0.003234192,-0.003243811,-0.003253879,-0.00326283,-0.003272271,-0.003280484,-0.003289116,-0.003296509,-0.003304387,-0.003310933,-0.003317975,-0.003323687,-0.003329772,-0.003334581,-0.003339773,-0.003343632,-0.003347737,-0.00335051,-0.003353752,-0.003355567,-0.003357643,-0.003358349,-0.003359348,-0.003358914,-0.003358764,-0.003357179,-0.003355889,-0.00335313,-0.003350594,-0.003346589,-0.003342829,-0.003337554,-0.003332464,-0.003325921,-0.003319659,-0.00331186,-0.003304288,-0.003295163,-0.003286312,-0.003275925,-0.003265983,-0.003254512,-0.003243334,-0.003230536,-0.003218259,-0.003204964,-0.003192396,-0.003177976,-0.003164658,-0.003149994,-0.003135862,-0.003120846,-0.003106422,-0.003091882,-0.003077231,-0.003062308,-0.003049182,-0.003035673,-0.003022968,-0.003009629,-0.002997691,-0.002985796,-0.002975851,-0.002965726,-0.002956662,-0.002946798,-0.00293976,-0.002932417,-0.002926305,-0.002921706,-0.002918468,-0.002916277,-0.00291454,-0.002913214,-0.002913466,-0.002913938,-0.002917035,-0.002919956,-0.002923789,-0.002927657,-0.002934075,-0.002940646,-0.002947606,-0.002954705,-0.002964092,-0.00297272
-0.00272159,-0.002731096,-0.002741888,-0.002753014,-0.002764641,-0.00277583,-0.002788523,-0.002800203,-0.002812926,-0.002825234,-0.002838083,-0.002850354,-0.002863484,-0.002875611,-0.002888594,-0.002900649,-0.002913271,-0.002925067,-0.002937421,-0.002948764,-0.002960678,-0.002971533,-0.0029829,-0.00299317,-0.003003907,-0.003013538,-0.00302363,-0.00303256,-0.003041909,-0.00305007,-0.003058655,-0.003066002,-0.003073771,-0.003080295,-0.003087183,-0.003092814,-0.003098811,-0.00310353,-0.003108528,-0.003112237,-0.003116314,-0.003119017,-0.003122011,-0.003123654,-0.003125542,-0.003126055,-0.003126802,-0.003126123,-0.003125673,-0.003123777,-0.003122064,-0.003118865,-0.003115852,-0.003111336,-0.00310694,-0.003101037,-0.003095307,-0.003088017,-0.003080865,-0.00307215,-0.003063598,-0.003053496,-0.003043584,-0.003032049,-0.003020685,-0.003007859,-0.002995464,-0.002981706,-0.002968272,-0.002953147,-0.002938772,-0.002923171,-0.002908302,-0.002892495,-0.002877179,-0.002861238,-0.002845839,-0.002829789,-0.002814861,-0.002799342,-0.002784939,-0.002770052,-0.002756524,-0.002742704,-0.002730662,-0.002718776,-0.002708632,-0.00269812,-0.002689823,-0.002681676,-0.002675753,-0.002668928,-0.002664072,-0.002659198,-0.002656463,-0.002655347,-0.002655881,-0.002656186,-0.002656867,-0.00265861,-0.002663221,-0.002667901,-0.002673051,-0.002678408,-0.002686377,-0.002694156,-0.002702305,-0.002710968
-0.002441359,-0.002451629,-0.002463241,-0.00247367,-0.002486077,-0.002497953,-0.002510472,-0.002522887,-0.002536258,-0.00254864,-0.00256233,-0.002575041,-0.002588547,-0.002601393,-0.002614872,-0.00262746,-0.00264089,-0.002653184,-0.002666198,-0.00267816,-0.002690733,-0.002702222,-0.002714286,-0.002725219,-0.002736715,-0.002747029,-0.00275785,-0.002767507,-0.002777658,-0.002786603,-0.002795978,-0.002804158,-0.002812737,-0.002820087,-0.002827859,-0.002834368,-0.002841248,-0.002846841,-0.002852864,-0.002857559,-0.002862527,-0.002866216,-0.002870212,-0.00287284,-0.002875756,-0.002877271,-0.002879013,-0.002879337,-0.002879823,-0.002878871,-0.002878071,-0.002875801,-0.002873613,-0.00286992,-0.002866347,-0.002861182,-0.002855996,-0.002849303,-0.002842653,-0.002834477,-0.002826246,-0.002816416,-0.002806475,-0.002795068,-0.002783693,-0.002770821,-0.002757853,-0.002743445,-0.002729176,-0.002714009,-0.002698786,-0.002682403,-0.002666236,-0.002648891,-0.00263235,-0.002614549,-0.002597963,-0.002580461,-0.002563632,-0.002546315,-0.002530329,-0.002514216,-0.00249943,-0.002484486,-0.002470627,-0.002456522,-0.002444133,-0.002432544,-0.002422117,-0.002411986,-0.002403334,-0.002396201,-0.002390968,-0.002386377,-0.002383512,-0.002379488,-0.00237771,-0.002376758,-0.00237941,-0.002381395,-0.002384087,-0.002387102,-0.002393359,-0.00239958,-0.002406401,-0.002413321,-0.002423034,-0.002431798
-0.002146286,-0.002156105,-0.002167462,-0.002179282,-0.002191633,-0.002203544,-0.002217199,-0.002229777,-0.002243497,-0.00225689,-0.002270765,-0.002284137,-0.002298335,-0.0023116,-0.002325752,-0.00233906,-0.002353098,-0.00236611,-0.002379796,-0.002392387,-0.002405638,-0.002417883,-0.002430615,-0.002442285,-0.002454538,-0.002465621,-0.002477169,-0.002487635,-0.002498591,-0.002508404,-0.00251857,-0.002527659,-0.002537052,-0.002545324,-0.002554005,-0.002561453,-0.002569244,-0.002575825,-0.002582876,-0.00258866,-0.002594591,-0.002599314,-0.002604387,-0.002608121,-0.00261209,-0.002614737,-0.002617551,-0.00261897,-0.002620473,-0.002620578,-0.002620787,-0.002619518,-0.002618257,-0.00261552,-0.002612826,-0.002608479,-0.002603973,-0.00259795,-0.002591858,-0.002584239,-0.00257642,-0.002566995,-0.002557128,-0.002545695,-0.002534138,-0.002521303,-0.002508248,-0.002493317,-0.002477985,-0.002462012,-0.002445501,-0.002427973,-0.002410905,-0.002392591,-0.002374961,-0.002355387,-0.00233793,-0.002319045,-0.002299938,-0.002280088,-0.002262004,-0.002244006,-0.002227285,-0.002209969,-0.002193464,-0.002177115,-0.002163371,-0.002151052,-0.002139044,-0.00212792,-0.002119582,-0.002109742,-0.002102591,-0.002094696,-0.002090654,-0.002086906,-0.002085523,-0.002084482,-0.002084256,-0.002084835,-0.002088549,-0.002092677,-0.002097469,-0.002102229,-0.002110362,-0.002118217,-0.002126459,-0.002135298
-0.001836139,-0.001846942,-0.001859384,-0.001870394,-0.001883733,-0.001896537,-0.001910004,-0.001923493,-0.00193803,-0.001951512,-0.001966413,-0.00198032,-0.001994961,-0.002009082,-0.00202381,-0.002037726,-0.002052707,-0.002066279,-0.002080712,-0.002093997,-0.002107989,-0.002120935,-0.002134441,-0.00214684,-0.002159934,-0.002171763,-0.002184112,-0.002195372,-0.002207207,-0.002217881,-0.002228911,-0.002238917,-0.0022492,-0.002258383,-0.002268045,-0.002276469,-0.002285241,-0.002292797,-0.002301003,-0.002307906,-0.002314842,-0.002320693,-0.002326916,-0.002331787,-0.002336951,-0.002340769,-0.002344751,-0.002347363,-0.002349981,-0.002351227,-0.002352538,-0.002352405,-0.002352154,-0.00235044,-0.002348769,-0.002345354,-0.002341543,-0.002336293,-0.002330857,-0.002323947,-0.002316566,-0.00230753,-0.002297673,-0.002286456,-0.002274945,-0.002262136,-0.002248448,-0.002232782,-0.002216442,-0.002200473,-0.002182968,-0.002164518,-0.002145897,-0.002125718,-0.002106603,-0.002084737,-0.00206586,-0.00204519,-0.002023714,-0.002001637,-0.001981605,-0.001962114,-0.001943856,-0.001925179,-0.001906449,-0.001887385,-0.001870902,-0.001857338,-0.001842747,-0.001829238,-0.00181757,-0.001807354,-0.001799791,-0.001792288,-0.001788248,-0.001781035,-0.001776894,-0.001774344,-0.001776637,-0.001777658,-0.001779143,-0.001781292,-0.001787514,-0.001793443,-0.001800268,-0.00180711,-0.001817338,-0.001826394
-0.001516615,-0.001526971,-0.001539142,-0.001551904,-0.001565241,-0.001578113,-0.001592993,-0.00160671,-0.001621666,-0.001636385,-0.001651508,-0.0016662,-0.001681674,-0.00169627,-0.001711771,-0.001726515,-0.001742168,-0.001756548,-0.001771725,-0.001785701,-0.001800434,-0.001814211,-0.001828435,-0.00184163,-0.001855535,-0.001868193,-0.001881315,-0.001893445,-0.001906133,-0.00191774,-0.001929609,-0.001940596,-0.001951749,-0.00196193,-0.001972575,-0.001982022,-0.00199178,-0.002000421,-0.002009751,-0.002017864,-0.002025869,-0.002032879,-0.002040314,-0.002046441,-0.002052802,-0.002057921,-0.002063143,-0.002067034,-0.002070851,-0.002073358,-0.002075871,-0.002076947,-0.002077817,-0.002077276,-0.002076685,-0.002074287,-0.002071341,-0.002066951,-0.002062235,-0.002056044,-0.002049208,-0.00204072,-0.002031021,-0.002019842,-0.002008175,-0.001995475,-0.001981768,-0.001965564,-0.001948002,-0.001931108,-0.001912099,-0.001892276,-0.00187258,-0.001851241,-0.001830799,-0.001806773,-0.001786845,-0.001764493,-0.001740267,-0.001715143,-0.001692586,-0.00167082,-0.00165023,-0.001628697,-0.001606781,-0.001585,-0.001566872,-0.001552421,-0.001535913,-0.001521197,-0.001510008,-0.001496598,-0.001486829,-0.001475396,-0.001469971,-0.001463195,-0.001459639,-0.001457159,-0.001456088,-0.001455482,-0.001458302,-0.001461951,-0.001466529,-0.001470746,-0.001479223,-0.001487318,-0.001495845,-0.001505038
-0.001187305,-0.001198918,-0.0012125,-0.001224346,-0.001238911,-0.001252926,-0.001267606,-0.00128243,-0.001298391,-0.001313207,-0.001329557,-0.00134489,-0.001360876,-0.001376468,-0.001392621,-0.001408029,-0.001424734,-0.001439717,-0.001455707,-0.001470438,-0.001485969,-0.001500487,-0.001515536,-0.001529497,-0.001544287,-0.001557725,-0.001571687,-0.001584642,-0.001598243,-0.001610743,-0.001623515,-0.001635464,-0.001647554,-0.001658693,-0.001670375,-0.001680865,-0.001691671,-0.001701352,-0.001711921,-0.001721246,-0.001730351,-0.001738607,-0.00174731,-0.001754701,-0.001762402,-0.001768843,-0.001775394,-0.001780662,-0.00178578,-0.001789634,-0.001793444,-0.001795878,-0.001797963,-0.001798659,-0.001799306,-0.001798065,-0.001796007,-0.0017926,-0.001788712,-0.001783408,-0.00177714,-0.001769182,-0.001759577,-0.001748745,-0.001737211,-0.00172462,-0.001710241,-0.001693268,-0.001674568,-0.001657717,-0.001637594,-0.001616706,-0.00159519,-0.001571629,-0.001549404,-0.001522628,-0.001500944,-0.001476412,-0.001449384,-0.001421651,-0.001396748,-0.001373122,-0.001350618,-0.001327473,-0.001303004,-0.001278081,-0.001256674,-0.001240708,-0.001221145,-0.001203625,-0.001188432,-0.001174587,-0.001164384,-0.001153513,-0.00114828,-0.001137554,-0.001130843,-0.001126592,-0.001128653,-0.001128783,-0.001129118,-0.001130473,-0.001136847,-0.001142613,-0.001149622,-0.001156535,-0.001167532,-0.001177128
-0.000854867,-0.000866086,-0.0008793688,-0.0008934006,-0.0009080396,-0.0009221702,-0.000938575,-0.0009537046,-0.0009701387,-0.0009864374,-0.001003046,-0.001019296,-0.001036274,-0.001052391,-0.001069418,-0.001085744,-0.001103127,-0.001119,-0.001135778,-0.001151254,-0.001167559,-0.001182946,-0.001198735,-0.001213523,-0.001229129,-0.001243429,-0.001258185,-0.001272024,-0.001286471,-0.001299919,-0.001313543,-0.001326497,-0.001339486,-0.001351659,-0.001364352,-0.001375908,-0.001387752,-0.001398586,-0.001410303,-0.001420907,-0.001431186,-0.001440698,-0.001450707,-0.001459478,-0.001468492,-0.001476373,-0.001484317,-0.001491038,-0.00149756,-0.001502881,-0.001508097,-0.001511956,-0.00151539,-0.001517489,-0.001519408,-0.00151942,-0.001518499,-0.001516189,-0.001513208,-0.00150876,-0.00150317,-0.001495906,-0.001486641,-0.001475964,-0.001464331,-0.001451876,-0.001437581,-0.001420151,-0.001400199,-0.001382204,-0.001360426,-0.001337895,-0.001315132,-0.001290185,-0.001266342,-0.001237109,-0.001213888,-0.001187244,-0.001157199,-0.001126094,-0.001098201,-0.001071677,-0.001046222,-0.001019653,-0.0009916656,-0.0009638044,-0.0009404173,-0.0009230112,-0.0009012932,-0.000882327,-0.0008677916,-0.000850298,-0.0008375956,-0.0008221945,-0.0008152294,-0.0008053404,-0.0007995543,-0.0007956171,-0.0007937176,-0.000792031,-0.0007941558,-0.000797525,-0.0008020669,-0.0008058798,-0.0008148798,-0.0008234347,-0.000832475,-0.0008423225
-0.000518587,-0.0005314262,-0.000546437,-0.0005595064,-0.0005756021,-0.0005912043,-0.0006073794,-0.000623829,-0.0006414541,-0.0006578401,-0.0006758859,-0.000692872,-0.0007104683,-0.0007277029,-0.0007454793,-0.0007625154,-0.0007809125,-0.0007974713,-0.0008150659,-0.000831379,-0.0008485064,-0.0008646129,-0.000881261,-0.0008968318,-0.0009132787,-0.000928362,-0.0009439962,-0.0009586381,-0.0009739724,-0.0009882562,-0.001002834,-0.001016678,-0.001030673,-0.001043792,-0.001057525,-0.001070128,-0.001083092,-0.001095025,-0.001107955,-0.00111974,-0.001131294,-0.001142128,-0.001153478,-0.001163595,-0.001174084,-0.001183374,-0.001192815,-0.001201039,-0.001209117,-0.001215957,-0.001222705,-0.001228103,-0.001233049,-0.001236591,-0.001239942,-0.001241319,-0.001241674,-0.001240565,-0.001238688,-0.001235204,-0.001230398,-0.00122369,-0.001214882,-0.001204684,-0.001193409,-0.001180862,-0.001165876,-0.001147704,-0.001127091,-0.001108576,-0.00108589,-0.001062088,-0.001037212,-0.001009757,-0.0009834414,-0.0009517893,-0.000925564,-0.00089592,-0.0008631667,-0.0008295769,-0.0007989301,-0.0007697137,-0.000741566,-0.0007128068,-0.0006824327,-0.0006516398,-0.0006246622,-0.0006041082,-0.0005794643,-0.0005573238,-0.0005377592,-0.0005200679,-0.0005065939,-0.0004925427,-0.0004851719,-0.0004715454,-0.0004624307,-0.0004564657,-0.0004579463,-0.0004574519,-0.00045704,-0.0004578665,-0.0004644262,-0.0004704618,-0.0004777193,-0.000484974,-0.0004969488,-0.0005075108
-0.0001860471,-0.000198655,-0.0002132661,-0.0002290791,-0.00024531,-0.0002610929,-0.0002793161,-0.0002961679,-0.000314296,-0.0003324191,-0.0003507482,-0.0003687399,-0.000387529,-0.0004053164,-0.0004240749,-0.0004421059,-0.0004610202,-0.0004785942,-0.0004969574,-0.000514076,-0.000531972,-0.0005489273,-0.000566318,-0.0005827195,-0.0005998842,-0.0006158194,-0.0006322464,-0.0006477433,-0.0006638633,-0.0006790121,-0.0006944675,-0.0007092016,-0.0007241396,-0.0007382605,-0.0007529705,-0.0007666169,-0.0007806763,-0.0007938136,-0.0008078198,-0.0008208009,-0.0008337219,-0.0008458529,-0.000858564,-0.000870131,-0.0008820415,-0.0008928524,-0.0009038491,-0.0009136274,-0.0009233541,-0.0009318237,-0.0009402319,-0.0009472124,-0.000953829,-0.0009589737,-0.0009638197,-0.0009666486,-0.0009685724,-0.0009687664,-0.0009681211,-0.000965573,-0.0009617506,-0.0009558036,-0.0009478451,-0.0009378974,-0.000926707,-0.000913958,-0.0008991527,-0.0008806922,-0.0008595557,-0.0008389485,-0.0008148036,-0.0007890395,-0.0007626691,-0.0007337595,-0.0007050915,-0.0006715084,-0.0006424209,-0.000609859,-0.0005742717,-0.0005374016,-0.0005032985,-0.000470156,-0.0004381276,-0.0004049999,-0.0003711421,-0.0003376809,-0.0003087417,-0.0002848762,-0.0002584344,-0.0002346559,-0.0002157378,-0.0001942512,-0.0001776101,-0.0001591379,-0.0001485922,-0.0001370211,-0.0001295822,-0.0001243286,-0.0001207062,-0.0001181817,-0.0001202013,-0.0001237403,-0.0001280998,-0.0001321669,-0.0001417302,-0.0001512568,-0.0001609665,-0.0001719378
0.0001438678,0.0001292456,0.0001124553,9.76833e-05,7.97347e-05,6.212956e-05,4.417854e-05,2.579638e-05,6.260644e-06,-1.191458e-05,-3.187669e-05,-5.069062e-05,-7.014006e-05,-8.917144e-05,-0.0001087271,-0.0001274441,-0.0001473616,-0.0001656237,-0.0001847907,-0.0002027573,-0.000221455,-0.0002390779,-0.0002573029,-0.0002744347,-0.0002923619,-0.0003090191,-0.0003262773,-0.0003425058,-0.0003594366,-0.0003753287,-0.0003916889,-0.0004072165,-0.0004231312,-0.0004381335,-0.0004538284,-0.0004684798,-0.0004836614,-0.0004978752,-0.0005130439,-0.000527162,-0.0005414242,-0.0005549129,-0.0005690034,-0.0005819635,-0.0005954347,-0.0006077391,-0.0006203542,-0.0006317659,-0.0006432313,-0.0006533991,-0.0006635548,-0.0006722852,-0.0006806778,-0.0006874879,-0.0006940198,-0.0006984898,-0.0007020158,-0.0007036838,-0.0007044357,-0.0007030928,-0.0007003366,-0.0006951647,-0.000687996,-0.0006787413,-0.0006680779,-0.0006551704,-0.0006396549,-0.0006205968,-0.0005990867,-0.0005777115,-0.0005527317,-0.0005255709,-0.0004968111,-0.0004650122,-0.0004334068,-0.0003972619,-0.0003642172,-0.0003279996,-0.0002895792,-0.0002501279,-0.0002127654,-0.0001761609,-0.0001406822,-0.0001049086,-6.865896e-05,-3.226406e-05,7.732882e-07,2.881603e-05,5.836829e-05,8.568897e-05,0.0001105601,0.0001321415,0.0001496583,0.0001661754,0.0001771842,0.000192481,0.000203336,0.000210938,0.000210681,0.0002115173,0.0002121281,0.0002114466,0.0002046579,0.000197623,0.0001898907,0.0001817672,0.0001684715,0.000156395
0.0004626535,0.000448106,0.0004317463,0.0004136607,0.0003954515,0.000377654,0.0003572841,0.0003384136,0.0003183579,0.0002981776,0.0002779428,0.0002580487,0.0002372855,0.0002177116,0.0001971446,0.000177406,0.0001570456,0.0001377734,0.0001178731,9.914943e-05,7.974804e-05,6.133264e-05,4.24504e-05,2.457141e-05,6.031399e-06,-1.138387e-05,-2.932822e-05,-4.63084e-05,-6.390887e-05,-8.055518e-05,-9.767971e-05,-0.0001139905,-0.0001307448,-0.0001466569,-0.0001632367,-0.000178849,-0.0001950592,-0.0002104189,-0.0002265955,-0.000241862,-0.0002574843,-0.0002722612,-0.0002877245,-0.0003021682,-0.0003171038,-0.0003310009,-0.0003452733,-0.0003583535,-0.0003716203,-0.0003835812,-0.0003956039,-0.000406118,-0.0004164285,-0.0004250904,-0.0004333862,-0.0004395871,-0.0004450143,-0.0004482838,-0.0004505785,-0.000450444,-0.0004489797,-0.0004448619,-0.0004388744,-0.0004300769,-0.000419641,-0.0004065909,-0.0003914464,-0.0003722706,-0.0003504,-0.0003267414,-0.0003001631,-0.0002708103,-0.0002403579,-0.0002069133,-0.0001726128,-0.0001342117,-9.774468e-05,-5.814866e-05,-1.657888e-05,2.658329e-05,6.797233e-05,0.0001092486,0.0001493172,0.0001901713,0.000230349,0.0002697007,0.000304948,0.0003369032,0.0003685082,0.0003976689,0.0004215118,0.0004472336,0.0004681621,0.0004895669,0.0005041921,0.0005167954,0.000525324,0.0005316334,0.0005371104,0.0005402209,0.0005378089,0.0005335907,0.0005290541,0.0005241723,0.0005135624,0.0005024456,0.0004915837,0.0004789331
0.0007720473,0.0007550718,0.0007359531,0.0007190108,0.0006987908,0.0006787785,0.000658732,0.0006381288,0.0006164233,0.0005962643,0.000574215,0.0005534369,0.0005320489,0.0005111537,0.0004897996,0.0004694419,0.0004480764,0.0004282033,0.0004075693,0.0003880785,0.0003679654,0.000349006,0.0003293982,0.0003109245,0.0002917493,0.0002737667,0.0002551346,0.0002375862,0.0002193219,0.0002021,0.000184223,0.00016728,0.000149696,0.0001330577,0.0001156305,9.915035e-05,8.193257e-05,6.562357e-05,4.837187e-05,3.205872e-05,1.517076e-05,-9.173824e-07,-1.773278e-05,-3.354874e-05,-5.006728e-05,-6.549023e-05,-8.144566e-05,-9.62509e-05,-0.0001113754,-0.0001251729,-0.0001391204,-0.0001515855,-0.0001639025,-0.0001744668,-0.0001847266,-0.0001928705,-0.0002002029,-0.0002052596,-0.0002092743,-0.0002106785,-0.0002106077,-0.0002075721,-0.0002026616,-0.000194848,-0.0001852072,-0.0001721875,-0.0001563873,-0.0001366743,-0.0001145245,-9.017604e-05,-6.274271e-05,-3.19411e-05,1.157667e-06,3.789653e-05,7.552617e-05,0.0001168835,0.0001579494,0.0002017659,0.0002466022,0.0002927473,0.0003379689,0.0003833359,0.0004274911,0.0004713979,0.0005142452,0.0005568193,0.000596685,0.0006333111,0.0006683696,0.00070134,0.0007320291,0.0007576864,0.0007794338,0.0007982693,0.000812864,0.0008294169,0.0008415273,0.0008504188,0.000851059,0.0008517464,0.0008520043,0.0008509259,0.0008433365,0.0008346013,0.0008257619,0.000816153,0.0008008759,0.0007866081
0.001062796,0.001045659,0.001026995,0.001006074,0.0009854119,0.0009652066,0.0009423197,0.0009211235,0.0008989035,0.0008764515,0.0008541643,0.0008322689,0.0008094782,0.000788102,0.0007657572,0.0007443818,0.0007226861,0.0007018713,0.0006806028,0.000660484,0.0006398098,0.0006201905,0.0006000957,0.0005810428,0.0005614392,0.0005428862,0.0005237753,0.0005056767,0.0004869511,0.0004691821,0.0004507602,0.0004332414,0.0004150379,0.0003976931,0.0003795806,0.0003623391,0.0003442797,0.0003269953,0.0003088909,0.000291575,0.0002734541,0.0002561956,0.0002380909,0.000220851,0.0002029121,0.0001859076,0.0001682698,0.0001517566,0.0001347515,0.0001190651,0.0001030958,8.869109e-05,7.424647e-05,6.160224e-05,4.931204e-05,3.916748e-05,2.960962e-05,2.264468e-05,1.67493e-05,1.382256e-05,1.224882e-05,1.389339e-05,1.725715e-05,2.434849e-05,3.353554e-05,4.653776e-05,6.171881e-05,8.139335e-05,0.0001037459,0.0001304958,0.000159679,0.0001928996,0.0002278973,0.0002664679,0.0003071474,0.000351151,0.0003961508,0.0004438202,0.0004922635,0.0005427229,0.0005926136,0.0006433933,0.0006928238,0.0007425818,0.00078995,0.0008358837,0.0008781297,0.0009190993,0.0009564224,0.0009913574,0.0010204,0.001050412,0.001075662,0.001099748,0.001118295,0.001131409,0.001140387,0.001147068,0.001153869,0.001156961,0.001153431,0.001147709,0.00114224,0.001135787,0.001123335,0.001109782,0.00109702,0.001081966
0.001337691,0.001317621,0.001295445,0.001275733,0.001252706,0.001229788,0.001207254,0.001184093,0.00115992,0.001137573,0.001113278,0.001090431,0.001067085,0.001044326,0.001021228,0.0009993378,0.0009766519,0.0009553735,0.0009334938,0.0009127528,0.0008915201,0.0008715517,0.0008509151,0.0008314846,0.0008114509,0.0007925773,0.0007730185,0.0007546143,0.0007354695,0.000717396,0.0006984863,0.0006806075,0.0006618441,0.0006440512,0.0006253518,0.0006075081,0.0005886871,0.0005707121,0.0005517367,0.0005335835,0.0005144115,0.0004960162,0.0004767072,0.0004582368,0.000438807,0.000420354,0.000401077,0.0003828481,0.0003639688,0.0003463989,0.0003284133,0.0003119272,0.0002953124,0.0002805804,0.0002660862,0.0002537267,0.0002419972,0.0002329456,0.0002250123,0.0002201935,0.0002168831,0.0002171126,0.0002191107,0.000224895,0.0002329735,0.0002456846,0.0002614566,0.000281634,0.0003042202,0.0003315436,0.0003616288,0.0003963536,0.0004342835,0.0004766269,0.0005210785,0.0005685225,0.000618826,0.0006713743,0.000723664,0.0007776475,0.000832059,0.0008876233,0.0009418424,0.0009951025,0.001045476,0.001094935,0.001142294,0.001188291,0.001229329,0.001268161,0.001304914,0.00133453,0.00136035,0.001381024,0.001398676,0.001415827,0.001428385,0.00143776,0.001438402,0.001437974,0.001436927,0.001434511,0.001425134,0.001413639,0.001402692,0.001390674,0.001372449,0.001355058
0.001587211,0.001566564,0.001544793,0.001520263,0.001496474,0.00147331,0.001447393,0.001423443,0.001398728,0.001373714,0.001349177,0.001325154,0.001300281,0.001277093,0.001253022,0.001230103,0.001207199,0.001185062,0.001162662,0.001141455,0.001119839,0.001099383,0.001078479,0.001058693,0.001038472,0.001019285,0.000999531,0.0009808582,0.0009615443,0.0009432205,0.0009240865,0.000905941,0.0008868935,0.0008687156,0.0008496492,0.0008313719,0.0008120299,0.0007933853,0.0007738385,0.0007549616,0.0007348279,0.0007155233,0.0006951451,0.0006754481,0.0006547763,0.0006348871,0.0006140306,0.0005941831,0.000573468,0.0005540335,0.0005339785,0.0005154998,0.0004966413,0.0004796836,0.0004629576,0.0004483962,0.0004341758,0.0004229558,0.0004128335,0.0004061998,0.0004009086,0.0003994244,0.000399526,0.0004043352,0.0004117437,0.0004242923,0.0004392137,0.0004592458,0.0004819334,0.0005118217,0.000543908,0.0005813819,0.0006215342,0.0006660029,0.0007139852,0.000764642,0.0008195409,0.0008765807,0.0009331233,0.0009922421,0.001052148,0.001114023,0.001174321,0.001234334,0.00128994,0.001343221,0.001393067,0.001443747,0.001487188,0.001527994,0.001562169,0.001596154,0.001625324,0.001651414,0.001673194,0.001685875,0.00169418,0.001699969,0.001706936,0.001708844,0.001702947,0.001694359,0.00168667,0.00167743,0.001661872,0.001644606,0.0016288,0.001610288
0.001815969,0.001791697,0.001765368,0.001741976,0.00171532,0.001688735,0.001663083,0.00163682,0.001609687,0.001584783,0.001557942,0.001532799,0.001507381,0.001482675,0.001457816,0.001434443,0.001410497,0.001387998,0.001365076,0.001343371,0.001321331,0.001300711,0.001279448,0.00125951,0.001239073,0.001219835,0.001199904,0.001181226,0.001161779,0.001143472,0.001124179,0.001106012,0.001086756,0.001068494,0.001049193,0.00103068,0.001010931,0.0009919717,0.000971869,0.0009524795,0.0009316457,0.0009115101,0.0008902046,0.0008695548,0.0008476177,0.0008264905,0.000804175,0.0007827519,0.0007602803,0.0007390403,0.000717001,0.0006964208,0.0006753383,0.000656204,0.0006371216,0.0006201509,0.0006035777,0.0005900349,0.0005776147,0.0005687722,0.0005614465,0.000558253,0.0005567719,0.0005600044,0.0005660448,0.0005780726,0.0005936108,0.0006142347,0.0006372737,0.0006677202,0.0007009259,0.0007401225,0.0007836908,0.0008326769,0.00088513,0.0009400056,0.001001228,0.001064137,0.001125452,0.001188963,0.001254403,0.00132204,0.001388101,0.001452264,0.001511366,0.001568555,0.001624067,0.001680079,0.001727455,0.001772048,0.001814779,0.001847822,0.001877061,0.001898589,0.001918117,0.001934667,0.001946256,0.001954649,0.001953658,0.001950448,0.001946482,0.00194114,0.001928333,0.001912412,0.001897753,0.00188187,0.001859222,0.001837315
0.002014952,0.001989373,0.001963228,0.001933887,0.001905885,0.001878846,0.001849035,0.001821576,0.001793735,0.001765589,0.00173835,0.00171184,0.001684614,0.001659406,0.001633476,0.001608933,0.001584765,0.001561387,0.001537955,0.001515857,0.00149353,0.001472512,0.001451132,0.001431003,0.001410562,0.001391221,0.001371341,0.001352644,0.001333296,0.00131502,0.001295821,0.0012777,0.001258511,0.001240211,0.00122089,0.001202315,0.00118242,0.00116316,0.001142826,0.001123065,0.001101624,0.001080932,0.001058865,0.001037283,0.001014379,0.0009920662,0.0009683738,0.0009455296,0.0009213702,0.0008983946,0.0008743323,0.0008518014,0.0008284468,0.0008070217,0.0007855695,0.0007662706,0.0007470039,0.0007310866,0.0007162047,0.0007052911,0.0006956839,0.0006905032,0.0006868338,0.0006889111,0.0006941453,0.0007059703,0.0007205321,0.0007410595,0.0007642765,0.0007976582,0.0008333938,0.0008759812,0.0009224486,0.0009742142,0.001031095,0.001090227,0.001157214,0.001225786,0.001292543,0.00136259,0.001434895,0.001510257,0.001583651,0.001655914,0.001721353,0.001783116,0.001841338,0.00190247,0.001952441,0.001999009,0.002037963,0.002075213,0.002107409,0.002134284,0.002157937,0.002168602,0.002174417,0.002177257,0.002182397,0.002181161,0.002170875,0.002157258,0.002145256,0.002131284,0.002110633,0.002087692,0.002067063,0.002043475
0.002191497,0.002161305,0.002129131,0.002100603,0.002068976,0.002037469,0.002007604,0.001977258,0.001946247,0.001918022,0.001887964,0.001859938,0.001831998,0.001804938,0.001777993,0.001752887,0.00172743,0.00170362,0.001679589,0.001656957,0.001634175,0.001613032,0.001591328,0.001571139,0.001550557,0.001531312,0.001511402,0.001492887,0.001473582,0.001455546,0.00143643,0.001418544,0.001399426,0.001381345,0.001362085,0.001343596,0.001323616,0.001304397,0.001283802,0.001263837,0.001242055,0.001220844,0.001198135,0.001175899,0.001151976,0.001128661,0.001103723,0.001079475,0.001053712,0.001029037,0.001003053,0.0009784196,0.0009528076,0.0009291254,0.0009051637,0.0008832566,0.0008614603,0.0008429622,0.0008254885,0.0008119956,0.0008000175,0.0007928046,0.0007873586,0.0007876148,0.0007912579,0.0008023554,0.0008176566,0.000839025,0.0008629445,0.0008970856,0.0009344667,0.0009793484,0.001030145,0.001087731,0.00115039,0.001215172,0.001290271,0.001366553,0.001439908,0.0015161,0.001595823,0.001678731,0.001759649,0.00183743,0.00190752,0.001974108,0.002038997,0.002106081,0.002160466,0.002210745,0.002259335,0.002295035,0.002326655,0.002347569,0.002367125,0.002381227,0.002389702,0.002394835,0.002389668,0.002381108,0.002371729,0.002360978,0.002342183,0.002319286,0.002298438,0.002276444,0.002247142,0.00221863
0.002337854,0.002305176,0.002272683,0.002236675,0.002202731,0.002170306,0.002135165,0.002102885,0.002070759,0.002038407,0.002007527,0.001977707,0.001947402,0.001919525,0.001891188,0.001864527,0.00183861,0.001813675,0.001788912,0.001765744,0.001742549,0.001720877,0.001698997,0.001678577,0.001657969,0.001638633,0.001618824,0.001600345,0.001581215,0.001563305,0.001544428,0.001526732,0.001507871,0.001489944,0.001470856,0.001452533,0.00143265,0.001413377,0.001392768,0.001372674,0.001350534,0.001329024,0.001305762,0.001282802,0.001258098,0.001233769,0.001207571,0.001182026,0.001154646,0.001128279,0.001100224,0.001073587,0.001045574,0.001019421,0.0009928033,0.0009683219,0.0009435019,0.0009222669,0.0009018598,0.0008858259,0.0008710498,0.0008613846,0.0008532987,0.0008520859,0.0008546676,0.0008654327,0.0008795494,0.0009008702,0.0009251286,0.0009627122,0.00100342,0.00105269,0.001107544,0.001169087,0.001237783,0.001308713,0.001391601,0.001475818,0.001557128,0.001642657,0.001731884,0.001825112,0.001915732,0.00200417,0.002082978,0.00215606,0.002224649,0.002297892,0.002355722,0.002408504,0.002452254,0.00249222,0.002526486,0.002552665,0.00257636,0.002582895,0.002583747,0.002580764,0.002581167,0.002573933,0.002556333,0.002534547,0.002515113,0.002493492,0.002464774,0.002433264,0.002405157,0.002374107
0.002464708,0.002426051,0.002385482,0.002349624,0.002310935,0.002272561,0.002236702,0.002200657,0.002164209,0.002131305,0.002096786,0.002064736,0.002033272,0.002002921,0.001973061,0.001945486,0.001917744,0.001892048,0.001866344,0.001842358,0.001818416,0.001796393,0.001773974,0.001753339,0.001732415,0.00171307,0.001693144,0.001674771,0.001655625,0.00163792,0.001619137,0.001601688,0.001582951,0.001565303,0.00154635,0.001528193,0.001508341,0.001489242,0.001468466,0.001448255,0.001425944,0.001404021,0.001380206,0.001356681,0.001331025,0.001305711,0.0012783,0.001251298,0.001222294,0.001194077,0.001163964,0.00113495,0.001104428,0.001075644,0.001046059,0.001018432,0.0009906476,0.0009661911,0.0009425334,0.0009230564,0.0009051451,0.0008926007,0.0008821872,0.0008784489,0.0008788397,0.0008881308,0.0009027284,0.0009247618,0.000950081,0.0009882939,0.001031169,0.001083358,0.00114367,0.001212768,0.001289078,0.001368215,0.001461532,0.001556446,0.001648081,0.001743438,0.001843672,0.001947685,0.002049093,0.002145939,0.002232489,0.00231333,0.002391287,0.002471771,0.002535935,0.002593394,0.002648792,0.002687412,0.002720785,0.002740054,0.002757427,0.002767264,0.0027701,0.002769113,0.002756262,0.002738968,0.002720843,0.002701291,0.002672846,0.00263945,0.002608824,0.002577487,0.002538313,0.002500264
0.002565877,0.002523023,0.002481252,0.002435927,0.002393426,0.002353339,0.002310651,0.002271513,0.002233227,0.002194923,0.002158809,0.002124232,0.002089506,0.002057716,0.002025878,0.00199606,0.001967327,0.001939988,0.001913062,0.001888129,0.001863393,0.001840433,0.001817532,0.001796356,0.001775135,0.001755429,0.001735414,0.001716846,0.001697723,0.001679946,0.001661313,0.001643897,0.001625368,0.001607774,0.001588945,0.001570874,0.001551138,0.001531941,0.001511138,0.001490732,0.001468087,0.001445828,0.001421437,0.001397091,0.001370605,0.001344134,0.001315343,0.001286823,0.001256018,0.001225758,0.001193258,0.001161756,0.001128397,0.001096491,0.001063556,0.00103257,0.001001003,0.0009728049,0.0009452088,0.0009219798,0.0009001492,0.0008838261,0.0008696893,0.0008632652,0.0008615995,0.0008693379,0.0008816194,0.000902626,0.0009281907,0.0009692464,0.001015731,0.00107288,0.001138039,0.001212156,0.001295872,0.001384265,0.001487145,0.001592963,0.001697079,0.001806837,0.001921199,0.00203984,0.002155159,0.002267113,0.002367438,0.002459692,0.002545093,0.002633689,0.002704524,0.002767311,0.002817834,0.002862626,0.002899114,0.002925136,0.002946792,0.002948179,0.00294196,0.00293021,0.002922035,0.00290537,0.002876878,0.002843038,0.002811883,0.002778924,0.002738059,0.00269415,0.002654836,0.002613067
0.002655367,0.002604783,0.002552282,0.002506005,0.002457223,0.002409161,0.002364654,0.002320496,0.002276278,0.002236594,0.002195653,0.002157729,0.002121068,0.00208588,0.002051691,0.002020306,0.001988927,0.001960209,0.001931764,0.001905452,0.001879437,0.00185566,0.00183178,0.001809977,0.00178804,0.001767967,0.001747505,0.001728737,0.001709333,0.001691479,0.001672729,0.001655305,0.001636723,0.001619206,0.001600361,0.001582263,0.001562451,0.001543279,0.001522196,0.001501461,0.001478581,0.001455724,0.001430642,0.001405529,0.001377906,0.001350168,0.001319944,0.001289579,0.001256811,0.001224166,0.001189168,0.001154588,0.001118086,0.00108266,0.001045906,0.001010649,0.0009750719,0.0009422656,0.0009100924,0.0008817618,0.0008552704,0.0008342369,0.0008162679,0.0008053947,0.0007997081,0.0008036372,0.0008146408,0.0008347116,0.0008606135,0.0009004059,0.0009480926,0.001007437,0.001077771,0.001160151,0.001252253,0.001351138,0.00146609,0.001585696,0.001704894,0.00182955,0.001960105,0.002094491,0.002225948,0.002351396,0.002465277,0.002571326,0.002672264,0.002771989,0.002854287,0.002925895,0.002993041,0.003039416,0.003076631,0.003097055,0.003110968,0.003117101,0.003113454,0.003104404,0.003080085,0.003050525,0.003020015,0.002987857,0.002945214,0.002897226,0.002852367,0.002807728,0.002754502,0.00270303
0.002728195,0.002671139,0.002616274,0.002557982,0.002503355,0.002452369,0.002398996,0.002350069,0.002302934,0.002256126,0.002212386,0.002170851,0.002129625,0.002092045,0.002054959,0.002020299,0.001987168,0.001955999,0.001925595,0.001897661,0.001870249,0.001844933,0.001820047,0.001797185,0.001774496,0.00175361,0.001732657,0.001713316,0.001693602,0.001675346,0.001656446,0.001638766,0.001620133,0.001602421,0.001583465,0.001565233,0.001545349,0.001525859,0.001504563,0.001483446,0.001460011,0.001436619,0.001410754,0.001384563,0.001355847,0.001326666,0.001294703,0.001262441,0.001227389,0.00119218,0.001154174,0.00111642,0.001076275,0.001036789,0.0009956422,0.0009558882,0.0009151429,0.0008770917,0.0008393024,0.0008054604,0.0007730938,0.0007461939,0.0007221641,0.0007061762,0.0006958449,0.0006955626,0.0007012828,0.000717537,0.0007410306,0.0007811636,0.000830233,0.0008926358,0.0009661375,0.001051862,0.00115058,0.001258876,0.001383776,0.00151609,0.001651107,0.001794688,0.001944176,0.002098487,0.002249456,0.002396581,0.002531465,0.002656416,0.002771474,0.002886059,0.002982063,0.003066172,0.003132652,0.003190878,0.003235813,0.00326739,0.003289592,0.003288395,0.003276253,0.003255082,0.003236231,0.003207672,0.003165202,0.003115588,0.003068471,0.003020183,0.002962808,0.002902118,0.002847221,0.00279057
0.002800611,0.002733832,0.002665096,0.00260433,0.002541553,0.002480005,0.002423269,0.002367669,0.002312466,0.002263038,0.00221287,0.002166433,0.002122118,0.002079836,0.002039174,0.00200199,0.001965148,0.001931675,0.001898922,0.0018688,0.001839353,0.001812573,0.001786069,0.001762001,0.001738066,0.001716323,0.001694463,0.001674512,0.001654145,0.00163547,0.001616123,0.001598146,0.001579179,0.001561285,0.001542101,0.001523616,0.001503452,0.001483785,0.001462054,0.001440415,0.001416579,0.001392379,0.001365648,0.001338479,0.001308413,0.001277684,0.001244033,0.001209555,0.001172167,0.001134078,0.001093088,0.001051602,0.001007613,0.0009637551,0.0009178967,0.0008727074,0.0008267324,0.0007826089,0.0007386929,0.000697912,0.0006589347,0.0006250822,0.0005948759,0.0005716806,0.0005543341,0.0005468216,0.0005480206,0.0005598493,0.0005801613,0.0006149514,0.0006610405,0.0007214347,0.000796065,0.0008866472,0.0009904812,0.001106529,0.001241696,0.001387446,0.00153871,0.001699111,0.001867685,0.002041168,0.002212626,0.002377954,0.002532144,0.002677859,0.002817104,0.002951578,0.003068693,0.00317099,0.003265424,0.003333461,0.00338642,0.003418183,0.003436394,0.003445429,0.003439952,0.003425677,0.00339063,0.003348303,0.003303927,0.003256967,0.003197062,0.003130831,0.003067783,0.003005811,0.002934178,0.002864792
0.002866996,0.00279133,0.002719122,0.002643534,0.002572516,0.002506576,0.002438577,0.002376051,0.002316522,0.002257798,0.002203193,0.002151687,0.002101086,0.002055044,0.002010223,0.001968375,0.001928741,0.001891705,0.001855984,0.001823307,0.001791645,0.00176252,0.001734312,0.001708514,0.001683265,0.001660156,0.001637327,0.001616357,0.00159531,0.001575886,0.001556077,0.001537576,0.001518318,0.001500014,0.001480542,0.001461765,0.001441396,0.001421273,0.001399246,0.001377174,0.00135266,0.001327856,0.001300288,0.001271954,0.001240718,0.001208469,0.001172942,0.001136445,0.00109657,0.001055713,0.001011416,0.0009664511,0.0009183962,0.0008699949,0.0008191449,0.0007688126,0.0007167698,0.0006664404,0.0006157418,0.0005682158,0.0005218436,0.0004804372,0.0004420319,0.0004114496,0.0003868713,0.000372428,0.0003648566,0.0003690061,0.0003825777,0.0004133797,0.0004558924,0.0005139538,0.0005856889,0.000672453,0.0007758552,0.0008947338,0.001033637,0.001187476,0.001351825,0.001530142,0.001717193,0.001910771,0.002102074,0.002290626,0.002468699,0.002638181,0.002798016,0.00295674,0.00309878,0.003226545,0.003330219,0.003422536,0.003494876,0.003549213,0.003587225,0.003596009,0.003588194,0.003565332,0.003541649,0.003505001,0.003450391,0.003385243,0.00332131,0.003255925,0.003179438,0.003098556,0.003024373,0.002948885
0.00294288,0.002856233,0.002767218,0.002687851,0.002606976,0.002527733,0.002454675,0.002383688,0.002313612,0.002250741,0.002187814,0.002129461,0.002074284,0.002021886,0.001971895,0.00192625,0.001881531,0.001840958,0.001801779,0.001765841,0.001731154,0.001699704,0.001669063,0.001641322,0.001614178,0.001589624,0.001565365,0.001543329,0.001521246,0.00150107,0.001480533,0.001461502,0.001441724,0.001423077,0.001403306,0.001384193,0.001363515,0.001343196,0.001320813,0.001298252,0.001273445,0.001247899,0.001219614,0.001190427,0.001158021,0.001124344,0.001087349,0.001048758,0.001006747,0.0009631205,0.0009160457,0.0008674362,0.0008156805,0.000762959,0.0007075318,0.0006516803,0.0005944075,0.0005378327,0.0004808806,0.0004260478,0.0003726981,0.0003236955,0.0002784571,0.000239569,0.0002066629,0.0001830693,0.0001690935,0.0001662819,0.0001737209,0.0001949887,0.0002293924,0.0002792203,0.0003444349,0.000427292,0.0005249815,0.0006399331,0.0007777844,0.0009355674,0.001108982,0.001298184,0.001499606,0.001707629,0.001914313,0.0021143,0.002305064,0.002491682,0.002678365,0.002864382,0.003039656,0.003199201,0.003347892,0.003464104,0.003558721,0.003627027,0.003672796,0.003706173,0.003717436,0.003713941,0.003680768,0.003635493,0.003584615,0.003528217,0.003454224,0.003370987,0.0032897,0.003209358,0.003117187,0.003026946
0.003018303,0.002921722,0.002829514,0.002733363,0.00264239,0.002557802,0.002471385,0.002391349,0.00231566,0.002241235,0.00217209,0.002107066,0.002043669,0.001985869,0.001930239,0.001878247,0.001829438,0.001783925,0.001740507,0.001700819,0.001662874,0.001628047,0.001594816,0.001564504,0.001535347,0.001508758,0.001482975,0.001459417,0.001436263,0.001414999,0.001393735,0.00137398,0.001353776,0.001334637,0.00131456,0.00129519,0.001274395,0.001253738,0.001231244,0.001208523,0.001183263,0.001157428,0.001128668,0.0010987,0.001065546,0.001030849,0.0009924495,0.0009524207,0.0009084754,0.0008627462,0.0008129972,0.0007616786,0.0007066082,0.0006502009,0.0005906422,0.000530678,0.0004682625,0.0004065845,0.0003439231,0.0002836171,0.0002240413,0.0001687577,0.0001163029,7.113955e-05,3.191748e-05,2.358589e-06,-2.033812e-05,-3.125676e-05,-3.17564e-05,-1.583739e-05,1.259846e-05,5.664177e-05,0.0001131567,0.0001818496,0.000264791,0.0003652354,0.0004879149,0.0006367092,0.0008094053,0.001005982,0.001216791,0.001436994,0.001654149,0.001864642,0.002061623,0.002253784,0.002448857,0.002659677,0.002870267,0.003070681,0.003238547,0.003393189,0.003523954,0.003634259,0.003721214,0.003770576,0.003795502,0.003796181,0.003790276,0.003764593,0.003713261,0.003644679,0.003573429,0.003497868,0.003406869,0.003308178,0.003215745,0.003121177
0.003103565,0.002997754,0.002887925,0.002788592,0.002687652,0.00258811,0.002495821,0.002406324,0.002318038,0.002238318,0.002159223,0.002085508,0.002016101,0.001950292,0.001887797,0.001830641,0.001775228,0.001724778,0.001676609,0.001632403,0.001590237,0.001552036,0.001515374,0.001482218,0.001450361,0.001421616,0.001393773,0.001368614,0.001343986,0.001321618,0.001299356,0.001278878,0.00125805,0.001238514,0.001218208,0.001198596,0.001177676,0.001157052,0.001134557,0.001111695,0.001086618,0.001060507,0.001031619,0.001001417,0.0009678283,0.000932429,0.0008934681,0.0008522261,0.0008072098,0.0007597777,0.0007085418,0.0006548809,0.0005976348,0.0005385146,0.0004762854,0.0004127124,0.0003473488,0.0002818111,0.0002156549,0.0001508769,8.753996e-05,2.795922e-05,-2.761832e-05,-7.747835e-05,-0.0001212807,-0.000156621,-0.0001819895,-0.0001966502,-0.0002006092,-0.00019321,-0.0001727016,-0.0001364508,-8.690391e-05,-2.628709e-05,3.76658e-05,0.0001124082,0.0002080335,0.0003357377,0.0004964389,0.0006853881,0.0008949685,0.001117476,0.001341157,0.001548644,0.00172978,0.001898966,0.00208661,0.002308822,0.002559148,0.002806999,0.003034613,0.003217789,0.003382341,0.003525132,0.00363769,0.003734917,0.003801873,0.003846173,0.003847626,0.003828613,0.003797017,0.003753536,0.003683776,0.003597871,0.003509667,0.003419582,0.003312798,0.003205415
0.003180508,0.003067904,0.002959112,0.002844055,0.002733664,0.00263,0.002524056,0.002424694,0.002330766,0.002238133,0.002151769,0.002070365,0.001991259,0.001918682,0.001849335,0.001784264,0.001723547,0.001666805,0.001613105,0.001563885,0.001517335,0.001474608,0.001434353,0.001397653,0.001362952,0.001331385,0.001301348,0.001274073,0.001247892,0.001224047,0.001200753,0.001179354,0.001157978,0.001137938,0.001117374,0.001097677,0.001076863,0.001056233,0.001034003,0.001011534,0.0009865154,0.000960799,0.0009321562,0.0009020285,0.0008685756,0.0008332474,0.0007939498,0.0007526019,0.0007069816,0.000659078,0.0006068077,0.0005524475,0.0004939693,0.0004336383,0.0003698785,0.0003053492,0.0002380928,0.0001713172,0.0001035468,3.810888e-05,-2.644295e-05,-8.662578e-05,-0.000143727,-0.0001934162,-0.0002369578,-0.0002710375,-0.0002988743,-0.0003154031,-0.0003217979,-0.0003150227,-0.000298209,-0.0002631664,-0.0002131105,-0.0001608196,-0.0001166857,-7.620126e-05,-2.741105e-05,5.684782e-05,0.0001874987,0.0003590241,0.0005521758,0.0007656302,0.0009901732,0.001207398,0.00137644,0.00149849,0.001625709,0.001825792,0.002102606,0.00241412,0.002665682,0.002874085,0.003074087,0.003281001,0.003460312,0.003590082,0.003693854,0.003763644,0.003819235,0.003844968,0.003833801,0.003794497,0.003745156,0.003684072,0.003598909,0.003498447,0.003400841,0.003297166
0.003251571,0.003137614,0.003015204,0.002902062,0.002785356,0.002668246,0.002558221,0.00245081,0.002344019,0.002246615,0.002149987,0.002059188,0.001973507,0.001892089,0.001814711,0.00174365,0.001675136,0.001612402,0.001552816,0.001498019,0.001446084,0.001399013,0.00135428,0.001313848,0.001275538,0.001241077,0.00120823,0.001178772,0.001150554,0.001125209,0.001100553,0.001078218,0.001056052,0.001035586,0.001014839,0.0009950722,0.0009743558,0.0009541171,0.0009323306,0.0009102526,0.0008860711,0.0008608103,0.0008328672,0.000803471,0.0007706587,0.0007358015,0.0006973135,0.0006562232,0.00061123,0.0005634727,0.0005118574,0.0004574927,0.0003995162,0.0003394604,0.0002764821,0.0002120864,0.0001462645,8.046096e-05,1.470444e-05,-4.92352e-05,-0.0001108366,-0.0001681138,-0.0002203513,-0.0002665326,-0.0003059745,-0.000337121,-0.0003584683,-0.000369999,-0.0003699104,-0.000364136,-0.0003564674,-0.0003313793,-0.0002749201,-0.0002056679,-0.000167301,-0.0001578098,-0.0001590748,-0.0001306723,-4.332223e-05,9.138567e-05,0.000246308,0.0004193859,0.0006234382,0.000841181,0.001001378,0.001060263,0.001100014,0.001229612,0.001501396,0.001880248,0.002226075,0.002416398,0.0026125,0.002872691,0.003091568,0.003279024,0.003450101,0.003596328,0.003679345,0.003733808,0.003767979,0.003781844,0.003756472,0.003702802,0.003638057,0.003564243,0.003464159,0.0033571
0.003290757,0.003179972,0.003069301,0.002946821,0.002826005,0.002710199,0.002589801,0.002474726,0.002364956,0.002255568,0.002152528,0.002054753,0.001959287,0.001870971,0.001786519,0.001706881,0.001632506,0.001562812,0.001496828,0.001436225,0.001379012,0.001326584,0.001277336,0.001232594,0.001190573,0.001152636,0.001116818,0.001084729,0.00105431,0.001027156,0.001000977,0.00097758,0.0009545533,0.0009336502,0.0009125036,0.0008929356,0.0008723862,0.0008526343,0.0008313445,0.0008104124,0.0007867208,0.0007628072,0.0007357817,0.0007076536,0.0006758769,0.0006426096,0.0006049532,0.000565633,0.0005215941,0.0004757012,0.0004250805,0.0003729357,0.0003164295,0.0002588186,0.0001977938,0.0001371257,7.392698e-05,1.268616e-05,-4.890701e-05,-0.0001062886,-0.000161983,-0.0002114079,-0.0002571582,-0.0002938215,-0.0003241617,-0.0003430584,-0.0003578857,-0.0003648393,-0.0003584483,-0.0003352321,-0.0003299545,-0.0003245664,-0.0002643976,-0.0001725988,-0.0001262448,-0.0001301039,-0.0001701046,-0.0002012028,-0.0001673312,-7.040567e-05,3.026453e-05,0.0001367579,0.0002745209,0.0004746399,0.0006493405,0.0006710265,0.0006040768,0.0006348634,0.0008307655,0.001255379,0.001671041,0.001813457,0.001951493,0.002316269,0.002632531,0.002817187,0.003042713,0.003237074,0.003397421,0.00352477,0.003604508,0.003644328,0.00366656,0.003665175,0.003625874,0.003558215,0.003486109,0.003399489
0.003295641,0.003199543,0.003084744,0.002976193,0.002857318,0.00273504,0.002615784,0.002498602,0.002378101,0.002268097,0.002156192,0.002051244,0.00194975,0.001854181,0.001761164,0.001676705,0.001593621,0.001518575,0.001445586,0.001379789,0.001315814,0.001259303,0.001204136,0.001155841,0.00110875,0.00106812,0.001028085,0.0009940717,0.000960302,0.0009320245,0.0009033125,0.0008794985,0.000854673,0.0008340277,0.0008118763,0.0007931185,0.0007720243,0.0007537446,0.000732477,0.0007131985,0.0006901637,0.0006682146,0.0006418944,0.0006162719,0.0005854302,0.0005546613,0.000518455,0.0004817851,0.000439418,0.000396539,0.0003481594,0.0002994833,0.0002457219,0.0001926526,0.0001355399,8.01201e-05,2.252829e-05,-3.143592e-05,-8.571713e-05,-0.0001342189,-0.0001805745,-0.000218692,-0.0002522752,-0.0002765533,-0.0002967383,-0.0003045497,-0.0003015278,-0.0002997933,-0.0002887389,-0.0002398809,-0.0002251331,-0.0002613255,-0.0002246104,-9.626868e-05,-3.9917e-05,-3.862656e-05,-5.668334e-05,-7.798939e-05,-7.014479e-05,-3.874277e-05,-8.224233e-06,1.814753e-05,5.763024e-05,0.0001250991,0.0002003836,0.0002058088,0.0001661633,0.0001605077,0.0002352569,0.0005659464,0.001139178,0.00118395,0.001159347,0.001632311,0.002009813,0.002156897,0.002477516,0.002790927,0.002964978,0.003140798,0.003287227,0.003411721,0.003483677,0.003512945,0.003517977,0.003504292,0.003448007,0.003375864
0.003239325,0.003162387,0.003076705,0.002970553,0.002858245,0.002747747,0.00262566,0.002507126,0.00238968,0.002272021,0.002157026,0.0020487,0.001939106,0.00183893,0.001739815,0.001648179,0.001559394,0.001478531,0.001398653,0.001327863,0.001257778,0.001196508,0.001135696,0.00108362,0.001031507,0.0009879282,0.0009435139,0.0009074528,0.0008700333,0.0008406481,0.0008089974,0.0007849776,0.0007579405,0.0007379084,0.0007140866,0.0006967898,0.0006747313,0.0006584251,0.0006366297,0.0006202545,0.0005968548,0.0005782592,0.0005521988,0.0005301226,0.0004998558,0.0004733252,0.0004377269,0.0004058797,0.0003646107,0.0003271672,0.0002803655,0.0002381128,0.0001870336,0.0001413603,8.804733e-05,4.222959e-05,-1.016489e-05,-5.292731e-05,-9.976792e-05,-0.0001342645,-0.0001709243,-0.0001934022,-0.0002175353,-0.0002240272,-0.0002332458,-0.0002260944,-0.0002060952,-0.0001917986,-0.000206118,-0.0001209947,-6.576922e-05,-9.092565e-05,-7.434853e-05,-1.666096e-05,-2.404424e-07,4.590671e-06,7.817054e-06,1.424019e-05,1.634284e-05,1.651174e-05,1.224535e-05,1.168545e-05,5.543657e-06,-3.870465e-07,-1.101546e-05,-5.917484e-06,-1.670716e-06,9.210012e-06,1.463665e-05,0.0001009129,0.0003430687,0.0003936841,0.0003175527,0.0008860611,0.001418683,0.00133537,0.001777036,0.002149548,0.002364503,0.002654539,0.002852668,0.003013428,0.003161286,0.003270298,0.003326514,0.003337214,0.003334019,0.003304899
0.003119947,0.003081653,0.003002865,0.002929547,0.002830632,0.00272583,0.002613804,0.00250307,0.002380678,0.00226918,0.00215045,0.00203858,0.001927289,0.001821852,0.001717423,0.001621672,0.001527085,0.001440296,0.001356237,0.001278794,0.001204626,0.001137111,0.001073101,0.001014708,0.0009603472,0.0009108552,0.000865238,0.0008236566,0.0007861331,0.0007517401,0.0007211019,0.0006925567,0.0006675917,0.0006435381,0.00062294,0.0006020452,0.0005840397,0.0005647078,0.0005479402,0.0005286098,0.0005113163,0.0004900793,0.0004705579,0.0004463826,0.0004233682,0.0003947286,0.0003674319,0.0003337268,0.0003015464,0.000262795,0.0002263302,0.0001834884,0.0001439653,9.912079e-05,5.936036e-05,1.518247e-05,-2.127882e-05,-6.026323e-05,-8.914248e-05,-0.0001188589,-0.0001358981,-0.000151467,-0.0001547282,-0.0001546327,-0.0001421807,-0.0001471261,-9.852528e-05,-5.48505e-05,-7.005838e-05,-1.957458e-05,7.463998e-07,6.805428e-06,1.310103e-05,7.540914e-06,1.112535e-06,1.374786e-07,NaN,NaN,NaN,NaN,NaN,NaN,NaN,NaN,NaN,NaN,NaN,1.709317e-05,2.251926e-05,-3.760454e-06,-2.838995e-05,-9.617052e-06,1.86561e-05,0.0001706389,0.0004977441,0.0003972431,0.0009939391,0.001511711,0.001576998,0.002023639,0.002230615,0.002527058,0.002726879,0.002889476,0.003003681,0.003104111,0.003128475,0.003139209
0.002921575,0.002916772,0.002892237,0.002830098,0.002757461,0.002672402,0.002574757,0.002465289,0.002362364,0.002242732,0.002134722,0.002017455,0.001910274,0.001796082,0.001697117,0.001588389,0.001498832,0.001399514,0.00131871,0.001228708,0.001158298,0.001077759,0.001017726,0.000946798,0.0008969074,0.000835315,0.0007947747,0.0007416973,0.0007099913,0.0006648243,0.0006407974,0.0006022428,0.0005847423,0.0005514274,0.0005389809,0.0005096314,0.0005006954,0.0004734291,0.000466344,0.0004400606,0.000432848,0.0004051803,0.0003966388,0.0003663073,0.0003548441,0.0003209312,0.0003054889,0.0002673002,0.000247826,0.0002054614,0.0001825198,0.0001373435,0.0001128581,6.686444e-05,4.343297e-05,4.725325e-07,-1.84739e-05,-5.51071e-05,-6.520523e-05,-9.017035e-05,-8.89845e-05,-9.817167e-05,-8.746734e-05,-8.58865e-05,-4.811226e-05,-4.739193e-05,-1.600907e-05,2.414176e-07,5.557073e-06,5.691358e-06,-3.362326e-06,NaN,NaN,NaN,NaN,NaN,NaN,NaN,NaN,NaN,NaN,NaN,NaN,NaN,NaN,NaN,NaN,NaN,NaN,NaN,NaN,NaN,3.464303e-05,-3.232135e-05,-1.904687e-05,1.390705e-05,0.0002236291,0.0004962044,0.0006838,0.001377024,0.001494229,0.001875415,0.002146384,0.002411458,0.002594827,0.002729391,0.00283089,0.002906294
0.002654224,0.002692384,0.002702212,0.002677546,0.002644921,0.002568033,0.002501353,0.002403659,0.002310727,0.002200556,0.002100775,0.001981958,0.001882153,0.001764606,0.001666396,0.001555495,0.001464077,0.001360595,0.00127797,0.001183242,0.001109601,0.001024994,0.0009614212,0.0008866462,0.000833111,0.0007684226,0.0007244091,0.0006690277,0.0006341592,0.0005876131,0.0005608813,0.0005218986,0.0005021713,0.0004694281,0.0004554053,0.0004275645,0.0004174309,0.0003927823,0.0003850925,0.0003619786,0.0003549152,0.0003313218,0.0003230113,0.0002978616,0.0002871062,0.0002588895,0.0002450102,0.0002133348,0.0001960166,0.0001612737,0.0001415143,0.0001051583,8.473745e-05,4.927785e-05,3.145034e-05,-3.956808e-07,-1.27132e-05,-3.612683e-05,-4.066678e-05,-5.164641e-05,-4.869526e-05,-4.392732e-05,-2.646345e-05,-2.290547e-05,-3.324291e-06,1.488649e-06,3.466148e-06,-4.703486e-06,NaN,NaN,NaN,NaN,NaN,NaN,NaN,NaN,NaN,NaN,NaN,NaN,NaN,NaN,NaN,NaN,NaN,NaN,NaN,NaN,NaN,NaN,NaN,NaN,NaN,NaN,NaN,3.226515e-05,-2.954137e-05,-2.302702e-05,9.710735e-05,0.0004228636,0.0006007238,0.001188868,0.001484924,0.001772265,0.002061815,0.002281726,0.002442389,0.00255462
0.002282829,0.002387865,0.002458218,0.002467329,0.002464501,0.002433673,0.002381065,0.002306668,0.002233061,0.002133748,0.002041702,0.001935567,0.001834868,0.001724624,0.001625994,0.001516548,0.001423118,0.001320577,0.001233301,0.001138634,0.001060335,0.0009746008,0.0009061267,0.0008301873,0.0007719207,0.0007060401,0.0006576923,0.0006013766,0.0005627575,0.000515696,0.000485942,0.0004469932,0.0004250899,0.0003929682,0.0003774901,0.0003509379,0.0003403827,0.0003174432,0.000310048,0.0002895498,0.0002833429,0.0002628251,0.0002565114,0.0002346165,0.0002266548,0.0002025662,0.0001919974,0.0001651299,0.0001522641,0.0001230495,0.0001086506,7.871276e-05,6.533018e-05,3.654692e-05,2.652547e-05,3.130775e-06,-2.482849e-06,-1.707171e-05,-1.771771e-05,-1.893125e-05,-1.222034e-05,-1.057944e-05,1.536126e-07,-5.212557e-07,-4.484654e-08,-4.274122e-06,NaN,NaN,NaN,NaN,NaN,NaN,NaN,NaN,NaN,NaN,NaN,NaN,NaN,NaN,NaN,NaN,NaN,NaN,NaN,NaN,NaN,NaN,NaN,NaN,NaN,NaN,NaN,NaN,NaN,NaN,NaN,4.440834e-05,-1.072889e-05,-2.926949e-05,5.709679e-05,0.0003401048,0.000599313,0.001125997,0.001426654,0.001708863,0.001938518,0.002162961
0.001834708,0.002035187,0.002125758,0.00219892,0.002243875,0.002238703,0.002222463,0.002177439,0.002118053,0.002041198,0.001962609,0.001864059,0.00177577,0.001668854,0.001575214,0.001468437,0.001376993,0.00127314,0.001187836,0.00108992,0.001012,0.0009225586,0.0008540899,0.0007737086,0.0007153192,0.0006449471,0.0005966937,0.0005360342,0.0004978758,0.0004468335,0.0004180919,0.0003756697,0.0003553701,0.0003204147,0.0003073344,0.0002785788,0.0002709368,0.0002466876,0.0002429716,0.0002214717,0.0002198667,0.0001991705,0.0001976489,0.000176595,0.0001740438,0.0001512151,0.0001470196,0.0001221001,0.0001161491,8.993175e-05,8.312627e-05,5.69141e-05,5.150328e-05,2.73828e-05,2.497052e-05,7.070314e-06,5.04244e-06,-1.039353e-06,-2.058714e-06,-3.967908e-06,6.304675e-07,-1.524773e-06,-1.579106e-06,NaN,NaN,NaN,NaN,NaN,NaN,NaN,NaN,NaN,NaN,NaN,NaN,NaN,NaN,NaN,NaN,NaN,NaN,NaN,NaN,NaN,NaN,NaN,NaN,NaN,NaN,NaN,NaN,NaN,NaN,NaN,NaN,NaN,NaN,NaN,NaN,NaN,7.158048e-06,-3.045872e-05,5.30397e-05,0.0003178931,0.0006203401,0.001129834,0.001330608,0.00166456
0.001277,0.001604368,0.001750506,0.001865353,0.001959031,0.002009706,0.002017292,0.0020054,0.001977808,0.001916681,0.001856615,0.001776015,0.001695192,0.00159902,0.001512758,0.001409472,0.001322518,0.001220856,0.001136345,0.001039079,0.0009612454,0.0008706955,0.0008013783,0.0007194941,0.000659873,0.0005876458,0.0005380987,0.0004756455,0.0004363761,0.00038379,0.0003543225,0.0003108225,0.0002903548,0.0002548774,0.0002420955,0.0002134651,0.0002069682,0.0001832991,0.0001812475,0.0001612968,0.0001617337,0.0001431242,0.0001446995,0.0001259228,0.00012708,0.0001075551,0.0001073375,8.629361e-05,8.512066e-05,6.351857e-05,6.165803e-05,4.001045e-05,4.085396e-05,2.050285e-05,2.11704e-05,1.057484e-05,6.48588e-06,2.879104e-07,1.220948e-06,-2.498517e-06,-9.559077e-07,NaN,NaN,NaN,NaN,NaN,NaN,NaN,NaN,NaN,NaN,NaN,NaN,NaN,NaN,NaN,NaN,NaN,NaN,NaN,NaN,NaN,NaN,NaN,NaN,NaN,NaN,NaN,NaN,NaN,NaN,NaN,NaN,NaN,NaN,NaN,NaN,NaN,NaN,NaN,NaN,NaN,6.498904e-06,-2.828959e-05,7.345271e-05,0.000343455,0.0006400722,0.001155745
0.0007118109,0.001127606,0.001289198,0.001470086,0.001650704,0.001713745,0.001775836,0.001802824,0.001797638,0.001766179,0.001727745,0.001662483,0.001598476,0.001513891,0.00143443,0.001342539,0.00125718,0.001162665,0.001078327,0.00098625,0.0009056265,0.0008198264,0.0007462806,0.0006683937,0.0006035405,0.0005352338,0.0004799628,0.0004215968,0.0003763701,0.0003282161,0.0002928493,0.0002543019,0.0002281161,0.0001982413,0.0001802232,0.0001578115,0.0001463251,0.0001297788,0.0001233481,0.0001107273,0.0001075827,9.710899e-05,9.519394e-05,8.543415e-05,8.365052e-05,7.333283e-05,7.122045e-05,5.9455e-05,5.666696e-05,4.493331e-05,4.207784e-05,2.847457e-05,2.898681e-05,1.592848e-05,1.353561e-05,4.848392e-06,1.623959e-06,-2.320307e-06,-9.668044e-07,-1.476229e-06,NaN,NaN,NaN,NaN,NaN,NaN,NaN,NaN,NaN,NaN,NaN,NaN,NaN,NaN,NaN,NaN,NaN,NaN,NaN,NaN,NaN,NaN,NaN,NaN,NaN,NaN,NaN,NaN,NaN,NaN,NaN,NaN,NaN,NaN,NaN,NaN,NaN,NaN,NaN,NaN,NaN,NaN,NaN,2.951681e-05,-7.560169e-06,-2.027656e-05,0.0001084225,0.0004078323
0.0001677134,0.0004835541,0.0008385932,0.0009992394,0.001293848,0.001382773,0.001493596,0.001557727,0.00159679,0.001582218,0.001573003,0.001532801,0.00147945,0.001413924,0.001343713,0.001263704,0.001182185,0.001098834,0.001012797,0.0009305035,0.0008462131,0.0007684721,0.0006892191,0.0006190656,0.0005472736,0.0004863184,0.0004233583,0.0003724054,0.0003191082,0.0002785697,0.0002350576,0.0002045589,0.0001704108,0.0001490951,0.0001232763,0.000109992,9.133759e-05,8.428976e-05,7.10332e-05,6.879983e-05,5.90212e-05,5.933007e-05,5.187685e-05,5.276441e-05,4.587606e-05,4.704975e-05,4.011907e-05,3.959234e-05,3.236791e-05,3.189408e-05,2.522201e-05,1.893641e-05,1.808548e-05,7.939215e-06,2.678131e-06,-9.64184e-07,-1.332227e-06,-6.910801e-07,NaN,NaN,NaN,NaN,NaN,NaN,NaN,NaN,NaN,NaN,NaN,NaN,NaN,NaN,NaN,NaN,NaN,NaN,NaN,NaN,NaN,NaN,NaN,NaN,NaN,NaN,NaN,NaN,NaN,NaN,NaN,NaN,NaN,NaN,NaN,NaN,NaN,NaN,NaN,NaN,NaN,NaN,NaN,NaN,NaN,NaN,NaN,3.415795e-05,-2.092171e-05,3.585458e-06
-1.863066e-05,4.532461e-05,0.0002695614,0.0005080278,0.0009143749,0.0009895825,0.001175145,0.001296835,0.001352195,0.001377406,0.001397574,0.001378765,0.001346107,0.001298044,0.001239238,0.001174798,0.00109903,0.001025575,0.0009440943,0.0008684723,0.0007856626,0.0007132263,0.000633989,0.0005675424,0.0004947569,0.0004367111,0.0003722652,0.0003237968,0.0002687737,0.0002305405,0.0001853494,0.0001572482,0.0001215683,0.0001029358,7.604441e-05,6.574261e-05,4.617559e-05,4.27913e-05,2.918879e-05,3.058428e-05,2.108827e-05,2.573113e-05,1.848495e-05,2.448381e-05,1.781217e-05,2.420895e-05,1.838164e-05,2.274592e-05,1.533108e-05,2.029773e-05,1.370587e-05,9.550898e-06,5.021027e-06,7.17507e-07,-1.718417e-06,-3.851165e-07,NaN,NaN,NaN,NaN,NaN,NaN,NaN,NaN,NaN,NaN,NaN,NaN,NaN,NaN,NaN,NaN,NaN,NaN,NaN,NaN,NaN,NaN,NaN,NaN,NaN,NaN,NaN,NaN,NaN,NaN,NaN,NaN,NaN,NaN,NaN,NaN,NaN,NaN,NaN,NaN,NaN,NaN,NaN,NaN,NaN,NaN,NaN,NaN,NaN,NaN,NaN,2.068165e-05
1.998582e-05,-1.055078e-05,-9.50283e-07,9.69095e-05,0.0003860303,0.0006264082,0.0007977724,0.001013871,0.00108205,0.001148644,0.001196089,0.001215108,0.001190236,0.001169624,0.001124806,0.001073536,0.001008853,0.0009451148,0.0008708931,0.0008007984,0.0007247867,0.0006540173,0.0005805221,0.0005138083,0.0004463182,0.0003862841,0.0003269688,0.0002755039,0.0002256743,0.0001837692,0.0001440281,0.0001119865,8.216206e-05,5.952637e-05,3.877882e-05,2.458537e-05,1.186002e-05,4.589092e-06,-1.868408e-06,-3.612989e-06,-6.077043e-06,-4.348944e-06,-3.505748e-06,-6.697349e-07,2.338905e-07,4.644846e-06,5.958016e-06,8.345812e-06,5.94915e-06,9.899011e-06,4.789286e-06,1.516653e-06,-1.011136e-06,-9.882145e-07,-4.192963e-07,NaN,NaN,NaN,NaN,NaN,NaN,NaN,NaN,NaN,NaN,NaN,NaN,NaN,NaN,NaN,NaN,NaN,NaN,NaN,NaN,NaN,NaN,NaN,NaN,NaN,NaN,NaN,NaN,NaN,NaN,NaN,NaN,NaN,NaN,NaN,NaN,NaN,NaN,NaN,NaN,NaN,NaN,NaN,NaN,NaN,NaN,NaN,NaN,NaN,NaN,NaN,NaN,NaN
NaN,NaN,2.182055e-05,-1.710531e-05,3.338053e-05,0.0002029432,0.0004060872,0.00071367,0.0007754648,0.0009000661,0.0009858523,0.001025088,0.001026402,0.001026171,0.00100023,0.0009633898,0.0009122264,0.0008566764,0.0007949779,0.0007286789,0.0006620054,0.000593096,0.0005273293,0.0004603436,0.0003994099,0.0003379215,0.000284495,0.0002308142,0.0001864497,0.0001418842,0.0001074885,7.265068e-05,4.81333e-05,2.277411e-05,7.644165e-06,-9.16797e-06,-1.630415e-05,-2.570525e-05,-2.610481e-05,-3.019269e-05,-2.621771e-05,-2.642551e-05,-1.920424e-05,-1.765246e-05,-1.114756e-05,-8.381917e-06,-3.913651e-07,-6.474528e-07,1.369849e-06,2.137857e-06,-4.463048e-09,-9.662549e-07,-1.226598e-07,NaN,NaN,NaN,NaN,NaN,NaN,NaN,NaN,NaN,NaN,NaN,NaN,NaN,NaN,NaN,NaN,NaN,NaN,NaN,NaN,NaN,NaN,NaN,NaN,NaN,NaN,NaN,NaN,NaN,NaN,NaN,NaN,NaN,NaN,NaN,NaN,NaN,NaN,NaN,NaN,NaN,NaN,NaN,NaN,NaN,NaN,NaN,NaN,NaN,NaN,NaN,NaN,NaN,NaN,NaN
NaN,NaN,NaN,1.19636e-05,-7.150316e-06,2.938776e-06,7.899218e-05,0.0003140405,0.0004999642,0.0006084944,0.0007705647,0.0008192655,0.0008500863,0.0008691669,0.0008722926,0.0008411208,0.0008110991,0.0007636941,0.0007143752,0.0006544315,0.0005970721,0.0005324439,0.0004726894,0.0004094658,0.0003523794,0.0002939908,0.0002428684,0.0001920437,0.0001489288,0.0001071607,7.338094e-05,4.152241e-05,1.728629e-05,-4.854066e-06,-2.002807e-05,-3.330471e-05,-4.021192e-05,-4.609543e-05,-4.631963e-05,-4.595517e-05,-4.238236e-05,-3.842224e-05,-3.009896e-05,-2.510834e-05,-1.858758e-05,-1.186646e-05,-4.182022e-06,-2.479932e-06,4.148774e-08,-5.835191e-07,-4.56165e-07,-4.44449e-07,NaN,NaN,NaN,NaN,NaN,NaN,NaN,NaN,NaN,NaN,NaN,NaN,NaN,NaN,NaN,NaN,NaN,NaN,NaN,NaN,NaN,NaN,NaN,NaN,NaN,NaN,NaN,NaN,NaN,NaN,NaN,NaN,NaN,NaN,NaN,NaN,NaN,NaN,NaN,NaN,NaN,NaN,NaN,NaN,NaN,NaN,NaN,NaN,NaN,NaN,NaN,NaN,NaN,NaN,NaN,NaN
NaN,NaN,NaN,NaN,NaN,1.509962e-05,-1.197901e-05,3.397876e-05,0.0001790997,0.00032578,0.0005371397,0.0005989764,0.0006630013,0.0007090904,0.0007305387,0.0007183812,0.0007012389,0.0006689379,0.0006293576,0.0005803435,0.0005287931,0.0004734472,0.0004172455,0.0003612279,0.000306004,0.0002537352,0.000203416,0.0001578742,0.0001148136,7.784621e-05,4.376538e-05,1.647005e-05,-8.333068e-06,-2.597128e-05,-4.157419e-05,-5.03742e-05,-5.79092e-05,-5.904342e-05,-5.95853e-05,-5.469171e-05,-5.129704e-05,-4.300893e-05,-3.48409e-05,-2.477355e-05,-1.990295e-05,-9.072574e-06,-2.740123e-06,-7.028469e-07,-2.673883e-07,-2.409066e-07,NaN,NaN,NaN,NaN,NaN,NaN,NaN,NaN,NaN,NaN,NaN,NaN,NaN,NaN,NaN,NaN,NaN,NaN,NaN,NaN,NaN,NaN,NaN,NaN,NaN,NaN,NaN,NaN,NaN,NaN,NaN,NaN,NaN,NaN,NaN,NaN,NaN,NaN,NaN,NaN,NaN,NaN,NaN,NaN,NaN,NaN,NaN,NaN,NaN,NaN,NaN,NaN,NaN,NaN,NaN,NaN,NaN,NaN
NaN,NaN,NaN,NaN,NaN,NaN,1.037518e-05,-8.328399e-06,9.63296e-06,7.849558e-05,0.0002499147,0.0003994737,0.0004504198,0.0005516812,0.0005808646,0.000591615,0.0005858304,0.0005748736,0.00053984,0.0005064734,0.0004599937,0.0004150901,0.0003626565,0.0003145551,0.0002623276,0.0002158325,0.0001680073,0.0001267094,8.58756e-05,5.213571e-05,2.02839e-05,-4.433789e-06,-2.686877e-05,-4.240119e-05,-5.56383e-05,-6.258909e-05,-6.710825e-05,-6.709348e-05,-6.464848e-05,-5.760443e-05,-5.194339e-05,-4.281194e-05,-3.017515e-05,-2.10377e-05,-1.213587e-05,-2.291168e-06,-6.509999e-07,1.241293e-07,-5.318158e-07,NaN,NaN,NaN,NaN,NaN,NaN,NaN,NaN,NaN,NaN,NaN,NaN,NaN,NaN,NaN,NaN,NaN,NaN,NaN,NaN,NaN,NaN,NaN,NaN,NaN,NaN,NaN,NaN,NaN,NaN,NaN,NaN,NaN,NaN,NaN,NaN,NaN,NaN,NaN,NaN,NaN,NaN,NaN,NaN,NaN,NaN,NaN,NaN,NaN,NaN,NaN,NaN,NaN,NaN,NaN,NaN,NaN,NaN,NaN
NaN,NaN,NaN,NaN,NaN,NaN,NaN,-4.747044e-06,7.473619e-06,-5.039897e-06,3.665977e-05,0.0001610232,0.0002601774,0.000377128,0.0004322661,0.0004577718,0.0004735874,0.0004735106,0.0004547245,0.0004286756,0.0003944433,0.0003550103,0.0003124036,0.0002676397,0.0002231893,0.0001790978,0.0001377108,9.792706e-05,6.252041e-05,2.985349e-05,2.859351e-06,-2.104501e-05,-3.914028e-05,-5.394162e-05,-6.290693e-05,-6.920019e-05,-6.982812e-05,-6.894096e-05,-6.274784e-05,-5.480275e-05,-4.545353e-05,-3.582436e-05,-2.050605e-05,-1.024418e-05,-2.056876e-06,9.725633e-08,-2.389582e-07,-2.991633e-07,NaN,NaN,NaN,NaN,NaN,NaN,NaN,NaN,NaN,NaN,NaN,NaN,NaN,NaN,NaN,NaN,NaN,NaN,NaN,NaN,NaN,NaN,NaN,NaN,NaN,NaN,NaN,NaN,NaN,NaN,NaN,NaN,NaN,NaN,NaN,NaN,NaN,NaN,NaN,NaN,NaN,NaN,NaN,NaN,NaN,NaN,NaN,NaN,NaN,NaN,NaN,NaN,NaN,NaN,NaN,NaN,NaN,NaN,NaN,NaN
NaN,NaN,NaN,NaN,NaN,NaN,NaN,NaN,-6.809667e-06,9.157414e-06,-7.392989e-06,1.60153e-05,8.031004e-05,0.0001870986,0.0002916485,0.0003155681,0.000363824,0.0003720362,0.0003690055,0.0003515568,0.0003306143,0.0002965314,0.0002637009,0.000223633,0.0001864066,0.0001462446,0.0001102828,7.378192e-05,4.253775e-05,1.286752e-05,-1.075825e-05,-3.17568e-05,-4.706621e-05,-5.897607e-05,-6.580995e-05,-6.912922e-05,-6.735531e-05,-6.395645e-05,-5.640873e-05,-4.389127e-05,-3.521119e-05,-2.07634e-05,-6.590308e-06,-1.50115e-06,6.458326e-07,-7.121243e-07,2.626371e-07,NaN,NaN,NaN,NaN,NaN,NaN,NaN,NaN,NaN,NaN,NaN,NaN,NaN,NaN,NaN,NaN,NaN,NaN,NaN,NaN,NaN,NaN,NaN,NaN,NaN,NaN,NaN,NaN,NaN,NaN,NaN,NaN,NaN,NaN,NaN,NaN,NaN,NaN,NaN,NaN,NaN,NaN,NaN,NaN,NaN,NaN,NaN,NaN,NaN,NaN,NaN,NaN,NaN,NaN,NaN,NaN,NaN,NaN,NaN,NaN,NaN
NaN,NaN,NaN,NaN,NaN,NaN,NaN,NaN,NaN,NaN,-2.949617e-07,1.495418e-06,1.8751e-06,3.886411e-05,0.0001273262,0.0001923138,0.0002448138,0.000276206,0.0002807446,0.0002800252,0.0002645905,0.0002432138,0.0002152247,0.0001844241,0.0001507282,0.0001182175,8.502993e-05,5.461528e-05,2.560402e-05,1.034702e-06,-2.055158e-05,-3.717565e-05,-5.073522e-05,-5.877616e-05,-6.355126e-05,-6.370324e-05,-5.988382e-05,-5.351834e-05,-4.366946e-05,-2.975455e-05,-1.740579e-05,-4.462642e-06,-2.065358e-07,5.349215e-08,-2.213858e-07,NaN,NaN,NaN,NaN,NaN,NaN,NaN,NaN,NaN,NaN,NaN,NaN,NaN,NaN,NaN,NaN,NaN,NaN,NaN,NaN,NaN,NaN,NaN,NaN,NaN,NaN,NaN,NaN,NaN,NaN,NaN,NaN,NaN,NaN,NaN,NaN,NaN,NaN,NaN,NaN,NaN,NaN,NaN,NaN,NaN,NaN,NaN,NaN,NaN,NaN,NaN,NaN,NaN,NaN,NaN,NaN,NaN,NaN,NaN,NaN,NaN,NaN,NaN
NaN,NaN,NaN,NaN,NaN,NaN,NaN,NaN,NaN,NaN,NaN,-4.280291e-06,6.113173e-06,-3.571486e-06,1.880985e-05,6.93438e-05,0.0001280876,0.0001833712,0.0001937387,0.0002100727,0.0002025564,0.0001913743,0.0001701865,0.0001473543,0.0001190978,9.27904e-05,6.402875e-05,3.839901e-05,1.320104e-05,-7.521669e-06,-2.56224e-05,-3.897908e-05,-4.929833e-05,-5.456896e-05,-5.637039e-05,-5.433339e-05,-4.658209e-05,-3.943091e-05,-2.557236e-05,-1.121495e-05,-3.022992e-06,7.580372e-07,-8.011754e-07,5.477248e-07,NaN,NaN,NaN,NaN,NaN,NaN,NaN,NaN,NaN,NaN,NaN,NaN,NaN,NaN,NaN,NaN,NaN,NaN,NaN,NaN,NaN,NaN,NaN,NaN,NaN,NaN,NaN,NaN,NaN,NaN,NaN,NaN,NaN,NaN,NaN,NaN,NaN,NaN,NaN,NaN,NaN,NaN,NaN,NaN,NaN,NaN,NaN,NaN,NaN,NaN,NaN,NaN,NaN,NaN,NaN,NaN,NaN,NaN,NaN,NaN,NaN,NaN,NaN,NaN
NaN,NaN,NaN,NaN,NaN,NaN,NaN,NaN,NaN,NaN,NaN,NaN,-1.713222e-06,1.512025e-06,-1.022475e-07,5.722385e-06,3.460466e-05,8.220596e-05,0.000118271,0.0001385578,0.0001457751,0.0001402551,0.0001304913,0.0001116984,9.192582e-05,6.943689e-05,4.729617e-05,2.484507e-05,4.999173e-06,-1.290837e-05,-2.654424e-05,-3.720283e-05,-4.407248e-05,-4.654046e-05,-4.515917e-05,-4.035619e-05,-3.096681e-05,-1.946869e-05,-7.062574e-06,-1.015283e-06,2.550338e-07,-3.387501e-07,3.705215e-07,NaN,NaN,NaN,NaN,NaN,NaN,NaN,NaN,NaN,NaN,NaN,NaN,NaN,NaN,NaN,NaN,NaN,NaN,NaN,NaN,NaN,NaN,NaN,NaN,NaN,NaN,NaN,NaN,NaN,NaN,NaN,NaN,NaN,NaN,NaN,NaN,NaN,NaN,NaN,NaN,NaN,NaN,NaN,NaN,NaN,NaN,NaN,NaN,NaN,NaN,NaN,NaN,NaN,NaN,NaN,NaN,NaN,NaN,NaN,NaN,NaN,NaN,NaN,NaN,NaN
NaN,NaN,NaN,NaN,NaN,NaN,NaN,NaN,NaN,NaN,NaN,NaN,NaN,1.36476e-07,-1.995023e-06,3.256267e-06,1.705487e-07,1.573594e-05,4.457515e-05,7.150786e-05,9.249622e-05,9.311418e-05,9.280856e-05,8.005993e-05,6.732649e-05,4.999793e-05,3.305903e-05,1.507967e-05,-6.016658e-07,-1.457602e-05,-2.487195e-05,-3.173242e-05,-3.590347e-05,-3.467652e-05,-3.159482e-05,-2.276043e-05,-1.226243e-05,-3.996626e-06,1.944277e-07,-6.135678e-07,4.729353e-07,-1.115955e-07,NaN,NaN,NaN,NaN,NaN,NaN,NaN,NaN,NaN,NaN,NaN,NaN,NaN,NaN,NaN,NaN,NaN,NaN,NaN,NaN,NaN,NaN,NaN,NaN,NaN,NaN,NaN,NaN,NaN,NaN,NaN,NaN,NaN,NaN,NaN,NaN,NaN,NaN,NaN,NaN,NaN,NaN,NaN,NaN,NaN,NaN,NaN,NaN,NaN,NaN,NaN,NaN,NaN,NaN,NaN,NaN,NaN,NaN,NaN,NaN,NaN,NaN,NaN,NaN,NaN,NaN
NaN,NaN,NaN,NaN,NaN,NaN,NaN,NaN,NaN,NaN,NaN,NaN,NaN,NaN,1.074441e-07,-6.814311e-07,1.022626e-06,9.668806e-07,5.277577e-06,2.089613e-05,3.944148e-05,5.168642e-05,5.773166e-05,5.240288e-05,4.514111e-05,3.384876e-05,2.135416e-05,8.34278e-06,-3.534803e-06,-1.339015e-05,-2.042127e-05,-2.376196e-05,-2.509699e-05,-2.101056e-05,-1.444977e-05,-6.918403e-06,-1.412246e-06,-1.381472e-07,-1.809478e-07,2.247371e-07,1.302389e-08,NaN,NaN,NaN,NaN,NaN,NaN,NaN,NaN,NaN,NaN,NaN,NaN,NaN,NaN,NaN,NaN,NaN,NaN,NaN,NaN,NaN,NaN,NaN,NaN,NaN,NaN,NaN,NaN,NaN,NaN,NaN,NaN,NaN,NaN,NaN,NaN,NaN,NaN,NaN,NaN,NaN,NaN,NaN,NaN,NaN,NaN,NaN,NaN,NaN,NaN,NaN,NaN,NaN,NaN,NaN,NaN,NaN,NaN,NaN,NaN,NaN,NaN,NaN,NaN,NaN,NaN,NaN
NaN,NaN,NaN,NaN,NaN,NaN,NaN,NaN,NaN,NaN,NaN,NaN,NaN,NaN,NaN,6.860969e-07,-1.310027e-07,-5.426244e-07,1.608168e-06,1.794363e-06,7.735212e-06,1.802655e-05,2.545468e-05,2.811447e-05,2.622217e-05,2.040399e-05,1.23514e-05,3.927162e-06,-4.05886e-06,-1.016869e-05,-1.392394e-05,-1.413432e-05,-1.196857e-05,-7.63274e-06,-2.939152e-06,-4.495181e-07,-4.477424e-07,2.685874e-07,1.674586e-08,2.714415e-09,NaN,NaN,NaN,NaN,NaN,NaN,NaN,NaN,NaN,NaN,NaN,NaN,NaN,NaN,NaN,NaN,NaN,NaN,NaN,NaN,NaN,NaN,NaN,NaN,NaN,NaN,NaN,NaN,NaN,NaN,NaN,NaN,NaN,NaN,NaN,NaN,NaN,NaN,NaN,NaN,NaN,NaN,NaN,NaN,NaN,NaN,NaN,NaN,NaN,NaN,NaN,NaN,NaN,NaN,NaN,NaN,NaN,NaN,NaN,NaN,NaN,NaN,NaN,NaN,NaN,NaN,NaN,NaN
NaN,NaN,NaN,NaN,NaN,NaN,NaN,NaN,NaN,NaN,NaN,NaN,NaN,NaN,NaN,NaN,4.05846e-07,-1.006446e-07,-5.505209e-08,3.433416e-07,1.296457e-06,2.692344e-06,6.02719e-06,9.779361e-06,1.074601e-05,9.242584e-06,5.728999e-06,1.381486e-06,-2.660613e-06,-5.394252e-06,-6.230292e-06,-5.226546e-06,-2.877372e-06,-1.082124e-06,-4.195821e-07,-6.127742e-08,8.845403e-08,8.246239e-08,-5.317519e-08,NaN,NaN,NaN,NaN,NaN,NaN,NaN,NaN,NaN,NaN,NaN,NaN,NaN,NaN,NaN,NaN,NaN,NaN,NaN,NaN,NaN,NaN,NaN,NaN,NaN,NaN,NaN,NaN,NaN,NaN,NaN,NaN,NaN,NaN,NaN,NaN,NaN,NaN,NaN,NaN,NaN,NaN,NaN,NaN,NaN,NaN,NaN,NaN,NaN,NaN,NaN,NaN,NaN,NaN,NaN,NaN,NaN,NaN,NaN,NaN,NaN,NaN,NaN,NaN,NaN,NaN,NaN,NaN,NaN
NaN,NaN,NaN,NaN,NaN,NaN,NaN,NaN,NaN,NaN,NaN,NaN,NaN,NaN,NaN,NaN,NaN,-2.567856e-07,4.074822e-07,-1.068221e-07,3.190633e-08,6.395696e-07,1.078286e-06,1.914979e-06,2.48272e-06,2.650741e-06,1.773307e-06,3.827631e-07,-9.759834e-07,-1.596778e-06,-1.472885e-06,-9.497891e-07,-4.963201e-07,-2.028252e-07,2.904157e-08,1.036425e-07,-8.995379e-08,1.229415e-07,NaN,NaN,NaN,NaN,NaN,NaN,NaN,NaN,NaN,NaN,NaN,NaN,NaN,NaN,NaN,NaN,NaN,NaN,NaN,NaN,NaN,NaN,NaN,NaN,NaN,NaN,NaN,NaN,NaN,NaN,NaN,NaN,NaN,NaN,NaN,NaN,NaN,NaN,NaN,NaN,NaN,NaN,NaN,NaN,NaN,NaN,NaN,NaN,NaN,NaN,NaN,NaN,NaN,NaN,NaN,NaN,NaN,NaN,NaN,NaN,NaN,NaN,NaN,NaN,NaN,NaN,NaN,NaN,NaN,NaN
NaN,NaN,NaN,NaN,NaN,NaN,NaN,NaN,NaN,NaN,NaN,NaN,NaN,NaN,NaN,NaN,NaN,NaN,-8.359916e-08,3.652867e-08,1.564629e-07,2.911769e-08,1.421039e-07,4.411412e-07,5.852978e-07,6.04111e-07,4.186982e-07,1.010851e-07,-1.9932e-07,-3.403552e-07,-3.085846e-07,-2.023744e-07,-2.094251e-08,2.592575e-08,-1.264621e-08,1.0202e-08,6.755529e-08,NaN,NaN,NaN,NaN,NaN,NaN,NaN,NaN,NaN,NaN,NaN,NaN,NaN,NaN,NaN,NaN,NaN,NaN,NaN,NaN,NaN,NaN,NaN,NaN,NaN,NaN,NaN,NaN,NaN,NaN,NaN,NaN,NaN,NaN,NaN,NaN,NaN,NaN,NaN,NaN,NaN,NaN,NaN,NaN,NaN,NaN,NaN,NaN,NaN,NaN,NaN,NaN,NaN,NaN,NaN,NaN,NaN,NaN,NaN,NaN,NaN,NaN,NaN,NaN,NaN,NaN,NaN,NaN,NaN,NaN,NaN
NaN,NaN,NaN,NaN,NaN,NaN,NaN,NaN,NaN,NaN,NaN,NaN,NaN,NaN,NaN,NaN,NaN,NaN,NaN,-5.661603e-08,-5.723776e-08,1.002443e-07,7.368799e-08,1.001595e-07,9.784404e-08,1.506285e-07,9.431672e-08,4.832059e-08,-4.668143e-08,-4.299099e-08,-4.539935e-08,-4.874716e-09,-2.655783e-08,-5.388137e-09,3.49484e-08,5.296474e-08,NaN,NaN,NaN,NaN,NaN,NaN,NaN,NaN,NaN,NaN,NaN,NaN,NaN,NaN,NaN,NaN,NaN,NaN,NaN,NaN,NaN,NaN,NaN,NaN,NaN,NaN,NaN,NaN,NaN,NaN,NaN,NaN,NaN,NaN,NaN,NaN,NaN,NaN,NaN,NaN,NaN,NaN,NaN,NaN,NaN,NaN,NaN,NaN,NaN,NaN,NaN,NaN,NaN,NaN,NaN,NaN,NaN,NaN,NaN,NaN,NaN,NaN,NaN,NaN,NaN,NaN,NaN,NaN,NaN,NaN,NaN,NaN
NaN,NaN,NaN,NaN,NaN,NaN,NaN,NaN,NaN,NaN,NaN,NaN,NaN,NaN,NaN,NaN,NaN,NaN,NaN,1.861693e-08,6.396626e-08,-2.617032e-08,-9.893649e-09,4.340736e-08,6.166659e-08,4.699325e-08,3.712051e-08,1.185482e-08,-1.817901e-10,-1.915352e-08,-1.554084e-08,-1.62814e-08,2.686067e-08,1.919472e-08,-4.720345e-09,-3.552202e-09,NaN,NaN,NaN,NaN,NaN,NaN,NaN,NaN,NaN,NaN,NaN,NaN,NaN,NaN,NaN,NaN,NaN,NaN,NaN,NaN,NaN,NaN,NaN,NaN,NaN,NaN,NaN,NaN,NaN,NaN,NaN,NaN,NaN,NaN,NaN,NaN,NaN,NaN,NaN,NaN,NaN,NaN,NaN,NaN,NaN,NaN,NaN,NaN,NaN,NaN,NaN,NaN,NaN,NaN,NaN,NaN,NaN,NaN,NaN,NaN,NaN,NaN,NaN,NaN,NaN,NaN,NaN,NaN,NaN,NaN,NaN,NaN
NaN,NaN,NaN,NaN,NaN,NaN,NaN,NaN,NaN,NaN,NaN,NaN,NaN,NaN,NaN,NaN,NaN,NaN,NaN,NaN,-3.552275e-08,3.4113e-08,1.626301e-08,8.024366e-09,-5.796738e-09,1.327469e-08,2.669616e-09,1.102404e-08,-4.785347e-09,8.668145e-09,1.799316e-09,1.176117e-08,-1.134443e-08,-2.442923e-09,1.211036e-08,NaN,NaN,NaN,NaN,NaN,NaN,NaN,NaN,NaN,NaN,NaN,NaN,NaN,NaN,NaN,NaN,NaN,NaN,NaN,NaN,NaN,NaN,NaN,NaN,NaN,NaN,NaN,NaN,NaN,NaN,NaN,NaN,NaN,NaN,NaN,NaN,NaN,NaN,NaN,NaN,NaN,NaN,NaN,NaN,NaN,NaN,NaN,NaN,NaN,NaN,NaN,NaN,NaN,NaN,NaN,NaN,NaN,NaN,NaN,NaN,NaN,NaN,NaN,NaN,NaN,NaN,NaN,NaN,NaN,NaN,NaN,NaN,NaN
NaN,NaN,NaN,NaN,NaN,NaN,NaN,NaN,NaN,NaN,NaN,NaN,NaN,NaN,NaN,NaN,NaN,NaN,NaN,NaN,NaN,-1.66277e-08,-7.679317e-09,3.975308e-09,1.233189e-08,2.365037e-09,5.471912e-09,-1.691174e-09,3.206674e-09,-5.21092e-09,-1.389121e-09,-6.195137e-09,1.033993e-08,4.353892e-09,NaN,NaN,NaN,NaN,NaN,NaN,NaN,NaN,NaN,NaN,NaN,NaN,NaN,NaN,NaN,NaN,NaN,NaN,NaN,NaN,NaN,NaN,NaN,NaN,NaN,NaN,NaN,NaN,NaN,NaN,NaN,NaN,NaN,NaN,NaN,NaN,NaN,NaN,NaN,NaN,NaN,NaN,NaN,NaN,NaN,NaN,NaN,NaN,NaN,NaN,NaN,NaN,NaN,NaN,NaN,NaN,NaN,NaN,NaN,NaN,NaN,NaN,NaN,NaN,NaN,NaN,NaN,NaN,NaN,NaN,NaN,NaN,NaN,NaN
NaN,NaN,NaN,NaN,NaN,NaN,NaN,NaN,NaN,NaN,NaN,NaN,NaN,NaN,NaN,NaN,NaN,NaN,NaN,NaN,NaN,8.974029e-09,3.98208e-09,-4.676078e-10,-4.991863e-09,4.207921e-10,-1.913506e-09,1.776249e-09,-1.600839e-09,2.889073e-09,5.786103e-10,3.416657e-09,-4.730581e-09,-1.469622e-09,NaN,NaN,NaN,NaN,NaN,NaN,NaN,NaN,NaN,NaN,NaN,NaN,NaN,NaN,NaN,NaN,NaN,NaN,NaN,NaN,NaN,NaN,NaN,NaN,NaN,NaN,NaN,NaN,NaN,NaN,NaN,NaN,NaN,NaN,NaN,NaN,NaN,NaN,NaN,NaN,NaN,NaN,NaN,NaN,NaN,NaN,NaN,NaN,NaN,NaN,NaN,NaN,NaN,NaN,NaN,NaN,NaN,NaN,NaN,NaN,NaN,NaN,NaN,NaN,NaN,NaN,NaN,NaN,NaN,NaN,NaN,NaN,NaN,NaN
NaN,NaN,NaN,NaN,NaN,NaN,NaN,NaN,NaN,NaN,NaN,NaN,NaN,NaN,NaN,NaN,NaN,NaN,NaN,NaN,NaN,-3.485331e-11,3.519777e-11,-9.968194e-12,-7.218173e-11,-5.518557e-11,2.815906e-11,5.785936e-11,5.882925e-11,1.555816e-11,-8.669582e-11,-2.655308e-11,8.237157e-11,-2.205281e-11,NaN,NaN,NaN,NaN,NaN,NaN,NaN,NaN,NaN,NaN,NaN,NaN,NaN,NaN,NaN,NaN,NaN,NaN,NaN,NaN,NaN,NaN,NaN,NaN,NaN,NaN,NaN,NaN,NaN,NaN,NaN,NaN,NaN,NaN,NaN,NaN,NaN,NaN,NaN,NaN,NaN,NaN,NaN,NaN,NaN,NaN,NaN,NaN,NaN,NaN,NaN,NaN,NaN,NaN,NaN,NaN,NaN,NaN,NaN,NaN,NaN,NaN,NaN,NaN,NaN,NaN,NaN,NaN,NaN,NaN,NaN,NaN,NaN,NaN
